t,dr_x,dr_y
1790036456.5322962,0.0,0.0
1790036456.5331116,3.286020805815233e-09,1.4717412748030829e-08
1790036456.5335622,6.106539444028834e-09,2.7349936829631988e-08
1790036456.5366747,7.372425777450355e-08,3.291368479552417e-07
1790036456.5370345,8.218316161304654e-08,3.668859894114791e-07
1790036456.5375435,9.544147719532382e-08,4.2603596160909894e-07
1790036456.5382442,1.161375625661719e-07,5.183629008781103e-07
1790036456.538569,1.2625368104679176e-07,5.6349069225609e-07
1790036456.6574817,7.424256930452911e-05,0.0003310619158922306
1790036456.9110756,0.0005519195850248451,0.0024630044672126934
1790036457.156505,0.001311782385458612,0.0058604436510130385
1790036457.4121218,0.0024201972343806887,0.010847190461886223
1790036457.7949016,0.004782034463126469,0.02155962865771746
1790036457.795323,0.0047846347400648526,0.021571422645755275
1790036457.79589,0.004788137165069536,0.021587308605579537
1790036457.7963564,0.004791017876889492,0.02160037476613339
1790036457.796718,0.004793251199535524,0.021610504601880933
1790036457.7971616,0.004795993705320715,0.02162294406448801
1790036457.7975895,0.004798639825276435,0.021634946413673473
1790036457.7984078,0.004803702351495045,0.02165790943224855
1790036457.8094149,0.004872383765751923,0.021969484496950714
1790036457.8297546,0.00500127880014002,0.02255438270313477
1790036457.8494818,0.005128155371742262,0.023130275213805274
1790036457.869684,0.005260039398648175,0.023729064973408077
1790036457.8907754,0.00539986301576671,0.024364066453123487
1790036457.933751,0.005693628262538788,0.025698866405997618
1790036457.934998,0.005702159255743613,0.02573762978165087
1790036457.9535446,0.005830698356841531,0.026321808823570082
1790036457.9741518,0.005975558404797568,0.02698029515844051
1790036457.994073,0.00611749263937662,0.027625637102929566
1790036458.0141065,0.006262146723969954,0.028283507638261495
1790036458.028788,0.006369184341889936,0.028770396823530855
1790036458.0492191,0.006520130848448189,0.029457193354350264
1790036458.0691094,0.006668971372485079,0.030134572877000408
1790036458.090763,0.006833244666562073,0.030882390471393212
1790036458.1123426,0.006999176977754123,0.03163796376824342
1790036458.133845,0.007166722622486072,0.032401066545570824
1790036458.1618068,0.007388321517937539,0.03341068015620342
1790036458.1706848,0.007459056044829356,0.03373297665006176
1790036458.1879835,0.007598306979458299,0.03436755604783982
1790036458.212159,0.007795707621777003,0.035267273913159404
1790036458.2289789,0.007934400005885951,0.035899481403357
1790036458.2519112,0.008126008873661458,0.036773019574125584
1790036458.2698443,0.008277384872896865,0.037463219743466364
1790036458.2879467,0.00843175709753523,0.03816716752884549
1790036458.3107862,0.008629024227249605,0.03906685384211876
1790036458.3281558,0.008780493370355899,0.03975772262934527
1790036458.351496,0.008986642104291405,0.04069808414917645
1790036458.369154,0.00914409405178269,0.04141637851473645
1790036458.3917148,0.009347701509049738,0.0423453138074332
1790036458.410032,0.009514619501902886,0.0431069040989527
1790036458.4272676,0.009673101333940504,0.04383004849714377
1790036458.451099,0.00989496205359321,0.04484242993459118
1790036458.471232,0.010084339604966071,0.0457066303905368
1790036458.490764,0.01026989833226038,0.046553448737099226
1790036458.5115414,0.010469364008885268,0.04746379993750066
1790036458.5310636,0.010658605849570535,0.04832755365139086
1790036458.550946,0.010853230639239953,0.049215955458863245
1790036458.570379,0.01104526384376037,0.050092589182596056
1790036458.5904503,0.0112455362951907,0.05100687752476435
1790036458.6108165,0.011450732559937797,0.05194372840448712
1790036458.630921,0.011655218115797686,0.05287743310195667
1790036458.6703222,0.012063385693835346,0.05474153054799652
1790036458.674085,0.012102432178481537,0.054919859094530024
1790036458.6912267,0.012281717290130627,0.055738747471406835
1790036458.712266,0.012503879235674992,0.05675360140758666
1790036458.7323248,0.012717605745787963,0.057730044398388254
1790036458.7520072,0.012929166633386344,0.05869670692222932
1790036458.7718985,0.013144852147623143,0.05968234988895947
1790036458.7925613,0.013370940210430152,0.06071562824021045
1790036458.8133893,0.013600898744789163,0.061766725452271694
1790036458.832791,0.013816898141620458,0.06275413758497092
1790036458.852465,0.014037763245384456,0.06376392399545343
1790036458.8726482,0.01426628537988204,0.06480884435508849
1790036458.8932862,0.014501975071333481,0.06588671050066978
1790036458.9219208,0.01483286678266696,0.0674003394963633
1790036458.934404,0.014977853375319055,0.06806363813125328
1790036458.9536269,0.015202865584131005,0.06909320482707305
1790036458.9743457,0.01544740636357776,0.07021233693357902
1790036458.994684,0.0156893949753154,0.07132002131572815
1790036459.014819,0.015930866865029505,0.07242554758811638
1790036459.033788,0.01616004521722927,0.07347497719343477
1790036459.0541997,0.016408608103473193,0.07461338887903146
1790036459.0742705,0.016654907596270044,0.07574166687696027
1790036459.0944602,0.016904577118903516,0.0768856373527117
1790036459.1148355,0.01715848681724894,0.07804930170433191
1790036459.1351843,0.017414010560127223,0.07922059946498217
1790036459.168493,0.017837487270032832,0.08116235411143445
1790036459.1739874,0.01790748242461626,0.0814833165711178
1790036459.194651,0.01817272553644325,0.0826998248708194
1790036459.215327,0.018440131907603068,0.0839265023931143
1790036459.2340004,0.018683264187603597,0.08504204659921688
1790036459.2537444,0.018942150558678216,0.08623013689020584
1790036459.2745922,0.019217535880856396,0.08749424922652238
1790036459.2942038,0.019478384605747124,0.08869190627754879
1790036459.313821,0.01974110086877012,0.08989842569731125
1790036459.334055,0.020013981531089783,0.09115190587452562
1790036459.3538604,0.02028290966757548,0.09238750111002933
1790036459.3742692,0.02056197513556197,0.09366992138530905
1790036459.3943706,0.020838722016403483,0.09494191183017597
1790036459.4235651,0.021244640962694687,0.09680805660611354
1790036459.4291673,0.021322678936406263,0.09716683942210244
1790036459.4488034,0.02159801385180868,0.09843290426483108
1790036459.46913,0.021884964516424594,0.09975258687060666
1790036459.4914677,0.02220263822312806,0.101213842657574
1790036459.5115738,0.022490465911180563,0.10253803638697177
1790036459.5346377,0.022823123841563177,0.10406875242686232
1790036459.5520513,0.023075702459887614,0.10523113846272861
1790036459.5725975,0.023375691384788906,0.10661191136902358
1790036459.5931485,0.02367772589427249,0.10800228694178367
1790036459.61423,0.023989642911674644,0.10943831339448351
1790036459.634675,0.024294102709080816,0.11084017432246913
1790036459.6747246,0.024898003887257394,0.11362150669486959
1790036459.6778705,0.02494548730890609,0.11384020105476739
1790036459.6925757,0.02516845729793077,0.11486722009463163
1790036459.714228,0.025498965760027668,0.11638976071085161
1790036459.7326882,0.02578235648083665,0.11769536585670362
1790036459.7541778,0.026114432851892706,0.11922539599848965
1790036459.7738864,0.026420817615310566,0.12063717362920119
1790036459.79361,0.026729271706926266,0.12205858109662646
1790036459.8142042,0.02705334786648247,0.1235520424378232
1790036459.8336887,0.027361756375783693,0.12497338353173204
1790036459.8540776,0.02768644077318167,0.12646983948698864
1790036459.8742795,0.02801007496720109,0.1279615635927052
1790036459.8947687,0.02834029557036774,0.12948376382391308
1790036459.9230597,0.028800030975432624,0.13160326459705435
1790036459.929554,0.028905763413192887,0.13209073292022522
1790036459.954904,0.029321520340123166,0.13400770007061844
1790036459.9740365,0.029637031686501492,0.13546254749053255
1790036459.994162,0.029970834102095566,0.13700183621839135
1790036460.010408,0.03024152821749662,0.1382501948869562
1790036460.030653,0.030580783550221032,0.13981488642850481
1790036460.0518668,0.030938385296482723,0.14146436295103948
1790036460.0711892,0.03126586036630845,0.14297501108749036
1790036460.0904148,0.03159343312131241,0.14448625612900337
1790036460.1121411,0.0319658371275043,0.14620450694079248
1790036460.1338367,0.032339927872273216,0.14793071248462933
1790036460.174206,0.033043639502667234,0.15117858243469665
1790036460.1776042,0.033102930122649164,0.1514522332594433
1790036460.193615,0.033383481805369784,0.15274718679992463
1790036460.214265,0.03374732616663261,0.15442673853702807
1790036460.2348125,0.03411133755830555,0.1561072040419914
1790036460.254575,0.03446327640103461,0.1577320560019515
1790036460.2747064,0.0348236891941317,0.15939614437992447
1790036460.2948186,0.03518566258753498,0.1610675596247365
1790036460.3106277,0.03547136014622488,0.16238685624083454
1790036460.332153,0.035862532492839674,0.1641933690213234
1790036460.3524806,0.03623387647935364,0.16590842505178766
1790036460.3718455,0.03658939154381087,0.16755047173769547
1790036460.3891418,0.03690833273995006,0.16902367348684733
1790036460.412459,0.0373408489285244,0.17102160032805902
1790036460.429528,0.037658832791817136,0.17249055333043814
1790036460.4523325,0.03808609768396751,0.17446448846658857
1790036460.4704027,0.03842618906336224,0.17603579238502434
1790036460.488719,0.03877247988050573,0.17763585996966352
1790036460.5111766,0.03919942979269256,0.17960879210376954
1790036460.5295403,0.03955013069269106,0.18122947724433805
1790036460.552693,0.03999479377636183,0.1832845639648874
1790036460.5708618,0.040345290578641876,0.18490452282008452
1790036460.5891814,0.04070027592744968,0.18654526947840033
1790036460.6113403,0.041131972151215834,0.18854062698632099
1790036460.6287303,0.04147218851285705,0.1901131812146741
1790036460.655018,0.04198973480201006,0.19250550806015038
1790036460.6697123,0.042280047117575284,0.19384749950211075
1790036460.6927342,0.04273738207863302,0.1959616741122747
1790036460.710544,0.04309266765563741,0.1976041613683593
1790036460.733936,0.04356188612888888,0.19977343216890298
1790036460.7545033,0.043976442485420264,0.2016900003243922
1790036460.775284,0.04439734704038339,0.2036359179375701
1790036460.795303,0.04480471931458819,0.20551926566935325
1790036460.8150604,0.045208615935309546,0.2073865260115454
1790036460.8352308,0.0456228826632127,0.2093017481701936
1790036460.8499968,0.045927181434138764,0.21070858922196006
1790036460.8698337,0.04633784071844266,0.21260720843902653
1790036460.8895264,0.04674734424056243,0.21450055147995342
1790036460.9158783,0.04729860276736699,0.2170494432031599
1790036460.9311025,0.047618173612460464,0.21852710553518312
1790036460.9512792,0.048043613973142635,0.22049439539815002
1790036460.9705718,0.04845216623285517,0.2223836624195385
1790036460.991098,0.048888829533318356,0.22440297958924862
1790036461.0106468,0.04930650761909944,0.22633454572640865
1790036461.0320804,0.04976662435295033,0.22846243127132299
1790036461.0523815,0.050204381215705425,0.2304869484774596
1790036461.0725265,0.050640693202212046,0.23250482999859415
1790036461.0911188,0.051045015357598984,0.23437481657410641
1790036461.1085498,0.051425520439042346,0.23613470542073692
1790036461.1320517,0.051941162373491376,0.23851969862953704
1790036461.16164,0.05259448633047331,0.24154159801022757
1790036461.1695702,0.05276989002222287,0.24235291525393665
1790036461.190114,0.05322629201484602,0.24446395232921156
1790036461.2142518,0.053765313567563644,0.24695709096917395
1790036461.2314718,0.05415126432123288,0.24874223141335128
1790036461.2509985,0.054590725700295266,0.25077488549558835
1790036461.2708952,0.055040398691676755,0.2528547777143239
1790036461.2917292,0.05551332019865464,0.25504221461135423
1790036461.311317,0.05595977732946238,0.257107272338414
1790036461.33213,0.05643622218889011,0.2593110500245406
1790036461.3515737,0.05688312021734674,0.2613781739464879
1790036461.37214,0.05735782889039852,0.26357393961567815
1790036461.392921,0.057839553213373994,0.2658021357408906
1790036461.4193146,0.05845470082663974,0.2686474388873994
1790036461.4329195,0.058772666973146655,0.27011815211750545
1790036461.4518645,0.059217152933543585,0.2721740468020666
1790036461.4722114,0.05969650618303619,0.2743912046684237
1790036461.492839,0.060184507614769074,0.27664836747725063
1790036461.5161698,0.06073904756142674,0.2792133284889904
1790036461.5347614,0.061182588421046895,0.2812649098669371
1790036461.5543594,0.061651962681740474,0.2834360153725237
1790036461.5745652,0.06213783184264451,0.28568345389579874
1790036461.5946534,0.06262278796403613,0.2879267229498273
1790036461.6141462,0.06309517772213613,0.2901118921760061
1790036461.634936,0.06360105806345796,0.29245198697161673
1790036461.677039,0.06463398839801539,0.29723018030629517
1790036461.6794257,0.06469257244057343,0.2975011820594821
1790036461.6955633,0.06508991138095373,0.2993392378301512
1790036461.7141442,0.0655490565328062,0.3014632319805307
1790036461.736154,0.06609525385385015,0.30398991546077264
1790036461.7501884,0.06644447207756872,0.3056053808210384
1790036461.7697036,0.06693190195977744,0.30786018794653347
1790036461.7921524,0.06749501723764204,0.31046509311827747
1790036461.8108313,0.06796523513766721,0.3126402771180259
1790036461.8357246,0.06859485155362394,0.31555285983379044
1790036461.851101,0.0689848891225794,0.31735717565902355
1790036461.8701458,0.06946971566365118,0.3196000236673942
1790036461.8927562,0.0700477487392348,0.3222741414629784
1790036461.923122,0.07082845507638358,0.3258859856748187
1790036461.9311092,0.07103411354112947,0.3268374457077338
1790036461.9503295,0.07153077287132355,0.3291352014338995
1790036461.9696095,0.07203075520749835,0.33144831248608275
1790036461.993222,0.07264577330019037,0.33429355317713966
1790036462.0107126,0.07310281096067872,0.33640788997951876
1790036462.030946,0.07363349359452474,0.3388628376699172
1790036462.0504467,0.074146799753197,0.3412373062085167
1790036462.0703783,0.07467337288239592,0.3436730341583772
1790036462.092138,0.07525054285202032,0.34634267743681896
1790036462.112156,0.07578345464700816,0.3488074960912476
1790036462.1310103,0.07628711140170237,0.35113692240307726
1790036462.169614,0.07732555023584066,0.3559392906140223
1790036462.1722276,0.07739588744523351,0.3562645703001902
1790036462.1912107,0.07790851267386824,0.3586351508200714
1790036462.2106907,0.0784363873255265,0.3610761557372288
1790036462.2315133,0.0790027348611735,0.363694954727405
1790036462.2517128,0.07955410300894178,0.36624440453268825
1790036462.2706478,0.08007267915283103,0.3686421651355706
1790036462.2906637,0.08062279067945083,0.3711856667361497
1790036462.3122263,0.08121765246343167,0.37393597377963933
1790036462.332626,0.08178243970831053,0.3765471536313423
1790036462.3529935,0.08234832215113702,0.3791633277873458
1790036462.373621,0.08292347568692307,0.3818222915298584
1790036462.3936477,0.08348380136078234,0.38441264759965643
1790036462.4239068,0.0843348249103867,0.3883466964581279
1790036462.4352968,0.08465578560081295,0.3898303876521822
1790036462.4542775,0.08519237884203763,0.39231081361150955
1790036462.4742754,0.08575964637666698,0.3949329733842965
1790036462.4943128,0.08632996810425794,0.3975691915797632
1790036462.5144482,0.08690502699034842,0.4002272646840268
1790036462.529775,0.08734388390372302,0.40225573388381425
1790036462.5506215,0.0879428847352241,0.4050243388984211
1790036462.5700495,0.08850293591414443,0.407612865242994
1790036462.592129,0.08914175763715544,0.41056540232866057
1790036462.6102345,0.08966717658647079,0.4129937425743741
1790036462.6309452,0.0902702543732021,0.4157809425709963
1790036462.6674554,0.09133980103418678,0.4207237779653018
1790036462.6704595,0.09142784717109408,0.4211306752543931
1790036462.6928086,0.09208527042500109,0.42416887076406473
1790036462.7160294,0.09277091975656364,0.427337479705132
1790036462.73056,0.09320098155498421,0.42932492588959537
1790036462.7511828,0.09381338311979298,0.43215499224876924
1790036462.770495,0.09438864990180416,0.43481341665315976
1790036462.79094,0.09499966292783488,0.43763700059697214
1790036462.81102,0.09560169230751808,0.44041901779120796
1790036462.8313148,0.09621214488433052,0.44323989340611186
1790036462.851686,0.09682688433348394,0.44608051282168415
1790036462.8719313,0.09743979664346014,0.44891261677970684
1790036462.8914125,0.09803140517691024,0.4516462079405498
1790036462.91878,0.09886610604136635,0.45550294852661743
1790036462.9323325,0.09928033194408226,0.45741685321096065
1790036462.952972,0.09991321813833137,0.4603409727764339
1790036462.9729784,0.10052861380762,0.4631842179616921
1790036462.9935253,0.10116266838819517,0.46611357151889243
1790036463.0153365,0.1018380288934713,0.4692336509335313
1790036463.035647,0.10246890638142499,0.4721481124338864
1790036463.055078,0.1030742996740054,0.47494471413159484
1790036463.075757,0.10372064101007847,0.477930344255819
1790036463.090844,0.10419330102413633,0.48011361433281446
1790036463.1115346,0.10484361077628285,0.48311728096875517
1790036463.1338155,0.105546329689361,0.4863627546310166
1790036463.1720986,0.10676089273693355,0.491971429225437
1790036463.1753466,0.10686398897338789,0.49244750691278605
1790036463.1925256,0.10741071669248224,0.49497204153812535
1790036463.212758,0.10805661367021177,0.49795429092444066
1790036463.2347348,0.10876055154805106,0.5012042695118616
1790036463.2545254,0.10939638212436448,0.5041395949088274
1790036463.2748694,0.1100520166983127,0.5071661296594892
1790036463.2946842,0.11069251070202209,0.5101225995013154
1790036463.3154883,0.11136709632704384,0.5132362704502894
1790036463.3354723,0.11201704042841447,0.5162360136586163
1790036463.3553648,0.11266594465521013,0.5192307467792153
1790036463.3750246,0.11330914885094477,0.5221989748671202
1790036463.3946607,0.1139534622501389,0.5251721466029706
1790036463.4245212,0.11493762126279326,0.5297130798869165
1790036463.4361272,0.11532079741059559,0.5314809889157928
1790036463.4502811,0.11578907912559289,0.5336414424926244
1790036463.4696918,0.11643312225821995,0.5366125866927045
1790036463.489616,0.11709615817189752,0.5396711155278916
1790036463.5111434,0.11781482763864207,0.5429860229290665
1790036463.5316389,0.11850110199369004,0.546151276728825
1790036463.5521393,0.11918960891220917,0.5493265764631543
1790036463.5711808,0.11983089958513614,0.5522839041232904
1790036463.5918307,0.12052845560326247,0.5555004247288887
1790036463.6138318,0.1212740358689747,0.558938070264369
1790036463.6327655,0.1219174412306391,0.5619043580060294
1790036463.6689243,0.12315265016401204,0.5675980633152501
1790036463.672818,0.12328573352975848,0.5682115015922536
1790036463.6918814,0.12393911848322633,0.5712229849782434
1790036463.712001,0.12463070620085007,0.5744102734226655
1790036463.7336953,0.1253787405212682,0.5778573920120165
1790036463.7546985,0.126105129563869,0.5812044618536955
1790036463.773726,0.12676497347423824,0.5842446617328201
1790036463.7923,0.12741079510336054,0.5872200190917379
1790036463.8126044,0.1281188159550405,0.5904816744190835
1790036463.833523,0.1288504003107817,0.5938516375142093
1790036463.8547628,0.12959542969847226,0.597283293246949
1790036463.874903,0.13030387609843827,0.600546257352428
1790036463.894677,0.13100135557416576,0.6037585470225024
1790036463.9219632,0.131967458709578,0.6082077014834063
1790036463.935979,0.13246465999622453,0.6104973660574544
1790036463.9507382,0.1329893047310313,0.6129133256394748
1790036463.9691756,0.13364635119341178,0.6159388609936762
1790036463.994599,0.13455551326777973,0.6201250777392019
1790036464.014672,0.135275299701396,0.6234391641523056
1790036464.035549,0.1360260460057159,0.6268955989747771
1790036464.0554562,0.13674385806401695,0.6302002404405482
1790036464.0757203,0.1374765418584,0.6335731974601537
1790036464.0941625,0.1381450039091506,0.6366504078252807
1790036464.1122377,0.13880175184889817,0.6396736231912125
1790036464.1332147,0.13956607593701748,0.6431919127286793
1790036464.1774542,0.14118755309857306,0.6506550512239623
1790036464.1812232,0.14132576160199783,0.6512911761162846
1790036464.1932628,0.1417679695887951,0.6533264520450845
1790036464.2111645,0.14242704455498628,0.6563597531968312
1790036464.2312434,0.14316824489416438,0.6597708754064643
1790036464.251098,0.14390309245575456,0.6631525918496933
1790036464.2714424,0.1446580995317508,0.6666269197439515
1790036464.2938025,0.14549035167314786,0.6704565381137008
1790036464.3145368,0.14626419651331365,0.6740172398792303
1790036464.334942,0.14702780194823425,0.6775306600677565
1790036464.3509622,0.14762855983882217,0.6802947039925566
1790036464.3703992,0.14835930944188655,0.6836566667367083
1790036464.391646,0.14916030494765595,0.6873416136564927
1790036464.4221025,0.15031305900327524,0.6926444149770193
1790036464.43008,0.15061531233504016,0.6940347869097337
1790036464.4511423,0.15141551682732268,0.6977155092577462
1790036464.471021,0.1521726972056346,0.701198133058688
1790036464.4920526,0.15297597329296495,0.7048925807024511
1790036464.511103,0.15370536114592184,0.7082470624178993
1790036464.5314689,0.15448716339185722,0.7118424032861773
1790036464.551921,0.1552743377565782,0.7154622155660825
1790036464.5717683,0.15604019013097614,0.7189837439253356
1790036464.5920637,0.15682536746502204,0.7225938785927924
1790036464.61279,0.15762933995734257,0.7262901990092908
1790036464.6327214,0.15840443220886005,0.7298535118101049
1790036464.6723692,0.15995401784282415,0.7369765651429949
1790036464.6756315,0.16008157257232766,0.737562896968401
1790036464.69327,0.16077276916876437,0.7407399851824151
1790036464.7132862,0.1615591157090649,0.744354273761121
1790036464.733787,0.16236656566482488,0.7480654216922794
1790036464.7544358,0.16318193566830425,0.7518127910151301
1790036464.7740676,0.16395905073880104,0.7553841723737617
1790036464.7950044,0.16478997492862196,0.759202662411791
1790036464.8149111,0.1655819661830884,0.7628420962499042
1790036464.835457,0.16640146046697804,0.7666077581519698
1790036464.8506622,0.1670090695883624,0.7693996896592781
1790036464.870361,0.16779816101554518,0.7730253756388897
1790036464.890257,0.16859709019433267,0.7766961286241096
1790036464.92054,0.16981764060827634,0.7823038072222194
1790036464.9313602,0.17025431738565952,0.7843100343153653
1790036464.9525657,0.17111233165377823,0.7882518796372777
1790036464.972221,0.17190952624620787,0.791914174978874
1790036464.9938316,0.17278833851405384,0.7959512458287935
1790036465.0136304,0.17359539951657224,0.7996585579426824
1790036465.0346968,0.17445632298766137,0.8036131412773585
1790036465.0559058,0.17532529224910942,0.8076045282417714
1790036465.0753748,0.17612483905177254,0.8112769346630776
1790036465.0905902,0.17675083989451223,0.814152169230316
1790036465.1115408,0.17761496697019366,0.8181210012546932
1790036465.1311278,0.17842475715934858,0.8218401208831728
1790036465.170764,0.18007122634633008,0.8294012497557035
1790036465.1744938,0.1802262305729109,0.8301130747078912
1790036465.1915057,0.18093464553716032,0.8333662151235075
1790036465.2112987,0.18176081145109835,0.8371599558040145
1790036465.2323952,0.18264357729032257,0.8412134810239318
1790036465.251261,0.18343475333624162,0.844846378434379
1790036465.2710388,0.18426609542222613,0.8486636595514698
1790036465.2915244,0.18512926012751374,0.852626992454591
1790036465.3108864,0.18594693244332489,0.8563813548498793
1790036465.331436,0.18681684037282068,0.8603754724331426
1790036465.3516722,0.1876755090974535,0.8643178929527905
1790036465.3714569,0.18851694823451312,0.8681811254592456
1790036465.3913398,0.18936451390153874,0.8720724105262844
1790036465.4232311,0.19072897439954672,0.8783366867609613
1790036465.4317703,0.19109468141134522,0.8800156403995404
1790036465.4517567,0.19195260874011627,0.8839542822188796
1790036465.471675,0.19280956672609853,0.887888406373
1790036465.4931693,0.19373661626844155,0.8921442494641203
1790036465.512509,0.19457258458984125,0.8959819129149653
1790036465.533761,0.19549343672285158,0.9002091703129508
1790036465.5545385,0.19639586936655495,0.9043517686027785
1790036465.5744822,0.19726405951168904,0.9083370842026277
1790036465.5941634,0.19812274317374642,0.9122786638068839
1790036465.6138537,0.198983742060351,0.9162307882021001
1790036465.635918,0.19995095105234947,0.9206703745284316
1790036465.6747043,0.20165862507057059,0.9285087028216743
1790036465.6775014,0.20178181458658528,0.9290741498963426
1790036465.6931531,0.20247234886045895,0.9322437373982609
1790036465.713566,0.20337500423824967,0.9363869558990374
1790036465.7343931,0.20429811778403095,0.9406240600542533
1790036465.7559986,0.20525803949808955,0.9450301131691596
1790036465.7761593,0.20615577637851357,0.9491507270951253
1790036465.795458,0.2070169804393082,0.9531036299078129
1790036465.817757,0.2080145272904995,0.9576822970069572
1790036465.831457,0.20862833469728004,0.9604996111755538
1790036465.8516471,0.20953495184616844,0.9646608619034118
1790036465.8714695,0.21042700405285283,0.9687552346642587
1790036465.8950057,0.21148893625587092,0.9736293452238806
1790036465.928264,0.21299499776821312,0.9805419782468462
1790036465.933189,0.2132181423079777,0.9815661828658302
1790036465.9547226,0.21419610433270672,0.9860549119127314
1790036465.9761682,0.21517234324280327,0.990535741548367
1790036465.994254,0.21599727627960005,0.9943220873138682
1790036466.010507,0.21673992278211415,0.9977307267930141
1790036466.032001,0.21772434556657308,1.0022490578621353
1790036466.0506845,0.21858178336367393,1.0061845624543393
1790036466.074333,0.21966985850046994,1.0111787133151682
1790036466.0945694,0.22060297407189405,1.015461702484462
1790036466.1161609,0.22160087912710386,1.0200421630346463
1790036466.132393,0.22235239085234365,1.0234917093003097
1790036466.1717415,0.2241818147388851,1.0318893938303093
1790036466.1744,0.22430545548867584,1.0324569492042437
1790036466.192958,0.22517021606662171,1.0364265920923728
1790036466.2189178,0.22638321438227635,1.0419949541502476
1790036466.2340612,0.22709194156885443,1.0452484759560445
1790036466.2539568,0.22802503363154944,1.0495320858439463
1790036466.2743864,0.22898523857046074,1.0539402807369576
1790036466.294696,0.22994185054091537,1.0583321140357613
1790036466.3154917,0.23092349066985102,1.0628389986280196
1790036466.335626,0.2318759190497057,1.0672118982793042
1790036466.350074,0.23256040885797605,1.0703546733999971
1790036466.3700335,0.23350797693435907,1.074705452984275
1790036466.3926048,0.23458207813037973,1.079637321399676
1790036466.422603,0.23601407920212555,1.0862126994789936
1790036466.431685,0.23644803634975675,1.0882053343804958
1790036466.4516644,0.2374046799582572,1.0925981069579092
1790036466.4703598,0.23830158167028284,1.096716625924432
1790036466.4929771,0.23938919177028792,1.1017109916524932
1790036466.5123088,0.24032066797175888,1.1059884788473866
1790036466.532138,0.24127807698339454,1.1103851717442126
1790036466.5512176,0.24220109736467332,1.114624035034286
1790036466.5717292,0.243195500728745,1.1191908226104166
1790036466.592781,0.2442183044145179,1.1238881572068924
1790036466.611514,0.24513019596808786,1.1280762080843665
1790036466.6318314,0.24612126253778555,1.132628011480275
1790036466.6706092,0.24802030414593332,1.1413504480943646
1790036466.6746,0.2482158150510779,1.142248449235978
1790036466.692776,0.24910795085620932,1.146346230086287
1790036466.7127063,0.25008817525980687,1.1508487532219136
1790036466.7343478,0.2511548952851157,1.155748735705752
1790036466.7546144,0.252155895837755,1.160346956252964
1790036466.7759027,0.25320963045698164,1.1651875626748827
1790036466.7957473,0.25419386119271886,1.1697090224558366
1790036466.815072,0.255154177022781,1.1741207497859736
1790036466.8358965,0.25619117895849536,1.1788849381310704
1790036466.8556013,0.25717436530095544,1.183402036038077
1790036466.8742836,0.2581082740599784,1.18769286904726
1790036466.8950553,0.259148792445929,1.1924736997455976
1790036466.9222927,0.2605169038923759,1.1987600317106513
1790036466.9358177,0.26119716686649846,1.2018858501747227
1790036466.9563873,0.2622338644961792,1.2066496570348628
1790036466.976189,0.26323381946224556,1.2112447770908956
1790036466.996504,0.26426177314131355,1.215968718655435
1790036467.01635,0.2652679559824589,1.220592767045525
1790036467.0365329,0.2662932565958781,1.2253048431194196
1790036467.0566385,0.2673166553026521,1.230008358073138
1790036467.0758512,0.2682964523133691,1.2345116554670372
1790036467.0958264,0.2693171333441497,1.2392030474422795
1790036467.1167316,0.2703875315253373,1.2441231531080237
1790036467.135882,0.2713699099631159,1.2486388379845232
1790036467.170839,0.2731692777298296,1.256910571486251
1790036467.176017,0.27343594174949715,1.2581364457222326
1790036467.1956854,0.2744508650974732,1.2628023128536465
1790036467.215861,0.2754941266654228,1.2675986983763199
1790036467.2366283,0.2765702801600269,1.272546554693716
1790036467.2563393,0.27759376529995283,1.2772524804103036
1790036467.275761,0.27860421477274544,1.2818986993905979
1790036467.2959871,0.2796586832244474,1.2867476135171356
1790036467.3156168,0.28068408472655704,1.2914631394987466
1790036467.3362606,0.28176470514574914,1.2964329000576285
1790036467.3516588,0.28257200132038784,1.3001458042505447
1790036467.3706386,0.2835689702496421,1.3047313123052946
1790036467.390878,0.28463426219270993,1.3096313697776316
1790036467.4244845,0.2864090777089964,1.3177958784545023
1790036467.4326725,0.28684185207440416,1.3197867798108547
1790036467.4530945,0.2879234396565633,1.3247627579029928
1790036467.472247,0.288939715223901,1.3294385514635065
1790036467.4913876,0.2899572971197596,1.3341206547932434
1790036467.5132766,0.29112350148539334,1.3394870068695046
1790036467.533425,0.29219911054106024,1.3444368175421133
1790036467.5529034,0.2932409339558205,1.3492314723840373
1790036467.572565,0.29429459687139403,1.3540809367834774
1790036467.592175,0.295347513568706,1.358927273943825
1790036467.612069,0.2964177637113484,1.3638537112190297
1790036467.6330488,0.29754876513700496,1.369060136039152
1790036467.6728222,0.29970127708757344,1.3789702248350126
1790036467.6750865,0.29982384448627286,1.379534524989529
1790036467.6935573,0.30082550148179577,1.3841464425435377
1790036467.7150524,0.3019936220059398,1.3895251945158686
1790036467.7344482,0.30304966451717064,1.3943881553886437
1790036467.7566557,0.3042614225644296,1.3999685465019451
1790036467.7752252,0.30527651102391723,1.4046434902718758
1790036467.7952638,0.3063740565192604,1.4096984718096708
1790036467.814827,0.30744761267497084,1.4146432361987848
1790036467.8360198,0.3086129955493724,1.4200112430843872
1790036467.8551488,0.3096669795827699,1.4248652889164903
1790036467.8764656,0.3108442726500628,1.4302842920061427
1790036467.896242,0.3119388025592113,1.4353175761981198
1790036467.923209,0.3134352518798532,1.4421852486231221
1790036467.9360352,0.31414772576480365,1.4454511731765385
1790036467.9555955,0.3152382561466377,1.4504298875540045
1790036467.9755895,0.3163539040411274,1.4555166858878708
1790036467.9952123,0.3174494101259847,1.4605044950803354
1790036468.015272,0.3185695981414434,1.4655967202711264
1790036468.0361822,0.3197373195245349,1.4708962007809334
1790036468.0562067,0.3208553910162126,1.475962218127954
1790036468.0750878,0.32190940071081453,1.4807304780434343
1790036468.0946257,0.32299968131924933,1.4856552674275383
1790036468.1164768,0.32422176991826235,1.4911478089861048
1790036468.1309547,0.3250326475996502,1.494780275228072
1790036468.1687944,0.32714985446165684,1.504218425014558
1790036468.171253,0.32728740673417733,1.504831421791373
1790036468.1938074,0.32854846619250094,1.5104356553046148
1790036468.2107456,0.3294950307964236,1.514633772109206
1790036468.230777,0.33061374126922416,1.519584058296651
1790036468.251233,0.3317554030956827,1.5246246108474997
1790036468.2706575,0.3328388779725352,1.5293983496478138
1790036468.2935128,0.3341130149572117,1.534998323458527
1790036468.3106403,0.3350674790379618,1.5391858718499412
1790036468.3310227,0.33620299257756353,1.5441571673478065
1790036468.351997,0.3373712032146517,1.5492608604475202
1790036468.372015,0.3384860032643238,1.5541218491654991
1790036468.391911,0.339593994256189,1.558944251174797
1790036468.4189618,0.3411006310338428,1.5654863160460288
1790036468.435606,0.34202785021215637,1.5695069295780133
1790036468.456012,0.3431650776115759,1.5744304693477753
1790036468.4751198,0.34423053907260737,1.579036957674763
1790036468.4943137,0.34530156754468644,1.5836615594374326
1790036468.515277,0.3464723689443041,1.5887108037499231
1790036468.53573,0.3476157427643016,1.5936369674552218
1790036468.5558715,0.34874281682057684,1.5984892490804872
1790036468.575281,0.3498300280867164,1.6031673790799306
1790036468.5955863,0.3509687603181024,1.6080654199738873
1790036468.615166,0.35206812706625545,1.612793405741134
1790036468.63591,0.3532344844577099,1.617809384382202
1790036468.672535,0.35529911712251183,1.6266901599413395
1790036468.6767704,0.3555379586725568,1.6277175582701227
1790036468.6961477,0.356632338727621,1.6324266548175264
1790036468.7163715,0.3577764775063386,1.637352240696296
1790036468.7359607,0.3588866485094795,1.6421340188097984
1790036468.755875,0.3600173977995075,1.6470073641994722
1790036468.776319,0.36118060286527415,1.6520242008757853
1790036468.7958176,0.3622922722003088,1.6568224461435757
1790036468.8158915,0.3634391868437513,1.661777114962944
1790036468.8366892,0.36463019793094176,1.6669273672877278
1790036468.85596,0.3657361829991199,1.671714880495716
1790036468.8754537,0.3668574424120452,1.676574100311304
1790036468.8947375,0.36796908551309726,1.6813974764281006
1790036468.920066,0.36943358444079205,1.6877627366868588
1790036468.9355323,0.3703294607031541,1.6916608698734705
1790036468.9555829,0.3714936303794573,1.696733847066848
1790036468.975359,0.3726445904884095,1.70175699160962
1790036468.996625,0.37388544686003117,1.7071817223993269
1790036469.0168753,0.3750699588787315,1.7123684598552817
1790036469.0365467,0.3762233577341816,1.7174273902505894
1790036469.0569844,0.3774246395572662,1.7227058406341622
1790036469.07673,0.378587999687185,1.7278270023920463
1790036469.0961766,0.3797364513911263,1.7328920041624882
1790036469.1170847,0.3809743625406672,1.7383626933226346
1790036469.1373837,0.3821791934175328,1.743697649947652
1790036469.1752064,0.3844346105090885,1.7537204106261235
1790036469.1790648,0.3846647952716876,1.7547437053828716
1790036469.196491,0.385706609849731,1.7593833531499756
1790036469.2148118,0.3868042875205169,1.7642812117958806
1790036469.2349305,0.3880125543108143,1.7696840130347995
1790036469.2562256,0.3892946608128357,1.7754299077624733
1790036469.2760704,0.3904921883111756,1.7808080308727783
1790036469.2956378,0.3916756196038904,1.7861338532148698
1790036469.316355,0.3929315165010943,1.7917982109697281
1790036469.3367877,0.39417299891339724,1.7974096695678872
1790036469.3574529,0.39543146893725856,1.8031103336229641
1790036469.37661,0.3966005448671824,1.8084167192950278
1790036469.3968475,0.3978381992179364,1.8140462793831393
1790036469.4262524,0.3996419547543392,1.8222758617567616
1790036469.4324849,0.4000245065585012,1.8240223675274791
1790036469.4529028,0.401280273842536,1.829767494994316
1790036469.472887,0.4025117786538229,1.8354131828514682
1790036469.4931686,0.40376408198530084,1.8411661502619145
1790036469.5140674,0.40505711986861953,1.8471189593155897
1790036469.533507,0.4062621562308124,1.8526772726158738
1790036469.5537305,0.40751816802567425,1.8584825010538037
1790036469.5733674,0.40873999245351494,1.8641406545515324
1790036469.5938065,0.4100136558283621,1.8700527166725582
1790036469.613802,0.41126145119141333,1.8758578923940386
1790036469.6324823,0.4124287428617023,1.8812996720967294
1790036469.670792,0.41482928665965474,1.892535903527155
1790036469.6723518,0.4149270327119736,1.8929934963600876
1790036469.692759,0.41620785746097844,1.8990014431477051
1790036469.713113,0.4174873072450562,1.905014163380074
1790036469.7329578,0.41873663299130154,1.9108954499306068
1790036469.7579722,0.4203144987129349,1.9183384112552915
1790036469.775566,0.4214258273328457,1.9235877295404578
1790036469.797011,0.42278276965651673,1.9300067821757823
1790036469.8165867,0.42402349249918947,1.9358833325388385
1790036469.8376932,0.42536365905801915,1.9422386188807839
1790036469.8525317,0.42630706540383473,1.9467159186609435
1790036469.8730092,0.42761138280872824,1.9529121441583872
1790036469.8953712,0.429038653822557,1.9596990045734086
1790036469.92933,0.4312128494729718,1.9700515516262107
1790036469.93543,0.43160360816958504,1.971912600713497
1790036469.9578516,0.4330429089825276,1.9787725964015945
1790036469.9736829,0.4340606389799178,1.9836255625514174
1790036469.994005,0.43536945513733144,1.9898703268275015
1790036470.014037,0.43666202774248586,1.9960403784222285
1790036470.0345843,0.4379904299968206,2.002383872274747
1790036470.0553358,0.4393345866040668,2.008805279348516
1790036470.0753803,0.44063535876293614,2.015021716908851
1790036470.0956378,0.44195229296036503,2.021317802860324
1790036470.1158357,0.44326765159761605,2.0276087081563867
1790036470.1364386,0.44461200229769904,2.0340393775683587
1790036470.1743653,0.44709561694953165,2.045921313976491
1790036470.1773589,0.44729170594742307,2.046859429953482
1790036470.1965172,0.44854892127365864,2.052873922023552
1790036470.2168198,0.4498839586838078,2.059259459731344
1790036470.2362363,0.4511632509831048,2.065376860963369
1790036470.2565708,0.452505651021956,2.0717946937924325
1790036470.276173,0.4538021242909497,2.0779916873655027
1790036470.2930255,0.4549186197918489,2.083326805367554
1790036470.3115745,0.45614995564405836,2.0892079795765377
1790036470.331585,0.45748121706803385,2.095562754020202
1790036470.3521657,0.4588533495013051,2.102109237196644
1790036470.371713,0.46015921134907256,2.1083363890741538
1790036470.3933494,0.46160785255080633,2.1152405295873646
1790036470.4221375,0.4635407146787615,2.12444675904456
1790036470.4314427,0.4641660067263357,2.1274245797805085
1790036470.4519458,0.46554619533989217,2.1339958483327957
1790036470.4711063,0.46683801427943544,2.1401454796020283
1790036470.494687,0.46843072479580183,2.147726825353227
1790036470.5120285,0.4696035178874128,2.153309123420276
1790036470.5337238,0.4710730078361045,2.1603037980846516
1790036470.5539515,0.47244492457719206,2.166834599638048
1790036470.572999,0.47373834173717433,2.172992578521125
1790036470.5924597,0.47506134114124193,2.1792926571107514
1790036470.61314,0.47646889181694885,2.185997184282819
1790036470.6324515,0.47778458535302865,2.192266168769939
1790036470.6712582,0.4804338789501169,2.2048974850307714
1790036470.6735442,0.48058995536383275,2.2056416639757823
1790036470.6931858,0.48193224797836903,2.212044430619332
1790036470.713245,0.4833041641861235,2.2185920471528813
1790036470.733488,0.4846898078977987,2.225208725329463
1790036470.7544286,0.4861242313146299,2.232062798201937
1790036470.774114,0.48747354201250637,2.2385143248195694
1790036470.794427,0.488866815541521,2.2451804729721307
1790036470.8141584,0.49022108236167955,2.251664191925227
1790036470.8343332,0.49160669757782305,2.2583023472983395
1790036470.8549416,0.49302314734440483,2.2650923367331153
1790036470.873871,0.4943250927586732,2.271336881348331
1790036470.8939395,0.4957064966681137,2.2779657351910854
1790036470.9223406,0.49766360105616153,2.2873641868052803
1790036470.935063,0.4985407024143656,2.291577667394829
1790036470.955912,0.4999791229175669,2.298491928472147
1790036470.9750228,0.5012985048057885,2.3048374355787935
1790036470.9943912,0.5026365119603801,2.311276460971166
1790036471.01513,0.5040700428452632,2.318180117096759
1790036471.0345514,0.5054131647240321,2.3246530545292647
1790036471.0567772,0.5069509941996789,2.332070929865451
1790036471.075637,0.5082565097207224,2.33837265718642
1790036471.0962658,0.5096852172302747,2.345273972495057
1790036471.1157005,0.5110318811573167,2.3517833228229668
1790036471.1351273,0.5123787094352608,2.3582973915957535
1790036471.169994,0.5147984458713414,2.3700122003881527
1790036471.1761692,0.5152270773721277,2.3720876668013626
1790036471.1971023,0.5166811881653443,2.379131758232945
1790036471.2168548,0.5180543170091237,2.3857860016795445
1790036471.2373788,0.5194822517986362,2.3927081959593446
1790036471.2580495,0.5209216519887259,2.3996880316963534
1790036471.277697,0.5222910707297538,2.406329885032139
1790036471.2970665,0.5236423951553812,2.4128849835160384
1790036471.317486,0.5250684963085526,2.4198036537752596
1790036471.3376164,0.5264759563237269,2.426632286906525
1790036471.3526113,0.5275252567382953,2.4317232629987697
1790036471.374112,0.5290317116590995,2.4390321061910027
1790036471.3915737,0.5302564872954887,2.4449740150152013
1790036471.4154468,0.531933503941751,2.45310896238359
1790036471.4341674,0.533250178171055,2.459495190532611
1790036471.4550478,0.5347208482586513,2.4666270705077427
1790036471.4747083,0.5361074948789495,2.4733501637567374
1790036471.8566854,0.5639583349813788,2.6076812428510454
1790036471.9206502,0.5686473993306211,2.630278847705271
1790036471.9250317,0.5689687069993493,2.631827207972385
1790036471.942564,0.5702562077561961,2.638030824913819
1790036471.9633486,0.5717848501074584,2.645396292341314
1790036471.9836802,0.5732823914521831,2.6526118262053835
1790036472.0022423,0.5746514946928429,2.659208199993626
1790036472.0226424,0.5761585080660021,2.6664684522860775
1790036472.0431423,0.5776751095376168,2.6737752273882553
1790036472.0628765,0.5791369507563754,2.680819358645596
1790036472.082131,0.5805649246821865,2.687702222730495
1790036472.1021595,0.5820521836668423,2.694872702252229
1790036472.1226666,0.5835769652188363,2.7022261166634522
1790036472.1424809,0.5850521141540787,2.709342144113557
1790036472.1782763,0.5877232571784908,2.7222342840211913
1790036472.1828413,0.588064009676815,2.723879013956553
1790036472.2023296,0.5895205343689491,2.7309111861230138
1790036472.2220871,0.5909990428996212,2.7380513805923057
1790036472.2426474,0.59253963193779,2.7454933875742085
1790036472.2626204,0.5940380938774298,2.7527340253309713
1790036472.2830796,0.5955749965920951,2.7601626923764404
1790036472.301674,0.5969734581673458,2.766923917357415
1790036472.3229158,0.5985732359632455,2.7746604730137214
1790036472.344048,0.6001669546943639,2.7823694885773387
1790036472.366739,0.6018807298330328,2.790661545763913
1790036472.3832788,0.6031312788583488,2.7967134432840153
1790036472.404436,0.6047331909190228,2.8044673752838705
1790036472.4254508,0.606326643727706,2.8121814435225825
1790036472.4441967,0.6077500173497146,2.8190725786681337
1790036472.4641874,0.6092702127123722,2.82643259968996
1790036472.4838204,0.6107653821418649,2.8336720331403775
1790036472.5046947,0.6123576689469276,2.8413817508543135
1790036472.5256765,0.6139606906201046,2.849144198529767
1790036472.544163,0.6153749679059756,2.855993801228654
1790036472.566002,0.6170482703287935,2.8641002296246665
1790036472.5852814,0.6185273899696089,2.8712683020442302
1790036472.604688,0.6200181440787066,2.8784956795570724
1790036472.6240523,0.6215075216922438,2.885719434597432
1790036472.6450188,0.623122093766147,2.893555231155517
1790036472.6724029,0.625234246901748,2.903814191788034
1790036472.684787,0.626190152604676,2.9084588203139554
1790036472.7045162,0.627714816662867,2.915871243033901
1790036472.7245486,0.6292648221621736,2.9234112281060884
1790036472.744528,0.6308126509081955,2.93094494932755
1790036472.7649975,0.6324004212823496,2.93867774231298
1790036472.7837703,0.6338582111299742,2.945781577214003
1790036472.8046644,0.6354828045532894,2.9537030039503915
1790036472.8243723,0.6370169679935029,2.961187924020947
1790036472.8448372,0.6386119376570734,2.968974496465282
1790036472.8661284,0.6402732830294842,2.9770907339171204
1790036472.8843749,0.6416984402555833,2.9840574383055856
1790036472.9044993,0.6432719400803174,2.9917547167139342
1790036472.9305794,0.6453136721574154,3.00175239715655
1790036472.9451046,0.6464515288568069,3.007327428331314
1790036472.9651146,0.6480203035922133,3.0150205522676545
1790036472.9849775,0.6495786647193108,3.0226697267337057
1790036473.0044994,0.6511112532152031,3.0301996766779116
1790036473.0242183,0.6526601897040012,3.0378177812593137
1790036473.0451796,0.6543076059924463,3.045929541131157
1790036473.065786,0.6559281038800474,3.0539170705053853
1790036473.084622,0.6574102296462311,3.061229266253622
1790036473.1041102,0.6589446394512718,3.068806241491361
1790036473.1252072,0.6606068948094206,3.0770220619848905
1790036473.143844,0.6620762919266622,3.0842901847925406
1790036473.1725268,0.6643402240563338,3.095500693311363
1790036473.18434,0.6652730669291776,3.100121897357166
1790036473.2046373,0.6668772061452374,3.1080740663715645
1790036473.2240262,0.6684108225283262,3.115681272662882
1790036473.245158,0.6700838581598466,3.123985173057116
1790036473.2654426,0.6716913219681645,3.1319680267282113
1790036473.2793872,0.6727970975859047,3.1374613852840083
1790036473.2994149,0.6743867920110269,3.1453625261669043
1790036473.320159,0.6760350511687234,3.153558703428494
1790036473.3406897,0.6776681145776082,3.161682591699313
1790036473.361416,0.6793185997744099,3.1698960629557926
1790036473.3792896,0.6807433404900904,3.1769879884226118
1790036473.399352,0.6823444572678308,3.184959788919784
1790036473.4245763,0.6843606243993962,3.1950005305704043
1790036473.4446254,0.6859651021038246,3.2029927059606855
1790036473.464841,0.6875849497464328,3.2110627468486217
1790036473.480496,0.6888406415055403,3.2173191059599002
1790036473.5028243,0.6906342652887926,3.2262562582916487
1790036473.5232804,0.6922797947528514,3.2344555630030483
1790036473.545224,0.6940477110453482,3.243264279483548
1790036473.5657244,0.6957017992055683,3.2515051880902948
1790036473.5812385,0.6969549618252838,3.257748334723298
1790036473.6023233,0.698660692845504,3.266245613530349
1790036473.6209135,0.7001666589528038,3.2737473198775446
1790036473.6418989,0.7018692813133874,3.282228093009979
1790036473.6750054,0.7045618741944724,3.295638976608322
1790036473.6835604,0.7052580887465206,3.2991065672124806
1790036473.7044814,0.7069632340776814,3.3075994172810126
1790036473.7249806,0.7086364462580361,3.3159334888671657
1790036473.745033,0.7102754832135887,3.324097823532553
1790036473.764563,0.7118739688932719,3.3320608094638304
1790036473.784275,0.7134895134975687,3.3401095548499153
1790036473.8007667,0.7148426665083055,3.3468515374830403
1790036473.8216016,0.7165546588384334,3.355382174896129
1790036473.844432,0.7184335901653128,3.3647456647021734
1790036473.8639696,0.7200436818649028,3.3727702057301348
1790036473.8805382,0.7214106715522046,3.3795838040682247
1790036473.900901,0.7230930628007864,3.3879704291323356
1790036473.925085,0.7250944698568975,3.3979487713323784
1790036473.940788,0.7263953924348368,3.4044353654450856
1790036473.9625964,0.7282047094948699,3.413458607502362
1790036473.9833512,0.7299289358892268,3.4220589869938807
1790036474.0039337,0.7316410803489775,3.430600845430718
1790036474.023306,0.7332544727582626,3.4386520040957533
1790036474.044892,0.7350546205212788,3.4476372896201437
1790036474.0626063,0.7365334618647751,3.45502045674709
1790036474.085139,0.738417160159536,3.46442753914272
1790036474.1028223,0.7398968950122308,3.471819653652505
1790036474.125907,0.7418308615644457,3.481486157565921
1790036474.143686,0.7433216289547242,3.4889405720778806
1790036474.1646564,0.745081717680439,3.497745931266809
1790036474.1847718,0.7467717128326029,3.5062041345540065
1790036474.2019012,0.7482119607180888,3.513415399861607
1790036474.2251828,0.7501713457025331,3.523232514230143
1790036474.2430518,0.7516763842918026,3.5307766758665338
1790036474.266234,0.7536310272388826,3.5405797408061566
1790036474.283881,0.7551201460195289,3.5480512784034337
1790036474.3013694,0.7565970091128816,3.555464643086443
1790036474.324746,0.7585730401799667,3.565389704356961
1790036474.3426766,0.7600898991381779,3.5730117333330242
1790036474.3649738,0.7619779458095398,3.58250355816431
1790036474.3827174,0.7634815675337432,3.5900654417089815
1790036474.405732,0.7654338234466296,3.5998876478056445
1790036474.4234374,0.7669368969304993,3.607452114676746
1790036474.4411469,0.7684415271585362,3.615026275479036
1790036474.464298,0.7704105997057756,3.6249413290170867
1790036474.4819484,0.7719131021795924,3.6325083084854244
1790036474.504995,0.7738772537273464,3.6424023640324026
1790036474.522587,0.7753778394111929,3.6499624131340758
1790036474.545676,0.7773497072723872,3.65989837616295
1790036474.5636978,0.7788902224575399,3.6676620105717976
1790036474.581238,0.7803909654789657,3.675226044093039
1790036474.6041577,0.7823542866003089,3.685123522669493
1790036474.621693,0.7838577885449691,3.6927037297096823
1790036474.6449783,0.7858567951699609,3.702783996239377
1790036474.663311,0.7874321852927137,3.7107289948614395
1790036474.6806984,0.7889277360633351,3.718272396257756
1790036474.7040937,0.7909424913977723,3.728436769513484
1790036474.7217352,0.7924632405033932,3.7361096034418635
1790036474.7448297,0.794456797615532,3.7461682196110937
1790036474.7635472,0.7960744647681949,3.754329848120172
1790036474.7814548,0.7976240104959585,3.7621468951127595
1790036474.803975,0.799575823324864,3.7719910744654834
1790036474.8219976,0.8011399236736074,3.779877910961646
1790036474.8448098,0.803123218108425,3.7898747736467198
1790036474.8632894,0.8047322310231424,3.797982261900095
1790036474.880977,0.8062743834346537,3.8057508108368783
1790036474.9041295,0.8082968234673177,3.815934268097111
1790036474.9218986,0.8098512136911146,3.823758400871022
1790036474.945054,0.8118806221447235,3.8339688907690785
1790036474.963693,0.8135167115744956,3.842197306416105
1790036474.9816089,0.8150917251955327,3.8501154654854965
1790036475.004645,0.8171208709878598,3.860311352027482
1790036475.0232863,0.8187655465334578,3.8685717251718845
1790036475.042591,0.8204716616140263,3.877136612250126
1790036475.0619304,0.8221836920011716,3.8857273699757546
1790036475.0806112,0.823840027375772,3.894035560779473
1790036475.1044264,0.8259556226260704,3.904643516378539
1790036475.1219342,0.8275129697469266,3.9124508296698024
1790036475.14509,0.8295762715538768,3.9227924804756085
1790036475.1625807,0.8311367583601614,3.93061298903073
1790036475.185541,0.8331886122558745,3.940894829554497
1790036475.203143,0.8347635834613474,3.9487865606383954
1790036475.222761,0.8365213476077278,3.9575939454521016
1790036475.2435458,0.8383863173070674,3.9669385061691087
1790036475.2639506,0.8402197324846788,3.9761248999229064
1790036475.2834537,0.8419743804778634,3.9849170971401335
1790036475.3028052,0.8437175525618851,3.9936523188500836
1790036475.3227108,0.8455128202188372,4.002649738868324
1790036475.3427002,0.8473177137870465,4.011697168321179
1790036475.3629985,0.8491524341530368,4.020896542961159
1790036475.3827083,0.8509356489726119,4.0298405304007225
1790036475.403431,0.8528121873442172,4.0392563636080565
1790036475.423082,0.8545930763615278,4.048196183957999
1790036475.4427948,0.8563807899877489,4.057174701442977
1790036475.4631908,0.8582316731693451,4.066475729416011
1790036475.4826944,0.8600025451814286,4.075379967286772
1790036475.5034978,0.8618924455623691,4.084889196486201
1790036475.5239742,0.8637534771480441,4.094259800658029
1790036475.5439074,0.8655658633279996,4.103392338290035
1790036475.5643806,0.8674280289635549,4.112783079213857
1790036475.5833893,0.8691575095761842,4.121511478424542
1790036475.6031363,0.8709547053885877,4.130589036678157
1790036475.6240354,0.8728575139617122,4.140207620624399
1790036475.6441572,0.8746903055057786,4.149479100319719
1790036475.67536,0.8775342897897821,4.163881870866756
1790036475.6844234,0.8783605479378674,4.168067602289064
1790036475.7048037,0.8802193517202663,4.17749059883951
1790036475.7250595,0.8820676972771742,4.1868668235757305
1790036475.7455957,0.883942573610451,4.196383897260731
1790036475.7604012,0.8852947713508837,4.203250974470545
1790036475.7818458,0.887254408322007,4.213209387347597
1790036475.8016214,0.8890624945810517,4.2224030240929284
1790036475.8213394,0.8908662832253776,4.2315800203714975
1790036475.8412423,0.8926880192325528,4.240853506964158
1790036475.861896,0.8945796009902733,4.250487996984049
1790036475.8830347,0.8965168036536499,4.260360434369854
1790036475.9036489,0.8984070375823244,4.269999195566406
1790036475.9264245,0.9004969759914022,4.280662407823836
1790036475.9429457,0.9020137269432431,4.288404769544067
1790036475.9630008,0.903856189523459,4.297814134195101
1790036475.9840114,0.9057876630977347,4.307683958836944
1790036476.0026307,0.9075004472790343,4.316440037375025
1790036476.0221596,0.9092980676307585,4.325634586134433
1790036476.0426433,0.9111849880974148,4.33529049342213
1790036476.0633135,0.9130905079082292,4.345046596240182
1790036476.0829709,0.9149040242614666,4.354335743262964
1790036476.103238,0.9167752795806093,4.36392518773251
1790036476.1240866,0.9187018195712181,4.373802309942541
1790036476.1433034,0.9204789543598025,4.38291732405961
1790036476.174492,0.9233668850119542,4.3977392097936825
1790036476.1837888,0.924228070663446,4.402159994419943
1790036476.202256,0.9259400222361751,4.4109513369212605
1790036476.2222123,0.9277915442502783,4.4204634514234105
1790036476.2472324,0.9301152396699455,4.432407490604487
1790036476.2679992,0.932045528786744,4.442333897190547
1790036476.287177,0.9338295459209762,4.451511619651686
1790036476.3074403,0.9357160687273454,4.461220879701183
1790036476.3278975,0.9376222888167265,4.471035232236871
1790036476.348062,0.9395028243665314,4.480720933395279
1790036476.3675056,0.941317677935142,4.490071054056409
1790036476.387195,0.9431570127288806,4.4995504037110035
1790036476.4071383,0.9450216769950667,4.509162879246838
1790036476.4286866,0.9470382829007544,4.5195616979580935
1790036476.4427247,0.9483528621434834,4.52634156289561
1790036476.463462,0.9502966145329135,4.536368433719725
1790036476.4842613,0.9522479311954426,4.546436679075171
1790036476.5052843,0.9542221798473873,4.556624859651445
1790036476.525428,0.9561157246029015,4.566397337210643
1790036476.5446763,0.9579268840139316,4.57574471273061
1790036476.565708,0.9599080866127389,4.585969081133588
1790036476.5860367,0.9618252540973138,4.59586181442093
1790036476.605484,0.9636613627715852,4.60533466121053
1790036476.6254764,0.9655511978477217,4.615082407643224
1790036476.6461515,0.9675080879152881,4.625173005077219
1790036476.6725855,0.9700142631526822,4.6380901789228615
1790036476.6860774,0.9712945464993024,4.644687206007953
1790036476.7061355,0.9732004936494836,4.654503872530756
1790036476.7254994,0.9750429246180065,4.663988991257956
1790036476.7458937,0.9769861889811547,4.673987865735689
1790036476.7655118,0.9788581236747931,4.6836143596968824
1790036476.7862887,0.9808436612981245,4.693818652567059
1790036476.80594,0.9827242253453242,4.703478200905807
1790036476.826287,0.984674086773774,4.71348864792905
1790036476.845518,0.9865193226194796,4.722957934402968
1790036476.8663898,0.9885246475109443,4.7332446900578145
1790036476.8859406,0.9904053853872689,4.742888957623108
1790036476.9064865,0.9923843422763915,4.753033927301163
1790036476.927874,0.9944470291811738,4.76360510214776
1790036476.946836,0.9962778723799408,4.772986018558339
1790036476.9683838,0.9983610792056956,4.783657443226091
1790036476.9833024,0.9998047029815648,4.791051310387003
1790036477.0024364,1.001658341384476,4.800543535156137
1790036477.0227358,1.0036273356451144,4.810624416413797
1790036477.0439644,1.0056890547708182,4.821178301011325
1790036477.06276,1.0075165649934223,4.830531918829907
1790036477.0829394,1.0094809202061084,4.840584842682382
1790036477.103256,1.011461002509935,4.850717141438325
1790036477.1238468,1.0134701799971986,4.860997649736956
1790036477.1439588,1.0154349813164518,4.871050077889754
1790036477.1780756,1.0187744032239678,4.888134256071693
1790036477.1849425,1.0194468223976643,4.891574202521038
1790036477.2048843,1.0214017408992726,4.901574982100993
1790036477.2250564,1.023381501312563,4.9117024743736435
1790036477.2455454,1.0253948027018798,4.922000877008108
1790036477.2652383,1.0273319436394222,4.931910108453413
1790036477.2862444,1.0294005986704053,4.942492858803105
1790036477.3073273,1.0314789676884226,4.953127153484612
1790036477.321057,1.0328333776043743,4.960058055460378
1790036477.3451755,1.0352152840441953,4.972250239227592
1790036477.3656144,1.0372356857686285,4.982594650882344
1790036477.3860888,1.039261433079426,4.992969390357754
1790036477.4004762,1.0406858219678807,5.000265723254494
1790036477.4227734,1.0428954619629007,5.011587937423371
1790036477.4404166,1.0446452218184978,5.020555903951753
1790036477.4610684,1.0466952604038022,5.031065500319665
1790036477.481576,1.0487327529171624,5.041513818670769
1790036477.5016768,1.0507315271662925,5.05176638972445
1790036477.5214272,1.0526970008068173,5.061851167823673
1790036477.5414703,1.0546932457050966,5.072096523195166
1790036477.560845,1.0566243293721562,5.082010441114408
1790036477.5820172,1.058736392452981,5.092856221184074
1790036477.6011877,1.0606500939177386,5.102686403894391
1790036477.621096,1.0626389275320307,5.112905240896192
1790036477.642108,1.0647396249837433,5.123702311128134
1790036477.6748955,1.0680216730132757,5.140578188642927
1790036477.6829824,1.0688314136791786,5.144742272220693
1790036477.7030156,1.0708388408849017,5.15506803214502
1790036477.7231536,1.0728583823332942,5.1654585156966
1790036477.7436752,1.074918058508398,5.176057881483401
1790036477.76345,1.0769045058953737,5.186281626620212
1790036477.7839422,1.0789649891692563,5.196887238094114
1790036477.802957,1.080878758255194,5.206737554040255
1790036477.8222933,1.0828268280551119,5.216763943482493
1790036477.8431451,1.0849300224287142,5.227587377367428
1790036477.863377,1.0869729381492952,5.23809963778233
1790036477.8835251,1.0890097424003442,5.248578710207812
1790036477.903282,1.0910091713214738,5.258864448712051
1790036477.9226851,1.0929750394502538,5.268975807059539
1790036477.943071,1.0950427956030233,5.279609912768019
1790036477.961934,1.0969582354371306,5.289458896651784
1790036477.9824505,1.0990438828997298,5.300181914708518
1790036478.0007331,1.1009043303354302,5.30974608405054
1790036478.0222046,1.10309174403865,5.3209903712693185
1790036478.041005,1.1050089418327647,5.330844937826767
1790036478.060935,1.1070434518994872,5.341302150879284
1790036478.0818503,1.109180774817919,5.352287726874537
1790036478.1010892,1.1111487317526376,5.3624026243098095
1790036478.1215818,1.1132469727848604,5.373187705333341
1790036478.1415396,1.1152925160811065,5.383701936869572
1790036478.175172,1.1187451393439514,5.401450418646415
1790036478.1820936,1.1194559298775986,5.40510432634428
1790036478.203198,1.1216253570520747,5.41625728873513
1790036478.223338,1.1236976643306158,5.426911604731444
1790036478.2431295,1.1257359513954068,5.437392192871561
1790036478.2637684,1.12786360674461,5.448333133731209
1790036478.283353,1.1298843258638904,5.458725655678926
1790036478.3029988,1.1319132489813786,5.469161215038203
1790036478.3223133,1.1339096562518411,5.47943116625352
1790036478.3433998,1.1360914045428498,5.4906555981644285
1790036478.3682806,1.138668548688216,5.503917077490442
1790036478.387925,1.1407051386292466,5.51439819858429
1790036478.4077885,1.1427662480759813,5.525007472004158
1790036478.4273782,1.1448007540531873,5.5354811779215725
1790036478.4479692,1.146941192772332,5.546502323603306
1790036478.468223,1.1490484996255277,5.557354584302657
1790036478.4873989,1.1510452763923273,5.567639690561127
1790036478.5080848,1.1532012774720601,5.57874692524797
1790036478.527725,1.1552500490133015,5.589303795444312
1790036478.5483685,1.1574053275553395,5.600411992874602
1790036478.5680225,1.1594590503088968,5.610998829423659
1790036478.5887575,1.1616275265446951,5.6221801276075425
1790036478.6033947,1.1631592664262382,5.630079304528412
1790036478.622671,1.1651781068838987,5.640492378449257
1790036478.6432135,1.1673315714214028,5.651601631881394
1790036478.6791627,1.171105976747428,5.671079225211068
1790036478.684508,1.171667329530241,5.673976201097791
1790036478.704497,1.1737683733330133,5.6848210086551605
1790036478.724058,1.1758261918431796,5.695444519507369
1790036478.7443354,1.1779613815660979,5.706469152758034
1790036478.7627692,1.1799040472695292,5.716501147934728
1790036478.785547,1.1823068807016077,5.728912071292473
1790036478.8051856,1.1843802604974065,5.739623510715319
1790036478.8237858,1.1863454648576874,5.749778494181124
1790036478.8427155,1.18834686882291,5.7601236204621635
1790036478.8683913,1.19106392433929,5.774174353844979
1790036478.8889024,1.1932358907424676,5.785410879631374
1790036478.9076188,1.1952189050726665,5.795674236082709
1790036478.928598,1.1974430553104165,5.80719100563087
1790036478.9428923,1.1989590839535784,5.815043934822499
1790036478.9630802,1.2011013736634157,5.826146108144138
1790036478.9843233,1.2033568954655987,5.837841579929869
1790036479.0034325,1.2053866842559744,5.848372723631713
1790036479.0241354,1.2075866904772148,5.859794529546638
1790036479.0432248,1.2096159090148733,5.870336798101521
1790036479.0633318,1.2117539236881996,5.88145280624172
1790036479.0837164,1.2139220327045253,5.892734450738076
1790036479.104243,1.2161057064188423,5.904107135329815
1790036479.124879,1.2183013920314776,5.915552911138684
1790036479.1444163,1.2203803641598296,5.926400653982381
1790036479.1751416,1.2236501289000352,5.943488054932557
1790036479.1855206,1.2247546407212122,5.949263380246937
1790036479.2048302,1.2268094174655002,5.960018968886542
1790036479.224942,1.2289492362158834,5.971233251342638
1790036479.2448328,1.2310651912491986,5.9823359423733855
1790036479.2653637,1.2332486504681084,5.99380824923543
1790036479.2863,1.2354745301415393,6.005519886488131
1790036479.3062208,1.2375916587686975,6.016675061620898
1790036479.3266754,1.2397646108001716,6.028141353850555
1790036479.3471472,1.2419382623348825,6.039629433747447
1790036479.3679316,1.244143923656732,6.051305412469036
1790036479.3885727,1.2463329892259396,6.062913359750236
1790036479.4020607,1.247762831796692,6.070503917073513
1790036479.425563,1.2502521012758634,6.083746158421213
1790036479.441245,1.251912011438438,6.092589185456133
1790036479.4609315,1.2539940238210088,6.10370148578167
1790036479.482359,1.2562578462708218,6.1158097430943785
1790036479.5030437,1.2584410121366398,6.127510607036329
1790036479.5232637,1.2605728902771718,6.138960463959796
1790036479.5438955,1.2627457929787764,6.150655625187055
1790036479.5625384,1.2647071995262176,6.161233527711155
1790036479.5833137,1.2668903994239833,6.1730338062481644
1790036479.6028605,1.2689421838001547,6.18414754803968
1790036479.6222458,1.2709746991014466,6.195180450896375
1790036479.6423657,1.273081728857834,6.206643408599145
1790036479.6750164,1.276494223502487,6.225276760563731
1790036479.683822,1.2774140489028338,6.230304253689426
1790036479.704707,1.2795928222159871,6.242241356206445
1790036479.7242565,1.281629828985454,6.253426443275657
1790036479.7438097,1.283664693123183,6.264624825996252
1790036479.7622092,1.2855772673134565,6.2751723065521094
1790036479.7835324,1.2877907702019873,6.2874091699524906
1790036479.8046458,1.2899795578459288,6.299538522070873
1790036479.823538,1.291935745857264,6.310402352197998
1790036479.8430464,1.293953214397451,6.32163142064547
1790036479.8630888,1.296023262589279,6.333179624624124
1790036479.8850532,1.2982886098450075,6.345849070217439
1790036479.903232,1.3001613510588599,6.356344673383606
1790036479.927533,1.3026608696215447,6.37039158709824
1790036479.942248,1.3041730495509078,6.378903912663982
1790036479.9626057,1.306262493478747,6.390692133808989
1790036479.984583,1.3085152943595848,6.4034322913961175
1790036480.0070102,1.3108113431774104,6.416447895992889
1790036480.0283022,1.3129886539295057,6.428817833154872
1790036480.0420856,1.3143971445781082,6.436831086161258
1790036480.062507,1.3164817061540095,6.448715488909921
1790036480.0847485,1.3187496758380388,6.461673731214857
1790036480.1058578,1.3208999439662636,6.473985346917987
1790036480.1253855,1.3228874245141404,6.4853856365584654
1790036480.1464555,1.3250299091604,6.497699276944474
1790036480.1855483,1.3289990713310296,6.520590019713507
1790036480.192063,1.3296603644610339,6.5244059785292965
1790036480.2029812,1.3307681946302856,6.530804608371223
1790036480.2245245,1.3329525531428643,6.543443643071681
1790036480.243132,1.3348382102710183,6.554370609674248
1790036480.262116,1.336760955894495,6.565529066947692
1790036480.2830043,1.33887548793776,6.577820013256819
1790036480.308845,1.3414898077067547,6.5930448769231
1790036480.32855,1.3434826891938418,6.604666293042346
1790036480.3485546,1.3455051428128533,6.61647607882588
1790036480.368143,1.3474850534044591,6.628051577969321
1790036480.3886375,1.349556052919045,6.640174732997488
1790036480.403797,1.3510878123916559,6.649148787998485
1790036480.423431,1.3530715328495329,6.660783018920884
1790036480.4487724,1.3556318851855276,6.6758181140162085
1790036480.4679885,1.3575733016380087,6.687229830995128
1790036480.4894576,1.3597425205841442,6.699993169031373
1790036480.5038264,1.3611943908212423,6.708541493662698
1790036480.5249145,1.363325512311571,6.721100320688408
1790036480.543712,1.3652254415761989,6.732305307187201
1790036480.5684276,1.3677242647970358,6.747055773027178
1790036480.5897448,1.3698798891988793,6.759791226292782
1790036480.6081462,1.3717410255462883,6.770794373492898
1790036480.6281755,1.373767140685238,6.78278247679018
1790036480.648291,1.3758023368537953,6.7948338062767455
1790036480.6758904,1.3785953776722373,6.811390680166208
1790036480.6837652,1.379392347890187,6.816116543952083
1790036480.7039857,1.3814392620347298,6.828263469516334
1790036480.7243545,1.383501576095123,6.840511823727994
1790036480.7481594,1.3859125262247418,6.854843186540813
1790036480.7684655,1.3879695886521735,6.867080541502373
1790036480.787903,1.389939176134435,6.87880586925863
1790036480.808744,1.3920515654650853,6.891391000508076
1790036480.82813,1.3940170006481925,6.9031092999054735
1790036480.8482623,1.3960586387064295,6.915291485166452
1790036480.8678677,1.3980473276406102,6.927167109279789
1790036480.8879676,1.400086733427859,6.939355381485233
1790036480.9087305,1.402193889935295,6.951959774377057
1790036480.9278884,1.40413871307055,6.963601969363046
1790036480.948557,1.406237343414897,6.9761763416822395
1790036480.967832,1.4081951121262417,6.9879154747229055
1790036480.9890296,1.4103486806618912,7.000840528959438
1790036481.0078712,1.4122635179180447,7.012341032191783
1790036481.0283177,1.4143421544829238,7.024835530963498
1790036481.043435,1.4158794918329356,7.034081344039325
1790036481.068257,1.4184049521463435,7.0492839275583625
1790036481.0893958,1.4205567751733454,7.062246174990023
1790036481.1079583,1.4224471727368921,7.073640875639351
1790036481.1282952,1.424519363338973,7.086139229618849
1790036481.1479492,1.4265229297749875,7.098231488021674
1790036481.178182,1.4296076368718231,7.116864501328305
1790036481.1886463,1.4306756521209432,7.123317802217043
1790036481.2037735,1.43222028942621,7.132654640963916
1790036481.223156,1.4342006055787409,7.144631182778431
1790036481.2429616,1.4362254344083638,7.156883216100044
1790036481.2680051,1.438787763622317,7.172397720354709
1790036481.2840278,1.440427980842491,7.182333094642268
1790036481.3031702,1.4423887911642963,7.194216107740171
1790036481.3236964,1.4444928032986353,7.206973411780133
1790036481.3436153,1.4465359525362413,7.219367466107479
1790036481.3641803,1.4486468608192258,7.232178863395201
1790036481.3840716,1.450690012451167,7.244584652705461
1790036481.4034789,1.452684779446088,7.2567021930302635
1790036481.4287083,1.455280304364663,7.2724778560788375
1790036481.4427087,1.4567213614460885,7.281239197606807
1790036481.4681802,1.4593455310114116,7.297202387721647
1790036481.48261,1.4608329204260007,7.306253206779431
1790036481.5030684,1.462943316872743,7.31910059672789
1790036481.524142,1.4651188452010733,7.3323503185642664
1790036481.5445447,1.4672267962370849,7.345193314569653
1790036481.56574,1.4694184428484025,7.35855138348708
1790036481.584676,1.4713780345920848,7.370498266316477
1790036481.6050973,1.4734931261422726,7.3833970348759665
1790036481.6249232,1.4755485132740966,7.395933736405348
1790036481.6422126,1.4773424026437227,7.406877038198259
1790036481.6653025,1.479741038457055,7.421510485225218
1790036481.6839411,1.4816792130183756,7.433335170405807
1790036481.7019558,1.4835544887873857,7.4447753155902125
1790036481.725657,1.4860251646298808,7.459846157259326
1790036481.7457795,1.488125497468305,7.472655250867379
1790036481.7653542,1.4901712017674211,7.4851286333555125
1790036481.787062,1.4924432611354534,7.498977046163843
1790036481.8074732,1.4945827373069343,7.512012342806237
1790036481.8272245,1.4966561670938532,7.52463917366579
1790036481.8461933,1.4986504640168978,7.536777779121249
1790036481.8665423,1.5007934175423523,7.54981343214177
1790036481.887385,1.5029922031401275,7.563179595493394
1790036481.9071352,1.5050794690843587,7.575858248866305
1790036481.9277942,1.507266819421667,7.589134035879854
1790036481.9466624,1.50926814390881,7.60127058722722
1790036481.9660633,1.511329717780582,7.613761685825594
1790036481.9870949,1.5135691956574504,7.627316762357011
1790036482.0009167,1.5150429683071753,7.636231029139841
1790036482.02199,1.517294791845562,7.649835921464953
1790036482.0424457,1.519485159331245,7.663054861266004
1790036482.0631478,1.5217067473420813,7.676446377404663
1790036482.083697,1.5239166277949427,7.689751980696698
1790036482.1048417,1.5261956848582847,7.703456895844399
1790036482.125123,1.528386452983937,7.716614726904223
1790036482.143802,1.530408172802934,7.728743671836725
1790036482.17553,1.5338541674166448,7.749376206132271
1790036482.1842077,1.5347975328932093,7.755021552876434
1790036482.2054818,1.5371157246169131,7.76887516946172
1790036482.2249758,1.5392445377396695,7.7815811159510595
1790036482.24518,1.5414558585586833,7.794762186789613
1790036482.2648711,1.543615735289121,7.807620510812635
1790036482.2860737,1.5459468794043891,7.821479454082703
1790036482.3052728,1.5480622965560187,7.834040137605489
1790036482.3247747,1.5502157663382856,7.846810572986113
1790036482.3454154,1.552500320811809,7.8603396544319954
1790036482.3657432,1.5547553710458548,7.873676359019973
1790036482.3870163,1.5571209728341073,7.887647015624238
1790036482.4074552,1.559398977107155,7.901082680923383
1790036482.4316435,1.562102035571187,7.9170008609629035
1790036482.447365,1.5638619915660832,7.92735467009195
1790036482.4672632,1.5660943985486238,7.940471110389987
1790036482.4879477,1.568420314436925,7.95411881477105
1790036482.5082104,1.5707038856822413,7.967500620205481
1790036482.5296097,1.5731211016906805,7.981646637082443
1790036482.5487618,1.5752890096403567,7.994318134006041
1790036482.568869,1.577569864268379,8.007633381882627
1790036482.5892005,1.5798811232979524,8.021109162224692
1790036482.6088707,1.5821215747669406,8.03415806522139
1790036482.6291933,1.5844410762042596,8.047651807446142
1790036482.6497464,1.5867914469006679,8.061311018155736
1790036482.6778078,1.5900091352742165,8.079983337541886
1790036482.689734,1.5913781543802497,8.08792330059235
1790036482.7091317,1.5936087289203595,8.100848713341978
1790036482.7289083,1.5958868164073854,8.114038006386759
1790036482.748726,1.5981734216612518,8.127266238137533
1790036482.7683816,1.6004450563488763,8.140397720966146
1790036482.7903037,1.6029829324956781,8.155057489457343
1790036482.805127,1.6047009614506722,8.164976603784968
1790036482.8241992,1.606914532032613,8.177749837562304
1790036482.844952,1.6093267047330004,8.191661647576986
1790036482.8644297,1.6115935743092433,8.20472995739907
1790036482.884462,1.6139280432455412,8.218182814655547
1790036482.9051046,1.6163367247785856,8.232058390697985
1790036482.929675,1.6192079791707874,8.248592802319617
1790036482.9447553,1.6209717964543058,8.258747812618148
1790036482.9649217,1.6233332026522755,8.272340310463024
1790036482.9862692,1.6258359350506693,8.286742924071074
1790036483.0057302,1.6281199695276354,8.29988437283336
1790036483.025393,1.6304301825426666,8.313174172570543
1790036483.045065,1.63274396523199,8.326482084581519
1790036483.0652356,1.6351189567858617,8.340140062735749
1790036483.0856671,1.6375273274871953,8.353987675446653
1790036483.105507,1.6398683250058967,8.367446488984612
1790036483.1263487,1.6423303233364646,8.381598575244361
1790036483.1462042,1.644678088155648,8.395093039235107
1790036483.1804593,1.6487352074131933,8.41841031649759
1790036483.187557,1.649576115692717,8.423243263671377
1790036483.2061722,1.6517833711653958,8.435929445698864
1790036483.2261057,1.6541487973864737,8.449526258560335
1790036483.2463725,1.6565557110374045,8.463363230256178
1790036483.2663713,1.658932495653359,8.477029635644127
1790036483.2868116,1.661363664587122,8.491010874575615
1790036483.3064888,1.663705647977647,8.504482139104647
1790036483.3262675,1.6660614563920477,8.518035060299338
1790036483.347272,1.6685650908225695,8.532441378183956
1790036483.3668916,1.670905318584769,8.545909597591457
1790036483.3877811,1.6733988480837876,8.560262578809981
1790036483.407236,1.675722700214708,8.5736411941486
1790036483.4278276,1.678184104349391,8.58781394726921
1790036483.4477108,1.680562475294869,8.60151086701071
1790036483.4666457,1.6828289411673043,8.614565144089829
1790036483.4866064,1.6852197937888613,8.628338237590878
1790036483.5067372,1.6876327885911482,8.642240628254534
1790036483.527249,1.6900931684675649,8.656418388698041
1790036483.547488,1.6925225938812336,8.670419227877542
1790036483.5670886,1.6948769916363293,8.683989589555528
1790036483.5867262,1.6972375311390524,8.6975964883235
1790036483.607437,1.6997288438302858,8.711959173431483
1790036483.6271513,1.7021020456618159,8.725641888238771
1790036483.6471565,1.7045119190340645,8.739537826819408
1790036483.6744478,1.7078028599871409,8.758516018914532
1790036483.6828012,1.708810467392022,8.764326954596005
1790036483.7027495,1.7112184678688065,8.77821504653981
1790036483.7223718,1.713588789337519,8.791887132898276
1790036483.742453,1.7160163440588327,8.805890543795751
1790036483.762098,1.7183928690944623,8.819600575542156
1790036483.7830694,1.7209317824930657,8.834248806888215
1790036483.8034084,1.7233959889447095,8.848467080937043
1790036483.824515,1.725955116280709,8.863234761169874
1790036483.844129,1.7283349860744934,8.876969054200565
1790036483.8629632,1.73062175501913,8.890167510608487
1790036483.8835323,1.7331211191287748,8.904594052027296
1790036483.9040017,1.7356101867788158,8.918962944306747
1790036483.9269598,1.7384043525240276,8.935094140017986
1790036483.9430623,1.740365318647811,8.94641598847683
1790036483.9632564,1.7428264651370535,8.960626370964603
1790036483.9839876,1.7453550293459932,8.975227220939765
1790036484.0051856,1.747942627773633,8.990169759793492
1790036484.0230467,1.7501243352793443,9.002769358270868
1790036484.0437086,1.7526501067826616,9.017357008478713
1790036484.0639703,1.755128743001927,9.031674185364675
1790036484.0843503,1.7576237231207508,9.046087021603228
1790036484.104633,1.7601085154562675,9.060443157612028
1790036484.124062,1.7624904206868788,9.07420599540347
1790036484.1448092,1.7650357059205455,9.088915187927842
1790036484.1735637,1.768566924662397,9.109325331746774
1790036484.1840544,1.769855681251685,9.116774854526618
1790036484.2047431,1.7723990616040108,9.131478586719968
1790036484.2242048,1.7747931127683307,9.145321020753078
1790036484.244358,1.7772739097422305,9.159667272383539
1790036484.2639654,1.7796890383486743,9.173635924207137
1790036484.2845254,1.7822232123050679,9.188295685995884
1790036484.3050332,1.7847526564631644,9.202930398248947
1790036484.323797,1.7870683953302462,9.216330810987897
1790036484.3439257,1.7895542038267447,9.230717709822304
1790036484.3630822,1.7919214170752962,9.244420369572
1790036484.3834488,1.7944398156864492,9.2590006805157
1790036484.406524,1.797295293288816,9.275535425901165
1790036484.4360766,1.800955896200186,9.29673709354141
1790036484.4460552,1.8021923164241231,9.303898776472947
1790036484.4674287,1.8048425726723447,9.319251992775563
1790036484.4875288,1.8073365972480513,9.33370220420481
1790036484.5078206,1.8098561327508775,9.348302282055169
1790036484.52893,1.8124790490004485,9.363503449623295
1790036484.548983,1.8149723944574272,9.377955709180783
1790036484.569047,1.8174687198007693,9.392427297436337
1790036484.5894384,1.8200075225026198,9.407147322654394
1790036484.6062205,1.8220980934255229,9.419269921891035
1790036484.625062,1.8244466679969575,9.432890497042846
1790036484.645279,1.8269683246087158,9.447517190515548
1790036484.67458,1.8306267440940327,9.468741052142123
1790036484.6848266,1.8319065391129652,9.47616598383218
1790036484.705102,1.8344407653651993,9.490869889966561
1790036484.7242692,1.836838216595956,9.504780678439081
1790036484.7446847,1.8393937375837848,9.519609274398436
1790036484.7698271,1.842543994528569,9.537889302188157
1790036484.7889793,1.84494537827091,9.551824410995424
1790036484.8045032,1.846892978866124,9.56312651441132
1790036484.824673,1.849425294328934,9.577822568039773
1790036484.8455777,1.8520518978703213,9.593066811444857
1790036484.864604,1.8544441503501077,9.606951564249975
1790036484.8854508,1.857067209970918,9.62217739733146
1790036484.9076598,1.8598639415179712,9.63841219925733
1790036484.9277012,1.8623894147833897,9.653074214006391
1790036484.9480667,1.864957537162944,9.667985147758039
1790036484.9675803,1.8674197764340044,9.682283348827237
1790036484.9876554,1.8699545651845313,9.6970044552508
1790036485.0077703,1.87249596243507,9.71176637236895
1790036485.0272894,1.874963619696562,9.726101882462705
1790036485.047426,1.8775108589148155,9.740902524471311
1790036485.0662315,1.8798910217425473,9.75473491718785
1790036485.0858188,1.882371561641209,9.769153360967442
1790036485.1056154,1.88487998062616,9.783737312255433
1790036485.1261525,1.8874837839968934,9.798878962608113
1790036485.1461291,1.890017926413957,9.813618858780178
1790036485.1806965,1.8944071208587208,9.839159245175729
1790036485.1870587,1.8952150961580359,9.843861184401018
1790036485.206478,1.8976826052463867,9.858224057991727
1790036485.2259686,1.900160346831194,9.872650588534867
1790036485.2463312,1.9027503882234589,9.887734986354442
1790036485.2663147,1.9052934471529792,9.90255036903052
1790036485.2861936,1.9078244842604655,9.9172999962148
1790036485.3068025,1.9104497210100235,9.932603958829985
1790036485.3271084,1.9130375809571347,9.947695263531642
1790036485.346605,1.915523306003093,9.962196483169954
1790036485.3664846,1.9180588681382795,9.976994285381377
1790036485.3870816,1.9206869697739477,9.99233875125464
1790036485.407056,1.9232365732041417,10.00723135189329
1790036485.426164,1.9256763636177172,10.021488680660285
1790036485.4462886,1.9282468459892754,10.036516817665342
1790036485.4657257,1.930730281978754,10.051042751499475
1790036485.486594,1.9333973961006454,10.066651318431461
1790036485.507409,1.9360586425135475,10.082233032276102
1790036485.5274477,1.9386213085355455,10.097245428494071
1790036485.5471418,1.9411407302751906,10.112011207533627
1790036485.5666862,1.943641763127329,10.12667611032035
1790036485.5857368,1.9460804224070964,10.140981300741663
1790036485.6050467,1.9485531255252484,10.155492396924844
1790036485.6254933,1.9511723593236003,10.170870054312356
1790036485.6456418,1.9537544876926485,10.186035629150206
1790036485.6731713,1.9572845111757546,10.206779408161891
1790036485.6848354,1.9587805798443196,10.215572513963291
1790036485.7056017,1.9614453280353357,10.231240216989514
1790036485.725159,1.963956125576945,10.246006994716735
1790036485.7445188,1.9664427518359768,10.260635828255332
1790036485.7643878,1.9689960891709521,10.275660905804939
1790036485.7893496,1.972206180626138,10.294555699228239
1790036485.8067682,1.9744474695744134,10.3077507953741
1790036485.8279424,1.9771740534071685,10.323809282453817
1790036485.8479333,1.9797503992135939,10.338992626384638
1790036485.8677213,1.9823032052812846,10.354052559291171
1790036485.888657,1.9850075159081262,10.370034242162136
1790036485.9028978,1.986848797603182,10.380935710933707
1790036485.9244456,1.9896395040449106,10.397523897266094
1790036485.9434168,1.9921005548449093,10.412221887548972
1790036485.9630277,1.9946494463988462,10.427541504252032
1790036485.9836495,1.9973355744415606,10.443823109987964
1790036486.0039008,1.9999793759255358,10.460013302496797
1790036486.022832,2.0024564008776005,10.475357371302286
1790036486.0422423,2.005002062321316,10.491347428188227
1790036486.0635445,2.0078028216761656,10.509254772589872
1790036486.0829668,2.0103648979811335,10.525919549327948
1790036486.1035862,2.0130914031354843,10.544039214551905
1790036486.1240215,2.0157997256020233,10.562468085042449
1790036486.1434283,2.0183770471439644,10.580441243990254
1790036486.17565,2.02267022605462,10.611701684604018
1790036486.1827688,2.023619394850593,10.618684231908428
1790036486.2040265,2.0264591174885256,10.640265401958771
1790036486.2232523,2.0290290512871128,10.66042969134652
1790036486.2422812,2.031576527508137,10.681067079063444
1790036486.2624311,2.03427823253357,10.70373259651864
1790036486.2832053,2.0370677269755015,10.72802379425612
1790036486.3034034,2.039783935378921,10.752563947916265
1790036486.3236337,2.042508844680508,10.778117449340856
1790036486.344565,2.0453334044099685,10.805648837361403
1790036486.363586,2.0479050695377974,10.831608388412304
1790036486.3831785,2.050559970830845,10.85938381476254
1790036486.4043632,2.0534384767671843,10.890667833065761
1790036486.425524,2.056322290917333,10.923201777774283
1790036486.445284,2.059023167796381,10.954730801498496
1790036486.4650865,2.0617381128546586,10.987505798555311
1790036486.48575,2.064585767465228,11.023010375443564
1790036486.8580852,2.099552733380115,12.098562368284416
1790036486.928362,2.106176002629917,12.315657295686227
1790036486.93289,2.1066028478065246,12.329702854153432
1790036486.9450543,2.1077497301734627,12.367849616969298
1790036486.9644203,2.1095754349811027,12.429617059870706
1790036486.9846356,2.111483120918994,12.49521453372184
1790036487.0055797,2.113459504379865,12.56437151592067
1790036487.024712,2.115263475971753,12.628532083908468
1790036487.0449026,2.117163287641659,12.697330998539872
1790036487.0654645,2.1190960188184547,12.768514598411858
1790036487.0855842,2.120982522888175,12.839230945099564
1790036487.105559,2.122852007475256,12.910480398651018
1790036487.1252704,2.1246904226238073,12.98179685088056
1790036487.1456378,2.126583961879258,13.056553610170564
1790036487.1837893,2.1300697861693747,13.20031293002371
1790036487.186648,2.130330705181526,13.211105361301692
1790036487.2063606,2.132117215932481,13.286512494043228
1790036487.225952,2.1338797286901405,13.362424857199635
1790036487.2465608,2.1357145610394994,13.443345994370587
1790036487.266441,2.1374657699535886,13.522394130964768
1790036487.2863605,2.139200483488744,13.602584199764495
1790036487.3064942,2.1409327953306194,13.684644637983135
1790036487.3271894,2.142689519238504,13.770052519626033
1790036487.3464286,2.144304530365511,13.85036584381154
1790036487.3676808,2.146065298782811,13.940196422884602
1790036487.388201,2.147741325071671,14.02796849237155
1790036487.425723,2.150734014091101,14.191917401077545
1790036487.4294002,2.151026545528319,14.20801743311005
1790036487.4492688,2.1525873831709057,14.295978821221496
1790036487.4691727,2.1541327457068244,14.385067372963947
1790036487.4892168,2.1556697761283146,14.475771744364263
1790036487.5050266,2.1568709044835237,14.547928282814985
1790036487.5246005,2.1583418777448373,14.638203749746891
1790036487.5452428,2.1598775744443257,14.73445187288556
1790036487.5648086,2.161319530389551,14.826616428622462
1790036487.5849717,2.1627966144211457,14.922582227412633
1790036487.6056964,2.164307107453754,15.02225973384194
1790036487.6245463,2.1656757795432418,15.113771305392625
1790036487.6446526,2.1671339903313083,15.21233866521206
1790036487.6808622,2.1697563205954493,15.392898959252598
1790036487.6854212,2.170086603905009,15.415680055822508
1790036487.7055843,2.1715525435339957,15.517334349410994
1790036487.7257702,2.173027684018045,15.61998239620279
1790036487.7459698,2.1745154672311076,15.723551636718017
1790036487.76717,2.1760903136038015,15.83316012822704
1790036487.7884922,2.1776884006781807,15.944280495670494
1790036487.811803,2.1794559922899412,16.066775271049828
1790036487.829958,2.1808467749463714,16.162761285427543
1790036487.848754,2.18230580246783,16.26273628762104
1790036487.869004,2.183901276671098,16.371106494813066
1790036487.8899765,2.1855830872479984,16.48401511250668
1790036487.9253378,2.1885129438121282,16.676194453819896
1790036487.9302428,2.188921346817541,16.702884488760507
1790036487.9504476,2.190640434188544,16.81334879372687
1790036487.9706888,2.192402020848383,16.924501699534453
1790036487.9904325,2.194159849459533,17.03335611324052
1790036488.0112202,2.196059589417569,17.14841462076798
1790036488.03049,2.197861645621059,17.255429575761223
1790036488.0498338,2.1997154332184596,17.363189146613625
1790036488.0702724,2.2017247645378184,17.477388813715084
1790036488.0849075,2.203190217678401,17.55932285184969
1790036488.1063054,2.2053911628176146,17.679437112584978
1790036488.1269217,2.2075689284505833,17.795431816766005
1790036488.1465552,2.2096951403538396,17.906119230827457
1790036488.1757069,2.212968104021388,18.070910691058494
1790036488.1870828,2.2142629634510924,18.13527842045877
1790036488.2066286,2.2165394044192026,18.246034932906433
1790036488.2263842,2.218890957446073,18.3581299020453
1790036488.2463334,2.221319884381698,18.471459821547032
1790036488.266723,2.223856165393749,18.58741990883642
1790036488.2874997,2.226494840746105,18.705696910539352
1790036488.3062274,2.228914362909182,18.81239162772662
1790036488.3261402,2.231530051899254,18.925918556896587
1790036488.3462095,2.234206381638554,19.04041042717763
1790036488.3664615,2.2369437529337044,19.15600767980809
1790036488.3866804,2.239712806758918,19.27146928434145
1790036488.4288745,2.2456260276508013,19.5126312122436
1790036488.43084,2.245901731991266,19.523865588319687
1790036488.4472728,2.248220649772568,19.617812672981398
1790036488.4666622,2.2509717756674883,19.728686062680527
1790036488.488108,2.2540268590152195,19.851341996329204
1790036488.5080726,2.256876306471102,19.96554420445743
1790036488.531062,2.2601579648583185,20.097065444572653
1790036488.5498571,2.2628336376331757,20.204601593093837
1790036488.569512,2.265619201846377,20.317065904373912
1790036488.5902374,2.268538506729347,20.435665892029757
1790036488.6103475,2.2713467504178335,20.550754295556533
1790036488.6251793,2.2734011222142914,20.635639272547024
1790036488.646537,2.276318305535247,20.757884322593448
1790036488.6819782,2.281032135904445,20.960785629442068
1790036488.68602,2.281567752599365,20.983924989118897
1790036488.7061014,2.2841789810341178,21.09891554170519
1790036488.7260263,2.2867158938001864,21.213031206653756
1790036488.747233,2.2893555355535695,21.334516288479502
1790036488.7664716,2.2916985842560256,21.444753786800412
1790036488.7851424,2.293923340093068,21.551766971356855
1790036488.8062544,2.2963765960179914,21.672812877548388
1790036488.826136,2.2986331337036963,21.786843845901103
1790036488.850741,2.301341483154159,21.928027208099085
1790036488.8705716,2.303473168625333,22.041860058069425
1790036488.8900552,2.305518785022096,22.153744614951403
1790036488.929766,2.309489645974708,22.381963065633105
1790036488.9324265,2.3097548304138744,22.397253943710883
1790036488.9450684,2.3109967742268682,22.469931442460776
1790036488.9652116,2.3129330428785893,22.585787439155546
1790036488.9856915,2.314861621379233,22.70363846934641
1790036489.005559,2.3166947628787464,22.818019060911926
1790036489.026049,2.318549878871013,22.936043608612
1790036489.0454078,2.32027528691915,23.04760866636033
1790036489.065364,2.322025777322818,23.16267694711805
1790036489.086391,2.3238439929134262,23.283986574701938
1790036489.1077514,2.3256651757654843,23.407289827368434
1790036489.128126,2.327383917917342,23.524968429772326
1790036489.1476014,2.32901087590855,23.637516660414377
1790036489.1759725,2.3313562372644405,23.801601138177237
1790036489.18978,2.332492128937882,23.881488520540014
1790036489.2097926,2.334131283698994,23.99734477629562
1790036489.2294118,2.3357315058607444,24.11099040942382
1790036489.249242,2.337345931994945,24.22592808964882
1790036489.268978,2.3389494816213863,24.340390724541567
1790036489.2883856,2.3405263023113925,24.453014227327724
1790036489.3102643,2.3423029291265833,24.580064561493977
1790036489.330277,2.343930090491554,24.696351831287725
1790036489.344461,2.345085718363431,24.778808278171976
1790036489.369708,2.3471476538849783,24.92569920348591
1790036489.3900282,2.3488124733867566,25.043999116286713
1790036489.4225347,2.3514939117114504,25.233440251218116
1790036489.4243438,2.3516431822061437,25.243984051011488
1790036489.4451132,2.3533632899122234,25.36511222811481
1790036489.464647,2.354987937165517,25.479107832806093
1790036489.4855702,2.356737156479802,25.601295310746217
1790036489.5062056,2.3584717583741672,25.721880159459264
1790036489.526928,2.360223959134084,25.843053191689176
1790036489.5455437,2.3618067688632918,25.9519726297029
1790036489.5656185,2.3635239163710504,26.06950585306909
1790036489.586085,2.3652852588535067,26.18941310819582
1790036489.606184,2.3670252931070124,26.30724106208336
1790036489.6277862,2.368907352446705,26.433968444893324
1790036489.648063,2.3706840990275317,26.55299802384144
1790036489.679588,2.373470185828931,26.73824676930124
1790036489.687604,2.3741800783633193,26.785362080533417
1790036489.7080858,2.3760030676404553,26.905829719727972
1790036489.728514,2.377829660051808,27.02605854093704
1790036489.7483163,2.3796078056421592,27.14267634334297
1790036489.7686038,2.381437057101122,27.26222762874984
1790036489.78881,2.383265771331441,27.381374849318636
1790036489.8097694,2.3851692107915645,27.505045206189763
1790036489.831042,2.3871071750812107,27.630644462292317
1790036489.8501134,2.388849042455424,27.743311210956666
1790036489.869184,2.390594821196855,27.85603763386424
1790036489.889193,2.3924302849356462,27.97438172040829
1790036489.926798,2.3958911443367743,28.197048039103095
1790036489.93019,2.3962033887938663,28.217134502848534
1790036489.9494843,2.397981445959897,28.331451895919336
1790036489.9693754,2.3998161279424277,28.44937131521633
1790036489.989328,2.4016576970682446,28.567721977561245
1790036490.0109863,2.4036576654316084,28.696269660392467
1790036490.029931,2.4054074281542523,28.8087709304221
1790036490.0498648,2.4072485160263617,28.92720662455674
1790036490.069841,2.409093243223256,29.045956161534246
1790036490.0897603,2.410932205915359,29.16442941797073
1790036490.110988,2.4128910941427657,29.290752349703972
1790036490.1313698,2.414770960329473,29.412106717691014
1790036490.1508782,2.4165691359974795,29.528313582337717
1790036490.1807704,2.419321472151894,29.706500961998895
1790036490.1862726,2.4198279810052608,29.739303942513914
1790036490.2075822,2.42178784011383,29.866408378965318
1790036490.2284725,2.4237072850685566,29.99106976126112
1790036490.2526815,2.4259290717498416,30.135612866039164
1790036490.2706325,2.427575048043594,30.242833480787716
1790036490.2905638,2.429400671915519,30.36192942008232
1790036490.3060615,2.4308190016555953,30.45456107224558
1790036490.3287904,2.432896530229087,30.590474338996707
1790036490.3479266,2.4346437593889587,30.704945684325263
1790036490.3678246,2.4364585737512616,30.824019138308667
1790036490.38866,2.4383565738242825,30.948751736279476
1790036490.436511,2.4427039306151737,31.235470881246258
1790036490.4409385,2.4431060604979744,31.262001556018113
1790036490.4475772,2.443708799591466,31.30178748849315
1790036490.4670408,2.445473754798383,31.418467351182997
1790036490.4877195,2.4473464385433203,31.542471050770835
1790036490.509002,2.449271148595798,31.670135016785483
1790036490.529559,2.4511276953261434,31.793482477014976
1790036490.5498517,2.452957961228216,31.915278385414208
1790036490.5687745,2.4546624901704894,32.02888095009713
1790036490.589001,2.4564818771809405,32.15034229089402
1790036490.6100488,2.4583722160684456,32.27676554361798
1790036490.629204,2.460090087748496,32.39184490373938
1790036490.6489644,2.4618595034201673,32.510584054614945
1790036490.6727684,2.4639869499180014,32.653655308816965
1790036490.6896863,2.4654969050710283,32.75535577009553
1790036490.7104578,2.4673476565031924,32.88024513391237
1790036490.7251844,2.468658205131109,32.968800973128
1790036490.7458053,2.4704902318309,33.09282192724406
1790036490.7656407,2.4722496194688888,33.212138584547965
1790036490.7861,2.474061363446571,33.33522640634989
1790036490.805879,2.4758100305866932,33.454240625429165
1790036490.828577,2.4778130711812283,33.59083881385694
1790036490.8476508,2.4794935666787348,33.70564075357835
1790036490.8685942,2.481335731330671,33.831712508456754
1790036490.888025,2.483042078658653,33.94869288524838
1790036490.930321,2.4867430852387735,34.2033849956127
1790036490.9322426,2.4869112076693396,34.2149566750536
1790036490.948372,2.4883204630900373,34.31209038350979
1790036490.96964,2.4901752239044446,34.440183763893685
1790036490.989651,2.4919173410777757,34.56071567662245
1790036491.0106196,2.493739251983752,34.68702240156584
1790036491.02544,2.4950251725318777,34.77629689252618
1790036491.0455372,2.496765513146676,34.89736289630533
1790036491.0655468,2.498494743346761,35.017904422154324
1790036491.0852778,2.5001963301062182,35.1367717492977
1790036491.1064336,2.502016493923789,35.26422581943741
1790036491.1267438,2.5037598569489536,35.386587501109254
1790036491.146227,2.5054284414122936,35.50396792803364
1790036491.187574,2.50895131863603,35.753074143165385
1790036491.1918426,2.5093148247892483,35.77879175822146
1790036491.2077866,2.510669823458743,35.87485059136602
1790036491.227385,2.51233112734653,35.99292576247613
1790036491.2473695,2.5140206532395237,36.11332484801541
1790036491.266935,2.5156702213423974,36.23119781977138
1790036491.2865944,2.517323101758086,36.349632332559246
1790036491.3072965,2.5190582494626454,36.474345090101444
1790036491.3267689,2.520685574535569,36.59164523217845
1790036491.3475733,2.5224184878608775,36.71696364626962
1790036491.3680325,2.5241170934121877,36.840196119056166
1790036491.3878384,2.5257560810904787,36.95948704182774
1790036491.4294298,2.5291737803203675,37.20995885463676
1790036491.432397,2.5294174735056463,37.227827258758815
1790036491.4476154,2.530664047022558,37.31946975490487
1790036491.4680488,2.5323317580233944,37.44250576302853
1790036491.4880695,2.53395979164601,37.56304567625498
1790036491.5089777,2.5356535217705414,37.68891556171394
1790036491.5303986,2.537382008388793,37.81786268314645
1790036491.5502772,2.5389801063512474,37.937512359770295
1790036491.5699449,2.5405553887689494,38.05587829664562
1790036491.5903935,2.5421868728793497,38.1789294733766
1790036491.6110463,2.5438281233461377,38.30319212222669
1790036491.6312273,2.545425672048991,38.42460339416335
1790036491.650463,2.5469427438103533,38.54031681388213
1790036491.684405,2.5496019415045548,38.744455980063584
1790036491.690227,2.5500575412507356,38.77947001090492
1790036491.7061467,2.5512994277505268,38.87520398483939
1790036491.725594,2.5528106573878206,38.99213712698655
1790036491.7463224,2.5544148880258635,39.11675656924207
1790036491.7669978,2.5560084767282474,39.24104115527944
1790036491.7863352,2.557493308930763,39.35726757353998
1790036491.8064232,2.559029703054872,39.47798792131018
1790036491.824933,2.560440327625112,39.589207974662436
1790036491.847884,2.5621816304345955,39.72708128221055
1790036491.8654823,2.563512408495224,39.832776266502094
1790036491.8901913,2.565372137346952,39.98111358215734
1790036491.927147,2.568133848661361,40.20278200184671
1790036491.932433,2.568528462026093,40.234483482207445
1790036491.9518318,2.5699709947641995,40.35073232661602
1790036491.9710858,2.5713973574697744,40.46599881736386
1790036491.9911065,2.57287458849353,40.58570425815917
1790036492.0118554,2.5743991029329267,40.70956662387869
1790036492.0262065,2.5754505625766493,40.79512732155542
1790036492.0511534,2.5772691237458667,40.943468477259806
1790036492.0703275,2.5786614989010492,41.05721458064816
1790036492.0906603,2.5801321414616787,41.17749198241984
1790036492.110978,2.58159576481876,41.29729031703714
1790036492.1272037,2.58276106220808,41.39268585568481
1790036492.1462646,2.584125123019534,41.50432614908217
1790036492.177548,2.586350939457368,41.68629875517558
1790036492.1859646,2.5869488561600558,41.73515826104037
1790036492.2059848,2.5883661046772284,41.85076344310012
1790036492.2273495,2.589872978205997,41.97337964177866
1790036492.2466135,2.59122757347312,42.08328414829038
1790036492.2668536,2.5926463975209426,42.19798115360672
1790036492.2870026,2.594054824245629,42.311343702433184
1790036492.307999,2.595518650186207,42.42853596354222
1790036492.327454,2.596872140804646,42.536276581908545
1790036492.3471413,2.5982390556150574,42.64439147489944
1790036492.3667414,2.5995974698473265,42.75108878827113
1790036492.386614,2.6009725070357588,42.85826410163994
1790036492.4274583,2.6037906419517785,43.073991947377365
1790036492.4290814,2.603902623393557,43.08255788415462
1790036492.4476342,2.6051812475472667,43.17951939564609
1790036492.466861,2.6065052025153226,43.278965102652634
1790036492.4881852,2.6079725273213863,43.38796047570772
1790036492.506415,2.6092261629691818,43.48017738280442
1790036492.5285356,2.6107463466680807,43.59064755882797
1790036492.548842,2.6121412935411565,43.690842815406754
1790036492.5691073,2.613533265008594,43.789624281412216
1790036492.5881836,2.61484357976758,43.881533651014834
1790036492.6087809,2.616258522295861,43.97951434783062
1790036492.6287687,2.617631974642765,44.07341365173142
1790036492.6482763,2.6189729976644522,44.16393346214903
1790036492.6760762,2.6208852481160125,44.29065540212517
1790036492.6878872,2.6216979619687883,44.344085048520476
1790036492.708859,2.623141830564458,44.43767248829777
1790036492.7278552,2.624450277960893,44.52139738964349
1790036492.748908,2.62590098773037,44.61290561367439
1790036492.7676136,2.627190384375879,44.693207218817015
1790036492.7878735,2.628587381498533,44.77901205486016
1790036492.8087192,2.6300252206254275,44.86607050978474
1790036492.828486,2.6313889757466025,44.94752468391145
1790036492.8495886,2.632845238175886,45.03324122538733
1790036492.868132,2.634125103327792,45.10760764418513
1790036492.8886538,2.6355417749470647,45.18874666472732
1790036492.9300835,2.638416229340058,45.34783048808364
1790036492.9316962,2.638528140889595,45.354015784394
1790036492.9495533,2.639774127724702,45.42164212676762
1790036492.970229,2.6412343835785665,45.498794455634815
1790036492.9904475,2.6426906555879794,45.5731486718836
1790036493.010306,2.6441628078294226,45.64513032212338
1790036493.0305912,2.645729011019859,45.71757678721867
1790036493.0494103,2.6472550654037765,45.78386029471105
1790036493.0684297,2.6488948931119833,45.84990963607787
1790036493.0889735,2.650809938001207,45.920166333412446
1790036493.1087396,2.652816523746572,45.98677045507986
1790036493.1307926,2.6553011544335896,46.05985771216508
1790036493.1488109,2.6575250469933356,46.11876702236691
1790036493.1793616,2.66194338949346,46.2163639923285
1790036493.1904924,2.6636516832562656,46.251623429414934
1790036493.211001,2.667177322097069,46.31559174625847
1790036493.231126,2.6710406438643566,46.37742184903938
1790036493.2506611,2.675212646604362,46.436569438226286
1790036493.2709436,2.680044287289779,46.497059987517574
1790036493.2907486,2.6852825193923127,46.555270805462705
1790036493.3108015,2.691164493769569,46.61335748900745
1790036493.3318198,2.6980140011539224,46.673326946714035
1790036493.3456843,2.7028509481333374,46.71249909086262
1790036493.367578,2.711331978296954,46.77342849822075
1790036493.3856924,2.7189604452635567,46.82322688221121
1790036493.426994,2.739707520473704,46.93370568558693
1790036493.430545,2.7415173665118204,46.94318263982487
1790036493.4471624,2.750584340167845,46.98707519458922
1790036493.4669197,2.762241894169157,47.0386512143093
1790036493.4874897,2.77536806687631,47.09172347403437
1790036493.508767,2.79004015734813,47.14598435051633
1790036493.5299122,2.8057319803771588,47.1993172734598
1790036493.5487306,2.820599048590412,47.24633449743985
1790036493.5687747,2.837478241080482,47.29592931111294
1790036493.5889378,2.855527727794957,47.345347052952654
1790036493.608826,2.8743852250266055,47.39364562516544
1790036493.63023,2.8959088662364496,47.44511726775965
1790036493.648926,2.915649195391168,47.48969635635096
1790036493.6764104,2.946700998401607,47.554412199446844
1790036493.6884377,2.9606755198656547,47.582573961338774
1790036493.7086794,2.9852790941047758,47.62951217386871
1790036493.7295637,3.011805190496598,47.67744247452238
1790036493.749844,3.038624242648373,47.723500063588176
1790036493.768994,3.064877060909098,47.76654185662041
1790036493.78941,3.0938949139737817,47.811898184652364
1790036493.8082652,3.121551852160179,47.85331553673906
1790036493.8302112,3.154871551661041,47.90085319600265
1790036493.8492403,3.1845852481564805,47.94154532290442
1790036493.8693988,3.2169566436442643,47.984035542350895
1790036493.8895972,3.250256827588202,48.02596109591762
1790036493.9311273,3.322249044294273,48.109310628176196
1790036493.9331155,3.3257032359869503,48.1132940192088
1790036493.945719,3.3478970623380406,48.138261994731465
1790036493.966113,3.3845504714801287,48.177890100609396
1790036493.9913716,3.4310302032520203,48.22574366303777
1790036494.0115569,3.4688299492320187,48.2631733827426
1790036494.032105,3.5079529902777944,48.30040837775272
1790036494.0524144,3.5472158071551867,48.33633882805531
1790036494.071732,3.5850681120930834,48.36970346067818
1790036494.0913503,3.623998222694093,48.40272593020573
1790036494.111616,3.664699721634925,48.43589703485521
1790036494.132074,3.706248888616627,48.46840650878942
1790036494.1519096,3.746937784712097,48.49899003837016
1790036494.1845927,3.8150114281725784,48.54679890907698
1790036494.1874146,3.8208963060633074,48.550907282769245
1790036494.207283,3.862674837035217,48.578855561563316
1790036494.2273903,3.90529666366711,48.60613225356667
1790036494.2481863,3.949735466149989,48.633262403835005
1790036494.267661,3.9916612668491727,48.65772522646767
1790036494.286725,4.0330047751146125,48.68077226438232
1790036494.3068647,4.077028798797403,48.70412454218151
1790036494.3271432,4.12171975675083,48.72664155061392
1790036494.3470137,4.165879515172511,48.747766500184596
1790036494.3671048,4.210927970777387,48.768190156418996
1790036494.3868294,4.255565005022149,48.787362396764664
1790036494.4298625,4.355166851950913,48.82526968008419
1790036494.4311836,4.358226607289132,48.82642970301393
1790036494.44836,4.398383254141034,48.84091214727928
1790036494.4674094,4.4434076712082815,48.856267384583255
1790036494.4870057,4.490271549336788,48.87135291146277
1790036494.507162,4.5390858251315365,48.886158501887
1790036494.527111,4.58802935927167,48.90015657245892
1790036494.548074,4.640194432942225,48.914190373646136
1790036494.568406,4.691512911060623,48.927213351614185
1790036494.5882869,4.74241113134784,48.93942699510196
1790036494.6088293,4.795804013055792,48.95154235192653
1790036494.6319764,4.857019790350422,48.9646189357508
1790036494.6521757,4.911271681571507,48.97563999619802
1790036494.6860447,5.0047368882956915,48.993321044660135
1790036494.691823,5.020754860357614,48.99631399377172
1790036494.7078917,5.065870470149465,49.00448654010194
1790036494.729854,5.128628578178136,49.015440387244105
1790036494.7490032,5.184197731854999,49.02487290416724
1790036494.7694955,5.244658903076183,49.03488390998906
1790036494.7885432,5.301732709082749,49.04416095195251
1790036494.8092835,5.364936009402598,49.05427751390983
1790036494.8339846,5.441731605195092,49.06641219368407
1790036494.849638,5.491015716525099,49.07416037008867
1790036494.868292,5.550634044514394,49.08350672159276
1790036494.888827,5.6173470402384575,49.093963977963575
1790036494.9323485,5.763639212343342,49.11702365032146
1790036494.935452,5.774096325145723,49.11867318710382
1790036494.949396,5.821588180287494,49.12619675144372
1790036494.9696505,5.891649011329156,49.13737862891719
1790036494.9891613,5.960136929006764,49.14839279780453
1790036495.0097654,6.033575280590727,49.16030470901753
1790036495.0305183,6.1086719644500125,49.172589086812096
1790036495.0501215,6.1806146092079866,49.18445106311319
1790036495.0700002,6.254599976925768,49.196744716070796
1790036495.0904195,6.331680869004012,49.209649912584496
1790036495.111255,6.411454236239868,49.22310069388448
1790036495.1280568,6.4765098627056705,49.23412612719537
1790036495.1514454,6.568457003954031,49.249808095427916
1790036495.1804762,6.684700156600442,49.26976637150778
1790036495.1915884,6.729499594968476,49.27747451902375
1790036495.2117643,6.81182186545284,49.29168401862055
1790036495.226419,6.872122797104952,49.30211107550307
1790036495.2517087,6.977648507456281,49.320400329135346
1790036495.272153,7.063883082053916,49.33536812197665
1790036495.2918286,7.147707594811864,49.349929614366516
1790036495.311232,7.231147654414151,49.36442925990848
1790036495.3320477,7.321517400761268,49.3801306212467
1790036495.3511937,7.405331452937502,49.39468816182406
1790036495.3710122,7.492798216333697,49.409868772888785
1790036495.391731,7.5849745497687175,49.42584828111292
1790036495.4318492,7.766060517697459,49.45717017608193
1790036495.434907,7.779876820839633,49.45955941134984
1790036495.446837,7.83398825739628,49.468907317815166
1790036495.467298,7.927363098673524,49.48500642165128
1790036495.4874957,8.020054336084318,49.50095412337008
1790036495.507768,8.113579591984758,49.51700850618207
1790036495.5291913,8.212926179240409,49.534019050927036
1790036495.5477605,8.299397565070539,49.54879072342842
1790036495.5681193,8.3946027833837,49.5650121125148
1790036495.5871706,8.48402104561357,49.58020916147286
1790036495.6082096,8.583140588484584,49.59700692696048
1790036495.6290312,8.681573439821957,49.61364056300237
1790036495.6487894,8.77526163687287,49.629432685512505
1790036495.6830387,8.938451034384466,49.65681889469789
1790036495.6875358,8.959890893864314,49.660414814794215
1790036495.7081532,9.058429865547796,49.6768976758585
1790036495.7284243,9.15553076908739,49.69309736160871
1790036495.7487242,9.252970644844545,49.70931102514262
1790036495.768855,9.349785168753636,49.725378179349086
1790036495.788806,9.445901841612098,49.741288170104724
1790036495.8089626,9.543171927218783,49.75734632419155
1790036495.8302035,9.645841266336454,49.77424862323453
1790036495.8515651,9.74925364052837,49.79122053853723
1790036495.8714335,9.84556450227855,49.80698184119034
1790036495.891738,9.944116878879441,49.823062338316895
1790036495.932056,10.140273638213298,49.8548823325747
1790036495.934427,10.151811013188473,49.856753245827164
1790036495.9465168,10.210676902044847,49.866282091049555
1790036495.9665282,10.308212730827591,49.882024458083286
1790036495.98687,10.407458163378033,49.89799458393342
1790036496.0070724,10.506118373300009,49.9138227037805
1790036496.0266874,10.601993830222526,49.92915944050544
1790036496.0473444,10.70305499056811,49.94527592205268
1790036496.067428,10.801397590516174,49.960911307323755
1790036496.0884857,10.904602660025912,49.97726731670505
1790036496.1086636,11.003577434314964,49.992905020175066
1790036496.129279,11.104783067509668,50.00884475053649
1790036496.1483936,11.198695792889273,50.023591881109475
1790036496.1772373,11.340576499965382,50.04577027196548
1790036496.187669,11.391911034690748,50.05378156603362
1790036496.2078264,11.491184021912055,50.06922444581977
1790036496.2290716,11.595903068678345,50.085458732842845
1790036496.2494278,11.696321192229219,50.100974560979935
1790036496.2703488,11.799607598681177,50.11687921186259
1790036496.2900476,11.896934398829298,50.131817569774235
1790036496.3090255,11.990767488016372,50.1461745498648
1790036496.3306432,12.097742931113249,50.16248367240182
1790036496.3497038,12.19213581172388,50.17682865721202
1790036496.3683195,12.284390575399067,50.190805642805756
1790036496.386295,12.373534160924821,50.20427125160605
1790036496.4138684,12.51042001460339,50.22485470574973
1790036496.4267538,12.574420322746734,50.23445796195297
1790036496.4496596,12.688288629271737,50.25148546205775
1790036496.467502,12.77704599832115,50.26472256961068
1790036496.4860437,12.869345619606564,50.27845005091383
1790036496.508062,12.979044283279409,50.29471198479582
1790036496.5290682,13.083787934535092,50.310191216139145
1790036496.5485382,13.180942188812713,50.32450827490462
1790036496.5681603,13.278929168661804,50.338907200278605
1790036496.588377,13.37996494600435,50.353711202854846
1790036496.6087594,13.481911038781742,50.368605309369634
1790036496.628801,13.582233902761017,50.38322075309863
1790036496.6492696,13.684774830155213,50.398116996678226
1790036496.6771362,13.82453062151088,50.418341900494454
1790036496.6897235,13.887689759400997,50.42746631655851
1790036496.7093737,13.986367458965917,50.44168396637898
1790036496.730276,14.091424033501287,50.45677798867036
1790036496.750462,14.192961742087983,50.47132785157953
1790036496.7696476,14.289542420132502,50.48513291983085
1790036496.7900798,14.392484444412439,50.4998089353942
1790036496.8108077,14.49700485296474,50.51467115875894
1790036496.8314364,14.601115206910288,50.52943702993164
1790036496.8471234,14.680335621755503,50.54065160659849
1790036496.8684585,14.788173548427745,50.555883291487156
1790036496.8878784,14.88640943050275,50.569727441311194
1790036496.940714,15.154264276505462,50.60724801455092
1790036496.944691,15.174429547816885,50.61007149161178
1790036496.948558,15.194040569614044,50.612816359453056
1790036496.9683042,15.294256159280232,50.6268174837755
1790036496.9873097,15.390786968975744,50.64028088471879
1790036497.0086358,15.49919348034392,50.65537308017761
1790036497.028252,15.598983324223651,50.66924324404714
1790036497.047769,15.698344683108255,50.683032288865036
1790036497.0673962,15.798341684146008,50.69688850952309
1790036497.0882902,15.90488000705624,50.71162811546862
1790036497.1082504,16.00673167457909,50.725699727143024
1790036497.1309893,16.12286054051108,50.74171942936799
1790036497.1516206,16.228306259275563,50.75624607926001
1790036497.1855478,16.401924791820605,50.7801144880988
1790036497.192921,16.439666051683176,50.785300737849774
1790036497.213004,16.542540009731397,50.79942179217856
1790036497.2297714,16.62847898437996,50.81120789739928
1790036497.248839,16.726272229787693,50.824607279496114
1790036497.2682192,16.825736314023757,50.83822326216305
1790036497.2892478,16.933737680635026,50.8529943776259
1790036497.3090582,17.03554870267177,50.866907975177185
1790036497.3292322,17.139296378086534,50.881075823229175
1790036497.349966,17.24599462575342,50.89563621402891
1790036497.3678665,17.338165388397783,50.90820708553092
1790036497.3907003,17.455824803481985,50.92424356637559
1790036497.4157195,17.584842122075372,50.94181750876082
1790036497.425828,17.636984671261477,50.948918479350255
1790036497.449276,17.758020734238972,50.96539425820888
1790036497.4667845,17.84844386786288,50.97769940838571
1790036497.489939,17.968106609794713,50.99397820398058
1790036497.507841,18.060669185875945,51.00656824040025
1790036497.5305316,18.178059925418548,51.02253270718442
1790036497.5481985,18.269502011724274,51.03496728474609
1790036497.5669374,18.366539992160007,51.048162276403794
1790036497.5900035,18.486054418546967,51.064413669106685
1790036497.6077254,18.577919016031313,51.07690583410222
1790036497.6307297,18.69723261856036,51.09313243378233
1790036497.6485898,18.789902458865097,51.10573750203684
1790036497.6745503,18.924677162754314,51.124075003920254
1790036497.6863794,18.986103971288355,51.132434054393826
1790036497.711052,19.114289394436195,51.1498842237063
1790036497.7302186,19.21390779609275,51.16344993517212
1790036497.7477343,19.30497608762531,51.17585541721831
1790036497.7658677,19.399285535267964,51.18870770793142
1790036497.792112,19.535837452244845,51.20732885679716
1790036497.812064,19.639681969317913,51.22149716346222
1790036497.8321946,19.744489259488436,51.23580492485528
1790036497.8520558,19.847921289567488,51.24993368453142
1790036497.8679843,19.93088653891682,51.26127307342371
1790036497.8868918,20.02937975370952,51.27474522178202
1790036497.9349475,20.279692323617255,51.30906662545717
1790036497.9382126,20.296699312305453,51.31139897110014
1790036497.9470074,20.342500874705244,51.31768404732945
1790036497.9672737,20.44798082978695,51.33218225657458
1790036497.9880917,20.55623340596101,51.34709147869013
1790036498.008206,20.660703410581277,51.361512066154
1790036498.0284667,20.76577506269468,51.37605351914445
1790036498.049271,20.873458706978422,51.391001873826305
1790036498.069531,20.978086074562484,51.40557494658784
1790036498.091171,21.089525569007037,51.42115914405828
1790036498.111736,21.195096526065285,51.435985874304066
1790036498.12831,21.279931114621395,51.447946120230114
1790036498.151804,21.399627066298564,51.464922379747726
1790036498.1688192,21.485987827631703,51.47722893604503
1790036498.1872032,21.578873054667,51.490539261516815
1790036498.2103355,21.69501469481792,51.50730947685355
1790036498.2274942,21.780723392551483,51.51976115904307
1790036498.2509327,21.89691202417772,51.53678735570238
1790036498.2682438,21.982203653169076,51.549375187764284
1790036498.2917843,22.097154308546116,51.566516367703656
1790036498.313439,22.201964427409052,51.582304432252094
1790036498.333208,22.296825139900807,51.59673084191036
1790036498.34771,22.365944742839858,51.60732239446769
1790036498.368846,22.465644549266944,51.6227783366055
1790036498.3883114,22.556545015149823,51.637028816644566
1790036498.4291,22.742837678522218,51.666960913752604
1790036498.4331589,22.761332702611288,51.66994012452268
1790036498.4487815,22.831868570615995,51.681415087228785
1790036498.469108,22.922512834140242,51.69636263465456
1790036498.4884455,23.007702654234606,51.7105985092308
1790036498.5095582,23.099449038667387,51.7261598076844
1790036498.5309412,23.19106095957267,51.74193916489029
1790036498.5495756,23.269891897990995,51.75570104815603
1790036498.5701454,23.355677909289387,51.770909808432044
1790036498.58967,23.4359879646015,51.78536137415621
1790036498.6095135,23.51645244874179,51.800064994123154
1790036498.629002,23.59435933404322,51.81452073870645
1790036498.6489332,23.672865716666667,51.82931666548294
1790036498.6787703,23.78777391419611,51.851501307210135
1790036498.6887054,23.82574664649995,51.8588921296912
1790036498.7088776,23.90165709054049,51.87391367532705
1790036498.728985,23.976149088626887,51.88890232867163
1790036498.7494092,24.05060813780117,51.90414253842035
1790036498.7684157,24.11886050328666,51.918338524467096
1790036498.7888525,24.19105617525257,51.93361845666407
1790036498.8090563,24.261267080903206,51.94873967264717
1790036498.8282812,24.327031221414497,51.963142342341165
1790036498.8480778,24.393651048067316,51.977988457865685
1790036498.8721013,24.472881153931937,51.99602703544335
1790036498.8922749,24.538283744952544,52.01119080201232
1790036498.9245028,24.639892711820917,52.03545683183565
1790036498.932655,24.665412648153325,52.04159771798545
1790036498.9525597,24.72663765943366,52.05660737780211
1790036498.9722276,24.78608242938348,52.07145421156208
1790036498.9924362,24.846054898329374,52.086725934837396
1790036499.011838,24.902619304994964,52.10139970991596
1790036499.0327296,24.96235478354221,52.11721833330784
1790036499.047284,25.00340189954523,52.128247255626356
1790036499.067839,25.060246388098193,52.14384106306587
1790036499.0879734,25.11484890838644,52.15913283354886
1790036499.1083937,25.169119316475047,52.17465932363122
1790036499.129038,25.222854624586628,52.190374299805285
1790036499.1487613,25.27316580000476,52.2054045042148
1790036499.185079,25.362332663799492,52.23313693000743
1790036499.1908717,25.3764662902952,52.23756162710107
1790036499.2095928,25.4212231353742,52.25187673453312
1790036499.23063,25.470354294168768,52.267981728132185
1790036499.2512326,25.51735656004914,52.28377226283331
1790036499.2721064,25.563834066297158,52.29978924039339
1790036499.291885,25.606846672820424,52.31498246739006
1790036499.312433,25.650425890713088,52.33078495304307
1790036499.3327458,25.69242425517703,52.34642415219413
1790036499.351755,25.730779368537306,52.361074996525346
1790036499.3725655,25.771634160808567,52.37713257565137
1790036499.392665,25.810033830052625,52.39265831462109
1790036499.4332356,25.88322822990123,52.42404943689931
1790036499.435496,25.887292944704605,52.4257986415652
1790036499.4534588,25.918747096639358,52.43971198821787
1790036499.467481,25.942785102001107,52.45058110719487
1790036499.4875162,25.97607789862655,52.466127639136474
1790036499.506839,26.007206374868215,52.48113318354849
1790036499.5285578,26.040950924478576,52.49801444108735
1790036499.5482612,26.070539548665813,52.51334591893156
1790036499.5682478,26.099498982616844,52.52891510253598
1790036499.5868368,26.12552170459768,52.54341094554037
1790036499.6066282,26.15219317785057,52.55885844371962
1790036499.6274958,26.17916485787107,52.57516208637241
1790036499.648622,26.205287541418507,52.59168493619544
1790036499.6832068,26.244880271733443,52.61878077438241
1790036499.6879933,26.25029910576614,52.62253195843866
1790036499.7076027,26.271476555483797,52.63791590813212
1790036499.73261,26.296820186097378,52.65756103702789
1790036499.7481556,26.311931740533765,52.66978376096796
1790036499.7673063,26.329568283469502,52.68485719535262
1790036499.7879252,26.347420817031765,52.701105222052156
1790036499.8125129,26.367090292923855,52.72050804594482
1790036499.8284855,26.37918493980882,52.73312418777535
1790036499.848872,26.393508601208442,52.7492458956772
1790036499.8697312,26.40699641252817,52.76576187499166
1790036499.8903184,26.41917000843313,52.782082528255806
1790036499.9270427,26.437253087503613,52.81126064048097
1790036499.9295208,26.43845678403784,52.81322984792004
1790036499.9492426,26.446986106542493,52.82892052202714
1790036499.9690156,26.454479268433936,52.84467126997385
1790036499.9894536,26.461094621510895,52.86097279971208
1790036500.010183,26.46663900389034,52.87752881247248
1790036500.030883,26.471015726873112,52.894083578277
1790036500.050467,26.47411488120478,52.909766040465826
1790036500.070743,26.476208537403558,52.92602460570099
1790036500.090515,26.47718867043577,52.94189873551831
1790036500.1101682,26.477114104732557,52.95769494904389
1790036500.1322722,26.47570555064281,52.97547727574008
1790036500.1518,26.473432103313044,52.99119325638857
1790036500.1846457,26.46671197255808,53.01762057403289
1790036500.1882503,26.465940054486893,53.02052036780675
1790036500.2081995,26.460626100617624,53.03654004707362
1790036500.2291927,26.453897966063224,53.053347805287856
1790036500.251367,26.445551679785776,53.07102128291749
1790036500.2685502,26.4383557688637,53.08465264087609
1790036500.2920926,26.427169589498355,53.10317595724993
1790036500.3107128,26.417514976571717,53.11770859652324
1790036500.3278215,26.407983794457397,53.13094175070197
1790036500.3509955,26.393904849008155,53.14860787612711
1790036500.3684573,26.38266147421804,53.161752657006645
1790036500.391569,26.366714687280275,53.17881660988149
1790036500.4168627,26.34804566240722,53.19704113619697
1790036500.4274695,26.34001375375059,53.20459505669702
1790036500.4512513,26.32104591558537,53.22104699256037
1790036500.471159,26.304536721900902,53.234446650392954
1790036500.491241,26.287282496602106,53.24755503660024
1790036500.5127106,26.268193473932126,53.261063257658435
1790036500.5286598,26.253684777145722,53.27079954512094
1790036500.5505033,26.233249819678843,53.28353399360277
1790036500.569265,26.215316913745085,53.29399748640073
1790036500.5909057,26.194165018732598,53.30539641356994
1790036500.609383,26.175794854222254,53.314610949635565
1790036500.6303372,26.154598728941693,53.324351210548265
1790036500.6508422,26.133534097309667,53.33316580812728
1790036500.6848235,26.09780435574576,53.345699081661564
1790036500.6901717,26.092161672201595,53.34761768825804
1790036500.710533,26.0704095744259,53.35410394224979
1790036500.7300372,26.049331220990297,53.359534481654954
1790036500.7498798,26.02763332403026,53.36421936201546
1790036500.770115,26.005231215081057,53.3680950771647
1790036500.7909012,25.98191480628488,53.371098563178094
1790036500.8108852,25.95919603453248,53.3730619550609
1790036500.8312137,25.935750658104833,53.37408543502587
1790036500.8513715,25.912144490889617,53.37413425047217
1790036500.871416,25.888286854913595,53.37321759483003
1790036500.892182,25.863128330408472,53.37122862310048
1790036500.9319882,25.813152091987305,53.36358437974778
1790036500.9378786,25.805715717232356,53.36236957384621
1790036500.9512494,25.788611870622038,53.35918163115658
1790036500.9719374,25.761579985161603,53.35322555871427
1790036500.992182,25.73455834978153,53.346424702397805
1790036501.0141785,25.704493611843986,53.33789772534739
1790036501.0324044,25.679078289910628,53.33006011947069
1790036501.0529947,25.64970179545665,53.32023041051839
1790036501.073522,25.61973352402867,53.30947333507513
1790036501.092662,25.59118132764651,53.29862167933574
1790036501.1117108,25.56214701359634,53.28701854951708
1790036501.1296537,25.534238313490476,53.27538858508377
1790036501.1469278,25.506841750820126,53.26355126432266
1790036501.1699252,25.469420248519505,53.24667655830083
1790036501.1874375,25.440367735130593,53.23318759279172
1790036501.2106678,25.400836634593514,53.21418880029054
1790036501.228901,25.36919398903004,53.19860617894149
1790036501.251986,25.328135277277394,53.17781462659285
1790036501.2700334,25.295426760138117,53.16091978823316
1790036501.290466,25.25760986312298,53.1409832756211
1790036501.3108697,25.219061835772802,53.12028035612094
1790036501.3312955,25.179683388791897,53.098768315328144
1790036501.3503072,25.142348184451837,53.07807277560666
1790036501.3713677,25.100153013698712,53.054331247122896
1790036501.3907142,25.06068688011934,53.03184018173705
1790036501.4297087,24.978267228444196,52.983759181274685
1790036501.4331522,24.97096672729194,52.979492071634844
1790036501.4519086,24.930539763114517,52.955625419976194
1790036501.4714026,24.887813068865757,52.930151449747854
1790036501.491681,24.842601555308672,52.90293608751611
1790036501.8659232,23.89655658738555,52.234767906602606
1790036501.9324784,23.725062690821737,52.11224354433912
1790036501.93706,23.713242793877434,52.10379263511847
1790036501.9506726,23.67801183179852,52.078550537435966
1790036501.9738147,23.617824331733107,52.03528613014744
1790036501.9901328,23.57525649341587,52.004622624065284
1790036502.0099788,23.523324101561457,51.96712177984488
1790036502.0298924,23.471079783110294,51.929312518499515
1790036502.0505328,23.41681214317614,51.8899608251467
1790036502.0732603,23.35694983020523,51.84647127184478
1790036502.0904331,23.31167688258192,51.81354256382581
1790036502.1108272,23.257883274029844,51.774374127170596
1790036502.132486,23.200756578872213,51.732738981660944
1790036502.146971,23.16256679985627,51.70489449650653
1790036502.182216,23.069825585603997,51.637247714912625
1790036502.189332,23.051111742729866,51.62359813298131
1790036502.2083158,23.001291974237393,51.58727286312929
1790036502.2290173,22.947115036122767,51.54780283117283
1790036502.24904,22.89488435016172,51.509795301631776
1790036502.2715409,22.8364416586015,51.46733643218641
1790036502.288848,22.791659132008643,51.43485212162813
1790036502.3084562,22.7411696007244,51.398307145485475
1790036502.3292634,22.687901410968223,51.35985451375065
1790036502.349654,22.636025879699464,51.32252112846791
1790036502.373613,22.57556217819941,51.279184588586304
1790036502.390419,22.533412540926932,51.24907229026341
1790036502.4313543,22.432406934934434,51.177549888847174
1790036502.4347525,22.42403442110053,51.171626160446166
1790036502.450609,22.3852540221929,51.14430364098282
1790036502.4732516,22.33050146919415,51.10597922096967
1790036502.4919093,22.285832655053465,51.074897480984895
1790036502.5115142,22.23942033011602,51.04281918020025
1790036502.5327485,22.189796455045613,51.00879084847729
1790036502.5526252,22.143942571385953,50.97759883711089
1790036502.573631,22.09618552579097,50.94540612447437
1790036502.593649,22.051338579550674,50.91545816513305
1790036502.6131752,22.00825237428037,50.88696788216684
1790036502.6344068,21.96221498697364,50.856874321197964
1790036502.649426,21.930066958971832,50.83604397771817
1790036502.680424,21.86555126913189,50.79504705145817
1790036502.6901026,21.84559068045231,50.782444939720044
1790036502.708898,21.807535092722013,50.75873731093619
1790036502.7291553,21.767355121854916,50.73408759884672
1790036502.750631,21.725709395883204,50.708980720435136
1790036502.771196,21.686713773670967,50.68588331279232
1790036502.790082,21.651651853258326,50.665474208501074
1790036502.8106005,21.614448889466072,50.644253712735384
1790036502.829847,21.580338718374303,50.625186074340746
1790036502.8503366,21.544916451428282,50.60583768660879
1790036502.8724108,21.507787402003665,50.58609045700595
1790036502.889603,21.47949691028976,50.57137550976585
1790036502.933498,21.411364973693956,50.53809082491581
1790036502.9353728,21.408462201194798,50.53667693328307
1790036502.9518485,21.38352250874394,50.52485195001434
1790036502.972622,21.352976491570622,50.510884533602756
1790036502.99311,21.32371762235398,50.498017443162496
1790036503.0138044,21.295043285241263,50.48594256400741
1790036503.033564,21.26846088570345,50.47524319152772
1790036503.0532112,21.24280951252641,50.465417895378
1790036503.0731366,21.217590808296176,50.45627936199177
1790036503.09291,21.193344383027906,50.448016683973634
1790036503.1135385,21.168891800133082,50.44026331917146
1790036503.1345344,21.144868786154547,50.43325882614449
1790036503.1492617,21.1284403184635,50.428777260959244
1790036503.1823115,21.093680676734092,50.4208695536521
1790036503.1885026,21.08724293947202,50.41946314239679
1790036503.208426,21.06728124692379,50.41570548237194
1790036503.229086,21.04738990102786,50.41262428365524
1790036503.2499588,21.028111267129255,50.41033638598406
1790036503.2730875,21.00774845875882,50.40880319560834
1790036503.29342,20.990612989913913,50.4082240075928
1790036503.3139174,20.974115670094154,50.4084155840249
1790036503.3341458,20.958587918921292,50.40935281695043
1790036503.3535025,20.944414387426363,50.41092756421026
1790036503.3703513,20.93259078277719,50.41280843251557
1790036503.3885844,20.920393843065362,50.41543554704135
1790036503.430457,20.895487102075176,50.4244926427922
1790036503.4333532,20.893779234222144,50.4251334664467
1790036503.450175,20.884348545304725,50.42933140709285
1790036503.4719372,20.87295220503276,50.43554050703593
1790036503.491006,20.86356806566282,50.441561658591
1790036503.510517,20.854580962249198,50.44831307156621
1790036503.5311394,20.84574591643066,50.45608490886084
1790036503.5505672,20.837993384175352,50.463950454764706
1790036503.5736818,20.82955343755272,50.47404498278386
1790036503.5906353,20.82376689044415,50.481826137880006
1790036503.610824,20.817425906441414,50.491602834119846
1790036503.6303926,20.811773614853834,50.501534460201704
1790036503.6509604,20.80635384235048,50.512449995924925
1790036503.6804194,20.799608934895986,50.52900634521832
1790036503.691579,20.79719250197239,50.535402607130465
1790036503.7117,20.79326294930467,50.54731396813748
1790036503.7320707,20.789701239744566,50.55973827050236
1790036503.753123,20.78644016320831,50.57294119411221
1790036503.7723155,20.783795566920173,50.585257237248044
1790036503.7923377,20.781374927401508,50.59838894465258
1790036503.812185,20.77928714559418,50.61166197906843
1790036503.8329144,20.77742489448983,50.62578035122444
1790036503.848681,20.776182406850246,50.63665511877689
1790036503.871281,20.774734803685597,50.65249710000377
1790036503.8935685,20.77361270172032,50.66834610504097
1790036503.9329352,20.77252853636942,50.69698329007721
1790036503.9360616,20.77244769300417,50.699261185553944
1790036503.9488122,20.772200172250205,50.70860568483701
1790036503.9711847,20.772000316923005,50.725148874806244
1790036503.9880054,20.77197460946669,50.7376608584516
1790036504.0082784,20.772113662339482,50.7528361865344
1790036504.0291228,20.772425865333005,50.768527795892524
1790036504.0500915,20.77289784005829,50.784387938133435
1790036504.0720315,20.773554363775922,50.80105296361789
1790036504.0887609,20.774144157421212,50.81379454879096
1790036504.108922,20.774977007693344,50.829191349917025
1790036504.1294012,20.775941737984756,50.84486578574833
1790036504.1504302,20.777050628013836,50.86098979066016
1790036504.187322,20.7793310887759,50.88935199205544
1790036504.1913474,20.779583581496293,50.89244728231692
1790036504.2112615,20.78091744170296,50.90776716649002
1790036504.2312438,20.782336749632293,50.92314151977564
1790036504.2517824,20.783876742990657,50.93894076715148
1790036504.2738,20.785616445903294,50.95586862876621
1790036504.291243,20.787047931620318,50.96927080817173
1790036504.3108847,20.788724262981546,50.98434745563281
1790036504.3313465,20.790537673323847,51.00003435163291
1790036504.3519092,20.79242503487562,51.01577616158844
1790036504.3719208,20.79432106231298,51.031072392590914
1790036504.3921578,20.796297027904533,51.04651420698105
1790036504.4344552,20.800674399300483,51.078663278567745
1790036504.4370513,20.800943935636276,51.08063607519492
1790036504.4523156,20.8025576263209,51.09221853046206
1790036504.472469,20.80473709475852,51.10748018955206
1790036504.4921365,20.806906800485354,51.12234069332944
1790036504.5128286,20.809235836043733,51.13793781456867
1790036504.5331273,20.811564005421765,51.153201369660195
1790036504.553788,20.813977816017065,51.16869800147602
1790036504.573464,20.816315970798463,51.183420190276976
1790036504.594225,20.818826403435043,51.19891392397335
1790036504.6132307,20.82116052756758,51.213063743174835
1790036504.6337602,20.823723313753735,51.22830803463481
1790036504.653267,20.826195491798195,51.24275660203079
1790036504.6807616,20.829747408224403,51.263055207713606
1790036504.6882937,20.83072544030587,51.26861096015543
1790036504.709049,20.83345780506189,51.28388250407784
1790036504.7345843,20.836875566723414,51.302614540206605
1790036504.7538128,20.83948079074806,51.3166886008271
1790036504.7743871,20.84230448560595,51.33171253483367
1790036504.7945695,20.845109008118136,51.346417155831126
1790036504.814148,20.84786219949574,51.360651485309326
1790036504.8346295,20.85077806069873,51.37551018645254
1790036504.850687,20.853085949826426,51.387140167006415
1790036504.8730202,20.85633830809483,51.40327945759585
1790036504.8944466,20.85949767670868,51.41873164594342
1790036504.9309895,20.864999809007617,51.444996409500135
1790036504.9341986,20.86548387446991,51.44730226706621
1790036504.95387,20.868484355626027,51.461413397722275
1790036504.9741583,20.87161439052503,51.475943163002576
1790036504.9903886,20.874141164811153,51.48755226949136
1790036505.0113592,20.877444066813343,51.502528806831705
1790036505.031619,20.880670791546805,51.516977169602725
1790036505.0514555,20.88386443421022,51.531104772520266
1790036505.072924,20.88736117574549,51.54637370795019
1790036505.0916593,20.890443578033555,51.55968364577031
1790036505.1115806,20.893756099681237,51.573819782079575
1790036505.1315815,20.897117428272228,51.587997011115064
1790036505.151796,20.90055125170594,51.60231107338724
1790036505.183084,20.905954500376236,51.62443413960193
1790036505.1911497,20.907353309511603,51.630135305116426
1790036505.211211,20.910869070772694,51.644304760340646
1790036505.231728,20.914503084009073,51.65878633601115
1790036505.2523031,20.91818606715786,51.673300246381494
1790036505.272408,20.92182186172319,51.68747556822033
1790036505.2927003,20.9255292721755,51.70177746878598
1790036505.3122375,20.929133516204413,51.71554326711697
1790036505.332574,20.932919921640757,51.72986691378232
1790036505.3535476,20.9368616638188,51.74463550929216
1790036505.3721635,20.940389068193305,51.7577423509077
1790036505.3928645,20.94434395474806,51.77231961776811
1790036505.4351022,20.952559108089957,51.802067534619084
1790036505.438669,20.95325386133094,51.80457965257512
1790036505.451873,20.955838568003887,51.81388235165718
1790036505.4721477,20.959836982007857,51.82817436266542
1790036505.4920669,20.96379344679378,51.84222453014068
1790036505.5127866,20.967939002660682,51.85685022004373
1790036505.5331285,20.972037527589038,51.87122069334693
1790036505.5539722,20.976266757806997,51.88595930893211
1790036505.5729606,20.98014375954444,51.89939807304084
1790036505.593334,20.984330980844984,51.91383219285578
1790036505.6133769,20.988476407751264,51.928047571144525
1790036505.6341078,20.992791533106455,51.94276850667274
1790036505.6543486,20.99703025570196,51.95715872669446
1790036505.6798053,21.002400637581953,51.97528596965932
1790036505.6935923,21.0053205111299,51.985112207823256
1790036505.713407,21.009539757150264,51.999253282281316
1790036505.733747,21.013894393442353,52.01378970287864
1790036505.7489722,21.01716694214348,52.024682654128924
1790036505.7727726,21.02230947047469,52.04173699913192
1790036505.7895622,21.0259522830557,52.05378321193308
1790036505.809877,21.03037837946074,52.06837899062479
1790036505.8292584,21.034620171594756,52.08232588528729
1790036505.8541565,21.04009524367016,52.10027484335622
1790036505.8736274,21.044392197823374,52.114331456246845
1790036505.8919983,21.048459528739578,52.127612087249396
1790036505.9343133,21.057894360565758,52.15830033257744
1790036505.9372685,21.058553581787837,52.1604440243736
1790036505.953864,21.062264893978938,52.17249790691044
1790036505.973872,21.066752144223198,52.18705293877775
1790036505.9886966,21.070083603109847,52.19784996103752
1790036506.009218,21.074707244004404,52.21282033086626
1790036506.0338397,21.080270779453294,52.23081695708722
1790036506.048332,21.083550592459982,52.241421871938726
1790036506.071134,21.08872267081002,52.25813774215025
1790036506.0932124,21.09374055892453,52.27435122195604
1790036506.114339,21.098550607118888,52.2898918489888
1790036506.1344998,21.103147809682103,52.30474562590224
1790036506.1485417,21.106352964845925,52.31510288817681
1790036506.1828854,21.114209921948312,52.34050479183688
1790036506.188156,21.115416052501228,52.34440469159522
1790036506.2083976,21.120053376682556,52.35940713225373
1790036506.2287695,21.12472509547055,52.37453089747958
1790036506.2504685,21.129705645345606,52.390668158088076
1790036506.2711816,21.13446346461331,52.40609798892189
1790036506.293041,21.13948783102913,52.422410388597775
1790036506.313116,21.144104287526755,52.43741554708522
1790036506.333631,21.14882379068061,52.45277474779545
1790036506.354664,21.153663968745995,52.468548738507124
1790036506.3732326,21.15793782168971,52.48249550860025
1790036506.3931277,21.16251755338265,52.49746300893521
1790036506.4358711,21.172357372307374,52.529732883425545
1790036506.4388597,21.173045355746517,52.53198971364085
1790036506.4538603,21.176498132590584,52.5433314577316
1790036506.4707584,21.180386834647795,52.55612572491935
1790036506.4892178,21.18463341169869,52.57012329064831
1790036506.508932,21.18916672287413,52.58509677813622
1790036506.5292237,21.193830263221336,52.600534287480826
1790036506.5505571,21.19873006703574,52.61679267834256
1790036506.5723429,21.20372998377809,52.63342509350525
1790036506.5887756,21.207498957435106,52.64598738520426
1790036506.6094964,21.212247150052473,52.66185409322444
1790036506.630043,21.216950803761804,52.677613281560085
1790036506.6514902,21.221855070041656,52.69409110276256
1790036506.6774237,21.227776342323537,52.714056409318175
1790036506.6923192,21.231175717762678,52.725535587643414
1790036506.7119727,21.235657763154737,52.74070201368768
1790036506.7318757,21.24019037646829,52.75608434109687
1790036506.7530787,21.24501475489166,52.77249469513015
1790036506.772885,21.249517327832894,52.78784439808338
1790036506.7926266,21.254000849886342,52.803163616847804
1790036506.8127272,21.258561264236736,52.81878164305567
1790036506.8327563,21.26310049653366,52.83436409931949
1790036506.8539584,21.267899662273653,52.85088139646705
1790036506.874021,21.272435400969538,52.866530520837586
1790036506.8937242,21.276884325572688,52.88191779706642
1790036506.930064,21.285070333505995,52.9103593068055
1790036506.931729,21.285445381775723,52.91166264820844
1790036506.9500785,21.28957318477105,52.9260410410235
1790036506.9719589,21.294487649980216,52.94320843406892
1790036506.9898298,21.298496272605146,52.957244548518354
1790036507.009959,21.303004569712922,52.97307250449365
1790036507.0301054,21.307509656969003,52.988931737057655
1790036507.0499432,21.311938568067074,53.00456502195968
1790036507.072997,21.31707523015164,53.02275519462498
1790036507.090696,21.321012423816065,53.03673324901231
1790036507.1104248,21.325393015191413,53.052330261363025
1790036507.132197,21.33021734295251,53.06956199007696
1790036507.1533835,21.33490219411327,53.08634819378261
1790036507.1852608,21.341928446685774,53.11164465378969
1790036507.1897304,21.342913170024676,53.115192340927635
1790036507.2121542,21.34784170227353,53.13300991923126
1790036507.2340288,21.352638227768082,53.150409014205344
1790036507.2501378,21.356164254215376,53.16323161224298
1790036507.272188,21.360978974419442,53.180800742267806
1790036507.2890005,21.364643195898676,53.19420657839862
1790036507.3105383,21.36932594784115,53.21139606730548
1790036507.3296633,21.373475188800086,53.22667216429651
1790036507.3512113,21.37813879568169,53.24389894439325
1790036507.3750458,21.38328331157946,53.26297186408141
1790036507.3921945,21.38697753087841,53.27670395595526
1790036507.4302597,21.395141556327925,53.307229504217545
1790036507.4343705,21.396022795760622,53.31052658290667
1790036507.4534326,21.400099876687342,53.325825817111564
1790036507.4744248,21.40457843655598,53.34268667855449
1790036507.492532,21.408432966691095,53.35723925997231
1790036507.5126648,21.412708061145423,53.37343056961619
1790036507.534239,21.41727697436861,53.3907933285598
1790036507.555034,21.42166945888167,53.40753979044902
1790036507.5734582,21.42555217068684,53.422385630470764
1790036507.5924509,21.42954510769026,53.43769814443187
1790036507.6124628,21.433741509121564,53.453841877691225
1790036507.6335242,21.4381461377796,53.470842432840506
1790036507.6530137,21.44221160145211,53.48658267427322
1790036507.686496,21.449165501014114,53.513648184020994
1790036507.6936765,21.4506553566155,53.519453611397566
1790036507.7089794,21.45382401875075,53.531830930715564
1790036507.7289174,21.457941308836922,53.54796527647924
1790036507.7510097,21.46248966427836,53.56585267401019
1790036507.7718978,21.466777778713297,53.582773487100994
1790036507.7893832,21.470358749460765,53.596943648473435
1790036507.808704,21.474305120962725,53.61260807442641
1790036507.8345354,21.479562678299235,53.633563180215226
1790036507.8550625,21.48372885780812,53.65022272087784
1790036507.8743205,21.487627119183966,53.665858680953555
1790036507.8945863,21.4917179451156,53.68231983831984
1790036507.932419,21.49931497139296,53.71307364664267
1790036507.9359734,21.50002835363492,53.715963138111526
1790036507.9501264,21.50286343261266,53.72747195787078
1790036507.9739506,21.50762005650752,53.74685413435346
1790036507.9898334,21.510784130627083,53.759779460636445
1790036508.01033,21.514855478388775,53.77646611639764
1790036508.0306542,21.518881048182454,53.79301888433796
1790036508.051115,21.52292165810744,53.80968943748043
1790036508.0756605,21.52775170036593,53.82969734490156
1790036508.0909803,21.530759486769806,53.84218871219709
1790036508.1108675,21.53465243584419,53.858410371434026
1790036508.1304688,21.538478056587177,53.87440480218842
1790036508.1532085,21.542900855180825,53.89296814951929
1790036508.182392,21.548551677267827,53.91680533337954
1790036508.1935508,21.550708703839614,53.925922037960646
1790036508.2137053,21.554592506182352,53.942394596570935
1790036508.23352,21.558399159534982,53.958595962514735
1790036508.2541635,21.56235233110025,53.97548206858926
1790036508.273067,21.565961638997138,53.99095093806114
1790036508.2925775,21.569675467684075,54.006923049303
1790036508.3128583,21.57352360617822,54.02353290402547
1790036508.332477,21.577234642037048,54.03960718959004
1790036508.353514,21.581200821265522,54.05685105142625
1790036508.372521,21.584773709979654,54.072437238360926
1790036508.392639,21.58854367362763,54.0889414166415
1790036508.4320705,21.59588788459571,54.12131654790233
1790036508.4351196,21.596455523792887,54.12382018299787
1790036508.4522913,21.599643836166372,54.137924728368304
1790036508.4745617,21.603764654169524,54.15622550251357
1790036508.4923184,21.607041300631032,54.17082231706746
1790036508.5124917,21.61075236666519,54.187412191781675
1790036508.5332117,21.614552030535034,54.20445858105631
1790036508.5527918,21.618132093341675,54.22057315342017
1790036508.5759974,21.62236045920053,54.23967996528882
1790036508.592225,21.62531028044828,54.2530455705478
1790036508.611886,21.628873918284427,54.269245007276524
1790036508.6310074,21.6323301209646,54.285005691606244
1790036508.651261,21.635980211412544,54.30170610931693
1790036508.6844523,21.641933292914302,54.3290919190411
1790036508.6930068,21.643465699605333,54.336151297512856
1790036508.7136817,21.64715824808002,54.35321958197742
1790036508.7323132,21.650476881838248,54.368606299127705
1790036508.7531009,21.654168494417302,54.385780491584924
1790036508.7748408,21.658017128781395,54.40374872787071
1790036508.792761,21.661181377804493,54.418564900831406
1790036508.8125708,21.664669291737273,54.4349492702523
1790036508.83338,21.66832221688646,54.45216687895644
1790036508.8526998,21.67170426128263,54.46815782107473
1790036508.875356,21.675657486932327,54.4869181433632
1790036508.8932724,21.678775723152885,54.50175870000461
1790036508.9280434,21.684797742886666,54.53057913191072
1790036508.9347265,21.685954118860074,54.5361192337923
1790036508.9548173,21.689420812491996,54.55278037268934
1790036508.9746938,21.69284123704756,54.56927013096544
1790036508.9948556,21.696301353589106,54.58600326244548
1790036509.0147862,21.699712693325843,54.602550974941984
1790036509.0347166,21.70311501716744,54.61910506342678
1790036509.055199,21.70660219101632,54.63612459028808
1790036509.0752482,21.71000676370005,54.65279111399503
1790036509.094658,21.71329450270266,54.66893232330722
1790036509.115105,21.716749040862997,54.68594351361175
1790036509.1346655,21.72004585208996,54.70222403224139
1790036509.154575,21.723393438668165,54.71880225978196
1790036509.1843338,21.728379460036184,54.743597909452156
1790036509.1944244,21.730068146820997,54.752007539808716
1790036509.214865,21.73348100434913,54.769050955676946
1790036509.234399,21.736735430889926,54.7853459409099
1790036509.255342,21.740216601869385,54.802824753104545
1790036509.2736006,21.743245678441593,54.8180699038627
1790036509.2945578,21.74671481763457,54.83557722627901
1790036509.3151824,21.750121787998488,54.85281560323961
1790036509.3340778,21.75323725457229,54.868616159236346
1790036509.3540468,21.756523524961214,54.885323116188744
1790036509.3744888,21.759881280406688,54.902434963948494
1790036509.3942957,21.763128859160833,54.91902377850303
1790036509.4286222,21.768739895244686,54.94779940081925
1790036509.433657,21.76956250343084,54.95202049598689
1790036509.4545012,21.772962070133445,54.96950613805336
1790036509.4747176,21.776253577091634,54.98647444716126
1790036509.4941845,21.77941786057026,55.002822267317455
1790036509.514909,21.782780788734915,55.02023612902811
1790036509.5347877,21.78600128663324,55.03694840119063
1790036509.5548468,21.789245969510965,55.053821910855675
1790036509.5740795,21.792352515935445,55.07000916091648
1790036509.594237,21.79560372763613,55.08698466790643
1790036509.6144056,21.798852170005627,55.10397943337157
1790036509.633853,21.80198039538177,55.12037591705638
1790036509.6543884,21.805279299357373,55.13770049805694
1790036509.6845648,21.810117903097243,55.16318187411258
1790036509.6943045,21.81167868598838,55.17140861674311
1790036509.7149854,21.814988856975422,55.1888882770197
1790036509.7335727,21.817960872113357,55.20460757578641
1790036509.75429,21.821269876943987,55.222139725523064
1790036509.7742589,21.82445616352692,55.239049151079634
1790036509.7940958,21.82761849303948,55.255857732993974
1790036509.814464,21.830862647757446,55.27312814182203
1790036509.8337128,21.833926036433883,55.289459619933766
1790036509.854334,21.83720521306975,55.30696770940266
1790036509.874365,21.840388160046462,55.32398609031557
1790036509.893708,21.843459623492596,55.34043062979476
1790036509.9301634,21.849241295764543,55.37146217878464
1790036509.9338872,21.849831812160865,55.37463240512063
1790036509.9540985,21.853034892939608,55.39185078142412
1790036509.9735775,21.856120126500375,55.40845648388743
1790036509.9943354,21.85940588728279,55.42616499065786
1790036510.0147495,21.862635307238847,55.443592360480864
1790036510.0343256,21.8657304234266,55.46031548228484
1790036510.053414,21.86874684336104,55.476632729772916
1790036510.073085,21.871853626373934,55.493459173884304
1790036510.0931904,21.875027290395952,55.510669017267375
1790036510.1137643,21.878273126700257,55.52829226879545
1790036510.1346388,21.88156461675387,55.546185788775695
1790036510.1541069,21.884632833672413,55.56288479148622
1790036510.1867225,21.889769001804886,55.59089237016833
1790036510.1945715,21.891004791321716,55.59763421134183
1790036510.2144103,21.894126828765653,55.61468611120241
1790036510.2342398,21.897245928603795,55.63174145765496
1790036510.2554111,21.90057438907183,55.649963887783294
1790036510.2742507,21.90353489972877,55.66618961347324
1790036510.2941265,21.90665677721048,55.68331919911493
1790036510.314557,21.90986419493005,55.70093897138962
1790036510.3341467,21.912938228500636,55.71784467152455
1790036510.3552015,21.91624053009143,55.7360274725983
1790036510.3724682,21.918947703548376,55.75094761776358
1790036510.3889525,21.921531309034442,55.765199485324565
1790036510.427013,21.92749198395444,55.79814748419625
1790036510.4305358,21.92804366560988,55.80119750992489
1790036510.4503412,21.931144008887582,55.81835596339186
1790036510.4737823,21.9348118530439,55.83868006089513
1790036510.491498,21.93758293688582,55.854049171482075
1790036510.5119743,21.940784611539357,55.87182546038869
1790036510.5334344,21.944138877615266,55.89046904960929
1790036510.5528462,21.94717199782668,55.907344105092676
1790036510.574339,21.95052922473273,55.926041352563836
1790036510.5925066,21.9533662851225,55.94185558659578
1790036510.6128774,21.95654647985875,55.959599260628636
1790036510.6328285,21.959660344470148,55.97698878511777
1790036510.653093,21.96282231781695,55.994663291868434
1790036510.6915803,21.968824430658927,56.02827320861671
1790036510.6952298,21.969393540453567,56.031460580929185
1790036510.7119243,21.971996402922354,56.04604919897562
1790036510.7316628,21.975072974561684,56.06330870315169
1790036510.7518427,21.978217581005843,56.08096584262655
1790036510.7763274,21.9820316864979,56.10240627827002
1790036510.791999,21.984472459396425,56.116136415006416
1790036510.812871,21.987722235034525,56.134434627246534
1790036510.8335598,21.990942562740745,56.152584193516425
1790036510.85268,21.993918000007756,56.16936789862604
1790036510.8780909,21.997871115437885,56.19169154618332
1790036510.8958323,22.00063051487652,56.20728631121716
1790036510.940519,22.00757725495866,56.24662187416647
1790036510.9422395,22.007844697105615,56.24813636446952
1790036510.9531782,22.009544912532633,56.25776897444325
1790036510.973919,22.012767972814583,56.276045349357005
1790036510.9935544,22.015818654504972,56.29335849640486
1790036511.0147269,22.019107458587293,56.312039434022566
1790036511.034088,22.022114321335135,56.329132489703525
1790036511.054511,22.02528555125289,56.347174897072215
1790036511.0742984,22.028357435255533,56.36466641209068
1790036511.094984,22.03156824424692,56.382964029781945
1790036511.115209,22.034706950738162,56.40086555884532
1790036511.1350417,22.037784292781918,56.41843075020643
1790036511.1507154,22.040215962486386,56.43231925714485
1790036511.1834052,22.045286375004288,56.46131565136587
1790036511.1915996,22.04655730634086,56.46858610462794
1790036511.2115602,22.049652792253468,56.486306884023726
1790036511.2289908,22.052355703301536,56.50178964626141
1790036511.2550452,22.056395452139416,56.52495046687872
1790036511.2748284,22.059462619503673,56.54254676476697
1790036511.295295,22.062635509931873,56.56076147349203
1790036511.3151896,22.065719505185164,56.578477076093854
1790036511.335014,22.068792547006886,56.59613982513228
1790036511.3555677,22.071978480727005,56.61446229584217
1790036511.374858,22.07496861553358,56.63166717640533
1790036511.3951468,22.07811359719004,56.64977234579307
1790036511.429986,22.083514969898655,56.680889310976255
1790036511.434646,22.084237450734836,56.685051840002316
1790036511.456057,22.087557690607355,56.70418831621668
1790036511.474584,22.09043121023787,56.720755012917834
1790036511.495203,22.093629917278786,56.73920218242324
1790036511.5155797,22.096791898065995,56.757442445018704
1790036511.5358758,22.099942319219586,56.77562036926546
1790036511.5553071,22.102959528010935,56.79303288478986
1790036511.5749834,22.106015867745867,56.81067415978155
1790036511.5950515,22.10913436960355,56.82867665258387
1790036511.6153417,22.112288787133654,56.84688835209525
1790036511.635236,22.115383153536868,56.86475459387767
1790036511.6554065,22.118522217053275,56.88287902499695
1790036511.6877222,22.12355624425387,56.91194331519393
1790036511.6901088,22.12392804526373,56.91408990874368
1790036511.7098455,22.127005027329858,56.93185235867124
1790036511.735124,22.13094989677214,56.954619326916166
1790036511.7557716,22.13417486170298,56.97322690887977
1790036511.7716706,22.136659951362297,56.98756192541828
1790036511.7903388,22.139580489925862,57.004403384754404
1790036511.8147354,22.143402092135062,57.026429156451
1790036511.8348472,22.146555901041797,57.044597767504015
1790036511.8498034,22.14890326346486,57.05811519398318
1790036511.8727117,22.15250357480983,57.07883441805635
1790036511.8896897,22.155174686205225,57.09419831670539
1790036511.9283345,22.161269886802778,57.129211611557565
1790036511.93144,22.161759822653366,57.13202568469878
1790036511.9521685,22.1650346979237,57.15082021062108
1790036511.9754808,22.168724086987314,57.17197297826108
1790036511.9912808,22.171227604479164,57.18631639392548
1790036512.0120144,22.1745182008464,57.205150692993904
1790036512.0325606,22.17778444473053,57.22382660380171
1790036512.053329,22.181091748131518,57.24271663865018
1790036512.0746882,22.184499271384517,57.26215677530279
1790036512.0923934,22.1873282681183,57.278280038465866
1790036512.1134918,22.19070576252935,57.29750573539554
1790036512.1333284,22.193886953071342,57.31559263252753
1790036512.1535356,22.19713354928657,57.33402862536588
1790036512.1849425,22.202194259072073,57.36270977011359
1790036512.1948056,22.20378501612891,57.37171956913973
1790036512.214505,22.206968081201172,57.38972520515225
1790036512.2347374,22.210243430698558,57.40822943818027
1790036512.255609,22.21362881811204,57.427330447968494
1790036512.274237,22.216655455180053,57.44438777058132
1790036512.292122,22.219566216019288,57.46077394365091
1790036512.3144748,22.223211541789187,57.48126798838326
1790036512.334503,22.226483765535978,57.49964227262394
1790036512.3518307,22.22931923517583,57.51554799474239
1790036512.374634,22.23305842807419,57.536495305410675
1790036512.3913054,22.23579622944885,57.55181810562457
1790036512.4283888,22.241905940117903,57.5859426783558
1790036512.432263,22.242544428009516,57.589508085565214
1790036512.4513738,22.24569922612028,57.60710727349881
1790036512.476292,22.249821239320568,57.630072855749724
1790036512.4923546,22.25248195151643,57.64488477329878
1790036512.514017,22.25607683667134,57.66487459906584
1790036512.5348022,22.259532223699825,57.68406797665472
1790036512.5541947,22.262761532241313,57.701986836692164
1790036512.575082,22.26624607468579,57.7213003573452
1790036512.593674,22.26935279070293,57.738501870336194
1790036512.6142173,22.272791950997345,57.75752173481294
1790036512.6338427,22.276083332572284,57.77570345845929
1790036512.653721,22.279423266617464,57.794131528776674
1790036512.6864038,22.284931346659313,57.82446209673553
1790036512.6946378,22.286320106489367,57.832105580013646
1790036512.714847,22.289735096755937,57.850877784358545
1790036512.734181,22.29300795172407,57.868847828322245
1790036512.754413,22.29643923724201,57.88766468556106
1790036512.774579,22.299865567853256,57.90643206595567
1790036512.7942414,22.303212232424872,57.924741696139854
1790036512.814953,22.306743964740345,57.9440405263284
1790036512.8344626,22.310076352909746,57.96222981983204
1790036512.8552246,22.31362893190086,57.98159854924226
1790036512.8746543,22.31695893763959,57.99973455710473
1790036512.8939843,22.32027710699856,58.01778745167468
1790036512.935414,22.32741215033314,58.05652409933276
1790036512.9377046,22.327806689723367,58.058665830138146
1790036512.9543614,22.330679558114447,58.074247941932
1790036512.975344,22.33430425475417,58.093887550150825
1790036512.9930174,22.33736135834906,58.110437598840235
1790036513.013095,22.34083941184141,58.129248577811815
1790036513.032667,22.344234598877865,58.147595239796104
1790036513.05388,22.347919773511965,58.167491027906905
1790036513.0758402,22.351740252609485,58.188099203218925
1790036513.0928917,22.35470993382716,58.204107778302514
1790036513.1124148,22.35811412944766,58.22244599322626
1790036513.1334238,22.361781923073423,58.242190381200324
1790036513.1545556,22.36547560280258,58.26206080335224
1790036513.1866865,22.3711019205302,58.29229852670151
1790036513.1955738,22.37265889052919,58.30066404436131
1790036513.2145112,22.37597988696523,58.31849816627031
1790036513.2356172,22.37968528886529,58.33838530421325
1790036513.2567866,22.38340592344905,58.358343044427286
1790036513.272781,22.38621933185312,58.373428112836
1790036513.2911422,22.389452147405372,58.390753909997024
1790036513.3103018,22.392828801119492,58.408841984026964
1790036513.33092,22.39646632366837,58.42831767642431
1790036513.351135,22.400036350360757,58.44742272389996
1790036513.3735895,22.404006338499144,58.46865687791164
1790036513.390339,22.40697015005041,58.48450304000106
1790036513.4303453,22.414063377924183,58.522392444512235
1790036513.4326873,22.414478667168186,58.524610641329105
1790036513.4510922,22.417745334530224,58.54205147716604
1790036513.4758751,22.422149607464373,58.56555208355755
1790036513.4915814,22.424943093414537,58.58045216579592
1790036513.5113482,22.428462263081084,58.59921450254339
1790036513.5318158,22.432109858410143,58.61865282013727
1790036513.5529704,22.435883761684682,58.63875528358898
1790036513.5770693,22.44018781574989,58.66167050737068
1790036513.593664,22.44315390372286,58.67745716006734
1790036513.613402,22.4466849946603,58.696244055193624
1790036513.6327174,22.450143490170944,58.714638361934
1790036513.6533616,22.45384324353584,58.73430887487233
1790036513.6846187,22.45945255798685,58.76411666859142
1790036513.69513,22.46133974194963,58.77414347449146
1790036513.715118,22.46493128193206,58.7932199739964
1790036513.7350163,22.468509672780066,58.812221168104045
1790036513.7557352,22.47223870946142,58.83201659896059
1790036513.7754831,22.47579580478348,58.85089426520559
1790036513.7948246,22.47928232562191,58.86939272135242
1790036513.814603,22.482850358579505,58.888318945386246
1790036513.833366,22.486237588650827,58.90628205609929
1790036513.8527646,22.48974216283714,58.92486329335483
1790036513.876117,22.493964669128665,58.94724517089193
1790036513.8936698,22.49714056521979,58.964076189386844
1790036513.9344995,22.504539343870118,59.00326854558604
1790036513.937046,22.505000851384867,59.00571313936689
1790036513.9523022,22.507767363146645,59.02036440896595
1790036513.9771187,22.512272010490914,59.04421268913325
1790036513.9935176,22.51525071468106,59.0599786885791
1790036514.0139596,22.518966982118332,59.07964254585779
1790036514.033399,22.52250391249654,59.098351834030524
1790036514.0529945,22.52607223375819,59.11722122458316
1790036514.0758955,22.53024670544094,59.13928759571206
1790036514.0929935,22.533365739801877,59.15577009181708
1790036514.1133952,22.53709087457713,59.175448490569174
1790036514.1335988,22.540783233643655,59.194946669956956
1790036514.1538937,22.54449575469024,59.214543984797146
1790036514.1830697,22.549840155372102,59.24273993797915
1790036514.193584,22.551767090967004,59.25290398656196
1790036514.2137878,22.555473384568522,59.27244586302367
1790036514.2339466,22.559174993503483,59.29195513820086
1790036514.2544355,22.56294097516668,59.31179536041057
1790036514.2746124,22.566653253166933,59.331344440602905
1790036514.2952127,22.570447185685705,59.35131525175579
1790036514.3153958,22.57416787548237,59.370892606647125
1790036514.3347802,22.577744511883076,59.38970525784556
1790036514.355723,22.581612291755185,59.41004184504145
1790036514.3766627,22.585483069840034,59.4303871471369
1790036514.391103,22.588153985825784,59.44442282543467
1790036514.428636,22.595106384087266,59.480939903977124
1790036514.4308834,22.595522701441656,59.48312653148006
1790036514.4507003,22.599196316748966,59.502417763264056
1790036514.4746108,22.60363231836019,59.52570792284594
1790036514.4914696,22.606761701507047,59.542136131445865
1790036514.5127292,22.61071044980819,59.56286334197494
1790036514.5337458,22.614616365826922,59.583363971596185
1790036514.5528362,22.6181660849482,59.60199407400131
1790036514.5773246,22.62272237782419,59.62590571980762
1790036514.594422,22.625904852810788,59.64260707811294
1790036514.614277,22.629602381035966,59.66201076577588
1790036514.6336083,22.63320417520285,59.68091144260634
1790036514.6557286,22.637327822848725,59.70254977621183
1790036514.6846397,22.642721375539733,59.730849951072386
1790036514.6905408,22.643822427533852,59.73662713676926
1790036514.7113104,22.64769973812402,59.75697034406836
1790036514.730984,22.65137425949279,59.77624876392901
1790036514.7505572,22.655031822816987,59.79543742341739
1790036514.7752545,22.659649741888472,59.81966315615312
1790036514.7915814,22.66270379522366,59.83568427352894
1790036514.8119867,22.666522652359976,59.85571667518604
1790036514.831563,22.67018811980706,59.87494376523332
1790036514.8516665,22.67395412769086,59.89469756829438
1790036514.8761437,22.678542214868912,59.91876239762541
1790036514.8912418,22.681373383510884,59.93361126521213
1790036514.933915,22.689384651507652,59.97562135973762
1790036514.936842,22.68993421054768,59.9785031416574
1790036514.9519508,22.69277210455685,59.99338343987844
1790036514.975023,22.697108603563592,60.01611889500241
1790036514.9921205,22.70032370465969,60.03297349913304
1790036515.012697,22.704195331506575,60.05326741877745
1790036515.032626,22.707947311127693,60.07293182401033
1790036515.0531108,22.711806311135327,60.09315451623321
1790036515.0789833,22.716684019053236,60.118711253875134
1790036515.0954306,22.71978636373113,60.13496412204183
1790036515.1116097,22.722839632423703,60.15095802470585
1790036515.1343455,22.727133295270292,60.17344566539915
1790036515.1526165,22.73058573279599,60.1915249510526
1790036515.188318,22.737339370661843,60.22688158882619
1790036515.1950183,22.738607127537538,60.23351818760968
1790036515.2153163,22.742450192426396,60.25363289489672
1790036515.234517,22.746087761209594,60.27266891949572
1790036515.255819,22.750126179450838,60.29379871560244
1790036515.2814715,22.754993414435805,60.319259188767454
1790036515.2939544,22.757362898228827,60.33165228527636
1790036515.3137264,22.761118642997367,60.35129110729248
1790036515.3339736,22.7649675259211,60.37141122100299
1790036515.3542984,22.76883412610338,60.39161762180611
1790036515.3755963,22.772889300432524,60.41280170858421
1790036515.3958402,22.776746848770596,60.43294631255558
1790036515.428452,22.78296999636144,60.465421075694714
1790036515.435763,22.784365550960498,60.472702315503334
1790036515.4558885,22.78821107950062,60.492754601736834
1790036515.4742432,22.791721496285888,60.51104896809376
1790036515.4907186,22.794875219740444,60.52747540705913
1790036515.5103507,22.798637150944774,60.54705611613342
1790036515.5305855,22.802518884552885,60.56724511199982
1790036515.552848,22.806794945033573,60.589465574367715
1790036515.5752213,22.811097760603484,60.61180452938466
1790036515.5909717,22.814129661909398,60.62753467085832
1790036515.6111114,22.818011119162975,60.64765449110808
1790036515.6307974,22.821809638997852,60.667326597196464
1790036515.6515696,22.825822859367836,60.68809012049954
1790036515.6836364,22.83203054798119,60.7201571375338
1790036515.693087,22.833861154483753,60.72960900658219
1790036515.7134702,22.83781452858679,60.749999804554875
1790036515.7333648,22.841678115748493,60.76990656484369
1790036515.7536335,22.845619653319943,60.79019237071767
1790036515.776528,22.850078642176864,60.81311190340937
1790036515.7939205,22.853470215351514,60.83052699522615
1790036515.8139188,22.857375423793382,60.850555404531185
1790036515.8336115,22.861226465261428,60.87028180662988
1790036515.8540752,22.865234408704204,60.890784957688766
1790036515.877436,22.869817842452026,60.91419627599535
1790036515.8938231,22.87303709229511,60.930621652254025
1790036515.9349349,22.881139134808247,60.97184540830528
1790036515.9376128,22.881666992695976,60.97453069178652
1790036515.956353,22.88536643198097,60.9933256239461
1790036515.974415,22.88893714408301,61.011443400772336
1790036515.9907513,22.892170900086903,61.02783224508587
1790036516.0150542,22.896991141618056,61.05221846192705
1790036516.0358045,22.901113716952185,61.07304334420212
1790036516.0567234,22.905276928261635,61.094040869114
1790036516.0739655,22.908713316553087,61.11135021287893
1790036516.091112,22.91213548120873,61.12856555785117
1790036516.1107578,22.916062973495766,61.14829338260736
1790036516.1314535,22.920207539364615,61.16907840879955
1790036516.1511648,22.92416154150605,61.18887745989307
1790036516.1881616,22.931606297184715,61.226048350934164
1790036516.1931713,22.93261480424521,61.23108173539503
1790036516.2125947,22.936531502870885,61.25059965969384
1790036516.2334895,22.940752479052733,61.27159877064554
1790036516.2526207,22.94462363652135,61.290827789392445
1790036516.2775142,22.949671777171602,61.315852527088566
1790036516.2945793,22.953137498933135,61.33300947022725
1790036516.3139374,22.957075447120452,61.35247450957479
1790036516.3337305,22.961108610811802,61.37237970899767
1790036516.3541906,22.96528484859462,61.39295899203574
1790036516.375023,22.969544386380864,61.413916065178334
1790036516.395473,22.973732781484923,61.43449210502018
1790036516.4326968,22.981379704840062,61.47195698818297
1790036516.435035,22.98186012745414,61.474310349351136
1790036516.4553812,22.98604752679895,61.49479254666475
1790036516.475633,22.990222180672678,61.51518353880447
1790036516.4958174,22.994389707206544,61.535510904024115
1790036516.8657951,23.071741365245874,61.909925917280475
1790036516.9339385,23.086020804098617,61.978948261117154
1790036516.9397194,23.087232419305625,61.98480421326511
1790036516.9538183,23.090188608635625,61.999088754531975
1790036516.9736974,23.09435906453935,62.019235076005536
1790036516.9941254,23.098647043841854,62.039943532939894
1790036517.0137038,23.102758780742985,62.05979635651163
1790036517.0336907,23.106958460934724,62.080069273711885
1790036517.0532238,23.111064793694023,62.099887768914336
1790036517.073204,23.11526718102327,62.12016604901286
1790036517.092358,23.11929772283821,62.13961176049823
1790036517.1128793,23.123618041497462,62.16045221694124
1790036517.1325696,23.12776528732633,62.180455214172326
1790036517.15363,23.13220316237656,62.2018575144012
1790036517.185187,23.13885724777769,62.233943451835124
1790036517.1899853,23.139869080857736,62.23882242545719
1790036517.2094033,23.143965430564858,62.258573843676295
1790036517.2346957,23.149303465089975,62.28431151916151
1790036517.24838,23.152192255151114,62.29823995104337
1790036517.2726583,23.15731955532111,62.322961828452094
1790036517.29012,23.161008235889675,62.340747688262645
1790036517.3104932,23.16531335028089,62.36150679350394
1790036517.3301528,23.16946880346518,62.38154545257961
1790036517.351561,23.173995230787465,62.403374866362874
1790036517.3739283,23.17872578596446,62.42619109551547
1790036517.3905592,23.18224386269201,62.443160844193386
1790036517.410144,23.186387785189464,62.46315178709111
1790036517.431116,23.190826248725276,62.48456667637292
1790036517.4509838,23.19503188221848,62.50486117074254
1790036517.4744751,23.200005783363224,62.528867473591625
1790036517.4917033,23.203654158871455,62.54647876452407
1790036517.5114558,23.207837887204498,62.56667788224102
1790036517.52872,23.211495116077806,62.58433796468715
1790036517.551966,23.21642050567181,62.608127361966226
1790036517.5712297,23.22050274048547,62.627848395820486
1790036517.5886395,23.224192576375252,62.645677234046566
1790036517.613665,23.229497312766963,62.671316989052215
1790036517.6335952,23.233722503547362,62.69174379790552
1790036517.653905,23.238028590251947,62.71256740749992
1790036517.6836836,23.244343271093705,62.743116534818114
1790036517.6891265,23.24549747382898,62.74870076682051
1790036517.7093632,23.24978906327894,62.769470818207495
1790036517.729849,23.254133584596797,62.790504379011146
1790036517.7502215,23.25845400771261,62.81142904702435
1790036517.77286,23.26325483653623,62.83469064336162
1790036517.7923255,23.267382504312284,62.85469862155658
1790036517.8124533,23.271650234825398,62.87539460823929
1790036517.8319826,23.27579062165314,62.895482013490174
1790036517.853442,23.280339518995113,62.91756264196325
1790036517.8763487,23.285194359430314,62.94114173863163
1790036517.8939116,23.288916030165577,62.95922539894457
1790036517.915869,23.29356790358507,62.98184216066847
1790036517.9460976,23.299969968520514,63.012994046532775
1790036517.9570436,23.302287904066077,63.024276426015895
1790036517.9751098,23.306112703475332,63.04290318003761
1790036517.9940102,23.310113131086705,63.062395910573365
1790036518.014787,23.31450953642569,63.083830732677136
1790036518.0370123,23.319211163576593,63.10676782507503
1790036518.0528965,23.32257069922324,63.12316450870992
1790036518.0781367,23.327907538906334,63.14922858656633
1790036518.0939386,23.33124817903761,63.16554991305153
1790036518.111192,23.33489516107096,63.183374525682495
1790036518.134736,23.33987118240353,63.20770525350113
1790036518.1519935,23.34351832575374,63.22554293892358
1790036518.174877,23.348354342122292,63.249201729680465
1790036518.1927707,23.352135977681282,63.26770526483859
1790036518.210175,23.355814391570792,63.2857056931108
1790036518.2333248,23.36070772783461,63.30965335501597
1790036518.2510667,23.36445847149065,63.32800957316151
1790036518.274323,23.369376063543278,63.35207553584914
1790036518.2919428,23.37310257623879,63.37031115970083
1790036518.3146925,23.377915614836322,63.39385937037094
1790036518.3325694,23.381698913820497,63.41236565126201
1790036518.3498774,23.385363096199516,63.43028460390447
1790036518.37336,23.390337104119332,63.454598557234824
1790036518.390661,23.39400336101088,63.47251331926161
1790036518.4141326,23.398980532076713,63.49681931365453
1790036518.4313407,23.402631531042886,63.51464003042238
1790036518.4553103,23.40772141394604,63.53946450609695
1790036518.4761677,23.412153967036577,63.5610666488409
1790036518.4966452,23.416509511496326,63.582276227429645
1790036518.5115902,23.41969041429167,63.597755874968875
1790036518.5318973,23.424016730350402,63.618789880030036
1790036518.553349,23.428591809206786,63.64100992634721
1790036518.5736792,23.43293233148367,63.662068531442884
1790036518.5945504,23.437393472055945,63.68368762271767
1790036518.6144252,23.441646489694296,63.704274664407315
1790036518.6340597,23.44585299774494,63.72461267027289
1790036518.6542833,23.450191128621146,63.7455607102613
1790036518.6867003,23.457159218617274,63.77913817002843
1790036518.6914425,23.458178866895892,63.78405004265019
1790036518.7123697,23.462684970630615,63.80572569850251
1790036518.732093,23.466937689752907,63.82615395392519
1790036518.7520585,23.47124870104604,63.84683217944422
1790036518.7744656,23.476094803645054,63.87003826696519
1790036518.791464,23.47977581162592,63.887642351861174
1790036518.8115442,23.48413073722271,63.908436848550814
1790036518.8315709,23.488480785013,63.92917504321006
1790036518.8517492,23.492870706209946,63.95006917654135
1790036518.8746128,23.497853895795334,63.973742394922745
1790036518.890885,23.50140513478933,63.99059012272945
1790036518.91202,23.506025445354403,64.01247105601875
1790036518.933488,23.510726750790973,64.03469547845769
1790036518.9526193,23.51492285094677,64.05450006342849
1790036518.9729197,23.519382685626955,64.07551360024044
1790036518.9930894,23.523820940373383,64.09639093132739
1790036519.0121198,23.528014856259876,64.11608802588175
1790036519.032192,23.532445400753325,64.13686267354088
1790036519.0523973,23.53691232029698,64.15777430249469
1790036519.0751934,23.541960827441596,64.1813666727429
1790036519.0920904,23.545707648467474,64.19885350063753
1790036519.1113791,23.549990969225533,64.2188153595826
1790036519.131471,23.5544591591223,64.23960804301937
1790036519.1520572,23.55904410264601,64.26091237333823
1790036519.1827247,23.565889211757195,64.29264971192916
1790036519.192005,23.567961932640152,64.30225367207709
1790036519.2124608,23.572537154078653,64.32342340221695
1790036519.2322855,23.57697709470513,64.34394045036882
1790036519.2521744,23.581437143114798,64.36452450006328
1790036519.2761009,23.58681070386523,64.38928846133695
1790036519.292271,23.590445856964312,64.40602510971453
1790036519.31175,23.594829969961065,64.42618782522477
1790036519.331771,23.599341262257525,64.44691281059853
1790036519.3519402,23.60389108027812,64.4677928290256
1790036519.3755927,23.6092335223303,64.49228117717247
1790036519.3936255,23.613310434214213,64.51095268728771
1790036519.4135,23.617808289322056,64.53153314412967
1790036519.4327228,23.622162634187475,64.55144067281276
1790036519.4526346,23.6266773168926,64.57206404446146
1790036519.4737127,23.63146094973313,64.59389827039298
1790036519.4939544,23.636058730621798,64.61486893460935
1790036519.5133944,23.64047791148545,64.63501166120692
1790036519.533283,23.645002651162322,64.65562231129417
1790036519.5534298,23.649589653740563,64.67650375259615
1790036519.573032,23.654055834126368,64.69682370591359
1790036519.5938776,23.6588088543639,64.71843650577007
1790036519.613843,23.663364262079988,64.73914019265736
1790036519.6336396,23.667884082728822,64.75967241214846
1790036519.6543295,23.67261095070032,64.7811352025202
1790036519.6817446,23.678879468799657,64.80958153299005
1790036519.689366,23.68062255803808,64.81749035873894
1790036519.7098446,23.68530911903739,64.83874534539174
1790036519.7295506,23.689821731220572,64.85920300195883
1790036519.7501032,23.69453135545653,64.88054463612254
1790036519.7733822,23.699869808781482,64.9047240211411
1790036519.7913284,23.70398780987451,64.92336862188301
1790036519.8103724,23.708360508492603,64.9431585163384
1790036519.8291197,23.712667875537058,64.96264511024847
1790036519.8495846,23.717373209062952,64.98392304627576
1790036519.87528,23.723286527100026,65.01064898600174
1790036519.895566,23.72795846272672,65.03175495240271
1790036519.9173665,23.732983264688198,65.0544438919883
1790036519.9381597,23.737779693240117,65.07609124890223
1790036519.9524765,23.741084030822762,65.09099943095578
1790036519.977052,23.74676161512809,65.11659982282212
1790036519.9916203,23.75012926325239,65.13177920959411
1790036520.0171337,23.756033175022516,65.15837360181747
1790036520.0369153,23.760614483935075,65.17899991677062
1790036520.0566714,23.76519364337757,65.19960624505643
1790036520.076834,23.76987095413206,65.22064348978628
1790036520.0923245,23.77346673924902,65.23681013960832
1790036520.117508,23.77931860259102,65.26310373816878
1790036520.1369624,23.78384286830319,65.28342240074069
1790036520.1564665,23.78838229412859,65.30379952279154
1790036520.1886744,23.7958881903909,65.33746697398247
1790036520.1929705,23.796889528215637,65.34195802704089
1790036520.212867,23.801530461642642,65.36276417907965
1790036520.2332058,23.80627803077803,65.3840395207917
1790036520.252155,23.81070420575286,65.403867048156
1790036520.276868,23.816481588276663,65.4297348933811
1790036520.296533,23.821081885521572,65.45032462744845
1790036520.317428,23.82597323707236,65.47220856225456
1790036520.336634,23.83047189459869,65.49232858714859
1790036520.3564005,23.835104692787464,65.51304143233145
1790036520.3766267,23.839848129263476,65.53424147664578
1790036520.392193,23.843500345020775,65.55056039837407
1790036520.411155,23.84795168149152,65.57044366634523
1790036520.436664,23.853944131109905,65.5972002649593
1790036520.4515452,23.857441304786462,65.61281179615115
1790036520.4763002,23.863262759981364,65.63878911087089
1790036520.497167,23.86817261637566,65.66069143819159
1790036520.5166745,23.8727650044085,65.68117127855243
1790036520.5368414,23.877515220078468,65.70234815376068
1790036520.551443,23.88095594212546,65.71768358572895
1790036520.575059,23.886524290596103,65.74249242157725
1790036520.5921109,23.890546800640166,65.760409034389
1790036520.6114275,23.89510593777683,65.78070937989402
1790036520.631042,23.89973781720609,65.8013269188445
1790036520.651926,23.904672299399547,65.82328373912246
1790036520.6891394,23.913473972381198,65.86242368993032
1790036520.69423,23.9146781899847,65.86777823944578
1790036520.7165954,23.919971876023595,65.89130794888922
1790036520.735901,23.92454357954033,65.91162266337085
1790036520.7555609,23.92920136946275,65.93231392256054
1790036520.776862,23.93425047153742,65.9547372973208
1790036520.795853,23.93875394384523,65.97473260740266
1790036520.8165228,23.943657670080917,65.99650009421221
1790036520.8357213,23.948214090857412,66.01672169016382
1790036520.8565304,23.95315488678163,66.03864422709901
1790036520.876259,23.95784099239555,66.05943227021865
1790036520.8964007,23.962627063202344,66.08065931154187
1790036520.917328,23.967601706534456,66.10271828520256
1790036520.952005,23.97584972248681,66.13928122711373
1790036520.9627745,23.97841173741654,66.1506375073933
1790036520.9754422,23.981425850512895,66.16399651407224
1790036520.9965017,23.98643815344505,66.186208743436
1790036521.0163722,23.991168667303636,66.20716976014886
1790036521.0369225,23.996062184909373,66.22885072817999
1790036521.0569863,24.00084092269398,66.25002120719589
1790036521.0747962,24.005083564692338,66.2688153522397
1790036521.0926807,24.00934467757953,66.28769016049816
1790036521.1125472,24.014078747228297,66.30865889519221
1790036521.1315954,24.018618395527646,66.32876585918422
1790036521.1544375,24.02406288777506,66.35288015574103
1790036521.1926246,24.03316548290148,66.39319942954916
1790036521.1964414,24.034075305263404,66.39722944863907
1790036521.2148266,24.038457708071103,66.41664250147088
1790036521.234859,24.043232410839682,66.4377958399803
1790036521.25462,24.04794182431662,66.4586633990638
1790036521.2750208,24.052802790068988,66.48020695353084
1790036521.2907352,24.056546366754656,66.49680186696203
1790036521.3154707,24.06243686818911,66.52292342874361
1790036521.3343542,24.0669322285728,66.54286508416365
1790036521.3507016,24.070822575843057,66.56012841782636
1790036521.3725429,24.076017816288417,66.58319295143181
1790036521.3910582,24.080419927465304,66.6027447811282
1790036521.409485,24.084798841802208,66.62220258930421
1790036521.430611,24.089816038776476,66.6445093037548
1790036521.449696,24.09434601292491,66.66466048672913
1790036521.4729917,24.099871520730808,66.6892561545933
1790036521.4906654,24.104061359266346,66.70791555243301
1790036521.51079,24.108829386850395,66.72916182832607
1790036521.530967,24.11360693484271,66.75046252312654
1790036521.5512302,24.118402055440193,66.77185367274052
1790036521.574138,24.123819333949836,66.79603578294692
1790036521.590077,24.127586867181105,66.81286112715703
1790036521.6099613,24.132284243188725,66.83385071039368
1790036521.6300027,24.13701597251973,66.85500567456324
1790036521.6508064,24.14192468886636,66.87696474507032
1790036521.6861396,24.150253130987906,66.91425896197802
1790036521.6929858,24.15186653814566,66.92148508555732
1790036521.713245,24.156638105686504,66.94286818174086
1790036521.7335389,24.161415122283483,66.96428776021402
1790036521.7521093,24.165784227883794,66.98388811159862
1790036521.7766364,24.171551082795773,67.00977548399636
1790036521.792955,24.175386373531477,67.02699917483028
1790036521.8128092,24.180050442039267,67.04795496962262
1790036521.832989,24.184788764826656,67.06925462302199
1790036521.8525586,24.18938184721672,67.0899107443632
1790036521.876501,24.194998405229978,67.11518328248627
1790036521.893903,24.199079202390536,67.13355244271811
1790036521.9142568,24.203850336326774,67.1550383307862
1790036521.9342363,24.208532167413917,67.17613005823202
1790036521.9549346,24.21338109448863,67.19798189745833
1790036521.9748435,24.2180440967234,67.21900168149854
1790036521.9955218,24.22288649669984,67.24083540132573
1790036522.015813,24.227637750621007,67.26226227679648
1790036522.0355046,24.23224826344707,67.28305749762357
1790036522.055509,24.236931992606383,67.30418528603717
1790036522.077031,24.241971156010855,67.32691799206076
1790036522.0976386,24.246796725489606,67.34868748335593
1790036522.1171484,24.251365821457377,67.36929931028759
1790036522.1360605,24.25579573070493,67.3892817498281
1790036522.156522,24.26058975326716,67.41090389457489
1790036522.187753,24.26791028107324,67.4439122652406
1790036522.1929984,24.26913992484118,67.4494564172951
1790036522.2137866,24.27401512788486,67.4714311103985
1790036522.2336783,24.27868216856544,67.49246067661711
1790036522.2528036,24.283171493604183,67.51268220018822
1790036522.2761817,24.288662597252454,67.53740390461543
1790036522.2926145,24.292524219024475,67.55478280642971
1790036522.3128643,24.29728587732759,67.5762012783209
1790036522.3332078,24.30207284280032,67.59772160514024
1790036522.3523607,24.306582711050062,67.61798483973396
1790036522.3754125,24.31201520276001,67.64237664037002
1790036522.3941057,24.316423747945947,67.66215891301007
1790036522.4137397,24.321057751169857,67.68293953602767
1790036522.4334002,24.32570180113582,67.70375087632871
1790036522.4525187,24.33022162485353,67.72399108573838
1790036522.475829,24.335738290951056,67.74867253216583
1790036522.494084,24.340062354309037,67.76800362765375
1790036522.512419,24.3444093563589,67.78742175597925
1790036522.5340462,24.34954258512235,67.81032943839955
1790036522.5529945,24.354044524613396,67.83040191567936
1790036522.5754,24.35937444608091,67.85413994424158
1790036522.5937283,24.363738768548185,67.8735602875351
1790036522.613902,24.368548004694055,67.89493885355465
1790036522.6332445,24.373164059333675,67.91543893106274
1790036522.6513126,24.377480341213875,67.93459070142181
1790036522.678615,24.384012764849942,67.96353603968042
1790036522.6932187,24.387509705493194,67.97901989399506
1790036522.713188,24.39229682111211,68.00019579327065
1790036522.7339556,24.39728096440825,68.0222217232145
1790036522.754741,24.402274864633405,68.04426978628787
1790036522.7736964,24.406833626240015,68.06437974179292
1790036522.7941692,24.411762375091346,68.08610282194665
1790036522.8140728,24.416558856108733,68.1072253735602
1790036522.833146,24.421159406569444,68.12746969753384
1790036522.8532393,24.426010438674567,68.14879994284838
1790036522.8738914,24.431000926515225,68.17072695711158
1790036522.8950973,24.43612984728128,68.19324568994085
1790036522.9137163,24.440636521527257,68.21302025476878
1790036522.9385884,24.4466625700151,68.2394408886449
1790036522.9540188,24.450403255440953,68.2558339705849
1790036522.9742312,24.455306771178932,68.27731058877613
1790036522.9945574,24.460241353989527,68.29891131229758
1790036523.0144908,24.465083822323706,68.32009786116762
1790036523.0349786,24.470064218094105,68.34187685922997
1790036523.0548587,24.474899840388943,68.36301289551581
1790036523.074629,24.47971159608337,68.38403534404065
1790036523.0972257,24.485214731733553,68.40806690424368
1790036523.116147,24.48982519154087,68.42819258246266
1790036523.137075,24.494927371567126,68.45045582580408
1790036523.1507783,24.49826937737941,68.46503495404647
1790036523.1840365,24.506387028886223,68.50042699174298
1790036523.1937647,24.50876202310573,68.51078005185386
1790036523.213005,24.513461308472376,68.53125904846355
1790036523.2333272,24.518426968992156,68.55289244814512
1790036523.253037,24.523245045771628,68.57387700346153
1790036523.2760737,24.52887910083905,68.59840765230238
1790036523.2939773,24.53325936842505,68.61747472624393
1790036523.3136432,24.538072757959377,68.63842175783786
1790036523.332054,24.542580398598673,68.65803448087024
1790036523.3527384,24.547646773855227,68.68007301589853
1790036523.375394,24.55319796684988,68.70421622177436
1790036523.3931396,24.557547191193,68.72312964068895
1790036523.4131577,24.56245481762828,68.74446900283654
1790036523.43757,24.568441756775915,68.77049852205393
1790036523.4527128,24.572156116549714,68.78664661152847
1790036523.4757535,24.577809454620066,68.81122278037269
1790036523.4936912,24.58221166361179,68.83035925443289
1790036523.5140195,24.587201893080888,68.85205062515516
1790036523.5343375,24.592190974011206,68.87373558716398
1790036523.5537553,24.59696028669857,68.89446387618135
1790036523.5738215,24.601890274198215,68.91588886650392
1790036523.5942,24.60689837210831,68.93765162556556
1790036523.613611,24.611670090997244,68.95838554882744
1790036523.63371,24.616612196008713,68.97985847865998
1790036523.6543205,24.621681524418417,69.00188258946652
1790036523.6867611,24.629664185351515,69.03655951419316
1790036523.6944246,24.6315501472867,69.04475191659486
1790036523.7136548,24.63628398933202,69.0653133113419
1790036523.7330942,24.6410708091259,69.0861026824666
1790036523.7550342,24.646475318522945,69.10957148267096
1790036523.77552,24.651523393848716,69.13148943269502
1790036523.7956915,24.65649581263439,69.15307531367564
1790036523.814615,24.661162277438397,69.17332968077929
1790036523.8344693,24.666060244714703,69.19458446646325
1790036523.8545294,24.671011009991545,69.21606381125831
1790036523.8743007,24.675892674751,69.23723805254447
1790036523.8961625,24.681293287414103,69.26065585214499
1790036523.9154506,24.686060381209806,69.28132030050708
1790036523.939524,24.69201387863592,69.30711683896311
1790036523.954949,24.695830115738076,69.32364797959121
1790036523.975062,24.70080882532021,69.34520657545814
1790036523.9964716,24.70611148648837,69.3681585158873
1790036524.0160449,24.710961619842635,69.38914410944251
1790036524.0351522,24.715698466579045,69.40963228630002
1790036524.0557473,24.720806424406547,69.43171768375575
1790036524.0755482,24.725719449127705,69.45295298158497
1790036524.0960357,24.730804793481493,69.47492604371723
1790036524.1161656,24.73580300557148,69.49651665282344
1790036524.1363194,24.74080860272994,69.5181337857444
1790036524.157272,24.746014019599258,69.5406087764053
1790036524.1885931,24.753798466778452,69.57420739570766
1790036524.1941066,24.75516884953037,69.58012181445834
1790036524.2121546,24.75965577465658,69.59948318580273
1790036524.2322314,24.76464820327014,69.62102186622772
1790036524.252515,24.76969333048877,69.6427835009661
1790036524.2755086,24.775413902331568,69.66745382875804
1790036524.293486,24.779887426918275,69.68674308560178
1790036524.3139024,24.784969046787708,69.70865006244522
1790036524.3334649,24.789839338176638,69.72964177950298
1790036524.35339,24.79480118074517,69.7510234649984
1790036524.3739257,24.79991646911418,69.77306121529283
1790036524.3944595,24.805032728866422,69.79509771046759
1790036524.4130433,24.809664332798018,69.81504207945461
1790036524.436666,24.81555380115281,69.84039524963127
1790036524.4536254,24.819783096051882,69.85859744773349
1790036524.4761224,24.825395055105503,69.88274370802968
1790036524.493785,24.82980212765401,69.90170181687876
1790036524.514105,24.834873698815603,69.92351337953826
1790036524.533943,24.839826195700592,69.94480824376441
1790036524.5542953,24.844908521249977,69.9666566957171
1790036524.5759022,24.85030561991958,69.98985354203079
1790036524.5943103,24.854904721322892,70.00961742379398
1790036524.6125803,24.859470304981127,70.02923446067251
1790036524.632477,24.864443501094566,70.05059990304105
1790036524.6522045,24.86937542022526,70.0717853900498
1790036524.6870277,24.87808466155124,70.10918851166853
1790036524.6928692,24.87954570003339,70.11546296412102
1790036524.7144835,24.884952935111006,70.13868192230922
1790036524.7336228,24.889741936712802,70.15924431158966
1790036524.7549343,24.895075529049297,70.18214322028524
1790036524.77418,24.89989296918778,70.20282474337805
1790036524.7944531,24.904968607606115,70.2246133052467
1790036524.8141196,24.90989336364935,70.24575237373199
1790036524.8335948,24.914771263839224,70.26668860708726
1790036524.8528404,24.91959274738763,70.28738067554353
1790036524.8745182,24.92502493019703,70.31069113240109
1790036524.8935962,24.92980682311761,70.33120878714367
1790036524.9134483,24.934784074042796,70.35256200134198
1790036524.93653,24.940572839932255,70.37739320623811
1790036524.9527524,24.944642227387845,70.39484703500264
1790036524.9749331,24.950208228404716,70.4187156624569
1790036524.9939976,24.954993696090646,70.43923364082734
1790036525.0129745,24.959758749069294,70.45966027757079
1790036525.0326147,24.96469209094757,70.48080389896442
1790036525.0528977,24.9697888283563,70.50264274007037
1790036525.0773933,24.97594706114544,70.52902207205922
1790036525.092463,24.97973675292511,70.5452524462047
1790036525.1138828,24.98512565485639,70.56832546564996
1790036525.134465,24.990306014933783,70.59049951040973
1790036525.1542475,24.995287102762013,70.6118149655988
1790036525.1896832,25.004216198520638,70.65000593615562
1790036525.194589,25.005452461835542,70.65529325153017
1790036525.2146022,25.010498078892805,70.67686635549855
1790036525.2340946,25.015414365261996,70.69788062488574
1790036525.2544537,25.02055138495569,70.71983207668958
1790036525.2743647,25.025577471230342,70.74130306331334
1790036525.296045,25.03105252202666,70.7646850249935
1790036525.3160112,25.03609674668252,70.78622060372737
1790036525.3315215,25.040016430426014,70.80295158554699
1790036525.352951,25.04543430960584,70.82607021224389
1790036525.3760903,25.051287008384485,70.85103632159067
1790036525.394607,25.055972273411083,70.87101678282627
1790036525.413759,25.060820141092258,70.89168437339896
1790036525.4386766,25.067130636744416,70.91857683849199
1790036525.4537442,25.070947766568885,70.93483958700008
1790036525.47708,25.076862514082556,70.96002869860656
1790036525.496445,25.08177283801423,70.98093270635674
1790036525.5139232,25.08620651976225,70.99980114316288
1790036525.5333846,25.09114531278664,71.02081142227017
1790036525.5528824,25.09609547954673,71.04186192900173
1790036525.575632,25.101873959306317,71.0664239592139
1790036525.5940783,25.106561179803006,71.08634010856167
1790036525.611961,25.111106856460825,71.10564793411189
1790036525.631909,25.11617954084926,71.12718581729015
1790036525.6507883,25.12098218753781,71.14756975668895
1790036525.6846223,25.12959429177815,71.18409878243575
1790036525.6906676,25.131133233376342,71.19062560648007
1790036525.7113602,25.136402667706243,71.2129653478484
1790036525.730982,25.141400979859647,71.23414811276396
1790036525.750389,25.146346015852632,71.2550978124205
1790036525.7730742,25.152128198199463,71.27958428011353
1790036525.7921526,25.156992384884468,71.30017634752072
1790036525.8121111,25.16208227635031,71.32171649739874
1790036525.8323154,25.167236350268347,71.34352017325374
1790036525.8517988,25.17220776201213,71.36454393339697
1790036525.875007,25.17813150040129,71.38958434470885
1790036525.8921206,25.182500615032446,71.40804754909777
1790036525.9143934,25.188188544565946,71.43207398391543
1790036525.9386692,25.194390195461487,71.4582578971109
1790036525.954909,25.19853998421923,71.47577284696399
1790036525.9749863,25.20367195582439,71.49742420768892
1790036525.9958344,25.20900270951987,71.51990439127162
1790036526.0113685,25.212975746617047,71.53665329207716
1790036526.031338,25.218084746309792,71.55818209833734
1790036526.0509555,25.223105346374002,71.57932925213875
1790036526.0735967,25.228901813461675,71.60373287341892
1790036526.092008,25.233616860911024,71.62357540482937
1790036526.116799,25.23996825185226,71.65028978207135
1790036526.137359,25.245237461117025,71.67244205950554
1790036526.1566374,25.250179917631087,71.69321152624639
1790036526.1870625,25.25798387487918,71.7259839805884
1790036526.1965275,25.260411974823523,71.73617868206917
1790036526.2173448,25.265753979975962,71.75859842530724
1790036526.236521,25.270676200971362,71.77924875244187
1790036526.2571113,25.27596298476087,71.801419387165
1790036526.2760544,25.280828095407976,71.8218143551571
1790036526.2974613,25.28632765729119,71.8448593551331
1790036526.3176105,25.291505585236514,71.86654813589188
1790036526.3378632,25.296711518158208,71.8883460068472
1790036526.3576236,25.301792181643915,71.90961185623945
1790036526.3776038,25.30693061359937,71.93111215786973
1790036526.3983638,25.31227086757666,71.95344939859069
1790036526.4187171,25.31750770834896,71.9753469406851
1790036526.4424925,25.323626471285976,72.00092325634292
1790036526.454723,25.326774462261202,72.0140793985721
1790036526.4749677,25.331986281805833,72.03585464495491
1790036526.4961972,25.33745270632618,72.05868695916597
1790036526.5160968,25.342577578467232,72.08008717166314
1790036526.5367355,25.347893742092555,72.10228036527545
1790036526.5570636,25.353130804788137,72.12413778304695
1790036526.5762486,25.358074135348087,72.14476468195205
1790036526.597154,25.3634616234178,72.16723934226914
1790036526.6176872,25.368754068728336,72.18931246808609
1790036526.6386783,25.37416535657111,72.21187579126479
1790036526.6529863,25.377854207216615,72.22725449551
1790036526.6914062,25.387762496219644,72.26854235039224
1790036526.696471,25.389068711887475,72.27398500402612
1790036526.7164998,25.394235141930224,72.29550627108851
1790036526.7356951,25.399187499225256,72.31612997891912
1790036526.7579265,25.40492452014566,72.34001302540487
1790036526.7780762,25.410125605296237,72.36165760980215
1790036526.7942069,25.41429008835508,72.37898367254829
1790036526.8151343,25.419694507135766,72.40145957988587
1790036526.8356483,25.42499361491707,72.4234893339622
1790036526.8562102,25.430306756136655,72.44556828020866
1790036526.875753,25.43535799535223,72.46655083240044
1790036526.89582,25.44054644437237,72.48809413463826
1790036526.9184248,25.44639328463359,72.51235942551696
1790036526.9437816,25.452954596761895,72.5395754290097
1790036526.957925,25.456615217768604,72.55475500849222
1790036526.9779994,25.461812740151295,72.57629833678118
1790036526.9973712,25.466830191369944,72.59708631647446
1790036527.0175502,25.47205883091751,72.61873936251104
1790036527.036596,25.476995697785767,72.63917540612879
1790036527.057021,25.482292335413728,72.66109021804331
1790036527.0774505,25.48759243325748,72.68300923362538
1790036527.0994534,25.493303466993037,72.70661551292413
1790036527.112739,25.49675286893095,72.720869025099
1790036527.1337862,25.50222011570454,72.74344909432845
1790036527.1536608,25.507385185395048,72.76477097277508
1790036527.1845038,25.515406793010015,72.79785984885054
1790036527.1933506,25.51770814383665,72.80735079286887
1790036527.2145827,25.523234259004425,72.8301290711708
1790036527.2338183,25.528243160310833,72.85076564588033
1790036527.253791,25.53344667387631,72.87219331873028
1790036527.2758431,25.539195129212537,72.89585199747114
1790036527.292789,25.543614514528592,72.91403255800518
1790036527.31359,25.549042274641295,72.93634949948806
1790036527.3334491,25.554227066513906,72.95765591567383
1790036527.3529902,25.559331438711364,72.97862136840986
1790036527.376121,25.565377497398877,73.00343877935146
1790036527.391855,25.569491958764285,73.02032027161525
1790036527.4129066,25.575000296895833,73.04290794130104
1790036527.4319851,25.579995090104983,73.06337916909291
1790036527.4516478,25.585145631225153,73.08447788891101
1790036527.4744868,25.591132267268723,73.10898620190017
1790036527.4919703,25.595718255895974,73.12776542719045
1790036527.5122652,25.601045822260883,73.14959437859245
1790036527.5320785,25.606250538721262,73.17092838032886
1790036527.5517442,25.611422407274166,73.1921234796871
1790036527.573185,25.617064642972974,73.21525219971856
1790036527.5923564,25.62211488023967,73.23594683948758
1790036527.6119635,25.627282401668317,73.25712344761085
1790036527.6315298,25.632444178994884,73.2782650441643
1790036527.6567438,25.639099496893945,73.30551950588469
1790036527.6877055,25.64728375458961,73.33899598954916
1790036527.692497,25.648550428783807,73.34417671195277
1790036527.713223,25.654031583528827,73.366587294329
1790036527.733239,25.659326812315676,73.38823105329155
1790036527.7540288,25.664828694743147,73.41071259795093
1790036527.7729063,25.669826015546768,73.43112693461414
1790036527.7953155,25.675760370866957,73.4553615295917
1790036527.8125443,25.680324104302198,73.47399439556636
1790036527.8304436,25.685066742096346,73.4933529787182
1790036527.856267,25.69191168827797,73.52128301610715
1790036527.8757396,25.697074800857177,73.54234495161971
1790036527.8961766,25.702495332943013,73.56445082560221
1790036527.911699,25.70661337069564,73.58124133196952
1790036527.9334266,25.712379536626987,73.60474473760291
1790036527.9512906,25.717121697599293,73.62406942110306
1790036527.9757178,25.723608622529813,73.65049512381877
1790036527.9964726,25.729122130090982,73.672948856721
1790036528.0124142,25.733358095581227,73.69019590669629
1790036528.0321522,25.73860448200001,73.71155093931483
1790036528.0528653,25.7441119060422,73.73396183233139
1790036528.073453,25.74958781581264,73.75623786309541
1790036528.0925207,25.75466103555635,73.77687003452922
1790036528.113922,25.76035714485247,73.80002818568337
1790036528.133724,25.7656292334417,73.82145623445253
1790036528.1541214,25.771061702971334,73.84352955109189
1790036528.185526,25.77943000725,73.87751616402414
1790036528.1943724,25.78178766721681,73.8870902044394
1790036528.2160308,25.78756183720686,73.91053064288404
1790036528.2351296,25.792655191158772,73.93120148704922
1790036528.254885,25.79792535595651,73.95258369682661
1790036528.2752886,25.80337027067038,73.9746683021553
1790036528.2958095,25.808848317385714,73.9968806206329
1790036528.316017,25.81424443935692,74.01875429130952
1790036528.3355858,25.819471712411268,74.03993749712932
1790036528.3558247,25.824879706224756,74.06184663757966
1790036528.3758929,25.830243812954425,74.08357167824988
1790036528.3966906,25.83580477452014,74.10608725503315
1790036528.4177372,25.841434175673346,74.1288730538867
1790036528.4419272,25.847906816285008,74.15506289332063
1790036528.457627,25.852108762381015,74.17206114738241
1790036528.4774387,25.857412853218207,74.19351186130817
1790036528.4977896,25.86286308368099,74.21554716971643
1790036528.5194235,25.86865887295696,74.2389723392626
1790036528.5387936,25.873849770578538,74.25994687850789
1790036528.5585644,25.8791497170455,74.28135601422397
1790036528.575638,25.883727845537322,74.29984487666664
1790036528.5982668,25.88979768077344,74.32435015519495
1790036528.6195076,25.89549707411597,74.34735294909683
1790036528.637825,25.900413492029074,74.36719049687996
1790036528.6581068,25.905858853596346,74.38915600394125
1790036528.6863449,25.913443680032266,74.41973945110904
1790036528.698285,25.916651459650655,74.43267162807926
1790036528.7196977,25.922405936589037,74.45586374266252
1790036528.7377088,25.927247637743456,74.47537210885262
1790036528.7583191,25.932789836233017,74.49769637597127
1790036528.7777188,25.938008049953723,74.51870978652842
1790036528.798756,25.943668565949597,74.54149747127364
1790036528.8187103,25.94903943435213,74.56311294301993
1790036528.838663,25.954411518673826,74.5847271384578
1790036528.858691,25.959805498267947,74.60642321648405
1790036528.8782585,25.96507708628082,74.6276210516536
1790036528.8969371,25.970110681002375,74.64785644724687
1790036528.919481,25.97618801703309,74.67227985317251
1790036528.9449558,25.983058156257894,74.6998792800934
1790036528.954801,25.98571366726029,74.71054576499948
1790036528.9744265,25.99100874043587,74.73180867529157
1790036528.9942532,25.996359743060367,74.75329006400358
1790036529.015722,26.00215588577871,74.77655127746992
1790036529.0354874,26.007493747001607,74.79796722120406
1790036529.05597,26.01302703596783,74.8201606891646
1790036529.0753198,26.0182558825435,74.84112722209323
1790036529.0958776,26.023812943741266,74.86340320743544
1790036529.1163683,26.029353578970696,74.88560677540204
1790036529.1367548,26.034867766741982,74.90769787017574
1790036529.156435,26.040192549071936,74.92902411311438
1790036529.1840446,26.047665894818373,74.95894362381941
1790036529.1978426,26.05140151772144,74.97389620497123
1790036529.2193792,26.057234179628814,74.99723537393815
1790036529.238098,26.06230514176661,75.01752115780951
1790036529.257803,26.067644915941667,75.03887621501633
1790036529.2773807,26.072951780082015,75.06009364722763
1790036529.2970462,26.078284030722,75.08140651172363
1790036529.3193514,26.08433410995153,75.10558070668762
1790036529.3383343,26.0894845206845,75.12615445728704
1790036529.3529527,26.093451650162066,75.14199812521981
1790036529.374463,26.099291034187964,75.16531179477361
1790036529.3931394,26.104362502512675,75.18555406461796
1790036529.4148264,26.110253479479436,75.209059897377
1790036529.4342308,26.115525975804733,75.23009196193891
1790036529.4552329,26.121234403553434,75.25285600774791
1790036529.4769807,26.127147495342133,75.27642873071404
1790036529.4943194,26.13186303457858,75.2952226083006
1790036529.5158312,26.13771541239142,75.31854004315241
1790036529.5352669,26.143004526065994,75.33960730470993
1790036529.554402,26.148213398246842,75.36034917205548
1790036529.576794,26.15431081435593,75.38462133759974
1790036529.594597,26.159160031482987,75.40391975917058
1790036529.615127,26.164753709741998,75.42617423186732
1790036529.6343462,26.1699917596576,75.44700798296915
1790036529.6552513,26.175691083470166,75.4696694644087
1790036529.6835024,26.183396481989917,75.50029477559008
1790036529.6950536,26.186547563094695,75.51281670960985
1790036529.715834,26.192218095525476,75.53534369302683
1790036529.735116,26.1974813362021,75.5562466963363
1790036529.75567,26.203093523053436,75.5785287839813
1790036529.7757993,26.208591382887843,75.60035047353283
1790036529.7954834,26.21396927465127,75.6216897831651
1790036529.8145676,26.219184791442384,75.64237894362294
1790036529.835897,26.22501579028844,75.66550229048646
1790036529.8558376,26.23046878135211,75.68712019514153
1790036529.8752246,26.235771948387903,75.70813805853332
1790036529.895399,26.241292225015545,75.73000979579213
1790036529.917617,26.247373714370973,75.75409707798404
1790036529.9362822,26.25248416024327,75.77433262533039
1790036529.9534695,26.257191250959863,75.79296620334208
1790036529.9745564,26.262968183958638,75.81582760350905
1790036529.9961462,26.268884827366875,75.839234264497
1790036530.0173829,26.274706599193188,75.86225822181606
1790036530.03692,26.28006409710899,75.88343979197161
1790036530.0561426,26.285336847459888,75.90428023356439
1790036530.0764034,26.290896136096723,75.92624644758062
1790036530.0966134,26.296443210701632,75.94815765748928
1790036530.1165972,26.301929869245356,75.96982360560106
1790036530.1365392,26.307406751744576,75.99144435666726
1790036530.1568143,26.31297684479251,76.01342625644307
1790036530.1857364,26.32092600660272,76.04478309697225
1790036530.191522,26.322516267567302,76.05105560457893
1790036530.2124248,26.328263713083437,76.07371818129727
1790036530.232818,26.333872753952686,76.09582812278624
1790036530.2532208,26.339486243036657,76.11794866695645
1790036530.2763937,26.345864104742027,76.14307233890595
1790036530.298988,26.352084929284683,76.16756890080525
1790036530.3140695,26.356238184167857,76.18391991956415
1790036530.3342826,26.361806390338682,76.20583464385162
1790036530.3543105,26.367325263614827,76.22754849585931
1790036530.376852,26.373538952292574,76.25198755800119
1790036530.3945787,26.378426730907922,76.27120641577041
1790036530.4161916,26.38438804271826,76.2946385808967
1790036530.4368646,26.390091935719795,76.31705173764654
1790036530.4546082,26.394988900100305,76.33628882474706
1790036530.4762857,26.400973556746532,76.35979087416388
1790036530.4952605,26.406213582876134,76.38036266960637
1790036530.5147843,26.4116068536386,76.40152968208857
1790036530.5361097,26.417499703034885,76.4246497117435
1790036530.5553346,26.422813699960912,76.4454924275379
1790036530.575779,26.428466564027964,76.46765718884154
1790036530.5960298,26.434067641252994,76.48961196949233
1790036530.6157155,26.439514068080943,76.51095405830284
1790036530.6354632,26.44497929199702,76.5323632514592
1790036530.6549706,26.450379618967695,76.55351179473544
1790036530.6925492,26.460788668121925,76.59425140315952
1790036530.6961403,26.461783426047184,76.59814453165396
1790036530.715839,26.467241789940914,76.61949999686911
1790036530.7361116,26.47286099431465,76.64147771371027
1790036530.7561908,26.47842825694929,76.66324540541282
1790036530.7763078,26.48400775634142,76.68505404784864
1790036530.7966018,26.489638080884156,76.70705431930756
1790036530.8167274,26.495223433235243,76.72887196580976
1790036530.8366303,26.500748678511062,76.75044805690304
1790036530.8574424,26.506528144774624,76.773009487315
1790036530.876657,26.51186559008107,76.79383909098064
1790036530.896829,26.517470679863195,76.81570622420044
1790036530.917427,26.523196028374148,76.83803528302373
1790036530.945232,26.53092779737558,76.86817625758307
1790036530.9594133,26.53487210541079,76.88354904436352
1790036530.979125,26.540356245082396,76.90491664540073
1790036530.9988585,26.54584808027116,76.92630760295809
1790036531.0193632,26.551556359958823,76.94853444514752
1790036531.0341263,26.555667176393573,76.96453737438539
1790036531.0547318,26.561406647726688,76.98687320551002
1790036531.0767996,26.567555482786787,77.01079381009153
1790036531.0938704,26.57231322310736,77.02929770388928
1790036531.1151936,26.578258089341787,77.05241079450644
1790036531.1347244,26.583704854209387,77.07358079922217
1790036531.1553018,26.589445313309145,77.09588508849144
1790036531.1984031,26.60147712211855,77.14260249095466
1790036531.203982,26.603034640240676,77.14864953238417
1790036531.2158196,26.60633996936764,77.16148003670119
1790036531.2390964,26.612841751076182,77.18670918310134
1790036531.2588763,26.618368428713264,77.20814792047157
1790036531.2784588,26.623841576615142,77.22937246627943
1790036531.299117,26.629617200462935,77.25176269951623
1790036531.3154469,26.634183804361623,77.26946137545774
1790036531.3355858,26.639817381844093,77.29128833642163
1790036531.3569791,26.64580378924893,77.31447447034711
1790036531.381821,26.652757807456947,77.3413977027575
1790036531.3995209,26.657713936775753,77.36058051138951
1790036531.4182384,26.662956495388855,77.3808659192881
1790036531.4353898,26.667761648886916,77.39945377612707
1790036531.4534616,26.672826102937684,77.41903905505937
1790036531.471867,26.677985485687852,77.43898559441872
1790036531.494064,26.68420983783291,77.46304084096379
1790036531.865058,26.78883897765754,77.86497175877604
1790036531.922674,26.805102471619314,77.92738941745802
1790036531.932866,26.80797990252885,77.93843088519894
1790036531.95554,26.81438337078669,77.96299369078567
1790036531.9730694,26.81933532387622,77.98198329583181
1790036531.9909406,26.824385181633698,78.00134273882198
1790036532.0148163,26.831134237515688,78.02720632471514
1790036532.0323038,26.83607884887637,78.04614958572871
1790036532.0552623,26.842572681708056,78.07101880172983
1790036532.0730512,26.847605657993608,78.09028786399634
1790036532.0906107,26.852575089482322,78.10930820066713
1790036532.1146626,26.85938443387807,78.13536048533838
1790036532.132389,26.864404344935178,78.15456091090175
1790036532.1556375,26.870990387963364,78.17974202995863
1790036532.1731277,26.875946504332465,78.19868588572959
1790036532.1907938,26.880953839431122,78.21782003629545
1790036532.2145655,26.88769423390049,78.24356670811738
1790036532.231564,26.89251535566617,78.2619771729312
1790036532.2547505,26.899093823904888,78.28708902777934
1790036532.272189,26.90404277461021,78.30597523389994
1790036532.2955797,26.91068335208914,78.33130742994754
1790036532.314229,26.91597935759151,78.35150429850935
1790036532.3307216,26.920664077399046,78.36936518401194
1790036532.353684,26.92718880413575,78.39423200381758
1790036532.3771863,26.933869375867552,78.41968306414836
1790036532.3946726,26.938841213837293,78.43861897306373
1790036532.4177537,26.945406100357374,78.46361285535525
1790036532.435542,26.950466991353068,78.48287513515665
1790036532.4529536,26.955421962048636,78.5017289290361
1790036532.4763095,26.962070992414954,78.52701906003482
1790036532.494144,26.96714952228083,78.54633005558227
1790036532.5172756,26.973738808018,78.5713762117306
1790036532.5346184,26.978680399430775,78.59015410988262
1790036532.557699,26.985259209531023,78.61514400739333
1790036532.575288,26.990274093106148,78.63418779790253
1790036532.5931234,26.995360582022258,78.65349790233367
1790036532.6163914,27.001998765954497,78.6786892281212
1790036532.6338067,27.0069685506997,78.69754374232612
1790036532.6569695,27.013580866466764,78.72262022074386
1790036532.6745017,27.018587128851774,78.74160043936205
1790036532.697942,27.02528290493297,78.76697630334132
1790036532.715511,27.030302896410717,78.78599571810592
1790036532.7330878,27.03532643046468,78.8050230404334
1790036532.7562294,27.041942826028315,78.83007396424095
1790036532.773496,27.046880792747704,78.84876471226436
1790036532.7973783,27.05371331335002,78.87461640273008
1790036532.8174822,27.059466627553977,78.89637760560414
1790036532.835687,27.064677877301715,78.91608261961572
1790036532.8549702,27.070199526801275,78.9369546954137
1790036532.8745894,27.07581907111541,78.9581899214047
1790036532.8983688,27.08263271848996,78.98392730079875
1790036532.9206166,27.089009701331285,79.00800636220421
1790036532.9449766,27.09599472819227,79.03437070069714
1790036532.9555073,27.099014820327117,79.04576776673811
1790036532.9780831,27.105491579150947,79.07020029080847
1790036532.995658,27.11053494994799,79.08922006812126
1790036533.0153716,27.11619381565599,79.1105540660943
1790036533.0350978,27.121858026887427,79.13190125292242
1790036533.0547686,27.127508002832112,79.1531878345918
1790036533.0770056,27.133897293217153,79.17725093668165
1790036533.0944505,27.138911005621548,79.19612790659785
1790036533.1158645,27.145067511055846,79.2192993073363
1790036533.1353807,27.150680085546576,79.24041665107937
1790036533.1572046,27.156958416036495,79.2640303423934
1790036533.1926851,27.167171079446987,79.30241900618324
1790036533.1960783,27.168147817266195,79.30609028633873
1790036533.2159586,27.17387218016888,79.32759946914615
1790036533.2360716,27.179665331975706,79.34935988256495
1790036533.2552176,27.185181568392032,79.37007357408314
1790036533.2761862,27.191224894909467,79.39275862785419
1790036533.295354,27.19675077987633,79.41349473963253
1790036533.3160064,27.202706631645714,79.43583662261719
1790036533.336449,27.208603757932053,79.45795068297262
1790036533.356321,27.214338115035243,79.47944725146947
1790036533.375449,27.219859300741746,79.50013810791405
1790036533.396133,27.225831559569727,79.52251166599027
1790036533.4173636,27.231963662352193,79.54547592171332
1790036533.440409,27.238622238464067,79.57040217986246
1790036533.456834,27.24336921655936,79.58816753654153
1790036533.4773617,27.24930370833246,79.6103694809678
1790036533.4970703,27.25500316581329,79.63168507585503
1790036533.5164812,27.260618189384534,79.65267803710705
1790036533.5389185,27.26711094792171,79.67694340940075
1790036533.5530944,27.271213968541424,79.6922739537356
1790036533.574987,27.27755261553141,79.71594896718007
1790036533.592832,27.282720828174096,79.73524657491205
1790036533.6135318,27.288717689498615,79.75763047065242
1790036533.634319,27.294741833762014,79.78010833746906
1790036533.6541874,27.300501462282018,79.80159201276602
1790036533.6921396,27.311509864228682,79.84262750542092
1790036533.6950405,27.312351318639077,79.84576400076713
1790036533.7137437,27.31777818729748,79.86598606413362
1790036533.7339134,27.323632399976404,79.88779308489444
1790036533.7537477,27.32939101945959,79.90923679865087
1790036533.773394,27.335096833104114,79.9304767793016
1790036533.7939873,27.341079525935506,79.95273964457867
1790036533.8147397,27.34711043021887,79.97517400518176
1790036533.8342838,27.352791912043074,79.99630152905817
1790036533.8541508,27.35856901776098,80.01777740117461
1790036533.8745744,27.36450988660871,80.03985439501947
1790036533.8949568,27.37044063106823,80.06188612416128
1790036533.9152892,27.376358671066566,80.08386304821576
1790036533.939319,27.38335550382672,80.10983548657752
1790036533.9563494,27.388315646578217,80.1282423352091
1790036533.9756324,27.393933537093925,80.14908319851072
1790036533.9975448,27.400319603341675,80.172764956088
1790036534.0172117,27.406053014751812,80.19401932673051
1790036534.0365613,27.411695602816557,80.21493012655458
1790036534.0566225,27.417547544902504,80.23660935512422
1790036534.0764656,27.42333763603352,80.25805217601808
1790036534.0972724,27.429410892982638,80.28053564437337
1790036534.1165886,27.43505075454593,80.30140776437774
1790036534.1334183,27.43996591245782,80.31959264743169
1790036534.152205,27.445454203760583,80.33989144782716
1790036534.185405,27.455158181273838,80.37576187182417
1790036534.1939764,27.457663830514274,80.38502256208162
1790036534.21376,27.463448861619945,80.40639637242032
1790036534.2340248,27.469376521683273,80.42828954803103
1790036534.2538958,27.475190770032,80.44975653993181
1790036534.273707,27.48098929968504,80.47115820795936
1790036534.2933996,27.48675492511818,80.49243119657922
1790036534.314393,27.492903423388576,80.51510861393764
1790036534.3343987,27.498764462959667,80.53671833610039
1790036534.3547168,27.504718901788525,80.55866471514766
1790036534.3755214,27.510817937499308,80.58113596704268
1790036534.3943942,27.516352257343137,80.60151995046836
1790036534.4145167,27.522254932236308,80.62325311921862
1790036534.440942,27.530009673966184,80.65179242177754
1790036534.45513,27.534174206762852,80.667115123301
1790036534.477532,27.540751999518335,80.69130758233048
1790036534.4945302,27.54574450767891,80.70966409272471
1790036534.5146537,27.551656781358155,80.73139477776894
1790036534.5358555,27.557887963711433,80.75428914598015
1790036534.555904,27.56378200733287,80.77593724153162
1790036534.576967,27.569976421183874,80.79868021745473
1790036534.5945213,27.575140360696906,80.81763398886626
1790036534.6200774,27.582661214512953,80.84522632073316
1790036534.634333,27.586857390334114,80.86061732391893
1790036534.6543622,27.592754978868648,80.88224128029617
1790036534.689015,27.602964015692667,80.91965069074413
1790036534.6948144,27.60467277312296,80.92591152606822
1790036534.7156909,27.610825771721146,80.9484476513258
1790036534.735839,27.616765989410098,80.97019673925524
1790036534.7553153,27.622509966224868,80.9912201205213
1790036534.7799077,27.62976557998617,81.01776469848711
1790036534.7991695,27.635450229800725,81.03855486922014
1790036534.8194225,27.641429303278667,81.06041400921391
1790036534.8400252,27.647513624503592,81.08264984128189
1790036534.8598554,27.653371668381467,81.10405120721597
1790036534.8796165,27.659211122835323,81.12537719037228
1790036534.8990366,27.664951605096196,81.14633448521155
1790036534.920045,27.671163599314642,81.16900469741657
1790036534.943424,27.67807920457792,81.19423219719205
1790036534.954505,27.68135756969935,81.20618902049057
1790036534.9772432,27.688087227708962,81.23072342468718
1790036534.9944584,27.693183692206485,81.24929797957844
1790036535.0205064,27.700898212982196,81.2774012715599
1790036535.0402915,27.706759749761932,81.29874681537837
1790036535.0596144,27.71248608268484,81.3195928379794
1790036535.079003,27.71823368305235,81.34050907010773
1790036535.1002123,27.72452309345592,81.36338836355812
1790036535.114597,27.728789736373983,81.37890535485607
1790036535.1359668,27.735130335481184,81.40195612876354
1790036535.1563077,27.74116763530557,81.42389632379384
1790036535.1970036,27.753254194158483,81.46778837198421
1790036535.1998422,27.754097290948277,81.4708499030963
1790036535.2203362,27.76018618168705,81.49295240023754
1790036535.2353868,27.764658881883424,81.50918384089427
1790036535.258593,27.771557743177038,81.53420953918865
1790036535.2781084,27.777361114156438,81.55525405153155
1790036535.297077,27.783003582246433,81.57570822732758
1790036535.3192823,27.78961116341246,81.59965155601785
1790036535.3391614,27.795528363507295,81.62108566306311
1790036535.354749,27.80016927764866,81.63789198626709
1790036535.3787267,27.807310881625458,81.66374318843538
1790036535.3965423,27.81261859687907,81.6829500283888
1790036535.417694,27.818922314778952,81.70575255939818
1790036535.4420216,27.8261752113671,81.73197729738119
1790036535.4586694,27.83113979769993,81.74992277105099
1790036535.4782567,27.836982741122824,81.77103591941224
1790036535.4999144,27.84344546598976,81.79437965696376
1790036535.51959,27.849318485324705,81.81558592689531
1790036535.5403783,27.855525713645054,81.83799066973025
1790036535.5630567,27.86229964808566,81.86243105721894
1790036535.5777724,27.866696161151513,81.87828954555827
1790036535.5941768,27.87159844851407,81.89596723911848
1790036535.6170626,27.87844007101709,81.9206281454103
1790036535.6342237,27.883571693073254,81.93911963320068
1790036535.652222,27.88895512685202,81.95851230096139
1790036535.6747906,27.895707994978533,81.982828289986
1790036535.6926792,27.901061980234097,82.0021009778228
1790036535.7156942,27.90795276609619,82.02689546282276
1790036535.7340994,27.91346493164252,82.04672284777874
1790036535.751907,27.9187996418826,82.06590578872068
1790036535.7750626,27.92573888860299,82.09084808970671
1790036535.7926607,27.931014164219036,82.10980346668295
1790036535.8161018,27.938043494471316,82.1350510014923
1790036535.8334942,27.94326040441595,82.15378295031748
1790036535.85666,27.95021153923582,82.17873148751904
1790036535.8738663,27.955375904320565,82.19726136283046
1790036535.891853,27.960775988295577,82.21663075550867
1790036535.9150996,27.967757701075733,82.24166279064822
1790036535.9324632,27.972973961610496,82.26035920428683
1790036535.9553611,27.979855288620076,82.28501349879987
1790036535.9729383,27.985139044681976,82.30393808414316
1790036535.9964197,27.99220018205128,82.32921802924007
1790036536.013952,27.99747380257988,82.34809247992527
1790036536.0319943,28.00290233100421,82.36751509785282
1790036536.0550385,28.009838243999045,82.39232075585271
1790036536.0722475,28.015019268123655,82.41084452907427
1790036536.0954394,28.022004012838053,82.43580681212161
1790036536.1134346,28.02742512419824,82.45517470934405
1790036536.1363544,28.034332270607496,82.47984166549973
1790036536.1537862,28.039586901310493,82.49860131964007
1790036536.1748517,28.045938930646397,82.52127034337757
1790036536.1946368,28.0519066980203,82.54256056242905
1790036536.2123952,28.057264572412418,82.56166897245784
1790036536.235514,28.06424217508965,82.58654383820091
1790036536.2530682,28.069541754487002,82.60543075008215
1790036536.2761395,28.076509342605767,82.63025206500276
1790036536.293652,28.081799587829778,82.64909217930659
1790036536.3114345,28.087172813988264,82.66822178547216
1790036536.3346734,28.094197255394718,82.69321975256287
1790036536.3523352,28.0995373301831,82.7122176375706
1790036536.3754091,28.106516192005426,82.73703560947743
1790036536.393018,28.111843531906814,82.7559746390022
1790036536.4163864,28.118915811056507,82.78110674409767
1790036536.433945,28.12423120100763,82.7999897419375
1790036536.4520552,28.129715098025756,82.81946517035352
1790036536.4753337,28.136766426531274,82.84449690677037
1790036536.4939003,28.14239204717675,82.86446094903681
1790036536.5168684,28.14935369510037,82.8891562553826
1790036536.536661,28.155354618515034,82.91043618683796
1790036536.555606,28.161100188434702,82.93080386192756
1790036536.5781932,28.16795269740593,82.95508598486728
1790036536.59743,28.17379041063686,82.97576519582022
1790036536.6151326,28.179163960194305,82.99479428554979
1790036536.6380064,28.18610960764918,83.01938073033779
1790036536.6576352,28.192071623344276,83.04047803079854
1790036536.6766703,28.197854957580955,83.06093624517706
1790036536.6969602,28.204021390633415,83.08274191160835
1790036536.714641,28.209396313573226,83.10174276933743
1790036536.7389138,28.216777776897445,83.12782587069009
1790036536.759127,28.222926544490043,83.14954547813018
1790036536.7782428,28.22874318718779,83.17008507817448
1790036536.7984936,28.23490699218594,83.19184291746377
1790036536.819096,28.24117973727705,83.21397739677937
1790036536.8390045,28.247242948159673,83.23536511239888
1790036536.859372,28.253447793978285,83.25724470872201
1790036536.8802578,28.259812577824885,83.27968011439417
1790036536.900118,28.265866567446295,83.30101260817185
1790036536.914926,28.270381444500632,83.3169176040274
1790036536.9368732,28.277075194384132,83.34048929810224
1790036536.9560528,28.28292650175869,83.36108748663571
1790036536.976464,28.28915542983669,83.38300721844776
1790036536.996822,28.295369993431493,83.40486863203208
1790036537.0164435,28.30136139621843,83.42593779523126
1790036537.038165,28.30799622138203,83.44926076031743
1790036537.057073,28.313773243607635,83.46956166550063
1790036537.0768807,28.319826866286558,83.49082721069112
1790036537.0964973,28.325823847415432,83.51188656096448
1790036537.117957,28.33238637758881,83.5349232824151
1790036537.1384337,28.338650113243038,83.55690324169433
1790036537.1576324,28.34452459718595,83.57751033532736
1790036537.1825058,28.352138277156428,83.60420671210987
1790036537.1996686,28.357393068815504,83.62262641795387
1790036537.2193,28.3634054186052,83.64369433094933
1790036537.2408822,28.37001731216717,83.6668543220157
1790036537.2560368,28.374661105566172,83.6831161714722
1790036537.278133,28.381434189985775,83.706825249525
1790036537.29645,28.387050362761837,83.72647825042722
1790036537.3162875,28.39313454849903,83.7477615641449
1790036537.3360596,28.399200390586667,83.76897330558918
1790036537.3548558,28.40496844730456,83.78913703535713
1790036537.3780725,28.412095478106778,83.81404121085706
1790036537.3946517,28.417186159829942,83.83182451526805
1790036537.4157689,28.423672281406322,83.85447408320702
1790036537.438216,28.430569152468802,83.8785484727295
1790036537.4561682,28.43608641771389,83.89780109412492
1790036537.477018,28.4424961980925,83.92015999182051
1790036537.4953983,28.448148219186937,83.93986929691839
1790036537.5165129,28.45464308873263,83.96250933384239
1790036537.5370624,28.460966039627593,83.98454214444773
1790036537.5588858,28.467683078263953,84.00793925509764
1790036537.5789027,28.473845882549842,84.0293983278445
1790036537.5989418,28.480017301842707,84.05087989132522
1790036537.6185284,28.486051061913223,84.071875142367
1790036537.6394396,28.49249483027325,84.09428891969235
1790036537.6590178,28.4985295357855,84.11527268559293
1790036537.684464,28.506375829953182,84.14254358359865
1790036537.699762,28.511094029274243,84.15893796401271
1790036537.7197976,28.517275103199125,84.1804078737614
1790036537.7329516,28.521333969899352,84.19450307171547
1790036537.7544484,28.52796917026886,84.2175364138508
1790036537.7763505,28.534731611067052,84.24100246293045
1790036537.7934897,28.540024782101128,84.25936455402517
1790036537.8139646,28.546349995295994,84.28129899293407
1790036537.834436,28.552675962815872,84.30322823209252
1790036537.852632,28.558300323792245,84.32271912384434
1790036537.8770485,28.565850031656115,84.34887102153405
1790036537.8941436,28.57113723720166,84.367180214191
1790036537.9147472,28.577511474635777,84.38924573919583
1790036537.9413776,28.58575339139037,84.41776325335606
1790036537.9566915,28.590493966267715,84.4341615258855
1790036537.976497,28.59662669448165,84.45536812449421
1790036537.9963295,28.60276957855108,84.47660252529677
1790036538.0164871,28.609014912371933,84.49818351829454
1790036538.0370858,28.615398770764827,84.52023533181975
1790036538.0567796,28.621503927773876,84.54131723134557
1790036538.0764532,28.62760451162229,84.56237614837575
1790036538.0966089,28.63385637569602,84.5839497331057
1790036538.116925,28.640159835071728,84.60569366505757
1790036538.137249,28.646467559042293,84.62744462010764
1790036538.1578207,28.652854034535977,84.64945925600891
1790036538.1870594,28.661934951898274,84.6807459208691
1790036538.1976545,28.665226054535392,84.6920827384279
