t,dr_x,dr_y
1790036648.2713811,0.0,0.0
1790036648.2719636,2.81837873967445e-09,-3.370045643957048e-09
1790036648.2727482,1.1737220159017105e-08,-1.404369887661321e-08
1790036648.273314,2.083066416612357e-08,-2.4939789596042532e-08
1790036648.273913,3.344025388293885e-08,-4.0059735960398375e-08
1790036648.2746854,5.4676785207667393e-08,-6.552632371016125e-08
1790036648.2752538,7.299485304917275e-08,-8.749404685183953e-08
1790036648.2765152,1.2688298243033877e-07,-1.521213980238529e-07
1790036648.2930224,3.0995625045173324e-06,-3.7098510271816316e-06
1790036648.3118894,9.459852871658813e-06,-1.1311521244215009e-05
1790036648.333139,2.0379205047656276e-05,-2.435202893924082e-05
1790036648.354176,3.487633039397703e-05,-4.165476790206212e-05
1790036648.3736672,5.1468266485936476e-05,-6.146033081968612e-05
1790036648.4027054,8.320248176002813e-05,-9.936590235561232e-05
1790036648.414377,9.709035245719247e-05,-0.00011596138171505699
1790036648.4295945,0.00011712187022228747,-0.00013991515783510285
1790036648.4511237,0.00014931231772976358,-0.00017843015305130116
1790036648.4762204,0.00019206976942159665,-0.00022960421134809599
1790036648.492563,0.00022212982838891188,-0.00026558135720229333
1790036648.5137384,0.0002648017529658491,-0.0003166522376789585
1790036648.5333672,0.0003075578589098499,-0.00036781453012619245
1790036648.5539997,0.0003560403878530889,-0.00042582032469658156
1790036648.5743957,0.00040742592740512036,-0.00048729618049450304
1790036648.5940568,0.00046017733580334567,-0.0005504070723408962
1790036648.614244,0.0005177359402929249,-0.0006192714688595773
1790036648.660525,0.0006675526694915536,-0.0007985851913627507
1790036648.6686697,0.0006944718530123959,-0.0008308014031464496
1790036648.6764977,0.0007208565196019486,-0.0008623751915384302
1790036648.695385,0.0007874967541276551,-0.0009421025650526378
1790036648.7121053,0.0008488258097174928,-0.0010154622501588686
1790036648.7327957,0.000928296516562281,-0.0011104926791335875
1790036648.753863,0.0010129255997569416,-0.0012116591554213396
1790036648.7761064,0.0011064148885103439,-0.0013233848612886794
1790036648.7925568,0.0011778225672528862,-0.0014087098011612792
1790036648.8142548,0.0012759522333064192,-0.001525950652261316
1790036648.8349545,0.001373148920962634,-0.001642063632940662
1790036648.8513875,0.001452568842053673,-0.0017369228945419896
1790036648.8764768,0.0015790888297029589,-0.0018879816152136515
1790036648.9020536,0.0017135286372034202,-0.002048436236276315
1790036648.9148784,0.0017823125497223385,-0.002130514672335698
1790036648.9353971,0.001895870977803539,-0.0022659884432263376
1790036648.955763,0.002012037969351775,-0.00240454275274608
1790036648.975456,0.002127598147506622,-0.0025423473700679016
1790036648.9917932,0.0022256867821077164,-0.0026593129233965208
1790036649.0122907,0.0023522472496728553,-0.0028102413123474623
1790036649.0310738,0.002471156947010596,-0.0029520622643663353
1790036649.05044,0.002596882032213681,-0.003102012082605725
1790036649.0754545,0.002764485263572506,-0.0033018972617101026
1790036649.09172,0.0028756732111472148,-0.0034344904109330048
1790036649.111617,0.0030149873175077486,-0.0036005980495026194
1790036649.151744,0.0033093711494234287,-0.00395149435970708
1790036649.153474,0.0033220894707482254,-0.003966654014581621
1790036649.1760976,0.0034926483301699835,-0.004169942201206259
1790036649.193015,0.0036225682565862332,-0.00432479549855923
1790036649.213344,0.003782119079208483,-0.004514983770964094
1790036649.233305,0.003942089833531542,-0.004705694320479421
1790036649.2530663,0.0041037039030340184,-0.004898377239927897
1790036649.2769067,0.0043034072334824335,-0.005136459631160337
1790036649.293971,0.004448769948432128,-0.005309751438314052
1790036649.3136203,0.004619359830082418,-0.005513104005835115
1790036649.3342674,0.004802154871608459,-0.005730978862743624
1790036649.3543854,0.004983628333034228,-0.005947259888149205
1790036649.3748496,0.005171703962045836,-0.006171394854213873
1790036649.401774,0.005425172853678155,-0.006473450484618721
1790036649.4151132,0.005552231599889179,-0.006624863595995111
1790036649.4296658,0.0056926108819883485,-0.006792151748736868
1790036649.4515028,0.00590723000079356,-0.007047893822241252
1790036649.474809,0.006140814998661113,-0.0073261943293885835
1790036649.490861,0.006303843640014342,-0.007520409294460686
1790036649.5114875,0.006516882358738541,-0.007774161440649718
1790036649.5305164,0.0067164412858622515,-0.008011818865817158
1790036649.5511537,0.006936420614910209,-0.008273747064579003
1790036649.5757184,0.007203304774198839,-0.008591458157544685
1790036649.591076,0.007372127822573374,-0.008792408006747118
1790036649.61066,0.007590619342918285,-0.00905245168210183
1790036649.6500618,0.00804315489540291,-0.009591009852387781
1790036649.6531572,0.00807878580913075,-0.009633413191448906
1790036649.673468,0.008316028489189872,-0.009915707024959804
1790036649.691165,0.00852535503609405,-0.010164737919942464
1790036649.7100675,0.008751931789699767,-0.010434228706283378
1790036649.730501,0.009000350324319374,-0.010729625937191841
1790036649.750904,0.009251881446509444,-0.0110286544010602
1790036649.7747452,0.009550547119360127,-0.011383624430381744
1790036649.791476,0.009762481133962084,-0.011635468473745428
1790036649.8103292,0.010004273592411786,-0.01192274608344912
1790036649.830549,0.010267011774106048,-0.01223487095828736
1790036649.8516812,0.010545339399871225,-0.012565457361094278
1790036649.874569,0.01085117010367785,-0.01292862635173997
1790036649.9008896,0.01120866937704648,-0.013353024019764619
1790036649.911502,0.011353751097109994,-0.013525234926518004
1790036649.9325354,0.011645002092355286,-0.013870862269842297
1790036649.9512737,0.011907405992393386,-0.014182189323556525
1790036649.975727,0.012254840433120088,-0.014594297010600154
1790036649.9920218,0.0124885770392437,-0.014871499630719614
1790036650.0121346,0.012780456575760355,-0.015217616676378524
1790036650.0321684,0.013074541138069447,-0.015566311859677896
1790036650.053544,0.013392138331381448,-0.01594282184093706
1790036650.0737252,0.01369539744283663,-0.016302257451888034
1790036650.0938146,0.014000659876892101,-0.016663980773111715
1790036650.112564,0.014288504672742166,-0.017004988045514934
1790036650.1498196,0.014872065630200498,-0.017696030225913005
1790036650.1529284,0.014920840844422625,-0.017753787073908883
1790036650.1766949,0.01529845417945776,-0.018200836028718383
1790036650.1924436,0.015550752539207097,-0.01849948891285567
1790036650.211977,0.015866872505822784,-0.018873645341309336
1790036650.2324045,0.016200954342099887,-0.019269030148528613
1790036650.254158,0.016560677463933075,-0.01969471584521029
1790036650.2759511,0.01692503135330989,-0.020125819003715777
1790036650.2898412,0.017158870491218108,-0.020402468230905035
1790036650.3104503,0.01750938425659718,-0.020817081292473092
1790036650.3298085,0.017841760353322293,-0.021210177659533196
1790036650.3506944,0.018204023496815647,-0.02163854776221339
1790036650.3736758,0.018607058648195667,-0.022115035413403046
1790036650.4032032,0.019132207056581252,-0.022735749886749222
1790036650.4110756,0.0192727369947044,-0.022901846220981036
1790036650.430262,0.019618326532212297,-0.023310276192681053
1790036650.4496837,0.019971316860471603,-0.023727420952052585
1790036650.4743626,0.020424971850198155,-0.02426346034250605
1790036650.491212,0.020737077914081005,-0.024632219065373884
1790036650.510151,0.02109089764788674,-0.02505022586038973
1790036650.5301225,0.021467347705356174,-0.025494920407215578
1790036650.5506854,0.021858486062961632,-0.025956905605570367
1790036650.572684,0.02228099379142941,-0.026455865441224517
1790036650.5904732,0.022625305261005563,-0.026862437324501623
1790036650.6105356,0.02301698808337621,-0.027324908405621302
1790036650.6544025,0.023889520625949387,-0.028355004305606103
1790036650.6579382,0.023959953135482395,-0.028438154417814943
1790036650.673374,0.024269432118830404,-0.02880348436696257
1790036650.6912248,0.024630004577604378,-0.02922908652152423
1790036650.7099528,0.02501123038479817,-0.029679014361839465
1790036650.730472,0.025432439550786775,-0.03017607034311026
1790036650.7498107,0.025832547574176683,-0.030648159698398323
1790036650.77531,0.026365572074382036,-0.03127697116703215
1790036650.7919478,0.02671568252270265,-0.03168995178746482
1790036650.8110938,0.027121649136860868,-0.03216876251791713
1790036650.8311565,0.027550429886544353,-0.03267443835888588
1790036650.852419,0.02800864640559096,-0.03321477463524537
1790036650.8767292,0.02853750728507033,-0.0338383283734143
1790036650.9026887,0.029107892945345413,-0.03451073968860768
1790036650.912623,0.02932699649968623,-0.0347690183587531
1790036650.9327998,0.029775424003235035,-0.03529755501609758
1790036650.9529672,0.03022705172898176,-0.035829797295127926
1790036650.9764924,0.030758517775189002,-0.03645603278368564
1790036650.992746,0.031127928877426932,-0.03689127071881123
1790036651.013063,0.031593149265590675,-0.0374393285640714
1790036651.0340896,0.03207833166880968,-0.03801085395689872
1790036651.05382,0.03253687084124382,-0.038550943033540785
1790036651.0770302,0.033080811337652796,-0.03919152925692974
1790036651.0949316,0.033503024501465424,-0.03968870469791912
1790036651.1145558,0.03396909887700182,-0.04023745840740885
1790036651.1459105,0.03472200592829382,-0.04112374793382291
1790036651.1538358,0.034912838653362706,-0.04134837631825784
1790036651.174908,0.03542395653466045,-0.04194993208268539
1790036651.190804,0.03581164302197537,-0.04240617565198827
1790036651.214866,0.03640333519430795,-0.04310242225914511
1790036651.234193,0.036881727096489396,-0.04366530857587672
1790036651.2548175,0.03739579307910673,-0.04427012630522946
1790036651.2760365,0.03792845035119101,-0.044896760139995884
1790036651.2961736,0.038437348769308766,-0.04549538203371549
1790036651.3161187,0.038944726152563676,-0.046092159656829064
1790036651.3352804,0.039435249227547514,-0.04666905613172234
1790036651.3564568,0.03998110458132879,-0.04731095771481858
1790036651.3762834,0.04049546578332822,-0.0479157621812419
1790036651.3997283,0.04110829732532101,-0.04863627817665932
1790036651.415971,0.04153507752637271,-0.049138025957602464
1790036651.4305644,0.04192030380563812,-0.049590906096383836
1790036651.4555962,0.042586332502546315,-0.0503738558602763
1790036651.4766908,0.043151337157445374,-0.0510379998081721
1790036651.495333,0.04365357182516315,-0.0516283129519783
1790036651.5154414,0.044198706535689275,-0.052268976710356276
1790036651.5353634,0.044742121136442416,-0.05290754133455596
1790036651.555523,0.04529542765142646,-0.05355765095744527
1790036651.6358993,0.04755575441418613,-0.056212183238425854
1790036652.0552351,0.06082744161356431,-0.071761199276662
1790036652.0555563,0.060837606649381606,-0.07177310854220789
1790036652.0560153,0.060852135291368945,-0.0717901301302518
1790036652.0565772,0.0608699270435257,-0.07181097468075787
1790036652.0571988,0.060889609161575854,-0.07183403388882247
1790036652.057794,0.06090846378574765,-0.07185612356744267
1790036652.058425,0.0609284468331914,-0.07187953522365022
1790036652.0592537,0.06095470394402559,-0.07191029736875497
1790036652.0598853,0.0609747173835266,-0.07193374456122201
1790036652.0611875,0.06101599748632466,-0.0719821071110144
1790036652.074397,0.06143619187186168,-0.07247437935014636
1790036652.093872,0.062058863258876114,-0.07320381672241169
1790036652.113737,0.06269730957839285,-0.07395168053769136
1790036652.1491573,0.06384617701693952,-0.07529728892790719
1790036652.155613,0.06405591723689953,-0.0755429416593405
1790036652.1741168,0.064659961915237,-0.07625036951473285
1790036652.1936326,0.06530023169153594,-0.07700016672437056
1790036652.2143998,0.06598517366577596,-0.07780222568986352
1790036652.2347984,0.0666614454893529,-0.07859409722791588
1790036652.2551916,0.06734101894195448,-0.07938980382041773
1790036652.27066,0.06785848410786172,-0.07999567560238924
1790036652.2910545,0.06854422387415482,-0.08079852522354099
1790036652.313703,0.06931004050380499,-0.08169506474197705
1790036652.33198,0.06993082863045497,-0.08242177585050312
1790036652.3504703,0.0705617231233664,-0.08316026882873723
1790036652.3734376,0.07134978768639014,-0.08408266242061323
1790036652.3937635,0.07205067137950542,-0.08490296898982845
1790036652.4134774,0.07273369867028712,-0.08570234213864698
1790036652.430967,0.07334221971746085,-0.0864145069067658
1790036652.454225,0.07415595288188472,-0.08736681364615793
1790036652.4725142,0.07479863127573505,-0.08811892091339034
1790036652.4894085,0.07539468350777377,-0.08881644229553198
1790036652.5125017,0.07621389696954783,-0.08977506811787127
1790036652.5301864,0.07684385657984479,-0.09051220963561454
1790036652.5533843,0.0776746970219152,-0.09148436302637239
1790036652.5711577,0.07831389421217251,-0.092232253988689
1790036652.594171,0.0791459544199695,-0.09320578289730934
1790036652.611622,0.07977944545347818,-0.09394697587981805
1790036652.6371162,0.08071032795054646,-0.09503612125559666
1790036652.652702,0.08128144912993938,-0.09570433934906815
1790036652.671016,0.08195532254032553,-0.09649277202693239
1790036652.689871,0.08265206209839551,-0.09730795238549876
1790036652.7111907,0.08344364271456813,-0.09823408480540757
1790036652.731704,0.08420877977675494,-0.09912926805901595
1790036652.7527523,0.08499755451113532,-0.10005209443739144
1790036652.7714355,0.08570060026333838,-0.10087461672008755
1790036652.790885,0.08643562609101482,-0.10173455383320931
1790036652.8117218,0.08722668624158579,-0.10266006530150709
1790036652.8316708,0.08798733905709406,-0.10355003705087704
1790036652.854488,0.08886167092018935,-0.10457305272763863
1790036652.8718147,0.08952810612007815,-0.10535283430213686
1790036652.9076989,0.09091895116899652,-0.10698030819563377
1790036652.9135838,0.09114733132817829,-0.10724754554601752
1790036652.933069,0.09190665857851038,-0.1081360732913548
1790036652.955991,0.0928042738124221,-0.10918641673387491
1790036652.9737308,0.09350156032688826,-0.11000234578486309
1790036652.9927795,0.09425330435894741,-0.11088200160835159
1790036653.01327,0.09506542400923948,-0.11183231909552253
1790036653.0344205,0.09590741495358056,-0.11281759296446933
1790036653.0565062,0.09679066529826313,-0.11385114564437314
1790036653.0742867,0.09750435930464359,-0.11468628017138119
1790036653.0949066,0.09833552604128505,-0.11565887101155746
1790036653.1145709,0.09913135853254147,-0.11659010843500316
1790036653.153173,0.10070588494641178,-0.11843251054847001
1790036653.1591303,0.10094916979586192,-0.11871718536660379
1790036653.175311,0.10161211131262969,-0.11949291362629795
1790036653.195238,0.10243181152160571,-0.12045208647533988
1790036653.2156603,0.10327531813719816,-0.1214391467280837
1790036653.23596,0.10411715848073151,-0.122424308389748
1790036653.2562332,0.10496128648046686,-0.1234121929300504
1790036653.272011,0.10562028598411576,-0.12418344616931407
1790036653.292145,0.10646456813124608,-0.12517157847920618
1790036653.3123353,0.10731456315629904,-0.12616643150868895
1790036653.3318052,0.10813735119190285,-0.1271294809021671
1790036653.3547647,0.10911193380570097,-0.12827026384697826
1790036653.3716698,0.1098318686438147,-0.1291130043995667
1790036653.399184,0.11100984559350768,-0.1304920109096349
1790036653.4136293,0.11163001660701223,-0.13121804751917993
1790036653.4330647,0.1124675328731293,-0.13219859906492873
1790036653.4563348,0.1134747533233053,-0.1333779241614553
1790036653.4740417,0.11424375842486616,-0.1342783708365641
1790036653.4942534,0.11512491222071664,-0.13531018054386917
1790036653.514531,0.11601232304088253,-0.1363493584708637
1790036653.534087,0.11687131374471994,-0.13735528623468676
1790036653.5556688,0.11782313338165386,-0.13846994936633553
1790036653.5725667,0.11857073462944688,-0.1393454726901816
1790036653.591954,0.11943157124628881,-0.14035363411061055
1790036653.6118276,0.12031726046792826,-0.14139093722585697
1790036653.6525202,0.122144389017595,-0.14353110093979451
1790036653.6565435,0.12232517206894349,-0.143742859336403
1790036653.6738708,0.12310622310374936,-0.14465777547546
1790036653.6935327,0.12399568644043253,-0.14569972985746052
1790036653.7144935,0.12494752350764513,-0.1468147905902307
1790036653.73497,0.12588082102216056,-0.14790816830301434
1790036653.7554128,0.1268160171427136,-0.14900379417258616
1790036653.7762308,0.1277719474706277,-0.15012373974551632
1790036653.7953303,0.12865196676196922,-0.15115477665802232
1790036653.8153763,0.1295789011203603,-0.15224082226674104
1790036653.835326,0.13050465118699156,-0.1533255416238304
1790036653.8568769,0.1315085118869814,-0.15450185063524724
1790036653.8764462,0.13242320861007448,-0.15557372368550043
1790036653.9030745,0.1336736501042205,-0.15703909146463388
1790036653.9148066,0.13422570587285912,-0.1576860451356778
1790036653.935954,0.1352244701095526,-0.1588565224753093
1790036653.9555805,0.1361545559387256,-0.15994653465261974
1790036653.9756987,0.13711127374457432,-0.1610677848146357
1790036653.9911482,0.1378479312434103,-0.16193114702427383
1790036654.0114868,0.13882110706946646,-0.16307173868286418
1790036654.0325108,0.13983071382615625,-0.1642550798144251
1790036654.0596535,0.1411402108358288,-0.16578998837577552
1790036654.0771885,0.14198871172444374,-0.16678456596952992
1790036654.0924037,0.1427268625205102,-0.16764980774992508
1790036654.112518,0.14370602070697927,-0.1687975658810469
1790036654.1564016,0.14585806356725342,-0.17132021499325986
1790036654.163269,0.14619522756730433,-0.17171544335600247
1790036654.1749198,0.14676835310711275,-0.17238727319703326
1790036654.196009,0.14780942819504347,-0.17360765398376815
1790036654.2158866,0.14879395444169768,-0.17476176417118594
1790036654.2311945,0.14955407520712025,-0.17565283024744732
1790036654.2585108,0.1509166289441474,-0.17725015219271067
1790036654.2766695,0.15182511282927869,-0.1783151778182699
1790036654.296182,0.1528044653323282,-0.17946329245515993
1790036654.315539,0.15377910630268063,-0.18060589068976657
1790036654.3359911,0.15481234257022933,-0.1818171972583044
1790036654.3554325,0.1557976214483846,-0.18297230385284194
1790036654.3767176,0.15688006852655817,-0.18424135907284336
1790036654.403999,0.15827360458782563,-0.1858751876160789
1790036654.412978,0.15873290834882728,-0.18641369781281958
1790036654.433033,0.15976212798546824,-0.18762045436093067
1790036654.4555285,0.16092076676868328,-0.18897901575824247
1790036654.4737053,0.1618596967743565,-0.19007998331298773
1790036654.4949734,0.16296204776481854,-0.19137260302948852
1790036654.51412,0.16395746841951453,-0.19253985512460745
1790036654.5348167,0.1650370080169005,-0.1938057602400532
1790036654.5541332,0.16604763660968908,-0.19499086477902458
1790036654.574603,0.16712207132319964,-0.19625080765213682
1790036654.5954182,0.16821820002395055,-0.19753621521708642
1790036654.6158998,0.16930022446624632,-0.19880511528926623
1790036654.6522272,0.17123025703994074,-0.2010686185979975
1790036654.6568837,0.1714778334786542,-0.201358972953331
1790036654.671148,0.1722379102298292,-0.20225039007465015
1790036654.6921663,0.17336150958127464,-0.2035681623261075
1790036654.7121708,0.1744342103159714,-0.2048262481573556
1790036654.7327554,0.17554151257913306,-0.20612490999504626
1790036654.7552726,0.17675695472109004,-0.20755038843165155
1790036654.77342,0.17773924058627988,-0.20870241976318907
1790036654.794042,0.1788589770959621,-0.21001566123861357
1790036654.8144586,0.17997099185107143,-0.21131987013599093
1790036654.8349457,0.18109032215071016,-0.21263268563044507
1790036654.855413,0.18221203826882257,-0.21394831410818485
1790036654.8720524,0.18312626095382312,-0.21502058307834965
1790036654.90578,0.18498877071134276,-0.21720507687426105
1790036654.9108682,0.18526995949756286,-0.2175348767160931
1790036654.9324808,0.18646822793772377,-0.21894029301374215
1790036654.9544654,0.187691122894778,-0.22037457558678344
1790036654.972036,0.18867104446916974,-0.2215238755693769
1790036654.993132,0.18985129135533402,-0.22290811542239547
1790036655.0130408,0.1909683896626773,-0.22421828661802953
1790036655.0329924,0.19209119708965264,-0.22553517221479713
1790036655.056378,0.1934117889171041,-0.2270840476815842
1790036655.073082,0.19435738752541387,-0.22819311227842437
1790036655.093963,0.19554303296131392,-0.2295837364605527
1790036655.1138368,0.19667475409997073,-0.23091112381728013
1790036655.1491184,0.1986941667677746,-0.23327967393299534
1790036655.1559398,0.199084986687325,-0.23373806252278703
1790036655.1761532,0.20024645076572917,-0.23510033441839945
1790036655.1916304,0.2011377488930225,-0.23614574178117032
1790036655.211936,0.20231050940967768,-0.23752130475935326
1790036655.2329152,0.20352580123863317,-0.23894680618033073
1790036655.256849,0.20491697899377243,-0.24057867064633653
1790036655.274587,0.20595060585230934,-0.2417911430013497
1790036655.2950952,0.20714914374513702,-0.24319707123420856
1790036655.314603,0.20829235956202968,-0.24453810638464285
1790036655.33469,0.20947284352661716,-0.24592286088231163
1790036655.358286,0.21086413387649539,-0.2475548952219664
1790036655.375312,0.2118704515752984,-0.24873534665743577
1790036655.4064467,0.21371864187406095,-0.2509033815930432
1790036655.4166129,0.21432297185659216,-0.25161230130119017
1790036655.4365387,0.21551074621439206,-0.25300567384636075
1790036655.453208,0.21650668795322434,-0.25417403028495833
1790036655.4744596,0.21778012816138034,-0.25566796016659354
1790036655.4931262,0.21890152361189533,-0.25698353755426123
1790036655.5133507,0.2201198801653041,-0.2584128906831859
1790036655.5336466,0.22134591349634505,-0.2598512722649226
1790036655.55503,0.2226414033149317,-0.2613711707915023
1790036655.5746102,0.22383079340973822,-0.2627666029124164
1790036655.5952046,0.22508528648555257,-0.26423843568111244
1790036655.6149902,0.22629374418397097,-0.26565628240374
1790036655.6505556,0.22847642020903053,-0.26821726779476784
1790036655.6565788,0.22884636696995778,-0.2686513372431852
1790036655.6722114,0.22980855431361202,-0.26978030856380797
1790036655.6936212,0.2311301104664034,-0.27133094682096665
1790036655.713932,0.23238724913277778,-0.2728060006498312
1790036655.7340024,0.23363282413625697,-0.2742674850203571
1790036655.7560935,0.2350078403809967,-0.27588084908547184
1790036655.7748158,0.23617606022512222,-0.27725158050810833
1790036655.7949512,0.23743579712603669,-0.27872971025390086
1790036655.8153849,0.2387176382832284,-0.2802338100709
1790036655.8352778,0.2399688218853281,-0.28170198055060325
1790036655.8563874,0.2413002064852322,-0.28326429638707923
1790036655.877338,0.24262518844337277,-0.2848191260558421
1790036655.9066534,0.24448630978999294,-0.28700313197913924
1790036655.9118583,0.2448169731749257,-0.28739116282714733
1790036655.9320226,0.24610135313946285,-0.28889837893009723
1790036655.9547818,0.24755530517433796,-0.2906046024418848
1790036655.9719892,0.24865703534055345,-0.2918975004424783
1790036655.9939957,0.25007004767370067,-0.2935557116332372
1790036656.0123603,0.25125201730561425,-0.2949428092068983
1790036656.0312543,0.25247101229644137,-0.2963733946756735
1790036656.0533676,0.2539017744464555,-0.2980525411254975
1790036656.0726745,0.25515405595526724,-0.2995222398134657
1790036656.0929315,0.2564713712478558,-0.3010682804100584
1790036656.1118042,0.25770162946436176,-0.30251215450081914
1790036656.1540723,0.26047179984223534,-0.30576335094442936
1790036656.1598322,0.26084957181566704,-0.30620672266477555
1790036656.1734746,0.2617458579998529,-0.3072586601609605
1790036656.1954942,0.2631965376384891,-0.3089613108948721
1790036656.215901,0.2645444054372843,-0.3105433363822343
1790036656.2327626,0.2656604776530097,-0.31185333865185755
1790036656.257014,0.26727054850129495,-0.31374325452890495
1790036656.2753282,0.268489213663361,-0.3151737658019984
1790036656.2959304,0.26986365219419456,-0.3167871659029699
1790036656.3157415,0.271188566952193,-0.31834246774404806
1790036656.3354328,0.2725086777206314,-0.31989215906099766
1790036656.3558202,0.2738789080376244,-0.32150071693490073
1790036656.3760364,0.27524102129073164,-0.3230997784351935
1790036656.4046118,0.277173125376209,-0.32536808929427846
1790036656.416494,0.2779776927230936,-0.32631268266253616
1790036656.4309576,0.27895880034411313,-0.32746458346370005
1790036656.4544618,0.28055773503142684,-0.3293419686687013
1790036656.4716053,0.2817263969491573,-0.33071420457756046
1790036656.492423,0.2831491252699745,-0.3323848344636756
1790036656.5125244,0.2845262353994933,-0.3340019687504659
1790036656.5317817,0.28584859232319715,-0.3355548588272564
1790036656.5545022,0.2874130374813538,-0.33739211704589006
1790036656.5719352,0.28861590886281235,-0.3388047990285992
1790036656.5914383,0.2899647701178599,-0.3403889965355685
1790036656.6120598,0.2913945007203048,-0.3420682566295324
1790036656.6473682,0.2938528206972201,-0.3449558887349849
1790036656.6546793,0.29436229383831686,-0.34555434558295733
1790036656.6719537,0.29556852784266197,-0.34697131138111814
1790036656.69268,0.2970193566514166,-0.3486756772468626
1790036656.7123444,0.2983990747857717,-0.3502965754155756
1790036656.7315338,0.29974850565135847,-0.3518819563553378
1790036656.7548878,0.30139533264874735,-0.35381682984714147
1790036656.77196,0.30260160987125645,-0.35523415347597515
1790036656.791953,0.3040175886101668,-0.3568979521017626
1790036656.8138585,0.3055729967180243,-0.35872569338193927
1790036656.8330474,0.30693857941355857,-0.3603304663258729
1790036656.8559296,0.30857135619983217,-0.36224935754303494
1790036656.8744426,0.3098952124489913,-0.3638052691614997
1790036656.9032378,0.31196125233369987,-0.36623362274436877
1790036656.9162035,0.31289293047767197,-0.36732871527744754
1790036656.935922,0.31431307513777623,-0.3689980169139177
1790036656.9537597,0.3156004194232816,-0.3705112736557272
1790036656.9718478,0.31690855052669265,-0.37204901883535746
1790036656.9921992,0.31838380475319633,-0.37378330210536115
1790036657.012848,0.3198841583234434,-0.3755471782242948
1790036657.032529,0.3213174308301963,-0.37723229012697607
1790036657.05438,0.3229126716802712,-0.3791079333025095
1790036657.0722775,0.32422197043405176,-0.3806474345325456
1790036657.0926716,0.3257173630020566,-0.38240582313162286
1790036657.1117558,0.3271197354159683,-0.3840548977445438
1790036657.146413,0.32967645386108074,-0.38706160006424256
1790036657.15423,0.33025363684782294,-0.3877403779444557
1790036657.171878,0.3315592933970978,-0.38927591153301455
1790036657.193184,0.3331393441299967,-0.3911342436277659
1790036657.2133205,0.33463606023184256,-0.3928946603589996
1790036657.23353,0.33614159916803243,-0.3946655630142547
1790036657.257665,0.3379444066093137,-0.39678627920163406
1790036657.2749903,0.33924105455355846,-0.39831166417681907
1790036657.2954624,0.3407766693464849,-0.4001182985793934
1790036657.3143325,0.3421950673095282,-0.40178713579553793
1790036657.3346603,0.34372644764070376,-0.4035890332912693
1790036657.357404,0.3454440989567025,-0.40561026607090916
1790036657.3754678,0.34681101078201826,-0.40721887217885855
1790036657.4023252,0.3488493041249741,-0.4096178225678328
1790036657.4172254,0.349981960943603,-0.4109509813307501
1790036657.437368,0.3515164686245107,-0.41275729838242975
1790036657.45281,0.35269485504239534,-0.4141445141342807
1790036657.4721606,0.3541745832148872,-0.4158866209740308
1790036657.492371,0.35572345078829953,-0.4177102778666627
1790036657.512929,0.35730243411040885,-0.4195695474516708
1790036657.532513,0.3588097823836898,-0.421344603280834
1790036657.554469,0.360503707188639,-0.42333953688566606
1790036657.5723882,0.36188882324224886,-0.42497089843215297
1790036657.5933805,0.3635151413870017,-0.42688650839791004
1790036657.613582,0.3650835622169503,-0.42873409591200456
1790036657.6521714,0.36809193950979713,-0.43227862555509516
1790036657.6581595,0.368559061319918,-0.4328290138027845
1790036657.6744423,0.36983144925549544,-0.4343283214934065
1790036657.695932,0.3715145499355793,-0.43631177024243145
1790036657.7159,0.3730817893695166,-0.4381588419888059
1790036657.7354176,0.3746168438263238,-0.43996813588369416
1790036657.7552752,0.3761819132354987,-0.4418129636115053
1790036657.7757292,0.37779745155749117,-0.44371745107974897
1790036657.79689,0.37947254868078667,-0.4456923271021678
1790036657.817116,0.3810770513925416,-0.44758414561906745
1790036657.8374538,0.38269387069710326,-0.44949067534603776
1790036657.8550172,0.3840926902607158,-0.45114028371329445
1790036657.8729928,0.3855270276864097,-0.4528319249550292
1790036657.90191,0.38784140289504104,-0.45556184446302067
1790036657.9149456,0.38888610650360717,-0.4567941976408161
1790036657.9342427,0.39043572590194014,-0.45862232426251365
1790036657.9560652,0.3921921012140485,-0.46069457554399673
1790036657.9744525,0.39367481470699045,-0.4624440961303825
1790036657.9954462,0.395371368374012,-0.464446140092166
1790036658.014663,0.3969273960106632,-0.46628253425584165
1790036658.0363572,0.3986879443922027,-0.4683605522401109
1790036658.055349,0.4002321992853417,-0.4701834630289285
1790036658.0766582,0.4019686416664498,-0.4722334800454638
1790036658.0966454,0.40360068134093463,-0.47416044467723956
1790036658.1121778,0.40487099003582266,-0.4756604361816286
1790036658.149573,0.40794094564705247,-0.47928623053821634
1790036658.1538932,0.4082957624261553,-0.4797052994971298
1790036658.1728108,0.40985245610267584,-0.4815440792603811
1790036658.1933706,0.4115478031225719,-0.48354687549538894
1790036658.2130785,0.41317613628104966,-0.4854707413465605
1790036658.2325828,0.41479081240514926,-0.4873787199524502
1790036658.256527,0.41677781439154177,-0.489727019109534
1790036658.2732215,0.4181655327535642,-0.49136723915606495
1790036658.2936614,0.41986805727007026,-0.49337980423323563
1790036658.3140483,0.4215696386473156,-0.4953915124561042
1790036658.3340707,0.42324413715241727,-0.4973714514085353
1790036658.3564634,0.4251210502911738,-0.49959105079548055
1790036658.3736472,0.4265638204497474,-0.5012974333802324
1790036658.4037347,0.42909754047818094,-0.5042947067143211
1790036658.416397,0.43016520157044563,-0.5055578133925833
1790036658.4366865,0.43187938384899166,-0.5075860986468252
1790036658.4565752,0.4335630014369084,-0.5095785103448895
1790036658.476546,0.4352569052467064,-0.5115833780719562
1790036658.4973235,0.43702282020296235,-0.5136737724475443
1790036658.516791,0.4386805663269567,-0.5156363873123664
1790036658.5373895,0.4404381454228258,-0.5177174968963314
1790036658.5565116,0.4420728080352667,-0.5196533307043623
1790036658.5771737,0.44384267289313967,-0.5217495984087122
1790036658.5973284,0.44557246609804246,-0.5237987208588882
1790036658.6173365,0.44729300697326685,-0.5258372105005815
1790036658.6540413,0.4504605629877171,-0.5295912772843407
1790036658.6584764,0.4508434649681235,-0.5300450947627159
1790036658.6713638,0.4519574936797764,-0.5313655871645099
1790036658.692619,0.45379862603869486,-0.5335483172716157
1790036658.7148335,0.4557269579517227,-0.5358348463955757
1790036658.7381136,0.45775232974042546,-0.5382368991396317
1790036658.7569551,0.4593945085242395,-0.540184791634362
1790036658.7717814,0.4606885717440195,-0.5417199485834272
1790036658.7934833,0.46258667822447214,-0.5439721089933606
1790036658.8151417,0.46448491629576644,-0.5462248599241512
1790036658.837305,0.46643152312167696,-0.5485354933144291
1790036658.857614,0.4682187125554111,-0.5506572922048405
1790036658.8730855,0.4695822067016782,-0.5522762944325716
1790036658.9190323,0.4736491954368037,-0.5571073576149759
1790036658.923275,0.4740248857851679,-0.5575536463430362
1790036658.935362,0.4750964338991627,-0.5588266916768422
1790036658.9553754,0.47687402191767525,-0.5609389155866218
1790036658.9777155,0.478862461501247,-0.5633021659208961
1790036658.9969966,0.4805817539800491,-0.5653459131480912
1790036659.0120454,0.48192554279334215,-0.5669435343009225
1790036659.035525,0.4840268059883342,-0.5694423136695242
1790036659.0565872,0.48591543337151244,-0.5716887157205965
1790036659.0748649,0.4875571787649948,-0.5736418344917913
1790036659.0953343,0.48939937665367017,-0.5758338901405605
1790036659.1154177,0.49121036684660757,-0.5779892776608776
1790036659.1561527,0.4948983936001291,-0.5823806297899612
1790036659.1627693,0.4954978304186076,-0.5830944340369763
1790036659.1766222,0.49675453854112955,-0.5845911405815902
1790036659.1974778,0.4986503738205209,-0.5868495621371439
1790036659.2126155,0.5000284505100914,-0.5884914901784231
1790036659.2321756,0.5018125153629922,-0.5906176313251255
1790036659.256788,0.5040627778524913,-0.5933001247539307
1790036659.2744453,0.5056799111031907,-0.595228271530429
1790036659.2947192,0.5075403333058716,-0.5974470119639587
1790036659.315451,0.5094465703229629,-0.5997209293971324
1790036659.3370202,0.5114339351286862,-0.6020922008877899
1790036659.3565185,0.5132338494001025,-0.6042402833164993
1790036659.376907,0.5151196206911723,-0.6064913469118903
1790036659.407406,0.517948732248242,-0.6098696638824606
1790036659.4133086,0.518496563649433,-0.6105238891079187
1790036659.4376993,0.520765599519828,-0.6132343833888025
1790036659.455963,0.5224675880449028,-0.6152679422515197
1790036659.4739332,0.5241451080124078,-0.6172726874031293
1790036659.4917712,0.5258130934412117,-0.6192664549505655
1790036659.5145752,0.5279500488571091,-0.6218214647852823
1790036659.532089,0.5295939773112021,-0.623787395844085
1790036659.555345,0.5317817103900444,-0.6264043607937478
1790036659.5731363,0.5334581786542907,-0.6284101690721762
1790036659.5961547,0.5356319140994313,-0.6310116502296635
1790036659.6139092,0.5373113692097983,-0.6330220289389008
1790036659.6392424,0.539713425182945,-0.6358983181623212
1790036659.6544445,0.5411569223409093,-0.6376271337240382
1790036659.672042,0.5428306334096005,-0.6396321116847719
1790036659.6956077,0.545076952157157,-0.6423238278301093
1790036659.7136607,0.5468007006166694,-0.6443898242691137
1790036659.731175,0.5484757412519042,-0.6463978775442988
1790036659.754639,0.5507247379354151,-0.6490944054927945
1790036659.7720134,0.5523929790793892,-0.6510936766187632
1790036659.7967978,0.5547784816629283,-0.6539484330447859
1790036659.8135474,0.5563930155170055,-0.6558772771460945
1790036659.83136,0.5581122780857455,-0.6579257626221808
1790036659.8545277,0.5603513398411568,-0.6605818067426172
1790036659.872445,0.5620865411920928,-0.6626312562468869
1790036659.895414,0.5643160541321098,-0.6652481144267645
1790036659.913,0.5660257007650559,-0.6672444034444164
1790036659.9360487,0.5682704581909465,-0.669846947242665
1790036659.9545052,0.570070257494071,-0.6719215677967919
1790036659.9709923,0.5716796828647376,-0.6737670901836335
1790036659.995858,0.5741103595216606,-0.6765326260141538
1790036660.0127373,0.5757617913479338,-0.6784016779590997
1790036660.0358667,0.5780272591796614,-0.6809473977368331
1790036660.0545547,0.5798568470913215,-0.6829918858670598
1790036660.0711436,0.5814802249743499,-0.6847970173666836
1790036660.0954902,0.5838611558785698,-0.6874256163618178
1790036660.1120503,0.5854798861900635,-0.6892041002283265
1790036660.142709,0.5884743706053329,-0.6924649075650667
1790036660.1542275,0.5895990836308731,-0.693685608560977
1790036660.176026,0.5917266238057959,-0.6959804393690335
1790036660.1939216,0.5934726766156924,-0.6978543364503422
1790036660.2112162,0.5951596729070772,-0.699656347882532
1790036660.2345295,0.5974331586871724,-0.7020697061933554
1790036660.2537313,0.5993054061307219,-0.7040472351340693
1790036660.2762716,0.6015028800211522,-0.7063552359104682
1790036660.2947855,0.6033077585258756,-0.708242485365208
1790036660.3125985,0.6050444196696839,-0.7100510005141171
1790036660.3356984,0.6072969237450513,-0.7123851275879922
1790036660.354972,0.6091767846772358,-0.7143256636676046
1790036660.3722715,0.6108646275701617,-0.7160625525441143
1790036660.3960829,0.613189163959969,-0.7184453970166205
1790036660.4138982,0.6149293822399432,-0.7202246767759697
1790036660.431558,0.6166556466236082,-0.7219857344499943
1790036660.4544816,0.6188989862685662,-0.7242684989040432
1790036660.4721992,0.6206345418429247,-0.7260316638858579
1790036660.4957817,0.6229478070891419,-0.728377819538012
1790036660.5136335,0.6247008937012082,-0.7301542541590419
1790036660.532576,0.6265635077456998,-0.7320406175404061
1790036660.5564134,0.6289115843127933,-0.7344180393706286
1790036660.5732913,0.6305763855738891,-0.7361038661074949
1790036660.5938113,0.6326039359071371,-0.7381580830936508
1790036660.6117344,0.6343777588617509,-0.7399565038048427
1790036660.651098,0.6382874875484662,-0.7439293398080123
1790036660.6550057,0.6386757571316595,-0.7443239752552933
1790036660.6727989,0.6404468607495827,-0.7461266090274842
1790036660.692628,0.6424246800933168,-0.7481432481054554
1790036660.7125468,0.6444156229731346,-0.7501772117728094
1790036660.7323558,0.6463997312140446,-0.752208357506992
1790036660.7543893,0.6486118374929702,-0.7544787586524565
1790036660.7727878,0.650462667618374,-0.7563827799718165
1790036660.793167,0.6525172954326945,-0.7585019724738613
1790036660.8127985,0.6545008252277952,-0.7605533194073467
1790036660.8322012,0.6564655282397627,-0.7625909936669715
1790036660.8561137,0.6588934086698051,-0.7651177776005158
1790036660.8731508,0.660626586630235,-0.7669260115966672
1790036660.9071724,0.6641012309963742,-0.7705700128166175
1790036660.914455,0.6648456177589345,-0.7713515632141602
1790036660.935357,0.6669873000714279,-0.7736073279551743
1790036660.958105,0.6693242474555892,-0.776077681087433
1790036660.9747963,0.671042286655263,-0.7778986752721466
1790036660.9952338,0.6731509360012797,-0.7801411973688449
1790036661.016003,0.6752989964227382,-0.7824336373310053
1790036661.0354314,0.6773129706818684,-0.7845900198850395
1790036661.0569522,0.6795495405027661,-0.7869930629736026
1790036661.075724,0.6815047910355692,-0.7890999333693564
1790036661.0965889,0.6836834572280505,-0.7914551322184621
1790036661.1158614,0.6857003424139493,-0.7936421313167314
1790036661.1542082,0.6897307578966555,-0.7980397488796345
1790036661.1587708,0.6902105551033995,-0.7985636427209895
1790036661.1766698,0.6920966421485351,-0.8006287687468485
1790036661.19728,0.694273584129157,-0.803019641215041
1790036661.217473,0.6964115094886169,-0.8053744392544859
1790036661.236984,0.6984818311931281,-0.8076612285550239
1790036661.2568965,0.7005995789820316,-0.8100069861411895
1790036661.2730343,0.7023190549097864,-0.811915831716535
1790036661.2946942,0.7046325738983424,-0.814491722947916
1790036661.316094,0.7069236736155581,-0.8170502184585977
1790036661.33712,0.7091797833353067,-0.8195770893222467
1790036661.3575542,0.7113769456494243,-0.8220451009676519
1790036661.3723528,0.7129705828479485,-0.8238389224196981
1790036661.3959713,0.7155203289479091,-0.8267182789377794
1790036661.4143414,0.7175073803024277,-0.8289677320562566
1790036661.4317963,0.7193989589021001,-0.8311140006998989
1790036661.4551864,0.7219400925437391,-0.8340057724238756
1790036661.474689,0.7240634385586282,-0.8364279705681023
1790036661.4962287,0.7264140792982751,-0.8391164124417008
1790036661.517447,0.7287349693616852,-0.8417775280054869
1790036661.5353696,0.7306989794486752,-0.844034406543308
1790036661.5565865,0.7330289965784096,-0.8467186868502485
1790036661.5745137,0.7350012865213172,-0.8489956386056409
1790036661.594583,0.7372136364927196,-0.8515556473953373
1790036661.614592,0.739423638655153,-0.8541186871161945
1790036661.655687,0.7439805492187499,-0.8594270139309396
1790036661.6631072,0.7448039116930384,-0.8603868982839694
1790036661.6761248,0.7462501509113132,-0.8620751503174992
1790036661.6962152,0.7484862205129649,-0.8646905092761263
1790036661.715667,0.7506550245435564,-0.8672317497621063
1790036661.7348654,0.7527992637028019,-0.8697484708281126
1790036661.7566729,0.7552395672873111,-0.8726180578103641
1790036661.7735677,0.7571329100046759,-0.8748475646264787
1790036661.7943754,0.7594688659863457,-0.877602891755229
1790036661.8140724,0.7616837358066646,-0.8802193743698692
1790036661.83496,0.7640364869704742,-0.8830031413708284
1790036661.8585792,0.766701881791785,-0.8861622033202146
1790036661.8754826,0.768611972771089,-0.8884286898537413
1790036661.9027684,0.7717017625430219,-0.8921017336741445
1790036661.9150093,0.7730891889663566,-0.8937522940438934
1790036661.9350927,0.7753690604986982,-0.8964678100054229
1790036661.9552095,0.7776561482863193,-0.8991952431198295
1790036661.9749746,0.7799065167181591,-0.9018817960186936
1790036661.9953198,0.7822264380578454,-0.904654366834422
1790036662.016153,0.7846056340112533,-0.9075010566906792
1790036662.0356452,0.7868348199355895,-0.9101709099818965
1790036662.058556,0.7894593313755064,-0.9133173762433087
1790036662.075417,0.7913931441287017,-0.9156374037961716
1790036662.0958705,0.7937423791812405,-0.9184582615366065
1790036662.1154606,0.795995595964456,-0.921165960283639
1790036662.1534057,0.8003717553831642,-0.9264315436968005
1790036662.159218,0.8010423718004971,-0.9272385874168063
1790036662.1751506,0.8028826661252084,-0.929454156806836
1790036662.196324,0.8053319299600022,-0.9324044556968807
1790036662.216715,0.8076940443434422,-0.9352512443445513
1790036662.235312,0.8098511809223641,-0.9378521243331625
1790036662.2586086,0.8125580163972119,-0.9411171305635728
1790036662.2777536,0.8147856204071535,-0.9438049070607923
1790036662.2968383,0.8170093692031307,-0.9464887729987012
1790036662.3176398,0.8194369791119955,-0.9494194738749706
1790036662.3368585,0.8216831673115734,-0.9521317561121994
1790036662.357458,0.8240946350292208,-0.9550439635320773
1790036662.3770196,0.8263881372339877,-0.9578137862667485
1790036662.407176,0.829932321685897,-0.9620936971116313
1790036662.4127822,0.8305914940267369,-0.9628896755937926
1790036662.4377973,0.8335387169597038,-0.9664476611897204
1790036662.457554,0.8358701578438335,-0.9692614859176895
1790036662.4720182,0.8375790485072248,-0.9713234422448965
1790036662.497705,0.8406202791390026,-0.9749910856352815
1790036662.5180256,0.8430302384162656,-0.9778960520488595
1790036662.537671,0.8453639360512291,-0.980707646716211
1790036662.5575397,0.8477280699875509,-0.983554281755065
1790036662.577702,0.8501312187120289,-0.9864460826432877
1790036662.5984292,0.8526060056012025,-0.9894220401360938
1790036662.617191,0.8548496942796919,-0.9921183229600918
1790036662.654658,0.8593445250073787,-0.9975123667316366
1790036662.6610456,0.8601112312073204,-0.9984322265347567
1790036662.676853,0.8620111942165074,-1.0007102398155
1790036662.6979558,0.8645522275819938,-1.0037541373142955
1790036662.7133758,0.8664113661841278,-1.0059796853412704
1790036662.73355,0.868847837950675,-1.0088938019757543
1790036662.7570093,0.8716863045565305,-1.0122854893914954
1790036662.7768326,0.8740885598057565,-1.0151537844356708
1790036662.797362,0.8765801414269471,-1.0181265738455827
1790036662.8169217,0.8789573287545396,-1.0209612073302008
1790036662.8377447,0.8814916189880784,-1.0239814437996555
1790036662.8574426,0.8838920739051553,-1.026840717418738
1790036662.877292,0.8863140305558215,-1.0297243042083353
1790036662.905475,0.8897590285207851,-1.0338232320631884
1790036662.914381,0.8908483067469151,-1.0351190000156152
1790036662.932637,0.8930837587223592,-1.037777015594345
1790036662.9542136,0.8957295281628919,-1.0409211909444385
1790036662.9725006,0.8979744794487527,-1.043587981679849
1790036662.9933915,0.9005423724570586,-1.0466371875478024
1790036663.013788,0.9030525435391218,-1.0496167385542672
1790036663.0326598,0.9053775844512261,-1.0523758137692674
1790036663.055163,0.908153489488695,-1.0556689486850004
1790036663.073092,0.910367314446197,-1.0582947146841364
1790036663.093362,0.9128728819948257,-1.0612659704836085
1790036663.1132865,0.9153382048672407,-1.0641890897289241
1790036663.151616,0.9200898428010729,-1.0698220116661161
1790036663.1544907,0.9204462514516557,-1.070244519756047
1790036663.1716833,0.9225796119481643,-1.0727734397840023
1790036663.1931653,0.9252478616909676,-1.0759364289907007
1790036663.212561,0.9276590915546697,-1.0787948434809147
1790036663.2323823,0.930125433573745,-1.0817187197706548
1790036663.256551,0.9331359044516475,-1.0852879123719354
1790036663.2738883,0.9352970726436741,-1.0878503241012967
1790036663.2941718,0.937827700289316,-1.0908509682233958
1790036663.3146915,0.9403900586325943,-1.0938894910986305
1790036663.333631,0.9427569803379027,-1.0966964826921248
1790036663.354903,0.9454177864373116,-1.099852441024902
1790036663.3732924,0.9477198330076835,-1.102583211611654
1790036663.4098165,0.952299235902516,-1.1080170396660711
1790036663.4155447,0.9530176236463758,-1.1088695153708408
1790036663.4344354,0.9553886890277977,-1.1116837513983746
1790036663.4574213,0.9582766357041926,-1.1151124374513217
1790036663.475912,0.9606017321870994,-1.1178735228367958
1790036663.4953573,0.9630489772770561,-1.1207804004070165
1790036663.515646,0.9656047787355896,-1.1238170614096874
1790036663.535786,0.9681442876275831,-1.126835253913683
1790036663.5584693,0.9710075372879193,-1.1302396234799013
1790036663.5760522,0.9732288817792556,-1.1328817162794862
1790036663.5959442,0.9757444381682757,-1.1358751237898854
1790036663.6164064,0.9783346585869745,-1.1389591431243271
1790036663.6562333,0.983386637529927,-1.1449809358179346
1790036663.6625829,0.9841923476568755,-1.1459414906087735
1790036663.678038,0.9861550410658444,-1.148282575192949
1790036663.699182,0.9888433023325817,-1.1514914014546385
1790036663.7185218,0.9913049175515047,-1.1544314691098527
1790036663.738099,0.9937995996365887,-1.1574130784897638
1790036663.7581527,0.9963580055983958,-1.1604732269495486
1790036663.778843,0.9990008697367341,-1.163637072012831
1790036663.798747,1.0015463214008409,-1.166686817266668
1790036663.8181844,1.0040349624084328,-1.1696709994518721
1790036663.837629,1.006527511145708,-1.1726625654125844
1790036663.8567195,1.0089775463288466,-1.1756058803930223
1790036663.8770418,1.0115889588359621,-1.178746169919951
1790036663.9028854,1.014915343995722,-1.182751087567388
1790036663.917697,1.0168236180849544,-1.1850501775258064
1790036663.937955,1.0194370310981509,-1.1882019915342992
1790036663.957995,1.0220256799383238,-1.1913273134239821
1790036663.9777927,1.0245862939940673,-1.194422328597246
1790036663.9966533,1.0270286131648465,-1.197377597005601
1790036664.0171013,1.0296799132259957,-1.2005895261489172
1790036664.0358005,1.032107317859515,-1.203533379639967
1790036664.0592384,1.035154391797632,-1.2072337031897886
1790036664.0757184,1.0372990716599968,-1.209840661542363
1790036664.0966296,1.0400238943745928,-1.2131568957367105
1790036664.1168432,1.042661005212289,-1.2163702686780302
1790036664.1519406,1.0472493563156708,-1.2219731862320753
1790036664.157329,1.047954028585012,-1.2228339584632082
1790036664.1780488,1.0506670019723023,-1.2261521547976597
1790036664.1979742,1.0532791637666181,-1.2293510167753592
1790036664.217656,1.0558625874631113,-1.2325185982541647
1790036664.236718,1.0583677529078956,-1.2355939342738744
1790036664.2578063,1.0611429694476968,-1.2390053209615908
1790036664.2786689,1.0638922478037023,-1.242389176442245
1790036664.2937033,1.0658755137705083,-1.2448324330299914
1790036664.315204,1.0687160199872185,-1.248336223360007
1790036664.3350823,1.0713459479219152,-1.2515840212784544
1790036664.3577032,1.0743436697378461,-1.2552908185055909
1790036664.3747332,1.0766033291588786,-1.2580876762955329
1790036664.4116514,1.0815154109268583,-1.2641807478376978
1790036664.4172866,1.0822655236194052,-1.265111509616872
1790036664.4368467,1.084873142443806,-1.2683507272216277
1790036664.4581587,1.087719112688418,-1.2718902459869936
1790036664.4733338,1.0897480515512064,-1.2744157281025725
1790036664.4953148,1.092692246154526,-1.2780847839397242
1790036664.51803,1.0957403746211165,-1.281888045255607
1790036664.5356822,1.0981125059792192,-1.284850761430197
1790036664.5570488,1.100988700359549,-1.288447280115254
1790036664.5746577,1.1033622667416645,-1.2914183725636967
1790036664.595203,1.1061358092601024,-1.2948946031520974
1790036664.6161082,1.108962087179601,-1.298441839878574
1790036664.6572945,1.114545596138829,-1.305469755464819
1790036664.6625586,1.115259466454473,-1.3063686419892955
1790036664.675762,1.117051487913364,-1.308627251092719
1790036664.6956923,1.1197597695796515,-1.3120457653008957
1790036664.715955,1.1225165526112408,-1.3155307461456065
1790036664.7355983,1.1251922308341673,-1.318918029476386
1790036664.7577212,1.1282097127354254,-1.3227440403856188
1790036664.775936,1.1306969095395512,-1.3259016879399688
1790036664.7964444,1.1335008692102277,-1.3294664820385098
1790036664.816412,1.1362342530312668,-1.3329462152263802
1790036664.836428,1.1389775609694337,-1.336443281707754
1790036664.856967,1.1417960368444313,-1.340041117536791
1790036664.8771396,1.1445675219663347,-1.3435837658740968
1790036664.9085662,1.148892839017171,-1.349124331700567
1790036664.9174914,1.1501218235136668,-1.3506995677187765
1790036664.9363315,1.1527185918477605,-1.354032233296418
1790036664.957788,1.1556791131449244,-1.3578373490032736
1790036664.977069,1.158341952945271,-1.36126436883534
1790036664.9987535,1.1613400254836141,-1.3651283067734423
1790036665.0175266,1.1639379866779362,-1.3684805534210038
1790036665.037912,1.1667620658976394,-1.3721290801545722
1790036665.0573068,1.16945175073725,-1.37560789654808
1790036665.0778022,1.1722972924013575,-1.3792924916697569
1790036665.0982945,1.1751457224809827,-1.3829848462396301
1790036665.1196227,1.1781139924174548,-1.3868367534236243
1790036665.1576164,1.1834131549384193,-1.3937264743981834
1790036665.1632848,1.1842040144524788,-1.3947549914701367
1790036665.1773703,1.1861708585649708,-1.3973145425534703
1790036665.1980124,1.189056743043904,-1.4010735325134187
1790036665.21812,1.1918712959919395,-1.4047427723989205
1790036665.2379067,1.1946441915607406,-1.408360669944653
1790036665.255952,1.1971757745195304,-1.411666107465859
1790036665.2729723,1.199565998712681,-1.4147891505903691
1790036665.2935116,1.2024538719779014,-1.4185656607542447
1790036665.3134556,1.2052612733756385,-1.4222400841980183
1790036665.3332982,1.2080575627585821,-1.425903163467655
1790036665.35788,1.2115264859273565,-1.430452413140171
1790036665.3772051,1.2142564689541917,-1.4340357796690455
1790036665.4027412,1.2178689455239473,-1.4387829237866487
1790036665.4137726,1.219430429350222,-1.440835847087216
1790036665.4337137,1.2222560403526688,-1.4445538841903682
1790036665.4565284,1.2254926699936344,-1.4488167309073818
1790036665.474566,1.2280539952671952,-1.4521926109770682
1790036665.4947126,1.2309178722055927,-1.4559702414829707
1790036665.5164485,1.2340112905756384,-1.460054105745923
1790036665.5345314,1.2365873137831294,-1.4634573188081905
1790036665.557304,1.239835502927928,-1.4677523327225952
1790036665.5756943,1.2424613043978436,-1.4712268639527282
1790036665.5951316,1.2452395678009651,-1.474905936398427
1790036665.6168995,1.248354669083791,-1.47903461032581
1790036665.654239,1.2537089888986492,-1.4861417856400954
1790036665.658201,1.2542772514428102,-1.4868962037976012
1790036665.677533,1.2570529501944305,-1.4905840098797276
1790036665.6980586,1.2600034414864445,-1.4945072078243615
1790036665.7184513,1.2629382657305184,-1.4984125674263655
1790036665.7378128,1.2657278606390865,-1.5021272753121837
1790036665.7579353,1.2686305343992443,-1.505995348247801
1790036665.7778006,1.2714994464982288,-1.509821102880089
1790036665.797937,1.2744109870324554,-1.5137064956729307
1790036665.819057,1.2774686019491173,-1.5177898979639608
1790036665.839332,1.2804074052995003,-1.5217175088222754
1790036665.858112,1.2831325056275447,-1.5253620020978569
1790036665.87874,1.2861294614772767,-1.5293729062077255
1790036665.905332,1.2899988934897535,-1.534556427168405
1790036665.9143054,1.2913053233076994,-1.5363070398010472
1790036665.9339056,1.2941623319094602,-1.5401377768970117
1790036665.9563334,1.2974359583376276,-1.5445304374123088
1790036665.9741273,1.3000360726353852,-1.5480211580668264
1790036665.9942515,1.3029804219613794,-1.5519761730748303
1790036666.0148213,1.3059939753224832,-1.556026355756804
1790036666.0348496,1.3089321154113067,-1.5599771086976315
1790036666.056507,1.3121136275301193,-1.56425760299265
1790036666.0752244,1.314866346868723,-1.5679632051773227
1790036666.0958889,1.3179093922174554,-1.5720618081520739
1790036666.1160734,1.320885740449925,-1.5760723037560553
1790036666.1530955,1.3263587317438803,-1.583451694094881
1790036666.1589324,1.3272219438842578,-1.5846157200568554
1790036666.1753178,1.3296476525254484,-1.5878879285573688
1790036666.1956513,1.3326616270322773,-1.5919557267892706
1790036666.2163925,1.3357399046016514,-1.5961124721900544
1790036666.2355042,1.3385796546807351,-1.5999488168170097
1790036666.2602215,1.342257964836217,-1.6049205769831898
1790036666.2762191,1.3446410343260768,-1.608142596664473
1790036666.296024,1.3475949425967177,-1.6121377177274083
1790036666.3171248,1.3507463427997233,-1.6164012502337697
1790036666.337057,1.353727022415975,-1.620435069764758
1790036666.3595746,1.357099096628685,-1.6250000481319373
1790036666.376969,1.3597068215725994,-1.6285312198981798
1790036666.4054935,1.3639907351489866,-1.6343346660517513
1790036666.4181228,1.3658889471864468,-1.6369067075067671
1790036666.4378505,1.3688577511023008,-1.6409306382088094
1790036666.457626,1.3718374907658484,-1.6449706209811044
1790036666.4774487,1.3748280612233212,-1.6490265120747671
1790036666.4960709,1.3776408892073655,-1.6528423270214416
1790036666.514614,1.3804450147181972,-1.656647459517806
1790036666.5323668,1.3831326455148836,-1.6602953762829813
1790036666.5558374,1.3866909668218648,-1.665126984756334
1790036666.6439185,1.400115412837121,-1.6833819138145683
1790036667.063447,1.4655487786177508,-1.7732440789138948
1790036667.0638237,1.4656075334901328,-1.7733247699429406
1790036667.0643969,1.4656969329307687,-1.773447548315319
1790036667.065001,1.4657911699734774,-1.7735769720203336
1790036667.065619,1.4658875673182712,-1.7737093642439588
1790036667.066435,1.466014875774684,-1.7738842121164438
1790036667.0670547,1.4661115413887489,-1.7740169758427444
1790036667.0678334,1.4662330203150313,-1.7741838205345197
1790036667.0684044,1.4663221051498796,-1.7743061745540605
1790036667.06893,1.4664040878602427,-1.7744187748433735
1790036667.0814157,1.4683533544847513,-1.7770964309117696
1790036667.1008246,1.4713864791729143,-1.7812639590917314
1790036667.1213634,1.474599444645774,-1.7856797393644732
1790036667.155882,1.4800082777113748,-1.793116734135606
1790036667.1606083,1.4807490405082533,-1.7941353247067495
1790036667.180761,1.4839104417497273,-1.7984836174823349
1790036667.2015347,1.4871722738513717,-1.802971560458028
1790036667.222256,1.490428799095769,-1.8074536279828577
1790036667.2421892,1.4935642025195073,-1.8117705185086193
1790036667.2618985,1.4966668962751688,-1.8160440941911447
1790036667.2824888,1.4999109640452226,-1.8205144749846514
1790036667.301291,1.5028755295229437,-1.8246015836403162
1790036667.3191752,1.5056973626750205,-1.828493756864655
1790036667.3419812,1.5092989692127754,-1.8334646799297354
1790036667.3605049,1.5122264139967343,-1.837507376502085
1790036667.380524,1.5153926244795042,-1.8418825806484822
1790036667.4092114,1.5199348037929195,-1.8481651952523044
1790036667.421458,1.5218747890589939,-1.8508495858743705
1790036667.4412863,1.5250181817573987,-1.8552020677438588
1790036667.4611683,1.5281726078422548,-1.859572632936934
1790036667.4810698,1.531332752295606,-1.8639537417498055
1790036667.5014038,1.5345643736362027,-1.8684366812508726
1790036667.5217168,1.5377955861422392,-1.8729214801512124
1790036667.5419033,1.5410095641242083,-1.8773846871698427
1790036667.562023,1.544215919323837,-1.881839522088371
1790036667.5816896,1.5473530653176955,-1.8862002292919213
1790036667.6014843,1.5505137602572971,-1.890595651929675
1790036667.6217637,1.553755240478354,-1.8951054233975426
1790036667.6592524,1.5597594197761562,-1.903465442104987
1790036667.662634,1.5603010984454302,-1.9042197081511831
1790036667.682329,1.563459519507884,-1.908619324573464
1790036667.702555,1.5667068540122293,-1.9131444469961878
1790036667.7240765,1.5701665560159475,-1.9179672899714035
1790036667.742827,1.5731841695063105,-1.9221751541433285
1790036667.7626803,1.5763831495020064,-1.926637311679288
1790036667.78302,1.579664581163247,-1.9312158091484888
1790036667.801939,1.5827202322866754,-1.93548057565
1790036667.822213,1.585998879695289,-1.940057718324979
1790036667.842636,1.589305678557751,-1.944675602223819
1790036667.8644388,1.5928406769153964,-1.949613355431096
1790036667.8848133,1.5961481087133282,-1.9542345568013302
1790036667.9077616,1.5998786550938886,-1.9594481455591843
1790036667.9243548,1.6025787458271668,-1.9632224025682112
1790036667.9440875,1.6057936383814537,-1.9677170089706593
1790036667.9640708,1.6090531485231399,-1.972275028080809
1790036667.9835217,1.612229602443282,-1.976717567496408
1790036668.0041945,1.6156096696199764,-1.981445788338665
1790036668.023646,1.6187938322174558,-1.9859005427746186
1790036668.0432346,1.6220040946641188,-1.9903924279733154
1790036668.0634043,1.6253136370526704,-1.9950237312214991
1790036668.083824,1.628668234386371,-1.9997185141133085
1790036668.1046,1.6320856657134724,-2.004501541795285
1790036668.1237967,1.6352469489836834,-2.0089262625593967
1790036668.150729,1.6396891528059643,-2.0151445436322586
1790036668.1595943,1.641152171578939,-2.017192589442773
1790036668.1796649,1.6444680830451461,-2.021835319114762
1790036668.199453,1.6477411184117592,-2.026418721116545
1790036668.21967,1.6510887177624844,-2.0311078083248026
1790036668.2414153,1.6546937632191911,-2.03615885538035
1790036668.260381,1.6578411364727097,-2.0405700528172397
1790036668.281409,1.6613347151035416,-2.0454680062396804
1790036668.3003154,1.6644788154267314,-2.049877594073976
1790036668.3219264,1.668076700274617,-2.0549256548045194
1790036668.34087,1.6712334730352587,-2.0593565479156357
1790036668.361856,1.674734278111636,-2.0642726152371944
1790036668.380957,1.6779236826326271,-2.0687533282217148
1790036668.4047434,1.6819001732004835,-2.0743432036188487
1790036668.421146,1.6846444374700351,-2.0782027077222414
1790036668.441266,1.6880139503717286,-2.0829445467575107
1790036668.460828,1.6912930203898136,-2.08756216325297
1790036668.480699,1.6946269623218264,-2.0922604285591597
1790036668.5003183,1.697921622188807,-2.096906839354535
1790036668.5209343,1.70138689995487,-2.1017979685800943
1790036668.540836,1.7047350737714693,-2.1065278347847807
1790036668.5608916,1.7081120853690774,-2.111302731877082
1790036668.5807672,1.7114616635285314,-2.1160432508509226
1790036668.5997603,1.7146651274794615,-2.1205811889717308
1790036668.6214926,1.7183339488653735,-2.125784074672788
1790036668.6527977,1.7236256952875348,-2.133300863986674
1790036668.660735,1.7249678189129782,-2.1352081358040493
1790036668.6810591,1.7284073365973027,-2.1401015085543613
1790036668.7009156,1.7317703619438463,-2.1448914827432954
1790036668.7211535,1.7352007733390946,-2.1497831397927456
1790036668.7415314,1.7386576604143393,-2.1547183929369482
1790036668.7612453,1.7420044395655003,-2.1595019394549024
1790036668.779928,1.745178454796877,-2.164043185133383
1790036668.8009868,1.7487590924462844,-2.1691718918021166
1790036668.8214605,1.7522431493182768,-2.174167169833383
1790036668.8424385,1.7558160157621034,-2.1792947412806725
1790036668.864465,1.7595709549799254,-2.18468840420641
1790036668.8839514,1.7628955596794404,-2.1894674242262777
1790036668.9090989,1.7671906844283523,-2.1956467951742624
1790036668.9243762,1.7698017151273677,-2.199405053221426
1790036668.9449208,1.7733161139130218,-2.2044665888159654
1790036668.9600887,1.7759124819609566,-2.208207404441032
1790036668.9822907,1.7797166518118046,-2.213691285403532
1790036669.0031216,1.7832891010148864,-2.218843543011446
1790036669.0254097,1.7871152072601935,-2.22436419952578
1790036669.0398436,1.7895945625685732,-2.2279426626850865
1790036669.059965,1.7930539238757512,-2.2329373608463245
1790036669.0813358,1.796731496203535,-2.2382490672223168
1790036669.1012664,1.8001643325632446,-2.2432085497262833
1790036669.1210418,1.8035734125761569,-2.2481349899631176
1790036669.1577442,1.8099111039167632,-2.2572966494780236
1790036669.1623423,1.81070527006864,-2.2584447321120713
1790036669.1831045,1.814294693392058,-2.2636344888360123
1790036669.2027493,1.8176939648301755,-2.268550002796618
1790036669.22279,1.8211648759749826,-2.2735697840352307
1790036669.2419343,1.8244833273263996,-2.2783696526725516
1790036669.263371,1.8282025649476288,-2.2837499723146024
1790036669.2838886,1.8317654666322907,-2.2889046741113948
1790036669.304033,1.835266447544926,-2.2939704952396367
1790036669.3241313,1.83876237196824,-2.2990294638168387
1790036669.3437366,1.842175431548413,-2.303969169113728
1790036669.3636467,1.8456445381572084,-2.3089907605431166
1790036669.3839238,1.8491807585614228,-2.3141103908984633
1790036669.4065878,1.8531373222836922,-2.319839812423542
1790036669.4238648,1.8561558408713272,-2.324211657866243
1790036669.4401808,1.8590086109878452,-2.328344214096469
1790036669.4610624,1.8626633613774917,-2.333639824080519
1790036669.480404,1.8660516837037335,-2.338550587532007
1790036669.5017717,1.869798912382492,-2.3439830332588665
1790036669.5226483,1.8734637674812042,-2.3492975916003624
1790036669.54305,1.8770488842816089,-2.354498049035742
1790036669.5635266,1.8806508400628097,-2.3597245457943683
1790036669.5830634,1.8840908611455445,-2.364717602179528
1790036669.6036203,1.887714305743689,-2.3699786485899335
1790036669.623163,1.8911623799230686,-2.3749867423992717
1790036669.6573942,1.8972124986963523,-2.383779482474744
1790036669.6644337,1.8984571270011699,-2.385588555288908
1790036669.6828694,1.9017195806094735,-2.390332228738853
1790036669.7018268,1.905077529575558,-2.3952164773309885
1790036669.7229736,1.9088271719386392,-2.4006725852862014
1790036669.742834,1.9123523154480702,-2.4058037503467813
1790036669.7627935,1.9158985150508194,-2.4109673915653964
1790036669.7828343,1.9194628756435423,-2.4161591368894877
1790036669.8026826,1.9229965968643217,-2.421307856953068
1790036669.823634,1.9267306873709105,-2.426750408419151
1790036669.842411,1.930080562579092,-2.431634258331705
1790036669.863061,1.9337684596660325,-2.4370125648597365
1790036669.8839128,1.937496610672055,-2.4424508308497104
1790036669.9072704,1.9416778935991905,-2.4485519681150287
1790036669.9247267,1.9448057468776185,-2.4531167370782194
1790036669.9446888,1.9483864935043085,-2.4583436097425833
1790036669.9637723,1.9518132211295436,-2.463346488986835
1790036669.9795446,1.9546478646531231,-2.4674855972956866
1790036669.9993682,1.9582145389050674,-2.472694429200958
1790036670.020748,1.9620658750258642,-2.4783199041983224
1790036670.0405369,1.9656346609618103,-2.483533358073919
1790036670.0600636,1.9691601313918188,-2.488683967534067
1790036670.08046,1.9728468228676577,-2.4940707313264467
1790036670.10068,1.9765058531540154,-2.499417296731992
1790036670.121741,1.9803214358585117,-2.504993123379273
1790036670.158115,1.9869246268305643,-2.5146429965237935
1790036670.163344,1.987874148381107,-2.5160306502841996
1790036670.1830904,1.9914637064291971,-2.5212766739975923
1790036670.2036211,1.9951998953627046,-2.5267373050328312
1790036670.223661,1.9988505958124196,-2.5320732440008737
1790036670.2439067,2.0025427983361754,-2.5374700893032585
1790036670.2638278,2.006179560927302,-2.5427859978297396
1790036670.284511,2.009959650125479,-2.548311392105231
1790036670.3038423,2.013496123504576,-2.5534807630871863
1790036670.3239498,2.0171785076133144,-2.5588632871304786
1790036670.3440676,2.0208663892504424,-2.5642540246958885
1790036670.3633523,2.0244050357622547,-2.56942656039813
1790036670.383551,2.028114962096813,-2.5748496303115656
1790036670.4090998,2.0328135217510708,-2.5817178021909557
1790036670.424299,2.0356107109853436,-2.5858067790422266
1790036670.43941,2.0383936407954413,-2.589874983479269
1790036670.4599736,2.0421843825668855,-2.595416617455381
1790036670.4788897,2.0456743787736946,-2.6005188117041356
1790036670.4993567,2.0494539295697694,-2.6060446231999514
1790036670.519603,2.053195933234052,-2.6115159191095305
1790036670.5397017,2.05691380251417,-2.6169523407358994
1790036670.559011,2.0604884492290005,-2.622179786796734
1790036670.5795748,2.0642985789539203,-2.6277521184293064
1790036670.5990915,2.067917496928843,-2.633045350832582
1790036670.6198616,2.0717720356532485,-2.6386838578186653
1790036670.6591856,2.079081046233552,-2.6493781619488606
1790036670.662325,2.07966459943932,-2.6502320138423645
1790036670.6804516,2.083036514557045,-2.6551664454933324
1790036670.7001548,2.0867046070268302,-2.6605348139095084
1790036670.7207494,2.0905418200010466,-2.666151453894845
1790036670.741738,2.094455886728653,-2.6718811265358386
1790036670.7603004,2.097920182650755,-2.6769528014344286
1790036670.779448,2.101496652960049,-2.682189081452657
1790036670.7995214,2.105249396198196,-2.687683638762968
1790036670.82015,2.1091095821951633,-2.69333548237292
1790036670.8414664,2.113102578452925,-2.699181545836718
1790036670.8601446,2.116604429982979,-2.704308513042428
1790036670.88125,2.120565444740956,-2.7101072648943916
1790036670.9047918,2.124988834269372,-2.7165825618294965
1790036670.9208128,2.128001491435287,-2.7209924666166656
1790036670.9419222,2.13197510082421,-2.7268087568979555
1790036670.9615147,2.135666794768796,-2.7322120984737817
1790036670.9815404,2.1394439728268413,-2.737740076486281
1790036671.0015132,2.1432149108372496,-2.743258541727212
1790036671.021403,2.146973887889023,-2.7487591887374316
1790036671.0430367,2.1510666596943486,-2.7547480472545325
1790036671.0615015,2.1545630509231746,-2.7598640671024817
1790036671.0815265,2.1583583575205294,-2.765417384615008
1790036671.099584,2.1617836649134663,-2.77042925147173
1790036671.120472,2.165749507220758,-2.7762320573719728
1790036671.1588428,2.1730471923736987,-2.78691021626484
1790036671.1621437,2.173675075225731,-2.787828954248105
1790036671.1803944,2.1771493660880425,-2.7929128033687265
1790036671.2001772,2.1809184167984133,-2.7984282388323876
1790036671.2203608,2.1847670764110196,-2.8040604907131716
1790036671.240871,2.1886813133903846,-2.809789112459564
1790036671.2611682,2.19255812936408,-2.815463380784303
1790036671.28123,2.196393068286565,-2.8210767878771006
1790036671.3007617,2.2001295404124552,-2.826546542575721
1790036671.3202317,2.203857082768055,-2.832003697344354
1790036671.3413675,2.207906771672327,-2.837933140270426
1790036671.361338,2.2117360868475058,-2.8435405295280387
1790036671.3810666,2.2155216258399464,-2.8490849072965747
1790036671.4067056,2.2204458285002793,-2.856298699237472
1790036671.4219697,2.223378897747819,-2.8605963783987973
1790036671.442274,2.227283244262284,-2.866318628232582
1790036671.4612577,2.230935775327199,-2.8716734787263305
1790036671.4816852,2.23486870947597,-2.877441238891923
1790036671.5020823,2.238798252621437,-2.8832061763634065
1790036671.5222986,2.2426953285924607,-2.8889254893479155
1790036671.5438066,2.246843950463538,-2.895016552363036
1790036671.5648494,2.250905420473634,-2.9009819888532182
1790036671.5851398,2.2548238555050366,-2.906739839893083
1790036671.6045058,2.2585659606466586,-2.9122406460095145
1790036671.624391,2.262410454143156,-2.917894573455773
1790036671.651029,2.2675644836191235,-2.9254785890844848
1790036671.6603377,2.2693659885355046,-2.9281300414739784
1790036671.6782377,2.272832019686298,-2.9332332898624176
1790036671.7018418,2.2774054966455046,-2.9399708757571132
1790036671.7225182,2.28141414375129,-2.945879021016533
1790036671.7436764,2.285518695300848,-2.951931328606556
1790036671.7621808,2.289110420176338,-2.9572296689747946
1790036671.7829702,2.2931482477390186,-2.963188697137
1790036671.802817,2.297005476686928,-2.9688837329940654
1790036671.8242807,2.3011798733833952,-2.975049806103341
1790036671.8449652,2.305205621469865,-2.9809988337473663
1790036671.8656363,2.309231641033306,-2.9869508004178043
1790036671.8861856,2.3132369095085097,-2.9928745413528164
1790036671.9124477,2.3183603263167467,-3.000456134790304
1790036671.9212625,2.3200805369832174,-3.0030021501210404
1790036671.9412036,2.3239747282963865,-3.008768210573875
1790036671.9591453,2.3274807203153647,-3.013961413266305
1790036671.979427,2.3314467291925207,-3.0198385807100316
1790036672.00032,2.335535293536312,-3.025900085501409
1790036672.0211682,2.3396182808435406,-3.0319557837947944
1790036672.0405507,2.3434169519123933,-3.03759205598399
1790036672.0607886,2.3473863591804958,-3.0434838430769937
1790036672.0800984,2.35117649241654,-3.049111592493436
1790036672.100223,2.3551297562268294,-3.0549834863783953
1790036672.1200292,2.3590235371176593,-3.060768950683968
1790036672.154691,2.3658477671525997,-3.070913552610017
1790036672.159883,2.3668702013824054,-3.0724335785438903
1790036672.1790905,2.3706557516779294,-3.0780629122382854
1790036672.199664,2.374714185631259,-3.084099751396537
1790036672.225289,2.3797747402530827,-3.091629949808914
1790036672.2455788,2.3837852638610966,-3.0975993213192554
1790036672.2597532,2.386588813581148,-3.101772998559156
1790036672.2802398,2.3906447216311237,-3.1078123644946443
1790036672.3001287,2.3945860506504832,-3.113682023140087
1790036672.319596,2.398447617486689,-3.1194334396619543
1790036672.340794,2.40265696621732,-3.1257032055704275
1790036672.3607495,2.4066237623484055,-3.1316116720059166
1790036672.3793812,2.410331084685234,-3.1371334607035744
1790036672.402346,2.4149064236439264,-3.1439474037913673
1790036672.4209695,2.4186206966133765,-3.1494783658977528
1790036672.4419136,2.4228028115707003,-3.1557049249906743
1790036672.4606512,2.426548335586478,-3.161280434551643
1790036672.4801762,2.430455777342076,-3.1670956072936267
1790036672.5005882,2.4345456296744974,-3.1731805782532563
1790036672.520816,2.4386035537165953,-3.1792162213426236
1790036672.541793,2.4428169700188183,-3.1854812655241926
1790036672.5607784,2.4466346321996824,-3.191156339641897
1790036672.5815651,2.4508196011061676,-3.1973757102567713
1790036672.5996366,2.4544616476510246,-3.2027872128714074
1790036672.6204023,2.458651449628706,-3.20901172368088
1790036672.6569364,2.4660369208233863,-3.2199824630069314
1790036672.661275,2.4669141532398173,-3.2212855455360256
1790036672.679736,2.4706503258085526,-3.226835542671644
1790036672.6996598,2.4746862828702905,-3.2328314857180964
1790036672.720395,2.4788905619736106,-3.2390783792324576
1790036672.7415888,2.4831917059466098,-3.245470646358704
1790036672.760056,2.4869423643825797,-3.251046160770054
1790036672.780065,2.491009388908843,-3.257093973911785
1790036672.799996,2.495063592742083,-3.263125094226468
1790036672.8208363,2.4993061940763566,-3.2694391274149193
1790036672.84173,2.503562835802342,-3.2757773132174846
1790036672.8619747,2.5076902594477866,-3.281926041314149
1790036672.8812673,2.511626061807629,-3.2877924401779377
1790036672.9110153,2.517701015533186,-3.2968542008328776
1790036672.92166,2.519875517409808,-3.300098817250616
1790036672.941965,2.5240261879456245,-3.306295558763922
1790036672.962023,2.5281288376320425,-3.3124241587521412
1790036672.981182,2.532050016801298,-3.3182848715756954
1790036673.0010102,2.536110561213941,-3.3243573635994283
1790036673.0211823,2.540244185056805,-3.33054277162233
1790036673.0422385,2.5445618369362366,-3.337007365691395
1790036673.0620272,2.54862213131039,-3.3430900657448777
1790036673.0818665,2.5526954445555887,-3.3491954389842062
1790036673.102269,2.5568870598406472,-3.3554816638902776
1790036673.122604,2.5610676563992194,-3.361754487670708
1790036673.154819,2.567697525464096,-3.371710587403818
1790036673.1645875,2.569708569995729,-3.3747312469550628
1790036673.1846397,2.573839517268154,-3.3809389814086277
1790036673.2039104,2.5778121614733998,-3.3869114258534063
1790036673.2252498,2.5822144997234537,-3.393532988675882
1790036673.240472,2.585356603382282,-3.398260518091988
1790036673.26113,2.589623854826447,-3.4046835432537126
1790036673.2807343,2.5936763344534914,-3.410785521014006
1790036673.3005476,2.597774999273222,-3.416959211687463
1790036673.32013,2.6018288463992407,-3.4230674112935398
1790036673.3421886,2.6063989057169943,-3.429955990764974
1790036673.3608315,2.6102640090639855,-3.435783614270914
1790036673.3820071,2.6146575629040725,-3.44241037786613
1790036673.4067218,2.6197900860124546,-3.4501545557662543
1790036673.4203992,2.6226318789101577,-3.454443359094291
1790036673.441105,2.626937337444824,-3.460943114617686
1790036673.4613876,2.631158014497698,-3.4673170288961384
1790036673.481243,2.6352929158707243,-3.4735631757801673
1790036673.500872,2.6393837961803115,-3.479744650848548
1790036673.5203907,2.6434549508800522,-3.4858977798482815
1790036673.5406606,2.647686207046085,-3.4922945944199197
1790036673.5612447,2.6519867785936664,-3.498797653282724
1790036673.5810428,2.656126556067203,-3.5050589965024908
1790036673.6015282,2.6604138367874324,-3.511544798318596
1790036673.6204016,2.6643669364814344,-3.5175262523497888
1790036673.661355,2.6729598033123074,-3.530533171156244
1790036673.66422,2.6735610289426663,-3.5314432635939474
1790036673.679733,2.6768186142621233,-3.53637492891689
1790036673.700059,2.6810906773525236,-3.5428432422791474
1790036673.7196124,2.685204031237891,-3.549071797892069
1790036673.7411325,2.6897354647768377,-3.555933933523956
1790036673.7604537,2.6938075094184204,-3.5621006137481737
1790036673.7798345,2.69789574936288,-3.5682919150929004
1790036673.8041272,2.7030261014193027,-3.5760612280599444
1790036673.8255353,2.7075518320413785,-3.5829146759269213
1790036673.845558,2.7117888266128207,-3.5893304636988477
1790036673.8605309,2.714959554545594,-3.5941313787363076
1790036673.8807526,2.7192461112650936,-3.600621081702585
1790036673.907562,2.7249366612731345,-3.609234925069532
1790036673.9204602,2.727676204564406,-3.6133813984330327
1790036673.9411416,2.732073500717819,-3.6200358224337665
1790036673.960331,2.7361575664967104,-3.626215141788155
1790036673.9806795,2.74049290946187,-3.6327733929318056
1790036674.000219,2.7446600025516807,-3.6390761404259178
1790036674.0203578,2.7489592588870173,-3.6455778523416433
1790036674.0408244,2.753332873410946,-3.6521912519918356
1790036674.060495,2.757540381982426,-3.6585529914436536
1790036674.081361,2.7620080858451663,-3.6653074972027477
1790036674.1014476,2.7663129001654774,-3.6718155132752566
1790036674.1215265,2.770620105095165,-3.678326782659308
1790036674.158122,2.7784832903420043,-3.6902136034135227
1790036674.163206,2.7795759308291594,-3.691865364354972
1790036674.1829865,2.783830790779363,-3.698297843771682
1790036674.2033482,2.78821458287341,-3.7049259145896696
1790036674.2230506,2.792460084271985,-3.711345694763705
1790036674.2429676,2.79675548197131,-3.7178420174562166
1790036674.262417,2.800953520618013,-3.724192268398258
1790036674.2826416,2.8053225580072643,-3.730802699952728
1790036674.3032672,2.80978220805826,-3.737551685995779
1790036674.3224242,2.813927631061701,-3.7438266832151927
1790036674.3426878,2.818316474379164,-3.750471634892552
1790036674.362907,2.8226994793732656,-3.7571095600598046
1790036674.382945,2.827047131796757,-3.763695698578741
1790036674.40588,2.832028494159688,-3.7712440830169522
1790036674.4227958,2.8357054490417797,-3.776817056557965
1790036674.4435377,2.840218561644118,-3.783659102717434
1790036674.462109,2.844263087242456,-3.789792099156864
1790036674.4821582,2.8486337971572735,-3.7964212395996695
1790036674.502138,2.8529937280533098,-3.8030355404366816
1790036674.523456,2.8576508593717547,-3.8101023387681527
1790036674.5448763,2.8623354433048807,-3.8172124306079898
1790036674.565189,2.8667826160904033,-3.8239635634274003
1790036674.586079,2.871361341312503,-3.830915869698405
1790036674.6056097,2.8756468028522306,-3.8374240914397517
1790036674.6205142,2.878919890282396,-3.8423955444642806
1790036674.65829,2.887234086806884,-3.855027419217167
1790036674.6633306,2.8883438265831995,-3.856713528389014
1790036674.6824057,2.892548347590521,-3.863102263280898
1790036674.7023313,2.896945737096036,-3.8697846518237733
1790036674.723322,2.90158435026586,-3.8768338854524966
1790036674.7488072,2.9072255969027903,-3.8854070880107465
1790036674.7614052,2.9100165440182573,-3.8896485713488826
1790036674.7814443,2.914462021062936,-3.8964043014161596
1790036674.8010502,2.918817334127095,-3.9030226999314457
1790036674.8201437,2.923064635890121,-3.9094764568925964
1790036674.8418355,2.9278975867875188,-3.9168192821456054
1790036674.8610945,2.9321947302602993,-3.923347106784114
1790036674.8815567,2.93676741669169,-3.9302924262999612
1790036674.9069648,2.9424567031699387,-3.938931323754944
1790036674.922094,2.945848379099205,-3.9440806553198495
1790036674.942841,2.950507046469055,-3.951151880988727
1790036674.9630227,2.9550460041862214,-3.9580396727037104
1790036674.981991,2.95931861519329,-3.9645215709683925
1790036675.0013778,2.963692268378959,-3.9711548684389735
1790036675.0219088,2.9683318546486954,-3.978189165576106
1790036675.0427165,2.973042012999519,-3.9853279516826725
1790036675.0633264,2.9777152909601505,-3.9924082236809224
1790036675.0827498,2.982126584331268,-3.9990891417765018
1790036675.1031148,2.9867594216383258,-4.006102803844852
1790036675.1231844,2.9913325988904087,-4.013023309896761
1790036675.1556904,2.998759260785399,-4.024254320816576
1790036675.16369,3.000588155002747,-4.027019591333846
1790036675.1838362,3.0052015703998727,-4.033991911065866
1790036675.203419,3.0096932312392344,-4.040777145877953
1790036675.2234592,3.014297356061249,-4.047729020971983
1790036675.2442205,3.019075277870315,-4.054939717820698
1790036675.264549,3.023761329344202,-4.062008280355893
1790036675.2843935,3.0283432265861236,-4.068916336450705
1790036675.305174,3.033149219813964,-4.0761585694516365
1790036675.3239868,3.0375066213138315,-4.082721855369272
1790036675.3442972,3.0422185682851626,-4.0898156737172915
1790036675.363552,3.0466924681548226,-4.0965480951716
1790036675.3834412,3.051321084190887,-4.103509939389887
1790036675.4130063,3.058217514788907,-4.113875995702477
1790036675.4250844,3.0610375863297845,-4.118113628234617
1790036675.4452796,3.065760362284291,-4.125207359024669
1790036675.4653835,3.0704692145188655,-4.132277022553017
1790036675.4850712,3.0750875456690485,-4.139208046531639
1790036675.505418,3.0798679227510095,-4.146379303562386
1790036675.5255284,3.084599974605656,-4.153475265846101
1790036675.5449483,3.0891761425158473,-4.160334968945247
1790036675.5646615,3.093828279099279,-4.16730595118884
1790036675.5835364,3.0982886468479776,-4.1739875083372455
1790036675.6037574,3.103074016456991,-4.181153793192532
1790036675.624446,3.107977056318363,-4.188494401581805
1790036675.6635206,3.1172620736660113,-4.2023897415953
1790036675.667458,3.118197950746227,-4.203790264685194
1790036675.6840532,3.1221465080445028,-4.209698535379869
1790036675.7049534,3.1271258250710257,-4.217148335411326
1790036675.7250354,3.1319158877929527,-4.224314510156172
1790036675.7456615,3.1368416111912114,-4.231683354391878
1790036675.7645712,3.141362196053776,-4.238446097518706
1790036675.7846978,3.1461792033575393,-4.245652127715719
1790036675.8051796,3.151086699751862,-4.252993642699868
1790036675.8246362,3.1557536420416015,-4.259975199399665
1790036675.8462503,3.160944208326067,-4.267740020531037
1790036675.8656707,3.165612919581808,-4.274724037228283
1790036675.8859854,3.1705020100601238,-4.282037438467617
1790036675.9092164,3.176099923588066,-4.290410823630276
1790036675.9258018,3.1801000541783653,-4.296393873548513
1790036675.9465988,3.1851215713455723,-4.303904136079544
1790036675.9663365,3.1898924512872875,-4.3110388255848795
1790036675.981103,3.1934644765212434,-4.31638040475812
1790036676.000042,3.1980506398236512,-4.323237715310366
1790036676.0205555,3.203023502638777,-4.330672500751387
1790036676.0418217,3.2081848164021127,-4.338388042805391
1790036676.0619085,3.213065193612569,-4.3456825880907415
1790036676.0812967,3.2177808253340836,-4.352729886713735
1790036676.1011348,3.222611015049938,-4.359947339739027
1790036676.121179,3.22749669952765,-4.3672465997316365
1790036676.155896,3.2359742665479745,-4.3799088907133115
1790036676.1610348,3.237229478948592,-4.3817836318126515
1790036676.181856,3.242320860819579,-4.389386696693142
1790036676.20093,3.2469897141481803,-4.396357791983817
1790036676.2212822,3.2519767020510546,-4.403802729456097
1790036676.2427983,3.257254718920323,-4.4116808821875315
1790036676.262985,3.2622117916108184,-4.41907881302169
1790036676.282431,3.2669915983439877,-4.426211233464907
1790036676.302245,3.2718668474882375,-4.433484795455909
1790036676.3223145,3.27680979777631,-4.4408583988661245
1790036676.342836,3.281869246855587,-4.44840452881245
1790036676.363601,3.286993916378236,-4.456046987048528
1790036676.383192,3.291833369112238,-4.4632631972797485
1790036676.4085958,3.2981159624111203,-4.472630198073755
1790036676.4231143,3.3017088792073777,-4.47798664206062
1790036676.4423532,3.306473968008768,-4.4850900389013155
1790036676.463206,3.3116435407843086,-4.492795675526147
1790036676.4832933,3.3166277036491016,-4.50022425608576
1790036676.5019567,3.321262438176888,-4.507131441664588
1790036676.5225976,3.326392968921683,-4.51477670351812
1790036676.543666,3.331634680383405,-4.522586992297254
1790036676.5627966,3.336398338741456,-4.52968461280184
1790036676.5829318,3.3414164487432196,-4.537161194786104
1790036676.6018004,3.3461227560913156,-4.544173223599657
1790036676.622111,3.3511930469481648,-4.551727796402109
1790036676.6584811,3.36028612255324,-4.565277499421673
1790036676.665176,3.3619603741808852,-4.567772388588019
1790036676.68597,3.367164983084352,-4.575528814127473
1790036676.7054758,3.3720508010092276,-4.582810785809266
1790036676.7204669,3.3758078733250594,-4.588410342902593
1790036676.7419028,3.381183639142304,-4.596420457055659
1790036676.7619767,3.386219669698966,-4.60391916499619
1790036676.780655,3.39090539584492,-4.6108872939498475
1790036676.801877,3.3962259497740024,-4.61878003531601
1790036676.820933,3.4009976253923546,-4.625834143706356
1790036676.84164,3.4061722047244487,-4.633440761793132
1790036676.8618815,3.41121730681705,-4.640798246577409
1790036676.8833258,3.416544470398539,-4.648476295163173
1790036676.9073963,3.422498799913538,-4.656906122954876
1790036676.9251924,3.4268863025081813,-4.663010056191022
1790036676.9456804,3.4319175505267903,-4.66983037268117
1790036676.9664154,3.4369895269205504,-4.676480179876219
1790036676.9806063,3.440451954971742,-4.680892736157638
1790036677.001408,3.445510394834076,-4.687017273048271
1790036677.0213895,3.4503585218414266,-4.692541317401497
1790036677.0423348,3.455428447464901,-4.697889272502682
1790036677.062349,3.460264830671463,-4.702546845734066
1790036677.083295,3.465323667604976,-4.7068740790587285
1790036677.10345,3.4701891149426185,-4.710482388094434
1790036677.1232836,3.474980290154812,-4.713446547839915
1790036677.1577775,3.483322809115235,-4.716677848986152
1790036677.164173,3.4848704265956054,-4.717205686429233
1790036677.184642,3.4898321383598936,-4.718111395343442
1790036677.2049682,3.4947721466280597,-4.7181840899739615
1790036677.2240207,3.499415304651109,-4.717481947107961
1790036677.2452445,3.5046047519972996,-4.715690010426619
1790036677.2653162,3.5095289124706266,-4.713045699504793
1790036677.2859595,3.5146086700588985,-4.709273340037959
1790036677.305893,3.5195288620782508,-4.704608637855112
1790036677.3255336,3.5243947319568414,-4.698981720563949
1790036677.345293,3.5293085484643414,-4.692244406534358
1790036677.3657296,3.5344135077083005,-4.684096059794981
1790036677.3855636,3.5393893289627276,-4.675051157714752
1790036677.4048538,3.5442484434033066,-4.665157098273936
1790036677.4249763,3.549337886682315,-4.653623155291828
1790036677.4450166,3.554428201992496,-4.640921450455606
1790036677.46584,3.559739004072042,-4.626397642754859
1790036677.4863262,3.5649847317191847,-4.610819747424107
1790036677.5053043,3.5698645978367076,-4.595277985070176
1790036677.525813,3.5751583425477,-4.577181415899919
1790036677.5462074,3.580441364006075,-4.557900880375909
1790036677.566188,3.5856366218044418,-4.537779570162636
1790036677.5852287,3.5906028309664038,-4.517490957709261
1790036677.6048005,3.5957238463131844,-4.495463546504447
1790036677.6256294,3.6011936551791837,-4.470703730512536
1790036677.6641476,3.6113510248461775,-4.420442156067098
1790036677.6667888,3.6120477818010945,-4.416974784991439
1790036677.6817873,3.616011658880756,-4.396615305313788
1790036677.7015352,3.6212423315143965,-4.368660652158794
1790036677.722121,3.6267040639419146,-4.338283316935093
1790036677.7427309,3.632183054263559,-4.306643892432856
1790036677.7634432,3.6376960855096905,-4.27361966631921
1790036677.782986,3.6429045035521406,-4.241381083674026
1790036677.8029146,3.648221734848564,-4.207391392491593
1790036677.823258,3.653650570906704,-4.1715454371681995
1790036677.8431008,3.6589462860028017,-4.135500535527953
1790036677.8636355,3.6644252502137826,-4.097050995562618
1790036677.8856044,3.670283923382549,-4.0546177873165075
1790036677.90933,3.6766043132795607,-4.007289542559445
1790036677.9248598,3.680739707663692,-3.975673551355866
1790036677.9458044,3.686310632718451,-3.9318853098477557
1790036677.9656253,3.691573852681436,-3.8894251784661127
1790036677.9854198,3.696822004648451,-3.846013951878043
1790036678.0053596,3.702096721715802,-3.801268316745604
1790036678.0263326,3.7076312080465663,-3.753088340995967
1790036678.0460472,3.7128174981372997,-3.7068192815839005
1790036678.066211,3.718100576970229,-3.658479792341236
1790036678.0813444,3.7220531267758914,-3.6216286908986213
1790036678.1008296,3.727116591750201,-3.573241291591849
1790036678.1211023,3.732351628234443,-3.521883340878216
1790036678.158191,3.741812873275464,-3.424545861751448
1790036678.162794,3.742985240182244,-3.412413268036848
1790036678.1812446,3.7476489953296968,-3.3629541692819904
1790036678.201542,3.752735071977716,-3.3075429671780414
1790036678.221227,3.7576273348007785,-3.2528653479561993
1790036678.2462103,3.7637670908090493,-3.181965950853295
1790036678.265601,3.7684889140025946,-3.1260315390125215
1790036678.2862055,3.7734546171342833,-3.0655723189162165
1790036678.3057046,3.7781047889503943,-3.007444121083322
1790036678.3253555,3.7827426371290853,-2.9479367551418725
1790036678.3457527,3.7875020383556914,-2.885172674399084
1790036678.3612564,3.791088824346836,-2.836890949884049
1790036678.3818548,3.795801094655738,-2.77172815543664
1790036678.4051695,3.8010649493866,-2.6966690675308715
1790036678.4211886,3.8046492569303334,-2.64448273733415
1790036678.4416037,3.8091652110906438,-2.5769769718480937
1790036678.4610653,3.81342491059743,-2.5117156624539647
1790036678.4812322,3.817790506860776,-2.4431159385460712
1790036678.5010836,3.8220425294836455,-2.3746469702910744
1790036678.52101,3.8262664247800493,-2.3049702351273913
1790036678.5416243,3.8305941286782637,-2.231878182310001
1790036678.5627854,3.8349934109087167,-2.15579124558414
1790036678.5809371,3.838736020236507,-2.0897547646242973
1790036678.6067705,3.844005780405604,-1.9942367853127354
1790036678.6258173,3.847863379267028,-1.9229941231011907
1790036678.6517978,3.853082122131364,-1.8243262797447446
1790036678.6659856,3.8559187825121466,-1.7700109918664368
1790036678.685982,3.8598944870669794,-1.6926221130398864
1790036678.7060878,3.8638707918999264,-1.6139948550952157
1790036678.7262828,3.8678468049265597,-1.5342256447174318
1790036678.746215,3.8717564819388004,-1.4547513946932031
1790036678.7658973,3.8756052227811564,-1.3755818131221822
1790036678.7809458,3.8785435307962883,-1.3146636356174872
1790036678.8007724,3.882408910894127,-1.2337653857067958
1790036678.8207395,3.886299709489315,-1.1516792457943434
1790036678.841665,3.89037914598534,-1.0650142536502945
1790036678.862992,3.8945428136636506,-0.9760613205563738
1790036678.882586,3.898376125157774,-0.8938416524617596
1790036678.9106083,3.9038800887503027,-0.7753065239060385
1790036678.9238942,3.9064955604847804,-0.7189079836365834
1790036678.9447885,3.9106291488109717,-0.6297546276034534
1790036678.964434,3.9145329898211196,-0.5455524511797
1790036678.9834585,3.918333896582104,-0.46368440473089156
1790036679.002346,3.922131302802666,-0.38210953744855536
1790036679.0243316,3.9265821711080586,-0.28678460529312694
1790036679.04451,3.9306944201050995,-0.19900822465710183
1790036679.0644565,3.9347892565160736,-0.11198569546882423
1790036679.0853033,3.9391023203672386,-0.02078222216877021
1790036679.1066778,3.943560482412335,0.07297089581966347
1790036679.1261098,3.9476433393634673,0.15838466663186446
1790036679.163026,3.955514242519984,0.3212493764026182
1790036679.168933,3.9567765628165015,0.3473223265151978
1790036679.181011,3.9593697150948937,0.4006857194564428
1790036679.2025762,3.9640352129486107,0.49610897590333325
1790036679.2266233,3.9692783013672024,0.6026741938275259
1790036679.2464936,3.973636888214821,0.6908228243143998
1790036679.2619414,3.9770417182484032,0.7594027296880068
1790036679.283641,3.981852818888603,0.8558227911057014
1790036679.303967,3.9863797260065783,0.9462049433048587
1790036679.3241673,3.9908951804831614,1.0360843476931159
1790036679.3464017,3.9958808864377477,1.135069482230945
1790036679.3659067,4.000262242072043,1.2219405258738096
1790036679.3819964,4.003878567031863,1.2936222186297797
1790036679.414705,4.011228433067601,1.4394111703708128
1790036679.423345,4.013168921234345,1.477925501148409
1790036679.441602,4.017261031092409,1.5593217993446111
1790036679.4646375,4.0224052400650105,1.6620403886321653
1790036679.482643,4.026407933117074,1.7423394399712642
1790036679.5023465,4.030763014393236,1.830221093826813
1790036679.5223143,4.035143702338857,1.9192916505244142
1790036679.5426607,4.039571125722619,2.010063369333621
1790036679.5630102,4.043957548514594,2.100861632350157
1790036679.5822203,4.04805377023754,2.1865891983881447
1790036679.6020591,4.0522335609966476,2.275138023596695
1790036679.6223,4.056443692458956,2.365498854864782
1790036679.6580937,4.06370530746097,2.5253546857201616
1790036679.66369,4.0648362612321725,2.550350285629239
1790036679.6834495,4.068772750725578,2.638629608012014
1790036679.70299,4.072609761684388,2.725958946998339
1790036679.7220492,4.076299637066028,2.8111655351393443
1790036679.742204,4.080144681386865,2.9013038797700106
1790036679.762857,4.084028003930923,2.9937094417305863
1790036679.7823625,4.087644867000702,3.0810174318939247
1790036679.8021066,4.09125872672837,3.169432915937999
1790036679.822574,4.09495594404587,3.261130996572568
1790036679.8437493,4.098731370157639,3.356051481444391
1790036679.864505,4.102387130186622,3.4491371937757407
1790036679.886327,4.106185434389214,3.5470582923459313
1790036679.90895,4.110079758045741,3.6486344200510366
1790036679.925517,4.112908714286662,3.7230530699586364
1790036679.9458249,4.116346638529458,3.814324315258151
1790036679.965499,4.119654155537688,3.9027951287835685
1790036679.985474,4.1229897127366035,3.9926713425287996
1790036680.0053408,4.126289705911673,4.082108149245974
1790036680.025472,4.129617096864215,4.172787994750311
1790036680.0461955,4.13302629108517,4.266193552539293
1790036680.0662704,4.136318803579811,4.356730233642599
1790036680.0860348,4.139555682765681,4.445922015010608
1790036680.1069918,4.142983370919768,4.5405554933131995
1790036680.1262825,4.14613907251054,4.627716935901802
1790036680.1598215,4.151629056706535,4.779420457380512
1790036680.1652532,4.152518563062483,4.8039932542958885
1790036680.1859512,4.155914011796065,4.897693008299408
1790036680.2060883,4.15922684051899,4.98891303981405
1790036680.225774,4.162474013364713,5.078147327947904
1790036680.2464402,4.165895800823789,5.171891823875046
1790036680.266369,4.169206527183837,5.262355406941609
1790036680.286801,4.172615172550741,5.355166223058606
1790036680.3058758,4.175812150434993,5.441868223916812
1790036680.32542,4.179101494448596,5.530764908771332
1790036680.3457687,4.182543093262938,5.6233889137849244
1790036680.3659253,4.185970518928783,5.715205551253671
1790036680.3853755,4.18929630072858,5.8038643948753235
1790036680.4097366,4.193486977211604,5.915004284081342
1790036680.425351,4.19618402646405,5.9862792423917
1790036680.4456592,4.199711292744118,6.07904884494182
1790036680.46516,4.203116914199092,6.16819259391593
1790036680.486288,4.206829077822974,6.264849322043088
1790036680.507374,4.210556202187076,6.361383335616358
1790036680.526806,4.214010077904501,6.450405652645397
1790036680.5474017,4.217692362994776,6.544825846400936
1790036680.5673697,4.221282689558561,6.636433044333578
1790036680.586894,4.224812308367242,6.726065927141316
1790036680.6066303,4.228399585045296,6.816733761870589
1790036680.625698,4.2318832419376955,6.9043848586992045
1790036680.6624448,4.238659937953889,7.0735055722385365
1790036680.6647398,4.239083422601838,7.084068794439922
1790036680.6819832,4.242278925441322,7.163479305667615
1790036680.702465,4.246093468675306,7.257867123056266
1790036680.7216191,4.249676655993345,7.34618806290731
1790036680.7471128,4.254473007957612,7.463833046680933
1790036680.7660549,4.258051407559475,7.551295717563238
1790036680.7869334,4.262012958918159,7.6477614396344595
1790036680.8061194,4.265667554090149,7.736459353745184
1790036680.825855,4.269441297405031,7.82775212150919
1790036680.8462062,4.273347596382034,7.921950862544084
1790036680.866483,4.277253785731864,8.015859129897944
1790036680.883573,4.280555812056829,8.095046312728464
1790036680.908501,4.285392257279484,8.2106296270175
1790036680.9218662,4.287990952209443,8.272623740287825
1790036680.9413135,4.291783715388164,8.362878092160473
1790036680.9629796,4.296023025661966,8.46348897930678
1790036680.9828007,4.299912596824573,8.555581569558205
1790036681.0023775,4.303764883470672,8.646586176704108
1790036681.0223207,4.3077000388123174,8.739340192665459
1790036681.0424018,4.311673033632697,8.832781411876502
1790036681.0628395,4.315727365397403,8.927929819380651
1790036681.0832503,4.319786863096558,9.02299986460108
1790036681.102237,4.323575574216963,9.111477034232287
1790036681.1225696,4.3276428822906965,9.206271708698816
1790036681.161854,4.335537915198555,9.389577566065235
1790036681.1650558,4.336181607671938,9.404518183947829
1790036681.1822517,4.339645578611689,9.484789826609495
1790036681.2024794,4.343729563903894,9.579251799700524
1790036681.2221537,4.347710528255856,9.671164932235472
1790036681.2413728,4.351607630209263,9.760984942400889
1790036681.262885,4.355979933333199,9.86156263927632
1790036681.2839043,4.360261718693165,9.95987362916733
1790036681.303595,4.364281345476566,10.052004390294291
1790036681.3239558,4.368446618791913,10.147301782630333
1790036681.3435578,4.3724649755866665,10.239077376881909
1790036681.3646047,4.37678880501321,10.337649540525224
1790036681.3833325,4.380643638962266,10.425385022382246
1790036681.411365,4.386429876704463,10.556765206879675
1790036681.4230125,4.3888368547760805,10.611362500178458
1790036681.4435112,4.39308144766036,10.707477616246315
1790036681.464749,4.397488100840869,10.807087177286784
1790036681.4842074,4.401533052756591,10.89837407349426
1790036681.504533,4.405766478482684,10.99375644618365
1790036681.5240512,4.409839182153492,11.085373128709792
1790036681.5433712,4.4138777887786285,11.176081618681621
1790036681.5645802,4.418319865280592,11.275680092176117
1790036681.6472163,4.435757795389067,11.664048872023352
1790036682.0677028,4.52672948648813,13.641152901754674
1790036682.0681214,4.526820065904527,13.643121433055981
1790036682.0689776,4.5270053090674285,13.647147060979055
1790036682.0696423,4.527149134549764,13.650272501208176
1790036682.070284,4.527287961085815,13.653289202580957
1790036682.071112,4.527467138321225,13.657182552287496
1790036682.0717375,4.527602518919443,13.66012414450514
1790036682.0726385,4.5277974982777005,13.664360528237804
1790036682.0732708,4.52793433356661,13.667333505261112
1790036682.0738928,4.528068954101918,13.670258275475891
1790036682.0855117,4.5305848148182175,13.7248887331115
1790036682.1057775,4.5349768677679005,13.820173310074194
1790036682.124899,4.539124219670187,13.910074974482608
1790036682.1580155,4.546316623621846,14.065768192750122
1790036682.1652577,4.547889957957676,14.09981599797804
1790036682.1846497,4.552105926751087,14.19097928661206
1790036682.2051816,4.5565730774167115,14.287495863270362
1790036682.2252176,4.560935386193254,14.381675828675073
1790036682.2452817,4.565306737153411,14.475982232174704
1790036682.2659492,4.569812492518443,14.573118528176584
1790036682.2864847,4.5742921992979735,14.669627286454052
1790036682.306051,4.578562871018898,14.76157497951496
1790036682.3270338,4.583145385870591,14.86017116323595
1790036682.347526,4.587623292064519,14.956455163191345
1790036682.3686397,4.592239563844767,15.055649684765879
1790036682.38221,4.5952076285109795,15.119401332662402
1790036682.4052794,4.600256338964447,15.227767942846384
1790036682.422753,4.604082146162108,15.309842988270999
1790036682.4438891,4.6087122595214804,15.409110570959559
1790036682.4632795,4.612961900830871,15.500170665533258
1790036682.4847326,4.6176659496952555,15.600906910954551
1790036682.5052328,4.622163100108468,15.697157852896412
1790036682.5243244,4.62635298607719,15.7867858313713
1790036682.5441332,4.630702075327262,15.879769937729028
1790036682.5639803,4.6350613043357995,15.972923009734938
1790036682.584595,4.639591006013393,16.069665451325378
1790036682.6031678,4.643673490740711,16.156814276426495
1790036682.6229436,4.648021929152771,16.24959452895289
1790036682.6570656,4.655529045756158,16.409638631313882
1790036682.6639256,4.657038465757292,16.441813203895485
1790036682.6845725,4.661582693312984,16.53863348128162
1790036682.7043283,4.6659319295393145,16.631263810183835
1790036682.72395,4.670252689320345,16.72325296013228
1790036682.743472,4.674552663822071,16.814762222310517
1790036682.7635863,4.678984195322612,16.909027469111905
1790036682.7841382,4.683513290884615,17.005312997606097
1790036682.803346,4.687747114245449,17.095268040993872
1790036682.8234596,4.692181522513044,17.189413304766415
1790036682.8428726,4.696462117951509,17.280213396555315
1790036682.864488,4.701229142907762,17.381208816208403
1790036682.885217,4.70580137655591,17.477940379565624
1790036682.909125,4.711075580666254,17.589304040651275
1790036682.9243448,4.714433378233375,17.660096633859933
1790036682.94545,4.7190903360930205,17.758033631420023
1790036682.9662046,4.723670710854686,17.85407842849632
1790036682.984857,4.727787934493095,17.940150029354058
1790036683.004647,4.732153444459061,18.03115251873879
1790036683.0254653,4.7367471244562385,18.12648697584411
1790036683.0451753,4.741097546328844,18.216345621802535
1790036683.0643754,4.745336651259693,18.303456862462873
1790036683.084746,4.749835577748693,18.395354544195225
1790036683.1044896,4.754197373613557,18.483886227650974
1790036683.1241446,4.758541017033173,18.57144325597688
1790036683.1595948,4.766379650607048,18.72733018238552
1790036683.1651778,4.767614279868883,18.751826718350795
1790036683.1846223,4.771911930896546,18.836441930634248
1790036683.2050886,4.776433169422461,18.924677389001467
1790036683.2248435,4.780795173335235,19.00902854022974
1790036683.2458,4.7854201804023315,19.097543491994195
1790036683.2655137,4.789768836872819,19.17990900382805
1790036683.2862546,4.794341999002525,19.265528783754682
1790036683.3054776,4.798578742410334,19.343956975245817
1790036683.3251126,4.802904455936929,19.423069064477126
1790036683.346272,4.8075639857556975,19.507132368481976
1790036683.365626,4.811824485787966,19.58300257261997
1790036683.3868985,4.8165055322336805,19.665134466989407
1790036683.4065988,4.820839051732788,19.740098608229903
1790036683.4261994,4.825149271506465,19.8135820534649
1790036683.4466932,4.829654504820605,19.889200945258377
1790036683.4672136,4.834164307004497,19.963692587967554
1790036683.4822774,4.837474311904239,20.017711508838293
1790036683.502566,4.841931604223612,20.08925835701149
1790036683.527408,4.847388006007984,20.175045943705776
1790036683.5464926,4.851579434083716,20.239881098687437
1790036683.5668333,4.8560464817869065,20.307769034217642
1790036683.5872092,4.8605213497955875,20.374560583415356
1790036683.6062574,4.864704760177014,20.435942728388557
1790036683.6263454,4.869116933873205,20.499505056997368
1790036683.6583028,4.876137287603634,20.597679964611633
1790036683.6669955,4.878046952905895,20.62416738810155
1790036683.6871653,4.882478149437649,20.68446426151756
1790036683.7072437,4.886889403829855,20.743345837828485
1790036683.7269323,4.891215053852265,20.799994073757667
1790036683.7471628,4.895659691611757,20.857055352768487
1790036683.7672114,4.900064231428485,20.912486615967246
1790036683.7822688,4.903372093637108,20.953490531569095
1790036683.8025331,4.907823622461981,21.007547225233363
1790036683.8224735,4.912204598638155,21.059653097561785
1790036683.8462949,4.917442789407553,21.120362813701963
1790036683.8672242,4.922053867820426,21.172520614818637
1790036683.8830905,4.9255595025721295,21.2113878680919
1790036683.9080632,4.931119296657819,21.270902900246455
1790036683.922974,4.934462103236405,21.30585042318943
1790036683.943359,4.9390942850694755,21.35253803673692
1790036683.9630563,4.943649503222705,21.39664060843813
1790036683.9839714,4.948603285706645,21.44233767495369
1790036684.004145,4.953519148116079,21.48537084848826
1790036684.0236976,4.958443114349944,21.52611227888679
1790036684.044969,4.964027559904188,21.569301299859465
1790036684.0654345,4.969645163611459,21.609817241203782
1790036684.0853617,4.975385715214524,21.648298234844656
1790036684.1053133,4.981444693879899,21.68586921403917
1790036684.125283,4.98786346969163,21.722530828233815
1790036684.158516,4.99964480198205,21.780978294216364
1790036684.1656165,5.002217758714669,21.793351583736488
1790036684.1853747,5.009852769803107,21.82690949095264
1790036684.2053676,5.018110104208783,21.859994717506247
1790036684.2254148,5.026969613365046,21.892317820509124
1790036684.2456365,5.036541547961951,21.924077475310636
1790036684.266242,5.047001439936929,21.955587607690443
1790036684.2876678,5.05869155230577,21.987463595403575
1790036684.3076684,5.070352975085706,22.016472334409425
1790036684.326958,5.08233571034841,22.04378092721864
1790036684.347509,5.095980365636111,22.07214874068755
1790036684.3676522,5.110235155668349,22.099288726230082
1790036684.3876383,5.125283873634675,22.12559216463467
1790036684.4090216,5.142463055936933,22.153058450813347
1790036684.4224584,5.153696860814716,22.170064904233897
1790036684.442494,5.171454346008016,22.194893267699797
1790036684.463931,5.191636937725726,22.220881300009367
1790036684.483719,5.211293126728832,22.24440115977966
1790036684.503598,5.232093279687974,22.267573739368142
1790036684.5236742,5.2541858377195325,22.290528372423633
1790036684.544723,5.278552181224592,22.314114260837275
1790036684.5646596,5.302716008348101,22.336026228441273
1790036684.5848205,5.3282593446333815,22.35775207774258
1790036684.6037855,5.353265259317104,22.377804913902082
1790036684.6236262,5.380487926524461,22.398354161068013
1790036684.657956,5.430725212303414,22.432591265586638
1790036684.666471,5.44337628123407,22.44100001612978
1790036684.6872623,5.475380404699141,22.461013427546497
1790036684.7062967,5.50559282010465,22.47888685827355
1790036684.7262597,5.538258632618757,22.497115265971413
1790036684.7472484,5.57365600518167,22.515681102934348
1790036684.7651556,5.604602043690517,22.53106632335118
1790036684.7866192,5.642727536706275,22.548825046343424
1790036684.8066285,5.679136338123362,22.564759667774645
1790036684.8271725,5.717400091390302,22.58043883781472
1790036684.8480034,5.757068232457751,22.59560532490247
1790036684.8648016,5.789601123729815,22.60734141251656
1790036684.8867838,5.833061322728718,22.621819020205038
1790036684.9135756,5.887290349923148,22.63811144428105
1790036684.9275827,5.915969006983783,22.646245803796052
1790036684.9478648,5.958146553297607,22.65719552967445
1790036684.9654305,5.99513716411402,22.66604115394104
1790036684.989164,6.0459092095333595,22.676792781713743
1790036685.0041215,6.078203535000897,22.683079573618837
1790036685.0237138,6.120982077696114,22.690455430830504
1790036685.044578,6.167044705032904,22.69731397199261
1790036685.064426,6.211290110523695,22.702917064470515
1790036685.0845478,6.256558555555097,22.707634993666684
1790036685.103969,6.300613457626029,22.711283331088126
1790036685.1240091,6.346441569284437,22.714074056951798
1790036685.15853,6.426445121755885,22.715973135093083
1790036685.165094,6.441694687306746,22.716228899840985
1790036685.1863625,6.49149833110155,22.715952999636528
1790036685.2058988,6.5375803281970315,22.714771213194492
1790036685.2263317,6.586151956725439,22.71253337742822
1790036685.2457454,6.632649289007498,22.709513592631684
1790036685.266626,6.683083054763844,22.705251019595224
1790036685.2876463,6.734309500918547,22.699954032317937
1790036685.3076632,6.783525584235808,22.69402024666364
1790036685.3269937,6.8314856952527965,22.687489626116335
1790036685.3465168,6.880390229667203,22.680105738304132
1790036685.3666716,6.931403703712222,22.671676147741227
1790036685.38605,6.9809681646046595,22.66285857328524
1790036685.4120584,7.048478751806612,22.649805833339883
1790036685.4264398,7.08612871202472,22.642235815287684
1790036685.446181,7.138440200628815,22.631221440748725
1790036685.4665964,7.193245535967171,22.619210031898387
1790036685.4868488,7.248343409569692,22.606726518639007
1790036685.5073442,7.304879503291511,22.593560371550417
1790036685.5272589,7.360578789858875,22.58031222060647
1790036685.5469987,7.416567672717141,22.566777495395943
1790036685.567543,7.475708743461293,22.552308369934376
1790036685.5874677,7.533913249829948,22.53796333232749
1790036685.6064558,7.5901725321720965,22.52405288976474
1790036685.6274023,7.65322168346832,22.50847467141724
1790036685.66399,7.766432683753689,22.480720897554267
1790036685.6675143,7.77736694117414,22.478044051571814
1790036685.6853206,7.833371928797127,22.464470744866237
1790036685.7044733,7.894507184638661,22.449859187127714
1790036685.724678,7.960013741676317,22.434478625766516
1790036685.7446256,8.025687275204282,22.419369454513756
1790036685.7657428,8.096347059927155,22.40350284773943
1790036685.7864702,8.166807320526239,22.38809092610376
1790036685.8066056,8.236306817677399,22.37330709644337
1790036685.827053,8.307975214833148,22.358515479307833
1790036685.8470552,8.37913309954077,22.344283502060975
1790036685.867195,8.451849572243384,22.330211808941126
1790036685.8834946,8.511403172629368,22.319003222370245
1790036685.915114,8.629571721727919,22.29795942189917
1790036685.9239633,8.662850211630134,22.29212645903887
1790036685.9445417,8.741352596827749,22.27887122708948
1790036685.963046,8.812843892189683,22.267204131191196
1790036685.98394,8.894709737908807,22.254353038831788
1790036686.0033882,8.971899778522827,22.242668228449872
1790036686.022975,9.050636276354771,22.231172816278182
1790036686.0443058,9.13755498785561,22.218969988872654
1790036686.0639632,9.218639905087217,22.207984352345562
1790036686.0850377,9.306688660771323,22.19649409977251
1790036686.104026,9.386911804875348,22.186364780951045
1790036686.1243827,9.473920014074684,22.17575396846177
1790036686.156709,9.614551715453665,22.15949823395351
1790036686.1643622,9.647980631460378,22.155681084242755
1790036686.1850328,9.73921699302249,22.145586822148523
1790036686.2052977,9.829543008051674,22.13588432413205
1790036686.2245698,9.916210149652882,22.126823609558265
1790036686.2453246,10.010394356757606,22.117245313326652
1790036686.2689,10.118424238929775,22.10657918031634
1790036686.2834787,10.185610801198065,22.100058547814406
1790036686.3028104,10.275338807794014,22.091537094562423
1790036686.3228097,10.368810856315022,22.082843874356588
1790036686.3428164,10.462927528253056,22.074259576487993
1790036686.3685267,10.58482450543623,22.063396886442103
1790036686.3886251,10.680657566831977,22.055003165008678
1790036686.4096787,10.781603449952827,22.046308610447483
1790036686.4229422,10.845405988490231,22.040866490286643
1790036686.4441366,10.947854734757087,22.03225208972642
1790036686.4645193,11.04680736257811,22.024035915364678
1790036686.4852505,11.147862375903747,22.015742843537485
1790036686.5054722,11.246796648184652,22.007707865482423
1790036686.5257013,11.346105089709868,21.999718625077577
1790036686.545181,11.442024919218863,21.992065732153076
1790036686.5658827,11.544266089711,21.983973630882307
1790036686.5869622,11.64866580744676,21.975771655652448
1790036686.6069412,11.747856400518868,21.96802804448034
1790036686.6265872,11.845608310216496,21.960439454914514
1790036686.6558726,11.991763961418766,21.949178613416752
1790036686.6686232,12.05547532376328,21.944284287093026
1790036686.683866,12.131741410291138,21.938444033595434
1790036686.70296,12.227423052539061,21.93114289543266
1790036686.7223854,12.324906758077528,21.92372826110857
1790036686.7432272,12.429647323350085,21.9157862879072
1790036686.7633212,12.530755067878982,21.908140131175614
1790036686.7845654,12.637783248310155,21.90006668234116
1790036686.804161,12.736611246596588,21.8926274901147
1790036686.8250716,12.84218010006942,21.884696616141
1790036686.844652,12.941124286584188,21.877275722268124
1790036686.864594,13.041980724201455,21.86972255371745
1790036686.887576,13.15831882529357,21.86102282113711
1790036686.9148428,13.296489334435561,21.850706187611088
1790036686.927937,13.36287426878573,21.845752639197855
1790036686.948097,13.465149190226564,21.838127299529262
1790036686.969083,13.57168713537148,21.830190058677857
1790036686.9845648,13.650319467089167,21.82433459051116
1790036687.0040154,13.74916751741119,21.81697739874452
1790036687.0231695,13.846562277925322,21.80973136302847
1790036687.0443954,13.95455375078442,21.80169976173113
1790036687.0641572,14.055148705014552,21.794220106493036
1790036687.0842056,14.157255985573281,21.786629334435816
1790036687.103693,14.256556186013004,21.77924425311285
1790036687.1244378,14.362316824948755,21.771374556624725
1790036687.1602097,14.544842646170725,21.75777863842233
1790036687.1661088,14.574947526294753,21.75553577375359
1790036687.186589,14.679513521932757,21.74773981579685
1790036687.2071517,14.784551469308369,21.73990247350587
1790036687.2265403,14.883638497753518,21.732503254859736
1790036687.2466614,14.98651754568559,21.724814027714093
1790036687.2680862,15.096119180338023,21.716614224588998
1790036687.2835228,15.175115688218678,21.71069956268396
1790036687.3039246,15.279570301720533,21.70287060595344
1790036687.322836,15.376437596804392,21.69560321665946
1790036687.3482242,15.506559798303648,21.685827977868634
1790036687.36797,15.607811826686648,21.67821750791056
1790036687.3831336,15.685596520392412,21.672366219996665
1790036687.405725,15.801549752541604,21.66363826907575
1790036687.4231522,15.891034501217378,21.656899150546483
1790036687.443473,15.995429425629931,21.64903240686842
1790036687.4634151,16.097930166297097,21.641303866648535
1790036687.4847429,16.20761425750699,21.63302862750842
1790036687.504985,16.311772206242637,21.625166015498927
1790036687.5248456,16.414021776124905,21.617443572912354
1790036687.5441897,16.513666768821217,21.60991437600065
1790036687.5644803,16.61824443944135,21.602008666296772
1790036687.5848927,16.72350889206049,21.594047417296178
1790036687.6046438,16.82541824505775,21.586336697315016
1790036687.6243412,16.927107817450885,21.578639729862815
1790036687.660638,17.114690837350246,21.56443275931409
1790036687.666103,17.142937570421115,21.562293262564328
1790036687.6859348,17.245503082279473,21.554522515272208
1790036687.7047276,17.342747083391146,21.547153279755644
1790036687.7248626,17.446996321161176,21.539251824980777
1790036687.7455592,17.554218719780344,21.531123945337487
1790036687.7660537,17.66045804625828,21.523070207085585
1790036687.7857735,17.76274199863795,21.51531631337713
1790036687.8046632,17.86077219754572,21.50788524379092
1790036687.824676,17.96469043025088,21.50000871416899
1790036687.8453076,18.07188460451861,21.491885343749527
1790036687.866238,18.18069787093784,21.483641249697875
1790036687.887421,18.290890195149416,21.475295208260082
1790036687.9096284,18.40648694173866,21.46654313384619
1790036687.9277914,18.501076973931944,21.459383854719
1790036687.947708,18.604855255825285,21.451532596681414
1790036687.967523,18.708160851712577,21.44372080037783
1790036687.9835095,18.791541471363814,21.437418530644795
1790036688.0078137,18.918388103479426,21.427837965582793
1790036688.0270133,19.01864555139135,21.4202706121821
1790036688.0473762,19.125035790038403,21.412246271762996
1790036688.0681543,19.23365300883236,21.40406034975117
1790036688.0826488,19.30944978442448,21.398351250428018
1790036688.1027784,19.414769086462943,21.390425280467998
1790036688.122472,19.51785808959327,21.382674199615135
1790036688.1606674,19.717990234531463,21.367654310774206
1790036688.165045,19.74093007700309,21.365933074561323
1790036688.1851096,19.84612627318396,21.358048628185472
1790036688.2052555,19.951797394758636,21.35013779638093
1790036688.225386,20.057435660883172,21.342239038618168
1790036688.2452836,20.161900051851386,21.33443804168752
1790036688.2666905,20.274342297465445,21.326053190228613
1790036688.2875314,20.38386310552826,21.317897927694162
1790036688.3066669,20.484465070853403,21.310417075003606
1790036688.3268497,20.590621418207714,21.302535055194717
1790036688.346758,20.69537944569517,21.294768781015218
1790036688.3683462,20.809027018374948,21.286357605748048
1790036688.3881345,20.913238986663057,21.278656984247416
1790036688.410313,21.030088719338632,21.270038292165896
1790036688.4281569,21.124134236064336,21.26311214579093
1790036688.444069,21.208023933381114,21.256942600204816
1790036688.464561,21.316103006107074,21.249008799675266
1790036688.4852602,21.42531873073269,21.24100693740828
1790036688.5052664,21.530914443918224,21.233284760451735
1790036688.525391,21.637171678711166,21.225529074295107
1790036688.545304,21.742346026417707,21.217867260577414
1790036688.565704,21.85012934643819,21.21003123437144
1790036688.5854774,21.954634741324416,21.202448659807477
1790036688.6061237,22.063791945292014,21.194545403387888
1790036688.6263227,22.17061899645668,21.186827157302616
1790036688.6596186,22.34680447208366,21.174142685864656
1790036688.6649623,22.375082971894514,21.172107946558032
1790036688.6876092,22.49497288052359,21.16350280205068
1790036688.706914,22.597200412364483,21.15618102965037
1790036688.726991,22.70354675931917,21.148581192835707
1790036688.7466934,22.807935068511544,21.141137621959558
1790036688.7668362,22.914681395537663,21.133543056015466
1790036688.787563,23.024542934546805,21.12574480962914
1790036688.8060927,23.122767347691056,21.118786748771022
1790036688.82631,23.229936672682477,21.111211425479535
1790036688.8463216,23.335997339378466,21.103729654849232
1790036688.8661463,23.44102972439327,21.096334188954984
1790036688.887053,23.55172927652458,21.088553905770976
1790036688.916084,23.70526743947845,21.07778760171594
1790036688.9285412,23.771105824587565,21.073174849864024
1790036688.9484637,23.876254054173334,21.065816133940494
1790036688.9688702,23.983766744867392,21.058298457737468
1790036688.9899473,24.094566960927633,21.05055503261047
1790036689.0040047,24.168335073783105,21.045400111804554
1790036689.023349,24.269560081746505,21.038324683551092
1790036689.04454,24.380055539619768,21.030595713289603
1790036689.0645409,24.483948929325944,21.023320320179646
1790036689.0852451,24.5910203964617,21.015809983678665
1790036689.104751,24.691428103230148,21.008752799616655
1790036689.1254084,24.797187235019827,21.001299787486833
1790036689.157008,24.957507673933772,20.989947248928296
1790036689.1636758,24.99126644138337,20.987553881597727
1790036689.1841505,25.094212454996704,20.98022483329315
1790036689.2047625,25.197072788903476,20.972866950098886
1790036689.2257578,25.3009829911627,20.96539341262998
1790036689.244998,25.395439921183733,20.95856231291885
1790036689.2667325,25.501108783705483,20.950867923905925
1790036689.287098,25.599171393301237,20.94367757791199
1790036689.307022,25.694156407487853,20.936661663356386
1790036689.3270462,25.788619380108294,20.929629340412983
1790036689.346566,25.879723196334957,20.922791836975385
1790036689.366409,25.971294254921677,20.91585923735297
1790036689.3876486,26.0680862753565,20.90845958855033
1790036689.4139004,26.185813435553456,20.899345465333276
1790036689.427035,26.244231113261222,20.894793206566487
1790036689.4494178,26.342352005880432,20.887058303598106
1790036689.464507,26.407846044291894,20.88185402530128
1790036689.48693,26.503715300378758,20.87414281623998
1790036689.50851,26.594627137329958,20.866741816337917
1790036689.5273242,26.672852431361452,20.860304684640713
1790036689.5478752,26.757064470616314,20.853291035326865
1790036689.5685933,26.840706815600537,20.84623817892022
1790036689.589526,26.923936782945944,20.839130100923704
1790036689.6090012,27.000268158018727,20.832531955064958
1790036689.6237254,27.057350534247544,20.827551772890544
1790036689.663985,27.208756891728353,20.813995438635953
1790036689.6686935,27.226400964865064,20.812410778865928
1790036689.689013,27.301367975823958,20.80558707331323
1790036689.708904,27.373632107615713,20.79892124260235
1790036689.7286005,27.44409723097942,20.792334258418666
1790036689.7477784,27.511679465600363,20.78593335060108
1790036689.7681534,27.58232494336849,20.779147254845988
1790036689.784726,27.63902758096207,20.773636926474328
1790036689.8050723,27.707504930548744,20.766885878454275
1790036689.8245175,27.77191734628596,20.760446524774174
1790036689.8454893,27.84019205477927,20.75351625155069
1790036689.8647828,27.9019992459845,20.74715283377289
1790036689.8864295,27.970086741188492,20.74002866634018
1790036689.9159074,28.06048969528123,20.73035550233293
1790036689.9259589,28.091047465931418,20.727060380710927
1790036689.945831,28.150416115752765,20.72055857940156
1790036689.9670086,28.212505276925434,20.713644113750373
1790036689.9860797,28.267464919027198,20.70742906901385
1790036690.005359,28.322052160249136,20.701158100088108
1790036690.0262592,28.38008904894811,20.6943738388899
1790036690.0453916,28.432267118634467,20.68817501904957
1790036690.065514,28.486096892194738,20.681668042011225
1790036690.085467,28.538444066925795,20.675228164244746
1790036690.105852,28.59085136082524,20.668661602382006
1790036690.1259663,28.641520674943926,20.662194331214035
1790036690.1613288,28.727382670148703,20.650861727308477
1790036690.1664848,28.739833464488143,20.64921015760588
1790036690.1883914,28.791500729937436,20.642207120067592
1790036690.2075326,28.835705050173377,20.63609874447042
1790036690.2277262,28.881293418291232,20.629666248595996
1790036690.2473576,28.92462407726118,20.623423815969236
1790036690.268513,28.970170915311794,20.61670938564016
1790036690.283512,29.00188683896135,20.611954971342726
1790036690.3080714,29.052271552620283,20.604186050864755
1790036690.3277004,29.09155388800303,20.59798636596432
1790036690.3472617,29.129719013082386,20.591817279610595
1790036690.3678014,29.168710900362726,20.58534909314556
1790036690.389232,29.20821636067766,20.578610342558772
1790036690.415869,29.255492805094686,20.57024891081188
1790036690.4279778,29.276606725994203,20.566450727198784
1790036690.447955,29.3104131379799,20.56019156559544
1790036690.4688184,29.344599200487227,20.553661828002063
1790036690.4898086,29.377859738507816,20.54709916397779
1790036690.5038388,29.399583270813306,20.542715342027375
1790036690.5248404,29.43096242021084,20.53615906424273
1790036690.5497546,29.466583867947268,20.528389044887653
1790036690.56924,29.493461547362564,20.52231644305381
1790036690.5850544,29.514626614491885,20.517390786430436
1790036690.609093,29.545298360570644,20.50990962631484
1790036690.628666,29.56927857833492,20.50382196480192
1790036690.6536114,29.59821989381332,20.496069031361568
1790036690.6639063,29.609888099886486,20.49287032075729
1790036690.684431,29.632051063782672,20.486496459466025
1790036690.704371,29.652544182034845,20.480307141876857
1790036690.7239609,29.671675644783186,20.474229230688447
1790036690.7443964,29.690539068013123,20.46789182706443
1790036690.7640395,29.70766040648394,20.461802955804778
1790036690.7851915,29.724920127425428,20.455249425118506
1790036690.804183,29.739469462327182,20.449367631512324
1790036690.825106,29.754345186265635,20.442890385502025
1790036690.8448532,29.7673586083632,20.436779371817682
1790036690.864897,29.779507073710572,20.43057883204142
1790036690.8864667,29.791348957417565,20.423908780320094
1790036690.9088066,29.802293858420857,20.417003125655167
1790036690.9260318,29.809946316438975,20.41167996050173
1790036690.94653,29.817938874452548,20.405347433554528
1790036690.9671838,29.82485848528452,20.39896895757748
1790036690.9877048,29.83061209377092,20.39263347948668
1790036691.0066743,29.8349744048758,20.386777624916817
1790036691.0271544,29.838568995969133,20.38045384181868
1790036691.046311,29.840953076674836,20.37453351299214
1790036691.067195,29.842397260584793,20.36806594179044
1790036691.0878537,29.842702096260027,20.361645763168525
1790036691.107359,29.84199725756851,20.35555323835943
1790036691.1265805,29.840352798653218,20.349506475813893
1790036691.158934,29.834933790218823,20.339163962989605
1790036691.168574,29.83308801169419,20.336063309583977
1790036691.1846664,29.829378674508845,20.33082038222311
1790036691.2093225,29.82225644750082,20.32259445670769
1790036691.2275083,29.816241837881904,20.316401079325356
1790036691.2467449,29.809058472347306,20.30968730602694
1790036691.267888,29.800205048819993,20.30207937596511
1790036691.2896612,29.790111279517156,20.29396680825851
1790036691.3091702,29.780319339070648,20.28644481938589
1790036691.329292,29.769461761830012,20.278389282730767
1790036691.3493423,29.757927825799175,20.270034444143977
1790036691.368794,29.746102904980248,20.26158954912315
1790036691.3885093,29.733504031823287,20.252652811878278
1790036691.40948,29.719453692880986,20.242683160568866
1790036691.4236815,29.709662114583427,20.2357038782206
1790036691.443066,29.69582067506946,20.225724183079798
1790036691.4685383,29.67687029408906,20.211770897994423
1790036691.488825,29.661335640372993,20.200092367456893
1790036691.5085309,29.645866483579397,20.188182573230197
1790036691.5242848,29.63327667207088,20.17827797280681
1790036691.543425,29.617681989504355,20.165642968561645
1790036691.563455,29.601060516917176,20.151726046717705
1790036691.5838742,29.583827619042548,20.136778566738023
1790036691.6038537,29.566704962795207,20.12138879871103
1790036691.6243863,29.548847995117935,20.104727636172722
1790036691.6640446,29.513396240399654,20.06912725948012
1790036691.6657708,29.511851358568414,20.0675712759689
1790036691.684365,29.494993432395756,20.05003579794577
1790036691.7043636,29.47659669686656,20.030255058702522
1790036691.724995,29.457313448164665,20.00884928003581
1790036691.7446997,29.438598482736403,19.987475824071492
1790036691.7644043,29.419559074007026,19.965159825595517
1790036691.784847,29.399425639182873,19.94098571545031
1790036691.8052926,29.378880217679978,19.915778839548988
1790036691.8249352,29.358732917922268,19.8906108915326
1790036691.8443267,29.338418432180507,19.864836359369274
1790036691.8645823,29.316703123906986,19.836905583045183
1790036691.8863237,29.292787757257887,19.805772383708327
1790036691.9117632,29.263932179450716,19.767776081249384
1790036691.9265747,29.24682081511533,19.745125093268143
1790036691.947125,29.222454484622954,19.712691646953886
1790036691.9671972,29.198038523068938,19.680066576267503
1790036691.986324,29.174193438581952,19.648129972019817
1790036692.006956,29.147778036307137,19.612706377671145
1790036692.0268414,29.12165743598254,19.577672559504183
1790036692.047762,29.09343030906027,19.539845861833864
1790036692.0684872,29.064719157026875,19.50143307881768
1790036692.089021,29.03552935899649,19.4624705631104
1790036692.1069622,29.009450388777925,19.427748702154215
1790036692.1243758,28.98358929215981,19.393417953907594
1790036692.1485715,28.94658889054452,19.344519710734172
1790036692.1651711,28.920697268113436,19.310418677666277
1790036692.183472,28.891535091721355,19.272160070753483
1790036692.209128,28.849432242829117,19.21723706187842
1790036692.2287295,28.816550700091263,19.174534508164648
1790036692.2486012,28.782480052757077,19.130492329741838
1790036692.268769,28.74714362395469,19.085030456953582
1790036692.2840157,28.719997047637023,19.050230950343988
1790036692.3041208,28.68344502148002,19.003602332653834
1790036692.324468,28.645682692946462,18.95566270393565
1790036692.3436606,28.609377549702764,18.9097840239084
1790036692.363796,28.570538197837166,18.86093192066382
1790036692.3835566,28.531700330857277,18.81230334790345
1790036692.411942,28.474432073353636,18.74104042390952
1790036692.423654,28.45055222686532,18.71139926324631
1790036692.443558,28.40925388473561,18.660349882744526
1790036692.464525,28.364969012507665,18.605833196331243
1790036692.4845345,28.322006573367197,18.55314317472143
1790036692.5058162,28.275535885166295,18.496366746055834
1790036692.525932,28.23093434169941,18.442058395007592
1790036692.5455396,28.18683343773241,18.388525552717162
1790036692.56579,28.140641816154236,18.332620684498274
1790036692.58633,28.09315129043905,18.275295638829967
1790036692.6068256,28.045152885617775,18.217495536900525
1790036692.6266994,27.99806424319472,18.160907293449863
1790036692.661708,27.913508664728994,18.05959527075291
1790036692.6671374,27.900358843472628,18.043845748296032
1790036692.6870215,27.851729873638977,17.985680198340354
1790036692.7071445,27.802064839212598,17.92634070502208
1790036692.7266505,27.753522721370494,17.86839218441125
1790036692.7477598,27.70054821675373,17.805203001871917
1790036692.7673137,27.651122590482018,17.74627864731487
1790036692.786549,27.602182962187893,17.687953117751245
1790036692.8067372,27.55049353918672,17.626365342321094
1790036692.8262365,27.500287712885402,17.5665531938945
1790036692.847046,27.44641762900406,17.50237355425773
1790036692.8665454,27.39570620654816,17.441950339008276
1790036692.8881705,27.339211432530842,17.374622713732194
1790036692.9147289,27.269489923255,17.291503541529735
1790036692.926636,27.23817335205925,17.254159768861907
1790036692.946916,27.184692896215935,17.19035678062546
1790036692.967072,27.131429544436266,17.12677819450949
1790036692.9884732,27.07478189582184,17.059117911935548
1790036693.0093267,27.01952495026018,16.993075936142258
1790036693.0291753,26.96690600015978,16.930145259891198
1790036693.0498846,26.912006539815156,16.864441847596645
1790036693.0694995,26.860038406343254,16.802202860145506
1790036693.0852718,26.81828747797234,16.752172104802682
1790036693.104169,26.76834274484014,16.692281943653935
1790036693.1242206,26.71546266441454,16.628825769052906
1790036693.1595738,26.622683268447247,16.517345627541317
1790036693.1646,26.60950386993513,16.501506726604084
1790036693.184691,26.55702639847355,16.43839020978398
1790036693.2090995,26.49361625013854,16.362048796818897
1790036693.229453,26.44100914528992,16.29866368395486
1790036693.2444122,26.40250831504431,16.2522446959134
1790036693.265857,26.347684338007863,16.186081434529846
1790036693.285464,26.297892049203085,16.12593948419174
1790036693.304855,26.24900269093152,16.066836309312833
1790036693.325123,26.19832085610954,16.005507530301504
1790036693.3445303,26.150204013897024,15.947226403843652
1790036693.3648732,26.100249377458994,15.886656018145024
1790036693.3862498,26.048324231804653,15.823619167616446
1790036693.4085677,25.99476673621888,15.75851434564423
1790036693.4262996,25.952652616120524,15.70726043961743
1790036693.4483037,25.90110098864359,15.644426807173499
1790036693.4685154,25.85438030066265,15.587395019679734
1790036693.4892416,25.807164729922636,15.529663334831278
1790036693.5089333,25.762963129065987,15.475521003737942
1790036693.5287988,25.719066995812874,15.421650899906828
1790036693.548843,25.675513370024646,15.36808796925136
1790036693.5694878,25.631464716061394,15.313786861174394
1790036693.5844853,25.599906644181285,15.27480904653214
1790036693.6046748,25.558240259806713,15.223207479754588
1790036693.6248813,25.517375596808133,15.172450418891627
1790036693.6603203,25.448328067930508,15.08620607194863
1790036693.665787,25.437740381492404,15.072969237508989
1790036693.6861532,25.3991858764205,15.024594993670279
1790036693.707306,25.360114138685287,14.97537277922883
1790036693.7267604,25.325004465374565,14.930967603451567
1790036693.746817,25.289691920206792,14.886110820323928
1790036693.7666814,25.25558384327652,14.842588882256852
1790036693.7867966,25.221934148146183,14.799441944010756
1790036693.805281,25.191764238519042,14.760573358988498
1790036693.82762,25.156392968528056,14.714734483277454
1790036693.8454418,25.128864753735215,14.678882434451138
1790036693.863006,25.102401057388196,14.644240455215167
1790036693.886727,25.067875954561334,14.598709511359527
1790036693.9041698,25.04314067450692,14.565902023682051
1790036693.9280107,25.01054050322142,14.522307261882377
1790036693.9468403,24.98554281275594,14.488645685856154
1790036693.967297,24.95926128881057,14.45297571564175
1790036693.9878955,24.933681140800896,14.417962444871813
1790036694.0073254,24.910332403226146,14.385730543446199
1790036694.0274084,24.88702329507373,14.353258109238887
1790036694.0464742,24.865631783663627,14.323181809988899
1790036694.0662055,24.844277094996464,14.292853019207925
1790036694.0877964,24.82183960166881,14.260610954108571
1790036694.1065688,24.80302793458131,14.233285911213821
1790036694.1263075,24.784013940524748,14.205327611264812
1790036694.1582422,24.755238434855734,14.162102585069091
1790036694.1669686,24.74752297817993,14.15043951783851
1790036694.187023,24.73056756924289,14.124412820096769
1790036694.2059965,24.715215708709092,14.100476667150849
1790036694.225601,24.700088891344617,14.076475423066684
1790036694.246215,24.684988685217792,14.052042425149871
1790036694.2662473,24.671071194238316,14.029053066156361
1790036694.2877643,24.656987567314037,14.005221159246815
1790036694.3073535,24.644879270457245,13.984233676982566
1790036694.326644,24.63363884134223,13.964245028921816
1790036694.3473592,24.62234410317667,13.943550734046315
1790036694.36717,24.61224277326503,13.924454930143682
1790036694.3879745,24.602390836570105,13.905151971576263
1790036694.4179173,24.589744421376245,13.878891288513502
1790036694.4274783,24.585858794955524,13.870656107466864
1790036694.44743,24.578396329267573,13.85410690242615
1790036694.4674568,24.571533417651178,13.838113145033564
1790036694.4880376,24.56512151344704,13.82230761797178
1790036694.507758,24.55954419568452,13.807720042010661
1790036694.5278478,24.554426838881085,13.7934137877047
1790036694.5481946,24.549795312608644,13.779466179318877
1790036694.5679097,24.54580164688355,13.766436578840363
1790036694.5892308,24.542032747993687,13.752884812305153
1790036694.6080823,24.53910901579814,13.741302703920056
1790036694.6291728,24.53632230138188,13.728818281057478
1790036694.6629472,24.533040646060947,13.709976854382033
1790036694.669314,24.532461555331043,13.706463555836505
1790036694.68999,24.530972948775183,13.695434590659918
1790036694.7100265,24.529875757548414,13.685081256855089
1790036694.7245114,24.529252995705985,13.677761050071014
1790036694.7445838,24.52869553857794,13.667910999439272
1790036694.7647183,24.528425845124953,13.658307885306451
1790036694.785419,24.528433689500897,13.64870671902972
1790036694.8044338,24.528666777495886,13.64010199927814
1790036694.8244474,24.529146748250433,13.631261672940001
1790036694.8443806,24.529843250719292,13.622656871220622
1790036694.8647094,24.530763483926677,13.614071927978756
1790036694.8854604,24.53190748086145,13.60549282016458
1790036694.9165363,24.534043041271165,13.593020779279373
1790036694.9256492,24.53470326279499,13.589393302456157
1790036694.9457684,24.536315603155384,13.581518748330366
1790036694.9653237,24.53801940173475,13.573981748563599
1790036694.985267,24.539889809464928,13.566407248285184
1790036695.00697,24.54206925622626,13.558283308734842
1790036695.0279298,24.54429957549842,13.550539626773219
1790036695.0490184,24.546659206690578,13.542846256482356
1790036695.070222,24.5491437822079,13.535198837000625
1790036695.0869353,24.551165263653566,13.529222890445347
1790036695.107173,24.553702090368084,13.522054019074192
1790036695.127409,24.55631934854082,13.51494434530264
1790036695.1605363,24.560806163604298,13.503448759002323
1790036695.1671882,24.561714432598873,13.501146064241814
1790036695.189023,24.564769885752586,13.493642559083172
1790036695.210625,24.567860616326417,13.486268458100595
1790036695.225634,24.57003889937721,13.481166690795833
1790036695.2451766,24.572924345954075,13.474557695064417
1790036695.2654128,24.57596207427501,13.467747221763418
1790036695.286282,24.57914484986123,13.460756032694514
1790036695.3054771,24.58211236598783,13.45434577135249
1790036695.3252194,24.58520202927517,13.447774669679847
1790036695.3453925,24.588396341425394,13.441081124553483
1790036695.3652203,24.591570280728135,13.434520769358608
1790036695.3866348,24.595036370922433,13.427455271517756
1790036695.4120045,24.599194259031414,13.419110503830863
1790036695.4263232,24.601556819058867,13.414408188439475
1790036695.446794,24.604965649263104,13.407699478949736
1790036695.4671762,24.608389426047733,13.401032642253625
1790036695.4884536,24.61199519163978,13.394085943082583
1790036695.5081866,24.615365685090712,13.387654024616012
1790036695.5271144,24.618622513610273,13.381493863404655
1790036695.54681,24.622036738292845,13.375093547193343
1790036695.5668287,24.625532615414212,13.368597801444432
1790036695.5885253,24.629350961092765,13.361568520361844
1790036695.6080756,24.63281506843,13.355243051847376
1790036695.6288304,24.636518663345864,13.348537144769939
1790036695.661454,24.64240390038599,13.338018956493238
1790036695.6688378,24.643739165759385,13.335639465953511
1790036695.689757,24.647547927751603,13.328907096690543
1790036695.7094164,24.651149996153368,13.322588236375717
1790036695.7245357,24.653933642255215,13.317733344219382
1790036695.7447646,24.65768209038078,13.311246352420312
1790036695.7650154,24.661458837464135,13.304761113623181
1790036695.7854424,24.665290244770876,13.298225724987148
1790036695.805958,24.669160461859708,13.29166853079819
1790036695.8257022,24.672905785683444,13.285364417981128
1790036695.846437,24.676862034533634,13.278751495598039
1790036695.865734,24.68056395858475,13.272604108264986
1790036695.886583,24.68458734223462,13.265971000761926
1790036695.9162228,24.69035547894202,13.256560183443591
1790036695.9275498,24.69256703051683,13.252966762852472
1790036695.9483542,24.696653748142758,13.246377575810955
1790036695.96739,24.700414181478113,13.240358433840774
1790036695.9891732,24.704745334026622,13.233484386536453
1790036696.0089328,24.708697696573545,13.227261104038437
1790036696.0285122,24.712637437948587,13.221107267256262
1790036696.0479066,24.716563408863372,13.215024829626378
1790036696.0680916,24.720675210094377,13.20870952338669
1790036696.089397,24.725044538622175,13.20206142585104
1790036696.1093917,24.72917129349163,13.195838586603015
1790036696.128713,24.73318389541116,13.189841255887337
1790036696.1625304,24.7402842407188,13.179394711491561
1790036696.1690984,24.74166619673715,13.177367776357817
1790036696.1893177,24.745948773467717,13.17114713938608
1790036696.2087314,24.750086908455337,13.16519249073584
1790036696.2286558,24.754358968341144,13.159098136337567
1790036696.249103,24.758769728934467,13.152862018177608
1790036696.269228,24.763136989437594,13.146742395416867
1790036696.2895608,24.76757612012462,13.140578321409748
1790036696.309252,24.77190037743376,13.134626840979854
1790036696.329007,24.776264322337212,13.128674556032468
1790036696.3492656,24.78076671907804,13.122590328597605
1790036696.369298,24.785245726508112,13.116593661842439
1790036696.3894742,24.78978427420054,13.110574262786095
1790036696.4120796,24.794903958371393,13.1038557822961
1790036696.429462,24.798861238083518,13.098704995149275
1790036696.44939,24.803425090624714,13.09282023745699
1790036696.4676163,24.807621781400435,13.087455105143384
1790036696.4877172,24.812277505224003,13.081559329650787
1790036696.5081584,24.81704028161675,13.075585508156479
1790036696.5281177,24.82171753386988,13.069773595291128
1790036696.548422,24.826503174246458,13.063882709811516
1790036696.5685446,24.831272731542793,13.058065923450872
1790036696.6497288,24.85095157565865,13.034945197845573
1790036697.0584414,24.95848154351995,12.92572221848193
1790036697.0587728,24.958568739011536,12.925633660492311
1790036697.0592349,24.958690321565804,12.925510198078905
1790036697.059759,24.958828228895722,12.925370183472877
1790036697.060389,24.958994075698154,12.925201838294228
1790036697.0611906,24.95920506880946,12.924987721810353
1790036697.061662,24.959329151904328,12.924861820798197
1790036697.0621233,24.959450608154548,12.924738602328429
1790036697.0624845,24.959545707313364,12.924642133655293
1790036697.062825,24.95963535020243,12.924551208926992
1790036697.0720627,24.96207114964399,12.922087136858586
1790036697.0927453,24.967541882819432,12.91658493588776
1790036697.1116211,24.972548715851776,12.911575281991968
1790036697.133294,24.978315398419216,12.905838595261992
1790036697.16076,24.985651671530245,12.898592502185265
1790036697.1740408,24.989205440792716,12.895094173018611
1790036697.194888,24.99479916869684,12.889615809751684
1790036697.214975,25.000202763561006,12.884349033202115
1790036697.2350566,25.005618181526778,12.879095151645481
1790036697.2543874,25.010843221351625,12.874047958997824
1790036697.2755198,25.01656958522172,12.868542249413887
1790036697.2957258,25.02205790348057,12.863288513865067
1790036697.310911,25.02618969471666,12.859346096655363
1790036697.3357918,25.032974305840654,12.852897504990715
1790036697.354954,25.03820802624466,12.847937405969883
1790036697.3750336,25.04370419437774,12.84274924259922
1790036697.4127176,25.054059753371334,12.833044767202104
1790036697.4151182,25.054719568671914,12.83242663715229
1790036697.434787,25.060133213815256,12.827367871508722
1790036697.4545996,25.065593876592196,12.82227768601071
1790036697.474334,25.071040074805186,12.817212920040348
1790036697.4951007,25.076778642583577,12.811888857851802
1790036697.510385,25.081006099087737,12.807973271059796
1790036697.5299478,25.08642292877119,12.802966141786095
1790036697.5499918,25.091979001842798,12.797840220644822
1790036697.569795,25.097473696258163,12.792779979596798
1790036697.5906663,25.103270486147107,12.787450880276781
1790036697.6104624,25.108773373752147,12.782399753071576
1790036697.6293366,25.114023946861483,12.7775867333447
1790036697.663333,25.123493216301544,12.768925741562233
1790036697.6708758,25.125594724703554,12.767004482502683
1790036697.689759,25.130858873171736,12.762196920594878
1790036697.7100797,25.136527022537063,12.75702557578238
1790036697.729601,25.141974892859427,12.752059349863595
1790036697.749758,25.147602743366715,12.74693302582564
1790036697.7706528,25.153438900579676,12.741620717056001
1790036697.790723,25.159046559396558,12.73651913684017
1790036697.8098657,25.164396315641294,12.73165401521328
1790036697.8309083,25.170278355547946,12.726306615488248
1790036697.851406,25.176009115601715,12.72109815903293
1790036697.871287,25.181568130755068,12.716046800076073
1790036697.9146702,25.1937006912916,12.705024876410702
1790036697.9163086,25.194158892772453,12.704608621271067
1790036697.932161,25.198592252560573,12.700581070725688
1790036697.9524767,25.20427347860499,12.695419157279867
1790036697.9725835,25.209895559047098,12.690309617035101
1790036697.9925425,25.215475172989283,12.685236682954647
1790036698.0133398,25.22128747594963,12.679949352527808
1790036698.0326445,25.226680912701426,12.67504005070254
1790036698.052991,25.232363159197348,12.669863816982286
1790036698.072941,25.23793238887566,12.664786019600268
1790036698.0924978,25.243389323519114,12.659805683065384
1790036698.1132865,25.24918696366077,12.654508187763433
1790036698.1322372,25.254469317531658,12.649675858581935
1790036698.1618383,25.262713355643072,12.642119149992652
1790036698.171866,25.265505227884987,12.639558234849966
1790036698.192394,25.271216732702307,12.634310986865659
1790036698.2119515,25.2766545125374,12.62930744508798
1790036698.2316809,25.282136252091387,12.624255244607195
1790036698.252492,25.287914151465767,12.618920648855235
1790036698.2742937,25.293962046259168,12.613326130590968
1790036698.295303,25.29978543257887,12.607929137810181
1790036698.3155334,25.305388352128762,12.602726815397242
1790036698.334901,25.310748122151157,12.597741205649115
1790036698.3547108,25.316225657348358,12.592636376871056
1790036698.3751695,25.321877647224646,12.587358419129679
1790036698.4158957,25.333108519866947,12.576828112406776
1790036698.4183836,25.33379451849312,12.576184742743038
1790036698.429944,25.33698040449533,12.57319323212709
1790036698.4502878,25.342581390333546,12.567922595184458
1790036698.4708896,25.34824771269526,12.562578564646474
1790036698.4918094,25.353995624881208,12.557145237437782
1790036698.5105896,25.359150856678458,12.552261986061643
1790036698.5306976,25.36466496832767,12.547026895260009
1790036698.5512056,25.370282938969858,12.541680464181127
1790036698.5697951,25.3753704421313,12.536828200988262
1790036698.5908697,25.381131746132322,12.531319215853891
1790036698.6109414,25.386613012894223,12.526064918575814
1790036698.6301498,25.39185314261873,12.521029494121478
1790036698.6621983,25.40058062571979,12.512608059610752
1790036698.6711726,25.403023337191456,12.510248267327674
1790036698.6911037,25.408442462911484,12.5049992354404
1790036698.7114878,25.413978533414284,12.49962206491865
1790036698.73174,25.419475506850418,12.494273452250884
1790036698.7513034,25.42478241805588,12.489100682128223
1790036698.771619,25.430289982975612,12.48372220274585
1790036698.7924392,25.435930703851017,12.47820271516718
1790036698.8116446,25.441128210315355,12.473102239536143
1790036698.8319287,25.446614162865746,12.467707668460664
1790036698.851585,25.451926947433936,12.46247279044857
1790036698.8722785,25.457516410390372,12.456953311739708
1790036698.9173405,25.469669995770747,12.444894042802838
1790036698.920536,25.470531763135675,12.444038666264285
1790036698.9343574,25.47425735406594,12.440335052191067
1790036698.9563222,25.48017361850908,12.434439067340488
1790036698.976301,25.48555109646423,12.42906761698903
1790036698.993974,25.490304981280108,12.42430919647182
1790036699.0118558,25.49511189798196,12.419487297542156
1790036699.0293045,25.499799361260244,12.414775265728332
1790036699.052832,25.50611437419886,12.408408949473634
1790036699.0704372,25.51083679120111,12.403637946205594
1790036699.0941403,25.51718937013581,12.3972014340716
1790036699.111738,25.521902631541156,12.39241562173031
1790036699.129632,25.526692147725615,12.387541727311998
1790036699.1524866,25.53280433036312,12.381304434983853
1790036699.170431,25.537600214275088,12.376399608014141
1790036699.1939535,25.543881629577022,12.369956922158822
1790036699.2119615,25.548687306094244,12.365016927976654
1790036699.2294898,25.55336199429853,12.360201136873163
1790036699.2524135,25.559470377942773,12.353890176676988
1790036699.270235,25.564216103413898,12.348976041630472
1790036699.294233,25.570600775195285,12.342344400639542
1790036699.314162,25.57589888620652,12.336827264298154
1790036699.3338544,25.581130125545013,12.331365650400267
1790036699.3542645,25.58654769071564,12.325694328564596
1790036699.3745775,25.591935115654838,12.320039094348997
1790036699.411879,25.601813244243704,12.309616656262875
1790036699.4135034,25.602243372214435,12.309162726006521
1790036699.4300222,25.60661471864838,12.304539036751168
1790036699.4500656,25.611914492900546,12.298917579780097
1790036699.4753516,25.618594002487285,12.29180784668623
1790036699.4956107,25.623941462032775,12.286099805210851
1790036699.5163193,25.62940333662072,12.2802528345123
1790036699.5355656,25.634476059019175,12.274808051502703
1790036699.5551572,25.639636181475225,12.269254404265434
1790036699.5742164,25.644652703824857,12.26384093222104
1790036699.5950024,25.65011975412759,12.257924025257084
1790036699.614837,25.655332918005456,12.252266032030315
1790036699.6352372,25.66069097091345,12.246433851558752
1790036699.6688626,25.669512246470532,12.236785623502463
1790036699.6784377,25.672023356760707,12.234035325006461
1790036699.6960576,25.676641441656468,12.228964481253666
1790036699.7126124,25.680977953348176,12.22419138820347
1790036699.7324853,25.6861801484,12.218448912056116
1790036699.7523782,25.691384123943955,12.212687802864211
1790036699.7745512,25.69718027116368,12.206250302885783
1790036699.7959547,25.702771341704974,12.200021057316027
1790036699.8153665,25.707838887936955,12.194358947646377
1790036699.8361018,25.71324825184588,12.18829638197777
1790036699.8561523,25.718475566024924,12.182420438019857
1790036699.8727188,25.72279226153465,12.17755618984068
1790036699.9103687,25.732590742583806,12.166453098045155
1790036699.9123883,25.73311632651341,12.165857357417908
1790036699.9304512,25.737814238401782,12.16051806244789
1790036699.9540446,25.743946041861697,12.153524661177045
1790036699.973763,25.74906759107515,12.14766632552643
1790036699.9949596,25.754569453288692,12.141353087558521
1790036700.015201,25.759820117715925,12.135309897661205
1790036700.0349305,25.764934895900137,12.12940589487367
1790036700.0536616,25.76978827154189,12.12378836171382
1790036700.0732234,25.77485410721087,12.117908537731978
1790036700.0941606,25.780273046903858,12.111600403335064
1790036700.114968,25.785655443792486,12.105316839788234
1790036700.135559,25.790978999203038,12.09908462538327
1790036700.1589787,25.797030309481137,12.091978415418865
1790036700.1753788,25.801266145195587,12.086993577109912
1790036700.1960478,25.80660182449623,12.080697915696215
1790036700.2107625,25.810399066911053,12.07620932941721
1790036700.230183,25.815408395863454,12.070274226792861
1790036700.2503097,25.820597643960454,12.064111661280837
1790036700.2711124,25.825958924988683,12.057730263401051
1790036700.2927785,25.831540488668303,12.051071696318067
1790036700.312293,25.836566136866523,12.045064768462858
1790036700.3324113,25.84174564758329,12.03886229726788
1790036700.3516967,25.846709419783824,12.03290802735747
1790036700.3715715,25.851823594147934,12.02676312662148
1790036700.4146612,25.862906341406028,12.0134012394306
1790036700.4185328,25.86390211117402,12.012200343360407
1790036700.4327478,25.867557725084122,12.00778723397401
1790036700.45321,25.872819386110596,12.001426597557309
1790036700.472479,25.877773824820576,11.99543009810043
1790036700.4931512,25.88308889315476,11.988989303840286
1790036700.5133572,25.888284134200827,11.982686710829979
1790036700.5338686,25.89355806223203,11.976281907774643
1790036700.5531392,25.898513233452107,11.970258636212355
1790036700.5737956,25.903825147787423,11.963795742302697
1790036700.5937884,25.908966952719894,11.957534584528739
1790036700.6145597,25.914309705958374,11.95102347783305
1790036700.6346862,25.919487543134156,11.944708773646054
1790036700.664139,25.927067059715956,11.935456034888096
1790036700.673602,25.929502618629904,11.932481960960473
1790036700.694682,25.93492967613881,11.925851112627251
1790036700.7145245,25.94003986231603,11.919604347048216
1790036700.7342398,25.945119123268903,11.913392673175645
1790036700.754243,25.950274708300448,11.907085193401038
1790036700.774016,25.95537338273936,11.90084523287715
1790036700.793104,25.96029787629866,11.894816738917772
1790036700.8145509,25.965834303804897,11.888037287165723
1790036700.835429,25.97122731412392,11.881431990942621
1790036700.8548074,25.976236118094814,11.875296260969662
1790036700.8750474,25.98147131326641,11.868882390789222
1790036700.910148,25.99056193065585,11.857743433140024
1790036700.9165783,25.992227741052513,11.855702245196152
1790036700.9325042,25.996356045553707,11.850643627929113
1790036700.9513502,26.001245196914223,11.844652864152646
1790036700.9709527,26.006334978018167,11.838416639913271
1790036700.991755,26.011741375091148,11.83179312469162
1790036701.0116658,26.01692092765065,11.825448287424557
1790036701.0318704,26.02218202866898,11.819004518553925
1790036701.0515115,26.027301432329963,11.812735388058565
1790036701.071218,26.032443044178088,11.806440349810652
1790036701.0926256,26.038034770213507,11.799595950221935
1790036701.1133025,26.043441619472464,11.792979633177278
1790036701.1332903,26.048674036873617,11.786578612582886
1790036701.159016,26.055418293099365,11.778331441666174
1790036701.1736054,26.059246350762447,11.77365148165399
1790036701.194362,26.064699261220905,11.766987570249615
1790036701.2137046,26.069786737070363,11.76077248364342
1790036701.2350216,26.07540082723832,11.753916654345018
1790036701.2552748,26.080741410562332,11.747397082931522
1790036701.275749,26.086147144729743,11.740800232833447
1790036701.2959442,26.091485967352043,11.734287181448344
1790036701.315903,26.096768768195155,11.727844222686844
1790036701.335487,26.10195851955924,11.72151605745498
1790036701.356123,26.107433810860936,11.714840770323047
1790036701.3750584,26.112463447509494,11.70870936497446
1790036701.412498,26.12242880629447,11.696559664133595
1790036701.4155824,26.123249932124747,11.695558543516011
1790036701.4358497,26.128651281648608,11.688972222830268
1790036701.4555364,26.133903268545684,11.682566616193798
1790036701.4759002,26.13934144678747,11.675931904914437
1790036701.4909556,26.143364955177304,11.671021761963038
1790036701.512718,26.149186832893292,11.663913573838155
1790036701.5318696,26.154314777625224,11.657649629912216
1790036701.5525663,26.159861461663912,11.650870223976396
1790036701.57101,26.16480830091673,11.64482048943723
1790036701.5918012,26.17038951949277,11.637990089617439
1790036701.6120656,26.17583379121681,11.631322247631473
1790036701.6323447,26.18128640609647,11.624638873044152
1790036701.6577806,26.18813211730205,11.616238759796005
1790036701.6729326,26.192212404998564,11.611228743852195
1790036701.6930392,26.197630935303923,11.60456950078522
1790036701.7128017,26.202960738495204,11.598013624172463
1790036701.7337327,26.2086100622343,11.591058094889053
1790036701.752007,26.213545760711852,11.584976258330101
1790036701.771937,26.21893263254245,11.578332423489034
1790036701.792338,26.224451176839555,11.571520050795122
1790036701.8138683,26.23028004117173,11.564317658132579
1790036701.8321714,26.235238784549328,11.558185565962779
1790036701.854054,26.241172344485125,11.550841237046052
1790036701.873573,26.246469031173028,11.544279944948435
1790036701.9159951,26.257999687023805,11.529973026100414
1790036701.919084,26.258839390677764,11.52893102979798
1790036701.9364128,26.263553293078015,11.523078112763876
1790036701.9564686,26.269013407043325,11.516294436086634
1790036701.976012,26.27433823598976,11.509675088080556
1790036701.9954836,26.279647722169685,11.503071348353364
1790036702.0152102,26.285031017494543,11.496372398896767
1790036702.0358243,26.2906612402583,11.489362589159693
1790036702.054751,26.295834505695737,11.482918809104024
1790036702.0749528,26.301360842089522,11.476032109568594
1790036702.094566,26.30673036548003,11.469337997857473
1790036702.115177,26.312377613815805,11.462294642460137
1790036702.134892,26.317783669567586,11.455549493484869
1790036702.1617656,26.3251603257259,11.44634058036385
1790036702.1759105,26.329045120351655,11.441489467211547
1790036702.196675,26.334752423066558,11.434359509897735
1790036702.2166665,26.340251243774848,11.427487121907745
1790036702.2356591,26.345478989580872,11.420950995940435
1790036702.2561765,26.351130494181795,11.413881878734562
1790036702.271565,26.355371584073275,11.408575321984811
1790036702.293741,26.36148811386314,11.400918798519337
1790036702.3139822,26.367074941794066,11.393922551512814
1790036702.3335514,26.372479910042642,11.38715145172718
1790036702.3534043,26.377966962157306,11.380274873572029
1790036702.3709743,26.38282595212137,11.374183344103143
1790036702.4043708,26.392072074530358,11.362584377714102
1790036702.4140823,26.39476165847434,11.359209749016928
1790036702.4341486,26.40032264032242,11.352229666891803
1790036702.4548397,26.406060660335918,11.345024511384434
1790036702.4755716,26.41181383053554,11.33779749401162
1790036702.4951994,26.417264103597095,11.330948452783076
1790036702.51574,26.422971704035437,11.323773327743872
1790036702.5353265,26.42841797550168,11.316924407021396
1790036702.5555568,26.43404736618938,11.309842620937951
1790036702.5753984,26.43957290779294,11.302889324510746
1790036702.595637,26.445213564085755,11.29578875807645
1790036702.6160717,26.450913827870618,11.288611040849371
1790036702.6355443,26.45635040780821,11.281763407877405
1790036702.661868,26.463708772792568,11.272492084224261
1790036702.675906,26.46763549634921,11.267543780526907
1790036702.695289,26.473062672175157,11.260703368827253
1790036702.7155244,26.478734635710143,11.253553387498751
1790036702.7359507,26.484466544843887,11.246327150364365
1790036702.7553897,26.489927529769805,11.23944216104771
1790036702.7753186,26.495532862242683,11.232375175644696
1790036702.7947843,26.501014675878352,11.225464231502853
1790036702.8148413,26.506670587876215,11.218334452940175
1790036702.8354728,26.512496958779238,11.21099081491332
1790036702.8509858,26.516882812049534,11.205463590126163
1790036702.8703728,26.522372051483885,11.198547314098061
1790036702.9140897,26.534792817459593,11.182906404776402
1790036702.917162,26.535665919436713,11.181806992402773
1790036702.9337964,26.540399800833402,11.175847571880242
1790036702.9537764,26.546095365383543,11.168679606441644
1790036702.9739916,26.551868183184016,11.161416907951102
1790036702.9943247,26.55768503103004,11.154101172943484
1790036703.0135882,26.563205516419707,11.147160558036337
1790036703.0351038,26.569383541732307,11.139396135053007
1790036703.053965,26.57480881260667,11.132579881264899
1790036703.0746858,26.580780387954,11.125079719235577
1790036703.0942657,26.58643350267088,11.117981651361559
1790036703.1149008,26.592402816534324,11.110488811599456
1790036703.13406,26.597955069344252,11.103521334386544
1790036703.160792,26.605721468837018,11.093779185409806
1790036703.1740255,26.609570931475652,11.088951421053576
1790036703.1945252,26.615545714371546,11.08146070505339
1790036703.213921,26.621209263269836,11.07436252257396
1790036703.23371,26.626998501771936,11.067109303153805
1790036703.254879,26.63320391846854,11.059337614990387
1790036703.2760649,26.639426651022795,11.051547267693165
1790036703.2960236,26.645299826306577,11.044197275681451
1790036703.3165383,26.65134806852167,11.036631204342967
1790036703.3359544,26.65708264611437,11.029460362922464
1790036703.3550267,26.6627255540742,11.022407054469774
1790036703.3750105,26.66864897639375,11.015006480870278
1790036703.4114509,26.679486274339794,11.001478094248714
1790036703.4169052,26.681109187487923,10.99945247090229
1790036703.4320302,26.685615814869813,10.993829750186388
1790036703.4513774,26.691390763186458,10.986628600599854
1790036703.4718528,26.697513924561875,10.978997729917916
1790036703.4924872,26.703696371728498,10.971297904573426
1790036703.5125356,26.709714283522512,10.963807745828824
1790036703.5320492,26.715582079662315,10.956508917205399
1790036703.551674,26.72149379563635,10.949160089013313
1790036703.572521,26.727785567523835,10.94134412463911
1790036703.5930958,26.73400667785116,10.933621195945255
1790036703.61326,26.740114697800276,10.92604378420598
1790036703.6328,26.746043948576602,10.918693007311703
1790036703.6630795,26.75525655484636,10.907283515807237
1790036703.6729507,26.758262505374383,10.903562021544115
1790036703.6926343,26.76426674427295,10.896133641838242
1790036703.713409,26.770615079660953,10.888285298425103
1790036703.733471,26.776756169511152,10.880698584098457
1790036703.7522233,26.782505515153083,10.873600602221517
1790036703.7721298,26.788618982225604,10.866058505342323
1790036703.7922857,26.794819513227417,10.858414599932106
1790036703.813411,26.801329725874957,10.850395119692244
1790036703.8326726,26.807275092759806,10.843076609489595
1790036703.8524103,26.813377354328022,10.835570441908144
1790036703.8724306,26.81957714631064,10.82794999045264
1790036703.9156742,26.833016015439316,10.811458342917277
1790036703.9182432,26.83381453865089,10.810478518239133
1790036703.934891,26.83899618818499,10.804124299861993
1790036703.9562902,26.845667993587806,10.795948900108794
1790036703.974895,26.85147704745207,10.788835441738186
1790036703.993834,26.85739915819956,10.781588248158407
1790036704.014454,26.863857114734152,10.773690879595756
1790036704.0343957,26.87011226968866,10.766046720833286
1790036704.0548298,26.876531764235718,10.758206998969634
1790036704.0751765,26.8829334652881,10.750394059162772
1790036704.095724,26.88940817417817,10.742497000148992
1790036704.116764,26.89604814726591,10.734403424823036
1790036704.136459,26.902272453488603,10.726820795576815
1790036704.1575212,26.908938735591075,10.71870448412536
1790036704.1756372,26.914679817970956,10.711718016385943
1790036704.1963584,26.921255883750984,10.703719728960728
1790036704.2166302,26.927698057657857,10.695888226157328
1790036704.231555,26.93244560803276,10.69011885105092
1790036704.253158,26.93932692684797,10.681760560941004
1790036704.272849,26.9456067696953,10.674136129049048
1790036704.2932866,26.952132662905647,10.666216369747273
1790036704.3134627,26.958582691098563,10.658391868364149
1790036704.333574,26.96501932368871,10.650586660720299
1790036704.353377,26.971364271701358,10.642895540902648
1790036704.3735847,26.97784599103493,10.635041648615827
1790036704.4103138,26.989650283729336,10.620748341054309
1790036704.4131854,26.990573295254233,10.619630770741132
1790036704.4344292,26.997409582637538,10.611357237969983
1790036704.4538534,27.0036667606003,10.603787901526253
1790036704.4741914,27.010225259712094,10.595857895796597
1790036704.4941409,27.01666501692874,10.588075336341564
1790036704.514635,27.023287461903926,10.580076252269123
1790036704.534503,27.029713843487315,10.572318144378352
1790036704.5543244,27.036131395710104,10.564574984502505
1790036704.573211,27.042251836259567,10.557194324176363
1790036704.5937552,27.048915968893095,10.549162913245128
1790036704.613553,27.055343932042785,10.541420848888382
1790036704.633557,27.061844883778114,10.5335958177061
1790036704.6655695,27.072263844172074,10.521068210458376
1790036704.6730237,27.074690747428708,10.518150885759496
1790036704.6931083,27.081235877524524,10.510288869158508
1790036704.714049,27.08806646159765,10.50209024564441
1790036704.7339797,27.094573431915197,10.494286098199188
1790036704.753746,27.101032439533633,10.486545384955363
1790036704.7746713,27.10787636568311,10.4783499434021
1790036704.7949443,27.11451264966486,10.470409269888352
1790036704.815473,27.121238409955303,10.462367757676242
1790036704.836121,27.128008913292813,10.454278996640927
1790036704.8557067,27.134436075811497,10.446606007286283
1790036704.8762815,27.141193277418026,10.438545139345122
1790036704.912845,27.15321826350466,10.424219450791378
1790036704.9160724,27.15427984583187,10.422954911762428
1790036704.9335127,27.160020118555565,10.416121787613557
1790036704.952387,27.16623672637516,10.408726898657347
1790036704.972163,27.172755005721115,10.40097911124845
1790036704.9920492,27.179314346121874,10.393188376108933
1790036705.0134184,27.1863681995253,10.384817137763543
1790036705.0322204,27.192578779166574,10.377452113491422
1790036705.0523295,27.199225968470863,10.369575731939706
1790036705.0721035,27.2057670098526,10.361831494393424
1790036705.092847,27.212633943113023,10.353708601538742
1790036705.1132872,27.219405416518377,10.345705770989023
1790036705.133252,27.22602419313697,10.337890367758135
1790036705.1609695,27.23522250517839,10.327042581138537
1790036705.173395,27.2393478703584,10.322180130958772
1790036705.1932893,27.24595789817926,10.314395920133803
1790036705.2138815,27.25280510124825,10.306339658528628
1790036705.2350156,27.259838155512746,10.298072291413805
1790036705.2559388,27.266806597628488,10.28988822360073
1790036705.2770796,27.2738533169866,10.28161968285569
1790036705.2920227,27.278837112180224,10.275775449258218
1790036705.3138242,27.286114536096473,10.267249415935167
1790036705.334465,27.293010163279632,10.259177596841539
1790036705.3535793,27.299400606314734,10.251702909284974
1790036705.373251,27.305982496459407,10.2440102583578
1790036705.415531,27.320152260789953,10.227475477740372
1790036705.4201512,27.32170099900658,10.225668559343417
1790036705.4352467,27.32676401707984,10.219764783466303
1790036705.4583712,27.334526955402943,10.210720225755502
1790036705.4730551,27.339459217048294,10.204976630590203
1790036705.4919326,27.345804710925908,10.19759211404254
1790036705.5131454,27.352941019634187,10.189293137022476
1790036705.5325186,27.359463295696887,10.181713004406923
1790036705.551788,27.36595536115437,10.174172425582032
1790036705.5712297,27.37251022929609,10.166563379399621
1790036705.592353,27.379637663564406,10.158294566360997
1790036705.6129107,27.38657943237552,10.150245657300827
1790036705.632506,27.3932009136565,10.14257204497157
1790036705.6605244,27.4026782577597,10.131596308800676
1790036705.672648,27.40678087996729,10.126846442014402
1790036705.6920965,27.41336683748181,10.119224991518047
1790036705.7127557,27.42036794309931,10.111127046595428
1790036705.7340014,27.427573275654403,10.102796970794364
1790036705.7543736,27.434487371280834,10.094807306946137
1790036705.7742045,27.441222561833992,10.087027853637737
1790036705.7933104,27.447716035245293,10.0795307818335
1790036705.813642,27.454631313455028,10.071550274766011
1790036705.834156,27.461614054395373,10.063495496639183
1790036705.8550744,27.468740191625017,10.055278992835943
1790036705.874547,27.475378864269413,10.047627701451523
1790036705.9153972,27.489328276731342,10.031564342332256
1790036705.918562,27.490409111638463,10.030319795660754
1790036705.9331243,27.495385422557042,10.024591456988322
1790036705.9514036,27.50163661652696,10.017398262906964
1790036705.9720623,27.50870762831149,10.009265116134403
1790036705.9918675,27.515492165163863,10.001464572353303
1790036706.0127797,27.52266232363285,9.993224090618186
1790036706.0328245,27.529541037502337,9.985321672719907
1790036706.0534031,27.53660928925868,9.977204761795464
1790036706.0735064,27.54352036276614,9.96927143501666
1790036706.0932174,27.550302528445886,9.961489034256418
1790036706.1138446,27.557406489595795,9.953340589798708
1790036706.133432,27.564158217238617,9.945599043644007
1790036706.168236,27.576174056338573,9.931830674541448
1790036706.1749008,27.578475707180736,9.929193653157917
1790036706.1927714,27.584652341957284,9.922119377917662
1790036706.21357,27.591847893111986,9.913881266412881
1790036706.2333224,27.598687696248447,9.906053269159544
1790036706.2529123,27.605477488024995,9.898285263089148
1790036706.2731545,27.612500037489863,9.89025389758973
1790036706.293654,27.61961870339624,9.882115593639965
1790036706.3133044,27.626448888244436,9.874309816959004
1790036706.3337152,27.633550226061697,9.866197078733801
1790036706.354149,27.6406665326172,9.858070149505046
1790036706.374206,27.64765826999585,9.850088268317709
1790036706.4115214,27.66068949383745,9.835221184911063
1790036706.415433,27.66205571820676,9.833662589044886
1790036706.435241,27.66898099899438,9.825764852601294
1790036706.453678,27.675432675455696,9.818409506805628
1790036706.4737277,27.68245560648462,9.810405585015209
1790036706.4936595,27.68944398325447,9.802443694997637
1790036706.5139077,27.696550309171045,9.794350145596757
1790036706.535215,27.704036116390395,9.78582739348349
1790036706.554359,27.710768251620614,9.77816511601042
1790036706.574334,27.71779945534122,9.770165046422424
1790036706.5934088,27.72452014742847,9.762520633487151
1790036706.6133156,27.73154080348087,9.754537578315448
1790036706.6332066,27.738562794962704,9.746555525194582
1790036706.6701896,27.751642555349836,9.731696138944631
1790036706.6757534,27.75361082021033,9.729460268263344
1790036706.6957152,27.760679633180327,9.721432885318587
1790036706.724928,27.771039317719634,9.709673726003963
1790036706.7358408,27.774911444784557,9.705279264753617
1790036706.7552574,27.781807502409954,9.697455315749004
1790036706.775644,27.789055445013723,9.689234724628264
1790036706.7950711,27.795968891564023,9.681395858501842
1790036706.816091,27.8034570193747,9.672908103203948
1790036706.8366663,27.81079426072206,9.664593961059252
1790036706.852171,27.81632754928495,9.658325412959595
1790036706.8724442,27.8235699735764,9.650123106686895
1790036706.9125576,27.837928770676587,9.633870954027735
1790036706.9157205,27.839061109450473,9.63258936465104
1790036706.9332094,27.845327783748584,9.625498518633384
1790036706.953504,27.852607125721143,9.617264267201495
1790036706.9735389,27.859800405798932,9.60912974406338
1790036706.994167,27.867214335827082,9.600748206002201
1790036707.0148132,27.874642212989933,9.592353381940777
1790036707.0344994,27.881731513915682,9.584343438938491
1790036707.053867,27.888712573500005,9.576457932200277
1790036707.0748286,27.89627559469406,9.567917556661302
1790036707.094871,27.90351373615959,9.559746304412545
1790036707.1141162,27.91047008225179,9.551895245657207
1790036707.1357737,27.918306052123672,9.543054024225174
1790036707.1620383,27.92782014408448,9.532323195171369
1790036707.1739929,27.932152841525387,9.52743717857504
1790036707.1934369,27.939205980017146,9.519485363468794
1790036707.2133482,27.946435052942867,9.511337651048219
1790036707.2346013,27.95415870110628,9.502635641579882
1790036707.2544012,27.96136085885815,9.494524176719791
1790036707.2744424,27.968657537717164,9.48630959841449
1790036707.2945802,27.97599638395825,9.47805120298952
1790036707.3142164,27.983159134999536,9.469994751056943
1790036707.336158,27.991171327180005,9.46098800493977
1790036707.3551762,27.998122382062693,9.453178264843569
1790036707.376624,28.005969697835727,9.444367188759427
1790036707.4148502,28.019982277988703,9.428653731829023
1790036707.418973,28.021493859675882,9.426958904087611
1790036707.4380329,28.028488715860117,9.419121307272324
1790036707.4529924,28.033982896840612,9.412968557025689
1790036707.472614,28.041196417542817,9.404896423947825
1790036707.4920647,28.04835411867216,9.396892926841216
1790036707.512636,28.055932136900473,9.388426595007854
1790036707.5338304,28.063748345521567,9.379702015713706
1790036707.5579965,28.07267183695723,9.369752021011738
1790036707.5774992,28.07988084596693,9.361720804102609
1790036707.5980735,28.08749451487378,9.353246861669923
1790036707.6181064,28.094916015866442,9.344994660151757
1790036707.6374958,28.102106921845937,9.337006399786379
1790036707.6641855,28.112020277236955,9.326008393591426
1790036707.6770542,28.116803586844306,9.32070518784984
1790036707.6969817,28.12421923346216,9.312492007691505
1790036707.7178626,28.131999160024588,9.30388484482774
1790036707.7373214,28.13925755013706,9.295863042979239
1790036707.7572634,28.14670516749361,9.287641069153628
1790036707.7778118,28.154388922286692,9.279168073116791
1790036707.797497,28.161759019857676,9.271049949582233
1790036707.8173733,28.16921004165909,9.262851984243433
1790036707.8376825,28.176833381378827,9.25447425012426
1790036707.8569114,28.184060348505497,9.246541022240027
1790036707.8772438,28.191712355659764,9.238151298423361
1790036707.912679,28.205080106976354,9.223525743825483
1790036707.9171124,28.206753086744353,9.221695838404969
1790036707.93796,28.214631385564044,9.213089485756921
1790036707.9546216,28.220935121406214,9.206210248886489
1790036707.97362,28.22813252418302,9.198364991079671
1790036707.9937005,28.235750730587778,9.190071441141631
1790036708.0139928,28.2434604246735,9.18168897122753
1790036708.0355394,28.251659394827815,9.172786638313376
1790036708.054132,28.258743792802136,9.165103420395758
1790036708.074545,28.26653322710856,9.156666193318925
1790036708.0941222,28.27401428801926,9.148572630171273
1790036708.1143243,28.28174530392807,9.140218754552263
1790036708.135208,28.289748892297556,9.13158078310847
1790036708.1666224,28.301814911099942,9.118581185511225
1790036708.174232,28.304739227606966,9.115431898897304
1790036708.194517,28.31254539833819,9.107034067396247
1790036708.2148716,28.320389265867508,9.098604310137048
1790036708.2353892,28.328306781993323,9.09010386954125
1790036708.2572792,28.33676618034019,9.081030966029381
1790036708.2728362,28.342784394525225,9.074580843527864
1790036708.2923925,28.350359363162163,9.066469205619999
1790036708.3173065,28.360025169281702,9.056129547652532
1790036708.3373802,28.367823068198547,9.04779483823359
1790036708.3574183,28.375617005684028,9.039470835566092
1790036708.3766456,28.383104516692157,9.031479772362104
1790036708.4070764,28.39497723182456,9.01882211361066
1790036708.41266,28.39715640962385,9.016499280346743
1790036708.432185,28.404785688369557,9.008371712732743
1790036708.4525645,28.412758357020337,8.999882905589216
1790036708.4727829,28.420677164209742,8.991455520546067
1790036708.4924495,28.428388349519278,8.983252544370126
1790036708.5143642,28.436991333080883,8.97410461673239
1790036708.533805,28.444630916853768,8.965983486381147
1790036708.55378,28.452488508342384,8.957632537330499
1790036708.5738988,28.46041031226607,8.949214739463503
1790036708.5936077,28.468177896324153,8.94096163586451
1790036708.6137877,28.476138371503584,8.932503914489217
1790036708.6347015,28.48439579308651,8.9237305110291
1790036708.6671982,28.49724382592922,8.91007794475639
1790036708.6731942,28.499614993687693,8.907558198895037
1790036708.6935737,28.507680568651917,8.898985658269925
1790036708.713354,28.515514727808085,8.89065720185474
1790036708.7351952,28.524171706877677,8.881451240137638
1790036708.7546566,28.531890648808627,8.873240247225702
1790036708.7756944,28.54024077450343,8.864354446582082
1790036708.7954752,28.548097149759172,8.855990732862013
1790036708.8154852,28.556049694318492,8.847520890023226
1790036708.8364666,28.56439385558288,8.838629469487506
1790036708.8569665,28.572551750257816,8.82993191901063
1790036708.8763893,28.58028552169516,8.821682130032778
1790036708.9161253,28.596125722504897,8.804765392281105
1790036708.918476,28.597062900860404,8.80376444870894
1790036708.938434,28.605023608658893,8.79525660834034
1790036708.9573772,28.612583475880395,8.787171984764061
1790036708.9770186,28.620425871445978,8.778779418295084
1790036708.9915056,28.626212282312395,8.772583782614971
1790036709.012395,28.634559976094838,8.763638629604511
1790036709.032707,28.64268073532883,8.75492970870959
1790036709.057223,28.65248749729023,8.74440223629126
1790036709.0775328,28.660615082393285,8.735669979365595
1790036709.096734,28.668302061143248,8.727404350668074
1790036709.1170125,28.67642343733778,8.718663890673552
1790036709.132085,28.682461581061084,8.712161093692595
1790036709.1632173,28.694940198135605,8.698703161342644
1790036709.176628,28.7003168396321,8.692900960215933
1790036709.196973,28.708476307667258,8.68408731605558
1790036709.2169845,28.716504653468853,8.675407159294336
1790036709.2376494,28.72479800683407,8.666431842787253
1790036709.257778,28.732878827180585,8.657678516439763
1790036709.278701,28.74128165388082,8.648568007781822
1790036709.2983167,28.749162190160266,8.640016660248781
1790036709.3174355,28.75684575679249,8.631672506468854
1790036709.3374712,28.764900889757225,8.622917894587504
1790036709.357698,28.77303593678664,8.614069570766501
1790036709.3774405,28.78097935884984,8.605423346260716
1790036709.409144,28.79374361292515,8.591513928571251
1790036709.4150329,28.79611488146412,8.588929402717483
1790036709.433888,28.80371047653806,8.580645763055664
1790036709.45463,28.812070253095662,8.571523124867134
1790036709.4750395,28.820300189697157,8.562537241244035
1790036709.4957092,28.828639398612587,8.553427475877132
1790036709.5159943,28.83682793987846,8.544478603553943
1790036709.5355318,28.84471895846311,8.535851848536543
1790036709.556357,28.85313528676003,8.526648184417777
1790036709.5763924,28.86123746525532,8.517786051816461
1790036709.5976768,28.869850588092717,8.508363539459946
1790036709.618202,28.878162187839283,8.499269906926028
1790036709.6393378,28.88672731317407,8.489898480605016
1790036709.6665258,28.897755802913373,8.47783201009378
1790036709.6736562,28.900648906184596,8.474666675044308
1790036709.6933844,28.9086594686589,8.46590336367804
1790036709.7158985,28.917809144728857,8.45589554996538
1790036709.733351,28.92490669096885,8.448133714631137
1790036709.7563033,28.934249415360917,8.437919145789232
1790036709.7739022,28.941418035009022,8.430083150137355
1790036709.791612,28.94863689351285,8.42219390666336
1790036709.8148625,28.95812308254816,8.411829734374411
1790036709.835421,28.96651787195393,8.402660446364832
1790036709.8566363,28.975188162418338,8.393193057796791
1790036709.877318,28.983647497803926,8.38395888215276
1790036709.9183965,29.000478474643558,8.365598919578812
1790036709.9207544,29.001444687899266,8.364544973728147
1790036709.9417982,29.010075259997457,8.355134225357734
1790036709.9578512,29.016663466016208,8.347952591747356
1790036709.977594,29.024772749213728,8.339116207656316
1790036709.997963,29.03314669792113,8.329995122546324
1790036710.017328,29.041114627444784,8.321319728338299
1790036710.0376592,29.049487501823407,8.312207345816345
1790036710.0582244,29.057964444331034,8.30298582118878
1790036710.078467,29.066315751318097,8.293905080797439
1790036710.0943017,29.072853181077512,8.286799235831209
1790036710.1133585,29.080727434310113,8.27824417993508
1790036710.1333525,29.08899625048633,8.269264777228663
1790036710.168282,29.103464214263138,8.25356702565411
1790036710.174079,29.10586593814213,8.250961533804368
1790036710.193298,29.11383545163754,8.24232012151759
1790036710.2132556,29.122118511082622,8.233343319387552
1790036710.2337687,29.130639913571702,8.224113264187924
1790036710.2539015,29.139010908051237,8.215050924332791
1790036710.2731051,29.14700248558372,8.206403960203186
1790036710.2938278,29.15563416227405,8.197069650048517
1790036710.3130388,29.163643127803194,8.188413309119502
1790036710.3345726,29.17262915278241,8.178706752320954
1790036710.353927,29.180712845638453,8.169979638959036
1790036710.3732667,29.188797632588614,8.16125615566778
1790036710.411071,29.20462892502536,8.144192796832408
1790036710.418146,29.20759261838458,8.140999112510556
1790036710.436721,29.215380644267725,8.132611292025047
1790036710.4565444,29.223699678778512,8.123656824378225
1790036710.476539,29.23209846436675,8.114621926296026
1790036710.4960294,29.240293013309795,8.105811927726624
1790036710.5164027,29.24886700150778,8.09659972126209
1790036710.5363655,29.25727605546425,8.087570269660818
1790036710.5567997,29.26589197243706,8.078324449325759
1790036710.576548,29.274226408157244,8.069385910120088
1790036710.5960395,29.282459843969573,8.060560611075887
1790036710.6163807,29.29106017607183,8.051347110455701
1790036710.637039,29.29980265668382,8.041986285505441
1790036710.6627848,29.310710482115383,8.030314034937778
1790036710.676874,29.316683328852548,8.023924705992213
1790036710.6964626,29.324994616673695,8.015037648842966
1790036710.7168536,29.33365381673534,8.00578253753735
1790036710.737893,29.342596255725418,7.996228571612627
1790036710.753091,29.34905987240691,7.989324738733474
1790036710.7723749,29.357267536151905,7.980560851461185
1790036710.7926304,29.365895706783334,7.971350635062525
1790036710.812719,29.374459547284136,7.96221165191074
1790036710.832698,29.382983216683257,7.953117813027873
1790036710.8527274,29.391534856066503,7.943996164731358
1790036710.8735344,29.40042545451298,7.934514906070426
1790036710.912902,29.417271124403175,7.916556144996394
1790036710.915954,29.418577236129035,7.915163762281054
1790036710.9345596,29.426544679621625,7.906671038739462
1790036710.955877,29.4356802134347,7.89693428249531
1790036710.9764647,29.444509016006776,7.887525229347364
1790036710.996594,29.453146885603427,7.878320216734819
1790036711.0165012,29.461694943226718,7.869211272409476
1790036711.0366318,29.47034428451915,7.85999458180302
1790036711.057083,29.479136620762848,7.850625523579561
1790036711.0773022,29.48783431334475,7.841357164663266
1790036711.096419,29.496062053008917,7.832589318580347
1790036711.116436,29.50468166707505,7.823403426657949
1790036711.137412,29.513719069753773,7.813771655282279
1790036711.166811,29.52639437703976,7.800261157351346
1790036711.1758878,29.530308663752148,7.796088775882685
1790036711.1969006,29.53937442678926,7.786424149542582
1790036711.2158608,29.547557993455808,7.777698983974373
1790036711.2370062,29.55668871744894,7.767962570989035
1790036711.257728,29.565640391364607,7.758415603224516
1790036711.2731023,29.57228391279485,7.75132940279781
1790036711.2944546,29.581514548697296,7.741481902520354
1790036711.3136587,29.589819583956928,7.732620310714295
1790036711.3336508,29.598468560894325,7.723389961591768
1790036711.3538349,29.607203677806616,7.714065795555006
1790036711.373839,29.615863824339094,7.704819708177267
1790036711.4166,29.634388813064,7.685032030460022
1790036711.4196787,29.63572263645547,7.683607245083175
1790036711.4339669,29.641914380940605,7.676992299931066
1790036711.4541123,29.65064739956117,7.667660633116716
1790036711.4734416,29.659029583298697,7.658702474411406
1790036711.493203,29.667602202045586,7.649539341763294
1790036711.51413,29.676684251723152,7.63983043835769
1790036711.5346882,29.68560966923271,7.630287714959657
1790036711.5540102,29.694001749861744,7.621314477534072
1790036711.5744002,29.70286159501569,7.611840373677729
1790036711.6525156,29.7368607161223,7.575473671524421
1790036712.0736344,29.922206271443482,7.377308237958352
1790036712.0738592,29.922305225128753,7.377202439924143
1790036712.0741725,29.92244311082969,7.377055017103496
1790036712.0745368,29.92260345434253,7.376883583199226
1790036712.0749867,29.922801472663593,7.376671868903537
1790036712.0753164,29.922946603523265,7.376516700212689
1790036712.075641,29.923089427052762,7.37636399860295
1790036712.0760798,29.923282624433835,7.376157439569667
1790036712.07661,29.923516018294983,7.375907904759172
1790036712.0772688,29.923805982557248,7.37559788838293
1790036712.0911672,29.929926391758748,7.3690547827538015
1790036712.1114905,29.938882075879267,7.359481896433242
1790036712.1325836,29.94818355193165,7.349540929487134
1790036712.1643782,29.962219223403768,7.334544067115239
1790036712.1711535,29.965210909469384,7.331347687432965
1790036712.1916392,29.974262769470325,7.321677951769682
1790036712.2123418,29.983417197304092,7.311900391661845
1790036712.231608,29.991942247842847,7.302796451215474
1790036712.2514777,30.000740780085202,7.293402186737071
1790036712.2727427,30.010164465420665,7.283342413418005
1790036712.2922363,30.018809275308072,7.2741157154346725
1790036712.3124175,30.027765548014024,7.26455832363871
1790036712.3323965,30.03663844571131,7.25509159387221
1790036712.3533132,30.045934688089176,7.245175022389216
1790036712.372849,30.054623165022246,7.235908358897431
1790036712.3932743,30.063713737761493,7.226214548403491
1790036712.4145112,30.073172491214553,7.216129948898992
1790036712.4331143,30.081463456792903,7.2072917806954235
1790036712.4531612,30.09040406550991,7.197762669789225
1790036712.4725747,30.099067794476067,7.188530138877905
1790036712.4936242,30.10846830014892,7.178514188555223
1790036712.5130768,30.117161194185293,7.169253643630145
1790036712.5333278,30.126216979459755,7.1596080954128745
1790036712.5529034,30.134976303742167,7.150279787941508
1790036712.5730796,30.144010362068535,7.140660462735122
1790036712.5883794,30.150864389304456,7.133363291132915
1790036712.6090777,30.160143049506694,7.123486329566875
1790036712.628932,30.169049039433492,7.114007537435543
1790036712.663268,30.184468002509472,7.0976012397382275
1790036712.6703558,30.187651526940904,7.094214050979286
1790036712.688513,30.19581173703572,7.085533009876622
1790036712.709172,30.20510234606184,7.0756510960515415
1790036712.729153,30.21409368309247,7.06608907105487
1790036712.7496555,30.22332574988018,7.05627278271619
1790036712.7682295,30.231694374133035,7.047376156870734
1790036712.7889388,30.241031158516655,7.037452109731464
1790036712.8081589,30.24970182038727,7.02823770858199
1790036712.8290114,30.259115092353714,7.0182360042438106
1790036712.849865,30.268534941837952,7.008229155671983
1790036712.869242,30.277293087851138,6.998926825925617
1790036712.8893814,30.28640160305314,6.989254057178403
1790036712.917168,30.298979490469417,6.975900202627347
1790036712.9311044,30.305290782911516,6.969200349616786
1790036712.951602,30.3145791733285,6.959341822575133
1790036712.9711697,30.323451625063896,6.949926316933558
1790036712.990378,30.332166258048147,6.940679770091475
1790036713.010062,30.34110223967095,6.931199897207263
1790036713.0290787,30.349740411465806,6.9220373754203335
1790036713.0503564,30.35941199625735,6.911780467174392
1790036713.069224,30.367993182582453,6.9026813277740615
1790036713.0893433,30.377149221161673,6.892974202623023
1790036713.1088943,30.38605203821056,6.883537009666313
1790036713.128538,30.3950024200011,6.8740510210547
1790036713.1678944,30.412956844125862,6.855028064978164
1790036713.1709812,30.414365180548664,6.853535949626893
1790036713.1892345,30.422697841401117,6.844708615390152
1790036713.209027,30.43173878082666,6.835132201489557
1790036713.2307985,30.441690481061517,6.824592490049014
1790036713.2511911,30.451017978535813,6.814715002173371
1790036713.2739828,30.461450382654014,6.803668915698097
1790036713.2924066,30.46988854223686,6.794735346321104
1790036713.3116896,30.478725822046986,6.78538028732032
1790036713.3320966,30.488084491341702,6.77547450031751
1790036713.3530428,30.49769714617028,6.765301166915105
1790036713.3728993,30.50681572652165,6.755651889775714
1790036713.392048,30.515614781357534,6.746341812486705
1790036713.416066,30.526660317161824,6.7346564936154785
1790036713.432721,30.534323898687795,6.726549831605396
1790036713.4531624,30.54373625062293,6.716594531626761
1790036713.472353,30.552578181410528,6.707243659646755
1790036713.49238,30.561811570550972,6.697480014703948
1790036713.511789,30.570765915006863,6.688012592163991
1790036713.5316875,30.579951964801605,6.678301405716883
1790036713.550765,30.58876452035699,6.668986188109264
1790036713.5705738,30.59792068682453,6.659308969813979
1790036713.5898917,30.606855376748435,6.649866850921098
1790036713.6105163,30.616400676104345,6.639780763456385
1790036713.6299644,30.62540675509801,6.630265272547847
1790036713.6658175,30.64202791914455,6.612707164245044
1790036713.6711557,30.644503042897288,6.610092572229638
1790036713.691896,30.654125422278305,6.5999288974774295
1790036713.7114017,30.66318013779408,6.590365494612396
1790036713.7312202,30.672385202234267,6.580643845589101
1790036713.7518656,30.681979859177286,6.570511369771776
1790036713.7724109,30.691533449719454,6.560422904050025
1790036713.792438,30.700851306168776,6.550584005705159
1790036713.8121836,30.710043167421073,6.540878780033976
1790036713.8329546,30.71971799833168,6.530664328820241
1790036713.8532035,30.729155040533232,6.520701637001689
1790036713.8728976,30.73833868971331,6.511007151697587
1790036713.8927906,30.747620469986444,6.501209829374138
1790036713.9137726,30.757416390730082,6.490870672891068
1790036713.933934,30.766834862433626,6.480930724708086
1790036713.9543955,30.7763993505225,6.470837548561917
1790036713.9741774,30.785651607431287,6.461074706355378
1790036713.9942024,30.79502328848719,6.451186732908737
1790036714.0133762,30.804001797782064,6.441714404178875
1790036714.032972,30.81318327660918,6.432028796728688
1790036714.053225,30.82267831470318,6.422013337694713
1790036714.0723572,30.831652929393442,6.412547669080139
1790036714.0916302,30.84069871589505,6.403007808393966
1790036714.1116488,30.85009985530491,6.3930941391483
1790036714.1319273,30.859628685248463,6.383046819380855
1790036714.1681616,30.87667343783235,6.365077857345603
1790036714.174151,30.87949133125765,6.362107260483812
1790036714.1883817,30.88618956458691,6.3550465298433085
1790036714.2083392,30.89558890369359,6.345139322248407
1790036714.2334838,30.907440146330604,6.332649138634217
1790036714.2545848,30.917391750497213,6.322161734117536
1790036714.2732348,30.926192351036057,6.312888024947187
1790036714.295469,30.936691288313128,6.301825604407591
1790036714.313648,30.94528009401483,6.292776388491408
1790036714.332851,30.95435805197693,6.283212348068502
1790036714.3530438,30.963909951213427,6.273149524243388
1790036714.3731377,30.97342101325423,6.263130182254925
1790036714.393613,30.983118873558535,6.252914460291146
1790036714.4133031,30.99245052992215,6.243084800403519
1790036714.433679,31.002113442825376,6.2329064556360665
1790036714.4544995,31.0119934653426,6.222499598854358
1790036714.4738684,31.02119022178282,6.212812549288315
1790036714.490069,31.028886333564994,6.204706183502605
1790036714.5107856,31.038733989928634,6.194333588711743
1790036714.531895,31.048774477106406,6.183757827104011
1790036714.5512166,31.057969888290685,6.174072103524504
1790036714.5729046,31.06829783321318,6.16319328782749
1790036714.595795,31.079205466596708,6.151703601678102
1790036714.6094823,31.08573024134644,6.144830532651574
1790036714.629799,31.09542055040502,6.134622605509835
1790036714.6698613,31.11454977060825,6.114470947975763
1790036714.6732924,31.11618820995506,6.112744928302653
1790036714.6933763,31.125783931512686,6.102636245586836
1790036714.713477,31.135392533440086,6.092513783601567
1790036714.7339146,31.14516738784562,6.082216211149332
1790036714.749549,31.15264776620567,6.074335724299192
1790036714.7688456,31.161884836695403,6.064604644899542
1790036714.7881866,31.171147429740152,6.054846612507128
1790036714.8087587,31.18100453984208,6.044462392509926
1790036714.8291228,31.19076660128493,6.034178350507913
1790036714.8501384,31.20084601661012,6.023560197255407
1790036714.8707647,31.21074349117209,6.013134044657055
1790036714.8900657,31.220009282018204,6.003373655924961
1790036714.9199743,31.234377707225942,5.988239157729944
1790036714.9322011,31.240253349035534,5.98205041177939
1790036714.9528854,31.250198304797955,5.971576020060792
1790036714.970506,31.258673957633928,5.962649551059474
1790036714.988205,31.267191188520716,5.953679717560378
1790036715.0087955,31.277105205163043,5.9432394710462875
1790036715.0295155,31.287087013162314,5.932728460324818
1790036715.050279,31.29709529663003,5.92219022588874
1790036715.0708797,31.30703066019096,5.911729452462184
1790036715.0910325,31.316755241728163,5.901491287861743
1790036715.1116855,31.326726661016995,5.890993993598063
1790036715.1326864,31.33687170186856,5.880314717053076
1790036715.1694984,31.354672129481514,5.861579520195369
1790036715.1743703,31.357028207586918,5.85909976072831
1790036715.1927717,31.36593170890273,5.849729541495675
1790036715.212568,31.37551518565768,5.839644485253029
1790036715.2321296,31.384989993959245,5.829674565796998
1790036715.2524843,31.39485442973339,5.819295517891525
1790036715.274255,31.405411259953887,5.808188976897274
1790036715.2940054,31.41499345417265,5.79810868183076
1790036715.3131094,31.42426681642317,5.788354191135245
1790036715.3333902,31.434116760633604,5.7779942549455745
1790036715.3541465,31.44420315542641,5.767386741516135
1790036715.37459,31.45414296154394,5.756934587492013
1790036715.388797,31.461053192151677,5.749668709448036
1790036715.4115064,31.472105524738453,5.738049147420845
1790036715.4282117,31.480239334076025,5.729498719494588
1790036715.4487114,31.490226144220564,5.719001837295148
1790036715.4695868,31.500401612035276,5.708308057303693
1790036715.4919517,31.51130963194483,5.696846340941672
1790036715.5131917,31.52167486929161,5.685956604222385
1790036715.535164,31.53240387909351,5.6746866844821175
1790036715.5550911,31.542139430681466,5.664462148630286
1790036715.5744662,31.5516104267679,5.654517376399907
1790036715.5909195,31.559657013039615,5.646069752958055
1790036715.6104453,31.569211597828847,5.636041113115451
1790036715.63216,31.57984417871401,5.624883714212993
1790036715.671476,31.599117790067098,5.604667919102628
1790036715.6771026,31.601876597528744,5.60177444144945
1790036715.6929667,31.609658703352473,5.5936140294035255
1790036715.7136123,31.619792851348045,5.582989969597175
1790036715.7334266,31.62952503695104,5.572789874582195
1790036715.75324,31.639263052874607,5.5625862935046335
1790036715.7735329,31.64924326977325,5.55213174332734
1790036715.7935042,31.65907192282345,5.541838727948167
1790036715.814209,31.669268545173452,5.531163108118087
1790036715.8343544,31.679196410572317,5.520771564823577
1790036715.8538988,31.68883435997481,5.510685871229098
1790036715.869184,31.696375868185868,5.502795404660217
1790036715.8896096,31.706460569913446,5.492246678640784
1790036715.9109364,31.716997885095118,5.4812270920991475
1790036715.929404,31.726128364173185,5.47168068251803
1790036715.9502423,31.73643824556674,5.460903371877184
1790036715.97154,31.746983095148156,5.449882505145975
1790036715.992803,31.757518432720595,5.438873389595749
1790036716.01223,31.76715024638893,5.428809726559116
1790036716.032801,31.77735637973835,5.418147221662057
1790036716.0526009,31.78718638413956,5.407878737785854
1790036716.0734725,31.797555357812538,5.397048185988395
1790036716.0924108,31.806969463581108,5.38721583547574
1790036716.11159,31.816508804086098,5.377253325572531
1790036716.1309447,31.82614110102563,5.3671944511127
1790036716.1637175,31.842466323369365,5.350147422411343
1790036716.170414,31.84580268477296,5.346663605722957
1790036716.189719,31.8554259385194,5.336615223825606
1790036716.2095366,31.865309858152777,5.326294836971603
1790036716.2293184,31.87518099524744,5.315988008010429
1790036716.249115,31.88506445078952,5.305668565644495
1790036716.2697897,31.895391689929113,5.294886092511656
1790036716.2904336,31.90570871092222,5.284114654122407
1790036716.3088284,31.914905737508796,5.27451287153633
1790036716.3289914,31.924991643800112,5.263983523561396
1790036716.3490343,31.93502214620934,5.253512490128902
1790036716.369387,31.945212367840423,5.2428752419918565
1790036716.3940678,31.957576665307275,5.229969349520407
1790036716.4138014,31.967466985250613,5.219646338972411
1790036716.4340158,31.97760281862368,5.209067663240306
1790036716.4520934,31.98667092118695,5.199603863743036
1790036716.4700625,31.99568818432054,5.190193642624709
1790036716.4880855,32.00473605551321,5.180752023775965
1790036716.51086,32.01617487721092,5.168816285254881
1790036716.5284956,32.02503590964421,5.1595706321335495
1790036716.5519338,32.0368180174043,5.147277383832393
1790036716.5703163,32.04606208524758,5.137632313289212
1790036716.5880957,32.055005964438635,5.128300353292351
1790036716.610883,32.0664741644144,5.116334038628115
1790036716.6285255,32.075356136624265,5.107065874640482
1790036716.6531856,32.08777692908197,5.094103995481492
1790036716.6695178,32.09600565209997,5.085516273560615
1790036716.6927202,32.10770104258278,5.073309529787831
1790036716.7109077,32.11687171774672,5.063736960710123
1790036716.7286348,32.12581328400128,5.054402794759816
1790036716.7520034,32.13760546754191,5.042091045127478
1790036716.769733,32.146555067136866,5.032746169235227
1790036716.7925072,32.15805602915209,5.020735460935409
1790036716.8108048,32.16729950687257,5.0110811232100385
1790036716.8285694,32.17627666695854,5.001703817629388
1790036716.8520758,32.18816041977006,4.989288101662713
1790036716.8694298,32.196936614559014,4.980117913793289
1790036716.8930447,32.20888407912433,4.9676321333828355
1790036716.9099014,32.217415027543765,4.958715886610905
1790036716.9276345,32.22639238677042,4.94933213149547
1790036716.9509456,32.238198687629385,4.936989898334816
1790036716.9694903,32.24759407787807,4.927167155085537
1790036716.9928472,32.25943258516775,4.914788922220998
1790036717.010084,32.268171779962714,4.905650678946879
1790036717.0278275,32.277170907148566,4.896240035506477
1790036717.0508687,32.28886179450544,4.884013640223363
1790036717.068644,32.29788373583058,4.874577972789892
1790036717.091814,32.309648761288216,4.862272740210826
1790036717.1094234,32.318593127518916,4.852917340174431
1790036717.1276517,32.327855000033274,4.843229534765919
1790036717.1553228,32.341922044162175,4.828514935773342
1790036717.1686585,32.3487031360305,4.821421516049189
1790036717.191584,32.36036552442116,4.809221378932118
1790036717.2092566,32.3693584902268,4.799813247365923
1790036717.2322693,32.38107375893552,4.787556435546306
1790036717.2499485,32.390076653647334,4.778136697900983
1790036717.2686567,32.399606731601835,4.768164767222323
1790036717.2917888,32.41139502146795,4.755828664038599
1790036717.3091547,32.420247517316405,4.74656417154212
1790036717.3323045,32.43205302530574,4.734207915719278
1790036717.3502269,32.441195539927406,4.7246380222957045
1790036717.3679128,32.45022007656493,4.715190765783983
1790036717.390883,32.46194551980998,4.7029146232509325
1790036717.4084592,32.47092014800452,4.693517617026425
1790036717.4314814,32.482679947158154,4.681202821942634
1790036717.4494095,32.491840317587155,4.671609190801618
1790036717.4732015,32.50400141024811,4.658871252695812
1790036717.491426,32.51331933765214,4.649110364789242
1790036717.50986,32.52274710551078,4.639233411943408
1790036717.5324428,32.53430059241368,4.62712794664404
1790036717.549945,32.54325730350428,4.6177424127027145
1790036717.573135,32.555128651551136,4.605301100336238
1790036717.5912294,32.56439421871768,4.595589700373683
1790036717.608224,32.57309867499459,4.586465535285282
1790036717.6317625,32.58515917222624,4.573821485449531
1790036717.6536944,32.59640013255185,4.562034971256655
1790036717.6685157,32.603998219070505,4.554067214103394
1790036717.6914515,32.61576013156522,4.541731126863171
1790036717.708978,32.62475017588271,4.532300952122474
1790036717.7327497,32.63694793061161,4.519503977792217
1790036717.749872,32.64573579768396,4.510283199661637
1790036717.7730083,32.657614311134274,4.497817597325836
1790036717.7914326,32.66707597730918,4.48788687902828
1790036717.8090503,32.676125708993,4.478387371171838
1790036717.8323483,32.688097187249284,4.4658187803719285
1790036717.8506224,32.697489585082685,4.455956648798651
1790036717.8729534,32.708970894598195,4.443899532215571
1790036717.8906436,32.71806859178455,4.434344728455773
1790036717.9080503,32.72702295675894,4.424939798758571
1790036717.9315314,32.73910689020152,4.412246897672438
1790036717.9491851,32.74819473373794,4.402700694315814
1790036717.9725184,32.76021167086098,4.390077250418226
1790036717.9897656,32.76909723683208,4.380743117470357
1790036718.0132065,32.781179706941224,4.368050717793362
1790036718.0306194,32.790158549442424,4.35861874187649
1790036718.048574,32.79942056493592,4.348889556912251
1790036718.0714624,32.811234045906936,4.336480829769656
1790036718.0893772,32.820484482428405,4.326764793825981
1790036718.1121373,32.83224351122361,4.314414897093297
1790036718.1299894,32.84147091596834,4.304724549061093
1790036718.1527576,32.85324606492292,4.292359645724132
1790036718.170432,32.862390852848065,4.2827574815765965
1790036718.188447,32.87171587350111,4.272966509553174
1790036718.2114396,32.88362421145552,4.2604639904507815
1790036718.2290983,32.89277383441639,4.250858035478006
1790036718.2524078,32.90485803610637,4.238171594926522
1790036718.2701538,32.914061770944,4.228509232665388
1790036718.293538,32.92619638055963,4.21577012568786
1790036718.310658,32.935083740062076,4.206440050620664
1790036718.3291838,32.94470501522064,4.19633941925473
1790036718.351727,32.956418788528396,4.1840419964015805
1790036718.369184,32.965493447757275,4.174515199937597
1790036718.393097,32.97793111308187,4.161457931087456
1790036718.4113538,32.987431122227605,4.151484755074304
1790036718.4292054,32.996724275926375,4.141728856445971
1790036718.4531856,33.009215299949,4.128616137777504
1790036718.4712253,33.018619310829685,4.11874900910294
1790036718.4886272,33.02771165679458,4.109231145214142
1790036718.511411,33.03964791691538,4.096774468564179
1790036718.529713,33.049254310786715,4.086769196874943
1790036718.5537703,33.06191260620893,4.073619848044395
1790036718.5698688,33.07039506468406,4.064820135943863
1790036718.587886,33.079903228339106,4.054971146743827
1790036718.611442,33.09235129497874,4.042094197373814
1790036718.629599,33.10195386049934,4.032166405651114
1790036718.656821,33.11636705558126,4.017277640415911
1790036718.6708868,33.12381735988776,4.009582071020235
1790036718.6888218,33.13332170003583,3.999765747261005
1790036718.71182,33.145516354565686,3.987172259141419
1790036718.7291198,33.154693540654996,3.97769574525926
1790036718.7526538,33.167185001654936,3.9647983439807635
1790036718.7710338,33.17694505176213,3.9547220141880683
1790036718.7888093,33.186388140750324,3.944973750021987
1790036718.8115234,33.198461266964934,3.9325118038233247
1790036718.8295186,33.20803015796968,3.922635587383178
1790036718.8519526,33.219965707835904,3.910318018531435
1790036718.869976,33.229558805657824,3.900418734189563
1790036718.8907275,33.24060930946711,3.8890166806799673
1790036718.9211686,33.25683141561096,3.872281009480191
1790036718.930259,33.26167677915238,3.8672824741821517
1790036718.9515424,33.27302705136068,3.8555746345181117
1790036718.9716413,33.283750908887804,3.844514048153316
1790036718.9921334,33.294690043976495,3.8332325820131317
1790036719.0134275,33.306063322227864,3.8215046328311364
1790036719.0332808,33.31667233551884,3.8105658625833354
1790036719.0535758,33.32752282623223,3.7993792395169694
1790036719.0739925,33.338444077053396,3.7881208251072844
1790036719.094337,33.34933228573762,3.776897630849449
1790036719.1156385,33.36073884281355,3.76514142210766
1790036719.1349845,33.371103361829356,3.754460259233591
1790036719.1672938,33.38842714654763,3.736610191988925
1790036719.1741564,33.392107440035836,3.732818228017375
1790036719.1930647,33.40225243720094,3.722366412791197
1790036719.2139115,33.413443492390144,3.7108381215334987
1790036719.2340314,33.42424983731693,3.699707252225788
1790036719.2537084,33.43482354409579,3.688817068083422
1790036719.2748394,33.44618472642552,3.67711705689216
1790036719.2910244,33.45489023848637,3.6681526305262264
1790036719.310314,33.465270595677445,3.6574645561021213
1790036719.3291914,33.4754340694256,3.6470007620412277
1790036719.3504293,33.48687442763361,3.635223575230319
1790036719.3703473,33.49760914498205,3.6241738762046753
1790036719.3905566,33.508506385596355,3.6129579788183888
1790036719.4206123,33.524725168910834,3.596267327523081
1790036719.43131,33.53049938117319,3.5903254219106966
1790036719.4525816,33.541987222668396,3.578505131054743
1790036719.4724195,33.552705989440355,3.567477195114508
1790036719.4929793,33.56382048685071,3.55604321348864
1790036719.5128584,33.57457229414318,3.54498337411323
1790036719.5341125,33.58607380266056,3.5331535357015214
1790036719.554461,33.59709082981938,3.5218230869442158
1790036719.5737708,33.607550419920294,3.5110669059436663
1790036719.593911,33.61846523902238,3.4998436353048326
1790036719.6144905,33.62962384713131,3.4883707726187834
1790036719.6343062,33.6403735019094,3.4773193707956596
1790036719.6579597,33.653212587976476,3.4641212838760636
1790036719.6745448,33.6622186385793,3.454864102340449
1790036719.6944916,33.67305548357643,3.443726078993018
1790036719.7157576,33.684615060487005,3.431846380538029
1790036719.7346833,33.694907294890065,3.4212700288557696
1790036719.7540026,33.705418581494584,3.410469522245387
1790036719.774274,33.716453453504236,3.3991320641583256
1790036719.794468,33.72745145552552,3.387833510633102
1790036719.8149345,33.73860359795995,3.376377649416015
1790036719.8300362,33.74683547921053,3.367922142450234
1790036719.8497703,33.75759771844697,3.356868495448574
1790036719.869587,33.76841019153617,3.3457642211158185
1790036719.8905103,33.77983237203633,3.334034867824978
1790036719.914157,33.79274863245214,3.3207726474855663
1790036719.930885,33.80188963440237,3.3113875029009843
1790036719.9518905,33.8133737855246,3.299597732882205
1790036719.972304,33.824539966559584,3.2881354374716003
1790036719.9929504,33.83583911143129,3.276537707518057
1790036720.012481,33.84653269079086,3.265562478549001
1790036720.0329735,33.85775859677079,3.2540419175587365
1790036720.0534332,33.868972059517965,3.242535128617176
1790036720.073766,33.88012150703875,3.2310950187088627
1790036720.0942392,33.89135352763948,3.2195711900051016
1790036720.1176789,33.90422026516424,3.2063714863027886
1790036720.130853,33.911454209022814,3.19895075698477
1790036720.168851,33.93233824861957,3.1775309410907404
1790036720.1742046,33.93528106693782,3.1745126935482397
1790036720.193754,33.946032042813016,3.1634870651297047
1790036720.215855,33.95819270302058,3.1510169018439136
1790036720.2356136,33.96906977652942,3.1398639107653676
1790036720.2552464,33.97988266753028,3.1287776250103922
1790036720.2775235,33.992158500185546,3.116192563409319
1790036720.291413,33.99981490810339,3.1083437404093313
1790036720.3133905,34.01193602035925,3.09591913886078
1790036720.3299005,34.0210453201141,3.0865824002325994
1790036720.3494277,34.03182437245802,3.0755351094168817
1790036720.3696177,34.04297468291629,3.0641082677808504
1790036720.3901975,34.05434586811437,3.0524560455575944
1790036720.41282,34.066852537167236,3.0396414541619623
1790036720.430288,34.07651356896725,3.0297432538415197
1790036720.4558115,34.0906384657985,3.015273074178401
1790036720.470551,34.09879832217406,3.006914238889538
1790036720.493392,34.11145007162568,2.9939551464699674
1790036720.5142047,34.12298409156581,2.9821419057020635
1790036720.537997,34.13617677012929,2.968631122437163
1790036720.5505252,34.143125645130176,2.9615150460978765
1790036720.5709932,34.154483935803086,2.949884395722839
1790036720.5919266,34.16610625968884,2.937984354159338
1790036720.613027,34.17782723989908,2.925984277542474
1790036720.6334977,34.18920384110031,2.9143376910750853
1790036720.67682,34.213304999263364,2.8896685793467927
1790036720.6776516,34.21376764787251,2.8891950297102307
1790036720.6915572,34.22150628662878,2.8812744704983446
1790036720.713623,34.23379266877492,2.8687003157157536
1790036720.734469,34.24540543779461,2.8568164834378975
1790036720.750327,34.25424294600238,2.847773225585622
1790036720.7709453,34.2657386822603,2.836010746264819
1790036720.7916358,34.27728027016966,2.8242022450517257
1790036720.8139176,34.28971606003782,2.8114798797043736
1790036720.837227,34.3027324256296,2.798164647117449
1790036720.85038,34.31007942084396,2.7906492956270452
1790036720.8720367,34.32218266643378,2.778269613520394
1790036720.8910687,34.33282371465705,2.7673862319182523
1790036720.9213154,34.34974689836233,2.7500794359772027
1790036720.933041,34.35630923422837,2.7433686128806163
1790036720.954403,34.36827038507323,2.7311377025807655
1790036720.974317,34.379426039421844,2.719731226781789
1790036720.9914088,34.38900437830275,2.7099380959676775
1790036721.0137222,34.40151534222852,2.697147537478259
1790036721.031087,34.41125551935896,2.687190255942512
1790036721.0494606,34.421565991533114,2.676650589836443
1790036721.0717874,34.434101081471105,2.6638377715923185
1790036721.0892065,34.44388472827085,2.653837912762584
1790036721.112471,34.45695851041241,2.6404762006313587
1790036721.130154,34.466899503711,2.6303168440118476
1790036721.1557,34.48126942382267,2.6156324550488015
1790036721.171724,34.49028640956326,2.606418600323192
1790036721.1892276,34.500139755771826,2.5963506598818986
1790036721.2125578,34.513280062178,2.582925092775568
1790036721.230181,34.52320992352908,2.5727801789848033
1790036721.2532518,34.536216001870045,2.5594932778218786
1790036721.2718513,34.54670576530384,2.548777576699549
1790036721.2888005,34.556268390457404,2.539009446437843
1790036721.3114822,34.56907174291631,2.5259317679002073
1790036721.329069,34.57900294756324,2.5157882670902767
1790036721.3530612,34.592558590129464,2.501943759668988
1790036721.3707008,34.602528867601315,2.491761502230513
1790036721.3886845,34.612697639487074,2.481377023215409
1790036721.4115298,34.625621882694695,2.4681794039179668
1790036721.4291584,34.63559881377923,2.457991891958721
1790036721.4532678,34.649250720829954,2.444052658725953
1790036721.470657,34.659101151248166,2.4339953437297455
1790036721.4885404,34.6692353829812,2.4236487225999896
1790036721.511497,34.682251123494886,2.4103609498464373
1790036721.5289674,34.69216009479898,2.40024531064976
1790036721.5521138,34.705295061817985,2.3868371434753732
1790036721.5698707,34.71537555408245,2.3765474254998957
1790036721.592877,34.72844255446518,2.3632099453768065
1790036721.610588,34.738505965179776,2.352938650835083
1790036721.6280377,34.748424524781605,2.3428156020756994
1790036721.6545634,34.763510744233905,2.3274192611721367
1790036721.6698792,34.77222431546097,2.318526876589233
1790036721.6929457,34.785354062921286,2.3051283863576337
1790036721.7104545,34.79532402739994,2.2949547477639167
1790036721.73374,34.80859016285803,2.2814182829130614
1790036721.7515728,34.81875362195405,2.2710481156711366
1790036721.768959,34.82866627291445,2.260934231677254
1790036721.792323,34.84199385588552,2.2473367574954866
1790036721.8099856,34.85207292148814,2.2370539582031506
1790036721.8329556,34.865187106850364,2.2236752945216782
1790036721.8508933,34.875432145436555,2.2132239996266105
1790036721.8742075,34.88875463310309,2.1996339159580445
1790036721.8917346,34.898773915747334,2.1894137365864648
1790036721.909444,34.90890128193616,2.1790836708713694
1790036721.9326863,34.92219918120558,2.1655202414928336
1790036721.950678,34.93249699623712,2.1550171742770794
1790036721.9736624,34.94565873197945,2.141593709841957
1790036721.991798,34.95604787700608,2.13099834038014
1790036722.0093584,34.966111317507945,2.120735474326432
1790036722.0333574,34.97987144378535,2.10670326320685
1790036722.0506988,34.98981797773523,2.096560347712783
1790036722.074196,35.003302056057144,2.0828105871321525
1790036722.0955212,35.01554506362702,2.0703268121181884
1790036722.1150076,35.026737025050345,2.058915128196564
1790036722.1345756,35.03798041170104,2.0474513794881894
1790036722.1655269,35.05577590232132,2.0293080289248318
1790036722.1703317,35.05853873693642,2.026491209784307
1790036722.1906748,35.07024114718375,2.014560532753268
1790036722.2103465,35.08156197176823,2.0030192520010432
1790036722.2308922,35.09339084683911,1.9909604132703367
1790036722.2512364,35.10510868267069,1.9790151347013274
1790036722.2720008,35.11707363249799,1.9668183342738106
1790036722.2924116,35.12883981489405,1.954824535517981
1790036722.3132577,35.14086214268128,1.9425700408829294
1790036722.3327389,35.15210179539312,1.9311136932301396
1790036722.3536766,35.16418698730686,1.918795920028655
1790036722.3739264,35.175880036578505,1.9068782229021086
1790036722.3932433,35.18703880488157,1.8955054149076123
1790036722.416053,35.20022143892787,1.882070392753843
1790036722.4344444,35.210854531922514,1.871234018246241
1790036722.4559216,35.2232771987216,1.8585742418433209
1790036722.475323,35.23450358630999,1.8471338917135376
1790036722.4950397,35.24591708844746,1.8355031976204748
1790036722.5156147,35.2578324321342,1.8233614726938057
1790036722.5348363,35.268968292973454,1.812014350431382
1790036722.550625,35.278118340178324,1.8026909183284685
1790036722.569784,35.289225725585446,1.7913733513040444
1790036722.5901215,35.30102132723062,1.779354859953323
1790036722.609408,35.31221159569886,1.7679534117667077
1790036722.6307242,35.32458494308284,1.755346870272528
1790036722.6683106,35.34641900513229,1.7331022137990422
1790036722.6730957,35.34919892550184,1.7302700320798596
1790036722.6929393,35.36073179152034,1.7185206278223257
1790036722.7107737,35.3711006548519,1.7079573108552821
1790036722.7311308,35.38294102049755,1.6958952089372954
1790036722.752056,35.39511677459622,1.6834917623845507
1790036722.7708397,35.40605067934765,1.672353640637443
1790036722.7897737,35.417076155466084,1.6611224858677147
1790036722.8136828,35.43100526715813,1.6469339151271716
1790036722.8314106,35.441336896056654,1.6364100390128755
1790036722.852006,35.45334454706276,1.6241792145268583
1790036722.871955,35.464979945755864,1.6123278195183326
1790036722.892394,35.47690605469151,1.6001805779420797
1790036722.9194584,35.49270633383816,1.584087796373445
1790036722.93284,35.50052070354551,1.5761288774353204
1790036722.95305,35.512327075146786,1.5641043716083192
1790036722.9745588,35.52489770236876,1.5513017702129035
1790036722.9939678,35.536245338151154,1.5397449558536787
1790036723.0145755,35.54829871884117,1.5274696330070743
1790036723.0340772,35.55970955080661,1.5158488977188629
1790036723.054918,35.57190894903216,1.5034253049224973
1790036723.074994,35.583665244404486,1.4914531623167173
1790036723.0942135,35.594924123613836,1.4799877679398536
1790036723.1134682,35.60620790395913,1.4684972247094845
1790036723.1334035,35.6178951196547,1.4565960778080995
1790036723.1672077,35.63772602615044,1.4364028245641915
1790036723.1751742,35.64240023363971,1.4316432491371798
1790036723.1898851,35.651034050247674,1.4228518775936156
1790036723.2093072,35.66243713269885,1.4112409215465287
1790036723.2300067,35.67459510052349,1.398861544036061
1790036723.2559657,35.689849926146685,1.383329239055121
1790036723.2766747,35.70202446507489,1.370933467309655
1790036723.2897294,35.70970101032176,1.363117518484211
1790036723.3100488,35.72165420643114,1.3509474829451085
1790036723.3299963,35.73339310935469,1.3389958478663435
1790036723.349806,35.74505535621818,1.3271224826956127
1790036723.369757,35.75680520087671,1.3151601666869785
1790036723.3907218,35.769157195872474,1.30258507408939
1790036723.4127688,35.78215228255711,1.2893555635657106
1790036723.4300804,35.792359546019235,1.2789643325709763
1790036723.450225,35.804241855451856,1.2668680647446369
1790036723.470606,35.81626821070568,1.254625378288313
1790036723.4904704,35.82799413750782,1.2426887343948017
1790036723.5100892,35.83957942783772,1.2308954631459197
1790036723.5305789,35.8516837401438,1.2185740823026123
1790036723.5516324,35.864126129989,1.2059088122303723
1790036723.570674,35.87538350685258,1.1944499817583816
1790036723.5898335,35.88671477404111,1.182916131985236
1790036723.609121,35.8981259272439,1.1713011544593332
1790036723.6301663,35.91058190479727,1.1586228983548825
1790036723.6674402,35.93265865556374,1.1361527846408024
1790036723.671168,35.93486679648084,1.1339053054570283
1790036723.6902893,35.946196847956514,1.122373580933715
1790036723.7098277,35.95777838236856,1.1105860789178346
1790036723.729982,35.96972947746882,1.0984226339761354
1790036723.7506473,35.981988434790864,1.085946057789496
1790036723.7703536,35.99368272665556,1.074044357499539
1790036723.790964,36.00591824898126,1.0615920197278996
1790036723.810995,36.0178144342807,1.0494852058997175
1790036723.8310444,36.029725850747404,1.0373630619214242
1790036723.852118,36.04225070948282,1.0246168213627063
1790036723.8711636,36.05357427696306,1.0130932770594951
1790036723.8907983,36.06525238965161,1.001209120200489
1790036723.917928,36.08139640809457,0.9847806432613733
1790036723.9306986,36.08899763856714,0.9770455649280524
1790036723.9517553,36.101535706689816,0.9642869564176455
1790036723.971518,36.11330766765213,0.9523081388206351
1790036723.9912462,36.12506335785653,0.9403460802902049
1790036724.0114565,36.13711084493537,0.9280873041810757
1790036724.0313475,36.1489724184817,0.9160178808440311
1790036724.052937,36.16185202655067,0.9029127732459996
1790036724.072403,36.173468963860394,0.8910926006458569
1790036724.0913694,36.18479179921204,0.879571831339959
1790036724.1108987,36.196454902738125,0.8677050056750857
1790036724.1313434,36.20866924592336,0.8552774902121116
1790036724.165774,36.22925246340258,0.8343355414966976
1790036724.1722243,36.2331089351515,0.8304118754503517
1790036724.192212,36.24506378737296,0.8182488891432554
1790036724.2123709,36.25712536843659,0.8059774761737162
1790036724.2322066,36.26899799901733,0.7938984481090713
1790036724.2515914,36.280604922664956,0.7820898742295646
1790036724.2735906,36.29378250302225,0.768683538580056
1790036724.2935045,36.30571540413329,0.7565436453294896
1790036724.3112996,36.31638213786148,0.7456920074183768
1790036724.3311796,36.32830299365822,0.7335646716253794
1790036724.3526227,36.34116618559032,0.7204788748269978
1790036724.3732257,36.353530041172874,0.7079012339855704
1790036724.392469,36.365082006322034,0.6961496743178415
1790036724.4127932,36.37728744173565,0.6837335180002969
1790036724.43332,36.389619215868905,0.6711890049338881
1790036724.452557,36.40118017396713,0.6594287381822423
1790036724.4718215,36.41276169535733,0.6476477060121547
1790036724.492134,36.42497785489403,0.6352212838976758
1790036724.5114408,36.4365931679544,0.6234062210782282
1790036724.5314777,36.448652247141574,0.6111399454533163
1790036724.5518632,36.460925682813624,0.5986558235727881
1790036724.5715897,36.47280664024183,0.5865710893856004
1790036724.5923448,36.485311799077806,0.5738516222246705
1790036724.611617,36.496927671244286,0.562036822730933
1790036724.6315598,36.50895198184556,0.5498067215254213
1790036724.6681433,36.53102427932301,0.5273570432460088
1790036724.674102,36.53461985645891,0.5237000017837624
1790036724.69308,36.546075171528905,0.5120489721599422
1790036724.7138524,36.55861842944409,0.49929154030755163
1790036724.733737,36.57062986552608,0.4870751238267001
1790036724.7536588,36.58266809582508,0.47483157507383134
1790036724.773582,36.59471151683395,0.46258286503317164
1790036724.794196,36.60717709044479,0.44990493593327213
1790036724.8145254,36.61947517310412,0.4373974712198438
1790036724.8344052,36.63150555444467,0.42516236606486046
1790036724.8545897,36.64372476941632,0.41273530073299064
1790036724.875159,36.65618155167654,0.40006673385516806
1790036724.8952343,36.668343563824436,0.38769805973981564
1790036724.9188488,36.68265569591886,0.37314288346318264
1790036724.935781,36.69292105206529,0.3627032861707232
1790036724.9563584,36.70540094735774,0.35001167908638475
1790036724.9710958,36.71434129579639,0.34091972065701903
1790036724.9913766,36.726649032588305,0.32840337460339686
1790036725.0106113,36.73832590129463,0.3165286768862939
1790036725.0307722,36.750569491502795,0.30407773127984294
1790036725.051674,36.76326768348867,0.2911645402749726
1790036725.0720804,36.7756695434142,0.2785527502845751
1790036725.0925727,36.788128106020615,0.26588336000926704
1790036725.112575,36.80029311744859,0.2535125436842352
1790036725.1326072,36.8124805831765,0.2411189493052792
1790036725.1702776,36.83541436862383,0.21779749976043375
1790036725.173492,36.837371387407906,0.21580740187772954
1790036725.192392,36.848882349342254,0.20410192646634231
1790036725.2129111,36.8613838058335,0.19138927040895637
1790036725.2317512,36.87286617172237,0.17971295176564708
1790036725.2531288,36.88589997110516,0.16645901278418562
1790036725.2734778,36.898311131780076,0.15383825518387068
1790036725.2923214,36.909807960125896,0.14214729984089808
1790036725.3129685,36.92240965486135,0.12933286384284493
1790036725.33255,36.93436516271521,0.11717556665165936
1790036725.3533688,36.94708066671652,0.10424549378833797
1790036725.3730612,36.95911242970705,0.09201074408534148
1790036725.393674,36.97171104080693,0.07919962057482993
1790036725.4157643,36.98521807797638,0.06546477983294768
1790036725.4337564,36.996222638258104,0.05427462656565351
1790036725.4547095,37.009043050422534,0.04123798351180054
1790036725.4742026,37.02097417258158,0.02910563484122556
1790036725.494076,37.03314227907138,0.01673230936766175
1790036725.514056,37.045379908501396,0.004288296798195512
1790036725.5336192,37.05736636920071,-0.007900300592371389
1790036725.5547376,37.0703104787042,-0.021062679310691196
1790036725.5740397,37.08214531575862,-0.03309707218970862
1790036725.5904956,37.09223791261698,-0.04335984413554754
1790036725.6099,37.104142895978164,-0.05546556414187338
1790036725.6308146,37.1169790508276,-0.06851818135632061
1790036725.672028,37.14229165954819,-0.0942577440989454
1790036725.674302,37.143688387554185,-0.09567803135046729
1790036725.691551,37.15428593064531,-0.10645433610985972
1790036725.7119498,37.166823226591575,-0.11920312871142359
1790036725.7331991,37.179888016226606,-0.13248833226765258
1790036725.7541378,37.192766475241484,-0.1455840716078698
1790036725.7706,37.202894636356106,-0.1558831209031984
1790036725.791969,37.21604639050307,-0.16925681145852253
1790036725.811644,37.22815969132947,-0.1815745679756532
1790036725.830785,37.23994808769269,-0.19356198964009624
1790036725.8520918,37.25307517111547,-0.2069107794739474
1790036725.870912,37.264674112007974,-0.21870567147467185
1790036725.8908508,37.27696655837168,-0.23120583396819566
1790036725.91956,37.29467486478989,-0.2492134684081273
1790036725.9337325,37.30341887389584,-0.25810530081480204
1790036725.956885,37.31770896759026,-0.2726370362948735
1790036725.982067,37.33325836943862,-0.28844945469561273
1790036725.992823,37.339901081602044,-0.29520454368656024
1790036726.011618,37.351512537503005,-0.3070124875817449
1790036726.031615,37.363870897761984,-0.3195800549150039
1790036726.0520132,37.376481526081655,-0.33240425041122335
1790036726.0731492,37.38955310303705,-0.3456972898679681
1790036726.0936358,37.40222749552803,-0.3585864958875449
1790036726.1130912,37.414267969715034,-0.3708311126897174
1790036726.131958,37.42594792889683,-0.38270916591719095
1790036726.1691291,37.44897437166557,-0.40612637869342527
1790036726.1733725,37.45160321137977,-0.40879983436652817
1790036726.192989,37.46376011167961,-0.42116314011402844
1790036726.213917,37.47673431673091,-0.4343577293902131
1790036726.233974,37.48917285845204,-0.44700766055791186
1790036726.2544348,37.50186631913352,-0.4599169569158457
1790036726.2757988,37.515124913821154,-0.473401108065649
1790036726.2957673,37.527521712779674,-0.48600889213737786
1790036726.315076,37.539512921511054,-0.498204254942766
1790036726.3358805,37.55243752900933,-0.5113489910878288
1790036726.3563952,37.56518664248039,-0.5243153294886825
1790036726.375397,37.57699931382266,-0.5363293448215174
1790036726.3959527,37.589782543019524,-0.5493305521126106
1790036726.4151862,37.6017474022266,-0.5614995215694437
1790036726.430653,37.61137169175758,-0.5712880616168395
1790036726.451283,37.62421313839831,-0.5843487998394999
1790036726.4716923,37.636921727053114,-0.5972745208769161
1790036726.4909303,37.64890486131582,-0.6094624832945105
1790036726.511452,37.66169204391744,-0.6224683243513763
1790036726.530826,37.673768192554505,-0.634751057572756
1790036726.552178,37.68708189787511,-0.6482926203660644
1790036726.571227,37.698963663691025,-0.660377824712802
1790036726.6549714,37.75127294392074,-0.7135844398329553
1790036727.0767343,38.01661615800025,-0.9835176559192216
1790036727.0769424,38.01674710496535,-0.9836508680610901
1790036727.0772395,38.016934001574874,-0.9838409977071422
1790036727.0775938,38.01715689887104,-0.9840677508263401
1790036727.0779362,38.017372297509255,-0.9842868755966337
1790036727.0786965,38.01785065066732,-0.984773503803792
1790036727.0793128,38.01823840728944,-0.9851679683252877
1790036727.0801735,38.018779924455124,-0.9857188535350715
1790036727.0808544,38.01920834299365,-0.9861546836607186
1790036727.0814695,38.01959536378679,-0.9865483999523965
1790036727.0951946,38.02823289158758,-0.9953353967056375
1790036727.1146376,38.04047294866724,-1.0077873230305232
1790036727.1343253,38.052871151907084,-1.0204001931442386
1790036727.1706195,38.0757413690168,-1.0436665939534588
1790036727.1763084,38.07932648746683,-1.047313822638047
1790036727.197684,38.092802200602975,-1.0610230786200299
1790036727.2183714,38.10584856848248,-1.0742956339992968
1790036727.2384906,38.11854096994034,-1.0872081777201508
1790036727.2586968,38.13129264485209,-1.1001811242422717
1790036727.2786417,38.143883673749016,-1.1129907227100158
1790036727.2990055,38.15674358748233,-1.1260739494295264
1790036727.317589,38.16848294261301,-1.1380172214885957
1790036727.3351052,38.179551296887134,-1.1492778927444893
1790036727.35291,38.19080548524548,-1.1607276847196082
1790036727.3760746,38.205453169103436,-1.1756300469618173
1790036727.3941152,38.21686435090087,-1.187239695404708
1790036727.4151297,38.23016125714739,-1.200767950972873
1790036727.434196,38.24222937367583,-1.2130461283044653
1790036727.4556646,38.25582296520032,-1.2268764559196588
1790036727.4773805,38.2695781438209,-1.240871300636195
1790036727.4975271,38.28234365954825,-1.2538593323655824
1790036727.5166934,38.29449189797052,-1.2662194154796016
1790036727.5368092,38.30724635923562,-1.2791963864286113
1790036727.557757,38.32053292961924,-1.2927148580607153
1790036727.5792658,38.33418040822613,-1.3066006530956864
1790036727.5932925,38.34308245208769,-1.3156581981654956
1790036727.6134691,38.355891952034035,-1.3286915751726913
1790036727.6350956,38.3696268800217,-1.3426667161863088
1790036727.667334,38.390112537704084,-1.3635110344962782
1790036727.6755068,38.395306548688346,-1.368796006972632
1790036727.696195,38.408458936418846,-1.3821788835648683
1790036727.715948,38.421021151676705,-1.3949613760025217
1790036727.7397947,38.436192644410305,-1.4103990954099859
1790036727.758073,38.44782509484927,-1.4222357813368076
1790036727.773908,38.4579051226599,-1.4324928696371944
1790036727.797151,38.47270688460089,-1.4475548109723344
1790036727.81781,38.48586750855179,-1.4609469148973702
1790036727.8382258,38.498877658435255,-1.4741860483541493
1790036727.8577514,38.511324556354616,-1.4868521565491224
1790036727.8786004,38.5246197620191,-1.5003816566684185
1790036727.8947985,38.534951977807815,-1.5108960293988243
1790036727.9318602,38.558606945741474,-1.534968439444846
1790036727.9416735,38.56487140938416,-1.5413434803135204
1790036727.9580734,38.575343362489086,-1.5520003537306697
1790036727.9792783,38.58888834477535,-1.565784661286808
1790036727.9970214,38.60022537905195,-1.577322116966164
1790036728.0175226,38.61332914076812,-1.5906576904743583
1790036728.0393517,38.62728679637119,-1.6048624487398344
1790036728.058756,38.63969808501553,-1.617493617174499
