t,true_x_m,true_y_m,spoofed_x_m,spoofed_y_m,is_spoofed,dr_x,dr_y,divergence_m,slope_gap_mps,cusum_stat,jump_delta_m,jump_alarm,predicted_spoofed
1790035432.094156,0.0,0.0,0.0,0.0,0,0.0,0.0,0.0,,0.0,0.0,0,0
1790035432.097575,0.0,0.0,0.0,0.0,0,-5.457956283917362e-10,-1.369010098068063e-08,1.3700976524657077e-08,,0.0,1.3700976524657077e-08,0,0
1790035432.1967552,0.0,0.0,0.0,0.0,0,-9.507746024365632e-06,-0.0002391973928296,0.00023938627774152348,,0.0,0.00023937257676509612,0,0
1790035432.2959094,0.0,0.0,0.0,0.0,0,-3.253677257323482e-05,-0.0008201094997143,0.0008207546729023977,,0.0,0.0005813683961044061,0,0
1790035432.395036,0.0,0.0,0.0,0.0,0,-6.89874546444413e-05,-0.0017450363692689,0.0017463994958111684,,0.0,0.0009256448380710217,0,0
1790035432.4997177,0.0,0.0,0.0,0.0,0,-0.0001194896045618,-0.0030296902757127,0.0030320456679190093,,0.0,0.0012856461902434864,0,0
1790035432.599198,0.0,0.0,0.0,0.0,0,-0.0001861217640057,-0.0047348116040167,0.004738468342889692,,0.0,0.001706422746247059,0,0
1790035432.6981575,0.0,0.0,0.0,0.0,0,-0.0002635192916936,-0.0067156604651792,0.006720828661754858,,0.0,0.001982360357770749,0,0
1790035432.7975323,0.0,0.0,0.0,0.0,0,-0.0003547661639692,-0.0090391880850219,0.009046147260989028,,0.0,0.002325318600078699,0,0
1790035432.8974228,0.0,0.0,0.0,0.0,0,-0.0004600498322643,-0.0117120974627923,0.01172112933236863,,0.0,0.0026749820920115757,0,0
1790035432.9957087,0.0,0.0,0.0,0.0,0,-0.0005789517415347,-0.0147244654897469,0.014735843005331371,,0.0,0.003014713716731075,0,0
1790035433.0974338,0.0,0.0,0.0,0.0,0,-0.0007146139242474,-0.0181575089781936,0.018171565847606787,,0.0,0.003435722896478214,0,0
1790035433.1963477,0.0,0.0,0.0,0.0,0,-0.0008615286974234,-0.0218704499964989,0.021887412244160864,,0.0,0.0037158464656106786,0,0
1790035433.295617,0.0,0.0,0.0,0.0,0,-0.0010221088568227,-0.0259264101681118,0.025946549880867906,,0.0,0.0040591377041562455,0,0
1790035433.40024,0.0,0.0,0.0,0.0,0,-0.0011984800724886,-0.0303749156997549,0.030398550265619065,,0.0,0.004452000479646731,0,0
1790035433.4995625,0.0,0.0,0.0,0.0,0,-0.001396214015351,-0.0353486431252261,0.03537620647230645,,0.0,0.00497765639784872,0,0
1790035433.598822,0.0,0.0,0.0,0.0,0,-0.0016005149149855,-0.0404692595547581,0.040500896495058857,,0.0,0.0051246903785482035,0,0
1790035433.6979833,0.0,0.0,0.0,0.0,0,-0.0018198121948319,-0.0459420715372176,0.045978099716661606,,0.0,0.005477203875363804,0,0
1790035433.7988985,0.0,0.0,0.0,0.0,0,-0.0020590690131877,-0.0518897728951046,0.05193061039797821,,0.0,0.005952511677245216,0,0
1790035433.898349,0.0,0.0,0.0,0.0,0,-0.0023044625578724,-0.0579661526927528,0.05801194192302278,,0.0,0.006081332866817937,0,0
1790035433.996941,0.0,0.0,0.0,0.0,0,-0.0025668666918797,-0.0644379325704728,0.06448903750693354,,0.0,0.006477097398928442,0,0
1790035434.0962863,0.0,0.0,0.0,0.0,0,-0.0028457440667841,-0.0712928739188188,0.07134964702714536,,0.0,0.006860611742366519,0,0
1790035434.195239,0.0,0.0,0.0,0.0,0,-0.0031383704726073,-0.0784704648171953,0.07853319818936459,,0.0,0.007183553529962877,0,0
1790035434.3000722,0.0,0.0,0.0,0.0,0,-0.0034486911043029,-0.0860759948106358,0.0861450541411026,,0.0,0.007611858207795186,0,0
1790035434.3992906,0.0,0.0,0.0,0.0,0,-0.0037847836053022,-0.0943081734311982,0.09438408850472585,,0.0,0.008239036534090173,0,0
1790035434.498427,0.0,0.0,0.0,0.0,0,-0.0041214105172729,-0.1025474156507298,0.10263020257845851,,0.0,0.008246116057270544,0,0
1790035434.597648,0.0,0.0,0.0,0.0,0,-0.00447249702667,-0.1111368291038268,0.11122678640015982,,0.0,0.008596585671376996,0,0
1790035434.6968205,0.0,0.0,0.0,0.0,0,-0.0048366753578478,-0.1200453346127278,0.12014273091119161,,0.0,0.008915946178562258,0,0
1790035434.796811,0.0,0.0,0.0,0.0,0,-0.0052194656302437,-0.1294095872890128,0.12951480264347362,,0.0,0.009372073227304179,0,0
1790035434.8968103,0.0,0.0,0.0,0.0,0,-0.0056120364920274,-0.1390168362357717,0.13913006760075702,,0.0,0.009615266205702352,0,0
1790035434.995073,0.0,0.0,0.0,0.0,0,-0.006018767846059,-0.1489731834806393,0.1490947180913562,,0.0,0.009964651567151483,0,0
1790035435.0999095,0.0,0.0,0.0,0.0,0,-0.0064625926739536,-0.1598417729023052,0.15997236470284967,,0.0,0.01087764756252949,0,0
1790035435.198967,0.0,0.0,0.0,0.0,0,-0.0068979866874078,-0.170509759718748,0.1706492319926604,,0.0,0.01067686801748289,0,0
1790035435.2982757,0.0,0.0,0.0,0.0,0,-0.0073462647649668,-0.1815018428907404,0.18165045163371327,,0.0,0.011001220191179642,0,0
1790035435.3974457,0.0,0.0,0.0,0.0,0,-0.0078081838340774,-0.1928371942678816,0.19299521037553097,,0.0,0.011344759145511417,0,0
1790035435.496662,0.0,0.0,0.0,0.0,0,-0.0082852460142853,-0.2045527313214372,0.20472045621426624,,0.0,0.011725246128632823,0,0
1790035435.5958047,0.0,0.0,0.0,0.0,0,-0.0087753418570473,-0.2166004013887938,0.21677809046694418,,0.0,0.012057634427489201,0,0
1790035435.7004757,0.0,0.0,0.0,0.0,0,-0.0092806708891971,-0.2290369738223096,0.22922492497508842,,0.0,0.0124468345905623,0,0
1790035435.7996793,0.0,0.0,0.0,0.0,0,-0.0098220341580016,-0.2423731944950456,0.24257212899410796,,0.0,0.0133472040525618,0,0
1790035435.8988178,0.0,0.0,0.0,0.0,0,-0.0103516619424518,-0.2554286729043757,0.25563834580645634,,0.0,0.013066216823799695,0,0
1790035435.9980938,0.0,0.0,0.0,0.0,0,-0.010897584355616,-0.2688897297099615,0.26911046818785017,,0.0,0.013472122386780881,0,0
1790035436.1002696,0.0,0.0,0.0,0.0,0,-0.0114579259112969,-0.2827146875939925,0.2829467770580848,,0.0,0.013836308870296783,0,0
1790035436.19881,0.0,0.0,0.0,0.0,0,-0.0120425590645441,-0.2971440285195834,0.297387956907589,,0.0,0.014441179850372616,0,0
1790035436.2989078,0.0,0.0,0.0,0.0,0,-0.0126312456840595,-0.3116723170444835,0.3119281673389053,,0.0,0.014540210431721443,0,0
1790035436.3982189,0.0,0.0,0.0,0.0,0,-0.0132311255033953,-0.3264762885672683,0.32674428790530496,,0.0,0.014816120566635156,0,0
1790035436.4972358,0.0,0.0,0.0,0.0,0,-0.0138455123309095,-0.3416382862289931,0.34191872839782966,,0.0,0.01517444049274872,0,0
1790035436.5979114,0.0,0.0,0.0,0.0,0,-0.0144841076085737,-0.3573970685079218,0.3576904443108215,,0.0,0.01577171591309366,0,0
1790035436.6979997,0.0,0.0,0.0,0.0,0,-0.0151286055945466,-0.3733042093367897,0.37361063611171597,,0.0,0.01592019180171393,0,0
1790035436.7971675,0.0,0.0,0.0,0.0,0,-0.0157831735189266,-0.3894633846619306,0.38978306345793867,,0.0,0.016172427348925367,0,0
1790035436.8967648,0.0,0.0,0.0,0.0,0,-0.0164502244109601,-0.4059307341157483,0.40626391764827124,,0.0,0.016480854192872214,0,0
1790035437.4121263,0.0,0.0,0.0,0.0,0,-0.0202087525351259,-0.4994040630072833,0.49981277677467245,,0.0,0.09354886288846707,0,0
1790035437.4710712,0.0,0.0,0.0,0.0,0,-0.02064699857812,-0.5103282600282245,0.5107457601720449,,0.0,0.010932984045837667,0,0
1790035437.5142612,0.0,0.0,0.0,0.0,0,-0.0210222400302706,-0.5196867372963991,0.520111756738556,,0.0,0.009365997166685099,0,0
1790035437.6139705,0.0,0.0,0.0,0.0,0,-0.0217827595120464,-0.5386710661386562,0.5391113114254942,,0.0,0.01899955608621199,0,0
1790035437.719277,0.0,0.0,0.0,0.0,0,-0.0225758111066715,-0.5584828652188899,0.5589389751933791,,0.0,0.019827665359978344,0,0
1790035437.8173652,0.0,0.0,0.0,0.0,0,-0.0233891725403456,-0.5788133762028306,0.5792857480237551,,0.0,0.020346774527917708,0,0
1790035437.9169855,0.0,0.0,0.0,0.0,0,-0.0241919013903756,-0.5988892991245873,0.5993777112129055,,0.0,0.020091964930463835,0,0
1790035438.0156622,0.0,0.0,0.0,0.0,0,-0.025005335762498,-0.6192427285214986,0.6197473869596755,,0.0,0.020369677554954176,0,0
1790035438.1203945,0.0,0.0,0.0,0.0,0,-0.0258398350550604,-0.6401379441020584,0.6406592577610057,,0.0,0.020911872781445316,0,0
1790035438.2216885,0.0,0.0,0.0,0.0,0,-0.026722198409747,-0.6622454184912738,0.662784331589494,,0.0,0.02212507602155326,0,0
1790035438.318961,0.0,0.0,0.0,0.0,0,-0.0275767009218114,-0.6836650673583671,0.684221016017377,,0.0,0.021436686594077294,0,0
1790035438.4180987,0.0,0.0,0.0,0.0,0,-0.0284447857078171,-0.7054330128631046,0.7060062616373035,,0.0,0.021785247822618762,0,0
1790035438.519134,0.0,0.0,0.0,0.0,0,-0.0293291715472813,-0.7276172621230489,0.7282081298935706,,0.0,0.022201870496433077,0,0
1790035438.6165018,0.0,0.0,0.0,0.0,0,-0.0302244739168681,-0.7500801886393449,0.7506888890963996,,0.0,0.02248076141970066,0,0
1790035438.723418,0.0,0.0,0.0,0.0,0,-0.0311617827599935,-0.7736081328079709,0.7742354937946311,,0.0,0.023546607073406233,0,0
1790035438.8202856,0.0,0.0,0.0,0.0,0,-0.0320607062273466,-0.7961808056256359,0.7968260563827483,,0.0,0.022590564878583897,0,0
1790035438.9194388,0.0,0.0,0.0,0.0,0,-0.0330376256835937,-0.8207120809285142,0.8213767737724396,,0.0,0.024550719737099432,0,0
1790035439.018672,0.0,0.0,0.0,0.0,0,-0.0339907751239833,-0.8446411761602542,0.8453248424475096,,0.0,0.023948070746208312,0,0
1790035439.1183703,0.0,0.0,0.0,0.0,0,-0.0349520296402295,-0.8687712317229597,0.8694740349460701,,0.0,0.02414919443178705,0,0
1790035439.217516,0.0,0.0,0.0,0.0,0,-0.0359282628807025,-0.8932773178552134,0.8939995563020312,,0.0,0.024525523212792853,0,0
1790035439.3161442,0.0,0.0,0.0,0.0,0,-0.0369235141812286,-0.91825495906752,0.9189970161820897,,0.0,0.024997461584767292,0,0
1790035439.4167411,0.0,0.0,0.0,0.0,0,-0.0379360234501174,-0.9436504097667088,0.9444126416604584,,0.0,0.025415626910121947,0,0
1790035439.5161884,0.0,0.0,0.0,0.0,0,-0.0389656733288771,-0.9694597355465522,0.9702424967728241,,0.0,0.02582985629233967,0,0
1790035439.6152108,0.0,0.0,0.0,0.0,0,-0.0399947776897524,-0.9952388958168974,0.9960421888601355,,0.0,0.02579969302200547,0,0
1790035439.7183466,0.0,0.0,0.0,0.0,0,-0.0410533095683721,-1.021732963151624,1.0225573931164522,,0.0,0.026515204952537827,0,0
1790035439.8171802,0.0,0.0,0.0,0.0,0,-0.0421481840637707,-1.049109833917792,1.0499561481523363,,0.0,0.02739875550290803,0,0
1790035439.9175112,0.0,0.0,0.0,0.0,0,-0.0432355787516129,-1.076273739662506,1.0771418095854892,,0.0,0.027185661708239706,0,0
1790035440.0176177,0.0,0.0,0.0,0.0,0,-0.0443376542197907,-1.1037767720968406,1.1046669136903822,,0.0,0.02752510423997738,0,0
1790035440.116914,0.0,0.0,0.0,0.0,0,-0.04544666311584,-1.1314210890468457,1.132333466752756,,0.0,0.027666553098712125,0,0
1790035440.222621,0.0,0.0,0.0,0.0,0,-0.0466011586005631,-1.1601597622862343,1.1610953199505054,,0.0,0.0287618531980225,0,0
1790035440.320607,0.0,0.0,0.0,0.0,0,-0.0477163230269148,-1.187881467910863,1.1888394463884833,,0.0,0.027744126485372826,0,0
1790035440.4198527,0.0,0.0,0.0,0.0,0,-0.0489276789170422,-1.2179473150241693,1.2189296862160641,,0.0,0.030090240041137275,0,0
1790035440.5190804,0.0,0.0,0.0,0.0,0,-0.0500972347972365,-1.246931409433169,1.2479373673247063,,0.0,0.02900768156310843,0,0
1790035440.618221,0.0,0.0,0.0,0.0,0,-0.0512854016756362,-1.2763338871227563,1.277363841606187,,0.0,0.029426475066130654,0,0
1790035440.71728,0.0,0.0,0.0,0.0,0,-0.052485536652737,-1.3059898255532327,1.3070440528177651,,0.0,0.029680212400780916,0,0
1790035440.8165734,0.0,0.0,0.0,0.0,0,-0.0537079316327472,-1.3361519751491806,1.3372309608348605,,0.0,0.03018690970827409,0,0
1790035440.9158146,0.0,0.0,0.0,0.0,0,-0.0549359445174636,-1.3664151010064658,1.367518989359393,,0.0,0.030288030677132392,0,0
1790035441.020607,0.0,0.0,0.0,0.0,0,-0.0562043272851091,-1.3976434418708494,1.3987730755952397,,0.0,0.03125408882030307,0,0
1790035441.1197336,0.0,0.0,0.0,0.0,0,-0.0575213540334566,-1.4300446215543288,1.4312010081768058,,0.0,0.03242793555465683,0,0
1790035441.2198308,0.0,0.0,0.0,0.0,0,-0.0587990175325595,-1.4614590782363666,1.4626414331005,,0.0,0.031440427997159466,0,0
1790035441.3179913,0.0,0.0,0.0,0.0,0,-0.0600925176633555,-1.493245669088343,1.4944543281513203,,0.0,0.031812898336670434,0,0
1790035441.4170575,0.0,0.0,0.0,0.0,0,-0.0614018250010109,-1.5254004761859343,1.5266357774078694,,0.0,0.032181452813503326,0,0
1790035441.5163224,0.0,0.0,0.0,0.0,0,-0.0627295097273675,-1.557985942333656,1.5592482765422335,,0.0,0.03261250298270454,0,0
1790035441.6156054,0.0,0.0,0.0,0.0,0,-0.064066459364103,-1.5907810872158157,1.5920706575585724,,0.0,0.03282238507745918,0,0
1790035441.7168922,0.0,0.0,0.0,0.0,0,-0.0654206991906571,-1.6239857834295623,1.625302954117762,,0.0,0.033232300795386215,0,0
1790035441.8136752,0.0,0.0,0.0,0.0,0,-0.066789942908323,-1.6575480471696828,1.6588931325283514,,0.0,0.03359018272828796,0,0
1790035441.918444,0.0,0.0,0.0,0.0,0,-0.0681818522509245,-1.6916572802304335,1.69303074949423,,0.0,0.03413762135255803,0,0
1790035442.0182924,0.0,0.0,0.0,0.0,0,-0.0696524476704544,-1.7276812518337257,1.7290847207133129,,0.0,0.03605397593834477,0,0
1790035442.116896,0.0,0.0,0.0,0.0,0,-0.0710669940238421,-1.7623176398866898,1.7637499770362512,,0.0,0.0346652609789887,0,0
1790035442.2236192,0.0,0.0,0.0,0.0,0,-0.0725326386453727,-1.7981893042753738,1.7996515656313066,,0.0,0.035901593560328286,0,0
1790035442.3208113,0.0,0.0,0.0,0.0,0,-0.0739583122352986,-1.83306518982942,1.8345565737019562,,0.0,0.03490501308356627,0,0
1790035442.4200358,0.0,0.0,0.0,0.0,0,-0.075489660132374,-1.8705067749090496,1.8720294559027524,,0.0,0.037472887794471166,0,0
1790035442.519305,0.0,0.0,0.0,0.0,0,-0.0769716989343052,-1.9067268436740716,1.9082798271805215,,0.0,0.03625037683050143,0,0
1790035442.6192172,0.0,0.0,0.0,0.0,0,-0.0784656207927367,-1.943226081338272,1.9448096196902376,,0.0,0.036529798145991485,0,0
1790035442.72076,0.0,0.0,0.0,0.0,0,-0.0799718059285734,-1.98001811978619,1.9816324695626877,,0.0,0.03682285549514709,0,0
1790035442.81681,0.0,0.0,0.0,0.0,0,-0.0814983265674594,-2.01730094402498,2.018946526284778,,0.0,0.03731406234225192,0,0
1790035442.9164846,0.0,0.0,0.0,0.0,0,-0.0830320489050934,-2.054757637725668,2.0564346016679806,,0.0,0.03748808086840576,0,0
1790035443.0205662,0.0,0.0,0.0,0.0,0,-0.0846006236690558,-2.093065684942081,2.0947747437391104,,0.0,0.038340147473960653,0,0
1790035443.1198409,0.0,0.0,0.0,0.0,0,-0.0862506871601519,-2.13336711619428,2.1351099347562172,,0.0,0.040335196423228026,0,0
1790035443.2208836,0.0,0.0,0.0,0.0,0,-0.0878459429559574,-2.1723343431266624,2.1741097966803262,,0.0,0.03899986686969358,0,0
1790035443.3182745,0.0,0.0,0.0,0.0,0,-0.0894384672228173,-2.211240615270801,2.2130486433972387,,0.0,0.03893885136588286,0,0
1790035443.4183486,0.0,0.0,0.0,0.0,0,-0.0910773707453278,-2.251289800250952,2.2531313437471536,,0.0,0.04008270477812654,0,0
1790035443.5173008,0.0,0.0,0.0,0.0,0,-0.0927080258869807,-2.2911485195990773,2.2930234008672707,,0.0,0.03989206116840307,0,0
1790035443.6165688,0.0,0.0,0.0,0.0,0,-0.0943591431928826,-2.331519715788237,2.3334283432351968,,0.0,0.04040494610937449,0,0
1790035443.7185524,0.0,0.0,0.0,0.0,0,-0.0960227327220023,-2.372228049884334,2.374170652218882,,0.0,0.04074231209689563,0,0
1790035443.8147385,0.0,0.0,0.0,0.0,0,-0.0976937214422573,-2.413153316343541,2.415130015421337,,0.0,0.040959365694067246,0,0
1790035443.9138982,0.0,0.0,0.0,0.0,0,-0.0993912350445889,-2.45381109540378,2.455823183686152,,0.0,0.040693200298591706,0,0
1790035444.018556,0.0,0.0,0.0,0.0,0,-0.1011269960513219,-2.494638658106444,2.496687546299994,,0.0,0.04086444349936104,0,0
1790035444.1179016,0.0,0.0,0.0,0.0,0,-0.1029218250060964,-2.536761606142532,2.538848626535545,,0.0,0.04216116889067301,0,0
1790035444.218717,0.0,0.0,0.0,0.0,0,-0.1046182536760074,-2.5765333813060827,2.5786564804150967,,0.0,0.0398079385285413,0,0
1790035444.3162367,0.0,0.0,0.0,0.0,0,-0.1063167737106516,-2.6162921388463545,2.618451414894207,,0.0,0.03979502194313012,0,0
1790035444.4162438,0.0,0.0,0.0,0.0,0,-0.1080389035987053,-2.656382126522306,2.658578267946607,,0.0,0.04012695905758733,0,0
1790035444.516231,0.0,0.0,0.0,0.0,0,-0.1097889823572107,-2.696903890371806,2.6991376798062032,,0.0,0.040559537979809275,0,0
1790035444.620872,0.0,0.0111320001300896,0.0,0.0111320001300896,0,-0.1115615068436783,-2.737736643423193,2.751131547076529,,0.0,0.05199497491360978,0,0
1790035444.7221825,0.0,0.0111320001300896,0.0,0.0111320001300896,0,-0.1134298941378872,-2.780854019792049,2.794289225603677,,0.0,0.04315783840757964,0,0
1790035444.819357,0.0,0.0111320001300896,0.0,0.0111320001300896,0,-0.1152268831108969,-2.8226646407803937,2.8361383317156785,,0.0,0.04184921978723288,0,0
1790035444.918529,0.0,0.0222639994692031,0.0,0.0222639994692031,0,-0.117031965312721,-2.865162736485519,2.8897975078560605,,0.0,0.053660464181829716,0,0
1790035445.017691,0.0,0.0222639994692031,0.0,0.0222639994692031,0,-0.1188410250857167,-2.908417314833116,2.9330898648429087,,0.0,0.04329239246438897,0,0
1790035445.1175437,0.0,0.0222639994692031,0.0,0.0222639994692031,0,-0.1206641943603181,-2.952767120374671,2.977477121967542,,0.0,0.04438726391407306,0,0
1790035445.2168546,0.0,0.0222639994692031,0.0,0.0222639994692031,0,-0.1224783424499572,-2.997503978356831,3.0222507480804475,,0.0,0.04477362611412127,0,0
1790035445.3182924,0.0,0.0222639994692031,0.0,0.0222639994692031,0,-0.1243761681096378,-3.0449913153364845,3.069775984888372,,0.0,0.04752524503517783,0,0
1790035445.4175503,0.0,0.0222639994692031,0.0,0.0222639994692031,0,-0.1261843082644372,-3.0908714491440903,3.1156917050736688,,0.0,0.04591574946598619,0,0
1790035445.5175052,0.0,0.0222639994692031,0.0,0.0222639994692031,0,-0.1280326096241186,-3.138496680582103,3.1633527191392297,,0.0,0.04766108357392309,0,0
1790035445.6166725,0.0,0.0222639994692031,0.0,0.0222639994692031,0,-0.1298653921048571,-3.186345780749344,3.2112367931656274,,0.0,0.047884188188131185,0,0
1790035445.7176409,0.0,0.0222639994692031,0.0,0.0222639994692031,0,-0.1317078764198282,-3.234867891914537,3.2597937239310157,,0.0,0.048557080023187565,0,0
1790035445.8149724,0.0,0.0222639994692031,0.0,0.0222639994692031,0,-0.1335682837431839,-3.284038069680895,3.3089989209560526,,0.0,0.04920536044969151,0,0
1790035445.9143035,0.0,0.0222639994692031,0.0,0.0222639994692031,0,-0.1354509430460016,-3.333744251764425,3.3587405884230246,,0.0,0.0497418228794596,0,0
1790035446.0189755,0.0,0.0222639994692031,0.0,0.0222639994692031,0,-0.1373918989152335,-3.3847677154029374,3.4098008211671442,,0.0,0.051060367716624325,0,0
1790035446.1182091,0.0,0.0222639994692031,0.0,0.0222639994692031,0,-0.1394132483418396,-3.4376978791312776,3.4627694487478937,,0.0,0.05296874631151218,0,0
1790035446.2172878,0.0,0.0222639994692031,0.0,0.0222639994692031,0,-0.1413836612862009,-3.4889543753579977,3.514063718176274,,0.0,0.05129435575783247,0,0
1790035446.316342,0.0,0.0222639994692031,0.0,0.0222639994692031,0,-0.1433865323796113,-3.540551425959695,3.56569957418484,,0.0,0.051635909243576965,0,0
1790035446.4205124,0.0,0.0222639994692031,0.0,0.0222639994692031,0,-0.1455385095722907,-3.595837552708624,3.621027519867824,,0.0,0.055327993066227224,0,0
1790035446.5188646,0.0,0.0222639994692031,0.0,0.0222639994692031,0,-0.1475283835148428,-3.647193253857356,3.6724217020834358,,0.0,0.05139423740834299,0,0
1790035446.6180463,0.0,0.0222639994692031,0.0,0.0222639994692031,0,-0.1495657192891645,-3.7001416317997298,3.7254091839808883,,0.0,0.05298755951905851,0,0
1790035446.718285,0.0,0.0222639994692031,0.0,0.0222639994692031,0,-0.1516020199265513,-3.753409492271038,3.778715851804123,,0.0,0.0533067676704994,0,0
1790035446.8164532,0.0,0.0222639994692031,0.0,0.0222639994692031,0,-0.1536408028845298,-3.807080754606896,3.8324256994599573,,0.0,0.05370997148271658,0,0
1790035446.9210515,0.0,0.0222639994692031,0.0,0.0222639994692031,0,-0.1557035047440763,-3.861600228610591,3.886984039528262,,0.0,0.05455848040956553,0,0
1790035447.020259,0.0,0.0222639994692031,0.0,0.0222639994692031,0,-0.1578466572516081,-3.918367106660427,3.9437912066692804,,0.0,0.05680731947729533,0,0
1790035447.1195908,0.0,0.0222639994692031,0.0,0.0222639994692031,0,-0.1599209018963021,-3.973344742105444,3.998807811162105,0.2201827139206497,0.0,0.05501675099432211,0,0
1790035447.220693,0.0,0.0222639994692031,0.0,0.0222639994692031,0,-0.1620100298757356,-4.028714914298449,4.054217237589826,0.22169525809223145,0.0,0.055409569790763474,0,0
1790035447.3186302,0.0,0.0222639994692031,0.0,0.0222639994692031,0,-0.1641092810906823,-4.084361852107376,4.109903616993611,0.22322986529722594,0.0,0.055686520300464316,0,0
1790035447.4177935,0.0,0.0222639994692031,0.0,0.0222639994692031,0,-0.1662115116879102,-4.1401300873756615,4.165711319909083,0.22494116604436365,0.0,0.055807843878999175,0,0
1790035447.5179682,0.0,0.0222639994692031,0.0,0.0222639994692031,0,-0.1683614790935082,-4.1972282302329145,4.222849779966024,0.22663079180615747,0.0,0.057138605842218505,0,0
1790035447.6169012,0.0,0.0222639994692031,0.0,0.0222639994692031,0,-0.170484152919091,-4.25372587161873,4.2793871318266055,0.22545305510653352,0.0,0.05653750283068807,0,0
1790035447.7176757,0.0,0.0222639994692031,0.0,0.0222639994692031,0,-0.1726250038122266,-4.310876549482649,4.33657773006687,0.2265876326152001,0.0,0.057190761691483516,0,0
1790035447.8151848,0.0,0.0222639994692031,0.0,0.0222639994692031,0,-0.1747734663395158,-4.368385923750928,4.39412704786847,0.22805771026884208,0.0,0.05754949191748059,0,0
1790035447.914352,0.0,0.0222639994692031,0.0,0.0222639994692031,0,-0.1769314332144772,-4.426400734287331,4.452181784858792,0.22582392239484855,0.0,0.058054931423679276,0,0
1790035448.019134,0.0,0.0222639994692031,0.0,0.0222639994692031,0,-0.1791097510980287,-4.485213654144066,4.511034814846964,0.22644287537643193,0.0,0.058853246391992436,0,0
1790035448.1182508,0.0,0.0222639994692031,0.0,0.0222639994692031,0,-0.1813925666165676,-4.54725732112045,4.573120199879636,0.2285132807544627,0.0,0.0620856493770354,0,0
1790035448.2190535,0.0,0.0222639994692031,0.0,0.0222639994692031,0,-0.1835517065527498,-4.606516580628059,4.632418470697997,0.22942528602942303,0.0,0.059298581118388274,0,0
1790035448.3166826,0.0,0.0222639994692031,0.0,0.0222639994692031,0,-0.1857182295655446,-4.666598055510911,4.692538612672814,0.23054144661741255,0.0,0.06012052433290811,0,0
1790035448.415912,0.0,0.0222639994692031,0.0,0.0222639994692031,0,-0.1878848373392572,-4.727036069172845,4.75301502775926,0.2315601751499276,0.0,0.060476835934473804,0,0
1790035448.5207107,0.0,0.0222639994692031,0.0,0.0222639994692031,0,-0.190193520500818,-4.791397304743561,4.817417225746159,0.23241244103939845,0.0,0.06440262931068604,0,0
1790035448.6198175,0.0,0.0222639994692031,0.0,0.0222639994692031,0,-0.1924035075964462,-4.8526536035919525,4.878713021522268,0.23314669421099937,0.0,0.06129615152329142,0,0
1790035448.7207882,0.0,0.0222639994692031,0.0,0.0222639994692031,0,-0.1946474321425864,-4.914596474036364,4.940696201721101,0.23389443160011975,0.0,0.06198350100036266,0,0
1790035448.8199284,0.0,0.0222639994692031,0.0,0.0222639994692031,0,-0.1969486059621499,-4.978129649408748,5.004270715811584,0.23446482948103048,0.0,0.06357483601116025,0,0
1790035448.9207928,0.0,0.0222639994692031,0.0,0.0222639994692031,0,-0.1992529411801099,-5.041879406663652,5.068061776700024,0.23503960044974043,0.0,0.06379139057001251,0,0
1790035449.016849,0.0,0.0222639994692031,0.0,0.0222639994692031,0,-0.201461059071847,-5.10314967136452,5.129371487374605,0.23638551378598116,0.0,0.06131004094875667,0,0
1790035449.1212542,0.0,0.0222639994692031,0.0,0.0222639994692031,0,-0.2037652844666254,-5.167311527807147,5.193574341863162,0.23543576802930172,0.0,0.06420321858625366,0,0
1790035449.2243602,0.0,0.0222639994692031,0.0,0.0222639994692031,0,-0.2061747557525583,-5.234603129274547,5.260908670484234,0.23608990374476824,0.0,0.06733472491905769,0,0
1790035449.3197365,0.0,0.0222639994692031,0.0,0.0222639994692031,0,-0.2084747422665878,-5.2991999773661,5.325546035376928,0.23711641690664592,0.0,0.06463778091277435,0,0
1790035449.4187577,0.0,0.0222639994692031,0.0,0.0222639994692031,0,-0.2107793795955977,-5.364348322697617,5.390734667573811,0.23761524078219376,0.0,0.06518909611777761,0,0
1790035449.5180929,0.0,0.0111320001300896,0.0,0.0111320001300896,0,-0.213086488028055,-5.429929076374446,5.445231995942214,0.23538172617229236,0.0,0.054497610940737795,0,0
1790035449.6171093,0.0,0.0111320001300896,0.0,0.0111320001300896,0,-0.2153960445615635,-5.495813315258802,5.511156154809663,0.23590613239230307,0.0,0.06592470693717496,0,0
1790035449.7169156,0.0,0.0111320001300896,0.0,0.0111320001300896,0,-0.2177165227517573,-5.562092607370112,5.577475505094119,0.236524948713208,0.0,0.0663199003452774,0,0
1790035449.8154223,0.0,0.0111320001300896,0.0,0.0111320001300896,0,-0.2200575803935115,-5.62892302681052,5.644346378953607,0.23698134441616953,0.0,0.06687141028468666,0,0
1790035449.914694,0.0,0.0111320001300896,0.0,0.0111320001300896,0,-0.2224155133446459,-5.696157899435282,5.711622068927292,0.2384472304587742,0.0,0.06727620637840684,0,0
1790035450.019237,0.0,0.0111320001300896,0.0,0.0111320001300896,0,-0.2247984408319196,-5.764018795330524,5.7795242926481265,0.23736126720287287,0.0,0.0679027211171576,0,0
1790035450.118531,0.0,0.0111320001300896,0.0,0.0111320001300896,0,-0.2272883245132549,-5.834940305239392,5.850488986577797,0.23854777489076212,0.0,0.07096520336404509,0,0
1790035450.219555,0.0,0.0111320001300896,0.0,0.0111320001300896,0,-0.2296820807154318,-5.903134091600965,5.918724293460668,0.23905847620403287,0.0,0.06823578655722537,0,0
1790035450.316818,0.0,0.0111320001300896,0.0,0.0111320001300896,0,-0.2320916404823492,-5.971876890892419,5.987508824180235,0.23966734750419322,0.0,0.06878501604779609,0,0
1790035450.4160786,0.0,0.0111320001300896,0.0,0.0111320001300896,0,-0.2344965753125873,-6.040510324165157,6.056183902841369,0.24012366089491138,0.0,0.06867555514403252,0,0
1790035450.520965,0.0,0.0111320001300896,0.0,0.0111320001300896,0,-0.2370557395353183,-6.113482070210922,6.129200024005232,0.24048950518240042,0.0,0.07301660799082953,0,0
1790035450.6200423,0.0,0.0,0.0,0.0,0,-0.2395044814189482,-6.183114918045367,6.1877518119568204,0.2380334601616988,0.0,0.05855207527441536,0,0
1790035450.7198536,0.0,0.0,0.0,0.0,0,-0.2419573082456987,-6.252569532198671,6.25724932330434,0.23840960474069028,0.0,0.0694979121026412,0,0
1790035450.8183537,0.0,0.0,0.0,0.0,0,-0.2444330968572561,-6.322425404125207,6.327148688751278,0.23852660275107923,0.0,0.06989973084258407,0,0
1790035450.9175687,0.0,0.0,0.0,0.0,0,-0.2469238646816755,-6.392547087294974,6.397314253515517,0.23874914437267675,0.0,0.07016590607208312,0,0
1790035451.0166605,0.0,0.0,0.0,0.0,0,-0.2494295969052565,-6.463019512689912,6.467830884092662,0.24006646072451565,0.0,0.07051695849241753,0,0
1790035451.1214786,0.0,0.0,0.0,0.0,0,-0.2519660048114973,-6.534359081884447,6.539215203568882,0.2381649848755905,0.0,0.07138464469287988,0,0
1790035451.222238,0.0,0.0,0.0,0.0,0,-0.2546041604113667,-6.608474697412751,6.6133774355349875,0.2392101134359642,0.0,0.0741625534222526,0,0
1790035451.3198595,0.0,0.0,0.0,0.0,0,-0.2571762565892733,-6.680165222143467,6.6851138376312145,0.23920271412980004,0.0,0.07173665042998459,0,0
1790035451.419792,0.0,0.0,0.0,0.0,0,-0.2597824872757744,-6.752227062947666,6.757222598841779,0.2391233815745442,0.0,0.07210895463450448,0,0
1790035451.5189395,0.0,0.0,0.0,0.0,0,-0.2623864061860625,-6.824268304434335,6.829310691208763,0.2391594108028322,0.0,0.07208828523853121,0,0
1790035451.6180923,0.0,0.0,0.0,0.0,0,-0.2649803112467084,-6.896723418611459,6.901811970647428,0.23906574968397049,0.0,0.07250153042442464,0,0
1790035451.718234,0.0,0.0,0.0,0.0,0,-0.2675490971683675,-6.969598075385185,6.974731525428665,0.23910763672177976,0.0,0.07291991676489794,0,0
1790035451.81644,0.0,0.0,0.0,0.0,0,-0.2700929538419043,-7.04292937782427,7.048106442494693,0.23875303349951665,0.0,0.073375412259067,0,0
1790035451.915522,0.0,0.0,0.0,0.0,0,-0.2726187339494798,-7.116574005504841,7.121793773336001,0.23863934447558022,0.0,0.073687928125045,0,0
1790035452.382207,0.0,0.0,0.0,0.0,0,-0.2847715267139126,-7.466694501195135,7.472122964499757,0.23660360564248856,0.0,0.35033134583475717,0,0
1790035452.3851535,0.0,0.0,0.0,0.0,0,-0.284815488754537,-7.467957843827802,7.473387064766796,0.23633930792662328,0.0,0.0012641073010348626,0,0
1790035452.4827263,0.0,0.0,0.0,0.0,0,-0.287412652310479,-7.542256771879376,7.547730999821631,0.24042546085850375,0.0,0.07434430689803548,0,0
1790035452.5821662,0.0,0.0,0.0,0.0,0,-0.2900952637143921,-7.618435662815784,7.623956794899411,0.23924002233555886,0.0,0.07622610988529889,0,0
1790035452.6874516,0.0,0.0,0.0,0.0,0,-0.2929763637627776,-7.699705712720773,7.7052776207109215,0.23886687309649968,0.0,0.08132110272892354,0,0
1790035452.786378,0.0,0.0,0.0,0.0,0,-0.2956923604297946,-7.776229062274821,7.781848906332227,0.2383014532308806,0.0,0.07657153299279204,0,0
1790035452.8859673,0.0,0.0,0.0,0.0,0,-0.2984331726145347,-7.853820825944018,7.859488782646665,0.23786721170390646,0.0,0.07764015610963548,0,0
1790035452.9847753,0.0,0.0,0.0,0.0,0,-0.3011540951985312,-7.931530146500443,7.937245381988652,0.23875868302841746,0.0,0.07775694130461529,0,0
1790035453.0837944,0.0,0.0,0.0,0.0,0,-0.3038611569562662,-8.009668824619585,8.01543051138176,0.23724693995470053,0.0,0.07818555622087091,0,0
1790035453.1830504,0.0,0.0,0.0,0.0,0,-0.3065642465836403,-8.088527535974102,8.0943350151507,0.23742048229723095,0.0,0.07890502550553188,0,0
1790035453.2877836,0.0,0.0,0.0,0.0,0,-0.309399494659363,-8.172064921034293,8.177919852926825,0.23665196973586755,0.0,0.08358548518938914,0,0
1790035453.3868115,0.0,0.0,0.0,0.0,0,-0.3120830711726788,-8.251880724298706,8.257780048618702,0.23659139187705447,0.0,0.07986090428768215,0,0
1790035453.485592,0.0,0.0,0.0,0.0,0,-0.3147456471065204,-8.331831620562745,8.337774461796249,0.23653416809035832,0.0,0.079995219382327,0,0
1790035453.5850716,0.0,0.0111320001300896,0.0,0.0111320001300896,0,-0.3174240574967782,-8.412891605441677,8.43000188253289,0.24320285145919407,0.0,0.09223088410138057,0,0
1790035453.6842215,0.0,0.0111320001300896,0.0,0.0111320001300896,0,-0.3200928948501602,-8.49408708359248,8.511240281148932,0.24320973121177314,0.0,0.08123932769882096,0,0
1790035453.783722,0.0,0.0111320001300896,0.0,0.0111320001300896,0,-0.32278674980169,-8.576285681723364,8.593482049114717,0.2432199256102172,0.0,0.08224272848819136,0,0
1790035453.8835387,0.0,0.0111320001300896,0.0,0.0111320001300896,0,-0.3255023464794744,-8.659307298383565,8.676547090102929,0.24352681202993165,0.0,0.08306601770994988,0,0
1790035453.98482,0.0,0.0111320001300896,0.0,0.0111320001300896,0,-0.3282518243293802,-8.743498777396962,8.76078245997465,0.24362553124302133,0.0,0.08423636249809419,0,0
1790035454.0830014,0.0,0.0111320001300896,0.0,0.0111320001300896,0,-0.3309769477860533,-8.827102441820289,8.844429534506094,0.24546788391100782,0.0,0.0836480663426382,0,0
1790035454.1825948,0.0,0.0111320001300896,0.0,0.0111320001300896,0,-0.3337277952162552,-8.911659103324332,8.92902992027607,0.24530208300889644,0.0,0.0846013957703634,0,0
1790035454.282477,0.0,0.0111320001300896,0.0,0.0111320001300896,0,-0.3365026125505824,-8.997107884420144,9.01452271758494,0.24535140542841993,0.0,0.08549382318038423,0,0
1790035454.38287,0.0,0.0111320001300896,0.0,0.0111320001300896,0,-0.339290483425033,-9.083149874412593,9.100608817314276,0.24588512518620398,0.0,0.08608714344124363,0,0
1790035454.4814577,0.0,0.0111320001300896,0.0,0.0111320001300896,0,-0.3420599363121631,-9.168871322717573,9.186373931401008,0.24661500026883887,0.0,0.08576617380294765,0,0
1790035454.5807884,0.0,0.0111320001300896,0.0,0.0111320001300896,0,-0.3448486020699236,-9.255401556454222,9.272948005551022,0.2472675966546668,0.0,0.08657515814151123,0,0
1790035454.685797,0.0,0.0111320001300896,0.0,0.0111320001300896,0,-0.34780483264857,-9.347235277063902,9.36482815093096,0.24804638696969838,0.0,0.091881290479895,0,0
1790035454.7848327,0.0,0.0111320001300896,0.0,0.0111320001300896,0,-0.3506309438660099,-9.435071605912638,9.45270885120297,0.24867469902996175,0.0,0.08788178178801702,0,0
1790035454.8844328,0.0,0.0111320001300896,0.0,0.0111320001300896,0,-0.3534737203058906,-9.523541954770138,9.541223773562784,0.24940255405316014,0.0,0.08851600987874984,0,0
1790035454.9831903,0.0,0.0111320001300896,0.0,0.0111320001300896,0,-0.3563051935667745,-9.611801452430068,9.629527590871943,0.24784087204524552,0.0,0.0883049045524103,0,0
1790035455.0879898,0.0,0.0111320001300896,0.0,0.0111320001300896,0,-0.3593250293315294,-9.706107074080991,9.72388038295817,0.24633262369782938,0.0,0.09435395955132533,0,0
1790035455.187153,0.0,0.0222639994692031,0.0,0.0222639994692031,0,-0.3622012193294294,-9.79607906611063,9.825021642556486,0.2598750891189041,0.0,0.10114489378904318,0,0
1790035455.286306,0.0,0.0222639994692031,0.0,0.0222639994692031,0,-0.3650779015992276,-9.886207618633255,9.915194989559108,0.2581591600364379,0.0,0.09017444915664824,0,0
1790035455.385923,0.0,0.0222639994692031,0.0,0.0222639994692031,0,-0.3679802647062762,-9.97734561107547,10.006378057944378,0.2569558144649269,0.0,0.0911841947817847,0,0
1790035455.4847991,0.0,0.0222639994692031,0.0,0.0222639994692031,0,-0.3708759403425549,-10.0685609350934,10.097638180441768,0.2580506973799285,0.0,0.09126127477241543,0,0
1790035455.5835712,0.0,0.0222639994692031,0.0,0.0222639994692031,0,-0.3737731178642576,-10.160189216152837,10.189311057768803,0.2592123686461365,0.0,0.09167407227509564,0,0
1790035455.682892,0.0,0.0222639994692031,0.0,0.0222639994692031,0,-0.376685180083682,-10.252696604384782,10.281863018716313,0.26047303715187553,0.0,0.09255321163452787,0,0
1790035455.7873132,0.0,0.0222639994692031,0.0,0.0222639994692031,0,-0.3797484426653988,-10.350476186403125,10.379689197818857,0.26166809469445995,0.0,0.09782755356915669,0,0
1790035455.881297,0.0,0.0222639994692031,0.0,0.0222639994692031,0,-0.3824955353476291,-10.438593898952057,10.467848432487132,0.26272087489328877,0.0,0.08816052281526593,0,0
1790035455.98568,0.0,0.0222639994692031,0.0,0.0222639994692031,0,-0.3855663167662319,-10.53760961950732,10.5669102500864,0.2636550250039701,0.0,0.099063326289797,0,0
1790035456.0855875,0.0,0.0222639994692031,0.0,0.0222639994692031,0,-0.3884988120115908,-10.632529350169612,10.661873787024584,0.2648385690121615,0.0,0.09496501880885502,0,0
1790035456.1850698,0.0,0.0222639994692031,0.0,0.0222639994692031,0,-0.3914239469145527,-10.72739675639532,10.756784792510818,0.2658374910915179,0.0,0.09491249221358601,0,0
1790035456.284138,0.0,0.0222639994692031,0.0,0.0222639994692031,0,-0.3943607134888472,-10.822815399754717,10.852247119735825,0.26726303608060353,0.0,0.09546382612518514,0,0
1790035456.3830495,0.0,0.0222639994692031,0.0,0.0222639994692031,0,-0.3972942673846286,-10.918308801847258,10.947784066001768,0.2682900766899191,0.0,0.09553845080211062,0,0
1790035456.482343,0.0,0.0222639994692031,0.0,0.0222639994692031,0,-0.400246919863476,-11.014503519588413,11.044022585389138,0.2693067750532553,0.0,0.09624002222548146,0,0
1790035456.581572,0.0,0.0222639994692031,0.0,0.0222639994692031,0,-0.4032221219975067,-11.111267882118666,11.14083121845052,0.2666334139778206,0.0,0.09681009081508299,0,0
1790035456.681585,0.0,0.0222639994692031,0.0,0.0222639994692031,0,-0.4062362096041394,-11.209119035856853,11.238727363193908,0.2675549796375656,0.0,0.09789756387160388,0,0
1790035456.7863593,0.0,0.0222639994692031,0.0,0.0222639994692031,0,-0.4094147856941498,-11.312260462243907,11.341916294873537,0.2686274688552297,0.0,0.10319039288187716,0,0
1790035456.885738,0.0,0.0222639994692031,0.0,0.0222639994692031,0,-0.4124349149364923,-11.410355462880796,11.44005639540132,0.2692733581842953,0.0,0.09814148119216269,0,0
1790035456.9851,0.0,0.0222639994692031,0.0,0.0222639994692031,0,-0.4154595554438119,-11.50883502002643,11.538580988996122,0.2704296455456754,0.0,0.09852599467043546,0,0
1790035457.084223,0.0,0.0222639994692031,0.0,0.0222639994692031,0,-0.4185022236451888,-11.6082389440126,11.638030023570778,0.2710987765932361,0.0,0.09945047980594121,0,0
1790035457.1886604,0.0,0.0222639994692031,0.0,0.0222639994692031,0,-0.4216968769982472,-11.713098284224268,11.742936437944527,0.2716420343743796,0.0,0.10490799321154007,0,0
1790035457.2871697,0.0,0.0222639994692031,0.0,0.0222639994692031,0,-0.4246959602019899,-11.811970938668864,11.841853031922817,0.27231877727739884,0.0,0.09891812926346481,0,0
1790035457.3863015,0.0,0.0222639994692031,0.0,0.0222639994692031,0,-0.4277309990556028,-11.912417018485913,11.94234335496561,0.2732950665746676,0.0,0.1004919221204166,0,0
1790035457.4852412,0.0,0.0222639994692031,0.0,0.0222639994692031,0,-0.4307701063611001,-12.01335441282941,12.043324850347421,0.27390991350050153,0.0,0.10098313596867975,0,0
1790035457.585118,0.0,0.0222639994692031,0.0,0.0222639994692031,0,-0.4338346245766209,-12.115422307261165,12.145437059326907,0.27452518537957826,0.0,0.10211388909264592,0,0
1790035457.6837063,0.0,0.0222639994692031,0.0,0.0222639994692031,0,-0.4368654584692288,-12.216521018688915,12.246579528566135,0.27522922862930266,0.0,0.1011441318438011,0,0
1790035457.7830138,0.0,0.0222639994692031,0.0,0.0222639994692031,0,-0.4399373811699608,-12.319030877608832,12.349133740564284,0.27582638939877047,0.0,0.10255587689089476,0,0
1790035457.8872857,0.0,0.0222639994692031,0.0,0.0222639994692031,0,-0.4431849666919704,-12.427302683025678,12.45745252836985,0.27639911519539184,0.0,0.1083204997216418,0,0
1790035457.9811296,0.0,0.0222639994692031,0.0,0.0222639994692031,0,-0.4461170862360648,-12.52482049075542,12.555012929482274,0.27664461311778654,0.0,0.0975618785665584,0,0
1790035458.0861852,0.0,0.0222639994692031,0.0,0.0222639994692031,0,-0.4494289571607343,-12.63463054800263,12.664871336628604,0.2773576872137714,0.0,0.10985998890249818,0,0
1790035458.185109,0.0,0.0222639994692031,0.0,0.0222639994692031,0,-0.4525667282302689,-12.73838667386639,12.768673472620451,0.2738935402452629,0.0,0.10380356092900382,0,0
1790035458.2844026,0.0,0.0222639994692031,0.0,0.0222639994692031,0,-0.4557454292241052,-12.843268113833394,12.87360168929733,0.27444957289686267,0.0,0.10492959825311668,0,0
1790035458.383571,0.0,0.0222639994692031,0.0,0.0222639994692031,0,-0.4589253882280836,-12.948098783633004,12.978479234380394,0.27479287718754,0.0,0.10487888953407976,0,0
1790035458.4829676,0.0,0.0222639994692031,0.0,0.0222639994692031,0,-0.4621420600906435,-13.05411606177135,13.084543965676232,0.27515829568553307,0.0,0.10606606545797172,0,0
1790035458.5823448,0.0,0.0222639994692031,0.0,0.0222639994692031,0,-0.465368027191872,-13.160349809866291,13.190825381560296,0.2754322266706076,0.0,0.10628271777687003,0,0
1790035458.681818,0.0,0.0222639994692031,0.0,0.0222639994692031,0,-0.4686117353220058,-13.267075770649472,13.297599350414322,0.27558911808924336,0.0,0.10677524220307996,0,0
1790035458.7848682,0.0,0.0222639994692031,0.0,0.0222639994692031,0,-0.4719728896305016,-13.377590386220833,13.408163780557077,0.2759836991316471,0.0,0.11056571626490408,0,0
1790035458.888268,0.0,0.0222639994692031,0.0,0.0222639994692031,0,-0.4753985466170906,-13.49011772867078,13.520741982047321,0.2763482297482688,0.0,0.1125794738157784,0,0
1790035458.9852026,0.0,0.0222639994692031,0.0,0.0222639994692031,0,-0.478602845692061,-13.595316887851483,13.625988768035375,0.2762483065086654,0.0,0.10524794831676657,0,0
1790035459.0881443,0.0,0.0222639994692031,0.0,0.0222639994692031,0,-0.4820425674593012,-13.708275667507754,13.738998674694981,0.27667397853812825,0.0,0.1130111392176453,0,0
1790035459.187641,0.0,0.0222639994692031,0.0,0.0222639994692031,0,-0.4853542131683417,-13.817126921118913,13.84789911015736,0.2766465900216243,0.0,0.10890161803216201,0,0
1790035459.2869716,0.0,0.0222639994692031,0.0,0.0222639994692031,0,-0.4886768340721295,-13.9264967283519,13.957318184026725,0.27664484336295625,0.0,0.10942026569082648,0,0
1790035459.3857522,0.0,0.0222639994692031,0.0,0.0222639994692031,0,-0.4919892067723069,-14.035720786961168,14.066591258549037,0.27658331663269475,0.0,0.10927427323933875,0,0
1790035459.4847195,0.0,0.0222639994692031,0.0,0.0222639994692031,0,-0.4953188539521712,-14.145639311660144,14.1765589971823,0.2765800424070374,0.0,0.10996894389936562,0,0
1790035459.584001,0.0,0.0222639994692031,4.110996075432681,2.8381469759124087,1,-0.4986735689246188,-14.256394717975528,17.705152073737807,1.1869454723579813,0.828501460382582,5.049068691347259,1,1
1790035459.6837094,0.0,0.0222639994692031,4.133282781235281,2.937174417043994,1,-0.5020324266923573,-14.367209573816629,17.914459310288954,1.2130659843054403,1.683123432712623,0.21140360576303632,1,1
1790035459.7876084,0.0,0.0222639994692031,3.998208462012266,2.8250372058813173,1,-0.505594273528833,-14.484646231699411,17.88601072877695,1.175004023051465,2.4996834437886886,0.1316192027356172,1,1
1790035459.8867798,0.0,0.0222639994692031,4.102152241603323,2.874334051607254,1,-0.508988417155017,-14.596519718186572,18.069126974493635,1.1948212796506057,3.336060711463895,0.19364221065219908,1,1
1790035459.9866734,0.0,0.0222639994692031,4.0949201635697445,2.8474939848457543,1,-0.5123973687898113,-14.708815754199357,18.150795753830685,1.1863003667135417,4.163917066202037,0.08554144595538227,1,1
1790035460.085606,0.0,0.0222639994692031,4.1397301201881005,2.929035777995881,1,-0.5158182502767075,-14.821338847354928,18.350747395406962,1.2094698642894228,5.01494291851606,0.19996848211950452,1,1
1790035460.1846116,0.0,0.0222639994692031,4.099061756323019,2.946508241572835,1,-0.5192519331503369,-14.934018558003034,18.46732411489894,1.2126021033438223,5.869101009884483,0.13537359389498957,1,1
1790035460.2837,0.0,0.0111320001300896,4.119135688557561,2.836049558741158,1,-0.5227187890897257,-15.047456816000086,18.476109256200694,1.1845163698319394,6.695173367741023,0.023728602487630725,1,1
1790035460.3828237,0.0,0.0111320001300896,4.114197760649084,2.83107005184387,1,-0.5262028715524569,-15.1611230306835,18.580966873289512,1.182032001682493,7.518761357448116,0.10869643101761438,1,1
1790035460.4817607,0.0,0.0111320001300896,4.139682736510323,2.876517886336007,1,-0.5296939848713139,-15.274785991028272,18.742276046803926,1.194501593249169,8.354818938721886,0.16172773039218066,1,1
1790035460.5811603,0.0,0.0111320001300896,4.086517103267696,2.8449677046651227,1,-0.533228340322721,-15.389623701788995,18.81069833163843,1.1822566366046818,9.178631563351168,0.09695399031024898,1,1
1790035460.6861205,0.0,0.0111320001300896,4.15688728837866,2.87128770778188,1,-0.5369672411050721,-15.510893983406833,18.97200237380937,1.1903186453690842,10.010506196744853,0.16515159327109566,1,1
1790035460.7851667,0.0,0.0111320001300896,4.074343830336804,2.8614075043609084,1,-0.5405315197392698,-15.626372365327946,19.055053896717588,1.1818766987687341,10.833938883538186,0.13186616731540673,1,1
1790035460.8842623,0.0,0.0111320001300896,4.122375680722626,2.897286385103524,1,-0.5441043917013348,-15.742012898167582,19.214565153489183,1.1954668598957618,11.670961731458549,0.16006617400597806,1,1
1790035460.9831834,0.0,0.0111320001300896,4.116396852024758,2.900555232035714,1,-0.5476940370283601,-15.85803370696573,19.329728472065394,1.1928265819945267,12.505344301477676,0.11931357911588233,1,1
1790035461.088527,0.0,0.0111320001300896,4.202842601488482,2.858693431066089,1,-0.5515146427364984,-15.98127648395199,19.430604190413145,1.1868522728143236,13.333752562316599,0.12153550153528425,1,1
1790035461.1874084,0.0,0.0222639994692031,4.070148084991382,2.84945754481204,1,-0.5551520749018373,-16.09835918489442,19.504183151099976,1.175314612119663,14.150623162460862,0.1681864038935524,1,1
1790035461.2864864,0.0,0.0111320001300896,4.126559192573733,2.9354627965213647,1,-0.5588067548975724,-16.215783216597,19.716056347979574,1.2003973286062137,14.992576479091676,0.21211169743052077,1,1
1790035461.3856394,0.0,0.0222639994692031,4.090062848562215,2.848138357376307,1,-0.5624795336684779,-16.33361312273858,19.737926447916013,1.1746328544000315,15.808765321516308,0.044810377724146366,1,1
1790035461.4851148,0.0,0.0111320001300896,4.054536160660397,2.9115438212765548,1,-0.5661881651575641,-16.45240501808011,19.90762687887304,1.1879465299262117,16.63826783946712,0.1849547686018435,1,1
1790035461.5842,0.0,0.0222639994692031,4.13292293000513,2.917303894639693,1,-0.5699016152478213,-16.571008272504127,20.047714828066553,1.1936027051433054,17.473426532635024,0.14901907035533665,1,1
1790035461.6832025,0.0,0.0222639994692031,4.062484736080524,2.9017542473777693,1,-0.5736293138826771,-16.68974839658393,20.13257383775419,1.1844607572072103,18.299443277866835,0.1228762169327533,1,1
1790035461.788144,0.0,0.0222639994692031,4.101594511901995,2.901080611060884,1,-0.5772568852587973,-16.814204153661677,20.26287501197239,1.1849770016697154,19.12597626756115,0.1309522594900297,1,1
1790035461.8872638,0.0,0.0222639994692031,4.139331660342368,2.9013259586631674,1,-0.578711814298221,-16.928754880022304,20.383621864070168,1.1861339337541819,19.95366618933993,0.1213019271672145,1,1
1790035461.9865708,0.0090781644990891,0.0222639994692031,4.138784064097642,2.8935251346988777,1,-0.5748826194149665,-17.037157827649107,20.480497478061537,1.1788659978261269,20.77408817519066,0.10069728688492902,1,1
1790035462.0857482,0.0272344960774372,0.0445279997293823,4.137450687456894,2.94397459277654,1,-0.5614340877988995,-17.136778352685287,20.62319463584157,1.1857676531848478,21.60141181640011,0.15079623550838975,1,1
1790035462.1845093,0.0544689895747047,0.0667919999895616,4.07737142002688,2.918690620926927,1,-0.5341522866933821,-17.222961232200298,20.662823869699572,1.1640975289271205,22.40706533335183,0.10649240935629395,1,1
1790035462.283653,0.0998598146503204,0.1224519998490336,4.172101403380639,2.958390289192097,1,-0.4888882042888574,-17.292718264324847,20.780573181919937,1.16296148720283,23.211582808579262,0.12011513067438336,1,1
1790035462.3831768,0.163406971304284,0.1892439998385953,4.245410080187908,3.131873247155545,1,-0.4229425422739485,-17.343103181564338,21.000432756595313,1.1883555497042468,24.04149434630811,0.2239889272591641,1,1
1790035462.4821548,0.2541886214555153,0.2671679999582466,4.306657287115812,3.183464099443051,1,-0.3356434264030106,-17.372562528201794,21.07370842142363,1.1749377709028692,24.857988105235577,0.08513422757828952,1,1
1790035462.5814886,0.3540484361058357,0.3784879996771906,4.365665168970004,3.229625929933132,1,-0.2270238414307487,-17.38117523990663,21.116295063503063,0.012883976140708686,24.512428069400887,0.07390244623108318,1,1
1790035462.686195,0.4811427468335933,0.5120719996563139,4.585040621533802,3.409265297979508,1,-0.0905019673791872,-17.368841508806913,21.2976623359223,-0.0063162860716301505,24.147667771353856,0.18669732624333746,1,1
1790035462.7852826,0.6263933865595294,0.6567879997655268,4.757714936994131,3.5643375432807534,1,0.0565211612902608,-17.339856147496672,21.4263047858994,0.04326701654420062,23.832490775922658,0.12866967668546322,1,1
1790035462.88458,0.7807221933647243,0.8126360000048294,4.859046161197261,3.657400592126831,1,0.217857062773859,-17.2973962700051,21.462622108692553,-0.004289523660003569,23.469757240287255,0.07849358092650922,1,1
1790035462.9836602,0.9532073291680976,0.990747999713335,5.091866344675914,3.8490649652244846,1,0.3886243329959205,-17.24551883276887,21.612541521787655,0.012272301495622528,23.123585529807478,0.15294100653897943,1,1
1790035463.085727,1.13477062947056,1.1688600002128169,5.166746534748622,3.980077821267873,1,0.5726599632832289,-17.18513685355634,21.658068788733516,-0.039075531620506476,22.726065986211573,0.13001396421284586,1,1
1790035463.1869028,1.3163339297730223,1.3581040000514122,5.3661215369179,4.2508442190093305,1,0.7617828529304203,-17.120546923292398,21.86175413991559,-0.020476416798032915,22.34714555743814,0.20643120295312076,1,1
1790035463.2858262,1.4978972326556546,1.5362159997599178,5.600778740904142,4.438622449218537,1,0.9491219511009868,-17.055395371092963,21.991605510966906,0.015353749138564243,22.004055294601304,0.13143935977360643,1,1
1790035463.3854272,1.688538697457206,1.7254599995985131,5.762936286585338,4.60126916590758,1,1.139869960200839,-16.98869996283819,22.07939105225381,0.007686220070880934,21.653297502696784,0.1001202686210039,1,1
1790035463.484259,1.8791801622587576,1.925835999567198,6.006219903402083,4.778250854336417,1,1.3309750652362562,-16.921998633903424,22.19816979277007,-0.010533399442690383,21.284320091278694,0.1220014540153334,1,1
1790035463.5835967,2.069821629640479,2.1150800001967696,6.188420612963308,4.949865884898667,1,1.5235189630319144,-16.855165795444794,22.298446447775564,-0.002487301086584237,20.92338877821671,0.1052914494386552,1,1
1790035463.6891012,2.26954125894112,2.304324000035365,6.347148788057824,5.153119287090679,1,1.7285546296618743,-16.784565368069373,22.418595407143908,-0.019935924021999174,20.545008842219314,0.14050336472838004,1,1
1790035463.7873046,2.460182726322841,2.49356799987396,6.496150965488348,5.385798805668469,1,1.9196718338573076,-16.71931560482488,22.573884121773443,-0.001752485534839865,20.184812344709073,0.17264529663555125,1,1
1790035463.8865037,2.659902355623482,2.693943999842645,6.732192460058304,5.56245088753426,1,2.1127152069546864,-16.653944305296683,22.69157961570731,-0.019453551652993006,19.80691478108068,0.11929899818454966,1,1
1790035463.9857552,2.850543823005203,2.8831879996812404,6.9703413773954574,5.773396740237968,1,2.3056493936322244,-16.58909751197259,22.843828498820752,-0.013053578398597221,19.43541719070668,0.1529356303162525,1,1
1790035464.0848937,3.050263452305844,3.072431999519836,7.179292929199441,5.935389907049595,1,2.498728202499349,-16.524585611435924,22.942497389164025,-0.014086250443386517,19.062886928287895,0.09876508109098932,1,1
1790035464.1842437,3.2499830841866544,3.2728079994885206,7.324578390029405,6.136704270698431,1,2.6925148694166494,-16.460077193090733,23.066654395062084,-0.0014884692079690787,18.702954447104528,0.1451490050339648,1,1
1790035464.283374,3.440624548988206,3.462052000118092,7.452018048735263,6.257578558252168,1,2.8858726342494223,-16.39581320150584,23.108999159792752,-0.05628904286875214,18.288221392260375,0.08689028901459349,1,1
1790035464.3823369,3.640344180869017,3.651295999956688,7.669969421696255,6.469315840331844,1,3.078962090612693,-16.331619697928787,23.25854702542658,-0.01925328127656134,17.910524099008413,0.14962379981721693,1,1
1790035464.4816658,3.840063810169658,3.851671999925372,7.955812742950789,6.674280228912599,1,3.273081306199168,-16.266996389963634,23.41431499345089,-0.030613693410639575,17.521466393622372,0.16765718138200944,1,1
1790035464.5863774,4.039783442050468,4.040915999763968,8.116635535793456,6.9737595964085015,1,3.477957743795104,-16.198632746504064,23.63212006045695,-0.01660926163696641,17.146413120010006,0.23527686140563342,1,1
1790035464.685711,4.239503073931279,4.241291999732653,8.317450096823165,7.146049959911237,1,3.672287070196108,-16.13358549114658,23.738554426883095,-0.012273219367528565,16.775695888667077,0.10743901764649305,1,1
1790035464.7849743,4.439222703231919,4.4416679997013375,8.488302040676384,7.299278303563186,1,3.866972986990308,-16.068191524039392,23.820061468568042,-0.027195982265922236,16.390055894425753,0.091010636571548,1,1
1790035464.8838935,4.63894233511273,4.642043999670023,8.68720145381216,7.492974527630225,1,4.061362753564654,-16.002680141371002,23.946694385774137,-0.02914622310721926,16.002465659343134,0.12826414337805286,1,1
1790035464.9847088,4.838661964413371,4.842419999638707,8.9764375927312,7.62393616023432,1,4.259547367064659,-15.935657913964503,24.02714145174188,-0.03636563664446646,15.607656010723268,0.11125928194157843,1,1
1790035465.0838883,5.038381596294181,5.042795999607392,9.155862999916431,7.922564961479236,1,4.454770007839111,-15.869418277299795,24.251984284888955,-0.019259218932727196,15.229952779815141,0.23292547392537302,1,1
1790035465.188839,5.238101228174991,5.243171999576077,9.30415395183511,8.038751288611886,1,4.662297873430285,-15.798808887127702,24.285306318525816,-0.021197293203252476,14.85031147463649,0.07474134815581887,1,1
1790035465.2887747,5.446899021974722,5.443547999544762,9.546265718805374,8.284955545846802,1,4.859636475327757,-15.731506629404135,24.46946973436651,-0.006902083939554604,14.484965378721535,0.1844195264601734,1,1
1790035465.3877287,5.6466186538555325,5.643923999513447,9.754012685868227,8.51289878854485,1,5.055469988726638,-15.66459485952868,24.62980922742802,-0.03262706106564428,14.093894305680491,0.1614715628759972,1,1
1790035465.4872384,5.846338285736342,5.844299999482132,10.022187451747348,8.700214399863713,1,5.25215695800853,-15.597318332629632,24.761326454731453,-0.017814324602054787,13.717635969103037,0.139713588640024,1,1
1790035465.5864744,6.046057915036983,6.055807999580907,10.090643261850849,8.932653963083954,1,5.448607101896286,-15.530104121774828,24.89929783806462,0.008674447195764268,13.367866404323403,0.20900231229620034,1,1
1790035465.6854064,6.254855711416883,6.256183999549592,10.36161576706043,9.192025560066844,1,5.645652711341699,-15.46269579042227,25.101704970243905,0.009158810097412484,13.018581202445414,0.20570629856372244,1,1
1790035465.784241,6.454575343297694,6.4565599995182765,10.592091127038382,9.342285734230984,1,5.841972272030112,-15.395574574766586,25.189786855076452,-0.0054457753228773775,12.654691415147138,0.08988161684670626,1,1
1790035465.883481,6.654294972598335,6.6569359994869615,10.823220338604273,9.46538002852605,1,6.039320902427445,-15.32817009355194,25.250857836347787,0.0034422070860473664,12.299689610257785,0.0651343453564838,1,1
1790035465.9886537,6.863092768978234,6.868443999585736,10.926865413785706,9.689997384270692,1,6.248115809061253,-15.25698534176061,25.381935406832422,-0.008922287855618771,11.932323310426765,0.18600551338698676,1,1
1790035466.0879445,7.062812400859045,7.068819999554421,11.139082132146214,9.867867873931838,1,6.445207422275828,-15.189978776646493,25.493688210140572,0.011132595563470016,11.585011894014835,0.11189092265078943,1,1
1790035466.1872509,7.271610194658774,7.2803279996531955,11.399127963444451,10.137099046553487,1,6.641823922586444,-15.12338450807468,25.704551564865003,0.0050633296058100186,11.231631211645245,0.21233227477809483,1,1
1790035466.2854323,7.471329826539585,7.48070399962188,11.49354973325941,10.297807227316731,1,6.836910605196548,-15.057600966853546,25.779468820400535,-0.013098446562664234,10.860088753107181,0.1383622486816882,1,1
1790035466.3871748,7.671049458420396,7.681079999590565,11.782485372237865,10.590868509740517,1,7.040441919976964,-14.989335479728592,26.016029909384365,0.024730564459638504,10.52637530559142,0.2404725518136274,1,1
1790035466.4866505,7.870769087721037,7.88145599955925,12.066365853750584,10.895031304614848,1,7.237626363494347,-14.923584740118123,26.266283702307465,0.05636425230813802,10.224295545924159,0.25368585120031456,1,1
1790035466.5861752,8.079566884100936,8.092963999658025,12.196047577209695,10.911369275411662,1,7.435121696894495,-14.858142907137042,26.205613394163873,0.011606290752007586,9.877457824700766,0.08372499611613363,1,1
1790035466.6859074,8.279286515981747,8.29333999962671,12.26844442339014,11.174607754499132,1,7.633147829125313,-14.79308134163419,26.378151025237617,0.024903416871215445,9.543917229596582,0.23464186879466314,1,1
1790035466.7850254,8.479006145282387,8.493715999595395,12.53411931196183,11.34083031834164,1,7.828414733388133,-14.73024281864901,26.49234814234338,0.008144488814204154,9.193617706435386,0.12508214963945838,1,1
1790035466.8838437,8.678725777163198,8.69409199956408,12.743881158655164,11.554934636998492,1,8.019446658016854,-14.67179598175442,26.648858893008025,0.015704307160115505,8.850878001620101,0.15678029726057852,1,1
1790035466.9832468,8.86936724196475,8.894467999532765,13.01842647494909,11.770202609660265,1,8.203582423768292,-14.621070637777734,26.82688999601198,0.021029686713067264,8.513463676357768,0.1877449426320001,1,1
1790035467.40812,9.2688065031462,9.295219999470136,13.356634982739225,12.111319493584077,1,8.745261136073434,-14.662887487346415,27.16841784520071,-0.0188100181197266,8.13620964626264,0.4336339105419206,1,1
1790035467.412419,9.541151456180064,9.57351999955847,13.553177530389805,12.417086785860036,1,8.748004101850116,-14.663176862841729,27.50327927650705,0.06796039272442678,7.8457260270116675,0.36225538204663466,1,1
1790035467.5084546,9.67732393140691,9.69597200019848,13.770395025310952,12.652250677632706,1,8.861617102576258,-14.680966371199856,27.77050332517073,0.09333488467865414,7.580616899714922,0.27334833794104973,1,1
1790035467.6076078,9.79534007505541,9.818424000047514,13.897614022574013,12.7354431573539,1,8.972071643541142,-14.706538971103926,27.88051920008391,0.05803086997196161,7.280203757711484,0.11004948678146398,1,1
1790035467.7069204,9.913356221284078,9.940875999896548,13.98415166280208,12.749510993330928,1,9.07862105340291,-14.737687204003567,27.921502382559947,0.03852629888234915,6.960286044618433,0.049446575296292136,1,1
1790035467.8118656,10.022294203013658,10.052195999615492,14.069798586346998,12.883816878143936,1,9.187007771717802,-14.774487982699714,28.08600138707528,0.058032904738002156,6.659874937381035,0.1726110904994687,1,1
1790035467.911023,10.131232182163068,10.163516000125412,14.333415890229784,12.990328847919423,1,9.287511382984103,-14.812049278400307,28.256563516731898,0.06621051226099262,6.367641437666628,0.21763084005702443,1,1
1790035468.0103638,10.240170163892646,10.274835999844356,14.37785484552442,13.097571822695237,1,9.38646801490549,-14.851456214318754,28.391232990250177,0.0810855902956995,6.090283015986928,0.15645565944194342,1,1
1790035468.1091678,10.349108143042056,10.37502399943321,14.491447015130726,13.262153729493734,1,9.484942155553552,-14.892406571688811,28.596229763063068,0.06624523034287644,5.798084234354405,0.20608752124724858,1,1
1790035468.2083628,10.458046124771634,10.48634399994313,14.545974451333688,13.35218805539159,1,9.582576398165854,-14.934288862073828,28.718636747528496,0.09558456124257142,5.535224783621576,0.1387810880860025,1,1
1790035468.307669,10.566984103921044,10.586531999531983,14.630004940594532,13.476717791361317,1,9.680381451466523,-14.977164848354418,28.881173971271394,0.08297468295092414,5.259755454597101,0.16797146917449263,1,1
1790035468.412141,10.666843918571365,10.697852000041904,14.739854965999283,13.50445389360877,1,9.782744549386033,-15.022822374438398,28.954765323793985,0.05254236974836268,4.953853812370063,0.0737745129622825,1,1
1790035468.5118916,10.775781900300943,10.79803999963076,14.80764524302992,13.674551577272096,1,9.880364521043676,-15.066996355674233,29.160841429820035,0.06877710828135375,4.664186908676017,0.21633806197754077,1,1
1790035468.6105738,10.875641714951264,10.89822800001059,15.050356499216743,13.774109762444493,1,9.976755291222656,-15.111169648507106,29.32747510213764,0.07349590928997429,4.379238805990592,0.20510588093750695,1,1
1790035468.7097044,10.984579696680845,11.009547999729534,15.07440800182031,13.891721488464892,1,10.073805386589807,-15.156194496359994,29.47520058586362,0.05089223364863016,4.071687027663822,0.17826791552801974,1,1
1790035468.8087072,11.084439511331164,11.109736000109365,15.245499819861465,13.98858730693279,1,10.170388785222238,-15.201578463933918,29.62806996320542,0.06748600087643686,3.7807290165648597,0.16058177415799832,1,1
1790035468.9080036,11.193377493060744,11.20992399969822,15.268591352964016,14.133120616956443,1,10.26678270894332,-15.247506582135031,29.803344515731684,0.09903211954465241,3.5213171241341126,0.20408036679653793,1,1
1790035469.0075,11.293237307711063,11.31011200007805,15.410435351079103,14.25478198143308,1,10.363295653274909,-15.294160455912124,29.97688473298537,0.10981642099945232,3.2726895331581654,0.1743127185994529,1,1
1790035469.1122022,11.393097122361384,11.410299999666904,15.49801906566744,14.21695872983611,1,10.464362637424513,-15.343742399023537,29.986209301399793,0.07878197448865332,2.993027495671419,0.01789037127042365,1,1
1790035469.2116427,11.492956939591874,11.521620000176824,15.52030920107455,14.472048578543616,1,10.560310128823655,-15.391546857283927,30.272692697404857,0.09027227313179065,2.7248557568278104,0.31172161825144484,1,1
1790035469.3120768,11.601894918741284,11.62180799976568,15.783838426225406,14.48071422085678,1,10.65719215845504,-15.440600043233797,30.35733106261672,0.09246898123341207,2.458880726085823,0.17635972020436746,1,1
1790035469.4117584,11.701754733391605,11.72199600014551,15.778355588779764,14.662950396512851,1,10.752446863675784,-15.489638944881335,30.568585222476926,0.076736783226931,2.1771734973373547,0.2522621927365503,1,1
1790035469.5114126,11.801614550622094,11.822183999734364,15.84202248796488,14.645329830541804,1,10.84799180831445,-15.539675991859736,30.595341457936122,0.006786060565813434,1.8255155459277688,0.0454646898465043,1,1
1790035469.6113014,11.901474365272415,11.922372000114194,16.029400926451824,14.770523925726446,1,10.942621183911587,-15.59006184178848,30.7837700143395,0.08223349527092183,1.5493050292232913,0.19857166412395438,1,1
1790035469.7104273,12.001334179922736,12.022559999703049,16.096838308031693,14.882270036532054,1,11.037014985288218,-15.641109647401649,30.939917895607863,0.07228006771745377,1.2631410849653457,0.16501062932800228,1,1
1790035469.80936,12.101193994573055,12.12274800008288,16.213832943457962,15.061004274903796,1,11.130520459701437,-15.692445655188395,31.170735448657645,0.10140973413806398,1.0061068071280104,0.2312662077618013,1,1
1790035469.9087226,12.201053811803543,12.222935999671732,16.30134327859359,15.123015121090804,1,11.224247820923,-15.744649943825513,31.282417503226227,0.08474655386790886,0.7324093490205199,0.11438421410424723,1,1
1790035470.007974,12.300913626453866,12.323124000051564,16.294165242847274,15.18857026171029,1,11.317549174791008,-15.797350561089289,31.383020834929837,0.05845414065591714,0.4324194777010377,0.15517903212035808,1,1
1790035470.1066148,12.400773441104189,12.423311999640418,16.454372149034505,15.230253528374469,1,11.410121899912376,-15.850356008823995,31.487279173970567,0.04300980231983709,0.1169852680454754,0.11636294548937723,1,1
1790035470.2060025,12.500633258334677,12.523500000020247,16.552485861433198,15.374676009740435,1,11.503172839630194,-15.904350430400466,31.683955829965157,0.1584792805933517,0.0,0.19848148286549744,1,1
1790035470.31155,12.600493072984998,12.623687999609103,16.742048421547757,15.425250545477356,1,11.601507441178986,-15.962180018323515,31.80559634668515,0.14022983759883645,0.0,0.14168272460170753,1,1
1790035470.4109385,12.70035288763532,12.712743999858844,16.79764468371,15.556417709947397,1,11.693792996799726,-16.01713154087526,31.98340685943417,0.031417338952462126,0.0,0.1897004742039312,1,1
1790035470.509999,12.800212704865809,12.8129319994477,16.87958927159267,15.73095207246816,1,11.786005465288508,-16.07258512466029,32.208843106218154,0.007077291573885924,0.0,0.2302170385051858,1,1
1790035470.6093,12.89099435501704,12.91311999982753,17.013660348312193,15.847872086954895,1,11.878434160975573,-16.12864649819498,32.38623610149138,0.023797872748092974,0.0,0.1779231533552366,1,1
1790035470.7083125,12.99085416966736,13.01330800020736,17.078889107149827,15.846393051379057,1,11.970474014863068,-16.184900213159132,32.43608566017103,0.029713663857559913,0.0,0.0609844268634655,1,1
1790035470.8080437,13.09071398431768,13.113495999796214,17.175281264918613,15.993503021115009,1,12.06313687600166,-16.24192694176824,32.63827454301294,0.03750226048793248,0.0,0.20417076006269547,1,1
1790035470.9090405,13.19057380154817,13.213684000176045,17.295162690915816,16.027346778319608,1,12.156998619786243,-16.300058848072094,32.733192397856776,0.011580423556592168,0.0,0.09558528411981439,1,1
1790035471.010698,13.29043361619849,13.30273999963481,17.39071832672484,16.182033597896986,1,12.25125251218882,-16.35878052240968,32.94417539522175,0.028144720772934173,0.0,0.21341246404779166,1,1
1790035471.1089675,13.381215266349722,13.40292800001464,17.602849189671378,16.364652412333953,1,12.342530045660403,-16.415953089231955,33.19998576123402,0.03448530561506291,0.0,0.2685245496624037,1,1
1790035471.2075834,13.481075081000045,13.503115999603494,17.534173134917065,16.356629013281268,1,12.43432953187552,-16.47372766071786,33.22409854484366,0.006634674899006043,0.0,0.16801064968599694,1,1
1790035471.306688,13.580934898230533,13.603303999983323,17.603523019583644,16.441650831040377,1,12.5267128005829,-16.532116538795613,33.36230412546188,-0.0042192533436460344,0.0,0.14524862980690822,1,1
1790035471.4119437,13.680794712880852,13.70349199957218,17.792335184505326,16.631666862371823,1,12.62448624902636,-16.594155548163453,33.62531691265317,0.04802407767324546,0.0,0.2679921480937843,1,1
1790035471.5113318,13.780654527531173,13.79254799982192,17.83996055708895,16.627722859573762,1,12.717029744026815,-16.653084399567515,33.672786518723576,-0.0014120170094467088,0.0,0.07099979787068599,1,1
1790035471.6102405,13.871436177682403,13.89273600020175,17.859831947640426,16.752484885929736,1,12.809571440467016,-16.712204337050586,33.843619132429836,-0.005083419188330218,0.0,0.1977208890918327,1,1
1790035471.7094111,13.971295994912897,13.992923999790603,18.013935495764876,16.83433421017753,1,12.901791804991133,-16.771754115066223,33.9926931213048,-0.008144188750355053,0.0,0.15434777139115693,1,1
1790035471.808596,14.071155809563214,14.093112000170436,18.123072992099797,16.95628105421304,1,12.99264951262233,-16.83332113684981,34.17687026790273,-0.0037537988288240953,0.0,0.18442204212870697,1,1
1790035471.908416,14.161937459714446,14.1821679996292,18.169811261591576,16.976697919114883,1,13.079893068273195,-16.900105592047804,34.25704428797964,-0.03447372579598795,0.0,0.09614961484053682,1,1
1790035472.008106,14.243640945366588,14.27122399987894,18.445863522412964,17.074735052570468,1,13.158323305672331,-16.974672313695134,34.45751331041681,-0.03234778404191485,0.0,0.262386270482837,1,1
1790035472.1067188,14.316266263939472,14.338015999868505,18.3571872064617,17.2977438580398,1,13.224948491689384,-17.061591227759145,34.74052074686881,0.049812728852933974,0.0,0.34666085422030996,1,1
1790035472.2116923,14.379813420593434,14.404807999858065,18.62082700050041,17.214111850172028,1,13.27977687253056,-17.16933299829556,34.79580572593627,-0.026822360944920076,0.0,0.21019868443329842,1,1
1790035472.3110487,14.42520424566905,14.449335999587449,18.502552019274606,17.334295958889705,1,13.317291973295251,-17.286553644192836,35.007001428052796,0.00853279380912264,0.0,0.2839569811791763,1,1
1790035472.4101849,14.461516906245576,14.482731999977716,18.64371200991081,17.301271327811534,1,13.342446342343314,-17.41609256620847,35.119777525319456,-0.02484569603302389,0.0,0.15090497869590844,1,1
1790035472.5093796,14.488751399742844,14.50499599944692,18.57224772889069,17.411745060005238,1,13.357901309129517,-17.55554712430764,35.35393798841064,0.03573039945384937,0.0,0.26461123545294984,1,1
1790035472.6085432,14.506907731321192,14.527259999707098,18.624406256489483,17.376334377900825,1,13.366279206961908,-17.702879660282715,35.471103134885254,0.01126252049984977,0.0,0.12018005207432908,1,1
1790035472.7076497,14.51598589582028,14.538391999837188,18.60505496903944,17.33752939117392,1,13.369636281826429,-17.854747256963922,35.57957201133099,-0.005069216695859691,0.0,0.11532052501045953,1,1
1790035472.812703,14.525064060319371,14.538391999837188,18.608915594565595,17.39295480709197,1,13.369531170437932,-18.02110318271392,35.7995342490531,-0.01905625826187962,0.0,0.22181679508404206,1,1
1790035472.911769,14.53414222481846,14.549523999967278,18.64151094074473,17.389639820781557,1,13.367226061327836,-18.17923609100596,35.957794907605,-0.007258244987400797,0.0,0.15870296388569838,1,1
1790035473.0088294,14.53414222481846,14.549523999967278,18.65347937239068,17.4680419726135,1,13.36367207634645,-18.3360845333537,36.192782928155516,0.029850340113656726,0.0,0.23576214174426816,1,1
1790035473.109133,14.53414222481846,14.549523999967278,18.637673912646843,17.434994002142467,1,13.359197509925089,-18.499845474363745,36.320448804170354,0.03507582222698247,0.0,0.13120316234991758,1,1
1790035473.208235,14.54322039189772,14.560656000097367,18.64163838072157,17.42854240150717,1,13.354373487201018,-18.66238216436933,36.476156679042305,0.018146497091768188,0.0,0.15633231493920513,1,1
1790035473.30887,14.54322039189772,14.560656000097367,18.602902711665536,17.444362894936265,1,13.349348613049305,-18.827187166058376,36.65003648694402,0.033742830163098425,0.0,0.1837443527833046,1,1
1790035473.4079049,14.54322039189772,14.560656000097367,18.634116283422003,17.533196597299128,1,13.344400290600896,-18.99031635289489,36.90458092849311,0.0495618122364716,0.0,0.2545446525193207,1,1
1790035473.5120664,14.54322039189772,14.560656000097367,18.71764835846644,17.447830509480422,1,13.339332804051445,-19.161527427676663,37.00231569474739,0.005293007027164398,0.0,0.12336630050916955,1,1
1790035473.6113267,14.54322039189772,14.560656000097367,18.60082775285794,17.372917608253427,1,13.33464749607258,-19.32493188712755,37.073775260722904,-0.02766812896665516,0.0,0.14284635400100457,1,1
1790035473.7107024,14.552298556396808,14.560656000097367,18.707615925496214,17.441675643109956,1,13.33009662129869,-19.4882971562718,37.31944003907472,0.028110908171451454,0.0,0.25744438572026634,1,1
1790035473.8099196,14.552298556396808,14.560656000097367,18.672065948011348,17.34130888250389,1,13.32563097498382,-19.652002137868664,37.3776594661949,-0.016494322613726187,0.0,0.07055470134983954,1,1
1790035473.9089155,14.552298556396808,14.560656000097367,18.69443070191968,17.451259198763317,1,13.321219600481808,-19.815467056547096,37.65209533782759,0.03315711896202833,0.0,0.27472322753777667,1,1
1790035474.008233,14.552298556396808,14.57178799943648,18.592537243621045,17.416093940819213,1,13.316800416474049,-19.979284695774037,37.765695312591426,0.0016482889390920796,0.0,0.16140839308498528,1,1
1790035474.1075578,14.552298556396808,14.57178799943648,18.6612446380596,17.442293521109523,1,13.312332435021458,-20.143370544796344,37.9643649364893,-0.024063864073854635,0.0,0.2038704987130243,1,1
1790035474.2125876,14.552298556396808,14.57178799943648,18.63345021855159,17.434495767788412,1,13.307515689156876,-20.31688967575965,38.1252236913927,0.015186757161245845,0.0,0.16730674969555537,1,1
1790035474.312123,14.552298556396808,14.57178799943648,18.635459908931423,17.447298306796835,1,13.302765234710805,-20.48351745151483,38.30384336563951,0.023816335363523677,0.0,0.17955761586252214,1,1
1790035474.4082894,14.552298556396808,14.57178799943648,18.721633376491425,17.311337259145148,1,13.298075634294657,-20.643098044474737,38.33998093113259,-0.04232698264833146,0.0,0.09388279950345207,1,1
1790035474.5082498,14.561376720895897,14.57178799943648,18.64529442911537,17.448495802260336,1,13.292996343208143,-20.8101515341194,38.63122041574512,0.026753727742462763,0.0,0.3124466346280328,1,1
1790035474.6080444,14.561376720895897,14.57178799943648,18.67193664182521,17.421074452125648,1,13.287779478992755,-20.975797393880995,38.77252785043474,0.24192906962210436,0.0,0.1418485665917244,1,1
1790035474.711833,14.552298556396808,14.57178799943648,18.56022268871784,17.456069955377416,1,13.28203039308962,-21.15172039060908,38.966919166252765,0.25586706807082393,0.0,0.23604060395483073,1,1
1790035474.8109114,14.552298556396808,14.57178799943648,18.73442628854998,17.362977110945906,1,13.276369961212136,-21.318845269665594,39.06499406831607,0.21837581467119738,0.0,0.19450401552039628,1,1
1790035474.9101388,14.552298556396808,14.58291999956657,18.69125017852668,17.434375920165657,1,13.2704977061267,-21.486550988241103,39.29660429065814,0.26592441127253896,0.0,0.2419970099100795,1,1
1790035475.0094862,14.552298556396808,14.58291999956657,18.644992560550325,17.398157255786604,1,13.264387656783263,-21.65567276809724,39.42274151634883,0.23833874937191668,0.0,0.13883466919559437,1,1
1790035475.10845,14.552298556396808,14.58291999956657,18.631335969223976,17.51580441105675,1,13.258112569685116,-21.82438179776665,39.70543767100736,0.23253664038898503,0.0,0.2864513069577594,1,1
1790035475.207551,14.552298556396808,14.57178799943648,18.677191539941155,17.52628576146221,1,13.25163713058176,-21.993973765166132,39.890945760923955,0.2746671963869789,0.0,0.1875231569009969,1,1
1790035475.3120706,14.552298556396808,14.57178799943648,18.70692937229065,17.46162451513819,1,13.244606454407345,-22.17374612567656,40.0099934703068,0.2342140026325481,0.0,0.12084077055492926,1,1
1790035475.4114094,14.552298556396808,14.57178799943648,18.73525550415016,17.461619839128627,1,13.237767177526049,-22.345018845086617,40.18446044476683,0.2500453757256438,0.0,0.17484092387694009,1,1
1790035475.5109072,14.552298556396808,14.57178799943648,18.689458186681623,17.424841633514976,1,13.230783210337163,-22.516734901253752,40.31285984124864,0.21688262209604825,0.0,0.1404090441243919,1,1
1790035475.6122177,14.552298556396808,14.57178799943648,18.65138606863473,17.4047989900267,1,13.223513767724766,-22.692532546402973,40.463042323302176,0.22143707769046217,0.0,0.1587716138241443,1,1
1790035475.7087915,14.552298556396808,14.57178799943648,18.69753797457151,17.38075500003597,1,13.21646074316245,-22.860649617796664,40.61296410301509,0.2366055138160552,0.0,0.15358325890004457,1,1
1790035475.8112483,14.552298556396808,14.57178799943648,18.68717629496265,17.430137628316455,1,13.208850255534957,-23.039793877289032,40.83904274420094,0.23090590347197004,0.0,0.22854344771282614,1,1
1790035475.91161,14.552298556396808,14.57178799943648,18.70662113251513,17.477213630628274,1,13.201295064757891,-23.215764614277905,41.063695566190034,0.24809922914800997,0.0,0.22467498624116367,1,1
1790035476.009093,14.552298556396808,14.57178799943648,18.73909108572411,17.476208915748643,1,13.193913080709075,-23.38615917926678,41.23690247144949,0.22326548976574956,0.0,0.17401464945007164,1,1
1790035476.1111434,14.552298556396808,14.57178799943648,18.56945676505911,17.436322522546803,1,13.186048242201384,-23.566274730382435,41.35449272823809,0.2174987739419434,0.0,0.21408779060624097,1,1
1790035476.2117376,14.54322039189772,14.57178799943648,18.58038025371294,17.4137561890734,1,13.178235006081614,-23.744028301954668,41.51079856478813,0.21152489352452464,0.0,0.15631424670830346,1,1
1790035476.3085546,14.54322039189772,14.57178799943648,18.714542035006517,17.471546871736596,1,13.170661973007787,-23.91547996990677,41.75668326067978,0.2351780525139875,0.0,0.26951959654056684,1,1
1790035476.4078436,14.54322039189772,14.57178799943648,18.60403409191374,17.38898431286969,1,13.16285987790493,-24.091597438106515,41.83593000312787,0.1727938836873275,0.0,0.13892808309195356,1,1
1790035476.5074768,14.54322039189772,14.57178799943648,18.640619717986493,17.378842173722656,1,13.154990310705855,-24.269048030315197,42.007605126234154,0.19984746277465693,0.0,0.17311378533992303,1,1
1790035476.6123796,14.53414222481846,14.57178799943648,18.59634543239359,17.455270654769276,1,13.146687569690943,-24.45641669166159,42.26450410268042,0.25129391981810834,0.0,0.2662383975951741,1,1
1790035476.7120433,14.53414222481846,14.57178799943648,18.687668048068755,17.470108254802934,1,13.138834512272798,-24.634118626457305,42.46828787314849,0.22932577541657118,0.0,0.21658090083343445,1,1
1790035476.8112297,14.53414222481846,14.57178799943648,18.515337970833517,17.454888517643226,1,13.130987150894113,-24.81253044211244,42.60898894918412,0.25556363159060735,0.0,0.23170286640265175,1,1
1790035476.9102294,14.53414222481846,14.57178799943648,18.633504124925047,17.460364695460346,1,13.123199047093744,-24.99072611248036,42.80722570822362,0.22500286109651846,0.0,0.22271017690443967,1,1
1790035477.009137,14.53414222481846,14.57178799943648,18.71071293034598,17.336508267351476,1,13.115462407543411,-25.1691843600018,42.87237728589304,0.21116503269169895,0.0,0.10098062836271868,1,1
1790035477.108852,14.525064060319371,14.560656000097367,18.59126911050477,17.458083497992266,1,13.10774587686392,-25.349074011929712,43.156943371063115,0.23017350700652184,0.0,0.32150281890768534,1,1
1790035477.2132912,14.525064060319371,14.560656000097367,18.54174456179163,17.502335634255274,1,13.099827107105988,-25.53622037897788,43.38123752600679,0.23993347248908758,0.0,0.23510914099014066,1,1
1790035477.309708,14.525064060319371,14.560656000097367,18.63924211239936,17.470867381144767,1,13.092446769928952,-25.713096919011782,43.538738053008,0.23179053448609155,0.0,0.17928452596972708,1,1
1790035477.4089327,14.525064060319371,14.560656000097367,18.59227709868824,17.46922636635091,1,13.085014609973133,-25.893548772604596,43.711099366994034,0.2785398129646959,0.0,0.18312881422109467,1,1
1790035477.507493,14.525064060319371,14.560656000097367,18.67424785956378,17.440182082859458,1,13.077692457213216,-26.073547965111786,43.872156717664275,0.23008609247688372,0.0,0.17538702626323094,1,1
1790035477.6129577,14.525064060319371,14.560656000097367,18.632544326399263,17.442055343816683,1,13.06994568122662,-26.26615645549606,44.06075671593553,0.23343227542776535,0.0,0.1974239422230675,1,1
1790035477.7079334,14.525064060319371,14.560656000097367,18.57765701852736,17.421161747840582,1,13.063011167250655,-26.440004232779444,44.20648368785402,0.2237500837895221,0.0,0.1602948908162933,1,1
1790035477.8108263,14.525064060319371,14.560656000097367,18.61319815514171,17.44770787507027,1,13.055568609076792,-26.62772513462409,44.424441934180216,0.2559306485518038,0.0,0.21853594158853656,1,1
1790035477.9090436,14.525064060319371,14.560656000097367,18.67081549410984,17.37561137775368,1,13.048430935719608,-26.808732747590216,44.54062722851169,0.21261752372335296,0.0,0.12670770589540872,1,1
1790035478.0084317,14.525064060319371,14.560656000097367,18.61457383024835,17.502610959235547,1,13.041244342984028,-26.991968487227,44.8422747158435,0.2610506829778301,0.0,0.31408972360260373,1,1
1790035478.1075866,14.525064060319371,14.549523999967278,18.5836448703237,17.376293680857994,1,13.034112710539508,-27.174871170969237,44.895474124316415,0.1836041076254158,0.0,0.061385836277454676,1,1
1790035478.2123468,14.525064060319371,14.549523999967278,18.630939591355887,17.459625441246775,1,13.026606818593182,-27.36844785338413,45.17703732137227,0.2074981620294083,0.0,0.2822789274437187,1,1
1790035478.3114154,14.51598589582028,14.549523999967278,18.61231742004328,17.48385421124436,1,13.019508392450412,-27.55217922423173,45.381976823629486,0.2343498349081361,0.0,0.2082791801479165,1,1
1790035478.4107912,14.51598589582028,14.549523999967278,18.654585816393567,17.45949718506701,1,13.012412860163202,-27.736015133090294,45.54633299584859,0.2258373711948316,0.0,0.1669440369458499,1,1
1790035478.509888,14.51598589582028,14.549523999967278,18.639451942331444,17.533788836739813,1,13.005271772032035,-27.92079291042887,45.80243430213547,0.2595465204145222,0.0,0.25919269602984274,1,1
1790035478.6093466,14.51598589582028,14.549523999967278,18.60148803282194,17.317230067119183,1,12.998094563481065,-28.105933668758183,45.76747559292053,0.207917525864876,0.0,0.04398763905248074,1,1
1790035478.7078671,14.51598589582028,14.549523999967278,18.691958835341097,17.394521210174666,1,12.99093441270275,-28.289860255124427,46.03872706031828,0.2364371906312983,0.0,0.27886646482862654,1,1
1790035478.8132129,14.51598589582028,14.549523999967278,18.617140139482395,17.482883715965535,1,12.983261212680864,-28.48583279685602,46.31267094001394,0.24349166603187844,0.0,0.2921556723063446,1,1
1790035478.9119065,14.51598589582028,14.549523999967278,18.531633140212296,17.354823821017202,1,12.975942253518806,-28.67137405227078,46.36029111103109,0.19011092750977765,0.0,0.09704368303505441,1,1
1790035479.0110905,14.51598589582028,14.549523999967278,18.531682220409294,17.377699367221236,1,12.968568492919248,-28.85697380450341,46.56815690620774,0.19694736785126965,0.0,0.2086074030895046,1,1
1790035479.110588,14.51598589582028,14.549523999967278,18.63372794756609,17.44361557386315,1,12.961113347000271,-29.043677143746,46.83211441542256,0.2362942406154449,0.0,0.27533084855723516,1,1
1790035479.2098677,14.51598589582028,14.549523999967278,18.62555982623167,17.34676788752789,1,12.953644600559509,-29.230312014794567,46.92115721670281,0.21698952713840924,0.0,0.08978990847519412,1,1
1790035479.3090465,14.51598589582028,14.549523999967278,18.49624094543361,17.420123860992028,1,12.946165534640414,-29.417155606462952,47.16496671235941,0.20147455100335243,0.0,0.28731298993413995,1,1
1790035479.4082167,14.51598589582028,14.549523999967278,18.588157315583324,17.44037547030834,1,12.938686631749269,-29.604106736088436,47.3824843700231,0.24312903836695576,0.0,0.2298094761489374,1,1
1790035479.5089495,14.51598589582028,14.549523999967278,18.646843798576302,17.424318253325442,1,12.93105532973668,-29.794878912164528,47.563881451937206,0.24413533598806514,0.0,0.1868779428904898,1,1
1790035479.6080768,14.51598589582028,14.538391999837188,18.649752771534036,17.417734750298173,1,12.92352060008523,-29.983208920369997,47.74556728902896,0.2244042636056709,0.0,0.18204632121709738,1,1
1790035479.713105,14.51598589582028,14.538391999837188,18.63824935254532,17.371040518448925,1,12.915566697399596,-30.182110792620147,47.896255557036355,0.20110494449947947,0.0,0.15224902253346775,1,1
1790035479.812337,14.51598589582028,14.538391999837188,18.602765546573668,17.41611298642527,1,12.90800936976069,-30.371188111648745,48.12542357373424,0.22072609362770645,0.0,0.23580926815231157,1,1
1790035479.9114478,14.51598589582028,14.538391999837188,18.65277254103611,17.38658712298119,1,12.90044583929457,-30.56042863414656,48.29084367142311,0.20716316121897704,0.0,0.16977378377476823,1,1
1790035480.010892,14.51598589582028,14.538391999837188,18.637804480051848,17.39298224199665,1,12.89286178761447,-30.750041675518663,48.48458640085363,0.24198744161321284,0.0,0.19614719608477568,1,1
1790035480.110956,14.51598589582028,14.538391999837188,18.60586900889884,17.447750133693624,1,12.885237021207033,-30.940330799903546,48.725065487641494,0.2261399666581012,0.0,0.24625992669569824,1,1
1790035480.2097845,14.51598589582028,14.538391999837188,18.512093098712533,17.34145056518868,1,12.877574967363069,-31.13095720885692,48.79879209556177,0.1760112552151587,0.0,0.12052639658665842,1,1
1790035480.3083673,14.51598589582028,14.538391999837188,18.5376368473931,17.289593375600003,1,12.869909175121723,-31.320865774792743,48.939757618719696,0.17192040225476823,0.0,0.14198963384552232,1,1
1790035480.407553,14.51598589582028,14.538391999837188,18.577832895257483,17.443745876578806,1,12.86217009241837,-31.511643383124227,49.287918791979905,0.2180908802183399,0.0,0.34824496701510615,1,1
1790035480.5122645,14.51598589582028,14.538391999837188,18.59750191394611,17.41616368568951,1,12.853925029555455,-31.713832151570653,49.46458497143293,0.21704175088049205,0.0,0.17682379046689634,1,1
1790035480.611844,14.51598589582028,14.538391999837188,18.66620699210078,17.472658488205802,1,12.846055880664284,-31.905962762382902,49.72044243134856,0.23531347479231313,0.0,0.2601503572944981,1,1
1790035480.7107382,14.51598589582028,14.538391999837188,18.60828922052893,17.47395347607089,1,12.838182316192167,-32.097563224835405,49.90620604409542,0.2472873659769772,0.0,0.19928140258806487,1,1
1790035480.8095715,14.51598589582028,14.538391999837188,18.616352450186948,17.364404270401046,1,12.830277773125047,-32.28926862584321,49.98965785295753,0.20531074471846344,0.0,0.08369354932257587,1,1
1790035480.9089766,14.51598589582028,14.538391999837188,18.582026099655305,17.332247355964167,1,12.822271470964338,-32.482642384544086,50.14676473354708,0.21184336261337022,0.0,0.16335120391564706,1,1
1790035481.008294,14.51598589582028,14.538391999837188,18.56733942457856,17.388373347188697,1,12.814251898880489,-32.67559239563188,50.39343887825731,0.18521976529691075,0.0,0.2491652166539448,1,1
1790035481.11291,14.51598589582028,14.538391999837188,18.65192536823417,17.492312673150717,1,12.805730059188509,-32.88005795399919,50.71048927185048,0.2565782347231935,0.0,0.3221531188706544,1,1
1790035481.2123194,14.51598589582028,14.538391999837188,18.542637041496388,17.425915555005414,1,12.797618543011955,-33.07431385219853,50.82596194592046,0.21102564060633155,0.0,0.16304789060962624,1,1
1790035481.31118,14.51598589582028,14.538391999837188,18.559718920307365,17.43000903601558,1,12.789506140170298,-33.26818652348361,51.025507234296846,0.20113921524986766,0.0,0.19956289555570203,1,1
1790035481.410363,14.51598589582028,14.538391999837188,18.605191784730856,17.314728890300042,1,12.781321249394471,-33.46325765888074,51.11087346153599,0.1847042775979144,0.0,0.09615485805407223,1,1
1790035481.5111184,14.51598589582028,14.538391999837188,18.658160966843667,17.376024145951984,1,12.773006929031284,-33.660835610390656,51.37505320520229,0.18558613461841622,0.0,0.2660282035085574,1,1
1790035481.609888,14.51598589582028,14.538391999837188,18.585051105346565,17.352786561027933,1,12.764778918758934,-33.855903708982765,51.53838887175126,0.23710456123963897,0.0,0.18367193592321,1,1
1790035481.70852,14.51598589582028,14.538391999837188,18.579031953430864,17.427668703627166,1,12.756535197084927,-34.05093217949576,51.80683176340282,0.22958964642405677,0.0,0.26991978027041275,1,1
1790035481.8079696,14.51598589582028,14.538391999837188,18.60228390021842,17.422707281706543,1,12.74821141800514,-34.24742212459919,52.00069650967559,0.20136877122541197,0.0,0.19411388836617757,1,1
1790035481.9124537,14.51598589582028,14.538391999837188,18.629842209961684,17.472307264368826,1,12.739406855264024,-34.454951205506454,52.26028512039622,0.26212805410701345,0.0,0.25968753113591586,1,1
1790035482.389918,14.51598589582028,14.538391999837188,18.594606809722023,17.332431290750133,1,12.697806840946852,-35.4143936750197,53.075416096732646,0.18005813979407903,0.0,0.8195912087774224,1,1
1790035482.392909,14.51598589582028,14.538391999837188,18.66510723809384,17.389699772987555,1,12.697667972422698,-35.41758400037536,53.14338670907183,0.19672709204354466,0.0,0.0929794476297545,1,1
1790035482.4892907,14.51598589582028,14.538391999837188,18.66747573949411,17.425443037251544,1,12.689046032440444,-35.614903802113005,53.37621206682121,0.24099227816371127,0.0,0.23332205754249444,1,1
1790035482.5885286,14.51598589582028,14.538391999837188,18.605189240755077,17.423712976294734,1,12.6799018133444,-35.8228097153319,53.575192112089915,0.24079359559893154,0.0,0.21291449913439642,1,1
1790035482.6875525,14.51598589582028,14.538391999837188,18.709296745271555,17.51012320804511,1,12.67102956853734,-36.02334041026431,53.872928242954124,0.2770069426820918,0.0,0.30838209929044985,1,1
1790035482.7868378,14.51598589582028,14.538391999837188,18.61521517402188,17.41428371125827,1,12.662155021778192,-36.2228520589526,53.966482735196536,0.23546163993736524,0.0,0.1341944563028078,1,1
1790035482.891427,14.51598589582028,14.538391999837188,18.66555812513856,17.36399112995405,1,12.653125800214784,-36.42464236154076,54.12362178701778,0.2305953732944659,0.0,0.16271636193997846,1,1
1790035482.9906712,14.51598589582028,14.538391999837188,18.628399635896155,17.404981039194727,1,12.64405521166749,-36.62601995485184,54.36139665798201,0.2386098631252067,0.0,0.2439896236700102,1,1
1790035483.0899043,14.51598589582028,14.538391999837188,18.62744152783812,17.364605741294948,1,12.634905213789738,-36.82802640795607,54.52294811122398,0.215614566690276,0.0,0.1618386152670068,1,1
1790035483.189082,14.51598589582028,14.538391999837188,18.532267742599792,17.302625009792855,1,12.625318884977302,-37.03885107771963,54.66157762246036,0.23608627580607933,0.0,0.17169662388829168,1,1
1790035483.2891405,14.51598589582028,14.549523999967278,18.55587691161576,17.39447241747554,1,12.616018437687758,-37.24285687334372,54.95925464126775,0.2787526023902347,0.0,0.2976779480449584,1,1
1790035483.3882704,14.51598589582028,14.549523999967278,18.597086537932803,17.514267739843984,1,12.606753126841838,-37.44578334800366,55.28554340833466,0.2539581530105981,0.0,0.3266451860334601,1,1
1790035483.4873695,14.51598589582028,14.549523999967278,18.667045785760607,17.36930162590543,1,12.597459988368296,-37.6492387467925,55.352322954814625,0.23004373998274663,0.0,0.09849841205194854,1,1
1790035483.5921412,14.51598589582028,14.549523999967278,18.62913153988779,17.397052269904993,1,12.58807327059049,-37.854737579936085,55.58106392130369,0.2140627957297958,0.0,0.23498752827919336,1,1
1790035483.6914542,14.51598589582028,14.549523999967278,18.59752792536324,17.426672464193278,1,12.578740829897283,-38.05893513007312,55.81109610288496,0.22316562822923558,0.0,0.2348760157869857,1,1
1790035483.7913008,14.51598589582028,14.549523999967278,18.64270467311401,17.40044325752831,1,12.56932382621851,-38.26457408633698,55.995357939781584,0.2543053994961284,0.0,0.187532226420656,1,1
1790035483.890529,14.51598589582028,14.549523999967278,18.66493869390196,17.36030927041539,1,12.559888232436531,-38.46974442546706,56.16285727081696,0.25842143451841726,0.0,0.16804749916062758,1,1
1790035483.9895897,14.51598589582028,14.549523999967278,18.612063070383357,17.5472898680523,1,12.550384782330053,-38.67511377092548,56.54823263915504,0.2909286544101204,0.0,0.3947399438534142,1,1
1790035484.088811,14.51598589582028,14.549523999967278,18.622900104396503,17.489066907052816,1,12.54036614025916,-38.89017121922521,56.70639920788875,0.23069359103285403,0.0,0.15821509293254563,1,1
1790035484.1880105,14.51598589582028,14.549523999967278,18.616322126173905,17.446445036489,1,12.530693444386664,-39.09662767443224,56.869622365944345,0.2550841069977814,0.0,0.16386381053346538,1,1
1790035484.287119,14.51598589582028,14.549523999967278,18.608906957545607,17.408885802664297,1,12.520960355317207,-39.30348566094055,57.03819922523402,0.23874634075899204,0.0,0.16931461961507457,1,1
1790035484.3872175,14.51598589582028,14.549523999967278,18.57277199742897,17.438921249670386,1,12.51112159152188,-39.51195548453376,57.27255858120841,0.28668206105832916,0.0,0.23995052415990123,1,1
1790035484.49179,14.51598589582028,14.549523999967278,18.569169257805957,17.45068544353818,1,12.501217617929214,-39.721312511769135,57.493107302576256,0.25704241597645017,0.0,0.2212109851967075,1,1
1790035484.5918517,14.51598589582028,14.549523999967278,18.66601046748754,17.43573275208437,1,12.491255423471731,-39.93152380851477,57.69861111970724,0.26917505718297075,0.0,0.22255985728832642,1,1
1790035484.6910892,14.51598589582028,14.549523999967278,18.597433680587457,17.440104460687945,1,12.481398504488515,-40.13928611198402,57.90329960369776,0.24415310698169534,0.0,0.22011102191005438,1,1
1790035484.7901466,14.51598589582028,14.549523999967278,18.59631246448792,17.464183537995766,1,12.471500611421924,-40.347734421540274,58.13545543294198,0.2571875512516488,0.0,0.2326929644411684,1,1
1790035484.8893092,14.51598589582028,14.538391999837188,18.52017581305449,17.389493813186487,1,12.461580458478586,-40.55645629965221,58.26182036419803,0.21510763156844837,0.0,0.1494966313708637,1,1
1790035484.9885435,14.51598589582028,14.538391999837188,18.51220551750904,17.33152114008106,1,12.451156267312328,-40.775537286419095,58.42231215035924,0.1982437526292984,0.0,0.1611270006378679,1,1
1790035485.087782,14.51598589582028,14.538391999837188,18.679939228755934,17.451033430691,1,12.441138190297906,-40.98583126466927,58.76895263505475,0.2286974723707167,0.0,0.37465700742082736,1,1
1790035485.192486,14.51598589582028,14.538391999837188,18.575772105601,17.331149008790373,1,12.430968983985798,-41.199070355723386,58.851891934427336,0.24830748651873957,0.0,0.13247906485006325,1,1
1790035485.291608,14.51598589582028,14.538391999837188,18.46351967537316,17.379099406195788,1,12.420923560986475,-41.40929503170914,59.098124237477215,0.2536623171142254,0.0,0.2776700215132115,1,1
1790035485.3908195,14.51598589582028,14.538391999837188,18.73276686787761,17.4280183951656,1,12.410781090961477,-41.620731972972976,59.38621409218031,0.27366001901763104,0.0,0.3818950038114504,1,1
1790035485.4900162,14.51598589582028,14.538391999837188,18.58376750296277,17.429528192067433,1,12.40059978899402,-41.83180146893221,59.58302406028702,0.24105729902344097,0.0,0.2538905479803778,1,1
1790035485.589217,14.51598589582028,14.538391999837188,18.53369819961552,17.391408013457536,1,12.38984018323983,-42.0532866571973,59.76134800866495,0.2341247887360185,0.0,0.18753127496688227,1,1
1790035485.6889286,14.51598589582028,14.538391999837188,18.616719990916028,17.401969149001367,1,12.379434404741604,-42.26591262073247,59.992998311223246,0.19958336183804803,0.0,0.24195287143119212,1,1
1790035485.7876124,14.51598589582028,14.538391999837188,18.651286423349745,17.423506442904223,1,12.368934463289612,-42.47905521311897,60.231095283945585,0.24563474717804246,0.0,0.23896783692369578,1,1
1790035485.8922155,14.51598589582028,14.538391999837188,18.64516241817064,17.371855567480882,1,12.358304704807896,-42.69362142484231,60.39359325477642,0.24334392417054396,0.0,0.1629776322523033,1,1
1790035485.9913404,14.51598589582028,14.538391999837188,18.656636887685767,17.48772102897362,1,12.347691993825736,-42.906688980466576,60.7230396642175,0.26575741831455724,0.0,0.3296737376437709,1,1
1790035486.0905066,14.51598589582028,14.538391999837188,18.56323864128267,17.361889398806692,1,12.336959369860915,-43.121072569272016,60.80259239537236,0.25035330790155985,0.0,0.12114063939002666,1,1
1790035486.1898136,14.51598589582028,14.538391999837188,18.678535334081253,17.396706982257665,1,12.326164073909606,-43.33576336086495,61.063782838973566,0.27536777438185456,0.0,0.2795596874443011,1,1
1790035486.2889547,14.51598589582028,14.538391999837188,18.68193718686857,17.38414739599781,1,12.314912194195552,-43.5588677128768,61.274710099827004,0.24225257598930994,0.0,0.2110540932125748,1,1
1790035486.388053,14.51598589582028,14.538391999837188,18.684498396078776,17.412848472432692,1,12.304029710215843,-43.77420436442884,61.518824887282776,0.2153774136876998,0.0,0.24440774449187316,1,1
1790035486.4872663,14.51598589582028,14.538391999837188,18.624657558431377,17.484510082675914,1,12.29312834419746,-43.9895791057661,61.799287242970856,0.27094881917287994,0.0,0.2911785346002682,1,1
1790035486.5910182,14.51598589582028,14.538391999837188,18.593657593393036,17.35921807679617,1,12.282035159496887,-44.208505208974685,61.890396091326735,0.23171394381267651,0.0,0.09572682009762895,1,1
1790035486.6880126,14.51598589582028,14.538391999837188,18.589317906863823,17.428890879124577,1,12.270943287241344,-44.427312491649886,62.17806488851595,0.24305126039360858,0.0,0.2885590952574021,1,1
1790035486.7873454,14.51598589582028,14.538391999837188,18.533458163656217,17.438147726724974,1,12.25999485895528,-44.64322717397551,62.39754363271645,0.2528319237670329,0.0,0.22960671614133477,1,1
1790035486.8919,14.51598589582028,14.538391999837188,18.584807551384355,17.463664814629098,1,12.248891454057006,-44.86207339482932,62.6469590335103,0.2656326337564916,0.0,0.2522177193893484,1,1
1790035486.9910862,14.51598589582028,14.538391999837188,18.49203310202022,17.36694589283721,1,12.237835919240052,-45.07991434009369,62.75926493636061,0.18038510824874354,0.0,0.14611134646165172,1,1
1790035487.0901818,14.51598589582028,14.538391999837188,18.527422709703536,17.36496270827422,1,12.226843363392504,-45.296566089197405,62.977491942244946,0.20486706418495393,0.0,0.21962217031934644,1,1
1790035487.1895015,14.51598589582028,14.538391999837188,18.624129412320688,17.39731285031993,1,12.21523985690134,-45.52513430235525,63.247989857502695,0.22544373691571984,0.0,0.282505733533348,1,1
1790035487.2886393,14.51598589582028,14.538391999837188,18.59907723881784,17.398314938023415,1,12.204100322254137,-45.74411811201834,63.46544399310847,0.24126156502328033,0.0,0.22042539908119863,1,1
1790035487.387828,14.51598589582028,14.538391999837188,18.62191552929624,17.355847379495263,1,12.192929666184078,-45.96312139579232,63.644510100981535,0.21906425205887925,0.0,0.17978173081101964,1,1
1790035487.4926913,14.51598589582028,14.538391999837188,18.647088599310194,17.439407480111694,1,12.181575238990028,-46.18507291262655,63.95214905113363,0.24369642076593512,0.0,0.30768751428941776,1,1
1790035487.5918484,14.51598589582028,14.538391999837188,18.630998014148048,17.434100853729984,1,12.170285078902666,-46.40501096829156,64.16520092586182,0.24046103414120812,0.0,0.21468510548496678,1,1
1790035487.6909518,14.51598589582028,14.538391999837188,18.626567017305675,17.50802784672897,1,12.15901484667981,-46.62367510342114,64.45699771449226,0.25735886606815206,0.0,0.29267104981555186,1,1
1790035487.7901285,14.51598589582028,14.538391999837188,18.607391408712616,17.39092002067569,1,12.14757578519496,-46.84468876232317,64.5596054325948,0.22116831879341992,0.0,0.1041934559420588,1,1
1790035487.889279,14.51598589582028,14.538391999837188,18.57406973824737,17.354661048063527,1,12.13563468285784,-47.07448396980544,64.75004381230994,0.24039744807207764,0.0,0.19471364333599747,1,1
1790035487.988442,14.51598589582028,14.538391999837188,18.549522527885188,17.361834315930874,1,12.12414904593702,-47.29472268068489,64.97503972325947,0.26288782522986587,0.0,0.2277867704198336,1,1
1790035488.0876305,14.51598589582028,14.538391999837188,18.60821209818264,17.422988938017305,1,12.112587409300234,-47.51571847092404,65.2627677933055,0.2324564721020579,0.0,0.2907646595637319,1,1
1790035488.192352,14.51598589582028,14.538391999837188,18.61430322019285,17.367997417720932,1,12.100893082772515,-47.738568130786106,65.43156263715771,0.2609149754469329,0.0,0.1687977405007257,1,1
1790035488.2916074,14.51598589582028,14.538391999837188,18.65675534546624,17.443244815207468,1,12.089131101938086,-47.96202772267928,65.73418717805386,0.27084413101847726,0.0,0.3035869476860957,1,1
1790035488.390599,14.51598589582028,14.538391999837188,18.60376370189414,17.373628374359182,1,12.077445853569731,-48.18324052140686,65.88092200382457,0.23107443793624993,0.0,0.15712311735385814,1,1
1790035488.489835,14.51598589582028,14.538391999837188,18.63916751330673,17.415672860966723,1,12.065618542267035,-48.40607566782152,66.14918083742002,0.24284262960748526,0.0,0.26905761268345846,1,1
1790035488.5889623,14.51598589582028,14.538391999837188,18.539339754294488,17.402875168793198,1,12.053224552747537,-48.63829027291143,66.35891216186671,0.24411705924884508,0.0,0.23619577837351183,1,1
1790035488.6881273,14.51598589582028,14.538391999837188,18.62484790786896,17.36128944226803,1,12.04124706697902,-48.861482946662576,66.54922526151809,0.2344033716450502,0.0,0.20611776526745584,1,1
1790035488.7874415,14.51598589582028,14.538391999837188,18.621238286907115,17.33353305732953,1,12.029217629750669,-49.08461616913603,66.74447754693585,0.2105250443038209,0.0,0.19555818047609008,1,1
1790035488.892135,14.51598589582028,14.538391999837188,18.67855542226585,17.46867168084539,1,12.01695452191872,-49.31131110254117,67.11142247862811,0.2731818655889686,0.0,0.3684629332193115,1,1
1790035488.9913998,14.51598589582028,14.538391999837188,18.599120250550094,17.424446898484373,1,12.00477606235546,-49.535885895861504,67.28425925282917,0.21691475160498297,0.0,0.19248270515189167,1,1
1790035489.090485,14.51598589582028,14.538391999837188,18.491250018975247,17.348456798579154,1,11.992628883604352,-49.75962635977505,67.42200606515408,0.24040651281396608,0.0,0.17604849589385518,1,1
1790035489.1896331,14.51598589582028,14.538391999837188,18.597057171257635,17.352667530521074,1,11.98042901833094,-49.98437151839831,67.66133752734864,0.22722506554891875,0.0,0.2575780581045523,1,1
1790035489.2889502,14.51598589582028,14.538391999837188,18.64746594139677,17.506139008129818,1,11.96763598355266,-50.22012512792022,68.0548821326709,0.2735893581732425,0.0,0.3943230104833876,1,1
1790035489.3888168,14.51598589582028,14.538391999837188,18.552915381293776,17.36440101138816,1,11.95529257685703,-50.447614604674,68.13221036031842,0.21517029764197604,0.0,0.11879112927997561,1,1
1790035489.4879515,14.51598589582028,14.538391999837188,18.623518535680734,17.4868299890174,1,11.9430410560568,-50.67339254691943,68.48682147321625,0.2355985785926462,0.0,0.3579287027453644,1,1
1790035489.5927002,14.51598589582028,14.538391999837188,18.550627401638245,17.418725987707766,1,11.930545772817512,-50.903535620602014,68.64223854192527,0.25599984820879484,0.0,0.17292865514346742,1,1
1790035489.6919403,14.51598589582028,14.538391999837188,18.702811059805896,17.323686224183454,1,11.91826944452759,-51.12935199603994,68.7884325051008,0.20983383155735713,0.0,0.2101180843459886,1,1
1790035489.7910988,14.51598589582028,14.538391999837188,18.54769265692295,17.385093851269378,1,11.905857231585165,-51.35725854959354,69.06247165734582,0.21638977087563926,0.0,0.32259533748406766,1,1
1790035489.8902888,14.51598589582028,14.538391999837188,18.58571669662247,17.4469042459801,1,11.89334231907089,-51.58658076932387,69.35711879949676,0.23123203745223053,0.0,0.2954866915482816,1,1
1790035489.9894457,14.506907731321192,14.538391999837188,18.614750938757197,17.317526078610314,1,11.880031582943523,-51.83002350537617,69.47474403170868,0.2335707122392403,0.0,0.12167096207701084,1,1
1790035490.0885828,14.506907731321192,14.538391999837188,18.628438472911192,17.37739723722464,1,11.867895841618196,-52.051818406063454,69.75758683836281,0.255103233980444,0.0,0.28284732722615424,1,1
1790035490.1876836,14.506907731321192,14.538391999837188,18.666390313613213,17.374894804770573,1,11.855393015023465,-52.2804278771087,69.98752504638324,0.2387742366567811,0.0,0.23166800891037967,1,1
1790035490.2924604,14.506907731321192,14.538391999837188,18.57083718861104,17.433330762132645,1,11.842780655529268,-52.51132758531596,70.26750298718218,0.2446608323986088,0.0,0.3009888668264951,1,1
1790035490.3916633,14.506907731321192,14.538391999837188,18.640814276883,17.42867914978923,1,11.830257656268405,-52.74095364267422,70.49936912988484,0.25837778995106353,0.0,0.23962421695784486,1,1
1790035490.4907618,14.506907731321192,14.538391999837188,18.51838808689691,17.433175903588833,1,11.817781092193234,-52.970066678156144,70.72138785488801,0.22790363887355536,0.0,0.2581907316038098,1,1
1790035490.5901537,14.506907731321192,14.538391999837188,18.55095255018243,17.418037987171832,1,11.805144558675549,-53.20250883684406,70.94200137563993,0.22528642361164497,0.0,0.22195554469519502,1,1
1790035490.689125,14.506907731321192,14.538391999837188,18.5314812309962,17.428590288969573,1,11.792133426152898,-53.4424658248108,71.19076768456183,0.20476115853257415,0.0,0.2505925742515813,1,1
1790035490.7883315,14.506907731321192,14.538391999837188,18.562338007550785,17.342142449079393,1,11.779630854340947,-53.673856175564765,71.33917000485543,0.22475620985796319,0.0,0.15128900999830808,1,1
1790035490.887448,14.506907731321192,14.538391999837188,18.63835895959027,17.418356407676256,1,11.767195595832009,-53.90487493943864,71.65344524700488,0.2599321354446187,0.0,0.31971306970683866,1,1
1790035490.9921544,14.506907731321192,14.538391999837188,18.571969112696507,17.478833124043472,1,11.754664095393425,-54.13843911363757,71.94101285403941,0.2698663918161528,0.0,0.29893271284323375,1,1
1790035491.0914617,14.506907731321192,14.538391999837188,18.580635331687663,17.407879565290965,1,11.742237984350806,-54.37045500446367,72.10334938050865,0.2246686142308727,0.0,0.16243756092492792,1,1
1790035491.190672,14.506907731321192,14.538391999837188,18.61611362515008,17.375290884885988,1,11.729784483814708,-54.60294682882838,72.30690308272632,0.23710338165163813,0.0,0.20556926774423484,1,1
1790035491.2899988,14.506907731321192,14.538391999837188,18.626224767436145,17.379601564234182,1,11.716711356678497,-54.84667228547662,72.5560198039202,0.21933187136846444,0.0,0.24911731194095538,1,1
1790035491.388921,14.506907731321192,14.538391999837188,18.58208603665534,17.474406313582588,1,11.70418619427926,-55.0798674471616,72.87954546503956,0.2619916248255194,0.0,0.3295198921821284,1,1
1790035491.4880626,14.506907731321192,14.538391999837188,18.550638650140527,17.285635165045946,1,11.691599869091611,-55.31398161514321,72.92290977210288,0.1955531070476786,0.0,0.04910935803667571,1,1
1790035491.592962,14.506907731321192,14.538391999837188,18.683214802516744,17.53374057922277,1,11.67888435000638,-55.55021937583653,73.41883850757021,0.27052770740503407,0.0,0.5056658786583742,1,1
1790035491.6881127,14.506907731321192,14.538391999837188,18.582404489493683,17.30943227956141,1,11.666161378610513,-55.78615019986988,73.42205797154,0.2240732279755,0.0,0.08885078968542462,1,1
1790035491.7927942,14.506907731321192,14.538391999837188,18.587143753956354,17.391963034100385,1,11.653314623884716,-56.023780653663984,73.74245322494055,0.25038557865870814,0.0,0.32064383261212837,1,1
1790035491.8920286,14.506907731321192,14.538391999837188,18.59317176071504,17.350604779496326,1,11.640579457116798,-56.258639260457045,73.93686054921093,0.1973964575298166,0.0,0.1944079293085989,1,1
1790035491.991183,14.506907731321192,14.538391999837188,18.631646009889973,17.432499550356724,1,11.627815598198668,-56.493319037814814,74.25685351782003,0.22956026195944856,0.0,0.3206942286672664,1,1
1790035492.0903091,14.506907731321192,14.538391999837188,18.527947671775184,17.441234018177163,1,11.614975925586116,-56.7287734191049,74.49147052924975,0.26507234937436897,0.0,0.26054460486981607,1,1
1790035492.1895585,14.506907731321192,14.538391999837188,18.705302201863446,17.414872198214272,1,11.60149013753843,-56.97553842119351,74.72882534851828,0.2627369520237015,0.0,0.2915434611123619,1,1
1790035492.2887232,14.506907731321192,14.538391999837188,18.585801694662724,17.399174020872042,1,11.588558779607398,-57.21182272008716,74.93838964837526,0.19843338191123427,0.0,0.24498004122206274,1,1
1790035492.387865,14.506907731321192,14.538391999837188,18.633430791114577,17.319740601317058,1,11.57560267873363,-57.4483993671371,75.10051725525109,0.22793500492775554,0.0,0.1684178140296177,1,1
1790035492.4926274,14.506907731321192,14.538391999837188,18.61088748791501,17.386750984119278,1,11.56250971539801,-57.68752578783187,75.40442070631957,0.19804171037474028,0.0,0.30628263316567766,1,1
1790035492.5918102,14.506907731321192,14.538391999837188,18.695059203413955,17.39756554490217,1,11.54950190537298,-57.9254418770841,75.66118183184945,0.23067278936396063,0.0,0.2670408141987974,1,1
1790035492.6919937,14.506907731321192,14.538391999837188,18.686062333322127,17.351087146703318,1,11.536431371784658,-58.16501364357525,75.85379820057587,0.2430146250644296,0.0,0.19313633426351476,1,1
1790035492.7917252,14.506907731321192,14.538391999837188,18.63203091110629,17.42224419478198,1,11.52311058782454,-58.40972910693184,76.16445971051462,0.24813605777823833,0.0,0.3184851637794194,1,1
1790035492.8902102,14.506907731321192,14.538391999837188,18.55921559037291,17.415143987324267,1,11.510486567805552,-58.64205548373009,76.3831275362127,0.2165622862881902,0.0,0.23313047856833546,1,1
1790035492.9893804,14.506907731321192,14.538391999837188,18.66329389460773,17.390084596378088,1,11.49694594150568,-58.89163862338695,76.61760790028471,0.25995700644837294,0.0,0.2534662236970097,1,1
1790035493.08945,14.506907731321192,14.538391999837188,18.518069820307662,17.405396040268545,1,11.483888747868772,-59.13245492048701,76.86040809838761,0.23334760634967688,0.0,0.2882178066135605,1,1
1790035493.1900177,14.506907731321192,14.538391999837188,18.557546798026525,17.389157134659225,1,11.471236608459702,-59.36552984340478,77.08111159812984,0.23258140575316766,0.0,0.2230141324103232,1,1
1790035493.2890964,14.506907731321192,14.538391999837188,18.598588564281894,17.320991570791644,1,11.45756692133894,-59.6165012452408,77.26818226748979,0.2072647391895286,0.0,0.1908174979551699,1,1
1790035493.3908749,14.506907731321192,14.538391999837188,18.52188503580012,17.430377523368694,1,11.44443893050202,-59.85650601668336,77.61026098852503,0.2304832322703696,0.0,0.35512776154193015,1,1
1790035493.492401,14.506907731321192,14.538391999837188,18.576532017957668,17.27803696450139,1,11.431069449395572,-60.09989016792465,77.70715052445145,0.1978523499972793,0.0,0.11364495143780941,1,1
1790035493.591498,14.506907731321192,14.538391999837188,18.64191015459656,17.41989266935613,1,11.417739262956763,-60.34171164796347,78.0964515908053,0.2259159521754146,0.0,0.39166718311540194,1,1
1790035493.6906853,14.506907731321192,14.538391999837188,18.566974211564325,17.34043267103951,1,11.404320785794914,-60.58452683821864,78.25345307791349,0.20289347255338486,0.0,0.1745546256631267,1,1
1790035493.7898157,14.506907731321192,14.538391999837188,18.644458347581867,17.423741712720442,1,11.390331064958175,-60.83724706214401,78.59646764742016,0.26228756007574683,0.0,0.3482572810892924,1,1
1790035493.888975,14.506907731321192,14.538391999837188,18.721798066900355,17.427283611528665,1,11.376886358243508,-61.07987700238501,78.84999680194541,0.22833351941791813,0.0,0.2623783267555591,1,1
1790035493.9883487,14.506907731321192,14.538391999837188,18.622053109829253,17.397927785086992,1,11.363373691306334,-61.32362302785623,79.055493100073,0.20539453962004872,0.0,0.23108259411229956,1,1
1790035494.092825,14.506907731321192,14.538391999837188,18.64350674612619,17.437528441654827,1,11.349756140118703,-61.56925764066677,79.3427441229528,0.24209050700848467,0.0,0.2873832755901641,1,1
1790035494.1921349,14.506907731321192,14.538391999837188,18.66525420319441,17.380208035660555,1,11.33626288785711,-61.8127381948593,79.53135762936716,0.2303912628549032,0.0,0.1894663779441251,1,1
1790035494.2912378,14.506907731321192,14.538391999837188,18.580897579118957,17.38231902304682,1,11.32274531559063,-62.05682126385825,79.77003061177264,0.22742282709704575,0.0,0.25618291250705744,1,1
1790035494.3903935,14.506907731321192,14.538391999837188,18.6422080388251,17.481192903607255,1,11.30920477922823,-62.30151070113208,80.11899107756504,0.22693462126177932,0.0,0.35162256038790374,1,1
1790035494.4896393,14.506907731321192,14.538391999837188,18.579725928108687,17.385035495202764,1,11.295076477358553,-62.5567757135465,80.27302969837145,0.2653323157219738,0.0,0.16629287562540676,1,1
1790035494.5888577,14.506907731321192,14.538391999837188,18.61837181395964,17.393986106591775,1,11.281542832952834,-62.80096849643229,80.52986901316574,0.18516677839992113,0.0,0.25846524223340817,1,1
1790035494.687941,14.506907731321192,14.538391999837188,18.650270635423144,17.293685317061467,1,11.267889410676728,-63.04685114325351,80.67900192292099,0.22993074863422658,0.0,0.1525420731535556,1,1
1790035494.792665,14.506907731321192,14.538391999837188,18.561332700420305,17.367153364894346,1,11.254085596416168,-63.2948477706906,80.99231005123933,0.2227199257554986,0.0,0.33012826832330133,1,1
1790035494.891842,14.506907731321192,14.538391999837188,18.486650152146844,17.35809225937398,1,11.240458867678036,-63.53886639269099,81.2208421975851,0.22993856047582284,0.0,0.242760885748901,1,1
1790035494.99098,14.506907731321192,14.538391999837188,18.556910146973856,17.396218948866476,1,11.22663837291102,-63.78536970918127,81.51185939068063,0.21375412426803786,0.0,0.29678909858033026,1,1
1790035495.0903013,14.506907731321192,14.538391999837188,18.658316247349163,17.394021149032884,1,11.212728968556736,-64.03253754367574,81.7662597314029,0.21915249406505044,0.0,0.27075447090084304,1,1
1790035495.1895025,14.506907731321192,14.538391999837188,18.551127266752594,17.403426454531743,1,11.198144034613204,-64.29086961606029,82.02453518845243,0.21390005786787203,0.0,0.28329986405291463,1,1
1790035495.289531,14.506907731321192,14.538391999837188,18.65512663383822,17.357476240786674,1,11.18401264969532,-64.54047573210462,82.23802089981291,0.2098800969824972,0.0,0.2354370427741598,1,1
1790035495.3886185,14.506907731321192,14.538391999837188,18.55713920857008,17.43420162955613,1,11.169967053585204,-64.7879859108036,82.55336720188626,0.26316008815041103,0.0,0.33492526613256546,1,1
1790035495.4932806,14.506907731321192,14.538391999837188,18.59159114697961,17.438648416127894,1,11.15572341490013,-65.03847394179722,82.8116407359082,0.24258161062237438,0.0,0.2595438699635811,1,1
1790035495.5925453,14.506907731321192,14.538391999837188,18.601985613176385,17.441357363996897,1,11.141529017219735,-65.28764182337008,83.06470802430789,0.2414228124756974,0.0,0.2530741974924644,1,1
1790035495.6917338,14.506907731321192,14.538391999837188,18.55091404706412,17.405669949053006,1,11.127224306299988,-65.5382277578062,83.27545458400722,0.24666114426261698,0.0,0.21802104329788602,1,1
1790035495.790805,14.506907731321192,14.538391999837188,18.592133452047992,17.345479635387214,1,11.112943255672816,-65.7877802183367,83.4690192820087,0.20084684034328237,0.0,0.19732795858227567,1,1
1790035495.890066,14.506907731321192,14.538391999837188,18.52449405537272,17.440561633356154,1,11.097917258142289,-66.04961297902253,83.81982641195724,0.23131433760670062,0.0,0.360771831931416,1,1
1790035495.9891782,14.506907731321192,14.538391999837188,18.58512033365525,17.355160167510054,1,11.083472761936704,-66.30051165594408,83.9913456525357,0.21535968039941578,0.0,0.18172767553677027,1,1
1790035496.0886047,14.506907731321192,14.538391999837188,18.597859005919982,17.462675124459885,1,11.068934057307484,-66.55211449870554,84.35146463640442,0.2513509193555623,0.0,0.3601522585791903,1,1
1790035496.1930337,14.506907731321192,14.538391999837188,18.488631060497557,17.331442247097254,1,11.054196802852934,-66.80608208431111,84.46534089997847,0.21342537370366133,0.0,0.15489447791018288,1,1
1790035496.292385,14.506907731321192,14.538391999837188,18.556523630671386,17.479333124928434,1,11.039373936478317,-67.06034735205867,84.87322967035001,0.2728940451408124,0.0,0.41057448638480415,1,1
1790035496.3925383,14.506907731321192,14.538391999837188,18.616797301912115,17.44464004361548,1,11.024526030266248,-67.3146833520835,85.09868086850081,0.22620709473528278,0.0,0.2321341490157584,1,1
1790035496.4929156,14.506907731321192,14.538391999837188,18.54565990680984,17.350297387828892,1,11.009672909145133,-67.56870398896434,85.25272954492884,0.25350568685864383,0.0,0.16930734521550603,1,1
1790035496.592315,14.506907731321192,14.538391999837188,18.625058638602287,17.40918789813919,1,10.994824672871973,-67.82231988076875,85.572369305973,0.21970076497688185,0.0,0.3264088576497797,1,1
1790035496.6914537,14.506907731321192,14.538391999837188,18.63010489370936,17.396890632045995,1,10.979934487630077,-68.0763078470009,85.81487496629356,0.25004320434363514,0.0,0.24251155887390294,1,1
1790035496.790583,14.506907731321192,14.538391999837188,18.616575139088884,17.414180135837675,1,10.96509373363217,-68.32913835510527,86.08403936582745,0.22035942955065568,0.0,0.2701231932768608,1,1
1790035496.8897457,14.506907731321192,14.538391999837188,18.6415563222204,17.44662459568964,1,10.94954122645283,-68.59375694274507,86.38353055712028,0.23220076182098692,0.0,0.2998156670944882,1,1
1790035496.98894,14.506907731321192,14.538391999837188,18.521674353046564,17.293910753825376,1,10.934549601715007,-68.84850549459058,86.47589455511648,0.20351133998071624,0.0,0.14633204159329533,1,1
1790035497.4142115,14.506907731321192,14.538391999837188,18.652755222648725,17.465660436255515,1,10.87035573823476,-69.93318255627211,87.74464939908019,0.21838464633187904,0.0,1.2715110635379705,1,1
1790035497.417716,14.506907731321192,14.538391999837188,18.551636801790483,17.31328241126514,1,10.870038770114622,-69.93853709780099,87.58930845692811,0.17502853160473641,0.0,0.17826058892325836,1,1
1790035497.516738,14.506907731321192,14.538391999837188,18.60761969381651,17.452816092909945,1,10.854876232126932,-70.19448570923754,87.98951383193054,0.24579656357772262,0.0,0.40183070608494514,1,1
1790035497.61673,14.506907731321192,14.538391999837188,18.692547678887863,17.43208906019749,1,10.839581525693736,-70.45235034323466,88.23459506712064,0.23830987558745287,0.0,0.25744675145641105,1,1
1790035497.7155108,14.506907731321192,14.538391999837188,18.584082117936862,17.361617650513175,1,10.824351842713948,-70.70880837110086,88.41161322797362,0.25577021253698407,0.0,0.20804795380824434,1,1
1790035497.8144827,14.506907731321192,14.538391999837188,18.603240517349683,17.391310946398157,1,10.809069975221265,-70.96583754858278,88.7002524494936,0.23943865279408882,0.0,0.2887834980018065,1,1
1790035497.919072,14.506907731321192,14.538391999837188,18.55191455747971,17.508711964135582,1,10.7929151372516,-71.23721804920463,89.08446646826695,0.27119486719683294,0.0,0.39036915456201937,1,1
1790035498.0182698,14.506907731321192,14.538391999837188,18.69192637286976,17.46307661577019,1,10.777517690286327,-71.49556407547534,89.31000850089019,0.25032207298513454,0.0,0.263434757237476,1,1
1790035498.1174257,14.506907731321192,14.538391999837188,18.55662543287569,17.449025147807284,1,10.762093168620927,-71.75405977397132,89.54297902560845,0.23861910295329825,0.0,0.27225601464837124,1,1
1790035498.2169242,14.506907731321192,14.538391999837188,18.634649273241045,17.428401462802622,1,10.746587330514473,-72.013611642697,89.78917100395046,0.2272676886512932,0.0,0.25658230206166727,1,1
1790035498.3165734,14.506907731321192,14.538391999837188,18.66515121611834,17.438042738735483,1,10.731007003288104,-72.27409877731543,90.06230609853343,0.24886404933313955,0.0,0.2740308993615016,1,1
1790035498.416422,14.506907731321192,14.538391999837188,18.639668664581368,17.43811949576103,1,10.715343827407072,-72.53565934498515,90.3220670877752,0.23439464294569134,0.0,0.26182152282035154,1,1
1790035498.5160563,14.506907731321192,14.538391999837188,18.61970752316625,17.31709362510671,1,10.699720641146367,-72.7962434698739,90.46070812571044,0.194386684246318,0.0,0.1396256573122737,1,1
1790035498.6151175,14.506907731321192,14.538391999837188,18.60684900663668,17.37846458364996,1,10.684098824652947,-73.05650145898751,90.78134749814588,0.20990760703833544,0.0,0.32164081799042643,1,1
1790035498.7142122,14.506907731321192,14.538391999837188,18.53867590488415,17.49036501255746,1,10.668448238638229,-73.31694987521016,91.14773129729957,0.25236980545732735,0.0,0.3760349413673955,1,1
1790035498.819128,14.506907731321192,14.538391999837188,18.68911771981044,17.4742352116072,1,10.651850465325056,-73.59285964935029,91.42107760978676,0.26855366980639417,0.0,0.30884924884114473,1,1
1790035498.9179463,14.506907731321192,14.538391999837188,18.615428623608945,17.473805437640053,1,10.63616032818492,-73.85341322933748,91.67513071698501,0.23115903793745707,0.0,0.26651130128111367,1,1
1790035499.017017,14.506907731321192,14.538391999837188,18.60327061179624,17.416414045437307,1,10.620389639127048,-74.11505826423922,91.87892474229814,0.2539390008005191,0.0,0.20428558929275695,1,1
1790035499.1164782,14.506907731321192,14.538391999837188,18.54799438424305,17.42612374681736,1,10.604559020085,-74.37746096206308,92.1466023832954,0.21612919744111947,0.0,0.27495656717256955,1,1
1790035499.2157266,14.506907731321192,14.538391999837188,18.605687249187373,17.341141575750697,1,10.588708997227014,-74.6399608004738,92.32981714829667,0.2421582351961229,0.0,0.19214858460466888,1,1
1790035499.3146074,14.506907731321192,14.538391999837188,18.600108097175323,17.40228770339958,1,10.57284423202022,-74.90249078126507,92.6531656030372,0.20425552180787498,0.0,0.32383949267153006,1,1
1790035499.41446,14.506907731321192,14.538391999837188,18.692546011098383,17.45098484801809,1,10.556837462398487,-75.16716639922515,92.97479063728304,0.23049104936053189,0.0,0.3316062992695835,1,1
1790035499.5187006,14.506907731321192,14.538391999837188,18.603240224720725,17.418713547082472,1,10.540083773462332,-75.4439850667015,93.21209838745155,0.2535120638149042,0.0,0.255082773477879,1,1
1790035499.617828,14.506907731321192,14.538391999837188,18.60487857167136,17.39612848235264,1,10.52407556750588,-75.70830360471956,93.4544522826407,0.22560363409847994,0.0,0.2423767169871997,1,1
1790035499.717972,14.506907731321192,14.538391999837188,18.548546592896734,17.39872158771207,1,10.507914278171963,-75.9749772297685,93.7192584204451,0.22824945256471008,0.0,0.2722466829824651,1,1
1790035499.817103,14.506907731321192,14.538391999837188,18.565363039933526,17.343758404646263,1,10.49191138944524,-76.23887726376059,93.93024177653619,0.2104448827401244,0.0,0.2114987387077005,1,1
1790035499.9160335,14.506907731321192,14.538391999837188,18.628229043493526,17.425837414589083,1,10.475818258406727,-76.5041164675019,94.28307397354277,0.2131619608345705,0.0,0.3561804128433871,1,1
1790035500.014971,14.506907731321192,14.538391999837188,18.513332577197747,17.400139949717662,1,10.45973391121268,-76.76906788423429,94.51296289687883,0.2541650642605875,0.0,0.258855728857726,1,1
1790035500.114882,14.506907731321192,14.538391999837188,18.652453022061145,17.459235368537236,1,10.44350765236713,-77.03621963163245,94.8513457984214,0.2781819681551352,0.0,0.36134445037711205,1,1
1790035500.2192895,14.506907731321192,14.538391999837188,18.653959794910413,17.40821984193749,1,10.426459943908602,-77.31675747320546,95.08161273954381,0.20459395036828365,0.0,0.23027106168011427,1,1
1790035500.3149548,14.506907731321192,14.538391999837188,18.56041568636769,17.352089240224515,1,10.41093647515333,-77.57210099248545,95.27337457416802,0.18751139914654358,0.0,0.21394627072796762,1,1
1790035500.4170246,14.506907731321192,14.538391999837188,18.619898198003668,17.42523818331068,1,10.394147055673209,-77.8481527001858,95.62783063677155,0.2682309047774636,0.0,0.3574332133223091,1,1
1790035500.516111,14.506907731321192,14.538391999837188,18.667034508346404,17.461273164109524,1,10.377900007188725,-78.11518032758725,95.93522925822798,0.2298538394315166,0.0,0.30961975819605597,1,1
1790035500.6155674,14.506907731321192,14.538391999837188,18.59605651993959,17.344063887649376,1,10.361598867544677,-78.38300183393973,96.08057766528324,0.19930541998469353,0.0,0.1602298398668794,1,1
