timestamp,msg_type,lat,lon,alt,relative_alt,vx,vy,vz,hdg,xacc,yacc,zacc,xgyro,ygyro,zgyro,roll,pitch,yaw,fix_type,satellites_visible
1790035875.4864836,GLOBAL_POSITION_INT,-35.3615008,149.1673974,581.72,-0.601,-0.02,0.0,0.0,45.42,,,,,,,,,,,
1790035875.4879282,GPS_RAW_INT,,,,,,,,,,,,,,,,,,6,10
1790035875.488978,ATTITUDE,,,,,,,,,,,,,,,0.001965530449524522,0.0015455435495823622,0.7928736805915833,,
1790035875.4891927,RAW_IMU,,,,,,,,,0,0,-1001,0,0,0,,,,,
1790035875.4893355,ATTITUDE,,,,,,,,,,,,,,,0.0019654317293316126,0.0015447498299181461,0.7928799390792847,,
1790035875.4896193,RAW_IMU,,,,,,,,,0,0,-1001,0,0,0,,,,,
1790035875.4898558,ATTITUDE,,,,,,,,,,,,,,,0.0019661642145365477,0.0015449905768036842,0.7928858995437622,,
1790035875.4900331,RAW_IMU,,,,,,,,,0,0,-1001,0,0,0,,,,,
1790035875.4901645,ATTITUDE,,,,,,,,,,,,,,,0.001967360032722354,0.0015459134010598063,0.7928920984268188,,
1790035875.4903364,RAW_IMU,,,,,,,,,0,0,-1001,0,0,0,,,,,
1790035875.4904625,ATTITUDE,,,,,,,,,,,,,,,0.0019695886876434088,0.0015483807073906064,0.7928975820541382,,
1790035875.4906962,RAW_IMU,,,,,,,,,0,0,-1001,0,0,0,,,,,
1790035875.4909449,ATTITUDE,,,,,,,,,,,,,,,0.001972476253286004,0.0015520818997174501,0.7929025888442993,,
1790035875.4911168,RAW_IMU,,,,,,,,,0,0,-1001,0,0,0,,,,,
1790035875.4912443,ATTITUDE,,,,,,,,,,,,,,,0.001970745390281081,0.0015501948073506355,0.792907178401947,,
1790035875.4914498,RAW_IMU,,,,,,,,,0,0,-1001,0,0,0,,,,,
1790035875.4915988,GLOBAL_POSITION_INT,-35.3615008,149.1673974,581.72,-0.601,-0.02,0.0,0.0,45.43,,,,,,,,,,,
1790035875.4918756,GPS_RAW_INT,,,,,,,,,,,,,,,,,,6,10
1790035875.492092,ATTITUDE,,,,,,,,,,,,,,,0.001968728145584464,0.0015495105180889368,0.7929139137268066,,
1790035875.4929314,RAW_IMU,,,,,,,,,0,0,-1001,0,0,0,,,,,
1790035875.5119948,ATTITUDE,,,,,,,,,,,,,,,0.0019675507210195065,0.0015485892072319984,0.7929194569587708,,
1790035875.5128522,RAW_IMU,,,,,,,,,0,0,-1001,0,0,0,,,,,
1790035875.5321186,ATTITUDE,,,,,,,,,,,,,,,0.0019664012361317873,0.0015461512375622988,0.7929258346557617,,
1790035875.5329075,RAW_IMU,,,,,,,,,0,0,-1001,0,0,0,,,,,
1790035875.550591,ATTITUDE,,,,,,,,,,,,,,,0.001966106006875634,0.0015463917516171932,0.7929310202598572,,
1790035875.5516367,RAW_IMU,,,,,,,,,0,0,-1001,0,0,0,,,,,
1790035875.575464,ATTITUDE,,,,,,,,,,,,,,,0.0019676480442285538,0.0015471833758056164,0.7929370999336243,,
1790035875.5762138,RAW_IMU,,,,,,,,,0,0,-1001,0,0,0,,,,,
1790035875.5830746,GLOBAL_POSITION_INT,-35.3615008,149.1673974,581.72,-0.601,-0.02,0.0,0.0,45.43,,,,,,,,,,,
1790035875.5833948,GPS_RAW_INT,,,,,,,,,,,,,,,,,,6,10
1790035875.59558,ATTITUDE,,,,,,,,,,,,,,,0.001967854332178831,0.0015483546303585172,0.7929428219795227,,
1790035875.5967798,RAW_IMU,,,,,,,,,0,0,-1001,0,0,0,,,,,
1790035875.6180081,ATTITUDE,,,,,,,,,,,,,,,0.001969016855582595,0.001549241249449551,0.7929498553276062,,
1790035875.6187851,RAW_IMU,,,,,,,,,0,0,-1001,0,0,0,,,,,
1790035875.6354945,ATTITUDE,,,,,,,,,,,,,,,0.001971401972696185,0.0015508919022977352,0.7929559350013733,,
1790035875.6365438,RAW_IMU,,,,,,,,,0,0,-1001,0,0,0,,,,,
1790035875.6555426,ATTITUDE,,,,,,,,,,,,,,,0.0019749137572944164,0.0015548879746347666,0.7929604649543762,,
1790035875.6568637,RAW_IMU,,,,,,,,,0,0,-1001,0,0,0,,,,,
1790035875.6756032,ATTITUDE,,,,,,,,,,,,,,,0.001974154030904174,0.0015530347591266036,0.7929657101631165,,
1790035875.6767213,RAW_IMU,,,,,,,,,0,0,-1001,0,0,0,,,,,
1790035875.683433,GLOBAL_POSITION_INT,-35.3615008,149.1673974,581.72,-0.601,-0.02,0.0,0.0,45.43,,,,,,,,,,,
1790035875.684196,GPS_RAW_INT,,,,,,,,,,,,,,,,,,6,10
1790035875.6959121,ATTITUDE,,,,,,,,,,,,,,,0.0019712524954229593,0.001551759778521955,0.7929711937904358,,
1790035875.6969414,RAW_IMU,,,,,,,,,0,0,-1001,0,0,0,,,,,
1790035875.7156777,ATTITUDE,,,,,,,,,,,,,,,0.001971327932551503,0.0015513607067987323,0.7929774522781372,,
1790035875.716962,RAW_IMU,,,,,,,,,0,0,-1000,0,0,0,,,,,
1790035875.7355664,ATTITUDE,,,,,,,,,,,,,,,0.0019702690187841654,0.0015505007468163967,0.7929840683937073,,
1790035875.736393,RAW_IMU,,,,,,,,,0,0,-1001,0,0,0,,,,,
1790035875.7549047,ATTITUDE,,,,,,,,,,,,,,,0.0019705614540725946,0.0015494838589802384,0.7929896116256714,,
1790035875.7559526,RAW_IMU,,,,,,,,,0,0,-1001,0,0,0,,,,,
1790035875.774307,ATTITUDE,,,,,,,,,,,,,,,0.0019712166395038366,0.0015501141315326095,0.7929956912994385,,
1790035875.7754533,RAW_IMU,,,,,,,,,0,0,-1001,0,0,0,,,,,
1790035875.7873526,GLOBAL_POSITION_INT,-35.3615008,149.1673974,581.72,-0.601,-0.02,0.0,0.0,45.43,,,,,,,,,,,
1790035875.788211,GPS_RAW_INT,,,,,,,,,,,,,,,,,,6,10
1790035875.7941463,ATTITUDE,,,,,,,,,,,,,,,0.0019719020929187536,0.0015496733831241727,0.7930002808570862,,
1790035875.7956092,RAW_IMU,,,,,,,,,0,0,-1001,0,0,0,,,,,
1790035875.8136141,ATTITUDE,,,,,,,,,,,,,,,0.0019744648598134518,0.0015505882911384106,0.7930046916007996,,
1790035875.8153138,RAW_IMU,,,,,,,,,0,0,-1001,0,0,0,,,,,
1790035875.8334846,ATTITUDE,,,,,,,,,,,,,,,0.0019753582309931517,0.001553680864162743,0.7930086255073547,,
1790035875.83432,RAW_IMU,,,,,,,,,0,0,-1001,0,0,0,,,,,
1790035875.8715374,ATTITUDE,,,,,,,,,,,,,,,0.001977612031623721,0.0015562053304165602,0.7930126786231995,,
1790035875.8720574,RAW_IMU,,,,,,,,,0,0,-1000,0,0,0,,,,,
1790035875.8737214,ATTITUDE,,,,,,,,,,,,,,,0.001975970109924674,0.001555304042994976,0.7930179238319397,,
1790035875.8763778,RAW_IMU,,,,,,,,,0,0,-1001,0,0,0,,,,,
1790035875.8867488,GLOBAL_POSITION_INT,-35.3615008,149.1673974,581.72,-0.601,-0.02,0.0,0.0,45.43,,,,,,,,,,,
1790035875.8874145,GPS_RAW_INT,,,,,,,,,,,,,,,,,,6,10
1790035875.8935814,ATTITUDE,,,,,,,,,,,,,,,0.001973456935957074,0.0015536433784291148,0.7930247783660889,,
1790035875.8946834,RAW_IMU,,,,,,,,,0,0,-1001,0,0,0,,,,,
1790035875.9137802,ATTITUDE,,,,,,,,,,,,,,,0.0019707665778696537,0.0015517764259129763,0.7930318117141724,,
1790035875.914876,RAW_IMU,,,,,,,,,0,0,-1001,0,0,0,,,,,
1790035875.9326334,ATTITUDE,,,,,,,,,,,,,,,0.0019705172162503004,0.0015509173972532153,0.7930401563644409,,
1790035875.9335816,RAW_IMU,,,,,,,,,0,0,-1001,0,0,0,,,,,
1790035875.951205,ATTITUDE,,,,,,,,,,,,,,,0.0019682187121361494,0.001550105749629438,0.793043851852417,,
1790035875.952376,RAW_IMU,,,,,,,,,0,0,-1001,0,0,0,,,,,
1790035875.9763637,ATTITUDE,,,,,,,,,,,,,,,0.0019689081236720085,0.001549708191305399,0.7930499315261841,,
1790035875.9775903,RAW_IMU,,,,,,,,,0,0,-1001,0,0,0,,,,,
1790035875.9837286,GLOBAL_POSITION_INT,-35.3615008,149.1673974,581.72,-0.601,-0.02,0.0,0.0,45.43,,,,,,,,,,,
1790035875.9851038,GPS_RAW_INT,,,,,,,,,,,,,,,,,,6,10
1790035875.996085,ATTITUDE,,,,,,,,,,,,,,,0.0019689055625349283,0.0015500789741054177,0.7930548191070557,,
1790035875.9973307,RAW_IMU,,,,,,,,,0,0,-1001,0,0,0,,,,,
1790035876.016404,ATTITUDE,,,,,,,,,,,,,,,0.0019690883345901966,0.0015517111169174314,0.7930611371994019,,
1790035876.0170348,RAW_IMU,,,,,,,,,0,0,-1001,0,0,0,,,,,
1790035876.0361412,ATTITUDE,,,,,,,,,,,,,,,0.0019718226976692677,0.0015540826134383678,0.7930680513381958,,
1790035876.0375125,RAW_IMU,,,,,,,,,0,0,-1001,0,0,0,,,,,
1790035876.0563862,ATTITUDE,,,,,,,,,,,,,,,0.0019755461253225803,0.0015568439848721027,0.7930719256401062,,
1790035876.057735,RAW_IMU,,,,,,,,,0,0,-1001,0,0,0,,,,,
1790035876.0762699,ATTITUDE,,,,,,,,,,,,,,,0.001974918879568577,0.00155321613419801,0.7930769324302673,,
1790035876.077843,RAW_IMU,,,,,,,,,0,0,-1001,0,0,0,,,,,
1790035876.084146,GLOBAL_POSITION_INT,-35.3615008,149.1673974,581.72,-0.601,-0.02,0.0,0.0,45.44,,,,,,,,,,,
1790035876.0847619,GPS_RAW_INT,,,,,,,,,,,,,,,,,,6,10
1790035876.096451,ATTITUDE,,,,,,,,,,,,,,,0.001972832717001438,0.0015520845772698522,0.7930822372436523,,
1790035876.0975504,RAW_IMU,,,,,,,,,0,0,-1001,0,0,0,,,,,
1790035876.124912,ATTITUDE,,,,,,,,,,,,,,,0.00197144434787333,0.0015527523355558515,0.7930874228477478,,
1790035876.1266847,RAW_IMU,,,,,,,,,0,0,-1001,0,0,0,,,,,
1790035876.1363733,ATTITUDE,,,,,,,,,,,,,,,0.001970525598153472,0.0015519876033067703,0.7930930256843567,,
1790035876.1372578,RAW_IMU,,,,,,,,,0,0,-1001,0,0,0,,,,,
1790035876.155966,ATTITUDE,,,,,,,,,,,,,,,0.001969323493540287,0.0015515325358137488,0.7930995225906372,,
1790035876.1570783,RAW_IMU,,,,,,,,,0,0,-1001,0,0,0,,,,,
1790035876.1759677,ATTITUDE,,,,,,,,,,,,,,,0.001968459226191044,0.0015504731563851237,0.7931056022644043,,
1790035876.1773155,RAW_IMU,,,,,,,,,0,0,-1001,0,0,0,,,,,
1790035876.1889372,GLOBAL_POSITION_INT,-35.3615008,149.1673974,581.72,-0.601,-0.02,0.0,0.0,45.44,,,,,,,,,,,
1790035876.1907663,GPS_RAW_INT,,,,,,,,,,,,,,,,,,6,10
1790035876.195769,ATTITUDE,,,,,,,,,,,,,,,0.0019680457189679146,0.0015515726990997791,0.7931118011474609,,
1790035876.197522,RAW_IMU,,,,,,,,,0,0,-1001,0,0,0,,,,,
1790035876.2158694,ATTITUDE,,,,,,,,,,,,,,,0.0019700101111084223,0.001553650014102459,0.7931188941001892,,
1790035876.2164593,RAW_IMU,,,,,,,,,0,0,-1001,0,0,0,,,,,
1790035876.235737,ATTITUDE,,,,,,,,,,,,,,,0.0019729663617908955,0.0015551812248304486,0.793126106262207,,
1790035876.2368968,RAW_IMU,,,,,,,,,0,0,-1001,0,0,0,,,,,
1790035876.255826,ATTITUDE,,,,,,,,,,,,,,,0.001975263701751828,0.0015564576024189591,0.7931310534477234,,
1790035876.25701,RAW_IMU,,,,,,,,,0,0,-1001,0,0,0,,,,,
1790035876.275652,ATTITUDE,,,,,,,,,,,,,,,0.0019739444833248854,0.001554291695356369,0.7931371331214905,,
1790035876.2766888,RAW_IMU,,,,,,,,,0,0,-1001,0,0,0,,,,,
1790035876.2895596,GLOBAL_POSITION_INT,-35.3615008,149.1673974,581.72,-0.601,-0.02,0.0,0.0,45.44,,,,,,,,,,,
1790035876.2907395,GPS_RAW_INT,,,,,,,,,,,,,,,,,,6,10
1790035876.295721,ATTITUDE,,,,,,,,,,,,,,,0.0019723251461982727,0.001552698784507811,0.7931423783302307,,
1790035876.296863,RAW_IMU,,,,,,,,,0,0,-1001,0,0,0,,,,,
1790035876.315862,ATTITUDE,,,,,,,,,,,,,,,0.001970084151253104,0.001552705536596477,0.7931472063064575,,
1790035876.317192,RAW_IMU,,,,,,,,,0,0,-1001,0,0,0,,,,,
1790035876.335864,ATTITUDE,,,,,,,,,,,,,,,0.0019697409588843584,0.0015514894621446729,0.7931530475616455,,
1790035876.3376145,RAW_IMU,,,,,,,,,0,0,-1001,0,0,0,,,,,
1790035876.3698783,ATTITUDE,,,,,,,,,,,,,,,0.0019687828607857227,0.0015511434758082032,0.7931582927703857,,
1790035876.3708084,RAW_IMU,,,,,,,,,0,0,-1001,0,0,0,,,,,
1790035876.375487,ATTITUDE,,,,,,,,,,,,,,,0.0019698988180607557,0.001552010653540492,0.7931626439094543,,
1790035876.3770056,RAW_IMU,,,,,,,,,0,0,-1001,0,0,0,,,,,
1790035876.3882947,GLOBAL_POSITION_INT,-35.3615008,149.1673974,581.72,-0.601,-0.02,0.0,0.0,45.44,,,,,,,,,,,
1790035876.3901901,GPS_RAW_INT,,,,,,,,,,,,,,,,,,6,10
1790035876.3949077,ATTITUDE,,,,,,,,,,,,,,,0.0019720755517482758,0.0015526659553870559,0.7931680083274841,,
1790035876.3957412,RAW_IMU,,,,,,,,,0,0,-1001,0,0,0,,,,,
1790035876.416042,ATTITUDE,,,,,,,,,,,,,,,0.001973627135157585,0.0015554898418486118,0.7931740880012512,,
1790035876.4177108,RAW_IMU,,,,,,,,,0,0,-1001,0,0,0,,,,,
1790035876.4358995,ATTITUDE,,,,,,,,,,,,,,,0.0019747354090213776,0.0015577712329104543,0.7931810617446899,,
1790035876.4370894,RAW_IMU,,,,,,,,,0,0,-1001,0,0,0,,,,,
1790035876.4555407,ATTITUDE,,,,,,,,,,,,,,,0.00197737873531878,0.0015612555434927344,0.7931863069534302,,
1790035876.4565816,RAW_IMU,,,,,,,,,0,0,-1001,0,0,0,,,,,
1790035876.475668,ATTITUDE,,,,,,,,,,,,,,,0.0019760068971663713,0.0015586233930662274,0.7931932210922241,,
1790035876.476622,RAW_IMU,,,,,,,,,0,0,-1001,0,0,0,,,,,
1790035876.4888709,GLOBAL_POSITION_INT,-35.3615008,149.1673974,581.72,-0.601,-0.02,0.0,0.0,45.44,,,,,,,,,,,
1790035876.4898431,GPS_RAW_INT,,,,,,,,,,,,,,,,,,6,10
1790035876.4956138,ATTITUDE,,,,,,,,,,,,,,,0.0019756597466766834,0.0015555445570498705,0.7932002544403076,,
1790035876.4969876,RAW_IMU,,,,,,,,,0,0,-1001,0,0,0,,,,,
1790035876.5150898,ATTITUDE,,,,,,,,,,,,,,,0.0019752485677599907,0.0015534382546320558,0.7932071089744568,,
1790035876.5165443,RAW_IMU,,,,,,,,,0,0,-1001,0,0,0,,,,,
1790035876.5350008,ATTITUDE,,,,,,,,,,,,,,,0.0019718788098543882,0.0015522814355790615,0.7932144403457642,,
1790035876.536847,RAW_IMU,,,,,,,,,0,0,-1001,0,0,0,,,,,
1790035876.554875,ATTITUDE,,,,,,,,,,,,,,,0.0019720515701919794,0.0015512463869526982,0.7932190895080566,,
1790035876.5557382,RAW_IMU,,,,,,,,,0,0,-1001,0,0,0,,,,,
1790035876.5746627,ATTITUDE,,,,,,,,,,,,,,,0.0019722923170775175,0.0015521477907896042,0.7932254076004028,,
1790035876.575421,RAW_IMU,,,,,,,,,0,0,-1001,0,0,0,,,,,
1790035876.5879755,GLOBAL_POSITION_INT,-35.3615008,149.1673974,581.72,-0.601,-0.02,0.0,0.0,45.44,,,,,,,,,,,
1790035876.588699,GPS_RAW_INT,,,,,,,,,,,,,,,,,,6,10
1790035876.5948162,ATTITUDE,,,,,,,,,,,,,,,0.001972324913367629,0.001553014270029962,0.7932310700416565,,
1790035876.5959687,RAW_IMU,,,,,,,,,0,0,-1001,0,0,0,,,,,
1790035876.621084,ATTITUDE,,,,,,,,,,,,,,,0.001973072998225689,0.0015539918094873428,0.7932366132736206,,
1790035876.6223145,RAW_IMU,,,,,,,,,0,0,-1001,0,0,0,,,,,
1790035876.6357322,ATTITUDE,,,,,,,,,,,,,,,0.001975949387997389,0.0015558697050437331,0.7932433485984802,,
1790035876.636654,RAW_IMU,,,,,,,,,0,0,-1001,0,0,0,,,,,
1790035876.6558895,ATTITUDE,,,,,,,,,,,,,,,0.001977699575945735,0.0015586558729410172,0.793248176574707,,
1790035876.657593,RAW_IMU,,,,,,,,,0,0,-1001,0,0,0,,,,,
1790035876.6757975,ATTITUDE,,,,,,,,,,,,,,,0.0019755142275243998,0.0015572464326396585,0.793255090713501,,
1790035876.6777654,RAW_IMU,,,,,,,,,0,0,-1001,0,0,0,,,,,
1790035876.6888008,GLOBAL_POSITION_INT,-35.3615008,149.1673974,581.72,-0.601,-0.02,0.0,0.0,45.45,,,,,,,,,,,
1790035876.6892095,GPS_RAW_INT,,,,,,,,,,,,,,,,,,6,10
1790035876.695628,ATTITUDE,,,,,,,,,,,,,,,0.0019734122324734926,0.0015565156936645508,0.7932606935501099,,
1790035876.69657,RAW_IMU,,,,,,,,,0,0,-1001,0,0,0,,,,,
1790035876.7157283,ATTITUDE,,,,,,,,,,,,,,,0.0019736175891011953,0.0015552721451967955,0.7932678461074829,,
1790035876.717045,RAW_IMU,,,,,,,,,0,0,-1001,0,0,0,,,,,
1790035876.7357886,ATTITUDE,,,,,,,,,,,,,,,0.001973245060071349,0.001555069349706173,0.7932727336883545,,
1790035876.737161,RAW_IMU,,,,,,,,,0,0,-1001,0,0,0,,,,,
1790035876.755708,ATTITUDE,,,,,,,,,,,,,,,0.0019732415676116943,0.001555133843794465,0.7932763695716858,,
1790035876.7575822,RAW_IMU,,,,,,,,,0,0,-1001,0,0,0,,,,,
1790035876.775647,ATTITUDE,,,,,,,,,,,,,,,0.001971614547073841,0.0015547805232927203,0.7932814955711365,,
1790035876.7764134,RAW_IMU,,,,,,,,,0,0,-1001,0,0,0,,,,,
1790035876.7887344,GLOBAL_POSITION_INT,-35.3615008,149.1673974,581.72,-0.601,-0.02,0.0,0.0,45.45,,,,,,,,,,,
1790035876.789464,GPS_RAW_INT,,,,,,,,,,,,,,,,,,6,10
1790035876.7956216,ATTITUDE,,,,,,,,,,,,,,,0.001972461584955454,0.0015570842660963535,0.7932864427566528,,
1790035876.7964675,RAW_IMU,,,,,,,,,0,0,-1001,0,0,0,,,,,
1790035876.81575,ATTITUDE,,,,,,,,,,,,,,,0.0019732024520635605,0.001559626660309732,0.7932929396629333,,
1790035876.8167765,RAW_IMU,,,,,,,,,0,0,-1001,0,0,0,,,,,
1790035876.8357568,ATTITUDE,,,,,,,,,,,,,,,0.001973837148398161,0.0015623760409653187,0.7932982444763184,,
1790035876.8365445,RAW_IMU,,,,,,,,,0,0,-1001,0,0,0,,,,,
1790035876.8786016,ATTITUDE,,,,,,,,,,,,,,,0.001976844621822238,0.001565237413160503,0.7933041453361511,,
1790035876.87993,RAW_IMU,,,,,,,,,0,0,-1001,0,0,0,,,,,
1790035876.883037,ATTITUDE,,,,,,,,,,,,,,,0.0019752278458327055,0.0015631807036697865,0.7933103442192078,,
1790035876.8849564,RAW_IMU,,,,,,,,,0,0,-1001,0,0,0,,,,,
1790035876.8887863,GLOBAL_POSITION_INT,-35.3615008,149.1673974,581.72,-0.601,-0.02,0.0,0.0,45.45,,,,,,,,,,,
1790035876.8901515,GPS_RAW_INT,,,,,,,,,,,,,,,,,,6,10
1790035876.8961747,ATTITUDE,,,,,,,,,,,,,,,0.0019724832382053137,0.001560873701237142,0.7933149933815002,,
1790035876.8980687,RAW_IMU,,,,,,,,,0,0,-1001,0,0,0,,,,,
1790035876.916474,ATTITUDE,,,,,,,,,,,,,,,0.001971710007637739,0.0015587368980050087,0.7933222651481628,,
1790035876.918266,RAW_IMU,,,,,,,,,0,0,-1001,0,0,0,,,,,
1790035876.9313047,ATTITUDE,,,,,,,,,,,,,,,0.001971275545656681,0.001556792645715177,0.7933292388916016,,
1790035876.9324348,RAW_IMU,,,,,,,,,0,0,-1001,0,0,0,,,,,
1790035876.9519534,ATTITUDE,,,,,,,,,,,,,,,0.0019714205991476774,0.0015564963687211275,0.7933351397514343,,
1790035876.953207,RAW_IMU,,,,,,,,,0,0,-1001,0,0,0,,,,,
1790035876.9722683,ATTITUDE,,,,,,,,,,,,,,,0.0019700645934790373,0.0015571655239909887,0.793339729309082,,
1790035876.9738765,RAW_IMU,,,,,,,,,0,0,-1001,0,0,0,,,,,
1790035876.9855306,GLOBAL_POSITION_INT,-35.3615008,149.1673974,581.72,-0.601,-0.02,0.0,0.0,45.45,,,,,,,,,,,
1790035876.9872882,GPS_RAW_INT,,,,,,,,,,,,,,,,,,6,10
1790035876.9920056,ATTITUDE,,,,,,,,,,,,,,,0.0019724152516573668,0.001556019764393568,0.7933461666107178,,
1790035876.9937525,RAW_IMU,,,,,,,,,0,0,-1001,0,0,0,,,,,
1790035877.012342,ATTITUDE,,,,,,,,,,,,,,,0.0019748129416257143,0.0015577665762975812,0.7933515310287476,,
1790035877.0137167,RAW_IMU,,,,,,,,,0,0,-1001,0,0,0,,,,,
1790035877.033098,ATTITUDE,,,,,,,,,,,,,,,0.0019777710549533367,0.0015608854591846466,0.7933598756790161,,
1790035877.0346172,RAW_IMU,,,,,,,,,0,0,-1001,0,0,0,,,,,
1790035877.0562034,ATTITUDE,,,,,,,,,,,,,,,0.0019811366219073534,0.001562687219120562,0.7933646440505981,,
1790035877.058198,RAW_IMU,,,,,,,,,0,0,-1001,0,0,0,,,,,
1790035877.0716457,ATTITUDE,,,,,,,,,,,,,,,0.00197896221652627,0.0015620799968019128,0.7933696508407593,,
1790035877.0726469,RAW_IMU,,,,,,,,,0,0,-1001,0,0,0,,,,,
1790035877.0856826,GLOBAL_POSITION_INT,-35.3615008,149.1673974,581.72,-0.601,-0.02,0.0,0.0,45.45,,,,,,,,,,,
1790035877.087195,GPS_RAW_INT,,,,,,,,,,,,,,,,,,6,10
1790035877.0916848,ATTITUDE,,,,,,,,,,,,,,,0.0019771873485296965,0.0015605612425133586,0.7933756709098816,,
1790035877.0926461,RAW_IMU,,,,,,,,,0,0,-1001,0,0,0,,,,,
1790035877.1252465,ATTITUDE,,,,,,,,,,,,,,,0.001977904699742794,0.0015589622780680656,0.7933816313743591,,
1790035877.1268895,RAW_IMU,,,,,,,,,0,0,-1001,0,0,0,,,,,
1790035877.1329088,ATTITUDE,,,,,,,,,,,,,,,0.0019754937384277582,0.0015586224617436528,0.7933892011642456,,
1790035877.1341524,RAW_IMU,,,,,,,,,0,0,-1001,0,0,0,,,,,
1790035877.1525636,ATTITUDE,,,,,,,,,,,,,,,0.00197548046708107,0.0015587826492264867,0.7933931350708008,,
1790035877.1534796,RAW_IMU,,,,,,,,,0,0,-1001,0,0,0,,,,,
1790035877.1726887,ATTITUDE,,,,,,,,,,,,,,,0.001976276282221079,0.0015593633288517594,0.7933982014656067,,
1790035877.1738572,RAW_IMU,,,,,,,,,0,0,-1001,0,0,0,,,,,
1790035877.186049,GLOBAL_POSITION_INT,-35.3615008,149.1673974,581.72,-0.601,-0.02,0.0,0.0,45.45,,,,,,,,,,,
1790035877.1870112,GPS_RAW_INT,,,,,,,,,,,,,,,,,,6,10
1790035877.1932325,ATTITUDE,,,,,,,,,,,,,,,0.001977394102141261,0.0015606536762788892,0.7934027314186096,,
1790035877.1941378,RAW_IMU,,,,,,,,,0,0,-1001,0,0,0,,,,,
1790035877.2126706,ATTITUDE,,,,,,,,,,,,,,,0.001979910070076585,0.00156119663733989,0.7934088110923767,,
1790035877.2140737,RAW_IMU,,,,,,,,,0,0,-1001,0,0,0,,,,,
1790035877.2329679,ATTITUDE,,,,,,,,,,,,,,,0.001980091445147991,0.001562893157824874,0.7934145331382751,,
1790035877.2339358,RAW_IMU,,,,,,,,,0,0,-1000,0,0,0,,,,,
1790035877.251842,ATTITUDE,,,,,,,,,,,,,,,0.0019814514089375734,0.0015653226291760802,0.7934197783470154,,
1790035877.2525704,RAW_IMU,,,,,,,,,0,0,-1001,0,0,0,,,,,
1790035877.2720718,ATTITUDE,,,,,,,,,,,,,,,0.001981581561267376,0.0015650190180167556,0.7934252023696899,,
1790035877.2736099,RAW_IMU,,,,,,,,,0,0,-1001,0,0,0,,,,,
1790035877.2862942,GLOBAL_POSITION_INT,-35.3615008,149.1673974,581.72,-0.601,-0.02,0.0,0.0,45.46,,,,,,,,,,,
1790035877.2876914,GPS_RAW_INT,,,,,,,,,,,,,,,,,,6,10
1790035877.2919452,ATTITUDE,,,,,,,,,,,,,,,0.001979924738407135,0.001562469289638102,0.7934319972991943,,
1790035877.293438,RAW_IMU,,,,,,,,,0,0,-1001,0,0,0,,,,,
1790035877.3118284,ATTITUDE,,,,,,,,,,,,,,,0.0019788488280028105,0.0015616315649822354,0.7934378981590271,,
1790035877.3127444,RAW_IMU,,,,,,,,,0,0,-1001,0,0,0,,,,,
1790035877.3321583,ATTITUDE,,,,,,,,,,,,,,,0.0019772120285779238,0.0015606412198394537,0.7934444546699524,,
1790035877.3332849,RAW_IMU,,,,,,,,,0,0,-1001,0,0,0,,,,,
1790035877.3705041,ATTITUDE,,,,,,,,,,,,,,,0.001977326115593314,0.0015591111732646823,0.7934490442276001,,
1790035877.3714263,RAW_IMU,,,,,,,,,0,0,-1001,0,0,0,,,,,
1790035877.3727913,ATTITUDE,,,,,,,,,,,,,,,0.0019767784979194403,0.0015605203807353973,0.7934550046920776,,
1790035877.3741999,RAW_IMU,,,,,,,,,0,0,-1001,0,0,0,,,,,
1790035877.385413,GLOBAL_POSITION_INT,-35.3615008,149.1673974,581.72,-0.601,-0.02,0.0,0.0,45.46,,,,,,,,,,,
1790035877.38644,GPS_RAW_INT,,,,,,,,,,,,,,,,,,6,10
1790035877.3921032,ATTITUDE,,,,,,,,,,,,,,,0.0019755347166210413,0.001562447170726955,0.7934616804122925,,
1790035877.393342,RAW_IMU,,,,,,,,,0,0,-1001,0,0,0,,,,,
1790035877.4118855,ATTITUDE,,,,,,,,,,,,,,,0.0019761286675930023,0.0015638484619557858,0.7934678196907043,,
1790035877.4140153,RAW_IMU,,,,,,,,,0,0,-1001,0,0,0,,,,,
1790035877.4323163,ATTITUDE,,,,,,,,,,,,,,,0.0019786162301898003,0.001566201215609908,0.793472945690155,,
1790035877.4340756,RAW_IMU,,,,,,,,,0,0,-1001,0,0,0,,,,,
1790035877.452102,ATTITUDE,,,,,,,,,,,,,,,0.001980394357815385,0.0015675844624638557,0.7934783101081848,,
1790035877.4537458,RAW_IMU,,,,,,,,,0,0,-1001,0,0,0,,,,,
1790035877.4718547,ATTITUDE,,,,,,,,,,,,,,,0.0019787850324064493,0.001567849307321012,0.7934853434562683,,
1790035877.4729385,RAW_IMU,,,,,,,,,0,0,-1001,0,0,0,,,,,
1790035877.4851897,GLOBAL_POSITION_INT,-35.3615008,149.1673974,581.72,-0.601,-0.02,0.0,0.0,45.46,,,,,,,,,,,
1790035877.4862084,GPS_RAW_INT,,,,,,,,,,,,,,,,,,6,10
1790035877.4921305,ATTITUDE,,,,,,,,,,,,,,,0.0019753705710172653,0.0015664768870919943,0.7934901714324951,,
1790035877.4936357,RAW_IMU,,,,,,,,,0,0,-1001,0,0,0,,,,,
1790035877.5120242,ATTITUDE,,,,,,,,,,,,,,,0.0019731794018298388,0.0015658579068258405,0.7934975028038025,,
1790035877.5128613,RAW_IMU,,,,,,,,,0,0,-1001,0,0,0,,,,,
1790035877.5321894,ATTITUDE,,,,,,,,,,,,,,,0.0019734350498765707,0.0015654624439775944,0.7935050129890442,,
1790035877.533565,RAW_IMU,,,,,,,,,0,0,-1001,0,0,0,,,,,
1790035877.5516665,ATTITUDE,,,,,,,,,,,,,,,0.001973483245819807,0.0015660634962841868,0.7935103178024292,,
1790035877.552595,RAW_IMU,,,,,,,,,0,0,-1001,0,0,0,,,,,
1790035877.5719876,ATTITUDE,,,,,,,,,,,,,,,0.001972941681742668,0.0015660477802157402,0.7935171127319336,,
1790035877.5731926,RAW_IMU,,,,,,,,,0,0,-1001,0,0,0,,,,,
1790035877.5854216,GLOBAL_POSITION_INT,-35.3615008,149.1673974,581.72,-0.601,-0.02,0.0,0.0,45.46,,,,,,,,,,,
1790035877.5858853,GPS_RAW_INT,,,,,,,,,,,,,,,,,,6,10
1790035877.5917768,ATTITUDE,,,,,,,,,,,,,,,0.0019732932560145855,0.0015665421960875392,0.7935242652893066,,
1790035877.5926871,RAW_IMU,,,,,,,,,0,0,-1000,0,0,0,,,,,
1790035877.6261897,ATTITUDE,,,,,,,,,,,,,,,0.0019738778937608004,0.0015675636241212487,0.7935293316841125,,
1790035877.6276495,RAW_IMU,,,,,,,,,0,0,-1001,0,0,0,,,,,
1790035877.6328917,ATTITUDE,,,,,,,,,,,,,,,0.0019750590436160564,0.001568187610246241,0.7935365438461304,,
1790035877.6340122,RAW_IMU,,,,,,,,,0,0,-1001,0,0,0,,,,,
1790035877.651852,ATTITUDE,,,,,,,,,,,,,,,0.00197702762670815,0.001570149790495634,0.7935411930084229,,
1790035877.6531503,RAW_IMU,,,,,,,,,0,0,-1001,0,0,0,,,,,
1790035877.6718516,ATTITUDE,,,,,,,,,,,,,,,0.0019745370373129845,0.0015678961062803864,0.7935466766357422,,
1790035877.6728404,RAW_IMU,,,,,,,,,0,0,-1001,0,0,0,,,,,
1790035877.6851203,GLOBAL_POSITION_INT,-35.3615008,149.1673974,581.72,-0.601,-0.02,0.0,0.0,45.46,,,,,,,,,,,
1790035877.6860573,GPS_RAW_INT,,,,,,,,,,,,,,,,,,6,10
1790035877.6919336,ATTITUDE,,,,,,,,,,,,,,,0.001973517006263137,0.001565215177834034,0.793552041053772,,
1790035877.6934404,RAW_IMU,,,,,,,,,0,0,-1001,0,0,0,,,,,
1790035877.7121315,ATTITUDE,,,,,,,,,,,,,,,0.0019725128076970577,0.0015643549850210547,0.7935591340065002,,
1790035877.7132921,RAW_IMU,,,,,,,,,0,0,-1001,0,0,0,,,,,
1790035877.7326026,ATTITUDE,,,,,,,,,,,,,,,0.001970741432160139,0.0015642853686586022,0.7935641407966614,,
1790035877.733572,RAW_IMU,,,,,,,,,0,0,-1001,0,0,0,,,,,
1790035877.7516327,ATTITUDE,,,,,,,,,,,,,,,0.001969200326129794,0.0015648558037355542,0.7935675978660583,,
1790035877.7526324,RAW_IMU,,,,,,,,,0,0,-1001,0,0,0,,,,,
1790035877.7761219,ATTITUDE,,,,,,,,,,,,,,,0.0019689116161316633,0.0015637673204764724,0.7935742139816284,,
1790035877.7773356,RAW_IMU,,,,,,,,,0,0,-1001,0,0,0,,,,,
1790035877.7839744,GLOBAL_POSITION_INT,-35.3615008,149.1673974,581.72,-0.601,-0.02,0.0,0.0,45.46,,,,,,,,,,,
1790035877.7849236,GPS_RAW_INT,,,,,,,,,,,,,,,,,,6,10
1790035877.7961566,ATTITUDE,,,,,,,,,,,,,,,0.001969875767827034,0.0015644964296370745,0.7935805320739746,,
1790035877.7976758,RAW_IMU,,,,,,,,,0,0,-1001,0,0,0,,,,,
1790035877.816101,ATTITUDE,,,,,,,,,,,,,,,0.001970547717064619,0.0015655035385861993,0.7935875654220581,,
1790035877.8175104,RAW_IMU,,,,,,,,,0,0,-1001,0,0,0,,,,,
1790035877.8362374,ATTITUDE,,,,,,,,,,,,,,,0.001971218502148986,0.001567782717756927,0.7935941219329834,,
1790035877.837597,RAW_IMU,,,,,,,,,0,0,-1001,0,0,0,,,,,
1790035877.8731556,ATTITUDE,,,,,,,,,,,,,,,0.0019734634552150965,0.0015700535150244832,0.793600857257843,,
1790035877.8741505,RAW_IMU,,,,,,,,,0,0,-1001,0,0,0,,,,,
1790035877.8759167,ATTITUDE,,,,,,,,,,,,,,,0.0019727833569049835,0.0015704690013080835,0.793606698513031,,
1790035877.877609,RAW_IMU,,,,,,,,,0,0,-1001,0,0,0,,,,,
1790035877.8836954,GLOBAL_POSITION_INT,-35.3615008,149.1673974,581.72,-0.601,-0.02,0.0,0.0,45.47,,,,,,,,,,,
1790035877.8847682,GPS_RAW_INT,,,,,,,,,,,,,,,,,,6,10
1790035877.8961196,ATTITUDE,,,,,,,,,,,,,,,0.001970533514395356,0.0015673080924898386,0.7936117053031921,,
1790035877.897011,RAW_IMU,,,,,,,,,0,0,-1001,0,0,0,,,,,
1790035877.9160562,ATTITUDE,,,,,,,,,,,,,,,0.001970393816009164,0.0015660730423405766,0.7936191558837891,,
1790035877.9179943,RAW_IMU,,,,,,,,,0,0,-1001,0,0,0,,,,,
1790035877.9356863,ATTITUDE,,,,,,,,,,,,,,,0.0019682245329022408,0.001563875819556415,0.7936275601387024,,
1790035877.9369712,RAW_IMU,,,,,,,,,0,0,-1001,0,0,1,,,,,
1790035877.9554768,ATTITUDE,,,,,,,,,,,,,,,0.001967087620869279,0.001564656151458621,0.793633222579956,,
1790035877.9564004,RAW_IMU,,,,,,,,,0,0,-1001,0,0,0,,,,,
1790035877.975728,ATTITUDE,,,,,,,,,,,,,,,0.001965789357200265,0.0015628932742401958,0.7936396598815918,,
1790035877.9764872,RAW_IMU,,,,,,,,,0,0,-1001,0,0,0,,,,,
1790035877.9888217,GLOBAL_POSITION_INT,-35.3615008,149.1673974,581.72,-0.601,-0.02,0.0,0.0,45.47,,,,,,,,,,,
1790035877.9901366,GPS_RAW_INT,,,,,,,,,,,,,,,,,,6,10
1790035877.995591,ATTITUDE,,,,,,,,,,,,,,,0.001965139526873827,0.0015648809494450688,0.7936466932296753,,
1790035877.9968054,RAW_IMU,,,,,,,,,0,0,-1001,0,0,0,,,,,
1790035878.015609,ATTITUDE,,,,,,,,,,,,,,,0.0019646850414574146,0.0015676224138587713,0.7936528921127319,,
1790035878.0170088,RAW_IMU,,,,,,,,,0,0,-1001,0,1,0,,,,,
1790035878.035593,ATTITUDE,,,,,,,,,,,,,,,0.0019648452289402485,0.0015701617812737823,0.7936596274375916,,
1790035878.0371215,RAW_IMU,,,,,,,,,0,0,-1001,0,0,0,,,,,
1790035878.0555303,ATTITUDE,,,,,,,,,,,,,,,0.0019681535195559263,0.0015717039350420237,0.7936663031578064,,
1790035878.0564573,RAW_IMU,,,,,,,,,0,0,-1001,0,0,0,,,,,
1790035878.0757327,ATTITUDE,,,,,,,,,,,,,,,0.0019646077416837215,0.0015707208076491952,0.7936729788780212,,
1790035878.0768976,RAW_IMU,,,,,,,,,0,0,-1001,0,0,0,,,,,
1790035878.0888548,GLOBAL_POSITION_INT,-35.3615008,149.1673974,581.72,-0.601,-0.02,0.0,0.0,45.47,,,,,,,,,,,
1790035878.090208,GPS_RAW_INT,,,,,,,,,,,,,,,,,,6,10
1790035878.0963273,ATTITUDE,,,,,,,,,,,,,,,0.0019641160033643246,0.0015672771260142326,0.7936781644821167,,
1790035878.0980191,RAW_IMU,,,,,,,,,0,0,-1001,0,0,0,,,,,
1790035878.1269915,ATTITUDE,,,,,,,,,,,,,,,0.0019652473274618387,0.0015652986476197839,0.7936851382255554,,
1790035878.1278253,RAW_IMU,,,,,,,,,0,0,-1001,1,0,0,,,,,
1790035878.1362567,ATTITUDE,,,,,,,,,,,,,,,0.001964433817192912,0.00156353076454252,0.7936921119689941,,
1790035878.138082,RAW_IMU,,,,,,,,,0,0,-1001,0,0,0,,,,,
1790035878.1564043,ATTITUDE,,,,,,,,,,,,,,,0.001964476890861988,0.0015630099223926663,0.7936976552009583,,
1790035878.1581872,RAW_IMU,,,,,,,,,0,0,-1001,0,0,0,,,,,
1790035878.1761796,ATTITUDE,,,,,,,,,,,,,,,0.001965550472959876,0.001562422956340015,0.7937031984329224,,
1790035878.176998,RAW_IMU,,,,,,,,,0,0,-1001,0,0,0,,,,,
1790035878.1892555,GLOBAL_POSITION_INT,-35.3615008,149.1673974,581.72,-0.601,-0.02,0.0,0.0,45.47,,,,,,,,,,,
1790035878.190968,GPS_RAW_INT,,,,,,,,,,,,,,,,,,6,10
1790035878.1965456,ATTITUDE,,,,,,,,,,,,,,,0.0019647933077067137,0.0015642333310097456,0.7937089800834656,,
1790035878.197691,RAW_IMU,,,,,,,,,0,0,-1001,0,0,0,,,,,
1790035878.2165592,ATTITUDE,,,,,,,,,,,,,,,0.0019659551326185465,0.0015651609282940626,0.7937175631523132,,
1790035878.2177413,RAW_IMU,,,,,,,,,0,0,-1001,0,0,1,,,,,
1790035878.2362688,ATTITUDE,,,,,,,,,,,,,,,0.001968594267964363,0.0015697985654696822,0.7937238812446594,,
1790035878.237935,RAW_IMU,,,,,,,,,0,0,-1001,0,1,0,,,,,
1790035878.2562616,ATTITUDE,,,,,,,,,,,,,,,0.0019720459822565317,0.001574071473442018,0.7937304973602295,,
1790035878.2572742,RAW_IMU,,,,,,,,,0,0,-1001,0,1,0,,,,,
1790035878.2762146,ATTITUDE,,,,,,,,,,,,,,,0.001970666227862239,0.0015728012658655643,0.7937361598014832,,
1790035878.2767792,RAW_IMU,,,,,,,,,0,0,-1001,0,0,0,,,,,
1790035878.2898417,GLOBAL_POSITION_INT,-35.3615008,149.1673974,581.72,-0.601,-0.02,0.0,0.0,45.47,,,,,,,,,,,
1790035878.2909846,GPS_RAW_INT,,,,,,,,,,,,,,,,,,6,10
1790035878.2962458,ATTITUDE,,,,,,,,,,,,,,,0.001968666911125183,0.0015708308201283216,0.7937432527542114,,
1790035878.2977328,RAW_IMU,,,,,,,,,0,0,-1001,0,0,0,,,,,
1790035878.3164291,ATTITUDE,,,,,,,,,,,,,,,0.0019679779652506113,0.0015682379016652703,0.7937494516372681,,
1790035878.3180232,RAW_IMU,,,,,,,,,0,0,-1001,0,0,0,,,,,
1790035878.3362641,ATTITUDE,,,,,,,,,,,,,,,0.001967638498172164,0.0015667642001062632,0.7937548160552979,,
1790035878.3371599,RAW_IMU,,,,,,,,,0,0,-1001,0,0,0,,,,,
1790035878.369111,ATTITUDE,,,,,,,,,,,,,,,0.0019678205717355013,0.0015657932963222265,0.7937597036361694,,
1790035878.3707218,RAW_IMU,,,,,,,,,0,0,-1001,0,0,0,,,,,
1790035878.3762605,ATTITUDE,,,,,,,,,,,,,,,0.0019673521164804697,0.001565640326589346,0.7937659621238708,,
1790035878.37746,RAW_IMU,,,,,,,,,0,0,-1001,0,0,0,,,,,
1790035878.389553,GLOBAL_POSITION_INT,-35.3615008,149.1673974,581.72,-0.601,-0.02,0.0,0.0,45.47,,,,,,,,,,,
1790035878.3899608,GPS_RAW_INT,,,,,,,,,,,,,,,,,,6,10
1790035878.3963828,ATTITUDE,,,,,,,,,,,,,,,0.001966263633221388,0.0015656398609280586,0.7937726378440857,,
1790035878.3977852,RAW_IMU,,,,,,,,,0,0,-1001,0,0,0,,,,,
1790035878.4167492,ATTITUDE,,,,,,,,,,,,,,,0.00196756049990654,0.0015654878225177526,0.7937796115875244,,
1790035878.4180105,RAW_IMU,,,,,,,,,0,0,-1001,0,0,0,,,,,
1790035878.431772,ATTITUDE,,,,,,,,,,,,,,,0.0019691954366862774,0.001567902392707765,0.7937862873077393,,
1790035878.433218,RAW_IMU,,,,,,,,,0,0,-1000,0,0,0,,,,,
1790035878.452142,ATTITUDE,,,,,,,,,,,,,,,0.0019714527297765017,0.001571530825458467,0.7937927842140198,,
1790035878.453103,RAW_IMU,,,,,,,,,0,0,-1001,0,0,0,,,,,
1790035878.4717834,ATTITUDE,,,,,,,,,,,,,,,0.0019693186040967703,0.0015690719010308385,0.7937981486320496,,
1790035878.4731858,RAW_IMU,,,,,,,,,0,0,-1001,0,0,0,,,,,
1790035878.4855325,GLOBAL_POSITION_INT,-35.3615008,149.1673974,581.72,-0.601,-0.02,0.0,0.0,45.48,,,,,,,,,,,
1790035878.4864688,GPS_RAW_INT,,,,,,,,,,,,,,,,,,6,10
1790035878.492374,ATTITUDE,,,,,,,,,,,,,,,0.001967820804566145,0.0015686788829043508,0.7938039898872375,,
1790035878.4932725,RAW_IMU,,,,,,,,,0,0,-1001,0,0,0,,,,,
1790035878.5126476,ATTITUDE,,,,,,,,,,,,,,,0.0019666783045977354,0.0015688983257859945,0.7938113212585449,,
1790035878.513301,RAW_IMU,,,,,,,,,0,0,-1001,0,1,0,,,,,
1790035878.5329943,ATTITUDE,,,,,,,,,,,,,,,0.0019641544204205275,0.001569689717143774,0.7938189506530762,,
1790035878.5341296,RAW_IMU,,,,,,,,,0,0,-1001,0,1,0,,,,,
1790035878.552401,ATTITUDE,,,,,,,,,,,,,,,0.001962550450116396,0.0015694807516410947,0.7938234210014343,,
1790035878.5532844,RAW_IMU,,,,,,,,,0,0,-1001,0,0,0,,,,,
1790035878.572726,ATTITUDE,,,,,,,,,,,,,,,0.001963867573067546,0.0015698184724897146,0.7938314080238342,,
1790035878.5742683,RAW_IMU,,,,,,,,,0,0,-1001,0,0,0,,,,,
1790035878.586065,GLOBAL_POSITION_INT,-35.3615008,149.1673974,581.72,-0.601,-0.02,0.0,0.0,45.48,,,,,,,,,,,
1790035878.587065,GPS_RAW_INT,,,,,,,,,,,,,,,,,,6,10
1790035878.5925827,ATTITUDE,,,,,,,,,,,,,,,0.001962897600606084,0.0015703607350587845,0.7938369512557983,,
1790035878.5941083,RAW_IMU,,,,,,,,,0,0,-1001,0,0,0,,,,,
1790035878.6227696,ATTITUDE,,,,,,,,,,,,,,,0.0019657027442008257,0.0015712991589680314,0.7938441038131714,,
1790035878.6243334,RAW_IMU,,,,,,,,,0,0,-1001,0,0,0,,,,,
1790035878.6330082,ATTITUDE,,,,,,,,,,,,,,,0.001967121846973896,0.0015747783472761512,0.7938515543937683,,
1790035878.634109,RAW_IMU,,,,,,,,,0,0,-1001,0,0,0,,,,,
1790035878.651808,ATTITUDE,,,,,,,,,,,,,,,0.0019707863684743643,0.001577693852595985,0.7938567399978638,,
1790035878.6524022,RAW_IMU,,,,,,,,,0,0,-1000,0,0,0,,,,,
1790035878.672126,ATTITUDE,,,,,,,,,,,,,,,0.001968213589861989,0.0015764277195557952,0.7938613891601562,,
1790035878.67292,RAW_IMU,,,,,,,,,0,0,-1001,0,0,0,,,,,
1790035878.684874,GLOBAL_POSITION_INT,-35.3615008,149.1673974,581.72,-0.601,-0.02,0.0,0.0,45.48,,,,,,,,,,,
1790035878.6852474,GPS_RAW_INT,,,,,,,,,,,,,,,,,,6,10
1790035878.6922555,ATTITUDE,,,,,,,,,,,,,,,0.0019673476926982403,0.0015764288837090135,0.7938675284385681,,
1790035878.6936786,RAW_IMU,,,,,,,,,0,0,-1001,0,1,0,,,,,
1790035878.7120795,ATTITUDE,,,,,,,,,,,,,,,0.0019669323228299618,0.001576183713041246,0.7938743233680725,,
1790035878.7137942,RAW_IMU,,,,,,,,,0,0,-1001,0,0,0,,,,,
1790035878.7320418,ATTITUDE,,,,,,,,,,,,,,,0.0019662990234792233,0.001574154943227768,0.7938807010650635,,
1790035878.733543,RAW_IMU,,,,,,,,,0,0,-1001,0,0,0,,,,,
1790035878.7517781,ATTITUDE,,,,,,,,,,,,,,,0.001964789815247059,0.0015735264169052243,0.7938848733901978,,
1790035878.7527366,RAW_IMU,,,,,,,,,0,0,-1001,0,0,0,,,,,
1790035878.7717087,ATTITUDE,,,,,,,,,,,,,,,0.001964239403605461,0.0015731013845652342,0.7938895225524902,,
1790035878.7727225,RAW_IMU,,,,,,,,,0,0,-1001,0,0,0,,,,,
1790035878.7850718,GLOBAL_POSITION_INT,-35.3615008,149.1673974,581.72,-0.601,-0.02,0.0,0.0,45.48,,,,,,,,,,,
1790035878.7857947,GPS_RAW_INT,,,,,,,,,,,,,,,,,,6,10
1790035878.79191,ATTITUDE,,,,,,,,,,,,,,,0.001966719748452306,0.001573848887346685,0.7938949465751648,,
1790035878.7936394,RAW_IMU,,,,,,,,,0,0,-1001,0,0,0,,,,,
1790035878.8169181,ATTITUDE,,,,,,,,,,,,,,,0.001967422431334853,0.0015740616945549846,0.7939011454582214,,
1790035878.81827,RAW_IMU,,,,,,,,,0,0,-1001,0,0,0,,,,,
1790035878.8368044,ATTITUDE,,,,,,,,,,,,,,,0.001969666685909033,0.0015754952328279614,0.7939072847366333,,
1790035878.8386645,RAW_IMU,,,,,,,,,0,0,-1001,0,0,0,,,,,
1790035878.869301,ATTITUDE,,,,,,,,,,,,,,,0.0019736129324883223,0.001576550304889679,0.7939121723175049,,
1790035878.8703675,RAW_IMU,,,,,,,,,0,0,-1001,0,0,0,,,,,
1790035878.8722222,ATTITUDE,,,,,,,,,,,,,,,0.0019720573909580708,0.0015757759101688862,0.793917179107666,,
1790035878.8739252,RAW_IMU,,,,,,,,,0,0,-1001,0,0,0,,,,,
1790035878.8857045,GLOBAL_POSITION_INT,-35.3615008,149.1673974,581.72,-0.601,-0.02,0.0,0.0,45.48,,,,,,,,,,,
1790035878.8865492,GPS_RAW_INT,,,,,,,,,,,,,,,,,,6,10
1790035878.892448,ATTITUDE,,,,,,,,,,,,,,,0.001968493452295661,0.0015732026658952236,0.7939243316650391,,
1790035878.8939128,RAW_IMU,,,,,,,,,0,0,-1001,0,0,0,,,,,
1790035878.9127312,ATTITUDE,,,,,,,,,,,,,,,0.0019685502629727125,0.0015723672695457935,0.7939310669898987,,
1790035878.91381,RAW_IMU,,,,,,,,,0,0,-1001,0,0,0,,,,,
1790035878.932882,ATTITUDE,,,,,,,,,,,,,,,0.0019667427986860275,0.0015734864864498377,0.7939377427101135,,
1790035878.9345636,RAW_IMU,,,,,,,,,0,0,-1001,0,1,0,,,,,
1790035878.9515429,ATTITUDE,,,,,,,,,,,,,,,0.0019662606064230204,0.0015729556325823069,0.7939421534538269,,
1790035878.9520996,RAW_IMU,,,,,,,,,0,0,-1001,0,0,0,,,,,
1790035878.971871,ATTITUDE,,,,,,,,,,,,,,,0.001965002855286002,0.0015732274623587728,0.7939476370811462,,
1790035878.9729533,RAW_IMU,,,,,,,,,0,0,-1001,0,0,0,,,,,
1790035878.9851892,GLOBAL_POSITION_INT,-35.3615008,149.1673974,581.72,-0.601,-0.02,0.0,0.0,45.49,,,,,,,,,,,
1790035878.985971,GPS_RAW_INT,,,,,,,,,,,,,,,,,,6,10
1790035878.991838,ATTITUDE,,,,,,,,,,,,,,,0.0019655616488307714,0.0015738854417577386,0.7939561009407043,,
1790035878.9928,RAW_IMU,,,,,,,,,0,0,-1001,0,0,1,,,,,
1790035879.0115175,ATTITUDE,,,,,,,,,,,,,,,0.0019658836536109447,0.0015738012734800577,0.7939623594284058,,
1790035879.0126345,RAW_IMU,,,,,,,,,0,0,-1001,0,0,0,,,,,
1790035879.0361483,ATTITUDE,,,,,,,,,,,,,,,0.001967206597328186,0.0015754577470943332,0.7939699292182922,,
1790035879.0377755,RAW_IMU,,,,,,,,,0,0,-1001,0,0,0,,,,,
1790035879.0553043,ATTITUDE,,,,,,,,,,,,,,,0.0019716781098395586,0.0015767100267112255,0.7939754724502563,,
1790035879.05635,RAW_IMU,,,,,,,,,0,0,-1001,0,0,0,,,,,
1790035879.0755095,ATTITUDE,,,,,,,,,,,,,,,0.0019690971821546555,0.0015750785823911428,0.7939795255661011,,
1790035879.076312,RAW_IMU,,,,,,,,,0,0,-1001,0,0,0,,,,,
1790035879.0887775,GLOBAL_POSITION_INT,-35.3615008,149.1673974,581.72,-0.601,-0.02,0.0,0.0,45.49,,,,,,,,,,,
1790035879.090459,GPS_RAW_INT,,,,,,,,,,,,,,,,,,6,10
1790035879.0954654,ATTITUDE,,,,,,,,,,,,,,,0.001966648967936635,0.0015726692508906126,0.7939866185188293,,
1790035879.0970201,RAW_IMU,,,,,,,,,0,0,-1001,0,0,0,,,,,
1790035879.1250691,ATTITUDE,,,,,,,,,,,,,,,0.001965529518201947,0.0015691521111875772,0.7939907312393188,,
1790035879.1259828,RAW_IMU,,,,,,,,,0,0,-1001,0,0,0,,,,,
1790035879.1355293,ATTITUDE,,,,,,,,,,,,,,,0.001964584458619356,0.0015683233505114913,0.7939956784248352,,
1790035879.1370254,RAW_IMU,,,,,,,,,0,0,-1001,0,0,0,,,,,
1790035879.1552982,ATTITUDE,,,,,,,,,,,,,,,0.001963883638381958,0.001567071070894599,0.7939996123313904,,
1790035879.1562262,RAW_IMU,,,,,,,,,0,0,-1001,0,0,0,,,,,
1790035879.175543,ATTITUDE,,,,,,,,,,,,,,,0.0019626207649707794,0.0015673971502110362,0.7940053343772888,,
1790035879.1771302,RAW_IMU,,,,,,,,,0,0,-1001,0,0,0,,,,,
1790035879.189029,GLOBAL_POSITION_INT,-35.3615008,149.1673974,581.72,-0.601,-0.02,0.0,0.0,45.49,,,,,,,,,,,
1790035879.1907618,GPS_RAW_INT,,,,,,,,,,,,,,,,,,6,10
1790035879.1960986,ATTITUDE,,,,,,,,,,,,,,,0.001963557442650199,0.0015671263681724668,0.794011652469635,,
1790035879.1971562,RAW_IMU,,,,,,,,,0,0,-1000,0,0,0,,,,,
1790035879.2162125,ATTITUDE,,,,,,,,,,,,,,,0.0019649730529636145,0.0015679207863286138,0.7940180897712708,,
1790035879.2176948,RAW_IMU,,,,,,,,,0,0,-1001,0,0,0,,,,,
1790035879.2362072,ATTITUDE,,,,,,,,,,,,,,,0.0019672540947794914,0.001569633954204619,0.7940248847007751,,
1790035879.2368224,RAW_IMU,,,,,,,,,0,0,-1001,0,0,0,,,,,
1790035879.2562325,ATTITUDE,,,,,,,,,,,,,,,0.001969553530216217,0.0015729343285784125,0.7940305471420288,,
1790035879.2581625,RAW_IMU,,,,,,,,,0,0,-1001,0,0,0,,,,,
1790035879.2754734,ATTITUDE,,,,,,,,,,,,,,,0.0019681118428707123,0.0015698918141424656,0.7940355539321899,,
1790035879.2766974,RAW_IMU,,,,,,,,,0,0,-1001,0,0,0,,,,,
1790035879.2885385,GLOBAL_POSITION_INT,-35.3615008,149.1673974,581.72,-0.601,-0.02,0.0,0.0,45.49,,,,,,,,,,,
1790035879.2899795,GPS_RAW_INT,,,,,,,,,,,,,,,,,,6,10
1790035879.2946434,ATTITUDE,,,,,,,,,,,,,,,0.001966913929209113,0.0015680327778682113,0.794041633605957,,
1790035879.2957802,RAW_IMU,,,,,,,,,0,0,-1001,0,0,0,,,,,
1790035879.314682,ATTITUDE,,,,,,,,,,,,,,,0.001965072937309742,0.0015672784065827727,0.7940477132797241,,
1790035879.3159232,RAW_IMU,,,,,,,,,0,0,-1001,0,0,0,,,,,
1790035879.3347387,ATTITUDE,,,,,,,,,,,,,,,0.001964122522622347,0.0015668044798076153,0.7940555810928345,,
1790035879.3359983,RAW_IMU,,,,,,,,,0,0,-1001,0,0,0,,,,,
1790035879.364117,ATTITUDE,,,,,,,,,,,,,,,0.0019637970253825188,0.0015667065745219588,0.7940598726272583,,
1790035879.3645365,RAW_IMU,,,,,,,,,0,0,-1001,0,0,0,,,,,
1790035879.3720658,ATTITUDE,,,,,,,,,,,,,,,0.0019629125017672777,0.0015668561682105064,0.7940661311149597,,
1790035879.3724864,RAW_IMU,,,,,,,,,0,0,-1001,0,0,0,,,,,
1790035879.383827,GLOBAL_POSITION_INT,-35.3615008,149.1673974,581.72,-0.601,-0.02,0.0,0.0,45.49,,,,,,,,,,,
1790035879.3841577,GPS_RAW_INT,,,,,,,,,,,,,,,,,,6,10
1790035879.395478,ATTITUDE,,,,,,,,,,,,,,,0.0019631925970315933,0.0015660770004615188,0.7940729260444641,,
1790035879.3961172,RAW_IMU,,,,,,,,,0,0,-1001,0,0,0,,,,,
1790035879.412993,ATTITUDE,,,,,,,,,,,,,,,0.0019643991254270077,0.001568536157719791,0.7940789461135864,,
1790035879.4134462,RAW_IMU,,,,,,,,,0,0,-1001,0,0,0,,,,,
1790035879.4360747,ATTITUDE,,,,,,,,,,,,,,,0.00196573487482965,0.0015726428246125579,0.7940846681594849,,
1790035879.4365308,RAW_IMU,,,,,,,,,0,0,-1001,0,1,0,,,,,
1790035879.453624,ATTITUDE,,,,,,,,,,,,,,,0.001970355398952961,0.0015748931327834725,0.7940882444381714,,
1790035879.4540372,RAW_IMU,,,,,,,,,0,0,-1001,1,0,0,,,,,
1790035879.47126,ATTITUDE,,,,,,,,,,,,,,,0.0019685006700456142,0.0015736150089651346,0.7940948009490967,,
1790035879.471922,RAW_IMU,,,,,,,,,0,0,-1001,0,0,0,,,,,
1790035879.4884784,GLOBAL_POSITION_INT,-35.3615008,149.1673974,581.72,-0.601,-0.02,0.0,0.0,45.49,,,,,,,,,,,
1790035879.4888272,GPS_RAW_INT,,,,,,,,,,,,,,,,,,6,10
1790035879.4943862,ATTITUDE,,,,,,,,,,,,,,,0.0019677148666232824,0.001570246764458716,0.794102132320404,,
1790035879.4948509,RAW_IMU,,,,,,,,,0,0,-1001,0,0,0,,,,,
1790035879.5120142,ATTITUDE,,,,,,,,,,,,,,,0.0019668571185320616,0.0015680246287956834,0.7941079139709473,,
1790035879.5125642,RAW_IMU,,,,,,,,,0,0,-1001,0,0,0,,,,,
1790035879.5354552,ATTITUDE,,,,,,,,,,,,,,,0.0019677416421473026,0.0015676837647333741,0.7941140532493591,,
1790035879.535939,RAW_IMU,,,,,,,,,0,0,-1001,1,0,0,,,,,
1790035879.5529659,ATTITUDE,,,,,,,,,,,,,,,0.001967298798263073,0.0015668909763917327,0.7941188812255859,,
1790035879.5536299,RAW_IMU,,,,,,,,,0,0,-1001,0,0,0,,,,,
1790035879.5760958,ATTITUDE,,,,,,,,,,,,,,,0.0019680820405483246,0.0015663531376048923,0.7941254377365112,,
1790035879.5765023,RAW_IMU,,,,,,,,,0,0,-1001,0,0,1,,,,,
1790035879.5878737,GLOBAL_POSITION_INT,-35.3615008,149.1673974,581.72,-0.601,-0.02,0.0,0.0,45.5,,,,,,,,,,,
1790035879.5880737,GPS_RAW_INT,,,,,,,,,,,,,,,,,,6,10
1790035879.593665,ATTITUDE,,,,,,,,,,,,,,,0.0019686450250446796,0.001567778643220663,0.7941308617591858,,
1790035879.594164,RAW_IMU,,,,,,,,,0,0,-1001,0,0,0,,,,,
1790035879.6123269,ATTITUDE,,,,,,,,,,,,,,,0.0019701141864061356,0.0015673161251470447,0.7941386699676514,,
1790035879.6126306,RAW_IMU,,,,,,,,,0,0,-1001,0,0,0,,,,,
1790035879.6345294,ATTITUDE,,,,,,,,,,,,,,,0.0019720017444342375,0.0015705940313637257,0.7941439747810364,,
1790035879.635104,RAW_IMU,,,,,,,,,0,0,-1001,0,0,0,,,,,
1790035879.6521904,ATTITUDE,,,,,,,,,,,,,,,0.0019751768559217453,0.001571778324432671,0.7941505908966064,,
1790035879.6525967,RAW_IMU,,,,,,,,,0,0,-1001,0,0,0,,,,,
1790035879.6752288,ATTITUDE,,,,,,,,,,,,,,,0.001971815014258027,0.0015684862155467272,0.7941564321517944,,
1790035879.6756604,RAW_IMU,,,,,,,,,0,0,-1001,0,0,0,,,,,
1790035879.686897,GLOBAL_POSITION_INT,-35.3615008,149.1673974,581.72,-0.601,-0.02,0.0,0.0,45.5,,,,,,,,,,,
1790035879.6872296,GPS_RAW_INT,,,,,,,,,,,,,,,,,,6,10
1790035879.6929302,ATTITUDE,,,,,,,,,,,,,,,0.0019705186132341623,0.0015656184405088425,0.7941623330116272,,
1790035879.693419,RAW_IMU,,,,,,,,,0,0,-1001,0,0,0,,,,,
1790035879.711482,ATTITUDE,,,,,,,,,,,,,,,0.0019702978897839785,0.0015672453446313739,0.7941694259643555,,
1790035879.7124975,RAW_IMU,,,,,,,,,0,0,-1001,0,1,0,,,,,
1790035879.7321274,ATTITUDE,,,,,,,,,,,,,,,0.001968389144167304,0.0015672090230509639,0.7941752076148987,,
1790035879.7332907,RAW_IMU,,,,,,,,,0,0,-1001,0,1,0,,,,,
1790035879.7522578,ATTITUDE,,,,,,,,,,,,,,,0.0019678939133882523,0.0015677319606766105,0.7941800355911255,,
1790035879.7535825,RAW_IMU,,,,,,,,,0,0,-1001,0,0,0,,,,,
1790035879.7720249,ATTITUDE,,,,,,,,,,,,,,,0.001967875985428691,0.001568457460962236,0.7941854596138,,
1790035879.7728803,RAW_IMU,,,,,,,,,0,0,-1001,0,0,0,,,,,
1790035879.785828,GLOBAL_POSITION_INT,-35.3615008,149.1673974,581.72,-0.601,-0.02,0.0,0.0,45.5,,,,,,,,,,,
1790035879.7865338,GPS_RAW_INT,,,,,,,,,,,,,,,,,,6,10
1790035879.7924879,ATTITUDE,,,,,,,,,,,,,,,0.001967411255463958,0.0015686495462432504,0.794192910194397,,
1790035879.7935538,RAW_IMU,,,,,,,,,0,0,-1001,0,0,0,,,,,
1790035879.8125086,ATTITUDE,,,,,,,,,,,,,,,0.001969984034076333,0.0015684460522606969,0.7941999435424805,,
1790035879.813331,RAW_IMU,,,,,,,,,0,0,-1001,0,0,0,,,,,
1790035879.832224,ATTITUDE,,,,,,,,,,,,,,,0.001973313745111227,0.0015714226756244898,0.7942062616348267,,
1790035879.8335109,RAW_IMU,,,,,,,,,0,0,-1001,1,0,0,,,,,
1790035879.87044,ATTITUDE,,,,,,,,,,,,,,,0.001975457649677992,0.0015752052422612906,0.7942119240760803,,
1790035879.8712826,RAW_IMU,,,,,,,,,0,0,-1001,0,1,0,,,,,
1790035879.8735225,ATTITUDE,,,,,,,,,,,,,,,0.001972182886675,0.0015728649450466037,0.7942171096801758,,
1790035879.8750882,RAW_IMU,,,,,,,,,0,0,-1001,0,0,0,,,,,
1790035879.886505,GLOBAL_POSITION_INT,-35.3615008,149.1673974,581.72,-0.601,-0.02,0.0,0.0,45.5,,,,,,,,,,,
1790035879.8876126,GPS_RAW_INT,,,,,,,,,,,,,,,,,,6,10
1790035879.8938787,ATTITUDE,,,,,,,,,,,,,,,0.0019709754269570112,0.0015712248859927058,0.7942233681678772,,
1790035879.8949008,RAW_IMU,,,,,,,,,0,0,-1001,0,0,0,,,,,
1790035879.9138484,ATTITUDE,,,,,,,,,,,,,,,0.0019686310552060604,0.0015679806238040328,0.7942292094230652,,
1790035879.9146519,RAW_IMU,,,,,,,,,0,0,-1001,0,0,0,,,,,
1790035879.934309,ATTITUDE,,,,,,,,,,,,,,,0.001966566313058138,0.0015665375394746661,0.7942339777946472,,
1790035879.9353561,RAW_IMU,,,,,,,,,0,0,-1001,0,0,0,,,,,
1790035879.9544907,ATTITUDE,,,,,,,,,,,,,,,0.001965207513421774,0.0015658419579267502,0.7942391633987427,,
1790035879.9560962,RAW_IMU,,,,,,,,,0,0,-1000,0,0,0,,,,,
1790035879.9743812,ATTITUDE,,,,,,,,,,,,,,,0.0019640771206468344,0.0015647925902158022,0.7942451238632202,,
1790035879.9763188,RAW_IMU,,,,,,,,,0,0,-1001,0,0,0,,,,,
1790035879.987778,GLOBAL_POSITION_INT,-35.3615008,149.1673974,581.72,-0.601,-0.02,0.0,0.0,45.5,,,,,,,,,,,
1790035879.9884892,GPS_RAW_INT,,,,,,,,,,,,,,,,,,6,10
1790035879.9944131,ATTITUDE,,,,,,,,,,,,,,,0.001966147217899561,0.001566522754728794,0.7942498326301575,,
1790035879.9953442,RAW_IMU,,,,,,,,,0,0,-1001,0,0,0,,,,,
1790035880.0148172,ATTITUDE,,,,,,,,,,,,,,,0.001969300676137209,0.0015676092589274049,0.7942560911178589,,
1790035880.0157712,RAW_IMU,,,,,,,,,0,0,-1001,1,0,0,,,,,
1790035880.0349617,ATTITUDE,,,,,,,,,,,,,,,0.0019704902078956366,0.0015693242894485593,0.7942619919776917,,
1790035880.035778,RAW_IMU,,,,,,,,,0,0,-1001,0,0,0,,,,,
1790035880.0552368,ATTITUDE,,,,,,,,,,,,,,,0.0019692147616297007,0.0015706629492342472,0.7942675352096558,,
1790035880.0560558,RAW_IMU,,,,,,,,,0,0,-1001,0,1,0,,,,,
1790035880.0752888,ATTITUDE,,,,,,,,,,,,,,,0.00196791416965425,0.00156797980889678,0.7942720055580139,,
1790035880.0762472,RAW_IMU,,,,,,,,,0,0,-1001,0,0,0,,,,,
1790035880.0885994,GLOBAL_POSITION_INT,-35.3615008,149.1673974,581.72,-0.601,-0.02,0.0,0.0,45.5,,,,,,,,,,,
1790035880.090015,GPS_RAW_INT,,,,,,,,,,,,,,,,,,6,10
1790035880.0950904,ATTITUDE,,,,,,,,,,,,,,,0.0019677141681313515,0.001566162216477096,0.7942773699760437,,
1790035880.0967078,RAW_IMU,,,,,,,,,0,0,-1001,0,0,0,,,,,
1790035880.1246586,ATTITUDE,,,,,,,,,,,,,,,0.0019663169514387846,0.001564550562761724,0.7942841649055481,,
1790035880.1264148,RAW_IMU,,,,,,,,,0,0,-1001,0,0,0,,,,,
1790035880.1353126,ATTITUDE,,,,,,,,,,,,,,,0.0019654405768960714,0.0015651154099032283,0.7942898869514465,,
1790035880.1360974,RAW_IMU,,,,,,,,,0,0,-1001,0,0,0,,,,,
1790035880.154968,ATTITUDE,,,,,,,,,,,,,,,0.0019652163609862328,0.0015652129659429193,0.7942953109741211,,
1790035880.1562994,RAW_IMU,,,,,,,,,0,0,-1001,0,0,0,,,,,
1790035880.175581,ATTITUDE,,,,,,,,,,,,,,,0.0019649057649075985,0.0015648973640054464,0.7943018078804016,,
1790035880.1767492,RAW_IMU,,,,,,,,,0,0,-1001,0,0,0,,,,,
1790035880.1890962,GLOBAL_POSITION_INT,-35.3615008,149.1673974,581.72,-0.601,-0.02,0.0,0.0,45.51,,,,,,,,,,,
1790035880.1904101,GPS_RAW_INT,,,,,,,,,,,,,,,,,,6,10
1790035880.1960988,ATTITUDE,,,,,,,,,,,,,,,0.0019666794687509537,0.0015671398723497987,0.7943083643913269,,
1790035880.1972435,RAW_IMU,,,,,,,,,0,0,-1001,0,1,0,,,,,
1790035880.2161055,ATTITUDE,,,,,,,,,,,,,,,0.0019680431578308344,0.0015686418628320098,0.7943136096000671,,
1790035880.2176256,RAW_IMU,,,,,,,,,0,0,-1001,0,0,0,,,,,
1790035880.236055,ATTITUDE,,,,,,,,,,,,,,,0.0019701672717928886,0.0015701253432780504,0.7943198680877686,,
1790035880.2373557,RAW_IMU,,,,,,,,,0,0,-1001,0,0,0,,,,,
1790035880.2559378,ATTITUDE,,,,,,,,,,,,,,,0.001972745405510068,0.0015721225645393133,0.7943241596221924,,
1790035880.2570758,RAW_IMU,,,,,,,,,0,0,-1001,0,0,0,,,,,
1790035880.2759464,ATTITUDE,,,,,,,,,,,,,,,0.0019715914968401194,0.0015711954329162836,0.7943307161331177,,
1790035880.2768555,RAW_IMU,,,,,,,,,0,0,-1001,0,0,0,,,,,
1790035880.2901013,GLOBAL_POSITION_INT,-35.3615008,149.1673974,581.72,-0.601,-0.02,0.0,0.0,45.51,,,,,,,,,,,
1790035880.2909741,GPS_RAW_INT,,,,,,,,,,,,,,,,,,6,10
1790035880.2966907,ATTITUDE,,,,,,,,,,,,,,,0.0019715873058885336,0.001569439540617168,0.7943369150161743,,
1790035880.2983537,RAW_IMU,,,,,,,,,0,0,-1000,1,0,0,,,,,
1790035880.3168676,ATTITUDE,,,,,,,,,,,,,,,0.0019722282886505127,0.0015686950646340847,0.7943426966667175,,
1790035880.3179984,RAW_IMU,,,,,,,,,0,0,-1001,1,0,0,,,,,
1790035880.3358865,ATTITUDE,,,,,,,,,,,,,,,0.0019703616853803396,0.0015695946058258414,0.7943494915962219,,
1790035880.337653,RAW_IMU,,,,,,,,,0,0,-1001,0,1,0,,,,,
1790035880.3671834,ATTITUDE,,,,,,,,,,,,,,,0.0019708951003849506,0.0015696363989263773,0.794355034828186,,
1790035880.3686054,RAW_IMU,,,,,,,,,0,0,-1001,0,0,0,,,,,
1790035880.3757448,ATTITUDE,,,,,,,,,,,,,,,0.0019724033772945404,0.0015707389684394002,0.7943601012229919,,
1790035880.377318,RAW_IMU,,,,,,,,,0,0,-1001,1,0,0,,,,,
1790035880.3890479,GLOBAL_POSITION_INT,-35.3615008,149.1673974,581.72,-0.601,-0.02,0.0,0.0,45.51,,,,,,,,,,,
1790035880.390177,GPS_RAW_INT,,,,,,,,,,,,,,,,,,6,10
1790035880.3960714,ATTITUDE,,,,,,,,,,,,,,,0.0019743558950722218,0.0015716195339336991,0.7943667769432068,,
1790035880.397532,RAW_IMU,,,,,,,,,0,0,-1001,1,0,0,,,,,
1790035880.4159184,ATTITUDE,,,,,,,,,,,,,,,0.0019769484642893076,0.0015745946438983083,0.7943737506866455,,
1790035880.4169703,RAW_IMU,,,,,,,,,0,0,-1001,1,1,0,,,,,
1790035880.4358108,ATTITUDE,,,,,,,,,,,,,,,0.0019797231070697308,0.0015779786044731736,0.794379711151123,,
1790035880.4372797,RAW_IMU,,,,,,,,,0,0,-1001,0,1,0,,,,,
1790035880.4559593,ATTITUDE,,,,,,,,,,,,,,,0.0019824067130684853,0.0015808545285835862,0.7943834066390991,,
1790035880.4567676,RAW_IMU,,,,,,,,,0,0,-1001,0,0,0,,,,,
1790035880.4758093,ATTITUDE,,,,,,,,,,,,,,,0.0019803408067673445,0.0015776976943016052,0.7943900227546692,,
1790035880.4775906,RAW_IMU,,,,,,,,,0,0,-1001,0,0,0,,,,,
1790035880.4891787,GLOBAL_POSITION_INT,-35.3615008,149.1673974,581.72,-0.601,-0.02,0.0,0.0,45.51,,,,,,,,,,,
1790035880.49098,GPS_RAW_INT,,,,,,,,,,,,,,,,,,6,10
1790035880.4958417,ATTITUDE,,,,,,,,,,,,,,,0.0019780434668064117,0.0015758252702653408,0.7943957448005676,,
1790035880.4972513,RAW_IMU,,,,,,,,,0,0,-1001,0,0,0,,,,,
1790035880.5160453,ATTITUDE,,,,,,,,,,,,,,,0.001976350788027048,0.0015755471540614963,0.7944025993347168,,
1790035880.5170364,RAW_IMU,,,,,,,,,0,0,-1001,0,0,0,,,,,
1790035880.5360787,ATTITUDE,,,,,,,,,,,,,,,0.001976283499971032,0.001572636654600501,0.7944095730781555,,
1790035880.5374603,RAW_IMU,,,,,,,,,0,0,-1001,0,0,0,,,,,
1790035880.555825,ATTITUDE,,,,,,,,,,,,,,,0.001975242979824543,0.0015715223271399736,0.794414222240448,,
1790035880.556654,RAW_IMU,,,,,,,,,0,0,-1001,0,0,0,,,,,
1790035880.5758379,ATTITUDE,,,,,,,,,,,,,,,0.001974975224584341,0.001570824533700943,0.7944200038909912,,
1790035880.57717,RAW_IMU,,,,,,,,,0,0,-1001,0,0,0,,,,,
1790035880.5882552,GLOBAL_POSITION_INT,-35.3615008,149.1673974,581.72,-0.601,-0.02,0.0,0.0,45.51,,,,,,,,,,,
1790035880.589192,GPS_RAW_INT,,,,,,,,,,,,,,,,,,6,10
1790035880.5951567,ATTITUDE,,,,,,,,,,,,,,,0.0019751377403736115,0.001572364941239357,0.794426441192627,,
1790035880.5964458,RAW_IMU,,,,,,,,,0,0,-1001,0,1,0,,,,,
1790035880.620105,ATTITUDE,,,,,,,,,,,,,,,0.001976091880351305,0.0015738689107820392,0.7944351434707642,,
1790035880.6209865,RAW_IMU,,,,,,,,,0,0,-1001,0,0,1,,,,,
1790035880.6353066,ATTITUDE,,,,,,,,,,,,,,,0.001979049062356353,0.0015775213250890374,0.7944430708885193,,
1790035880.6359963,RAW_IMU,,,,,,,,,0,0,-1001,0,1,1,,,,,
1790035880.655938,ATTITUDE,,,,,,,,,,,,,,,0.001982560846954584,0.0015804636059328914,0.7944489121437073,,
1790035880.657539,RAW_IMU,,,,,,,,,0,0,-1000,0,1,0,,,,,
1790035880.675918,ATTITUDE,,,,,,,,,,,,,,,0.001979545224457979,0.0015778113156557083,0.7944540977478027,,
1790035880.6777167,RAW_IMU,,,,,,,,,0,0,-1001,0,0,0,,,,,
1790035880.6890833,GLOBAL_POSITION_INT,-35.3615008,149.1673974,581.72,-0.601,-0.02,0.0,0.0,45.51,,,,,,,,,,,
1790035880.6899881,GPS_RAW_INT,,,,,,,,,,,,,,,,,,6,10
1790035880.6964505,ATTITUDE,,,,,,,,,,,,,,,0.001978046726435423,0.0015773422783240676,0.79445880651474,,
1790035880.6977718,RAW_IMU,,,,,,,,,0,0,-1001,0,1,0,,,,,
1790035880.716595,ATTITUDE,,,,,,,,,,,,,,,0.0019784013275057077,0.0015758356312289834,0.7944661974906921,,
1790035880.7178004,RAW_IMU,,,,,,,,,0,0,-1001,1,0,0,,,,,
1790035880.7366717,ATTITUDE,,,,,,,,,,,,,,,0.001977255567908287,0.0015748656587675214,0.7944717407226562,,
1790035880.7378573,RAW_IMU,,,,,,,,,0,0,-1000,0,0,0,,,,,
1790035880.7565668,ATTITUDE,,,,,,,,,,,,,,,0.0019771333318203688,0.001574776484631002,0.7944769859313965,,
1790035880.7577748,RAW_IMU,,,,,,,,,0,0,-1001,0,0,0,,,,,
1790035880.7765763,ATTITUDE,,,,,,,,,,,,,,,0.001976859988644719,0.0015746110584586859,0.7944839000701904,,
1790035880.7777452,RAW_IMU,,,,,,,,,0,0,-1001,0,0,0,,,,,
1790035880.7900696,GLOBAL_POSITION_INT,-35.3615008,149.1673974,581.72,-0.601,-0.02,0.0,0.0,45.52,,,,,,,,,,,
1790035880.7914615,GPS_RAW_INT,,,,,,,,,,,,,,,,,,6,10
1790035880.7965672,ATTITUDE,,,,,,,,,,,,,,,0.001978074898943305,0.0015746720600873232,0.794490396976471,,
1790035880.7977695,RAW_IMU,,,,,,,,,0,0,-1001,0,0,0,,,,,
1790035880.8166413,ATTITUDE,,,,,,,,,,,,,,,0.001980504486709833,0.0015749535523355007,0.7944960594177246,,
1790035880.8182611,RAW_IMU,,,,,,,,,0,0,-1001,1,0,0,,,,,
1790035880.8367488,ATTITUDE,,,,,,,,,,,,,,,0.001981767127290368,0.0015777641674503684,0.7945018410682678,,
1790035880.8382971,RAW_IMU,,,,,,,,,0,0,-1001,0,0,0,,,,,
1790035880.8699558,ATTITUDE,,,,,,,,,,,,,,,0.001983779016882181,0.0015808835159987211,0.7945060729980469,,
1790035880.870742,RAW_IMU,,,,,,,,,0,0,-1001,0,0,0,,,,,
1790035880.8770022,ATTITUDE,,,,,,,,,,,,,,,0.0019819210283458233,0.0015785932773724198,0.7945111393928528,,
1790035880.8780205,RAW_IMU,,,,,,,,,0,0,-1001,0,0,0,,,,,
1790035880.8845959,GLOBAL_POSITION_INT,-35.3615008,149.1673974,581.72,-0.601,-0.02,0.0,0.0,45.52,,,,,,,,,,,
1790035880.885696,GPS_RAW_INT,,,,,,,,,,,,,,,,,,6,10
1790035880.896979,ATTITUDE,,,,,,,,,,,,,,,0.001981316367164254,0.0015773974591866136,0.7945166826248169,,
1790035880.897718,RAW_IMU,,,,,,,,,0,0,-1001,1,0,0,,,,,
1790035880.916634,ATTITUDE,,,,,,,,,,,,,,,0.001980100991204381,0.0015759695088490844,0.7945244908332825,,
1790035880.9181101,RAW_IMU,,,,,,,,,0,0,-1001,0,0,1,,,,,
1790035880.9358306,ATTITUDE,,,,,,,,,,,,,,,0.0019781847950071096,0.0015762554248794913,0.794529378414154,,
1790035880.9371486,RAW_IMU,,,,,,,,,0,0,-1001,0,1,0,,,,,
1790035880.9556203,ATTITUDE,,,,,,,,,,,,,,,0.001976546598598361,0.0015756250359117985,0.7945348024368286,,
1790035880.9571,RAW_IMU,,,,,,,,,0,0,-1001,0,0,0,,,,,
1790035880.974817,ATTITUDE,,,,,,,,,,,,,,,0.001977587351575494,0.0015739707741886377,0.7945396304130554,,
1790035880.9763973,RAW_IMU,,,,,,,,,0,0,-1001,0,0,0,,,,,
1790035880.9877555,GLOBAL_POSITION_INT,-35.3615008,149.1673974,581.72,-0.601,-0.02,0.0,0.0,45.52,,,,,,,,,,,
1790035880.9884858,GPS_RAW_INT,,,,,,,,,,,,,,,,,,6,10
1790035880.994535,ATTITUDE,,,,,,,,,,,,,,,0.001977577805519104,0.0015734854387119412,0.7945454716682434,,
1790035880.9954214,RAW_IMU,,,,,,,,,0,0,-1001,0,0,0,,,,,
1790035881.014509,ATTITUDE,,,,,,,,,,,,,,,0.001977536827325821,0.001575668342411518,0.7945525646209717,,
1790035881.015994,RAW_IMU,,,,,,,,,0,0,-1001,0,0,0,,,,,
1790035881.0344818,ATTITUDE,,,,,,,,,,,,,,,0.0019787789788097143,0.001577557879500091,0.7945583462715149,,
1790035881.0359783,RAW_IMU,,,,,,,,,0,0,-1001,0,0,0,,,,,
1790035881.0537558,ATTITUDE,,,,,,,,,,,,,,,0.001981653505936265,0.0015799027169123292,0.7945610880851746,,
1790035881.055299,RAW_IMU,,,,,,,,,0,0,-1001,0,0,0,,,,,
1790035881.073639,ATTITUDE,,,,,,,,,,,,,,,0.001980668166652322,0.0015778533415868878,0.7945669293403625,,
1790035881.0747395,RAW_IMU,,,,,,,,,0,0,-1000,1,0,0,,,,,
1790035881.0869417,GLOBAL_POSITION_INT,-35.3615008,149.1673974,581.72,-0.601,-0.02,0.0,0.0,45.52,,,,,,,,,,,
1790035881.0879345,GPS_RAW_INT,,,,,,,,,,,,,,,,,,6,10
1790035881.09362,ATTITUDE,,,,,,,,,,,,,,,0.0019796076230704784,0.0015751953469589353,0.7945721745491028,,
1790035881.09492,RAW_IMU,,,,,,,,,0,0,-1001,0,0,0,,,,,
1790035881.12697,ATTITUDE,,,,,,,,,,,,,,,0.001977809239178896,0.001574668101966381,0.7945783734321594,,
1790035881.1281614,RAW_IMU,,,,,,,,,0,0,-1001,0,0,0,,,,,
1790035881.133573,ATTITUDE,,,,,,,,,,,,,,,0.0019765649922192097,0.0015726183773949742,0.7945852279663086,,
1790035881.1346347,RAW_IMU,,,,,,,,,0,0,-1001,0,0,0,,,,,
1790035881.1535861,ATTITUDE,,,,,,,,,,,,,,,0.0019760183058679104,0.0015734491171315312,0.7945893406867981,,
1790035881.1544106,RAW_IMU,,,,,,,,,0,0,-1001,0,1,0,,,,,
1790035881.173526,ATTITUDE,,,,,,,,,,,,,,,0.0019767917692661285,0.0015734658809378743,0.7945950031280518,,
1790035881.1746817,RAW_IMU,,,,,,,,,0,0,-1001,0,0,0,,,,,
1790035881.186877,GLOBAL_POSITION_INT,-35.3615008,149.1673974,581.72,-0.601,-0.02,0.0,0.0,45.52,,,,,,,,,,,
1790035881.1885986,GPS_RAW_INT,,,,,,,,,,,,,,,,,,6,10
1790035881.1938326,ATTITUDE,,,,,,,,,,,,,,,0.0019762262236326933,0.0015738544752821326,0.7946004867553711,,
1790035881.1956086,RAW_IMU,,,,,,,,,0,0,-1001,0,0,0,,,,,
1790035881.213849,ATTITUDE,,,,,,,,,,,,,,,0.0019770243670791388,0.0015759781235828996,0.7946057319641113,,
1790035881.2156918,RAW_IMU,,,,,,,,,0,0,-1001,0,0,0,,,,,
1790035881.2337794,ATTITUDE,,,,,,,,,,,,,,,0.0019794455729424953,0.0015801548724994063,0.7946112155914307,,
1790035881.2353456,RAW_IMU,,,,,,,,,0,0,-1001,0,1,0,,,,,
1790035881.253764,ATTITUDE,,,,,,,,,,,,,,,0.001981607638299465,0.0015820113476365805,0.7946146130561829,,
1790035881.25465,RAW_IMU,,,,,,,,,0,0,-1001,0,0,0,,,,,
1790035881.273646,ATTITUDE,,,,,,,,,,,,,,,0.0019795920234173536,0.0015792821068316698,0.794620156288147,,
1790035881.274632,RAW_IMU,,,,,,,,,0,0,-1000,0,0,0,,,,,
1790035881.287605,GLOBAL_POSITION_INT,-35.3615008,149.1673974,581.72,-0.601,-0.02,0.0,0.0,45.52,,,,,,,,,,,
1790035881.2887197,GPS_RAW_INT,,,,,,,,,,,,,,,,,,6,10
1790035881.2943172,ATTITUDE,,,,,,,,,,,,,,,0.001978035783395171,0.001577255898155272,0.7946279048919678,,
1790035881.2953556,RAW_IMU,,,,,,,,,0,0,-1000,0,0,1,,,,,
1790035881.3144624,ATTITUDE,,,,,,,,,,,,,,,0.00197612470947206,0.0015772946644574404,0.7946335077285767,,
1790035881.3155596,RAW_IMU,,,,,,,,,0,0,-1001,0,1,0,,,,,
1790035881.3344045,ATTITUDE,,,,,,,,,,,,,,,0.001976185478270054,0.00157587428111583,0.7946401238441467,,
1790035881.3357327,RAW_IMU,,,,,,,,,0,0,-1001,1,0,0,,,,,
1790035881.3746731,ATTITUDE,,,,,,,,,,,,,,,0.0019761230796575546,0.0015759611269459128,0.7946459650993347,,
1790035881.3755531,RAW_IMU,,,,,,,,,0,0,-1001,0,0,0,,,,,
1790035881.3769085,ATTITUDE,,,,,,,,,,,,,,,0.0019765873439610004,0.001574728055857122,0.794650673866272,,
1790035881.3782125,RAW_IMU,,,,,,,,,0,0,-1001,0,0,0,,,,,
1790035881.3891542,GLOBAL_POSITION_INT,-35.3615008,149.1673974,581.72,-0.601,-0.02,0.0,0.0,45.53,,,,,,,,,,,
1790035881.3902147,GPS_RAW_INT,,,,,,,,,,,,,,,,,,6,10
1790035881.396433,ATTITUDE,,,,,,,,,,,,,,,0.001976523082703352,0.0015754749765619636,0.7946568131446838,,
1790035881.3972867,RAW_IMU,,,,,,,,,0,0,-1001,0,0,0,,,,,
1790035881.41663,ATTITUDE,,,,,,,,,,,,,,,0.001978113781660795,0.0015758768422529101,0.7946634888648987,,
1790035881.4186552,RAW_IMU,,,,,,,,,0,0,-1001,0,0,0,,,,,
1790035881.4369946,ATTITUDE,,,,,,,,,,,,,,,0.001979734282940626,0.0015788829186931252,0.7946704626083374,,
1790035881.438021,RAW_IMU,,,,,,,,,0,0,-1001,0,1,0,,,,,
1790035881.4518921,ATTITUDE,,,,,,,,,,,,,,,0.001983499387279153,0.0015828668838366866,0.794674813747406,,
1790035881.4527922,RAW_IMU,,,,,,,,,0,0,-1001,1,1,0,,,,,
1790035881.4720693,ATTITUDE,,,,,,,,,,,,,,,0.001980393659323454,0.0015813768841326237,0.7946804761886597,,
1790035881.4733546,RAW_IMU,,,,,,,,,0,0,-1001,0,1,0,,,,,
1790035881.4853053,GLOBAL_POSITION_INT,-35.3615008,149.1673974,581.72,-0.601,-0.02,0.0,0.0,45.53,,,,,,,,,,,
1790035881.4861634,GPS_RAW_INT,,,,,,,,,,,,,,,,,,6,10
1790035881.4919643,ATTITUDE,,,,,,,,,,,,,,,0.0019786013290286064,0.0015798748936504126,0.7946878671646118,,
1790035881.4935274,RAW_IMU,,,,,,,,,0,0,-1000,0,0,1,,,,,
1790035881.5169437,ATTITUDE,,,,,,,,,,,,,,,0.001976855332031846,0.0015790112083777785,0.7946938276290894,,
1790035881.5180254,RAW_IMU,,,,,,,,,0,0,-1001,0,0,0,,,,,
1790035881.53696,ATTITUDE,,,,,,,,,,,,,,,0.001976734260097146,0.001578352996148169,0.7946993112564087,,
1790035881.5382774,RAW_IMU,,,,,,,,,0,0,-1001,1,0,0,,,,,
1790035881.5570436,ATTITUDE,,,,,,,,,,,,,,,0.001975450897589326,0.0015769095625728369,0.7947060465812683,,
1790035881.5581038,RAW_IMU,,,,,,,,,0,0,-1001,0,0,1,,,,,
1790035881.5768855,ATTITUDE,,,,,,,,,,,,,,,0.001975610852241516,0.0015776564832776785,0.7947120070457458,,
1790035881.5782804,RAW_IMU,,,,,,,,,0,0,-1001,0,0,0,,,,,
1790035881.5845766,GLOBAL_POSITION_INT,-35.3615008,149.1673974,581.72,-0.601,-0.02,0.0,0.0,45.53,,,,,,,,,,,
1790035881.5855088,GPS_RAW_INT,,,,,,,,,,,,,,,,,,6,10
1790035881.5969193,ATTITUDE,,,,,,,,,,,,,,,0.0019741514697670937,0.0015800122637301683,0.7947185635566711,,
1790035881.5978844,RAW_IMU,,,,,,,,,0,0,-1001,0,1,0,,,,,
1790035881.6256652,ATTITUDE,,,,,,,,,,,,,,,0.0019766082987189293,0.0015801701229065657,0.7947259545326233,,
1790035881.626528,RAW_IMU,,,,,,,,,0,0,-1001,0,0,1,,,,,
1790035881.632042,ATTITUDE,,,,,,,,,,,,,,,0.001977981999516487,0.0015830877237021923,0.794731855392456,,
1790035881.6328008,RAW_IMU,,,,,,,,,0,0,-1001,0,0,0,,,,,
1790035881.6524599,ATTITUDE,,,,,,,,,,,,,,,0.0019799189176410437,0.001586020807735622,0.7947367429733276,,
1790035881.6538987,RAW_IMU,,,,,,,,,0,0,-1001,0,1,0,,,,,
1790035881.672619,ATTITUDE,,,,,,,,,,,,,,,0.001976087223738432,0.0015835771337151527,0.7947428822517395,,
1790035881.6747575,RAW_IMU,,,,,,,,,0,0,-1001,0,0,0,,,,,
1790035881.6863177,GLOBAL_POSITION_INT,-35.3615008,149.1673974,581.72,0.008,-0.02,0.0,0.0,45.53,,,,,,,,,,,
1790035881.6876724,GPS_RAW_INT,,,,,,,,,,,,,,,,,,6,10
1790035881.6936378,ATTITUDE,,,,,,,,,,,,,,,0.0019744124729186296,0.0015819574473425746,0.7947492599487305,,
1790035881.695285,RAW_IMU,,,,,,,,,0,0,-1001,0,0,1,,,,,
1790035881.7134564,ATTITUDE,,,,,,,,,,,,,,,0.0019736806862056255,0.0015812369529157877,0.7947548627853394,,
1790035881.714431,RAW_IMU,,,,,,,,,0,0,-1001,0,1,0,,,,,
1790035881.733912,ATTITUDE,,,,,,,,,,,,,,,0.001973367528989911,0.0015807702438905835,0.7947626113891602,,
1790035881.7353191,RAW_IMU,,,,,,,,,0,0,-1001,0,1,0,,,,,
1790035881.7535148,ATTITUDE,,,,,,,,,,,,,,,0.0019738608971238136,0.0015783768612891436,0.7947679162025452,,
1790035881.754869,RAW_IMU,,,,,,,,,0,0,-1000,1,0,0,,,,,
1790035881.7737286,ATTITUDE,,,,,,,,,,,,,,,0.0019752385560423136,0.0015786351868882775,0.7947725057601929,,
1790035881.7755446,RAW_IMU,,,,,,,,,0,0,-1001,1,0,0,,,,,
1790035881.786837,GLOBAL_POSITION_INT,-35.3615008,149.1673974,581.72,0.008,-0.02,0.0,0.0,45.53,,,,,,,,,,,
1790035881.7876322,GPS_RAW_INT,,,,,,,,,,,,,,,,,,6,10
1790035881.7933578,ATTITUDE,,,,,,,,,,,,,,,0.0019766364712268114,0.001578907249495387,0.7947776913642883,,
1790035881.7941957,RAW_IMU,,,,,,,,,0,0,-1001,0,0,0,,,,,
1790035881.8134387,ATTITUDE,,,,,,,,,,,,,,,0.001978368731215596,0.0015809648903086782,0.794783353805542,,
1790035881.8143425,RAW_IMU,,,,,,,,,0,0,-1001,1,1,0,,,,,
1790035881.8336897,ATTITUDE,,,,,,,,,,,,,,,0.001980913570150733,0.00158319144975394,0.7947900891304016,,
1790035881.835208,RAW_IMU,,,,,,,,,0,0,-1001,0,0,0,,,,,
1790035881.876607,ATTITUDE,,,,,,,,,,,,,,,0.001980852335691452,0.0015839465195313096,0.7947956919670105,,
1790035881.8776822,RAW_IMU,,,,,,,,,0,0,-1001,0,0,0,,,,,
1790035881.8794682,ATTITUDE,,,,,,,,,,,,,,,0.001978472340852022,0.0015804566210135818,0.7948028445243835,,
1790035881.8811762,RAW_IMU,,,,,,,,,0,0,-1001,0,0,1,,,,,
1790035881.888199,GLOBAL_POSITION_INT,-35.3615008,149.1673974,581.72,0.008,-0.02,0.0,0.0,45.53,,,,,,,,,,,
1790035881.889189,GPS_RAW_INT,,,,,,,,,,,,,,,,,,6,10
1790035881.894765,ATTITUDE,,,,,,,,,,,,,,,0.0019758883863687515,0.0015799424145370722,0.7948089838027954,,
1790035881.8960218,RAW_IMU,,,,,,,,,0,0,-1001,0,1,1,,,,,
1790035881.9149644,ATTITUDE,,,,,,,,,,,,,,,0.0019748446065932512,0.0015788062009960413,0.7948145270347595,,
1790035881.916118,RAW_IMU,,,,,,,,,0,0,-1001,0,1,0,,,,,
1790035881.9350157,ATTITUDE,,,,,,,,,,,,,,,0.001973853213712573,0.0015781159745529294,0.7948212623596191,,
1790035881.9362628,RAW_IMU,,,,,,,,,0,0,-1001,0,0,0,,,,,
1790035881.9548078,ATTITUDE,,,,,,,,,,,,,,,0.0019739565905183554,0.001576935756020248,0.7948272228240967,,
1790035881.9559467,RAW_IMU,,,,,,,,,0,0,-1001,0,0,0,,,,,
1790035881.974817,ATTITUDE,,,,,,,,,,,,,,,0.0019736969843506813,0.0015776928048580885,0.7948323488235474,,
1790035881.9757695,RAW_IMU,,,,,,,,,0,0,-1001,0,1,0,,,,,
1790035881.9880137,GLOBAL_POSITION_INT,-35.3615008,149.1673974,581.72,0.008,-0.02,0.0,0.0,45.54,,,,,,,,,,,
1790035881.9893003,GPS_RAW_INT,,,,,,,,,,,,,,,,,,6,10
1790035881.9948757,ATTITUDE,,,,,,,,,,,,,,,0.0019739696290344,0.0015782358823344111,0.7948386073112488,,
1790035881.9957159,RAW_IMU,,,,,,,,,0,0,-1001,0,0,0,,,,,
1790035882.0149345,ATTITUDE,,,,,,,,,,,,,,,0.0019749272614717484,0.0015803431160748005,0.7948449850082397,,
1790035882.01594,RAW_IMU,,,,,,,,,0,0,-1001,0,1,0,,,,,
1790035882.0352285,ATTITUDE,,,,,,,,,,,,,,,0.001977532170712948,0.0015828997129574418,0.7948518395423889,,
1790035882.0367196,RAW_IMU,,,,,,,,,0,0,-1001,0,1,0,,,,,
1790035882.0563571,ATTITUDE,,,,,,,,,,,,,,,0.0019780434668064117,0.0015856912359595299,0.7948571443557739,,
1790035882.0573654,RAW_IMU,,,,,,,,,0,0,-1001,0,1,0,,,,,
1790035882.076232,ATTITUDE,,,,,,,,,,,,,,,0.0019761815201491117,0.001583578996360302,0.7948627471923828,,
1790035882.07713,RAW_IMU,,,,,,,,,0,0,-1001,0,0,0,,,,,
1790035882.0888233,GLOBAL_POSITION_INT,-35.3615008,149.1673974,581.72,0.008,-0.02,0.0,0.0,45.54,,,,,,,,,,,
1790035882.089758,GPS_RAW_INT,,,,,,,,,,,,,,,,,,6,10
1790035882.0955696,ATTITUDE,,,,,,,,,,,,,,,0.001976113533601165,0.001581394812092185,0.7948667407035828,,
1790035882.096541,RAW_IMU,,,,,,,,,0,0,-1001,1,0,0,,,,,
1790035882.1200373,ATTITUDE,,,,,,,,,,,,,,,0.001974875805899501,0.0015809197211638093,0.7948742508888245,,
1790035882.1212928,RAW_IMU,,,,,,,,,0,0,-1001,0,1,0,,,,,
1790035882.13583,ATTITUDE,,,,,,,,,,,,,,,0.001975557068362832,0.0015801992267370224,0.7948803901672363,,
1790035882.1369152,RAW_IMU,,,,,,,,,0,0,-1001,1,0,0,,,,,
1790035882.155488,ATTITUDE,,,,,,,,,,,,,,,0.0019766511395573616,0.0015788309974595904,0.7948859930038452,,
1790035882.156709,RAW_IMU,,,,,,,,,0,0,-1001,1,0,0,,,,,
1790035882.1754675,ATTITUDE,,,,,,,,,,,,,,,0.001977619482204318,0.0015787836164236069,0.7948909997940063,,
1790035882.1770756,RAW_IMU,,,,,,,,,0,0,-1001,1,0,0,,,,,
1790035882.1889806,GLOBAL_POSITION_INT,-35.3615008,149.1673974,581.72,0.008,-0.02,0.0,0.0,45.54,,,,,,,,,,,
1790035882.1899872,GPS_RAW_INT,,,,,,,,,,,,,,,,,,6,10
1790035882.1964076,ATTITUDE,,,,,,,,,,,,,,,0.001977890729904175,0.0015795663930475712,0.7948973178863525,,
1790035882.1982305,RAW_IMU,,,,,,,,,0,0,-1001,0,0,0,,,,,
1790035882.216687,ATTITUDE,,,,,,,,,,,,,,,0.001980757573619485,0.0015808562748134136,0.7949019074440002,,
1790035882.2178352,RAW_IMU,,,,,,,,,0,0,-1001,1,0,0,,,,,
1790035882.237262,ATTITUDE,,,,,,,,,,,,,,,0.001983372727409005,0.0015830608317628503,0.7949092984199524,,
1790035882.2384717,RAW_IMU,,,,,,,,,0,0,-1000,0,0,0,,,,,
1790035882.2573545,ATTITUDE,,,,,,,,,,,,,,,0.0019863832276314497,0.0015855926321819425,0.7949137091636658,,
1790035882.2585423,RAW_IMU,,,,,,,,,0,0,-1001,1,0,0,,,,,
1790035882.2776031,ATTITUDE,,,,,,,,,,,,,,,0.0019829622469842434,0.0015829532640054822,0.7949210405349731,,
1790035882.2791822,RAW_IMU,,,,,,,,,0,0,-1001,0,0,1,,,,,
1790035882.2864702,GLOBAL_POSITION_INT,-35.3615008,149.1673974,581.72,0.008,-0.02,0.0,0.0,45.54,,,,,,,,,,,
1790035882.2873008,GPS_RAW_INT,,,,,,,,,,,,,,,,,,6,10
1790035882.2976968,ATTITUDE,,,,,,,,,,,,,,,0.00197994033806026,0.0015801492845639586,0.7949257493019104,,
1790035882.29971,RAW_IMU,,,,,,,,,0,0,-1001,0,0,0,,,,,
1790035882.3177314,ATTITUDE,,,,,,,,,,,,,,,0.0019778229761868715,0.0015800714027136564,0.7949318289756775,,
1790035882.31934,RAW_IMU,,,,,,,,,0,0,-1001,0,0,0,,,,,
1790035882.3379483,ATTITUDE,,,,,,,,,,,,,,,0.0019768932834267616,0.0015800946857780218,0.7949380278587341,,
1790035882.339255,RAW_IMU,,,,,,,,,0,0,-1001,0,1,0,,,,,
1790035882.3690321,ATTITUDE,,,,,,,,,,,,,,,0.0019764115568250418,0.0015790031757205725,0.7949438095092773,,
1790035882.3706496,RAW_IMU,,,,,,,,,0,0,-1001,0,0,1,,,,,
1790035882.377584,ATTITUDE,,,,,,,,,,,,,,,0.001977724488824606,0.0015786095755174756,0.7949498891830444,,
1790035882.378683,RAW_IMU,,,,,,,,,0,0,-1001,1,1,1,,,,,
1790035882.3855762,GLOBAL_POSITION_INT,-35.3615008,149.1673974,581.72,0.008,-0.02,0.0,0.0,45.54,,,,,,,,,,,
1790035882.386522,GPS_RAW_INT,,,,,,,,,,,,,,,,,,6,10
1790035882.397682,ATTITUDE,,,,,,,,,,,,,,,0.001977774780243635,0.0015792297199368477,0.7949547171592712,,
1790035882.3989067,RAW_IMU,,,,,,,,,0,0,-1001,0,0,0,,,,,
1790035882.4178364,ATTITUDE,,,,,,,,,,,,,,,0.001980428583920002,0.001579850446432829,0.7949610352516174,,
1790035882.4190795,RAW_IMU,,,,,,,,,0,0,-1001,0,0,0,,,,,
1790035882.4377644,ATTITUDE,,,,,,,,,,,,,,,0.001982984598726034,0.0015812292695045471,0.7949672341346741,,
1790035882.4389234,RAW_IMU,,,,,,,,,0,0,-1001,1,0,0,,,,,
1790035882.4577327,ATTITUDE,,,,,,,,,,,,,,,0.0019859422463923693,0.0015829844633117318,0.7949736714363098,,
1790035882.4590383,RAW_IMU,,,,,,,,,0,0,-1001,0,0,1,,,,,
1790035882.4775937,ATTITUDE,,,,,,,,,,,,,,,0.001984440255910158,0.0015805180883035064,0.7949787974357605,,
1790035882.478754,RAW_IMU,,,,,,,,,0,0,-1001,0,0,0,,,,,
1790035882.48518,GLOBAL_POSITION_INT,-35.3615008,149.1673974,581.72,0.008,-0.02,0.0,0.0,45.54,,,,,,,,,,,
1790035882.4860272,GPS_RAW_INT,,,,,,,,,,,,,,,,,,6,10
1790035882.498164,ATTITUDE,,,,,,,,,,,,,,,0.0019839461892843246,0.0015784988645464182,0.7949836850166321,,
1790035882.4991925,RAW_IMU,,,,,,,,,0,0,-1001,1,0,0,,,,,
1790035882.5176566,ATTITUDE,,,,,,,,,,,,,,,0.001982745248824358,0.001577446237206459,0.7949885725975037,,
1790035882.5188675,RAW_IMU,,,,,,,,,0,0,-1001,0,0,0,,,,,
1790035882.5377212,ATTITUDE,,,,,,,,,,,,,,,0.0019823068287223577,0.0015758163062855601,0.7949943542480469,,
1790035882.539264,RAW_IMU,,,,,,,,,0,0,-1001,0,0,0,,,,,
1790035882.5576189,ATTITUDE,,,,,,,,,,,,,,,0.001981732901185751,0.0015761024551466107,0.7949989438056946,,
1790035882.5584714,RAW_IMU,,,,,,,,,0,0,-1000,0,1,0,,,,,
1790035882.5776598,ATTITUDE,,,,,,,,,,,,,,,0.0019824986811727285,0.0015763125848025084,0.7950047254562378,,
1790035882.5788922,RAW_IMU,,,,,,,,,0,0,-1001,0,1,0,,,,,
1790035882.5856159,GLOBAL_POSITION_INT,-35.3615008,149.1673974,581.72,0.008,-0.02,0.0,0.0,45.55,,,,,,,,,,,
1790035882.5866258,GPS_RAW_INT,,,,,,,,,,,,,,,,,,6,10
1790035882.5923946,ATTITUDE,,,,,,,,,,,,,,,0.0019839946180582047,0.0015758435474708676,0.7950113415718079,,
1790035882.5932167,RAW_IMU,,,,,,,,,0,0,-1001,1,0,1,,,,,
1790035882.6267192,ATTITUDE,,,,,,,,,,,,,,,0.0019834833219647408,0.0015765114221721888,0.7950161695480347,,
1790035882.628473,RAW_IMU,,,,,,,,,0,0,-1001,0,0,0,,,,,
1790035882.6333601,ATTITUDE,,,,,,,,,,,,,,,0.0019857941661030054,0.0015787336742505431,0.7950242161750793,,
1790035882.6344354,RAW_IMU,,,,,,,,,0,0,-1001,0,0,1,,,,,
1790035882.6536608,ATTITUDE,,,,,,,,,,,,,,,0.001988417934626341,0.0015805682633072138,0.7950296401977539,,
1790035882.6552439,RAW_IMU,,,,,,,,,0,0,-1001,1,1,1,,,,,
1790035882.6733744,ATTITUDE,,,,,,,,,,,,,,,0.0019862486515194178,0.0015790114412084222,0.7950358390808105,,
1790035882.6745842,RAW_IMU,,,,,,,,,0,0,-1001,0,1,1,,,,,
1790035882.6866696,GLOBAL_POSITION_INT,-35.3615008,149.1673974,581.72,0.008,-0.02,0.0,0.0,45.55,,,,,,,,,,,
1790035882.6877007,GPS_RAW_INT,,,,,,,,,,,,,,,,,,6,10
1790035882.6931422,ATTITUDE,,,,,,,,,,,,,,,0.0019840516615659,0.0015760556561872363,0.7950414419174194,,
1790035882.6945283,RAW_IMU,,,,,,,,,0,0,-1001,0,0,0,,,,,
1790035882.7132797,ATTITUDE,,,,,,,,,,,,,,,0.00198322138749063,0.0015760264359414577,0.7950475215911865,,
1790035882.7152503,RAW_IMU,,,,,,,,,0,0,-1001,0,0,0,,,,,
1790035882.7332761,ATTITUDE,,,,,,,,,,,,,,,0.001983598107472062,0.0015764669515192509,0.7950544357299805,,
1790035882.7349133,RAW_IMU,,,,,,,,,0,0,-1001,1,1,0,,,,,
1790035882.7533195,ATTITUDE,,,,,,,,,,,,,,,0.0019828195217996836,0.0015776797663420439,0.7950598001480103,,
1790035882.7540712,RAW_IMU,,,,,,,,,0,0,-1001,0,1,0,,,,,
1790035882.773452,ATTITUDE,,,,,,,,,,,,,,,0.001983446767553687,0.001579396310262382,0.7950651049613953,,
1790035882.774567,RAW_IMU,,,,,,,,,0,0,-1001,0,1,0,,,,,
1790035882.786931,GLOBAL_POSITION_INT,-35.3615008,149.1673974,581.72,0.008,-0.02,0.0,0.0,45.55,,,,,,,,,,,
1790035882.7876213,GPS_RAW_INT,,,,,,,,,,,,,,,,,,6,10
1790035882.7940469,ATTITUDE,,,,,,,,,,,,,,,0.0019849829841405153,0.0015790261095389724,0.7950704097747803,,
1790035882.795282,RAW_IMU,,,,,,,,,0,0,-1001,1,0,0,,,,,
1790035882.8141174,ATTITUDE,,,,,,,,,,,,,,,0.0019860018510371447,0.001580267446115613,0.7950773239135742,,
1790035882.8154376,RAW_IMU,,,,,,,,,0,0,-1001,0,0,1,,,,,
1790035882.8333228,ATTITUDE,,,,,,,,,,,,,,,0.0019878230523318052,0.0015826671151444316,0.795084536075592,,
1790035882.8348083,RAW_IMU,,,,,,,,,0,0,-1001,0,0,1,,,,,
1790035882.869736,ATTITUDE,,,,,,,,,,,,,,,0.001989391865208745,0.0015838990220800042,0.7950900793075562,,
1790035882.8707237,RAW_IMU,,,,,,,,,0,0,-1001,0,0,1,,,,,
1790035882.8756838,ATTITUDE,,,,,,,,,,,,,,,0.0019881962798535824,0.001580390497110784,0.7950943112373352,,
1790035882.876381,RAW_IMU,,,,,,,,,0,0,-1001,1,0,0,,,,,
1790035882.8883903,GLOBAL_POSITION_INT,-35.3615008,149.1673974,581.72,0.008,-0.02,0.0,0.0,45.55,,,,,,,,,,,
1790035882.8893473,GPS_RAW_INT,,,,,,,,,,,,,,,,,,6,10
1790035882.8948116,ATTITUDE,,,,,,,,,,,,,,,0.001986052142456174,0.001578018069267273,0.7951008081436157,,
1790035882.8958943,RAW_IMU,,,,,,,,,0,0,-1001,0,0,0,,,,,
1790035882.9148204,ATTITUDE,,,,,,,,,,,,,,,0.001983325695618987,0.0015776758082211018,0.7951078414916992,,
1790035882.9160068,RAW_IMU,,,,,,,,,0,0,-1001,0,1,1,,,,,
1790035882.935161,ATTITUDE,,,,,,,,,,,,,,,0.001982477493584156,0.0015763012925162911,0.7951158285140991,,
1790035882.9364605,RAW_IMU,,,,,,,,,0,0,-1001,0,0,1,,,,,
1790035882.9549434,ATTITUDE,,,,,,,,,,,,,,,0.0019812914542853832,0.0015771520556882024,0.795120120048523,,
1790035882.9555783,RAW_IMU,,,,,,,,,0,0,-1000,0,1,0,,,,,
1790035882.9749317,ATTITUDE,,,,,,,,,,,,,,,0.0019818153232336044,0.0015779818641021848,0.7951252460479736,,
1790035882.9760253,RAW_IMU,,,,,,,,,0,0,-1000,0,1,0,,,,,
1790035882.988116,GLOBAL_POSITION_INT,-35.3615008,149.1673974,581.72,0.008,-0.02,0.0,0.0,45.55,,,,,,,,,,,
1790035882.9886699,GPS_RAW_INT,,,,,,,,,,,,,,,,,,6,10
1790035882.9949462,ATTITUDE,,,,,,,,,,,,,,,0.001981888199225068,0.0015810157638043165,0.7951312065124512,,
1790035882.9958444,RAW_IMU,,,,,,,,,0,0,-1000,0,1,0,,,,,
1790035883.015081,ATTITUDE,,,,,,,,,,,,,,,0.001983033027499914,0.001583816483616829,0.7951372265815735,,
1790035883.016576,RAW_IMU,,,,,,,,,0,0,-1001,0,1,0,,,,,
1790035883.0349863,ATTITUDE,,,,,,,,,,,,,,,0.0019844642374664545,0.0015867194160819054,0.7951421141624451,,
1790035883.0364466,RAW_IMU,,,,,,,,,0,0,-1000,0,1,0,,,,,
1790035883.0564327,ATTITUDE,,,,,,,,,,,,,,,0.001985034439712763,0.0015890919603407383,0.795147716999054,,
1790035883.0572777,RAW_IMU,,,,,,,,,0,0,-1001,0,0,1,,,,,
1790035883.0762239,ATTITUDE,,,,,,,,,,,,,,,0.0019830104429274797,0.0015881141880527139,0.7951538562774658,,
1790035883.0773315,RAW_IMU,,,,,,,,,0,0,-1001,0,1,1,,,,,
1790035883.0888715,GLOBAL_POSITION_INT,-35.3615008,149.1673974,581.72,0.008,-0.02,0.0,0.0,45.55,,,,,,,,,,,
1790035883.0898814,GPS_RAW_INT,,,,,,,,,,,,,,,,,,6,10
1790035883.0952456,ATTITUDE,,,,,,,,,,,,,,,0.001979069085791707,0.0015859565464779735,0.7951605319976807,,
1790035883.096111,RAW_IMU,,,,,,,,,0,0,-1001,0,0,1,,,,,
1790035883.1214375,ATTITUDE,,,,,,,,,,,,,,,0.001979478169232607,0.001584585290402174,0.7951673269271851,,
1790035883.1224446,RAW_IMU,,,,,,,,,0,0,-1001,1,0,0,,,,,
1790035883.13529,ATTITUDE,,,,,,,,,,,,,,,0.001977877924218774,0.0015851369826123118,0.7951760292053223,,
1790035883.1361248,RAW_IMU,,,,,,,,,0,0,-1001,0,1,1,,,,,
1790035883.156527,ATTITUDE,,,,,,,,,,,,,,,0.0019777892157435417,0.00158446014393121,0.7951812744140625,,
1790035883.1583092,RAW_IMU,,,,,,,,,0,0,-1001,0,0,1,,,,,
1790035883.176137,ATTITUDE,,,,,,,,,,,,,,,0.001977207139134407,0.0015856813406571746,0.7951864004135132,,
1790035883.1778076,RAW_IMU,,,,,,,,,0,0,-1001,0,1,0,,,,,
1790035883.1902583,GLOBAL_POSITION_INT,-35.3615008,149.1673974,581.72,0.008,-0.02,0.0,0.0,45.56,,,,,,,,,,,
1790035883.1918228,GPS_RAW_INT,,,,,,,,,,,,,,,,,,6,10
1790035883.1969242,ATTITUDE,,,,,,,,,,,,,,,0.00197667651809752,0.0015867676120251417,0.7951914668083191,,
1790035883.1981385,RAW_IMU,,,,,,,,,0,0,-1000,0,1,0,,,,,
1790035883.217255,ATTITUDE,,,,,,,,,,,,,,,0.001979649066925049,0.001587164937518537,0.795198380947113,,
1790035883.2186828,RAW_IMU,,,,,,,,,0,0,-1001,1,0,1,,,,,
1790035883.2376812,ATTITUDE,,,,,,,,,,,,,,,0.0019825450144708157,0.001589859020896256,0.7952045798301697,,
1790035883.2396584,RAW_IMU,,,,,,,,,0,0,-1001,1,0,0,,,,,
1790035883.2525356,ATTITUDE,,,,,,,,,,,,,,,0.0019860127940773964,0.001590551109984517,0.7952086329460144,,
1790035883.254056,RAW_IMU,,,,,,,,,0,0,-1001,1,0,0,,,,,
1790035883.2725232,ATTITUDE,,,,,,,,,,,,,,,0.0019848463125526905,0.00158777111209929,0.7952136993408203,,
1790035883.2742279,RAW_IMU,,,,,,,,,0,0,-1001,1,0,0,,,,,
1790035883.2866786,GLOBAL_POSITION_INT,-35.3615008,149.1673974,581.72,0.008,-0.02,0.0,0.0,45.56,,,,,,,,,,,
1790035883.2870886,GPS_RAW_INT,,,,,,,,,,,,,,,,,,6,10
1790035883.2926173,ATTITUDE,,,,,,,,,,,,,,,0.001983166905120015,0.0015874833334237337,0.7952184677124023,,
1790035883.293896,RAW_IMU,,,,,,,,,0,0,-1001,0,1,0,,,,,
1790035883.3130746,ATTITUDE,,,,,,,,,,,,,,,0.001983432099223137,0.001587425242178142,0.795225977897644,,
1790035883.3143983,RAW_IMU,,,,,,,,,0,0,-1001,1,1,1,,,,,
1790035883.3326008,ATTITUDE,,,,,,,,,,,,,,,0.001982408110052347,0.0015870104543864727,0.7952346205711365,,
1790035883.3344364,RAW_IMU,,,,,,,,,0,0,-1001,0,0,1,,,,,
1790035883.3761098,ATTITUDE,,,,,,,,,,,,,,,0.0019821985624730587,0.001587443402968347,0.7952405214309692,,
1790035883.3769717,RAW_IMU,,,,,,,,,0,0,-1001,0,1,1,,,,,
1790035883.378189,ATTITUDE,,,,,,,,,,,,,,,0.001981440233066678,0.0015870314091444016,0.7952463030815125,,
1790035883.3790994,RAW_IMU,,,,,,,,,0,0,-1001,0,0,1,,,,,
1790035883.3862567,GLOBAL_POSITION_INT,-35.3615008,149.1673974,581.72,0.008,-0.02,0.0,0.0,45.56,,,,,,,,,,,
1790035883.387289,GPS_RAW_INT,,,,,,,,,,,,,,,,,,6,10
1790035883.39769,ATTITUDE,,,,,,,,,,,,,,,0.0019842747133225203,0.001588437706232071,0.7952526211738586,,
1790035883.3992436,RAW_IMU,,,,,,,,,0,0,-1001,1,1,1,,,,,
1790035883.4174643,ATTITUDE,,,,,,,,,,,,,,,0.001986359478905797,0.001590982312336564,0.7952593564987183,,
1790035883.4183273,RAW_IMU,,,,,,,,,0,0,-1001,1,1,1,,,,,
1790035883.4376178,ATTITUDE,,,,,,,,,,,,,,,0.00198856252245605,0.0015921603189781308,0.7952662706375122,,
1790035883.4388876,RAW_IMU,,,,,,,,,0,0,-1001,0,0,0,,,,,
1790035883.4575646,ATTITUDE,,,,,,,,,,,,,,,0.001990732504054904,0.0015937825664877892,0.7952720522880554,,
1790035883.4587572,RAW_IMU,,,,,,,,,0,0,-1001,0,0,1,,,,,
1790035883.477299,ATTITUDE,,,,,,,,,,,,,,,0.001990291988477111,0.0015911294613033533,0.7952772378921509,,
1790035883.4781265,RAW_IMU,,,,,,,,,0,0,-1001,1,0,0,,,,,
1790035883.4855258,GLOBAL_POSITION_INT,-35.3615008,149.1673974,581.72,0.008,-0.02,0.0,0.0,45.56,,,,,,,,,,,
1790035883.486423,GPS_RAW_INT,,,,,,,,,,,,,,,,,,6,10
1790035883.4922187,ATTITUDE,,,,,,,,,,,,,,,0.0019873206038028,0.0015898545971140265,0.7952827215194702,,
1790035883.4932742,RAW_IMU,,,,,,,,,0,0,-1001,0,0,0,,,,,
1790035883.5124347,ATTITUDE,,,,,,,,,,,,,,,0.0019871240947395563,0.0015903324820101261,0.7952893972396851,,
1790035883.5135603,RAW_IMU,,,,,,,,,0,0,-1001,0,1,0,,,,,
1790035883.5328448,ATTITUDE,,,,,,,,,,,,,,,0.001986514078453183,0.0015915919793769717,0.7952961325645447,,
1790035883.5346234,RAW_IMU,,,,,,,,,0,0,-1001,0,1,0,,,,,
1790035883.5575156,ATTITUDE,,,,,,,,,,,,,,,0.0019837534055113792,0.0015907981432974339,0.7953011989593506,,
1790035883.5595798,RAW_IMU,,,,,,,,,0,0,-1001,0,0,0,,,,,
1790035883.577319,ATTITUDE,,,,,,,,,,,,,,,0.001983826281502843,0.0015920380828902125,0.7953062057495117,,
1790035883.5784059,RAW_IMU,,,,,,,,,0,0,-1001,0,1,0,,,,,
1790035883.585513,GLOBAL_POSITION_INT,-35.3615008,149.1673974,581.72,0.008,-0.02,0.0,0.0,45.56,,,,,,,,,,,
1790035883.5869548,GPS_RAW_INT,,,,,,,,,,,,,,,,,,6,10
1790035883.5975301,ATTITUDE,,,,,,,,,,,,,,,0.001985573908314109,0.0015923239989206195,0.7953118681907654,,
1790035883.5987377,RAW_IMU,,,,,,,,,0,0,-1001,1,0,0,,,,,
1790035883.626507,ATTITUDE,,,,,,,,,,,,,,,0.0019884807989001274,0.0015930375084280968,0.7953180074691772,,
1790035883.6276069,RAW_IMU,,,,,,,,,0,0,-1001,1,0,0,,,,,
1790035883.637327,ATTITUDE,,,,,,,,,,,,,,,0.001990698045119643,0.0015949772205203772,0.7953255772590637,,
1790035883.6389534,RAW_IMU,,,,,,,,,0,0,-1001,0,0,1,,,,,
1790035883.6576204,ATTITUDE,,,,,,,,,,,,,,,0.001991107827052474,0.0015977293951436877,0.7953298091888428,,
1790035883.6588619,RAW_IMU,,,,,,,,,0,0,-1001,0,1,0,,,,,
1790035883.6774209,ATTITUDE,,,,,,,,,,,,,,,0.001990255434066057,0.001595412497408688,0.7953346967697144,,
1790035883.6782343,RAW_IMU,,,,,,,,,0,0,-1001,0,0,0,,,,,
1790035883.6853545,GLOBAL_POSITION_INT,-35.3615008,149.1673974,581.72,0.008,-0.02,0.0,0.0,45.56,,,,,,,,,,,
1790035883.6860707,GPS_RAW_INT,,,,,,,,,,,,,,,,,,6,10
1790035883.6921883,ATTITUDE,,,,,,,,,,,,,,,0.0019905250519514084,0.0015936136478558183,0.7953405976295471,,
1790035883.6929364,RAW_IMU,,,,,,,,,0,0,-1001,1,0,1,,,,,
1790035883.7125123,ATTITUDE,,,,,,,,,,,,,,,0.001989188604056835,0.0015924451872706413,0.7953453660011292,,
1790035883.7135065,RAW_IMU,,,,,,,,,0,0,-1001,0,0,0,,,,,
1790035883.732344,ATTITUDE,,,,,,,,,,,,,,,0.0019890957046300173,0.0015937037533149123,0.7953527569770813,,
1790035883.7331855,RAW_IMU,,,,,,,,,0,0,-1001,0,1,0,,,,,
1790035883.7524366,ATTITUDE,,,,,,,,,,,,,,,0.001990231219679117,0.001594980712980032,0.7953583598136902,,
1790035883.7535331,RAW_IMU,,,,,,,,,0,0,-1001,1,1,1,,,,,
1790035883.7724476,ATTITUDE,,,,,,,,,,,,,,,0.0019907543901354074,0.0015942477621138096,0.7953620553016663,,
1790035883.7736175,RAW_IMU,,,,,,,,,0,0,-1000,0,0,0,,,,,
1790035883.7859712,GLOBAL_POSITION_INT,-35.3615008,149.1673974,581.72,0.008,-0.02,0.0,0.0,45.57,,,,,,,,,,,
1790035883.7874594,GPS_RAW_INT,,,,,,,,,,,,,,,,,,6,10
1790035883.7923436,ATTITUDE,,,,,,,,,,,,,,,0.0019914417061954737,0.0015955419512465596,0.7953684329986572,,
1790035883.794168,RAW_IMU,,,,,,,,,0,0,-1001,0,0,0,,,,,
1790035883.8124437,ATTITUDE,,,,,,,,,,,,,,,0.0019926188979297876,0.0015982241602614522,0.7953743934631348,,
1790035883.8135166,RAW_IMU,,,,,,,,,0,0,-1001,0,1,0,,,,,
1790035883.8325138,ATTITUDE,,,,,,,,,,,,,,,0.0019957944750785828,0.0016011283732950687,0.795382559299469,,
1790035883.8339481,RAW_IMU,,,,,,,,,0,0,-1001,1,1,1,,,,,
1790035883.8740516,ATTITUDE,,,,,,,,,,,,,,,0.0019986426923424006,0.0016025479417294264,0.7953887581825256,,
1790035883.874932,RAW_IMU,,,,,,,,,0,0,-1001,0,0,1,,,,,
1790035883.8759236,ATTITUDE,,,,,,,,,,,,,,,0.0019976734183728695,0.0016018572496250272,0.7953925728797913,,
1790035883.8768127,RAW_IMU,,,,,,,,,0,0,-1001,0,0,0,,,,,
1790035883.8857372,GLOBAL_POSITION_INT,-35.3615008,149.1673974,581.72,0.008,-0.02,0.0,0.0,45.57,,,,,,,,,,,
1790035883.886439,GPS_RAW_INT,,,,,,,,,,,,,,,,,,6,10
1790035883.8929095,ATTITUDE,,,,,,,,,,,,,,,0.0019980398938059807,0.0016009878600016236,0.7953983545303345,,
1790035883.893771,RAW_IMU,,,,,,,,,0,0,-1001,1,0,1,,,,,
1790035883.9132597,ATTITUDE,,,,,,,,,,,,,,,0.0019974238239228725,0.0015981310280039907,0.7954044938087463,,
1790035883.914213,RAW_IMU,,,,,,,,,0,0,-1001,0,0,0,,,,,
1790035883.9334755,ATTITUDE,,,,,,,,,,,,,,,0.0019967614207416773,0.001599139766767621,0.7954111695289612,,
1790035883.934595,RAW_IMU,,,,,,,,,0,0,-1001,0,1,1,,,,,
1790035883.9529593,ATTITUDE,,,,,,,,,,,,,,,0.001997585641220212,0.0015986780636012554,0.7954160571098328,,
1790035883.9536836,RAW_IMU,,,,,,,,,0,0,-1001,0,0,0,,,,,
1790035883.972311,ATTITUDE,,,,,,,,,,,,,,,0.001998037798330188,0.001600535586476326,0.7954201698303223,,
1790035883.9732547,RAW_IMU,,,,,,,,,0,0,-1001,0,1,0,,,,,
1790035883.9857259,GLOBAL_POSITION_INT,-35.3615008,149.1673974,581.72,0.008,-0.02,0.0,0.0,45.57,,,,,,,,,,,
1790035883.986913,GPS_RAW_INT,,,,,,,,,,,,,,,,,,6,10
1790035883.9925952,ATTITUDE,,,,,,,,,,,,,,,0.0019999465439468622,0.001602853531949222,0.7954255938529968,,
1790035883.9939835,RAW_IMU,,,,,,,,,0,0,-1001,0,1,0,,,,,
1790035884.0123248,ATTITUDE,,,,,,,,,,,,,,,0.0020017139613628387,0.0016046270029619336,0.7954328656196594,,
1790035884.0134513,RAW_IMU,,,,,,,,,0,0,-1001,0,1,1,,,,,
1790035884.0326192,ATTITUDE,,,,,,,,,,,,,,,0.0020049845334142447,0.001607425743713975,0.795440137386322,,
1790035884.0337026,RAW_IMU,,,,,,,,,0,0,-1001,1,1,1,,,,,
1790035884.05325,ATTITUDE,,,,,,,,,,,,,,,0.0020085452124476433,0.0016114090103656054,0.7954453825950623,,
1790035884.0547435,RAW_IMU,,,,,,,,,0,0,-1001,1,1,0,,,,,
1790035884.073086,ATTITUDE,,,,,,,,,,,,,,,0.002006743336096406,0.0016089421696960926,0.7954511046409607,,
1790035884.0740027,RAW_IMU,,,,,,,,,0,0,-1001,0,0,1,,,,,
1790035884.0867589,GLOBAL_POSITION_INT,-35.3615008,149.1673974,581.72,0.008,-0.02,0.0,0.0,45.57,,,,,,,,,,,
1790035884.0877624,GPS_RAW_INT,,,,,,,,,,,,,,,,,,6,10
1790035884.0940194,ATTITUDE,,,,,,,,,,,,,,,0.0020075677894055843,0.001609021215699613,0.7954561710357666,,
1790035884.0950654,RAW_IMU,,,,,,,,,0,0,-1001,1,1,0,,,,,
1790035884.126323,ATTITUDE,,,,,,,,,,,,,,,0.0020071854814887047,0.0016078398330137134,0.795462965965271,,
1790035884.1273048,RAW_IMU,,,,,,,,,0,0,-1001,0,0,1,,,,,
1790035884.1351502,ATTITUDE,,,,,,,,,,,,,,,0.0020083775743842125,0.0016086254036054015,0.7954695820808411,,
1790035884.1362362,RAW_IMU,,,,,,,,,0,0,-1001,1,1,0,,,,,
1790035884.1545117,ATTITUDE,,,,,,,,,,,,,,,0.002006828086450696,0.0016096447361633182,0.7954739928245544,,
1790035884.1558955,RAW_IMU,,,,,,,,,0,0,-1001,0,1,0,,,,,
1790035884.173718,ATTITUDE,,,,,,,,,,,,,,,0.0020083803683519363,0.0016106996918097138,0.7954795360565186,,
1790035884.1749043,RAW_IMU,,,,,,,,,0,0,-1001,1,1,1,,,,,
1790035884.1870215,GLOBAL_POSITION_INT,-35.3615008,149.1673974,581.72,0.008,-0.02,0.0,0.0,45.57,,,,,,,,,,,
1790035884.1881726,GPS_RAW_INT,,,,,,,,,,,,,,,,,,6,10
1790035884.1940234,ATTITUDE,,,,,,,,,,,,,,,0.0020089116878807545,0.0016124073881655931,0.7954834699630737,,
1790035884.1954226,RAW_IMU,,,,,,,,,0,0,-1001,0,1,0,,,,,
1790035884.214172,ATTITUDE,,,,,,,,,,,,,,,0.00201368797570467,0.0016140392981469631,0.7954901456832886,,
1790035884.2156012,RAW_IMU,,,,,,,,,0,0,-1001,1,1,1,,,,,
1790035884.2339342,ATTITUDE,,,,,,,,,,,,,,,0.002017060061916709,0.001616962836124003,0.7954967021942139,,
1790035884.2349904,RAW_IMU,,,,,,,,,0,0,-1001,1,1,0,,,,,
1790035884.2539241,ATTITUDE,,,,,,,,,,,,,,,0.002018109429627657,0.001616704510524869,0.7955029010772705,,
1790035884.2556176,RAW_IMU,,,,,,,,,0,0,-1001,1,1,1,,,,,
1790035884.2738667,ATTITUDE,,,,,,,,,,,,,,,0.0020184561144560575,0.001614430919289589,0.7955077290534973,,
1790035884.2747128,RAW_IMU,,,,,,,,,0,0,-1001,1,0,0,,,,,
1790035884.28748,GLOBAL_POSITION_INT,-35.3615008,149.1673974,581.72,0.008,-0.02,0.0,0.0,45.57,,,,,,,,,,,
1790035884.288771,GPS_RAW_INT,,,,,,,,,,,,,,,,,,6,10
1790035884.293617,ATTITUDE,,,,,,,,,,,,,,,0.002017152728512883,0.0016154106706380844,0.7955121397972107,,
1790035884.2946029,RAW_IMU,,,,,,,,,0,0,-1001,0,1,0,,,,,
1790035884.3139288,ATTITUDE,,,,,,,,,,,,,,,0.0020169334020465612,0.0016156919300556183,0.795517086982727,,
1790035884.3151119,RAW_IMU,,,,,,,,,0,0,-1001,0,1,0,,,,,
1790035884.3338401,ATTITUDE,,,,,,,,,,,,,,,0.002018083818256855,0.001616946654394269,0.7955235242843628,,
1790035884.3355646,RAW_IMU,,,,,,,,,0,0,-1001,1,1,0,,,,,
1790035884.3732991,ATTITUDE,,,,,,,,,,,,,,,0.002017687074840069,0.001616689725778997,0.7955288887023926,,
1790035884.3741214,RAW_IMU,,,,,,,,,0,0,-1001,0,0,1,,,,,
1790035884.3749976,ATTITUDE,,,,,,,,,,,,,,,0.002017965540289879,0.0016189484158530831,0.7955343127250671,,
1790035884.3755715,RAW_IMU,,,,,,,,,0,0,-1001,0,1,1,,,,,
1790035884.3873262,GLOBAL_POSITION_INT,-35.3615008,149.1673974,581.72,0.008,-0.02,0.0,0.0,45.58,,,,,,,,,,,
1790035884.3882542,GPS_RAW_INT,,,,,,,,,,,,,,,,,,6,10
1790035884.3941495,ATTITUDE,,,,,,,,,,,,,,,0.002020173007622361,0.0016214861534535885,0.795540452003479,,
1790035884.395779,RAW_IMU,,,,,,,,,0,0,-1001,0,1,1,,,,,
1790035884.4139824,ATTITUDE,,,,,,,,,,,,,,,0.002024394925683737,0.0016234355280175805,0.7955477237701416,,
1790035884.4150462,RAW_IMU,,,,,,,,,0,0,-1001,1,0,1,,,,,
1790035884.4340796,ATTITUDE,,,,,,,,,,,,,,,0.002028057351708412,0.0016268802573904395,0.795555591583252,,
1790035884.4346623,RAW_IMU,,,,,,,,,0,0,-1001,1,1,1,,,,,
1790035884.453706,ATTITUDE,,,,,,,,,,,,,,,0.0020307840313762426,0.0016301881987601519,0.7955599427223206,,
1790035884.4552677,RAW_IMU,,,,,,,,,0,0,-1001,0,1,0,,,,,
1790035884.473614,ATTITUDE,,,,,,,,,,,,,,,0.00203081127256155,0.0016301845898851752,0.7955651879310608,,
1790035884.4742475,RAW_IMU,,,,,,,,,0,0,-1001,1,1,0,,,,,
1790035884.4872835,GLOBAL_POSITION_INT,-35.3615008,149.1673974,581.72,0.008,-0.02,0.0,0.0,45.58,,,,,,,,,,,
1790035884.4888208,GPS_RAW_INT,,,,,,,,,,,,,,,,,,6,10
1790035884.4945407,ATTITUDE,,,,,,,,,,,,,,,0.0020295155700296164,0.0016279295086860657,0.7955707311630249,,
1790035884.4959228,RAW_IMU,,,,,,,,,0,0,-1001,0,0,1,,,,,
1790035884.5148907,ATTITUDE,,,,,,,,,,,,,,,0.0020308508537709713,0.0016276235692203045,0.7955774664878845,,
1790035884.5158558,RAW_IMU,,,,,,,,,0,0,-1001,1,0,1,,,,,
1790035884.5355327,ATTITUDE,,,,,,,,,,,,,,,0.002030928386375308,0.0016290833009406924,0.795584499835968,,
1790035884.5370016,RAW_IMU,,,,,,,,,0,0,-1001,0,1,1,,,,,
1790035884.5554738,ATTITUDE,,,,,,,,,,,,,,,0.0020316566806286573,0.0016289581544697285,0.7955905795097351,,
1790035884.5563338,RAW_IMU,,,,,,,,,0,0,-1001,1,0,1,,,,,
1790035884.5745957,ATTITUDE,,,,,,,,,,,,,,,0.0020338688045740128,0.0016294358065351844,0.7955958247184753,,
1790035884.575212,RAW_IMU,,,,,,,,,0,0,-1001,1,0,1,,,,,
1790035884.5878615,GLOBAL_POSITION_INT,-35.3615008,149.1673974,581.72,0.008,-0.02,0.0,0.0,45.58,,,,,,,,,,,
1790035884.588679,GPS_RAW_INT,,,,,,,,,,,,,,,,,,6,10
1790035884.5944126,ATTITUDE,,,,,,,,,,,,,,,0.0020360159687697887,0.0016330789076164365,0.7956026792526245,,
1790035884.595776,RAW_IMU,,,,,,,,,0,0,-1001,1,1,1,,,,,
1790035884.6241977,ATTITUDE,,,,,,,,,,,,,,,0.002039138227701187,0.0016361577436327934,0.7956089973449707,,
1790035884.6255648,RAW_IMU,,,,,,,,,0,0,-1001,1,1,1,,,,,
1790035884.6369035,ATTITUDE,,,,,,,,,,,,,,,0.002041900996118784,0.0016384184127673507,0.7956162691116333,,
1790035884.6385837,RAW_IMU,,,,,,,,,0,0,-1000,1,0,1,,,,,
1790035884.6577177,ATTITUDE,,,,,,,,,,,,,,,0.002043956657871604,0.001640860689803958,0.7956219911575317,,
1790035884.6589766,RAW_IMU,,,,,,,,,0,0,-1001,0,0,1,,,,,
1790035884.6730556,ATTITUDE,,,,,,,,,,,,,,,0.00204365118406713,0.0016397014260292053,0.7956249117851257,,
1790035884.6743498,RAW_IMU,,,,,,,,,0,0,-1001,1,0,0,,,,,
1790035884.6870766,GLOBAL_POSITION_INT,-35.3615008,149.1673974,581.72,0.008,-0.02,0.0,0.0,45.58,,,,,,,,,,,
1790035884.6886895,GPS_RAW_INT,,,,,,,,,,,,,,,,,,6,10
1790035884.6947134,ATTITUDE,,,,,,,,,,,,,,,0.00204388122074306,0.0016397435683757067,0.7956296801567078,,
1790035884.6957548,RAW_IMU,,,,,,,,,0,0,-1001,0,0,0,,,,,
1790035884.7142203,ATTITUDE,,,,,,,,,,,,,,,0.0020453939214348793,0.001639198511838913,0.7956347465515137,,
1790035884.7155938,RAW_IMU,,,,,,,,,0,0,-1001,1,0,0,,,,,
1790035884.7331223,ATTITUDE,,,,,,,,,,,,,,,0.002046502660959959,0.0016398748848587275,0.7956411242485046,,
1790035884.7343059,RAW_IMU,,,,,,,,,0,0,-1001,1,1,0,,,,,
1790035884.753488,ATTITUDE,,,,,,,,,,,,,,,0.00204722722992301,0.001641194219700992,0.7956459522247314,,
1790035884.7554235,RAW_IMU,,,,,,,,,0,0,-1001,1,1,1,,,,,
1790035884.7735293,ATTITUDE,,,,,,,,,,,,,,,0.0020473815966397524,0.0016406995709985495,0.7956513166427612,,
1790035884.7752528,RAW_IMU,,,,,,,,,0,0,-1001,0,0,1,,,,,
1790035884.7865872,GLOBAL_POSITION_INT,-35.3615008,149.1673974,581.72,0.008,-0.02,0.0,0.0,45.58,,,,,,,,,,,
1790035884.787421,GPS_RAW_INT,,,,,,,,,,,,,,,,,,6,10
1790035884.7935584,ATTITUDE,,,,,,,,,,,,,,,0.0020495723001658916,0.0016420228639617562,0.7956574559211731,,
1790035884.7945025,RAW_IMU,,,,,,,,,0,0,-1001,1,0,1,,,,,
1790035884.8139307,ATTITUDE,,,,,,,,,,,,,,,0.0020520039834082127,0.0016435630386695266,0.7956640124320984,,
1790035884.815402,RAW_IMU,,,,,,,,,0,0,-1001,1,0,1,,,,,
1790035884.8336957,ATTITUDE,,,,,,,,,,,,,,,0.0020554291550070047,0.0016472620191052556,0.7956721782684326,,
1790035884.8342803,RAW_IMU,,,,,,,,,0,0,-1000,1,1,1,,,,,
1790035884.8743,ATTITUDE,,,,,,,,,,,,,,,0.0020593113731592894,0.0016513681039214134,0.7956783175468445,,
1790035884.874946,RAW_IMU,,,,,,,,,0,0,-1001,1,1,1,,,,,
1790035884.8763564,ATTITUDE,,,,,,,,,,,,,,,0.0020601844880729914,0.0016526166582480073,0.7956835627555847,,
1790035884.8776362,RAW_IMU,,,,,,,,,0,0,-1001,1,1,1,,,,,
1790035884.8879008,GLOBAL_POSITION_INT,-35.3615008,149.1673974,581.72,0.008,-0.02,0.0,0.0,45.58,,,,,,,,,,,
1790035884.8890305,GPS_RAW_INT,,,,,,,,,,,,,,,,,,6,10
1790035884.8945725,ATTITUDE,,,,,,,,,,,,,,,0.0020601393189281225,0.0016516180476173759,0.7956904768943787,,
1790035884.8952959,RAW_IMU,,,,,,,,,0,0,-1001,1,0,1,,,,,
1790035884.9147906,ATTITUDE,,,,,,,,,,,,,,,0.0020612822845578194,0.0016514394665136933,0.7956981658935547,,
1790035884.916065,RAW_IMU,,,,,,,,,0,0,-1001,1,0,1,,,,,
1790035884.9353492,ATTITUDE,,,,,,,,,,,,,,,0.0020613528322428465,0.0016522534424439073,0.7957045435905457,,
1790035884.936753,RAW_IMU,,,,,,,,,0,0,-1001,0,1,1,,,,,
1790035884.9554665,ATTITUDE,,,,,,,,,,,,,,,0.0020611248910427094,0.0016529326094314456,0.7957093715667725,,
1790035884.957011,RAW_IMU,,,,,,,,,0,0,-1001,0,0,1,,,,,
1790035884.9745889,ATTITUDE,,,,,,,,,,,,,,,0.002062195213511586,0.0016533699817955494,0.7957137227058411,,
1790035884.9757664,RAW_IMU,,,,,,,,,0,0,-1001,0,0,0,,,,,
1790035884.9887958,GLOBAL_POSITION_INT,-35.3615008,149.1673974,581.72,0.008,-0.01,0.0,0.0,45.59,,,,,,,,,,,
1790035884.9902735,GPS_RAW_INT,,,,,,,,,,,,,,,,,,6,10
1790035884.9957452,ATTITUDE,,,,,,,,,,,,,,,0.002064652740955353,0.001656041480600834,0.7957199215888977,,
1790035884.998194,RAW_IMU,,,,,,,,,0,0,-1001,1,1,1,,,,,
1790035885.017852,ATTITUDE,,,,,,,,,,,,,,,0.0020691840909421444,0.0016588865546509624,0.7957253456115723,,
1790035885.0192502,RAW_IMU,,,,,,,,,0,0,-1001,1,1,0,,,,,
1790035885.0335853,ATTITUDE,,,,,,,,,,,,,,,0.0020715598948299885,0.0016617118380963802,0.7957300543785095,,
1790035885.0356011,RAW_IMU,,,,,,,,,0,0,-1001,0,0,0,,,,,
1790035885.054845,ATTITUDE,,,,,,,,,,,,,,,0.002074343850836158,0.0016662211855873466,0.7957351803779602,,
1790035885.0564697,RAW_IMU,,,,,,,,,0,0,-1001,0,1,1,,,,,
1790035885.0741887,ATTITUDE,,,,,,,,,,,,,,,0.0020759154576808214,0.0016680530970916152,0.7957397699356079,,
1790035885.07654,RAW_IMU,,,,,,,,,0,0,-1001,1,1,0,,,,,
1790035885.08746,GLOBAL_POSITION_INT,-35.3615008,149.1673974,581.72,0.008,-0.01,0.0,0.0,45.59,,,,,,,,,,,
1790035885.0883136,GPS_RAW_INT,,,,,,,,,,,,,,,,,,6,10
1790035885.0952635,ATTITUDE,,,,,,,,,,,,,,,0.0020766647066920996,0.001669812947511673,0.7957433462142944,,
1790035885.0968401,RAW_IMU,,,,,,,,,0,0,-1001,1,1,0,,,,,
1790035885.1268888,ATTITUDE,,,,,,,,,,,,,,,0.002077170880511403,0.0016703398432582617,0.7957496643066406,,
1790035885.1279922,RAW_IMU,,,,,,,,,0,0,-1001,0,1,1,,,,,
1790035885.1353538,ATTITUDE,,,,,,,,,,,,,,,0.0020772507414221764,0.001672025304287672,0.7957568764686584,,
1790035885.137028,RAW_IMU,,,,,,,,,0,0,-1001,0,1,1,,,,,
1790035885.1558416,ATTITUDE,,,,,,,,,,,,,,,0.002078650053590536,0.001673832186497748,0.7957621812820435,,
1790035885.158991,RAW_IMU,,,,,,,,,0,0,-1001,1,1,1,,,,,
1790035885.1760805,ATTITUDE,,,,,,,,,,,,,,,0.0020807532127946615,0.00167348503600806,0.7957677245140076,,
1790035885.1779146,RAW_IMU,,,,,,,,,0,0,-1001,1,0,1,,,,,
1790035885.1908808,GLOBAL_POSITION_INT,-35.3615008,149.1673974,581.72,0.008,-0.01,0.0,0.0,45.59,,,,,,,,,,,
1790035885.1930034,GPS_RAW_INT,,,,,,,,,,,,,,,,,,6,10
1790035885.1992643,ATTITUDE,,,,,,,,,,,,,,,0.002083979081362486,0.0016755341785028577,0.7957730293273926,,
1790035885.2015593,RAW_IMU,,,,,,,,,0,0,-1001,1,1,1,,,,,
1790035885.214213,ATTITUDE,,,,,,,,,,,,,,,0.0020863781683146954,0.0016786744818091393,0.7957795262336731,,
1790035885.2153525,RAW_IMU,,,,,,,,,0,0,-1001,1,1,1,,,,,
1790035885.2338276,ATTITUDE,,,,,,,,,,,,,,,0.0020897542126476765,0.0016830821987241507,0.7957859635353088,,
1790035885.2347496,RAW_IMU,,,,,,,,,0,0,-1001,1,1,0,,,,,
1790035885.2567937,ATTITUDE,,,,,,,,,,,,,,,0.0020927165169268847,0.0016860268078744411,0.7957896590232849,,
1790035885.2572596,RAW_IMU,,,,,,,,,0,0,-1001,0,1,0,,,,,
1790035885.2748938,ATTITUDE,,,,,,,,,,,,,,,0.0020933521445840597,0.0016867899103090167,0.7957954406738281,,
1790035885.2754755,RAW_IMU,,,,,,,,,0,0,-1001,1,1,1,,,,,
1790035885.2893064,GLOBAL_POSITION_INT,-35.3615008,149.1673974,581.72,0.008,-0.01,0.0,0.0,45.59,,,,,,,,,,,
1790035885.2901766,GPS_RAW_INT,,,,,,,,,,,,,,,,,,6,10
1790035885.2951047,ATTITUDE,,,,,,,,,,,,,,,0.0020930739119648933,0.0016867726808413863,0.7958006858825684,,
1790035885.2963893,RAW_IMU,,,,,,,,,0,0,-1001,0,1,1,,,,,
1790035885.3152168,ATTITUDE,,,,,,,,,,,,,,,0.002093540970236063,0.001686922274529934,0.7958070635795593,,
1790035885.3164337,RAW_IMU,,,,,,,,,0,0,-1001,0,0,1,,,,,
1790035885.3351758,ATTITUDE,,,,,,,,,,,,,,,0.002094581723213196,0.0016885687364265323,0.7958135604858398,,
1790035885.3364108,RAW_IMU,,,,,,,,,0,0,-1001,1,1,1,,,,,
1790035885.372448,ATTITUDE,,,,,,,,,,,,,,,0.0020943391136825085,0.0016892754938453436,0.7958186268806458,,
1790035885.373156,RAW_IMU,,,,,,,,,0,0,-1001,0,1,1,,,,,
1790035885.3757162,ATTITUDE,,,,,,,,,,,,,,,0.0020961537957191467,0.0016901480266824365,0.7958221435546875,,
1790035885.376475,RAW_IMU,,,,,,,,,0,0,-1001,1,0,0,,,,,
1790035885.3893473,GLOBAL_POSITION_INT,-35.3615008,149.1673974,581.72,0.008,-0.01,0.0,0.0,45.59,,,,,,,,,,,
1790035885.3908794,GPS_RAW_INT,,,,,,,,,,,,,,,,,,6,10
1790035885.396017,ATTITUDE,,,,,,,,,,,,,,,0.0020979363471269608,0.0016930184792727232,0.7958273887634277,,
1790035885.3977187,RAW_IMU,,,,,,,,,0,0,-1001,1,1,0,,,,,
1790035885.4159935,ATTITUDE,,,,,,,,,,,,,,,0.002100470010191202,0.0016953162848949432,0.7958322763442993,,
1790035885.417307,RAW_IMU,,,,,,,,,0,0,-1000,1,1,0,,,,,
1790035885.4359856,ATTITUDE,,,,,,,,,,,,,,,0.0021043014712631702,0.0016991059528663754,0.7958387136459351,,
1790035885.4371347,RAW_IMU,,,,,,,,,0,0,-1001,1,1,0,,,,,
1790035885.4562502,ATTITUDE,,,,,,,,,,,,,,,0.0021067706402391195,0.001701766042970121,0.7958440184593201,,
1790035885.4583938,RAW_IMU,,,,,,,,,0,0,-1001,1,1,1,,,,,
1790035885.4757984,ATTITUDE,,,,,,,,,,,,,,,0.0021073247771710157,0.001702920882962644,0.795849621295929,,
1790035885.4770992,RAW_IMU,,,,,,,,,0,0,-1001,1,1,1,,,,,
1790035885.4889638,GLOBAL_POSITION_INT,-35.3615008,149.1673974,581.72,0.008,-0.01,0.0,0.0,45.59,,,,,,,,,,,
1790035885.489784,GPS_RAW_INT,,,,,,,,,,,,,,,,,,6,10
1790035885.4957893,ATTITUDE,,,,,,,,,,,,,,,0.0021083871833980083,0.0017017541686072946,0.795856773853302,,
1790035885.496914,RAW_IMU,,,,,,,,,0,0,-1001,1,0,1,,,,,
1790035885.5152907,ATTITUDE,,,,,,,,,,,,,,,0.002109732013195753,0.0017017368227243423,0.7958638072013855,,
1790035885.5167391,RAW_IMU,,,,,,,,,0,0,-1001,1,0,1,,,,,
1790035885.5350976,ATTITUDE,,,,,,,,,,,,,,,0.0021101622842252254,0.0017023335676640272,0.7958717346191406,,
1790035885.536069,RAW_IMU,,,,,,,,,0,0,-1001,0,1,1,,,,,
1790035885.5555294,ATTITUDE,,,,,,,,,,,,,,,0.0021115050185471773,0.001704116351902485,0.7958771586418152,,
1790035885.5574286,RAW_IMU,,,,,,,,,0,0,-1001,1,1,1,,,,,
1790035885.57506,ATTITUDE,,,,,,,,,,,,,,,0.0021144498605281115,0.001706862822175026,0.795881450176239,,
1790035885.5762248,RAW_IMU,,,,,,,,,0,0,-1001,1,1,0,,,,,
1790035885.5884306,GLOBAL_POSITION_INT,-35.3615008,149.1673974,581.72,0.008,-0.01,0.0,0.0,45.6,,,,,,,,,,,
1790035885.589553,GPS_RAW_INT,,,,,,,,,,,,,,,,,,6,10
1790035885.5950623,ATTITUDE,,,,,,,,,,,,,,,0.0021167166996747255,0.0017087938031181693,0.7958871126174927,,
1790035885.596147,RAW_IMU,,,,,,,,,0,0,-1001,1,1,1,,,,,
1790035885.6280694,ATTITUDE,,,,,,,,,,,,,,,0.0021200324408710003,0.0017111151246353984,0.7958937287330627,,
1790035885.6291447,RAW_IMU,,,,,,,,,0,0,-1001,1,1,1,,,,,
1790035885.6353955,ATTITUDE,,,,,,,,,,,,,,,0.0021233465522527695,0.0017146201571449637,0.7959002256393433,,
1790035885.6359792,RAW_IMU,,,,,,,,,0,0,-1001,1,1,1,,,,,
1790035885.6557138,ATTITUDE,,,,,,,,,,,,,,,0.002126760082319379,0.0017177569679915905,0.7959051132202148,,
1790035885.6575253,RAW_IMU,,,,,,,,,0,0,-1001,1,1,1,,,,,
1790035885.67592,ATTITUDE,,,,,,,,,,,,,,,0.002126978011801839,0.0017182566225528717,0.7959107756614685,,
1790035885.677703,RAW_IMU,,,,,,,,,0,0,-1001,1,1,1,,,,,
1790035885.6891959,GLOBAL_POSITION_INT,-35.3615008,149.1673974,581.72,0.008,-0.01,0.0,0.0,45.6,,,,,,,,,,,
1790035885.6901066,GPS_RAW_INT,,,,,,,,,,,,,,,,,,6,10
1790035885.6965384,ATTITUDE,,,,,,,,,,,,,,,0.0021285447292029858,0.0017185844480991364,0.7959165573120117,,
1790035885.6974366,RAW_IMU,,,,,,,,,0,0,-1001,1,1,1,,,,,
1790035885.7159154,ATTITUDE,,,,,,,,,,,,,,,0.002129329601302743,0.0017207099590450525,0.7959228754043579,,
1790035885.7171488,RAW_IMU,,,,,,,,,0,0,-1001,1,1,1,,,,,
1790035885.7352266,ATTITUDE,,,,,,,,,,,,,,,0.002130877925083041,0.0017209610668942332,0.7959293127059937,,
1790035885.7363315,RAW_IMU,,,,,,,,,0,0,-1001,1,0,1,,,,,
1790035885.7551405,ATTITUDE,,,,,,,,,,,,,,,0.0021317084319889545,0.0017216932028532028,0.7959334254264832,,
1790035885.7558866,RAW_IMU,,,,,,,,,0,0,-1001,0,1,0,,,,,
1790035885.7745097,ATTITUDE,,,,,,,,,,,,,,,0.002134250942617655,0.0017228614306077361,0.7959379553794861,,
1790035885.7757547,RAW_IMU,,,,,,,,,0,0,-1001,1,1,1,,,,,
1790035885.787902,GLOBAL_POSITION_INT,-35.3615008,149.1673974,581.72,0.008,-0.01,0.0,0.0,45.6,,,,,,,,,,,
1790035885.7891426,GPS_RAW_INT,,,,,,,,,,,,,,,,,,6,10
1790035885.7947917,ATTITUDE,,,,,,,,,,,,,,,0.0021367701701819897,0.0017264531925320625,0.7959445118904114,,
1790035885.7960067,RAW_IMU,,,,,,,,,0,0,-1001,1,1,1,,,,,
1790035885.8150837,ATTITUDE,,,,,,,,,,,,,,,0.002139098010957241,0.0017283306224271655,0.7959502339363098,,
1790035885.8162541,RAW_IMU,,,,,,,,,0,0,-1001,1,1,1,,,,,
1790035885.8355558,ATTITUDE,,,,,,,,,,,,,,,0.002142263576388359,0.001731575233861804,0.7959562540054321,,
1790035885.837085,RAW_IMU,,,,,,,,,0,0,-1000,1,1,0,,,,,
1790035885.8749545,ATTITUDE,,,,,,,,,,,,,,,0.0021466028410941362,0.0017352120485156775,0.7959606647491455,,
1790035885.8756425,RAW_IMU,,,,,,,,,0,0,-1001,1,1,1,,,,,
1790035885.8766265,ATTITUDE,,,,,,,,,,,,,,,0.002149029867723584,0.0017368849366903305,0.795967161655426,,
1790035885.8774579,RAW_IMU,,,,,,,,,0,0,-1001,1,1,1,,,,,
1790035885.889799,GLOBAL_POSITION_INT,-35.3615008,149.1673974,581.72,0.008,-0.01,0.0,0.0,45.6,,,,,,,,,,,
1790035885.8909163,GPS_RAW_INT,,,,,,,,,,,,,,,,,,6,10
1790035885.8966365,ATTITUDE,,,,,,,,,,,,,,,0.0021498871501535177,0.001737397164106369,0.7959728837013245,,
1790035885.8985145,RAW_IMU,,,,,,,,,0,0,-1001,1,1,1,,,,,
1790035885.9163606,ATTITUDE,,,,,,,,,,,,,,,0.0021506682969629765,0.0017385347746312618,0.7959790825843811,,
1790035885.9171817,RAW_IMU,,,,,,,,,0,0,-1001,1,1,1,,,,,
1790035885.936415,ATTITUDE,,,,,,,,,,,,,,,0.002150925574824214,0.0017394544556736946,0.7959858775138855,,
1790035885.9372075,RAW_IMU,,,,,,,,,0,0,-1001,0,1,1,,,,,
1790035885.9568145,ATTITUDE,,,,,,,,,,,,,,,0.002153265755623579,0.001740401377901435,0.795991063117981,,
1790035885.9580452,RAW_IMU,,,,,,,,,0,0,-1001,1,1,1,,,,,
1790035885.9772758,ATTITUDE,,,,,,,,,,,,,,,0.0021559414453804493,0.001741753309033811,0.7959966659545898,,
1790035885.9786928,RAW_IMU,,,,,,,,,0,0,-1000,1,1,1,,,,,
1790035885.9899037,GLOBAL_POSITION_INT,-35.3615008,149.1673974,581.72,0.008,-0.01,0.0,0.0,45.6,,,,,,,,,,,
1790035885.9909422,GPS_RAW_INT,,,,,,,,,,,,,,,,,,6,10
1790035885.996534,ATTITUDE,,,,,,,,,,,,,,,0.002158163581043482,0.0017439762596040964,0.7960025668144226,,
1790035885.998037,RAW_IMU,,,,,,,,,0,0,-1001,1,1,1,,,,,
1790035886.016415,ATTITUDE,,,,,,,,,,,,,,,0.002160223899409175,0.0017464380944147706,0.7960080504417419,,
1790035886.017445,RAW_IMU,,,,,,,,,0,0,-1001,0,1,0,,,,,
1790035886.0365963,ATTITUDE,,,,,,,,,,,,,,,0.0021642660722136497,0.0017494542989879847,0.7960139513015747,,
1790035886.0376005,RAW_IMU,,,,,,,,,0,0,-1001,1,1,0,,,,,
1790035886.0567362,ATTITUDE,,,,,,,,,,,,,,,0.0021685881074517965,0.001752172363922,0.7960173487663269,,
1790035886.0581095,RAW_IMU,,,,,,,,,0,0,-1001,1,0,0,,,,,
1790035886.077214,ATTITUDE,,,,,,,,,,,,,,,0.0021697080228477716,0.0017550326883792877,0.7960218191146851,,
1790035886.0785353,RAW_IMU,,,,,,,,,0,0,-1000,1,1,1,,,,,
1790035886.0902734,GLOBAL_POSITION_INT,-35.3615008,149.1673974,581.72,0.008,-0.01,0.0,0.0,45.6,,,,,,,,,,,
1790035886.0912733,GPS_RAW_INT,,,,,,,,,,,,,,,,,,6,10
1790035886.0971901,ATTITUDE,,,,,,,,,,,,,,,0.0021706721745431423,0.001755128731019795,0.7960267663002014,,
1790035886.098489,RAW_IMU,,,,,,,,,0,0,-1001,1,1,0,,,,,
1790035886.1284702,ATTITUDE,,,,,,,,,,,,,,,0.002171332249417901,0.0017553092911839485,0.7960330247879028,,
1790035886.129597,RAW_IMU,,,,,,,,,0,0,-1003,1,1,1,,,,,
1790035886.1370192,ATTITUDE,,,,,,,,,,,,,,,0.00217291503213346,0.0017559168627485633,0.7960397005081177,,
1790035886.138329,RAW_IMU,,,,,,,,,0,0,-1025,1,0,1,,,,,
1790035886.1566176,ATTITUDE,,,,,,,,,,,,,,,0.0021736796479672194,0.0017570855561643839,0.7960444092750549,,
1790035886.1575608,RAW_IMU,,,,,,,,,0,0,-1050,1,1,1,,,,,
1790035886.1764002,ATTITUDE,,,,,,,,,,,,,,,0.002173754619434476,0.0017582894070073962,0.7960489988327026,,
1790035886.1775765,RAW_IMU,,,,,,,,,0,0,-1068,0,1,1,,,,,
1790035886.1902215,GLOBAL_POSITION_INT,-35.3615008,149.1673974,581.72,0.009,-0.01,0.0,-0.03,45.61,,,,,,,,,,,
1790035886.191546,GPS_RAW_INT,,,,,,,,,,,,,,,,,,6,10
1790035886.1974707,ATTITUDE,,,,,,,,,,,,,,,0.0021761951502412558,0.0017603146843612194,0.7960551381111145,,
1790035886.1993291,RAW_IMU,,,,,,,,,0,0,-1064,1,1,1,,,,,
1790035886.2181034,ATTITUDE,,,,,,,,,,,,,,,0.0021796654909849167,0.0017632017843425274,0.7960627675056458,,
1790035886.2198017,RAW_IMU,,,,,,,,,0,0,-1057,1,1,1,,,,,
1790035886.2380087,ATTITUDE,,,,,,,,,,,,,,,0.00218195584602654,0.001766099245287478,0.7960696816444397,,
1790035886.2389977,RAW_IMU,,,,,,,,,0,0,-1054,0,1,1,,,,,
1790035886.252749,ATTITUDE,,,,,,,,,,,,,,,0.0021853484213352203,0.00176936702337116,0.7960751056671143,,
1790035886.2544768,RAW_IMU,,,,,,,,,0,0,-1054,1,1,1,,,,,
1790035886.278914,ATTITUDE,,,,,,,,,,,,,,,0.002185851102694869,0.00177003035787493,0.7960802912712097,,
1790035886.280231,RAW_IMU,,,,,,,,,0,0,-1056,0,1,1,,,,,
1790035886.2876062,GLOBAL_POSITION_INT,-35.3615008,149.1673974,581.73,0.016,-0.02,0.0,-0.09,45.61,,,,,,,,,,,
1790035886.2888548,GPS_RAW_INT,,,,,,,,,,,,,,,,,,6,10
1790035886.2985532,ATTITUDE,,,,,,,,,,,,,,,0.0021856746170669794,0.0017697623698040843,0.7960856556892395,,
1790035886.2999911,RAW_IMU,,,,,,,,,0,0,-1058,0,1,1,,,,,
1790035886.3185132,ATTITUDE,,,,,,,,,,,,,,,0.0021863991860300303,0.0017705868231132627,0.796091616153717,,
1790035886.319497,RAW_IMU,,,,,,,,,0,0,-1058,1,1,0,,,,,
1790035886.338618,ATTITUDE,,,,,,,,,,,,,,,0.0021873016376048326,0.0017715210560709238,0.7961001992225647,,
1790035886.3402753,RAW_IMU,,,,,,,,,0,0,-1057,1,1,1,,,,,
1790035886.3717964,ATTITUDE,,,,,,,,,,,,,,,0.0021883780136704445,0.0017724696081131697,0.7961044311523438,,
1790035886.3728182,RAW_IMU,,,,,,,,,0,0,-1056,1,1,1,,,,,
1790035886.3745394,ATTITUDE,,,,,,,,,,,,,,,0.00219061435200274,0.0017742820782586932,0.7961089611053467,,
1790035886.3751414,RAW_IMU,,,,,,,,,0,0,-1054,1,1,0,,,,,
1790035886.3877628,GLOBAL_POSITION_INT,-35.3615008,149.1673974,581.74,0.028,-0.02,0.0,-0.14,45.61,,,,,,,,,,,
1790035886.3889768,GPS_RAW_INT,,,,,,,,,,,,,,,,,,6,10
1790035886.3943322,ATTITUDE,,,,,,,,,,,,,,,0.0021930013317614794,0.0017763939686119556,0.7961153388023376,,
1790035886.3961086,RAW_IMU,,,,,,,,,0,0,-1053,1,1,1,,,,,
1790035886.4143686,ATTITUDE,,,,,,,,,,,,,,,0.0021952472161501646,0.0017793432343751192,0.7961219549179077,,
1790035886.4152853,RAW_IMU,,,,,,,,,0,0,-1053,0,1,1,,,,,
1790035886.4343152,ATTITUDE,,,,,,,,,,,,,,,0.0021978605072945356,0.0017826352268457413,0.7961280345916748,,
1790035886.4355752,RAW_IMU,,,,,,,,,0,0,-1052,1,1,1,,,,,
1790035886.4549272,ATTITUDE,,,,,,,,,,,,,,,0.002200755523517728,0.001786476350389421,0.7961327433586121,,
1790035886.455841,RAW_IMU,,,,,,,,,0,0,-1052,0,1,1,,,,,
1790035886.4745564,ATTITUDE,,,,,,,,,,,,,,,0.002201883355155587,0.0017863368848338723,0.7961375117301941,,
1790035886.4754317,RAW_IMU,,,,,,,,,0,0,-1052,1,0,1,,,,,
1790035886.487752,GLOBAL_POSITION_INT,-35.3615008,149.1673974,581.76,0.045,-0.02,0.0,-0.19,45.61,,,,,,,,,,,
1790035886.4892027,GPS_RAW_INT,,,,,,,,,,,,,,,,,,6,10
1790035886.494069,ATTITUDE,,,,,,,,,,,,,,,0.0022019599564373493,0.001786759588867426,0.7961433529853821,,
1790035886.4946747,RAW_IMU,,,,,,,,,0,0,-1052,1,1,1,,,,,
1790035886.5136287,ATTITUDE,,,,,,,,,,,,,,,0.002202989300712943,0.0017874854383990169,0.796148419380188,,
1790035886.5149765,RAW_IMU,,,,,,,,,0,0,-1053,1,1,0,,,,,
1790035886.5385835,ATTITUDE,,,,,,,,,,,,,,,0.0022035117726773024,0.0017877110512927175,0.7961544394493103,,
1790035886.5395727,RAW_IMU,,,,,,,,,0,0,-1053,1,1,0,,,,,
1790035886.5587733,ATTITUDE,,,,,,,,,,,,,,,0.0022044721990823746,0.001789079513400793,0.7961583137512207,,
1790035886.5600235,RAW_IMU,,,,,,,,,0,0,-1054,1,1,0,,,,,
1790035886.5786045,ATTITUDE,,,,,,,,,,,,,,,0.0022064142394810915,0.0017900532111525536,0.7961640954017639,,
1790035886.5801356,RAW_IMU,,,,,,,,,0,0,-1054,1,1,1,,,,,
1790035886.5860937,GLOBAL_POSITION_INT,-35.3615008,149.1673974,581.78,0.067,-0.02,0.0,-0.24,45.61,,,,,,,,,,,
1790035886.5871027,GPS_RAW_INT,,,,,,,,,,,,,,,,,,6,10
1790035886.598515,ATTITUDE,,,,,,,,,,,,,,,0.002207264769822359,0.0017913547344505787,0.7961696982383728,,
1790035886.5999649,RAW_IMU,,,,,,,,,0,0,-1055,0,1,1,,,,,
1790035886.6248913,ATTITUDE,,,,,,,,,,,,,,,0.002209327183663845,0.0017938584787771106,0.7961748242378235,,
1790035886.626074,RAW_IMU,,,,,,,,,0,0,-1056,1,1,0,,,,,
1790035886.6384807,ATTITUDE,,,,,,,,,,,,,,,0.0022132988087832928,0.0017963078571483493,0.796181321144104,,
1790035886.639482,RAW_IMU,,,,,,,,,0,0,-1057,1,1,1,,,,,
1790035886.6536057,ATTITUDE,,,,,,,,,,,,,,,0.002217191969975829,0.0017996473470702767,0.796186089515686,,
1790035886.6546223,RAW_IMU,,,,,,,,,0,0,-1057,1,1,1,,,,,
1790035886.673775,ATTITUDE,,,,,,,,,,,,,,,0.002217891626060009,0.0018008084734901786,0.796190619468689,,
1790035886.675373,RAW_IMU,,,,,,,,,0,0,-1058,1,1,0,,,,,
1790035886.6868944,GLOBAL_POSITION_INT,-35.3615008,149.1673974,581.81,0.094,-0.02,0.0,-0.3,45.61,,,,,,,,,,,
1790035886.6881428,GPS_RAW_INT,,,,,,,,,,,,,,,,,,6,10
1790035886.6934943,ATTITUDE,,,,,,,,,,,,,,,0.0022186855785548687,0.001801416976377368,0.7961965203285217,,
1790035886.6945548,RAW_IMU,,,,,,,,,0,0,-1059,1,1,1,,,,,
1790035886.7139773,ATTITUDE,,,,,,,,,,,,,,,0.002218731911852956,0.001801525242626667,0.7962026596069336,,
1790035886.7152371,RAW_IMU,,,,,,,,,0,0,-1060,0,1,1,,,,,
1790035886.7380896,ATTITUDE,,,,,,,,,,,,,,,0.0022198790684342384,0.0018023427110165358,0.7962103486061096,,
1790035886.7392085,RAW_IMU,,,,,,,,,0,0,-1061,1,1,1,,,,,
1790035886.758613,ATTITUDE,,,,,,,,,,,,,,,0.0022206606809049845,0.0018025937024503946,0.7962145209312439,,
1790035886.76042,RAW_IMU,,,,,,,,,0,0,-1062,1,0,1,,,,,
1790035886.7785585,ATTITUDE,,,,,,,,,,,,,,,0.0022223603446036577,0.001804119092412293,0.7962194085121155,,
1790035886.7801218,RAW_IMU,,,,,,,,,0,0,-1062,1,1,1,,,,,
1790035886.7862089,GLOBAL_POSITION_INT,-35.3615008,149.1673974,581.84,0.127,-0.02,0.0,-0.36,45.62,,,,,,,,,,,
1790035886.7870877,GPS_RAW_INT,,,,,,,,,,,,,,,,,,6,10
1790035886.798417,ATTITUDE,,,,,,,,,,,,,,,0.002081779995933175,0.001667370437644422,0.7962231636047363,,
1790035886.7994688,RAW_IMU,,,,,,,,,0,0,-1115,-4,-4,0,,,,,
1790035886.8182983,ATTITUDE,,,,,,,,,,,,,,,0.0016746950568631291,0.0013232858618721366,0.7962231040000916,,
1790035886.8189478,RAW_IMU,,,,,,,,,0,0,-1321,-19,-16,0,,,,,
1790035886.8380508,ATTITUDE,,,,,,,,,,,,,,,0.001298293354921043,0.0010099399369210005,0.796220600605011,,
1790035886.839026,RAW_IMU,,,,,,,,,0,0,-1479,-18,-14,0,,,,,
1790035886.8730772,ATTITUDE,,,,,,,,,,,,,,,0.0008145302417688072,0.0005574707756750286,0.7962099313735962,,
1790035886.8750591,RAW_IMU,,,,,,,,,0,0,-1547,-22,-21,0,,,,,
1790035886.8793333,ATTITUDE,,,,,,,,,,,,,,,0.00032619695411995053,0.00014338345499709249,0.7961963415145874,,
1790035886.8809683,RAW_IMU,,,,,,,,,0,0,-1556,-24,-20,0,,,,,
1790035886.8866088,GLOBAL_POSITION_INT,-35.3615008,149.1673974,581.9,0.184,-0.02,0.0,-0.82,45.61,,,,,,,,,,,
1790035886.8879683,GPS_RAW_INT,,,,,,,,,,,,,,,,,,6,10
1790035886.8938763,ATTITUDE,,,,,,,,,,,,,,,-0.00011784453818108886,-0.00026524384156800807,0.7961800694465637,,
1790035886.894751,RAW_IMU,,,,,,,,,0,0,-1530,-21,-19,0,,,,,
1790035886.9178915,ATTITUDE,,,,,,,,,,,,,,,-0.0005572104710154235,-0.0006707397405989468,0.7961602210998535,,
1790035886.918883,RAW_IMU,,,,,,,,,-1,1,-1485,-20,-19,0,,,,,
1790035886.9381444,ATTITUDE,,,,,,,,,,,,,,,-0.0009639374329708517,-0.0010085689136758447,0.7961391806602478,,
1790035886.939486,RAW_IMU,,,,,,,,,-1,1,-1427,-19,-16,0,,,,,
1790035886.9585745,ATTITUDE,,,,,,,,,,,,,,,-0.0013305515749379992,-0.0013405594509094954,0.7961140871047974,,
1790035886.9596834,RAW_IMU,,,,,,,,,-1,1,-1364,-17,-15,0,,,,,
1790035886.9779994,ATTITUDE,,,,,,,,,,,,,,,-0.0016555055044591427,-0.0016323421150445938,0.7960887551307678,,
1790035886.9791985,RAW_IMU,,,,,,,,,-1,1,-1299,-15,-13,0,,,,,
1790035886.990481,GLOBAL_POSITION_INT,-35.3615008,149.1673974,582.01,0.29,-0.01,0.0,-1.19,45.61,,,,,,,,,,,
1790035886.9916744,GPS_RAW_INT,,,,,,,,,,,,,,,,,,6,10
1790035886.9971693,ATTITUDE,,,,,,,,,,,,,,,-0.0019383876351639628,-0.0018903091549873352,0.796065628528595,,
1790035886.998402,RAW_IMU,,,,,,,,,-1,1,-1235,-13,-12,0,,,,,
1790035887.0170317,ATTITUDE,,,,,,,,,,,,,,,-0.002186948899179697,-0.00210023601539433,0.7960414290428162,,
1790035887.018341,RAW_IMU,,,,,,,,,-1,1,-1175,-11,-9,0,,,,,
1790035887.0377252,ATTITUDE,,,,,,,,,,,,,,,-0.0023944787681102753,-0.002270184922963381,0.7960185408592224,,
1790035887.0390358,RAW_IMU,,,,,,,,,-1,1,-1120,-9,-7,0,,,,,
1790035887.0571258,ATTITUDE,,,,,,,,,,,,,,,-0.002568410476669669,-0.0024169578682631254,0.7959953546524048,,
1790035887.0584948,RAW_IMU,,,,,,,,,-1,1,-1072,-7,-6,0,,,,,
1790035887.0776536,ATTITUDE,,,,,,,,,,,,,,,-0.002707689069211483,-0.002526444848626852,0.7959728240966797,,
1790035887.0796149,RAW_IMU,,,,,,,,,-1,1,-1031,-6,-4,0,,,,,
1790035887.0913732,GLOBAL_POSITION_INT,-35.3615008,149.1673974,582.13,0.413,-0.01,0.0,-1.28,45.6,,,,,,,,,,,
1790035887.0928621,GPS_RAW_INT,,,,,,,,,,,,,,,,,,6,10
1790035887.097996,ATTITUDE,,,,,,,,,,,,,,,-0.0028008068911731243,-0.0026180222630500793,0.7959497570991516,,
1790035887.0996537,RAW_IMU,,,,,,,,,-1,0,-997,-3,-3,0,,,,,
1790035887.1305647,ATTITUDE,,,,,,,,,,,,,,,-0.0028817104175686836,-0.002698813332244754,0.7959300875663757,,
1790035887.1318233,RAW_IMU,,,,,,,,,0,0,-971,-3,-3,0,,,,,
1790035887.1346781,ATTITUDE,,,,,,,,,,,,,,,-0.0028871565591543913,-0.002715552691370249,0.7959125638008118,,
1790035887.1359146,RAW_IMU,,,,,,,,,0,0,-953,0,0,0,,,,,
1790035887.491911,GLOBAL_POSITION_INT,-35.3615008,149.1673974,582.44,0.726,0.0,0.0,-1.19,45.59,,,,,,,,,,,
1790035887.4936156,GPS_RAW_INT,,,,,,,,,,,,,,,,,,6,10
1790035887.4951293,ATTITUDE,,,,,,,,,,,,,,,-0.001359415240585804,-0.0014363009249791503,0.7957417368888855,,
1790035887.49538,RAW_IMU,,,,,,,,,0,0,-1023,13,11,0,,,,,
1790035887.4955423,ATTITUDE,,,,,,,,,,,,,,,-0.0011224644258618355,-0.0012220393400639296,0.7957321405410767,,
1790035887.4957588,RAW_IMU,,,,,,,,,0,0,-1036,12,11,0,,,,,
1790035887.496016,ATTITUDE,,,,,,,,,,,,,,,-0.0008522276184521616,-0.0009982623159885406,0.7957243919372559,,
1790035887.4962184,RAW_IMU,,,,,,,,,0,0,-1048,14,12,0,,,,,
1790035887.4963663,ATTITUDE,,,,,,,,,,,,,,,-0.0005890163010917604,-0.0007583386613987386,0.7957183718681335,,
1790035887.4965608,RAW_IMU,,,,,,,,,0,0,-1059,14,12,0,,,,,
1790035887.4967053,ATTITUDE,,,,,,,,,,,,,,,-0.0002996145049110055,-0.0005187985952943563,0.7957151532173157,,
1790035887.4968987,RAW_IMU,,,,,,,,,0,0,-1069,15,12,0,,,,,
1790035887.4971466,ATTITUDE,,,,,,,,,,,,,,,5.538388904824387e-06,-0.00026061219978146255,0.7957097887992859,,
1790035887.4973497,RAW_IMU,,,,,,,,,0,0,-1079,16,13,0,,,,,
1790035887.4975307,ATTITUDE,,,,,,,,,,,,,,,0.00028394648688845336,-2.7960013539995998e-05,0.7957064509391785,,
1790035887.4977236,RAW_IMU,,,,,,,,,0,0,-1086,14,12,0,,,,,
1790035887.4978797,GLOBAL_POSITION_INT,-35.3615008,149.1673974,582.61,0.894,0.0,0.0,-1.27,45.59,,,,,,,,,,,
1790035887.4980772,GPS_RAW_INT,,,,,,,,,,,,,,,,,,6,10
1790035887.4982166,ATTITUDE,,,,,,,,,,,,,,,0.0005471997428685427,0.00017890874005388469,0.7957049012184143,,
1790035887.49841,RAW_IMU,,,,,,,,,0,0,-1090,14,11,0,,,,,
1790035887.5170786,ATTITUDE,,,,,,,,,,,,,,,0.000798471737653017,0.0004016556777060032,0.7957043051719666,,
1790035887.5188668,RAW_IMU,,,,,,,,,0,0,-1095,13,12,0,,,,,
1790035887.536853,ATTITUDE,,,,,,,,,,,,,,,0.0010385110508650541,0.0006163205835036933,0.795704185962677,,
1790035887.5377812,RAW_IMU,,,,,,,,,0,0,-1100,13,11,0,,,,,
1790035887.5570717,ATTITUDE,,,,,,,,,,,,,,,0.0012677247868850827,0.0008363791857846081,0.7957030534744263,,
1790035887.5587938,RAW_IMU,,,,,,,,,0,0,-1101,12,12,0,,,,,
1790035887.5769615,ATTITUDE,,,,,,,,,,,,,,,0.0014842356322333217,0.0010453436989337206,0.7957029342651367,,
1790035887.577961,RAW_IMU,,,,,,,,,0,0,-1104,11,11,0,,,,,
1790035887.5913334,GLOBAL_POSITION_INT,-35.3615008,149.1673974,582.74,1.029,0.0,0.0,-1.37,45.59,,,,,,,,,,,
1790035887.59261,GPS_RAW_INT,,,,,,,,,,,,,,,,,,6,10
1790035887.5969155,ATTITUDE,,,,,,,,,,,,,,,0.0016911387210711837,0.0012319162487983704,0.7957037091255188,,
1790035887.598388,RAW_IMU,,,,,,,,,0,0,-1104,11,10,0,,,,,
1790035887.6227326,ATTITUDE,,,,,,,,,,,,,,,0.0018874664092436433,0.0014042131369933486,0.7957068681716919,,
1790035887.6237714,RAW_IMU,,,,,,,,,0,0,-1104,10,9,0,,,,,
1790035887.6370087,ATTITUDE,,,,,,,,,,,,,,,0.002075972268357873,0.0015673107700422406,0.7957090735435486,,
1790035887.6381567,RAW_IMU,,,,,,,,,0,0,-1105,10,9,0,,,,,
1790035887.6563823,ATTITUDE,,,,,,,,,,,,,,,0.0022563354577869177,0.0017252370016649365,0.7957083582878113,,
1790035887.657982,RAW_IMU,,,,,,,,,0,0,-1105,9,8,0,,,,,
1790035887.6755893,ATTITUDE,,,,,,,,,,,,,,,0.002424556529149413,0.0018720377702265978,0.7957098484039307,,
1790035887.6766746,RAW_IMU,,,,,,,,,0,0,-1104,9,8,0,,,,,
1790035887.6954083,GLOBAL_POSITION_INT,-35.3615008,149.1673974,582.89,1.175,0.0,0.0,-1.48,45.59,,,,,,,,,,,
1790035887.696637,GPS_RAW_INT,,,,,,,,,,,,,,,,,,6,10
1790035887.6984236,ATTITUDE,,,,,,,,,,,,,,,0.0025837868452072144,0.002010791329666972,0.7957122325897217,,
1790035887.6993825,RAW_IMU,,,,,,,,,0,0,-1103,9,8,0,,,,,
1790035887.715509,ATTITUDE,,,,,,,,,,,,,,,0.0027304799295961857,0.002141746925190091,0.7957143783569336,,
1790035887.7169805,RAW_IMU,,,,,,,,,0,0,-1102,8,7,0,,,,,
1790035887.7348113,ATTITUDE,,,,,,,,,,,,,,,0.0028195143677294254,0.0022480490151792765,0.7957178950309753,,
1790035887.7356067,RAW_IMU,,,,,,,,,0,0,-1103,5,6,0,,,,,
1790035887.7551906,ATTITUDE,,,,,,,,,,,,,,,0.0029033261816948652,0.0023504223208874464,0.7957196235656738,,
1790035887.7566671,RAW_IMU,,,,,,,,,0,0,-1101,5,6,0,,,,,
1790035887.7748275,ATTITUDE,,,,,,,,,,,,,,,0.003023859579116106,0.0024714393075555563,0.7957214713096619,,
1790035887.7757654,RAW_IMU,,,,,,,,,0,0,-1101,6,6,0,,,,,
1790035887.795345,GLOBAL_POSITION_INT,-35.3615007,149.1673974,583.05,1.33,0.0,0.0,-1.57,45.59,,,,,,,,,,,
1790035887.79668,GPS_RAW_INT,,,,,,,,,,,,,,,,,,6,10
1790035887.797639,ATTITUDE,,,,,,,,,,,,,,,0.0031548154074698687,0.002600385807454586,0.7957249283790588,,
1790035887.7989001,RAW_IMU,,,,,,,,,0,0,-1100,7,7,0,,,,,
1790035887.8157313,ATTITUDE,,,,,,,,,,,,,,,0.0032339836470782757,0.0027089540380984545,0.7957295775413513,,
1790035887.8167892,RAW_IMU,,,,,,,,,0,0,-1100,5,6,0,,,,,
1790035887.835546,ATTITUDE,,,,,,,,,,,,,,,0.0033101262524724007,0.00281090778298676,0.7957341074943542,,
1790035887.8368034,RAW_IMU,,,,,,,,,0,0,-1099,4,5,0,,,,,
1790035887.8768878,ATTITUDE,,,,,,,,,,,,,,,0.0034490327816456556,0.002906847046688199,0.7957364916801453,,
1790035887.8777447,RAW_IMU,,,,,,,,,0,0,-1100,7,5,0,,,,,
1790035887.8793476,ATTITUDE,,,,,,,,,,,,,,,0.003522911574691534,0.0029856718610972166,0.79574054479599,,
1790035887.880191,RAW_IMU,,,,,,,,,0,0,-1100,5,5,1,,,,,
1790035887.8955164,GLOBAL_POSITION_INT,-35.3615007,149.1673974,583.21,1.497,0.0,0.0,-1.67,45.59,,,,,,,,,,,
1790035887.8965058,GPS_RAW_INT,,,,,,,,,,,,,,,,,,6,10
1790035887.8975637,ATTITUDE,,,,,,,,,,,,,,,0.003550219349563122,0.0030512853991240263,0.7957439422607422,,
1790035887.898349,RAW_IMU,,,,,,,,,0,0,-1100,2,4,0,,,,,
1790035887.9149647,ATTITUDE,,,,,,,,,,,,,,,0.0036341040395200253,0.003125986782833934,0.7957492470741272,,
1790035887.9163961,RAW_IMU,,,,,,,,,0,0,-1100,4,4,0,,,,,
1790035887.934961,ATTITUDE,,,,,,,,,,,,,,,0.003732760436832905,0.003203103318810463,0.7957555055618286,,
1790035887.936027,RAW_IMU,,,,,,,,,0,0,-1100,6,4,1,,,,,
1790035887.9552572,ATTITUDE,,,,,,,,,,,,,,,0.003761481959372759,0.0032426491379737854,0.7957589030265808,,
1790035887.956427,RAW_IMU,,,,,,,,,0,0,-1101,2,3,1,,,,,
1790035887.9747906,ATTITUDE,,,,,,,,,,,,,,,0.0037999579217284918,0.0032871568109840155,0.7957631349563599,,
1790035887.9757016,RAW_IMU,,,,,,,,,0,0,-1102,2,2,1,,,,,
1790035887.994554,GLOBAL_POSITION_INT,-35.3615007,149.1673974,583.39,1.672,0.0,0.0,-1.77,45.59,,,,,,,,,,,
1790035887.995841,GPS_RAW_INT,,,,,,,,,,,,,,,,,,6,10
1790035887.9975019,ATTITUDE,,,,,,,,,,,,,,,0.003877650946378708,0.0033943383023142815,0.7957679033279419,,
1790035887.9985452,RAW_IMU,,,,,,,,,0,0,-1102,4,6,0,,,,,
1790035888.014658,ATTITUDE,,,,,,,,,,,,,,,0.003929729573428631,0.003468186827376485,0.7957721948623657,,
1790035888.015838,RAW_IMU,,,,,,,,,0,0,-1103,3,5,0,,,,,
1790035888.0350227,ATTITUDE,,,,,,,,,,,,,,,0.003995719365775585,0.0035054285544902086,0.7957748770713806,,
1790035888.036115,RAW_IMU,,,,,,,,,0,0,-1103,4,2,0,,,,,
1790035888.0559955,ATTITUDE,,,,,,,,,,,,,,,0.00406139250844717,0.0035669091157615185,0.7957749366760254,,
1790035888.0576684,RAW_IMU,,,,,,,,,0,0,-1103,4,3,0,,,,,
1790035888.0755284,ATTITUDE,,,,,,,,,,,,,,,0.004095506388694048,0.0035646166652441025,0.7957743406295776,,
1790035888.076504,RAW_IMU,,,,,,,,,0,0,-1104,3,1,0,,,,,
1790035888.0952868,GLOBAL_POSITION_INT,-35.3615007,149.1673974,583.57,1.858,0.0,0.0,-1.87,45.59,,,,,,,,,,,
1790035888.0966442,GPS_RAW_INT,,,,,,,,,,,,,,,,,,6,10
1790035888.0983875,ATTITUDE,,,,,,,,,,,,,,,0.00409519299864769,0.00354162254370749,0.7957728505134583,,
1790035888.099767,RAW_IMU,,,,,,,,,0,0,-1105,1,0,0,,,,,
1790035888.1192145,ATTITUDE,,,,,,,,,,,,,,,0.004093496594578028,0.0035320869646966457,0.7957728505134583,,
1790035888.1198685,RAW_IMU,,,,,,,,,0,0,-1105,0,0,0,,,,,
1790035888.1361406,ATTITUDE,,,,,,,,,,,,,,,0.004138452000916004,0.003588719293475151,0.7957721948623657,,
1790035888.1377113,RAW_IMU,,,,,,,,,0,0,-1106,3,3,0,,,,,
1790035888.1564171,ATTITUDE,,,,,,,,,,,,,,,0.004193973261862993,0.0036435371730476618,0.7957682609558105,,
1790035888.1579523,RAW_IMU,,,,,,,,,0,0,-1106,3,3,0,,,,,
1790035888.1752946,ATTITUDE,,,,,,,,,,,,,,,0.004245888441801071,0.0036942914593964815,0.7957664132118225,,
1790035888.1769173,RAW_IMU,,,,,,,,,0,0,-1105,3,3,0,,,,,
1790035888.1953163,GLOBAL_POSITION_INT,-35.3615007,149.1673974,583.77,2.053,0.0,0.0,-1.98,45.59,,,,,,,,,,,
1790035888.1963494,GPS_RAW_INT,,,,,,,,,,,,,,,,,,6,10
1790035888.1978607,ATTITUDE,,,,,,,,,,,,,,,0.004249894991517067,0.003692429745569825,0.7957640290260315,,
1790035888.1996396,RAW_IMU,,,,,,,,,0,0,-1107,1,1,0,,,,,
1790035888.215606,ATTITUDE,,,,,,,,,,,,,,,0.004243925679475069,0.0036860492546111345,0.7957630157470703,,
1790035888.2171948,RAW_IMU,,,,,,,,,0,0,-1107,0,0,0,,,,,
1790035888.2355065,ATTITUDE,,,,,,,,,,,,,,,0.004239032045006752,0.003680091816931963,0.7957624197006226,,
1790035888.2376893,RAW_IMU,,,,,,,,,0,0,-1106,0,0,0,,,,,
1790035888.25598,ATTITUDE,,,,,,,,,,,,,,,0.004240668378770351,0.003667539218440652,0.7957589030265808,,
1790035888.2574286,RAW_IMU,,,,,,,,,0,0,-1106,0,0,0,,,,,
1790035888.276087,ATTITUDE,,,,,,,,,,,,,,,0.004252194426953793,0.0036408237647265196,0.79575514793396,,
1790035888.277152,RAW_IMU,,,,,,,,,0,0,-1108,1,0,0,,,,,
1790035888.2905922,GLOBAL_POSITION_INT,-35.3615007,149.1673974,583.97,2.258,-0.01,0.0,-2.08,45.59,,,,,,,,,,,
1790035888.291805,GPS_RAW_INT,,,,,,,,,,,,,,,,,,6,10
1790035888.2968934,ATTITUDE,,,,,,,,,,,,,,,0.00426203478127718,0.0036156359128654003,0.7957534193992615,,
1790035888.2978897,RAW_IMU,,,,,,,,,0,0,-1107,1,0,0,,,,,
1790035888.3168643,ATTITUDE,,,,,,,,,,,,,,,0.004273120313882828,0.0035907833371311426,0.7957530617713928,,
1790035888.3180835,RAW_IMU,,,,,,,,,0,0,-1106,1,0,0,,,,,
1790035888.3379993,ATTITUDE,,,,,,,,,,,,,,,0.004270307254046202,0.0035686595365405083,0.7957530617713928,,
1790035888.3409646,RAW_IMU,,,,,,,,,0,0,-1107,1,0,0,,,,,
1790035888.3742955,ATTITUDE,,,,,,,,,,,,,,,0.004262242931872606,0.0035479117650538683,0.7957494258880615,,
1790035888.3758643,RAW_IMU,,,,,,,,,0,0,-1108,0,0,0,,,,,
1790035888.3789856,ATTITUDE,,,,,,,,,,,,,,,0.004253386054188013,0.0035279199946671724,0.7957484126091003,,
1790035888.3802526,RAW_IMU,,,,,,,,,0,0,-1107,0,0,0,,,,,
1790035888.3931339,GLOBAL_POSITION_INT,-35.3615007,149.1673974,584.19,2.476,-0.01,0.0,-2.18,45.59,,,,,,,,,,,
1790035888.39434,GPS_RAW_INT,,,,,,,,,,,,,,,,,,6,10
1790035888.398999,ATTITUDE,,,,,,,,,,,,,,,0.004253465682268143,0.003505583154037595,0.7957466244697571,,
1790035888.4007032,RAW_IMU,,,,,,,,,0,0,-1106,0,0,0,,,,,
1790035888.4190729,ATTITUDE,,,,,,,,,,,,,,,0.004285655450075865,0.003469756105914712,0.7957456707954407,,
1790035888.4205055,RAW_IMU,,,,,,,,,0,0,-1108,2,0,0,,,,,
1790035888.4390025,ATTITUDE,,,,,,,,,,,,,,,0.0043166386894881725,0.003438145387917757,0.7957457304000854,,
1790035888.4394777,RAW_IMU,,,,,,,,,0,0,-1107,2,0,0,,,,,
1790035888.4590175,ATTITUDE,,,,,,,,,,,,,,,0.004339023493230343,0.0034064233768731356,0.7957438230514526,,
1790035888.4601471,RAW_IMU,,,,,,,,,0,0,-1106,2,0,0,,,,,
1790035888.4790456,ATTITUDE,,,,,,,,,,,,,,,0.004290502052754164,0.0033750785514712334,0.795743465423584,,
1790035888.479655,RAW_IMU,,,,,,,,,0,0,-1108,-1,0,0,,,,,
1790035888.4931114,GLOBAL_POSITION_INT,-35.3615007,149.1673974,584.42,2.703,-0.01,0.0,-2.29,45.59,,,,,,,,,,,
1790035888.4936197,GPS_RAW_INT,,,,,,,,,,,,,,,,,,6,10
1790035888.4988914,ATTITUDE,,,,,,,,,,,,,,,0.0042428020387887955,0.0033444848377257586,0.7957440614700317,,
1790035888.5004458,RAW_IMU,,,,,,,,,0,0,-1107,-1,0,0,,,,,
1790035888.5190232,ATTITUDE,,,,,,,,,,,,,,,0.004233267158269882,0.003298852127045393,0.795745849609375,,
1790035888.5201445,RAW_IMU,,,,,,,,,0,0,-1103,0,-1,0,,,,,
1790035888.5389514,ATTITUDE,,,,,,,,,,,,,,,0.00419569993391633,0.0032681310549378395,0.7868037223815918,,
1790035888.5399113,RAW_IMU,,,,,,,,,0,0,-1099,0,0,0,,,,,
1790035888.5591164,ATTITUDE,,,,,,,,,,,,,,,0.00417147483676672,0.003226918401196599,0.7868059277534485,,
1790035888.5601118,RAW_IMU,,,,,,,,,0,0,-1094,0,0,0,,,,,
1790035888.579023,ATTITUDE,,,,,,,,,,,,,,,0.004149732179939747,0.0031906026415526867,0.7868096232414246,,
1790035888.5802205,RAW_IMU,,,,,,,,,0,0,-1089,0,0,0,,,,,
1790035888.593455,GLOBAL_POSITION_INT,-35.3615006,149.1673974,584.65,2.939,-0.02,0.0,-2.38,45.08,,,,,,,,,,,
1790035888.5944684,GPS_RAW_INT,,,,,,,,,,,,,,,,,,6,10
1790035888.5988233,ATTITUDE,,,,,,,,,,,,,,,0.0041200160048902035,0.0031608538702130318,0.7868128418922424,,
1790035888.6004515,RAW_IMU,,,,,,,,,0,0,-1084,0,0,0,,,,,
1790035888.6272814,ATTITUDE,,,,,,,,,,,,,,,0.004097865894436836,0.003125116927549243,0.7868176102638245,,
1790035888.6280084,RAW_IMU,,,,,,,,,0,0,-1079,0,0,0,,,,,
1790035888.638928,ATTITUDE,,,,,,,,,,,,,,,0.004063913132995367,0.003092963481321931,0.7868220210075378,,
1790035888.6398787,RAW_IMU,,,,,,,,,0,0,-1074,0,0,0,,,,,
1790035888.6589773,ATTITUDE,,,,,,,,,,,,,,,0.004031503107398748,0.0030524577014148235,0.7869669795036316,,
1790035888.6604173,RAW_IMU,,,,,,,,,0,0,-1069,0,0,0,,,,,
1790035888.6789732,ATTITUDE,,,,,,,,,,,,,,,0.004001844208687544,0.003015052992850542,0.7871107459068298,,
1790035888.680016,RAW_IMU,,,,,,,,,0,0,-1064,0,-1,0,,,,,
1790035888.6932373,GLOBAL_POSITION_INT,-35.3615006,149.1673974,584.9,3.184,-0.02,0.0,-2.45,45.1,,,,,,,,,,,
1790035888.6937373,GPS_RAW_INT,,,,,,,,,,,,,,,,,,6,10
1790035888.6960564,ATTITUDE,,,,,,,,,,,,,,,0.003958093002438545,0.002976362593472004,0.7872554063796997,,
1790035888.6977046,RAW_IMU,,,,,,,,,0,0,-1060,-1,0,0,,,,,
1790035888.7141972,ATTITUDE,,,,,,,,,,,,,,,0.003918403293937445,0.002934759482741356,0.7873989939689636,,
1790035888.7149978,RAW_IMU,,,,,,,,,0,0,-1055,-1,-1,0,,,,,
1790035888.7343833,ATTITUDE,,,,,,,,,,,,,,,0.003890662221238017,0.002913594478741288,0.7875415086746216,,
1790035888.7350976,RAW_IMU,,,,,,,,,0,0,-1051,0,0,0,,,,,
1790035888.7548027,ATTITUDE,,,,,,,,,,,,,,,0.003865726524963975,0.0028597742784768343,0.7876312136650085,,
1790035888.756288,RAW_IMU,,,,,,,,,0,0,-1047,0,-1,0,,,,,
1790035888.7741897,ATTITUDE,,,,,,,,,,,,,,,0.0038574598729610443,0.0028435022104531527,0.7877035140991211,,
1790035888.7752688,RAW_IMU,,,,,,,,,0,0,-1043,0,0,0,,,,,
1790035888.7939312,GLOBAL_POSITION_INT,-35.3615006,149.1673974,585.15,3.433,-0.02,0.0,-2.49,45.13,,,,,,,,,,,
1790035888.794743,GPS_RAW_INT,,,,,,,,,,,,,,,,,,6,10
1790035888.7967362,ATTITUDE,,,,,,,,,,,,,,,0.003840512130409479,0.0028122635558247566,0.7877583503723145,,
1790035888.798235,RAW_IMU,,,,,,,,,0,0,-1039,0,0,0,,,,,
1790035888.8142316,ATTITUDE,,,,,,,,,,,,,,,0.003833011258393526,0.0027979726437479258,0.7877948880195618,,
1790035888.8150048,RAW_IMU,,,,,,,,,0,0,-1036,0,0,0,,,,,
1790035888.834429,ATTITUDE,,,,,,,,,,,,,,,0.003821693127974868,0.0027599988970905542,0.7878146171569824,,
1790035888.8351917,RAW_IMU,,,,,,,,,0,0,-1033,0,0,0,,,,,
1790035888.872133,ATTITUDE,,,,,,,,,,,,,,,0.0037988508120179176,0.0027478900738060474,0.787799596786499,,
1790035888.8733747,RAW_IMU,,,,,,,,,0,0,-1030,0,0,0,,,,,
1790035888.8762894,ATTITUDE,,,,,,,,,,,,,,,0.00379885733127594,0.0027313739992678165,0.7877737879753113,,
1790035888.8777447,RAW_IMU,,,,,,,,,0,0,-1027,0,0,0,,,,,
1790035888.8959963,GLOBAL_POSITION_INT,-35.3615006,149.1673974,585.4,3.686,-0.02,0.0,-2.52,45.13,,,,,,,,,,,
1790035888.8972561,GPS_RAW_INT,,,,,,,,,,,,,,,,,,6,10
1790035888.8986611,ATTITUDE,,,,,,,,,,,,,,,0.0037487722001969814,0.0026790632400661707,0.7877355813980103,,
1790035888.899576,RAW_IMU,,,,,,,,,0,0,-1024,-1,-1,0,,,,,
1790035888.9162683,ATTITUDE,,,,,,,,,,,,,,,0.0037297408562153578,0.0026907878927886486,0.787686288356781,,
1790035888.9170518,RAW_IMU,,,,,,,,,0,0,-1021,0,1,-1,,,,,
1790035888.9352112,ATTITUDE,,,,,,,,,,,,,,,0.003705310635268688,0.002640938851982355,0.7876294255256653,,
1790035888.9364393,RAW_IMU,,,,,,,,,0,0,-1019,0,-1,-1,,,,,
1790035888.9547691,ATTITUDE,,,,,,,,,,,,,,,0.0036597633734345436,0.002621616469696164,0.7875568270683289,,
1790035888.9558492,RAW_IMU,,,,,,,,,0,0,-1016,-1,0,-1,,,,,
1790035888.9749098,ATTITUDE,,,,,,,,,,,,,,,0.00366294221021235,0.002630950417369604,0.7874835729598999,,
1790035888.9759176,RAW_IMU,,,,,,,,,0,0,-1014,0,1,-1,,,,,
1790035888.9946327,GLOBAL_POSITION_INT,-35.3615006,149.1673974,585.66,3.941,-0.02,0.0,-2.54,45.11,,,,,,,,,,,
1790035888.995612,GPS_RAW_INT,,,,,,,,,,,,,,,,,,6,10
1790035888.9967816,ATTITUDE,,,,,,,,,,,,,,,0.0036569908261299133,0.0025608001742511988,0.7874077558517456,,
1790035888.9983363,RAW_IMU,,,,,,,,,0,0,-1012,1,-2,-1,,,,,
1790035889.0146956,ATTITUDE,,,,,,,,,,,,,,,0.003578752977773547,0.002543252892792225,0.7873319983482361,,
1790035889.0161164,RAW_IMU,,,,,,,,,0,0,-1010,-2,0,-1,,,,,
1790035889.0345724,ATTITUDE,,,,,,,,,,,,,,,0.0035590671468526125,0.0025630989111959934,0.7872580885887146,,
1790035889.0354545,RAW_IMU,,,,,,,,,0,0,-1008,0,2,-1,,,,,
1790035889.0556653,ATTITUDE,,,,,,,,,,,,,,,0.003522187937051058,0.0025035005528479815,0.7871819138526917,,
1790035889.0576766,RAW_IMU,,,,,,,,,0,0,-1006,0,-1,-1,,,,,
1790035889.0753145,ATTITUDE,,,,,,,,,,,,,,,0.0034776802640408278,0.002441258868202567,0.7871123552322388,,
1790035889.0763447,RAW_IMU,,,,,,,,,0,0,-1005,-1,-2,-1,,,,,
1790035889.094475,GLOBAL_POSITION_INT,-35.3615007,149.1673974,585.91,4.198,-0.03,0.0,-2.54,45.09,,,,,,,,,,,
1790035889.0955174,GPS_RAW_INT,,,,,,,,,,,,,,,,,,6,10
1790035889.0965064,ATTITUDE,,,,,,,,,,,,,,,0.0034985539969056845,0.002446678001433611,0.7870476841926575,,
1790035889.097298,RAW_IMU,,,,,,,,,0,0,-1002,1,0,-1,,,,,
1790035889.1195343,ATTITUDE,,,,,,,,,,,,,,,0.0035192123614251614,0.0024546978529542685,0.7869886159896851,,
1790035889.1209564,RAW_IMU,,,,,,,,,0,0,-1002,2,1,-1,,,,,
1790035889.13467,ATTITUDE,,,,,,,,,,,,,,,0.0034766586031764746,0.002399866469204426,0.7869343161582947,,
1790035889.136189,RAW_IMU,,,,,,,,,0,0,-1000,-1,-1,-1,,,,,
1790035889.1549335,ATTITUDE,,,,,,,,,,,,,,,0.0034621066879481077,0.002338474616408348,0.7868824601173401,,
1790035889.1569993,RAW_IMU,,,,,,,,,0,0,-999,0,-2,-1,,,,,
1790035889.174002,ATTITUDE,,,,,,,,,,,,,,,0.003449271898716688,0.002298096427693963,0.7868363857269287,,
1790035889.1747847,RAW_IMU,,,,,,,,,0,0,-998,0,-1,0,,,,,
1790035889.1936944,GLOBAL_POSITION_INT,-35.3615006,149.1673974,586.17,4.454,-0.03,0.0,-2.54,45.08,,,,,,,,,,,
1790035889.1955092,GPS_RAW_INT,,,,,,,,,,,,,,,,,,6,10
1790035889.197195,ATTITUDE,,,,,,,,,,,,,,,0.003392841201275587,0.002297614235430956,0.7867969870567322,,
1790035889.199778,RAW_IMU,,,,,,,,,0,0,-996,-1,0,0,,,,,
1790035889.215676,ATTITUDE,,,,,,,,,,,,,,,0.003330789040774107,0.0022997509222477674,0.7867624163627625,,
1790035889.2172625,RAW_IMU,,,,,,,,,0,0,-995,-2,1,0,,,,,
1790035889.2354767,ATTITUDE,,,,,,,,,,,,,,,0.003271533641964197,0.002296500140801072,0.7867327332496643,,
1790035889.2363992,RAW_IMU,,,,,,,,,0,0,-996,-2,0,0,,,,,
1790035889.254826,ATTITUDE,,,,,,,,,,,,,,,0.003239896846935153,0.002261325716972351,0.7867046594619751,,
1790035889.2565129,RAW_IMU,,,,,,,,,0,0,-994,0,0,0,,,,,
1790035889.274925,ATTITUDE,,,,,,,,,,,,,,,0.003201155224815011,0.0022261780686676502,0.7866842150688171,,
1790035889.2760363,RAW_IMU,,,,,,,,,0,0,-993,0,0,0,,,,,
1790035889.2945673,GLOBAL_POSITION_INT,-35.3615006,149.1673974,586.43,4.711,-0.03,0.0,-2.53,45.07,,,,,,,,,,,
1790035889.2954829,GPS_RAW_INT,,,,,,,,,,,,,,,,,,6,10
1790035889.2964177,ATTITUDE,,,,,,,,,,,,,,,0.003146509174257517,0.0021910923533141613,0.7866672277450562,,
1790035889.2974622,RAW_IMU,,,,,,,,,0,0,-993,-1,0,0,,,,,
1790035889.314694,ATTITUDE,,,,,,,,,,,,,,,0.003095789812505245,0.002158616203814745,0.7866544723510742,,
1790035889.315772,RAW_IMU,,,,,,,,,0,0,-993,-1,0,0,,,,,
1790035889.334612,ATTITUDE,,,,,,,,,,,,,,,0.003052656538784504,0.0021458659321069717,0.7866461277008057,,
1790035889.3362155,RAW_IMU,,,,,,,,,0,0,-992,-1,0,0,,,,,
1790035889.3780434,ATTITUDE,,,,,,,,,,,,,,,0.0030468241311609745,0.002134706126525998,0.7866405248641968,,
1790035889.379178,RAW_IMU,,,,,,,,,0,0,-990,0,0,0,,,,,
1790035889.3808136,ATTITUDE,,,,,,,,,,,,,,,0.0030007718596607447,0.0021251472644507885,0.786639392375946,,
1790035889.382521,RAW_IMU,,,,,,,,,0,0,-990,-1,0,0,,,,,
1790035889.3961291,GLOBAL_POSITION_INT,-35.3615006,149.1673974,586.68,4.966,-0.03,0.0,-2.53,45.07,,,,,,,,,,,
1790035889.3970902,GPS_RAW_INT,,,,,,,,,,,,,,,,,,6,10
1790035889.3987098,ATTITUDE,,,,,,,,,,,,,,,0.003014014335349202,0.0021163513883948326,0.7866411805152893,,
1790035889.4004004,RAW_IMU,,,,,,,,,0,0,-990,1,0,0,,,,,
1790035889.4171114,ATTITUDE,,,,,,,,,,,,,,,0.0030264402739703655,0.0021094840485602617,0.7866438031196594,,
1790035889.418199,RAW_IMU,,,,,,,,,0,0,-990,1,0,0,,,,,
1790035889.4368794,ATTITUDE,,,,,,,,,,,,,,,0.003038066904991865,0.0021030791103839874,0.78664630651474,,
1790035889.437875,RAW_IMU,,,,,,,,,0,0,-990,1,0,0,,,,,
1790035889.4567983,ATTITUDE,,,,,,,,,,,,,,,0.0030517899431288242,0.0020972040947526693,0.7866442799568176,,
1790035889.4579105,RAW_IMU,,,,,,,,,0,0,-990,1,0,0,,,,,
1790035889.4767103,ATTITUDE,,,,,,,,,,,,,,,0.003060178132727742,0.002062327926978469,0.786648154258728,,
1790035889.4779265,RAW_IMU,,,,,,,,,0,0,-990,1,0,0,,,,,
1790035889.4964073,GLOBAL_POSITION_INT,-35.3615006,149.1673974,586.93,5.219,-0.03,0.0,-2.52,45.07,,,,,,,,,,,
1790035889.497452,GPS_RAW_INT,,,,,,,,,,,,,,,,,,6,10
1790035889.4984174,ATTITUDE,,,,,,,,,,,,,,,0.0030239622574299574,0.0020760379265993834,0.7866561412811279,,
1790035889.499388,RAW_IMU,,,,,,,,,0,0,-989,0,1,0,,,,,
1790035889.5165226,ATTITUDE,,,,,,,,,,,,,,,0.0030257049947977066,0.00201906799338758,0.7866660952568054,,
1790035889.5175412,RAW_IMU,,,,,,,,,0,0,-989,1,-1,1,,,,,
1790035889.5368226,ATTITUDE,,,,,,,,,,,,,,,0.002973147202283144,0.002035624347627163,0.7866771817207336,,
1790035889.538083,RAW_IMU,,,,,,,,,0,0,-989,-1,1,1,,,,,
1790035889.5568113,ATTITUDE,,,,,,,,,,,,,,,0.0029786236118525267,0.001980634406208992,0.7866859436035156,,
1790035889.5580251,RAW_IMU,,,,,,,,,0,0,-989,1,0,1,,,,,
1790035889.5766947,ATTITUDE,,,,,,,,,,,,,,,0.002902832580730319,0.0019791158847510815,0.7866957783699036,,
1790035889.5782592,RAW_IMU,,,,,,,,,0,0,-989,-2,0,1,,,,,
1790035889.5964186,GLOBAL_POSITION_INT,-35.3615006,149.1673974,587.19,5.472,-0.03,0.0,-2.5,45.07,,,,,,,,,,,
1790035889.5971196,GPS_RAW_INT,,,,,,,,,,,,,,,,,,6,10
1790035889.5983908,ATTITUDE,,,,,,,,,,,,,,,0.0029210953507572412,0.00195865286514163,0.7867057919502258,,
1790035889.5992582,RAW_IMU,,,,,,,,,0,0,-989,1,0,1,,,,,
1790035889.6285765,ATTITUDE,,,,,,,,,,,,,,,0.0028506917878985405,0.0019246512092649937,0.786716639995575,,
1790035889.62956,RAW_IMU,,,,,,,,,0,0,-990,-2,-1,1,,,,,
1790035889.637522,ATTITUDE,,,,,,,,,,,,,,,0.002859489992260933,0.0019392442191019654,0.7867275476455688,,
1790035889.6383579,RAW_IMU,,,,,,,,,0,0,-989,0,1,1,,,,,
1790035889.6584852,ATTITUDE,,,,,,,,,,,,,,,0.0027926480397582054,0.0018850653432309628,0.7867357134819031,,
1790035889.6592429,RAW_IMU,,,,,,,,,0,0,-990,-1,-1,1,,,,,
1790035889.678441,ATTITUDE,,,,,,,,,,,,,,,0.002760567469522357,0.0019039286999031901,0.7867465019226074,,
1790035889.6798732,RAW_IMU,,,,,,,,,0,0,-990,-1,1,1,,,,,
1790035889.6931736,GLOBAL_POSITION_INT,-35.3615006,149.1673974,587.44,5.725,-0.03,0.0,-2.49,45.07,,,,,,,,,,,
1790035889.6939664,GPS_RAW_INT,,,,,,,,,,,,,,,,,,6,10
1790035889.6955636,ATTITUDE,,,,,,,,,,,,,,,0.0027283180970698595,0.0018313416512683034,0.7867594361305237,,
1790035889.6965077,RAW_IMU,,,,,,,,,0,0,-990,0,-2,1,,,,,
1790035889.7139266,ATTITUDE,,,,,,,,,,,,,,,0.002666603773832321,0.0018504718318581581,0.7867723703384399,,
1790035889.7148826,RAW_IMU,,,,,,,,,0,0,-990,-2,1,1,,,,,
1790035889.7338343,ATTITUDE,,,,,,,,,,,,,,,0.0026530949398875237,0.0017995486268773675,0.786784827709198,,
1790035889.7354941,RAW_IMU,,,,,,,,,0,0,-991,0,0,1,,,,,
1790035889.7543216,ATTITUDE,,,,,,,,,,,,,,,0.0025860541500151157,0.0017971957568079233,0.7867926955223083,,
1790035889.7557957,RAW_IMU,,,,,,,,,0,0,-991,-2,0,1,,,,,
1790035889.7742724,ATTITUDE,,,,,,,,,,,,,,,0.002590765245258808,0.0017774724401533604,0.786800742149353,,
1790035889.7752733,RAW_IMU,,,,,,,,,0,0,-991,1,0,1,,,,,
1790035889.7941628,GLOBAL_POSITION_INT,-35.3615006,149.1673974,587.69,5.976,-0.03,0.0,-2.48,45.08,,,,,,,,,,,
1790035889.7957323,GPS_RAW_INT,,,,,,,,,,,,,,,,,,6,10
1790035889.7970521,ATTITUDE,,,,,,,,,,,,,,,0.00252472423017025,0.0017330062109977007,0.7868078947067261,,
1790035889.7983205,RAW_IMU,,,,,,,,,0,0,-992,-1,-1,0,,,,,
1790035889.8146625,ATTITUDE,,,,,,,,,,,,,,,0.0025085292290896177,0.0016912103164941072,0.7868128418922424,,
1790035889.8157494,RAW_IMU,,,,,,,,,0,0,-992,0,-1,0,,,,,
1790035889.8346992,ATTITUDE,,,,,,,,,,,,,,,0.0024939095601439476,0.0016523838276043534,0.7868192195892334,,
1790035889.8356066,RAW_IMU,,,,,,,,,0,0,-992,0,0,0,,,,,
1790035889.873547,ATTITUDE,,,,,,,,,,,,,,,0.002482825657352805,0.0016161577077582479,0.7868217825889587,,
1790035889.8746223,RAW_IMU,,,,,,,,,0,0,-992,0,0,0,,,,,
1790035889.8762019,ATTITUDE,,,,,,,,,,,,,,,0.0024677200708538294,0.0015774904750287533,0.7868292331695557,,
1790035889.8781395,RAW_IMU,,,,,,,,,0,0,-992,0,0,0,,,,,
1790035889.894915,GLOBAL_POSITION_INT,-35.3615006,149.1673974,587.94,6.227,-0.03,0.0,-2.48,45.08,,,,,,,,,,,
1790035889.8960757,GPS_RAW_INT,,,,,,,,,,,,,,,,,,6,10
1790035889.8970206,ATTITUDE,,,,,,,,,,,,,,,0.0024533120449632406,0.001539773540571332,0.786838173866272,,
1790035889.8988433,RAW_IMU,,,,,,,,,0,0,-993,0,0,0,,,,,
1790035889.9151428,ATTITUDE,,,,,,,,,,,,,,,0.0024396441876888275,0.0015054279938340187,0.7868462204933167,,
1790035889.9160259,RAW_IMU,,,,,,,,,0,0,-993,0,0,0,,,,,
1790035889.9348884,ATTITUDE,,,,,,,,,,,,,,,0.0024264261592179537,0.001473226584494114,0.7868572473526001,,
1790035889.936263,RAW_IMU,,,,,,,,,0,0,-993,0,0,0,,,,,
1790035889.9546354,ATTITUDE,,,,,,,,,,,,,,,0.002413757611066103,0.0014419846702367067,0.7868637442588806,,
1790035889.9558945,RAW_IMU,,,,,,,,,0,0,-993,0,0,0,,,,,
1790035889.9737146,ATTITUDE,,,,,,,,,,,,,,,0.002402429934591055,0.0014249613741412759,0.7868710160255432,,
1790035889.9743717,RAW_IMU,,,,,,,,,0,0,-993,0,0,0,,,,,
1790035889.9939811,GLOBAL_POSITION_INT,-35.3615006,149.1673974,588.19,6.479,-0.03,0.0,-2.47,45.08,,,,,,,,,,,
1790035889.995117,GPS_RAW_INT,,,,,,,,,,,,,,,,,,6,10
1790035889.996771,ATTITUDE,,,,,,,,,,,,,,,0.0023918934166431427,0.0014233081601560116,0.7868756055831909,,
1790035889.9984472,RAW_IMU,,,,,,,,,0,0,-993,0,1,0,,,,,
1790035890.014271,ATTITUDE,,,,,,,,,,,,,,,0.002377583645284176,0.0014060999965295196,0.7868801355361938,,
1790035890.0151985,RAW_IMU,,,,,,,,,0,0,-992,0,0,0,,,,,
1790035890.0335886,ATTITUDE,,,,,,,,,,,,,,,0.002352285198867321,0.0014100485714152455,0.7868837714195251,,
1790035890.034554,RAW_IMU,,,,,,,,,0,0,-988,0,1,0,,,,,
1790035890.0538614,ATTITUDE,,,,,,,,,,,,,,,0.002329308306798339,0.001409002230502665,0.7868842482566833,,
1790035890.0552177,RAW_IMU,,,,,,,,,0,0,-984,0,0,0,,,,,
1790035890.0741847,ATTITUDE,,,,,,,,,,,,,,,0.002302709734067321,0.0014169755158945918,0.786889910697937,,
1790035890.0753074,RAW_IMU,,,,,,,,,0,0,-979,0,1,0,,,,,
1790035890.0937245,GLOBAL_POSITION_INT,-35.3615006,149.1673974,588.44,6.727,-0.03,0.0,-2.45,45.08,,,,,,,,,,,
1790035890.0947266,GPS_RAW_INT,,,,,,,,,,,,,,,,,,6,10
1790035890.0966964,ATTITUDE,,,,,,,,,,,,,,,0.0022604528348892927,0.001406649244017899,0.7868949174880981,,
1790035890.0976746,RAW_IMU,,,,,,,,,0,0,-974,0,0,0,,,,,
1790035890.1224034,ATTITUDE,,,,,,,,,,,,,,,0.0022306337486952543,0.0013962696539238095,0.7868990898132324,,
1790035890.1255484,RAW_IMU,,,,,,,,,0,0,-969,0,0,0,,,,,
1790035890.1384785,ATTITUDE,,,,,,,,,,,,,,,0.0021915484685450792,0.0013983933022245765,0.7869036793708801,,
1790035890.1396515,RAW_IMU,,,,,,,,,0,0,-965,0,1,0,,,,,
1790035890.15866,ATTITUDE,,,,,,,,,,,,,,,0.0021562103647738695,0.0014025754062458873,0.7869051694869995,,
1790035890.160299,RAW_IMU,,,,,,,,,0,0,-960,0,1,0,,,,,
1790035890.1785607,ATTITUDE,,,,,,,,,,,,,,,0.002139878226444125,0.0014064041897654533,0.7869066596031189,,
1790035890.1798503,RAW_IMU,,,,,,,,,0,0,-956,0,1,0,,,,,
1790035890.1928072,GLOBAL_POSITION_INT,-35.3615006,149.1673974,588.69,6.973,-0.03,0.0,-2.41,45.08,,,,,,,,,,,
1790035890.1936502,GPS_RAW_INT,,,,,,,,,,,,,,,,,,6,10
1790035890.1985655,ATTITUDE,,,,,,,,,,,,,,,0.0021134878043085337,0.001420241198502481,0.7869048118591309,,
1790035890.199454,RAW_IMU,,,,,,,,,0,0,-952,0,1,0,,,,,
1790035890.2187436,ATTITUDE,,,,,,,,,,,,,,,0.0020985729061067104,0.0014455057680606842,0.7869057059288025,,
1790035890.2200477,RAW_IMU,,,,,,,,,0,0,-948,0,2,0,,,,,
1790035890.2387125,ATTITUDE,,,,,,,,,,,,,,,0.0020766870584338903,0.0014624096220359206,0.7869054675102234,,
1790035890.2397745,RAW_IMU,,,,,,,,,0,0,-944,0,1,0,,,,,
1790035890.2587721,ATTITUDE,,,,,,,,,,,,,,,0.0020658844150602818,0.0014897403307259083,0.786901593208313,,
1790035890.2601433,RAW_IMU,,,,,,,,,0,0,-940,0,2,0,,,,,
1790035890.2785678,ATTITUDE,,,,,,,,,,,,,,,0.0020659214351326227,0.0015116219874471426,0.7869029641151428,,
1790035890.2802541,RAW_IMU,,,,,,,,,0,0,-937,1,2,0,,,,,
1790035890.2929688,GLOBAL_POSITION_INT,-35.3615006,149.1673974,588.93,7.214,-0.02,0.0,-2.36,45.08,,,,,,,,,,,
1790035890.2941499,GPS_RAW_INT,,,,,,,,,,,,,,,,,,6,10
1790035890.2984025,ATTITUDE,,,,,,,,,,,,,,,0.002053287345916033,0.0015316701028496027,0.7869057059288025,,
1790035890.299427,RAW_IMU,,,,,,,,,0,0,-933,0,2,0,,,,,
1790035890.3185716,ATTITUDE,,,,,,,,,,,,,,,0.00205403589643538,0.0015512114623561502,0.7869083285331726,,
1790035890.3205972,RAW_IMU,,,,,,,,,0,0,-930,1,2,0,,,,,
1790035890.3385596,ATTITUDE,,,,,,,,,,,,,,,0.0020450700540095568,0.0015694868052378297,0.7869105935096741,,
1790035890.339508,RAW_IMU,,,,,,,,,0,0,-928,0,2,0,,,,,
1790035890.376853,ATTITUDE,,,,,,,,,,,,,,,0.002049303613603115,0.001587746781297028,0.7869100570678711,,
1790035890.3780386,RAW_IMU,,,,,,,,,0,0,-925,1,2,0,,,,,
1790035890.3796487,ATTITUDE,,,,,,,,,,,,,,,0.002043037209659815,0.0016060775378718972,0.7869104743003845,,
1790035890.3811967,RAW_IMU,,,,,,,,,0,0,-922,0,2,0,,,,,
1790035890.3929174,GLOBAL_POSITION_INT,-35.3615006,149.1673974,589.16,7.448,-0.02,0.0,-2.28,45.08,,,,,,,,,,,
1790035890.3938644,GPS_RAW_INT,,,,,,,,,,,,,,,,,,6,10
1790035890.398408,ATTITUDE,,,,,,,,,,,,,,,0.002050530631095171,0.0016254682559520006,0.786909282207489,,
1790035890.3994946,RAW_IMU,,,,,,,,,0,0,-919,1,2,0,,,,,
1790035890.418727,ATTITUDE,,,,,,,,,,,,,,,0.002064926316961646,0.001656500156968832,0.7869083881378174,,
1790035890.419979,RAW_IMU,,,,,,,,,0,0,-917,1,2,0,,,,,
1790035890.438816,ATTITUDE,,,,,,,,,,,,,,,0.002086608437821269,0.0016751470975577831,0.7869065403938293,,
1790035890.4397473,RAW_IMU,,,,,,,,,0,0,-915,2,1,0,,,,,
1790035890.458903,ATTITUDE,,,,,,,,,,,,,,,0.002099189441651106,0.0017026156419888139,0.7869040966033936,,
1790035890.4603589,RAW_IMU,,,,,,,,,0,0,-913,1,2,0,,,,,
1790035890.4789648,ATTITUDE,,,,,,,,,,,,,,,0.0021276050247251987,0.0017108318861573935,0.7869060039520264,,
1790035890.4804282,RAW_IMU,,,,,,,,,0,0,-910,2,1,0,,,,,
1790035890.4927154,GLOBAL_POSITION_INT,-35.3615006,149.1673974,589.39,7.676,-0.02,0.0,-2.2,45.08,,,,,,,,,,,
1790035890.4931433,GPS_RAW_INT,,,,,,,,,,,,,,,,,,6,10
1790035890.4988718,ATTITUDE,,,,,,,,,,,,,,,0.0021150163374841213,0.001736018224619329,0.7869073152542114,,
1790035890.499708,RAW_IMU,,,,,,,,,0,0,-908,0,2,0,,,,,
1790035890.5189867,ATTITUDE,,,,,,,,,,,,,,,0.0021499923896044493,0.0017613640520721674,0.7869102358818054,,
1790035890.5198138,RAW_IMU,,,,,,,,,0,0,-906,2,2,0,,,,,
1790035890.5387816,ATTITUDE,,,,,,,,,,,,,,,0.0021562185138463974,0.0017857158090919256,0.7869122624397278,,
1790035890.5400789,RAW_IMU,,,,,,,,,0,0,-905,1,2,0,,,,,
1790035890.559026,ATTITUDE,,,,,,,,,,,,,,,0.0021994439885020256,0.0018179002217948437,0.7869129776954651,,
1790035890.5608475,RAW_IMU,,,,,,,,,0,0,-903,3,2,0,,,,,
1790035890.5780861,ATTITUDE,,,,,,,,,,,,,,,0.002246634569019079,0.0018511709058657289,0.7869133353233337,,
1790035890.5790532,RAW_IMU,,,,,,,,,0,0,-902,3,2,0,,,,,
1790035890.5922022,GLOBAL_POSITION_INT,-35.3615006,149.1673974,589.61,7.893,-0.02,0.0,-2.1,45.08,,,,,,,,,,,
1790035890.5931487,GPS_RAW_INT,,,,,,,,,,,,,,,,,,6,10
1790035890.598147,ATTITUDE,,,,,,,,,,,,,,,0.002252384088933468,0.0018557345028966665,0.7869133949279785,,
1790035890.5995119,RAW_IMU,,,,,,,,,0,0,-900,1,1,0,,,,,
1790035890.6263394,ATTITUDE,,,,,,,,,,,,,,,0.0023332133423537016,0.0019080941565334797,0.7869117856025696,,
1790035890.627275,RAW_IMU,,,,,,,,,0,0,-899,4,3,0,,,,,
1790035890.638789,ATTITUDE,,,,,,,,,,,,,,,0.0023576077073812485,0.0019429519306868315,0.7869094610214233,,
1790035890.640213,RAW_IMU,,,,,,,,,0,0,-898,2,3,0,,,,,
1790035890.6587172,ATTITUDE,,,,,,,,,,,,,,,0.0023609637282788754,0.0019460698822513223,0.786903977394104,,
1790035890.6597786,RAW_IMU,,,,,,,,,0,0,-897,0,1,0,,,,,
1790035890.6788578,ATTITUDE,,,,,,,,,,,,,,,0.002433035522699356,0.002001878572627902,0.7869044542312622,,
1790035890.680631,RAW_IMU,,,,,,,,,0,0,-895,4,3,0,,,,,
1790035890.6929107,GLOBAL_POSITION_INT,-35.3615006,149.1673974,589.82,8.1,-0.02,0.0,-2.0,45.08,,,,,,,,,,,
1790035890.6943502,GPS_RAW_INT,,,,,,,,,,,,,,,,,,6,10
1790035890.6986916,ATTITUDE,,,,,,,,,,,,,,,0.0024598066229373217,0.002030574483796954,0.7869084477424622,,
1790035890.6995006,RAW_IMU,,,,,,,,,0,0,-895,3,3,0,,,,,
1790035890.7187808,ATTITUDE,,,,,,,,,,,,,,,0.00243165111169219,0.0020047067664563656,0.786910891532898,,
1790035890.7196407,RAW_IMU,,,,,,,,,0,0,-894,0,0,0,,,,,
1790035890.7382321,ATTITUDE,,,,,,,,,,,,,,,0.0024700432550162077,0.0020176877733319998,0.7869122624397278,,
1790035890.7394636,RAW_IMU,,,,,,,,,0,0,-893,2,1,0,,,,,
1790035890.7581,ATTITUDE,,,,,,,,,,,,,,,0.0024904648307710886,0.002064826898276806,0.7869119644165039,,
1790035890.7593894,RAW_IMU,,,,,,,,,0,0,-893,2,3,0,,,,,
1790035890.7774272,ATTITUDE,,,,,,,,,,,,,,,0.0025112072471529245,0.002065446227788925,0.7869129180908203,,
1790035890.778875,RAW_IMU,,,,,,,,,0,0,-892,2,1,0,,,,,
1790035890.7968154,GLOBAL_POSITION_INT,-35.3615006,149.1673974,590.01,8.297,-0.02,0.0,-1.89,45.08,,,,,,,,,,,
1790035890.7972076,GPS_RAW_INT,,,,,,,,,,,,,,,,,,6,10
1790035890.7993603,ATTITUDE,,,,,,,,,,,,,,,0.002532918704673648,0.0020455429330468178,0.7869147062301636,,
1790035890.800683,RAW_IMU,,,,,,,,,0,0,-891,2,0,0,,,,,
1790035890.8170261,ATTITUDE,,,,,,,,,,,,,,,0.002576045226305723,0.0020942525006830692,0.7869166731834412,,
1790035890.8183362,RAW_IMU,,,,,,,,,0,0,-890,3,3,0,,,,,
1790035890.8373728,ATTITUDE,,,,,,,,,,,,,,,0.002630028175190091,0.0020887753926217556,0.7869163155555725,,
1790035890.8391538,RAW_IMU,,,,,,,,,0,0,-890,3,1,0,,,,,
1790035890.869023,ATTITUDE,,,,,,,,,,,,,,,0.0026589001063257456,0.0021231910213828087,0.7869155406951904,,
1790035890.8707755,RAW_IMU,,,,,,,,,0,0,-890,2,2,0,,,,,
1790035890.8786743,ATTITUDE,,,,,,,,,,,,,,,0.002651353133842349,0.0021643841173499823,0.7869201898574829,,
1790035890.8800573,RAW_IMU,,,,,,,,,0,0,-889,0,3,0,,,,,
1790035890.892417,GLOBAL_POSITION_INT,-35.3615006,149.1673974,590.2,8.482,-0.02,0.0,-1.78,45.08,,,,,,,,,,,
1790035890.892926,GPS_RAW_INT,,,,,,,,,,,,,,,,,,6,10
1790035890.8986216,ATTITUDE,,,,,,,,,,,,,,,0.002648093970492482,0.0021855987142771482,0.7869246602058411,,
1790035890.9000442,RAW_IMU,,,,,,,,,0,0,-890,0,2,0,,,,,
1790035890.9187222,ATTITUDE,,,,,,,,,,,,,,,0.002693634247407317,0.002219683490693569,0.786928653717041,,
1790035890.9199946,RAW_IMU,,,,,,,,,0,0,-888,3,2,0,,,,,
1790035890.938184,ATTITUDE,,,,,,,,,,,,,,,0.0027377456426620483,0.0022563894744962454,0.7869322299957275,,
1790035890.9394045,RAW_IMU,,,,,,,,,0,0,-889,3,3,0,,,,,
1790035890.9573388,ATTITUDE,,,,,,,,,,,,,,,0.002764152130112052,0.0022907245438545942,0.7869336605072021,,
1790035890.9592476,RAW_IMU,,,,,,,,,0,0,-889,2,2,0,,,,,
1790035890.9772573,ATTITUDE,,,,,,,,,,,,,,,0.002753757406026125,0.002291181357577443,0.7869336605072021,,
1790035890.9791539,RAW_IMU,,,,,,,,,0,0,-888,0,1,0,,,,,
1790035890.996972,GLOBAL_POSITION_INT,-35.3615006,149.1673974,590.37,8.657,-0.02,0.0,-1.67,45.08,,,,,,,,,,,
1790035890.9977586,GPS_RAW_INT,,,,,,,,,,,,,,,,,,6,10
1790035890.9991446,ATTITUDE,,,,,,,,,,,,,,,0.0027448402252048254,0.00229198532178998,0.7869340181350708,,
1790035891.000095,RAW_IMU,,,,,,,,,0,0,-888,0,1,0,,,,,
1790035891.0170076,ATTITUDE,,,,,,,,,,,,,,,0.002741861157119274,0.0022940090857446194,0.7869341969490051,,
1790035891.0178914,RAW_IMU,,,,,,,,,0,0,-889,0,1,0,,,,,
1790035891.0372584,ATTITUDE,,,,,,,,,,,,,,,0.002787044970318675,0.002310283249244094,0.7869324684143066,,
1790035891.0389335,RAW_IMU,,,,,,,,,0,0,-888,3,1,0,,,,,
1790035891.0573146,ATTITUDE,,,,,,,,,,,,,,,0.002832068596035242,0.002329795388504863,0.7869282364845276,,
1790035891.0587387,RAW_IMU,,,,,,,,,0,0,-888,3,1,0,,,,,
1790035891.0772214,ATTITUDE,,,,,,,,,,,,,,,0.002869959454983473,0.002343289088457823,0.7869322299957275,,
1790035891.0785077,RAW_IMU,,,,,,,,,0,0,-889,3,1,0,,,,,
1790035891.0969334,GLOBAL_POSITION_INT,-35.3615006,149.1673974,590.54,8.821,-0.02,0.0,-1.57,45.08,,,,,,,,,,,
1790035891.09763,GPS_RAW_INT,,,,,,,,,,,,,,,,,,6,10
1790035891.0989501,ATTITUDE,,,,,,,,,,,,,,,0.0028711752966046333,0.002355980221182108,0.7869367599487305,,
1790035891.0996583,RAW_IMU,,,,,,,,,0,0,-889,1,1,0,,,,,
1790035891.125669,ATTITUDE,,,,,,,,,,,,,,,0.0028520075138658285,0.002335631288588047,0.7869390845298767,,
1790035891.1267376,RAW_IMU,,,,,,,,,0,0,-888,0,0,0,,,,,
1790035891.1371424,ATTITUDE,,,,,,,,,,,,,,,0.002837499137967825,0.0023160462733358145,0.7869423031806946,,
1790035891.1383119,RAW_IMU,,,,,,,,,0,0,-888,0,0,0,,,,,
1790035891.1571884,ATTITUDE,,,,,,,,,,,,,,,0.0028239767998456955,0.002297405619174242,0.7869436144828796,,
1790035891.1582959,RAW_IMU,,,,,,,,,0,0,-889,0,0,0,,,,,
1790035891.1773233,ATTITUDE,,,,,,,,,,,,,,,0.0028388691134750843,0.0022832313552498817,0.7869439721107483,,
1790035891.1786397,RAW_IMU,,,,,,,,,0,0,-890,1,0,0,,,,,
1790035891.1966863,GLOBAL_POSITION_INT,-35.3615006,149.1673974,590.69,8.974,-0.02,0.0,-1.46,45.08,,,,,,,,,,,
1790035891.1973615,GPS_RAW_INT,,,,,,,,,,,,,,,,,,6,10
1790035891.1995249,ATTITUDE,,,,,,,,,,,,,,,0.0028643840923905373,0.002303086454048753,0.7869427800178528,,
1790035891.200507,RAW_IMU,,,,,,,,,0,0,-889,2,2,0,,,,,
1790035891.2181966,ATTITUDE,,,,,,,,,,,,,,,0.0028493336867541075,0.002286656992509961,0.7869412302970886,,
1790035891.2196472,RAW_IMU,,,,,,,,,0,0,-889,0,0,0,,,,,
1790035891.2380595,ATTITUDE,,,,,,,,,,,,,,,0.002837918233126402,0.0022721639834344387,0.786940336227417,,
1790035891.239254,RAW_IMU,,,,,,,,,0,0,-889,0,0,0,,,,,
1790035891.257987,ATTITUDE,,,,,,,,,,,,,,,0.0028284175787121058,0.0022584404796361923,0.7869371771812439,,
1790035891.2594168,RAW_IMU,,,,,,,,,0,0,-890,0,0,0,,,,,
1790035891.2780118,ATTITUDE,,,,,,,,,,,,,,,0.00283214938826859,0.002239854773506522,0.7869413495063782,,
1790035891.279296,RAW_IMU,,,,,,,,,0,0,-891,1,0,0,,,,,
1790035891.2933202,GLOBAL_POSITION_INT,-35.3615006,149.1673974,590.83,9.116,-0.02,0.0,-1.35,45.08,,,,,,,,,,,
1790035891.2941864,GPS_RAW_INT,,,,,,,,,,,,,,,,,,6,10
1790035891.2987602,ATTITUDE,,,,,,,,,,,,,,,0.002852031495422125,0.0022723081056028605,0.7869463562965393,,
1790035891.2998285,RAW_IMU,,,,,,,,,0,0,-890,2,2,0,,,,,
1790035891.3187919,ATTITUDE,,,,,,,,,,,,,,,0.0028470116667449474,0.002250893507152796,0.7869502305984497,,
1790035891.320026,RAW_IMU,,,,,,,,,0,0,-890,0,0,0,,,,,
1790035891.3379583,ATTITUDE,,,,,,,,,,,,,,,0.002886875532567501,0.002293700585141778,0.7869540452957153,,
1790035891.3396528,RAW_IMU,,,,,,,,,0,0,-891,3,2,0,,,,,
1790035891.3784952,ATTITUDE,,,,,,,,,,,,,,,0.002923822496086359,0.0023455920163542032,0.7869561910629272,,
1790035891.3797128,RAW_IMU,,,,,,,,,0,0,-891,3,3,0,,,,,
1790035891.3808684,ATTITUDE,,,,,,,,,,,,,,,0.002960746642202139,0.002393811708316207,0.786958634853363,,
1790035891.382199,RAW_IMU,,,,,,,,,0,0,-892,2,3,0,,,,,
1790035891.392577,GLOBAL_POSITION_INT,-35.3615006,149.1673974,590.96,9.247,-0.02,0.0,-1.24,45.08,,,,,,,,,,,
1790035891.3934598,GPS_RAW_INT,,,,,,,,,,,,,,,,,,6,10
1790035891.3987234,ATTITUDE,,,,,,,,,,,,,,,0.00299649965018034,0.002442172495648265,0.7869608998298645,,
1790035891.4000833,RAW_IMU,,,,,,,,,0,0,-893,2,3,0,,,,,
1790035891.4181116,ATTITUDE,,,,,,,,,,,,,,,0.003049674443900585,0.0024941461160779,0.7869592308998108,,
1790035891.4199634,RAW_IMU,,,,,,,,,0,0,-892,3,3,0,,,,,
1790035891.4377124,ATTITUDE,,,,,,,,,,,,,,,0.0030997528228908777,0.002539188601076603,0.7869552969932556,,
1790035891.439391,RAW_IMU,,,,,,,,,0,0,-891,3,3,0,,,,,
1790035891.4572372,ATTITUDE,,,,,,,,,,,,,,,0.0031488665845245123,0.0025835486594587564,0.7869498133659363,,
1790035891.4590306,RAW_IMU,,,,,,,,,0,0,-892,3,3,0,,,,,
1790035891.4774492,ATTITUDE,,,,,,,,,,,,,,,0.003191614057868719,0.002621566876769066,0.7869535684585571,,
1790035891.4785178,RAW_IMU,,,,,,,,,0,0,-893,3,3,0,,,,,
1790035891.4966817,GLOBAL_POSITION_INT,-35.3615006,149.1673974,591.08,9.368,-0.02,0.0,-1.14,45.08,,,,,,,,,,,
1790035891.4971294,GPS_RAW_INT,,,,,,,,,,,,,,,,,,6,10
1790035891.4990761,ATTITUDE,,,,,,,,,,,,,,,0.003232342656701803,0.00265738507732749,0.786957859992981,,
1790035891.500219,RAW_IMU,,,,,,,,,0,0,-894,3,3,0,,,,,
1790035891.517037,ATTITUDE,,,,,,,,,,,,,,,0.003272606525570154,0.0026909224689006805,0.7869633436203003,,
1790035891.518088,RAW_IMU,,,,,,,,,0,0,-894,3,2,0,,,,,
1790035891.5369613,ATTITUDE,,,,,,,,,,,,,,,0.0033057862892746925,0.002724591875448823,0.7869676351547241,,
1790035891.5380743,RAW_IMU,,,,,,,,,0,0,-895,2,2,0,,,,,
1790035891.5572546,ATTITUDE,,,,,,,,,,,,,,,0.003313889494165778,0.0027555227279663086,0.7869679927825928,,
1790035891.558353,RAW_IMU,,,,,,,,,0,0,-895,1,2,0,,,,,
1790035891.5773044,ATTITUDE,,,,,,,,,,,,,,,0.0033511256333440542,0.002770832972601056,0.7869666218757629,,
1790035891.5783787,RAW_IMU,,,,,,,,,0,0,-894,2,1,0,,,,,
1790035891.5968394,GLOBAL_POSITION_INT,-35.3615006,149.1673974,591.19,9.476,-0.02,0.0,-1.03,45.08,,,,,,,,,,,
1790035891.5976057,GPS_RAW_INT,,,,,,,,,,,,,,,,,,6,10
1790035891.59909,ATTITUDE,,,,,,,,,,,,,,,0.0033872798085212708,0.0028197469655424356,0.7869635224342346,,
1790035891.5998528,RAW_IMU,,,,,,,,,0,0,-895,2,3,0,,,,,
1790035891.623763,ATTITUDE,,,,,,,,,,,,,,,0.0034228265285491943,0.002832016907632351,0.7869607210159302,,
1790035891.6246932,RAW_IMU,,,,,,,,,0,0,-895,2,1,0,,,,,
1790035891.6371987,ATTITUDE,,,,,,,,,,,,,,,0.0034586091060191393,0.0028454663697630167,0.7869565486907959,,
1790035891.638338,RAW_IMU,,,,,,,,,0,0,-896,2,1,0,,,,,
1790035891.6570985,ATTITUDE,,,,,,,,,,,,,,,0.0034937174059450626,0.0028590415604412556,0.7869495153427124,,
1790035891.658121,RAW_IMU,,,,,,,,,0,0,-896,2,1,0,,,,,
1790035891.6772332,ATTITUDE,,,,,,,,,,,,,,,0.003510040696710348,0.0028688141610473394,0.786949872970581,,
1790035891.678192,RAW_IMU,,,,,,,,,0,0,-897,2,1,0,,,,,
1790035891.691669,GLOBAL_POSITION_INT,-35.3615006,149.1673974,591.29,9.576,-0.02,0.0,-0.93,45.08,,,,,,,,,,,
1790035891.6931758,GPS_RAW_INT,,,,,,,,,,,,,,,,,,6,10
1790035891.6976335,ATTITUDE,,,,,,,,,,,,,,,0.003482818603515625,0.002876691985875368,0.7869503498077393,,
1790035891.6989892,RAW_IMU,,,,,,,,,0,0,-897,0,1,0,,,,,
1790035891.7177448,ATTITUDE,,,,,,,,,,,,,,,0.003426108043640852,0.0028850017115473747,0.7869489789009094,,
1790035891.7189853,RAW_IMU,,,,,,,,,0,0,-896,-1,1,0,,,,,
1790035891.7378097,ATTITUDE,,,,,,,,,,,,,,,0.00338915828615427,0.0028926716186106205,0.78694748878479,,
1790035891.7387223,RAW_IMU,,,,,,,,,0,0,-896,0,1,0,,,,,
1790035891.7579517,ATTITUDE,,,,,,,,,,,,,,,0.0033545272890478373,0.00290124025195837,0.7869431376457214,,
1790035891.7594807,RAW_IMU,,,,,,,,,0,0,-897,0,1,0,,,,,
1790035891.7778335,ATTITUDE,,,,,,,,,,,,,,,0.0033197824377566576,0.002909061498939991,0.7869420051574707,,
1790035891.779521,RAW_IMU,,,,,,,,,0,0,-897,0,1,0,,,,,
1790035891.792223,GLOBAL_POSITION_INT,-35.3615006,149.1673974,591.38,9.665,-0.02,0.0,-0.83,45.08,,,,,,,,,,,
1790035891.7931695,GPS_RAW_INT,,,,,,,,,,,,,,,,,,6,10
1790035891.798586,ATTITUDE,,,,,,,,,,,,,,,0.0032867921981960535,0.0029176988173276186,0.7869407534599304,,
1790035891.7997043,RAW_IMU,,,,,,,,,0,0,-898,0,1,0,,,,,
1790035891.8186197,ATTITUDE,,,,,,,,,,,,,,,0.0032574699725955725,0.0029269729275256395,0.7869396209716797,,
1790035891.820041,RAW_IMU,,,,,,,,,0,0,-899,0,1,0,,,,,
1790035891.83789,ATTITUDE,,,,,,,,,,,,,,,0.0032294795382767916,0.0029361166525632143,0.7869375348091125,,
1790035891.8396008,RAW_IMU,,,,,,,,,0,0,-899,0,1,0,,,,,
1790035891.8737266,ATTITUDE,,,,,,,,,,,,,,,0.003167821792885661,0.00293765589594841,0.7869324088096619,,
1790035891.8745863,RAW_IMU,,,,,,,,,0,0,-899,-1,1,0,,,,,
1790035891.8789632,ATTITUDE,,,,,,,,,,,,,,,0.0031314680818468332,0.00290874345228076,0.7869327664375305,,
1790035891.8800585,RAW_IMU,,,,,,,,,0,0,-897,-1,0,0,,,,,
1790035891.893634,GLOBAL_POSITION_INT,-35.3615006,149.1673974,591.46,9.744,-0.02,0.0,-0.73,45.08,,,,,,,,,,,
1790035891.8948662,GPS_RAW_INT,,,,,,,,,,,,,,,,,,6,10
1790035891.8962855,ATTITUDE,,,,,,,,,,,,,,,0.0031058238819241524,0.0028809120412915945,0.7869347333908081,,
1790035891.8978963,RAW_IMU,,,,,,,,,0,0,-898,0,0,0,,,,,
1790035891.91909,ATTITUDE,,,,,,,,,,,,,,,0.0030820646788924932,0.002854058286175132,0.7869367599487305,,
1790035891.920051,RAW_IMU,,,,,,,,,0,0,-899,0,0,0,,,,,
1790035891.9390683,ATTITUDE,,,,,,,,,,,,,,,0.0030598563607782125,0.0028293479699641466,0.7869377136230469,,
1790035891.9401755,RAW_IMU,,,,,,,,,0,0,-899,0,0,0,,,,,
1790035891.9592192,ATTITUDE,,,,,,,,,,,,,,,0.0030377556104213,0.002806075382977724,0.7869372963905334,,
1790035891.960578,RAW_IMU,,,,,,,,,0,0,-900,0,0,0,,,,,
1790035891.9790986,ATTITUDE,,,,,,,,,,,,,,,0.003018379909917712,0.0027844305150210857,0.7869382500648499,,
1790035891.9809196,RAW_IMU,,,,,,,,,0,0,-900,0,0,0,,,,,
1790035891.9936306,GLOBAL_POSITION_INT,-35.3615006,149.1673974,591.53,9.813,-0.02,0.0,-0.63,45.08,,,,,,,,,,,
1790035891.9946487,GPS_RAW_INT,,,,,,,,,,,,,,,,,,6,10
1790035891.9964318,ATTITUDE,,,,,,,,,,,,,,,0.0029773113783448935,0.002782677300274372,0.7869395613670349,,
1790035891.997562,RAW_IMU,,,,,,,,,0,0,-900,0,0,0,,,,,
1790035892.014363,ATTITUDE,,,,,,,,,,,,,,,0.0029313296545296907,0.0027901260182261467,0.7869401574134827,,
1790035892.015557,RAW_IMU,,,,,,,,,0,0,-899,-1,1,0,,,,,
1790035892.0345182,ATTITUDE,,,,,,,,,,,,,,,0.002900396240875125,0.0027702117804437876,0.786939799785614,,
1790035892.0357666,RAW_IMU,,,,,,,,,0,0,-899,0,0,0,,,,,
1790035892.0592895,ATTITUDE,,,,,,,,,,,,,,,0.0028719957917928696,0.0027526537887752056,0.7869365215301514,,
1790035892.0609674,RAW_IMU,,,,,,,,,0,0,-900,0,0,0,,,,,
1790035892.0791044,ATTITUDE,,,,,,,,,,,,,,,0.0028425154741853476,0.0027323048561811447,0.7869400978088379,,
1790035892.080118,RAW_IMU,,,,,,,,,0,0,-900,0,0,0,,,,,
1790035892.0934868,GLOBAL_POSITION_INT,-35.3615006,149.1673974,591.59,9.871,-0.02,0.0,-0.53,45.08,,,,,,,,,,,
1790035892.095051,GPS_RAW_INT,,,,,,,,,,,,,,,,,,6,10
1790035892.0989852,ATTITUDE,,,,,,,,,,,,,,,0.002812496852129698,0.002711968030780554,0.786943793296814,,
1790035892.1002047,RAW_IMU,,,,,,,,,0,0,-901,0,0,0,,,,,
1790035892.1290033,ATTITUDE,,,,,,,,,,,,,,,0.0027838023379445076,0.0026944440323859453,0.786949098110199,,
1790035892.1308503,RAW_IMU,,,,,,,,,0,0,-901,0,0,0,,,,,
1790035892.1346781,ATTITUDE,,,,,,,,,,,,,,,0.0027397514786571264,0.0026850434951484203,0.7869536876678467,,
1790035892.1357675,RAW_IMU,,,,,,,,,0,0,-901,-1,0,0,,,,,
1790035892.1541255,ATTITUDE,,,,,,,,,,,,,,,0.002680656500160694,0.002690311288461089,0.7869521975517273,,
1790035892.155857,RAW_IMU,,,,,,,,,0,0,-900,-1,1,0,,,,,
1790035892.1746845,ATTITUDE,,,,,,,,,,,,,,,0.0026239610742777586,0.0026913087349385023,0.7869520783424377,,
1790035892.1757448,RAW_IMU,,,,,,,,,0,0,-900,-1,1,0,,,,,
1790035892.194553,GLOBAL_POSITION_INT,-35.3615006,149.1673974,591.64,9.92,-0.02,0.0,-0.43,45.08,,,,,,,,,,,
1790035892.1953745,GPS_RAW_INT,,,,,,,,,,,,,,,,,,6,10
1790035892.1976454,ATTITUDE,,,,,,,,,,,,,,,0.0025700689293444157,0.0026915804482996464,0.786952555179596,,
1790035892.1985962,RAW_IMU,,,,,,,,,0,0,-901,-1,1,0,,,,,
1790035892.215144,ATTITUDE,,,,,,,,,,,,,,,0.0025200038217008114,0.0026943106204271317,0.7869529128074646,,
1790035892.2164876,RAW_IMU,,,,,,,,,0,0,-901,-1,1,0,,,,,
1790035892.2350647,ATTITUDE,,,,,,,,,,,,,,,0.0024720027577131987,0.002696750219911337,0.7869529128074646,,
1790035892.2368312,RAW_IMU,,,,,,,,,0,0,-902,-1,1,0,,,,,
1790035892.254984,ATTITUDE,,,,,,,,,,,,,,,0.0024400707334280014,0.002700698096305132,0.7869492769241333,,
1790035892.2561347,RAW_IMU,,,,,,,,,0,0,-902,0,1,0,,,,,
1790035892.275003,ATTITUDE,,,,,,,,,,,,,,,0.002393917413428426,0.002711145905777812,0.786949872970581,,
1790035892.2766633,RAW_IMU,,,,,,,,,0,0,-902,-1,1,0,,,,,
1790035892.2950792,GLOBAL_POSITION_INT,-35.3615007,149.1673974,591.67,9.959,-0.02,0.0,-0.34,45.08,,,,,,,,,,,
1790035892.2959504,GPS_RAW_INT,,,,,,,,,,,,,,,,,,6,10
1790035892.2971992,ATTITUDE,,,,,,,,,,,,,,,0.0023996462114155293,0.0027344946283847094,0.7869501709938049,,
1790035892.2982635,RAW_IMU,,,,,,,,,0,0,-901,1,2,0,,,,,
1790035892.315445,ATTITUDE,,,,,,,,,,,,,,,0.0024069149512797594,0.0027338729705661535,0.786950945854187,,
1790035892.3165615,RAW_IMU,,,,,,,,,0,0,-901,1,1,0,,,,,
1790035892.3343017,ATTITUDE,,,,,,,,,,,,,,,0.002414360176771879,0.002732998924329877,0.7869515419006348,,
1790035892.3364973,RAW_IMU,,,,,,,,,0,0,-901,1,1,0,,,,,
1790035892.3805306,ATTITUDE,,,,,,,,,,,,,,,0.0024216114543378353,0.0027320324443280697,0.7869505882263184,,
1790035892.3815858,RAW_IMU,,,,,,,,,0,0,-902,1,1,0,,,,,
1790035892.382862,ATTITUDE,,,,,,,,,,,,,,,0.0024281966034322977,0.0027322859968990088,0.786950409412384,,
1790035892.3840773,RAW_IMU,,,,,,,,,0,0,-902,1,1,0,,,,,
1790035892.396698,GLOBAL_POSITION_INT,-35.3615007,149.1673974,591.7,9.987,-0.02,0.0,-0.24,45.08,,,,,,,,,,,
1790035892.3982131,GPS_RAW_INT,,,,,,,,,,,,,,,,,,6,10
1790035892.4000525,ATTITUDE,,,,,,,,,,,,,,,0.0024418276734650135,0.0027336159255355597,0.7869514226913452,,
1790035892.4020174,RAW_IMU,,,,,,,,,0,0,-903,1,1,0,,,,,
1790035892.4172294,ATTITUDE,,,,,,,,,,,,,,,0.002467143815010786,0.0027680767234414816,0.7869488596916199,,
1790035892.4194076,RAW_IMU,,,,,,,,,0,0,-901,2,2,0,,,,,
1790035892.437019,ATTITUDE,,,,,,,,,,,,,,,0.002491961233317852,0.002745208563283086,0.7869433760643005,,
1790035892.4383302,RAW_IMU,,,,,,,,,0,0,-901,2,0,0,,,,,
1790035892.4587972,ATTITUDE,,,,,,,,,,,,,,,0.002516726963222027,0.0027822607662528753,0.7869356870651245,,
1790035892.460664,RAW_IMU,,,,,,,,,0,0,-901,2,2,0,,,,,
1790035892.4786906,ATTITUDE,,,,,,,,,,,,,,,0.0025376041885465384,0.0028153888415545225,0.7869335412979126,,
1790035892.4801493,RAW_IMU,,,,,,,,,0,0,-902,2,2,0,,,,,
1790035892.4936914,GLOBAL_POSITION_INT,-35.3615007,149.1673974,591.72,10.006,-0.02,0.0,-0.14,45.08,,,,,,,,,,,
1790035892.494824,GPS_RAW_INT,,,,,,,,,,,,,,,,,,6,10
1790035892.4963765,ATTITUDE,,,,,,,,,,,,,,,0.002557299332693219,0.0028471611440181732,0.7869330048561096,,
1790035892.498206,RAW_IMU,,,,,,,,,0,0,-902,2,2,0,,,,,
1790035892.5197716,ATTITUDE,,,,,,,,,,,,,,,0.002567228162661195,0.0028565465472638607,0.7869330048561096,,
1790035892.521646,RAW_IMU,,,,,,,,,0,0,-904,1,1,0,,,,,
1790035892.5398169,ATTITUDE,,,,,,,,,,,,,,,0.0025808424688875675,0.0028652779292315245,0.7869328856468201,,
1790035892.5417504,RAW_IMU,,,,,,,,,0,0,-909,1,1,0,,,,,
1790035892.559628,ATTITUDE,,,,,,,,,,,,,,,0.002579821739345789,0.002861175686120987,0.7869300246238708,,
1790035892.5603297,RAW_IMU,,,,,,,,,0,0,-913,1,0,0,,,,,
1790035892.5776436,ATTITUDE,,,,,,,,,,,,,,,0.002575482474640012,0.002856785897165537,0.7869278788566589,,
1790035892.578085,RAW_IMU,,,,,,,,,0,0,-919,0,0,0,,,,,
1790035892.595113,GLOBAL_POSITION_INT,-35.3615007,149.1673974,591.73,10.016,-0.02,0.0,-0.06,45.08,,,,,,,,,,,
1790035892.5954843,GPS_RAW_INT,,,,,,,,,,,,,,,,,,6,10
1790035892.5960724,ATTITUDE,,,,,,,,,,,,,,,0.002589293522760272,0.0028547237161546946,0.7869249582290649,,
1790035892.5964532,RAW_IMU,,,,,,,,,0,0,-924,1,0,0,,,,,
1790035892.618342,ATTITUDE,,,,,,,,,,,,,,,0.0025784787721931934,0.002852829871699214,0.786920964717865,,
1790035892.6189113,RAW_IMU,,,,,,,,,0,0,-929,0,0,0,,,,,
1790035892.6360385,ATTITUDE,,,,,,,,,,,,,,,0.0025722880382090807,0.002852097386494279,0.7869172692298889,,
1790035892.6364994,RAW_IMU,,,,,,,,,0,0,-934,0,0,0,,,,,
1790035892.6593366,ATTITUDE,,,,,,,,,,,,,,,0.0025995438918471336,0.002851257100701332,0.7869110107421875,,
1790035892.660122,RAW_IMU,,,,,,,,,0,0,-939,2,0,0,,,,,
1790035892.676783,ATTITUDE,,,,,,,,,,,,,,,0.002584644593298435,0.0028302501887083054,0.7869112491607666,,
1790035892.6772478,RAW_IMU,,,,,,,,,0,0,-944,0,0,0,,,,,
1790035892.6943164,GLOBAL_POSITION_INT,-35.3615007,149.1673974,591.73,10.018,-0.02,0.0,0.0,45.08,,,,,,,,,,,
1790035892.6948779,GPS_RAW_INT,,,,,,,,,,,,,,,,,,6,10
1790035892.695577,ATTITUDE,,,,,,,,,,,,,,,0.0025775020476430655,0.0028096926398575306,0.7869125008583069,,
1790035892.695957,RAW_IMU,,,,,,,,,0,0,-948,0,0,0,,,,,
1790035892.7175725,ATTITUDE,,,,,,,,,,,,,,,0.0025664740242064,0.002788805402815342,0.7869158387184143,,
1790035892.7180142,RAW_IMU,,,,,,,,,0,0,-952,0,0,0,,,,,
1790035892.7351003,ATTITUDE,,,,,,,,,,,,,,,0.0025538799818605185,0.0027660790365189314,0.786917507648468,,
1790035892.7354286,RAW_IMU,,,,,,,,,0,0,-957,0,0,0,,,,,
1790035892.7584693,ATTITUDE,,,,,,,,,,,,,,,0.0025505595840513706,0.0027378257364034653,0.7869156002998352,,
1790035892.7590137,RAW_IMU,,,,,,,,,0,0,-961,0,0,0,,,,,
1790035892.775974,ATTITUDE,,,,,,,,,,,,,,,0.0025376162957400084,0.0027127452194690704,0.7869148254394531,,
1790035892.7763524,RAW_IMU,,,,,,,,,0,0,-964,0,0,0,,,,,
1790035892.7935715,GLOBAL_POSITION_INT,-35.3615007,149.1673974,591.73,10.015,-0.02,0.0,0.03,45.08,,,,,,,,,,,
1790035892.79381,GPS_RAW_INT,,,,,,,,,,,,,,,,,,6,10
1790035892.7989552,ATTITUDE,,,,,,,,,,,,,,,0.002524340758100152,0.0026921748649328947,0.7869142293930054,,
1790035892.7993772,RAW_IMU,,,,,,,,,0,0,-968,0,0,0,,,,,
1790035892.8166354,ATTITUDE,,,,,,,,,,,,,,,0.0025124342646449804,0.0026795617304742336,0.7869135737419128,,
1790035892.8168523,RAW_IMU,,,,,,,,,0,0,-971,0,0,0,,,,,
1790035892.8342962,ATTITUDE,,,,,,,,,,,,,,,0.0025028521195054054,0.00266761751845479,0.7869124412536621,,
1790035892.8345945,RAW_IMU,,,,,,,,,0,0,-975,0,0,0,,,,,
1790035892.8602192,ATTITUDE,,,,,,,,,,,,,,,0.002493449253961444,0.00264423037879169,0.7869077324867249,,
1790035892.8610926,RAW_IMU,,,,,,,,,0,0,-978,0,0,0,,,,,
1790035892.8756452,ATTITUDE,,,,,,,,,,,,,,,0.002481705043464899,0.002612778451293707,0.7869083285331726,,
1790035892.8766286,RAW_IMU,,,,,,,,,0,0,-981,0,0,0,,,,,
1790035892.8936262,GLOBAL_POSITION_INT,-35.3615007,149.1673974,591.72,10.009,-0.02,0.0,0.06,45.08,,,,,,,,,,,
1790035892.8947608,GPS_RAW_INT,,,,,,,,,,,,,,,,,,6,10
1790035892.899537,ATTITUDE,,,,,,,,,,,,,,,0.0024700171779841185,0.002575232880190015,0.7869112491607666,,
1790035892.9005332,RAW_IMU,,,,,,,,,0,0,-983,0,0,0,,,,,
1790035892.918898,ATTITUDE,,,,,,,,,,,,,,,0.002459355629980564,0.0025374607648700476,0.7869125604629517,,
1790035892.9204206,RAW_IMU,,,,,,,,,0,0,-986,0,-1,0,,,,,
1790035892.938286,ATTITUDE,,,,,,,,,,,,,,,0.0024498598650097847,0.00252770003862679,0.7869144082069397,,
1790035892.9394934,RAW_IMU,,,,,,,,,0,0,-989,0,0,0,,,,,
1790035892.9584162,ATTITUDE,,,,,,,,,,,,,,,0.0024414046201854944,0.00247073732316494,0.7869133949279785,,
1790035892.960007,RAW_IMU,,,,,,,,,0,0,-991,0,-1,0,,,,,
1790035892.9776382,ATTITUDE,,,,,,,,,,,,,,,0.002433157991617918,0.002447666833177209,0.7869120240211487,,
1790035892.9790857,RAW_IMU,,,,,,,,,0,0,-993,0,0,0,,,,,
1790035892.9966867,GLOBAL_POSITION_INT,-35.3615007,149.1673974,591.72,10.001,-0.02,0.0,0.06,45.08,,,,,,,,,,,
1790035892.9975202,GPS_RAW_INT,,,,,,,,,,,,,,,,,,6,10
1790035892.9991,ATTITUDE,,,,,,,,,,,,,,,0.0024259614292532206,0.0024533637333661318,0.7869092226028442,,
1790035893.0001576,RAW_IMU,,,,,,,,,0,0,-995,0,1,0,,,,,
1790035893.0169752,ATTITUDE,,,,,,,,,,,,,,,0.002432560548186302,0.0023818511981517076,0.7869061827659607,,
1790035893.0181668,RAW_IMU,,,,,,,,,0,0,-998,1,-2,0,,,,,
1790035893.0362144,ATTITUDE,,,,,,,,,,,,,,,0.002444557612761855,0.0023385228123515844,0.786901593208313,,
1790035893.0380394,RAW_IMU,,,,,,,,,0,0,-999,1,-1,0,,,,,
1790035893.0570889,ATTITUDE,,,,,,,,,,,,,,,0.002442203462123871,0.00232278392650187,0.7868931293487549,,
1790035893.0594406,RAW_IMU,,,,,,,,,0,0,-1001,0,0,0,,,,,
1790035893.0768864,ATTITUDE,,,,,,,,,,,,,,,0.0024350727908313274,0.002287454204633832,0.7868916988372803,,
1790035893.0779169,RAW_IMU,,,,,,,,,0,0,-1002,0,0,0,,,,,
1790035893.0966806,GLOBAL_POSITION_INT,-35.3615007,149.1673974,591.71,9.993,-0.02,0.0,0.06,45.08,,,,,,,,,,,
1790035893.097895,GPS_RAW_INT,,,,,,,,,,,,,,,,,,6,10
1790035893.0990193,ATTITUDE,,,,,,,,,,,,,,,0.002428079955279827,0.002271460136398673,0.7868924736976624,,
1790035893.099856,RAW_IMU,,,,,,,,,0,0,-1004,0,0,0,,,,,
1790035893.1248653,ATTITUDE,,,,,,,,,,,,,,,0.002420009346678853,0.0022561405785381794,0.7868924140930176,,
1790035893.1267707,RAW_IMU,,,,,,,,,0,0,-1005,0,0,0,,,,,
1790035893.1374128,ATTITUDE,,,,,,,,,,,,,,,0.002424530917778611,0.0022186285350471735,0.786893367767334,,
1790035893.1384983,RAW_IMU,,,,,,,,,0,0,-1006,1,0,0,,,,,
1790035893.1576538,ATTITUDE,,,,,,,,,,,,,,,0.0024355652276426554,0.002169217448681593,0.7868914604187012,,
1790035893.1596534,RAW_IMU,,,,,,,,,0,0,-1008,1,-1,0,,,,,
1790035893.177758,ATTITUDE,,,,,,,,,,,,,,,0.0024477301631122828,0.0021227048709988594,0.7868909239768982,,
1790035893.1789498,RAW_IMU,,,,,,,,,0,0,-1008,1,-1,0,,,,,
1790035893.1971688,GLOBAL_POSITION_INT,-35.3615007,149.1673974,591.7,9.984,-0.02,0.0,0.06,45.08,,,,,,,,,,,
1790035893.198729,GPS_RAW_INT,,,,,,,,,,,,,,,,,,6,10
1790035893.1995761,ATTITUDE,,,,,,,,,,,,,,,0.0024214040022343397,0.0021402710117399693,0.7868898510932922,,
1790035893.2008662,RAW_IMU,,,,,,,,,0,0,-1010,0,1,0,,,,,
1790035893.2177994,ATTITUDE,,,,,,,,,,,,,,,0.00244295340962708,0.0021507996134459972,0.7868866920471191,,
1790035893.218601,RAW_IMU,,,,,,,,,0,0,-1011,1,1,0,,,,,
1790035893.2375698,ATTITUDE,,,,,,,,,,,,,,,0.0024753573816269636,0.002161992946639657,0.7868831753730774,,
1790035893.238795,RAW_IMU,,,,,,,,,0,0,-1011,2,1,0,,,,,
1790035893.257558,ATTITUDE,,,,,,,,,,,,,,,0.0024989349767565727,0.0021688758861273527,0.786877453327179,,
1790035893.2588136,RAW_IMU,,,,,,,,,0,0,-1011,2,1,0,,,,,
1790035893.2776835,ATTITUDE,,,,,,,,,,,,,,,0.0025479092728346586,0.00211147777736187,0.7868777513504028,,
1790035893.2792208,RAW_IMU,,,,,,,,,0,0,-1013,3,-1,0,,,,,
1790035893.2972164,GLOBAL_POSITION_INT,-35.3615007,149.1673974,591.69,9.977,-0.02,0.0,0.05,45.08,,,,,,,,,,,
1790035893.2985022,GPS_RAW_INT,,,,,,,,,,,,,,,,,,6,10
1790035893.3001394,ATTITUDE,,,,,,,,,,,,,,,0.0025407825596630573,0.002102305879816413,0.7868801951408386,,
1790035893.3021317,RAW_IMU,,,,,,,,,0,0,-1014,1,0,0,,,,,
1790035893.3174927,ATTITUDE,,,,,,,,,,,,,,,0.002528805285692215,0.0020949612371623516,0.7868824005126953,,
1790035893.3193011,RAW_IMU,,,,,,,,,0,0,-1014,0,0,0,,,,,
1790035893.3376737,ATTITUDE,,,,,,,,,,,,,,,0.0025188561994582415,0.002087893197312951,0.7868858575820923,,
1790035893.3387132,RAW_IMU,,,,,,,,,0,0,-1014,0,0,0,,,,,
1790035893.3779256,ATTITUDE,,,,,,,,,,,,,,,0.002509176963940263,0.00208051735535264,0.7868865132331848,,
1790035893.3793607,RAW_IMU,,,,,,,,,0,0,-1014,0,0,0,,,,,
1790035893.380217,ATTITUDE,,,,,,,,,,,,,,,0.0025005717761814594,0.0020740393083542585,0.786886990070343,,
1790035893.3811307,RAW_IMU,,,,,,,,,0,0,-1014,0,0,0,,,,,
1790035893.392404,GLOBAL_POSITION_INT,-35.3615007,149.1673974,591.69,9.97,-0.02,0.0,0.04,45.08,,,,,,,,,,,
1790035893.3932393,GPS_RAW_INT,,,,,,,,,,,,,,,,,,6,10
1790035893.39846,ATTITUDE,,,,,,,,,,,,,,,0.002492204774171114,0.0020633942913264036,0.7868884801864624,,
1790035893.3999603,RAW_IMU,,,,,,,,,0,0,-1014,0,0,0,,,,,
1790035893.4192352,ATTITUDE,,,,,,,,,,,,,,,0.0024850748013705015,0.0020415999460965395,0.786888062953949,,
1790035893.4205477,RAW_IMU,,,,,,,,,0,0,-1016,0,0,0,,,,,
1790035893.439184,ATTITUDE,,,,,,,,,,,,,,,0.0024872664362192154,0.0020215914119035006,0.7868872284889221,,
1790035893.440799,RAW_IMU,,,,,,,,,0,0,-1017,1,0,0,,,,,
1790035893.4594302,ATTITUDE,,,,,,,,,,,,,,,0.0024557223077863455,0.0020230484660714865,0.7868823409080505,,
1790035893.4610467,RAW_IMU,,,,,,,,,0,0,-1015,0,1,0,,,,,
1790035893.4797351,ATTITUDE,,,,,,,,,,,,,,,0.002471730811521411,0.0019797934219241142,0.7868828773498535,,
1790035893.4815078,RAW_IMU,,,,,,,,,0,0,-1014,1,-1,0,,,,,
1790035893.4945207,GLOBAL_POSITION_INT,-35.3615007,149.1673974,591.68,9.965,-0.02,0.0,0.02,45.08,,,,,,,,,,,
1790035893.4950116,GPS_RAW_INT,,,,,,,,,,,,,,,,,,6,10
1790035893.495801,ATTITUDE,,,,,,,,,,,,,,,0.002424282254651189,0.0019998662173748016,0.7868838906288147,,
1790035893.496397,RAW_IMU,,,,,,,,,0,0,-1015,-1,2,0,,,,,
1790035893.51462,ATTITUDE,,,,,,,,,,,,,,,0.002475133165717125,0.0019571268931031227,0.7868857979774475,,
1790035893.515527,RAW_IMU,,,,,,,,,0,0,-1015,3,-1,0,,,,,
1790035893.5350208,ATTITUDE,,,,,,,,,,,,,,,0.002432561246678233,0.0019887415692210197,0.7868861556053162,,
1790035893.5357916,RAW_IMU,,,,,,,,,0,0,-1015,0,2,0,,,,,
1790035893.5555212,ATTITUDE,,,,,,,,,,,,,,,0.0024618790484964848,0.0019419817253947258,0.7868850231170654,,
1790035893.556677,RAW_IMU,,,,,,,,,0,0,-1015,1,-1,0,,,,,
1790035893.5752108,ATTITUDE,,,,,,,,,,,,,,,0.0024383359123021364,0.0019881001207977533,0.7868836522102356,,
1790035893.5764332,RAW_IMU,,,,,,,,,0,0,-1014,0,2,0,,,,,
1790035893.5949628,GLOBAL_POSITION_INT,-35.3615007,149.1673974,591.68,9.961,-0.02,0.0,0.01,45.08,,,,,,,,,,,
1790035893.5958672,GPS_RAW_INT,,,,,,,,,,,,,,,,,,6,10
1790035893.5972202,ATTITUDE,,,,,,,,,,,,,,,0.0024678120389580727,0.0019519412890076637,0.7868825793266296,,
1790035893.5988758,RAW_IMU,,,,,,,,,0,0,-1014,2,0,0,,,,,
1790035893.6298554,ATTITUDE,,,,,,,,,,,,,,,0.002428437117487192,0.0019895429722964764,0.7868821620941162,,
1790035893.631304,RAW_IMU,,,,,,,,,0,0,-1014,0,2,0,,,,,
1790035893.6357,ATTITUDE,,,,,,,,,,,,,,,0.002479956252500415,0.0019465027144178748,0.7868810892105103,,
1790035893.6375272,RAW_IMU,,,,,,,,,0,0,-1014,3,0,0,,,,,
1790035893.65518,ATTITUDE,,,,,,,,,,,,,,,0.0024482710286974907,0.001958308508619666,0.7868766784667969,,
1790035893.6569233,RAW_IMU,,,,,,,,,0,0,-1013,0,0,0,,,,,
1790035893.6747196,ATTITUDE,,,,,,,,,,,,,,,0.002437903778627515,0.001930517959408462,0.7868784070014954,,
1790035893.6760073,RAW_IMU,,,,,,,,,0,0,-1013,0,0,0,,,,,
1790035893.6948414,GLOBAL_POSITION_INT,-35.3615007,149.1673974,591.67,9.958,-0.02,0.0,0.0,45.08,,,,,,,,,,,
1790035893.695314,GPS_RAW_INT,,,,,,,,,,,,,,,,,,6,10
1790035893.6968105,ATTITUDE,,,,,,,,,,,,,,,0.0024324157275259495,0.0018752519972622395,0.7868795990943909,,
1790035893.6984153,RAW_IMU,,,,,,,,,0,0,-1012,0,-1,0,,,,,
1790035893.7149687,ATTITUDE,,,,,,,,,,,,,,,0.002428106963634491,0.0018224187660962343,0.7868820428848267,,
1790035893.7156792,RAW_IMU,,,,,,,,,0,0,-1012,0,-1,0,,,,,
1790035893.7354672,ATTITUDE,,,,,,,,,,,,,,,0.0024236745666712523,0.0017728210659697652,0.7868841290473938,,
1790035893.7366147,RAW_IMU,,,,,,,,,0,0,-1012,0,-1,0,,,,,
1790035893.7550018,ATTITUDE,,,,,,,,,,,,,,,0.002420799806714058,0.0017248770454898477,0.7868835926055908,,
1790035893.756473,RAW_IMU,,,,,,,,,0,0,-1012,0,-1,0,,,,,
1790035893.775449,ATTITUDE,,,,,,,,,,,,,,,0.002417326904833317,0.0016799403820186853,0.7868857383728027,,
1790035893.7762778,RAW_IMU,,,,,,,,,0,0,-1012,0,-1,0,,,,,
1790035893.7949183,GLOBAL_POSITION_INT,-35.3615007,149.1673974,591.67,9.957,-0.02,0.0,-0.01,45.08,,,,,,,,,,,
1790035893.7957852,GPS_RAW_INT,,,,,,,,,,,,,,,,,,6,10
1790035893.797361,ATTITUDE,,,,,,,,,,,,,,,0.0024142537731677294,0.001638201531022787,0.7868867516517639,,
1790035893.7981565,RAW_IMU,,,,,,,,,0,0,-1012,0,-1,0,,,,,
1790035893.814646,ATTITUDE,,,,,,,,,,,,,,,0.002411450957879424,0.0016097597545012832,0.786888062953949,,
1790035893.815798,RAW_IMU,,,,,,,,,0,0,-1012,0,0,0,,,,,
1790035893.834992,ATTITUDE,,,,,,,,,,,,,,,0.0023922009859234095,0.0016172914765775204,0.7868886590003967,,
1790035893.835942,RAW_IMU,,,,,,,,,0,0,-1010,0,1,0,,,,,
1790035893.8741965,ATTITUDE,,,,,,,,,,,,,,,0.0023743752390146255,0.0015720772789791226,0.7868837714195251,,
1790035893.8753488,RAW_IMU,,,,,,,,,0,0,-1009,0,-1,0,,,,,
1790035893.8768973,ATTITUDE,,,,,,,,,,,,,,,0.002354059601202607,0.0015908346977084875,0.786884069442749,,
1790035893.8783808,RAW_IMU,,,,,,,,,0,0,-1009,0,2,0,,,,,
1790035893.8950238,GLOBAL_POSITION_INT,-35.3615007,149.1673974,591.67,9.956,-0.02,0.0,-0.01,45.08,,,,,,,,,,,
1790035893.8959365,GPS_RAW_INT,,,,,,,,,,,,,,,,,,6,10
1790035893.89736,ATTITUDE,,,,,,,,,,,,,,,0.0023342256899923086,0.0015521012246608734,0.7868804931640625,,
1790035893.8989282,RAW_IMU,,,,,,,,,0,0,-1009,0,0,0,,,,,
1790035893.9150448,ATTITUDE,,,,,,,,,,,,,,,0.0023158201947808266,0.0015869521303102374,0.7868778705596924,,
1790035893.9161775,RAW_IMU,,,,,,,,,0,0,-1009,0,2,0,,,,,
1790035893.9350944,ATTITUDE,,,,,,,,,,,,,,,0.002299449173733592,0.0016207387670874596,0.7868744134902954,,
1790035893.9358776,RAW_IMU,,,,,,,,,0,0,-1009,0,2,0,,,,,
1790035893.955069,ATTITUDE,,,,,,,,,,,,,,,0.0022834856063127518,0.0016542784869670868,0.786868155002594,,
1790035893.956037,RAW_IMU,,,,,,,,,0,0,-1009,0,2,0,,,,,
1790035893.9752119,ATTITUDE,,,,,,,,,,,,,,,0.002267177915200591,0.0016869022510945797,0.7868648171424866,,
1790035893.9764676,RAW_IMU,,,,,,,,,0,0,-1009,0,2,0,,,,,
1790035893.994986,GLOBAL_POSITION_INT,-35.3615007,149.1673974,591.67,9.957,-0.02,0.0,-0.02,45.08,,,,,,,,,,,
1790035893.9958818,GPS_RAW_INT,,,,,,,,,,,,,,,,,,6,10
1790035893.99706,ATTITUDE,,,,,,,,,,,,,,,0.002253117272630334,0.0017170564970001578,0.7868618369102478,,
1790035893.9985175,RAW_IMU,,,,,,,,,0,0,-1009,0,2,0,,,,,
1790035894.0150273,ATTITUDE,,,,,,,,,,,,,,,0.0022379597648978233,0.0016929834382608533,0.7868602871894836,,
1790035894.0161455,RAW_IMU,,,,,,,,,0,0,-1007,0,0,0,,,,,
1790035894.0347466,ATTITUDE,,,,,,,,,,,,,,,0.0022589380387216806,0.001735200872644782,0.7868565917015076,,
1790035894.0357285,RAW_IMU,,,,,,,,,0,0,-1006,1,2,0,,,,,
1790035894.0595772,ATTITUDE,,,,,,,,,,,,,,,0.002247555647045374,0.0017148745246231556,0.7868504524230957,,
1790035894.060712,RAW_IMU,,,,,,,,,0,0,-1006,0,0,0,,,,,
1790035894.0795975,ATTITUDE,,,,,,,,,,,,,,,0.0022328977938741446,0.0016893049469217658,0.7868480682373047,,
1790035894.0810509,RAW_IMU,,,,,,,,,0,0,-1005,0,0,0,,,,,
1790035894.0941417,GLOBAL_POSITION_INT,-35.3615007,149.1673974,591.67,9.958,-0.02,0.0,-0.03,45.08,,,,,,,,,,,
1790035894.0948665,GPS_RAW_INT,,,,,,,,,,,,,,,,,,6,10
1790035894.0962734,ATTITUDE,,,,,,,,,,,,,,,0.0022187428548932076,0.001665019546635449,0.7868475317955017,,
1790035894.0968976,RAW_IMU,,,,,,,,,0,0,-1005,0,0,0,,,,,
1790035894.126344,ATTITUDE,,,,,,,,,,,,,,,0.0022058668546378613,0.001640900387428701,0.7868475914001465,,
1790035894.1275468,RAW_IMU,,,,,,,,,0,0,-1005,0,0,0,,,,,
1790035894.1352382,ATTITUDE,,,,,,,,,,,,,,,0.0021934215910732746,0.0016187360743060708,0.7868485450744629,,
1790035894.13651,RAW_IMU,,,,,,,,,0,0,-1005,0,0,0,,,,,
1790035894.1550164,ATTITUDE,,,,,,,,,,,,,,,0.002181916730478406,0.0015975302085280418,0.7868460416793823,,
1790035894.156233,RAW_IMU,,,,,,,,,0,0,-1005,0,0,0,,,,,
1790035894.174792,ATTITUDE,,,,,,,,,,,,,,,0.002171743893995881,0.001578291761688888,0.7868454456329346,,
1790035894.176072,RAW_IMU,,,,,,,,,0,0,-1005,0,0,0,,,,,
1790035894.1945987,GLOBAL_POSITION_INT,-35.3615007,149.1673974,591.67,9.959,-0.02,0.0,-0.03,45.08,,,,,,,,,,,
1790035894.1954126,GPS_RAW_INT,,,,,,,,,,,,,,,,,,6,10
1790035894.1967216,ATTITUDE,,,,,,,,,,,,,,,0.002161577111110091,0.0015610991977155209,0.7868466377258301,,
1790035894.1977205,RAW_IMU,,,,,,,,,0,0,-1005,0,0,0,,,,,
1790035894.2151496,ATTITUDE,,,,,,,,,,,,,,,0.0021887540351599455,0.0015895299147814512,0.7868478298187256,,
1790035894.216685,RAW_IMU,,,,,,,,,0,0,-1003,2,2,0,,,,,
1790035894.2350922,ATTITUDE,,,,,,,,,,,,,,,0.002152963075786829,0.0015492822276428342,0.7868468761444092,,
1790035894.2367938,RAW_IMU,,,,,,,,,0,0,-1003,0,0,0,,,,,
1790035894.2554402,ATTITUDE,,,,,,,,,,,,,,,0.0021911817602813244,0.001606201520189643,0.7868435978889465,,
1790035894.2563818,RAW_IMU,,,,,,,,,0,0,-1003,2,3,0,,,,,
1790035894.275187,ATTITUDE,,,,,,,,,,,,,,,0.0021793332416564226,0.0016044636722654104,0.7868452668190002,,
1790035894.2764947,RAW_IMU,,,,,,,,,0,0,-1003,0,1,0,,,,,
1790035894.2950404,GLOBAL_POSITION_INT,-35.3615007,149.1673974,591.68,9.961,-0.02,0.0,-0.03,45.08,,,,,,,,,,,
1790035894.2960892,GPS_RAW_INT,,,,,,,,,,,,,,,,,,6,10
1790035894.2974298,ATTITUDE,,,,,,,,,,,,,,,0.0021497730631381273,0.0015830658376216888,0.7868472337722778,,
1790035894.2983332,RAW_IMU,,,,,,,,,0,0,-1002,0,0,0,,,,,
1790035894.315228,ATTITUDE,,,,,,,,,,,,,,,0.002122437348589301,0.0015626131789758801,0.7868503332138062,,
1790035894.315854,RAW_IMU,,,,,,,,,0,0,-1002,0,0,0,,,,,
1790035894.335375,ATTITUDE,,,,,,,,,,,,,,,0.002096260664984584,0.0015431306092068553,0.7868527173995972,,
1790035894.336487,RAW_IMU,,,,,,,,,0,0,-1002,0,0,0,,,,,
1790035894.3756819,ATTITUDE,,,,,,,,,,,,,,,0.002070884220302105,0.001525203580968082,0.7868534326553345,,
1790035894.3765073,RAW_IMU,,,,,,,,,0,0,-1002,0,0,0,,,,,
1790035894.377676,ATTITUDE,,,,,,,,,,,,,,,0.0020464418921619654,0.0015089198714122176,0.7868563532829285,,
1790035894.3797462,RAW_IMU,,,,,,,,,0,0,-1002,0,0,0,,,,,
1790035894.395274,GLOBAL_POSITION_INT,-35.3615007,149.1673974,591.68,9.963,-0.02,0.0,-0.03,45.08,,,,,,,,,,,
1790035894.3966222,GPS_RAW_INT,,,,,,,,,,,,,,,,,,6,10
1790035894.3983455,ATTITUDE,,,,,,,,,,,,,,,0.0020246864296495914,0.0014937082305550575,0.786858856678009,,
1790035894.3993626,RAW_IMU,,,,,,,,,0,0,-1002,0,0,0,,,,,
1790035894.415195,ATTITUDE,,,,,,,,,,,,,,,0.002005405956879258,0.001480446313507855,0.7868620753288269,,
1790035894.4161851,RAW_IMU,,,,,,,,,0,0,-1002,0,0,0,,,,,
1790035894.4355984,ATTITUDE,,,,,,,,,,,,,,,0.0020362529903650284,0.0014865630073472857,0.7868647575378418,,
1790035894.4372194,RAW_IMU,,,,,,,,,0,0,-1001,2,0,0,,,,,
1790035894.4553285,ATTITUDE,,,,,,,,,,,,,,,0.0020258729346096516,0.0015297692734748125,0.7868645191192627,,
1790035894.4565713,RAW_IMU,,,,,,,,,0,0,-1001,0,3,0,,,,,
1790035894.4755242,ATTITUDE,,,,,,,,,,,,,,,0.002084993990138173,0.0015369895845651627,0.7868678569793701,,
1790035894.4770818,RAW_IMU,,,,,,,,,0,0,-1000,3,1,0,,,,,
1790035894.4944286,GLOBAL_POSITION_INT,-35.3615007,149.1673974,591.68,9.966,-0.01,0.0,-0.03,45.08,,,,,,,,,,,
1790035894.495504,GPS_RAW_INT,,,,,,,,,,,,,,,,,,6,10
1790035894.4971285,ATTITUDE,,,,,,,,,,,,,,,0.0020833155140280724,0.0016025817021727562,0.7868703603744507,,
1790035894.4987648,RAW_IMU,,,,,,,,,0,0,-1000,1,4,0,,,,,
1790035894.5144758,ATTITUDE,,,,,,,,,,,,,,,0.0021529998630285263,0.0016095752362161875,0.7868722677230835,,
1790035894.5156143,RAW_IMU,,,,,,,,,0,0,-1000,4,1,0,,,,,
1790035894.5344718,ATTITUDE,,,,,,,,,,,,,,,0.002153984736651182,0.0016964386450126767,0.7868738174438477,,
1790035894.535662,RAW_IMU,,,,,,,,,0,0,-1000,1,5,0,,,,,
1790035894.5594058,ATTITUDE,,,,,,,,,,,,,,,0.0022146711125969887,0.0017038030782714486,0.7868726253509521,,
1790035894.5609298,RAW_IMU,,,,,,,,,0,0,-1000,3,1,0,,,,,
1790035894.579571,ATTITUDE,,,,,,,,,,,,,,,0.0022776343394070864,0.0017954041250050068,0.7868694067001343,,
1790035894.5813057,RAW_IMU,,,,,,,,,0,0,-999,4,5,0,,,,,
1790035894.5941236,GLOBAL_POSITION_INT,-35.3615007,149.1673974,591.68,9.969,-0.01,0.0,-0.03,45.08,,,,,,,,,,,
1790035894.5954576,GPS_RAW_INT,,,,,,,,,,,,,,,,,,6,10
1790035894.5996168,ATTITUDE,,,,,,,,,,,,,,,0.0023392457515001297,0.001817837473936379,0.7868631482124329,,
1790035894.601574,RAW_IMU,,,,,,,,,0,0,-999,4,2,0,,,,,
1790035894.6245873,ATTITUDE,,,,,,,,,,,,,,,0.00239885994233191,0.0018730033189058304,0.7868584990501404,,
1790035894.6259115,RAW_IMU,,,,,,,,,0,0,-999,3,3,0,,,,,
1790035894.6397,ATTITUDE,,,,,,,,,,,,,,,0.0024560263846069574,0.0019373747054487467,0.7868529558181763,,
1790035894.640869,RAW_IMU,,,,,,,,,0,0,-999,3,4,0,,,,,
1790035894.6598513,ATTITUDE,,,,,,,,,,,,,,,0.002508833073079586,0.001997086452320218,0.7868478894233704,,
1790035894.6615546,RAW_IMU,,,,,,,,,0,0,-999,3,4,0,,,,,
1790035894.6797445,ATTITUDE,,,,,,,,,,,,,,,0.002558928681537509,0.0020538130775094032,0.7868460416793823,,
1790035894.6808746,RAW_IMU,,,,,,,,,0,0,-999,3,3,0,,,,,
1790035894.6936753,GLOBAL_POSITION_INT,-35.3615007,149.1673974,591.69,9.972,-0.01,0.0,-0.03,45.08,,,,,,,,,,,
1790035894.6946542,GPS_RAW_INT,,,,,,,,,,,,,,,,,,6,10
1790035894.6996155,ATTITUDE,,,,,,,,,,,,,,,0.002607759553939104,0.002109054708853364,0.7868441343307495,,
1790035894.7018278,RAW_IMU,,,,,,,,,0,0,-999,3,3,0,,,,,
1790035894.7196996,ATTITUDE,,,,,,,,,,,,,,,0.0026545675937086344,0.0021631026174873114,0.7868436574935913,,
1790035894.7215645,RAW_IMU,,,,,,,,,0,0,-999,3,3,0,,,,,
1790035894.7395587,ATTITUDE,,,,,,,,,,,,,,,0.0027001723647117615,0.00221463805064559,0.7868415117263794,,
1790035894.7407074,RAW_IMU,,,,,,,,,0,0,-999,3,3,0,,,,,
1790035894.7597055,ATTITUDE,,,,,,,,,,,,,,,0.0027435515075922012,0.002263500355184078,0.7868401408195496,,
1790035894.7616284,RAW_IMU,,,,,,,,,0,0,-999,3,3,0,,,,,
1790035894.7789314,ATTITUDE,,,,,,,,,,,,,,,0.002786714117974043,0.0023127214517444372,0.7868379354476929,,
1790035894.7801342,RAW_IMU,,,,,,,,,0,0,-999,3,3,0,,,,,
1790035894.7935555,GLOBAL_POSITION_INT,-35.3615007,149.1673974,591.69,9.975,-0.01,0.0,-0.03,45.08,,,,,,,,,,,
1790035894.79442,GPS_RAW_INT,,,,,,,,,,,,,,,,,,6,10
1790035894.7996316,ATTITUDE,,,,,,,,,,,,,,,0.0028284559957683086,0.0023606556933373213,0.7868369817733765,,
1790035894.800956,RAW_IMU,,,,,,,,,0,0,-999,3,3,0,,,,,
1790035894.8196177,ATTITUDE,,,,,,,,,,,,,,,0.0028713156934827566,0.002405439270660281,0.7868363261222839,,
1790035894.8205795,RAW_IMU,,,,,,,,,0,0,-999,3,3,0,,,,,
1790035894.8397102,ATTITUDE,,,,,,,,,,,,,,,0.00290343863889575,0.0024500899016857147,0.7868356108665466,,
1790035894.841238,RAW_IMU,,,,,,,,,0,0,-999,2,3,0,,,,,
1790035894.8774874,ATTITUDE,,,,,,,,,,,,,,,0.0029056782368570566,0.0024932357482612133,0.7868332862854004,,
1790035894.87865,RAW_IMU,,,,,,,,,0,0,-999,1,3,0,,,,,
1790035894.8804822,ATTITUDE,,,,,,,,,,,,,,,0.002900516614317894,0.0024889360647648573,0.7868341207504272,,
1790035894.8823783,RAW_IMU,,,,,,,,,0,0,-999,0,1,0,,,,,
1790035894.8949153,GLOBAL_POSITION_INT,-35.3615007,149.1673974,591.69,9.977,-0.01,0.0,-0.03,45.08,,,,,,,,,,,
1790035894.895967,GPS_RAW_INT,,,,,,,,,,,,,,,,,,6,10
1790035894.8977215,ATTITUDE,,,,,,,,,,,,,,,0.002828699303790927,0.002470859559252858,0.786834716796875,,
1790035894.9000359,RAW_IMU,,,,,,,,,0,0,-998,-2,0,0,,,,,
1790035894.915637,ATTITUDE,,,,,,,,,,,,,,,0.0028191960882395506,0.0024550496600568295,0.7868333458900452,,
1790035894.917076,RAW_IMU,,,,,,,,,0,0,-998,0,0,0,,,,,
1790035894.9400613,ATTITUDE,,,,,,,,,,,,,,,0.002740648342296481,0.0024294345639646053,0.7868308424949646,,
1790035894.9417772,RAW_IMU,,,,,,,,,0,0,-998,-2,0,0,,,,,
1790035894.9602208,ATTITUDE,,,,,,,,,,,,,,,0.002737394068390131,0.0024106891360133886,0.7868258953094482,,
1790035894.9614859,RAW_IMU,,,,,,,,,0,0,-998,0,0,0,,,,,
1790035894.9802442,ATTITUDE,,,,,,,,,,,,,,,0.002654867246747017,0.0023813433945178986,0.7868218421936035,,
1790035894.9820566,RAW_IMU,,,,,,,,,0,0,-998,-2,0,0,,,,,
1790035894.994536,GLOBAL_POSITION_INT,-35.3615007,149.1673974,591.7,9.98,-0.02,0.0,-0.02,45.08,,,,,,,,,,,
1790035894.9960861,GPS_RAW_INT,,,,,,,,,,,,,,,,,,6,10
1790035895.0000548,ATTITUDE,,,,,,,,,,,,,,,0.002670279471203685,0.0023672960232943296,0.7868170738220215,,
1790035895.0010843,RAW_IMU,,,,,,,,,0,0,-998,1,0,0,,,,,
1790035895.0201352,ATTITUDE,,,,,,,,,,,,,,,0.0026124801952391863,0.0023430539295077324,0.7868130803108215,,
1790035895.0220644,RAW_IMU,,,,,,,,,0,0,-998,0,0,0,,,,,
1790035895.0402,ATTITUDE,,,,,,,,,,,,,,,0.0026081816758960485,0.002317040227353573,0.7868088483810425,,
1790035895.042413,RAW_IMU,,,,,,,,,0,0,-998,0,0,0,,,,,
1790035895.0601807,ATTITUDE,,,,,,,,,,,,,,,0.0025859924498945475,0.002310453448444605,0.7868033647537231,,
1790035895.0614305,RAW_IMU,,,,,,,,,0,0,-997,0,0,0,,,,,
1790035895.0800486,ATTITUDE,,,,,,,,,,,,,,,0.002562033711001277,0.002299106912687421,0.7868010401725769,,
1790035895.0808516,RAW_IMU,,,,,,,,,0,0,-998,0,1,0,,,,,
1790035895.0944068,GLOBAL_POSITION_INT,-35.3615007,149.1673974,591.7,9.982,-0.02,0.0,-0.02,45.08,,,,,,,,,,,
1790035895.095301,GPS_RAW_INT,,,,,,,,,,,,,,,,,,6,10
1790035895.0971088,ATTITUDE,,,,,,,,,,,,,,,0.0025373806711286306,0.002258807420730591,0.7867994904518127,,
1790035895.0981019,RAW_IMU,,,,,,,,,0,0,-998,0,-1,0,,,,,
1790035895.1270204,ATTITUDE,,,,,,,,,,,,,,,0.0024837907403707504,0.0022651327308267355,0.7867998480796814,,
1790035895.1288612,RAW_IMU,,,,,,,,,0,0,-998,-1,1,0,,,,,
1790035895.1355224,ATTITUDE,,,,,,,,,,,,,,,0.0024886298924684525,0.0022010833490639925,0.7868008017539978,,
1790035895.1364424,RAW_IMU,,,,,,,,,0,0,-998,1,-2,0,,,,,
1790035895.1560044,ATTITUDE,,,,,,,,,,,,,,,0.0024332564789801836,0.0022193037439137697,0.7867999076843262,,
1790035895.156947,RAW_IMU,,,,,,,,,0,0,-998,-1,1,0,,,,,
1790035895.1758304,ATTITUDE,,,,,,,,,,,,,,,0.002455651992931962,0.0021561947651207447,0.7867995500564575,,
1790035895.1767933,RAW_IMU,,,,,,,,,0,0,-998,2,-1,0,,,,,
1790035895.1957228,GLOBAL_POSITION_INT,-35.3615007,149.1673974,591.7,9.983,-0.02,0.0,-0.02,45.08,,,,,,,,,,,
1790035895.1966348,GPS_RAW_INT,,,,,,,,,,,,,,,,,,6,10
1790035895.198178,ATTITUDE,,,,,,,,,,,,,,,0.0024040653370320797,0.0021732402965426445,0.786798894405365,,
1790035895.1992378,RAW_IMU,,,,,,,,,0,0,-998,-1,1,0,,,,,
1790035895.2173574,ATTITUDE,,,,,,,,,,,,,,,0.002430243883281946,0.0021360295359045267,0.7867997288703918,,
1790035895.2194242,RAW_IMU,,,,,,,,,0,0,-998,1,0,0,,,,,
1790035895.23827,ATTITUDE,,,,,,,,,,,,,,,0.0023899932857602835,0.002125838538631797,0.7868003845214844,,
1790035895.2403297,RAW_IMU,,,,,,,,,0,0,-998,0,0,0,,,,,
1790035895.2600627,ATTITUDE,,,,,,,,,,,,,,,0.002403360791504383,0.0021291428711265326,0.7867971658706665,,
1790035895.2618573,RAW_IMU,,,,,,,,,0,0,-999,1,1,0,,,,,
1790035895.2802453,ATTITUDE,,,,,,,,,,,,,,,0.0023678832221776247,0.002127585932612419,0.7867964506149292,,
1790035895.2821708,RAW_IMU,,,,,,,,,0,0,-999,0,1,0,,,,,
1790035895.2946005,GLOBAL_POSITION_INT,-35.3615007,149.1673974,591.7,9.984,-0.02,0.0,-0.02,45.07,,,,,,,,,,,
1790035895.2963314,GPS_RAW_INT,,,,,,,,,,,,,,,,,,6,10
1790035895.297804,ATTITUDE,,,,,,,,,,,,,,,0.0023882342502474785,0.002126480685546994,0.7867929339408875,,
1790035895.2999787,RAW_IMU,,,,,,,,,0,0,-999,1,1,0,,,,,
1790035895.315515,ATTITUDE,,,,,,,,,,,,,,,0.0023554794024676085,0.0020947845187038183,0.7867885828018188,,
1790035895.318042,RAW_IMU,,,,,,,,,0,0,-998,0,0,0,,,,,
1790035895.3353658,ATTITUDE,,,,,,,,,,,,,,,0.0023779496550559998,0.0021033308003097773,0.7867854833602905,,
1790035895.336547,RAW_IMU,,,,,,,,,0,0,-998,1,1,0,,,,,
1790035895.3783257,ATTITUDE,,,,,,,,,,,,,,,0.0023619316052645445,0.0020950634498149157,0.7867810130119324,,
1790035895.3797977,RAW_IMU,,,,,,,,,0,0,-998,0,1,0,,,,,
1790035895.381022,ATTITUDE,,,,,,,,,,,,,,,0.002343728905543685,0.0020776367746293545,0.7867788076400757,,
1790035895.3833373,RAW_IMU,,,,,,,,,0,0,-999,0,0,0,,,,,
1790035895.3958633,GLOBAL_POSITION_INT,-35.3615007,149.1673974,591.7,9.985,-0.02,0.0,-0.01,45.07,,,,,,,,,,,
1790035895.3972423,GPS_RAW_INT,,,,,,,,,,,,,,,,,,6,10
1790035895.3996077,ATTITUDE,,,,,,,,,,,,,,,0.0023310952819883823,0.002081266837194562,0.7867763042449951,,
1790035895.400957,RAW_IMU,,,,,,,,,0,0,-999,0,1,0,,,,,
1790035895.4178803,ATTITUDE,,,,,,,,,,,,,,,0.0023193522356450558,0.002084406092762947,0.7867748737335205,,
1790035895.4196875,RAW_IMU,,,,,,,,,0,0,-999,0,1,0,,,,,
1790035895.4382296,ATTITUDE,,,,,,,,,,,,,,,0.0023095160722732544,0.0020898424554616213,0.786774218082428,,
1790035895.4393086,RAW_IMU,,,,,,,,,0,0,-999,0,1,0,,,,,
1790035895.458187,ATTITUDE,,,,,,,,,,,,,,,0.0023004477843642235,0.0020954289939254522,0.7867709994316101,,
1790035895.4598215,RAW_IMU,,,,,,,,,0,0,-999,0,1,0,,,,,
1790035895.4781885,ATTITUDE,,,,,,,,,,,,,,,0.0022873065900057554,0.0020951086189597845,0.786771297454834,,
1790035895.4790971,RAW_IMU,,,,,,,,,0,0,-999,0,1,0,,,,,
1790035895.497755,GLOBAL_POSITION_INT,-35.3615007,149.1673974,591.7,9.986,-0.01,0.0,-0.01,45.07,,,,,,,,,,,
1790035895.4989357,GPS_RAW_INT,,,,,,,,,,,,,,,,,,6,10
1790035895.5007052,ATTITUDE,,,,,,,,,,,,,,,0.00227557634934783,0.002096411306411028,0.7867722511291504,,
1790035895.5015416,RAW_IMU,,,,,,,,,0,0,-999,0,1,0,,,,,
1790035895.518045,ATTITUDE,,,,,,,,,,,,,,,0.0022651776671409607,0.0020988918840885162,0.786773681640625,,
1790035895.5189297,RAW_IMU,,,,,,,,,0,0,-999,0,1,0,,,,,
1790035895.537976,ATTITUDE,,,,,,,,,,,,,,,0.0022534907329827547,0.002100033452734351,0.7867755889892578,,
1790035895.5386293,RAW_IMU,,,,,,,,,0,0,-999,0,1,0,,,,,
1790035895.5573242,ATTITUDE,,,,,,,,,,,,,,,0.0022435400169342756,0.0021016299724578857,0.7867766618728638,,
1790035895.5589314,RAW_IMU,,,,,,,,,0,0,-999,0,1,0,,,,,
1790035895.577308,ATTITUDE,,,,,,,,,,,,,,,0.0022342693991959095,0.002103088889271021,0.7867773771286011,,
1790035895.578749,RAW_IMU,,,,,,,,,0,0,-999,0,1,0,,,,,
1790035895.596925,GLOBAL_POSITION_INT,-35.3615007,149.1673974,591.7,9.986,-0.01,0.0,-0.01,45.07,,,,,,,,,,,
1790035895.5979915,GPS_RAW_INT,,,,,,,,,,,,,,,,,,6,10
1790035895.5998878,ATTITUDE,,,,,,,,,,,,,,,0.002225960372015834,0.0021050171926617622,0.7867797017097473,,
1790035895.6015015,RAW_IMU,,,,,,,,,0,0,-999,0,1,0,,,,,
1790035895.6315231,ATTITUDE,,,,,,,,,,,,,,,0.0022189852315932512,0.002108209766447544,0.7867831587791443,,
1790035895.63293,RAW_IMU,,,,,,,,,0,0,-999,0,1,0,,,,,
1790035895.6366534,ATTITUDE,,,,,,,,,,,,,,,0.0022134515456855297,0.0021129678934812546,0.7867845892906189,,
1790035895.6381,RAW_IMU,,,,,,,,,0,0,-999,0,1,0,,,,,
1790035895.6583693,ATTITUDE,,,,,,,,,,,,,,,0.002208071993663907,0.002117821015417576,0.7867858409881592,,
1790035895.6601505,RAW_IMU,,,,,,,,,0,0,-999,0,1,0,,,,,
1790035895.6779273,ATTITUDE,,,,,,,,,,,,,,,0.002198468428105116,0.0021179744508117437,0.7867900729179382,,
1790035895.6791441,RAW_IMU,,,,,,,,,0,0,-999,0,1,0,,,,,
1790035895.6927524,GLOBAL_POSITION_INT,-35.3615007,149.1673974,591.7,9.986,-0.01,0.0,-0.01,45.07,,,,,,,,,,,
1790035895.6940212,GPS_RAW_INT,,,,,,,,,,,,,,,,,,6,10
1790035895.6985736,ATTITUDE,,,,,,,,,,,,,,,0.0021903023589402437,0.00211867643520236,0.7867950201034546,,
1790035895.699661,RAW_IMU,,,,,,,,,0,0,-999,0,1,0,,,,,
1790035895.7187467,ATTITUDE,,,,,,,,,,,,,,,0.0021824510768055916,0.002118870383128524,0.7867996692657471,,
1790035895.7199793,RAW_IMU,,,,,,,,,0,0,-999,0,1,0,,,,,
1790035895.7388089,ATTITUDE,,,,,,,,,,,,,,,0.0021760782692581415,0.002118916716426611,0.7868048548698425,,
1790035895.739887,RAW_IMU,,,,,,,,,0,0,-999,0,1,0,,,,,
1790035895.7587342,ATTITUDE,,,,,,,,,,,,,,,0.0021692398004233837,0.002119543729349971,0.786808967590332,,
1790035895.7600758,RAW_IMU,,,,,,,,,0,0,-999,0,1,0,,,,,
1790035895.7787292,ATTITUDE,,,,,,,,,,,,,,,0.0021828655153512955,0.002120950957760215,0.7868128418922424,,
1790035895.7794414,RAW_IMU,,,,,,,,,0,0,-1000,1,1,0,,,,,
1790035895.7927296,GLOBAL_POSITION_INT,-35.3615007,149.1673974,591.7,9.987,-0.01,0.0,-0.01,45.08,,,,,,,,,,,
1790035895.7937644,GPS_RAW_INT,,,,,,,,,,,,,,,,,,6,10
1790035895.7986596,ATTITUDE,,,,,,,,,,,,,,,0.0022504443768411875,0.0021230867132544518,0.7868191003799438,,
1790035895.8000984,RAW_IMU,,,,,,,,,0,0,-999,4,1,0,,,,,
1790035895.8187685,ATTITUDE,,,,,,,,,,,,,,,0.002316613681614399,0.002125092316418886,0.7868261337280273,,
1790035895.8202279,RAW_IMU,,,,,,,,,0,0,-999,4,1,0,,,,,
1790035895.8385024,ATTITUDE,,,,,,,,,,,,,,,0.0023812097497284412,0.0021247288677841425,0.7868322730064392,,
1790035895.8393025,RAW_IMU,,,,,,,,,0,0,-999,4,1,0,,,,,
1790035895.8790276,ATTITUDE,,,,,,,,,,,,,,,0.0024439506232738495,0.0021429802291095257,0.7868342399597168,,
1790035895.8800287,RAW_IMU,,,,,,,,,0,0,-1000,4,1,0,,,,,
1790035895.8811269,ATTITUDE,,,,,,,,,,,,,,,0.002502565272152424,0.0021105329506099224,0.7868351936340332,,
1790035895.8820925,RAW_IMU,,,,,,,,,0,0,-1000,4,0,0,,,,,
1790035895.893977,GLOBAL_POSITION_INT,-35.3615007,149.1673974,591.7,9.987,-0.01,0.0,-0.01,45.08,,,,,,,,,,,
1790035895.8954535,GPS_RAW_INT,,,,,,,,,,,,,,,,,,6,10
1790035895.899293,ATTITUDE,,,,,,,,,,,,,,,0.0025572050362825394,0.002123991958796978,0.7868327498435974,,
1790035895.900684,RAW_IMU,,,,,,,,,0,0,-1001,4,1,0,,,,,
1790035895.919323,ATTITUDE,,,,,,,,,,,,,,,0.0026203447487205267,0.0020906447898596525,0.7868289351463318,,
1790035895.9202745,RAW_IMU,,,,,,,,,0,0,-1000,3,0,0,,,,,
1790035895.9393616,ATTITUDE,,,,,,,,,,,,,,,0.0026680168230086565,0.002093738177791238,0.7868251204490662,,
1790035895.940325,RAW_IMU,,,,,,,,,0,0,-1001,4,0,0,,,,,
1790035895.9594843,ATTITUDE,,,,,,,,,,,,,,,0.002734747715294361,0.0020946806762367487,0.7868193984031677,,
1790035895.9607275,RAW_IMU,,,,,,,,,0,0,-1001,3,1,0,,,,,
1790035895.9794295,ATTITUDE,,,,,,,,,,,,,,,0.00278120837174356,0.0020813774317502975,0.7868139743804932,,
1790035895.980583,RAW_IMU,,,,,,,,,0,0,-1001,4,0,0,,,,,
1790035895.9935105,GLOBAL_POSITION_INT,-35.3615007,149.1673974,591.7,9.988,-0.01,0.0,-0.01,45.08,,,,,,,,,,,
1790035895.9945562,GPS_RAW_INT,,,,,,,,,,,,,,,,,,6,10
1790035895.9993944,ATTITUDE,,,,,,,,,,,,,,,0.0028275460936129093,0.0021157751325517893,0.7868094444274902,,
1790035896.0010858,RAW_IMU,,,,,,,,,0,0,-1001,2,3,0,,,,,
1790035896.0193243,ATTITUDE,,,,,,,,,,,,,,,0.002903436543419957,0.0020945079158991575,0.7868050336837769,,
1790035896.0202434,RAW_IMU,,,,,,,,,0,0,-1001,5,0,0,,,,,
1790035896.039404,ATTITUDE,,,,,,,,,,,,,,,0.0029043899849057198,0.002134565031155944,0.7868024110794067,,
1790035896.040414,RAW_IMU,,,,,,,,,0,0,-1001,1,2,0,,,,,
1790035896.060032,ATTITUDE,,,,,,,,,,,,,,,0.0029714801348745823,0.0021060730796307325,0.786798357963562,,
1790035896.060923,RAW_IMU,,,,,,,,,0,0,-1000,4,0,0,,,,,
1790035896.0799558,ATTITUDE,,,,,,,,,,,,,,,0.002947679255157709,0.0021385331638157368,0.7867950797080994,,
1790035896.081059,RAW_IMU,,,,,,,,,0,0,-1000,0,2,0,,,,,
1790035896.094051,GLOBAL_POSITION_INT,-35.3615007,149.1673974,591.7,9.988,-0.01,0.0,-0.01,45.08,,,,,,,,,,,
1790035896.0951145,GPS_RAW_INT,,,,,,,,,,,,,,,,,,6,10
1790035896.0998065,ATTITUDE,,,,,,,,,,,,,,,0.002997490344569087,0.0020983759313821793,0.7867943644523621,,
1790035896.1006677,RAW_IMU,,,,,,,,,0,0,-1000,3,0,0,,,,,
1790035896.1262689,ATTITUDE,,,,,,,,,,,,,,,0.0029776333831250668,0.0021277458872646093,0.7867950797080994,,
1790035896.1279843,RAW_IMU,,,,,,,,,0,0,-1000,0,2,0,,,,,
1790035896.1346602,ATTITUDE,,,,,,,,,,,,,,,0.003013474401086569,0.002088494598865509,0.7867945432662964,,
1790035896.13569,RAW_IMU,,,,,,,,,0,0,-1000,2,0,0,,,,,
1790035896.154917,ATTITUDE,,,,,,,,,,,,,,,0.0030031793285161257,0.002117244526743889,0.7867933511734009,,
1790035896.1560602,RAW_IMU,,,,,,,,,0,0,-1000,1,2,0,,,,,
1790035896.1754375,ATTITUDE,,,,,,,,,,,,,,,0.003028836566954851,0.0020868901629000902,0.7867932319641113,,
1790035896.1767008,RAW_IMU,,,,,,,,,0,0,-1000,1,0,0,,,,,
1790035896.1948376,GLOBAL_POSITION_INT,-35.3615007,149.1673974,591.7,9.989,-0.02,0.0,-0.01,45.07,,,,,,,,,,,
1790035896.1957433,GPS_RAW_INT,,,,,,,,,,,,,,,,,,6,10
1790035896.1974697,ATTITUDE,,,,,,,,,,,,,,,0.0030183857306838036,0.0021227665711194277,0.7867939472198486,,
1790035896.199355,RAW_IMU,,,,,,,,,0,0,-1000,1,2,0,,,,,
1790035896.2198222,ATTITUDE,,,,,,,,,,,,,,,0.003046227851882577,0.0020937679801136255,0.7867950797080994,,
1790035896.2211745,RAW_IMU,,,,,,,,,0,0,-1000,1,0,0,,,,,
1790035896.240025,ATTITUDE,,,,,,,,,,,,,,,0.003032136708498001,0.0021354034543037415,0.7867957353591919,,
1790035896.2416632,RAW_IMU,,,,,,,,,0,0,-1000,0,2,0,,,,,
1790035896.25475,ATTITUDE,,,,,,,,,,,,,,,0.003027749015018344,0.0021123052574694157,0.7867942452430725,,
1790035896.2557514,RAW_IMU,,,,,,,,,0,0,-1000,0,0,0,,,,,
1790035896.275599,ATTITUDE,,,,,,,,,,,,,,,0.0030232095159590244,0.002125157741829753,0.786793053150177,,
1790035896.2774858,RAW_IMU,,,,,,,,,0,0,-1000,1,1,0,,,,,
1790035896.2952178,GLOBAL_POSITION_INT,-35.3615007,149.1673974,591.71,9.99,-0.02,0.0,-0.01,45.07,,,,,,,,,,,
1790035896.2965462,GPS_RAW_INT,,,,,,,,,,,,,,,,,,6,10
1790035896.2976952,ATTITUDE,,,,,,,,,,,,,,,0.003023638157173991,0.0021432230714708567,0.7867932319641113,,
1790035896.298539,RAW_IMU,,,,,,,,,0,0,-1000,0,2,0,,,,,
1790035896.31582,ATTITUDE,,,,,,,,,,,,,,,0.0030345492996275425,0.002126221777871251,0.7867960333824158,,
1790035896.3166497,RAW_IMU,,,,,,,,,0,0,-1000,2,0,0,,,,,
1790035896.335522,ATTITUDE,,,,,,,,,,,,,,,0.0030125968623906374,0.0021442195866256952,0.786799967288971,,
1790035896.336415,RAW_IMU,,,,,,,,,0,0,-1000,0,1,0,,,,,
1790035896.3750653,ATTITUDE,,,,,,,,,,,,,,,0.0030285371467471123,0.002162572927772999,0.7868043780326843,,
1790035896.3760371,RAW_IMU,,,,,,,,,0,0,-1000,2,2,0,,,,,
1790035896.377304,ATTITUDE,,,,,,,,,,,,,,,0.002991387853398919,0.0021812887862324715,0.7868108153343201,,
1790035896.3785918,RAW_IMU,,,,,,,,,0,0,-1000,0,2,1,,,,,
1790035896.3956475,GLOBAL_POSITION_INT,-35.3615007,149.1673974,591.71,9.991,-0.02,0.0,0.0,45.08,,,,,,,,,,,
1790035896.3963575,GPS_RAW_INT,,,,,,,,,,,,,,,,,,6,10
1790035896.397952,ATTITUDE,,,,,,,,,,,,,,,0.003007762599736452,0.0022009757813066244,0.7868201732635498,,
1790035896.3986955,RAW_IMU,,,,,,,,,0,0,-1000,1,2,1,,,,,
1790035896.4156687,ATTITUDE,,,,,,,,,,,,,,,0.002972886897623539,0.002200801856815815,0.7868320941925049,,
1790035896.4172926,RAW_IMU,,,,,,,,,0,0,-1000,0,1,1,,,,,
1790035896.4357033,ATTITUDE,,,,,,,,,,,,,,,0.0030069840140640736,0.0022366438060998917,0.7868436574935913,,
1790035896.4365208,RAW_IMU,,,,,,,,,0,0,-1001,2,2,1,,,,,
1790035896.4558837,ATTITUDE,,,,,,,,,,,,,,,0.002961694495752454,0.002214633859694004,0.7868515253067017,,
1790035896.4568567,RAW_IMU,,,,,,,,,0,0,-1001,0,0,1,,,,,
1790035896.4760175,ATTITUDE,,,,,,,,,,,,,,,0.0029743299819529057,0.002251557307317853,0.786856472492218,,
1790035896.4778326,RAW_IMU,,,,,,,,,0,0,-1000,1,3,1,,,,,
1790035896.495154,GLOBAL_POSITION_INT,-35.3615007,149.1673974,591.71,9.991,-0.02,0.0,0.0,45.08,,,,,,,,,,,
1790035896.4958155,GPS_RAW_INT,,,,,,,,,,,,,,,,,,6,10
1790035896.49757,ATTITUDE,,,,,,,,,,,,,,,0.002990554552525282,0.0022148124407976866,0.7868601679801941,,
1790035896.4982922,RAW_IMU,,,,,,,,,0,0,-1000,2,0,0,,,,,
1790035896.5159338,ATTITUDE,,,,,,,,,,,,,,,0.003007869003340602,0.002243855269625783,0.7868635654449463,,
1790035896.5171633,RAW_IMU,,,,,,,,,0,0,-1000,2,2,0,,,,,
1790035896.5353162,ATTITUDE,,,,,,,,,,,,,,,0.0030251650605350733,0.0022090075071901083,0.7868649363517761,,
1790035896.5362928,RAW_IMU,,,,,,,,,0,0,-1000,2,0,0,,,,,
1790035896.554879,ATTITUDE,,,,,,,,,,,,,,,0.0030418168753385544,0.0022393958643078804,0.7868618965148926,,
1790035896.5558336,RAW_IMU,,,,,,,,,0,0,-1000,2,2,0,,,,,
1790035896.5798626,ATTITUDE,,,,,,,,,,,,,,,0.003057200461626053,0.0022199249360710382,0.7868572473526001,,
1790035896.5816529,RAW_IMU,,,,,,,,,0,0,-1000,1,0,0,,,,,
1790035896.594265,GLOBAL_POSITION_INT,-35.3615007,149.1673974,591.71,9.992,-0.02,0.0,0.0,45.08,,,,,,,,,,,
1790035896.5953581,GPS_RAW_INT,,,,,,,,,,,,,,,,,,6,10
1790035896.5967755,ATTITUDE,,,,,,,,,,,,,,,0.0030721307266503572,0.0022451248951256275,0.7868494987487793,,
1790035896.5980017,RAW_IMU,,,,,,,,,0,0,-1000,1,2,0,,,,,
1790035896.6275718,ATTITUDE,,,,,,,,,,,,,,,0.003078098176047206,0.0022055204026401043,0.786841869354248,,
1790035896.628494,RAW_IMU,,,,,,,,,0,0,-1000,1,0,0,,,,,
1790035896.6391273,ATTITUDE,,,,,,,,,,,,,,,0.0030566942878067493,0.002239420311525464,0.786833643913269,,
1790035896.6402194,RAW_IMU,,,,,,,,,0,0,-1000,0,2,0,,,,,
1790035896.659252,ATTITUDE,,,,,,,,,,,,,,,0.003055696841329336,0.00220002350397408,0.7868226170539856,,
1790035896.6606603,RAW_IMU,,,,,,,,,0,0,-1000,1,0,0,,,,,
1790035896.6803212,ATTITUDE,,,,,,,,,,,,,,,0.003000812605023384,0.0022323981393128633,0.7868125438690186,,
1790035896.6820202,RAW_IMU,,,,,,,,,0,0,-1000,-1,2,0,,,,,
1790035896.6939971,GLOBAL_POSITION_INT,-35.3615007,149.1673974,591.71,9.992,-0.02,0.0,0.0,45.08,,,,,,,,,,,
1790035896.6944907,GPS_RAW_INT,,,,,,,,,,,,,,,,,,6,10
1790035896.6999223,ATTITUDE,,,,,,,,,,,,,,,0.0029608069453388453,0.0021876953542232513,0.786799967288971,,
1790035896.7011812,RAW_IMU,,,,,,,,,0,0,-1000,0,0,0,,,,,
1790035896.7199805,ATTITUDE,,,,,,,,,,,,,,,0.0029233808163553476,0.0022215174976736307,0.7867876291275024,,
1790035896.721337,RAW_IMU,,,,,,,,,0,0,-1000,0,2,0,,,,,
1790035896.7400222,ATTITUDE,,,,,,,,,,,,,,,0.0028877670411020517,0.002190465573221445,0.7867730855941772,,
1790035896.7419548,RAW_IMU,,,,,,,,,0,0,-1000,0,0,0,,,,,
1790035896.7599041,ATTITUDE,,,,,,,,,,,,,,,0.0028564573731273413,0.0022240434773266315,0.7867572903633118,,
1790035896.7615285,RAW_IMU,,,,,,,,,0,0,-1000,0,2,0,,,,,
1790035896.7801962,ATTITUDE,,,,,,,,,,,,,,,0.002826130483299494,0.0022081024944782257,0.7867428064346313,,
1790035896.781774,RAW_IMU,,,,,,,,,0,0,-1001,0,1,0,,,,,
1790035896.7940328,GLOBAL_POSITION_INT,-35.3615007,149.1673974,591.71,9.992,-0.02,0.0,0.0,45.07,,,,,,,,,,,
1790035896.794893,GPS_RAW_INT,,,,,,,,,,,,,,,,,,6,10
1790035896.7999382,ATTITUDE,,,,,,,,,,,,,,,0.002791430801153183,0.0022299804259091616,0.7867302298545837,,
1790035896.8013108,RAW_IMU,,,,,,,,,0,0,-1001,0,1,0,,,,,
1790035896.8191314,ATTITUDE,,,,,,,,,,,,,,,0.002785526914522052,0.002232728758826852,0.78671795129776,,
1790035896.8205252,RAW_IMU,,,,,,,,,0,0,-1001,1,1,0,,,,,
1790035896.8384724,ATTITUDE,,,,,,,,,,,,,,,0.0027387281879782677,0.002227617194876075,0.7867088913917542,,
1790035896.8394265,RAW_IMU,,,,,,,,,0,0,-1001,-1,0,0,,,,,
1790035896.878503,ATTITUDE,,,,,,,,,,,,,,,0.0027489233762025833,0.002253773855045438,0.7866993546485901,,
1790035896.8796804,RAW_IMU,,,,,,,,,0,0,-1000,1,2,0,,,,,
1790035896.8818877,ATTITUDE,,,,,,,,,,,,,,,0.0026759873144328594,0.00222472264431417,0.7866936922073364,,
1790035896.8843682,RAW_IMU,,,,,,,,,0,0,-1000,-2,0,0,,,,,
1790035896.8981636,GLOBAL_POSITION_INT,-35.3615007,149.1673974,591.71,9.992,-0.02,0.0,0.0,45.07,,,,,,,,,,,
1790035896.89946,GPS_RAW_INT,,,,,,,,,,,,,,,,,,6,10
1790035896.9011514,ATTITUDE,,,,,,,,,,,,,,,0.0026838211342692375,0.002211448736488819,0.7866898775100708,,
1790035896.902712,RAW_IMU,,,,,,,,,0,0,-1000,1,0,0,,,,,
1790035896.9186258,ATTITUDE,,,,,,,,,,,,,,,0.002621152438223362,0.002203648444265127,0.7866912484169006,,
1790035896.91977,RAW_IMU,,,,,,,,,0,0,-1000,-1,0,0,,,,,
1790035896.938454,ATTITUDE,,,,,,,,,,,,,,,0.0026432513259351254,0.0021954423282295465,0.7866974472999573,,
1790035896.9397373,RAW_IMU,,,,,,,,,0,0,-1000,2,0,1,,,,,
1790035896.9585807,ATTITUDE,,,,,,,,,,,,,,,0.0025825961492955685,0.0021975450217723846,0.7867050170898438,,
1790035896.960074,RAW_IMU,,,,,,,,,0,0,-1000,-1,1,1,,,,,
1790035896.9786484,ATTITUDE,,,,,,,,,,,,,,,0.002604956040158868,0.002172662876546383,0.7867140769958496,,
1790035896.9799192,RAW_IMU,,,,,,,,,0,0,-1001,1,0,1,,,,,
1790035896.9982078,GLOBAL_POSITION_INT,-35.3615007,149.1673974,591.71,9.992,-0.02,0.0,0.0,45.07,,,,,,,,,,,
1790035896.9991713,GPS_RAW_INT,,,,,,,,,,,,,,,,,,6,10
1790035897.001082,ATTITUDE,,,,,,,,,,,,,,,0.002548642922192812,0.002242036396637559,0.7867259383201599,,
1790035897.001935,RAW_IMU,,,,,,,,,0,0,-1001,-1,4,1,,,,,
1790035897.017688,ATTITUDE,,,,,,,,,,,,,,,0.002576226368546486,0.0022369332145899534,0.7867375016212463,,
1790035897.0186522,RAW_IMU,,,,,,,,,0,0,-1001,1,1,1,,,,,
1790035897.0378847,ATTITUDE,,,,,,,,,,,,,,,0.0025447360239923,0.0022940312046557665,0.7867491841316223,,
1790035897.0389714,RAW_IMU,,,,,,,,,0,0,-1001,0,3,1,,,,,
1790035897.0582187,ATTITUDE,,,,,,,,,,,,,,,0.0025585368275642395,0.00227045314386487,0.7867599129676819,,
1790035897.0591273,RAW_IMU,,,,,,,,,0,0,-1001,1,0,1,,,,,
1790035897.0788162,ATTITUDE,,,,,,,,,,,,,,,0.0025229633320122957,0.0023123929277062416,0.7867692112922668,,
1790035897.0796928,RAW_IMU,,,,,,,,,0,0,-1001,0,2,1,,,,,
1790035897.0981474,GLOBAL_POSITION_INT,-35.3615007,149.1673974,591.71,9.992,-0.02,0.0,0.0,45.07,,,,,,,,,,,
1790035897.0994225,GPS_RAW_INT,,,,,,,,,,,,,,,,,,6,10
1790035897.101251,ATTITUDE,,,,,,,,,,,,,,,0.0025326688773930073,0.0022826394997537136,0.7867767214775085,,
1790035897.1027598,RAW_IMU,,,,,,,,,0,0,-1001,1,0,1,,,,,
1790035897.127528,ATTITUDE,,,,,,,,,,,,,,,0.0024970921222120523,0.0023241101298481226,0.7867853045463562,,
1790035897.129092,RAW_IMU,,,,,,,,,0,0,-1001,0,2,1,,,,,
1790035897.137672,ATTITUDE,,,,,,,,,,,,,,,0.002496254863217473,0.0022885827347636223,0.7867938876152039,,
1790035897.1389832,RAW_IMU,,,,,,,,,0,0,-1001,0,0,1,,,,,
1790035897.1579306,ATTITUDE,,,,,,,,,,,,,,,0.0024928736966103315,0.002325295703485608,0.7868003249168396,,
1790035897.159118,RAW_IMU,,,,,,,,,0,0,-1001,1,2,1,,,,,
1790035897.1772754,ATTITUDE,,,,,,,,,,,,,,,0.00247677369043231,0.002296985359862447,0.7868056297302246,,
1790035897.1784909,RAW_IMU,,,,,,,,,0,0,-1001,0,0,1,,,,,
1790035897.1975517,GLOBAL_POSITION_INT,-35.3615007,149.1673974,591.71,9.991,-0.02,0.0,0.0,45.08,,,,,,,,,,,
1790035897.1984866,GPS_RAW_INT,,,,,,,,,,,,,,,,,,6,10
1790035897.2005143,ATTITUDE,,,,,,,,,,,,,,,0.0024763313122093678,0.0023048243019729853,0.7868114709854126,,
1790035897.2019958,RAW_IMU,,,,,,,,,0,0,-1001,1,0,1,,,,,
1790035897.2177453,ATTITUDE,,,,,,,,,,,,,,,0.0024622674100100994,0.002294550882652402,0.7868176698684692,,
1790035897.2191265,RAW_IMU,,,,,,,,,0,0,-1001,0,1,1,,,,,
1790035897.2369413,ATTITUDE,,,,,,,,,,,,,,,0.0024646837264299393,0.002287614159286022,0.7868241667747498,,
1790035897.237965,RAW_IMU,,,,,,,,,0,0,-1001,1,0,1,,,,,
1790035897.257047,ATTITUDE,,,,,,,,,,,,,,,0.002436456736177206,0.002296786056831479,0.786827802658081,,
1790035897.258325,RAW_IMU,,,,,,,,,0,0,-1001,0,2,0,,,,,
1790035897.2775338,ATTITUDE,,,,,,,,,,,,,,,0.0024617298040539026,0.0022670403122901917,0.7868301272392273,,
1790035897.2781808,RAW_IMU,,,,,,,,,0,0,-1001,2,0,0,,,,,
1790035897.2972102,GLOBAL_POSITION_INT,-35.3615007,149.1673974,591.71,9.991,-0.02,0.0,0.0,45.08,,,,,,,,,,,
1790035897.2977934,GPS_RAW_INT,,,,,,,,,,,,,,,,,,6,10
1790035897.2996283,ATTITUDE,,,,,,,,,,,,,,,0.0024210179690271616,0.0022863855119794607,0.7868327498435974,,
1790035897.300558,RAW_IMU,,,,,,,,,0,0,-1001,0,2,0,,,,,
1790035897.317966,ATTITUDE,,,,,,,,,,,,,,,0.002456288319081068,0.002248714677989483,0.7868354320526123,,
1790035897.319304,RAW_IMU,,,,,,,,,0,0,-1001,2,0,0,,,,,
1790035897.339123,ATTITUDE,,,,,,,,,,,,,,,0.0024047207552939653,0.002278950996696949,0.7868377566337585,,
1790035897.3410268,RAW_IMU,,,,,,,,,0,0,-1001,0,2,0,,,,,
1790035897.382137,ATTITUDE,,,,,,,,,,,,,,,0.002438683295622468,0.0022343555465340614,0.7868385910987854,,
1790035897.382859,RAW_IMU,,,,,,,,,0,0,-1001,2,0,0,,,,,
1790035897.3838794,ATTITUDE,,,,,,,,,,,,,,,0.002407771535217762,0.002281817374750972,0.7868385910987854,,
1790035897.385184,RAW_IMU,,,,,,,,,0,0,-1001,0,3,0,,,,,
1790035897.39615,GLOBAL_POSITION_INT,-35.3615007,149.1673974,591.71,9.992,-0.02,0.0,0.0,45.08,,,,,,,,,,,
1790035897.3975606,GPS_RAW_INT,,,,,,,,,,,,,,,,,,6,10
1790035897.3995144,ATTITUDE,,,,,,,,,,,,,,,0.002454398898407817,0.0022383525501936674,0.7868378162384033,,
1790035897.401077,RAW_IMU,,,,,,,,,0,0,-1001,2,0,0,,,,,
1790035897.4166293,ATTITUDE,,,,,,,,,,,,,,,0.0024496042169630527,0.002278385916724801,0.7868381142616272,,
1790035897.4177642,RAW_IMU,,,,,,,,,0,0,-1001,1,2,0,,,,,
1790035897.436707,ATTITUDE,,,,,,,,,,,,,,,0.002485106233507395,0.002254967112094164,0.7868373394012451,,
1790035897.4380112,RAW_IMU,,,,,,,,,0,0,-1001,2,0,0,,,,,
1790035897.4571369,ATTITUDE,,,,,,,,,,,,,,,0.0024727412965148687,0.002264973009005189,0.7868353724479675,,
1790035897.4589446,RAW_IMU,,,,,,,,,0,0,-1001,1,0,0,,,,,
1790035897.4773712,ATTITUDE,,,,,,,,,,,,,,,0.0024883393198251724,0.002240887377411127,0.7868326902389526,,
1790035897.478969,RAW_IMU,,,,,,,,,0,0,-1001,1,0,0,,,,,
1790035897.4968836,GLOBAL_POSITION_INT,-35.3615007,149.1673974,591.71,9.992,-0.02,0.0,0.0,45.08,,,,,,,,,,,
1790035897.498003,GPS_RAW_INT,,,,,,,,,,,,,,,,,,6,10
1790035897.4998333,ATTITUDE,,,,,,,,,,,,,,,0.0025032723788172007,0.0022624169941991568,0.7868306040763855,,
1790035897.5016947,RAW_IMU,,,,,,,,,0,0,-1001,2,1,0,,,,,
1790035897.5170507,ATTITUDE,,,,,,,,,,,,,,,0.002502174349501729,0.002239258261397481,0.7868300080299377,,
1790035897.5187716,RAW_IMU,,,,,,,,,0,0,-1001,0,0,0,,,,,
1790035897.538965,ATTITUDE,,,,,,,,,,,,,,,0.0025442796759307384,0.0022614747285842896,0.7868285775184631,,
1790035897.5409882,RAW_IMU,,,,,,,,,0,0,-1001,3,1,0,,,,,
1790035897.5607276,ATTITUDE,,,,,,,,,,,,,,,0.0025340162683278322,0.00224498868919909,0.7868258357048035,,
1790035897.562794,RAW_IMU,,,,,,,,,0,0,-1001,0,1,0,,,,,
1790035897.5757253,ATTITUDE,,,,,,,,,,,,,,,0.002585140522569418,0.00228534615598619,0.7868242859840393,,
1790035897.5771835,RAW_IMU,,,,,,,,,0,0,-1001,3,2,0,,,,,
1790035897.594715,GLOBAL_POSITION_INT,-35.3615007,149.1673974,591.71,9.993,-0.02,0.0,0.0,45.08,,,,,,,,,,,
1790035897.5955155,GPS_RAW_INT,,,,,,,,,,,,,,,,,,6,10
1790035897.6004062,ATTITUDE,,,,,,,,,,,,,,,0.0025756254326552153,0.0022794008255004883,0.786822497844696,,
1790035897.6016538,RAW_IMU,,,,,,,,,0,0,-1000,0,1,0,,,,,
1790035897.6261914,ATTITUDE,,,,,,,,,,,,,,,0.0026274030096828938,0.0023079391103237867,0.7868199944496155,,
1790035897.627294,RAW_IMU,,,,,,,,,0,0,-1000,3,1,0,,,,,
1790035897.6398273,ATTITUDE,,,,,,,,,,,,,,,0.002617256250232458,0.002319076331332326,0.7868166565895081,,
1790035897.6415174,RAW_IMU,,,,,,,,,0,0,-1000,1,2,0,,,,,
1790035897.6598544,ATTITUDE,,,,,,,,,,,,,,,0.0026588530745357275,0.002330601681023836,0.7868114709854126,,
1790035897.660864,RAW_IMU,,,,,,,,,0,0,-1000,2,1,0,,,,,
1790035897.6800709,ATTITUDE,,,,,,,,,,,,,,,0.0026408941484987736,0.0023519895039498806,0.786806046962738,,
1790035897.6818197,RAW_IMU,,,,,,,,,0,0,-1001,1,2,0,,,,,
1790035897.693779,GLOBAL_POSITION_INT,-35.3615007,149.1673974,591.71,9.993,-0.02,0.0,0.0,45.08,,,,,,,,,,,
1790035897.695235,GPS_RAW_INT,,,,,,,,,,,,,,,,,,6,10
1790035897.6998513,ATTITUDE,,,,,,,,,,,,,,,0.0026653737295418978,0.002330189337953925,0.7867999076843262,,
1790035897.70058,RAW_IMU,,,,,,,,,0,0,-1000,1,0,0,,,,,
1790035897.7197237,ATTITUDE,,,,,,,,,,,,,,,0.002674648305401206,0.002362195635214448,0.7867951393127441,,
1790035897.720465,RAW_IMU,,,,,,,,,0,0,-1001,2,2,0,,,,,
1790035897.739972,ATTITUDE,,,,,,,,,,,,,,,0.0026570744812488556,0.002322322456166148,0.786790132522583,,
1790035897.7416112,RAW_IMU,,,,,,,,,0,0,-1000,0,0,0,,,,,
1790035897.7598286,ATTITUDE,,,,,,,,,,,,,,,0.002701923716813326,0.0023560638073831797,0.7867849469184875,,
1790035897.760937,RAW_IMU,,,,,,,,,0,0,-1000,3,2,0,,,,,
1790035897.7801528,ATTITUDE,,,,,,,,,,,,,,,0.0026846728287637234,0.0023281164467334747,0.7867817878723145,,
1790035897.7821028,RAW_IMU,,,,,,,,,0,0,-1000,0,0,0,,,,,
1790035897.7948916,GLOBAL_POSITION_INT,-35.3615007,149.1673974,591.71,9.994,-0.02,0.0,0.0,45.07,,,,,,,,,,,
1790035897.7957826,GPS_RAW_INT,,,,,,,,,,,,,,,,,,6,10
1790035897.797715,ATTITUDE,,,,,,,,,,,,,,,0.0027140467427670956,0.0022988750133663416,0.7867799997329712,,
1790035897.7987177,RAW_IMU,,,,,,,,,0,0,-1000,2,0,0,,,,,
1790035897.8155074,ATTITUDE,,,,,,,,,,,,,,,0.0027428953908383846,0.0023175894748419523,0.7867788076400757,,
1790035897.8171926,RAW_IMU,,,,,,,,,0,0,-1000,2,1,0,,,,,
1790035897.8358328,ATTITUDE,,,,,,,,,,,,,,,0.002771786181256175,0.0022875298745930195,0.7867752909660339,,
1790035897.8368123,RAW_IMU,,,,,,,,,0,0,-1000,2,0,0,,,,,
1790035897.8810716,ATTITUDE,,,,,,,,,,,,,,,0.002799062756821513,0.0023107242304831743,0.7867688536643982,,
1790035897.8823113,RAW_IMU,,,,,,,,,0,0,-1000,2,2,0,,,,,
1790035897.8836765,ATTITUDE,,,,,,,,,,,,,,,0.0028202482499182224,0.0022795076947659254,0.7867592573165894,,
1790035897.8848338,RAW_IMU,,,,,,,,,0,0,-1000,2,0,0,,,,,
1790035897.8946548,GLOBAL_POSITION_INT,-35.3615007,149.1673974,591.71,9.994,-0.02,0.0,0.0,45.07,,,,,,,,,,,
1790035897.8955564,GPS_RAW_INT,,,,,,,,,,,,,,,,,,6,10
1790035897.900252,ATTITUDE,,,,,,,,,,,,,,,0.002823799615725875,0.002318349666893482,0.7867492437362671,,
1790035897.9013395,RAW_IMU,,,,,,,,,0,0,-1000,1,3,0,,,,,
1790035897.920377,ATTITUDE,,,,,,,,,,,,,,,0.00282656610943377,0.002264192560687661,0.7867398858070374,,
1790035897.9209828,RAW_IMU,,,,,,,,,0,0,-1000,1,-1,0,,,,,
1790035897.9403338,ATTITUDE,,,,,,,,,,,,,,,0.0028145841788500547,0.002291496377438307,0.7867323160171509,,
1790035897.9414732,RAW_IMU,,,,,,,,,0,0,-1000,1,1,0,,,,,
1790035897.960254,ATTITUDE,,,,,,,,,,,,,,,0.0028327140025794506,0.002311426680535078,0.786724865436554,,
1790035897.9612014,RAW_IMU,,,,,,,,,0,0,-1000,1,2,0,,,,,
1790035897.9805822,ATTITUDE,,,,,,,,,,,,,,,0.00282123195938766,0.002317756647244096,0.7867205739021301,,
1790035897.9827025,RAW_IMU,,,,,,,,,0,0,-1000,1,1,0,,,,,
1790035897.994735,GLOBAL_POSITION_INT,-35.3615007,149.1673974,591.71,9.995,-0.02,0.0,0.0,45.07,,,,,,,,,,,
1790035897.9955802,GPS_RAW_INT,,,,,,,,,,,,,,,,,,6,10
1790035897.997229,ATTITUDE,,,,,,,,,,,,,,,0.0028238859958946705,0.002325042150914669,0.7867196798324585,,
1790035897.999089,RAW_IMU,,,,,,,,,0,0,-1000,0,1,0,,,,,
1790035898.0157025,ATTITUDE,,,,,,,,,,,,,,,0.0028261623810976744,0.0023328301031142473,0.7867213487625122,,
1790035898.017113,RAW_IMU,,,,,,,,,0,0,-1000,1,1,0,,,,,
1790035898.0402462,ATTITUDE,,,,,,,,,,,,,,,0.002817516913637519,0.0023407398257404566,0.7867257595062256,,
1790035898.0412068,RAW_IMU,,,,,,,,,0,0,-1000,0,1,0,,,,,
1790035898.0557268,ATTITUDE,,,,,,,,,,,,,,,0.0028182377573102713,0.0023487515281885862,0.7867313027381897,,
1790035898.0572186,RAW_IMU,,,,,,,,,0,0,-1000,1,1,1,,,,,
1790035898.0756521,ATTITUDE,,,,,,,,,,,,,,,0.0027885399758815765,0.002350854454562068,0.786738932132721,,
1790035898.076755,RAW_IMU,,,,,,,,,0,0,-1000,0,1,1,,,,,
1790035898.0953631,GLOBAL_POSITION_INT,-35.3615007,149.1673974,591.71,9.995,-0.02,0.0,0.0,45.07,,,,,,,,,,,
1790035898.0960226,GPS_RAW_INT,,,,,,,,,,,,,,,,,,6,10
1790035898.0971456,ATTITUDE,,,,,,,,,,,,,,,0.0027872086502611637,0.002353841904550791,0.7867503762245178,,
1790035898.0981529,RAW_IMU,,,,,,,,,0,0,-1000,1,1,1,,,,,
1790035898.1261113,ATTITUDE,,,,,,,,,,,,,,,0.002758763264864683,0.0023573979269713163,0.7867641448974609,,
1790035898.1285543,RAW_IMU,,,,,,,,,0,0,-1000,0,1,1,,,,,
1790035898.135418,ATTITUDE,,,,,,,,,,,,,,,0.00277295452542603,0.0023614801466464996,0.7867798805236816,,
1790035898.1366847,RAW_IMU,,,,,,,,,0,0,-1000,2,1,1,,,,,
1790035898.1556995,ATTITUDE,,,,,,,,,,,,,,,0.0027515122201293707,0.002360663842409849,0.7867968678474426,,
1790035898.1568396,RAW_IMU,,,,,,,,,0,0,-1000,0,1,1,,,,,
1790035898.176275,ATTITUDE,,,,,,,,,,,,,,,0.0027653619181364775,0.00235259672626853,0.7868128418922424,,
1790035898.1779332,RAW_IMU,,,,,,,,,0,0,-1001,2,0,1,,,,,
1790035898.1969733,GLOBAL_POSITION_INT,-35.3615007,149.1673974,591.71,9.995,-0.02,0.0,0.0,45.08,,,,,,,,,,,
1790035898.19819,GPS_RAW_INT,,,,,,,,,,,,,,,,,,6,10
1790035898.2002199,ATTITUDE,,,,,,,,,,,,,,,0.0027454711962491274,0.002389040542766452,0.7868276238441467,,
1790035898.20214,RAW_IMU,,,,,,,,,0,0,-1001,0,3,1,,,,,
1790035898.2168055,ATTITUDE,,,,,,,,,,,,,,,0.002771920757368207,0.002354154596105218,0.786841094493866,,
1790035898.2180445,RAW_IMU,,,,,,,,,0,0,-1000,2,0,1,,,,,
1790035898.2369652,ATTITUDE,,,,,,,,,,,,,,,0.002798967994749546,0.0024058655835688114,0.786851704120636,,
1790035898.238344,RAW_IMU,,,,,,,,,0,0,-1000,2,3,1,,,,,
1790035898.2578225,ATTITUDE,,,,,,,,,,,,,,,0.002824773546308279,0.0023678471334278584,0.7868576645851135,,
1790035898.2590237,RAW_IMU,,,,,,,,,0,0,-1000,2,0,1,,,,,
1790035898.2781146,ATTITUDE,,,,,,,,,,,,,,,0.002845649840310216,0.0024068381171673536,0.786859393119812,,
1790035898.278883,RAW_IMU,,,,,,,,,0,0,-1000,2,2,0,,,,,
1790035898.2975163,GLOBAL_POSITION_INT,-35.3615007,149.1673974,591.71,9.995,-0.02,0.0,0.0,45.08,,,,,,,,,,,
1790035898.2985713,GPS_RAW_INT,,,,,,,,,,,,,,,,,,6,10
1790035898.3005958,ATTITUDE,,,,,,,,,,,,,,,0.0028640860691666603,0.0023724406491965055,0.7868578433990479,,
1790035898.30168,RAW_IMU,,,,,,,,,0,0,-1000,2,0,0,,,,,
1790035898.3173363,ATTITUDE,,,,,,,,,,,,,,,0.002881042193621397,0.0024093862157315016,0.7868543267250061,,
1790035898.3183758,RAW_IMU,,,,,,,,,0,0,-1000,2,2,0,,,,,
1790035898.3353636,ATTITUDE,,,,,,,,,,,,,,,0.002898610895499587,0.0023754453286528587,0.7868485450744629,,
1790035898.3359823,RAW_IMU,,,,,,,,,0,0,-1000,2,0,0,,,,,
1790035898.365664,ATTITUDE,,,,,,,,,,,,,,,0.0029146529268473387,0.0024127578362822533,0.786838173866272,,
1790035898.3660083,RAW_IMU,,,,,,,,,0,0,-1000,2,2,0,,,,,
1790035898.375954,ATTITUDE,,,,,,,,,,,,,,,0.002907779300585389,0.0023786788806319237,0.7868251204490662,,
1790035898.3768325,RAW_IMU,,,,,,,,,0,0,-1001,0,0,0,,,,,
1790035898.3934999,GLOBAL_POSITION_INT,-35.3615007,149.1673974,591.71,9.995,-0.02,0.0,0.0,45.08,,,,,,,,,,,
1790035898.3939333,GPS_RAW_INT,,,,,,,,,,,,,,,,,,6,10
1790035898.3990672,ATTITUDE,,,,,,,,,,,,,,,0.0029390070121735334,0.0024181846529245377,0.7868142127990723,,
1790035898.3994746,RAW_IMU,,,,,,,,,0,0,-1001,2,2,0,,,,,
1790035898.4165845,ATTITUDE,,,,,,,,,,,,,,,0.0029040882363915443,0.002380773425102234,0.7868043184280396,,
1790035898.4167979,RAW_IMU,,,,,,,,,0,0,-1001,0,0,0,,,,,
1790035898.4396293,ATTITUDE,,,,,,,,,,,,,,,0.0029503803234547377,0.002416397677734494,0.7867951393127441,,
1790035898.4401178,RAW_IMU,,,,,,,,,0,0,-1001,3,2,0,,,,,
1790035898.457295,ATTITUDE,,,,,,,,,,,,,,,0.002905139233916998,0.002406718675047159,0.7867846488952637,,
1790035898.4579546,RAW_IMU,,,,,,,,,0,0,-1001,0,1,0,,,,,
1790035898.4755683,ATTITUDE,,,,,,,,,,,,,,,0.002935793250799179,0.0024218217004090548,0.7867763042449951,,
1790035898.4768023,RAW_IMU,,,,,,,,,0,0,-1001,2,1,0,,,,,
1790035898.4947927,GLOBAL_POSITION_INT,-35.3615007,149.1673974,591.71,9.995,-0.02,0.0,0.0,45.07,,,,,,,,,,,
1790035898.4962819,GPS_RAW_INT,,,,,,,,,,,,,,,,,,6,10
1790035898.4975815,ATTITUDE,,,,,,,,,,,,,,,0.0028887055814266205,0.0024078309070318937,0.786767303943634,,
1790035898.499039,RAW_IMU,,,,,,,,,0,0,-1001,0,1,0,,,,,
1790035898.5153103,ATTITUDE,,,,,,,,,,,,,,,0.002908516675233841,0.002421739511191845,0.7867605686187744,,
1790035898.5159159,RAW_IMU,,,,,,,,,0,0,-1001,1,1,0,,,,,
1790035898.535684,ATTITUDE,,,,,,,,,,,,,,,0.0028647189028561115,0.0024082637391984463,0.7867544889450073,,
1790035898.536545,RAW_IMU,,,,,,,,,0,0,-1001,0,1,0,,,,,
1790035898.5562823,ATTITUDE,,,,,,,,,,,,,,,0.0028949386905878782,0.0024095664266496897,0.7867476344108582,,
1790035898.557682,RAW_IMU,,,,,,,,,0,0,-1001,2,0,0,,,,,
1790035898.5763435,ATTITUDE,,,,,,,,,,,,,,,0.002878936706110835,0.0024430390913039446,0.7867432236671448,,
1790035898.5777562,RAW_IMU,,,,,,,,,0,0,-1001,1,3,0,,,,,
1790035898.595835,GLOBAL_POSITION_INT,-35.3615007,149.1673974,591.71,9.995,-0.02,0.0,0.0,45.07,,,,,,,,,,,
1790035898.596804,GPS_RAW_INT,,,,,,,,,,,,,,,,,,6,10
1790035898.5991712,ATTITUDE,,,,,,,,,,,,,,,0.00291095650754869,0.002434748923406005,0.7867394685745239,,
1790035898.600941,RAW_IMU,,,,,,,,,0,0,-1001,2,0,0,,,,,
1790035898.625562,ATTITUDE,,,,,,,,,,,,,,,0.002912756521254778,0.0024795036297291517,0.7867376804351807,,
1790035898.6260114,RAW_IMU,,,,,,,,,0,0,-1001,1,3,0,,,,,
1790035898.6360688,ATTITUDE,,,,,,,,,,,,,,,0.0029319070745259523,0.002473102882504463,0.7867381572723389,,
1790035898.6369283,RAW_IMU,,,,,,,,,0,0,-1001,1,0,0,,,,,
1790035898.655808,ATTITUDE,,,,,,,,,,,,,,,0.0029499612282961607,0.0025189088191837072,0.7867388129234314,,
1790035898.6570444,RAW_IMU,,,,,,,,,0,0,-1001,2,3,0,,,,,
1790035898.6754642,ATTITUDE,,,,,,,,,,,,,,,0.002947011264041066,0.0025154638569802046,0.7867392301559448,,
1790035898.6765344,RAW_IMU,,,,,,,,,0,0,-1001,0,1,0,,,,,
1790035898.695425,GLOBAL_POSITION_INT,-35.3615007,149.1673974,591.71,9.995,-0.02,0.0,0.0,45.07,,,,,,,,,,,
1790035898.6963868,GPS_RAW_INT,,,,,,,,,,,,,,,,,,6,10
1790035898.6980095,ATTITUDE,,,,,,,,,,,,,,,0.0029576956294476986,0.0025529111735522747,0.7867420315742493,,
1790035898.699345,RAW_IMU,,,,,,,,,0,0,-1001,2,3,0,,,,,
1790035898.7153757,ATTITUDE,,,,,,,,,,,,,,,0.002937600016593933,0.0025294688530266285,0.7867451906204224,,
1790035898.7163827,RAW_IMU,,,,,,,,,0,0,-1001,0,0,0,,,,,
1790035898.7401922,ATTITUDE,,,,,,,,,,,,,,,0.002962848637253046,0.0025747548788785934,0.7867493033409119,,
1790035898.7416632,RAW_IMU,,,,,,,,,0,0,-1001,2,3,0,,,,,
1790035898.7604294,ATTITUDE,,,,,,,,,,,,,,,0.0029326709918677807,0.0025413278490304947,0.7867514491081238,,
1790035898.7613585,RAW_IMU,,,,,,,,,0,0,-1001,0,0,0,,,,,
1790035898.7807908,ATTITUDE,,,,,,,,,,,,,,,0.0029637461993843317,0.0025957792531698942,0.7867534756660461,,
1790035898.7828765,RAW_IMU,,,,,,,,,0,0,-1001,2,3,0,,,,,
1790035898.7938254,GLOBAL_POSITION_INT,-35.3615007,149.1673974,591.71,9.995,-0.02,0.0,0.0,45.07,,,,,,,,,,,
1790035898.795516,GPS_RAW_INT,,,,,,,,,,,,,,,,,,6,10
1790035898.7996173,ATTITUDE,,,,,,,,,,,,,,,0.0029441053047776222,0.002569678006693721,0.7867569923400879,,
1790035898.8007653,RAW_IMU,,,,,,,,,0,0,-1001,0,0,0,,,,,
1790035898.8195994,ATTITUDE,,,,,,,,,,,,,,,0.0029994617216289043,0.0026283871848136187,0.7867591381072998,,
1790035898.8211768,RAW_IMU,,,,,,,,,0,0,-1001,3,3,0,,,,,
1790035898.8396487,ATTITUDE,,,,,,,,,,,,,,,0.0029793353751301765,0.002624180633574724,0.7867620587348938,,
1790035898.8414366,RAW_IMU,,,,,,,,,0,0,-1000,0,1,0,,,,,
1790035898.875301,ATTITUDE,,,,,,,,,,,,,,,0.0030363472178578377,0.0026678936555981636,0.7867633700370789,,
1790035898.8763034,RAW_IMU,,,,,,,,,0,0,-1000,3,2,0,,,,,
1790035898.8797615,ATTITUDE,,,,,,,,,,,,,,,0.0030095181427896023,0.002671876223757863,0.786765456199646,,
1790035898.8812382,RAW_IMU,,,,,,,,,0,0,-1001,0,2,0,,,,,
1790035898.8938599,GLOBAL_POSITION_INT,-35.3615007,149.1673974,591.71,9.996,-0.02,0.0,0.0,45.07,,,,,,,,,,,
1790035898.8954153,GPS_RAW_INT,,,,,,,,,,,,,,,,,,6,10
1790035898.899331,ATTITUDE,,,,,,,,,,,,,,,0.003049467923119664,0.0026798704639077187,0.7867684364318848,,
1790035898.9003727,RAW_IMU,,,,,,,,,0,0,-1001,2,1,1,,,,,
1790035898.9188247,ATTITUDE,,,,,,,,,,,,,,,0.0030238411854952574,0.00269690016284585,0.7867727875709534,,
1790035898.9198904,RAW_IMU,,,,,,,,,0,0,-1001,0,2,1,,,,,
1790035898.9388518,ATTITUDE,,,,,,,,,,,,,,,0.0030450327321887016,0.0027031402569264174,0.7867767214775085,,
1790035898.940136,RAW_IMU,,,,,,,,,0,0,-1001,1,1,0,,,,,
1790035898.9590018,ATTITUDE,,,,,,,,,,,,,,,0.003047628328204155,0.0027264247182756662,0.7867779731750488,,
1790035898.9600773,RAW_IMU,,,,,,,,,0,0,-1000,1,2,0,,,,,
1790035898.9789014,ATTITUDE,,,,,,,,,,,,,,,0.0030589213129132986,0.0027199045289307833,0.7867799401283264,,
1790035898.9807293,RAW_IMU,,,,,,,,,0,0,-1001,1,0,0,,,,,
1790035898.998605,GLOBAL_POSITION_INT,-35.3615007,149.1673974,591.71,9.996,-0.02,0.0,0.0,45.07,,,,,,,,,,,
1790035898.9998481,GPS_RAW_INT,,,,,,,,,,,,,,,,,,6,10
1790035899.001273,ATTITUDE,,,,,,,,,,,,,,,0.003093031235039234,0.0027509271167218685,0.786783754825592,,
1790035899.0026278,RAW_IMU,,,,,,,,,0,0,-1001,3,2,1,,,,,
1790035899.018807,ATTITUDE,,,,,,,,,,,,,,,0.0030780923552811146,0.0027172639966011047,0.7867868542671204,,
1790035899.020119,RAW_IMU,,,,,,,,,0,0,-1001,0,0,0,,,,,
1790035899.038743,ATTITUDE,,,,,,,,,,,,,,,0.003123697591945529,0.0027728790882974863,0.7867913842201233,,
1790035899.0402906,RAW_IMU,,,,,,,,,0,0,-1000,3,3,0,,,,,
1790035899.0598407,ATTITUDE,,,,,,,,,,,,,,,0.0031051873229444027,0.0027472705114632845,0.7867933511734009,,
1790035899.0615687,RAW_IMU,,,,,,,,,0,0,-1000,0,0,0,,,,,
1790035899.0794406,ATTITUDE,,,,,,,,,,,,,,,0.003099844790995121,0.002784090582281351,0.7867939472198486,,
1790035899.080976,RAW_IMU,,,,,,,,,0,0,-1000,0,2,0,,,,,
1790035899.0942879,GLOBAL_POSITION_INT,-35.3615007,149.1673974,591.71,9.996,-0.02,0.0,0.0,45.07,,,,,,,,,,,
1790035899.0952315,GPS_RAW_INT,,,,,,,,,,,,,,,,,,6,10
1790035899.0995522,ATTITUDE,,,,,,,,,,,,,,,0.0030925150495022535,0.00274655525572598,0.7867912650108337,,
1790035899.1009295,RAW_IMU,,,,,,,,,0,0,-1000,1,0,0,,,,,
1790035899.1265297,ATTITUDE,,,,,,,,,,,,,,,0.003085916396230459,0.0027628454845398664,0.7867873311042786,,
1790035899.1278722,RAW_IMU,,,,,,,,,0,0,-1000,1,1,0,,,,,
1790035899.139753,ATTITUDE,,,,,,,,,,,,,,,0.0030811454635113478,0.002727854996919632,0.7867817878723145,,
1790035899.141561,RAW_IMU,,,,,,,,,0,0,-1000,1,0,0,,,,,
1790035899.1604164,ATTITUDE,,,,,,,,,,,,,,,0.0030754932668060064,0.002751999767497182,0.7867744565010071,,
1790035899.1618252,RAW_IMU,,,,,,,,,0,0,-1000,1,1,0,,,,,
1790035899.1799016,ATTITUDE,,,,,,,,,,,,,,,0.0030710177961736917,0.0027297362685203552,0.7867633104324341,,
1790035899.1811168,RAW_IMU,,,,,,,,,0,0,-1000,1,1,0,,,,,
1790035899.1936164,GLOBAL_POSITION_INT,-35.3615007,149.1673974,591.71,9.997,-0.02,0.0,0.0,45.07,,,,,,,,,,,
1790035899.194991,GPS_RAW_INT,,,,,,,,,,,,,,,,,,6,10
1790035899.1995623,ATTITUDE,,,,,,,,,,,,,,,0.003068440593779087,0.0027375922072678804,0.7867504954338074,,
1790035899.2012844,RAW_IMU,,,,,,,,,0,0,-1000,1,0,0,,,,,
1790035899.2194607,ATTITUDE,,,,,,,,,,,,,,,0.003111479105427861,0.002731893677264452,0.7867392897605896,,
1790035899.2205708,RAW_IMU,,,,,,,,,0,0,-1001,3,1,0,,,,,
1790035899.2396932,ATTITUDE,,,,,,,,,,,,,,,0.0030816462822258472,0.0027269332204014063,0.7867301106452942,,
1790035899.2411833,RAW_IMU,,,,,,,,,0,0,-1001,0,0,0,,,,,
1790035899.2597806,ATTITUDE,,,,,,,,,,,,,,,0.003123199800029397,0.0027386292349547148,0.7867202758789062,,
1790035899.2608635,RAW_IMU,,,,,,,,,0,0,-1000,2,2,0,,,,,
1790035899.279676,ATTITUDE,,,,,,,,,,,,,,,0.0030903583392500877,0.0027031407225877047,0.7867103219032288,,
1790035899.281064,RAW_IMU,,,,,,,,,0,0,-1000,0,0,0,,,,,
1790035899.2948601,GLOBAL_POSITION_INT,-35.3615007,149.1673974,591.71,9.997,-0.02,0.0,0.0,45.07,,,,,,,,,,,
1790035899.2956197,GPS_RAW_INT,,,,,,,,,,,,,,,,,,6,10
1790035899.2994251,ATTITUDE,,,,,,,,,,,,,,,0.0031145575921982527,0.0026952933985739946,0.7867032885551453,,
1790035899.3006833,RAW_IMU,,,,,,,,,0,0,-1000,1,0,0,,,,,
1790035899.3195305,ATTITUDE,,,,,,,,,,,,,,,0.0030933376401662827,0.002687921980395913,0.786700963973999,,
1790035899.320672,RAW_IMU,,,,,,,,,0,0,-1000,1,1,0,,,,,
1790035899.339566,ATTITUDE,,,,,,,,,,,,,,,0.0031213131733238697,0.0026813666336238384,0.7867023348808289,,
1790035899.3409095,RAW_IMU,,,,,,,,,0,0,-1000,1,1,0,,,,,
1790035899.3720233,ATTITUDE,,,,,,,,,,,,,,,0.0031146223191171885,0.0026755284052342176,0.7867045998573303,,
1790035899.3733664,RAW_IMU,,,,,,,,,0,0,-1000,1,1,1,,,,,
1790035899.3803985,ATTITUDE,,,,,,,,,,,,,,,0.003127034055069089,0.0026700650341808796,0.7867110967636108,,
1790035899.3821833,RAW_IMU,,,,,,,,,0,0,-1000,1,1,1,,,,,
1790035899.3946095,GLOBAL_POSITION_INT,-35.3615007,149.1673974,591.71,9.997,-0.02,0.0,0.0,45.07,,,,,,,,,,,
1790035899.3953083,GPS_RAW_INT,,,,,,,,,,,,,,,,,,6,10
1790035899.4005697,ATTITUDE,,,,,,,,,,,,,,,0.0031551045831292868,0.002666872926056385,0.7867202758789062,,
1790035899.4017286,RAW_IMU,,,,,,,,,0,0,-1000,3,1,1,,,,,
1790035899.4203982,ATTITUDE,,,,,,,,,,,,,,,0.00313472468405962,0.002663656137883663,0.7867345809936523,,
1790035899.4213736,RAW_IMU,,,,,,,,,0,0,-1000,0,1,1,,,,,
1790035899.4396698,ATTITUDE,,,,,,,,,,,,,,,0.003188987961038947,0.0026623252779245377,0.7867525219917297,,
1790035899.440405,RAW_IMU,,,,,,,,,0,0,-1000,3,1,1,,,,,
1790035899.4596589,ATTITUDE,,,,,,,,,,,,,,,0.0031603830866515636,0.002662251004949212,0.7867713570594788,,
1790035899.460978,RAW_IMU,,,,,,,,,0,0,-1000,0,1,1,,,,,
1790035899.4798622,ATTITUDE,,,,,,,,,,,,,,,0.003193208249285817,0.002655584365129471,0.7867904901504517,,
1790035899.481124,RAW_IMU,,,,,,,,,0,0,-1000,2,0,1,,,,,
1790035899.4940255,GLOBAL_POSITION_INT,-35.3615007,149.1673974,591.71,9.998,-0.02,0.0,0.0,45.08,,,,,,,,,,,
1790035899.4948752,GPS_RAW_INT,,,,,,,,,,,,,,,,,,6,10
1790035899.499618,ATTITUDE,,,,,,,,,,,,,,,0.003159125102683902,0.002682652324438095,0.7868081331253052,,
1790035899.5006835,RAW_IMU,,,,,,,,,0,0,-1001,0,2,1,,,,,
1790035899.5196733,ATTITUDE,,,,,,,,,,,,,,,0.0031981151551008224,0.0026539936661720276,0.7868239879608154,,
1790035899.5208645,RAW_IMU,,,,,,,,,0,0,-1001,2,0,1,,,,,
1790035899.5396018,ATTITUDE,,,,,,,,,,,,,,,0.003190431045368314,0.002699949312955141,0.7868377566337585,,
1790035899.5404348,RAW_IMU,,,,,,,,,0,0,-1000,1,3,1,,,,,
1790035899.5594966,ATTITUDE,,,,,,,,,,,,,,,0.0031790516804903746,0.00265620113350451,0.786846935749054,,
1790035899.5602865,RAW_IMU,,,,,,,,,0,0,-1000,0,0,1,,,,,
1790035899.5797398,ATTITUDE,,,,,,,,,,,,,,,0.0031692269258201122,0.002687498927116394,0.7868518233299255,,
1790035899.5807116,RAW_IMU,,,,,,,,,0,0,-1000,0,2,1,,,,,
1790035899.5936859,GLOBAL_POSITION_INT,-35.3615007,149.1673974,591.71,9.998,-0.02,0.0,0.0,45.08,,,,,,,,,,,
1790035899.5948641,GPS_RAW_INT,,,,,,,,,,,,,,,,,,6,10
1790035899.5993245,ATTITUDE,,,,,,,,,,,,,,,0.0031603635288774967,0.0026455912739038467,0.7868549823760986,,
1790035899.6011205,RAW_IMU,,,,,,,,,0,0,-1000,0,0,1,,,,,
1790035899.626203,ATTITUDE,,,,,,,,,,,,,,,0.0031526817474514246,0.0026950801257044077,0.7868562340736389,,
1790035899.627496,RAW_IMU,,,,,,,,,0,0,-1000,0,3,0,,,,,
1790035899.6396124,ATTITUDE,,,,,,,,,,,,,,,0.003146572271361947,0.0026628461200743914,0.7868536710739136,,
1790035899.6407864,RAW_IMU,,,,,,,,,0,0,-1000,0,0,0,,,,,
1790035899.6595383,ATTITUDE,,,,,,,,,,,,,,,0.0031417522113770247,0.0026902114041149616,0.7868466377258301,,
1790035899.6607163,RAW_IMU,,,,,,,,,0,0,-1000,0,1,0,,,,,
1790035899.6796758,ATTITUDE,,,,,,,,,,,,,,,0.0031321134883910418,0.002648939611390233,0.786835789680481,,
1790035899.681062,RAW_IMU,,,,,,,,,0,0,-1000,0,0,0,,,,,
1790035899.6943154,GLOBAL_POSITION_INT,-35.3615007,149.1673974,591.71,9.998,-0.02,0.0,0.0,45.08,,,,,,,,,,,
1790035899.6951134,GPS_RAW_INT,,,,,,,,,,,,,,,,,,6,10
1790035899.700303,ATTITUDE,,,,,,,,,,,,,,,0.0031137666665017605,0.002641122555360198,0.7868239283561707,,
1790035899.7011642,RAW_IMU,,,,,,,,,0,0,-1000,0,0,0,,,,,
1790035899.7194684,ATTITUDE,,,,,,,,,,,,,,,0.003109148470684886,0.0025997639168053865,0.786809504032135,,
1790035899.720418,RAW_IMU,,,,,,,,,0,0,-1001,1,0,0,,,,,
1790035899.7396746,ATTITUDE,,,,,,,,,,,,,,,0.0030597893055528402,0.0025960570201277733,0.7867949604988098,,
1790035899.7408483,RAW_IMU,,,,,,,,,0,0,-1001,0,0,0,,,,,
1790035899.7594507,ATTITUDE,,,,,,,,,,,,,,,0.003067886922508478,0.0025749444030225277,0.7867798805236816,,
1790035899.7604969,RAW_IMU,,,,,,,,,0,0,-1001,1,0,0,,,,,
1790035899.7797153,ATTITUDE,,,,,,,,,,,,,,,0.0030163568444550037,0.0025551000144332647,0.7867658138275146,,
1790035899.7819927,RAW_IMU,,,,,,,,,0,0,-1001,0,0,0,,,,,
1790035899.7935426,GLOBAL_POSITION_INT,-35.3615007,149.1673974,591.71,9.997,-0.02,0.0,0.0,45.07,,,,,,,,,,,
1790035899.794702,GPS_RAW_INT,,,,,,,,,,,,,,,,,,6,10
1790035899.7994714,ATTITUDE,,,,,,,,,,,,,,,0.003054988104850054,0.0025538087356835604,0.786753237247467,,
1790035899.8003983,RAW_IMU,,,,,,,,,0,0,-1001,2,1,0,,,,,
1790035899.8195004,ATTITUDE,,,,,,,,,,,,,,,0.0030299443751573563,0.0025404237676411867,0.786744236946106,,
1790035899.8205464,RAW_IMU,,,,,,,,,0,0,-1001,0,0,0,,,,,
1790035899.8395538,ATTITUDE,,,,,,,,,,,,,,,0.003068525344133377,0.0025559074711054564,0.7867376804351807,,
1790035899.8409503,RAW_IMU,,,,,,,,,0,0,-1001,2,2,0,,,,,
1790035899.877878,ATTITUDE,,,,,,,,,,,,,,,0.0030404150020331144,0.0025317722465842962,0.7867304682731628,,
1790035899.8787684,RAW_IMU,,,,,,,,,0,0,-1001,0,0,0,,,,,
1790035899.880208,ATTITUDE,,,,,,,,,,,,,,,0.003057061228901148,0.00254973117262125,0.7867236137390137,,
1790035899.881749,RAW_IMU,,,,,,,,,0,0,-1001,1,2,0,,,,,
1790035899.8942635,GLOBAL_POSITION_INT,-35.3615007,149.1673974,591.71,9.997,-0.02,0.0,0.0,45.07,,,,,,,,,,,
1790035899.8954766,GPS_RAW_INT,,,,,,,,,,,,,,,,,,6,10
1790035899.9001956,ATTITUDE,,,,,,,,,,,,,,,0.0030049679335206747,0.002502990886569023,0.786719560623169,,
1790035899.9017835,RAW_IMU,,,,,,,,,0,0,-1001,0,0,0,,,,,
1790035899.9194798,ATTITUDE,,,,,,,,,,,,,,,0.003012229222804308,0.0025241230614483356,0.7867155075073242,,
1790035899.9203765,RAW_IMU,,,,,,,,,0,0,-1001,1,2,0,,,,,
1790035899.939439,ATTITUDE,,,,,,,,,,,,,,,0.0029714228585362434,0.0024771213065832853,0.7867140769958496,,
1790035899.9407985,RAW_IMU,,,,,,,,,0,0,-1001,0,0,0,,,,,
1790035899.959624,ATTITUDE,,,,,,,,,,,,,,,0.00295068696141243,0.0024993657134473324,0.7867128849029541,,
1790035899.9607265,RAW_IMU,,,,,,,,,0,0,-1001,0,2,0,,,,,
1790035899.9816635,ATTITUDE,,,,,,,,,,,,,,,0.0029468561988323927,0.002457887399941683,0.786713182926178,,
1790035899.9821098,RAW_IMU,,,,,,,,,0,0,-1001,1,0,0,,,,,
1790035899.9944208,GLOBAL_POSITION_INT,-35.3615007,149.1673974,591.71,9.997,-0.02,0.0,0.0,45.07,,,,,,,,,,,
1790035899.9950655,GPS_RAW_INT,,,,,,,,,,,,,,,,,,6,10
1790035900.0002272,ATTITUDE,,,,,,,,,,,,,,,0.002928429050371051,0.0024934534449130297,0.786715030670166,,
1790035900.001731,RAW_IMU,,,,,,,,,0,0,-1001,0,2,0,,,,,
1790035900.0207121,ATTITUDE,,,,,,,,,,,,,,,0.00292784022167325,0.0024592988193035126,0.7867187857627869,,
1790035900.0228477,RAW_IMU,,,,,,,,,0,0,-1001,1,0,0,,,,,
1790035900.0407183,ATTITUDE,,,,,,,,,,,,,,,0.0029123914428055286,0.002489847131073475,0.7867242693901062,,
1790035900.0442233,RAW_IMU,,,,,,,,,0,0,-1001,0,2,1,,,,,
1790035900.060515,ATTITUDE,,,,,,,,,,,,,,,0.0029278392903506756,0.0024604236241430044,0.7867268919944763,,
1790035900.0612638,RAW_IMU,,,,,,,,,0,0,-1001,2,0,1,,,,,
1790035900.0791194,ATTITUDE,,,,,,,,,,,,,,,0.0029004530515521765,0.00246222666464746,0.7867286205291748,,
1790035900.0798407,RAW_IMU,,,,,,,,,0,0,-1001,0,0,1,,,,,
1790035900.0972898,GLOBAL_POSITION_INT,-35.3615007,149.1673974,591.71,9.997,-0.02,0.0,0.0,45.07,,,,,,,,,,,
1790035900.0981822,GPS_RAW_INT,,,,,,,,,,,,,,,,,,6,10
1790035900.0989442,ATTITUDE,,,,,,,,,,,,,,,0.0029057669453322887,0.0024600208271294832,0.7867311239242554,,
1790035900.0997086,RAW_IMU,,,,,,,,,0,0,-1001,1,1,0,,,,,
1790035900.1211812,ATTITUDE,,,,,,,,,,,,,,,0.0028598704375326633,0.002429238287732005,0.7867337465286255,,
1790035900.1224678,RAW_IMU,,,,,,,,,0,0,-1001,0,0,0,,,,,
1790035900.136116,ATTITUDE,,,,,,,,,,,,,,,0.002881210297346115,0.002456796122714877,0.7867374420166016,,
1790035900.1370764,RAW_IMU,,,,,,,,,0,0,-1001,2,2,1,,,,,
1790035900.1607308,ATTITUDE,,,,,,,,,,,,,,,0.0028285833541303873,0.002406743122264743,0.7867401838302612,,
1790035900.1619813,RAW_IMU,,,,,,,,,0,0,-1001,-1,-1,1,,,,,
1790035900.1808782,ATTITUDE,,,,,,,,,,,,,,,0.002864543814212084,0.002443530596792698,0.7867435216903687,,
1790035900.1823192,RAW_IMU,,,,,,,,,0,0,-1001,2,2,1,,,,,
1790035900.1949437,GLOBAL_POSITION_INT,-35.3615007,149.1673974,591.71,9.997,-0.02,0.0,0.0,45.07,,,,,,,,,,,
1790035900.1962798,GPS_RAW_INT,,,,,,,,,,,,,,,,,,6,10
1790035900.2005281,ATTITUDE,,,,,,,,,,,,,,,0.0028155779000371695,0.002394320908933878,0.7867465615272522,,
1790035900.2016912,RAW_IMU,,,,,,,,,0,0,-1001,0,0,1,,,,,
1790035900.2206101,ATTITUDE,,,,,,,,,,,,,,,0.0028382129967212677,0.0024181362241506577,0.7867506146430969,,
1790035900.2218385,RAW_IMU,,,,,,,,,0,0,-1000,1,1,1,,,,,
1790035900.2406344,ATTITUDE,,,,,,,,,,,,,,,0.0028269898612052202,0.00239754980430007,0.7867560386657715,,
1790035900.242161,RAW_IMU,,,,,,,,,0,0,-1000,1,0,1,,,,,
1790035900.2555573,ATTITUDE,,,,,,,,,,,,,,,0.0028185781557112932,0.0024145208299160004,0.7867588996887207,,
1790035900.2573051,RAW_IMU,,,,,,,,,0,0,-1000,0,1,1,,,,,
1790035900.2809887,ATTITUDE,,,,,,,,,,,,,,,0.002833385020494461,0.002383578335866332,0.7867617011070251,,
1790035900.2833385,RAW_IMU,,,,,,,,,0,0,-1001,2,0,1,,,,,
1790035900.2948797,GLOBAL_POSITION_INT,-35.3615007,149.1673974,591.71,9.997,-0.02,0.0,0.0,45.07,,,,,,,,,,,
1790035900.2960875,GPS_RAW_INT,,,,,,,,,,,,,,,,,,6,10
1790035900.3005154,ATTITUDE,,,,,,,,,,,,,,,0.0028059238102287054,0.0023847720585763454,0.7867644429206848,,
1790035900.30181,RAW_IMU,,,,,,,,,0,0,-1001,0,0,1,,,,,
1790035900.320675,ATTITUDE,,,,,,,,,,,,,,,0.002832030411809683,0.002366858534514904,0.786767303943634,,
1790035900.32158,RAW_IMU,,,,,,,,,0,0,-1001,2,1,0,,,,,
1790035900.339946,ATTITUDE,,,,,,,,,,,,,,,0.0027808942832052708,0.00235308357514441,0.7867702841758728,,
1790035900.3413255,RAW_IMU,,,,,,,,,0,0,-1001,-1,0,0,,,,,
1790035900.3811755,ATTITUDE,,,,,,,,,,,,,,,0.002818133682012558,0.0023704692721366882,0.7867725491523743,,
1790035900.3816438,RAW_IMU,,,,,,,,,0,0,-1001,2,2,1,,,,,
1790035900.383041,ATTITUDE,,,,,,,,,,,,,,,0.0027795613277703524,0.0023305497597903013,0.7867734432220459,,
1790035900.3851159,RAW_IMU,,,,,,,,,0,0,-1001,0,0,0,,,,,
1790035900.3936515,GLOBAL_POSITION_INT,-35.3615007,149.1673974,591.71,9.998,-0.02,0.0,0.0,45.07,,,,,,,,,,,
1790035900.3952334,GPS_RAW_INT,,,,,,,,,,,,,,,,,,6,10
1790035900.399335,ATTITUDE,,,,,,,,,,,,,,,0.002821557456627488,0.002369964262470603,0.7867767810821533,,
1790035900.401198,RAW_IMU,,,,,,,,,0,0,-1001,2,3,0,,,,,
1790035900.4195652,ATTITUDE,,,,,,,,,,,,,,,0.0028246347792446613,0.0023439479991793633,0.7867792248725891,,
1790035900.42098,RAW_IMU,,,,,,,,,0,0,-1000,1,0,0,,,,,
1790035900.4393106,ATTITUDE,,,,,,,,,,,,,,,0.002823583083227277,0.0023844530805945396,0.7867812514305115,,
1790035900.440318,RAW_IMU,,,,,,,,,0,0,-1000,0,3,0,,,,,
1790035900.459307,ATTITUDE,,,,,,,,,,,,,,,0.0028426542412489653,0.002358886646106839,0.7867805361747742,,
1790035900.460099,RAW_IMU,,,,,,,,,0,0,-1000,2,0,0,,,,,
1790035900.4794676,ATTITUDE,,,,,,,,,,,,,,,0.0028010783717036247,0.0023843205999583006,0.7867776155471802,,
1790035900.4808722,RAW_IMU,,,,,,,,,0,0,-1001,0,2,0,,,,,
1790035900.4936676,GLOBAL_POSITION_INT,-35.3615007,149.1673974,591.71,9.998,-0.02,0.0,0.0,45.07,,,,,,,,,,,
1790035900.4944339,GPS_RAW_INT,,,,,,,,,,,,,,,,,,6,10
1790035900.499303,ATTITUDE,,,,,,,,,,,,,,,0.0028227134607732296,0.002334779128432274,0.7867752909660339,,
1790035900.5001278,RAW_IMU,,,,,,,,,0,0,-1000,2,0,0,,,,,
1790035900.5193768,ATTITUDE,,,,,,,,,,,,,,,0.002776217646896839,0.00235226983204484,0.7867726683616638,,
1790035900.5206084,RAW_IMU,,,,,,,,,0,0,-1000,0,2,0,,,,,
1790035900.539578,ATTITUDE,,,,,,,,,,,,,,,0.0028104730881750584,0.002305635018274188,0.7867709994316101,,
1790035900.540948,RAW_IMU,,,,,,,,,0,0,-1001,2,0,0,,,,,
1790035900.5600846,ATTITUDE,,,,,,,,,,,,,,,0.002775282831862569,0.002325087785720825,0.786767303943634,,
1790035900.5609634,RAW_IMU,,,,,,,,,0,0,-1001,0,2,0,,,,,
1790035900.5794399,ATTITUDE,,,,,,,,,,,,,,,0.0027961512096226215,0.0022724950686097145,0.7867642045021057,,
1790035900.5810146,RAW_IMU,,,,,,,,,0,0,-1000,1,-1,0,,,,,
1790035900.5935075,GLOBAL_POSITION_INT,-35.3615007,149.1673974,591.71,9.998,-0.02,0.0,0.0,45.07,,,,,,,,,,,
1790035900.594272,GPS_RAW_INT,,,,,,,,,,,,,,,,,,6,10
1790035900.599269,ATTITUDE,,,,,,,,,,,,,,,0.0027979020960628986,0.0023042024113237858,0.7867625951766968,,
1790035900.6004686,RAW_IMU,,,,,,,,,0,0,-1000,1,2,0,,,,,
1790035900.629007,ATTITUDE,,,,,,,,,,,,,,,0.0027829871978610754,0.0022616551723331213,0.7867597937583923,,
1790035900.6304705,RAW_IMU,,,,,,,,,0,0,-1000,0,0,0,,,,,
1790035900.6393015,ATTITUDE,,,,,,,,,,,,,,,0.002798843663185835,0.002290986943989992,0.7867579460144043,,
1790035900.6404362,RAW_IMU,,,,,,,,,0,0,-1000,2,2,0,,,,,
1790035900.6602695,ATTITUDE,,,,,,,,,,,,,,,0.0028042674530297518,0.0022579170763492584,0.7867519855499268,,
1790035900.6615856,RAW_IMU,,,,,,,,,0,0,-1000,1,0,0,,,,,
1790035900.68036,ATTITUDE,,,,,,,,,,,,,,,0.0028061256743967533,0.002273604506626725,0.7867434620857239,,
1790035900.6817114,RAW_IMU,,,,,,,,,0,0,-1000,1,1,0,,,,,
1790035900.6945567,GLOBAL_POSITION_INT,-35.3615007,149.1673974,591.71,9.998,-0.02,0.0,0.0,45.07,,,,,,,,,,,
1790035900.6954536,GPS_RAW_INT,,,,,,,,,,,,,,,,,,6,10
1790035900.7000368,ATTITUDE,,,,,,,,,,,,,,,0.002779105445370078,0.0022282253485172987,0.7867339253425598,,
1790035900.7009237,RAW_IMU,,,,,,,,,0,0,-1001,0,0,0,,,,,
1790035900.7199988,ATTITUDE,,,,,,,,,,,,,,,0.0027734648901969194,0.0022147265262901783,0.7867271304130554,,
1790035900.7214675,RAW_IMU,,,,,,,,,0,0,-1001,1,0,0,,,,,
1790035900.7393057,ATTITUDE,,,,,,,,,,,,,,,0.0027425074949860573,0.0022011499386280775,0.7867218255996704,,
1790035900.7406938,RAW_IMU,,,,,,,,,0,0,-1001,0,1,0,,,,,
1790035900.7590497,ATTITUDE,,,,,,,,,,,,,,,0.0027531280647963285,0.0021785807330161333,0.7867158651351929,,
1790035900.7606058,RAW_IMU,,,,,,,,,0,0,-1001,2,0,0,,,,,
1790035900.7787337,ATTITUDE,,,,,,,,,,,,,,,0.0027119878213852644,0.002179867820814252,0.7867106795310974,,
1790035900.780681,RAW_IMU,,,,,,,,,0,0,-1000,0,1,0,,,,,
1790035900.7984653,GLOBAL_POSITION_INT,-35.3615007,149.1673974,591.71,9.999,-0.02,0.0,0.0,45.07,,,,,,,,,,,
1790035900.7999797,GPS_RAW_INT,,,,,,,,,,,,,,,,,,6,10
1790035900.8017907,ATTITUDE,,,,,,,,,,,,,,,0.0027504232712090015,0.0021609205286949873,0.7867081165313721,,
1790035900.803351,RAW_IMU,,,,,,,,,0,0,-1000,3,0,0,,,,,
1790035900.8185194,ATTITUDE,,,,,,,,,,,,,,,0.0027018426917493343,0.002173803746700287,0.7867088317871094,,
1790035900.8196275,RAW_IMU,,,,,,,,,0,0,-1000,0,1,0,,,,,
1790035900.8385892,ATTITUDE,,,,,,,,,,,,,,,0.002730990294367075,0.0021880678832530975,0.7867136001586914,,
1790035900.8393795,RAW_IMU,,,,,,,,,0,0,-1000,2,1,0,,,,,
1790035900.8804185,ATTITUDE,,,,,,,,,,,,,,,0.002697901800274849,0.0022026882506906986,0.7867194414138794,,
1790035900.882226,RAW_IMU,,,,,,,,,0,0,-1000,0,1,1,,,,,
1790035900.883643,ATTITUDE,,,,,,,,,,,,,,,0.002738830866292119,0.0022118252236396074,0.7867264151573181,,
1790035900.8846705,RAW_IMU,,,,,,,,,0,0,-1000,3,1,1,,,,,
1790035900.8990636,GLOBAL_POSITION_INT,-35.3615007,149.1673974,591.71,9.999,-0.02,0.0,0.0,45.07,,,,,,,,,,,
1790035900.900053,GPS_RAW_INT,,,,,,,,,,,,,,,,,,6,10
1790035900.9015067,ATTITUDE,,,,,,,,,,,,,,,0.0026962258853018284,0.0022194869816303253,0.7867356538772583,,
1790035900.9025073,RAW_IMU,,,,,,,,,0,0,-1000,0,1,1,,,,,
1790035900.9192562,ATTITUDE,,,,,,,,,,,,,,,0.0027163259219378233,0.0022270733024924994,0.7867484092712402,,
1790035900.920561,RAW_IMU,,,,,,,,,0,0,-1000,1,1,1,,,,,
1790035900.9393537,ATTITUDE,,,,,,,,,,,,,,,0.0026906165294349194,0.002234528074041009,0.7867655158042908,,
1790035900.9408436,RAW_IMU,,,,,,,,,0,0,-1000,0,1,1,,,,,
1790035900.9591362,ATTITUDE,,,,,,,,,,,,,,,0.00270134792663157,0.002222222276031971,0.7867811918258667,,
1790035900.960795,RAW_IMU,,,,,,,,,0,0,-1001,1,0,1,,,,,
1790035900.9796712,ATTITUDE,,,,,,,,,,,,,,,0.002705247374251485,0.002266946481540799,0.7867976427078247,,
1790035900.9808836,RAW_IMU,,,,,,,,,0,0,-1001,2,3,1,,,,,
1790035900.9991748,GLOBAL_POSITION_INT,-35.3615007,149.1673974,591.71,9.999,-0.02,0.0,0.0,45.08,,,,,,,,,,,
1790035901.0002043,GPS_RAW_INT,,,,,,,,,,,,,,,,,,6,10
1790035901.0018578,ATTITUDE,,,,,,,,,,,,,,,0.0026861759833991528,0.002231157384812832,0.7868116497993469,,
1790035901.002859,RAW_IMU,,,,,,,,,0,0,-1001,0,0,1,,,,,
1790035901.0193503,ATTITUDE,,,,,,,,,,,,,,,0.002723879646509886,0.0022800422739237547,0.7868263721466064,,
1790035901.0202606,RAW_IMU,,,,,,,,,0,0,-1000,3,3,1,,,,,
1790035901.0392754,ATTITUDE,,,,,,,,,,,,,,,0.0027604587376117706,0.0022631287574768066,0.7868372797966003,,
1790035901.0404952,RAW_IMU,,,,,,,,,0,0,-1000,3,1,1,,,,,
1790035901.0592737,ATTITUDE,,,,,,,,,,,,,,,0.002796442247927189,0.002286952920258045,0.7868436574935913,,
1790035901.0606508,RAW_IMU,,,,,,,,,0,0,-1000,2,1,1,,,,,
1790035901.0797968,ATTITUDE,,,,,,,,,,,,,,,0.0028266229201108217,0.0022809868678450584,0.7868460416793823,,
1790035901.0818603,RAW_IMU,,,,,,,,,0,0,-1000,2,1,1,,,,,
1790035901.093937,GLOBAL_POSITION_INT,-35.3615007,149.1673974,591.71,9.999,-0.02,0.0,0.0,45.08,,,,,,,,,,,
1790035901.0949163,GPS_RAW_INT,,,,,,,,,,,,,,,,,,6,10
1790035901.100055,ATTITUDE,,,,,,,,,,,,,,,0.0028534287121146917,0.002260892651975155,0.7868449687957764,,
1790035901.1012726,RAW_IMU,,,,,,,,,0,0,-1000,2,0,0,,,,,
1790035901.125747,ATTITUDE,,,,,,,,,,,,,,,0.0028807800263166428,0.0022858893498778343,0.7868412137031555,,
1790035901.1276746,RAW_IMU,,,,,,,,,0,0,-1000,2,2,0,,,,,
1790035901.1399186,ATTITUDE,,,,,,,,,,,,,,,0.0029061392415314913,0.0022417649161070585,0.7868335843086243,,
1790035901.1408887,RAW_IMU,,,,,,,,,0,0,-1000,2,0,0,,,,,
1790035901.15992,ATTITUDE,,,,,,,,,,,,,,,0.0029309962410479784,0.002284019021317363,0.7868214249610901,,
1790035901.1611698,RAW_IMU,,,,,,,,,0,0,-1000,2,3,0,,,,,
1790035901.1802373,ATTITUDE,,,,,,,,,,,,,,,0.0029204608872532845,0.002243682509288192,0.7868078351020813,,
1790035901.1819146,RAW_IMU,,,,,,,,,0,0,-1000,1,0,0,,,,,
1790035901.1944654,GLOBAL_POSITION_INT,-35.3615007,149.1673974,591.71,9.999,-0.02,0.0,0.0,45.08,,,,,,,,,,,
1790035901.195152,GPS_RAW_INT,,,,,,,,,,,,,,,,,,6,10
1790035901.1998723,ATTITUDE,,,,,,,,,,,,,,,0.0029264860786497593,0.002286435104906559,0.786795973777771,,
1790035901.2012134,RAW_IMU,,,,,,,,,0,0,-1001,1,3,0,,,,,
1790035901.2200224,ATTITUDE,,,,,,,,,,,,,,,0.0028759296983480453,0.0022486785892397165,0.7867843508720398,,
1790035901.221244,RAW_IMU,,,,,,,,,0,0,-1001,-1,0,0,,,,,
1790035901.2399433,ATTITUDE,,,,,,,,,,,,,,,0.002889453200623393,0.0023031688760966063,0.7867763638496399,,
1790035901.2410164,RAW_IMU,,,,,,,,,0,0,-1001,1,3,0,,,,,
1790035901.2601213,ATTITUDE,,,,,,,,,,,,,,,0.0028465355280786753,0.0022970002610236406,0.7867656350135803,,
1790035901.2609766,RAW_IMU,,,,,,,,,0,0,-1001,0,1,0,,,,,
1790035901.2804158,ATTITUDE,,,,,,,,,,,,,,,0.0028690965846180916,0.0023012314923107624,0.7867556214332581,,
1790035901.2824283,RAW_IMU,,,,,,,,,0,0,-1001,2,0,0,,,,,
1790035901.2962365,GLOBAL_POSITION_INT,-35.3615007,149.1673974,591.71,9.999,-0.02,0.0,0.0,45.07,,,,,,,,,,,
1790035901.2975264,GPS_RAW_INT,,,,,,,,,,,,,,,,,,6,10
1790035901.3012383,ATTITUDE,,,,,,,,,,,,,,,0.002803110983222723,0.002317985752597451,0.7867462038993835,,
1790035901.302308,RAW_IMU,,,,,,,,,0,0,-1001,-1,2,0,,,,,
1790035901.3208284,ATTITUDE,,,,,,,,,,,,,,,0.0028162081725895405,0.0022942281793802977,0.7867384552955627,,
1790035901.3222709,RAW_IMU,,,,,,,,,0,0,-1001,1,0,0,,,,,
1790035901.340759,ATTITUDE,,,,,,,,,,,,,,,0.002756293397396803,0.0023333264980465174,0.7867310047149658,,
1790035901.3420339,RAW_IMU,,,,,,,,,0,0,-1001,-1,3,0,,,,,
1790035901.3719144,ATTITUDE,,,,,,,,,,,,,,,0.002774693537503481,0.0023093237541615963,0.7867239117622375,,
1790035901.3731463,RAW_IMU,,,,,,,,,0,0,-1001,1,0,0,,,,,
1790035901.3811393,ATTITUDE,,,,,,,,,,,,,,,0.0027399943210184574,0.002348849317058921,0.7867192625999451,,
1790035901.3823924,RAW_IMU,,,,,,,,,0,0,-1000,0,2,0,,,,,
1790035901.3956077,GLOBAL_POSITION_INT,-35.3615007,149.1673974,591.71,9.999,-0.02,0.0,0.0,45.07,,,,,,,,,,,
1790035901.3965013,GPS_RAW_INT,,,,,,,,,,,,,,,,,,6,10
1790035901.4013333,ATTITUDE,,,,,,,,,,,,,,,0.0027529930230230093,0.0023879054933786392,0.7867161631584167,,
1790035901.402303,RAW_IMU,,,,,,,,,0,0,-1000,1,3,0,,,,,
1790035901.4215055,ATTITUDE,,,,,,,,,,,,,,,0.0027667770627886057,0.002426363527774811,0.7867192625999451,,
1790035901.4226809,RAW_IMU,,,,,,,,,0,0,-1000,2,3,0,,,,,
1790035901.4413671,ATTITUDE,,,,,,,,,,,,,,,0.0027815005742013454,0.0024651421699672937,0.7867242693901062,,
1790035901.4432533,RAW_IMU,,,,,,,,,0,0,-1000,1,3,1,,,,,
1790035901.4612038,ATTITUDE,,,,,,,,,,,,,,,0.0027953917160630226,0.00250311940908432,0.7867308855056763,,
1790035901.4620793,RAW_IMU,,,,,,,,,0,0,-1000,2,3,1,,,,,
1790035901.4813523,ATTITUDE,,,,,,,,,,,,,,,0.002788994461297989,0.002511239144951105,0.7867392301559448,,
1790035901.4826627,RAW_IMU,,,,,,,,,0,0,-1001,0,2,1,,,,,
1790035901.495634,GLOBAL_POSITION_INT,-35.3615007,149.1673974,591.71,9.999,-0.02,0.0,0.0,45.07,,,,,,,,,,,
1790035901.4966729,GPS_RAW_INT,,,,,,,,,,,,,,,,,,6,10
1790035901.497947,ATTITUDE,,,,,,,,,,,,,,,0.00279621290974319,0.002536573214456439,0.7867478728294373,,
1790035901.4993362,RAW_IMU,,,,,,,,,0,0,-1001,2,2,1,,,,,
1790035901.516209,ATTITUDE,,,,,,,,,,,,,,,0.002755765337496996,0.0025161211378872395,0.7867584824562073,,
1790035901.5172234,RAW_IMU,,,,,,,,,0,0,-1001,0,1,1,,,,,
1790035901.5368738,ATTITUDE,,,,,,,,,,,,,,,0.002774001331999898,0.0025409080553799868,0.7867685556411743,,
1790035901.5384395,RAW_IMU,,,,,,,,,0,0,-1001,2,1,1,,,,,
1790035901.5569625,ATTITUDE,,,,,,,,,,,,,,,0.0027304482646286488,0.0025208531878888607,0.7867767810821533,,
1790035901.5581236,RAW_IMU,,,,,,,,,0,0,-1001,0,1,1,,,,,
1790035901.5770543,ATTITUDE,,,,,,,,,,,,,,,0.002783440984785557,0.002548139076679945,0.7867852449417114,,
1790035901.5785844,RAW_IMU,,,,,,,,,0,0,-1001,3,1,1,,,,,
1790035901.59703,GLOBAL_POSITION_INT,-35.3615007,149.1673974,591.71,9.999,-0.02,0.0,0.0,45.07,,,,,,,,,,,
1790035901.598226,GPS_RAW_INT,,,,,,,,,,,,,,,,,,6,10
1790035901.5995533,ATTITUDE,,,,,,,,,,,,,,,0.002768761245533824,0.002547103213146329,0.7867941856384277,,
1790035901.6003563,RAW_IMU,,,,,,,,,0,0,-1000,1,1,1,,,,,
1790035901.620633,ATTITUDE,,,,,,,,,,,,,,,0.002816876396536827,0.0025758168194442987,0.7868029475212097,,
1790035901.6214201,RAW_IMU,,,,,,,,,0,0,-1000,3,2,1,,,,,
1790035901.6367013,ATTITUDE,,,,,,,,,,,,,,,0.0028213595505803823,0.002572274301201105,0.7868111729621887,,
1790035901.6376767,RAW_IMU,,,,,,,,,0,0,-1000,1,1,1,,,,,
1790035901.656815,ATTITUDE,,,,,,,,,,,,,,,0.0028390686493366957,0.0025867356453090906,0.786815345287323,,
1790035901.6582026,RAW_IMU,,,,,,,,,0,0,-1000,1,1,1,,,,,
1790035901.6771784,ATTITUDE,,,,,,,,,,,,,,,0.0028554252348840237,0.0025802564341574907,0.7868169546127319,,
1790035901.6784399,RAW_IMU,,,,,,,,,0,0,-1001,2,1,1,,,,,
1790035901.6970243,GLOBAL_POSITION_INT,-35.3615007,149.1673974,591.71,9.999,-0.02,0.0,0.0,45.08,,,,,,,,,,,
1790035901.6979795,GPS_RAW_INT,,,,,,,,,,,,,,,,,,6,10
1790035901.699612,ATTITUDE,,,,,,,,,,,,,,,0.002842549467459321,0.002588288625702262,0.7868164777755737,,
1790035901.7006872,RAW_IMU,,,,,,,,,0,0,-1001,0,1,0,,,,,
1790035901.7172148,ATTITUDE,,,,,,,,,,,,,,,0.0028495783917605877,0.0025789348874241114,0.7868167757987976,,
1790035901.7184753,RAW_IMU,,,,,,,,,0,0,-1000,1,1,0,,,,,
1790035901.7368023,ATTITUDE,,,,,,,,,,,,,,,0.0028569153510034084,0.0025705420412123203,0.7868138551712036,,
1790035901.7379487,RAW_IMU,,,,,,,,,0,0,-1000,1,0,0,,,,,
1790035901.7570875,ATTITUDE,,,,,,,,,,,,,,,0.0028632977046072483,0.0025781828444451094,0.7868070006370544,,
1790035901.757668,RAW_IMU,,,,,,,,,0,0,-1000,1,2,0,,,,,
1790035901.7768948,ATTITUDE,,,,,,,,,,,,,,,0.0028747168835252523,0.0025706402957439423,0.7867981195449829,,
1790035901.778522,RAW_IMU,,,,,,,,,0,0,-1000,1,0,0,,,,,
1790035901.797545,GLOBAL_POSITION_INT,-35.3615007,149.1673974,591.71,9.999,-0.02,0.0,0.0,45.07,,,,,,,,,,,
1790035901.7983518,GPS_RAW_INT,,,,,,,,,,,,,,,,,,6,10
1790035901.8004925,ATTITUDE,,,,,,,,,,,,,,,0.002888917922973633,0.0025976200122386217,0.7867883443832397,,
1790035901.8018909,RAW_IMU,,,,,,,,,0,0,-1001,2,3,0,,,,,
1790035901.8178244,ATTITUDE,,,,,,,,,,,,,,,0.002915444318205118,0.002592572011053562,0.7867792248725891,,
1790035901.818488,RAW_IMU,,,,,,,,,0,0,-1001,2,0,0,,,,,
1790035901.8376937,ATTITUDE,,,,,,,,,,,,,,,0.002939254743978381,0.002635908778756857,0.7867711186408997,,
1790035901.838994,RAW_IMU,,,,,,,,,0,0,-1001,3,3,0,,,,,
1790035901.8765538,ATTITUDE,,,,,,,,,,,,,,,0.0029328756500035524,0.0026236658450216055,0.7867633104324341,,
1790035901.8776412,RAW_IMU,,,,,,,,,0,0,-1001,0,0,0,,,,,
1790035901.8791795,ATTITUDE,,,,,,,,,,,,,,,0.0029797106981277466,0.002667055930942297,0.7867541313171387,,
1790035901.8802176,RAW_IMU,,,,,,,,,0,0,-1001,3,3,0,,,,,
1790035901.8990006,GLOBAL_POSITION_INT,-35.3615007,149.1673974,591.71,9.999,-0.02,0.0,0.0,45.07,,,,,,,,,,,
1790035901.9004202,GPS_RAW_INT,,,,,,,,,,,,,,,,,,6,10
1790035901.9020572,ATTITUDE,,,,,,,,,,,,,,,0.002962586935609579,0.0026377886533737183,0.7867469191551208,,
1790035901.9033263,RAW_IMU,,,,,,,,,0,0,-1000,0,0,0,,,,,
1790035901.918855,ATTITUDE,,,,,,,,,,,,,,,0.0029895338229835033,0.0026432557497173548,0.7867417931556702,,
1790035901.919659,RAW_IMU,,,,,,,,,0,0,-1000,2,1,0,,,,,
1790035901.938976,ATTITUDE,,,,,,,,,,,,,,,0.0029819784685969353,0.0026491691824048758,0.7867393493652344,,
1790035901.9398363,RAW_IMU,,,,,,,,,0,0,-1000,1,1,0,,,,,
1790035901.959008,ATTITUDE,,,,,,,,,,,,,,,0.003025498241186142,0.0026561282575130463,0.7867361307144165,,
1790035901.9604068,RAW_IMU,,,,,,,,,0,0,-1000,3,1,0,,,,,
1790035901.9790452,ATTITUDE,,,,,,,,,,,,,,,0.0030085835605859756,0.002662483137100935,0.7867375016212463,,
1790035901.9800727,RAW_IMU,,,,,,,,,0,0,-1000,1,1,0,,,,,
1790035901.9939523,GLOBAL_POSITION_INT,-35.3615007,149.1673974,591.72,10.0,-0.02,0.0,0.0,45.07,,,,,,,,,,,
1790035901.9949841,GPS_RAW_INT,,,,,,,,,,,,,,,,,,6,10
1790035901.9997058,ATTITUDE,,,,,,,,,,,,,,,0.003074086271226406,0.0026834383606910706,0.7867435812950134,,
1790035902.0007384,RAW_IMU,,,,,,,,,0,0,-1001,3,2,1,,,,,
1790035902.0198178,ATTITUDE,,,,,,,,,,,,,,,0.003078686771914363,0.0026628589257597923,0.7867514491081238,,
1790035902.0210712,RAW_IMU,,,,,,,,,0,0,-1001,2,0,1,,,,,
1790035902.0398364,ATTITUDE,,,,,,,,,,,,,,,0.003128616837784648,0.0026994177605956793,0.7867597937583923,,
1790035902.0407062,RAW_IMU,,,,,,,,,0,0,-1001,3,2,1,,,,,
1790035902.05997,ATTITUDE,,,,,,,,,,,,,,,0.003130995435640216,0.002675979398190975,0.7867645025253296,,
1790035902.061609,RAW_IMU,,,,,,,,,0,0,-1001,2,0,1,,,,,
1790035902.0801578,ATTITUDE,,,,,,,,,,,,,,,0.0031511776614934206,0.002696017501875758,0.7867690324783325,,
1790035902.0819938,RAW_IMU,,,,,,,,,0,0,-1001,1,1,1,,,,,
1790035902.0950384,GLOBAL_POSITION_INT,-35.3615007,149.1673974,591.72,10.0,-0.02,0.0,0.0,45.07,,,,,,,,,,,
1790035902.0962908,GPS_RAW_INT,,,,,,,,,,,,,,,,,,6,10
1790035902.1006658,ATTITUDE,,,,,,,,,,,,,,,0.0031457957811653614,0.00268025160767138,0.7867728471755981,,
1790035902.1018484,RAW_IMU,,,,,,,,,0,0,-1001,1,1,1,,,,,
1790035902.1312919,ATTITUDE,,,,,,,,,,,,,,,0.0031378159765154123,0.0026665942277759314,0.7867774367332458,,
1790035902.1324522,RAW_IMU,,,,,,,,,0,0,-1001,0,0,1,,,,,
1790035902.140621,ATTITUDE,,,,,,,,,,,,,,,0.003158954670652747,0.00268594385124743,0.7867802977561951,,
1790035902.1420135,RAW_IMU,,,,,,,,,0,0,-1001,2,2,1,,,,,
1790035902.559483,GLOBAL_POSITION_INT,-35.3615007,149.1673974,591.72,10.0,-0.02,0.0,0.0,45.07,,,,,,,,,,,
1790035902.5618496,RAW_IMU,,,,,,,,,0,0,-1001,0,1,0,,,,,
1790035902.5630236,GPS_RAW_INT,,,,,,,,,,,,,,,,,,6,10
1790035902.6293042,ATTITUDE,,,,,,,,,,,,,,,0.0030867187306284904,0.002593540819361806,0.7867802977561951,,
1790035902.6303518,RAW_IMU,,,,,,,,,0,0,-1001,0,1,1,,,,,
1790035902.6312299,GLOBAL_POSITION_INT,-35.3615007,149.1673974,591.72,10.0,-0.03,0.0,0.0,45.07,,,,,,,,,,,
1790035902.6320703,GPS_RAW_INT,,,,,,,,,,,,,,,,,,6,10
1790035902.6335552,ATTITUDE,,,,,,,,,,,,,,,0.003116348758339882,0.002584982430562377,0.7867898941040039,,
1790035902.6353405,RAW_IMU,,,,,,,,,0,0,-1001,2,1,1,,,,,
1790035902.6497233,ATTITUDE,,,,,,,,,,,,,,,0.0030952761881053448,0.002596125239506364,0.7867985963821411,,
1790035902.65118,RAW_IMU,,,,,,,,,0,0,-1000,0,1,1,,,,,
1790035902.6635966,GLOBAL_POSITION_INT,-35.3615007,149.1673974,591.72,10.0,-0.03,0.0,0.0,45.08,,,,,,,,,,,
1790035902.664973,GPS_RAW_INT,,,,,,,,,,,,,,,,,,6,10
1790035902.6697266,ATTITUDE,,,,,,,,,,,,,,,0.0030736823100596666,0.00258927745744586,0.7868011593818665,,
1790035902.6710868,RAW_IMU,,,,,,,,,0,0,-1000,0,1,1,,,,,
1790035902.6900136,ATTITUDE,,,,,,,,,,,,,,,0.0030496397521346807,0.0025948609691113234,0.7867995500564575,,
1790035902.6909623,RAW_IMU,,,,,,,,,0,0,-1000,0,1,0,,,,,
1790035902.7106755,ATTITUDE,,,,,,,,,,,,,,,0.0030262370128184557,0.0026003015227615833,0.786795973777771,,
1790035902.712358,RAW_IMU,,,,,,,,,0,0,-1000,0,2,0,,,,,
1790035902.7305598,ATTITUDE,,,,,,,,,,,,,,,0.00301447045058012,0.0025892627891153097,0.786790132522583,,
1790035902.7320573,RAW_IMU,,,,,,,,,0,0,-1000,0,0,0,,,,,
1790035902.7503967,ATTITUDE,,,,,,,,,,,,,,,0.0029638332780450583,0.0026272141840308905,0.7867803573608398,,
1790035902.7520995,RAW_IMU,,,,,,,,,0,0,-1001,0,3,0,,,,,
1790035902.7637963,GLOBAL_POSITION_INT,-35.3615007,149.1673974,591.72,10.0,-0.03,0.0,0.0,45.07,,,,,,,,,,,
1790035902.7645688,GPS_RAW_INT,,,,,,,,,,,,,,,,,,6,10
1790035902.7696788,ATTITUDE,,,,,,,,,,,,,,,0.002976583782583475,0.002606234746053815,0.7867712378501892,,
1790035902.7714653,RAW_IMU,,,,,,,,,0,0,-1001,1,0,0,,,,,
1790035902.789934,ATTITUDE,,,,,,,,,,,,,,,0.0029440110083669424,0.0026534544304013252,0.786763608455658,,
1790035902.7912557,RAW_IMU,,,,,,,,,0,0,-1001,0,3,0,,,,,
1790035902.8105195,ATTITUDE,,,,,,,,,,,,,,,0.0029601017013192177,0.0026278363075107336,0.7867575287818909,,
1790035902.8120537,RAW_IMU,,,,,,,,,0,0,-1001,1,0,0,,,,,
1790035902.8304996,ATTITUDE,,,,,,,,,,,,,,,0.0029432496521621943,0.0026773870922625065,0.7867521643638611,,
1790035902.8310559,RAW_IMU,,,,,,,,,0,0,-1001,1,3,0,,,,,
1790035902.8504758,ATTITUDE,,,,,,,,,,,,,,,0.002929538721218705,0.00264927139505744,0.7867475748062134,,
1790035902.851864,RAW_IMU,,,,,,,,,0,0,-1001,0,0,0,,,,,
1790035902.8768287,GLOBAL_POSITION_INT,-35.3615007,149.1673974,591.71,9.999,-0.03,0.0,0.0,45.07,,,,,,,,,,,
1790035902.8770914,GPS_RAW_INT,,,,,,,,,,,,,,,,,,6,10
1790035902.8775618,ATTITUDE,,,,,,,,,,,,,,,0.002944891108199954,0.0026777463499456644,0.7867424488067627,,
1790035902.8785124,RAW_IMU,,,,,,,,,0,0,-1001,2,2,0,,,,,
1790035902.8865173,ATTITUDE,,,,,,,,,,,,,,,0.0028845169581472874,0.0026259562000632286,0.7867372035980225,,
1790035902.8875985,RAW_IMU,,,,,,,,,0,0,-1001,-1,0,0,,,,,
1790035902.9061313,ATTITUDE,,,,,,,,,,,,,,,0.0029124529100954533,0.00265216245315969,0.7867347002029419,,
1790035902.907004,RAW_IMU,,,,,,,,,0,0,-1001,2,2,0,,,,,
1790035902.9316978,ATTITUDE,,,,,,,,,,,,,,,0.0028595798648893833,0.0026004428509622812,0.7867328524589539,,
1790035902.93278,RAW_IMU,,,,,,,,,0,0,-1001,0,0,0,,,,,
1790035902.9518228,ATTITUDE,,,,,,,,,,,,,,,0.0028840252198278904,0.002603242639452219,0.786731481552124,,
1790035902.9529865,RAW_IMU,,,,,,,,,0,0,-1000,2,0,0,,,,,
1790035902.9655268,GLOBAL_POSITION_INT,-35.3615007,149.1673974,591.71,9.999,-0.03,0.0,0.0,45.07,,,,,,,,,,,
1790035902.966644,GPS_RAW_INT,,,,,,,,,,,,,,,,,,6,10
1790035902.9717944,ATTITUDE,,,,,,,,,,,,,,,0.0028380064759403467,0.002567520597949624,0.7867288589477539,,
1790035902.9727643,RAW_IMU,,,,,,,,,0,0,-1001,0,0,0,,,,,
1790035902.9921274,ATTITUDE,,,,,,,,,,,,,,,0.0028647086583077908,0.0025674616917967796,0.7867295742034912,,
1790035902.9926286,RAW_IMU,,,,,,,,,0,0,-1001,2,0,0,,,,,
1790035903.0120032,ATTITUDE,,,,,,,,,,,,,,,0.0028128072153776884,0.0025493132416158915,0.7867313027381897,,
1790035903.0135295,RAW_IMU,,,,,,,,,0,0,-1001,0,0,0,,,,,
1790035903.0317936,ATTITUDE,,,,,,,,,,,,,,,0.0028396931011229753,0.0025366402696818113,0.786734938621521,,
1790035903.0331984,RAW_IMU,,,,,,,,,0,0,-1001,2,0,1,,,,,
1790035903.0518353,ATTITUDE,,,,,,,,,,,,,,,0.002810792298987508,0.0025472023990005255,0.7867380976676941,,
1790035903.0533178,RAW_IMU,,,,,,,,,0,0,-1001,0,2,1,,,,,
1790035903.0655859,GLOBAL_POSITION_INT,-35.3615007,149.1673974,591.71,9.999,-0.03,0.0,0.0,45.07,,,,,,,,,,,
1790035903.0669563,GPS_RAW_INT,,,,,,,,,,,,,,,,,,6,10
1790035903.0717573,ATTITUDE,,,,,,,,,,,,,,,0.002815376501530409,0.0025210571475327015,0.7867404222488403,,
1790035903.0734663,RAW_IMU,,,,,,,,,0,0,-1001,0,0,1,,,,,
1790035903.0920017,ATTITUDE,,,,,,,,,,,,,,,0.0027960322331637144,0.002526867901906371,0.7867424488067627,,
1790035903.0939925,RAW_IMU,,,,,,,,,0,0,-1001,0,1,1,,,,,
1790035903.128829,ATTITUDE,,,,,,,,,,,,,,,0.0027835986111313105,0.002487198216840625,0.7867459058761597,,
1790035903.129962,RAW_IMU,,,,,,,,,0,0,-1001,0,0,1,,,,,
1790035903.1318355,ATTITUDE,,,,,,,,,,,,,,,0.0027790823951363564,0.0025065760128200054,0.7867489457130432,,
1790035903.132953,RAW_IMU,,,,,,,,,0,0,-1001,1,2,1,,,,,
1790035903.1512413,ATTITUDE,,,,,,,,,,,,,,,0.0027550191152840853,0.0024557251017540693,0.7867506742477417,,
1790035903.1527884,RAW_IMU,,,,,,,,,0,0,-1001,0,-1,1,,,,,
1790035903.1650841,GLOBAL_POSITION_INT,-35.3615007,149.1673974,591.71,9.999,-0.03,0.0,0.0,45.07,,,,,,,,,,,
1790035903.1664717,GPS_RAW_INT,,,,,,,,,,,,,,,,,,6,10
1790035903.1712627,ATTITUDE,,,,,,,,,,,,,,,0.0027787121944129467,0.0024891612119972706,0.7867519855499268,,
1790035903.1722476,RAW_IMU,,,,,,,,,0,0,-1000,2,2,1,,,,,
1790035903.1915016,ATTITUDE,,,,,,,,,,,,,,,0.002744116587564349,0.0024473811499774456,0.786753237247467,,
1790035903.1931698,RAW_IMU,,,,,,,,,0,0,-1000,0,0,1,,,,,
1790035903.2118192,ATTITUDE,,,,,,,,,,,,,,,0.0027713363524526358,0.0024868627078831196,0.7867544889450073,,
1790035903.2129903,RAW_IMU,,,,,,,,,0,0,-1000,2,2,0,,,,,
1790035903.231695,ATTITUDE,,,,,,,,,,,,,,,0.0027331458404660225,0.002450905740261078,0.7867558598518372,,
1790035903.2323706,RAW_IMU,,,,,,,,,0,0,-1001,0,0,0,,,,,
1790035903.2516747,ATTITUDE,,,,,,,,,,,,,,,0.00276573677547276,0.0024908692575991154,0.78675776720047,,
1790035903.252656,RAW_IMU,,,,,,,,,0,0,-1001,2,2,0,,,,,
1790035903.2656052,GLOBAL_POSITION_INT,-35.3615007,149.1673974,591.71,9.999,-0.03,0.0,0.0,45.07,,,,,,,,,,,
1790035903.2662022,GPS_RAW_INT,,,,,,,,,,,,,,,,,,6,10
1790035903.2716157,ATTITUDE,,,,,,,,,,,,,,,0.0027206570375710726,0.00246954383328557,0.7867571711540222,,
1790035903.2723122,RAW_IMU,,,,,,,,,0,0,-1001,0,1,0,,,,,
1790035903.2920203,ATTITUDE,,,,,,,,,,,,,,,0.002747282851487398,0.0024744279216974974,0.7867569923400879,,
1790035903.2937062,RAW_IMU,,,,,,,,,0,0,-1001,2,0,0,,,,,
1790035903.3118727,ATTITUDE,,,,,,,,,,,,,,,0.0027042704168707132,0.002450943924486637,0.7867576479911804,,
1790035903.313432,RAW_IMU,,,,,,,,,0,0,-1000,0,0,0,,,,,
1790035903.3317175,ATTITUDE,,,,,,,,,,,,,,,0.002725023776292801,0.0024437198881059885,0.7867599725723267,,
1790035903.332611,RAW_IMU,,,,,,,,,0,0,-1001,1,0,1,,,,,
1790035903.3517153,ATTITUDE,,,,,,,,,,,,,,,0.002693354384973645,0.0024357945658266544,0.7867615222930908,,
1790035903.3526695,RAW_IMU,,,,,,,,,0,0,-1001,0,1,1,,,,,
1790035903.3760846,GLOBAL_POSITION_INT,-35.3615007,149.1673974,591.71,9.999,-0.03,0.0,0.0,45.07,,,,,,,,,,,
1790035903.3771343,GPS_RAW_INT,,,,,,,,,,,,,,,,,,6,10
1790035903.3779695,ATTITUDE,,,,,,,,,,,,,,,0.002715473063290119,0.002416270086541772,0.7867613434791565,,
1790035903.3793566,RAW_IMU,,,,,,,,,0,0,-1001,1,0,0,,,,,
1790035903.3918304,ATTITUDE,,,,,,,,,,,,,,,0.002696023555472493,0.002424421953037381,0.7867624759674072,,
1790035903.393166,RAW_IMU,,,,,,,,,0,0,-1001,1,2,0,,,,,
1790035903.4117968,ATTITUDE,,,,,,,,,,,,,,,0.0026932505425065756,0.002376777585595846,0.7867647409439087,,
1790035903.4131334,RAW_IMU,,,,,,,,,0,0,-1001,0,-1,0,,,,,
1790035903.4317358,ATTITUDE,,,,,,,,,,,,,,,0.002717488445341587,0.0024075608234852552,0.7867667078971863,,
1790035903.4334393,RAW_IMU,,,,,,,,,0,0,-1001,2,2,0,,,,,
1790035903.4517298,ATTITUDE,,,,,,,,,,,,,,,0.002689509419724345,0.0023655041586607695,0.7867693901062012,,
1790035903.452669,RAW_IMU,,,,,,,,,0,0,-1001,0,0,1,,,,,
1790035903.465548,GLOBAL_POSITION_INT,-35.3615007,149.1673974,591.72,10.0,-0.03,0.0,0.0,45.07,,,,,,,,,,,
1790035903.466471,GPS_RAW_INT,,,,,,,,,,,,,,,,,,6,10
1790035903.4716022,ATTITUDE,,,,,,,,,,,,,,,0.0027222682256251574,0.0023991409689188004,0.7867708802223206,,
1790035903.4725683,RAW_IMU,,,,,,,,,0,0,-1001,2,2,1,,,,,
1790035903.4919772,ATTITUDE,,,,,,,,,,,,,,,0.0026813505683094263,0.0023479636292904615,0.7867714762687683,,
1790035903.492788,RAW_IMU,,,,,,,,,0,0,-1000,0,0,0,,,,,
1790035903.5118396,ATTITUDE,,,,,,,,,,,,,,,0.002690945053473115,0.0023618226405233145,0.7867711782455444,,
1790035903.512735,RAW_IMU,,,,,,,,,0,0,-1000,1,1,0,,,,,
1790035903.5316577,ATTITUDE,,,,,,,,,,,,,,,0.0026871359441429377,0.0023133824579417706,0.7867705225944519,,
1790035903.5323713,RAW_IMU,,,,,,,,,0,0,-1000,1,0,0,,,,,
1790035903.551705,ATTITUDE,,,,,,,,,,,,,,,0.002683554543182254,0.00231823674403131,0.786767303943634,,
1790035903.553433,RAW_IMU,,,,,,,,,0,0,-1000,1,0,0,,,,,
1790035903.5656884,GLOBAL_POSITION_INT,-35.3615007,149.1673974,591.72,10.0,-0.03,0.0,0.0,45.07,,,,,,,,,,,
1790035903.5673301,GPS_RAW_INT,,,,,,,,,,,,,,,,,,6,10
1790035903.5717273,ATTITUDE,,,,,,,,,,,,,,,0.0026796991005539894,0.0022766028996556997,0.7867603898048401,,
1790035903.5727713,RAW_IMU,,,,,,,,,0,0,-1000,1,0,0,,,,,
1790035903.591484,ATTITUDE,,,,,,,,,,,,,,,0.0026994491927325726,0.0023084685672074556,0.7867535352706909,,
1790035903.5931795,RAW_IMU,,,,,,,,,0,0,-1000,2,2,0,,,,,
1790035903.6251361,ATTITUDE,,,,,,,,,,,,,,,0.0026747239753603935,0.0022939438931643963,0.7867470383644104,,
1790035903.6259909,RAW_IMU,,,,,,,,,0,0,-1001,0,1,0,,,,,
1790035903.6309645,ATTITUDE,,,,,,,,,,,,,,,0.0027096872217953205,0.0023091838229447603,0.7867411971092224,,
1790035903.6318772,RAW_IMU,,,,,,,,,0,0,-1001,2,1,0,,,,,
1790035903.6509528,ATTITUDE,,,,,,,,,,,,,,,0.0026811801362782717,0.0023104441352188587,0.7867346405982971,,
1790035903.6520696,RAW_IMU,,,,,,,,,0,0,-1001,0,1,0,,,,,
1790035903.6655176,GLOBAL_POSITION_INT,-35.3615007,149.1673974,591.72,10.0,-0.03,0.0,0.0,45.07,,,,,,,,,,,
1790035903.6668706,GPS_RAW_INT,,,,,,,,,,,,,,,,,,6,10
1790035903.6684942,ATTITUDE,,,,,,,,,,,,,,,0.0027044557500630617,0.0022967017721384764,0.7867285013198853,,
1790035903.6696677,RAW_IMU,,,,,,,,,0,0,-1001,1,0,0,,,,,
1790035903.6871707,ATTITUDE,,,,,,,,,,,,,,,0.002671248745173216,0.002302093431353569,0.7867239713668823,,
1790035903.688573,RAW_IMU,,,,,,,,,0,0,-1001,0,2,0,,,,,
1790035903.706801,ATTITUDE,,,,,,,,,,,,,,,0.0026743891648948193,0.002261784393340349,0.7867211103439331,,
1790035903.7079353,RAW_IMU,,,,,,,,,0,0,-1000,1,0,0,,,,,
1790035903.7275238,ATTITUDE,,,,,,,,,,,,,,,0.0026642049197107553,0.0022696428932249546,0.786720335483551,,
1790035903.7285035,RAW_IMU,,,,,,,,,0,0,-1000,1,1,0,,,,,
1790035903.748612,ATTITUDE,,,,,,,,,,,,,,,0.002512666629627347,0.002157979877665639,0.7867195010185242,,
1790035903.7503455,RAW_IMU,,,,,,,,,0,0,-1001,-5,-2,0,,,,,
1790035903.762517,GLOBAL_POSITION_INT,-35.3615007,149.1673974,591.72,10.0,-0.03,0.0,0.0,45.07,,,,,,,,,,,
1790035903.763754,GPS_RAW_INT,,,,,,,,,,,,,,,,,,6,10
1790035903.7684534,ATTITUDE,,,,,,,,,,,,,,,0.002159267431125045,0.001764096086844802,0.7867203950881958,,
1790035903.7706654,RAW_IMU,,,,,,,,,0,0,-1000,-15,-16,1,,,,,
1790035903.788792,ATTITUDE,,,,,,,,,,,,,,,0.001400168053805828,0.0009710787562653422,0.7867223620414734,,
1790035903.7901113,RAW_IMU,,,,,,,,,0,0,-1001,-34,-36,1,,,,,
1790035903.8097763,ATTITUDE,,,,,,,,,,,,,,,0.00019436834554653615,-0.00032404245575889945,0.7867262959480286,,
1790035903.810894,RAW_IMU,,,,,,,,,0,0,-1000,-57,-61,1,,,,,
1790035903.829904,ATTITUDE,,,,,,,,,,,,,,,-0.0016389589291065931,-0.0022528169211000204,0.7867333292961121,,
1790035903.8309655,RAW_IMU,,,,,,,,,0,0,-1001,-87,-92,1,,,,,
1790035903.8505626,ATTITUDE,,,,,,,,,,,,,,,-0.004020367283374071,-0.0047989413142204285,0.7867443561553955,,
1790035903.8516886,RAW_IMU,,,,,,,,,0,0,-1001,-116,-123,1,,,,,
1790035903.8794198,GLOBAL_POSITION_INT,-35.3615007,149.1673974,591.72,10.0,-0.02,0.0,0.0,45.07,,,,,,,,,,,
1790035903.8803496,GPS_RAW_INT,,,,,,,,,,,,,,,,,,6,10
1790035903.8812363,ATTITUDE,,,,,,,,,,,,,,,-0.0066742864437401295,-0.007980942726135254,0.7867646217346191,,
1790035903.8822675,RAW_IMU,,,,,,,,,0,0,-1001,-131,-155,1,,,,,
1790035903.887333,ATTITUDE,,,,,,,,,,,,,,,-0.009235595352947712,-0.011723627336323261,0.7867982387542725,,
1790035903.8887174,RAW_IMU,,,,,,,,,0,0,-1001,-128,-184,1,,,,,
1790035903.90928,ATTITUDE,,,,,,,,,,,,,,,-0.011454928666353226,-0.015954338014125824,0.7868468761444092,,
1790035903.91065,RAW_IMU,,,,,,,,,0,0,-1000,-111,-208,1,,,,,
1790035903.9303558,ATTITUDE,,,,,,,,,,,,,,,-0.013191345147788525,-0.020723091438412666,0.786911129951477,,
1790035903.931573,RAW_IMU,,,,,,,,,0,0,-1001,-87,-235,1,,,,,
1790035903.9516892,ATTITUDE,,,,,,,,,,,,,,,-0.014438203535974026,-0.025985457003116608,0.7869824171066284,,
1790035903.953338,RAW_IMU,,,,,,,,,0,0,-1001,-62,-260,0,,,,,
1790035903.9662704,GLOBAL_POSITION_INT,-35.3615007,149.1673974,591.72,10.0,0.0,0.0,0.0,45.09,,,,,,,,,,,
1790035903.967497,GPS_RAW_INT,,,,,,,,,,,,,,,,,,6,10
1790035903.9715855,ATTITUDE,,,,,,,,,,,,,,,-0.015010453760623932,-0.031812798231840134,0.7870628833770752,,
1790035903.9734664,RAW_IMU,,,,,,,,,0,0,-1000,-30,-287,0,,,,,
1790035903.991842,ATTITUDE,,,,,,,,,,,,,,,-0.014829477295279503,-0.03823181986808777,0.7871417999267578,,
1790035903.993063,RAW_IMU,,,,,,,,,0,0,-1001,7,-317,0,,,,,
1790035904.0111167,ATTITUDE,,,,,,,,,,,,,,,-0.013994423672556877,-0.04523235931992531,0.7872123122215271,,
1790035904.0127344,RAW_IMU,,,,,,,,,0,0,-1001,41,-346,0,,,,,
1790035904.0310972,ATTITUDE,,,,,,,,,,,,,,,-0.01262211985886097,-0.0528687946498394,0.787265956401825,,
1790035904.03226,RAW_IMU,,,,,,,,,0,0,-1001,68,-378,-1,,,,,
1790035904.0467834,ATTITUDE,,,,,,,,,,,,,,,-0.010789844207465649,-0.0611601397395134,0.7872951626777649,,
1790035904.0487335,RAW_IMU,,,,,,,,,0,0,-1002,92,-410,-2,,,,,
1790035904.0690475,GLOBAL_POSITION_INT,-35.3615007,149.1673974,591.72,10.001,0.04,0.02,0.0,45.1,,,,,,,,,,,
1790035904.0708714,GPS_RAW_INT,,,,,,,,,,,,,,,,,,6,10
1790035904.072291,ATTITUDE,,,,,,,,,,,,,,,-0.008700176142156124,-0.07006511837244034,0.7872889637947083,,
1790035904.0746155,RAW_IMU,,,,,,,,,-1,0,-1002,105,-442,-3,,,,,
1790035904.0900054,ATTITUDE,,,,,,,,,,,,,,,-0.0063321469351649284,-0.07956442981958389,0.7872399687767029,,
1790035904.0915768,RAW_IMU,,,,,,,,,-1,0,-1003,119,-471,-5,,,,,
1790035904.1334493,ATTITUDE,,,,,,,,,,,,,,,-0.0038826316595077515,-0.0896763876080513,0.7871406674385071,,
1790035904.1345463,RAW_IMU,,,,,,,,,-1,0,-1003,123,-502,-6,,,,,
1790035904.1363034,ATTITUDE,,,,,,,,,,,,,,,-0.0014082378474995494,-0.1002751961350441,0.7869875431060791,,
1790035904.1385553,RAW_IMU,,,,,,,,,-2,0,-1004,124,-527,-8,,,,,
1790035904.151682,ATTITUDE,,,,,,,,,,,,,,,0.0009871517540886998,-0.11133269965648651,0.7867782115936279,,
1790035904.1525013,RAW_IMU,,,,,,,,,-2,0,-1004,120,-550,-9,,,,,
1790035904.16557,GLOBAL_POSITION_INT,-35.3615006,149.1673974,591.72,10.001,0.11,0.08,0.0,45.06,,,,,,,,,,,
1790035904.1671069,GPS_RAW_INT,,,,,,,,,,,,,,,,,,6,10
1790035904.1716087,ATTITUDE,,,,,,,,,,,,,,,0.003240253310650587,-0.12278662621974945,0.7865114808082581,,
1790035904.173538,RAW_IMU,,,,,,,,,-3,0,-1006,113,-570,-11,,,,,
1790035904.1917927,ATTITUDE,,,,,,,,,,,,,,,0.005264975596219301,-0.1346588134765625,0.7861902713775635,,
1790035904.193013,RAW_IMU,,,,,,,,,-3,0,-1006,101,-591,-12,,,,,
1790035904.2117255,ATTITUDE,,,,,,,,,,,,,,,0.0069980500265955925,-0.14676953852176666,0.7858194708824158,,
1790035904.2131846,RAW_IMU,,,,,,,,,-4,0,-1008,86,-604,-13,,,,,
1790035904.2315214,ATTITUDE,,,,,,,,,,,,,,,0.008462874218821526,-0.15913015604019165,0.7854059338569641,,
1790035904.2334552,RAW_IMU,,,,,,,,,-5,0,-1009,72,-616,-14,,,,,
1790035904.2517142,ATTITUDE,,,,,,,,,,,,,,,0.009630506858229637,-0.17172954976558685,0.7849516272544861,,
1790035904.2535238,RAW_IMU,,,,,,,,,-5,0,-1011,56,-628,-15,,,,,
1790035904.2657254,GLOBAL_POSITION_INT,-35.3615004,149.1673976,591.72,10.0,0.21,0.19,0.0,44.95,,,,,,,,,,,
1790035904.2667856,GPS_RAW_INT,,,,,,,,,,,,,,,,,,6,10
1790035904.268237,ATTITUDE,,,,,,,,,,,,,,,0.01055531669408083,-0.1844749003648758,0.7844578623771667,,
1790035904.2690089,RAW_IMU,,,,,,,,,-6,0,-1013,43,-636,-16,,,,,
1790035904.2904115,ATTITUDE,,,,,,,,,,,,,,,0.011239307001233101,-0.19737644493579865,0.7839395403862,,
1790035904.2908905,RAW_IMU,,,,,,,,,-7,0,-1015,31,-643,-15,,,,,
1790035904.3080297,ATTITUDE,,,,,,,,,,,,,,,0.011621523648500443,-0.21036121249198914,0.7834804654121399,,
1790035904.3086374,RAW_IMU,,,,,,,,,-8,0,-1017,17,-648,-12,,,,,
1790035904.3309836,ATTITUDE,,,,,,,,,,,,,,,0.011745311319828033,-0.22332258522510529,0.7831419706344604,,
1790035904.3316581,RAW_IMU,,,,,,,,,-9,0,-1020,4,-647,-6,,,,,
1790035904.3485816,ATTITUDE,,,,,,,,,,,,,,,0.011633004061877728,-0.235964834690094,0.7829457521438599,,
1790035904.3492322,RAW_IMU,,,,,,,,,-10,0,-1022,-5,-633,0,,,,,
1790035904.3673964,GLOBAL_POSITION_INT,-35.3615001,149.1673979,591.72,10.0,0.35,0.34,0.0,44.85,,,,,,,,,,,
1790035904.368006,GPS_RAW_INT,,,,,,,,,,,,,,,,,,6,10
1790035904.368755,ATTITUDE,,,,,,,,,,,,,,,0.01128618884831667,-0.24808022379875183,0.7828900218009949,,
1790035904.3693979,RAW_IMU,,,,,,,,,-12,0,-1025,-15,-606,7,,,,,
1790035904.3894136,ATTITUDE,,,,,,,,,,,,,,,0.01082532573491335,-0.25956645607948303,0.7829630970954895,,
1790035904.389909,RAW_IMU,,,,,,,,,-13,0,-1028,-20,-575,13,,,,,
1790035904.4069917,ATTITUDE,,,,,,,,,,,,,,,0.01025200355798006,-0.27027568221092224,0.7831388711929321,,
1790035904.4074438,RAW_IMU,,,,,,,,,-14,0,-1031,-24,-537,17,,,,,
1790035904.4301105,ATTITUDE,,,,,,,,,,,,,,,0.009603634476661682,-0.2801598310470581,0.7833892107009888,,
1790035904.430603,RAW_IMU,,,,,,,,,-16,0,-1034,-26,-495,20,,,,,
1790035904.447877,ATTITUDE,,,,,,,,,,,,,,,0.00889065396040678,-0.28917497396469116,0.7836760878562927,,
1790035904.4485621,RAW_IMU,,,,,,,,,-17,0,-1036,-29,-452,21,,,,,
1790035904.46532,GLOBAL_POSITION_INT,-35.3614997,149.1673984,591.71,9.999,0.52,0.53,0.0,44.91,,,,,,,,,,,
1790035904.4654691,GPS_RAW_INT,,,,,,,,,,,,,,,,,,6,10
1790035904.4708436,ATTITUDE,,,,,,,,,,,,,,,0.008196120150387287,-0.29726654291152954,0.7839109301567078,,
1790035904.4714818,RAW_IMU,,,,,,,,,-19,0,-1038,-28,-406,21,,,,,
1790035904.488618,ATTITUDE,,,,,,,,,,,,,,,0.007526686415076256,-0.3045055866241455,0.7839522361755371,,
1790035904.4894323,RAW_IMU,,,,,,,,,-21,0,-1041,-27,-363,21,,,,,
1790035904.5064025,ATTITUDE,,,,,,,,,,,,,,,0.006877833046019077,-0.3108460009098053,0.7839902639389038,,
1790035904.507046,RAW_IMU,,,,,,,,,-22,0,-1044,-25,-318,20,,,,,
1790035904.5293639,ATTITUDE,,,,,,,,,,,,,,,0.006250102072954178,-0.3163313865661621,0.7840227484703064,,
1790035904.5297756,RAW_IMU,,,,,,,,,-24,0,-1046,-24,-275,19,,,,,
1790035904.5470214,ATTITUDE,,,,,,,,,,,,,,,0.005677297245711088,-0.32102638483047485,0.7840332388877869,,
1790035904.547533,RAW_IMU,,,,,,,,,-26,0,-1047,-22,-235,18,,,,,
1790035904.5643544,GLOBAL_POSITION_INT,-35.3614991,149.1673991,591.71,9.999,0.73,0.74,0.0,44.92,,,,,,,,,,,
1790035904.565039,GPS_RAW_INT,,,,,,,,,,,,,,,,,,6,10
1790035904.5700336,ATTITUDE,,,,,,,,,,,,,,,0.005238010082393885,-0.32497483491897583,0.7840242981910706,,
1790035904.5704687,RAW_IMU,,,,,,,,,-28,0,-1049,-16,-198,16,,,,,
1790035904.5878205,ATTITUDE,,,,,,,,,,,,,,,0.00483017647638917,-0.3282654583454132,0.78401118516922,,
1790035904.5881186,RAW_IMU,,,,,,,,,-30,0,-1049,-14,-165,15,,,,,
1790035904.6176019,ATTITUDE,,,,,,,,,,,,,,,0.004484312608838081,-0.33092570304870605,0.7840082049369812,,
1790035904.6179922,RAW_IMU,,,,,,,,,-32,0,-1050,-12,-133,13,,,,,
1790035904.6285243,ATTITUDE,,,,,,,,,,,,,,,0.004245010670274496,-0.3330169916152954,0.7840103507041931,,
1790035904.6291533,RAW_IMU,,,,,,,,,-33,0,-1051,-6,-104,12,,,,,
1790035904.6462026,ATTITUDE,,,,,,,,,,,,,,,0.004018714651465416,-0.3346605598926544,0.7840092778205872,,
1790035904.6469824,RAW_IMU,,,,,,,,,-36,0,-1051,-6,-82,10,,,,,
1790035904.6635733,GLOBAL_POSITION_INT,-35.3614984,149.1674,591.71,9.998,0.94,0.96,0.0,44.91,,,,,,,,,,,
1790035904.6641474,GPS_RAW_INT,,,,,,,,,,,,,,,,,,6,10
1790035904.6693954,ATTITUDE,,,,,,,,,,,,,,,0.003849779488518834,-0.3358990550041199,0.7838722467422485,,
1790035904.6698942,RAW_IMU,,,,,,,,,-37,0,-1050,-4,-62,9,,,,,
1790035904.6869535,ATTITUDE,,,,,,,,,,,,,,,0.0037488220259547234,-0.3367534279823303,0.7835076451301575,,
1790035904.687674,RAW_IMU,,,,,,,,,-39,0,-1051,0,-43,8,,,,,
1790035904.710191,ATTITUDE,,,,,,,,,,,,,,,0.0036485970485955477,-0.33733227849006653,0.7831554412841797,,
1790035904.711175,RAW_IMU,,,,,,,,,-41,0,-1050,0,-29,7,,,,,
1790035904.7279813,ATTITUDE,,,,,,,,,,,,,,,0.003558636410161853,-0.3377339243888855,0.7828159332275391,,
1790035904.7287104,RAW_IMU,,,,,,,,,-43,0,-1049,0,-20,6,,,,,
1790035904.750856,ATTITUDE,,,,,,,,,,,,,,,0.0035775783471763134,-0.337971031665802,0.7824845314025879,,
1790035904.7515073,RAW_IMU,,,,,,,,,-45,0,-1049,3,-12,5,,,,,
1790035904.7626965,GLOBAL_POSITION_INT,-35.3614974,149.1674011,591.71,9.998,1.15,1.17,0.0,44.81,,,,,,,,,,,
1790035904.7630663,GPS_RAW_INT,,,,,,,,,,,,,,,,,,6,10
1790035904.7683656,ATTITUDE,,,,,,,,,,,,,,,0.0035864138044416904,-0.3380478322505951,0.7821646928787231,,
1790035904.7687647,RAW_IMU,,,,,,,,,-47,0,-1048,4,-4,5,,,,,
1790035904.7861342,ATTITUDE,,,,,,,,,,,,,,,0.003686536569148302,-0.338018000125885,0.7818742990493774,,
1790035904.7865324,RAW_IMU,,,,,,,,,-49,0,-1047,7,1,4,,,,,
1790035904.8093066,ATTITUDE,,,,,,,,,,,,,,,0.003837561933323741,-0.33785420656204224,0.7816349864006042,,
1790035904.8098197,RAW_IMU,,,,,,,,,-51,0,-1046,10,7,4,,,,,
1790035904.8268096,ATTITUDE,,,,,,,,,,,,,,,0.003980505280196667,-0.33755430579185486,0.7814469933509827,,
1790035904.8275633,RAW_IMU,,,,,,,,,-54,0,-1046,10,15,4,,,,,
1790035904.8500354,ATTITUDE,,,,,,,,,,,,,,,0.004116703290492296,-0.33722877502441406,0.78130704164505,,
1790035904.8504255,RAW_IMU,,,,,,,,,-56,0,-1044,9,17,4,,,,,
1790035904.8628333,GLOBAL_POSITION_INT,-35.3614963,149.1674025,591.71,9.999,1.36,1.37,0.0,44.76,,,,,,,,,,,
1790035904.8635025,GPS_RAW_INT,,,,,,,,,,,,,,,,,,6,10
1790035904.8675513,ATTITUDE,,,,,,,,,,,,,,,0.004244159907102585,-0.33686885237693787,0.7811394333839417,,
1790035904.8680692,RAW_IMU,,,,,,,,,-58,0,-1043,9,17,5,,,,,
1790035904.8908644,ATTITUDE,,,,,,,,,,,,,,,0.004360652063041925,-0.33643287420272827,0.780882716178894,,
1790035904.8916254,RAW_IMU,,,,,,,,,-60,0,-1042,9,21,5,,,,,
1790035904.9084363,ATTITUDE,,,,,,,,,,,,,,,0.004487289115786552,-0.3360826075077057,0.7806704044342041,,
1790035904.9089773,RAW_IMU,,,,,,,,,-62,0,-1041,9,17,5,,,,,
1790035904.926063,ATTITUDE,,,,,,,,,,,,,,,0.004643413703888655,-0.3356967270374298,0.7804996371269226,,
1790035904.9265943,RAW_IMU,,,,,,,,,-64,0,-1040,11,18,6,,,,,
1790035904.9493282,ATTITUDE,,,,,,,,,,,,,,,0.004805939272046089,-0.3353327512741089,0.7803685069084167,,
1790035904.9497783,RAW_IMU,,,,,,,,,-66,0,-1039,11,18,6,,,,,
1790035904.9612873,GLOBAL_POSITION_INT,-35.361495,149.1674041,591.71,9.999,1.56,1.56,0.0,44.7,,,,,,,,,,,
1790035904.9616508,GPS_RAW_INT,,,,,,,,,,,,,,,,,,6,10
1790035904.9668722,ATTITUDE,,,,,,,,,,,,,,,0.005027826875448227,-0.33508241176605225,0.7802714705467224,,
1790035904.9673247,RAW_IMU,,,,,,,,,-68,0,-1038,14,12,7,,,,,
1790035904.9901896,ATTITUDE,,,,,,,,,,,,,,,0.005194004625082016,-0.3349020481109619,0.7802115678787231,,
1790035904.9908907,RAW_IMU,,,,,,,,,-70,0,-1037,12,9,7,,,,,
1790035905.0079448,ATTITUDE,,,,,,,,,,,,,,,0.005428025033324957,-0.3348270058631897,0.7801967263221741,,
1790035905.008474,RAW_IMU,,,,,,,,,-72,0,-1036,15,4,8,,,,,
1790035905.0309772,ATTITUDE,,,,,,,,,,,,,,,0.005579065531492233,-0.33477866649627686,0.7802279591560364,,
1790035905.0313518,RAW_IMU,,,,,,,,,-74,0,-1035,11,2,8,,,,,
1790035905.0485842,ATTITUDE,,,,,,,,,,,,,,,0.00578323844820261,-0.33485209941864014,0.7802947759628296,,
1790035905.0489798,RAW_IMU,,,,,,,,,-76,0,-1034,13,-2,9,,,,,
1790035905.066114,GLOBAL_POSITION_INT,-35.3614935,149.1674059,591.72,10.0,1.74,1.75,0.0,44.7,,,,,,,,,,,
1790035905.0666869,GPS_RAW_INT,,,,,,,,,,,,,,,,,,6,10
1790035905.071674,ATTITUDE,,,,,,,,,,,,,,,0.005975368432700634,-0.3349631726741791,0.7802722454071045,,
1790035905.0723264,RAW_IMU,,,,,,,,,-78,0,-1033,13,-5,9,,,,,
1790035905.0894632,ATTITUDE,,,,,,,,,,,,,,,0.00615316117182374,-0.33523881435394287,0.780282199382782,,
1790035905.0903735,RAW_IMU,,,,,,,,,-80,0,-1032,13,-12,9,,,,,
1790035905.1168349,ATTITUDE,,,,,,,,,,,,,,,0.006319041363894939,-0.3355500102043152,0.780320942401886,,
1790035905.1172302,RAW_IMU,,,,,,,,,-82,0,-1032,12,-15,10,,,,,
1790035905.1305358,ATTITUDE,,,,,,,,,,,,,,,0.006471353583037853,-0.33594509959220886,0.7803853750228882,,
1790035905.1309917,RAW_IMU,,,,,,,,,-84,0,-1031,12,-18,10,,,,,
1790035905.1476924,ATTITUDE,,,,,,,,,,,,,,,0.0066108922474086285,-0.33641189336776733,0.780472993850708,,
1790035905.1480372,RAW_IMU,,,,,,,,,-86,0,-1031,11,-22,11,,,,,
1790035905.1650717,GLOBAL_POSITION_INT,-35.3614919,149.1674079,591.72,10.001,1.92,1.93,0.0,44.72,,,,,,,,,,,
1790035905.1653175,GPS_RAW_INT,,,,,,,,,,,,,,,,,,6,10
1790035905.170773,ATTITUDE,,,,,,,,,,,,,,,0.00670176837593317,-0.3369255065917969,0.7805827260017395,,
1790035905.1711757,RAW_IMU,,,,,,,,,-88,0,-1029,9,-24,11,,,,,
1790035905.188821,ATTITUDE,,,,,,,,,,,,,,,0.0067796967923641205,-0.33755093812942505,0.7807177305221558,,
1790035905.1895926,RAW_IMU,,,,,,,,,-90,0,-1028,8,-30,11,,,,,
1790035905.2085054,ATTITUDE,,,,,,,,,,,,,,,0.0068221245892345905,-0.3381822407245636,0.7808740735054016,,
1790035905.2101579,RAW_IMU,,,,,,,,,-92,0,-1028,7,-30,11,,,,,
1790035905.2285535,ATTITUDE,,,,,,,,,,,,,,,0.006849713157862425,-0.3389492630958557,0.7810476422309875,,
1790035905.229316,RAW_IMU,,,,,,,,,-94,0,-1027,5,-36,11,,,,,
1790035905.2471042,ATTITUDE,,,,,,,,,,,,,,,0.0068790605291724205,-0.33970582485198975,0.781238853931427,,
1790035905.2486017,RAW_IMU,,,,,,,,,-96,0,-1027,6,-36,12,,,,,
1790035905.2656353,GLOBAL_POSITION_INT,-35.3614901,149.1674101,591.72,10.002,2.09,2.11,0.0,44.77,,,,,,,,,,,
1790035905.2667751,GPS_RAW_INT,,,,,,,,,,,,,,,,,,6,10
1790035905.2718997,ATTITUDE,,,,,,,,,,,,,,,0.006835677195340395,-0.3405493199825287,0.7814235091209412,,
1790035905.2731466,RAW_IMU,,,,,,,,,-98,0,-1027,2,-40,12,,,,,
1790035905.2914274,ATTITUDE,,,,,,,,,,,,,,,0.006839322857558727,-0.3414464294910431,0.7815810441970825,,
1790035905.2922602,RAW_IMU,,,,,,,,,-100,0,-1025,5,-44,11,,,,,
1790035905.3116577,ATTITUDE,,,,,,,,,,,,,,,0.0067662945948541164,-0.34240660071372986,0.7817476987838745,,
1790035905.312861,RAW_IMU,,,,,,,,,-102,0,-1025,1,-47,11,,,,,
1790035905.3315291,ATTITUDE,,,,,,,,,,,,,,,0.006690646056085825,-0.34351858496665955,0.7819252610206604,,
1790035905.332301,RAW_IMU,,,,,,,,,-104,0,-1024,1,-52,11,,,,,
1790035905.3513086,ATTITUDE,,,,,,,,,,,,,,,0.006619043182581663,-0.3446112275123596,0.782094419002533,,
1790035905.3525627,RAW_IMU,,,,,,,,,-107,0,-1024,1,-54,11,,,,,
1790035905.3752234,GLOBAL_POSITION_INT,-35.3614881,149.1674125,591.72,10.002,2.26,2.28,0.0,44.81,,,,,,,,,,,
1790035905.375836,GPS_RAW_INT,,,,,,,,,,,,,,,,,,6,10
1790035905.376152,ATTITUDE,,,,,,,,,,,,,,,0.006549845915287733,-0.3457435667514801,0.7822651863098145,,
1790035905.3771493,RAW_IMU,,,,,,,,,-108,0,-1022,1,-55,11,,,,,
1790035905.3913493,ATTITUDE,,,,,,,,,,,,,,,0.006453189067542553,-0.34688469767570496,0.7824349403381348,,
1790035905.392452,RAW_IMU,,,,,,,,,-111,0,-1023,0,-56,10,,,,,
1790035905.4117935,ATTITUDE,,,,,,,,,,,,,,,0.006336886901408434,-0.3481201231479645,0.7826066017150879,,
1790035905.413634,RAW_IMU,,,,,,,,,-113,0,-1023,-1,-60,10,,,,,
1790035905.4323592,ATTITUDE,,,,,,,,,,,,,,,0.0062576052732765675,-0.34940996766090393,0.7827780842781067,,
1790035905.4345353,RAW_IMU,,,,,,,,,-115,0,-1022,0,-64,10,,,,,
1790035905.447821,ATTITUDE,,,,,,,,,,,,,,,0.006116997916251421,-0.350748747587204,0.7829519510269165,,
1790035905.4489987,RAW_IMU,,,,,,,,,-117,0,-1022,-2,-65,9,,,,,
1790035905.4623582,GLOBAL_POSITION_INT,-35.361486,149.1674151,591.72,10.003,2.43,2.45,0.0,44.86,,,,,,,,,,,
1790035905.4635413,GPS_RAW_INT,,,,,,,,,,,,,,,,,,6,10
1790035905.469916,ATTITUDE,,,,,,,,,,,,,,,0.006035969126969576,-0.35217076539993286,0.7831140756607056,,
1790035905.4719906,RAW_IMU,,,,,,,,,-119,0,-1021,0,-70,9,,,,,
1790035905.4897916,ATTITUDE,,,,,,,,,,,,,,,0.005859657656401396,-0.3536684811115265,0.7832571864128113,,
1790035905.493042,RAW_IMU,,,,,,,,,-121,0,-1021,-4,-74,9,,,,,
1790035905.5098622,ATTITUDE,,,,,,,,,,,,,,,0.005753544624894857,-0.35515666007995605,0.7833948135375977,,
1790035905.5119789,RAW_IMU,,,,,,,,,-123,0,-1021,-1,-74,8,,,,,
1790035905.5302782,ATTITUDE,,,,,,,,,,,,,,,0.005607545841485262,-0.35674870014190674,0.7835296988487244,,
1790035905.5314898,RAW_IMU,,,,,,,,,-125,0,-1020,-2,-78,8,,,,,
1790035905.550162,ATTITUDE,,,,,,,,,,,,,,,0.0054661487229168415,-0.35834774374961853,0.7836628556251526,,
1790035905.5514166,RAW_IMU,,,,,,,,,-127,0,-1020,-3,-80,8,,,,,
1790035905.5637004,GLOBAL_POSITION_INT,-35.3614838,149.1674178,591.72,10.003,2.59,2.62,0.0,44.9,,,,,,,,,,,
1790035905.5654893,GPS_RAW_INT,,,,,,,,,,,,,,,,,,6,10
1790035905.5700226,ATTITUDE,,,,,,,,,,,,,,,0.005331382621079683,-0.35998252034187317,0.7837908864021301,,
1790035905.5718184,RAW_IMU,,,,,,,,,-129,0,-1019,-3,-80,7,,,,,
1790035905.5901408,ATTITUDE,,,,,,,,,,,,,,,0.005205951165407896,-0.3617057502269745,0.7839130759239197,,
1790035905.5918705,RAW_IMU,,,,,,,,,-131,0,-1019,-2,-85,7,,,,,
1790035905.6317053,ATTITUDE,,,,,,,,,,,,,,,0.005045287776738405,-0.36349183320999146,0.7840304970741272,,
1790035905.633656,RAW_IMU,,,,,,,,,-133,0,-1018,-4,-88,7,,,,,
1790035905.6368575,ATTITUDE,,,,,,,,,,,,,,,0.004904806613922119,-0.36526763439178467,0.7841445803642273,,
1790035905.638952,RAW_IMU,,,,,,,,,-135,0,-1018,-4,-88,6,,,,,
1790035905.6471124,ATTITUDE,,,,,,,,,,,,,,,0.00475164782255888,-0.3671569526195526,0.7842583060264587,,
1790035905.64793,RAW_IMU,,,,,,,,,-138,0,-1018,-3,-93,6,,,,,
1790035905.6669092,GLOBAL_POSITION_INT,-35.3614814,149.1674208,591.72,10.003,2.75,2.78,0.0,44.93,,,,,,,,,,,
1790035905.667993,GPS_RAW_INT,,,,,,,,,,,,,,,,,,6,10
1790035905.6698515,ATTITUDE,,,,,,,,,,,,,,,0.004577557556331158,-0.3690115511417389,0.784366250038147,,
1790035905.6708026,RAW_IMU,,,,,,,,,-139,0,-1018,-5,-92,6,,,,,
1790035905.6875477,ATTITUDE,,,,,,,,,,,,,,,0.00441367132589221,-0.3709132671356201,0.7844609022140503,,
1790035905.6888974,RAW_IMU,,,,,,,,,-142,0,-1017,-5,-94,5,,,,,
1790035905.7075336,ATTITUDE,,,,,,,,,,,,,,,0.0042537846602499485,-0.3728713393211365,0.7845481634140015,,
1790035905.7089605,RAW_IMU,,,,,,,,,-144,0,-1016,-4,-97,5,,,,,
1790035905.7272084,ATTITUDE,,,,,,,,,,,,,,,0.0040436736308038235,-0.3748059868812561,0.7846328020095825,,
1790035905.728315,RAW_IMU,,,,,,,,,-146,0,-1017,-7,-96,5,,,,,
1790035905.7520697,ATTITUDE,,,,,,,,,,,,,,,0.0039056974928826094,-0.37684300541877747,0.784711480140686,,
1790035905.7537792,RAW_IMU,,,,,,,,,-148,0,-1017,-4,-100,4,,,,,
1790035905.765977,GLOBAL_POSITION_INT,-35.3614789,149.1674239,591.72,10.004,2.91,2.94,0.0,44.96,,,,,,,,,,,
1790035905.767139,GPS_RAW_INT,,,,,,,,,,,,,,,,,,6,10
1790035905.7719684,ATTITUDE,,,,,,,,,,,,,,,0.0037766476161777973,-0.3788761496543884,0.7847896218299866,,
1790035905.7729,RAW_IMU,,,,,,,,,-150,0,-1016,-3,-101,4,,,,,
1790035905.7915266,ATTITUDE,,,,,,,,,,,,,,,0.003654301865026355,-0.3809494972229004,0.7848595380783081,,
1790035905.7929695,RAW_IMU,,,,,,,,,-152,0,-1015,-3,-102,4,,,,,
1790035905.8116102,ATTITUDE,,,,,,,,,,,,,,,0.0034686303697526455,-0.383041113615036,0.7849292755126953,,
1790035905.8135235,RAW_IMU,,,,,,,,,-154,0,-1015,-6,-104,4,,,,,
1790035905.831462,ATTITUDE,,,,,,,,,,,,,,,0.0033264155499637127,-0.38504061102867126,0.7849937081336975,,
1790035905.8329067,RAW_IMU,,,,,,,,,-156,0,-1015,-5,-99,3,,,,,
1790035905.8512013,ATTITUDE,,,,,,,,,,,,,,,0.0032092146575450897,-0.3868984878063202,0.785057544708252,,
1790035905.852901,RAW_IMU,,,,,,,,,-159,0,-1015,-3,-92,3,,,,,
1790035905.8785753,GLOBAL_POSITION_INT,-35.3614762,149.1674272,591.72,10.004,3.07,3.11,0.0,44.98,,,,,,,,,,,
1790035905.8792892,GPS_RAW_INT,,,,,,,,,,,,,,,,,,6,10
1790035905.8796775,ATTITUDE,,,,,,,,,,,,,,,0.0030928654596209526,-0.38836631178855896,0.7851201891899109,,
1790035905.8801925,RAW_IMU,,,,,,,,,-161,0,-1015,-3,-74,3,,,,,
1790035905.8919148,ATTITUDE,,,,,,,,,,,,,,,0.0029140817932784557,-0.3894668519496918,0.785180389881134,,
1790035905.8932521,RAW_IMU,,,,,,,,,-163,0,-1015,-6,-55,3,,,,,
1790035905.9118872,ATTITUDE,,,,,,,,,,,,,,,0.002798493020236492,-0.39006906747817993,0.785232424736023,,
1790035905.9136884,RAW_IMU,,,,,,,,,-165,0,-1014,-3,-31,2,,,,,
1790035905.932045,ATTITUDE,,,,,,,,,,,,,,,0.0025909014511853456,-0.38994836807250977,0.7852842807769775,,
1790035905.9334452,RAW_IMU,,,,,,,,,-168,0,-1014,-7,3,2,,,,,
1790035905.9517338,ATTITUDE,,,,,,,,,,,,,,,0.0024449306074529886,-0.3891468346118927,0.7853342294692993,,
1790035905.953367,RAW_IMU,,,,,,,,,-170,0,-1013,-5,38,2,,,,,
1790035905.965739,GLOBAL_POSITION_INT,-35.3614734,149.1674307,591.72,10.003,3.23,3.27,0.0,44.99,,,,,,,,,,,
1790035905.9672449,GPS_RAW_INT,,,,,,,,,,,,,,,,,,6,10
1790035905.9718463,ATTITUDE,,,,,,,,,,,,,,,0.002243914408609271,-0.38760119676589966,0.7853832244873047,,
1790035905.9736013,RAW_IMU,,,,,,,,,-172,0,-1013,-7,75,2,,,,,
1790035905.992056,ATTITUDE,,,,,,,,,,,,,,,0.002107755746692419,-0.38541391491889954,0.7854269742965698,,
1790035905.9941835,RAW_IMU,,,,,,,,,-175,0,-1012,-5,108,1,,,,,
1790035906.012014,ATTITUDE,,,,,,,,,,,,,,,0.0019169672159478068,-0.38258349895477295,0.7854694724082947,,
1790035906.0132015,RAW_IMU,,,,,,,,,-177,0,-1010,-7,140,1,,,,,
1790035906.0319695,ATTITUDE,,,,,,,,,,,,,,,0.0017264658818021417,-0.37915709614753723,0.7855093479156494,,
1790035906.0333493,RAW_IMU,,,,,,,,,-180,0,-1009,-7,170,1,,,,,
1790035906.051934,ATTITUDE,,,,,,,,,,,,,,,0.0015535695711150765,-0.3752504885196686,0.785548210144043,,
1790035906.0538185,RAW_IMU,,,,,,,,,-182,0,-1008,-7,195,1,,,,,
1790035906.0656886,GLOBAL_POSITION_INT,-35.3614704,149.1674344,591.72,10.004,3.38,3.41,0.0,45.01,,,,,,,,,,,
1790035906.0666702,GPS_RAW_INT,,,,,,,,,,,,,,,,,,6,10
1790035906.0717664,ATTITUDE,,,,,,,,,,,,,,,0.0014008377911522985,-0.37085363268852234,0.7855882048606873,,
1790035906.0732367,RAW_IMU,,,,,,,,,-185,0,-1006,-6,219,1,,,,,
1790035906.0920832,ATTITUDE,,,,,,,,,,,,,,,0.0012444964377209544,-0.3660847246646881,0.7856308221817017,,
1790035906.0933282,RAW_IMU,,,,,,,,,-187,0,-1004,-6,238,1,,,,,
1790035906.1271706,ATTITUDE,,,,,,,,,,,,,,,0.0010955428006127477,-0.3610598146915436,0.7856687307357788,,
1790035906.1285856,RAW_IMU,,,,,,,,,-189,0,-1003,-6,251,1,,,,,
1790035906.131364,ATTITUDE,,,,,,,,,,,,,,,0.000970096152741462,-0.3557788133621216,0.7857022285461426,,
1790035906.1323283,RAW_IMU,,,,,,,,,-192,0,-1001,-4,264,1,,,,,
1790035906.1514068,ATTITUDE,,,,,,,,,,,,,,,0.0008186980267055333,-0.35035061836242676,0.7857345342636108,,
1790035906.1528738,RAW_IMU,,,,,,,,,-194,0,-999,-6,272,0,,,,,
1790035906.1650486,GLOBAL_POSITION_INT,-35.3614673,149.1674382,591.72,10.004,3.5,3.53,0.0,45.02,,,,,,,,,,,
1790035906.1665437,GPS_RAW_INT,,,,,,,,,,,,,,,,,,6,10
1790035906.1712546,ATTITUDE,,,,,,,,,,,,,,,0.0006943118060007691,-0.3448134958744049,0.7857638001441956,,
1790035906.17223,RAW_IMU,,,,,,,,,-196,0,-997,-5,277,0,,,,,
1790035906.191508,ATTITUDE,,,,,,,,,,,,,,,0.0005733543657697737,-0.33923378586769104,0.7857909798622131,,
1790035906.1928973,RAW_IMU,,,,,,,,,-198,0,-995,-4,280,0,,,,,
1790035906.2114885,ATTITUDE,,,,,,,,,,,,,,,0.0004274202510714531,-0.333709716796875,0.7858130931854248,,
1790035906.2124596,RAW_IMU,,,,,,,,,-200,0,-993,-6,277,0,,,,,
1790035906.2313387,ATTITUDE,,,,,,,,,,,,,,,0.00033777934731915593,-0.328244149684906,0.7858296036720276,,
1790035906.2321985,RAW_IMU,,,,,,,,,-202,0,-992,-3,274,0,,,,,
1790035906.251319,ATTITUDE,,,,,,,,,,,,,,,0.0001909576094476506,-0.32288238406181335,0.7858468294143677,,
1790035906.2526019,RAW_IMU,,,,,,,,,-204,0,-989,-5,269,0,,,,,
1790035906.265299,GLOBAL_POSITION_INT,-35.3614641,149.1674422,591.72,10.005,3.59,3.62,0.0,45.02,,,,,,,,,,,
1790035906.266768,GPS_RAW_INT,,,,,,,,,,,,,,,,,,6,10
1790035906.2713656,ATTITUDE,,,,,,,,,,,,,,,7.870303670642897e-05,-0.31765198707580566,0.7858607172966003,,
1790035906.2719736,RAW_IMU,,,,,,,,,-205,0,-988,-4,263,0,,,,,
1790035906.291447,ATTITUDE,,,,,,,,,,,,,,,-9.519839295535348e-06,-0.312588095664978,0.7858728170394897,,
1790035906.2927597,RAW_IMU,,,,,,,,,-207,0,-986,-2,255,0,,,,,
1790035906.3122492,ATTITUDE,,,,,,,,,,,,,,,-0.00016273153596557677,-0.3076876699924469,0.7858807444572449,,
1790035906.3128612,RAW_IMU,,,,,,,,,-208,0,-985,-6,246,0,,,,,
1790035906.3322384,ATTITUDE,,,,,,,,,,,,,,,-0.00024739111540839076,-0.30299681425094604,0.7858844995498657,,
1790035906.3337882,RAW_IMU,,,,,,,,,-210,0,-984,-3,236,0,,,,,
1790035906.3520968,ATTITUDE,,,,,,,,,,,,,,,-0.00031748120090924203,-0.29852864146232605,0.7858862280845642,,
1790035906.3530164,RAW_IMU,,,,,,,,,-211,0,-982,-2,225,0,,,,,
1790035906.3809736,GLOBAL_POSITION_INT,-35.3614609,149.1674462,591.72,10.005,3.66,3.69,0.0,45.02,,,,,,,,,,,
1790035906.381991,GPS_RAW_INT,,,,,,,,,,,,,,,,,,6,10
1790035906.3833697,ATTITUDE,,,,,,,,,,,,,,,-0.0004702789301518351,-0.29426056146621704,0.7858912348747253,,
1790035906.3851223,RAW_IMU,,,,,,,,,-213,0,-981,-6,215,0,,,,,
1790035906.3918076,ATTITUDE,,,,,,,,,,,,,,,-0.000578945386223495,-0.290201336145401,0.7858903408050537,,
1790035906.3928146,RAW_IMU,,,,,,,,,-214,0,-980,-5,204,0,,,,,
1790035906.411918,ATTITUDE,,,,,,,,,,,,,,,-0.0006600649212487042,-0.2864335775375366,0.7858876585960388,,
1790035906.4133568,RAW_IMU,,,,,,,,,-215,0,-979,-2,190,0,,,,,
1790035906.4319203,ATTITUDE,,,,,,,,,,,,,,,-0.0007584851118735969,-0.28286120295524597,0.7858871817588806,,
1790035906.4333298,RAW_IMU,,,,,,,,,-216,0,-979,-4,180,0,,,,,
1790035906.4519222,ATTITUDE,,,,,,,,,,,,,,,-0.00078687904169783,-0.2795484960079193,0.7858833074569702,,
1790035906.4539487,RAW_IMU,,,,,,,,,-217,0,-977,0,167,0,,,,,
1790035906.4657626,GLOBAL_POSITION_INT,-35.3614576,149.1674503,591.72,10.006,3.71,3.73,0.0,45.02,,,,,,,,,,,
1790035906.4670327,GPS_RAW_INT,,,,,,,,,,,,,,,,,,6,10
1790035906.4718146,ATTITUDE,,,,,,,,,,,,,,,-0.0008113986696116626,-0.27646753191947937,0.7858792543411255,,
1790035906.472923,RAW_IMU,,,,,,,,,-218,0,-977,0,155,0,,,,,
1790035906.4919562,ATTITUDE,,,,,,,,,,,,,,,-0.0008891142206266522,-0.27361157536506653,0.7858791947364807,,
1790035906.4932048,RAW_IMU,,,,,,,,,-219,0,-976,-2,145,0,,,,,
1790035906.512579,ATTITUDE,,,,,,,,,,,,,,,-0.0009067971841432154,-0.271030068397522,0.7858756184577942,,
1790035906.5133696,RAW_IMU,,,,,,,,,-219,0,-976,0,131,0,,,,,
1790035906.5319011,ATTITUDE,,,,,,,,,,,,,,,-0.0009232613374479115,-0.2686118185520172,0.7858714461326599,,
1790035906.5327322,RAW_IMU,,,,,,,,,-220,0,-975,0,122,0,,,,,
1790035906.5520196,ATTITUDE,,,,,,,,,,,,,,,-0.0009717717184685171,-0.2663947343826294,0.7858717441558838,,
1790035906.5532637,RAW_IMU,,,,,,,,,-221,0,-974,-1,113,0,,,,,
1790035906.5654745,GLOBAL_POSITION_INT,-35.3614542,149.1674544,591.72,10.006,3.74,3.77,0.0,45.02,,,,,,,,,,,
1790035906.5663214,GPS_RAW_INT,,,,,,,,,,,,,,,,,,6,10
1790035906.5718677,ATTITUDE,,,,,,,,,,,,,,,-0.0010077140759676695,-0.2644268870353699,0.7858725190162659,,
1790035906.5735707,RAW_IMU,,,,,,,,,-222,0,-974,-1,100,0,,,,,
1790035906.5918593,ATTITUDE,,,,,,,,,,,,,,,-0.0010379231534898281,-0.2626231908798218,0.7858710289001465,,
1790035906.592654,RAW_IMU,,,,,,,,,-222,0,-973,0,91,0,,,,,
1790035906.630405,ATTITUDE,,,,,,,,,,,,,,,-0.0010649459436535835,-0.2609882056713104,0.7858689427375793,,
1790035906.631258,RAW_IMU,,,,,,,,,-223,0,-974,0,83,0,,,,,
1790035906.6322045,ATTITUDE,,,,,,,,,,,,,,,-0.0010924874804913998,-0.2594682574272156,0.785865843296051,,
1790035906.6329496,RAW_IMU,,,,,,,,,-223,0,-974,0,77,0,,,,,
1790035906.6519098,ATTITUDE,,,,,,,,,,,,,,,-0.0011191120138391852,-0.25810506939888,0.7858647108078003,,
1790035906.6527557,RAW_IMU,,,,,,,,,-224,0,-974,0,70,0,,,,,
1790035906.6656497,GLOBAL_POSITION_INT,-35.3614508,149.1674586,591.72,10.007,3.77,3.79,0.0,45.02,,,,,,,,,,,
1790035906.6666288,GPS_RAW_INT,,,,,,,,,,,,,,,,,,6,10
1790035906.6716986,ATTITUDE,,,,,,,,,,,,,,,-0.0011811439180746675,-0.2569390535354614,0.7858693599700928,,
1790035906.6730628,RAW_IMU,,,,,,,,,-224,0,-973,-1,60,0,,,,,
1790035906.6917427,ATTITUDE,,,,,,,,,,,,,,,-0.0012097549624741077,-0.2558947801589966,0.7858731150627136,,
1790035906.6927912,RAW_IMU,,,,,,,,,-225,0,-973,0,54,0,,,,,
1790035906.7113845,ATTITUDE,,,,,,,,,,,,,,,-0.0012933893594890833,-0.25504276156425476,0.7858774065971375,,
1790035906.7127714,RAW_IMU,,,,,,,,,-225,0,-973,-2,45,0,,,,,
1790035906.7311904,ATTITUDE,,,,,,,,,,,,,,,-0.0013371228706091642,-0.2542560398578644,0.7858803272247314,,
1790035906.7321532,RAW_IMU,,,,,,,,,-226,0,-972,-1,41,0,,,,,
1790035906.751941,ATTITUDE,,,,,,,,,,,,,,,-0.0014137336984276772,-0.2536052167415619,0.7858852744102478,,
1790035906.7531435,RAW_IMU,,,,,,,,,-226,0,-973,-2,35,0,,,,,
1790035906.7656167,GLOBAL_POSITION_INT,-35.3614474,149.1674628,591.72,10.006,3.79,3.81,0.0,45.02,,,,,,,,,,,
1790035906.7669315,GPS_RAW_INT,,,,,,,,,,,,,,,,,,6,10
1790035906.7717342,ATTITUDE,,,,,,,,,,,,,,,-0.001482045860029757,-0.25305479764938354,0.7858901023864746,,
1790035906.7727778,RAW_IMU,,,,,,,,,-226,0,-972,-2,29,0,,,,,
1790035906.7918346,ATTITUDE,,,,,,,,,,,,,,,-0.0015230340650305152,-0.25260111689567566,0.7858924269676208,,
1790035906.794011,RAW_IMU,,,,,,,,,-227,0,-972,0,24,0,,,,,
1790035906.811835,ATTITUDE,,,,,,,,,,,,,,,-0.0015626929234713316,-0.2522129714488983,0.7858940958976746,,
1790035906.81314,RAW_IMU,,,,,,,,,-227,0,-972,0,21,0,,,,,
1790035906.8316877,ATTITUDE,,,,,,,,,,,,,,,-0.0015985615318641067,-0.2519221603870392,0.7858929634094238,,
1790035906.8330462,RAW_IMU,,,,,,,,,-228,0,-973,0,16,0,,,,,
1790035906.8519835,ATTITUDE,,,,,,,,,,,,,,,-0.0016330928774550557,-0.2516930401325226,0.7858901619911194,,
1790035906.8534658,RAW_IMU,,,,,,,,,-228,0,-972,0,12,0,,,,,
1790035906.8750567,GLOBAL_POSITION_INT,-35.361444,149.1674671,591.72,10.006,3.81,3.83,0.0,45.02,,,,,,,,,,,
1790035906.8766148,GPS_RAW_INT,,,,,,,,,,,,,,,,,,6,10
1790035906.878109,ATTITUDE,,,,,,,,,,,,,,,-0.0016657295636832714,-0.25152307748794556,0.7858816981315613,,
1790035906.8788838,RAW_IMU,,,,,,,,,-228,0,-973,0,11,0,,,,,
1790035906.887425,ATTITUDE,,,,,,,,,,,,,,,-0.0016952353762462735,-0.2514338493347168,0.785868763923645,,
1790035906.8888052,RAW_IMU,,,,,,,,,-228,0,-973,0,6,0,,,,,
1790035906.9075582,ATTITUDE,,,,,,,,,,,,,,,-0.0017223977483808994,-0.251322478055954,0.785851240158081,,
1790035906.9089892,RAW_IMU,,,,,,,,,-229,0,-972,0,8,0,,,,,
1790035906.9274957,ATTITUDE,,,,,,,,,,,,,,,-0.0017528521129861474,-0.2512991428375244,0.785831093788147,,
1790035906.9287705,RAW_IMU,,,,,,,,,-229,0,-973,0,3,0,,,,,
1790035906.9471357,ATTITUDE,,,,,,,,,,,,,,,-0.001778203877620399,-0.2512539029121399,0.7858138680458069,,
1790035906.9481113,RAW_IMU,,,,,,,,,-229,0,-974,0,4,0,,,,,
1790035906.9663258,GLOBAL_POSITION_INT,-35.3614405,149.1674713,591.72,10.005,3.83,3.84,0.0,45.02,,,,,,,,,,,
1790035906.9673164,GPS_RAW_INT,,,,,,,,,,,,,,,,,,6,10
1790035906.9688747,ATTITUDE,,,,,,,,,,,,,,,-0.0017986957682296634,-0.2513073682785034,0.7857983708381653,,
1790035906.9697175,RAW_IMU,,,,,,,,,-230,0,-973,0,0,0,,,,,
1790035906.9868026,ATTITUDE,,,,,,,,,,,,,,,-0.0018189994152635336,-0.25132104754447937,0.7857814431190491,,
1790035906.9876857,RAW_IMU,,,,,,,,,-230,0,-973,0,1,0,,,,,
1790035907.0068877,ATTITUDE,,,,,,,,,,,,,,,-0.0018375872168689966,-0.25143709778785706,0.7857657670974731,,
1790035907.0078454,RAW_IMU,,,,,,,,,-230,0,-973,0,-3,0,,,,,
1790035907.0272317,ATTITUDE,,,,,,,,,,,,,,,-0.0018394355429336429,-0.25151145458221436,0.785750150680542,,
1790035907.0283623,RAW_IMU,,,,,,,,,-230,0,-974,1,-2,0,,,,,
1790035907.05212,ATTITUDE,,,,,,,,,,,,,,,-0.0018713021418079734,-0.25168153643608093,0.7857398390769958,,
1790035907.0529373,RAW_IMU,,,,,,,,,-231,0,-974,0,-6,0,,,,,
1790035907.0653226,GLOBAL_POSITION_INT,-35.3614371,149.1674756,591.72,10.004,3.85,3.85,0.0,45.01,,,,,,,,,,,
1790035907.0664456,GPS_RAW_INT,,,,,,,,,,,,,,,,,,6,10
1790035907.0716949,ATTITUDE,,,,,,,,,,,,,,,-0.0018444590969011188,-0.2518807351589203,0.7857247591018677,,
1790035907.0727134,RAW_IMU,,,,,,,,,-231,0,-974,2,-8,0,,,,,
1790035907.0921361,ATTITUDE,,,,,,,,,,,,,,,-0.0018602256895974278,-0.252079576253891,0.7857085466384888,,
1790035907.0935671,RAW_IMU,,,,,,,,,-231,0,-974,0,-7,0,,,,,
1790035907.122942,ATTITUDE,,,,,,,,,,,,,,,-0.0018155872821807861,-0.2523210346698761,0.7856916785240173,,
1790035907.1238785,RAW_IMU,,,,,,,,,-231,0,-974,2,-9,0,,,,,
1790035907.1325207,ATTITUDE,,,,,,,,,,,,,,,-0.0018060168949887156,-0.2525574266910553,0.785675585269928,,
1790035907.1334953,RAW_IMU,,,,,,,,,-232,0,-974,1,-9,0,,,,,
1790035907.1527164,ATTITUDE,,,,,,,,,,,,,,,-0.0018000202253460884,-0.2528155446052551,0.7856643199920654,,
1790035907.154154,RAW_IMU,,,,,,,,,-232,0,-974,1,-10,0,,,,,
1790035907.1662076,GLOBAL_POSITION_INT,-35.3614336,149.1674799,591.72,10.003,3.86,3.87,0.0,45.01,,,,,,,,,,,
1790035907.1671097,GPS_RAW_INT,,,,,,,,,,,,,,,,,,6,10
1790035907.17237,ATTITUDE,,,,,,,,,,,,,,,-0.001794847659766674,-0.2531009018421173,0.7856550812721252,,
1790035907.1729863,RAW_IMU,,,,,,,,,-232,0,-974,1,-12,0,,,,,
1790035907.1925914,ATTITUDE,,,,,,,,,,,,,,,-0.00178922014310956,-0.2533707022666931,0.7856479287147522,,
1790035907.1941843,RAW_IMU,,,,,,,,,-232,0,-974,1,-11,0,,,,,
1790035907.2126193,ATTITUDE,,,,,,,,,,,,,,,-0.0017837615450844169,-0.253625750541687,0.7856417894363403,,
1790035907.2142196,RAW_IMU,,,,,,,,,-233,0,-974,1,-10,0,,,,,
1790035907.2325125,ATTITUDE,,,,,,,,,,,,,,,-0.0017776270397007465,-0.253865510225296,0.7856354713439941,,
1790035907.2332942,RAW_IMU,,,,,,,,,-233,0,-974,1,-10,0,,,,,
1790035907.2526455,ATTITUDE,,,,,,,,,,,,,,,-0.00177382689435035,-0.2540915012359619,0.7856327891349792,,
1790035907.2544372,RAW_IMU,,,,,,,,,-233,0,-974,1,-9,0,,,,,
1790035907.2666872,GLOBAL_POSITION_INT,-35.36143,149.1674842,591.72,10.002,3.88,3.88,0.0,45.01,,,,,,,,,,,
1790035907.2683015,GPS_RAW_INT,,,,,,,,,,,,,,,,,,6,10
1790035907.2724023,ATTITUDE,,,,,,,,,,,,,,,-0.0017692368710413575,-0.2543168365955353,0.7856276631355286,,
1790035907.273637,RAW_IMU,,,,,,,,,-233,0,-974,1,-9,0,,,,,
1790035907.2927148,ATTITUDE,,,,,,,,,,,,,,,-0.0017646891064941883,-0.2545400857925415,0.7856187224388123,,
1790035907.2939901,RAW_IMU,,,,,,,,,-234,0,-974,1,-8,0,,,,,
1790035907.307426,ATTITUDE,,,,,,,,,,,,,,,-0.0017609222559258342,-0.2547518014907837,0.7856106758117676,,
1790035907.3081658,RAW_IMU,,,,,,,,,-234,0,-973,1,-8,0,,,,,
1790035907.327749,ATTITUDE,,,,,,,,,,,,,,,-0.0017570042982697487,-0.2549532651901245,0.7856034636497498,,
1790035907.3289793,RAW_IMU,,,,,,,,,-234,0,-973,1,-7,0,,,,,
1790035907.3476183,ATTITUDE,,,,,,,,,,,,,,,-0.0017536879749968648,-0.2551453709602356,0.785599410533905,,
1790035907.348527,RAW_IMU,,,,,,,,,-234,0,-973,1,-7,0,,,,,
1790035907.3745978,GLOBAL_POSITION_INT,-35.3614265,149.1674886,591.72,10.001,3.9,3.9,0.0,45.01,,,,,,,,,,,
1790035907.3756075,GPS_RAW_INT,,,,,,,,,,,,,,,,,,6,10
1790035907.3768752,ATTITUDE,,,,,,,,,,,,,,,-0.0017083219718188047,-0.2553361654281616,0.7855953574180603,,
1790035907.3782701,RAW_IMU,,,,,,,,,-234,0,-974,3,-7,0,,,,,
1790035907.3885076,ATTITUDE,,,,,,,,,,,,,,,-0.0016523281810805202,-0.25552064180374146,0.7855910062789917,,
1790035907.3890905,RAW_IMU,,,,,,,,,-235,0,-974,4,-7,0,,,,,
1790035907.408522,ATTITUDE,,,,,,,,,,,,,,,-0.0015674667665734887,-0.2557046115398407,0.7855838537216187,,
1790035907.4101467,RAW_IMU,,,,,,,,,-235,0,-974,4,-6,0,,,,,
1790035907.4281073,ATTITUDE,,,,,,,,,,,,,,,-0.0014795127790421247,-0.255871444940567,0.7855758666992188,,
1790035907.4287078,RAW_IMU,,,,,,,,,-235,0,-974,5,-7,0,,,,,
1790035907.448191,ATTITUDE,,,,,,,,,,,,,,,-0.00137605844065547,-0.2559966742992401,0.7855700850486755,,
1790035907.4487548,RAW_IMU,,,,,,,,,-235,0,-974,5,-4,0,,,,,
1790035907.4676435,GLOBAL_POSITION_INT,-35.3614229,149.167493,591.72,10.0,3.92,3.91,0.0,45.0,,,,,,,,,,,
1790035907.469047,GPS_RAW_INT,,,,,,,,,,,,,,,,,,6,10
1790035907.4707558,ATTITUDE,,,,,,,,,,,,,,,-0.0012789496686309576,-0.2561556100845337,0.7855591177940369,,
1790035907.4718235,RAW_IMU,,,,,,,,,-236,0,-974,6,-6,0,,,,,
1790035907.4884844,ATTITUDE,,,,,,,,,,,,,,,-0.0011848086724057794,-0.2562704384326935,0.7855468392372131,,
1790035907.4896986,RAW_IMU,,,,,,,,,-236,0,-974,5,-3,0,,,,,
1790035907.5091085,ATTITUDE,,,,,,,,,,,,,,,-0.0010644156718626618,-0.2564224302768707,0.7855324149131775,,
1790035907.5101888,RAW_IMU,,,,,,,,,-236,0,-974,7,-5,0,,,,,
1790035907.5288806,ATTITUDE,,,,,,,,,,,,,,,-0.0009745715651661158,-0.2564956545829773,0.7855178117752075,,
1790035907.5307722,RAW_IMU,,,,,,,,,-236,0,-974,5,-1,0,,,,,
1790035907.5488298,ATTITUDE,,,,,,,,,,,,,,,-0.0008328700205311179,-0.25662556290626526,0.7855046987533569,,
1790035907.5505414,RAW_IMU,,,,,,,,,-237,0,-974,8,-4,0,,,,,
1790035907.56269,GLOBAL_POSITION_INT,-35.3614193,149.1674973,591.71,9.999,3.94,3.93,0.0,45.0,,,,,,,,,,,
1790035907.5635014,GPS_RAW_INT,,,,,,,,,,,,,,,,,,6,10
1790035907.5697424,ATTITUDE,,,,,,,,,,,,,,,-0.0007765076006762683,-0.2566649615764618,0.7854949235916138,,
1790035907.5715845,RAW_IMU,,,,,,,,,-237,0,-974,3,0,0,,,,,
1790035907.5909138,ATTITUDE,,,,,,,,,,,,,,,-0.0006348805036395788,-0.2567715346813202,0.7854824066162109,,
1790035907.5921125,RAW_IMU,,,,,,,,,-237,0,-974,7,-3,0,,,,,
1790035907.6278975,ATTITUDE,,,,,,,,,,,,,,,-0.0005732252029702067,-0.2567831575870514,0.7854720950126648,,
1790035907.630258,RAW_IMU,,,,,,,,,-237,0,-974,4,0,0,,,,,
1790035907.6331687,ATTITUDE,,,,,,,,,,,,,,,-0.00043333295616321266,-0.25687623023986816,0.7854594588279724,,
1790035907.6347108,RAW_IMU,,,,,,,,,-238,0,-974,7,-2,0,,,,,
1790035907.6480093,ATTITUDE,,,,,,,,,,,,,,,-0.00037114458973519504,-0.2568908929824829,0.7854534387588501,,
1790035907.649546,RAW_IMU,,,,,,,,,-238,0,-974,5,0,0,,,,,
1790035907.662694,GLOBAL_POSITION_INT,-35.3614158,149.1675017,591.71,9.998,3.95,3.94,0.0,45.0,,,,,,,,,,,
1790035907.6643445,GPS_RAW_INT,,,,,,,,,,,,,,,,,,6,10
1790035907.6694732,ATTITUDE,,,,,,,,,,,,,,,-0.00026370398700237274,-0.2569617033004761,0.7854440808296204,,
1790035907.6716225,RAW_IMU,,,,,,,,,-238,0,-974,5,0,0,,,,,
1790035907.6898763,ATTITUDE,,,,,,,,,,,,,,,-0.00018038558482658118,-0.25702017545700073,0.7854340076446533,,
1790035907.6913462,RAW_IMU,,,,,,,,,-238,0,-974,6,-1,0,,,,,
1790035907.7100816,ATTITUDE,,,,,,,,,,,,,,,-0.00011657127470243722,-0.2570918798446655,0.7854248881340027,,
1790035907.7110674,RAW_IMU,,,,,,,,,-239,0,-974,3,0,0,,,,,
1790035907.7298534,ATTITUDE,,,,,,,,,,,,,,,-6.642404969170457e-06,-0.2571408450603485,0.7854131460189819,,
1790035907.731605,RAW_IMU,,,,,,,,,-239,0,-974,6,0,0,,,,,
1790035907.7498164,ATTITUDE,,,,,,,,,,,,,,,4.147137951804325e-05,-0.25717195868492126,0.7854070067405701,,
1790035907.7517471,RAW_IMU,,,,,,,,,-239,0,-973,3,1,0,,,,,
1790035907.7644742,GLOBAL_POSITION_INT,-35.3614122,149.1675061,591.71,9.998,3.97,3.95,0.0,45.0,,,,,,,,,,,
1790035907.7650595,GPS_RAW_INT,,,,,,,,,,,,,,,,,,6,10
1790035907.77374,ATTITUDE,,,,,,,,,,,,,,,0.00015627674292773008,-0.25721508264541626,0.785398006439209,,
1790035907.774062,RAW_IMU,,,,,,,,,-239,0,-973,6,0,0,,,,,
1790035907.792275,ATTITUDE,,,,,,,,,,,,,,,0.0002021798281930387,-0.2572070062160492,0.7853885293006897,,
1790035907.7928014,RAW_IMU,,,,,,,,,-239,0,-973,3,2,0,,,,,
1790035907.8122447,ATTITUDE,,,,,,,,,,,,,,,0.0003206960973329842,-0.2572271525859833,0.7853768467903137,,
1790035907.8137755,RAW_IMU,,,,,,,,,-240,0,-973,6,0,0,,,,,
1790035907.8319597,ATTITUDE,,,,,,,,,,,,,,,0.0003641757066361606,-0.2572126090526581,0.7853696346282959,,
1790035907.8336504,RAW_IMU,,,,,,,,,-240,0,-973,3,2,0,,,,,
1790035907.851822,ATTITUDE,,,,,,,,,,,,,,,0.00047515734331682324,-0.2572270631790161,0.7853623628616333,,
1790035907.853577,RAW_IMU,,,,,,,,,-240,0,-973,6,0,0,,,,,
1790035907.8779242,GLOBAL_POSITION_INT,-35.3614085,149.1675105,591.71,9.997,3.98,3.97,0.0,44.99,,,,,,,,,,,
1790035907.8796628,GPS_RAW_INT,,,,,,,,,,,,,,,,,,6,10
1790035907.880589,ATTITUDE,,,,,,,,,,,,,,,0.0005179883446544409,-0.25721797347068787,0.7853543758392334,,
1790035907.881849,RAW_IMU,,,,,,,,,-240,0,-973,3,2,0,,,,,
1790035907.89177,ATTITUDE,,,,,,,,,,,,,,,0.0006156683666631579,-0.2572484314441681,0.785340428352356,,
1790035907.893253,RAW_IMU,,,,,,,,,-240,0,-973,5,0,0,,,,,
1790035907.9120262,ATTITUDE,,,,,,,,,,,,,,,0.0006456575938500464,-0.25723040103912354,0.7853279113769531,,
1790035907.9125073,RAW_IMU,,,,,,,,,-241,0,-973,2,3,0,,,,,
1790035907.9319148,ATTITUDE,,,,,,,,,,,,,,,0.0007538072532042861,-0.2572554349899292,0.7853126525878906,,
1790035907.9330862,RAW_IMU,,,,,,,,,-241,0,-973,5,0,0,,,,,
1790035907.952068,ATTITUDE,,,,,,,,,,,,,,,0.0007960409857332706,-0.25718528032302856,0.7853025197982788,,
1790035907.9538682,RAW_IMU,,,,,,,,,-241,0,-972,3,5,0,,,,,
1790035907.9654427,GLOBAL_POSITION_INT,-35.3614049,149.167515,591.71,9.997,4.0,3.98,0.0,44.99,,,,,,,,,,,
1790035907.966098,GPS_RAW_INT,,,,,,,,,,,,,,,,,,6,10
1790035907.971836,ATTITUDE,,,,,,,,,,,,,,,0.0008977358229458332,-0.25716572999954224,0.7852916121482849,,
1790035907.97318,RAW_IMU,,,,,,,,,-241,0,-973,5,3,0,,,,,
1790035907.991849,ATTITUDE,,,,,,,,,,,,,,,0.0009714738698676229,-0.25707578659057617,0.7852804660797119,,
1790035907.9938152,RAW_IMU,,,,,,,,,-241,0,-972,5,6,0,,,,,
1790035908.0124273,ATTITUDE,,,,,,,,,,,,,,,0.0010384030174463987,-0.2570353150367737,0.7852709889411926,,
1790035908.0131252,RAW_IMU,,,,,,,,,-242,0,-972,4,3,0,,,,,
1790035908.032274,ATTITUDE,,,,,,,,,,,,,,,0.0011411432642489672,-0.25691109895706177,0.7852603793144226,,
1790035908.0330215,RAW_IMU,,,,,,,,,-242,0,-972,6,7,0,,,,,
1790035908.052318,ATTITUDE,,,,,,,,,,,,,,,0.0012392038479447365,-0.25684669613838196,0.7852512001991272,,
1790035908.053827,RAW_IMU,,,,,,,,,-242,0,-972,6,5,0,,,,,
1790035908.0660613,GLOBAL_POSITION_INT,-35.3614013,149.1675194,591.71,9.997,4.01,3.99,0.0,44.99,,,,,,,,,,,
1790035908.0669382,GPS_RAW_INT,,,,,,,,,,,,,,,,,,6,10
1790035908.0723722,ATTITUDE,,,,,,,,,,,,,,,0.0013309000059962273,-0.2567422389984131,0.7852397561073303,,
1790035908.0737443,RAW_IMU,,,,,,,,,-242,0,-972,5,6,0,,,,,
1790035908.092463,ATTITUDE,,,,,,,,,,,,,,,0.001417692401446402,-0.2567121684551239,0.7852261662483215,,
1790035908.0937696,RAW_IMU,,,,,,,,,-242,0,-972,5,4,0,,,,,
1790035908.1262152,ATTITUDE,,,,,,,,,,,,,,,0.0015018689446151257,-0.2566285729408264,0.7852118611335754,,
1790035908.1279385,RAW_IMU,,,,,,,,,-242,0,-972,5,5,0,,,,,
1790035908.1321795,ATTITUDE,,,,,,,,,,,,,,,0.0015832616481930017,-0.2565305531024933,0.7851970791816711,,
1790035908.1330101,RAW_IMU,,,,,,,,,-243,0,-971,5,7,0,,,,,
1790035908.1524186,ATTITUDE,,,,,,,,,,,,,,,0.001659800298511982,-0.2564358413219452,0.7851861715316772,,
1790035908.153987,RAW_IMU,,,,,,,,,-243,0,-971,4,6,0,,,,,
1790035908.1664534,GLOBAL_POSITION_INT,-35.3613976,149.1675239,591.71,9.997,4.02,4.0,0.0,44.98,,,,,,,,,,,
1790035908.168137,GPS_RAW_INT,,,,,,,,,,,,,,,,,,6,10
1790035908.1723351,ATTITUDE,,,,,,,,,,,,,,,0.0017325192457064986,-0.2563295364379883,0.7851765155792236,,
1790035908.1734293,RAW_IMU,,,,,,,,,-243,0,-971,4,7,0,,,,,
1790035908.1923156,ATTITUDE,,,,,,,,,,,,,,,0.0018022266449406743,-0.25620806217193604,0.7851682901382446,,
1790035908.1934402,RAW_IMU,,,,,,,,,-243,0,-971,4,7,0,,,,,
1790035908.2124317,ATTITUDE,,,,,,,,,,,,,,,0.001870537642389536,-0.25605300068855286,0.7851597666740417,,
1790035908.2136307,RAW_IMU,,,,,,,,,-243,0,-971,4,9,0,,,,,
1790035908.2317455,ATTITUDE,,,,,,,,,,,,,,,0.0019353112438693643,-0.255901575088501,0.7851531505584717,,
1790035908.232682,RAW_IMU,,,,,,,,,-243,0,-971,4,9,0,,,,,
1790035908.2518315,ATTITUDE,,,,,,,,,,,,,,,0.0019962722435593605,-0.2557563781738281,0.7851494550704956,,
1790035908.253105,RAW_IMU,,,,,,,,,-244,0,-971,4,8,0,,,,,
1790035908.265373,GLOBAL_POSITION_INT,-35.361394,149.1675283,591.71,9.997,4.03,4.01,0.0,44.98,,,,,,,,,,,
1790035908.266448,GPS_RAW_INT,,,,,,,,,,,,,,,,,,6,10
1790035908.271656,ATTITUDE,,,,,,,,,,,,,,,0.0020548240281641483,-0.2556253969669342,0.7851465344429016,,
1790035908.273243,RAW_IMU,,,,,,,,,-244,0,-971,4,8,0,,,,,
1790035908.2923698,ATTITUDE,,,,,,,,,,,,,,,0.00210732314735651,-0.2555094361305237,0.785144567489624,,
1790035908.2933605,RAW_IMU,,,,,,,,,-244,0,-971,3,8,0,,,,,
1790035908.307536,ATTITUDE,,,,,,,,,,,,,,,0.0021584786009043455,-0.2553972005844116,0.7851420640945435,,
1790035908.3086882,RAW_IMU,,,,,,,,,-244,0,-971,3,7,0,,,,,
1790035908.3277125,ATTITUDE,,,,,,,,,,,,,,,0.0022073951549828053,-0.25529006123542786,0.7851410508155823,,
1790035908.3287227,RAW_IMU,,,,,,,,,-244,0,-971,3,7,0,,,,,
1790035908.3524265,ATTITUDE,,,,,,,,,,,,,,,0.002253512851893902,-0.25518786907196045,0.7851442098617554,,
1790035908.3537214,RAW_IMU,,,,,,,,,-244,0,-971,3,7,0,,,,,
1790035908.3801956,GLOBAL_POSITION_INT,-35.3613903,149.1675328,591.71,9.997,4.04,4.02,0.0,44.98,,,,,,,,,,,
1790035908.3814662,GPS_RAW_INT,,,,,,,,,,,,,,,,,,6,10
1790035908.382179,ATTITUDE,,,,,,,,,,,,,,,0.002297828206792474,-0.25508996844291687,0.7851464152336121,,
1790035908.382988,RAW_IMU,,,,,,,,,-245,0,-971,3,6,0,,,,,
1790035908.3876526,ATTITUDE,,,,,,,,,,,,,,,0.0023404275998473167,-0.2549954056739807,0.7851477861404419,,
1790035908.388777,RAW_IMU,,,,,,,,,-245,0,-971,3,6,0,,,,,
1790035908.40785,ATTITUDE,,,,,,,,,,,,,,,0.0023816516622900963,-0.2549036741256714,0.7851505279541016,,
1790035908.410211,RAW_IMU,,,,,,,,,-245,0,-971,3,6,0,,,,,
1790035908.4274313,ATTITUDE,,,,,,,,,,,,,,,0.0024203602224588394,-0.2548135221004486,0.785153865814209,,
1790035908.4290495,RAW_IMU,,,,,,,,,-245,0,-971,3,6,0,,,,,
1790035908.4475262,ATTITUDE,,,,,,,,,,,,,,,0.0024577344302088022,-0.2547256648540497,0.7851612567901611,,
1790035908.4491482,RAW_IMU,,,,,,,,,-245,0,-971,3,6,0,,,,,
1790035908.466744,GLOBAL_POSITION_INT,-35.3613866,149.1675373,591.71,9.997,4.04,4.03,0.0,44.98,,,,,,,,,,,
1790035908.4672182,GPS_RAW_INT,,,,,,,,,,,,,,,,,,6,10
1790035908.4691334,ATTITUDE,,,,,,,,,,,,,,,0.0024929940700531006,-0.2546045482158661,0.785172700881958,,
1790035908.4702613,RAW_IMU,,,,,,,,,-245,0,-971,3,7,0,,,,,
1790035908.488147,ATTITUDE,,,,,,,,,,,,,,,0.0025258271489292383,-0.25446879863739014,0.7851858735084534,,
1790035908.4888835,RAW_IMU,,,,,,,,,-245,0,-971,3,9,0,,,,,
1790035908.5092978,ATTITUDE,,,,,,,,,,,,,,,0.0025565950199961662,-0.2543101906776428,0.7851992845535278,,
1790035908.510875,RAW_IMU,,,,,,,,,-245,0,-971,2,9,0,,,,,
1790035908.528897,ATTITUDE,,,,,,,,,,,,,,,0.0025850809179246426,-0.2540972828865051,0.7852154970169067,,
1790035908.5302792,RAW_IMU,,,,,,,,,-245,0,-971,2,12,0,,,,,
1790035908.5487354,ATTITUDE,,,,,,,,,,,,,,,0.0026014826726168394,-0.25388890504837036,0.7852328419685364,,
1790035908.549729,RAW_IMU,,,,,,,,,-246,0,-971,2,12,0,,,,,
1790035908.562718,GLOBAL_POSITION_INT,-35.3613829,149.1675418,591.71,9.997,4.05,4.04,0.0,44.99,,,,,,,,,,,
1790035908.5631082,GPS_RAW_INT,,,,,,,,,,,,,,,,,,6,10
1790035908.5688028,ATTITUDE,,,,,,,,,,,,,,,0.002628131303936243,-0.2536031901836395,0.7852503657341003,,
1790035908.5702646,RAW_IMU,,,,,,,,,-246,0,-970,2,15,0,,,,,
1790035908.5887895,ATTITUDE,,,,,,,,,,,,,,,0.002635739976540208,-0.25331106781959534,0.7852653861045837,,
1790035908.5905342,RAW_IMU,,,,,,,,,-246,0,-970,2,16,0,,,,,
1790035908.6318164,ATTITUDE,,,,,,,,,,,,,,,0.002644041320309043,-0.25302693247795105,0.7852765917778015,,
1790035908.6328313,RAW_IMU,,,,,,,,,-246,0,-970,1,15,0,,,,,
1790035908.6342711,ATTITUDE,,,,,,,,,,,,,,,0.002670393791049719,-0.25269684195518494,0.7852848172187805,,
1790035908.636001,RAW_IMU,,,,,,,,,-246,0,-970,2,18,0,,,,,
1790035908.6487427,ATTITUDE,,,,,,,,,,,,,,,0.002652986440807581,-0.2524200677871704,0.7852935791015625,,
1790035908.649709,RAW_IMU,,,,,,,,,-246,0,-970,0,15,0,,,,,
1790035908.662502,GLOBAL_POSITION_INT,-35.3613793,149.1675463,591.71,9.997,4.05,4.05,0.0,44.99,,,,,,,,,,,
1790035908.663988,GPS_RAW_INT,,,,,,,,,,,,,,,,,,6,10
1790035908.669103,ATTITUDE,,,,,,,,,,,,,,,0.002680169651284814,-0.2520864009857178,0.7853026986122131,,
1790035908.6703837,RAW_IMU,,,,,,,,,-246,0,-970,2,18,0,,,,,
1790035908.688739,ATTITUDE,,,,,,,,,,,,,,,0.0026511617470532656,-0.25183263421058655,0.7853139638900757,,
1790035908.6898923,RAW_IMU,,,,,,,,,-246,0,-970,0,15,0,,,,,
1790035908.7089388,ATTITUDE,,,,,,,,,,,,,,,0.0026843457017093897,-0.25148794054985046,0.7853207588195801,,
1790035908.7106924,RAW_IMU,,,,,,,,,-246,0,-970,2,18,0,,,,,
1790035908.7287629,ATTITUDE,,,,,,,,,,,,,,,0.0026464425027370453,-0.25121238827705383,0.7853283286094666,,
1790035908.729745,RAW_IMU,,,,,,,,,-246,0,-970,0,16,0,,,,,
1790035908.7488914,ATTITUDE,,,,,,,,,,,,,,,0.002669844776391983,-0.25084832310676575,0.7853326797485352,,
1790035908.7499769,RAW_IMU,,,,,,,,,-246,0,-970,1,19,0,,,,,
1790035908.762642,GLOBAL_POSITION_INT,-35.3613756,149.1675508,591.71,9.998,4.06,4.05,0.0,44.99,,,,,,,,,,,
1790035908.7633173,GPS_RAW_INT,,,,,,,,,,,,,,,,,,6,10
1790035908.7688882,ATTITUDE,,,,,,,,,,,,,,,0.002698324853554368,-0.25055694580078125,0.7853361368179321,,
1790035908.7703493,RAW_IMU,,,,,,,,,-246,0,-970,2,17,0,,,,,
1790035908.787681,ATTITUDE,,,,,,,,,,,,,,,0.0027265578974038363,-0.25021642446517944,0.7853347659111023,,
1790035908.7889743,RAW_IMU,,,,,,,,,-247,0,-970,2,18,0,,,,,
1790035908.8078814,ATTITUDE,,,,,,,,,,,,,,,0.002754552522674203,-0.24991895258426666,0.785331666469574,,
1790035908.8086536,RAW_IMU,,,,,,,,,-247,0,-970,2,17,0,,,,,
1790035908.8272107,ATTITUDE,,,,,,,,,,,,,,,0.002781381132081151,-0.24960531294345856,0.785324215888977,,
1790035908.8289094,RAW_IMU,,,,,,,,,-247,0,-970,2,16,0,,,,,
1790035908.8521318,ATTITUDE,,,,,,,,,,,,,,,0.002808242803439498,-0.24933399260044098,0.7853180766105652,,
1790035908.8532622,RAW_IMU,,,,,,,,,-247,0,-970,2,15,0,,,,,
1790035908.880895,GLOBAL_POSITION_INT,-35.3613719,149.1675553,591.71,9.998,4.06,4.06,0.0,44.99,,,,,,,,,,,
1790035908.88137,GPS_RAW_INT,,,,,,,,,,,,,,,,,,6,10
1790035908.881823,ATTITUDE,,,,,,,,,,,,,,,0.002832487691193819,-0.2491036057472229,0.7853140234947205,,
1790035908.882378,RAW_IMU,,,,,,,,,-247,0,-969,2,13,0,,,,,
1790035908.892255,ATTITUDE,,,,,,,,,,,,,,,0.0028542159125208855,-0.24887166917324066,0.7853114008903503,,
1790035908.8940198,RAW_IMU,,,,,,,,,-247,0,-969,2,13,0,,,,,
1790035908.9122562,ATTITUDE,,,,,,,,,,,,,,,0.0028752123471349478,-0.24865004420280457,0.7853094339370728,,
1790035908.9133182,RAW_IMU,,,,,,,,,-247,0,-969,2,13,0,,,,,
1790035908.9321098,ATTITUDE,,,,,,,,,,,,,,,0.002895513316616416,-0.24843861162662506,0.7853065133094788,,
1790035908.9335306,RAW_IMU,,,,,,,,,-247,0,-969,2,12,0,,,,,
1790035908.9521935,ATTITUDE,,,,,,,,,,,,,,,0.002915463875979185,-0.24823550879955292,0.7853063344955444,,
1790035908.9531279,RAW_IMU,,,,,,,,,-247,0,-969,2,12,0,,,,,
1790035908.9659915,GLOBAL_POSITION_INT,-35.3613682,149.1675598,591.71,9.998,4.06,4.06,0.0,44.99,,,,,,,,,,,
1790035908.9671707,GPS_RAW_INT,,,,,,,,,,,,,,,,,,6,10
1790035908.9721785,ATTITUDE,,,,,,,,,,,,,,,0.0029339035972952843,-0.2480412721633911,0.7853080630302429,,
1790035908.973563,RAW_IMU,,,,,,,,,-247,0,-969,2,11,0,,,,,
1790035908.9915805,ATTITUDE,,,,,,,,,,,,,,,0.0029516464564949274,-0.24785637855529785,0.7853097915649414,,
1790035908.9931376,RAW_IMU,,,,,,,,,-247,0,-969,2,11,0,,,,,
1790035909.0119002,ATTITUDE,,,,,,,,,,,,,,,0.0029694645199924707,-0.24767732620239258,0.7853100895881653,,
1790035909.0130858,RAW_IMU,,,,,,,,,-247,0,-970,2,10,0,,,,,
1790035909.031644,ATTITUDE,,,,,,,,,,,,,,,0.0029867500998079777,-0.24750520288944244,0.785311222076416,,
1790035909.0329657,RAW_IMU,,,,,,,,,-247,0,-969,2,10,0,,,,,
1790035909.0508487,ATTITUDE,,,,,,,,,,,,,,,0.00300106150098145,-0.24733996391296387,0.7853145003318787,,
1790035909.0526452,RAW_IMU,,,,,,,,,-247,0,-970,1,9,0,,,,,
1790035909.0645733,GLOBAL_POSITION_INT,-35.3613645,149.1675643,591.71,9.998,4.06,4.06,0.0,44.99,,,,,,,,,,,
1790035909.065557,GPS_RAW_INT,,,,,,,,,,,,,,,,,,6,10
1790035909.0708272,ATTITUDE,,,,,,,,,,,,,,,0.0030152802355587482,-0.24718742072582245,0.7853221297264099,,
1790035909.0723555,RAW_IMU,,,,,,,,,-247,0,-969,1,9,0,,,,,
1790035909.0909042,ATTITUDE,,,,,,,,,,,,,,,0.0030276647303253412,-0.2470492720603943,0.7853342294692993,,
1790035909.0918813,RAW_IMU,,,,,,,,,-247,0,-970,1,9,0,,,,,
1790035909.1275024,ATTITUDE,,,,,,,,,,,,,,,0.003039673436433077,-0.246916726231575,0.7853458523750305,,
1790035909.1281543,RAW_IMU,,,,,,,,,-247,0,-970,1,8,0,,,,,
1790035909.1315906,ATTITUDE,,,,,,,,,,,,,,,0.0030511177610605955,-0.24678930640220642,0.7853588461875916,,
1790035909.1328938,RAW_IMU,,,,,,,,,-247,0,-970,1,8,0,,,,,
1790035909.1470428,ATTITUDE,,,,,,,,,,,,,,,0.003062688047066331,-0.24666738510131836,0.7853723168373108,,
1790035909.14818,RAW_IMU,,,,,,,,,-247,0,-970,1,8,0,,,,,
1790035909.166928,GLOBAL_POSITION_INT,-35.3613608,149.1675688,591.71,9.998,4.06,4.06,0.0,44.99,,,,,,,,,,,
1790035909.168716,GPS_RAW_INT,,,,,,,,,,,,,,,,,,6,10
1790035909.1704423,ATTITUDE,,,,,,,,,,,,,,,0.0030747251585125923,-0.2465519905090332,0.7853856086730957,,
1790035909.171757,RAW_IMU,,,,,,,,,-247,0,-970,1,7,0,,,,,
1790035909.1930277,ATTITUDE,,,,,,,,,,,,,,,0.003084420459344983,-0.24644015729427338,0.785398006439209,,
1790035909.1946356,RAW_IMU,,,,,,,,,-247,0,-970,1,7,0,,,,,
1790035909.213171,ATTITUDE,,,,,,,,,,,,,,,0.0030944524332880974,-0.24633242189884186,0.7854117751121521,,
1790035909.2142327,RAW_IMU,,,,,,,,,-247,0,-970,1,7,0,,,,,
1790035909.2327826,ATTITUDE,,,,,,,,,,,,,,,0.0031046548392623663,-0.2462269365787506,0.785422682762146,,
1790035909.2334907,RAW_IMU,,,,,,,,,-247,0,-970,1,6,0,,,,,
1790035909.2528546,ATTITUDE,,,,,,,,,,,,,,,0.003112149192020297,-0.24612466990947723,0.7854351997375488,,
1790035909.2537966,RAW_IMU,,,,,,,,,-247,0,-970,1,6,0,,,,,
1790035909.2668982,GLOBAL_POSITION_INT,-35.3613571,149.1675733,591.71,9.999,4.06,4.06,0.0,45.0,,,,,,,,,,,
1790035909.2680316,GPS_RAW_INT,,,,,,,,,,,,,,,,,,6,10
1790035909.2728996,ATTITUDE,,,,,,,,,,,,,,,0.003067661775276065,-0.2460343837738037,0.785453736782074,,
1790035909.2738955,RAW_IMU,,,,,,,,,-247,0,-970,0,6,0,,,,,
1790035909.2928493,ATTITUDE,,,,,,,,,,,,,,,0.0030229093972593546,-0.2459542155265808,0.7854763865470886,,
1790035909.2948794,RAW_IMU,,,,,,,,,-247,0,-970,0,6,0,,,,,
1790035909.3129086,ATTITUDE,,,,,,,,,,,,,,,0.0029809644911438227,-0.24587777256965637,0.785497784614563,,
1790035909.3144364,RAW_IMU,,,,,,,,,-247,0,-970,0,5,0,,,,,
1790035909.3328495,ATTITUDE,,,,,,,,,,,,,,,0.0029051045421510935,-0.2458042949438095,0.7855193614959717,,
1790035909.334653,RAW_IMU,,,,,,,,,-247,0,-970,-2,5,0,,,,,
1790035909.3530984,ATTITUDE,,,,,,,,,,,,,,,0.0028132242150604725,-0.24573330581188202,0.7855422496795654,,
1790035909.3547134,RAW_IMU,,,,,,,,,-247,0,-970,-3,5,0,,,,,
1790035909.3820646,GLOBAL_POSITION_INT,-35.3613535,149.1675778,591.71,9.999,4.06,4.07,0.0,45.0,,,,,,,,,,,
1790035909.3828566,GPS_RAW_INT,,,,,,,,,,,,,,,,,,6,10
1790035909.383644,ATTITUDE,,,,,,,,,,,,,,,0.0027271260041743517,-0.24565736949443817,0.7855648398399353,,
1790035909.3856452,RAW_IMU,,,,,,,,,-247,0,-970,-2,5,0,,,,,
1790035909.3929596,ATTITUDE,,,,,,,,,,,,,,,0.00261934706941247,-0.24552220106124878,0.7855883240699768,,
1790035909.3943908,RAW_IMU,,,,,,,,,-247,0,-970,-3,8,0,,,,,
1790035909.413023,ATTITUDE,,,,,,,,,,,,,,,0.0025575754698365927,-0.24538929760456085,0.7856069803237915,,
1790035909.4140484,RAW_IMU,,,,,,,,,-247,0,-969,-1,8,0,,,,,
1790035909.432975,ATTITUDE,,,,,,,,,,,,,,,0.002429577289149165,-0.2452601194381714,0.7856234908103943,,
1790035909.4346797,RAW_IMU,,,,,,,,,-247,0,-969,-4,8,0,,,,,
1790035909.4528327,ATTITUDE,,,,,,,,,,,,,,,0.0023884440306574106,-0.24513548612594604,0.7856339812278748,,
1790035909.454431,RAW_IMU,,,,,,,,,-247,0,-969,-1,7,0,,,,,
1790035909.4669018,GLOBAL_POSITION_INT,-35.3613498,149.1675824,591.71,9.999,4.06,4.07,0.0,45.01,,,,,,,,,,,
1790035909.4678147,GPS_RAW_INT,,,,,,,,,,,,,,,,,,6,10
1790035909.4728363,ATTITUDE,,,,,,,,,,,,,,,0.0022672354243695736,-0.24502214789390564,0.785650372505188,,
1790035909.4742303,RAW_IMU,,,,,,,,,-247,0,-969,-4,7,0,,,,,
1790035909.4929464,ATTITUDE,,,,,,,,,,,,,,,0.0022143980022519827,-0.24491435289382935,0.7856644988059998,,
1790035909.4940877,RAW_IMU,,,,,,,,,-247,0,-969,-1,7,0,,,,,
1790035909.5129585,ATTITUDE,,,,,,,,,,,,,,,0.00210877344943583,-0.24475345015525818,0.7856797575950623,,
1790035909.5145714,RAW_IMU,,,,,,,,,-247,0,-969,-3,9,0,,,,,
1790035909.532807,ATTITUDE,,,,,,,,,,,,,,,0.0020553269423544407,-0.24458934366703033,0.7856901288032532,,
1790035909.5345864,RAW_IMU,,,,,,,,,-247,0,-970,-2,10,0,,,,,
1790035909.552826,ATTITUDE,,,,,,,,,,,,,,,0.001972955884411931,-0.24434012174606323,0.7856995463371277,,
1790035909.5537329,RAW_IMU,,,,,,,,,-247,0,-969,-2,13,0,,,,,
1790035909.566674,GLOBAL_POSITION_INT,-35.3613461,149.1675869,591.72,10.0,4.06,4.07,0.0,45.01,,,,,,,,,,,
1790035909.5679226,GPS_RAW_INT,,,,,,,,,,,,,,,,,,6,10
1790035909.5727193,ATTITUDE,,,,,,,,,,,,,,,0.0019294115481898189,-0.24408653378486633,0.7857041954994202,,
1790035909.5737817,RAW_IMU,,,,,,,,,-247,0,-969,-1,14,0,,,,,
1790035909.5929549,ATTITUDE,,,,,,,,,,,,,,,0.0018705785041674972,-0.24384431540966034,0.785706102848053,,
1790035909.5942383,RAW_IMU,,,,,,,,,-247,0,-970,-1,13,0,,,,,
1790035909.6280677,ATTITUDE,,,,,,,,,,,,,,,0.0018347298027947545,-0.24361053109169006,0.7857012748718262,,
1790035909.6286557,RAW_IMU,,,,,,,,,-246,0,-970,-1,13,0,,,,,
1790035909.6300647,ATTITUDE,,,,,,,,,,,,,,,0.0018020624993368983,-0.2433820217847824,0.7856922149658203,,
1790035909.6312113,RAW_IMU,,,,,,,,,-247,0,-970,0,12,0,,,,,
1790035909.6478398,ATTITUDE,,,,,,,,,,,,,,,0.0017744890647009015,-0.24314898252487183,0.7856810688972473,,
1790035909.6483908,RAW_IMU,,,,,,,,,-247,0,-970,-1,13,0,,,,,
1790035909.6676803,GLOBAL_POSITION_INT,-35.3613424,149.1675914,591.72,10.0,4.06,4.06,0.0,45.01,,,,,,,,,,,
1790035909.6694808,GPS_RAW_INT,,,,,,,,,,,,,,,,,,6,10
1790035909.6708713,ATTITUDE,,,,,,,,,,,,,,,0.00176254753023386,-0.2429327815771103,0.7856703400611877,,
1790035909.6726587,RAW_IMU,,,,,,,,,-246,0,-970,0,12,0,,,,,
1790035909.6885397,ATTITUDE,,,,,,,,,,,,,,,0.0017181886360049248,-0.24273020029067993,0.7856641411781311,,
1790035909.6904411,RAW_IMU,,,,,,,,,-246,0,-970,-1,12,0,,,,,
1790035909.7098873,ATTITUDE,,,,,,,,,,,,,,,0.0017347891116514802,-0.24250225722789764,0.7856519818305969,,
1790035909.7113624,RAW_IMU,,,,,,,,,-246,0,-970,1,13,-1,,,,,
1790035909.728673,ATTITUDE,,,,,,,,,,,,,,,0.0016911624697968364,-0.24228249490261078,0.7856382131576538,,
1790035909.7292998,RAW_IMU,,,,,,,,,-246,0,-970,-1,12,-1,,,,,
1790035909.7489345,ATTITUDE,,,,,,,,,,,,,,,0.0017355413874611259,-0.2420211136341095,0.7856197357177734,,
1790035909.750164,RAW_IMU,,,,,,,,,-246,0,-969,2,14,-1,,,,,
1790035909.7679358,GLOBAL_POSITION_INT,-35.3613387,149.1675959,591.72,10.0,4.05,4.06,0.0,45.01,,,,,,,,,,,
1790035909.7692807,GPS_RAW_INT,,,,,,,,,,,,,,,,,,6,10
1790035909.7704012,ATTITUDE,,,,,,,,,,,,,,,0.001722064451314509,-0.24182166159152985,0.7856020927429199,,
1790035909.7722113,RAW_IMU,,,,,,,,,-246,0,-969,0,11,-1,,,,,
1790035909.7884674,ATTITUDE,,,,,,,,,,,,,,,0.0017719273455440998,-0.24155248701572418,0.7855819463729858,,
1790035909.7904108,RAW_IMU,,,,,,,,,-246,0,-969,2,15,-1,,,,,
1790035909.8090649,ATTITUDE,,,,,,,,,,,,,,,0.001784199965186417,-0.2413714975118637,0.7855603694915771,,
1790035909.8108668,RAW_IMU,,,,,,,,,-246,0,-969,2,11,-1,,,,,
1790035909.828729,ATTITUDE,,,,,,,,,,,,,,,0.0018240554491057992,-0.24113819003105164,0.7855347990989685,,
1790035909.8296897,RAW_IMU,,,,,,,,,-246,0,-969,2,12,-1,,,,,
1790035909.8483841,ATTITUDE,,,,,,,,,,,,,,,0.0018439998384565115,-0.24099503457546234,0.7855105400085449,,
1790035909.8492901,RAW_IMU,,,,,,,,,-246,0,-969,2,8,-1,,,,,
1790035909.870897,GLOBAL_POSITION_INT,-35.361335,149.1676004,591.72,10.001,4.05,4.06,0.0,45.0,,,,,,,,,,,
1790035909.8718324,GPS_RAW_INT,,,,,,,,,,,,,,,,,,6,10
1790035909.8727279,ATTITUDE,,,,,,,,,,,,,,,0.0018719974905252457,-0.2407912015914917,0.7854908108711243,,
1790035909.8736553,RAW_IMU,,,,,,,,,-246,0,-969,1,11,-1,,,,,
1790035909.8886275,ATTITUDE,,,,,,,,,,,,,,,0.0018938536522909999,-0.24069015681743622,0.7854760885238647,,
1790035909.889791,RAW_IMU,,,,,,,,,-246,0,-969,2,7,-1,,,,,
1790035909.9097924,ATTITUDE,,,,,,,,,,,,,,,0.0019202446565032005,-0.24052493274211884,0.7854596376419067,,
1790035909.9110575,RAW_IMU,,,,,,,,,-246,0,-970,1,9,-1,,,,,
1790035909.9292765,ATTITUDE,,,,,,,,,,,,,,,0.001943745999597013,-0.24044081568717957,0.7854440212249756,,
1790035909.9311078,RAW_IMU,,,,,,,,,-246,0,-970,2,6,-1,,,,,
1790035909.9492476,ATTITUDE,,,,,,,,,,,,,,,0.00195364560931921,-0.24029541015625,0.7854304313659668,,
1790035909.9506958,RAW_IMU,,,,,,,,,-246,0,-970,1,8,-1,,,,,
1790035909.9628775,GLOBAL_POSITION_INT,-35.3613314,149.1676049,591.72,10.001,4.05,4.05,0.0,45.0,,,,,,,,,,,
1790035909.963715,GPS_RAW_INT,,,,,,,,,,,,,,,,,,6,10
1790035909.969189,ATTITUDE,,,,,,,,,,,,,,,0.00200413609854877,-0.2402074784040451,0.785415768623352,,
1790035909.9703627,RAW_IMU,,,,,,,,,-246,0,-969,3,6,-1,,,,,
1790035909.9891577,ATTITUDE,,,,,,,,,,,,,,,0.0020169795025140047,-0.24007157981395721,0.7854016423225403,,
1790035909.9902072,RAW_IMU,,,,,,,,,-246,0,-969,1,7,0,,,,,
1790035910.0096915,ATTITUDE,,,,,,,,,,,,,,,0.0020981624256819487,-0.23999182879924774,0.7853837013244629,,
1790035910.0111287,RAW_IMU,,,,,,,,,-246,0,-969,4,6,-1,,,,,
1790035910.0276763,ATTITUDE,,,,,,,,,,,,,,,0.0021137071307748556,-0.23986689746379852,0.7853683829307556,,
1790035910.028721,RAW_IMU,,,,,,,,,-245,0,-970,1,7,0,,,,,
1790035910.0477693,ATTITUDE,,,,,,,,,,,,,,,0.0021902925800532103,-0.23981139063835144,0.7853513360023499,,
1790035910.0494566,RAW_IMU,,,,,,,,,-245,0,-970,4,4,0,,,,,
1790035910.067428,GLOBAL_POSITION_INT,-35.3613277,149.1676094,591.72,10.001,4.04,4.05,0.0,44.99,,,,,,,,,,,
1790035910.069117,GPS_RAW_INT,,,,,,,,,,,,,,,,,,6,10
1790035910.0707061,ATTITUDE,,,,,,,,,,,,,,,0.002199963666498661,-0.23971976339817047,0.7853419780731201,,
1790035910.0721266,RAW_IMU,,,,,,,,,-245,0,-969,1,5,0,,,,,
1790035910.0882897,ATTITUDE,,,,,,,,,,,,,,,0.002268317388370633,-0.2396981418132782,0.7853354811668396,,
1790035910.0896327,RAW_IMU,,,,,,,,,-245,0,-970,4,3,0,,,,,
1790035910.1327596,ATTITUDE,,,,,,,,,,,,,,,0.0022737300023436546,-0.2396337389945984,0.7853310108184814,,
1790035910.133887,RAW_IMU,,,,,,,,,-245,0,-970,1,4,0,,,,,
1790035910.1353152,ATTITUDE,,,,,,,,,,,,,,,0.002341753803193569,-0.23962430655956268,0.7853237390518188,,
1790035910.1362827,RAW_IMU,,,,,,,,,-245,0,-969,4,2,0,,,,,
1790035910.1509337,ATTITUDE,,,,,,,,,,,,,,,0.0023433908354490995,-0.23955392837524414,0.7853221893310547,,
1790035910.1525817,RAW_IMU,,,,,,,,,-245,0,-970,1,4,0,,,,,
1790035910.1646676,GLOBAL_POSITION_INT,-35.361324,149.1676139,591.72,10.001,4.04,4.05,0.0,44.99,,,,,,,,,,,
1790035910.1656637,GPS_RAW_INT,,,,,,,,,,,,,,,,,,6,10
1790035910.1708868,ATTITUDE,,,,,,,,,,,,,,,0.0024130800738930702,-0.23954272270202637,0.785317063331604,,
1790035910.1722803,RAW_IMU,,,,,,,,,-245,0,-970,4,3,0,,,,,
1790035910.1910055,ATTITUDE,,,,,,,,,,,,,,,0.002423009369522333,-0.23948727548122406,0.7853120565414429,,
1790035910.1924608,RAW_IMU,,,,,,,,,-245,0,-970,2,3,0,,,,,
1790035910.2111604,ATTITUDE,,,,,,,,,,,,,,,0.0024866010062396526,-0.23948094248771667,0.7853042483329773,,
1790035910.2127988,RAW_IMU,,,,,,,,,-245,0,-970,3,2,0,,,,,
1790035910.2307897,ATTITUDE,,,,,,,,,,,,,,,0.0024967994540929794,-0.23943905532360077,0.7852943539619446,,
1790035910.232539,RAW_IMU,,,,,,,,,-245,0,-970,2,2,0,,,,,
1790035910.2507272,ATTITUDE,,,,,,,,,,,,,,,0.00255393679253757,-0.23941607773303986,0.7852843403816223,,
1790035910.2525058,RAW_IMU,,,,,,,,,-245,0,-970,3,3,0,,,,,
1790035910.2651808,GLOBAL_POSITION_INT,-35.3613204,149.1676184,591.72,10.001,4.04,4.04,0.0,44.99,,,,,,,,,,,
1790035910.2660024,GPS_RAW_INT,,,,,,,,,,,,,,,,,,6,10
1790035910.2713234,ATTITUDE,,,,,,,,,,,,,,,0.0025621308013796806,-0.2394149899482727,0.7852796912193298,,
1790035910.2724822,RAW_IMU,,,,,,,,,-244,0,-970,2,1,0,,,,,
1790035910.2915902,ATTITUDE,,,,,,,,,,,,,,,0.0026097572408616543,-0.23940351605415344,0.7852787375450134,,
1790035910.2934568,RAW_IMU,,,,,,,,,-245,0,-970,2,2,0,,,,,
1790035910.3123302,ATTITUDE,,,,,,,,,,,,,,,0.002623399021103978,-0.23942437767982483,0.7852780818939209,,
1790035910.3137631,RAW_IMU,,,,,,,,,-244,0,-970,2,0,0,,,,,
1790035910.3321674,ATTITUDE,,,,,,,,,,,,,,,0.0026393465232104063,-0.23939752578735352,0.7852773666381836,,
1790035910.3334308,RAW_IMU,,,,,,,,,-244,0,-970,1,3,0,,,,,
1790035910.3521984,ATTITUDE,,,,,,,,,,,,,,,0.002683075377717614,-0.23944154381752014,0.7852755188941956,,
1790035910.353176,RAW_IMU,,,,,,,,,-244,0,-970,3,0,0,,,,,
1790035910.3806593,GLOBAL_POSITION_INT,-35.3613167,149.1676229,591.72,10.001,4.03,4.04,0.0,44.99,,,,,,,,,,,
1790035910.3818316,GPS_RAW_INT,,,,,,,,,,,,,,,,,,6,10
1790035910.3833764,ATTITUDE,,,,,,,,,,,,,,,0.0026698692236095667,-0.23942388594150543,0.7852765917778015,,
1790035910.3851573,RAW_IMU,,,,,,,,,-244,0,-970,0,2,0,,,,,
1790035910.3922977,ATTITUDE,,,,,,,,,,,,,,,0.0027320992667227983,-0.23949646949768066,0.7852745652198792,,
1790035910.3933647,RAW_IMU,,,,,,,,,-244,0,-970,4,-1,0,,,,,
1790035910.4129965,ATTITUDE,,,,,,,,,,,,,,,0.002720616525039077,-0.23948630690574646,0.7852744460105896,,
1790035910.4143114,RAW_IMU,,,,,,,,,-244,0,-970,0,1,0,,,,,
1790035910.4326892,ATTITUDE,,,,,,,,,,,,,,,0.0027711372822523117,-0.23955823481082916,0.7852698564529419,,
1790035910.4339883,RAW_IMU,,,,,,,,,-244,0,-970,3,-1,0,,,,,
1790035910.4525712,ATTITUDE,,,,,,,,,,,,,,,0.0027462991420179605,-0.2395561784505844,0.7852691411972046,,
1790035910.4539611,RAW_IMU,,,,,,,,,-244,0,-970,0,0,0,,,,,
1790035910.4666033,GLOBAL_POSITION_INT,-35.3613131,149.1676273,591.72,10.001,4.03,4.04,0.0,44.99,,,,,,,,,,,
1790035910.4682634,GPS_RAW_INT,,,,,,,,,,,,,,,,,,6,10
1790035910.4726474,ATTITUDE,,,,,,,,,,,,,,,0.002799676265567541,-0.23960746824741364,0.7852703332901001,,
1790035910.473919,RAW_IMU,,,,,,,,,-244,0,-970,3,0,0,,,,,
1790035910.4926844,ATTITUDE,,,,,,,,,,,,,,,0.0027650108095258474,-0.23965749144554138,0.7852796316146851,,
1790035910.4942615,RAW_IMU,,,,,,,,,-244,0,-970,0,-1,0,,,,,
1790035910.512988,ATTITUDE,,,,,,,,,,,,,,,0.0027942871674895287,-0.2396424263715744,0.7852855324745178,,
1790035910.5143297,RAW_IMU,,,,,,,,,-244,0,-970,2,2,0,,,,,
1790035910.5277555,ATTITUDE,,,,,,,,,,,,,,,0.002760194707661867,-0.2397073656320572,0.78529292345047,,
1790035910.528762,RAW_IMU,,,,,,,,,-244,0,-970,0,-1,0,,,,,
1790035910.548149,ATTITUDE,,,,,,,,,,,,,,,0.0027893392834812403,-0.2396807223558426,0.785300076007843,,
1790035910.548959,RAW_IMU,,,,,,,,,-243,0,-970,2,2,0,,,,,
1790035910.5673373,GLOBAL_POSITION_INT,-35.3613094,149.1676318,591.72,10.001,4.03,4.04,0.0,44.99,,,,,,,,,,,
1790035910.5682223,GPS_RAW_INT,,,,,,,,,,,,,,,,,,6,10
1790035910.5704181,ATTITUDE,,,,,,,,,,,,,,,0.0027513375971466303,-0.23972782492637634,0.7853071689605713,,
1790035910.5721283,RAW_IMU,,,,,,,,,-244,0,-970,0,0,0,,,,,
1790035910.5880399,ATTITUDE,,,,,,,,,,,,,,,0.0027744148392230272,-0.23967665433883667,0.7853114604949951,,
1790035910.5888646,RAW_IMU,,,,,,,,,-243,0,-970,1,3,0,,,,,
1790035910.6274424,ATTITUDE,,,,,,,,,,,,,,,0.002750348998233676,-0.23969244956970215,0.7853161096572876,,
1790035910.6281567,RAW_IMU,,,,,,,,,-243,0,-971,0,1,0,,,,,
1790035910.6291287,ATTITUDE,,,,,,,,,,,,,,,0.002757286187261343,-0.23964591324329376,0.7853162288665771,,
1790035910.6305103,RAW_IMU,,,,,,,,,-243,0,-970,0,2,0,,,,,
1790035910.6485698,ATTITUDE,,,,,,,,,,,,,,,0.002733031054958701,-0.2396165430545807,0.7853181958198547,,
1790035910.6500893,RAW_IMU,,,,,,,,,-243,0,-970,0,3,0,,,,,
1790035910.6678145,GLOBAL_POSITION_INT,-35.3613058,149.1676363,591.72,10.001,4.02,4.03,0.0,44.99,,,,,,,,,,,
1790035910.6686788,GPS_RAW_INT,,,,,,,,,,,,,,,,,,6,10
1790035910.670866,ATTITUDE,,,,,,,,,,,,,,,0.002725522965192795,-0.23962447047233582,0.7853224277496338,,
1790035910.6718357,RAW_IMU,,,,,,,,,-243,0,-971,0,0,0,,,,,
1790035910.6883168,ATTITUDE,,,,,,,,,,,,,,,0.002699950011447072,-0.2395780384540558,0.7853301167488098,,
1790035910.6898,RAW_IMU,,,,,,,,,-243,0,-971,0,4,0,,,,,
1790035910.7078557,ATTITUDE,,,,,,,,,,,,,,,0.0026928898878395557,-0.23959895968437195,0.7853370904922485,,
1790035910.7090933,RAW_IMU,,,,,,,,,-243,0,-971,0,0,0,,,,,
1790035910.7279987,ATTITUDE,,,,,,,,,,,,,,,0.002686336636543274,-0.2395477145910263,0.7853429913520813,,
1790035910.7296162,RAW_IMU,,,,,,,,,-243,0,-971,1,4,0,,,,,
1790035910.7478352,ATTITUDE,,,,,,,,,,,,,,,0.0026643737219274044,-0.23956039547920227,0.7853497266769409,,
1790035910.7498136,RAW_IMU,,,,,,,,,-243,0,-971,0,1,0,,,,,
1790035910.7673163,GLOBAL_POSITION_INT,-35.3613021,149.1676407,591.72,10.002,4.02,4.03,0.0,44.99,,,,,,,,,,,
1790035910.7684364,GPS_RAW_INT,,,,,,,,,,,,,,,,,,6,10
1790035910.770199,ATTITUDE,,,,,,,,,,,,,,,0.0026734902057796717,-0.23948292434215546,0.7853543162345886,,
1790035910.7711823,RAW_IMU,,,,,,,,,-243,0,-971,1,5,0,,,,,
1790035910.7879639,ATTITUDE,,,,,,,,,,,,,,,0.002639997750520706,-0.23945677280426025,0.7853571772575378,,
1790035910.7889082,RAW_IMU,,,,,,,,,-243,0,-971,0,3,0,,,,,
1790035910.8086162,ATTITUDE,,,,,,,,,,,,,,,0.002657644683495164,-0.23933540284633636,0.7853566408157349,,
1790035910.809923,RAW_IMU,,,,,,,,,-243,0,-971,2,7,0,,,,,
1790035910.8286746,ATTITUDE,,,,,,,,,,,,,,,0.0026067073922604322,-0.23928764462471008,0.7853559255599976,,
1790035910.83024,RAW_IMU,,,,,,,,,-243,0,-971,-1,4,0,,,,,
1790035910.848157,ATTITUDE,,,,,,,,,,,,,,,0.0026360058691352606,-0.23917502164840698,0.7853514552116394,,
1790035910.8490872,RAW_IMU,,,,,,,,,-243,0,-971,2,6,0,,,,,
1790035910.8816023,GLOBAL_POSITION_INT,-35.3612985,149.1676452,591.72,10.002,4.02,4.03,0.0,44.99,,,,,,,,,,,
1790035910.8825777,GPS_RAW_INT,,,,,,,,,,,,,,,,,,6,10
1790035910.883391,ATTITUDE,,,,,,,,,,,,,,,0.002573173027485609,-0.2391202747821808,0.7853560447692871,,
1790035910.8845057,RAW_IMU,,,,,,,,,-243,0,-971,-1,5,0,,,,,
1790035910.8880143,ATTITUDE,,,,,,,,,,,,,,,0.0025882567279040813,-0.2390531301498413,0.785359263420105,,
1790035910.888786,RAW_IMU,,,,,,,,,-243,0,-971,1,4,0,,,,,
1790035910.9085522,ATTITUDE,,,,,,,,,,,,,,,0.002537056105211377,-0.23900765180587769,0.7853633165359497,,
1790035910.9097795,RAW_IMU,,,,,,,,,-243,0,-971,0,4,0,,,,,
1790035910.92826,ATTITUDE,,,,,,,,,,,,,,,0.002550836419686675,-0.23898038268089294,0.7853623032569885,,
1790035910.9291184,RAW_IMU,,,,,,,,,-243,0,-971,1,2,0,,,,,
1790035910.9481883,ATTITUDE,,,,,,,,,,,,,,,0.002523004310205579,-0.23892341554164886,0.785362958908081,,
1790035910.9498906,RAW_IMU,,,,,,,,,-243,0,-971,0,4,0,,,,,
1790035910.9671803,GLOBAL_POSITION_INT,-35.3612948,149.1676497,591.72,10.002,4.01,4.03,0.0,44.99,,,,,,,,,,,
1790035910.968116,GPS_RAW_INT,,,,,,,,,,,,,,,,,,6,10
1790035910.97006,ATTITUDE,,,,,,,,,,,,,,,0.002525472082197666,-0.23893937468528748,0.785362720489502,,
1790035910.970877,RAW_IMU,,,,,,,,,-242,0,-971,0,0,0,,,,,
1790035910.9875355,ATTITUDE,,,,,,,,,,,,,,,0.0025167353451251984,-0.23886963725090027,0.7853604555130005,,
1790035910.988647,RAW_IMU,,,,,,,,,-242,0,-971,1,4,0,,,,,
1790035911.0078688,ATTITUDE,,,,,,,,,,,,,,,0.0025215884670615196,-0.23888401687145233,0.7853552103042603,,
1790035911.0098937,RAW_IMU,,,,,,,,,-242,0,-971,0,1,0,,,,,
1790035911.0280037,ATTITUDE,,,,,,,,,,,,,,,0.0025122682563960552,-0.23881657421588898,0.7853490710258484,,
1790035911.0289106,RAW_IMU,,,,,,,,,-242,0,-971,1,4,0,,,,,
1790035911.0525458,ATTITUDE,,,,,,,,,,,,,,,0.0025058863684535027,-0.23883453011512756,0.7853417992591858,,
1790035911.0540712,RAW_IMU,,,,,,,,,-242,0,-971,0,1,0,,,,,
1790035911.066508,GLOBAL_POSITION_INT,-35.3612912,149.1676541,591.72,10.002,4.01,4.02,0.0,44.99,,,,,,,,,,,
1790035911.0682623,GPS_RAW_INT,,,,,,,,,,,,,,,,,,6,10
1790035911.0698364,ATTITUDE,,,,,,,,,,,,,,,0.002527849515900016,-0.23879483342170715,0.7853385806083679,,
1790035911.0707874,RAW_IMU,,,,,,,,,-242,0,-971,2,3,0,,,,,
1790035911.0878973,ATTITUDE,,,,,,,,,,,,,,,0.002503681229427457,-0.2388298362493515,0.7853379845619202,,
1790035911.088916,RAW_IMU,,,,,,,,,-242,0,-971,0,0,0,,,,,
1790035911.1278627,ATTITUDE,,,,,,,,,,,,,,,0.002519441768527031,-0.2388133853673935,0.7853352427482605,,
1790035911.1285198,RAW_IMU,,,,,,,,,-242,0,-971,2,1,0,,,,,
1790035911.1295142,ATTITUDE,,,,,,,,,,,,,,,0.0024984211195260286,-0.23881638050079346,0.785333514213562,,
1790035911.1307666,RAW_IMU,,,,,,,,,-242,0,-971,0,2,0,,,,,
1790035911.147569,ATTITUDE,,,,,,,,,,,,,,,0.002522158669307828,-0.23883439600467682,0.7853294610977173,,
1790035911.148245,RAW_IMU,,,,,,,,,-242,0,-971,2,0,0,,,,,
1790035911.1664262,GLOBAL_POSITION_INT,-35.3612876,149.1676586,591.72,10.002,4.01,4.02,0.0,44.99,,,,,,,,,,,
1790035911.1675138,GPS_RAW_INT,,,,,,,,,,,,,,,,,,6,10
1790035911.1725254,ATTITUDE,,,,,,,,,,,,,,,0.002488940255716443,-0.23880544304847717,0.7853280901908875,,
1790035911.174289,RAW_IMU,,,,,,,,,-242,0,-971,0,3,0,,,,,
1790035911.1926205,ATTITUDE,,,,,,,,,,,,,,,0.002531816717237234,-0.23884537816047668,0.7853226065635681,,
1790035911.1935866,RAW_IMU,,,,,,,,,-242,0,-971,3,0,0,,,,,
1790035911.2128468,ATTITUDE,,,,,,,,,,,,,,,0.002502231393009424,-0.2388211488723755,0.7853178381919861,,
1790035911.2144177,RAW_IMU,,,,,,,,,-242,0,-971,0,2,0,,,,,
1790035911.2327569,ATTITUDE,,,,,,,,,,,,,,,0.00254985224455595,-0.23888063430786133,0.7853088974952698,,
1790035911.2336633,RAW_IMU,,,,,,,,,-242,0,-971,3,-1,0,,,,,
1790035911.2525418,ATTITUDE,,,,,,,,,,,,,,,0.002517304616048932,-0.2388562262058258,0.7853016257286072,,
1790035911.2536905,RAW_IMU,,,,,,,,,-242,0,-971,0,2,0,,,,,
1790035911.2664928,GLOBAL_POSITION_INT,-35.361284,149.167663,591.72,10.002,4.01,4.02,0.0,44.99,,,,,,,,,,,
1790035911.2676585,GPS_RAW_INT,,,,,,,,,,,,,,,,,,6,10
1790035911.2728043,ATTITUDE,,,,,,,,,,,,,,,0.0025602965615689754,-0.2389153093099594,0.7852962613105774,,
1790035911.2742615,RAW_IMU,,,,,,,,,-242,0,-971,2,-1,0,,,,,
1790035911.2927883,ATTITUDE,,,,,,,,,,,,,,,0.002518442925065756,-0.2389206737279892,0.7852966785430908,,
1790035911.2942553,RAW_IMU,,,,,,,,,-242,0,-971,0,1,0,,,,,
1790035911.3130064,ATTITUDE,,,,,,,,,,,,,,,0.0025357131380587816,-0.23901301622390747,0.7852956652641296,,
1790035911.3144891,RAW_IMU,,,,,,,,,-241,0,-971,1,-2,0,,,,,
1790035911.3329132,ATTITUDE,,,,,,,,,,,,,,,0.0024892413057386875,-0.23903964459896088,0.7852968573570251,,
1790035911.3348336,RAW_IMU,,,,,,,,,-242,0,-971,0,0,0,,,,,
1790035911.3527844,ATTITUDE,,,,,,,,,,,,,,,0.0024851602502167225,-0.23915326595306396,0.7852962017059326,,
1790035911.3539743,RAW_IMU,,,,,,,,,-241,0,-971,0,-3,0,,,,,
1790035911.3779163,GLOBAL_POSITION_INT,-35.3612803,149.1676675,591.72,10.002,4.01,4.02,0.0,44.99,,,,,,,,,,,
1790035911.3783088,GPS_RAW_INT,,,,,,,,,,,,,,,,,,6,10
1790035911.3791666,ATTITUDE,,,,,,,,,,,,,,,0.0024737732019275427,-0.23918473720550537,0.785295844078064,,
1790035911.3796358,RAW_IMU,,,,,,,,,-241,0,-971,1,0,0,,,,,
1790035911.3934736,ATTITUDE,,,,,,,,,,,,,,,0.0024535409174859524,-0.23928342759609222,0.7852948307991028,,
1790035911.3944607,RAW_IMU,,,,,,,,,-241,0,-971,0,-2,0,,,,,
1790035911.4136596,ATTITUDE,,,,,,,,,,,,,,,0.0024769315496087074,-0.23931123316287994,0.7852926850318909,,
1790035911.4148064,RAW_IMU,,,,,,,,,-241,0,-971,2,0,0,,,,,
1790035911.4335744,ATTITUDE,,,,,,,,,,,,,,,0.0024454037193208933,-0.23937691748142242,0.7852921485900879,,
1790035911.434393,RAW_IMU,,,,,,,,,-241,0,-971,0,-1,0,,,,,
1790035911.4533315,ATTITUDE,,,,,,,,,,,,,,,0.0024658534675836563,-0.23941561579704285,0.7852884531021118,,
1790035911.4548392,RAW_IMU,,,,,,,,,-241,0,-971,2,-1,0,,,,,
1790035911.4670951,GLOBAL_POSITION_INT,-35.3612767,149.1676719,591.72,10.002,4.0,4.02,0.0,44.99,,,,,,,,,,,
1790035911.4679294,GPS_RAW_INT,,,,,,,,,,,,,,,,,,6,10
1790035911.4732182,ATTITUDE,,,,,,,,,,,,,,,0.002408798085525632,-0.2394617646932602,0.7852921485900879,,
1790035911.4745195,RAW_IMU,,,,,,,,,-241,0,-971,-1,0,0,,,,,
1790035911.4932108,ATTITUDE,,,,,,,,,,,,,,,0.002432030625641346,-0.23951737582683563,0.785293459892273,,
1790035911.4942284,RAW_IMU,,,,,,,,,-241,0,-971,2,-1,0,,,,,
1790035911.5135965,ATTITUDE,,,,,,,,,,,,,,,0.002383287064731121,-0.23954391479492188,0.7852970361709595,,
1790035911.5146077,RAW_IMU,,,,,,,,,-241,0,-971,-1,0,0,,,,,
1790035911.5328665,ATTITUDE,,,,,,,,,,,,,,,0.002408670261502266,-0.23959439992904663,0.7852981686592102,,
1790035911.5346668,RAW_IMU,,,,,,,,,-241,0,-971,2,-1,0,,,,,
1790035911.552883,ATTITUDE,,,,,,,,,,,,,,,0.0023515874054282904,-0.23958706855773926,0.7853022217750549,,
1790035911.5539687,RAW_IMU,,,,,,,,,-241,0,-971,-1,1,0,,,,,
1790035911.5663908,GLOBAL_POSITION_INT,-35.3612731,149.1676764,591.72,10.002,4.0,4.01,0.0,44.99,,,,,,,,,,,
1790035911.5677087,GPS_RAW_INT,,,,,,,,,,,,,,,,,,6,10
1790035911.5727448,ATTITUDE,,,,,,,,,,,,,,,0.0023879967629909515,-0.23963983356952667,0.7853022217750549,,
1790035911.5737367,RAW_IMU,,,,,,,,,-241,0,-971,2,-1,0,,,,,
1790035911.592734,ATTITUDE,,,,,,,,,,,,,,,0.0023369465488940477,-0.23959235846996307,0.7853047847747803,,
1790035911.5939453,RAW_IMU,,,,,,,,,-241,0,-971,0,3,0,,,,,
1790035911.6254866,ATTITUDE,,,,,,,,,,,,,,,0.0023526325821876526,-0.23960626125335693,0.7853038907051086,,
1790035911.6264868,RAW_IMU,,,,,,,,,-241,0,-971,1,1,0,,,,,
1790035911.6318479,ATTITUDE,,,,,,,,,,,,,,,0.0023052834440022707,-0.23952408134937286,0.7853034734725952,,
1790035911.6335678,RAW_IMU,,,,,,,,,-241,0,-971,0,5,0,,,,,
1790035911.6519582,ATTITUDE,,,,,,,,,,,,,,,0.0023228225763887167,-0.23950299620628357,0.7853004932403564,,
1790035911.6533754,RAW_IMU,,,,,,,,,-241,0,-971,1,2,0,,,,,
1790035911.6659412,GLOBAL_POSITION_INT,-35.3612695,149.1676808,591.72,10.003,4.0,4.01,0.0,44.99,,,,,,,,,,,
1790035911.6671445,GPS_RAW_INT,,,,,,,,,,,,,,,,,,6,10
1790035911.6720266,ATTITUDE,,,,,,,,,,,,,,,0.0022818841971457005,-0.23941555619239807,0.7853018045425415,,
1790035911.6736171,RAW_IMU,,,,,,,,,-241,0,-971,0,5,0,,,,,
1790035911.6921442,ATTITUDE,,,,,,,,,,,,,,,0.0023035502526909113,-0.2394047975540161,0.7853021025657654,,
1790035911.6932058,RAW_IMU,,,,,,,,,-241,0,-971,1,2,0,,,,,
1790035911.7128,ATTITUDE,,,,,,,,,,,,,,,0.0022533941082656384,-0.23932243883609772,0.7853051424026489,,
1790035911.7139325,RAW_IMU,,,,,,,,,-241,0,-971,0,5,0,,,,,
1790035911.7327924,ATTITUDE,,,,,,,,,,,,,,,0.002278154017403722,-0.23932257294654846,0.7853044867515564,,
1790035911.7341375,RAW_IMU,,,,,,,,,-241,0,-971,1,2,0,,,,,
1790035911.752708,ATTITUDE,,,,,,,,,,,,,,,0.002216687658801675,-0.2392330914735794,0.7853074669837952,,
1790035911.7540116,RAW_IMU,,,,,,,,,-241,0,-971,-1,4,0,,,,,
1790035911.7665498,GLOBAL_POSITION_INT,-35.3612658,149.1676853,591.72,10.003,4.0,4.01,0.0,44.99,,,,,,,,,,,
1790035911.7679083,GPS_RAW_INT,,,,,,,,,,,,,,,,,,6,10
1790035911.7726564,ATTITUDE,,,,,,,,,,,,,,,0.0022228870075196028,-0.23896650969982147,0.785308837890625,,
1790035911.773917,RAW_IMU,,,,,,,,,-241,0,-971,0,13,0,,,,,
1790035911.79274,ATTITUDE,,,,,,,,,,,,,,,0.002178645459935069,-0.23822876811027527,0.7853116989135742,,
1790035911.7940085,RAW_IMU,,,,,,,,,-241,0,-971,0,35,0,,,,,
1790035911.8133316,ATTITUDE,,,,,,,,,,,,,,,0.0021715553011745214,-0.23687511682510376,0.7853137254714966,,
1790035911.8152437,RAW_IMU,,,,,,,,,-241,0,-971,0,66,0,,,,,
1790035911.8328888,ATTITUDE,,,,,,,,,,,,,,,0.0021756570786237717,-0.23484349250793457,0.7853139638900757,,
1790035911.8343284,RAW_IMU,,,,,,,,,-241,0,-971,1,99,0,,,,,
1790035911.8526735,ATTITUDE,,,,,,,,,,,,,,,0.002159899566322565,-0.23193076252937317,0.7853142023086548,,
1790035911.8542278,RAW_IMU,,,,,,,,,-241,0,-971,0,143,0,,,,,
1790035911.8743086,GLOBAL_POSITION_INT,-35.3612622,149.1676897,591.72,10.003,3.99,4.01,0.0,44.99,,,,,,,,,,,
1790035911.8755283,GPS_RAW_INT,,,,,,,,,,,,,,,,,,6,10
1790035911.8764465,ATTITUDE,,,,,,,,,,,,,,,0.0021456098183989525,-0.22818297147750854,0.7853172421455383,,
1790035911.8778157,RAW_IMU,,,,,,,,,-241,0,-972,0,185,0,,,,,
1790035911.8927875,ATTITUDE,,,,,,,,,,,,,,,0.002130454406142235,-0.22352467477321625,0.7853228449821472,,
1790035911.894037,RAW_IMU,,,,,,,,,-241,0,-972,0,230,0,,,,,
1790035911.9129395,ATTITUDE,,,,,,,,,,,,,,,0.0021141194738447666,-0.21792089939117432,0.7853290438652039,,
1790035911.9139283,RAW_IMU,,,,,,,,,-242,0,-973,0,278,0,,,,,
1790035911.9327981,ATTITUDE,,,,,,,,,,,,,,,0.0020834868773818016,-0.2114318609237671,0.7853352427482605,,
1790035911.9338307,RAW_IMU,,,,,,,,,-242,0,-972,0,322,0,,,,,
1790035911.9527595,ATTITUDE,,,,,,,,,,,,,,,0.0020545467268675566,-0.20404182374477386,0.7853435277938843,,
1790035911.9539466,RAW_IMU,,,,,,,,,-242,0,-973,0,367,0,,,,,
1790035911.9664135,GLOBAL_POSITION_INT,-35.3612586,149.1676941,591.72,10.004,3.98,3.99,0.0,44.99,,,,,,,,,,,
1790035911.9671361,GPS_RAW_INT,,,,,,,,,,,,,,,,,,6,10
1790035911.972678,ATTITUDE,,,,,,,,,,,,,,,0.002044746885076165,-0.19581301510334015,0.7853522300720215,,
1790035911.9735732,RAW_IMU,,,,,,,,,-242,0,-973,0,409,0,,,,,
1790035911.9927008,ATTITUDE,,,,,,,,,,,,,,,0.0020545057486742735,-0.1867416352033615,0.7853586673736572,,
1790035911.9937353,RAW_IMU,,,,,,,,,-242,0,-973,1,452,0,,,,,
1790035912.012814,ATTITUDE,,,,,,,,,,,,,,,0.0020484135020524263,-0.1769264191389084,0.7853673100471497,,
1790035912.014283,RAW_IMU,,,,,,,,,-242,0,-974,1,490,0,,,,,
1790035912.0328054,ATTITUDE,,,,,,,,,,,,,,,0.0020210419315844774,-0.1664654165506363,0.7853763699531555,,
1790035912.0343566,RAW_IMU,,,,,,,,,-242,0,-974,0,522,0,,,,,
1790035912.053326,ATTITUDE,,,,,,,,,,,,,,,0.002009250456467271,-0.15532974898815155,0.78538578748703,,
1790035912.0544817,RAW_IMU,,,,,,,,,-241,0,-975,0,556,0,,,,,
1790035912.0670302,GLOBAL_POSITION_INT,-35.3612551,149.1676985,591.72,10.004,3.93,3.94,0.0,44.99,,,,,,,,,,,
1790035912.0678384,GPS_RAW_INT,,,,,,,,,,,,,,,,,,6,10
1790035912.0731661,ATTITUDE,,,,,,,,,,,,,,,0.0020209806971251965,-0.14364658296108246,0.7853959202766418,,
1790035912.074513,RAW_IMU,,,,,,,,,-241,0,-975,1,584,0,,,,,
1790035912.092607,ATTITUDE,,,,,,,,,,,,,,,0.002004374284297228,-0.1314995437860489,0.785408616065979,,
1790035912.0935235,RAW_IMU,,,,,,,,,-240,0,-976,0,607,0,,,,,
1790035912.1302762,ATTITUDE,,,,,,,,,,,,,,,0.0019434179412201047,-0.1188734844326973,0.7854225635528564,,
1790035912.1319532,RAW_IMU,,,,,,,,,-239,0,-977,-1,631,0,,,,,
1790035912.1339421,ATTITUDE,,,,,,,,,,,,,,,0.0018885716563090682,-0.10588695108890533,0.7854360342025757,,
1790035912.1348205,RAW_IMU,,,,,,,,,-239,0,-978,-1,650,0,,,,,
1790035912.1525638,ATTITUDE,,,,,,,,,,,,,,,0.0018864624435082078,-0.09256509691476822,0.7854467630386353,,
1790035912.1536577,RAW_IMU,,,,,,,,,-237,0,-980,1,666,0,,,,,
1790035912.1664715,GLOBAL_POSITION_INT,-35.3612515,149.1677028,591.72,10.005,3.84,3.85,0.0,45.0,,,,,,,,,,,
1790035912.1672034,GPS_RAW_INT,,,,,,,,,,,,,,,,,,6,10
1790035912.1725159,ATTITUDE,,,,,,,,,,,,,,,0.0018491580849513412,-0.07896611094474792,0.7854578495025635,,
1790035912.1739547,RAW_IMU,,,,,,,,,-236,0,-980,0,680,0,,,,,
1790035912.1927042,ATTITUDE,,,,,,,,,,,,,,,0.0018143560737371445,-0.06508620828390121,0.7854691743850708,,
1790035912.1937265,RAW_IMU,,,,,,,,,-234,0,-982,0,694,0,,,,,
1790035912.2127528,ATTITUDE,,,,,,,,,,,,,,,0.0017813569866120815,-0.05104229599237442,0.7854798436164856,,
1790035912.2141378,RAW_IMU,,,,,,,,,-233,0,-984,0,703,0,,,,,
1790035912.2329144,ATTITUDE,,,,,,,,,,,,,,,0.0017503568669781089,-0.036798618733882904,0.785491406917572,,
1790035912.233979,RAW_IMU,,,,,,,,,-231,0,-986,0,712,0,,,,,
1790035912.2532208,ATTITUDE,,,,,,,,,,,,,,,0.0017193789826706052,-0.022461656481027603,0.785504937171936,,
1790035912.254627,RAW_IMU,,,,,,,,,-229,0,-989,0,718,0,,,,,
1790035912.2670116,GLOBAL_POSITION_INT,-35.3612481,149.167707,591.72,10.005,3.72,3.73,0.0,45.0,,,,,,,,,,,
1790035912.2677872,GPS_RAW_INT,,,,,,,,,,,,,,,,,,6,10
1790035912.27303,ATTITUDE,,,,,,,,,,,,,,,0.0016900368500500917,-0.00828047189861536,0.7855224609375,,
1790035912.2743204,RAW_IMU,,,,,,,,,-226,0,-991,0,712,0,,,,,
1790035912.2931213,ATTITUDE,,,,,,,,,,,,,,,0.0016619365196675062,0.00553171755746007,0.7855408787727356,,
1790035912.294565,RAW_IMU,,,,,,,,,-224,0,-993,0,694,0,,,,,
1790035912.3088577,ATTITUDE,,,,,,,,,,,,,,,0.0016369250370189548,0.0187620110809803,0.7855581641197205,,
1790035912.3100421,RAW_IMU,,,,,,,,,-221,0,-995,0,665,0,,,,,
1790035912.3282366,ATTITUDE,,,,,,,,,,,,,,,0.0016564545221626759,0.03128741309046745,0.7855701446533203,,
1790035912.3300624,RAW_IMU,,,,,,,,,-219,0,-999,1,630,0,,,,,
1790035912.3482118,ATTITUDE,,,,,,,,,,,,,,,0.0016856077127158642,0.04300003498792648,0.7855809926986694,,
1790035912.3491988,RAW_IMU,,,,,,,,,-215,0,-1002,2,590,0,,,,,
1790035912.3821163,GLOBAL_POSITION_INT,-35.3612449,149.167711,591.72,10.004,3.55,3.56,0.01,45.01,,,,,,,,,,,
1790035912.3831477,GPS_RAW_INT,,,,,,,,,,,,,,,,,,6,10
1790035912.3838463,ATTITUDE,,,,,,,,,,,,,,,0.001682878122664988,0.05382063612341881,0.7855918407440186,,
1790035912.38545,RAW_IMU,,,,,,,,,-212,0,-1004,1,546,0,,,,,
1790035912.3884604,ATTITUDE,,,,,,,,,,,,,,,0.001655844273045659,0.06370306760072708,0.7856014966964722,,
1790035912.3899467,RAW_IMU,,,,,,,,,-209,0,-1007,0,499,0,,,,,
1790035912.408954,ATTITUDE,,,,,,,,,,,,,,,0.0016774001996964216,0.07266794145107269,0.7856065034866333,,
1790035912.4108047,RAW_IMU,,,,,,,,,-206,0,-1010,1,452,0,,,,,
1790035912.4283435,ATTITUDE,,,,,,,,,,,,,,,0.001723957248032093,0.08068666607141495,0.7856093645095825,,
1790035912.4302425,RAW_IMU,,,,,,,,,-203,0,-1013,3,405,0,,,,,
1790035912.4480512,ATTITUDE,,,,,,,,,,,,,,,0.001700126682408154,0.08782443404197693,0.7856138944625854,,
1790035912.449601,RAW_IMU,,,,,,,,,-199,0,-1016,0,360,0,,,,,
1790035912.4671936,GLOBAL_POSITION_INT,-35.3612417,149.1677149,591.72,10.003,3.36,3.37,0.01,45.01,,,,,,,,,,,
1790035912.4686768,GPS_RAW_INT,,,,,,,,,,,,,,,,,,6,10
1790035912.4703715,ATTITUDE,,,,,,,,,,,,,,,0.0017085393192246556,0.09409750252962112,0.7856162786483765,,
1790035912.4712648,RAW_IMU,,,,,,,,,-196,0,-1018,1,318,0,,,,,
1790035912.4881556,ATTITUDE,,,,,,,,,,,,,,,0.001703953486867249,0.0995781272649765,0.7856181263923645,,
1790035912.4895175,RAW_IMU,,,,,,,,,-193,0,-1019,1,278,0,,,,,
1790035912.5087485,ATTITUDE,,,,,,,,,,,,,,,0.0016779190627858043,0.10431336611509323,0.7856194972991943,,
1790035912.5103555,RAW_IMU,,,,,,,,,-189,0,-1022,0,241,0,,,,,
1790035912.5286684,ATTITUDE,,,,,,,,,,,,,,,0.0016533740563318133,0.10837860405445099,0.7856187224388123,,
1790035912.5295959,RAW_IMU,,,,,,,,,-186,0,-1023,0,206,0,,,,,
1790035912.5482244,ATTITUDE,,,,,,,,,,,,,,,0.001688474789261818,0.1118726059794426,0.7856143712997437,,
1790035912.549209,RAW_IMU,,,,,,,,,-183,0,-1025,2,178,0,,,,,
1790035912.567704,GLOBAL_POSITION_INT,-35.3612388,149.1677185,591.72,10.002,3.16,3.17,0.02,45.01,,,,,,,,,,,
1790035912.5687594,GPS_RAW_INT,,,,,,,,,,,,,,,,,,6,10
1790035912.5708487,ATTITUDE,,,,,,,,,,,,,,,0.001682023168541491,0.11492089182138443,0.7856088280677795,,
1790035912.5719607,RAW_IMU,,,,,,,,,-179,0,-1026,1,155,0,,,,,
1790035912.5883374,ATTITUDE,,,,,,,,,,,,,,,0.0016758193960413337,0.11750555783510208,0.7856021523475647,,
1790035912.58962,RAW_IMU,,,,,,,,,-176,0,-1027,0,132,0,,,,,
1790035912.6294699,ATTITUDE,,,,,,,,,,,,,,,0.0016755203250795603,0.11972788721323013,0.785593569278717,,
1790035912.6305346,RAW_IMU,,,,,,,,,-173,0,-1028,1,113,0,,,,,
1790035912.6315832,ATTITUDE,,,,,,,,,,,,,,,0.001687806798145175,0.1216149628162384,0.785584568977356,,
1790035912.6327014,RAW_IMU,,,,,,,,,-170,0,-1030,1,97,0,,,,,
1790035912.6499107,ATTITUDE,,,,,,,,,,,,,,,0.0017013221513479948,0.12300712615251541,0.7855782508850098,,
1790035912.651328,RAW_IMU,,,,,,,,,-167,0,-1029,1,73,0,,,,,
1790035912.6631477,GLOBAL_POSITION_INT,-35.361236,149.1677219,591.72,10.0,2.96,2.97,0.02,45.01,,,,,,,,,,,
1790035912.6644351,GPS_RAW_INT,,,,,,,,,,,,,,,,,,6,10
1790035912.6698298,ATTITUDE,,,,,,,,,,,,,,,0.00171361630782485,0.12392322719097137,0.7855714559555054,,
1790035912.6706338,RAW_IMU,,,,,,,,,-164,0,-1030,1,49,0,,,,,
1790035912.68857,ATTITUDE,,,,,,,,,,,,,,,0.0017240379238501191,0.12407061457633972,0.7855643630027771,,
1790035912.6896484,RAW_IMU,,,,,,,,,-161,0,-1030,1,13,0,,,,,
1790035912.7089152,ATTITUDE,,,,,,,,,,,,,,,0.001735016005113721,0.12332139164209366,0.785556972026825,,
1790035912.7102995,RAW_IMU,,,,,,,,,-158,0,-1029,1,-32,0,,,,,
1790035912.7288988,ATTITUDE,,,,,,,,,,,,,,,0.0017460669623687863,0.12167736887931824,0.7855480313301086,,
1790035912.7300403,RAW_IMU,,,,,,,,,-155,0,-1029,1,-77,0,,,,,
1790035912.7489364,ATTITUDE,,,,,,,,,,,,,,,0.0017341263592243195,0.11913210898637772,0.7855370044708252,,
1790035912.7499483,RAW_IMU,,,,,,,,,-152,0,-1029,0,-122,0,,,,,
1790035912.7681282,GLOBAL_POSITION_INT,-35.3612334,149.1677251,591.71,9.998,2.77,2.77,0.01,45.0,,,,,,,,,,,
1790035912.7690856,GPS_RAW_INT,,,,,,,,,,,,,,,,,,6,10
1790035912.7712386,ATTITUDE,,,,,,,,,,,,,,,0.0017592930234968662,0.11572181433439255,0.785525381565094,,
1790035912.7726185,RAW_IMU,,,,,,,,,-149,0,-1029,2,-165,0,,,,,
1790035912.788698,ATTITUDE,,,,,,,,,,,,,,,0.001715511200018227,0.11153333634138107,0.7855144143104553,,
1790035912.7898955,RAW_IMU,,,,,,,,,-147,0,-1028,0,-205,0,,,,,
1790035912.8092148,ATTITUDE,,,,,,,,,,,,,,,0.0016729177441447973,0.10662170499563217,0.7855045199394226,,
1790035912.8109064,RAW_IMU,,,,,,,,,-144,0,-1027,-1,-241,0,,,,,
1790035912.829064,ATTITUDE,,,,,,,,,,,,,,,0.0016306285979226232,0.10101968795061111,0.7854929566383362,,
1790035912.8302398,RAW_IMU,,,,,,,,,-142,0,-1026,0,-276,0,,,,,
1790035912.84876,ATTITUDE,,,,,,,,,,,,,,,0.0015969205414876342,0.09485982358455658,0.7854844331741333,,
1790035912.8498833,RAW_IMU,,,,,,,,,-140,0,-1024,0,-305,0,,,,,
1790035912.8795063,GLOBAL_POSITION_INT,-35.361231,149.1677281,591.71,9.997,2.6,2.6,0.01,45.0,,,,,,,,,,,
1790035912.8805606,GPS_RAW_INT,,,,,,,,,,,,,,,,,,6,10
1790035912.8811903,ATTITUDE,,,,,,,,,,,,,,,0.0016111459117382765,0.08820517361164093,0.7854744791984558,,
1790035912.883437,RAW_IMU,,,,,,,,,-137,0,-1023,1,-329,0,,,,,
1790035912.8901923,ATTITUDE,,,,,,,,,,,,,,,0.0015920896548777819,0.08114093542098999,0.7854610681533813,,
1790035912.8919122,RAW_IMU,,,,,,,,,-135,0,-1021,0,-349,0,,,,,
1790035912.911127,ATTITUDE,,,,,,,,,,,,,,,0.0015761333052068949,0.07376941293478012,0.7854480147361755,,
1790035912.911755,RAW_IMU,,,,,,,,,-133,0,-1020,0,-365,0,,,,,
1790035912.930785,ATTITUDE,,,,,,,,,,,,,,,0.00159253622405231,0.06620623171329498,0.7854355573654175,,
1790035912.9322777,RAW_IMU,,,,,,,,,-131,0,-1017,1,-375,0,,,,,
1790035912.9509969,ATTITUDE,,,,,,,,,,,,,,,0.00163224374409765,0.05851684883236885,0.7854210734367371,,
1790035912.9528356,RAW_IMU,,,,,,,,,-129,0,-1015,3,-381,0,,,,,
1790035912.964839,GLOBAL_POSITION_INT,-35.3612287,149.1677309,591.71,9.997,2.46,2.47,0.0,45.0,,,,,,,,,,,
1790035912.96658,GPS_RAW_INT,,,,,,,,,,,,,,,,,,6,10
1790035912.9709468,ATTITUDE,,,,,,,,,,,,,,,0.00167043914552778,0.05081944912672043,0.7854050993919373,,
1790035912.9718382,RAW_IMU,,,,,,,,,-128,0,-1014,3,-382,0,,,,,
1790035912.991033,ATTITUDE,,,,,,,,,,,,,,,0.0016958324704319239,0.043086156249046326,0.7853913903236389,,
1790035912.992099,RAW_IMU,,,,,,,,,-126,0,-1012,2,-384,0,,,,,
1790035913.0110354,ATTITUDE,,,,,,,,,,,,,,,0.0016764748143032193,0.03546294569969177,0.7853795886039734,,
1790035913.0124485,RAW_IMU,,,,,,,,,-124,0,-1010,0,-379,0,,,,,
1790035913.0308895,ATTITUDE,,,,,,,,,,,,,,,0.0016955777537077665,0.02790459431707859,0.785369336605072,,
1790035913.0319164,RAW_IMU,,,,,,,,,-123,0,-1009,1,-375,0,,,,,
1790035913.050998,ATTITUDE,,,,,,,,,,,,,,,0.0017127841711044312,0.02057451568543911,0.7853593826293945,,
1790035913.0520744,RAW_IMU,,,,,,,,,-121,0,-1008,2,-365,0,,,,,
1790035913.0645058,GLOBAL_POSITION_INT,-35.3612265,149.1677336,591.71,9.996,2.35,2.36,0.0,44.99,,,,,,,,,,,
1790035913.0660992,GPS_RAW_INT,,,,,,,,,,,,,,,,,,6,10
1790035913.0709248,ATTITUDE,,,,,,,,,,,,,,,0.001729321200400591,0.013426927849650383,0.785351037979126,,
1790035913.0727844,RAW_IMU,,,,,,,,,-120,0,-1007,1,-355,1,,,,,
1790035913.090975,ATTITUDE,,,,,,,,,,,,,,,0.0017186054028570652,0.0064370715990662575,0.7853409647941589,,
1790035913.0926678,RAW_IMU,,,,,,,,,-119,0,-1006,0,-347,1,,,,,
1790035913.1341853,ATTITUDE,,,,,,,,,,,,,,,0.0017146049067378044,-0.00022637945949099958,0.785332441329956,,
1790035913.134978,RAW_IMU,,,,,,,,,-118,0,-1004,0,-331,1,,,,,
1790035913.136448,ATTITUDE,,,,,,,,,,,,,,,0.00169901002664119,-0.006682518869638443,0.7853257060050964,,
1790035913.1372054,RAW_IMU,,,,,,,,,-117,0,-1003,0,-320,1,,,,,
1790035913.1516545,ATTITUDE,,,,,,,,,,,,,,,0.0016440757317468524,-0.0127965547144413,0.7853191494941711,,
1790035913.1527443,RAW_IMU,,,,,,,,,-116,0,-1002,-1,-304,1,,,,,
1790035913.1653743,GLOBAL_POSITION_INT,-35.3612244,149.1677362,591.71,9.997,2.28,2.28,0.0,44.99,,,,,,,,,,,
1790035913.166492,GPS_RAW_INT,,,,,,,,,,,,,,,,,,6,10
1790035913.1717136,ATTITUDE,,,,,,,,,,,,,,,0.0015926085179671645,-0.018653301522135735,0.7853133678436279,,
1790035913.1725485,RAW_IMU,,,,,,,,,-115,0,-1001,-1,-291,1,,,,,
1790035913.1916716,ATTITUDE,,,,,,,,,,,,,,,0.0015435321256518364,-0.02413181960582733,0.7853095531463623,,
1790035913.1927419,RAW_IMU,,,,,,,,,-114,0,-1001,-1,-273,1,,,,,
1790035913.2128258,ATTITUDE,,,,,,,,,,,,,,,0.001496445038355887,-0.02935180999338627,0.7853053212165833,,
1790035913.2139218,RAW_IMU,,,,,,,,,-113,0,-1000,-1,-259,1,,,,,
1790035913.2330701,ATTITUDE,,,,,,,,,,,,,,,0.0014514089561998844,-0.03421560674905777,0.7853061556816101,,
1790035913.234366,RAW_IMU,,,,,,,,,-112,0,-1000,-1,-242,1,,,,,
1790035913.252837,ATTITUDE,,,,,,,,,,,,,,,0.0014078411040827632,-0.03879396617412567,0.7853086590766907,,
1790035913.2538185,RAW_IMU,,,,,,,,,-112,0,-1000,-1,-227,1,,,,,
1790035913.2668421,GLOBAL_POSITION_INT,-35.3612223,149.1677388,591.71,9.997,2.22,2.23,0.0,44.99,,,,,,,,,,,
1790035913.2676156,GPS_RAW_INT,,,,,,,,,,,,,,,,,,6,10
1790035913.269037,ATTITUDE,,,,,,,,,,,,,,,0.0013658578973263502,-0.04309724271297455,0.785314679145813,,
1790035913.2703564,RAW_IMU,,,,,,,,,-111,0,-999,0,-214,1,,,,,
1790035913.2884464,ATTITUDE,,,,,,,,,,,,,,,0.0013261354761198163,-0.047087810933589935,0.7853216528892517,,
1790035913.289658,RAW_IMU,,,,,,,,,-110,0,-998,0,-198,1,,,,,
1790035913.3089323,ATTITUDE,,,,,,,,,,,,,,,0.0012873056111857295,-0.05078914761543274,0.7853322625160217,,
1790035913.3099558,RAW_IMU,,,,,,,,,-110,0,-998,0,-183,1,,,,,
1790035913.3286445,ATTITUDE,,,,,,,,,,,,,,,0.0012560059549286962,-0.05420640856027603,0.7853469848632812,,
1790035913.3296158,RAW_IMU,,,,,,,,,-109,0,-998,0,-169,1,,,,,
1790035913.3488116,ATTITUDE,,,,,,,,,,,,,,,0.0012331379111856222,-0.057365261018276215,0.7853618860244751,,
1790035913.3498614,RAW_IMU,,,,,,,,,-109,0,-997,0,-156,1,,,,,
1790035913.3809812,GLOBAL_POSITION_INT,-35.3612203,149.1677412,591.71,9.998,2.19,2.19,0.0,44.99,,,,,,,,,,,
1790035913.3823297,GPS_RAW_INT,,,,,,,,,,,,,,,,,,6,10
1790035913.383192,ATTITUDE,,,,,,,,,,,,,,,0.0012124133063480258,-0.060290995985269547,0.7853781580924988,,
1790035913.3840797,RAW_IMU,,,,,,,,,-108,0,-997,0,-145,2,,,,,
1790035913.3888497,ATTITUDE,,,,,,,,,,,,,,,0.0012195623712614179,-0.06300260126590729,0.785392165184021,,
1790035913.3898773,RAW_IMU,,,,,,,,,-108,0,-996,1,-134,1,,,,,
1790035913.4092228,ATTITUDE,,,,,,,,,,,,,,,0.0011843856191262603,-0.06548308581113815,0.785408079624176,,
1790035913.410181,RAW_IMU,,,,,,,,,-107,0,-996,0,-122,1,,,,,
1790035913.4296186,ATTITUDE,,,,,,,,,,,,,,,0.0012064424809068441,-0.06781167536973953,0.7854215502738953,,
1790035913.4306927,RAW_IMU,,,,,,,,,-107,0,-996,2,-115,1,,,,,
1790035913.4497547,ATTITUDE,,,,,,,,,,,,,,,0.0011632576351985335,-0.06991403549909592,0.7854369878768921,,
1790035913.4503376,RAW_IMU,,,,,,,,,-107,0,-996,0,-104,1,,,,,
1790035913.4689324,GLOBAL_POSITION_INT,-35.3612183,149.1677437,591.71,9.998,2.16,2.16,0.0,45.0,,,,,,,,,,,
1790035913.4699612,GPS_RAW_INT,,,,,,,,,,,,,,,,,,6,10
1790035913.4710417,ATTITUDE,,,,,,,,,,,,,,,0.0011912258341908455,-0.07187769562005997,0.7854479551315308,,
1790035913.4720082,RAW_IMU,,,,,,,,,-106,0,-996,2,-97,1,,,,,
1790035913.4893453,ATTITUDE,,,,,,,,,,,,,,,0.0011415024055168033,-0.07363353669643402,0.7854557633399963,,
1790035913.4901924,RAW_IMU,,,,,,,,,-106,0,-996,-1,-86,1,,,,,
1790035913.5095994,ATTITUDE,,,,,,,,,,,,,,,0.0011742787901312113,-0.07526592165231705,0.7854617238044739,,
1790035913.5107517,RAW_IMU,,,,,,,,,-106,0,-996,2,-80,1,,,,,
1790035913.5296218,ATTITUDE,,,,,,,,,,,,,,,0.0011275806464254856,-0.07670240849256516,0.7854694128036499,,
1790035913.530569,RAW_IMU,,,,,,,,,-105,0,-996,0,-70,1,,,,,
1790035913.5498633,ATTITUDE,,,,,,,,,,,,,,,0.0011611803201958537,-0.07804878801107407,0.7854729294776917,,
1790035913.5506315,RAW_IMU,,,,,,,,,-105,0,-996,2,-66,1,,,,,
1790035913.568742,GLOBAL_POSITION_INT,-35.3612164,149.1677461,591.71,9.999,2.14,2.15,0.0,45.0,,,,,,,,,,,
1790035913.569799,GPS_RAW_INT,,,,,,,,,,,,,,,,,,6,10
1790035913.5711255,ATTITUDE,,,,,,,,,,,,,,,0.0011165685718879104,-0.07918944954872131,0.7854750156402588,,
1790035913.5722592,RAW_IMU,,,,,,,,,-105,0,-995,0,-56,1,,,,,
1790035913.5894754,ATTITUDE,,,,,,,,,,,,,,,0.001145120128057897,-0.08026629686355591,0.7854741215705872,,
1790035913.5903857,RAW_IMU,,,,,,,,,-104,0,-995,2,-52,1,,,,,
1790035913.62985,ATTITUDE,,,,,,,,,,,,,,,0.0011083843419328332,-0.0812002420425415,0.7854745984077454,,
1790035913.6316476,RAW_IMU,,,,,,,,,-104,0,-995,0,-46,0,,,,,
1790035913.6332345,ATTITUDE,,,,,,,,,,,,,,,0.001111801597289741,-0.08203639835119247,0.7854739427566528,,
1790035913.634495,RAW_IMU,,,,,,,,,-104,0,-995,0,-40,0,,,,,
1790035913.6496222,ATTITUDE,,,,,,,,,,,,,,,0.0011074633803218603,-0.08281423151493073,0.7854729294776917,,
1790035913.6506016,RAW_IMU,,,,,,,,,-104,0,-995,1,-36,0,,,,,
1790035913.669018,GLOBAL_POSITION_INT,-35.3612144,149.1677485,591.72,10.0,2.13,2.13,0.0,45.0,,,,,,,,,,,
1790035913.6704884,GPS_RAW_INT,,,,,,,,,,,,,,,,,,6,10
1790035913.6720498,ATTITUDE,,,,,,,,,,,,,,,0.0010826617944985628,-0.08343804627656937,0.7854714393615723,,
1790035913.6732635,RAW_IMU,,,,,,,,,-104,0,-995,0,-30,0,,,,,
1790035913.6895337,ATTITUDE,,,,,,,,,,,,,,,0.0011062977137044072,-0.08400549739599228,0.7854697108268738,,
1790035913.6906545,RAW_IMU,,,,,,,,,-104,0,-995,2,-27,0,,,,,
1790035913.709343,ATTITUDE,,,,,,,,,,,,,,,0.0010735030518844724,-0.08444252610206604,0.7854698300361633,,
1790035913.7109272,RAW_IMU,,,,,,,,,-103,0,-995,0,-21,0,,,,,
1790035913.729348,ATTITUDE,,,,,,,,,,,,,,,0.0011081808479502797,-0.08484825491905212,0.7854668498039246,,
1790035913.7303522,RAW_IMU,,,,,,,,,-103,0,-995,2,-19,0,,,,,
1790035913.749269,ATTITUDE,,,,,,,,,,,,,,,0.0010674892691895366,-0.08514188975095749,0.7854636907577515,,
1790035913.7498596,RAW_IMU,,,,,,,,,-103,0,-995,0,-14,0,,,,,
1790035913.7687874,GLOBAL_POSITION_INT,-35.3612125,149.1677508,591.72,10.001,2.11,2.12,0.0,45.0,,,,,,,,,,,
1790035913.7695124,GPS_RAW_INT,,,,,,,,,,,,,,,,,,6,10
1790035913.7710865,ATTITUDE,,,,,,,,,,,,,,,0.0011079157702624798,-0.08539330214262009,0.7854571342468262,,
1790035913.7719686,RAW_IMU,,,,,,,,,-103,0,-995,2,-11,0,,,,,
1790035913.7891436,ATTITUDE,,,,,,,,,,,,,,,0.0010643086861819029,-0.08558069169521332,0.7854520678520203,,
1790035913.7903926,RAW_IMU,,,,,,,,,-103,0,-995,0,-8,0,,,,,
1790035913.8137677,ATTITUDE,,,,,,,,,,,,,,,0.0011133694788441062,-0.08570632338523865,0.7854443192481995,,
1790035913.8159208,RAW_IMU,,,,,,,,,-103,0,-995,3,-5,0,,,,,
1790035913.8338997,ATTITUDE,,,,,,,,,,,,,,,0.0010795184643939137,-0.08581628650426865,0.7854354977607727,,
1790035913.8355942,RAW_IMU,,,,,,,,,-102,0,-995,0,-4,0,,,,,
1790035913.853872,ATTITUDE,,,,,,,,,,,,,,,0.0011099448893219233,-0.08584367483854294,0.7854254245758057,,
1790035913.8549292,RAW_IMU,,,,,,,,,-102,0,-995,1,0,0,,,,,
1790035913.8784575,GLOBAL_POSITION_INT,-35.3612106,149.1677531,591.72,10.001,2.1,2.11,0.0,45.0,,,,,,,,,,,
1790035913.879324,GPS_RAW_INT,,,,,,,,,,,,,,,,,,6,10
1790035913.8800578,ATTITUDE,,,,,,,,,,,,,,,0.0011051797773689032,-0.085906982421875,0.7854147553443909,,
1790035913.881423,RAW_IMU,,,,,,,,,-102,0,-994,1,-1,0,,,,,
1790035913.8935893,ATTITUDE,,,,,,,,,,,,,,,0.0011197143467143178,-0.08588071167469025,0.7854022979736328,,
1790035913.8952167,RAW_IMU,,,,,,,,,-102,0,-994,1,2,0,,,,,
1790035913.9139295,ATTITUDE,,,,,,,,,,,,,,,0.0011328230611979961,-0.08591455966234207,0.7853917479515076,,
1790035913.9153383,RAW_IMU,,,,,,,,,-102,0,-995,2,0,0,,,,,
1790035913.9336712,ATTITUDE,,,,,,,,,,,,,,,0.0011118449037894607,-0.08586148172616959,0.7853812575340271,,
1790035913.9345326,RAW_IMU,,,,,,,,,-102,0,-995,0,3,0,,,,,
1790035913.9530275,ATTITUDE,,,,,,,,,,,,,,,0.0011385290417820215,-0.08587894588708878,0.7853705883026123,,
1790035913.9538698,RAW_IMU,,,,,,,,,-101,0,-995,2,0,0,,,,,
1790035913.9660583,GLOBAL_POSITION_INT,-35.3612087,149.1677555,591.72,10.002,2.09,2.09,0.0,44.99,,,,,,,,,,,
1790035913.9669263,GPS_RAW_INT,,,,,,,,,,,,,,,,,,6,10
1790035913.9722495,ATTITUDE,,,,,,,,,,,,,,,0.0011060157557949424,-0.08580295741558075,0.7853606939315796,,
1790035913.9733174,RAW_IMU,,,,,,,,,-101,0,-995,0,4,0,,,,,
1790035913.9924273,ATTITUDE,,,,,,,,,,,,,,,0.0011418000794947147,-0.08577799052000046,0.7853494882583618,,
1790035913.9934587,RAW_IMU,,,,,,,,,-101,0,-995,2,2,0,,,,,
1790035914.0123603,ATTITUDE,,,,,,,,,,,,,,,0.001103908522054553,-0.08566910028457642,0.7853404879570007,,
1790035914.0136948,RAW_IMU,,,,,,,,,-101,0,-995,0,5,0,,,,,
1790035914.0325687,ATTITUDE,,,,,,,,,,,,,,,0.0011457654181867838,-0.08561483770608902,0.7853317260742188,,
1790035914.0335007,RAW_IMU,,,,,,,,,-101,0,-995,3,4,0,,,,,
1790035914.053252,ATTITUDE,,,,,,,,,,,,,,,0.0011043105041608214,-0.0854819044470787,0.785326361656189,,
1790035914.0545597,RAW_IMU,,,,,,,,,-101,0,-995,0,7,0,,,,,
1790035914.0674498,GLOBAL_POSITION_INT,-35.3612069,149.1677578,591.72,10.002,2.08,2.08,0.0,44.99,,,,,,,,,,,
1790035914.0686214,GPS_RAW_INT,,,,,,,,,,,,,,,,,,6,10
1790035914.0737197,ATTITUDE,,,,,,,,,,,,,,,0.0011556778335943818,-0.08541552722454071,0.7853181958198547,,
1790035914.075532,RAW_IMU,,,,,,,,,-101,0,-995,3,4,0,,,,,
1790035914.0931897,ATTITUDE,,,,,,,,,,,,,,,0.0011245595524087548,-0.08525717258453369,0.7853127717971802,,
1790035914.0942352,RAW_IMU,,,,,,,,,-101,0,-994,0,8,0,,,,,
1790035914.1295998,ATTITUDE,,,,,,,,,,,,,,,0.0011553496588021517,-0.08516139537096024,0.7853087782859802,,
1790035914.1313787,RAW_IMU,,,,,,,,,-101,0,-995,1,6,0,,,,,
1790035914.1339056,ATTITUDE,,,,,,,,,,,,,,,0.0011511010816320777,-0.08500692248344421,0.7853076457977295,,
1790035914.1353765,RAW_IMU,,,,,,,,,-100,0,-994,1,7,0,,,,,
1790035914.153912,ATTITUDE,,,,,,,,,,,,,,,0.001147834467701614,-0.08489186316728592,0.7853059768676758,,
1790035914.1548004,RAW_IMU,,,,,,,,,-100,0,-995,0,7,0,,,,,
1790035914.167423,GLOBAL_POSITION_INT,-35.361205,149.16776,591.72,10.003,2.07,2.07,0.0,44.99,,,,,,,,,,,
1790035914.1686149,GPS_RAW_INT,,,,,,,,,,,,,,,,,,6,10
1790035914.1736453,ATTITUDE,,,,,,,,,,,,,,,0.0011778144398704171,-0.08474588394165039,0.7853032946586609,,
1790035914.1744523,RAW_IMU,,,,,,,,,-100,0,-995,3,7,0,,,,,
1790035914.1930873,ATTITUDE,,,,,,,,,,,,,,,0.0011599663412198424,-0.08460710942745209,0.7853032350540161,,
1790035914.194698,RAW_IMU,,,,,,,,,-100,0,-995,0,8,0,,,,,
1790035914.2132537,ATTITUDE,,,,,,,,,,,,,,,0.0012014079838991165,-0.08447199314832687,0.7853041291236877,,
1790035914.2148383,RAW_IMU,,,,,,,,,-100,0,-995,3,7,0,,,,,
1790035914.233056,ATTITUDE,,,,,,,,,,,,,,,0.001161046326160431,-0.08434318006038666,0.7853063344955444,,
1790035914.2349615,RAW_IMU,,,,,,,,,-100,0,-995,0,8,0,,,,,
1790035914.2531657,ATTITUDE,,,,,,,,,,,,,,,0.0012015774846076965,-0.08421791344881058,0.7853052020072937,,
1790035914.2541084,RAW_IMU,,,,,,,,,-100,0,-995,2,6,0,,,,,
1790035914.2675042,GLOBAL_POSITION_INT,-35.3612031,149.1677623,591.72,10.003,2.06,2.06,0.0,44.99,,,,,,,,,,,
1790035914.268946,GPS_RAW_INT,,,,,,,,,,,,,,,,,,6,10
1790035914.2735631,ATTITUDE,,,,,,,,,,,,,,,0.0011688517406582832,-0.08409763127565384,0.785304605960846,,
1790035914.2747605,RAW_IMU,,,,,,,,,-99,0,-995,0,7,0,,,,,
1790035914.293492,ATTITUDE,,,,,,,,,,,,,,,0.0012102341279387474,-0.08394525200128555,0.7853046655654907,,
1790035914.294253,RAW_IMU,,,,,,,,,-99,0,-995,3,7,0,,,,,
1790035914.3137546,ATTITUDE,,,,,,,,,,,,,,,0.0011784788221120834,-0.08381544053554535,0.785306453704834,,
1790035914.3153386,RAW_IMU,,,,,,,,,-99,0,-995,0,8,0,,,,,
1790035914.333575,ATTITUDE,,,,,,,,,,,,,,,0.0012309039011597633,-0.08365653455257416,0.785308301448822,,
1790035914.3346503,RAW_IMU,,,,,,,,,-99,0,-995,3,8,0,,,,,
1790035914.3530278,ATTITUDE,,,,,,,,,,,,,,,0.0011981166899204254,-0.08352053910493851,0.7853104472160339,,
1790035914.3544536,RAW_IMU,,,,,,,,,-99,0,-995,0,8,0,,,,,
1790035914.3779173,GLOBAL_POSITION_INT,-35.3612013,149.1677646,591.72,10.004,2.05,2.05,0.0,44.99,,,,,,,,,,,
1790035914.3787553,GPS_RAW_INT,,,,,,,,,,,,,,,,,,6,10
1790035914.3795986,ATTITUDE,,,,,,,,,,,,,,,0.001246353960596025,-0.0834241434931755,0.7853104472160339,,
1790035914.3805861,RAW_IMU,,,,,,,,,-99,0,-995,3,5,0,,,,,
1790035914.393465,ATTITUDE,,,,,,,,,,,,,,,0.0012233556481078267,-0.08330056071281433,0.785311758518219,,
1790035914.39488,RAW_IMU,,,,,,,,,-99,0,-995,0,7,0,,,,,
1790035914.4139106,ATTITUDE,,,,,,,,,,,,,,,0.0012711845338344574,-0.08322945982217789,0.785312831401825,,
1790035914.4153807,RAW_IMU,,,,,,,,,-99,0,-995,3,4,0,,,,,
1790035914.4336965,ATTITUDE,,,,,,,,,,,,,,,0.0012494315160438418,-0.08309049159288406,0.7853152751922607,,
1790035914.4352958,RAW_IMU,,,,,,,,,-98,0,-995,0,8,0,,,,,
1790035914.453553,ATTITUDE,,,,,,,,,,,,,,,0.0012980548199266195,-0.08303266763687134,0.7853155732154846,,
1790035914.4549294,RAW_IMU,,,,,,,,,-98,0,-995,3,4,0,,,,,
1790035914.4681005,GLOBAL_POSITION_INT,-35.3611995,149.1677668,591.72,10.004,2.04,2.04,0.0,44.99,,,,,,,,,,,
1790035914.468831,GPS_RAW_INT,,,,,,,,,,,,,,,,,,6,10
1790035914.471061,ATTITUDE,,,,,,,,,,,,,,,0.0012738020159304142,-0.08289618790149689,0.785316526889801,,
1790035914.471765,RAW_IMU,,,,,,,,,-98,0,-995,0,7,0,,,,,
1790035914.4892237,ATTITUDE,,,,,,,,,,,,,,,0.0013252946082502604,-0.08284412324428558,0.785319447517395,,
1790035914.490418,RAW_IMU,,,,,,,,,-98,0,-995,3,3,0,,,,,
1790035914.5096471,ATTITUDE,,,,,,,,,,,,,,,0.00130689877551049,-0.08273225277662277,0.7853244543075562,,
1790035914.5104637,RAW_IMU,,,,,,,,,-98,0,-995,0,6,0,,,,,
1790035914.5297034,ATTITUDE,,,,,,,,,,,,,,,0.0013493496226146817,-0.08271417021751404,0.7853265404701233,,
1790035914.5311346,RAW_IMU,,,,,,,,,-98,0,-995,2,2,0,,,,,
1790035914.549334,ATTITUDE,,,,,,,,,,,,,,,0.0013417958980426192,-0.08262388408184052,0.7853303551673889,,
1790035914.550458,RAW_IMU,,,,,,,,,-98,0,-995,1,5,0,,,,,
1790035914.568699,GLOBAL_POSITION_INT,-35.3611977,149.167769,591.72,10.004,2.03,2.03,0.0,44.99,,,,,,,,,,,
1790035914.5697756,GPS_RAW_INT,,,,,,,,,,,,,,,,,,6,10
1790035914.5717213,ATTITUDE,,,,,,,,,,,,,,,0.0013692156644538045,-0.08261357247829437,0.7853328585624695,,
1790035914.5734918,RAW_IMU,,,,,,,,,-98,0,-995,1,2,0,,,,,
1790035914.5890498,ATTITUDE,,,,,,,,,,,,,,,0.0013952456647530198,-0.0825401321053505,0.7853355407714844,,
1790035914.5900178,RAW_IMU,,,,,,,,,-97,0,-995,3,4,0,,,,,
1790035914.6325006,ATTITUDE,,,,,,,,,,,,,,,0.001386863412335515,-0.08253463357686996,0.7853384613990784,,
1790035914.6335647,RAW_IMU,,,,,,,,,-97,0,-995,0,1,0,,,,,
1790035914.634974,ATTITUDE,,,,,,,,,,,,,,,0.0014408838469535112,-0.08245731890201569,0.7853390574455261,,
1790035914.6360233,RAW_IMU,,,,,,,,,-97,0,-995,4,4,0,,,,,
1790035914.6508327,ATTITUDE,,,,,,,,,,,,,,,0.0014254722045734525,-0.08245575428009033,0.7853404879570007,,
1790035914.6520257,RAW_IMU,,,,,,,,,-97,0,-995,0,1,0,,,,,
1790035914.6652846,GLOBAL_POSITION_INT,-35.3611958,149.1677713,591.72,10.004,2.02,2.02,0.0,44.99,,,,,,,,,,,
1790035914.6661334,GPS_RAW_INT,,,,,,,,,,,,,,,,,,6,10
1790035914.671424,ATTITUDE,,,,,,,,,,,,,,,0.0014828970888629556,-0.08242533355951309,0.7853411436080933,,
1790035914.672514,RAW_IMU,,,,,,,,,-97,0,-995,3,1,0,,,,,
1790035914.6912825,ATTITUDE,,,,,,,,,,,,,,,0.0014597059926018119,-0.08240880072116852,0.7853479981422424,,
1790035914.6928844,RAW_IMU,,,,,,,,,-97,0,-995,0,2,0,,,,,
1790035914.7117386,ATTITUDE,,,,,,,,,,,,,,,0.0015186351956799626,-0.08240514248609543,0.7853528261184692,,
1790035914.7132313,RAW_IMU,,,,,,,,,-97,0,-995,3,0,0,,,,,
1790035914.731534,ATTITUDE,,,,,,,,,,,,,,,0.0014950234908610582,-0.08238118886947632,0.7853589653968811,,
1790035914.7333236,RAW_IMU,,,,,,,,,-97,0,-995,0,2,0,,,,,
1790035914.7513862,ATTITUDE,,,,,,,,,,,,,,,0.0015587561065331101,-0.08240139484405518,0.7853615880012512,,
1790035914.7526407,RAW_IMU,,,,,,,,,-96,0,-996,3,0,0,,,,,
1790035914.7660947,GLOBAL_POSITION_INT,-35.361194,149.1677735,591.72,10.004,2.01,2.0,0.0,44.99,,,,,,,,,,,
1790035914.76684,GPS_RAW_INT,,,,,,,,,,,,,,,,,,6,10
1790035914.772265,ATTITUDE,,,,,,,,,,,,,,,0.0015475882682949305,-0.08238361030817032,0.7853624820709229,,
1790035914.7738266,RAW_IMU,,,,,,,,,-96,0,-996,1,2,0,,,,,
1790035914.7920501,ATTITUDE,,,,,,,,,,,,,,,0.001585361547768116,-0.08242955058813095,0.785362720489502,,
1790035914.7926605,RAW_IMU,,,,,,,,,-96,0,-996,2,-1,0,,,,,
1790035914.8130016,ATTITUDE,,,,,,,,,,,,,,,0.0016057604225352407,-0.08241412043571472,0.7853631973266602,,
1790035914.8141007,RAW_IMU,,,,,,,,,-96,0,-996,2,1,0,,,,,
1790035914.8330584,ATTITUDE,,,,,,,,,,,,,,,0.001643820316530764,-0.0824592337012291,0.7853619456291199,,
1790035914.8345547,RAW_IMU,,,,,,,,,-96,0,-996,2,0,0,,,,,
1790035914.8528957,ATTITUDE,,,,,,,,,,,,,,,0.0016807194333523512,-0.08250004798173904,0.7853566408157349,,
1790035914.8540983,RAW_IMU,,,,,,,,,-96,0,-996,3,-1,0,,,,,
1790035914.878663,GLOBAL_POSITION_INT,-35.3611922,149.1677756,591.72,10.004,2.0,2.0,0.0,44.99,,,,,,,,,,,
1790035914.8799212,GPS_RAW_INT,,,,,,,,,,,,,,,,,,6,10
1790035914.8820462,ATTITUDE,,,,,,,,,,,,,,,0.0016989590367302299,-0.08253426104784012,0.7853487133979797,,
1790035914.8835948,RAW_IMU,,,,,,,,,-96,0,-996,1,0,0,,,,,
1790035914.89269,ATTITUDE,,,,,,,,,,,,,,,0.0017628344940021634,-0.082564577460289,0.7853409051895142,,
1790035914.8936567,RAW_IMU,,,,,,,,,-96,0,-996,4,0,0,,,,,
1790035914.9131448,ATTITUDE,,,,,,,,,,,,,,,0.0017669785302132368,-0.0826060026884079,0.7853307723999023,,
1790035914.9146972,RAW_IMU,,,,,,,,,-96,0,-996,1,0,0,,,,,
1790035914.9334931,ATTITUDE,,,,,,,,,,,,,,,0.0018396388040855527,-0.08264962583780289,0.7853165864944458,,
1790035914.9343982,RAW_IMU,,,,,,,,,-95,0,-996,4,-1,0,,,,,
1790035914.9533713,ATTITUDE,,,,,,,,,,,,,,,0.0018365064170211554,-0.08267518877983093,0.7853034734725952,,
1790035914.9541605,RAW_IMU,,,,,,,,,-96,0,-996,1,0,0,,,,,
1790035914.9673522,GLOBAL_POSITION_INT,-35.3611905,149.1677778,591.72,10.004,1.99,1.99,0.0,44.99,,,,,,,,,,,
1790035914.9680576,GPS_RAW_INT,,,,,,,,,,,,,,,,,,6,10
1790035914.9734898,ATTITUDE,,,,,,,,,,,,,,,0.0019102543592453003,-0.08270958065986633,0.7852857708930969,,
1790035914.9744797,RAW_IMU,,,,,,,,,-95,0,-996,4,0,0,,,,,
1790035914.9935014,ATTITUDE,,,,,,,,,,,,,,,0.0019118456402793527,-0.08276227116584778,0.7852685451507568,,
1790035914.9946613,RAW_IMU,,,,,,,,,-95,0,-995,1,-1,0,,,,,
1790035915.013655,ATTITUDE,,,,,,,,,,,,,,,0.001992171863093972,-0.08277065306901932,0.7852526307106018,,
1790035915.0152438,RAW_IMU,,,,,,,,,-95,0,-995,4,0,0,,,,,
1790035915.0335655,ATTITUDE,,,,,,,,,,,,,,,0.001991931116208434,-0.08287287503480911,0.7852404713630676,,
1790035915.0348246,RAW_IMU,,,,,,,,,-95,0,-996,1,-3,0,,,,,
1790035915.0488303,ATTITUDE,,,,,,,,,,,,,,,0.0020529369357973337,-0.08289087563753128,0.7852274179458618,,
1790035915.049934,RAW_IMU,,,,,,,,,-95,0,-996,3,0,0,,,,,
1790035915.0681143,GLOBAL_POSITION_INT,-35.3611887,149.16778,591.72,10.004,1.98,1.98,0.0,44.98,,,,,,,,,,,
1790035915.0696824,GPS_RAW_INT,,,,,,,,,,,,,,,,,,6,10
1790035915.070847,ATTITUDE,,,,,,,,,,,,,,,0.0020739270839840174,-0.08299344033002853,0.7852164506912231,,
1790035915.07172,RAW_IMU,,,,,,,,,-95,0,-996,2,-3,0,,,,,
1790035915.0887988,ATTITUDE,,,,,,,,,,,,,,,0.002075138734653592,-0.08303548395633698,0.7852126359939575,,
1790035915.0902345,RAW_IMU,,,,,,,,,-95,0,-996,1,-1,0,,,,,
1790035915.1289034,ATTITUDE,,,,,,,,,,,,,,,0.0020756784360855818,-0.08316002786159515,0.7852126359939575,,
1790035915.1296265,RAW_IMU,,,,,,,,,-95,0,-996,1,-4,0,,,,,
1790035915.130923,ATTITUDE,,,,,,,,,,,,,,,0.0020779448095709085,-0.08323196321725845,0.7852154970169067,,
1790035915.1326363,RAW_IMU,,,,,,,,,-95,0,-996,1,-3,0,,,,,
1790035915.1493104,ATTITUDE,,,,,,,,,,,,,,,0.00207813223823905,-0.0833674892783165,0.7852215766906738,,
1790035915.1502593,RAW_IMU,,,,,,,,,-94,0,-996,1,-5,0,,,,,
1790035915.1684313,GLOBAL_POSITION_INT,-35.3611869,149.1677822,591.72,10.004,1.97,1.97,0.0,44.99,,,,,,,,,,,
1790035915.1688328,GPS_RAW_INT,,,,,,,,,,,,,,,,,,6,10
1790035915.1696541,ATTITUDE,,,,,,,,,,,,,,,0.0020841960795223713,-0.08345384150743484,0.7852306365966797,,
1790035915.1702726,RAW_IMU,,,,,,,,,-94,0,-996,1,-3,1,,,,,
1790035915.1894348,ATTITUDE,,,,,,,,,,,,,,,0.0021032309159636497,-0.08359799534082413,0.7852407097816467,,
1790035915.1900268,RAW_IMU,,,,,,,,,-94,0,-996,2,-5,1,,,,,
1790035915.2091546,ATTITUDE,,,,,,,,,,,,,,,0.0021213004365563393,-0.0837024450302124,0.7852535247802734,,
1790035915.2102623,RAW_IMU,,,,,,,,,-94,0,-996,2,-4,1,,,,,
1790035915.2295134,ATTITUDE,,,,,,,,,,,,,,,0.0021417303942143917,-0.08384423702955246,0.7852696180343628,,
1790035915.2309685,RAW_IMU,,,,,,,,,-94,0,-996,2,-5,1,,,,,
1790035915.2494972,ATTITUDE,,,,,,,,,,,,,,,0.0021803192794322968,-0.08396951854228973,0.7852818965911865,,
1790035915.2509737,RAW_IMU,,,,,,,,,-94,0,-995,3,-5,1,,,,,
1790035915.268097,GLOBAL_POSITION_INT,-35.3611851,149.1677843,591.72,10.004,1.96,1.96,0.0,44.99,,,,,,,,,,,
1790035915.2698815,GPS_RAW_INT,,,,,,,,,,,,,,,,,,6,10
1790035915.2715256,ATTITUDE,,,,,,,,,,,,,,,0.0021828908938914537,-0.08408600836992264,0.7852942943572998,,
1790035915.2728717,RAW_IMU,,,,,,,,,-94,0,-995,1,-4,1,,,,,
1790035915.2884047,ATTITUDE,,,,,,,,,,,,,,,0.0022410741075873375,-0.08423131704330444,0.7853047847747803,,
1790035915.2898862,RAW_IMU,,,,,,,,,-94,0,-996,4,-6,1,,,,,
1790035915.3085387,ATTITUDE,,,,,,,,,,,,,,,0.002254275605082512,-0.08437051624059677,0.7853151559829712,,
1790035915.3095171,RAW_IMU,,,,,,,,,-94,0,-996,1,-5,1,,,,,
1790035915.329304,ATTITUDE,,,,,,,,,,,,,,,0.0023045544512569904,-0.08450480550527573,0.7853220105171204,,
1790035915.3312976,RAW_IMU,,,,,,,,,-94,0,-996,3,-5,1,,,,,
1790035915.348372,ATTITUDE,,,,,,,,,,,,,,,0.002322142943739891,-0.08463335037231445,0.7853261828422546,,
1790035915.3492122,RAW_IMU,,,,,,,,,-94,0,-996,2,-5,1,,,,,
1790035915.3678422,GLOBAL_POSITION_INT,-35.3611834,149.1677865,591.72,10.004,1.96,1.96,0.0,44.99,,,,,,,,,,,
1790035915.3686543,GPS_RAW_INT,,,,,,,,,,,,,,,,,,6,10
1790035915.3712752,ATTITUDE,,,,,,,,,,,,,,,0.0023825170937925577,-0.0847558006644249,0.7853264808654785,,
1790035915.371856,RAW_IMU,,,,,,,,,-94,0,-996,4,-5,0,,,,,
1790035915.3890178,ATTITUDE,,,,,,,,,,,,,,,0.002386003965511918,-0.08487256616353989,0.7853242754936218,,
1790035915.3895106,RAW_IMU,,,,,,,,,-93,0,-996,1,-4,0,,,,,
1790035915.4126914,ATTITUDE,,,,,,,,,,,,,,,0.00244915671646595,-0.08498512208461761,0.7853208184242249,,
1790035915.4141877,RAW_IMU,,,,,,,,,-93,0,-996,4,-4,0,,,,,
1790035915.4323127,ATTITUDE,,,,,,,,,,,,,,,0.0024335691705346107,-0.08509349822998047,0.7853164672851562,,
1790035915.434423,RAW_IMU,,,,,,,,,-93,0,-996,0,-4,0,,,,,
1790035915.4514432,ATTITUDE,,,,,,,,,,,,,,,0.002499435329809785,-0.08525743335485458,0.7853087782859802,,
1790035915.4525235,RAW_IMU,,,,,,,,,-93,0,-996,4,-6,0,,,,,
1790035915.465183,GLOBAL_POSITION_INT,-35.3611816,149.1677886,591.72,10.004,1.95,1.95,0.0,44.99,,,,,,,,,,,
1790035915.4662242,GPS_RAW_INT,,,,,,,,,,,,,,,,,,6,10
1790035915.4713113,ATTITUDE,,,,,,,,,,,,,,,0.0024968846701085567,-0.08542933315038681,0.7853034734725952,,
1790035915.4729195,RAW_IMU,,,,,,,,,-93,0,-996,1,-7,0,,,,,
1790035915.4913018,ATTITUDE,,,,,,,,,,,,,,,0.0025350889191031456,-0.08559466898441315,0.7852968573570251,,
1790035915.4920337,RAW_IMU,,,,,,,,,-93,0,-996,2,-7,0,,,,,
1790035915.511511,ATTITUDE,,,,,,,,,,,,,,,0.002576242433860898,-0.08575327694416046,0.7852916121482849,,
1790035915.5128305,RAW_IMU,,,,,,,,,-93,0,-996,3,-6,0,,,,,
1790035915.5315404,ATTITUDE,,,,,,,,,,,,,,,0.002596093574538827,-0.08591243624687195,0.7852862477302551,,
1790035915.533152,RAW_IMU,,,,,,,,,-93,0,-996,2,-6,0,,,,,
1790035915.5514445,ATTITUDE,,,,,,,,,,,,,,,0.0026154075749218464,-0.08609414845705032,0.7852816581726074,,
1790035915.5530155,RAW_IMU,,,,,,,,,-93,0,-997,2,-7,0,,,,,
1790035915.565134,GLOBAL_POSITION_INT,-35.3611798,149.1677908,591.72,10.004,1.95,1.95,0.0,44.99,,,,,,,,,,,
1790035915.5663517,GPS_RAW_INT,,,,,,,,,,,,,,,,,,6,10
1790035915.571504,ATTITUDE,,,,,,,,,,,,,,,0.002633493160828948,-0.08626868575811386,0.7852757573127747,,
1790035915.572178,RAW_IMU,,,,,,,,,-93,0,-997,2,-7,0,,,,,
1790035915.5914826,ATTITUDE,,,,,,,,,,,,,,,0.0026523368433117867,-0.0864349752664566,0.7852715253829956,,
1790035915.5928326,RAW_IMU,,,,,,,,,-93,0,-997,2,-7,0,,,,,
1790035915.6311276,ATTITUDE,,,,,,,,,,,,,,,0.0026706992648541927,-0.08659449964761734,0.785268247127533,,
1790035915.6324165,RAW_IMU,,,,,,,,,-93,0,-997,2,-6,0,,,,,
1790035915.633755,ATTITUDE,,,,,,,,,,,,,,,0.0026894661132246256,-0.08677788078784943,0.7852658033370972,,
1790035915.6372414,RAW_IMU,,,,,,,,,-93,0,-996,2,-7,0,,,,,
1790035915.6531858,ATTITUDE,,,,,,,,,,,,,,,0.0027061598375439644,-0.086959607899189,0.7852640748023987,,
1790035915.654776,RAW_IMU,,,,,,,,,-93,0,-997,2,-7,0,,,,,
1790035915.66842,GLOBAL_POSITION_INT,-35.3611781,149.1677929,591.72,10.004,1.94,1.94,0.0,44.99,,,,,,,,,,,
1790035915.6691418,GPS_RAW_INT,,,,,,,,,,,,,,,,,,6,10
1790035915.672553,ATTITUDE,,,,,,,,,,,,,,,0.0027229958213865757,-0.08713353425264359,0.785261869430542,,
1790035915.6738153,RAW_IMU,,,,,,,,,-93,0,-996,2,-7,0,,,,,
1790035915.6931815,ATTITUDE,,,,,,,,,,,,,,,0.0027334054466336966,-0.0872989371418953,0.7852630615234375,,
1790035915.6945322,RAW_IMU,,,,,,,,,-93,0,-996,2,-7,0,,,,,
1790035915.71471,ATTITUDE,,,,,,,,,,,,,,,0.0027476197574287653,-0.08746488392353058,0.785261869430542,,
1790035915.7159166,RAW_IMU,,,,,,,,,-93,0,-996,1,-7,0,,,,,
1790035915.7342813,ATTITUDE,,,,,,,,,,,,,,,0.002745975973084569,-0.08765880018472672,0.7852604389190674,,
1790035915.7356966,RAW_IMU,,,,,,,,,-93,0,-996,1,-8,0,,,,,
1790035915.749713,ATTITUDE,,,,,,,,,,,,,,,0.002760256640613079,-0.08781999349594116,0.7852534651756287,,
1790035915.7514539,RAW_IMU,,,,,,,,,-93,0,-996,1,-7,0,,,,,
1790035915.769024,GLOBAL_POSITION_INT,-35.3611763,149.1677951,591.72,10.005,1.94,1.94,0.0,44.99,,,,,,,,,,,
1790035915.770073,GPS_RAW_INT,,,,,,,,,,,,,,,,,,6,10
1790035915.772525,ATTITUDE,,,,,,,,,,,,,,,0.0027727424167096615,-0.08797502517700195,0.7852441072463989,,
1790035915.774451,RAW_IMU,,,,,,,,,-93,0,-996,2,-6,0,,,,,
1790035915.7900867,ATTITUDE,,,,,,,,,,,,,,,0.0027599018067121506,-0.08812299370765686,0.7852364182472229,,
1790035915.791754,RAW_IMU,,,,,,,,,-93,0,-996,0,-6,0,,,,,
1790035915.8102243,ATTITUDE,,,,,,,,,,,,,,,0.002793608931824565,-0.08826369792222977,0.7852259278297424,,
1790035915.8112543,RAW_IMU,,,,,,,,,-92,0,-996,3,-5,0,,,,,
1790035915.8306332,ATTITUDE,,,,,,,,,,,,,,,0.0027706203982234,-0.08839958906173706,0.7852175831794739,,
1790035915.8315256,RAW_IMU,,,,,,,,,-92,0,-996,0,-5,0,,,,,
1790035915.8517382,ATTITUDE,,,,,,,,,,,,,,,0.002748486353084445,-0.08852911740541458,0.7852082252502441,,
1790035915.8531322,RAW_IMU,,,,,,,,,-92,0,-997,0,-5,0,,,,,
1790035915.8822045,GLOBAL_POSITION_INT,-35.3611746,149.1677972,591.72,10.005,1.93,1.94,0.0,44.98,,,,,,,,,,,
1790035915.8834348,GPS_RAW_INT,,,,,,,,,,,,,,,,,,6,10
1790035915.8842647,ATTITUDE,,,,,,,,,,,,,,,0.002727637067437172,-0.08865630626678467,0.7851983308792114,,
1790035915.8850913,RAW_IMU,,,,,,,,,-92,0,-996,0,-5,0,,,,,
1790035915.8918223,ATTITUDE,,,,,,,,,,,,,,,0.002707054605707526,-0.08880597352981567,0.7851919531822205,,
1790035915.8924735,RAW_IMU,,,,,,,,,-92,0,-996,0,-6,0,,,,,
1790035915.9120057,ATTITUDE,,,,,,,,,,,,,,,0.0026859266217797995,-0.08897265791893005,0.7851889133453369,,
1790035915.9130826,RAW_IMU,,,,,,,,,-92,0,-996,0,-7,0,,,,,
1790035915.9322975,ATTITUDE,,,,,,,,,,,,,,,0.002666522515937686,-0.08913271129131317,0.785186231136322,,
1790035915.9338903,RAW_IMU,,,,,,,,,-92,0,-996,0,-6,0,,,,,
1790035915.9512603,ATTITUDE,,,,,,,,,,,,,,,0.002648864174261689,-0.08930343389511108,0.785182774066925,,
1790035915.9519658,RAW_IMU,,,,,,,,,-92,0,-996,0,-7,0,,,,,
1790035915.965169,GLOBAL_POSITION_INT,-35.3611728,149.1677993,591.72,10.005,1.93,1.93,0.0,44.98,,,,,,,,,,,
1790035915.9664676,GPS_RAW_INT,,,,,,,,,,,,,,,,,,6,10
1790035915.971239,ATTITUDE,,,,,,,,,,,,,,,0.002676149131730199,-0.08948511630296707,0.78517746925354,,
1790035915.9722526,RAW_IMU,,,,,,,,,-92,0,-996,2,-7,0,,,,,
1790035915.9912772,ATTITUDE,,,,,,,,,,,,,,,0.0026680966839194298,-0.0896773710846901,0.7851720452308655,,
1790035915.9924161,RAW_IMU,,,,,,,,,-92,0,-996,1,-8,0,,,,,
1790035916.0115476,ATTITUDE,,,,,,,,,,,,,,,0.0026850944850593805,-0.0898626297712326,0.7851661443710327,,
1790035916.012447,RAW_IMU,,,,,,,,,-92,0,-996,1,-8,0,,,,,
1790035916.031584,ATTITUDE,,,,,,,,,,,,,,,0.0027189769316464663,-0.09004037827253342,0.7851590514183044,,
1790035916.0333328,RAW_IMU,,,,,,,,,-92,0,-996,3,-7,0,,,,,
1790035916.0515792,ATTITUDE,,,,,,,,,,,,,,,0.0027369281742721796,-0.09021148085594177,0.7851524353027344,,
1790035916.052933,RAW_IMU,,,,,,,,,-92,0,-996,2,-7,0,,,,,
1790035916.0652483,GLOBAL_POSITION_INT,-35.3611711,149.1678014,591.72,10.005,1.93,1.93,0.0,44.98,,,,,,,,,,,
1790035916.066853,GPS_RAW_INT,,,,,,,,,,,,,,,,,,6,10
1790035916.0712125,ATTITUDE,,,,,,,,,,,,,,,0.0027531657833606005,-0.09038467705249786,0.7851437926292419,,
1790035916.072224,RAW_IMU,,,,,,,,,-92,0,-996,2,-7,0,,,,,
1790035916.0912578,ATTITUDE,,,,,,,,,,,,,,,0.0027668725233525038,-0.09055839478969574,0.785136878490448,,
1790035916.0926075,RAW_IMU,,,,,,,,,-92,0,-996,2,-7,0,,,,,
1790035916.1303408,ATTITUDE,,,,,,,,,,,,,,,0.002780808601528406,-0.09074296802282333,0.7851324081420898,,
1790035916.131457,RAW_IMU,,,,,,,,,-92,0,-996,2,-7,0,,,,,
1790035916.1335628,ATTITUDE,,,,,,,,,,,,,,,0.0027954080142080784,-0.09093797206878662,0.7851304411888123,,
1790035916.1351538,RAW_IMU,,,,,,,,,-92,0,-996,2,-8,0,,,,,
1790035916.15201,ATTITUDE,,,,,,,,,,,,,,,0.0028079517651349306,-0.09112537652254105,0.7851287126541138,,
1790035916.1528635,RAW_IMU,,,,,,,,,-92,0,-996,2,-8,0,,,,,
1790035916.1656518,GLOBAL_POSITION_INT,-35.3611694,149.1678036,591.72,10.005,1.93,1.93,0.0,44.98,,,,,,,,,,,
1790035916.1663415,GPS_RAW_INT,,,,,,,,,,,,,,,,,,6,10
1790035916.1718595,ATTITUDE,,,,,,,,,,,,,,,0.0028197062201797962,-0.09130562841892242,0.7851249575614929,,
1790035916.173185,RAW_IMU,,,,,,,,,-92,0,-996,1,-7,0,,,,,
1790035916.1912038,ATTITUDE,,,,,,,,,,,,,,,0.0028319365810602903,-0.09149651229381561,0.785122275352478,,
1790035916.1920972,RAW_IMU,,,,,,,,,-92,0,-996,2,-8,0,,,,,
1790035916.2105045,ATTITUDE,,,,,,,,,,,,,,,0.002845033071935177,-0.09167926013469696,0.7851210236549377,,
1790035916.211586,RAW_IMU,,,,,,,,,-92,0,-996,2,-8,0,,,,,
1790035916.2309833,ATTITUDE,,,,,,,,,,,,,,,0.002857111394405365,-0.09186261892318726,0.7851209044456482,,
1790035916.2323987,RAW_IMU,,,,,,,,,-92,0,-996,1,-7,0,,,,,
1790035916.250543,ATTITUDE,,,,,,,,,,,,,,,0.002869247691705823,-0.09204800426959991,0.7851208448410034,,
1790035916.2515194,RAW_IMU,,,,,,,,,-92,0,-996,1,-8,0,,,,,
1790035916.2643597,GLOBAL_POSITION_INT,-35.3611676,149.1678057,591.72,10.005,1.93,1.93,0.0,44.98,,,,,,,,,,,
1790035916.2652833,GPS_RAW_INT,,,,,,,,,,,,,,,,,,6,10
1790035916.2707298,ATTITUDE,,,,,,,,,,,,,,,0.0028810182120651007,-0.09222550690174103,0.785119354724884,,
1790035916.2718341,RAW_IMU,,,,,,,,,-92,0,-996,1,-7,0,,,,,
1790035916.2906194,ATTITUDE,,,,,,,,,,,,,,,0.002890884643420577,-0.09239603579044342,0.7851173281669617,,
1790035916.2918525,RAW_IMU,,,,,,,,,-92,0,-996,1,-7,0,,,,,
1790035916.3104234,ATTITUDE,,,,,,,,,,,,,,,0.0028988616541028023,-0.0925772413611412,0.7851172089576721,,
1790035916.3115523,RAW_IMU,,,,,,,,,-92,0,-996,1,-7,0,,,,,
1790035916.3310168,ATTITUDE,,,,,,,,,,,,,,,0.00290722050704062,-0.09277018904685974,0.7851194143295288,,
1790035916.33275,RAW_IMU,,,,,,,,,-92,0,-996,1,-8,1,,,,,
1790035916.3506365,ATTITUDE,,,,,,,,,,,,,,,0.002915937453508377,-0.0929548367857933,0.7851203680038452,,
1790035916.3517196,RAW_IMU,,,,,,,,,-92,0,-996,1,-8,1,,,,,
1790035916.3883615,GLOBAL_POSITION_INT,-35.3611659,149.1678078,591.72,10.004,1.93,1.93,0.0,44.98,,,,,,,,,,,
1790035916.3895705,GPS_RAW_INT,,,,,,,,,,,,,,,,,,6,10
1790035916.3903258,ATTITUDE,,,,,,,,,,,,,,,0.002923549385741353,-0.09313052892684937,0.7851207256317139,,
1790035916.3916335,RAW_IMU,,,,,,,,,-92,0,-996,1,-7,1,,,,,
1790035916.3931425,ATTITUDE,,,,,,,,,,,,,,,0.0029319932218641043,-0.09329991042613983,0.7851231098175049,,
1790035916.3945422,RAW_IMU,,,,,,,,,-92,0,-996,1,-7,1,,,,,
1790035916.411226,ATTITUDE,,,,,,,,,,,,,,,0.002940484555438161,-0.09346213936805725,0.7851259708404541,,
1790035916.4125984,RAW_IMU,,,,,,,,,-92,0,-996,1,-6,1,,,,,
1790035916.4317844,ATTITUDE,,,,,,,,,,,,,,,0.0029489444568753242,-0.093618243932724,0.785128653049469,,
1790035916.4330153,RAW_IMU,,,,,,,,,-92,0,-996,1,-6,1,,,,,
1790035916.4523904,ATTITUDE,,,,,,,,,,,,,,,0.0029574809595942497,-0.09376649558544159,0.7851306796073914,,
1790035916.454391,RAW_IMU,,,,,,,,,-92,0,-996,1,-6,1,,,,,
1790035916.4665968,GLOBAL_POSITION_INT,-35.3611641,149.1678099,591.72,10.004,1.93,1.94,0.0,44.98,,,,,,,,,,,
1790035916.4679353,GPS_RAW_INT,,,,,,,,,,,,,,,,,,6,10
1790035916.4727688,ATTITUDE,,,,,,,,,,,,,,,0.002965072635561228,-0.09390926361083984,0.7851316332817078,,
1790035916.47396,RAW_IMU,,,,,,,,,-92,0,-996,1,-5,1,,,,,
1790035916.492706,ATTITUDE,,,,,,,,,,,,,,,0.0029685967601835728,-0.09404561668634415,0.7851338386535645,,
1790035916.4940007,RAW_IMU,,,,,,,,,-92,0,-996,1,-5,1,,,,,
1790035916.5128226,ATTITUDE,,,,,,,,,,,,,,,0.002973790280520916,-0.0941772386431694,0.7851375937461853,,
1790035916.5142155,RAW_IMU,,,,,,,,,-92,0,-996,1,-5,1,,,,,
1790035916.5337164,ATTITUDE,,,,,,,,,,,,,,,0.0029785404913127422,-0.094304159283638,0.7851417064666748,,
1790035916.5354788,RAW_IMU,,,,,,,,,-92,0,-996,1,-5,1,,,,,
1790035916.5527127,ATTITUDE,,,,,,,,,,,,,,,0.0029831251595169306,-0.09442441165447235,0.7851464152336121,,
1790035916.5537424,RAW_IMU,,,,,,,,,-92,0,-996,1,-4,1,,,,,
1790035916.566703,GLOBAL_POSITION_INT,-35.3611624,149.1678121,591.72,10.004,1.93,1.94,0.0,44.98,,,,,,,,,,,
1790035916.5675242,GPS_RAW_INT,,,,,,,,,,,,,,,,,,6,10
1790035916.5727978,ATTITUDE,,,,,,,,,,,,,,,0.0029879333451390266,-0.09454016387462616,0.7851492166519165,,
1790035916.5746627,RAW_IMU,,,,,,,,,-92,0,-996,1,-4,1,,,,,
1790035916.5937116,ATTITUDE,,,,,,,,,,,,,,,0.0029934837948530912,-0.09465102106332779,0.7851521968841553,,
1790035916.5961523,RAW_IMU,,,,,,,,,-92,0,-996,1,-4,1,,,,,
1790035916.638065,ATTITUDE,,,,,,,,,,,,,,,0.002998840529471636,-0.09475799649953842,0.7851570248603821,,
1790035916.638963,RAW_IMU,,,,,,,,,-92,0,-996,1,-4,1,,,,,
1790035916.640686,ATTITUDE,,,,,,,,,,,,,,,0.0030050238128751516,-0.09485882520675659,0.7851617336273193,,
1790035916.6422153,RAW_IMU,,,,,,,,,-93,0,-996,1,-3,1,,,,,
1790035916.6510131,ATTITUDE,,,,,,,,,,,,,,,0.0030104636680334806,-0.09495646506547928,0.7851662635803223,,
1790035916.6520374,RAW_IMU,,,,,,,,,-93,0,-996,1,-3,1,,,,,
1790035916.664958,GLOBAL_POSITION_INT,-35.3611607,149.1678142,591.72,10.004,1.93,1.94,0.0,44.98,,,,,,,,,,,
1790035916.6657143,GPS_RAW_INT,,,,,,,,,,,,,,,,,,6,10
1790035916.6714537,ATTITUDE,,,,,,,,,,,,,,,0.003015839960426092,-0.09504887461662292,0.785170316696167,,
1790035916.6723268,RAW_IMU,,,,,,,,,-93,0,-996,1,-3,1,,,,,
1790035916.6917026,ATTITUDE,,,,,,,,,,,,,,,0.0030172145925462246,-0.09513767808675766,0.7851749062538147,,
1790035916.6933558,RAW_IMU,,,,,,,,,-93,0,-996,1,-3,1,,,,,
1790035916.7114213,ATTITUDE,,,,,,,,,,,,,,,0.0030186246149241924,-0.09522175788879395,0.7851812243461609,,
1790035916.7122407,RAW_IMU,,,,,,,,,-93,0,-996,1,-3,1,,,,,
1790035916.731857,ATTITUDE,,,,,,,,,,,,,,,0.003020317293703556,-0.09530290961265564,0.7851887941360474,,
1790035916.7341235,RAW_IMU,,,,,,,,,-93,0,-996,1,-2,1,,,,,
1790035916.7527208,ATTITUDE,,,,,,,,,,,,,,,0.00302356225438416,-0.09538081288337708,0.7851929664611816,,
1790035916.754326,RAW_IMU,,,,,,,,,-93,0,-996,1,-2,1,,,,,
1790035916.766531,GLOBAL_POSITION_INT,-35.3611589,149.1678163,591.72,10.003,1.93,1.94,0.0,44.98,,,,,,,,,,,
1790035916.7679336,GPS_RAW_INT,,,,,,,,,,,,,,,,,,6,10
1790035916.7726989,ATTITUDE,,,,,,,,,,,,,,,0.003025735728442669,-0.0954681858420372,0.7851974368095398,,
1790035916.7737381,RAW_IMU,,,,,,,,,-93,0,-996,1,-3,1,,,,,
1790035916.7925909,ATTITUDE,,,,,,,,,,,,,,,0.003027945989742875,-0.09557581692934036,0.7852014303207397,,
1790035916.7934422,RAW_IMU,,,,,,,,,-93,0,-996,1,-4,1,,,,,
1790035916.812642,ATTITUDE,,,,,,,,,,,,,,,0.0030312465969473124,-0.09567862004041672,0.7852073311805725,,
1790035916.8140779,RAW_IMU,,,,,,,,,-93,0,-996,1,-3,1,,,,,
1790035916.831545,ATTITUDE,,,,,,,,,,,,,,,0.003034539520740509,-0.09578467160463333,0.7852136492729187,,
1790035916.8335266,RAW_IMU,,,,,,,,,-93,0,-996,1,-4,1,,,,,
1790035916.8515704,ATTITUDE,,,,,,,,,,,,,,,0.003038015915080905,-0.095878466963768,0.7852185368537903,,
1790035916.852677,RAW_IMU,,,,,,,,,-93,0,-996,1,-3,1,,,,,
1790035916.8805568,GLOBAL_POSITION_INT,-35.3611572,149.1678184,591.72,10.003,1.93,1.94,0.0,44.98,,,,,,,,,,,
1790035916.881357,GPS_RAW_INT,,,,,,,,,,,,,,,,,,6,10
1790035916.8829882,ATTITUDE,,,,,,,,,,,,,,,0.003041361691430211,-0.09602400660514832,0.7852182388305664,,
1790035916.883981,RAW_IMU,,,,,,,,,-93,0,-997,1,-5,1,,,,,
1790035916.894061,ATTITUDE,,,,,,,,,,,,,,,0.0030412045307457447,-0.09608976542949677,0.7852140665054321,,
1790035916.8956928,RAW_IMU,,,,,,,,,-93,0,-997,1,-2,0,,,,,
1790035916.9136105,ATTITUDE,,,,,,,,,,,,,,,0.0030420832335948944,-0.09623370319604874,0.7852076888084412,,
1790035916.9152153,RAW_IMU,,,,,,,,,-93,0,-997,1,-5,0,,,,,
1790035916.934214,ATTITUDE,,,,,,,,,,,,,,,0.00308199948631227,-0.0962863340973854,0.7852007746696472,,
1790035916.9352775,RAW_IMU,,,,,,,,,-93,0,-997,3,-1,0,,,,,
1790035916.9534333,ATTITUDE,,,,,,,,,,,,,,,0.0031126944813877344,-0.09639880806207657,0.785190999507904,,
1790035916.9547725,RAW_IMU,,,,,,,,,-93,0,-997,3,-3,0,,,,,
1790035916.9683316,GLOBAL_POSITION_INT,-35.3611554,149.1678206,591.72,10.002,1.94,1.95,0.0,44.98,,,,,,,,,,,
1790035916.9694955,GPS_RAW_INT,,,,,,,,,,,,,,,,,,6,10
1790035916.9714193,ATTITUDE,,,,,,,,,,,,,,,0.003131022909656167,-0.09644009917974472,0.7851797938346863,,
1790035916.9723682,RAW_IMU,,,,,,,,,-93,0,-997,2,-1,0,,,,,
1790035916.989256,ATTITUDE,,,,,,,,,,,,,,,0.0031846463680267334,-0.09653689712285995,0.7851688265800476,,
1790035916.9915128,RAW_IMU,,,,,,,,,-93,0,-997,4,-2,0,,,,,
1790035917.0136614,ATTITUDE,,,,,,,,,,,,,,,0.003182685934007168,-0.09658461064100266,0.7851595878601074,,
1790035917.014786,RAW_IMU,,,,,,,,,-93,0,-997,1,-1,0,,,,,
1790035917.0337565,ATTITUDE,,,,,,,,,,,,,,,0.0032641198486089706,-0.09664123505353928,0.7851505279541016,,
1790035917.0346317,RAW_IMU,,,,,,,,,-93,0,-997,5,-1,0,,,,,
1790035917.05401,ATTITUDE,,,,,,,,,,,,,,,0.0032685231417417526,-0.09668301045894623,0.7851413488388062,,
1790035917.0553126,RAW_IMU,,,,,,,,,-93,0,-997,2,-1,0,,,,,
1790035917.0681362,GLOBAL_POSITION_INT,-35.3611537,149.1678227,591.72,10.002,1.94,1.95,0.0,44.98,,,,,,,,,,,
1790035917.0692315,GPS_RAW_INT,,,,,,,,,,,,,,,,,,6,10
1790035917.070875,ATTITUDE,,,,,,,,,,,,,,,0.0033184359781444073,-0.09671012312173843,0.7851307392120361,,
1790035917.07192,RAW_IMU,,,,,,,,,-93,0,-997,3,0,0,,,,,
1790035917.0888772,ATTITUDE,,,,,,,,,,,,,,,0.003311515087261796,-0.09675315767526627,0.7851219177246094,,
1790035917.0903745,RAW_IMU,,,,,,,,,-93,0,-997,1,-1,0,,,,,
1790035917.1315236,ATTITUDE,,,,,,,,,,,,,,,0.0033372463658452034,-0.09675081819295883,0.7851147651672363,,
1790035917.1329494,RAW_IMU,,,,,,,,,-93,0,-997,2,1,0,,,,,
1790035917.1345623,ATTITUDE,,,,,,,,,,,,,,,0.0033493211958557367,-0.0968012809753418,0.7851096987724304,,
1790035917.135556,RAW_IMU,,,,,,,,,-93,0,-997,2,-1,0,,,,,
1790035917.1496167,ATTITUDE,,,,,,,,,,,,,,,0.0033617783337831497,-0.09679670631885529,0.7851042151451111,,
1790035917.1509027,RAW_IMU,,,,,,,,,-93,0,-997,1,1,0,,,,,
1790036306.7046957,GLOBAL_POSITION_INT,-35.3611485,149.1678291,591.72,10.001,1.94,1.96,0.0,44.98,,,,,,,,,,,
1790036306.7055635,RAW_IMU,,,,,,,,,-94,0,-997,2,1,1,,,,,
1790036306.7059627,GPS_RAW_INT,,,,,,,,,,,,,,,,,,6,10
1790036306.7079158,GPS_RAW_INT,,,,,,,,,,,,,,,,,,6,10
1790036306.7086728,ATTITUDE,,,,,,,,,,,,,,,0.003853621892631054,-0.0804947093129158,0.7851067781448364,,
1790036306.7088118,RAW_IMU,,,,,,,,,-94,0,-997,2,243,0,,,,,
1790036306.7089062,ATTITUDE,,,,,,,,,,,,,,,0.0038777762092649937,-0.07462102919816971,0.7851141691207886,,
1790036306.7090297,RAW_IMU,,,,,,,,,-94,0,-997,2,292,0,,,,,
1790036306.7091844,ATTITUDE,,,,,,,,,,,,,,,0.003901679767295718,-0.06781241297721863,0.7851244807243347,,
1790036306.7094123,RAW_IMU,,,,,,,,,-94,0,-998,2,339,0,,,,,
1790036306.7094982,ATTITUDE,,,,,,,,,,,,,,,0.00389329856261611,-0.060103703290224075,0.7851366996765137,,
1790036306.709608,RAW_IMU,,,,,,,,,-94,0,-998,1,384,0,,,,,
1790036306.709689,ATTITUDE,,,,,,,,,,,,,,,0.0038488414138555527,-0.051530346274375916,0.7851489782333374,,
1790036306.7097933,RAW_IMU,,,,,,,,,-94,0,-998,0,427,0,,,,,
1790036306.7098863,GLOBAL_POSITION_INT,-35.3611426,149.1678363,591.72,10.001,1.92,1.94,0.0,44.98,,,,,,,,,,,
1790036306.7099931,GPS_RAW_INT,,,,,,,,,,,,,,,,,,6,10
1790036306.719321,ATTITUDE,,,,,,,,,,,,,,,0.0038140586111694574,-0.042153794318437576,0.7851612567901611,,
1790036306.7198393,RAW_IMU,,,,,,,,,-94,0,-998,0,468,0,,,,,
1790036306.7368097,ATTITUDE,,,,,,,,,,,,,,,0.003707747906446457,-0.03206256777048111,0.7851783037185669,,
1790036306.7372,RAW_IMU,,,,,,,,,-93,0,-997,-3,503,0,,,,,
1790036306.7600317,ATTITUDE,,,,,,,,,,,,,,,0.0036064109299331903,-0.021277058869600296,0.7851952910423279,,
1790036306.760332,RAW_IMU,,,,,,,,,-93,0,-998,-3,538,0,,,,,
1790036306.7775774,ATTITUDE,,,,,,,,,,,,,,,0.0035087650176137686,-0.009889207780361176,0.7852091193199158,,
1790036306.7779872,RAW_IMU,,,,,,,,,-92,0,-999,-3,569,0,,,,,
1790036306.8015387,ATTITUDE,,,,,,,,,,,,,,,0.003415863262489438,0.002071229973807931,0.7852228879928589,,
1790036306.8017292,RAW_IMU,,,,,,,,,-92,0,-1000,-3,597,0,,,,,
1790036306.8089283,GLOBAL_POSITION_INT,-35.3611409,149.1678384,591.72,10.001,1.88,1.9,0.0,44.99,,,,,,,,,,,
1790036306.8097513,GPS_RAW_INT,,,,,,,,,,,,,,,,,,6,10
1790036306.8209357,ATTITUDE,,,,,,,,,,,,,,,0.003328494494780898,0.014479126781225204,0.7852387428283691,,
1790036306.821434,RAW_IMU,,,,,,,,,-91,0,-1000,-2,620,0,,,,,
1790036306.8398592,ATTITUDE,,,,,,,,,,,,,,,0.003246618900448084,0.027278605848550797,0.7852562069892883,,
1790036306.8406897,RAW_IMU,,,,,,,,,-90,0,-1001,-2,640,0,,,,,
1790036306.8587809,ATTITUDE,,,,,,,,,,,,,,,0.0031690350733697414,0.040415242314338684,0.7852730751037598,,
1790036306.8602958,RAW_IMU,,,,,,,,,-89,0,-1002,-2,657,0,,,,,
1790036306.8791447,ATTITUDE,,,,,,,,,,,,,,,0.003132949583232403,0.05380362272262573,0.7852854132652283,,
1790036306.8797493,RAW_IMU,,,,,,,,,-88,0,-1004,0,670,0,,,,,
1790036306.9002395,ATTITUDE,,,,,,,,,,,,,,,0.003066396340727806,0.06748965382575989,0.7852953672409058,,
1790036306.900723,RAW_IMU,,,,,,,,,-87,0,-1006,-1,685,0,,,,,
1790036306.906859,GLOBAL_POSITION_INT,-35.3611392,149.1678404,591.72,10.001,1.79,1.81,0.0,44.99,,,,,,,,,,,
1790036306.9070125,GPS_RAW_INT,,,,,,,,,,,,,,,,,,6,10
1790036306.9179175,ATTITUDE,,,,,,,,,,,,,,,0.0029874341562390327,0.0813014805316925,0.785306453704834,,
1790036306.9183137,RAW_IMU,,,,,,,,,-86,0,-1007,-2,691,0,,,,,
1790036306.9407709,ATTITUDE,,,,,,,,,,,,,,,0.0029229423962533474,0.09533372521400452,0.7853171229362488,,
1790036306.9411845,RAW_IMU,,,,,,,,,-84,0,-1009,-1,702,0,,,,,
1790036306.9596775,ATTITUDE,,,,,,,,,,,,,,,0.002939166035503149,0.109446682035923,0.7853266596794128,,
1790036306.9604201,RAW_IMU,,,,,,,,,-83,0,-1012,1,707,0,,,,,
1790036306.9781556,ATTITUDE,,,,,,,,,,,,,,,0.002963603939861059,0.12357951700687408,0.7853332757949829,,
1790036306.9788907,RAW_IMU,,,,,,,,,-81,0,-1014,2,708,0,,,,,
1790036306.996248,ATTITUDE,,,,,,,,,,,,,,,0.0029378426261246204,0.137537881731987,0.7853445410728455,,
1790036306.9970098,RAW_IMU,,,,,,,,,-79,0,-1016,0,700,0,,,,,
1790036307.0079036,GLOBAL_POSITION_INT,-35.3611376,149.1678423,591.72,10.001,1.65,1.67,0.0,44.99,,,,,,,,,,,
1790036307.00816,GPS_RAW_INT,,,,,,,,,,,,,,,,,,6,10
1790036307.0193267,ATTITUDE,,,,,,,,,,,,,,,0.002938126213848591,0.15101248025894165,0.785357654094696,,
1790036307.0200367,RAW_IMU,,,,,,,,,-78,0,-1019,0,677,0,,,,,
1790036307.0367973,ATTITUDE,,,,,,,,,,,,,,,0.0029818585608154535,0.16391904652118683,0.7853718996047974,,
1790036307.0375707,RAW_IMU,,,,,,,,,-76,0,-1022,3,648,0,,,,,
1790036307.0599995,ATTITUDE,,,,,,,,,,,,,,,0.0029601450078189373,0.17603351175785065,0.7853881120681763,,
1790036307.0603766,RAW_IMU,,,,,,,,,-73,0,-1025,0,609,0,,,,,
1790036307.078079,ATTITUDE,,,,,,,,,,,,,,,0.0029816359747201204,0.18734273314476013,0.7853999137878418,,
1790036307.0784712,RAW_IMU,,,,,,,,,-72,0,-1028,1,569,0,,,,,
1790036307.1007602,ATTITUDE,,,,,,,,,,,,,,,0.003007860854268074,0.19768548011779785,0.7854103446006775,,
1790036307.1012583,RAW_IMU,,,,,,,,,-69,0,-1030,3,522,0,,,,,
1790036307.1068828,GLOBAL_POSITION_INT,-35.3611362,149.1678441,591.72,10.0,1.48,1.5,0.0,45.0,,,,,,,,,,,
1790036307.1072674,GPS_RAW_INT,,,,,,,,,,,,,,,,,,6,10
1790036307.118576,ATTITUDE,,,,,,,,,,,,,,,0.0029810876585543156,0.20710280537605286,0.7854230999946594,,
1790036307.1190448,RAW_IMU,,,,,,,,,-67,0,-1033,0,475,0,,,,,
1790036307.1363804,ATTITUDE,,,,,,,,,,,,,,,0.0030196404550224543,0.2155713587999344,0.7854361534118652,,
1790036307.1371481,RAW_IMU,,,,,,,,,-65,0,-1036,2,427,0,,,,,
1790036307.159193,ATTITUDE,,,,,,,,,,,,,,,0.003024730598554015,0.22311840951442719,0.7854477167129517,,
1790036307.1596217,RAW_IMU,,,,,,,,,-63,0,-1038,1,381,0,,,,,
1790036307.1768363,ATTITUDE,,,,,,,,,,,,,,,0.0029896460473537445,0.22978420555591583,0.7854592800140381,,
1790036307.1772346,RAW_IMU,,,,,,,,,-60,0,-1040,0,337,1,,,,,
1790036307.2000992,ATTITUDE,,,,,,,,,,,,,,,0.003044542158022523,0.23561495542526245,0.7854694724082947,,
1790036307.2006216,RAW_IMU,,,,,,,,,-58,0,-1042,3,295,1,,,,,
1790036307.2059991,GLOBAL_POSITION_INT,-35.3611349,149.1678456,591.72,10.0,1.28,1.3,0.0,45.0,,,,,,,,,,,
1790036307.206431,GPS_RAW_INT,,,,,,,,,,,,,,,,,,6,10
1790036307.2175856,ATTITUDE,,,,,,,,,,,,,,,0.0030835785437375307,0.24064978957176208,0.7854817509651184,,
1790036307.2180917,RAW_IMU,,,,,,,,,-56,0,-1044,3,255,1,,,,,
1790036307.240766,ATTITUDE,,,,,,,,,,,,,,,0.0030812963377684355,0.24494776129722595,0.7854970097541809,,
1790036307.2413933,RAW_IMU,,,,,,,,,-54,0,-1045,0,218,1,,,,,
1790036307.2587438,ATTITUDE,,,,,,,,,,,,,,,0.0031130106654018164,0.24856792390346527,0.7855109572410583,,
1790036307.2589242,RAW_IMU,,,,,,,,,-52,0,-1046,2,184,1,,,,,
1790036307.2795289,ATTITUDE,,,,,,,,,,,,,,,0.0031004389747977257,0.251543253660202,0.7855198383331299,,
1790036307.2818847,RAW_IMU,,,,,,,,,-49,0,-1047,0,151,1,,,,,
1790036307.2985027,ATTITUDE,,,,,,,,,,,,,,,0.0030996522400528193,0.2539524734020233,0.785527229309082,,
1790036307.29892,RAW_IMU,,,,,,,,,-47,0,-1048,0,124,1,,,,,
1790036307.3055525,GLOBAL_POSITION_INT,-35.3611338,149.167847,591.71,9.999,1.07,1.09,0.0,45.0,,,,,,,,,,,
1790036307.3059254,GPS_RAW_INT,,,,,,,,,,,,,,,,,,6,10
1790036307.3160524,ATTITUDE,,,,,,,,,,,,,,,0.003129356075078249,0.25590798258781433,0.7855358123779297,,
1790036307.3167489,RAW_IMU,,,,,,,,,-45,0,-1048,2,101,1,,,,,
1790036307.339153,ATTITUDE,,,,,,,,,,,,,,,0.003158383071422577,0.2574883699417114,0.7855446338653564,,
1790036307.339791,RAW_IMU,,,,,,,,,-43,0,-1048,2,82,1,,,,,
1790036307.3568685,ATTITUDE,,,,,,,,,,,,,,,0.0031855276320129633,0.25870826840400696,0.7855520248413086,,
1790036307.3573449,RAW_IMU,,,,,,,,,-41,0,-1048,2,64,1,,,,,
1790036307.3800023,ATTITUDE,,,,,,,,,,,,,,,0.0031827716156840324,0.2595236599445343,0.7855556011199951,,
1790036307.3808303,RAW_IMU,,,,,,,,,-39,0,-1048,1,44,1,,,,,
1790036307.3976688,ATTITUDE,,,,,,,,,,,,,,,0.0031756265088915825,0.25975915789604187,0.7855561375617981,,
1790036307.3980277,RAW_IMU,,,,,,,,,-37,0,-1048,0,16,1,,,,,
1790036307.403556,GLOBAL_POSITION_INT,-35.3611329,149.1678481,591.71,9.999,0.86,0.89,0.0,45.0,,,,,,,,,,,
1790036307.403927,GPS_RAW_INT,,,,,,,,,,,,,,,,,,6,10
1790036307.420854,ATTITUDE,,,,,,,,,,,,,,,0.0031334024388343096,0.2590799927711487,0.7855594158172607,,
1790036307.421597,RAW_IMU,,,,,,,,,-35,0,-1048,0,-27,1,,,,,
1790036307.4386656,ATTITUDE,,,,,,,,,,,,,,,0.0031040271278470755,0.25752076506614685,0.7855604290962219,,
1790036307.4389446,RAW_IMU,,,,,,,,,-33,0,-1047,-1,-72,1,,,,,
1790036307.462447,ATTITUDE,,,,,,,,,,,,,,,0.003076494438573718,0.2550916075706482,0.785559892654419,,
1790036307.4627907,RAW_IMU,,,,,,,,,-31,0,-1046,0,-116,1,,,,,
1790036307.480006,ATTITUDE,,,,,,,,,,,,,,,0.0029943659901618958,0.25176456570625305,0.7855560779571533,,
1790036307.4805434,RAW_IMU,,,,,,,,,-29,0,-1045,-2,-160,1,,,,,
1790036307.5030668,ATTITUDE,,,,,,,,,,,,,,,0.0029147726017981768,0.24753698706626892,0.7855517268180847,,
1790036307.503818,RAW_IMU,,,,,,,,,-28,0,-1044,-2,-205,1,,,,,
1790036307.5045462,GLOBAL_POSITION_INT,-35.3611322,149.167849,591.71,9.999,0.66,0.69,0.0,45.0,,,,,,,,,,,
1790036307.5048718,GPS_RAW_INT,,,,,,,,,,,,,,,,,,6,10
1790036307.5208793,ATTITUDE,,,,,,,,,,,,,,,0.002862529829144478,0.24247950315475464,0.7855491042137146,,
1790036307.5213113,RAW_IMU,,,,,,,,,-26,0,-1042,-1,-247,1,,,,,
1790036307.5386527,ATTITUDE,,,,,,,,,,,,,,,0.0028265209402889013,0.23670803010463715,0.7855445146560669,,
1790036307.5391586,RAW_IMU,,,,,,,,,-24,0,-1040,0,-283,1,,,,,
1790036307.5616338,ATTITUDE,,,,,,,,,,,,,,,0.002766674617305398,0.23031361401081085,0.7855368852615356,,
1790036307.5621202,RAW_IMU,,,,,,,,,-23,0,-1038,-1,-315,1,,,,,
1790036307.5794773,ATTITUDE,,,,,,,,,,,,,,,0.002675996394827962,0.22334396839141846,0.7855259776115417,,
1790036307.5801213,RAW_IMU,,,,,,,,,-21,0,-1036,-3,-343,1,,,,,
1790036307.6030185,ATTITUDE,,,,,,,,,,,,,,,0.0026365602388978004,0.21589107811450958,0.7855164408683777,,
1790036307.6032252,RAW_IMU,,,,,,,,,-20,0,-1033,0,-368,1,,,,,
1790036307.604488,GLOBAL_POSITION_INT,-35.3611316,149.1678497,591.71,9.999,0.48,0.51,0.0,45.0,,,,,,,,,,,
1790036307.6052713,GPS_RAW_INT,,,,,,,,,,,,,,,,,,6,10
1790036307.6211748,ATTITUDE,,,,,,,,,,,,,,,0.0025905389338731766,0.20809657871723175,0.785508394241333,,
1790036307.622454,RAW_IMU,,,,,,,,,-18,0,-1031,0,-386,1,,,,,
1790036307.6438708,ATTITUDE,,,,,,,,,,,,,,,0.0024900080170482397,0.19994886219501495,0.7854993343353271,,
1790036307.645217,RAW_IMU,,,,,,,,,-17,0,-1029,-3,-404,1,,,,,
1790036307.662714,ATTITUDE,,,,,,,,,,,,,,,0.0024407345335930586,0.19162429869174957,0.7854899764060974,,
1790036307.6642637,RAW_IMU,,,,,,,,,-16,0,-1026,-1,-414,1,,,,,
1790036307.6839876,ATTITUDE,,,,,,,,,,,,,,,0.0024034418165683746,0.1831091344356537,0.7854788303375244,,
1790036307.6856937,RAW_IMU,,,,,,,,,-15,0,-1024,0,-422,1,,,,,
1790036307.7038486,ATTITUDE,,,,,,,,,,,,,,,0.002292425837367773,0.17449192702770233,0.7854700684547424,,
1790036307.7059753,RAW_IMU,,,,,,,,,-13,0,-1021,-3,-428,1,,,,,
1790036307.7075577,GLOBAL_POSITION_INT,-35.3611312,149.1678502,591.72,10.0,0.34,0.37,0.0,45.0,,,,,,,,,,,
1790036307.7085717,GPS_RAW_INT,,,,,,,,,,,,,,,,,,6,10
1790036307.7188387,ATTITUDE,,,,,,,,,,,,,,,0.002239006105810404,0.16590192914009094,0.7854615449905396,,
1790036307.7203636,RAW_IMU,,,,,,,,,-13,0,-1019,-1,-426,1,,,,,
1790036307.7418969,ATTITUDE,,,,,,,,,,,,,,,0.002222804818302393,0.15733212232589722,0.7854518294334412,,
1790036307.7423742,RAW_IMU,,,,,,,,,-11,0,-1017,0,-426,1,,,,,
1790036307.7603183,ATTITUDE,,,,,,,,,,,,,,,0.002122491132467985,0.14892657101154327,0.7854421138763428,,
1790036307.7615795,RAW_IMU,,,,,,,,,-11,0,-1015,-3,-418,1,,,,,
1790036307.780365,ATTITUDE,,,,,,,,,,,,,,,0.0020280363969504833,0.14069485664367676,0.7854320406913757,,
1790036307.782028,RAW_IMU,,,,,,,,,-10,0,-1013,-3,-409,1,,,,,
1790036307.8006275,ATTITUDE,,,,,,,,,,,,,,,0.002001900691539049,0.1326470822095871,0.7854235172271729,,
1790036307.8026848,RAW_IMU,,,,,,,,,-9,0,-1011,0,-400,1,,,,,
1790036307.8071363,GLOBAL_POSITION_INT,-35.3611309,149.1678506,591.72,10.001,0.23,0.26,0.0,45.0,,,,,,,,,,,
1790036307.808528,GPS_RAW_INT,,,,,,,,,,,,,,,,,,6,10
1790036307.8203754,ATTITUDE,,,,,,,,,,,,,,,0.001982660498470068,0.12488847225904465,0.7854160070419312,,
1790036307.8219411,RAW_IMU,,,,,,,,,-8,0,-1010,0,-386,1,,,,,
1790036307.8399363,ATTITUDE,,,,,,,,,,,,,,,0.0019362529274076223,0.11734327673912048,0.7854117155075073,,
1790036307.8409402,RAW_IMU,,,,,,,,,-8,0,-1008,0,-375,1,,,,,
1790036307.863113,ATTITUDE,,,,,,,,,,,,,,,0.001870709820650518,0.11006931215524673,0.7854089140892029,,
1790036307.8637626,RAW_IMU,,,,,,,,,-7,0,-1007,-2,-362,1,,,,,
1790036307.8806384,ATTITUDE,,,,,,,,,,,,,,,0.0018204499501734972,0.10309848934412003,0.7854076623916626,,
1790036307.8816578,RAW_IMU,,,,,,,,,-6,0,-1006,-1,-347,1,,,,,
1790036307.8984258,ATTITUDE,,,,,,,,,,,,,,,0.0017723733326420188,0.09642748534679413,0.7854124307632446,,
1790036307.898829,RAW_IMU,,,,,,,,,-6,0,-1005,-1,-331,1,,,,,
1790036307.904191,GLOBAL_POSITION_INT,-35.3611307,149.1678509,591.72,10.002,0.15,0.18,0.0,45.0,,,,,,,,,,,
1790036307.9044688,GPS_RAW_INT,,,,,,,,,,,,,,,,,,6,10
1790036307.921434,ATTITUDE,,,,,,,,,,,,,,,0.0017005185363814235,0.0900212824344635,0.7854239344596863,,
1790036307.921958,RAW_IMU,,,,,,,,,-5,0,-1003,-2,-318,2,,,,,
1790036307.9394562,ATTITUDE,,,,,,,,,,,,,,,0.0016223294660449028,0.0839601382613182,0.7854385375976562,,
1790036307.9400668,RAW_IMU,,,,,,,,,-5,0,-1002,-2,-302,2,,,,,
1790036307.963492,ATTITUDE,,,,,,,,,,,,,,,0.0015465436736121774,0.07824935019016266,0.7854558825492859,,
1790036307.964354,RAW_IMU,,,,,,,,,-4,0,-1002,-2,-283,2,,,,,
1790036307.9827406,ATTITUDE,,,,,,,,,,,,,,,0.0014749252004548907,0.07281932234764099,0.7854768633842468,,
1790036307.9836338,RAW_IMU,,,,,,,,,-4,0,-1002,-2,-270,2,,,,,
1790036308.002136,ATTITUDE,,,,,,,,,,,,,,,0.001415960374288261,0.06770788878202438,0.7855019569396973,,
1790036308.0033119,RAW_IMU,,,,,,,,,-4,0,-1001,-1,-254,2,,,,,
1790036308.0084245,GLOBAL_POSITION_INT,-35.3611305,149.1678512,591.72,10.003,0.1,0.12,0.0,45.0,,,,,,,,,,,
1790036308.0091956,GPS_RAW_INT,,,,,,,,,,,,,,,,,,6,10
1790036308.0222013,ATTITUDE,,,,,,,,,,,,,,,0.0013815067941322923,0.06283527612686157,0.785529375076294,,
1790036308.023438,RAW_IMU,,,,,,,,,-3,0,-1000,0,-242,2,,,,,
1790036308.0419207,ATTITUDE,,,,,,,,,,,,,,,0.001307642087340355,0.05831761285662651,0.7855604887008667,,
1790036308.0434754,RAW_IMU,,,,,,,,,-3,0,-1000,-2,-225,2,,,,,
1790036308.0624175,ATTITUDE,,,,,,,,,,,,,,,0.001264898106455803,0.05399893596768379,0.7855902314186096,,
1790036308.0642257,RAW_IMU,,,,,,,,,-3,0,-999,-1,-214,2,,,,,
1790036308.0830886,ATTITUDE,,,,,,,,,,,,,,,0.001222969382070005,0.04997638240456581,0.785621166229248,,
1790036308.0838795,RAW_IMU,,,,,,,,,-3,0,-999,0,-200,2,,,,,
1790036308.1031427,ATTITUDE,,,,,,,,,,,,,,,0.0011830531293526292,0.04615681618452072,0.785653293132782,,
1790036308.104625,RAW_IMU,,,,,,,,,-2,0,-999,0,-189,2,,,,,
1790036308.1063745,GLOBAL_POSITION_INT,-35.3611304,149.1678513,591.72,10.003,0.06,0.09,0.0,45.01,,,,,,,,,,,
1790036308.1071875,GPS_RAW_INT,,,,,,,,,,,,,,,,,,6,10
1790036308.1235313,ATTITUDE,,,,,,,,,,,,,,,0.001144951325841248,0.042592667043209076,0.7856888175010681,,
1790036308.124689,RAW_IMU,,,,,,,,,-2,0,-999,0,-177,3,,,,,
1790036308.1475685,ATTITUDE,,,,,,,,,,,,,,,0.001109920209273696,0.0392751581966877,0.785725474357605,,
1790036308.1490612,RAW_IMU,,,,,,,,,-2,0,-999,0,-164,3,,,,,
1790036308.1587293,ATTITUDE,,,,,,,,,,,,,,,0.001074136351235211,0.03616661950945854,0.7857615947723389,,
1790036308.159726,RAW_IMU,,,,,,,,,-2,0,-999,0,-154,3,,,,,
1790036308.178708,ATTITUDE,,,,,,,,,,,,,,,0.0010418581077829003,0.03330690413713455,0.7857984900474548,,
1790036308.1796253,RAW_IMU,,,,,,,,,-1,0,-999,0,-141,3,,,,,
1790036308.1988976,ATTITUDE,,,,,,,,,,,,,,,0.0010102496016770601,0.03060861863195896,0.7858365178108215,,
1790036308.1996777,RAW_IMU,,,,,,,,,-1,0,-999,0,-133,3,,,,,
1790036308.2054052,GLOBAL_POSITION_INT,-35.3611303,149.1678514,591.72,10.004,0.04,0.06,0.0,45.02,,,,,,,,,,,
1790036308.2062778,GPS_RAW_INT,,,,,,,,,,,,,,,,,,6,10
1790036308.2188103,ATTITUDE,,,,,,,,,,,,,,,0.0009801057167351246,0.0281399916857481,0.7858768701553345,,
1790036308.220764,RAW_IMU,,,,,,,,,-1,0,-999,0,-122,3,,,,,
1790036308.2435157,ATTITUDE,,,,,,,,,,,,,,,0.0009518836159259081,0.025808729231357574,0.7859184741973877,,
1790036308.2456372,RAW_IMU,,,,,,,,,-1,0,-999,0,-115,3,,,,,
1790036308.2635725,ATTITUDE,,,,,,,,,,,,,,,0.0009113222477026284,0.023684021085500717,0.7859579920768738,,
1790036308.2656748,RAW_IMU,,,,,,,,,-1,0,-998,0,-105,3,,,,,
1790036308.283511,ATTITUDE,,,,,,,,,,,,,,,0.0009101698524318635,0.021682117134332657,0.7859943509101868,,
1790036308.2844954,RAW_IMU,,,,,,,,,-1,0,-999,1,-98,3,,,,,
1790036308.3035877,ATTITUDE,,,,,,,,,,,,,,,0.0008488460443913937,0.019814521074295044,0.786027729511261,,
1790036308.3046446,RAW_IMU,,,,,,,,,-1,0,-998,-1,-92,2,,,,,
1790036308.307247,GLOBAL_POSITION_INT,-35.3611303,149.1678515,591.72,10.004,0.02,0.05,0.0,45.03,,,,,,,,,,,
1790036308.308162,GPS_RAW_INT,,,,,,,,,,,,,,,,,,6,10
1790036308.3234475,ATTITUDE,,,,,,,,,,,,,,,0.0008602445595897734,0.018092725425958633,0.7860606908798218,,
1790036308.3252773,RAW_IMU,,,,,,,,,-1,0,-999,1,-84,2,,,,,
1790036308.3436286,ATTITUDE,,,,,,,,,,,,,,,0.0007912845467217267,0.016449512913823128,0.7860907912254333,,
1790036308.3448558,RAW_IMU,,,,,,,,,0,0,-999,-1,-81,2,,,,,
1790036308.3634086,ATTITUDE,,,,,,,,,,,,,,,0.0008039050735533237,0.014965885318815708,0.7861155271530151,,
1790036308.3644526,RAW_IMU,,,,,,,,,0,0,-999,1,-73,2,,,,,
1790036308.3915348,ATTITUDE,,,,,,,,,,,,,,,0.0007310635410249233,0.013544457033276558,0.7861364483833313,,
1790036308.3923585,RAW_IMU,,,,,,,,,0,0,-999,-1,-69,2,,,,,
1790036308.3985155,ATTITUDE,,,,,,,,,,,,,,,0.0007372371619567275,0.012296503409743309,0.7861548066139221,,
1790036308.3992214,RAW_IMU,,,,,,,,,0,0,-999,0,-61,2,,,,,
1790036308.4050972,GLOBAL_POSITION_INT,-35.3611302,149.1678516,591.72,10.004,0.02,0.04,0.0,45.04,,,,,,,,,,,
1790036308.4059455,GPS_RAW_INT,,,,,,,,,,,,,,,,,,6,10
1790036308.4187274,ATTITUDE,,,,,,,,,,,,,,,0.0006916796555742621,0.011126244440674782,0.786170482635498,,
1790036308.4195282,RAW_IMU,,,,,,,,,0,0,-999,0,-57,1,,,,,
1790036308.4438314,ATTITUDE,,,,,,,,,,,,,,,0.0006837164983153343,0.01003100536763668,0.7861837148666382,,
1790036308.445686,RAW_IMU,,,,,,,,,0,0,-1000,0,-53,1,,,,,
1790036308.4596117,ATTITUDE,,,,,,,,,,,,,,,0.0006526696961373091,0.009040874429047108,0.7861921787261963,,
1790036308.4610271,RAW_IMU,,,,,,,,,0,0,-1000,0,-48,1,,,,,
1790036308.4804578,ATTITUDE,,,,,,,,,,,,,,,0.0006176046445034444,0.008099901489913464,0.7861974239349365,,
1790036308.482239,RAW_IMU,,,,,,,,,0,0,-999,0,-46,1,,,,,
1790036308.4998925,ATTITUDE,,,,,,,,,,,,,,,0.0006205326644703746,0.007273608818650246,0.7862028479576111,,
1790036308.5015135,RAW_IMU,,,,,,,,,0,0,-1000,1,-40,1,,,,,
1790036308.506566,GLOBAL_POSITION_INT,-35.3611302,149.1678517,591.72,10.003,0.01,0.03,0.0,45.04,,,,,,,,,,,
1790036308.507449,GPS_RAW_INT,,,,,,,,,,,,,,,,,,6,10
1790036308.5200312,ATTITUDE,,,,,,,,,,,,,,,0.0006239378708414733,0.00648659560829401,0.7862088680267334,,
1790036308.5217047,RAW_IMU,,,,,,,,,0,0,-1000,1,-38,1,,,,,
1790036308.5401697,ATTITUDE,,,,,,,,,,,,,,,0.0006282057729549706,0.00580200832337141,0.786213755607605,,
1790036308.5418406,RAW_IMU,,,,,,,,,0,0,-1000,1,-33,1,,,,,
1790036308.5601087,ATTITUDE,,,,,,,,,,,,,,,0.0006314092897810042,0.005161491688340902,0.7862169742584229,,
1790036308.5612547,RAW_IMU,,,,,,,,,0,0,-1000,1,-30,1,,,,,
1790036308.5802553,ATTITUDE,,,,,,,,,,,,,,,0.0006337463273666799,0.004598687402904034,0.7862170934677124,,
1790036308.581792,RAW_IMU,,,,,,,,,0,0,-1000,1,-27,1,,,,,
1790036308.5997095,ATTITUDE,,,,,,,,,,,,,,,0.0006370390765368938,0.004139344673603773,0.7862184643745422,,
1790036308.6005943,RAW_IMU,,,,,,,,,0,0,-1000,1,-23,1,,,,,
1790036308.607258,GLOBAL_POSITION_INT,-35.3611302,149.1678517,591.72,10.003,0.01,0.03,0.0,45.04,,,,,,,,,,,
1790036308.6080036,GPS_RAW_INT,,,,,,,,,,,,,,,,,,6,10
1790036308.6218674,ATTITUDE,,,,,,,,,,,,,,,0.0006411925423890352,0.003686248091980815,0.7862195372581482,,
1790036308.6235304,RAW_IMU,,,,,,,,,0,0,-1000,1,-21,1,,,,,
1790036308.6460867,ATTITUDE,,,,,,,,,,,,,,,0.000644777319394052,0.0033140825107693672,0.7862200140953064,,
1790036308.6480575,RAW_IMU,,,,,,,,,0,0,-1000,1,-17,1,,,,,
1790036308.6567082,ATTITUDE,,,,,,,,,,,,,,,0.0006477893330156803,0.0029656661208719015,0.7862203121185303,,
1790036308.6572678,RAW_IMU,,,,,,,,,0,0,-1000,1,-16,1,,,,,
1790036308.6817806,ATTITUDE,,,,,,,,,,,,,,,0.0006486693164333701,0.0027092001400887966,0.7862206101417542,,
1790036308.6836655,RAW_IMU,,,,,,,,,0,0,-1000,1,-12,1,,,,,
1790036308.7018108,ATTITUDE,,,,,,,,,,,,,,,0.0006497696740552783,0.0024698812048882246,0.7862211465835571,,
1790036308.703269,RAW_IMU,,,,,,,,,0,0,-1000,1,-10,1,,,,,
1790036308.709124,GLOBAL_POSITION_INT,-35.3611301,149.1678518,591.72,10.003,0.01,0.02,0.0,45.04,,,,,,,,,,,
1790036308.7100115,GPS_RAW_INT,,,,,,,,,,,,,,,,,,6,10
1790036308.716929,ATTITUDE,,,,,,,,,,,,,,,0.0006520725437439978,0.002312495606020093,0.7862219214439392,,
1790036308.7187693,RAW_IMU,,,,,,,,,0,0,-1000,1,-7,0,,,,,
1790036308.742072,ATTITUDE,,,,,,,,,,,,,,,0.0006547499797306955,0.0021781539544463158,0.786223292350769,,
1790036308.7437978,RAW_IMU,,,,,,,,,0,0,-1000,1,-5,0,,,,,
1790036308.7619126,ATTITUDE,,,,,,,,,,,,,,,0.0006559803150594234,0.002090879250317812,0.7862221002578735,,
1790036308.7636464,RAW_IMU,,,,,,,,,0,0,-1000,1,-3,0,,,,,
1790036308.7818244,ATTITUDE,,,,,,,,,,,,,,,0.000658156699500978,0.0020225276239216328,0.7862176895141602,,
1790036308.7834804,RAW_IMU,,,,,,,,,0,0,-1000,1,-1,0,,,,,
1790036308.8016999,ATTITUDE,,,,,,,,,,,,,,,0.0006593270809389651,0.0019928975962102413,0.7862100005149841,,
1790036308.8029583,RAW_IMU,,,,,,,,,0,0,-1001,1,0,0,,,,,
1790036308.8088148,GLOBAL_POSITION_INT,-35.3611301,149.1678518,591.72,10.002,0.01,0.02,0.0,45.04,,,,,,,,,,,
1790036308.8103333,GPS_RAW_INT,,,,,,,,,,,,,,,,,,6,10
1790036308.8164907,ATTITUDE,,,,,,,,,,,,,,,0.000661715806927532,0.001981963636353612,0.7862030863761902,,
1790036308.8180404,RAW_IMU,,,,,,,,,0,0,-1000,1,1,0,,,,,
1790036308.8374336,ATTITUDE,,,,,,,,,,,,,,,0.0006658488418906927,0.001991128083318472,0.7861931324005127,,
1790036308.8393407,RAW_IMU,,,,,,,,,0,0,-1000,1,1,0,,,,,
1790036308.8616536,ATTITUDE,,,,,,,,,,,,,,,0.0006697698263451457,0.002015224425122142,0.7861800789833069,,
1790036308.863372,RAW_IMU,,,,,,,,,0,0,-1000,1,2,0,,,,,
1790036308.8927877,ATTITUDE,,,,,,,,,,,,,,,0.0006723555270582438,0.0020247926004230976,0.786162257194519,,
1790036308.894822,RAW_IMU,,,,,,,,,0,0,-1000,1,1,0,,,,,
1790036308.901702,ATTITUDE,,,,,,,,,,,,,,,0.0006743337726220489,0.002097140299156308,0.7861455678939819,,
1790036308.903082,RAW_IMU,,,,,,,,,0,0,-1001,1,4,0,,,,,
1790036308.9087613,GLOBAL_POSITION_INT,-35.3611301,149.1678518,591.72,10.002,0.01,0.02,0.0,45.04,,,,,,,,,,,
1790036308.9101918,GPS_RAW_INT,,,,,,,,,,,,,,,,,,6,10
1790036308.921664,ATTITUDE,,,,,,,,,,,,,,,0.0006745308055542409,0.0021122090984135866,0.7861270904541016,,
1790036308.922689,RAW_IMU,,,,,,,,,0,0,-1001,1,1,0,,,,,
1790036308.941871,ATTITUDE,,,,,,,,,,,,,,,0.0006951896357350051,0.002227381570264697,0.786108136177063,,
1790036308.9432938,RAW_IMU,,,,,,,,,0,0,-1001,2,6,0,,,,,
1790036308.9622176,ATTITUDE,,,,,,,,,,,,,,,0.000677714473567903,0.002265203045681119,0.7860873937606812,,
1790036308.9633884,RAW_IMU,,,,,,,,,0,0,-1001,0,3,0,,,,,
1790036308.98169,ATTITUDE,,,,,,,,,,,,,,,0.0007344139157794416,0.0023974513169378042,0.7860658168792725,,
1790036308.982613,RAW_IMU,,,,,,,,,0,0,-1001,4,7,0,,,,,
1790036309.001659,ATTITUDE,,,,,,,,,,,,,,,0.00071485381340608,0.0024622250348329544,0.7860479950904846,,
1790036309.003068,RAW_IMU,,,,,,,,,0,0,-1001,0,4,0,,,,,
1790036309.0087013,GLOBAL_POSITION_INT,-35.3611301,149.1678518,591.72,10.002,0.01,0.02,0.0,45.03,,,,,,,,,,,
1790036309.0101929,GPS_RAW_INT,,,,,,,,,,,,,,,,,,6,10
1790036309.021621,ATTITUDE,,,,,,,,,,,,,,,0.0007799489540047944,0.0025973436422646046,0.7860311269760132,,
1790036309.0232887,RAW_IMU,,,,,,,,,0,0,-1001,4,7,0,,,,,
1790036309.0419493,ATTITUDE,,,,,,,,,,,,,,,0.0007619962561875582,0.0026990475598722696,0.7860182523727417,,
1790036309.043428,RAW_IMU,,,,,,,,,0,0,-1001,0,6,0,,,,,
1790036309.0617461,ATTITUDE,,,,,,,,,,,,,,,0.0008266950608231127,0.002824209164828062,0.7860039472579956,,
1790036309.062961,RAW_IMU,,,,,,,,,0,0,-1001,3,6,0,,,,,
1790036309.0769827,ATTITUDE,,,,,,,,,,,,,,,0.0008307670359499753,0.002955425763502717,0.7859915494918823,,
1790036309.0782847,RAW_IMU,,,,,,,,,0,0,-1001,2,7,0,,,,,
1790036309.0967283,ATTITUDE,,,,,,,,,,,,,,,0.0008915003854781389,0.0030873031355440617,0.7859845757484436,,
1790036309.0985992,RAW_IMU,,,,,,,,,0,0,-1001,3,7,0,,,,,
1790036309.1093793,GLOBAL_POSITION_INT,-35.3611301,149.1678518,591.72,10.001,0.01,0.01,0.0,45.03,,,,,,,,,,,
1790036309.1110744,GPS_RAW_INT,,,,,,,,,,,,,,,,,,6,10
1790036309.1166632,ATTITUDE,,,,,,,,,,,,,,,0.0008896300569176674,0.0032219900749623775,0.7859796285629272,,
1790036309.1180344,RAW_IMU,,,,,,,,,0,0,-1001,2,8,0,,,,,
1790036309.1450527,ATTITUDE,,,,,,,,,,,,,,,0.0009379475959576666,0.003371112048625946,0.7859772443771362,,
1790036309.1464167,RAW_IMU,,,,,,,,,0,0,-1001,3,8,0,,,,,
1790036309.156565,ATTITUDE,,,,,,,,,,,,,,,0.000965907413046807,0.0035127352457493544,0.7859746217727661,,
1790036309.15753,RAW_IMU,,,,,,,,,0,0,-1001,3,8,0,,,,,
1790036309.1765592,ATTITUDE,,,,,,,,,,,,,,,0.0009931557578966022,0.003632505424320698,0.7859731316566467,,
1790036309.1775794,RAW_IMU,,,,,,,,,0,0,-1001,2,6,1,,,,,
1790036309.20175,ATTITUDE,,,,,,,,,,,,,,,0.001054365187883377,0.003807996865361929,0.7859727740287781,,
1790036309.2031608,RAW_IMU,,,,,,,,,0,0,-1001,4,10,1,,,,,
1790036309.2088587,GLOBAL_POSITION_INT,-35.36113,149.1678519,591.72,10.001,0.0,0.01,0.0,45.03,,,,,,,,,,,
1790036309.2096887,GPS_RAW_INT,,,,,,,,,,,,,,,,,,6,10
1790036309.2167108,ATTITUDE,,,,,,,,,,,,,,,0.001052279956638813,0.003911709878593683,0.7859742641448975,,
1790036309.2184188,RAW_IMU,,,,,,,,,0,0,-1001,1,6,1,,,,,
1790036309.2374415,ATTITUDE,,,,,,,,,,,,,,,0.0011300487676635385,0.004095721989870071,0.7859762907028198,,
1790036309.2383635,RAW_IMU,,,,,,,,,0,0,-1001,5,10,1,,,,,
1790036309.2578,ATTITUDE,,,,,,,,,,,,,,,0.0011167266638949513,0.004201886709779501,0.7859768867492676,,
1790036309.2591462,RAW_IMU,,,,,,,,,0,0,-1001,0,6,1,,,,,
1790036309.277413,ATTITUDE,,,,,,,,,,,,,,,0.0011927817249670625,0.004394437186419964,0.7859774827957153,,
1790036309.2788546,RAW_IMU,,,,,,,,,0,0,-1001,4,10,1,,,,,
1790036309.2974246,ATTITUDE,,,,,,,,,,,,,,,0.0011941837146878242,0.004509801976382732,0.7859806418418884,,
1790036309.2992525,RAW_IMU,,,,,,,,,0,0,-1001,2,7,1,,,,,
1790036309.30595,GLOBAL_POSITION_INT,-35.36113,149.1678519,591.72,10.001,0.0,0.01,0.0,45.03,,,,,,,,,,,
1790036309.3067262,GPS_RAW_INT,,,,,,,,,,,,,,,,,,6,10
1790036309.317026,ATTITUDE,,,,,,,,,,,,,,,0.0012662449153140187,0.004697046708315611,0.7859851717948914,,
1790036309.3178992,RAW_IMU,,,,,,,,,0,0,-1001,4,10,1,,,,,
1790036309.3369083,ATTITUDE,,,,,,,,,,,,,,,0.0012663909001275897,0.004813064821064472,0.7859917879104614,,
1790036309.3380084,RAW_IMU,,,,,,,,,0,0,-1001,1,7,1,,,,,
1790036309.3574462,ATTITUDE,,,,,,,,,,,,,,,0.0013412348926067352,0.0049880375154316425,0.7859968543052673,,
1790036309.3588874,RAW_IMU,,,,,,,,,0,0,-1001,4,9,1,,,,,
1790036309.388669,ATTITUDE,,,,,,,,,,,,,,,0.0013438991736620665,0.005092989187687635,0.7860017418861389,,
1790036309.389877,RAW_IMU,,,,,,,,,0,0,-1001,2,6,1,,,,,
1790036309.3982537,ATTITUDE,,,,,,,,,,,,,,,0.0014108284376561642,0.005265839397907257,0.7860075831413269,,
1790036309.3994522,RAW_IMU,,,,,,,,,0,0,-1001,4,9,1,,,,,
1790036309.4048398,GLOBAL_POSITION_INT,-35.36113,149.1678519,591.72,10.0,0.0,0.01,0.0,45.03,,,,,,,,,,,
1790036309.4062178,GPS_RAW_INT,,,,,,,,,,,,,,,,,,6,10
1790036309.4182494,ATTITUDE,,,,,,,,,,,,,,,0.0014576812973245978,0.005364010576158762,0.7860144972801208,,
1790036309.4194186,RAW_IMU,,,,,,,,,0,0,-1001,4,6,1,,,,,
1790036309.4386108,ATTITUDE,,,,,,,,,,,,,,,0.0014868556754663587,0.005517952609807253,0.7860221862792969,,
1790036309.4399254,RAW_IMU,,,,,,,,,0,0,-1001,2,8,1,,,,,
1790036309.4607806,ATTITUDE,,,,,,,,,,,,,,,0.0015618962934240699,0.005620638374239206,0.7860268354415894,,
1790036309.4621055,RAW_IMU,,,,,,,,,0,0,-1001,5,6,1,,,,,
1790036309.4817877,ATTITUDE,,,,,,,,,,,,,,,0.0015639509074389935,0.005751778371632099,0.7860316038131714,,
1790036309.483462,RAW_IMU,,,,,,,,,0,0,-1001,1,7,1,,,,,
1790036309.5014818,ATTITUDE,,,,,,,,,,,,,,,0.0016377819702029228,0.005868532229214907,0.786037802696228,,
1790036309.5026777,RAW_IMU,,,,,,,,,0,0,-1001,4,6,1,,,,,
1790036309.507999,GLOBAL_POSITION_INT,-35.36113,149.1678519,591.72,10.0,0.0,0.0,0.0,45.03,,,,,,,,,,,
1790036309.5089676,GPS_RAW_INT,,,,,,,,,,,,,,,,,,6,10
1790036309.5206363,ATTITUDE,,,,,,,,,,,,,,,0.0016344132600352168,0.006003766320645809,0.7860437035560608,,
1790036309.5218544,RAW_IMU,,,,,,,,,0,0,-1001,1,7,1,,,,,
1790036309.5397635,ATTITUDE,,,,,,,,,,,,,,,0.0017065380234271288,0.006089244969189167,0.7860501408576965,,
1790036309.540846,RAW_IMU,,,,,,,,,0,0,-1001,4,6,1,,,,,
1790036309.559748,ATTITUDE,,,,,,,,,,,,,,,0.001696447841823101,0.006217236630618572,0.7860535979270935,,
1790036309.5606482,RAW_IMU,,,,,,,,,0,0,-1001,1,6,1,,,,,
1790036309.5796032,ATTITUDE,,,,,,,,,,,,,,,0.0017672276590019464,0.006293122656643391,0.7860559821128845,,
1790036309.5807328,RAW_IMU,,,,,,,,,0,0,-1001,4,5,1,,,,,
1790036309.5996068,ATTITUDE,,,,,,,,,,,,,,,0.0017608852358534932,0.006398942321538925,0.7860606908798218,,
1790036309.600705,RAW_IMU,,,,,,,,,0,0,-1001,1,5,1,,,,,
1790036309.6063385,GLOBAL_POSITION_INT,-35.36113,149.1678518,591.72,10.0,0.0,0.0,0.0,45.03,,,,,,,,,,,
1790036309.6074843,GPS_RAW_INT,,,,,,,,,,,,,,,,,,6,10
1790036309.6199715,ATTITUDE,,,,,,,,,,,,,,,0.0018270467408001423,0.006483815610408783,0.7860648036003113,,
1790036309.6214497,RAW_IMU,,,,,,,,,0,0,-1001,4,6,1,,,,,
1790036309.6474817,ATTITUDE,,,,,,,,,,,,,,,0.001824709470383823,0.006566248368471861,0.7860690951347351,,
1790036309.6496408,RAW_IMU,,,,,,,,,0,0,-1001,1,4,1,,,,,
1790036309.6621585,ATTITUDE,,,,,,,,,,,,,,,0.0018805309664458036,0.006643328815698624,0.7860717177391052,,
1790036309.6636245,RAW_IMU,,,,,,,,,0,0,-1001,3,5,1,,,,,
1790036309.6820529,ATTITUDE,,,,,,,,,,,,,,,0.0018665612442418933,0.006719667464494705,0.7860750555992126,,
1790036309.683124,RAW_IMU,,,,,,,,,0,0,-1001,1,4,1,,,,,
1790036309.7012122,ATTITUDE,,,,,,,,,,,,,,,0.001902728690765798,0.006792339961975813,0.7860783338546753,,
1790036309.7022598,RAW_IMU,,,,,,,,,0,0,-1001,2,5,1,,,,,
1790036309.7078788,GLOBAL_POSITION_INT,-35.36113,149.1678518,591.72,10.0,0.0,0.0,0.0,45.03,,,,,,,,,,,
1790036309.7088602,GPS_RAW_INT,,,,,,,,,,,,,,,,,,6,10
1790036309.7216287,ATTITUDE,,,,,,,,,,,,,,,0.001886420650407672,0.006864562630653381,0.7860809564590454,,
1790036309.7223148,RAW_IMU,,,,,,,,,0,0,-1001,1,4,1,,,,,
1790036309.7415726,ATTITUDE,,,,,,,,,,,,,,,0.0019277624087408185,0.006931168958544731,0.7860850691795349,,
1790036309.7426825,RAW_IMU,,,,,,,,,0,0,-1001,2,5,1,,,,,
1790036309.7620823,ATTITUDE,,,,,,,,,,,,,,,0.0019230281468480825,0.006983913015574217,0.7860887050628662,,
1790036309.7628403,RAW_IMU,,,,,,,,,0,0,-1001,1,3,1,,,,,
1790036309.782005,ATTITUDE,,,,,,,,,,,,,,,0.001963996794074774,0.007061283104121685,0.7860916256904602,,
1790036309.7829876,RAW_IMU,,,,,,,,,0,0,-1001,2,5,1,,,,,
1790036309.8012118,ATTITUDE,,,,,,,,,,,,,,,0.001976194093003869,0.007095915265381336,0.7860959768295288,,
1790036309.8026388,RAW_IMU,,,,,,,,,0,0,-1001,2,2,1,,,,,
1790036309.807873,GLOBAL_POSITION_INT,-35.36113,149.1678518,591.72,10.0,-0.01,0.0,0.0,45.04,,,,,,,,,,,
1790036309.8093994,GPS_RAW_INT,,,,,,,,,,,,,,,,,,6,10
1790036309.821168,ATTITUDE,,,,,,,,,,,,,,,0.0020020022056996822,0.007162619847804308,0.786101222038269,,
1790036309.8222215,RAW_IMU,,,,,,,,,0,0,-1001,2,4,1,,,,,
1790036309.8413906,ATTITUDE,,,,,,,,,,,,,,,0.0020415226463228464,0.0071658724918961525,0.7861067056655884,,
1790036309.842091,RAW_IMU,,,,,,,,,0,0,-1001,3,1,1,,,,,
1790036309.8612828,ATTITUDE,,,,,,,,,,,,,,,0.0020516044460237026,0.0072358138859272,0.7861111760139465,,
1790036309.8628664,RAW_IMU,,,,,,,,,0,0,-1001,1,4,1,,,,,
1790036309.8936372,ATTITUDE,,,,,,,,,,,,,,,0.0021005957387387753,0.007231136318296194,0.7861146330833435,,
1790036309.8944538,RAW_IMU,,,,,,,,,0,0,-1001,4,1,1,,,,,
1790036309.9014008,ATTITUDE,,,,,,,,,,,,,,,0.0020944904536008835,0.007287247106432915,0.7861178517341614,,
1790036309.90296,RAW_IMU,,,,,,,,,0,0,-1001,1,3,1,,,,,
1790036309.9077547,GLOBAL_POSITION_INT,-35.36113,149.1678518,591.72,10.0,-0.01,0.0,0.0,45.04,,,,,,,,,,,
1790036309.9084885,GPS_RAW_INT,,,,,,,,,,,,,,,,,,6,10
1790036309.921253,ATTITUDE,,,,,,,,,,,,,,,0.0021478456910699606,0.007275782059878111,0.7861220836639404,,
1790036309.9222,RAW_IMU,,,,,,,,,0,0,-1001,4,0,1,,,,,
1790036309.9416242,ATTITUDE,,,,,,,,,,,,,,,0.0021343897096812725,0.0073190974071621895,0.7861287593841553,,
1790036309.942623,RAW_IMU,,,,,,,,,0,0,-1000,1,3,1,,,,,
1790036309.9614885,ATTITUDE,,,,,,,,,,,,,,,0.0021972148679196835,0.007293659262359142,0.7861325144767761,,
1790036309.9624655,RAW_IMU,,,,,,,,,0,0,-1001,4,0,1,,,,,
1790036309.9811666,ATTITUDE,,,,,,,,,,,,,,,0.0021797637455165386,0.007343696895986795,0.7861373424530029,,
1790036309.9822955,RAW_IMU,,,,,,,,,0,0,-1001,1,3,1,,,,,
1790036310.0013802,ATTITUDE,,,,,,,,,,,,,,,0.002239016117528081,0.007320068310946226,0.7861408591270447,,
1790036310.0031986,RAW_IMU,,,,,,,,,0,0,-1001,3,0,1,,,,,
1790036310.0078237,GLOBAL_POSITION_INT,-35.36113,149.1678518,591.72,10.0,-0.02,-0.01,0.0,45.04,,,,,,,,,,,
1790036310.0096138,GPS_RAW_INT,,,,,,,,,,,,,,,,,,6,10
1790036310.0214722,ATTITUDE,,,,,,,,,,,,,,,0.0022398647852241993,0.007344037760049105,0.7861486077308655,,
1790036310.0222688,RAW_IMU,,,,,,,,,0,0,-1001,2,1,1,,,,,
1790036310.04154,ATTITUDE,,,,,,,,,,,,,,,0.0022696913219988346,0.0073261926881968975,0.7861568927764893,,
1790036310.0425155,RAW_IMU,,,,,,,,,0,0,-1001,2,0,1,,,,,
1790036310.0617177,ATTITUDE,,,,,,,,,,,,,,,0.0022839622106403112,0.007321093697100878,0.7861626148223877,,
1790036310.0634258,RAW_IMU,,,,,,,,,0,0,-1001,2,0,1,,,,,
1790036310.0820117,ATTITUDE,,,,,,,,,,,,,,,0.0022962624207139015,0.007315353956073523,0.7861678004264832,,
1790036310.0830307,RAW_IMU,,,,,,,,,0,0,-1001,1,1,1,,,,,
1790036310.1020756,ATTITUDE,,,,,,,,,,,,,,,0.002320151310414076,0.007276763673871756,0.7861723303794861,,
1790036310.1030948,RAW_IMU,,,,,,,,,0,0,-1001,3,0,1,,,,,
1790036310.1087844,GLOBAL_POSITION_INT,-35.36113,149.1678518,591.72,10.0,-0.02,-0.01,0.0,45.04,,,,,,,,,,,
1790036310.1095212,GPS_RAW_INT,,,,,,,,,,,,,,,,,,6,10
1790036310.122757,ATTITUDE,,,,,,,,,,,,,,,0.0023111903574317694,0.007265253458172083,0.7861790657043457,,
1790036310.1234975,RAW_IMU,,,,,,,,,0,0,-1000,0,0,1,,,,,
1790036310.1436296,ATTITUDE,,,,,,,,,,,,,,,0.002354143187403679,0.007209263276308775,0.7861865758895874,,
1790036310.1458063,RAW_IMU,,,,,,,,,0,0,-1000,3,-1,1,,,,,
1790036310.1627514,ATTITUDE,,,,,,,,,,,,,,,0.002335219644010067,0.007196779362857342,0.7861930727958679,,
1790036310.1642227,RAW_IMU,,,,,,,,,0,0,-1000,0,0,1,,,,,
1790036310.1826663,ATTITUDE,,,,,,,,,,,,,,,0.002395950723439455,0.007119606714695692,0.78619784116745,,
1790036310.183697,RAW_IMU,,,,,,,,,0,0,-1001,4,-2,1,,,,,
1790036310.2020721,ATTITUDE,,,,,,,,,,,,,,,0.002388335531577468,0.007121599745005369,0.7862032055854797,,
1790036310.2031996,RAW_IMU,,,,,,,,,0,0,-1001,1,0,1,,,,,
1790036310.2086804,GLOBAL_POSITION_INT,-35.3611301,149.1678518,591.72,10.0,-0.02,-0.02,0.0,45.04,,,,,,,,,,,
1790036310.2102659,GPS_RAW_INT,,,,,,,,,,,,,,,,,,6,10
1790036310.221829,ATTITUDE,,,,,,,,,,,,,,,0.002436944516375661,0.00704748323187232,0.7862085700035095,,
1790036310.222808,RAW_IMU,,,,,,,,,0,0,-1001,3,-1,1,,,,,
1790036310.241589,ATTITUDE,,,,,,,,,,,,,,,0.0024302012752741575,0.0070284041576087475,0.7862168550491333,,
1790036310.2432501,RAW_IMU,,,,,,,,,0,0,-1001,1,0,1,,,,,
1790036310.2612092,ATTITUDE,,,,,,,,,,,,,,,0.002479204209521413,0.006971187889575958,0.7862216234207153,,
1790036310.262158,RAW_IMU,,,,,,,,,0,0,-1001,3,-1,1,,,,,
1790036310.2812285,ATTITUDE,,,,,,,,,,,,,,,0.002455488545820117,0.006926386617124081,0.7862245440483093,,
1790036310.2824047,RAW_IMU,,,,,,,,,0,0,-1001,0,-1,1,,,,,
1790036310.301501,ATTITUDE,,,,,,,,,,,,,,,0.002485846634954214,0.006870526820421219,0.7862244844436646,,
1790036310.3025463,RAW_IMU,,,,,,,,,0,0,-1001,2,-1,1,,,,,
1790036310.3077676,GLOBAL_POSITION_INT,-35.36113,149.1678518,591.72,10.0,-0.03,-0.02,0.0,45.04,,,,,,,,,,,
1790036310.308106,GPS_RAW_INT,,,,,,,,,,,,,,,,,,6,10
1790036310.3212242,ATTITUDE,,,,,,,,,,,,,,,0.0024715198669582605,0.0068086301907896996,0.786226749420166,,
1790036310.3224452,RAW_IMU,,,,,,,,,0,0,-1000,1,-2,1,,,,,
1790036310.3413842,ATTITUDE,,,,,,,,,,,,,,,0.0025030369870364666,0.0067548565566539764,0.7862299680709839,,
1790036310.343298,RAW_IMU,,,,,,,,,1,0,-1000,2,-1,1,,,,,
1790036310.3614006,ATTITUDE,,,,,,,,,,,,,,,0.0024904096499085426,0.006676856428384781,0.7862306237220764,,
1790036310.3623612,RAW_IMU,,,,,,,,,1,0,-1001,1,-2,1,,,,,
1790036310.3960896,ATTITUDE,,,,,,,,,,,,,,,0.0025109141133725643,0.0066229477524757385,0.7862327694892883,,
1790036310.396996,RAW_IMU,,,,,,,,,0,0,-1001,2,-1,1,,,,,
1790036310.401578,ATTITUDE,,,,,,,,,,,,,,,0.0025142980739474297,0.006531557068228722,0.7862359881401062,,
1790036310.4027925,RAW_IMU,,,,,,,,,1,0,-1001,2,-3,1,,,,,
1790036310.4077513,GLOBAL_POSITION_INT,-35.36113,149.1678518,591.72,10.0,-0.03,-0.02,0.0,45.04,,,,,,,,,,,
1790036310.408822,GPS_RAW_INT,,,,,,,,,,,,,,,,,,6,10
1790036310.4210846,ATTITUDE,,,,,,,,,,,,,,,0.0025323217269033194,0.006490591447800398,0.7862416505813599,,
1790036310.4220295,RAW_IMU,,,,,,,,,1,0,-1001,1,0,1,,,,,
1790036310.441568,ATTITUDE,,,,,,,,,,,,,,,0.002554001985117793,0.006387808825820684,0.7862494587898254,,
1790036310.4437978,RAW_IMU,,,,,,,,,1,0,-1000,2,-3,1,,,,,
1790036310.4636357,ATTITUDE,,,,,,,,,,,,,,,0.0025668705347925425,0.006347745191305876,0.7862553596496582,,
1790036310.4645748,RAW_IMU,,,,,,,,,0,0,-1000,1,0,1,,,,,
1790036310.4829535,ATTITUDE,,,,,,,,,,,,,,,0.0025807765778154135,0.006245880387723446,0.786257803440094,,
1790036310.4854972,RAW_IMU,,,,,,,,,1,0,-1000,2,-3,1,,,,,
1790036310.503723,ATTITUDE,,,,,,,,,,,,,,,0.002581167034804821,0.006193187087774277,0.7862589955329895,,
1790036310.5052493,RAW_IMU,,,,,,,,,1,0,-1000,1,-1,1,,,,,
1790036310.5066285,GLOBAL_POSITION_INT,-35.36113,149.1678517,591.72,10.0,-0.04,-0.02,0.0,45.04,,,,,,,,,,,
1790036310.508371,GPS_RAW_INT,,,,,,,,,,,,,,,,,,6,10
1790036310.5226517,ATTITUDE,,,,,,,,,,,,,,,0.0026346943341195583,0.0061455522663891315,0.7862634658813477,,
1790036310.52453,RAW_IMU,,,,,,,,,1,0,-1000,4,0,1,,,,,
1790036310.54401,ATTITUDE,,,,,,,,,,,,,,,0.0026421500369906425,0.006073113065212965,0.7862682938575745,,
1790036310.5463343,RAW_IMU,,,,,,,,,1,0,-997,2,-2,1,,,,,
1790036310.5600696,ATTITUDE,,,,,,,,,,,,,,,0.0026809577830135822,0.0060034445486962795,0.7862704396247864,,
1790036310.5611537,RAW_IMU,,,,,,,,,1,0,-992,3,-2,1,,,,,
1790036310.5809913,ATTITUDE,,,,,,,,,,,,,,,0.0027055046521127224,0.005921138450503349,0.7862738370895386,,
1790036310.5834012,RAW_IMU,,,,,,,,,1,0,-986,3,-2,1,,,,,
1790036310.603383,ATTITUDE,,,,,,,,,,,,,,,0.002729073166847229,0.005840728059411049,0.7862772345542908,,
1790036310.6050615,RAW_IMU,,,,,,,,,1,0,-979,2,-2,1,,,,,
1790036310.6066298,GLOBAL_POSITION_INT,-35.3611301,149.1678517,591.72,10.0,-0.04,-0.03,0.01,45.05,,,,,,,,,,,
1790036310.6071923,GPS_RAW_INT,,,,,,,,,,,,,,,,,,6,10
1790036310.6191862,ATTITUDE,,,,,,,,,,,,,,,0.0027599483728408813,0.005758888553828001,0.7862831950187683,,
1790036310.620799,RAW_IMU,,,,,,,,,1,0,-972,3,-2,1,,,,,
1790036310.6454856,ATTITUDE,,,,,,,,,,,,,,,0.002790389582514763,0.005675528664141893,0.7862894535064697,,
1790036310.648452,RAW_IMU,,,,,,,,,1,0,-964,3,-2,1,,,,,
1790036310.6625502,ATTITUDE,,,,,,,,,,,,,,,0.0028199160005897284,0.005596019793301821,0.7862937450408936,,
1790036310.6634977,RAW_IMU,,,,,,,,,1,0,-956,2,-2,1,,,,,
1790036310.6824062,ATTITUDE,,,,,,,,,,,,,,,0.002844426780939102,0.005524155218154192,0.7862957119941711,,
1790036310.6836295,RAW_IMU,,,,,,,,,1,0,-948,2,-2,1,,,,,
1790036310.701967,ATTITUDE,,,,,,,,,,,,,,,0.0028665733989328146,0.005434914026409388,0.7862941026687622,,
1790036310.7035344,RAW_IMU,,,,,,,,,1,0,-940,2,-3,1,,,,,
1790036310.7088647,GLOBAL_POSITION_INT,-35.3611301,149.1678516,591.71,9.996,-0.04,-0.03,0.05,45.05,,,,,,,,,,,
1790036310.7099328,GPS_RAW_INT,,,,,,,,,,,,,,,,,,6,10
1790036310.7225928,ATTITUDE,,,,,,,,,,,,,,,0.0028964225202798843,0.005345966201275587,0.7862945199012756,,
1790036310.724424,RAW_IMU,,,,,,,,,1,0,-931,3,-3,1,,,,,
1790036310.7373831,ATTITUDE,,,,,,,,,,,,,,,0.002917918376624584,0.005259808152914047,0.786296010017395,,
1790036310.7386448,RAW_IMU,,,,,,,,,1,0,-924,2,-2,1,,,,,
1790036310.7574356,ATTITUDE,,,,,,,,,,,,,,,0.002939637051895261,0.005178340245038271,0.7862938642501831,,
1790036310.7580945,RAW_IMU,,,,,,,,,1,0,-920,2,-2,1,,,,,
1790036310.777525,ATTITUDE,,,,,,,,,,,,,,,0.002960250712931156,0.005094024818390608,0.7862913608551025,,
1790036310.7793577,RAW_IMU,,,,,,,,,1,0,-916,2,-2,1,,,,,
1790036310.7976975,ATTITUDE,,,,,,,,,,,,,,,0.0029873852618038654,0.005009219981729984,0.786292552947998,,
1790036310.7995086,RAW_IMU,,,,,,,,,1,0,-913,2,-2,1,,,,,
1790036310.805466,GLOBAL_POSITION_INT,-35.3611301,149.1678516,591.7,9.986,-0.04,-0.03,0.13,45.05,,,,,,,,,,,
1790036310.8067653,GPS_RAW_INT,,,,,,,,,,,,,,,,,,6,10
1790036310.8198092,ATTITUDE,,,,,,,,,,,,,,,0.0030139214359223843,0.004936678800731897,0.7862927317619324,,
1790036310.8212094,RAW_IMU,,,,,,,,,1,0,-910,3,-2,1,,,,,
1790036310.8396988,ATTITUDE,,,,,,,,,,,,,,,0.003043936565518379,0.00486712483689189,0.7862943410873413,,
1790036310.8409095,RAW_IMU,,,,,,,,,1,0,-908,2,-2,1,,,,,
1790036310.8597782,ATTITUDE,,,,,,,,,,,,,,,0.0030813352204859257,0.004794216714799404,0.7862958908081055,,
1790036310.860277,RAW_IMU,,,,,,,,,1,0,-906,3,-2,1,,,,,
1790036310.891979,ATTITUDE,,,,,,,,,,,,,,,0.003102355170994997,0.004718868061900139,0.7862933278083801,,
1790036310.8927264,RAW_IMU,,,,,,,,,1,0,-903,2,-2,1,,,,,
1790036310.899451,ATTITUDE,,,,,,,,,,,,,,,0.003107593394815922,0.004653042182326317,0.7862875461578369,,
1790036310.9000547,RAW_IMU,,,,,,,,,1,0,-901,1,-1,1,,,,,
1790036310.9067218,GLOBAL_POSITION_INT,-35.3611301,149.1678515,591.68,9.968,-0.04,-0.03,0.23,45.05,,,,,,,,,,,
1790036310.9080236,GPS_RAW_INT,,,,,,,,,,,,,,,,,,6,10
1790036310.9195113,ATTITUDE,,,,,,,,,,,,,,,0.0031558345071971416,0.0045583234168589115,0.7862838506698608,,
1790036310.9206238,RAW_IMU,,,,,,,,,1,0,-899,3,-3,1,,,,,
1790036310.9396355,ATTITUDE,,,,,,,,,,,,,,,0.0031990096904337406,0.004471638705581427,0.786281168460846,,
1790036310.941158,RAW_IMU,,,,,,,,,1,0,-900,4,-3,1,,,,,
1790036310.9596908,ATTITUDE,,,,,,,,,,,,,,,0.00320918089710176,0.004401901736855507,0.7862758040428162,,
1790036310.9610052,RAW_IMU,,,,,,,,,1,0,-903,2,-2,1,,,,,
1790036310.9793937,ATTITUDE,,,,,,,,,,,,,,,0.0032332874834537506,0.004321044776588678,0.7862707376480103,,
1790036310.9805791,RAW_IMU,,,,,,,,,1,0,-907,2,-2,1,,,,,
1790036310.999289,ATTITUDE,,,,,,,,,,,,,,,0.0032481299713253975,0.004257492255419493,0.7862673401832581,,
1790036311.000574,RAW_IMU,,,,,,,,,1,0,-911,2,-1,1,,,,,
1790036311.0064065,GLOBAL_POSITION_INT,-35.3611302,149.1678515,591.66,9.94,-0.05,-0.03,0.32,45.04,,,,,,,,,,,
1790036311.0075052,GPS_RAW_INT,,,,,,,,,,,,,,,,,,6,10
1790036311.0186048,ATTITUDE,,,,,,,,,,,,,,,0.0032837854232639074,0.0041971709579229355,0.7862662076950073,,
1790036311.0193794,RAW_IMU,,,,,,,,,1,0,-915,3,-1,1,,,,,
1790036311.0386398,ATTITUDE,,,,,,,,,,,,,,,0.0032939014490693808,0.004140391014516354,0.7862672209739685,,
1790036311.0393083,RAW_IMU,,,,,,,,,1,0,-919,2,-1,1,,,,,
1790036311.0590172,ATTITUDE,,,,,,,,,,,,,,,0.003304265206679702,0.004077469930052757,0.7862669229507446,,
1790036311.0606585,RAW_IMU,,,,,,,,,1,0,-923,1,-1,1,,,,,
1790036311.080024,ATTITUDE,,,,,,,,,,,,,,,0.0033105886541306973,0.004007712472230196,0.7862644195556641,,
1790036311.081613,RAW_IMU,,,,,,,,,1,0,-927,1,-2,1,,,,,
1790036311.1013389,ATTITUDE,,,,,,,,,,,,,,,0.0033153046388179064,0.003926347475498915,0.786258339881897,,
1790036311.1031632,RAW_IMU,,,,,,,,,1,0,-930,2,-2,1,,,,,
1790036311.1085262,GLOBAL_POSITION_INT,-35.3611302,149.1678514,591.62,9.904,-0.05,-0.03,0.4,45.04,,,,,,,,,,,
1790036311.110921,GPS_RAW_INT,,,,,,,,,,,,,,,,,,6,10
1790036311.1226695,ATTITUDE,,,,,,,,,,,,,,,0.003320104908198118,0.0038434211164712906,0.7862536907196045,,
1790036311.1247435,RAW_IMU,,,,,,,,,1,0,-934,2,-2,1,,,,,
1790036311.1541405,ATTITUDE,,,,,,,,,,,,,,,0.003339062910526991,0.0037629520520567894,0.7862512469291687,,
1790036311.1569498,RAW_IMU,,,,,,,,,1,0,-937,2,-2,1,,,,,
1790036311.1623504,ATTITUDE,,,,,,,,,,,,,,,0.003327627433463931,0.0036866278387606144,0.7862467765808105,,
1790036311.164143,RAW_IMU,,,,,,,,,1,0,-941,1,-2,1,,,,,
1790036311.178747,ATTITUDE,,,,,,,,,,,,,,,0.003357643960043788,0.0035979794338345528,0.7862428426742554,,
1790036311.179848,RAW_IMU,,,,,,,,,1,0,-944,2,-3,1,,,,,
1790036311.1988626,ATTITUDE,,,,,,,,,,,,,,,0.0033529759384691715,0.0035254003014415503,0.7862406969070435,,
1790036311.199846,RAW_IMU,,,,,,,,,1,0,-948,1,-2,1,,,,,
1790036311.2057517,GLOBAL_POSITION_INT,-35.3611302,149.1678514,591.58,9.862,-0.05,-0.03,0.45,45.04,,,,,,,,,,,
1790036311.2066233,GPS_RAW_INT,,,,,,,,,,,,,,,,,,6,10
1790036311.2189388,ATTITUDE,,,,,,,,,,,,,,,0.0033765046391636133,0.003445681417360902,0.7862405180931091,,
1790036311.2200775,RAW_IMU,,,,,,,,,1,0,-951,2,-2,1,,,,,
1790036311.2387495,ATTITUDE,,,,,,,,,,,,,,,0.003393748542293906,0.0033646307419985533,0.7862409949302673,,
1790036311.2397568,RAW_IMU,,,,,,,,,1,0,-954,2,-2,1,,,,,
1790036311.2589746,ATTITUDE,,,,,,,,,,,,,,,0.0034080296754837036,0.0032881307415664196,0.7862412929534912,,
1790036311.260173,RAW_IMU,,,,,,,,,1,0,-957,2,-2,1,,,,,
1790036311.2792718,ATTITUDE,,,,,,,,,,,,,,,0.0034212241880595684,0.0032066048588603735,0.7862394452095032,,
1790036311.2801797,RAW_IMU,,,,,,,,,1,0,-960,2,-2,1,,,,,
1790036311.2993991,ATTITUDE,,,,,,,,,,,,,,,0.003422952489927411,0.0031151319853961468,0.7862328886985779,,
1790036311.3010721,RAW_IMU,,,,,,,,,1,0,-962,1,-3,1,,,,,
1790036311.3072875,GLOBAL_POSITION_INT,-35.3611302,149.1678513,591.53,9.815,-0.05,-0.03,0.49,45.04,,,,,,,,,,,
1790036311.3077648,GPS_RAW_INT,,,,,,,,,,,,,,,,,,6,10
1790036311.3186967,ATTITUDE,,,,,,,,,,,,,,,0.003456300124526024,0.0030283008236438036,0.7862288951873779,,
1790036311.319814,RAW_IMU,,,,,,,,,1,0,-965,3,-3,1,,,,,
1790036311.338751,ATTITUDE,,,,,,,,,,,,,,,0.003440022701397538,0.002929958514869213,0.7862272262573242,,
1790036311.339772,RAW_IMU,,,,,,,,,1,0,-968,1,-3,1,,,,,
1790036311.360025,ATTITUDE,,,,,,,,,,,,,,,0.0034660138189792633,0.0028495739679783583,0.786225438117981,,
1790036311.361577,RAW_IMU,,,,,,,,,1,0,-971,2,-2,1,,,,,
1790036311.396613,ATTITUDE,,,,,,,,,,,,,,,0.0035010611172765493,0.002786400727927685,0.7862241864204407,,
1790036311.398822,RAW_IMU,,,,,,,,,1,0,-973,3,-1,1,,,,,
1790036311.4001696,ATTITUDE,,,,,,,,,,,,,,,0.0034627027343958616,0.0026768685784190893,0.7862235903739929,,
1790036311.4015806,RAW_IMU,,,,,,,,,1,0,-975,0,-3,1,,,,,
1790036311.4055536,GLOBAL_POSITION_INT,-35.3611303,149.1678513,591.48,9.764,-0.05,-0.03,0.52,45.04,,,,,,,,,,,
1790036311.4067044,GPS_RAW_INT,,,,,,,,,,,,,,,,,,6,10
1790036311.419107,ATTITUDE,,,,,,,,,,,,,,,0.0034883718471974134,0.002616958227008581,0.7862261533737183,,
1790036311.4208262,RAW_IMU,,,,,,,,,1,0,-978,2,-1,1,,,,,
1790036311.4397418,ATTITUDE,,,,,,,,,,,,,,,0.0035248342901468277,0.0025684668216854334,0.7862319946289062,,
1790036311.440977,RAW_IMU,,,,,,,,,1,0,-980,3,0,1,,,,,
1790036311.4618082,ATTITUDE,,,,,,,,,,,,,,,0.003496955381706357,0.0024354320485144854,0.7862346172332764,,
1790036311.4627948,RAW_IMU,,,,,,,,,1,0,-982,0,-5,1,,,,,
1790036311.4827921,ATTITUDE,,,,,,,,,,,,,,,0.003480244893580675,0.0023433961905539036,0.78623366355896,,
1790036311.484363,RAW_IMU,,,,,,,,,1,0,-983,0,-3,1,,,,,
1790036311.498506,ATTITUDE,,,,,,,,,,,,,,,0.0034928936511278152,0.002260829322040081,0.7862293124198914,,
1790036311.5006087,RAW_IMU,,,,,,,,,1,0,-985,2,-2,1,,,,,
1790036311.51021,GLOBAL_POSITION_INT,-35.3611303,149.1678512,591.43,9.712,-0.05,-0.03,0.54,45.04,,,,,,,,,,,
1790036311.5115702,GPS_RAW_INT,,,,,,,,,,,,,,,,,,6,10
1790036311.5177147,ATTITUDE,,,,,,,,,,,,,,,0.0035013421438634396,0.002179851057007909,0.7862263321876526,,
1790036311.519338,RAW_IMU,,,,,,,,,1,0,-986,2,-2,1,,,,,
1790036311.5371957,ATTITUDE,,,,,,,,,,,,,,,0.0034964620135724545,0.0021297032944858074,0.786224365234375,,
1790036311.5384984,RAW_IMU,,,,,,,,,1,0,-989,1,-1,1,,,,,
1790036311.5576377,ATTITUDE,,,,,,,,,,,,,,,0.0034980936907231808,0.0020550978370010853,0.7862223982810974,,
1790036311.5597045,RAW_IMU,,,,,,,,,1,0,-990,1,-2,1,,,,,
1790036311.5802293,ATTITUDE,,,,,,,,,,,,,,,0.003513372503221035,0.0019235423533245921,0.7862201929092407,,
1790036311.581981,RAW_IMU,,,,,,,,,1,0,-992,2,-4,1,,,,,
1790036311.6006396,ATTITUDE,,,,,,,,,,,,,,,0.0035231015644967556,0.0018170796101912856,0.7862190008163452,,
1790036311.6023314,RAW_IMU,,,,,,,,,1,0,-992,2,-4,1,,,,,
1790036311.6071005,GLOBAL_POSITION_INT,-35.3611303,149.1678512,591.37,9.658,-0.05,-0.03,0.55,45.04,,,,,,,,,,,
1790036311.6076088,GPS_RAW_INT,,,,,,,,,,,,,,,,,,6,10
1790036311.6207814,ATTITUDE,,,,,,,,,,,,,,,0.0035194132942706347,0.0017637290293350816,0.7862207293510437,,
1790036311.622247,RAW_IMU,,,,,,,,,1,0,-995,1,-1,1,,,,,
1790036311.6462712,ATTITUDE,,,,,,,,,,,,,,,0.0035173832438886166,0.001714599202387035,0.7862239480018616,,
1790036311.6476696,RAW_IMU,,,,,,,,,1,0,-995,1,-1,1,,,,,
1790036311.6611853,ATTITUDE,,,,,,,,,,,,,,,0.0035052644088864326,0.0016361287562176585,0.7862262725830078,,
1790036311.6620505,RAW_IMU,,,,,,,,,1,0,-997,1,-2,1,,,,,
1790036311.6822286,ATTITUDE,,,,,,,,,,,,,,,0.0034824362955987453,0.0015362320700660348,0.7862241864204407,,
1790036311.6831129,RAW_IMU,,,,,,,,,1,0,-999,0,-3,1,,,,,
1790036311.7045074,ATTITUDE,,,,,,,,,,,,,,,0.003458052407950163,0.0014393266756087542,0.7862192392349243,,
1790036311.7057095,RAW_IMU,,,,,,,,,1,0,-998,0,-3,1,,,,,
1790036311.7079427,GLOBAL_POSITION_INT,-35.3611304,149.1678512,591.32,9.603,-0.05,-0.03,0.55,45.04,,,,,,,,,,,
1790036311.7088437,GPS_RAW_INT,,,,,,,,,,,,,,,,,,6,10
1790036311.7266424,ATTITUDE,,,,,,,,,,,,,,,0.003446808084845543,0.0013538553612306714,0.7862160205841064,,
1790036311.7282605,RAW_IMU,,,,,,,,,1,0,-1000,1,-2,1,,,,,
1790036311.7449033,ATTITUDE,,,,,,,,,,,,,,,0.00344358803704381,0.001283192657865584,0.7862144708633423,,
1790036311.74626,RAW_IMU,,,,,,,,,1,0,-1002,1,-2,1,,,,,
1790036311.7647097,ATTITUDE,,,,,,,,,,,,,,,0.003438974032178521,0.001214752672240138,0.7862115502357483,,
1790036311.7663279,RAW_IMU,,,,,,,,,1,0,-1002,1,-2,1,,,,,
1790036311.7847764,ATTITUDE,,,,,,,,,,,,,,,0.00343568017706275,0.001150239259004593,0.7862096428871155,,
1790036311.7861443,RAW_IMU,,,,,,,,,1,0,-1002,1,-1,1,,,,,
1790036311.804541,ATTITUDE,,,,,,,,,,,,,,,0.003406814532354474,0.001065339078195393,0.7862101197242737,,
1790036311.8059309,RAW_IMU,,,,,,,,,1,0,-1004,0,-2,1,,,,,
1790036311.8078773,GLOBAL_POSITION_INT,-35.3611304,149.1678511,591.26,9.547,-0.05,-0.03,0.55,45.04,,,,,,,,,,,
1790036311.8089554,GPS_RAW_INT,,,,,,,,,,,,,,,,,,6,10
1790036311.8221607,ATTITUDE,,,,,,,,,,,,,,,0.0033709853887557983,0.000969387125223875,0.7862122058868408,,
1790036311.8227253,RAW_IMU,,,,,,,,,1,0,-1005,0,-3,1,,,,,
1790036311.844419,ATTITUDE,,,,,,,,,,,,,,,0.0033387092407792807,0.0008786289254203439,0.7862167358398438,,
1790036311.8449776,RAW_IMU,,,,,,,,,0,0,-1005,0,-3,1,,,,,
1790036311.8646202,ATTITUDE,,,,,,,,,,,,,,,0.0033057290129363537,0.0007917851326055825,0.7862188816070557,,
1790036311.8658686,RAW_IMU,,,,,,,,,1,0,-1005,0,-3,1,,,,,
1790036311.903407,ATTITUDE,,,,,,,,,,,,,,,0.0032718346919864416,0.0007059449562802911,0.7862176895141602,,
1790036311.9038522,RAW_IMU,,,,,,,,,1,0,-1005,0,-2,1,,,,,
1790036311.938308,ATTITUDE,,,,,,,,,,,,,,,0.0032504326663911343,0.0006397625547833741,0.7862128615379333,,
1790036311.9388993,RAW_IMU,,,,,,,,,1,0,-1006,0,-2,1,,,,,
1790036311.9392235,GLOBAL_POSITION_INT,-35.3611304,149.1678511,591.21,9.492,-0.05,-0.02,0.55,45.04,,,,,,,,,,,
1790036311.939625,GPS_RAW_INT,,,,,,,,,,,,,,,,,,6,10
1790036311.9399238,ATTITUDE,,,,,,,,,,,,,,,0.0032203036826103926,0.0005764507804997265,0.7862114906311035,,
1790036311.9403534,RAW_IMU,,,,,,,,,1,0,-1007,0,-1,1,,,,,
1790036311.9407387,ATTITUDE,,,,,,,,,,,,,,,0.003187929280102253,0.0004986465210095048,0.7862110137939453,,
1790036311.9431832,RAW_IMU,,,,,,,,,1,0,-1008,0,-2,1,,,,,
1790036311.9714353,ATTITUDE,,,,,,,,,,,,,,,0.003157210536301136,0.0004239155678078532,0.7862086296081543,,
1790036311.982374,RAW_IMU,,,,,,,,,1,0,-1008,0,-2,1,,,,,
1790036311.9827478,ATTITUDE,,,,,,,,,,,,,,,0.0031285767909139395,0.0003516981960274279,0.7862058281898499,,
1790036311.9942176,RAW_IMU,,,,,,,,,0,0,-1008,0,-2,1,,,,,
1790036312.0099385,ATTITUDE,,,,,,,,,,,,,,,0.0031010762322694063,0.000283656467217952,0.7862063050270081,,
1790036312.0115647,RAW_IMU,,,,,,,,,1,0,-1008,0,-1,1,,,,,
1790036312.013519,GLOBAL_POSITION_INT,-35.3611305,149.167851,591.15,9.437,-0.05,-0.02,0.54,45.04,,,,,,,,,,,
1790036312.0157263,GPS_RAW_INT,,,,,,,,,,,,,,,,,,6,10
1790036312.0236163,ATTITUDE,,,,,,,,,,,,,,,0.003075852757319808,0.00021923145686741918,0.7862081527709961,,
1790036312.0258756,RAW_IMU,,,,,,,,,1,0,-1008,0,-1,1,,,,,
1790036312.0447555,ATTITUDE,,,,,,,,,,,,,,,0.0030529305804520845,0.00015786093717906624,0.7862122058868408,,
1790036312.0467298,RAW_IMU,,,,,,,,,1,0,-1008,0,-1,1,,,,,
1790036312.0604722,ATTITUDE,,,,,,,,,,,,,,,0.003030702704563737,9.970262908609584e-05,0.7862140536308289,,
1790036312.062895,RAW_IMU,,,,,,,,,0,0,-1008,0,-1,1,,,,,
1790036312.0823371,ATTITUDE,,,,,,,,,,,,,,,0.003007231280207634,6.640450737904757e-05,0.7862105965614319,,
1790036312.0838053,RAW_IMU,,,,,,,,,0,0,-1008,0,0,1,,,,,
1790036312.1031578,ATTITUDE,,,,,,,,,,,,,,,0.003002709010615945,2.867928378691431e-05,0.7862042784690857,,
1790036312.1040401,RAW_IMU,,,,,,,,,0,0,-1009,1,0,1,,,,,
1790036312.1092677,GLOBAL_POSITION_INT,-35.3611305,149.167851,591.1,9.383,-0.05,-0.02,0.53,45.04,,,,,,,,,,,
1790036312.1102266,GPS_RAW_INT,,,,,,,,,,,,,,,,,,6,10
1790036312.1228013,ATTITUDE,,,,,,,,,,,,,,,0.002963790437206626,4.190834442852065e-05,0.7862014174461365,,
1790036312.1234477,RAW_IMU,,,,,,,,,0,0,-1009,0,1,1,,,,,
1790036312.1410475,ATTITUDE,,,,,,,,,,,,,,,0.003005091566592455,1.2738119039568119e-05,0.7861996293067932,,
1790036312.141641,RAW_IMU,,,,,,,,,0,0,-1009,3,0,1,,,,,
1790036312.163956,ATTITUDE,,,,,,,,,,,,,,,0.0029629655182361603,4.5309563574846834e-05,0.7861961722373962,,
1790036312.164322,RAW_IMU,,,,,,,,,0,0,-1009,0,2,1,,,,,
1790036312.1816776,ATTITUDE,,,,,,,,,,,,,,,0.003004790050908923,2.79718642559601e-05,0.7861946821212769,,
1790036312.1822832,RAW_IMU,,,,,,,,,0,0,-1009,3,1,1,,,,,
1790036312.199284,ATTITUDE,,,,,,,,,,,,,,,0.0029594171792268753,4.653576252167113e-05,0.7861946821212769,,
1790036312.1997633,RAW_IMU,,,,,,,,,0,0,-1009,0,1,1,,,,,
1790036312.2051256,GLOBAL_POSITION_INT,-35.3611305,149.167851,591.04,9.329,-0.05,-0.02,0.52,45.04,,,,,,,,,,,
1790036312.2055776,GPS_RAW_INT,,,,,,,,,,,,,,,,,,6,10
1790036312.2224734,ATTITUDE,,,,,,,,,,,,,,,0.0029791216365993023,6.387104804161936e-05,0.7861966490745544,,
1790036312.2230682,RAW_IMU,,,,,,,,,0,0,-1009,1,2,1,,,,,
1790036312.2419083,ATTITUDE,,,,,,,,,,,,,,,0.0029313373379409313,6.559309258591384e-05,0.7862018942832947,,
1790036312.243038,RAW_IMU,,,,,,,,,0,0,-1009,0,1,1,,,,,
1790036312.261104,ATTITUDE,,,,,,,,,,,,,,,0.002939912024885416,0.00011593893577810377,0.7862067818641663,,
1790036312.263221,RAW_IMU,,,,,,,,,0,0,-1009,1,4,1,,,,,
1790036312.2819748,ATTITUDE,,,,,,,,,,,,,,,0.0028865227941423655,9.053432586370036e-05,0.7862054705619812,,
1790036312.2831736,RAW_IMU,,,,,,,,,0,0,-1009,0,0,1,,,,,
1790036312.3035955,ATTITUDE,,,,,,,,,,,,,,,0.0028761562425643206,0.0001295061083510518,0.7862012386322021,,
1790036312.3056095,RAW_IMU,,,,,,,,,0,0,-1009,0,3,1,,,,,
1790036312.3101773,GLOBAL_POSITION_INT,-35.3611306,149.1678509,590.99,9.276,-0.04,-0.02,0.52,45.04,,,,,,,,,,,
1790036312.3117855,GPS_RAW_INT,,,,,,,,,,,,,,,,,,6,10
1790036312.3296108,ATTITUDE,,,,,,,,,,,,,,,0.0028232301119714975,9.282226528739557e-05,0.7861981391906738,,
1790036312.3301167,RAW_IMU,,,,,,,,,0,0,-1008,0,0,1,,,,,
1790036312.340274,ATTITUDE,,,,,,,,,,,,,,,0.0028180868830531836,0.00013569901057053357,0.7861972451210022,,
1790036312.3418512,RAW_IMU,,,,,,,,,0,0,-1008,0,3,1,,,,,
1790036312.3633702,ATTITUDE,,,,,,,,,,,,,,,0.0027846761513501406,9.666231198934838e-05,0.7861974239349365,,
1790036312.364332,RAW_IMU,,,,,,,,,0,0,-1008,0,0,1,,,,,
1790036312.3952982,ATTITUDE,,,,,,,,,,,,,,,0.002781599061563611,0.00013643325655721128,0.7861939072608948,,
1790036312.3974993,RAW_IMU,,,,,,,,,0,0,-1008,1,3,1,,,,,
1790036312.4040122,ATTITUDE,,,,,,,,,,,,,,,0.0027806335128843784,0.00013522863446269184,0.7861950993537903,,
1790036312.406591,RAW_IMU,,,,,,,,,0,0,-1008,2,1,1,,,,,
1790036312.4079638,GLOBAL_POSITION_INT,-35.3611306,149.1678509,590.94,9.224,-0.04,-0.01,0.51,45.04,,,,,,,,,,,
1790036312.4112494,GPS_RAW_INT,,,,,,,,,,,,,,,,,,6,10
1790036312.424578,ATTITUDE,,,,,,,,,,,,,,,0.0027576356660574675,0.00013279584527481347,0.7861993312835693,,
1790036312.4266055,RAW_IMU,,,,,,,,,0,0,-1007,0,1,1,,,,,
1790036312.4419556,ATTITUDE,,,,,,,,,,,,,,,0.0027809904422611,0.00013107342238072306,0.7862077355384827,,
1790036312.444543,RAW_IMU,,,,,,,,,0,0,-1007,2,1,1,,,,,
1790036312.4633358,ATTITUDE,,,,,,,,,,,,,,,0.002735927700996399,0.00012993151904083788,0.7862183451652527,,
1790036312.463857,RAW_IMU,,,,,,,,,0,0,-1007,0,1,2,,,,,
1790036312.483735,ATTITUDE,,,,,,,,,,,,,,,0.0027381451800465584,0.00012831026106141508,0.7862215042114258,,
1790036312.4875696,RAW_IMU,,,,,,,,,0,0,-1007,1,1,2,,,,,
1790036312.5047183,ATTITUDE,,,,,,,,,,,,,,,0.0027396036311984062,0.00012385503214318305,0.7862224578857422,,
1790036312.5063396,RAW_IMU,,,,,,,,,0,0,-1007,1,1,1,,,,,
1790036312.510064,GLOBAL_POSITION_INT,-35.3611306,149.1678509,590.89,9.173,-0.04,-0.01,0.5,45.04,,,,,,,,,,,
1790036312.5110805,GPS_RAW_INT,,,,,,,,,,,,,,,,,,6,10
1790036312.5243838,ATTITUDE,,,,,,,,,,,,,,,0.00274060876108706,0.00012044810864608735,0.7862275838851929,,
1790036312.5248747,RAW_IMU,,,,,,,,,0,0,-1007,1,1,2,,,,,
1790036312.5486758,ATTITUDE,,,,,,,,,,,,,,,0.0027446006424725056,0.00011698866728693247,0.7862324118614197,,
1790036312.5489962,RAW_IMU,,,,,,,,,0,0,-1007,1,1,2,,,,,
1790036312.563595,ATTITUDE,,,,,,,,,,,,,,,0.002746609738096595,0.00011467876902315766,0.7862365245819092,,
1790036312.564672,RAW_IMU,,,,,,,,,0,0,-1007,1,1,1,,,,,
1790036312.5825832,ATTITUDE,,,,,,,,,,,,,,,0.002749299630522728,0.00011277950397925451,0.78624027967453,,
1790036312.5834508,RAW_IMU,,,,,,,,,0,0,-1007,1,1,2,,,,,
1790036312.6001923,ATTITUDE,,,,,,,,,,,,,,,0.002753036329522729,0.00011014658230124041,0.7862445116043091,,
1790036312.6008716,RAW_IMU,,,,,,,,,0,0,-1007,1,1,1,,,,,
1790036312.6061187,GLOBAL_POSITION_INT,-35.3611306,149.1678509,590.84,9.122,-0.04,-0.01,0.5,45.04,,,,,,,,,,,
1790036312.6077452,GPS_RAW_INT,,,,,,,,,,,,,,,,,,6,10
1790036312.6232436,ATTITUDE,,,,,,,,,,,,,,,0.002755948342382908,0.00010974074393743649,0.7862510681152344,,
1790036312.623822,RAW_IMU,,,,,,,,,0,0,-1007,1,1,1,,,,,
1790036312.640912,ATTITUDE,,,,,,,,,,,,,,,0.0027602205518633127,0.00012060829612892121,0.7862586379051208,,
1790036312.6413944,RAW_IMU,,,,,,,,,0,0,-1006,1,1,1,,,,,
1790036312.6637995,ATTITUDE,,,,,,,,,,,,,,,0.0027290452271699905,0.0001391206751577556,0.7862670421600342,,
1790036312.664263,RAW_IMU,,,,,,,,,0,0,-1005,0,2,1,,,,,
1790036312.6819413,ATTITUDE,,,,,,,,,,,,,,,0.0027344210539013147,0.000188775040442124,0.7862669825553894,,
1790036312.6824157,RAW_IMU,,,,,,,,,0,0,-1005,1,3,1,,,,,
1790036312.6992767,ATTITUDE,,,,,,,,,,,,,,,0.0026764990761876106,0.0001816285657696426,0.786263108253479,,
1790036312.7001324,RAW_IMU,,,,,,,,,0,0,-1005,-1,1,1,,,,,
1790036312.7051573,GLOBAL_POSITION_INT,-35.3611306,149.1678508,590.79,9.071,-0.04,-0.01,0.49,45.04,,,,,,,,,,,
1790036312.7056007,GPS_RAW_INT,,,,,,,,,,,,,,,,,,6,10
1790036312.7233179,ATTITUDE,,,,,,,,,,,,,,,0.0026832609437406063,0.0002660026657395065,0.786261796951294,,
1790036312.723759,RAW_IMU,,,,,,,,,0,0,-1005,2,5,1,,,,,
1790036312.7422965,ATTITUDE,,,,,,,,,,,,,,,0.002618374302983284,0.0002724570513237268,0.786259651184082,,
1790036312.7433274,RAW_IMU,,,,,,,,,0,0,-1004,-1,2,1,,,,,
1790036312.7623546,ATTITUDE,,,,,,,,,,,,,,,0.0026342400815337896,0.00034560609492473304,0.7862576842308044,,
1790036312.763225,RAW_IMU,,,,,,,,,0,0,-1004,2,4,1,,,,,
1790036312.7821987,ATTITUDE,,,,,,,,,,,,,,,0.0025886157527565956,0.0003980140609201044,0.7862560749053955,,
1790036312.7834437,RAW_IMU,,,,,,,,,0,0,-1004,0,5,1,,,,,
1790036312.8022106,ATTITUDE,,,,,,,,,,,,,,,0.0025724368169903755,0.00044356106081977487,0.7862539887428284,,
1790036312.803231,RAW_IMU,,,,,,,,,0,0,-1004,0,3,1,,,,,
1790036312.8095133,GLOBAL_POSITION_INT,-35.3611307,149.1678508,590.74,9.021,-0.04,-0.01,0.49,45.04,,,,,,,,,,,
1790036312.810291,GPS_RAW_INT,,,,,,,,,,,,,,,,,,6,10
1790036312.8229644,ATTITUDE,,,,,,,,,,,,,,,0.0025761013384908438,0.0005321711651049554,0.786253035068512,,
1790036312.824852,RAW_IMU,,,,,,,,,0,0,-1003,1,5,1,,,,,
1790036312.8426876,ATTITUDE,,,,,,,,,,,,,,,0.0025812769308686256,0.0006076298304833472,0.7862544655799866,,
1790036312.8441508,RAW_IMU,,,,,,,,,0,0,-1003,1,5,1,,,,,
1790036312.8582504,ATTITUDE,,,,,,,,,,,,,,,0.0025864252820611,0.0006807814934290946,0.7862564325332642,,
1790036312.862561,RAW_IMU,,,,,,,,,0,0,-1003,1,5,1,,,,,
1790036312.8953133,ATTITUDE,,,,,,,,,,,,,,,0.002589357551187277,0.00075018301140517,0.7862517237663269,,
1790036312.8963485,RAW_IMU,,,,,,,,,0,0,-1003,1,4,1,,,,,
1790036312.9005873,ATTITUDE,,,,,,,,,,,,,,,0.0025883375201374292,0.0008123234147205949,0.7862440347671509,,
1790036312.901573,RAW_IMU,,,,,,,,,0,0,-1003,1,4,1,,,,,
1790036312.9073527,GLOBAL_POSITION_INT,-35.3611307,149.1678508,590.69,8.971,-0.04,-0.01,0.49,45.04,,,,,,,,,,,
1790036312.9084127,GPS_RAW_INT,,,,,,,,,,,,,,,,,,6,10
1790036312.921113,ATTITUDE,,,,,,,,,,,,,,,0.0025870196986943483,0.0008743926882743835,0.7862374782562256,,
1790036312.9229453,RAW_IMU,,,,,,,,,0,0,-1003,1,4,1,,,,,
1790036312.944471,ATTITUDE,,,,,,,,,,,,,,,0.0025865924544632435,0.0009328050655312836,0.7862337827682495,,
1790036312.9459438,RAW_IMU,,,,,,,,,0,0,-1003,1,4,1,,,,,
1790036312.9586878,ATTITUDE,,,,,,,,,,,,,,,0.0025865661446005106,0.0009902435122057796,0.7862306833267212,,
1790036312.960116,RAW_IMU,,,,,,,,,0,0,-1003,1,4,1,,,,,
1790036312.979469,ATTITUDE,,,,,,,,,,,,,,,0.002586297458037734,0.0010456452146172523,0.7862250804901123,,
1790036312.9811127,RAW_IMU,,,,,,,,,0,0,-1003,1,4,1,,,,,
1790036312.9992921,ATTITUDE,,,,,,,,,,,,,,,0.0025875295978039503,0.0010934779420495033,0.7862213253974915,,
1790036313.0013907,RAW_IMU,,,,,,,,,0,0,-1003,1,4,1,,,,,
1790036313.0068135,GLOBAL_POSITION_INT,-35.3611307,149.1678508,590.64,8.922,-0.04,-0.01,0.48,45.04,,,,,,,,,,,
1790036313.0080235,GPS_RAW_INT,,,,,,,,,,,,,,,,,,6,10
1790036313.0205445,ATTITUDE,,,,,,,,,,,,,,,0.0025900504551827908,0.0011378619819879532,0.7862206697463989,,
1790036313.0227027,RAW_IMU,,,,,,,,,0,0,-1003,1,3,1,,,,,
1790036313.041687,ATTITUDE,,,,,,,,,,,,,,,0.00257276208139956,0.0011527376482263207,0.7862233519554138,,
1790036313.0435407,RAW_IMU,,,,,,,,,0,0,-1001,0,2,1,,,,,
1790036313.0624423,ATTITUDE,,,,,,,,,,,,,,,0.0025848227087408304,0.0011820952640846372,0.786227822303772,,
1790036313.0636926,RAW_IMU,,,,,,,,,0,0,-1001,2,2,1,,,,,
1790036313.083072,ATTITUDE,,,,,,,,,,,,,,,0.002538285916671157,0.0011769335251301527,0.786225438117981,,
1790036313.0847156,RAW_IMU,,,,,,,,,0,0,-1001,0,1,1,,,,,
1790036313.1008048,ATTITUDE,,,,,,,,,,,,,,,0.0025455018039792776,0.0012045188341289759,0.7862203121185303,,
1790036313.1014695,RAW_IMU,,,,,,,,,0,0,-1001,2,2,1,,,,,
1790036313.106918,GLOBAL_POSITION_INT,-35.3611307,149.1678508,590.59,8.872,-0.03,-0.01,0.48,45.04,,,,,,,,,,,
1790036313.10784,GPS_RAW_INT,,,,,,,,,,,,,,,,,,6,10
1790036313.1193533,ATTITUDE,,,,,,,,,,,,,,,0.00249875639565289,0.0012141662882640958,0.7862159013748169,,
1790036313.1202273,RAW_IMU,,,,,,,,,0,0,-1001,0,2,1,,,,,
1790036313.1375973,ATTITUDE,,,,,,,,,,,,,,,0.002522320719435811,0.0012062633177265525,0.7862134575843811,,
1790036313.1380935,RAW_IMU,,,,,,,,,0,0,-1001,2,0,1,,,,,
1790036313.16055,ATTITUDE,,,,,,,,,,,,,,,0.0024831232149153948,0.0012296572094783187,0.7862133979797363,,
1790036313.161075,RAW_IMU,,,,,,,,,0,0,-1001,0,3,1,,,,,
1790036313.178205,ATTITUDE,,,,,,,,,,,,,,,0.002517299959436059,0.0012258481001481414,0.7862111926078796,,
1790036313.1787257,RAW_IMU,,,,,,,,,0,0,-1001,3,1,1,,,,,
1790036313.2013326,ATTITUDE,,,,,,,,,,,,,,,0.002487530466169119,0.001250339555554092,0.7862109541893005,,
1790036313.2018125,RAW_IMU,,,,,,,,,0,0,-1001,0,3,1,,,,,
1790036313.207669,GLOBAL_POSITION_INT,-35.3611307,149.1678508,590.54,8.823,-0.03,-0.01,0.48,45.04,,,,,,,,,,,
1790036313.2084363,GPS_RAW_INT,,,,,,,,,,,,,,,,,,6,10
1790036313.2191525,ATTITUDE,,,,,,,,,,,,,,,0.002524652285501361,0.00124630075879395,0.7862116098403931,,
1790036313.2198386,RAW_IMU,,,,,,,,,0,0,-1001,3,1,1,,,,,
1790036313.241978,ATTITUDE,,,,,,,,,,,,,,,0.0024975824635475874,0.0012718273792415857,0.7862162590026855,,
1790036313.2422905,RAW_IMU,,,,,,,,,0,0,-1001,0,2,1,,,,,
1790036313.2597804,ATTITUDE,,,,,,,,,,,,,,,0.0025427055079489946,0.0012574178399518132,0.7862200140953064,,
1790036313.2606282,RAW_IMU,,,,,,,,,0,0,-1001,3,0,1,,,,,
1790036313.2779064,ATTITUDE,,,,,,,,,,,,,,,0.0025148733984678984,0.0012865408789366484,0.7862184643745422,,
1790036313.2790246,RAW_IMU,,,,,,,,,0,0,-1001,0,3,1,,,,,
1790036313.2979524,ATTITUDE,,,,,,,,,,,,,,,0.0025139031931757927,0.0012729917652904987,0.7862136363983154,,
1790036313.2998922,RAW_IMU,,,,,,,,,0,0,-1000,1,1,1,,,,,
1790036313.306996,GLOBAL_POSITION_INT,-35.3611307,149.1678507,590.49,8.773,-0.03,0.0,0.48,45.04,,,,,,,,,,,
1790036313.3087988,GPS_RAW_INT,,,,,,,,,,,,,,,,,,6,10
1790036313.3190384,ATTITUDE,,,,,,,,,,,,,,,0.0025130829308182,0.0012617064639925957,0.7862100005149841,,
1790036313.3203003,RAW_IMU,,,,,,,,,0,0,-1000,1,1,1,,,,,
1790036313.338617,ATTITUDE,,,,,,,,,,,,,,,0.0025135024916380644,0.0012504833284765482,0.7862073183059692,,
1790036313.3404179,RAW_IMU,,,,,,,,,0,0,-1000,1,1,1,,,,,
1790036313.3588665,ATTITUDE,,,,,,,,,,,,,,,0.0025142785161733627,0.0012405721936374903,0.786206066608429,,
1790036313.3607388,RAW_IMU,,,,,,,,,0,0,-1000,1,1,1,,,,,
1790036313.3916092,ATTITUDE,,,,,,,,,,,,,,,0.0025323270820081234,0.001248287153430283,0.7862012982368469,,
1790036313.3926814,RAW_IMU,,,,,,,,,0,0,-1000,2,1,1,,,,,
1790036313.3993428,ATTITUDE,,,,,,,,,,,,,,,0.002551671350374818,0.001257622498087585,0.7861998677253723,,
1790036313.4015431,RAW_IMU,,,,,,,,,0,0,-1000,2,2,1,,,,,
1790036313.4064302,GLOBAL_POSITION_INT,-35.3611307,149.1678507,590.44,8.724,-0.03,0.0,0.48,45.04,,,,,,,,,,,
1790036313.4074795,GPS_RAW_INT,,,,,,,,,,,,,,,,,,6,10
1790036313.419127,ATTITUDE,,,,,,,,,,,,,,,0.0025715844240039587,0.0012709182919934392,0.7861993908882141,,
1790036313.420422,RAW_IMU,,,,,,,,,0,0,-1000,2,2,1,,,,,
1790036313.4393446,ATTITUDE,,,,,,,,,,,,,,,0.002591534983366728,0.0013187964214012027,0.7862018942832947,,
1790036313.4409103,RAW_IMU,,,,,,,,,0,0,-1000,2,3,1,,,,,
1790036313.4600914,ATTITUDE,,,,,,,,,,,,,,,0.0026109241880476475,0.0013636917574331164,0.7862042784690857,,
1790036313.4624586,RAW_IMU,,,,,,,,,0,0,-1000,2,3,1,,,,,
1790036313.4815097,ATTITUDE,,,,,,,,,,,,,,,0.0026273035909980536,0.0014049538876861334,0.7862020134925842,,
1790036313.4836822,RAW_IMU,,,,,,,,,0,0,-1000,2,3,1,,,,,
1790036313.500949,ATTITUDE,,,,,,,,,,,,,,,0.0026372720021754503,0.001443097717128694,0.7861982583999634,,
1790036313.5026917,RAW_IMU,,,,,,,,,0,0,-1001,2,3,1,,,,,
1790036313.5078106,GLOBAL_POSITION_INT,-35.3611307,149.1678507,590.39,8.674,-0.03,0.0,0.48,45.04,,,,,,,,,,,
1790036313.5088372,GPS_RAW_INT,,,,,,,,,,,,,,,,,,6,10
1790036313.5215836,ATTITUDE,,,,,,,,,,,,,,,0.002662953920662403,0.0014810377033427358,0.7861992120742798,,
1790036313.5240417,RAW_IMU,,,,,,,,,0,0,-1001,3,3,1,,,,,
1790036313.5431223,ATTITUDE,,,,,,,,,,,,,,,0.00266210432164371,0.0015170670812949538,0.7862038016319275,,
1790036313.544222,RAW_IMU,,,,,,,,,0,0,-1001,1,3,1,,,,,
1790036313.5623195,ATTITUDE,,,,,,,,,,,,,,,0.0027010648045688868,0.0015518792206421494,0.7862108945846558,,
1790036313.563659,RAW_IMU,,,,,,,,,0,0,-1000,3,3,2,,,,,
1790036313.582723,ATTITUDE,,,,,,,,,,,,,,,0.002677408279851079,0.001584692858159542,0.7862167954444885,,
1790036313.5841687,RAW_IMU,,,,,,,,,0,0,-1000,0,3,2,,,,,
1790036313.6026812,ATTITUDE,,,,,,,,,,,,,,,0.002723927842453122,0.0016177011420950294,0.7862269878387451,,
1790036313.6042135,RAW_IMU,,,,,,,,,0,0,-1000,3,3,2,,,,,
1790036313.6104321,GLOBAL_POSITION_INT,-35.3611307,149.1678507,590.34,8.625,-0.03,0.0,0.48,45.04,,,,,,,,,,,
1790036313.6113758,GPS_RAW_INT,,,,,,,,,,,,,,,,,,6,10
1790036313.6182685,ATTITUDE,,,,,,,,,,,,,,,0.0027543113101273775,0.0016499601770192385,0.7862388491630554,,
1790036313.6203084,RAW_IMU,,,,,,,,,0,0,-1000,3,3,2,,,,,
1790036313.642237,ATTITUDE,,,,,,,,,,,,,,,0.0027843103744089603,0.0016827138606458902,0.7862532138824463,,
1790036313.64413,RAW_IMU,,,,,,,,,0,0,-1000,3,3,2,,,,,
1790036313.6627662,ATTITUDE,,,,,,,,,,,,,,,0.00281890039332211,0.0017185001634061337,0.7862687110900879,,
1790036313.6640427,RAW_IMU,,,,,,,,,0,0,-1000,3,3,2,,,,,
1790036313.6824653,ATTITUDE,,,,,,,,,,,,,,,0.0028435818385332823,0.0017451585736125708,0.7862746119499207,,
1790036313.6837664,RAW_IMU,,,,,,,,,0,0,-1000,2,2,2,,,,,
1790036313.7007244,ATTITUDE,,,,,,,,,,,,,,,0.0028675443027168512,0.0017686387291178107,0.7862802147865295,,
1790036313.701608,RAW_IMU,,,,,,,,,0,0,-1000,2,2,2,,,,,
1790036313.7067502,GLOBAL_POSITION_INT,-35.3611307,149.1678507,590.29,8.576,-0.03,0.0,0.48,45.05,,,,,,,,,,,
1790036313.7075377,GPS_RAW_INT,,,,,,,,,,,,,,,,,,6,10
1790036313.720254,ATTITUDE,,,,,,,,,,,,,,,0.002889764728024602,0.0017929786117747426,0.7862880229949951,,
1790036313.7206755,RAW_IMU,,,,,,,,,0,0,-1000,2,2,2,,,,,
1790036313.743513,ATTITUDE,,,,,,,,,,,,,,,0.0029124366119503975,0.0018163655186071992,0.7862948179244995,,
1790036313.7445226,RAW_IMU,,,,,,,,,0,0,-1000,2,2,2,,,,,
1790036313.763759,ATTITUDE,,,,,,,,,,,,,,,0.0029336134903132915,0.0018396461382508278,0.7863020896911621,,
1790036313.7647653,RAW_IMU,,,,,,,,,0,0,-1000,2,2,2,,,,,
1790036313.7839165,ATTITUDE,,,,,,,,,,,,,,,0.0029547640588134527,0.0018742175307124853,0.786307692527771,,
1790036313.785366,RAW_IMU,,,,,,,,,0,0,-1000,2,3,2,,,,,
1790036313.8043685,ATTITUDE,,,,,,,,,,,,,,,0.0029761840123683214,0.00190297095105052,0.7863134145736694,,
1790036313.8054318,RAW_IMU,,,,,,,,,0,0,-1000,2,3,1,,,,,
1790036313.8073702,GLOBAL_POSITION_INT,-35.3611308,149.1678507,590.24,8.526,-0.03,0.0,0.49,45.05,,,,,,,,,,,
1790036313.8081098,GPS_RAW_INT,,,,,,,,,,,,,,,,,,6,10
1790036313.8253999,ATTITUDE,,,,,,,,,,,,,,,0.0029959878884255886,0.0019230440957471728,0.7863212823867798,,
1790036313.8270807,RAW_IMU,,,,,,,,,0,0,-1000,2,2,1,,,,,
1790036313.8399684,ATTITUDE,,,,,,,,,,,,,,,0.0030173487029969692,0.0019438439048826694,0.7863309979438782,,
1790036313.8418934,RAW_IMU,,,,,,,,,0,0,-1000,2,2,1,,,,,
1790036313.8602097,ATTITUDE,,,,,,,,,,,,,,,0.0030377351213246584,0.001964722527191043,0.786340594291687,,
1790036313.8618317,RAW_IMU,,,,,,,,,0,0,-1000,2,2,1,,,,,
1790036313.8940606,ATTITUDE,,,,,,,,,,,,,,,0.003014557296410203,0.001982453977689147,0.7863432168960571,,
1790036313.8955657,RAW_IMU,,,,,,,,,0,0,-1000,0,2,1,,,,,
1790036313.9011595,ATTITUDE,,,,,,,,,,,,,,,0.002974557690322399,0.0019961362704634666,0.7863454222679138,,
1790036313.90289,RAW_IMU,,,,,,,,,0,0,-1000,0,2,1,,,,,
1790036313.9081361,GLOBAL_POSITION_INT,-35.3611308,149.1678507,590.19,8.476,-0.03,0.0,0.49,45.05,,,,,,,,,,,
1790036313.9093616,GPS_RAW_INT,,,,,,,,,,,,,,,,,,6,10
1790036313.9227922,ATTITUDE,,,,,,,,,,,,,,,0.0029371301643550396,0.002010273514315486,0.7863492965698242,,
1790036313.924428,RAW_IMU,,,,,,,,,0,0,-1000,0,2,2,,,,,
1790036313.9443314,ATTITUDE,,,,,,,,,,,,,,,0.002900727093219757,0.0020232019014656544,0.7863539457321167,,
1790036313.9454753,RAW_IMU,,,,,,,,,0,0,-1000,0,2,1,,,,,
1790036313.9652793,ATTITUDE,,,,,,,,,,,,,,,0.002867569448426366,0.002044422086328268,0.7863584756851196,,
1790036313.9668877,RAW_IMU,,,,,,,,,0,0,-1000,0,2,1,,,,,
1790036313.9852,ATTITUDE,,,,,,,,,,,,,,,0.0028342576697468758,0.002062332583591342,0.7863612174987793,,
1790036313.9872246,RAW_IMU,,,,,,,,,0,0,-1000,0,2,1,,,,,
1790036314.0052538,ATTITUDE,,,,,,,,,,,,,,,0.0028034886345267296,0.0021104710176587105,0.7863634824752808,,
1790036314.0068467,RAW_IMU,,,,,,,,,0,0,-1001,0,3,1,,,,,
1790036314.0091443,GLOBAL_POSITION_INT,-35.3611308,149.1678507,590.14,8.427,-0.03,0.0,0.49,45.05,,,,,,,,,,,
1790036314.0109332,GPS_RAW_INT,,,,,,,,,,,,,,,,,,6,10
1790036314.021217,ATTITUDE,,,,,,,,,,,,,,,0.0027748190332204103,0.0021276534534990788,0.7863643765449524,,
1790036314.0232038,RAW_IMU,,,,,,,,,0,0,-1001,0,3,1,,,,,
1790036314.0410242,ATTITUDE,,,,,,,,,,,,,,,0.0027481107972562313,0.0021590539254248142,0.7863653302192688,,
1790036314.0430512,RAW_IMU,,,,,,,,,0,0,-1001,0,2,1,,,,,
1790036314.0608332,ATTITUDE,,,,,,,,,,,,,,,0.0027230908162891865,0.0022041150368750095,0.7863653898239136,,
1790036314.0627763,RAW_IMU,,,,,,,,,0,0,-1001,0,4,1,,,,,
1790036314.0829935,ATTITUDE,,,,,,,,,,,,,,,0.0026940228417515755,0.00219197990372777,0.7863561511039734,,
1790036314.0845895,RAW_IMU,,,,,,,,,0,0,-1000,0,0,1,,,,,
1790036314.1040323,ATTITUDE,,,,,,,,,,,,,,,0.0026656377594918013,0.002234361134469509,0.7863448858261108,,
1790036314.105539,RAW_IMU,,,,,,,,,0,0,-1000,0,3,1,,,,,
1790036314.1070478,GLOBAL_POSITION_INT,-35.3611308,149.1678507,590.09,8.377,-0.03,0.0,0.49,45.05,,,,,,,,,,,
1790036314.1079984,GPS_RAW_INT,,,,,,,,,,,,,,,,,,6,10
1790036314.1249638,ATTITUDE,,,,,,,,,,,,,,,0.002640282269567251,0.002274816855788231,0.7863360643386841,,
1790036314.126726,RAW_IMU,,,,,,,,,0,0,-1000,0,3,1,,,,,
1790036314.1529033,ATTITUDE,,,,,,,,,,,,,,,0.002614755416288972,0.0023141922429203987,0.7863278985023499,,
1790036314.1545007,RAW_IMU,,,,,,,,,0,0,-1000,0,3,1,,,,,
1790036314.1615822,ATTITUDE,,,,,,,,,,,,,,,0.0025919589679688215,0.0023531049955636263,0.7863197922706604,,
1790036314.162886,RAW_IMU,,,,,,,,,0,0,-1000,0,3,1,,,,,
1790036314.181764,ATTITUDE,,,,,,,,,,,,,,,0.0025684169959276915,0.0023904372937977314,0.786311149597168,,
1790036314.183704,RAW_IMU,,,,,,,,,0,0,-1000,0,3,1,,,,,
1790036314.201752,ATTITUDE,,,,,,,,,,,,,,,0.002548109507188201,0.002427430124953389,0.7863043546676636,,
1790036314.2028646,RAW_IMU,,,,,,,,,0,0,-1000,0,3,1,,,,,
1790036314.2086809,GLOBAL_POSITION_INT,-35.3611308,149.1678507,590.04,8.328,-0.03,0.0,0.49,45.05,,,,,,,,,,,
1790036314.2097626,GPS_RAW_INT,,,,,,,,,,,,,,,,,,6,10
1790036314.2227716,ATTITUDE,,,,,,,,,,,,,,,0.0025296402163803577,0.0024637116584926844,0.7862991690635681,,
1790036314.2244265,RAW_IMU,,,,,,,,,0,0,-1000,0,3,1,,,,,
1790036314.2441902,ATTITUDE,,,,,,,,,,,,,,,0.0025107567198574543,0.0025002353359013796,0.7862961888313293,,
1790036314.2455115,RAW_IMU,,,,,,,,,0,0,-1000,0,3,1,,,,,
1790036314.264012,ATTITUDE,,,,,,,,,,,,,,,0.002494457643479109,0.002536115236580372,0.7862945199012756,,
1790036314.2662442,RAW_IMU,,,,,,,,,0,0,-1000,0,3,1,,,,,
1790036314.2846699,ATTITUDE,,,,,,,,,,,,,,,0.0024750016164034605,0.0025676789227873087,0.7862866520881653,,
1790036314.2868948,RAW_IMU,,,,,,,,,0,0,-1000,0,3,1,,,,,
1790036314.3040762,ATTITUDE,,,,,,,,,,,,,,,0.002453277353197336,0.002545385155826807,0.7862766981124878,,
1790036314.3052168,RAW_IMU,,,,,,,,,0,0,-1000,0,0,1,,,,,
1790036314.3069818,GLOBAL_POSITION_INT,-35.3611308,149.1678507,589.99,8.278,-0.03,0.0,0.49,45.05,,,,,,,,,,,
1790036314.307769,GPS_RAW_INT,,,,,,,,,,,,,,,,,,6,10
1790036314.323187,ATTITUDE,,,,,,,,,,,,,,,0.0024347242433577776,0.0025199642404913902,0.7862676978111267,,
1790036314.323858,RAW_IMU,,,,,,,,,0,0,-1000,0,0,1,,,,,
1790036314.3406577,ATTITUDE,,,,,,,,,,,,,,,0.0024169664829969406,0.002495757071301341,0.7862595319747925,,
1790036314.3416128,RAW_IMU,,,,,,,,,0,0,-1000,0,0,1,,,,,
1790036314.363986,ATTITUDE,,,,,,,,,,,,,,,0.0024002310819923878,0.002472537336871028,0.7862525582313538,,
1790036314.3646715,RAW_IMU,,,,,,,,,0,0,-1000,0,0,1,,,,,
1790036314.3849177,ATTITUDE,,,,,,,,,,,,,,,0.0023827042896300554,0.002451087348163128,0.7862450480461121,,
1790036314.3862438,RAW_IMU,,,,,,,,,0,0,-1000,0,0,1,,,,,
1790036314.404416,ATTITUDE,,,,,,,,,,,,,,,0.002368187066167593,0.0024302597157657146,0.7862398624420166,,
1790036314.4056404,RAW_IMU,,,,,,,,,0,0,-1000,0,0,1,,,,,
1790036314.407736,GLOBAL_POSITION_INT,-35.3611308,149.1678507,589.94,8.228,-0.03,0.0,0.49,45.04,,,,,,,,,,,
1790036314.409145,GPS_RAW_INT,,,,,,,,,,,,,,,,,,6,10
1790036314.4249144,ATTITUDE,,,,,,,,,,,,,,,0.0023555431980639696,0.002412299858406186,0.786235511302948,,
1790036314.4264686,RAW_IMU,,,,,,,,,0,0,-1000,1,0,1,,,,,
1790036314.4400432,ATTITUDE,,,,,,,,,,,,,,,0.002344172215089202,0.0023957437369972467,0.7862331867218018,,
1790036314.4415495,RAW_IMU,,,,,,,,,0,0,-1000,1,0,1,,,,,
1790036314.4620733,ATTITUDE,,,,,,,,,,,,,,,0.002332704607397318,0.002379914978519082,0.7862330675125122,,
1790036314.4633348,RAW_IMU,,,,,,,,,0,0,-1000,1,0,1,,,,,
1790036314.4833946,ATTITUDE,,,,,,,,,,,,,,,0.0023189072962850332,0.002361266640946269,0.7862270474433899,,
1790036314.4851348,RAW_IMU,,,,,,,,,0,0,-1000,1,0,1,,,,,
1790036314.50367,ATTITUDE,,,,,,,,,,,,,,,0.0022911105770617723,0.0023423535749316216,0.7862190008163452,,
1790036314.5048444,RAW_IMU,,,,,,,,,0,0,-1000,0,0,1,,,,,
1790036314.510176,GLOBAL_POSITION_INT,-35.3611308,149.1678507,589.89,8.178,-0.03,0.0,0.49,45.04,,,,,,,,,,,
1790036314.5109863,GPS_RAW_INT,,,,,,,,,,,,,,,,,,6,10
1790036314.5237277,ATTITUDE,,,,,,,,,,,,,,,0.0023180777207016945,0.0023250209633260965,0.7862157225608826,,
1790036314.5254402,RAW_IMU,,,,,,,,,0,0,-1001,2,0,1,,,,,
1790036314.5442915,ATTITUDE,,,,,,,,,,,,,,,0.0022800236474722624,0.002309593604877591,0.7862169742584229,,
1790036314.5462732,RAW_IMU,,,,,,,,,0,0,-1001,0,0,1,,,,,
1790036314.5643103,ATTITUDE,,,,,,,,,,,,,,,0.0023174528032541275,0.0022931862622499466,0.7862206101417542,,
1790036314.5650456,RAW_IMU,,,,,,,,,0,0,-1001,2,0,1,,,,,
1790036314.5837476,ATTITUDE,,,,,,,,,,,,,,,0.00232499442063272,0.0022782289888709784,0.7862244844436646,,
1790036314.5848932,RAW_IMU,,,,,,,,,0,0,-1001,2,0,1,,,,,
1790036314.603416,ATTITUDE,,,,,,,,,,,,,,,0.002345594810321927,0.002263924339786172,0.7862335443496704,,
1790036314.6043367,RAW_IMU,,,,,,,,,0,0,-1001,2,0,2,,,,,
1790036314.610092,GLOBAL_POSITION_INT,-35.3611308,149.1678506,589.84,8.129,-0.03,0.0,0.49,45.04,,,,,,,,,,,
1790036314.6109674,GPS_RAW_INT,,,,,,,,,,,,,,,,,,6,10
1790036314.6245203,ATTITUDE,,,,,,,,,,,,,,,0.0023791028652340174,0.002250359393656254,0.7862450480461121,,
1790036314.6258364,RAW_IMU,,,,,,,,,0,0,-1000,3,0,2,,,,,
1790036314.6482894,ATTITUDE,,,,,,,,,,,,,,,0.002387810265645385,0.002239418216049671,0.7862579226493835,,
1790036314.649279,RAW_IMU,,,,,,,,,0,0,-1000,1,0,2,,,,,
1790036314.6648917,ATTITUDE,,,,,,,,,,,,,,,0.0024290538858622313,0.002229879377409816,0.7862728834152222,,
1790036314.666509,RAW_IMU,,,,,,,,,0,0,-1000,3,0,2,,,,,
1790036314.6848369,ATTITUDE,,,,,,,,,,,,,,,0.002465086756274104,0.0022176445927470922,0.7862808704376221,,
1790036314.6866632,RAW_IMU,,,,,,,,,0,0,-1000,3,1,2,,,,,
1790036314.704375,ATTITUDE,,,,,,,,,,,,,,,0.0024983854964375496,0.0022029203828424215,0.7862868309020996,,
1790036314.7054532,RAW_IMU,,,,,,,,,0,0,-1000,3,1,2,,,,,
1790036314.706878,GLOBAL_POSITION_INT,-35.3611308,149.1678506,589.79,8.079,-0.03,0.0,0.49,45.05,,,,,,,,,,,
1790036314.7076588,GPS_RAW_INT,,,,,,,,,,,,,,,,,,6,10
1790036314.7250361,ATTITUDE,,,,,,,,,,,,,,,0.002530001802369952,0.0021809316240251064,0.786292552947998,,
1790036314.7259967,RAW_IMU,,,,,,,,,0,0,-1001,3,0,2,,,,,
1790036314.7442994,ATTITUDE,,,,,,,,,,,,,,,0.0025621973909437656,0.002207338809967041,0.7862961292266846,,
1790036314.7456653,RAW_IMU,,,,,,,,,0,0,-1001,3,2,1,,,,,
1790036314.7642884,ATTITUDE,,,,,,,,,,,,,,,0.002592560602352023,0.0021582574117928743,0.7862976789474487,,
1790036314.7657871,RAW_IMU,,,,,,,,,0,0,-1001,3,0,1,,,,,
1790036314.7842388,ATTITUDE,,,,,,,,,,,,,,,0.002621827181428671,0.002199659589678049,0.7862945199012756,,
1790036314.7854004,RAW_IMU,,,,,,,,,0,0,-1001,3,3,1,,,,,
1790036314.8041954,ATTITUDE,,,,,,,,,,,,,,,0.002651090966537595,0.0021720214281231165,0.7862898111343384,,
1790036314.80535,RAW_IMU,,,,,,,,,0,0,-1001,3,0,1,,,,,
1790036314.8066044,GLOBAL_POSITION_INT,-35.3611308,149.1678506,589.74,8.029,-0.03,0.0,0.49,45.05,,,,,,,,,,,
1790036314.8079913,GPS_RAW_INT,,,,,,,,,,,,,,,,,,6,10
1790036314.8246398,ATTITUDE,,,,,,,,,,,,,,,0.002680386882275343,0.0022003704216331244,0.7862850427627563,,
1790036314.8267207,RAW_IMU,,,,,,,,,0,0,-1000,3,2,1,,,,,
1790036314.8399472,ATTITUDE,,,,,,,,,,,,,,,0.002707482548430562,0.0021912530064582825,0.7862802147865295,,
1790036314.8418388,RAW_IMU,,,,,,,,,0,0,-1000,2,1,1,,,,,
1790036314.8597481,ATTITUDE,,,,,,,,,,,,,,,0.002734375186264515,0.0021982237230986357,0.78627610206604,,
1790036314.8611825,RAW_IMU,,,,,,,,,0,0,-1000,2,1,1,,,,,
1790036314.8918498,ATTITUDE,,,,,,,,,,,,,,,0.0027588398661464453,0.0022176855709403753,0.7862667441368103,,
1790036314.894572,RAW_IMU,,,,,,,,,0,0,-1000,2,2,1,,,,,
1790036314.8996758,ATTITUDE,,,,,,,,,,,,,,,0.002781636081635952,0.0022218339145183563,0.7862553596496582,,
1790036314.9010112,RAW_IMU,,,,,,,,,0,0,-1000,2,1,1,,,,,
1790036314.906585,GLOBAL_POSITION_INT,-35.3611308,149.1678506,589.69,7.979,-0.03,0.0,0.49,45.04,,,,,,,,,,,
1790036314.908085,GPS_RAW_INT,,,,,,,,,,,,,,,,,,6,10
1790036314.9198008,ATTITUDE,,,,,,,,,,,,,,,0.0027744437102228403,0.002225164556875825,0.7862462997436523,,
1790036314.9206629,RAW_IMU,,,,,,,,,0,0,-1000,1,1,1,,,,,
1790036314.939925,ATTITUDE,,,,,,,,,,,,,,,0.0028005456551909447,0.002230038633570075,0.78624027967453,,
1790036314.941536,RAW_IMU,,,,,,,,,0,0,-1000,2,1,1,,,,,
1790036314.9595537,ATTITUDE,,,,,,,,,,,,,,,0.0027663568034768105,0.002235707826912403,0.7862374782562256,,
1790036314.961044,RAW_IMU,,,,,,,,,0,0,-1001,0,1,1,,,,,
1790036314.979979,ATTITUDE,,,,,,,,,,,,,,,0.002815855434164405,0.0022414159029722214,0.7862370610237122,,
1790036314.9815242,RAW_IMU,,,,,,,,,0,0,-1001,3,1,1,,,,,
1790036314.999691,ATTITUDE,,,,,,,,,,,,,,,0.0027859711553901434,0.002246527001261711,0.7862411737442017,,
1790036315.000844,RAW_IMU,,,,,,,,,0,0,-1001,0,1,1,,,,,
1790036315.006768,GLOBAL_POSITION_INT,-35.3611308,149.1678506,589.64,7.929,-0.03,0.0,0.49,45.04,,,,,,,,,,,
1790036315.007819,GPS_RAW_INT,,,,,,,,,,,,,,,,,,6,10
1790036315.0199885,ATTITUDE,,,,,,,,,,,,,,,0.0028177592903375626,0.0022531282156705856,0.7862476706504822,,
1790036315.0213928,RAW_IMU,,,,,,,,,0,0,-1000,2,1,1,,,,,
1790036315.040468,ATTITUDE,,,,,,,,,,,,,,,0.0028473068960011005,0.0022597424685955048,0.7862573862075806,,
1790036315.04143,RAW_IMU,,,,,,,,,0,0,-1000,3,1,1,,,,,
1790036315.059832,ATTITUDE,,,,,,,,,,,,,,,0.002870748518034816,0.002267291769385338,0.786267101764679,,
1790036315.0610907,RAW_IMU,,,,,,,,,0,0,-1000,2,1,1,,,,,
1790036315.0798368,ATTITUDE,,,,,,,,,,,,,,,0.0028912508860230446,0.0022481053601950407,0.7862728834152222,,
1790036315.080413,RAW_IMU,,,,,,,,,0,0,-1000,2,0,1,,,,,
1790036315.0997274,ATTITUDE,,,,,,,,,,,,,,,0.0028834138065576553,0.002222323790192604,0.7862760424613953,,
1790036315.1011822,RAW_IMU,,,,,,,,,0,0,-1001,1,0,1,,,,,
1790036315.1068447,GLOBAL_POSITION_INT,-35.3611308,149.1678506,589.59,7.879,-0.03,0.0,0.49,45.05,,,,,,,,,,,
1790036315.1074133,GPS_RAW_INT,,,,,,,,,,,,,,,,,,6,10
1790036315.1200871,ATTITUDE,,,,,,,,,,,,,,,0.0028808589559048414,0.0021747821010649204,0.7862793207168579,,
1790036315.1217976,RAW_IMU,,,,,,,,,0,0,-1001,1,0,1,,,,,
1790036315.143505,ATTITUDE,,,,,,,,,,,,,,,0.0028671983163803816,0.0021432817447930574,0.7862825393676758,,
1790036315.1443474,RAW_IMU,,,,,,,,,0,0,-1001,1,0,1,,,,,
1790036315.1604414,ATTITUDE,,,,,,,,,,,,,,,0.0028300308622419834,0.002115583745762706,0.7862847447395325,,
1790036315.1616845,RAW_IMU,,,,,,,,,0,0,-1000,0,0,1,,,,,
1790036315.1804924,ATTITUDE,,,,,,,,,,,,,,,0.0027954070828855038,0.0020534535869956017,0.7862839102745056,,
1790036315.1818771,RAW_IMU,,,,,,,,,0,0,-1000,0,-1,1,,,,,
1790036315.2004287,ATTITUDE,,,,,,,,,,,,,,,0.0027634587604552507,0.0019947004038840532,0.7862852811813354,,
1790036315.2019885,RAW_IMU,,,,,,,,,0,0,-1000,0,-1,1,,,,,
1790036315.2074513,GLOBAL_POSITION_INT,-35.3611308,149.1678506,589.54,7.829,-0.03,0.0,0.49,45.05,,,,,,,,,,,
1790036315.2083976,GPS_RAW_INT,,,,,,,,,,,,,,,,,,6,10
1790036315.220039,ATTITUDE,,,,,,,,,,,,,,,0.0027321388479322195,0.0019362681778147817,0.7862878441810608,,
1790036315.221418,RAW_IMU,,,,,,,,,0,0,-1000,0,-1,1,,,,,
1790036315.2411525,ATTITUDE,,,,,,,,,,,,,,,0.0027032396756112576,0.001881501404568553,0.786292314529419,,
1790036315.2428246,RAW_IMU,,,,,,,,,0,0,-1000,0,-1,1,,,,,
1790036315.2608805,ATTITUDE,,,,,,,,,,,,,,,0.0026767223607748747,0.0018310945015400648,0.7862972021102905,,
1790036315.2619703,RAW_IMU,,,,,,,,,0,0,-1000,0,-1,1,,,,,
1790036315.2810974,ATTITUDE,,,,,,,,,,,,,,,0.0026502106338739395,0.0017804246162995696,0.7862988710403442,,
1790036315.282486,RAW_IMU,,,,,,,,,0,0,-1000,0,0,1,,,,,
1790036315.3007987,ATTITUDE,,,,,,,,,,,,,,,0.00264398823492229,0.0017379841301590204,0.7862985134124756,,
1790036315.301984,RAW_IMU,,,,,,,,,0,0,-1001,1,0,1,,,,,
1790036315.3098078,GLOBAL_POSITION_INT,-35.3611308,149.1678506,589.49,7.779,-0.03,0.0,0.49,45.05,,,,,,,,,,,
1790036315.3112183,GPS_RAW_INT,,,,,,,,,,,,,,,,,,6,10
1790036315.3210564,ATTITUDE,,,,,,,,,,,,,,,0.0025752021465450525,0.0016721186693757772,0.7862978577613831,,
1790036315.3232584,RAW_IMU,,,,,,,,,0,0,-1002,-1,-1,1,,,,,
1790036315.3420389,ATTITUDE,,,,,,,,,,,,,,,0.0025822643656283617,0.0016569847939535975,0.7862995266914368,,
1790036315.34297,RAW_IMU,,,,,,,,,0,0,-1001,1,1,1,,,,,
1790036315.362493,ATTITUDE,,,,,,,,,,,,,,,0.002511129481717944,0.0015928269131109118,0.7863009572029114,,
1790036315.3633244,RAW_IMU,,,,,,,,,0,0,-1001,-1,-1,1,,,,,
1790036315.388506,ATTITUDE,,,,,,,,,,,,,,,0.0025021610781550407,0.0015998390736058354,0.7863003611564636,,
1790036315.3896184,RAW_IMU,,,,,,,,,0,0,-1001,0,1,1,,,,,
1790036315.4028149,ATTITUDE,,,,,,,,,,,,,,,0.0024985196068882942,0.001557821175083518,0.7863000631332397,,
1790036315.40372,RAW_IMU,,,,,,,,,0,0,-1000,1,0,1,,,,,
1790036315.4103663,GLOBAL_POSITION_INT,-35.3611309,149.1678506,589.44,7.729,-0.03,0.0,0.49,45.05,,,,,,,,,,,
1790036315.4112375,GPS_RAW_INT,,,,,,,,,,,,,,,,,,6,10
1790036315.4231613,ATTITUDE,,,,,,,,,,,,,,,0.0024959794245660305,0.0015169343678280711,0.7863010764122009,,
1790036315.4245036,RAW_IMU,,,,,,,,,0,0,-1000,1,0,1,,,,,
1790036315.4381948,ATTITUDE,,,,,,,,,,,,,,,0.0024949165526777506,0.0014779474586248398,0.7863035202026367,,
1790036315.4397674,RAW_IMU,,,,,,,,,0,0,-1000,1,0,1,,,,,
1790036315.4589212,ATTITUDE,,,,,,,,,,,,,,,0.002494208514690399,0.0014432442840188742,0.7863077521324158,,
1790036315.4600558,RAW_IMU,,,,,,,,,0,0,-1000,1,0,1,,,,,
1790036315.479038,ATTITUDE,,,,,,,,,,,,,,,0.0024772523902356625,0.0014060575049370527,0.7863078713417053,,
1790036315.4802635,RAW_IMU,,,,,,,,,0,0,-1000,0,0,1,,,,,
1790036315.4990866,ATTITUDE,,,,,,,,,,,,,,,0.0024495471734553576,0.0013676448725163937,0.7863075733184814,,
1790036315.500123,RAW_IMU,,,,,,,,,0,0,-1000,0,0,1,,,,,
1790036315.5057127,GLOBAL_POSITION_INT,-35.3611309,149.1678506,589.39,7.679,-0.03,0.0,0.49,45.05,,,,,,,,,,,
1790036315.5069356,GPS_RAW_INT,,,,,,,,,,,,,,,,,,6,10
1790036315.5187998,ATTITUDE,,,,,,,,,,,,,,,0.002425593324005604,0.0013492644065991044,0.7863066792488098,,
1790036315.5198293,RAW_IMU,,,,,,,,,0,0,-1001,0,0,1,,,,,
1790036315.5394115,ATTITUDE,,,,,,,,,,,,,,,0.0024006047751754522,0.0013106935657560825,0.7863050699234009,,
1790036315.5403512,RAW_IMU,,,,,,,,,0,0,-1001,0,0,1,,,,,
1790036315.5594158,ATTITUDE,,,,,,,,,,,,,,,0.0023787699174135923,0.0013359118020161986,0.7863037586212158,,
1790036315.560326,RAW_IMU,,,,,,,,,0,0,-1001,0,2,1,,,,,
1790036315.5795655,ATTITUDE,,,,,,,,,,,,,,,0.002345925197005272,0.0012883376330137253,0.7862997651100159,,
1790036315.5815752,RAW_IMU,,,,,,,,,0,0,-1001,0,0,1,,,,,
1790036315.599464,ATTITUDE,,,,,,,,,,,,,,,0.0023476784117519855,0.0013214985374361277,0.7862963080406189,,
1790036315.600254,RAW_IMU,,,,,,,,,0,0,-1001,1,2,1,,,,,
1790036315.6065574,GLOBAL_POSITION_INT,-35.3611309,149.1678506,589.34,7.629,-0.03,0.0,0.49,45.05,,,,,,,,,,,
1790036315.6072834,GPS_RAW_INT,,,,,,,,,,,,,,,,,,6,10
1790036315.62015,ATTITUDE,,,,,,,,,,,,,,,0.002331634983420372,0.0012944964691996574,0.7862938642501831,,
1790036315.6218934,RAW_IMU,,,,,,,,,0,0,-1000,0,0,1,,,,,
1790036315.6455798,ATTITUDE,,,,,,,,,,,,,,,0.0023176991380751133,0.0012777133379131556,0.7862918376922607,,
1790036315.647426,RAW_IMU,,,,,,,,,0,0,-1000,0,0,1,,,,,
1790036315.660478,ATTITUDE,,,,,,,,,,,,,,,0.0023053018376231194,0.0012686080299317837,0.786291778087616,,
1790036315.6620479,RAW_IMU,,,,,,,,,0,0,-1000,0,1,1,,,,,
1790036315.680987,ATTITUDE,,,,,,,,,,,,,,,0.002292434684932232,0.0012553026899695396,0.7862876057624817,,
1790036315.6829138,RAW_IMU,,,,,,,,,0,0,-1000,1,0,1,,,,,
1790036315.7010422,ATTITUDE,,,,,,,,,,,,,,,0.0022464680951088667,0.0012407429749146104,0.7862826585769653,,
1790036315.7019577,RAW_IMU,,,,,,,,,0,0,-1000,0,1,1,,,,,
1790036315.7085369,GLOBAL_POSITION_INT,-35.3611309,149.1678506,589.29,7.579,-0.03,0.0,0.49,45.05,,,,,,,,,,,
1790036315.7098596,GPS_RAW_INT,,,,,,,,,,,,,,,,,,6,10
1790036315.721862,ATTITUDE,,,,,,,,,,,,,,,0.0022549470886588097,0.0012290560407564044,0.7862818837165833,,
1790036315.7239468,RAW_IMU,,,,,,,,,0,0,-1001,1,1,1,,,,,
1790036315.7423282,ATTITUDE,,,,,,,,,,,,,,,0.0021948085632175207,0.0012350787874311209,0.7862851023674011,,
1790036315.7428982,RAW_IMU,,,,,,,,,0,0,-1001,0,1,1,,,,,
1790036315.7629702,ATTITUDE,,,,,,,,,,,,,,,0.0022001112811267376,0.0012413650983944535,0.786291778087616,,
1790036315.763945,RAW_IMU,,,,,,,,,0,0,-1001,1,2,1,,,,,
1790036315.7828684,ATTITUDE,,,,,,,,,,,,,,,0.002153680194169283,0.0012467177584767342,0.7862977981567383,,
1790036315.78462,RAW_IMU,,,,,,,,,0,0,-1000,0,1,1,,,,,
1790036315.8027205,ATTITUDE,,,,,,,,,,,,,,,0.0021538289729505777,0.0012541795149445534,0.7863063812255859,,
1790036315.8034165,RAW_IMU,,,,,,,,,0,0,-1001,1,2,1,,,,,
1790036315.8093593,GLOBAL_POSITION_INT,-35.3611309,149.1678506,589.24,7.529,-0.03,0.0,0.49,45.05,,,,,,,,,,,
1790036315.8099468,GPS_RAW_INT,,,,,,,,,,,,,,,,,,6,10
1790036315.8230019,ATTITUDE,,,,,,,,,,,,,,,0.0021307850256562233,0.0012922096066176891,0.7863168120384216,,
1790036315.824406,RAW_IMU,,,,,,,,,0,0,-1001,0,3,1,,,,,
1790036315.842762,ATTITUDE,,,,,,,,,,,,,,,0.0021157381124794483,0.0013167962897568941,0.78633052110672,,
1790036315.8441796,RAW_IMU,,,,,,,,,0,0,-1000,0,2,2,,,,,
1790036315.8627152,ATTITUDE,,,,,,,,,,,,,,,0.0020924978889524937,0.0013411273248493671,0.7863451242446899,,
1790036315.8637161,RAW_IMU,,,,,,,,,0,0,-1001,0,2,2,,,,,
1790036315.8960533,ATTITUDE,,,,,,,,,,,,,,,0.002077090786769986,0.001360839232802391,0.7863559126853943,,
1790036315.8981202,RAW_IMU,,,,,,,,,0,0,-1001,0,2,2,,,,,
1790036315.9031065,ATTITUDE,,,,,,,,,,,,,,,0.0020841059740632772,0.0013774943072348833,0.786367654800415,,
1790036315.9046988,RAW_IMU,,,,,,,,,0,0,-1000,2,2,2,,,,,
1790036315.9100237,GLOBAL_POSITION_INT,-35.3611309,149.1678505,589.19,7.479,-0.03,0.0,0.49,45.05,,,,,,,,,,,
1790036315.9113767,GPS_RAW_INT,,,,,,,,,,,,,,,,,,6,10
1790036315.9234614,ATTITUDE,,,,,,,,,,,,,,,0.0020302152261137962,0.0013613628689199686,0.7863794565200806,,
1790036315.924991,RAW_IMU,,,,,,,,,0,0,-1001,0,0,2,,,,,
1790036315.9444523,ATTITUDE,,,,,,,,,,,,,,,0.0020512565970420837,0.0014141617575660348,0.7863909602165222,,
1790036315.9456887,RAW_IMU,,,,,,,,,0,0,-1001,2,4,2,,,,,
1790036315.9650488,ATTITUDE,,,,,,,,,,,,,,,0.0020830186549574137,0.0013987794518470764,0.7863988280296326,,
1790036315.9672086,RAW_IMU,,,,,,,,,0,0,-1001,3,1,1,,,,,
1790036315.9848506,ATTITUDE,,,,,,,,,,,,,,,0.002113392809405923,0.0014699340099468827,0.786402702331543,,
1790036315.9858701,RAW_IMU,,,,,,,,,0,0,-1001,3,4,1,,,,,
1790036316.0047905,ATTITUDE,,,,,,,,,,,,,,,0.002141151577234268,0.001453630393370986,0.7864053845405579,,
1790036316.0056193,RAW_IMU,,,,,,,,,0,0,-1001,3,1,1,,,,,
1790036316.0081577,GLOBAL_POSITION_INT,-35.3611309,149.1678505,589.15,7.43,-0.03,0.0,0.49,45.05,,,,,,,,,,,
1790036316.009147,GPS_RAW_INT,,,,,,,,,,,,,,,,,,6,10
1790036316.025538,ATTITUDE,,,,,,,,,,,,,,,0.0021694409660995007,0.0015146358637139201,0.7864068150520325,,
1790036316.0269396,RAW_IMU,,,,,,,,,0,0,-1001,3,3,1,,,,,
1790036316.0409026,ATTITUDE,,,,,,,,,,,,,,,0.002197150606662035,0.0015218857442960143,0.7864058613777161,,
1790036316.0421693,RAW_IMU,,,,,,,,,0,0,-1001,2,2,1,,,,,
1790036316.0609124,ATTITUDE,,,,,,,,,,,,,,,0.0022247391752898693,0.0015571517869830132,0.786404013633728,,
1790036316.0625603,RAW_IMU,,,,,,,,,0,0,-1000,2,2,1,,,,,
1790036316.0810785,ATTITUDE,,,,,,,,,,,,,,,0.0022476620506495237,0.0015739958034828305,0.786396324634552,,
1790036316.0827017,RAW_IMU,,,,,,,,,0,0,-1000,2,2,1,,,,,
1790036316.1014228,ATTITUDE,,,,,,,,,,,,,,,0.002269183052703738,0.001563943107612431,0.7863888740539551,,
1790036316.1025376,RAW_IMU,,,,,,,,,0,0,-1000,2,1,1,,,,,
1790036316.108171,GLOBAL_POSITION_INT,-35.3611309,149.1678505,589.1,7.38,-0.03,0.0,0.49,45.05,,,,,,,,,,,
1790036316.109145,GPS_RAW_INT,,,,,,,,,,,,,,,,,,6,10
1790036316.122753,ATTITUDE,,,,,,,,,,,,,,,0.0022907608654350042,0.001587162958458066,0.7863817811012268,,
1790036316.1244338,RAW_IMU,,,,,,,,,0,0,-1000,2,2,1,,,,,
1790036316.1486712,ATTITUDE,,,,,,,,,,,,,,,0.002311705145984888,0.0016150790033861995,0.7863760590553284,,
1790036316.1502185,RAW_IMU,,,,,,,,,0,0,-1000,2,3,1,,,,,
1790036316.1642957,ATTITUDE,,,,,,,,,,,,,,,0.002332494594156742,0.0016414354322478175,0.7863706350326538,,
1790036316.1662705,RAW_IMU,,,,,,,,,0,0,-1000,2,3,1,,,,,
1790036316.1838017,ATTITUDE,,,,,,,,,,,,,,,0.002351324772462249,0.001666513504460454,0.7863630056381226,,
1790036316.1848037,RAW_IMU,,,,,,,,,0,0,-1000,2,2,1,,,,,
1790036316.202537,ATTITUDE,,,,,,,,,,,,,,,0.0023661083541810513,0.0016927648102864623,0.7863582372665405,,
1790036316.2029555,RAW_IMU,,,,,,,,,0,0,-1000,2,2,1,,,,,
1790036316.2084658,GLOBAL_POSITION_INT,-35.3611309,149.1678505,589.05,7.33,-0.03,0.0,0.49,45.05,,,,,,,,,,,
1790036316.208778,GPS_RAW_INT,,,,,,,,,,,,,,,,,,6,10
1790036316.2203522,ATTITUDE,,,,,,,,,,,,,,,0.0023488898295909166,0.001718513434752822,0.7863563299179077,,
1790036316.2208066,RAW_IMU,,,,,,,,,0,0,-1000,0,2,1,,,,,
1790036316.2441728,ATTITUDE,,,,,,,,,,,,,,,0.0023326005320996046,0.0017432633321732283,0.7863559126853943,,
1790036316.2449436,RAW_IMU,,,,,,,,,0,0,-1000,0,2,1,,,,,
1790036316.2619348,ATTITUDE,,,,,,,,,,,,,,,0.0023177997209131718,0.00176919624209404,0.7863550186157227,,
1790036316.2630954,RAW_IMU,,,,,,,,,0,0,-1000,0,2,1,,,,,
1790036316.2819047,ATTITUDE,,,,,,,,,,,,,,,0.0023002312518656254,0.0017815876053646207,0.7863516211509705,,
1790036316.2828834,RAW_IMU,,,,,,,,,0,0,-1000,0,2,1,,,,,
1790036316.3017204,ATTITUDE,,,,,,,,,,,,,,,0.0022742871660739183,0.001789481844753027,0.7863457202911377,,
1790036316.302949,RAW_IMU,,,,,,,,,0,0,-1001,0,1,1,,,,,
1790036316.3097987,GLOBAL_POSITION_INT,-35.3611309,149.1678505,589.0,7.28,-0.02,0.0,0.49,45.05,,,,,,,,,,,
1790036316.31106,GPS_RAW_INT,,,,,,,,,,,,,,,,,,6,10
1790036316.3219273,ATTITUDE,,,,,,,,,,,,,,,0.0022400643210858107,0.0017893381882458925,0.7863398194313049,,
1790036316.3242154,RAW_IMU,,,,,,,,,0,0,-1001,0,2,1,,,,,
1790036316.3419764,ATTITUDE,,,,,,,,,,,,,,,0.002206300152465701,0.0017893507611006498,0.7863326072692871,,
1790036316.3438342,RAW_IMU,,,,,,,,,0,0,-1001,0,1,1,,,,,
1790036316.3618295,ATTITUDE,,,,,,,,,,,,,,,0.002173926681280136,0.0018046490149572492,0.786322832107544,,
1790036316.3624332,RAW_IMU,,,,,,,,,0,0,-1001,0,2,0,,,,,
1790036316.395538,ATTITUDE,,,,,,,,,,,,,,,0.0021259980276226997,0.0018093799008056521,0.7863104939460754,,
1790036316.3964953,RAW_IMU,,,,,,,,,0,0,-1001,0,1,0,,,,,
1790036316.402469,ATTITUDE,,,,,,,,,,,,,,,0.0020802237559109926,0.0018490063957870007,0.7862986922264099,,
1790036316.4035695,RAW_IMU,,,,,,,,,0,0,-1001,0,3,0,,,,,
1790036316.4090621,GLOBAL_POSITION_INT,-35.3611309,149.1678505,588.95,7.23,-0.02,0.0,0.49,45.05,,,,,,,,,,,
1790036316.410413,GPS_RAW_INT,,,,,,,,,,,,,,,,,,6,10
1790036316.4230719,ATTITUDE,,,,,,,,,,,,,,,0.0020375321619212627,0.001849134685471654,0.7862865924835205,,
1790036316.4243462,RAW_IMU,,,,,,,,,0,0,-1000,0,1,0,,,,,
1790036316.4426928,ATTITUDE,,,,,,,,,,,,,,,0.0019976021721959114,0.0018504179315641522,0.7862764596939087,,
1790036316.4434743,RAW_IMU,,,,,,,,,0,0,-1000,0,1,0,,,,,
1790036316.4636362,ATTITUDE,,,,,,,,,,,,,,,0.00195864075794816,0.0018537683645263314,0.786267101764679,,
1790036316.4648879,RAW_IMU,,,,,,,,,0,0,-1000,0,1,0,,,,,
1790036316.484677,ATTITUDE,,,,,,,,,,,,,,,0.00196258258074522,0.0018561627948656678,0.7862590551376343,,
1790036316.4859579,RAW_IMU,,,,,,,,,0,0,-1001,1,1,1,,,,,
1790036316.5055377,ATTITUDE,,,,,,,,,,,,,,,0.0018922440940514207,0.0018515561241656542,0.7862513065338135,,
1790036316.507471,RAW_IMU,,,,,,,,,0,0,-1001,-1,1,1,,,,,
1790036316.5091798,GLOBAL_POSITION_INT,-35.3611309,149.1678505,588.9,7.18,-0.02,0.0,0.49,45.04,,,,,,,,,,,
1790036316.5104167,GPS_RAW_INT,,,,,,,,,,,,,,,,,,6,10
1790036316.521229,ATTITUDE,,,,,,,,,,,,,,,0.0018852081848308444,0.0018485973123461008,0.7862478494644165,,
1790036316.522777,RAW_IMU,,,,,,,,,0,0,-1001,0,1,1,,,,,
1790036316.5411758,ATTITUDE,,,,,,,,,,,,,,,0.0018339252565056086,0.001847027917392552,0.7862496376037598,,
1790036316.5427063,RAW_IMU,,,,,,,,,0,0,-1001,0,1,1,,,,,
1790036316.5608783,ATTITUDE,,,,,,,,,,,,,,,0.0018134992569684982,0.0018441644497215748,0.7862530946731567,,
1790036316.5626,RAW_IMU,,,,,,,,,0,0,-1001,0,1,1,,,,,
1790036316.5804026,ATTITUDE,,,,,,,,,,,,,,,0.0017816958716139197,0.0018429597839713097,0.7862577438354492,,
1790036316.581944,RAW_IMU,,,,,,,,,0,0,-1001,0,1,1,,,,,
1790036316.6011002,ATTITUDE,,,,,,,,,,,,,,,0.001765392255038023,0.0018422789871692657,0.7862648367881775,,
1790036316.6029778,RAW_IMU,,,,,,,,,0,0,-1001,0,1,1,,,,,
1790036316.6085906,GLOBAL_POSITION_INT,-35.3611309,149.1678505,588.85,7.13,-0.02,0.0,0.49,45.04,,,,,,,,,,,
1790036316.6104746,GPS_RAW_INT,,,,,,,,,,,,,,,,,,6,10
1790036316.6234818,ATTITUDE,,,,,,,,,,,,,,,0.0017895350465551019,0.0018427064642310143,0.7862744331359863,,
1790036316.6256025,RAW_IMU,,,,,,,,,0,0,-1000,2,1,1,,,,,
1790036316.6516774,ATTITUDE,,,,,,,,,,,,,,,0.0017967106541618705,0.001842921948991716,0.7862858772277832,,
1790036316.658717,RAW_IMU,,,,,,,,,0,0,-1000,2,1,1,,,,,
1790036316.661473,ATTITUDE,,,,,,,,,,,,,,,0.0018034565728157759,0.001845449791289866,0.7862960696220398,,
1790036316.6634264,RAW_IMU,,,,,,,,,0,0,-1000,1,1,1,,,,,
1790036316.685155,ATTITUDE,,,,,,,,,,,,,,,0.0018084459006786346,0.0018474982352927327,0.7863051891326904,,
1790036316.693324,RAW_IMU,,,,,,,,,0,0,-1000,1,1,1,,,,,
1790036316.7050998,ATTITUDE,,,,,,,,,,,,,,,0.0018099172739312053,0.0018653549486771226,0.7863113880157471,,
1790036316.7071872,RAW_IMU,,,,,,,,,0,0,-1000,1,2,1,,,,,
1790036316.7092717,GLOBAL_POSITION_INT,-35.3611309,149.1678505,588.8,7.081,-0.02,0.0,0.49,45.05,,,,,,,,,,,
1790036316.710738,GPS_RAW_INT,,,,,,,,,,,,,,,,,,6,10
1790036316.7209992,ATTITUDE,,,,,,,,,,,,,,,0.001811579684726894,0.0018749822629615664,0.7863163352012634,,
1790036316.7221549,RAW_IMU,,,,,,,,,0,0,-1001,1,2,1,,,,,
1790036316.7412746,ATTITUDE,,,,,,,,,,,,,,,0.0018135603750124574,0.0018911187071353197,0.7863208651542664,,
1790036316.7427495,RAW_IMU,,,,,,,,,0,0,-1001,1,2,1,,,,,
1790036316.7623038,ATTITUDE,,,,,,,,,,,,,,,0.0018154298886656761,0.0019370776135474443,0.7863230109214783,,
1790036316.764181,RAW_IMU,,,,,,,,,0,0,-1001,1,4,1,,,,,
1790036316.7816353,ATTITUDE,,,,,,,,,,,,,,,0.001816898467950523,0.001941789872944355,0.7863221764564514,,
1790036316.7837586,RAW_IMU,,,,,,,,,0,0,-1001,1,1,1,,,,,
1790036316.8017685,ATTITUDE,,,,,,,,,,,,,,,0.0018194064032286406,0.0020082362461835146,0.7863200902938843,,
1790036316.8031654,RAW_IMU,,,,,,,,,0,0,-1001,1,5,1,,,,,
1790036316.8109596,GLOBAL_POSITION_INT,-35.3611309,149.1678505,588.75,7.031,-0.02,0.0,0.49,45.05,,,,,,,,,,,
1790036316.8148296,GPS_RAW_INT,,,,,,,,,,,,,,,,,,6,10
1790036316.824589,ATTITUDE,,,,,,,,,,,,,,,0.0018222302896901965,0.00201281625777483,0.786316454410553,,
1790036316.8267126,RAW_IMU,,,,,,,,,0,0,-1001,1,2,1,,,,,
1790036316.850015,ATTITUDE,,,,,,,,,,,,,,,0.0018257912015542388,0.002089377027004957,0.7863120436668396,,
1790036316.851038,RAW_IMU,,,,,,,,,0,0,-1001,1,5,1,,,,,
1790036316.8613598,ATTITUDE,,,,,,,,,,,,,,,0.0018309804145246744,0.0021039899438619614,0.7863062620162964,,
1790036316.8628604,RAW_IMU,,,,,,,,,0,0,-1000,1,2,1,,,,,
1790036316.8973584,ATTITUDE,,,,,,,,,,,,,,,0.0018343426054343581,0.0021142924670130014,0.7862998247146606,,
1790036316.898767,RAW_IMU,,,,,,,,,0,0,-1000,1,1,1,,,,,
1790036316.9033365,ATTITUDE,,,,,,,,,,,,,,,0.0018337956862524152,0.002117896219715476,0.7862909436225891,,
1790036316.9048142,RAW_IMU,,,,,,,,,0,0,-1000,1,2,1,,,,,
1790036316.910165,GLOBAL_POSITION_INT,-35.3611309,149.1678505,588.7,6.981,-0.02,0.0,0.49,45.05,,,,,,,,,,,
1790036316.911322,GPS_RAW_INT,,,,,,,,,,,,,,,,,,6,10
1790036316.9240527,ATTITUDE,,,,,,,,,,,,,,,0.0018485576147213578,0.002121499041095376,0.7862856388092041,,
1790036316.9252827,RAW_IMU,,,,,,,,,0,0,-1000,2,2,1,,,,,
1790036316.9432914,ATTITUDE,,,,,,,,,,,,,,,0.001865553786046803,0.0021258119959384203,0.786282479763031,,
1790036316.9441206,RAW_IMU,,,,,,,,,0,0,-1000,2,2,1,,,,,
1790036316.962527,ATTITUDE,,,,,,,,,,,,,,,0.0018853177316486835,0.002130314242094755,0.7862773537635803,,
1790036316.962943,RAW_IMU,,,,,,,,,0,0,-1000,2,1,1,,,,,
1790036316.982256,ATTITUDE,,,,,,,,,,,,,,,0.0019353998359292746,0.002135196700692177,0.7862726449966431,,
1790036316.9832034,RAW_IMU,,,,,,,,,0,0,-1001,4,1,1,,,,,
1790036317.0022864,ATTITUDE,,,,,,,,,,,,,,,0.001957515487447381,0.0021402635611593723,0.7862729430198669,,
1790036317.0028262,RAW_IMU,,,,,,,,,0,0,-1001,2,1,1,,,,,
1790036317.0091877,GLOBAL_POSITION_INT,-35.3611309,149.1678505,588.65,6.931,-0.02,0.0,0.49,45.05,,,,,,,,,,,
1790036317.010238,GPS_RAW_INT,,,,,,,,,,,,,,,,,,6,10
1790036317.022202,ATTITUDE,,,,,,,,,,,,,,,0.0020218081772327423,0.0021460209973156452,0.7862772345542908,,
1790036317.0244493,RAW_IMU,,,,,,,,,0,0,-1001,5,1,1,,,,,
1790036317.0422592,ATTITUDE,,,,,,,,,,,,,,,0.0020197618287056684,0.002152723493054509,0.7862839698791504,,
1790036317.0434775,RAW_IMU,,,,,,,,,0,0,-1001,1,1,1,,,,,
1790036317.0622153,ATTITUDE,,,,,,,,,,,,,,,0.002099833684042096,0.002159652765840292,0.786293625831604,,
1790036317.0636256,RAW_IMU,,,,,,,,,0,0,-1001,5,1,1,,,,,
1790036317.0824344,ATTITUDE,,,,,,,,,,,,,,,0.0021034502424299717,0.0021692542359232903,0.7863037586212158,,
1790036317.0834086,RAW_IMU,,,,,,,,,0,0,-1000,2,1,1,,,,,
1790036317.1022484,ATTITUDE,,,,,,,,,,,,,,,0.0021488158963620663,0.00216954224742949,0.7863129377365112,,
1790036317.1032171,RAW_IMU,,,,,,,,,0,0,-1001,3,1,1,,,,,
1790036317.1092322,GLOBAL_POSITION_INT,-35.3611309,149.1678505,588.6,6.881,-0.02,0.0,0.49,45.05,,,,,,,,,,,
1790036317.1104605,GPS_RAW_INT,,,,,,,,,,,,,,,,,,6,10
1790036317.122613,ATTITUDE,,,,,,,,,,,,,,,0.0021798296365886927,0.002169777173548937,0.786323606967926,,
1790036317.123832,RAW_IMU,,,,,,,,,0,0,-1001,3,1,1,,,,,
1790036317.1472845,ATTITUDE,,,,,,,,,,,,,,,0.002186173340305686,0.002170211635529995,0.7863366007804871,,
1790036317.1490312,RAW_IMU,,,,,,,,,0,0,-1000,1,1,2,,,,,
1790036317.1634545,ATTITUDE,,,,,,,,,,,,,,,0.002192315412685275,0.0021764449775218964,0.7863487601280212,,
1790036317.1651776,RAW_IMU,,,,,,,,,0,0,-1000,1,1,2,,,,,
1790036317.1836119,ATTITUDE,,,,,,,,,,,,,,,0.0021980099845677614,0.0022167006973177195,0.7863583564758301,,
1790036317.1849198,RAW_IMU,,,,,,,,,0,0,-1000,1,3,2,,,,,
1790036317.202776,ATTITUDE,,,,,,,,,,,,,,,0.0022034381981939077,0.0022554879542440176,0.7863682508468628,,
1790036317.2040958,RAW_IMU,,,,,,,,,0,0,-1000,1,3,1,,,,,
1790036317.2097695,GLOBAL_POSITION_INT,-35.3611309,149.1678505,588.55,6.831,-0.02,0.0,0.49,45.05,,,,,,,,,,,
1790036317.2104933,GPS_RAW_INT,,,,,,,,,,,,,,,,,,6,10
1790036317.223028,ATTITUDE,,,,,,,,,,,,,,,0.0022103621158748865,0.0022922493517398834,0.7863802909851074,,
1790036317.2240207,RAW_IMU,,,,,,,,,0,0,-1000,1,3,1,,,,,
1790036317.2457595,ATTITUDE,,,,,,,,,,,,,,,0.002216411754488945,0.002328811213374138,0.7863919138908386,,
1790036317.247105,RAW_IMU,,,,,,,,,0,0,-1000,1,3,1,,,,,
1790036317.2635145,ATTITUDE,,,,,,,,,,,,,,,0.0022241605911403894,0.0023657274432480335,0.7864039540290833,,
1790036317.265638,RAW_IMU,,,,,,,,,0,0,-1000,1,3,1,,,,,
1790036317.283412,ATTITUDE,,,,,,,,,,,,,,,0.002230921294540167,0.002397936535999179,0.786412239074707,,
1790036317.284659,RAW_IMU,,,,,,,,,0,0,-1001,1,2,1,,,,,
1790036317.3029299,ATTITUDE,,,,,,,,,,,,,,,0.0022336302790790796,0.002440311713144183,0.7864155769348145,,
1790036317.3040278,RAW_IMU,,,,,,,,,0,0,-1001,1,4,1,,,,,
1790036317.3099673,GLOBAL_POSITION_INT,-35.3611309,149.1678505,588.5,6.781,-0.02,0.0,0.49,45.05,,,,,,,,,,,
1790036317.3111653,GPS_RAW_INT,,,,,,,,,,,,,,,,,,6,10
1790036317.3235605,ATTITUDE,,,,,,,,,,,,,,,0.0022363830357789993,0.0024359398521482944,0.7864169478416443,,
1790036317.3252378,RAW_IMU,,,,,,,,,0,0,-1001,1,1,1,,,,,
1790036317.3432953,ATTITUDE,,,,,,,,,,,,,,,0.002239399356767535,0.002474785316735506,0.7864164113998413,,
1790036317.344197,RAW_IMU,,,,,,,,,0,0,-1001,1,3,1,,,,,
1790036317.3635192,ATTITUDE,,,,,,,,,,,,,,,0.002241756534203887,0.0024697529152035713,0.786413311958313,,
1790036317.364639,RAW_IMU,,,,,,,,,0,0,-1001,1,1,1,,,,,
1790036317.3908465,ATTITUDE,,,,,,,,,,,,,,,0.002245046431198716,0.002521625254303217,0.7864056825637817,,
1790036317.3916838,RAW_IMU,,,,,,,,,0,0,-1001,1,4,1,,,,,
1790036317.3984606,ATTITUDE,,,,,,,,,,,,,,,0.002248265314847231,0.002511658938601613,0.7863966822624207,,
1790036317.399058,RAW_IMU,,,,,,,,,0,0,-1001,1,1,1,,,,,
1790036317.4106314,GLOBAL_POSITION_INT,-35.3611309,149.1678505,588.45,6.731,-0.02,0.0,0.49,45.05,,,,,,,,,,,
1790036317.4118383,GPS_RAW_INT,,,,,,,,,,,,,,,,,,6,10
1790036317.4237037,ATTITUDE,,,,,,,,,,,,,,,0.0022524609230458736,0.002568948082625866,0.7863859534263611,,
1790036317.4258614,RAW_IMU,,,,,,,,,0,0,-1000,1,4,0,,,,,
1790036317.4438827,ATTITUDE,,,,,,,,,,,,,,,0.0022579750511795282,0.002562467474490404,0.7863763570785522,,
1790036317.4450138,RAW_IMU,,,,,,,,,0,0,-1000,1,1,0,,,,,
1790036317.459569,ATTITUDE,,,,,,,,,,,,,,,0.002263034461066127,0.002552969381213188,0.7863680124282837,,
1790036317.4612532,RAW_IMU,,,,,,,,,0,0,-1000,1,0,0,,,,,
1790036317.479878,ATTITUDE,,,,,,,,,,,,,,,0.0022679658140987158,0.002543396782130003,0.7863579988479614,,
1790036317.4817834,RAW_IMU,,,,,,,,,0,0,-1000,1,1,0,,,,,
1790036317.5004814,ATTITUDE,,,,,,,,,,,,,,,0.002269238466396928,0.0025273014325648546,0.7863475680351257,,
1790036317.5016425,RAW_IMU,,,,,,,,,0,0,-1000,1,1,0,,,,,
1790036317.50709,GLOBAL_POSITION_INT,-35.3611309,149.1678505,588.4,6.681,-0.02,0.0,0.49,45.05,,,,,,,,,,,
1790036317.5089343,GPS_RAW_INT,,,,,,,,,,,,,,,,,,6,10
1790036317.5202112,ATTITUDE,,,,,,,,,,,,,,,0.0022713460493832827,0.0025125183165073395,0.7863383293151855,,
1790036317.521694,RAW_IMU,,,,,,,,,0,0,-1000,1,1,0,,,,,
1790036317.540382,ATTITUDE,,,,,,,,,,,,,,,0.0022924840450286865,0.0024994858540594578,0.7863316535949707,,
1790036317.5425816,RAW_IMU,,,,,,,,,0,0,-1000,2,1,1,,,,,
1790036317.5613577,ATTITUDE,,,,,,,,,,,,,,,0.002321659354493022,0.0024862601421773434,0.7863255143165588,,
1790036317.5627115,RAW_IMU,,,,,,,,,0,0,-1000,3,1,1,,,,,
1790036317.580722,ATTITUDE,,,,,,,,,,,,,,,0.002370161237195134,0.0024746593553572893,0.7863194346427917,,
1790036317.5827267,RAW_IMU,,,,,,,,,0,0,-1001,3,1,1,,,,,
1790036317.599968,ATTITUDE,,,,,,,,,,,,,,,0.0023702115286141634,0.002463421318680048,0.7863155603408813,,
1790036317.6011426,RAW_IMU,,,,,,,,,0,0,-1001,2,1,1,,,,,
1790036317.6070263,GLOBAL_POSITION_INT,-35.3611309,149.1678505,588.35,6.631,-0.02,0.0,0.49,45.05,,,,,,,,,,,
1790036317.6078486,GPS_RAW_INT,,,,,,,,,,,,,,,,,,6,10
1790036317.6200895,ATTITUDE,,,,,,,,,,,,,,,0.00241375295445323,0.002453362802043557,0.7863162755966187,,
1790036317.6214871,RAW_IMU,,,,,,,,,0,0,-1001,3,1,1,,,,,
1790036317.6420772,ATTITUDE,,,,,,,,,,,,,,,0.0023983672726899385,0.002445177175104618,0.7863196134567261,,
1790036317.6428952,RAW_IMU,,,,,,,,,0,0,-1001,1,1,1,,,,,
1790036317.6608965,ATTITUDE,,,,,,,,,,,,,,,0.002437861170619726,0.0024386749137192965,0.7863259315490723,,
1790036317.662245,RAW_IMU,,,,,,,,,0,0,-1001,3,1,1,,,,,
1790036317.6803868,ATTITUDE,,,,,,,,,,,,,,,0.0024111380334943533,0.0024336667265743017,0.7863316535949707,,
1790036317.682318,RAW_IMU,,,,,,,,,0,0,-1001,0,1,1,,,,,
1790036317.7000725,ATTITUDE,,,,,,,,,,,,,,,0.0024338914081454277,0.0024226163513958454,0.7863380312919617,,
1790036317.7009532,RAW_IMU,,,,,,,,,0,0,-1001,2,1,1,,,,,
1790036317.707252,GLOBAL_POSITION_INT,-35.3611309,149.1678505,588.3,6.581,-0.02,0.0,0.49,45.05,,,,,,,,,,,
1790036317.7080472,GPS_RAW_INT,,,,,,,,,,,,,,,,,,6,10
1790036317.7203643,ATTITUDE,,,,,,,,,,,,,,,0.00243361946195364,0.002411686582490802,0.7863467931747437,,
1790036317.7220774,RAW_IMU,,,,,,,,,0,0,-1000,2,1,1,,,,,
1790036317.7401783,ATTITUDE,,,,,,,,,,,,,,,0.002429649233818054,0.002401667879894376,0.7863559722900391,,
1790036317.7421525,RAW_IMU,,,,,,,,,0,0,-1001,1,1,1,,,,,
1790036317.760186,ATTITUDE,,,,,,,,,,,,,,,0.002463696291670203,0.0023925157729536295,0.7863685488700867,,
1790036317.7619495,RAW_IMU,,,,,,,,,0,0,-1001,3,1,2,,,,,
1790036317.78012,ATTITUDE,,,,,,,,,,,,,,,0.0024569074157625437,0.0023829536512494087,0.7863787412643433,,
1790036317.7812016,RAW_IMU,,,,,,,,,0,0,-1000,1,1,2,,,,,
1790036317.7998302,ATTITUDE,,,,,,,,,,,,,,,0.0024523225147277117,0.00237691355869174,0.7863892316818237,,
1790036317.800773,RAW_IMU,,,,,,,,,0,0,-1000,1,1,1,,,,,
1790036317.8071833,GLOBAL_POSITION_INT,-35.3611309,149.1678505,588.25,6.531,-0.02,0.0,0.49,45.05,,,,,,,,,,,
1790036317.8087296,GPS_RAW_INT,,,,,,,,,,,,,,,,,,6,10
1790036317.8261507,ATTITUDE,,,,,,,,,,,,,,,0.0024487406481057405,0.0023925164714455605,0.7864015698432922,,
1790036317.8278587,RAW_IMU,,,,,,,,,0,0,-1001,1,2,1,,,,,
1790036317.8461668,ATTITUDE,,,,,,,,,,,,,,,0.002446780214086175,0.002373241353780031,0.7864090800285339,,
1790036317.8483145,RAW_IMU,,,,,,,,,0,0,-1001,1,0,1,,,,,
1790036317.8662257,ATTITUDE,,,,,,,,,,,,,,,0.002444574376568198,0.0023997952230274677,0.7864144444465637,,
1790036317.867954,RAW_IMU,,,,,,,,,0,0,-1001,1,3,1,,,,,
1790036317.8970783,ATTITUDE,,,,,,,,,,,,,,,0.0024418900720775127,0.0023683689069002867,0.7864147424697876,,
1790036317.898409,RAW_IMU,,,,,,,,,0,0,-1001,1,0,1,,,,,
1790036317.9010372,ATTITUDE,,,,,,,,,,,,,,,0.0024349635932594538,0.0023941900581121445,0.7864128351211548,,
1790036317.9024234,RAW_IMU,,,,,,,,,0,0,-1001,1,3,1,,,,,
1790036317.9076908,GLOBAL_POSITION_INT,-35.3611309,149.1678505,588.2,6.481,-0.02,0.0,0.49,45.05,,,,,,,,,,,
1790036317.908841,GPS_RAW_INT,,,,,,,,,,,,,,,,,,6,10
1790036317.921429,ATTITUDE,,,,,,,,,,,,,,,0.002429523505270481,0.0023597378749400377,0.7864089608192444,,
1790036317.9223962,RAW_IMU,,,,,,,,,0,0,-1001,1,0,1,,,,,
1790036317.9421012,ATTITUDE,,,,,,,,,,,,,,,0.0024250878486782312,0.0023700851015746593,0.7864065170288086,,
1790036317.9431474,RAW_IMU,,,,,,,,,0,0,-1000,1,2,1,,,,,
1790036317.9617946,ATTITUDE,,,,,,,,,,,,,,,0.0024207846727222204,0.002380508230999112,0.786403238773346,,
1790036317.9627006,RAW_IMU,,,,,,,,,0,0,-1000,1,2,1,,,,,
1790036317.981616,ATTITUDE,,,,,,,,,,,,,,,0.002416282193735242,0.0023902622051537037,0.7864006161689758,,
1790036317.9823258,RAW_IMU,,,,,,,,,0,0,-1000,1,2,1,,,,,
1790036318.0015523,ATTITUDE,,,,,,,,,,,,,,,0.002413445385172963,0.0024000820703804493,0.7863974571228027,,
1790036318.0027492,RAW_IMU,,,,,,,,,0,0,-1000,1,2,1,,,,,
1790036318.0084593,GLOBAL_POSITION_INT,-35.3611309,149.1678505,588.15,6.431,-0.02,0.0,0.49,45.05,,,,,,,,,,,
1790036318.009702,GPS_RAW_INT,,,,,,,,,,,,,,,,,,6,10
1790036318.021661,ATTITUDE,,,,,,,,,,,,,,,0.002411219058558345,0.0024111513048410416,0.7863965034484863,,
1790036318.0234554,RAW_IMU,,,,,,,,,0,0,-1000,1,2,1,,,,,
1790036318.0420477,ATTITUDE,,,,,,,,,,,,,,,0.0024097198620438576,0.002422093879431486,0.7863951325416565,,
1790036318.0435524,RAW_IMU,,,,,,,,,0,0,-1000,1,2,1,,,,,
1790036318.061549,ATTITUDE,,,,,,,,,,,,,,,0.002408460481092334,0.0024338760413229465,0.7863956689834595,,
1790036318.063573,RAW_IMU,,,,,,,,,0,0,-1000,1,2,1,,,,,
1790036318.0815756,ATTITUDE,,,,,,,,,,,,,,,0.002406908432021737,0.002444569719955325,0.7863934636116028,,
1790036318.0823991,RAW_IMU,,,,,,,,,0,0,-1000,1,2,1,,,,,
1790036318.1014419,ATTITUDE,,,,,,,,,,,,,,,0.0024012045469135046,0.002449139254167676,0.78639155626297,,
1790036318.1025803,RAW_IMU,,,,,,,,,0,0,-1000,1,2,1,,,,,
1790036318.1084867,GLOBAL_POSITION_INT,-35.3611309,149.1678505,588.1,6.381,-0.02,0.0,0.49,45.05,,,,,,,,,,,
1790036318.109651,GPS_RAW_INT,,,,,,,,,,,,,,,,,,6,10
1790036318.121825,ATTITUDE,,,,,,,,,,,,,,,0.0023964871652424335,0.0024365060962736607,0.7863900661468506,,
1790036318.1234083,RAW_IMU,,,,,,,,,0,0,-1000,1,1,1,,,,,
1790036318.1429796,ATTITUDE,,,,,,,,,,,,,,,0.0023923972621560097,0.002456554677337408,0.7863877415657043,,
1790036318.144595,RAW_IMU,,,,,,,,,0,0,-1001,1,2,1,,,,,
1790036318.1639748,ATTITUDE,,,,,,,,,,,,,,,0.0023896610364317894,0.002410931047052145,0.7863828539848328,,
1790036318.1655085,RAW_IMU,,,,,,,,,0,0,-1001,1,0,1,,,,,
1790036318.1838248,ATTITUDE,,,,,,,,,,,,,,,0.00238550896756351,0.0024352404288947582,0.7863736748695374,,
1790036318.1851947,RAW_IMU,,,,,,,,,0,0,-1001,1,2,1,,,,,
1790036318.2036526,ATTITUDE,,,,,,,,,,,,,,,0.0023832551669329405,0.002406327286735177,0.786364734172821,,
1790036318.20485,RAW_IMU,,,,,,,,,0,0,-1001,1,0,0,,,,,
1790036318.210584,GLOBAL_POSITION_INT,-35.3611309,149.1678505,588.05,6.331,-0.02,0.0,0.49,45.05,,,,,,,,,,,
1790036318.2114673,GPS_RAW_INT,,,,,,,,,,,,,,,,,,6,10
1790036318.2235966,ATTITUDE,,,,,,,,,,,,,,,0.002382198115810752,0.002406280254945159,0.7863559722900391,,
1790036318.2252192,RAW_IMU,,,,,,,,,0,0,-1001,1,1,0,,,,,
1790036318.2453926,ATTITUDE,,,,,,,,,,,,,,,0.0023823243100196123,0.0024357528891414404,0.7863472104072571,,
1790036318.2467508,RAW_IMU,,,,,,,,,0,0,-1000,1,3,0,,,,,
1790036318.2652545,ATTITUDE,,,,,,,,,,,,,,,0.002381975529715419,0.0024656844325363636,0.7863377332687378,,
1790036318.2665346,RAW_IMU,,,,,,,,,0,0,-1000,1,3,0,,,,,
1790036318.2858403,ATTITUDE,,,,,,,,,,,,,,,0.002381223253905773,0.002492918400093913,0.7863285541534424,,
1790036318.2871199,RAW_IMU,,,,,,,,,0,0,-1000,1,2,0,,,,,
1790036318.3017118,ATTITUDE,,,,,,,,,,,,,,,0.002377632772549987,0.0024818740785121918,0.7863190770149231,,
1790036318.3038566,RAW_IMU,,,,,,,,,0,0,-1001,1,1,0,,,,,
1790036318.3099532,GLOBAL_POSITION_INT,-35.3611309,149.1678505,588.0,6.281,-0.02,0.0,0.49,45.05,,,,,,,,,,,
1790036318.3113027,GPS_RAW_INT,,,,,,,,,,,,,,,,,,6,10
1790036318.3224034,ATTITUDE,,,,,,,,,,,,,,,0.002373567782342434,0.002448571380227804,0.7863106727600098,,
1790036318.3235946,RAW_IMU,,,,,,,,,0,0,-1000,1,0,0,,,,,
1790036318.3426552,ATTITUDE,,,,,,,,,,,,,,,0.0023708089720457792,0.002416629111394286,0.7863025665283203,,
1790036318.343678,RAW_IMU,,,,,,,,,0,0,-1000,1,0,0,,,,,
1790036318.3622408,ATTITUDE,,,,,,,,,,,,,,,0.002368415240198374,0.002386480337008834,0.7862941026687622,,
1790036318.3628356,RAW_IMU,,,,,,,,,0,0,-1000,1,0,0,,,,,
1790036318.3992329,ATTITUDE,,,,,,,,,,,,,,,0.0023654226679354906,0.002357468008995056,0.7862847447395325,,
1790036318.400117,RAW_IMU,,,,,,,,,0,0,-1000,1,0,1,,,,,
1790036318.4031718,ATTITUDE,,,,,,,,,,,,,,,0.0023594305384904146,0.002329972106963396,0.7862783074378967,,
1790036318.404061,RAW_IMU,,,,,,,,,0,0,-1001,1,0,1,,,,,
1790036318.4097824,GLOBAL_POSITION_INT,-35.3611309,149.1678505,587.95,6.231,-0.02,0.0,0.49,45.05,,,,,,,,,,,
1790036318.4111009,GPS_RAW_INT,,,,,,,,,,,,,,,,,,6,10
1790036318.4231415,ATTITUDE,,,,,,,,,,,,,,,0.0023600447457283735,0.002305439906194806,0.78627610206604,,
1790036318.425206,RAW_IMU,,,,,,,,,0,0,-1001,1,0,1,,,,,
1790036318.443373,ATTITUDE,,,,,,,,,,,,,,,0.002342296065762639,0.0022812196984887123,0.7862772345542908,,
1790036318.4441369,RAW_IMU,,,,,,,,,0,0,-1001,1,0,1,,,,,
1790036318.4639559,ATTITUDE,,,,,,,,,,,,,,,0.0023423940874636173,0.0022605573758482933,0.7862824201583862,,
1790036318.4660044,RAW_IMU,,,,,,,,,0,0,-1001,0,0,1,,,,,
1790036318.484903,ATTITUDE,,,,,,,,,,,,,,,0.0023429165594279766,0.002240469679236412,0.786289393901825,,
1790036318.486714,RAW_IMU,,,,,,,,,0,0,-1001,2,0,1,,,,,
1790036318.5054116,ATTITUDE,,,,,,,,,,,,,,,0.0023225266486406326,0.0022157933562994003,0.7862972617149353,,
1790036318.5072627,RAW_IMU,,,,,,,,,0,0,-1001,0,0,1,,,,,
1790036318.5090818,GLOBAL_POSITION_INT,-35.3611309,149.1678505,587.9,6.181,-0.02,0.0,0.49,45.05,,,,,,,,,,,
1790036318.5099792,GPS_RAW_INT,,,,,,,,,,,,,,,,,,6,10
1790036318.5255227,ATTITUDE,,,,,,,,,,,,,,,0.002335298340767622,0.002191950334236026,0.78630530834198,,
1790036318.52663,RAW_IMU,,,,,,,,,0,0,-1000,2,0,1,,,,,
1790036318.5461023,ATTITUDE,,,,,,,,,,,,,,,0.0023342352360486984,0.0021700102370232344,0.7863143086433411,,
1790036318.5475957,RAW_IMU,,,,,,,,,0,0,-1000,1,0,1,,,,,
1790036318.5660713,ATTITUDE,,,,,,,,,,,,,,,0.0023332363925874233,0.002149059670045972,0.7863236665725708,,
1790036318.56712,RAW_IMU,,,,,,,,,0,0,-1000,1,0,1,,,,,
1790036318.5860856,ATTITUDE,,,,,,,,,,,,,,,0.0023323672357946634,0.002128362888470292,0.7863312363624573,,
1790036318.5874283,RAW_IMU,,,,,,,,,0,0,-1000,1,0,1,,,,,
1790036318.60584,ATTITUDE,,,,,,,,,,,,,,,0.002331533469259739,0.002110527129843831,0.7863391637802124,,
1790036318.607166,RAW_IMU,,,,,,,,,0,0,-1000,1,0,1,,,,,
1790036318.609713,GLOBAL_POSITION_INT,-35.3611309,149.1678505,587.85,6.131,-0.02,0.0,0.49,45.05,,,,,,,,,,,
1790036318.6108077,GPS_RAW_INT,,,,,,,,,,,,,,,,,,6,10
1790036318.6260931,ATTITUDE,,,,,,,,,,,,,,,0.0023325453512370586,0.002109738765284419,0.7863478660583496,,
1790036318.62785,RAW_IMU,,,,,,,,,0,0,-1001,1,1,1,,,,,
1790036318.650253,ATTITUDE,,,,,,,,,,,,,,,0.002332473872229457,0.0020758139435201883,0.7863551378250122,,
1790036318.6522155,RAW_IMU,,,,,,,,,0,0,-1001,1,0,1,,,,,
1790036318.6608136,ATTITUDE,,,,,,,,,,,,,,,0.002333141630515456,0.0021083171013742685,0.7863582968711853,,
1790036318.6615324,RAW_IMU,,,,,,,,,0,0,-1001,1,3,1,,,,,
1790036318.6813614,ATTITUDE,,,,,,,,,,,,,,,0.002334744203835726,0.00206589768640697,0.7863569259643555,,
1790036318.6824057,RAW_IMU,,,,,,,,,0,0,-1001,1,0,1,,,,,
1790036318.7060223,ATTITUDE,,,,,,,,,,,,,,,0.0023312056437134743,0.0020998402033001184,0.7863525152206421,,
1790036318.7081554,RAW_IMU,,,,,,,,,0,0,-1001,1,3,1,,,,,
1790036318.7101085,GLOBAL_POSITION_INT,-35.3611309,149.1678505,587.8,6.081,-0.02,0.0,0.49,45.05,,,,,,,,,,,
1790036318.7114832,GPS_RAW_INT,,,,,,,,,,,,,,,,,,6,10
1790036318.7257621,ATTITUDE,,,,,,,,,,,,,,,0.0023295970167964697,0.0020581460557878017,0.7863476276397705,,
1790036318.7262661,RAW_IMU,,,,,,,,,0,0,-1001,1,0,1,,,,,
1790036318.7457314,ATTITUDE,,,,,,,,,,,,,,,0.002328830072656274,0.0020848819985985756,0.7863412499427795,,
1790036318.7474396,RAW_IMU,,,,,,,,,0,0,-1001,1,2,1,,,,,
1790036318.7662635,ATTITUDE,,,,,,,,,,,,,,,0.002327327849343419,0.002066066488623619,0.7863325476646423,,
1790036318.7691774,RAW_IMU,,,,,,,,,0,0,-1001,1,1,1,,,,,
1790036318.781524,ATTITUDE,,,,,,,,,,,,,,,0.0023266179487109184,0.002061181701719761,0.7863225340843201,,
1790036318.7841494,RAW_IMU,,,,,,,,,0,0,-1001,1,1,0,,,,,
1790036318.8070536,ATTITUDE,,,,,,,,,,,,,,,0.002326269866898656,0.002080199308693409,0.786314070224762,,
1790036318.8088193,RAW_IMU,,,,,,,,,0,0,-1000,1,2,0,,,,,
1790036318.8111095,GLOBAL_POSITION_INT,-35.3611309,149.1678505,587.75,6.031,-0.02,0.0,0.49,45.05,,,,,,,,,,,
1790036318.812367,GPS_RAW_INT,,,,,,,,,,,,,,,,,,6,10
1790036318.820898,ATTITUDE,,,,,,,,,,,,,,,0.002326083602383733,0.002100910758599639,0.786307692527771,,
1790036318.8221478,RAW_IMU,,,,,,,,,0,0,-1000,1,2,1,,,,,
1790036318.841341,ATTITUDE,,,,,,,,,,,,,,,0.0023268728982657194,0.0021214778535068035,0.7863011956214905,,
1790036318.8430796,RAW_IMU,,,,,,,,,0,0,-1000,1,2,1,,,,,
1790036318.861326,ATTITUDE,,,,,,,,,,,,,,,0.002328431000933051,0.0021428049076348543,0.7862940430641174,,
1790036318.8622248,RAW_IMU,,,,,,,,,0,0,-1000,1,2,1,,,,,
1790036318.8941522,ATTITUDE,,,,,,,,,,,,,,,0.002328365808352828,0.0021617382299154997,0.7862869501113892,,
1790036318.8954697,RAW_IMU,,,,,,,,,0,0,-1000,1,2,1,,,,,
1790036318.9023252,ATTITUDE,,,,,,,,,,,,,,,0.0023141338024288416,0.0021753970067948103,0.7862802147865295,,
1790036318.9037485,RAW_IMU,,,,,,,,,0,0,-1001,0,2,1,,,,,
1790036318.9088,GLOBAL_POSITION_INT,-35.3611309,149.1678505,587.7,5.981,-0.02,0.0,0.49,45.05,,,,,,,,,,,
1790036318.910511,GPS_RAW_INT,,,,,,,,,,,,,,,,,,6,10
1790036318.9227996,ATTITUDE,,,,,,,,,,,,,,,0.002322038635611534,0.0021877195686101913,0.7862792015075684,,
1790036318.9244757,RAW_IMU,,,,,,,,,0,0,-1001,2,2,1,,,,,
1790036318.9433727,ATTITUDE,,,,,,,,,,,,,,,0.0022905156947672367,0.0022001659963279963,0.7862824201583862,,
1790036318.9454641,RAW_IMU,,,,,,,,,0,0,-1001,0,2,1,,,,,
1790036318.96348,ATTITUDE,,,,,,,,,,,,,,,0.002301552565768361,0.002211946062743664,0.7862862348556519,,
1790036318.9646237,RAW_IMU,,,,,,,,,0,0,-1001,2,2,1,,,,,
1790036318.9829857,ATTITUDE,,,,,,,,,,,,,,,0.002274612430483103,0.0022249992471188307,0.7862918376922607,,
1790036318.9842236,RAW_IMU,,,,,,,,,0,0,-1001,0,2,1,,,,,
1790036319.0029063,ATTITUDE,,,,,,,,,,,,,,,0.0022939001210033894,0.002237969310954213,0.786300778388977,,
1790036319.004023,RAW_IMU,,,,,,,,,0,0,-1001,2,2,1,,,,,
1790036319.009494,GLOBAL_POSITION_INT,-35.3611309,149.1678505,587.65,5.931,-0.02,0.0,0.49,45.05,,,,,,,,,,,
1790036319.010274,GPS_RAW_INT,,,,,,,,,,,,,,,,,,6,10
1790036319.0231216,ATTITUDE,,,,,,,,,,,,,,,0.002261474961414933,0.0022524443920701742,0.7863103151321411,,
1790036319.0247252,RAW_IMU,,,,,,,,,0,0,-1001,0,2,1,,,,,
1790036319.0438938,ATTITUDE,,,,,,,,,,,,,,,0.0022289773914963007,0.0022670647595077753,0.7863211631774902,,
1790036319.0455759,RAW_IMU,,,,,,,,,0,0,-1000,0,2,1,,,,,
1790036319.0636039,ATTITUDE,,,,,,,,,,,,,,,0.0021959140431135893,0.0022822737228125334,0.7863317131996155,,
1790036319.0644681,RAW_IMU,,,,,,,,,0,0,-1000,0,2,1,,,,,
1790036319.0836036,ATTITUDE,,,,,,,,,,,,,,,0.0021615459118038416,0.0022912605199962854,0.7863396406173706,,
1790036319.085084,RAW_IMU,,,,,,,,,0,0,-1000,0,2,1,,,,,
1790036319.103394,ATTITUDE,,,,,,,,,,,,,,,0.002129702363163233,0.0022992556914687157,0.786347508430481,,
1790036319.1055174,RAW_IMU,,,,,,,,,0,0,-1000,0,2,1,,,,,
1790036319.1103158,GLOBAL_POSITION_INT,-35.3611309,149.1678505,587.6,5.882,-0.02,0.0,0.49,45.05,,,,,,,,,,,
1790036319.1116061,GPS_RAW_INT,,,,,,,,,,,,,,,,,,6,10
1790036319.1237297,ATTITUDE,,,,,,,,,,,,,,,0.0020992036443203688,0.0023085393477231264,0.7863567471504211,,
1790036319.1252465,RAW_IMU,,,,,,,,,0,0,-1000,0,2,1,,,,,
1790036319.1440895,ATTITUDE,,,,,,,,,,,,,,,0.0020699568558484316,0.0023165836464613676,0.7863665223121643,,
1790036319.146301,RAW_IMU,,,,,,,,,0,0,-1000,0,2,1,,,,,
1790036319.1640904,ATTITUDE,,,,,,,,,,,,,,,0.002042565029114485,0.002325459849089384,0.7863755822181702,,
1790036319.16551,RAW_IMU,,,,,,,,,0,0,-1000,0,2,1,,,,,
1790036319.1840744,ATTITUDE,,,,,,,,,,,,,,,0.0020156388636678457,0.002319758990779519,0.7863832116127014,,
1790036319.185906,RAW_IMU,,,,,,,,,0,0,-1001,0,1,1,,,,,
1790036319.2041104,ATTITUDE,,,,,,,,,,,,,,,0.0020229071378707886,0.002328762086108327,0.7863911986351013,,
1790036319.2050626,RAW_IMU,,,,,,,,,0,0,-1001,1,1,1,,,,,
1790036319.2111504,GLOBAL_POSITION_INT,-35.3611309,149.1678505,587.55,5.832,-0.02,0.0,0.49,45.05,,,,,,,,,,,
1790036319.21247,GPS_RAW_INT,,,,,,,,,,,,,,,,,,6,10
1790036319.223946,ATTITUDE,,,,,,,,,,,,,,,0.0020348899997770786,0.002306750975549221,0.7863962650299072,,
1790036319.2257378,RAW_IMU,,,,,,,,,0,0,-1001,2,1,1,,,,,
1790036319.2445495,ATTITUDE,,,,,,,,,,,,,,,0.0020468509756028652,0.0023146586026996374,0.7863995432853699,,
1790036319.2459512,RAW_IMU,,,,,,,,,0,0,-1001,2,1,1,,,,,
1790036319.2601814,ATTITUDE,,,,,,,,,,,,,,,0.0020597921684384346,0.002311046700924635,0.786400318145752,,
1790036319.262488,RAW_IMU,,,,,,,,,0,0,-1001,2,1,1,,,,,
1790036319.2809644,ATTITUDE,,,,,,,,,,,,,,,0.00207161414436996,0.0022836639545857906,0.7863988876342773,,
1790036319.2828498,RAW_IMU,,,,,,,,,0,0,-1001,2,0,1,,,,,
1790036319.3007152,ATTITUDE,,,,,,,,,,,,,,,0.002079964615404606,0.002272973768413067,0.786397397518158,,
1790036319.3025045,RAW_IMU,,,,,,,,,0,0,-1000,2,1,1,,,,,
1790036319.3091965,GLOBAL_POSITION_INT,-35.361131,149.1678505,587.5,5.782,-0.02,0.0,0.49,45.05,,,,,,,,,,,
1790036319.310554,GPS_RAW_INT,,,,,,,,,,,,,,,,,,6,10
1790036319.3203363,ATTITUDE,,,,,,,,,,,,,,,0.002088538371026516,0.0022631105966866016,0.7863959670066833,,
1790036319.321483,RAW_IMU,,,,,,,,,0,0,-1000,2,1,1,,,,,
1790036319.3407948,ATTITUDE,,,,,,,,,,,,,,,0.0020975221414119005,0.002254682593047619,0.7863960862159729,,
1790036319.3417802,RAW_IMU,,,,,,,,,0,0,-1000,2,1,1,,,,,
1790036319.3606827,ATTITUDE,,,,,,,,,,,,,,,0.0021050567738711834,0.0022465470246970654,0.7863972187042236,,
1790036319.3624737,RAW_IMU,,,,,,,,,0,0,-1000,2,1,1,,,,,
1790036319.3941123,ATTITUDE,,,,,,,,,,,,,,,0.002113502472639084,0.002239266177639365,0.7863951921463013,,
1790036319.3956704,RAW_IMU,,,,,,,,,0,0,-1000,2,1,1,,,,,
1790036319.400407,ATTITUDE,,,,,,,,,,,,,,,0.0021220219787210226,0.002232150174677372,0.7863957285881042,,
1790036319.4019825,RAW_IMU,,,,,,,,,0,0,-1000,2,1,1,,,,,
1790036319.407575,GLOBAL_POSITION_INT,-35.361131,149.1678505,587.45,5.732,-0.02,0.0,0.49,45.05,,,,,,,,,,,
1790036319.4082866,GPS_RAW_INT,,,,,,,,,,,,,,,,,,6,10
1790036319.420599,ATTITUDE,,,,,,,,,,,,,,,0.0021305119153112173,0.002226267009973526,0.7863965034484863,,
1790036319.4224076,RAW_IMU,,,,,,,,,0,0,-1000,2,1,1,,,,,
1790036319.4406798,ATTITUDE,,,,,,,,,,,,,,,0.0021385361906141043,0.0022214639466255903,0.7863975763320923,,
1790036319.441739,RAW_IMU,,,,,,,,,0,0,-1000,2,1,1,,,,,
1790036319.4613256,ATTITUDE,,,,,,,,,,,,,,,0.0021459574345499277,0.002218487672507763,0.7863993644714355,,
1790036319.4622228,RAW_IMU,,,,,,,,,0,0,-1000,1,1,1,,,,,
1790036319.482323,ATTITUDE,,,,,,,,,,,,,,,0.002154815709218383,0.0022160850930958986,0.7863996028900146,,
1790036319.4836943,RAW_IMU,,,,,,,,,0,0,-1000,2,1,1,,,,,
1790036319.5030458,ATTITUDE,,,,,,,,,,,,,,,0.0021587428636848927,0.0022071890998631716,0.7864000797271729,,
1790036319.504846,RAW_IMU,,,,,,,,,0,0,-1000,1,1,1,,,,,
1790036319.5096436,GLOBAL_POSITION_INT,-35.361131,149.1678505,587.4,5.682,-0.02,0.0,0.49,45.05,,,,,,,,,,,
1790036319.5109274,GPS_RAW_INT,,,,,,,,,,,,,,,,,,6,10
1790036319.5227203,ATTITUDE,,,,,,,,,,,,,,,0.0021629563998430967,0.0021988479420542717,0.7864012718200684,,
1790036319.524101,RAW_IMU,,,,,,,,,0,0,-1000,1,1,1,,,,,
1790036319.543009,ATTITUDE,,,,,,,,,,,,,,,0.0021681298967450857,0.002191216452047229,0.7864037752151489,,
1790036319.5442514,RAW_IMU,,,,,,,,,0,0,-1000,2,1,1,,,,,
1790036319.5636663,ATTITUDE,,,,,,,,,,,,,,,0.0021732659079134464,0.0021857761312276125,0.7864053249359131,,
1790036319.565081,RAW_IMU,,,,,,,,,0,0,-1001,1,1,1,,,,,
1790036319.5834978,ATTITUDE,,,,,,,,,,,,,,,0.0021775979548692703,0.0021798545494675636,0.7864041924476624,,
1790036319.584975,RAW_IMU,,,,,,,,,0,0,-1000,1,1,1,,,,,
1790036319.6036317,ATTITUDE,,,,,,,,,,,,,,,0.002183796837925911,0.0021751050371676683,0.7864049673080444,,
1790036319.6054614,RAW_IMU,,,,,,,,,0,0,-1000,2,1,1,,,,,
1790036319.6103435,GLOBAL_POSITION_INT,-35.361131,149.1678505,587.35,5.632,-0.02,0.0,0.49,45.05,,,,,,,,,,,
1790036319.611486,GPS_RAW_INT,,,,,,,,,,,,,,,,,,6,10
1790036319.6240866,ATTITUDE,,,,,,,,,,,,,,,0.0021896078251302242,0.0021704784594476223,0.7864079475402832,,
1790036319.626201,RAW_IMU,,,,,,,,,0,0,-1000,1,1,1,,,,,
1790036319.6497903,ATTITUDE,,,,,,,,,,,,,,,0.0021946935448795557,0.0021666802931576967,0.7864113450050354,,
1790036319.6507368,RAW_IMU,,,,,,,,,0,0,-1000,1,1,1,,,,,
1790036319.6592743,ATTITUDE,,,,,,,,,,,,,,,0.0022013497073203325,0.002165463287383318,0.786413848400116,,
1790036319.6608312,RAW_IMU,,,,,,,,,0,0,-1000,1,1,1,,,,,
1790036319.6799421,ATTITUDE,,,,,,,,,,,,,,,0.0022066731471568346,0.0021636593155562878,0.7864154577255249,,
1790036319.680523,RAW_IMU,,,,,,,,,0,0,-1000,1,1,1,,,,,
1790036319.6999006,ATTITUDE,,,,,,,,,,,,,,,0.0022101474460214376,0.0021421913988888264,0.7864171266555786,,
1790036319.7007415,RAW_IMU,,,,,,,,,0,0,-1001,1,0,1,,,,,
1790036319.7076674,GLOBAL_POSITION_INT,-35.361131,149.1678505,587.3,5.582,-0.02,0.0,0.49,45.05,,,,,,,,,,,
1790036319.7097657,GPS_RAW_INT,,,,,,,,,,,,,,,,,,6,10
1790036319.7208083,ATTITUDE,,,,,,,,,,,,,,,0.002213352359831333,0.0021529169753193855,0.7864163517951965,,
1790036319.7228324,RAW_IMU,,,,,,,,,0,0,-1001,1,2,1,,,,,
1790036319.7408724,ATTITUDE,,,,,,,,,,,,,,,0.00221819756552577,0.0021083042956888676,0.7864136695861816,,
1790036319.742863,RAW_IMU,,,,,,,,,0,0,-1001,1,0,1,,,,,
1790036319.7613328,ATTITUDE,,,,,,,,,,,,,,,0.002223159186542034,0.002121459925547242,0.7864082455635071,,
1790036319.7621524,RAW_IMU,,,,,,,,,0,0,-1001,1,2,1,,,,,
1790036319.7812235,ATTITUDE,,,,,,,,,,,,,,,0.0022284085862338543,0.0020743084605783224,0.7863991856575012,,
1790036319.7820685,RAW_IMU,,,,,,,,,0,0,-1001,1,0,1,,,,,
1790036319.8012083,ATTITUDE,,,,,,,,,,,,,,,0.0022338093258440495,0.002090789144858718,0.7863901257514954,,
1790036319.8020625,RAW_IMU,,,,,,,,,0,0,-1001,1,2,0,,,,,
1790036319.8080742,GLOBAL_POSITION_INT,-35.361131,149.1678505,587.25,5.532,-0.02,0.0,0.49,45.05,,,,,,,,,,,
1790036319.8094625,GPS_RAW_INT,,,,,,,,,,,,,,,,,,6,10
1790036319.8211384,ATTITUDE,,,,,,,,,,,,,,,0.002238479210063815,0.002090832218527794,0.7863824963569641,,
1790036319.822547,RAW_IMU,,,,,,,,,0,0,-1000,1,1,1,,,,,
1790036319.841384,ATTITUDE,,,,,,,,,,,,,,,0.002244049683213234,0.002090419176965952,0.7863767743110657,,
1790036319.8425543,RAW_IMU,,,,,,,,,0,0,-1000,1,1,1,,,,,
1790036319.8612509,ATTITUDE,,,,,,,,,,,,,,,0.0022492643911391497,0.002090628258883953,0.7863698601722717,,
1790036319.8625302,RAW_IMU,,,,,,,,,0,0,-1000,1,1,1,,,,,
1790036319.8986464,ATTITUDE,,,,,,,,,,,,,,,0.0022550749126821756,0.002092079957947135,0.78636234998703,,
1790036319.8995097,RAW_IMU,,,,,,,,,0,0,-1000,1,1,1,,,,,
1790036319.9022691,ATTITUDE,,,,,,,,,,,,,,,0.002258154097944498,0.002086099237203598,0.7863543033599854,,
1790036319.9038377,RAW_IMU,,,,,,,,,0,0,-1000,1,1,1,,,,,
1790036319.9090438,GLOBAL_POSITION_INT,-35.361131,149.1678505,587.2,5.482,-0.02,0.0,0.49,45.05,,,,,,,,,,,
1790036319.9104528,GPS_RAW_INT,,,,,,,,,,,,,,,,,,6,10
1790036319.9229512,ATTITUDE,,,,,,,,,,,,,,,0.0022613846231251955,0.0020814950112253428,0.7863489389419556,,
1790036319.9253423,RAW_IMU,,,,,,,,,0,0,-1000,1,1,1,,,,,
1790036319.9435863,ATTITUDE,,,,,,,,,,,,,,,0.002264932496473193,0.002078021876513958,0.7863449454307556,,
1790036319.9455478,RAW_IMU,,,,,,,,,0,0,-1000,1,1,1,,,,,
1790036319.9635718,ATTITUDE,,,,,,,,,,,,,,,0.002263659844174981,0.002074860967695713,0.7863396406173706,,
1790036319.9642146,RAW_IMU,,,,,,,,,0,0,-1001,1,1,1,,,,,
1790036319.983625,ATTITUDE,,,,,,,,,,,,,,,0.002230219077318907,0.0020714937709271908,0.786334216594696,,
1790036319.984782,RAW_IMU,,,,,,,,,0,0,-1000,0,1,1,,,,,
1790036320.0037482,ATTITUDE,,,,,,,,,,,,,,,0.002198481233790517,0.0020684502087533474,0.7863304018974304,,
1790036320.0051634,RAW_IMU,,,,,,,,,0,0,-1000,0,1,1,,,,,
1790036320.0101826,GLOBAL_POSITION_INT,-35.361131,149.1678505,587.15,5.432,-0.02,0.0,0.49,45.05,,,,,,,,,,,
1790036320.0114214,GPS_RAW_INT,,,,,,,,,,,,,,,,,,6,10
1790036320.0237002,ATTITUDE,,,,,,,,,,,,,,,0.0021689715795218945,0.002068538684397936,0.7863276600837708,,
1790036320.0253446,RAW_IMU,,,,,,,,,0,0,-1000,0,1,1,,,,,
1790036320.044017,ATTITUDE,,,,,,,,,,,,,,,0.0021399706602096558,0.00206859246827662,0.7863261103630066,,
1790036320.045064,RAW_IMU,,,,,,,,,0,0,-1001,0,1,1,,,,,
1790036320.0645263,ATTITUDE,,,,,,,,,,,,,,,0.0020939537789672613,0.0020703242626041174,0.786323606967926,,
1790036320.0655334,RAW_IMU,,,,,,,,,0,0,-1000,0,1,1,,,,,
1790036320.0844283,ATTITUDE,,,,,,,,,,,,,,,0.002049189293757081,0.002070772461593151,0.7863202095031738,,
1790036320.0861588,RAW_IMU,,,,,,,,,0,0,-1000,0,1,1,,,,,
1790036320.1044376,ATTITUDE,,,,,,,,,,,,,,,0.002002560766413808,0.002066322835162282,0.7863174676895142,,
1790036320.1062224,RAW_IMU,,,,,,,,,0,0,-1000,0,1,1,,,,,
1790036320.110739,GLOBAL_POSITION_INT,-35.361131,149.1678505,587.1,5.382,-0.02,0.0,0.49,45.05,,,,,,,,,,,
1790036320.111466,GPS_RAW_INT,,,,,,,,,,,,,,,,,,6,10
1790036320.1243098,ATTITUDE,,,,,,,,,,,,,,,0.0019418898737058043,0.0020628790371119976,0.7863174676895142,,
1790036320.1254182,RAW_IMU,,,,,,,,,0,0,-1001,-1,1,1,,,,,
1790036320.147266,ATTITUDE,,,,,,,,,,,,,,,0.001883345190435648,0.002059004968032241,0.7863182425498962,,
1790036320.1488316,RAW_IMU,,,,,,,,,0,0,-1000,-1,1,1,,,,,
1790036320.1642003,ATTITUDE,,,,,,,,,,,,,,,0.0018282108940184116,0.002056180266663432,0.7863184809684753,,
1790036320.1650097,RAW_IMU,,,,,,,,,0,0,-1000,-1,1,1,,,,,
1790036320.184269,ATTITUDE,,,,,,,,,,,,,,,0.0017753198044374585,0.002053566975519061,0.7863166332244873,,
1790036320.1858473,RAW_IMU,,,,,,,,,0,0,-1000,0,1,1,,,,,
1790036320.20485,ATTITUDE,,,,,,,,,,,,,,,0.0017244594637304544,0.002064178930595517,0.786315381526947,,
1790036320.2061386,RAW_IMU,,,,,,,,,0,0,-1001,0,2,1,,,,,
1790036320.2110713,GLOBAL_POSITION_INT,-35.361131,149.1678505,587.05,5.332,-0.02,0.0,0.49,45.05,,,,,,,,,,,
1790036320.2121174,GPS_RAW_INT,,,,,,,,,,,,,,,,,,6,10
1790036320.2241955,ATTITUDE,,,,,,,,,,,,,,,0.0016771784285083413,0.0020815383177250624,0.7863153219223022,,
1790036320.22561,RAW_IMU,,,,,,,,,0,0,-1000,0,2,1,,,,,
1790036320.244393,ATTITUDE,,,,,,,,,,,,,,,0.0016315587563440204,0.0021082654129713774,0.7863161563873291,,
1790036320.245609,RAW_IMU,,,,,,,,,0,0,-1001,0,2,1,,,,,
1790036320.2633877,ATTITUDE,,,,,,,,,,,,,,,0.0015882799634709954,0.002110949018970132,0.7863157391548157,,
1790036320.2642052,RAW_IMU,,,,,,,,,0,0,-1001,0,2,1,,,,,
1790036320.2839413,ATTITUDE,,,,,,,,,,,,,,,0.00154581677634269,0.002127990359440446,0.7863112688064575,,
1790036320.2857337,RAW_IMU,,,,,,,,,0,0,-1001,0,1,1,,,,,
1790036320.3039467,ATTITUDE,,,,,,,,,,,,,,,0.0015020574210211635,0.002138732699677348,0.7863045930862427,,
1790036320.305611,RAW_IMU,,,,,,,,,0,0,-1001,0,2,1,,,,,
1790036320.3115916,GLOBAL_POSITION_INT,-35.361131,149.1678505,587.0,5.282,-0.02,0.0,0.49,45.05,,,,,,,,,,,
1790036320.3125963,GPS_RAW_INT,,,,,,,,,,,,,,,,,,6,10
1790036320.3261216,ATTITUDE,,,,,,,,,,,,,,,0.0014602667652070522,0.002113503636792302,0.7862972617149353,,
1790036320.3282251,RAW_IMU,,,,,,,,,0,0,-1001,0,0,1,,,,,
1790036320.346617,ATTITUDE,,,,,,,,,,,,,,,0.001420606509782374,0.002144418191164732,0.7862904071807861,,
1790036320.3482356,RAW_IMU,,,,,,,,,0,0,-1001,0,3,1,,,,,
1790036320.362535,ATTITUDE,,,,,,,,,,,,,,,0.0013831681571900845,0.0021756223868578672,0.7862821817398071,,
1790036320.364233,RAW_IMU,,,,,,,,,0,0,-1000,0,3,1,,,,,
1790036320.3933513,ATTITUDE,,,,,,,,,,,,,,,0.0013473149156197906,0.002204851945862174,0.7862741351127625,,
1790036320.3943179,RAW_IMU,,,,,,,,,0,0,-1000,0,3,1,,,,,
1790036320.4028678,ATTITUDE,,,,,,,,,,,,,,,0.0013132203603163362,0.0022339066490530968,0.7862665057182312,,
1790036320.404027,RAW_IMU,,,,,,,,,0,0,-1000,0,3,1,,,,,
1790036320.409394,GLOBAL_POSITION_INT,-35.361131,149.1678505,586.95,5.232,-0.02,0.0,0.49,45.04,,,,,,,,,,,
1790036320.4107854,GPS_RAW_INT,,,,,,,,,,,,,,,,,,6,10
1790036320.4229727,ATTITUDE,,,,,,,,,,,,,,,0.0012807901948690414,0.0022629511076956987,0.786262035369873,,
1790036320.4240036,RAW_IMU,,,,,,,,,0,0,-1001,0,3,1,,,,,
1790036320.4432983,ATTITUDE,,,,,,,,,,,,,,,0.0012510578380897641,0.002291246550157666,0.7862570881843567,,
1790036320.445225,RAW_IMU,,,,,,,,,0,0,-1000,0,3,1,,,,,
1790036320.4651487,ATTITUDE,,,,,,,,,,,,,,,0.0012222686782479286,0.00231800670735538,0.7862510085105896,,
1790036320.4666114,RAW_IMU,,,,,,,,,0,0,-1000,0,2,1,,,,,
1790036320.485576,ATTITUDE,,,,,,,,,,,,,,,0.0011927926680073142,0.0023439377546310425,0.78624427318573,,
1790036320.4868171,RAW_IMU,,,,,,,,,0,0,-1000,0,2,1,,,,,
1790036320.5059848,ATTITUDE,,,,,,,,,,,,,,,0.001163152395747602,0.002363658742979169,0.7862401008605957,,
1790036320.5076728,RAW_IMU,,,,,,,,,0,0,-1000,0,2,1,,,,,
1790036320.5094662,GLOBAL_POSITION_INT,-35.361131,149.1678505,586.9,5.182,-0.02,0.0,0.49,45.04,,,,,,,,,,,
1790036320.5100374,GPS_RAW_INT,,,,,,,,,,,,,,,,,,6,10
1790036320.5261862,ATTITUDE,,,,,,,,,,,,,,,0.0011364894453436136,0.0023837254848331213,0.7862359881401062,,
1790036320.527807,RAW_IMU,,,,,,,,,0,0,-1000,0,2,1,,,,,
1790036320.546414,ATTITUDE,,,,,,,,,,,,,,,0.001110028475522995,0.0024029479827731848,0.7862336039543152,,
1790036320.5475667,RAW_IMU,,,,,,,,,0,0,-1000,0,2,1,,,,,
1790036320.5611277,ATTITUDE,,,,,,,,,,,,,,,0.0010878269094973803,0.0024236717727035284,0.7862314581871033,,
1790036320.5625577,RAW_IMU,,,,,,,,,0,0,-1001,0,2,1,,,,,
1790036320.5814211,ATTITUDE,,,,,,,,,,,,,,,0.0010811828542500734,0.0024432598147541285,0.7862308621406555,,
1790036320.5831125,RAW_IMU,,,,,,,,,0,0,-1001,0,2,1,,,,,
1790036320.6016886,ATTITUDE,,,,,,,,,,,,,,,0.0010590667370706797,0.0024617703165858984,0.7862347364425659,,
1790036320.60269,RAW_IMU,,,,,,,,,0,0,-1001,1,2,1,,,,,
1790036320.60892,GLOBAL_POSITION_INT,-35.361131,149.1678505,586.85,5.132,-0.02,0.0,0.49,45.04,,,,,,,,,,,
1790036320.6101074,GPS_RAW_INT,,,,,,,,,,,,,,,,,,6,10
1790036320.6228817,ATTITUDE,,,,,,,,,,,,,,,0.0010371821699663997,0.00248082191683352,0.786240816116333,,
1790036320.6238773,RAW_IMU,,,,,,,,,0,0,-1001,0,2,1,,,,,
1790036320.6440096,ATTITUDE,,,,,,,,,,,,,,,0.0010430264519527555,0.0024994798004627228,0.7862507700920105,,
1790036320.6460624,RAW_IMU,,,,,,,,,0,0,-1001,2,2,1,,,,,
1790036320.6628585,ATTITUDE,,,,,,,,,,,,,,,0.001005544327199459,0.002518755616620183,0.7862613201141357,,
1790036320.6639652,RAW_IMU,,,,,,,,,0,0,-1001,0,2,2,,,,,
1790036320.682666,ATTITUDE,,,,,,,,,,,,,,,0.001022671815007925,0.0025357557460665703,0.7862713932991028,,
1790036320.6837575,RAW_IMU,,,,,,,,,0,0,-1001,2,2,2,,,,,
1790036320.702675,ATTITUDE,,,,,,,,,,,,,,,0.0010379666928201914,0.00254827830940485,0.7862827777862549,,
1790036320.703473,RAW_IMU,,,,,,,,,0,0,-1000,2,2,2,,,,,
1790036320.7098176,GLOBAL_POSITION_INT,-35.361131,149.1678505,586.8,5.082,-0.02,0.0,0.49,45.05,,,,,,,,,,,
1790036320.7106342,GPS_RAW_INT,,,,,,,,,,,,,,,,,,6,10
1790036320.7232127,ATTITUDE,,,,,,,,,,,,,,,0.0010529984720051289,0.002560514723882079,0.7862952947616577,,
1790036320.7245061,RAW_IMU,,,,,,,,,0,0,-1000,2,2,2,,,,,
1790036320.7435286,ATTITUDE,,,,,,,,,,,,,,,0.0010671491036191583,0.002572254976257682,0.786308228969574,,
1790036320.7445915,RAW_IMU,,,,,,,,,0,0,-1001,2,2,2,,,,,
1790036320.7637537,ATTITUDE,,,,,,,,,,,,,,,0.0010805182391777635,0.0025841924361884594,0.7863186001777649,,
1790036320.7647946,RAW_IMU,,,,,,,,,0,0,-1001,2,2,2,,,,,
1790036320.7836683,ATTITUDE,,,,,,,,,,,,,,,0.0010943877277895808,0.0025778028648346663,0.7863271236419678,,
1790036320.7852814,RAW_IMU,,,,,,,,,0,0,-1001,2,1,1,,,,,
1790036320.8036904,ATTITUDE,,,,,,,,,,,,,,,0.0011088887695223093,0.002572576282545924,0.786336362361908,,
1790036320.8054724,RAW_IMU,,,,,,,,,0,0,-1000,2,1,1,,,,,
1790036320.810163,GLOBAL_POSITION_INT,-35.361131,149.1678505,586.75,5.033,-0.02,0.0,0.49,45.05,,,,,,,,,,,
1790036320.8110054,GPS_RAW_INT,,,,,,,,,,,,,,,,,,6,10
1790036320.8236263,ATTITUDE,,,,,,,,,,,,,,,0.0011224555782973766,0.0025682623963803053,0.7863474488258362,,
1790036320.8247912,RAW_IMU,,,,,,,,,0,0,-1000,2,1,1,,,,,
1790036320.8427756,ATTITUDE,,,,,,,,,,,,,,,0.0011355753522366285,0.002565031871199608,0.7863588929176331,,
1790036320.8440857,RAW_IMU,,,,,,,,,0,0,-1000,2,1,1,,,,,
1790036320.8628833,ATTITUDE,,,,,,,,,,,,,,,0.0011475594947114587,0.0025628365110605955,0.7863673567771912,,
1790036320.8650303,RAW_IMU,,,,,,,,,0,0,-1001,2,1,1,,,,,
1790036320.8952522,ATTITUDE,,,,,,,,,,,,,,,0.0011584253516048193,0.0025276984088122845,0.7863744497299194,,
1790036320.896386,RAW_IMU,,,,,,,,,0,0,-1001,2,0,1,,,,,
1790036320.9028296,ATTITUDE,,,,,,,,,,,,,,,0.001167072681710124,0.002527050208300352,0.7863813638687134,,
1790036320.9042578,RAW_IMU,,,,,,,,,0,0,-1001,2,1,1,,,,,
1790036320.9093819,GLOBAL_POSITION_INT,-35.361131,149.1678505,586.7,4.983,-0.02,0.0,0.49,45.05,,,,,,,,,,,
1790036320.9106853,GPS_RAW_INT,,,,,,,,,,,,,,,,,,6,10
1790036320.9227586,ATTITUDE,,,,,,,,,,,,,,,0.0011770359706133604,0.00247774925082922,0.7863864302635193,,
1790036320.924193,RAW_IMU,,,,,,,,,0,0,-1001,2,0,1,,,,,
1790036320.9427943,ATTITUDE,,,,,,,,,,,,,,,0.0011857955250889063,0.0024805888533592224,0.7863905429840088,,
1790036320.9442625,RAW_IMU,,,,,,,,,0,0,-1001,2,1,1,,,,,
1790036320.9630501,ATTITUDE,,,,,,,,,,,,,,,0.0011942993151023984,0.0024288836866617203,0.7863911390304565,,
1790036320.9650679,RAW_IMU,,,,,,,,,0,0,-1001,2,0,1,,,,,
1790036320.983015,ATTITUDE,,,,,,,,,,,,,,,0.0012026609620079398,0.0024410546757280827,0.7863888740539551,,
1790036320.9842048,RAW_IMU,,,,,,,,,0,0,-1001,2,2,1,,,,,
1790036321.0028856,ATTITUDE,,,,,,,,,,,,,,,0.0012125608045607805,0.0024073657114058733,0.7863871455192566,,
1790036321.004378,RAW_IMU,,,,,,,,,0,0,-1001,2,0,1,,,,,
1790036321.0092068,GLOBAL_POSITION_INT,-35.361131,149.1678505,586.65,4.933,-0.02,0.0,0.49,45.05,,,,,,,,,,,
1790036321.0105472,GPS_RAW_INT,,,,,,,,,,,,,,,,,,6,10
1790036321.022732,ATTITUDE,,,,,,,,,,,,,,,0.0012218784540891647,0.0023952065967023373,0.7863873243331909,,
1790036321.0237582,RAW_IMU,,,,,,,,,0,0,-1001,2,0,1,,,,,
1790036321.0426478,ATTITUDE,,,,,,,,,,,,,,,0.0012306307908147573,0.0023989544715732336,0.7863872051239014,,
1790036321.0437233,RAW_IMU,,,,,,,,,0,0,-1000,2,1,1,,,,,
1790036321.0632312,ATTITUDE,,,,,,,,,,,,,,,0.0012389644980430603,0.0024030073545873165,0.7863840460777283,,
1790036321.065245,RAW_IMU,,,,,,,,,0,0,-1000,2,1,1,,,,,
1790036321.0839593,ATTITUDE,,,,,,,,,,,,,,,0.0012464988976716995,0.0024056285619735718,0.7863805890083313,,
1790036321.0848818,RAW_IMU,,,,,,,,,0,0,-1001,2,1,1,,,,,
1790036321.1041486,ATTITUDE,,,,,,,,,,,,,,,0.0012513838009908795,0.002403470454737544,0.7863802313804626,,
1790036321.105563,RAW_IMU,,,,,,,,,0,0,-1001,2,1,1,,,,,
1790036321.1110327,GLOBAL_POSITION_INT,-35.361131,149.1678505,586.6,4.883,-0.02,0.0,0.49,45.05,,,,,,,,,,,
1790036321.112056,GPS_RAW_INT,,,,,,,,,,,,,,,,,,6,10
1790036321.1240358,ATTITUDE,,,,,,,,,,,,,,,0.0012575217988342047,0.0024028585758060217,0.7863805294036865,,
1790036321.1250427,RAW_IMU,,,,,,,,,0,0,-1000,2,1,1,,,,,
1790036321.144875,ATTITUDE,,,,,,,,,,,,,,,0.0012626324314624071,0.0024026790633797646,0.7863807082176208,,
1790036321.146206,RAW_IMU,,,,,,,,,0,0,-1000,2,1,1,,,,,
1790036321.1597447,ATTITUDE,,,,,,,,,,,,,,,0.0012690848670899868,0.0024017717223614454,0.7863813638687134,,
1790036321.1616654,RAW_IMU,,,,,,,,,0,0,-1000,2,1,1,,,,,
1790036321.1797645,ATTITUDE,,,,,,,,,,,,,,,0.001274505746550858,0.0024029926862567663,0.786379873752594,,
1790036321.1812294,RAW_IMU,,,,,,,,,0,0,-1001,2,1,1,,,,,
1790036321.2045157,ATTITUDE,,,,,,,,,,,,,,,0.001279798336327076,0.0024052057415246964,0.7863803505897522,,
1790036321.205426,RAW_IMU,,,,,,,,,0,0,-1001,1,1,1,,,,,
1790036321.21162,GLOBAL_POSITION_INT,-35.361131,149.1678505,586.55,4.833,-0.02,-0.01,0.49,45.05,,,,,,,,,,,
1790036321.2126362,GPS_RAW_INT,,,,,,,,,,,,,,,,,,6,10
1790036321.2244396,ATTITUDE,,,,,,,,,,,,,,,0.0012857132824137807,0.002408025786280632,0.7863809466362,,
1790036321.2254505,RAW_IMU,,,,,,,,,0,0,-1000,1,1,1,,,,,
1790036321.2443817,ATTITUDE,,,,,,,,,,,,,,,0.0012927795760333538,0.00241067074239254,0.786382794380188,,
1790036321.245409,RAW_IMU,,,,,,,,,0,0,-1000,1,1,1,,,,,
1790036321.2648382,ATTITUDE,,,,,,,,,,,,,,,0.0012998668244108558,0.002414328744634986,0.7863843441009521,,
1790036321.265836,RAW_IMU,,,,,,,,,0,0,-1000,1,1,1,,,,,
1790036321.284547,ATTITUDE,,,,,,,,,,,,,,,0.0013064444065093994,0.0024159264285117388,0.7863836288452148,,
1790036321.285761,RAW_IMU,,,,,,,,,0,0,-1001,1,1,1,,,,,
1790036321.2999892,ATTITUDE,,,,,,,,,,,,,,,0.0013104703975841403,0.00241439463570714,0.7863842844963074,,
1790036321.3013427,RAW_IMU,,,,,,,,,0,0,-1000,1,1,1,,,,,
1790036321.3079305,GLOBAL_POSITION_INT,-35.361131,149.1678505,586.5,4.783,-0.02,-0.01,0.49,45.05,,,,,,,,,,,
1790036321.3089929,GPS_RAW_INT,,,,,,,,,,,,,,,,,,6,10
1790036321.320032,ATTITUDE,,,,,,,,,,,,,,,0.0013153820764273405,0.0024119724985212088,0.7863854169845581,,
1790036321.321749,RAW_IMU,,,,,,,,,0,0,-1000,1,1,1,,,,,
1790036321.3402655,ATTITUDE,,,,,,,,,,,,,,,0.0013198673259466887,0.0024109671358019114,0.7863870859146118,,
1790036321.3412566,RAW_IMU,,,,,,,,,0,0,-1001,1,1,1,,,,,
1790036321.3614428,ATTITUDE,,,,,,,,,,,,,,,0.0013230163604021072,0.0024115778505802155,0.7863879203796387,,
1790036321.3626215,RAW_IMU,,,,,,,,,0,0,-1001,1,1,1,,,,,
1790036321.3927748,ATTITUDE,,,,,,,,,,,,,,,0.0013270011404529214,0.002410571789368987,0.7863882184028625,,
1790036321.3943598,RAW_IMU,,,,,,,,,0,0,-1000,1,1,1,,,,,
1790036321.4008763,ATTITUDE,,,,,,,,,,,,,,,0.00133158836979419,0.0024097771383821964,0.7863897085189819,,
1790036321.402135,RAW_IMU,,,,,,,,,0,0,-1000,1,1,1,,,,,
1790036321.4077928,GLOBAL_POSITION_INT,-35.361131,149.1678505,586.45,4.732,-0.02,-0.01,0.49,45.05,,,,,,,,,,,
1790036321.4085813,GPS_RAW_INT,,,,,,,,,,,,,,,,,,6,10
1790036321.421391,ATTITUDE,,,,,,,,,,,,,,,0.0013356810668483377,0.0024109252262860537,0.7863928079605103,,
1790036321.4221928,RAW_IMU,,,,,,,,,0,0,-1000,1,1,1,,,,,
1790036321.4414694,ATTITUDE,,,,,,,,,,,,,,,0.00134003022685647,0.0024126737844198942,0.7863969802856445,,
1790036321.4428227,RAW_IMU,,,,,,,,,0,0,-1000,1,1,1,,,,,
1790036321.8256536,GLOBAL_POSITION_INT,-35.361131,149.1678505,586.34,4.626,-0.02,-0.01,0.49,45.05,,,,,,,,,,,
1790036321.826738,RAW_IMU,,,,,,,,,0,0,-1000,2,0,1,,,,,
1790036321.8272643,GPS_RAW_INT,,,,,,,,,,,,,,,,,,6,10
1790036321.8898365,ATTITUDE,,,,,,,,,,,,,,,0.0016491672722622752,0.002062874846160412,0.7863721251487732,,
1790036321.8905518,RAW_IMU,,,,,,,,,0,0,-1001,2,2,1,,,,,
1790036321.891114,GLOBAL_POSITION_INT,-35.361131,149.1678505,586.22,4.501,-0.02,-0.01,0.49,45.05,,,,,,,,,,,
1790036321.8916743,GPS_RAW_INT,,,,,,,,,,,,,,,,,,6,10
1790036321.8927495,ATTITUDE,,,,,,,,,,,,,,,0.0016573251923546195,0.002075976226478815,0.7863712906837463,,
1790036321.8943331,RAW_IMU,,,,,,,,,0,0,-1000,2,2,1,,,,,
1790036321.9106715,ATTITUDE,,,,,,,,,,,,,,,0.0016662179259583354,0.0020878196228295565,0.7863721251487732,,
1790036321.9126565,RAW_IMU,,,,,,,,,0,0,-1001,2,2,1,,,,,
1790036321.9313993,GLOBAL_POSITION_INT,-35.361131,149.1678505,586.19,4.472,-0.02,-0.01,0.49,45.05,,,,,,,,,,,
1790036321.9330423,GPS_RAW_INT,,,,,,,,,,,,,,,,,,6,10
1790036321.9361844,ATTITUDE,,,,,,,,,,,,,,,0.0016925041563808918,0.0020987996831536293,0.7863731980323792,,
1790036321.9382298,RAW_IMU,,,,,,,,,0,0,-1001,3,2,1,,,,,
1790036321.9516025,ATTITUDE,,,,,,,,,,,,,,,0.001719102030619979,0.0021114565897732973,0.7863757610321045,,
1790036321.95553,RAW_IMU,,,,,,,,,0,0,-1000,3,2,1,,,,,
1790036321.9735732,ATTITUDE,,,,,,,,,,,,,,,0.0017430095467716455,0.002123031532391906,0.7863746881484985,,
1790036321.9752028,RAW_IMU,,,,,,,,,0,0,-1000,2,2,1,,,,,
1790036321.9944966,ATTITUDE,,,,,,,,,,,,,,,0.0017708272207528353,0.002136749215424061,0.7863757014274597,,
1790036321.995952,RAW_IMU,,,,,,,,,0,0,-1000,2,2,1,,,,,
1790036322.0140655,ATTITUDE,,,,,,,,,,,,,,,0.001804784289561212,0.0021426116582006216,0.7863776683807373,,
1790036322.0149019,RAW_IMU,,,,,,,,,0,0,-1001,3,2,1,,,,,
1790036322.0280285,GLOBAL_POSITION_INT,-35.361131,149.1678505,586.14,4.422,-0.02,-0.01,0.49,45.05,,,,,,,,,,,
1790036322.0298014,GPS_RAW_INT,,,,,,,,,,,,,,,,,,6,10
1790036322.0341992,ATTITUDE,,,,,,,,,,,,,,,0.0018363206181675196,0.0021367508452385664,0.7863800525665283,,
1790036322.0356472,RAW_IMU,,,,,,,,,0,0,-1001,3,1,1,,,,,
1790036322.054691,ATTITUDE,,,,,,,,,,,,,,,0.0018917610868811607,0.00213158898986876,0.7863836884498596,,
1790036322.0566826,RAW_IMU,,,,,,,,,0,0,-1001,4,1,1,,,,,
1790036322.0748658,ATTITUDE,,,,,,,,,,,,,,,0.0019115392351523042,0.0021149597596377134,0.786388635635376,,
1790036322.0766156,RAW_IMU,,,,,,,,,0,0,-1001,3,0,1,,,,,
1790036322.0948408,ATTITUDE,,,,,,,,,,,,,,,0.0019725810270756483,0.0020886447746306658,0.786396324634552,,
1790036322.096453,RAW_IMU,,,,,,,,,0,0,-1001,4,0,1,,,,,
1790036322.1148133,ATTITUDE,,,,,,,,,,,,,,,0.002012578072026372,0.002064169617369771,0.7864061594009399,,
1790036322.1158154,RAW_IMU,,,,,,,,,0,0,-1001,4,0,1,,,,,
1790036322.1408844,GLOBAL_POSITION_INT,-35.361131,149.1678505,586.09,4.372,-0.02,-0.01,0.49,45.05,,,,,,,,,,,
1790036322.1421113,GPS_RAW_INT,,,,,,,,,,,,,,,,,,6,10
1790036322.1428962,ATTITUDE,,,,,,,,,,,,,,,0.0020251935347914696,0.002041158964857459,0.7864169478416443,,
1790036322.1444402,RAW_IMU,,,,,,,,,0,0,-1000,2,0,1,,,,,
1790036322.1556506,ATTITUDE,,,,,,,,,,,,,,,0.0020369491539895535,0.002019445179030299,0.7864285111427307,,
1790036322.1574194,RAW_IMU,,,,,,,,,0,0,-1000,2,0,1,,,,,
1790036322.1763806,ATTITUDE,,,,,,,,,,,,,,,0.002047154353931546,0.001998845487833023,0.7864360809326172,,
1790036322.177543,RAW_IMU,,,,,,,,,0,0,-1000,2,0,1,,,,,
1790036322.1962402,ATTITUDE,,,,,,,,,,,,,,,0.0020592911168932915,0.0020009642466902733,0.7864441275596619,,
1790036322.197242,RAW_IMU,,,,,,,,,0,0,-1001,2,1,1,,,,,
1790036322.216249,ATTITUDE,,,,,,,,,,,,,,,0.002070826943963766,0.001960969530045986,0.7864502668380737,,
1790036322.2175655,RAW_IMU,,,,,,,,,0,0,-1001,2,0,1,,,,,
1790036322.229961,GLOBAL_POSITION_INT,-35.361131,149.1678505,586.04,4.322,-0.02,-0.01,0.49,45.06,,,,,,,,,,,
1790036322.2310312,GPS_RAW_INT,,,,,,,,,,,,,,,,,,6,10
1790036322.2361767,ATTITUDE,,,,,,,,,,,,,,,0.0020828484557569027,0.0019701914861798286,0.7864544987678528,,
1790036322.2380571,RAW_IMU,,,,,,,,,0,0,-1001,2,2,1,,,,,
1790036322.2565498,ATTITUDE,,,,,,,,,,,,,,,0.002095224801450968,0.001919232658110559,0.7864562273025513,,
1790036322.2575326,RAW_IMU,,,,,,,,,0,0,-1001,2,0,1,,,,,
1790036322.276934,ATTITUDE,,,,,,,,,,,,,,,0.002106788568198681,0.0019386056810617447,0.7864519953727722,,
1790036322.2781348,RAW_IMU,,,,,,,,,0,0,-1001,2,2,1,,,,,
1790036322.2967694,ATTITUDE,,,,,,,,,,,,,,,0.0021141597535461187,0.0018711989978328347,0.7864479422569275,,
1790036322.2980356,RAW_IMU,,,,,,,,,0,0,-1001,2,-1,1,,,,,
1790036322.316642,ATTITUDE,,,,,,,,,,,,,,,0.002121769357472658,0.0018498748540878296,0.7864447832107544,,
1790036322.31778,RAW_IMU,,,,,,,,,0,0,-1001,2,0,1,,,,,
1790036322.3305497,GLOBAL_POSITION_INT,-35.361131,149.1678505,585.99,4.272,-0.02,-0.01,0.49,45.05,,,,,,,,,,,
1790036322.33188,GPS_RAW_INT,,,,,,,,,,,,,,,,,,6,10
1790036322.3334386,ATTITUDE,,,,,,,,,,,,,,,0.002130806213244796,0.001836288720369339,0.7864416241645813,,
1790036322.334461,RAW_IMU,,,,,,,,,0,0,-1000,2,1,1,,,,,
1790036322.351829,ATTITUDE,,,,,,,,,,,,,,,0.0021392025519162416,0.0018231378635391593,0.7864400744438171,,
1790036322.35364,RAW_IMU,,,,,,,,,0,0,-1000,2,1,1,,,,,
1790036322.3720365,ATTITUDE,,,,,,,,,,,,,,,0.002145844977349043,0.0018116614082828164,0.786434531211853,,
1790036322.3735263,RAW_IMU,,,,,,,,,0,0,-1000,2,1,1,,,,,
1790036322.3958004,ATTITUDE,,,,,,,,,,,,,,,0.002152628730982542,0.0017988062463700771,0.7864301204681396,,
1790036322.3966093,RAW_IMU,,,,,,,,,0,0,-1001,2,1,1,,,,,
1790036322.4120398,ATTITUDE,,,,,,,,,,,,,,,0.002159917028620839,0.0017873060423880816,0.7864261269569397,,
1790036322.413693,RAW_IMU,,,,,,,,,0,0,-1001,2,1,1,,,,,
1790036322.431278,GLOBAL_POSITION_INT,-35.361131,149.1678505,585.94,4.222,-0.02,-0.01,0.49,45.05,,,,,,,,,,,
1790036322.4324675,GPS_RAW_INT,,,,,,,,,,,,,,,,,,6,10
1790036322.433906,ATTITUDE,,,,,,,,,,,,,,,0.0021674875169992447,0.0017775981687009335,0.7864241600036621,,
1790036322.43491,RAW_IMU,,,,,,,,,0,0,-1000,2,1,1,,,,,
1790036322.453403,ATTITUDE,,,,,,,,,,,,,,,0.0021776447538286448,0.0017677501309663057,0.786422610282898,,
1790036322.455566,RAW_IMU,,,,,,,,,0,0,-1001,2,1,1,,,,,
1790036322.4737613,ATTITUDE,,,,,,,,,,,,,,,0.0021877484396100044,0.0017604526365175843,0.7864177227020264,,
1790036322.4754708,RAW_IMU,,,,,,,,,0,0,-1000,2,1,1,,,,,
1790036322.494345,ATTITUDE,,,,,,,,,,,,,,,0.002193550579249859,0.0017489520832896233,0.786415696144104,,
1790036322.4954662,RAW_IMU,,,,,,,,,0,0,-1001,2,1,1,,,,,
1790036322.5134702,ATTITUDE,,,,,,,,,,,,,,,0.002197211142629385,0.001739337109029293,0.786415159702301,,
1790036322.5146964,RAW_IMU,,,,,,,,,0,0,-1000,2,1,1,,,,,
1790036322.5277824,GLOBAL_POSITION_INT,-35.361131,149.1678505,585.89,4.172,-0.02,-0.01,0.49,45.05,,,,,,,,,,,
1790036322.5289214,GPS_RAW_INT,,,,,,,,,,,,,,,,,,6,10
1790036322.5331004,ATTITUDE,,,,,,,,,,,,,,,0.002206261735409498,0.0017280151369050145,0.7864149808883667,,
1790036322.534284,RAW_IMU,,,,,,,,,0,0,-1001,2,1,1,,,,,
1790036322.5535693,ATTITUDE,,,,,,,,,,,,,,,0.0022478585597127676,0.0017186821205541492,0.7864161133766174,,
1790036322.5544662,RAW_IMU,,,,,,,,,0,0,-1001,3,1,1,,,,,
1790036322.5742383,ATTITUDE,,,,,,,,,,,,,,,0.002286928705871105,0.001709791598841548,0.7864140272140503,,
1790036322.575143,RAW_IMU,,,,,,,,,0,0,-1001,3,1,1,,,,,
1790036322.5939195,ATTITUDE,,,,,,,,,,,,,,,0.002325946232303977,0.0017006649868562818,0.7864134311676025,,
1790036322.5953627,RAW_IMU,,,,,,,,,0,0,-1000,3,1,1,,,,,
1790036322.6142213,ATTITUDE,,,,,,,,,,,,,,,0.0023640485014766455,0.0016929013654589653,0.7864134311676025,,
1790036322.6155643,RAW_IMU,,,,,,,,,0,0,-1001,3,1,1,,,,,
1790036322.6402147,GLOBAL_POSITION_INT,-35.361131,149.1678505,585.84,4.122,-0.02,-0.01,0.49,45.05,,,,,,,,,,,
1790036322.6414037,GPS_RAW_INT,,,,,,,,,,,,,,,,,,6,10
1790036322.6430361,ATTITUDE,,,,,,,,,,,,,,,0.002401121659204364,0.0016863913042470813,0.7864149212837219,,
1790036322.6451993,RAW_IMU,,,,,,,,,0,0,-1001,3,1,1,,,,,
1790036322.6564324,ATTITUDE,,,,,,,,,,,,,,,0.0024364839773625135,0.001682048779912293,0.7864184379577637,,
1790036322.657517,RAW_IMU,,,,,,,,,0,0,-1000,3,1,1,,,,,
1790036322.676391,ATTITUDE,,,,,,,,,,,,,,,0.002472085878252983,0.0016774176619946957,0.7864176034927368,,
1790036322.677705,RAW_IMU,,,,,,,,,0,0,-1001,3,1,1,,,,,
1790036322.696884,ATTITUDE,,,,,,,,,,,,,,,0.0025026709772646427,0.0016691245837137103,0.7864177823066711,,
1790036322.698323,RAW_IMU,,,,,,,,,0,0,-1001,3,1,1,,,,,
1790036322.7121327,ATTITUDE,,,,,,,,,,,,,,,0.002532361773774028,0.0016616712091490626,0.7864190340042114,,
1790036322.71385,RAW_IMU,,,,,,,,,0,0,-1001,3,1,1,,,,,
1790036322.73141,GLOBAL_POSITION_INT,-35.361131,149.1678505,585.79,4.072,-0.02,-0.01,0.49,45.05,,,,,,,,,,,
1790036322.7326877,GPS_RAW_INT,,,,,,,,,,,,,,,,,,6,10
1790036322.7349448,ATTITUDE,,,,,,,,,,,,,,,0.002560904249548912,0.0016543848905712366,0.7864214777946472,,
1790036322.7360854,RAW_IMU,,,,,,,,,0,0,-1000,3,1,1,,,,,
1790036322.752534,ATTITUDE,,,,,,,,,,,,,,,0.0025882096961140633,0.001647183788008988,0.7864247560501099,,
1790036322.7545316,RAW_IMU,,,,,,,,,0,0,-1000,3,1,1,,,,,
1790036322.7727282,ATTITUDE,,,,,,,,,,,,,,,0.002614656463265419,0.0016411024844273925,0.7864242792129517,,
1790036322.7743402,RAW_IMU,,,,,,,,,0,0,-1000,3,1,1,,,,,
1790036322.7924259,ATTITUDE,,,,,,,,,,,,,,,0.0026398636400699615,0.0016365571646019816,0.7864249348640442,,
1790036322.7935338,RAW_IMU,,,,,,,,,0,0,-1001,3,1,1,,,,,
1790036322.8125556,ATTITUDE,,,,,,,,,,,,,,,0.0026649830397218466,0.0016303652664646506,0.7864264249801636,,
1790036322.8134408,RAW_IMU,,,,,,,,,0,0,-1001,2,1,1,,,,,
1790036322.8314993,GLOBAL_POSITION_INT,-35.361131,149.1678505,585.74,4.022,-0.02,0.0,0.49,45.05,,,,,,,,,,,
1790036322.8319778,GPS_RAW_INT,,,,,,,,,,,,,,,,,,6,10
1790036322.834114,ATTITUDE,,,,,,,,,,,,,,,0.0026892400346696377,0.0016258115647360682,0.7864293456077576,,
1790036322.8352482,RAW_IMU,,,,,,,,,0,0,-1001,2,1,1,,,,,
1790036322.8528068,ATTITUDE,,,,,,,,,,,,,,,0.002714534057304263,0.0016224653227254748,0.7864316701889038,,
1790036322.8547676,RAW_IMU,,,,,,,,,0,0,-1000,2,1,1,,,,,
1790036322.8734612,ATTITUDE,,,,,,,,,,,,,,,0.0027379768434911966,0.0015924550825729966,0.7864305377006531,,
1790036322.8746474,RAW_IMU,,,,,,,,,0,0,-1001,2,0,1,,,,,
1790036322.8930726,ATTITUDE,,,,,,,,,,,,,,,0.0027568445075303316,0.0015499837463721633,0.7864312529563904,,
1790036322.89514,RAW_IMU,,,,,,,,,0,0,-1000,2,0,1,,,,,
1790036322.9131246,ATTITUDE,,,,,,,,,,,,,,,0.0027755494229495525,0.0015099633019417524,0.7864331603050232,,
1790036322.9137762,RAW_IMU,,,,,,,,,0,0,-1000,2,0,1,,,,,
1790036322.9271972,GLOBAL_POSITION_INT,-35.361131,149.1678505,585.69,3.972,-0.02,0.0,0.49,45.05,,,,,,,,,,,
1790036322.9282508,GPS_RAW_INT,,,,,,,,,,,,,,,,,,6,10
1790036322.93389,ATTITUDE,,,,,,,,,,,,,,,0.0027942084707319736,0.0014722918858751655,0.7864358425140381,,
1790036322.9351015,RAW_IMU,,,,,,,,,0,0,-1001,2,0,1,,,,,
1790036322.9536543,ATTITUDE,,,,,,,,,,,,,,,0.002812962746247649,0.0014358048792928457,0.786439061164856,,
1790036322.9551613,RAW_IMU,,,,,,,,,0,0,-1000,2,0,1,,,,,
1790036322.9736085,ATTITUDE,,,,,,,,,,,,,,,0.0028300767298787832,0.0014010678278282285,0.7864381670951843,,
1790036322.9752457,RAW_IMU,,,,,,,,,0,0,-1001,2,0,1,,,,,
1790036322.9939911,ATTITUDE,,,,,,,,,,,,,,,0.002847361611202359,0.001367816119454801,0.7864395380020142,,
1790036322.994808,RAW_IMU,,,,,,,,,0,0,-1001,2,0,1,,,,,
1790036323.0138752,ATTITUDE,,,,,,,,,,,,,,,0.0028638041112571955,0.001336979097686708,0.7864408493041992,,
1790036323.0147908,RAW_IMU,,,,,,,,,0,0,-1001,2,0,1,,,,,
1790036323.0268054,GLOBAL_POSITION_INT,-35.361131,149.1678505,585.64,3.922,-0.02,0.0,0.49,45.05,,,,,,,,,,,
1790036323.0282905,GPS_RAW_INT,,,,,,,,,,,,,,,,,,6,10
1790036323.0330107,ATTITUDE,,,,,,,,,,,,,,,0.002881183521822095,0.0013078064657747746,0.7864436507225037,,
1790036323.0341904,RAW_IMU,,,,,,,,,0,0,-1001,2,0,1,,,,,
1790036323.0535238,ATTITUDE,,,,,,,,,,,,,,,0.002897541271522641,0.0012817936949431896,0.7864477634429932,,
1790036323.054379,RAW_IMU,,,,,,,,,0,0,-1000,2,0,1,,,,,
1790036323.0744915,ATTITUDE,,,,,,,,,,,,,,,0.0029352018609642982,0.0012569875689223409,0.7864482998847961,,
1790036323.075421,RAW_IMU,,,,,,,,,0,0,-1001,3,0,1,,,,,
1790036323.0947332,ATTITUDE,,,,,,,,,,,,,,,0.0029837561305612326,0.0012287659337744117,0.7864503264427185,,
1790036323.0963628,RAW_IMU,,,,,,,,,0,0,-1001,4,0,1,,,,,
1790036323.1145177,ATTITUDE,,,,,,,,,,,,,,,0.003030120162293315,0.0012009276542812586,0.7864535450935364,,
1790036323.1155796,RAW_IMU,,,,,,,,,0,0,-1001,4,0,1,,,,,
1790036323.141511,GLOBAL_POSITION_INT,-35.361131,149.1678504,585.59,3.872,-0.02,0.0,0.49,45.06,,,,,,,,,,,
1790036323.1425753,GPS_RAW_INT,,,,,,,,,,,,,,,,,,6,10
1790036323.1440113,ATTITUDE,,,,,,,,,,,,,,,0.0030773309990763664,0.0011745832161977887,0.7864576578140259,,
1790036323.1451733,RAW_IMU,,,,,,,,,0,0,-1001,4,0,1,,,,,
1790036323.1563315,ATTITUDE,,,,,,,,,,,,,,,0.003121952759101987,0.0011495373910292983,0.7864625453948975,,
1790036323.1604803,RAW_IMU,,,,,,,,,0,0,-1001,4,0,1,,,,,
1790036323.1767802,ATTITUDE,,,,,,,,,,,,,,,0.0031635304912924767,0.0011260181199759245,0.786462664604187,,
1790036323.1784976,RAW_IMU,,,,,,,,,0,0,-1001,3,0,1,,,,,
1790036323.1909895,ATTITUDE,,,,,,,,,,,,,,,0.003200839040800929,0.001106617390178144,0.7864640951156616,,
1790036323.1919045,RAW_IMU,,,,,,,,,0,0,-1000,3,0,1,,,,,
1790036323.2107532,ATTITUDE,,,,,,,,,,,,,,,0.003241620259359479,0.001085872994735837,0.7864670753479004,,
1790036323.2121882,RAW_IMU,,,,,,,,,0,0,-1001,3,0,1,,,,,
1790036323.2304566,GLOBAL_POSITION_INT,-35.361131,149.1678504,585.54,3.823,-0.02,0.0,0.49,45.06,,,,,,,,,,,
1790036323.2314932,GPS_RAW_INT,,,,,,,,,,,,,,,,,,6,10
1790036323.2327673,ATTITUDE,,,,,,,,,,,,,,,0.0032811779528856277,0.001066133612766862,0.7864717245101929,,
1790036323.2337482,RAW_IMU,,,,,,,,,0,0,-1001,3,0,1,,,,,
1790036323.251075,ATTITUDE,,,,,,,,,,,,,,,0.0033197784796357155,0.001048943609930575,0.7864763140678406,,
1790036323.2519717,RAW_IMU,,,,,,,,,0,0,-1001,3,0,1,,,,,
1790036323.2710998,ATTITUDE,,,,,,,,,,,,,,,0.003355290275067091,0.0010329252108931541,0.7864770293235779,,
1790036323.2725902,RAW_IMU,,,,,,,,,0,0,-1001,3,0,1,,,,,
1790036323.2900262,ATTITUDE,,,,,,,,,,,,,,,0.003386948723345995,0.0010136243654415011,0.7864797711372375,,
1790036323.2917242,RAW_IMU,,,,,,,,,0,0,-1001,3,0,1,,,,,
1790036323.31092,ATTITUDE,,,,,,,,,,,,,,,0.0034175727050751448,0.000993884983472526,0.786483108997345,,
1790036323.3127732,RAW_IMU,,,,,,,,,0,0,-1001,3,0,1,,,,,
1790036323.329956,GLOBAL_POSITION_INT,-35.361131,149.1678504,585.49,3.773,-0.02,0.0,0.49,45.06,,,,,,,,,,,
1790036323.331363,GPS_RAW_INT,,,,,,,,,,,,,,,,,,6,10
1790036323.3326945,ATTITUDE,,,,,,,,,,,,,,,0.0034485517535358667,0.0009762591798789799,0.7864879369735718,,
1790036323.333712,RAW_IMU,,,,,,,,,0,0,-1001,3,0,1,,,,,
1790036323.350316,ATTITUDE,,,,,,,,,,,,,,,0.0034779165871441364,0.0009594019502401352,0.7864932417869568,,
1790036323.352156,RAW_IMU,,,,,,,,,0,0,-1001,3,0,1,,,,,
1790036323.370657,ATTITUDE,,,,,,,,,,,,,,,0.003504805499687791,0.0009541845647618175,0.786494255065918,,
1790036323.3717687,RAW_IMU,,,,,,,,,0,0,-1001,3,1,1,,,,,
1790036323.3943012,ATTITUDE,,,,,,,,,,,,,,,0.00353187951259315,0.0009578660828992724,0.7864955067634583,,
1790036323.395689,RAW_IMU,,,,,,,,,0,0,-1001,3,1,1,,,,,
1790036323.41082,ATTITUDE,,,,,,,,,,,,,,,0.003558915574103594,0.0009609321132302284,0.7864994406700134,,
1790036323.4119976,RAW_IMU,,,,,,,,,0,0,-1001,3,1,1,,,,,
1790036323.4299302,GLOBAL_POSITION_INT,-35.361131,149.1678504,585.44,3.723,-0.02,0.0,0.49,45.06,,,,,,,,,,,
1790036323.4309967,GPS_RAW_INT,,,,,,,,,,,,,,,,,,6,10
1790036323.432052,ATTITUDE,,,,,,,,,,,,,,,0.003584965132176876,0.0009666966507211328,0.7865031957626343,,
1790036323.432736,RAW_IMU,,,,,,,,,0,0,-1001,3,1,1,,,,,
1790036323.4508736,ATTITUDE,,,,,,,,,,,,,,,0.0036104130558669567,0.000991361797787249,0.7865070104598999,,
1790036323.4522007,RAW_IMU,,,,,,,,,0,0,-1001,2,2,1,,,,,
1790036323.4720824,ATTITUDE,,,,,,,,,,,,,,,0.0036362421233206987,0.0010144456755369902,0.7865086197853088,,
1790036323.4738278,RAW_IMU,,,,,,,,,0,0,-1001,2,2,1,,,,,
1790036323.492101,ATTITUDE,,,,,,,,,,,,,,,0.0036582709290087223,0.0010329122887924314,0.7865117788314819,,
1790036323.493224,RAW_IMU,,,,,,,,,0,0,-1001,2,2,1,,,,,
1790036323.511584,ATTITUDE,,,,,,,,,,,,,,,0.0036785686388611794,0.0010506510734558105,0.7865146398544312,,
1790036323.512326,RAW_IMU,,,,,,,,,0,0,-1001,2,2,1,,,,,
1790036323.5310366,GLOBAL_POSITION_INT,-35.361131,149.1678504,585.39,3.673,-0.02,0.0,0.49,45.06,,,,,,,,,,,
1790036323.5315888,GPS_RAW_INT,,,,,,,,,,,,,,,,,,6,10
1790036323.5330284,ATTITUDE,,,,,,,,,,,,,,,0.0036852566991001368,0.0010667977621778846,0.7865186333656311,,
1790036323.5338862,RAW_IMU,,,,,,,,,0,0,-1001,2,2,1,,,,,
1790036323.551608,ATTITUDE,,,,,,,,,,,,,,,0.0036876469384878874,0.0010830037062987685,0.7865248322486877,,
1790036323.5536962,RAW_IMU,,,,,,,,,0,0,-1001,1,2,1,,,,,
1790036323.571267,ATTITUDE,,,,,,,,,,,,,,,0.0036888928152620792,0.0010999829974025488,0.7865276336669922,,
1790036323.5721984,RAW_IMU,,,,,,,,,0,0,-1001,1,2,1,,,,,
1790036323.5914886,ATTITUDE,,,,,,,,,,,,,,,0.0036900353152304888,0.0011157534318044782,0.7865300178527832,,
1790036323.5932302,RAW_IMU,,,,,,,,,0,0,-1001,1,2,1,,,,,
1790036323.6116989,ATTITUDE,,,,,,,,,,,,,,,0.003691810416057706,0.0011314291041344404,0.7865342497825623,,
1790036323.612622,RAW_IMU,,,,,,,,,0,0,-1001,1,2,1,,,,,
1790036323.645003,GLOBAL_POSITION_INT,-35.361131,149.1678504,585.34,3.623,-0.02,0.0,0.49,45.06,,,,,,,,,,,
1790036323.646861,GPS_RAW_INT,,,,,,,,,,,,,,,,,,6,10
1790036323.6482818,ATTITUDE,,,,,,,,,,,,,,,0.0036940372083336115,0.001148040872067213,0.7865381836891174,,
1790036323.6496184,RAW_IMU,,,,,,,,,0,0,-1001,1,2,1,,,,,
1790036323.6523297,ATTITUDE,,,,,,,,,,,,,,,0.0036595496349036694,0.0011647797655314207,0.7865445017814636,,
1790036323.6538692,RAW_IMU,,,,,,,,,0,0,-1001,0,2,1,,,,,
1790036323.672215,ATTITUDE,,,,,,,,,,,,,,,0.003608589991927147,0.0011799141066148877,0.7865480184555054,,
1790036323.6732213,RAW_IMU,,,,,,,,,0,0,-1001,0,2,1,,,,,
1790036323.6920462,ATTITUDE,,,,,,,,,,,,,,,0.0035577332600951195,0.0011913051130250096,0.7865530252456665,,
1790036323.6932774,RAW_IMU,,,,,,,,,0,0,-1001,0,2,1,,,,,
1790036323.7125432,ATTITUDE,,,,,,,,,,,,,,,0.0035076953936368227,0.0012022879673168063,0.7865580916404724,,
1790036323.713797,RAW_IMU,,,,,,,,,0,0,-1001,0,2,1,,,,,
1790036323.7326567,GLOBAL_POSITION_INT,-35.361131,149.1678504,585.29,3.573,-0.02,0.0,0.49,45.06,,,,,,,,,,,
1790036323.7337463,GPS_RAW_INT,,,,,,,,,,,,,,,,,,6,10
1790036323.73607,ATTITUDE,,,,,,,,,,,,,,,0.0034600417129695415,0.0012133991112932563,0.7865648865699768,,
1790036323.7375433,RAW_IMU,,,,,,,,,0,0,-1001,0,2,1,,,,,
1790036323.753147,ATTITUDE,,,,,,,,,,,,,,,0.0034156988840550184,0.001223958097398281,0.7865713238716125,,
1790036323.754235,RAW_IMU,,,,,,,,,0,0,-1001,0,2,1,,,,,
1790036323.7727933,ATTITUDE,,,,,,,,,,,,,,,0.0033716957550495863,0.0012354664504528046,0.7865737676620483,,
1790036323.7742128,RAW_IMU,,,,,,,,,0,0,-1001,0,2,1,,,,,
1790036323.792979,ATTITUDE,,,,,,,,,,,,,,,0.003329967148602009,0.0012449718778952956,0.7865769267082214,,
1790036323.7948136,RAW_IMU,,,,,,,,,0,0,-1001,0,2,1,,,,,
1790036323.8128474,ATTITUDE,,,,,,,,,,,,,,,0.0032900269143283367,0.0012551865074783564,0.7865813374519348,,
1790036323.814221,RAW_IMU,,,,,,,,,0,0,-1001,0,2,1,,,,,
1790036323.8325746,GLOBAL_POSITION_INT,-35.361131,149.1678504,585.24,3.523,-0.02,0.0,0.49,45.06,,,,,,,,,,,
1790036323.833565,GPS_RAW_INT,,,,,,,,,,,,,,,,,,6,10
1790036323.835909,ATTITUDE,,,,,,,,,,,,,,,0.0032524368725717068,0.0012675236212089658,0.786586582660675,,
1790036323.837177,RAW_IMU,,,,,,,,,0,0,-1001,0,2,1,,,,,
1790036323.8530393,ATTITUDE,,,,,,,,,,,,,,,0.0032174710649996996,0.0012800554977729917,0.7865932583808899,,
1790036323.8547153,RAW_IMU,,,,,,,,,0,0,-1001,0,2,1,,,,,
1790036323.8742018,ATTITUDE,,,,,,,,,,,,,,,0.0031841490417718887,0.0012909856159240007,0.7865957021713257,,
1790036323.8758347,RAW_IMU,,,,,,,,,0,0,-1001,0,2,1,,,,,
1790036323.8969347,ATTITUDE,,,,,,,,,,,,,,,0.0031472512055188417,0.00129895459394902,0.7865988612174988,,
1790036323.8990674,RAW_IMU,,,,,,,,,0,0,-1001,0,2,1,,,,,
1790036323.9146655,ATTITUDE,,,,,,,,,,,,,,,0.003112301230430603,0.0013069688575342298,0.7866043448448181,,
1790036323.9163795,RAW_IMU,,,,,,,,,0,0,-1001,0,2,1,,,,,
1790036323.9282334,GLOBAL_POSITION_INT,-35.361131,149.1678504,585.19,3.473,-0.02,0.0,0.49,45.06,,,,,,,,,,,
1790036323.9289625,GPS_RAW_INT,,,,,,,,,,,,,,,,,,6,10
1790036323.9335947,ATTITUDE,,,,,,,,,,,,,,,0.003079354763031006,0.001313982647843659,0.7866097688674927,,
1790036323.9344778,RAW_IMU,,,,,,,,,0,0,-1001,0,2,1,,,,,
1790036323.9518635,ATTITUDE,,,,,,,,,,,,,,,0.003048068843781948,0.001321975840255618,0.7866155505180359,,
1790036323.9526,RAW_IMU,,,,,,,,,0,0,-1001,0,2,1,,,,,
1790036323.9701986,ATTITUDE,,,,,,,,,,,,,,,0.0030180104076862335,0.0013289618073031306,0.7866193652153015,,
1790036323.9705381,RAW_IMU,,,,,,,,,0,0,-1001,0,2,1,,,,,
1790036323.993526,ATTITUDE,,,,,,,,,,,,,,,0.002974909031763673,0.0013359681470319629,0.7866238951683044,,
1790036323.994058,RAW_IMU,,,,,,,,,0,0,-1000,0,2,1,,,,,
1790036324.0111885,ATTITUDE,,,,,,,,,,,,,,,0.0029114445205777884,0.0013436473673209548,0.7866269946098328,,
1790036324.011599,RAW_IMU,,,,,,,,,0,0,-1000,-1,2,1,,,,,
1790036324.0288649,GLOBAL_POSITION_INT,-35.361131,149.1678504,585.14,3.423,-0.02,0.0,0.49,45.07,,,,,,,,,,,
1790036324.0295277,GPS_RAW_INT,,,,,,,,,,,,,,,,,,6,10
1790036324.0342994,ATTITUDE,,,,,,,,,,,,,,,0.0028506896924227476,0.0013519697822630405,0.7866321206092834,,
1790036324.0348496,RAW_IMU,,,,,,,,,0,0,-1001,-1,2,1,,,,,
1790036324.053636,ATTITUDE,,,,,,,,,,,,,,,0.0027941521257162094,0.001361351227387786,0.7866374254226685,,
1790036324.0548203,RAW_IMU,,,,,,,,,0,0,-1001,-1,2,1,,,,,
1790036324.075081,ATTITUDE,,,,,,,,,,,,,,,0.002731302985921502,0.0013714806409552693,0.7866384387016296,,
1790036324.0763712,RAW_IMU,,,,,,,,,0,0,-1001,-1,2,1,,,,,
1790036324.0950491,ATTITUDE,,,,,,,,,,,,,,,0.0026401146315038204,0.0013756373664364219,0.7866396903991699,,
1790036324.0961893,RAW_IMU,,,,,,,,,0,0,-1001,-2,2,1,,,,,
1790036324.115095,ATTITUDE,,,,,,,,,,,,,,,0.00255061243660748,0.0013791376259177923,0.7866432666778564,,
1790036324.1160262,RAW_IMU,,,,,,,,,0,0,-1001,-2,2,1,,,,,
1790036324.1429408,GLOBAL_POSITION_INT,-35.361131,149.1678504,585.09,3.374,-0.02,0.0,0.49,45.07,,,,,,,,,,,
1790036324.1432924,GPS_RAW_INT,,,,,,,,,,,,,,,,,,6,10
1790036324.1444113,ATTITUDE,,,,,,,,,,,,,,,0.002466220408678055,0.0013836295111104846,0.7866477966308594,,
1790036324.1463692,RAW_IMU,,,,,,,,,0,0,-1001,-2,2,1,,,,,
1790036324.1551266,ATTITUDE,,,,,,,,,,,,,,,0.002385174622759223,0.0013872056733816862,0.7866520881652832,,
1790036324.1563523,RAW_IMU,,,,,,,,,0,0,-1001,-2,1,1,,,,,
1790036324.1755376,ATTITUDE,,,,,,,,,,,,,,,0.002307737246155739,0.0013924106024205685,0.7866533994674683,,
1790036324.1771603,RAW_IMU,,,,,,,,,0,0,-1001,-2,2,1,,,,,
1790036324.195064,ATTITUDE,,,,,,,,,,,,,,,0.002233067760244012,0.001397066516801715,0.7866557240486145,,
1790036324.1967452,RAW_IMU,,,,,,,,,0,0,-1001,-1,1,1,,,,,
1790036324.2150986,ATTITUDE,,,,,,,,,,,,,,,0.0021617994643747807,0.0014018005458638072,0.7866588830947876,,
1790036324.2157407,RAW_IMU,,,,,,,,,0,0,-1001,-1,1,1,,,,,
1790036324.2289288,GLOBAL_POSITION_INT,-35.361131,149.1678504,585.04,3.324,-0.02,0.0,0.49,45.07,,,,,,,,,,,
1790036324.2299607,GPS_RAW_INT,,,,,,,,,,,,,,,,,,6,10
1790036324.23504,ATTITUDE,,,,,,,,,,,,,,,0.002093614311888814,0.0014079635730013251,0.7866634130477905,,
1790036324.2360308,RAW_IMU,,,,,,,,,0,0,-1001,-1,1,1,,,,,
1790036324.2553642,ATTITUDE,,,,,,,,,,,,,,,0.002011820673942566,0.0014141971478238702,0.7866672277450562,,
1790036324.256913,RAW_IMU,,,,,,,,,0,0,-1001,-2,1,1,,,,,
1790036324.2755136,ATTITUDE,,,,,,,,,,,,,,,0.0019322711741551757,0.0014211541274562478,0.7866669297218323,,
1790036324.276878,RAW_IMU,,,,,,,,,0,0,-1001,-2,1,1,,,,,
1790036324.2950647,ATTITUDE,,,,,,,,,,,,,,,0.001853331457823515,0.001424928312189877,0.7866689562797546,,
1790036324.2956636,RAW_IMU,,,,,,,,,0,0,-1001,-2,1,1,,,,,
1790036324.315065,ATTITUDE,,,,,,,,,,,,,,,0.0017763342475518584,0.001426557544618845,0.7866712808609009,,
1790036324.3164616,RAW_IMU,,,,,,,,,0,0,-1001,-1,1,1,,,,,
1790036324.328819,GLOBAL_POSITION_INT,-35.361131,149.1678504,584.99,3.274,-0.02,0.0,0.49,45.07,,,,,,,,,,,
1790036324.330236,GPS_RAW_INT,,,,,,,,,,,,,,,,,,6,10
1790036324.3350682,ATTITUDE,,,,,,,,,,,,,,,0.0017026436980813742,0.0014296929584816098,0.7866746187210083,,
1790036324.3366194,RAW_IMU,,,,,,,,,0,0,-1001,-1,1,1,,,,,
1790036324.35527,ATTITUDE,,,,,,,,,,,,,,,0.0016337939305230975,0.0014321421040222049,0.7866789102554321,,
1790036324.3563824,RAW_IMU,,,,,,,,,0,0,-1001,-1,1,1,,,,,
1790036324.3756294,ATTITUDE,,,,,,,,,,,,,,,0.0015663130907341838,0.001435155514627695,0.7866799831390381,,
1790036324.3769197,RAW_IMU,,,,,,,,,0,0,-1001,-1,1,1,,,,,
1790036324.395823,ATTITUDE,,,,,,,,,,,,,,,0.0015016905963420868,0.0014367136172950268,0.7866812944412231,,
1790036324.397558,RAW_IMU,,,,,,,,,0,0,-1001,-1,1,1,,,,,
1790036324.4158573,ATTITUDE,,,,,,,,,,,,,,,0.0014349960256367922,0.0014394059544429183,0.7866834402084351,,
1790036324.4171355,RAW_IMU,,,,,,,,,0,0,-1001,-1,1,1,,,,,
1790036324.4295988,GLOBAL_POSITION_INT,-35.361131,149.1678504,584.94,3.224,-0.02,0.0,0.49,45.07,,,,,,,,,,,
1790036324.4305518,GPS_RAW_INT,,,,,,,,,,,,,,,,,,6,10
1790036324.4358406,ATTITUDE,,,,,,,,,,,,,,,0.0013599441153928638,0.001443355344235897,0.7866873145103455,,
1790036324.4371355,RAW_IMU,,,,,,,,,0,0,-1001,-2,1,1,,,,,
1790036324.4564927,ATTITUDE,,,,,,,,,,,,,,,0.001287319348193705,0.0014486650470644236,0.7866912484169006,,
1790036324.458442,RAW_IMU,,,,,,,,,0,0,-1001,-1,1,1,,,,,
1790036324.477463,ATTITUDE,,,,,,,,,,,,,,,0.001236115233041346,0.00145442271605134,0.7866911888122559,,
1790036324.4792075,RAW_IMU,,,,,,,,,0,0,-1000,0,1,1,,,,,
1790036324.497474,ATTITUDE,,,,,,,,,,,,,,,0.0011381538351997733,0.0014548094477504492,0.7866885662078857,,
1790036324.4999192,RAW_IMU,,,,,,,,,0,0,-1000,-2,1,1,,,,,
1790036324.5172126,ATTITUDE,,,,,,,,,,,,,,,0.0011154197854921222,0.0014560758136212826,0.786685049533844,,
1790036324.5189588,RAW_IMU,,,,,,,,,0,0,-1000,0,1,1,,,,,
1790036324.5309446,GLOBAL_POSITION_INT,-35.361131,149.1678504,584.89,3.174,-0.02,0.0,0.49,45.07,,,,,,,,,,,
1790036324.532265,GPS_RAW_INT,,,,,,,,,,,,,,,,,,6,10
1790036324.5370686,ATTITUDE,,,,,,,,,,,,,,,0.0010227484162896872,0.0014570594066753983,0.786680281162262,,
1790036324.5380378,RAW_IMU,,,,,,,,,0,0,-1000,-2,1,1,,,,,
1790036324.5572333,ATTITUDE,,,,,,,,,,,,,,,0.001022665179334581,0.0014596831751987338,0.7866723537445068,,
1790036324.5583272,RAW_IMU,,,,,,,,,0,0,-1000,1,1,1,,,,,
1790036324.5774214,ATTITUDE,,,,,,,,,,,,,,,0.0009691306622698903,0.0014604529133066535,0.786659300327301,,
1790036324.5790894,RAW_IMU,,,,,,,,,0,0,-1000,0,1,0,,,,,
1790036324.5972514,ATTITUDE,,,,,,,,,,,,,,,0.000960559060331434,0.0014629632933065295,0.7866466641426086,,
1790036324.5991352,RAW_IMU,,,,,,,,,0,0,-1000,0,1,0,,,,,
1790036324.6171765,ATTITUDE,,,,,,,,,,,,,,,0.0009627404506318271,0.001488992478698492,0.7866332530975342,,
1790036324.618383,RAW_IMU,,,,,,,,,0,0,-1001,2,2,0,,,,,
1790036324.64186,GLOBAL_POSITION_INT,-35.361131,149.1678504,584.84,3.124,-0.02,0.0,0.49,45.07,,,,,,,,,,,
1790036324.6433733,GPS_RAW_INT,,,,,,,,,,,,,,,,,,6,10
1790036324.644241,ATTITUDE,,,,,,,,,,,,,,,0.0009417710825800896,0.0015293252654373646,0.7866206169128418,,
1790036324.646742,RAW_IMU,,,,,,,,,0,0,-1001,0,3,0,,,,,
1790036324.656941,ATTITUDE,,,,,,,,,,,,,,,0.000921670813113451,0.0015672424342483282,0.7866079807281494,,
1790036324.6587858,RAW_IMU,,,,,,,,,0,0,-1001,0,3,0,,,,,
1790036324.677362,ATTITUDE,,,,,,,,,,,,,,,0.0009030269575305283,0.0016048109391704202,0.7865931391716003,,
1790036324.6792386,RAW_IMU,,,,,,,,,0,0,-1001,0,3,0,,,,,
1790036324.6969733,ATTITUDE,,,,,,,,,,,,,,,0.0008815980982035398,0.001637690351344645,0.7865804433822632,,
1790036324.699033,RAW_IMU,,,,,,,,,0,0,-1001,0,3,0,,,,,
1790036324.7120013,ATTITUDE,,,,,,,,,,,,,,,0.0008748993277549744,0.0016796211712062359,0.786568820476532,,
1790036324.7129726,RAW_IMU,,,,,,,,,0,0,-1000,1,3,0,,,,,
1790036324.7316804,GLOBAL_POSITION_INT,-35.361131,149.1678504,584.79,3.074,-0.02,0.0,0.49,45.06,,,,,,,,,,,
1790036324.7323272,GPS_RAW_INT,,,,,,,,,,,,,,,,,,6,10
1790036324.7344596,ATTITUDE,,,,,,,,,,,,,,,0.0008905935101211071,0.001766066998243332,0.7865604758262634,,
1790036324.7356353,RAW_IMU,,,,,,,,,0,0,-1001,2,6,1,,,,,
1790036324.7529106,ATTITUDE,,,,,,,,,,,,,,,0.0009056529379449785,0.0018478317651897669,0.7865511775016785,,
1790036324.7543766,RAW_IMU,,,,,,,,,0,0,-1001,2,5,1,,,,,
1790036324.773569,ATTITUDE,,,,,,,,,,,,,,,0.0009269996080547571,0.0019272081553936005,0.7865391373634338,,
1790036324.7754135,RAW_IMU,,,,,,,,,0,0,-1000,2,5,1,,,,,
1790036324.7929957,ATTITUDE,,,,,,,,,,,,,,,0.0009607063257135451,0.0020032923202961683,0.7865296602249146,,
1790036324.794695,RAW_IMU,,,,,,,,,0,0,-1001,3,5,1,,,,,
1790036324.8132377,ATTITUDE,,,,,,,,,,,,,,,0.000993000459857285,0.0020766472443938255,0.7865208387374878,,
1790036324.8143325,RAW_IMU,,,,,,,,,0,0,-1001,3,5,1,,,,,
1790036324.8325126,GLOBAL_POSITION_INT,-35.361131,149.1678504,584.74,3.024,-0.01,0.0,0.49,45.06,,,,,,,,,,,
1790036324.833568,GPS_RAW_INT,,,,,,,,,,,,,,,,,,6,10
1790036324.835982,ATTITUDE,,,,,,,,,,,,,,,0.0010483049554750323,0.0021490557119250298,0.7865138649940491,,
1790036324.8376412,RAW_IMU,,,,,,,,,0,0,-1000,4,5,1,,,,,
1790036324.8534255,ATTITUDE,,,,,,,,,,,,,,,0.0011147375917062163,0.0022190134041011333,0.7865046858787537,,
1790036324.8548777,RAW_IMU,,,,,,,,,0,0,-1001,5,5,1,,,,,
1790036324.874819,ATTITUDE,,,,,,,,,,,,,,,0.001180347171612084,0.002287268405780196,0.7864938974380493,,
1790036324.8763406,RAW_IMU,,,,,,,,,0,0,-1001,4,5,1,,,,,
1790036324.8984973,ATTITUDE,,,,,,,,,,,,,,,0.0012398249236866832,0.0023483384866267443,0.786485493183136,,
1790036324.8994775,RAW_IMU,,,,,,,,,0,0,-1001,4,4,1,,,,,
1790036324.9143388,ATTITUDE,,,,,,,,,,,,,,,0.0012968149967491627,0.002407520543783903,0.7864786982536316,,
1790036324.915983,RAW_IMU,,,,,,,,,0,0,-1001,4,4,1,,,,,
1790036324.9279277,GLOBAL_POSITION_INT,-35.361131,149.1678504,584.69,2.975,-0.01,0.0,0.49,45.06,,,,,,,,,,,
1790036324.9287586,GPS_RAW_INT,,,,,,,,,,,,,,,,,,6,10
1790036324.9344318,ATTITUDE,,,,,,,,,,,,,,,0.0013518031919375062,0.0024637372698634863,0.7864730358123779,,
1790036324.9359055,RAW_IMU,,,,,,,,,0,0,-1001,4,4,1,,,,,
1790036324.9543598,ATTITUDE,,,,,,,,,,,,,,,0.001404588925652206,0.002518248511478305,0.7864680290222168,,
1790036324.9556518,RAW_IMU,,,,,,,,,0,0,-1001,4,4,1,,,,,
1790036324.9753633,ATTITUDE,,,,,,,,,,,,,,,0.0014546619495376945,0.0025711667258292437,0.78645920753479,,
1790036324.976918,RAW_IMU,,,,,,,,,0,0,-1001,4,4,1,,,,,
1790036324.994802,ATTITUDE,,,,,,,,,,,,,,,0.0015046307817101479,0.0026211910881102085,0.786453902721405,,
1790036324.995817,RAW_IMU,,,,,,,,,0,0,-1001,4,4,1,,,,,
1790036325.01498,ATTITUDE,,,,,,,,,,,,,,,0.0015532070538029075,0.0026715160347521305,0.7864487767219543,,
1790036325.0161557,RAW_IMU,,,,,,,,,0,0,-1001,4,4,1,,,,,
1790036325.0287654,GLOBAL_POSITION_INT,-35.361131,149.1678504,584.64,2.925,-0.01,0.0,0.49,45.05,,,,,,,,,,,
1790036325.0298312,GPS_RAW_INT,,,,,,,,,,,,,,,,,,6,10
1790036325.0350528,ATTITUDE,,,,,,,,,,,,,,,0.0016103187808766961,0.0027206980157643557,0.7864438891410828,,
1790036325.0359194,RAW_IMU,,,,,,,,,0,0,-1001,4,4,1,,,,,
1790036325.054973,ATTITUDE,,,,,,,,,,,,,,,0.0016745540779083967,0.0027687291149049997,0.786439061164856,,
1790036325.055688,RAW_IMU,,,,,,,,,0,0,-1001,4,4,1,,,,,
1790036325.076737,ATTITUDE,,,,,,,,,,,,,,,0.0017317220335826278,0.002815586980432272,0.786432147026062,,
1790036325.077808,RAW_IMU,,,,,,,,,0,0,-1001,4,3,1,,,,,
1790036325.096541,ATTITUDE,,,,,,,,,,,,,,,0.0017995083471760154,0.0028552424628287554,0.7864261269569397,,
1790036325.098055,RAW_IMU,,,,,,,,,0,0,-1000,5,3,1,,,,,
1790036325.1157582,ATTITUDE,,,,,,,,,,,,,,,0.0018196171149611473,0.0028933314606547356,0.7864188551902771,,
1790036325.1174195,RAW_IMU,,,,,,,,,0,0,-1000,3,3,1,,,,,
1790036325.141528,GLOBAL_POSITION_INT,-35.361131,149.1678504,584.59,2.875,-0.01,0.0,0.49,45.05,,,,,,,,,,,
1790036325.1432416,GPS_RAW_INT,,,,,,,,,,,,,,,,,,6,10
1790036325.1445384,ATTITUDE,,,,,,,,,,,,,,,0.0019050100818276405,0.0029318013694137335,0.7864104509353638,,
1790036325.1459508,RAW_IMU,,,,,,,,,0,0,-1000,5,3,1,,,,,
1790036325.1565526,ATTITUDE,,,,,,,,,,,,,,,0.0019181768875569105,0.002967516891658306,0.786399781703949,,
1790036325.1584315,RAW_IMU,,,,,,,,,0,0,-1000,3,3,0,,,,,
1790036325.1765444,ATTITUDE,,,,,,,,,,,,,,,0.001986386952921748,0.00300289923325181,0.7863854765892029,,
1790036325.1776104,RAW_IMU,,,,,,,,,0,0,-1000,4,3,0,,,,,
1790036325.195727,ATTITUDE,,,,,,,,,,,,,,,0.0020319304894655943,0.0030379793606698513,0.7863706350326538,,
1790036325.196556,RAW_IMU,,,,,,,,,0,0,-1000,4,3,0,,,,,
1790036325.2155848,ATTITUDE,,,,,,,,,,,,,,,0.0020589495543390512,0.003071439452469349,0.7863566875457764,,
1790036325.2162976,RAW_IMU,,,,,,,,,0,0,-1001,3,3,0,,,,,
1790036325.2292583,GLOBAL_POSITION_INT,-35.361131,149.1678504,584.54,2.825,-0.02,0.0,0.49,45.05,,,,,,,,,,,
1790036325.2306213,GPS_RAW_INT,,,,,,,,,,,,,,,,,,6,10
1790036325.2355669,ATTITUDE,,,,,,,,,,,,,,,0.002086110645905137,0.0030870221089571714,0.7863454222679138,,
1790036325.2368345,RAW_IMU,,,,,,,,,0,0,-1000,3,2,0,,,,,
1790036325.2557642,ATTITUDE,,,,,,,,,,,,,,,0.0021120423916727304,0.003064956981688738,0.7863357067108154,,
1790036325.2578766,RAW_IMU,,,,,,,,,0,0,-1001,3,0,1,,,,,
1790036325.270645,ATTITUDE,,,,,,,,,,,,,,,0.0021364924032241106,0.003047036938369274,0.7863250970840454,,
1790036325.271823,RAW_IMU,,,,,,,,,0,0,-1001,2,0,1,,,,,
1790036325.29078,ATTITUDE,,,,,,,,,,,,,,,0.0021573223639279604,0.003005512524396181,0.7863162755966187,,
1790036325.2927623,RAW_IMU,,,,,,,,,0,0,-1000,2,0,1,,,,,
1790036325.3119564,ATTITUDE,,,,,,,,,,,,,,,0.002178513677790761,0.002945509273558855,0.7863088250160217,,
1790036325.3126762,RAW_IMU,,,,,,,,,0,0,-1000,2,-1,1,,,,,
1790036325.3307986,GLOBAL_POSITION_INT,-35.361131,149.1678504,584.49,2.775,-0.02,0.0,0.49,45.05,,,,,,,,,,,
1790036325.3317788,GPS_RAW_INT,,,,,,,,,,,,,,,,,,6,10
1790036325.3327968,ATTITUDE,,,,,,,,,,,,,,,0.0021995529532432556,0.0028966579120606184,0.786302387714386,,
1790036325.3339517,RAW_IMU,,,,,,,,,0,0,-1000,2,0,1,,,,,
1790036325.3513448,ATTITUDE,,,,,,,,,,,,,,,0.00221963319927454,0.002816260326653719,0.7863016128540039,,
1790036325.3527615,RAW_IMU,,,,,,,,,0,0,-1000,2,-2,1,,,,,
1790036325.3714683,ATTITUDE,,,,,,,,,,,,,,,0.002238524379208684,0.0027836794033646584,0.7862979769706726,,
1790036325.3726265,RAW_IMU,,,,,,,,,0,0,-1000,2,0,1,,,,,
1790036325.392541,ATTITUDE,,,,,,,,,,,,,,,0.0022578686475753784,0.002691262401640415,0.7862970232963562,,
1790036325.3943274,RAW_IMU,,,,,,,,,0,0,-1000,2,-2,1,,,,,
1790036325.4121797,ATTITUDE,,,,,,,,,,,,,,,0.0022765668109059334,0.0026643029414117336,0.7862989902496338,,
1790036325.4133735,RAW_IMU,,,,,,,,,0,0,-1001,2,0,1,,,,,
1790036325.4324021,GLOBAL_POSITION_INT,-35.361131,149.1678504,584.44,2.725,-0.02,0.0,0.49,45.05,,,,,,,,,,,
1790036325.433428,GPS_RAW_INT,,,,,,,,,,,,,,,,,,6,10
1790036325.4346583,ATTITUDE,,,,,,,,,,,,,,,0.0022945927921682596,0.002612437354400754,0.7863024473190308,,
1790036325.4357564,RAW_IMU,,,,,,,,,0,0,-1001,2,0,1,,,,,
1790036325.4526508,ATTITUDE,,,,,,,,,,,,,,,0.0023125759325921535,0.0025551817379891872,0.7863078117370605,,
1790036325.4539664,RAW_IMU,,,,,,,,,0,0,-1001,2,-1,1,,,,,
1790036325.4735713,ATTITUDE,,,,,,,,,,,,,,,0.0023307183291763067,0.0024996232241392136,0.7863097786903381,,
1790036325.4756136,RAW_IMU,,,,,,,,,0,0,-1001,2,-1,1,,,,,
1790036325.4936116,ATTITUDE,,,,,,,,,,,,,,,0.002343772677704692,0.002441353164613247,0.7863129377365112,,
1790036325.4955122,RAW_IMU,,,,,,,,,0,0,-1001,2,-1,1,,,,,
1790036325.5134706,ATTITUDE,,,,,,,,,,,,,,,0.0023581706918776035,0.002386726438999176,0.7863169312477112,,
1790036325.514445,RAW_IMU,,,,,,,,,0,0,-1001,2,0,1,,,,,
1790036325.532849,GLOBAL_POSITION_INT,-35.361131,149.1678504,584.39,2.675,-0.02,0.0,0.49,45.05,,,,,,,,,,,
1790036325.5340216,GPS_RAW_INT,,,,,,,,,,,,,,,,,,6,10
1790036325.5359828,ATTITUDE,,,,,,,,,,,,,,,0.0023721528705209494,0.0023324177600443363,0.7863204479217529,,
1790036325.5366683,RAW_IMU,,,,,,,,,0,0,-1001,2,0,1,,,,,
1790036325.553369,ATTITUDE,,,,,,,,,,,,,,,0.002385223750025034,0.0022812066599726677,0.786325216293335,,
1790036325.5546887,RAW_IMU,,,,,,,,,0,0,-1001,2,0,1,,,,,
1790036325.5743785,ATTITUDE,,,,,,,,,,,,,,,0.0023977209348231554,0.0022351923398673534,0.78632652759552,,
1790036325.5757735,RAW_IMU,,,,,,,,,0,0,-1001,2,0,1,,,,,
1790036325.5933979,ATTITUDE,,,,,,,,,,,,,,,0.0024104570038616657,0.0021891084033995867,0.7863296270370483,,
1790036325.5947378,RAW_IMU,,,,,,,,,0,0,-1001,2,0,1,,,,,
1790036325.6132717,ATTITUDE,,,,,,,,,,,,,,,0.0024234256707131863,0.00214579701423645,0.7863327860832214,,
1790036325.6147697,RAW_IMU,,,,,,,,,0,0,-1001,2,0,1,,,,,
1790036325.6428053,GLOBAL_POSITION_INT,-35.361131,149.1678504,584.34,2.624,-0.02,0.0,0.49,45.05,,,,,,,,,,,
1790036325.644486,GPS_RAW_INT,,,,,,,,,,,,,,,,,,6,10
1790036325.645646,ATTITUDE,,,,,,,,,,,,,,,0.0024358967784792185,0.002105579013004899,0.7863368391990662,,
1790036325.6474361,RAW_IMU,,,,,,,,,0,0,-1001,2,0,1,,,,,
1790036325.653188,ATTITUDE,,,,,,,,,,,,,,,0.002448767190799117,0.0020671957172453403,0.7863404750823975,,
1790036325.654897,RAW_IMU,,,,,,,,,0,0,-1001,2,0,1,,,,,
1790036325.6742835,ATTITUDE,,,,,,,,,,,,,,,0.0024618576280772686,0.002029839903116226,0.7863420844078064,,
1790036325.6752908,RAW_IMU,,,,,,,,,0,0,-1001,2,0,1,,,,,
1790036325.694689,ATTITUDE,,,,,,,,,,,,,,,0.002470674691721797,0.0019904833752661943,0.7863444685935974,,
1790036325.6958222,RAW_IMU,,,,,,,,,0,0,-1001,2,0,1,,,,,
1790036325.7147396,ATTITUDE,,,,,,,,,,,,,,,0.002480595838278532,0.0019521549111232162,0.7863487005233765,,
1790036325.7160614,RAW_IMU,,,,,,,,,0,0,-1001,2,0,1,,,,,
1790036325.7287621,GLOBAL_POSITION_INT,-35.361131,149.1678504,584.29,2.574,-0.02,0.0,0.49,45.05,,,,,,,,,,,
1790036325.7302756,GPS_RAW_INT,,,,,,,,,,,,,,,,,,6,10
1790036325.734626,ATTITUDE,,,,,,,,,,,,,,,0.002490538638085127,0.0019163673277944326,0.7863537669181824,,
1790036325.736509,RAW_IMU,,,,,,,,,0,0,-1001,2,0,1,,,,,
1790036325.7541275,ATTITUDE,,,,,,,,,,,,,,,0.002499192953109741,0.0018806986045092344,0.7863582372665405,,
1790036325.7553918,RAW_IMU,,,,,,,,,0,0,-1001,2,0,1,,,,,
1790036325.7741663,ATTITUDE,,,,,,,,,,,,,,,0.0025066249072551727,0.0018475537654012442,0.7863594889640808,,
1790036325.7759962,RAW_IMU,,,,,,,,,0,0,-1001,2,0,1,,,,,
1790036325.7932456,ATTITUDE,,,,,,,,,,,,,,,0.0025141744408756495,0.0018165772780776024,0.7863626480102539,,
1790036325.7948725,RAW_IMU,,,,,,,,,0,0,-1001,2,0,1,,,,,
1790036325.8132172,ATTITUDE,,,,,,,,,,,,,,,0.002522591734305024,0.001786353182978928,0.7863659858703613,,
1790036325.8146524,RAW_IMU,,,,,,,,,0,0,-1001,2,0,1,,,,,
1790036325.8329952,GLOBAL_POSITION_INT,-35.361131,149.1678504,584.24,2.524,-0.02,0.0,0.49,45.05,,,,,,,,,,,
1790036325.8346417,GPS_RAW_INT,,,,,,,,,,,,,,,,,,6,10
1790036325.836439,ATTITUDE,,,,,,,,,,,,,,,0.0025305505841970444,0.0017595795216038823,0.7863695025444031,,
1790036325.8376117,RAW_IMU,,,,,,,,,0,0,-1001,2,0,1,,,,,
1790036325.8534725,ATTITUDE,,,,,,,,,,,,,,,0.002540681976824999,0.0017344821244478226,0.7863748073577881,,
1790036325.8547778,RAW_IMU,,,,,,,,,0,0,-1001,2,0,1,,,,,
1790036325.8741922,ATTITUDE,,,,,,,,,,,,,,,0.0025504804216325283,0.0017096481751650572,0.7863761186599731,,
1790036325.875667,RAW_IMU,,,,,,,,,0,0,-1001,2,0,1,,,,,
1790036325.8961837,ATTITUDE,,,,,,,,,,,,,,,0.0025557621847838163,0.001681922352872789,0.786378800868988,,
1790036325.8968215,RAW_IMU,,,,,,,,,0,0,-1001,2,0,1,,,,,
1790036325.91465,ATTITUDE,,,,,,,,,,,,,,,0.002551758661866188,0.0016561277443543077,0.7863810658454895,,
1790036325.9154081,RAW_IMU,,,,,,,,,0,0,-1001,1,0,1,,,,,
1790036325.928718,GLOBAL_POSITION_INT,-35.361131,149.1678504,584.19,2.474,-0.02,0.0,0.49,45.05,,,,,,,,,,,
1790036325.9294693,GPS_RAW_INT,,,,,,,,,,,,,,,,,,6,10
1790036325.9349413,ATTITUDE,,,,,,,,,,,,,,,0.0025679764803498983,0.0016315350076183677,0.7863836288452148,,
1790036325.935982,RAW_IMU,,,,,,,,,0,0,-1000,2,0,1,,,,,
1790036325.9550538,ATTITUDE,,,,,,,,,,,,,,,0.0025416340213268995,0.001608952647075057,0.786385178565979,,
1790036325.9569952,RAW_IMU,,,,,,,,,0,0,-1000,0,0,1,,,,,
1790036325.975526,ATTITUDE,,,,,,,,,,,,,,,0.002579818945378065,0.001586414873600006,0.7863786816596985,,
1790036325.9776075,RAW_IMU,,,,,,,,,0,0,-1000,3,0,1,,,,,
1790036325.9953334,ATTITUDE,,,,,,,,,,,,,,,0.002549099503085017,0.0015650130808353424,0.786371648311615,,
1790036325.9964528,RAW_IMU,,,,,,,,,0,0,-1000,0,0,1,,,,,
1790036326.0152972,ATTITUDE,,,,,,,,,,,,,,,0.0025747930631041527,0.0015462831361219287,0.786363959312439,,
1790036326.0170743,RAW_IMU,,,,,,,,,0,0,-1000,2,0,1,,,,,
1790036326.0294056,GLOBAL_POSITION_INT,-35.361131,149.1678504,584.14,2.424,-0.02,0.0,0.49,45.05,,,,,,,,,,,
1790036326.0308685,GPS_RAW_INT,,,,,,,,,,,,,,,,,,6,10
1790036326.0351996,ATTITUDE,,,,,,,,,,,,,,,0.002581849927082658,0.0015285457484424114,0.786356508731842,,
1790036326.0369935,RAW_IMU,,,,,,,,,0,0,-1000,2,0,1,,,,,
1790036326.0554132,ATTITUDE,,,,,,,,,,,,,,,0.0025514401495456696,0.0015117874136194587,0.7863485217094421,,
1790036326.0568664,RAW_IMU,,,,,,,,,0,0,-1001,0,0,1,,,,,
1790036326.075457,ATTITUDE,,,,,,,,,,,,,,,0.002523148199543357,0.0014967339811846614,0.7863371968269348,,
1790036326.0768034,RAW_IMU,,,,,,,,,0,0,-1001,0,0,1,,,,,
1790036326.094684,ATTITUDE,,,,,,,,,,,,,,,0.0024934455286711454,0.0014770616544410586,0.7863289713859558,,
1790036326.0965898,RAW_IMU,,,,,,,,,0,0,-1001,0,0,1,,,,,
1790036326.1146855,ATTITUDE,,,,,,,,,,,,,,,0.002464685821905732,0.0014586340403184295,0.7863215804100037,,
1790036326.1165254,RAW_IMU,,,,,,,,,0,0,-1001,0,0,1,,,,,
1790036326.142514,GLOBAL_POSITION_INT,-35.361131,149.1678504,584.09,2.374,-0.02,0.0,0.49,45.05,,,,,,,,,,,
1790036326.1433241,GPS_RAW_INT,,,,,,,,,,,,,,,,,,6,10
1790036326.1444144,ATTITUDE,,,,,,,,,,,,,,,0.002435907255858183,0.0014405996771529317,0.7863139510154724,,
1790036326.1453595,RAW_IMU,,,,,,,,,0,0,-1001,0,0,1,,,,,
1790036326.1551027,ATTITUDE,,,,,,,,,,,,,,,0.0024074066895991564,0.0014224487822502851,0.7863067388534546,,
1790036326.1566622,RAW_IMU,,,,,,,,,0,0,-1001,0,1,1,,,,,
1790036326.1752076,ATTITUDE,,,,,,,,,,,,,,,0.002382750855758786,0.0014066349249333143,0.7862964272499084,,
1790036326.1770673,RAW_IMU,,,,,,,,,0,0,-1001,0,1,1,,,,,
1790036326.194276,ATTITUDE,,,,,,,,,,,,,,,0.00235866685397923,0.0013928769621998072,0.7862895727157593,,
1790036326.1951938,RAW_IMU,,,,,,,,,0,0,-1001,0,1,1,,,,,
1790036326.214352,ATTITUDE,,,,,,,,,,,,,,,0.002336692763492465,0.0013804571935907006,0.7862834930419922,,
1790036326.2161357,RAW_IMU,,,,,,,,,0,0,-1001,0,1,1,,,,,
1790036326.2278717,GLOBAL_POSITION_INT,-35.361131,149.1678504,584.04,2.323,-0.02,0.0,0.49,45.05,,,,,,,,,,,
1790036326.2294376,GPS_RAW_INT,,,,,,,,,,,,,,,,,,6,10
1790036326.234318,ATTITUDE,,,,,,,,,,,,,,,0.0023170660715550184,0.0013683774741366506,0.7862790822982788,,
1790036326.2357762,RAW_IMU,,,,,,,,,0,0,-1001,0,1,1,,,,,
1790036326.2544413,ATTITUDE,,,,,,,,,,,,,,,0.002297949744388461,0.0013587570283561945,0.7862754464149475,,
1790036326.2554855,RAW_IMU,,,,,,,,,0,0,-1001,0,1,1,,,,,
1790036326.274957,ATTITUDE,,,,,,,,,,,,,,,0.0022803833708167076,0.0013505944516509771,0.7862683534622192,,
1790036326.27569,RAW_IMU,,,,,,,,,0,0,-1001,0,1,1,,,,,
1790036326.294904,ATTITUDE,,,,,,,,,,,,,,,0.002259668428450823,0.001337073859758675,0.7862631678581238,,
1790036326.2956977,RAW_IMU,,,,,,,,,0,0,-1001,0,1,1,,,,,
1790036326.3150873,ATTITUDE,,,,,,,,,,,,,,,0.002240737434476614,0.001324448618106544,0.7862584590911865,,
1790036326.3161392,RAW_IMU,,,,,,,,,0,0,-1001,0,1,1,,,,,
1790036326.3284729,GLOBAL_POSITION_INT,-35.361131,149.1678504,583.99,2.273,-0.02,0.0,0.49,45.04,,,,,,,,,,,
1790036326.329878,GPS_RAW_INT,,,,,,,,,,,,,,,,,,6,10
1790036326.3352506,ATTITUDE,,,,,,,,,,,,,,,0.0022213079500943422,0.0013118133647367358,0.7862563133239746,,
1790036326.3366385,RAW_IMU,,,,,,,,,0,0,-1001,0,1,1,,,,,
1790036326.355745,ATTITUDE,,,,,,,,,,,,,,,0.0022035548463463783,0.0013016355223953724,0.7862540483474731,,
1790036326.3570764,RAW_IMU,,,,,,,,,0,0,-1001,0,1,1,,,,,
1790036326.375806,ATTITUDE,,,,,,,,,,,,,,,0.0021876629907637835,0.0012969366507604718,0.7862498164176941,,
1790036326.3774176,RAW_IMU,,,,,,,,,0,0,-1001,1,1,1,,,,,
1790036326.3955345,ATTITUDE,,,,,,,,,,,,,,,0.0021717059426009655,0.001305418205447495,0.7862458825111389,,
1790036326.3963935,RAW_IMU,,,,,,,,,0,0,-1001,0,2,1,,,,,
1790036326.4156013,ATTITUDE,,,,,,,,,,,,,,,0.0021566885989159346,0.0013145339908078313,0.7862425446510315,,
1790036326.4171479,RAW_IMU,,,,,,,,,0,0,-1001,1,2,1,,,,,
1790036326.4296665,GLOBAL_POSITION_INT,-35.361131,149.1678504,583.94,2.223,-0.02,0.0,0.49,45.04,,,,,,,,,,,
1790036326.4309218,GPS_RAW_INT,,,,,,,,,,,,,,,,,,6,10
1790036326.4355633,ATTITUDE,,,,,,,,,,,,,,,0.0021433853544294834,0.0013231149641796947,0.7862421870231628,,
1790036326.4366162,RAW_IMU,,,,,,,,,0,0,-1001,1,2,1,,,,,
1790036326.4561512,ATTITUDE,,,,,,,,,,,,,,,0.0021313061006367207,0.001331923296675086,0.7862398624420166,,
1790036326.4573598,RAW_IMU,,,,,,,,,0,0,-1001,1,2,1,,,,,
1790036326.476685,ATTITUDE,,,,,,,,,,,,,,,0.002120126271620393,0.0013423104537650943,0.7862358689308167,,
1790036326.4778633,RAW_IMU,,,,,,,,,0,0,-1001,1,2,1,,,,,
1790036326.4965897,ATTITUDE,,,,,,,,,,,,,,,0.002105103572830558,0.0013472884893417358,0.7862348556518555,,
1790036326.4985237,RAW_IMU,,,,,,,,,0,0,-1001,1,2,1,,,,,
1790036326.516288,ATTITUDE,,,,,,,,,,,,,,,0.0020912548061460257,0.0013526994735002518,0.78623366355896,,
1790036326.5181289,RAW_IMU,,,,,,,,,0,0,-1001,1,2,1,,,,,
1790036326.530139,GLOBAL_POSITION_INT,-35.361131,149.1678504,583.89,2.173,-0.02,0.0,0.49,45.04,,,,,,,,,,,
1790036326.5313623,GPS_RAW_INT,,,,,,,,,,,,,,,,,,6,10
1790036326.5362127,ATTITUDE,,,,,,,,,,,,,,,0.0020789126865565777,0.0013573721516877413,0.7862334847450256,,
1790036326.537382,RAW_IMU,,,,,,,,,0,0,-1001,1,2,1,,,,,
1790036326.5568612,ATTITUDE,,,,,,,,,,,,,,,0.0020661246962845325,0.0013614591443911195,0.7862328290939331,,
1790036326.5587983,RAW_IMU,,,,,,,,,0,0,-1001,1,2,1,,,,,
1790036326.5774744,ATTITUDE,,,,,,,,,,,,,,,0.0020542375277727842,0.0013679926050826907,0.7862299084663391,,
1790036326.5789232,RAW_IMU,,,,,,,,,0,0,-1001,1,2,1,,,,,
1790036326.597739,ATTITUDE,,,,,,,,,,,,,,,0.0020667521748691797,0.0013920888304710388,0.7862279415130615,,
1790036326.598955,RAW_IMU,,,,,,,,,0,0,-1000,2,2,1,,,,,
1790036326.6177843,ATTITUDE,,,,,,,,,,,,,,,0.0020929391030222178,0.0014344369992613792,0.7862274646759033,,
1790036326.6199949,RAW_IMU,,,,,,,,,0,0,-1001,3,3,1,,,,,
1790036326.6481829,GLOBAL_POSITION_INT,-35.361131,149.1678504,583.84,2.123,-0.02,0.0,0.49,45.04,,,,,,,,,,,
1790036326.6498492,GPS_RAW_INT,,,,,,,,,,,,,,,,,,6,10
1790036326.6508849,ATTITUDE,,,,,,,,,,,,,,,0.002118374453857541,0.0014749049441888928,0.7862284183502197,,
1790036326.6521792,RAW_IMU,,,,,,,,,0,0,-1001,3,3,1,,,,,
1790036326.6535504,ATTITUDE,,,,,,,,,,,,,,,0.002143330406397581,0.001515050302259624,0.7862294912338257,,
1790036326.6545537,RAW_IMU,,,,,,,,,0,0,-1001,2,3,1,,,,,
1790036326.6741776,ATTITUDE,,,,,,,,,,,,,,,0.002167439553886652,0.0015540991444140673,0.7862280011177063,,
1790036326.6752737,RAW_IMU,,,,,,,,,0,0,-1001,2,3,1,,,,,
1790036326.6934226,ATTITUDE,,,,,,,,,,,,,,,0.0021872292272746563,0.0015870495699346066,0.7862268686294556,,
1790036326.6945064,RAW_IMU,,,,,,,,,0,0,-1001,2,3,1,,,,,
1790036326.7133827,ATTITUDE,,,,,,,,,,,,,,,0.0022067478857934475,0.0016186503926292062,0.7862273454666138,,
1790036326.714619,RAW_IMU,,,,,,,,,0,0,-1001,2,3,1,,,,,
1790036326.732707,GLOBAL_POSITION_INT,-35.361131,149.1678504,583.79,2.073,-0.02,0.0,0.49,45.04,,,,,,,,,,,
1790036326.7336297,GPS_RAW_INT,,,,,,,,,,,,,,,,,,6,10
1790036326.7355309,ATTITUDE,,,,,,,,,,,,,,,0.0022265876177698374,0.0016495204763486981,0.7862287163734436,,
1790036326.7363653,RAW_IMU,,,,,,,,,0,0,-1001,2,3,1,,,,,
1790036326.7532716,ATTITUDE,,,,,,,,,,,,,,,0.0022454785648733377,0.0016798663418740034,0.786230206489563,,
1790036326.7542298,RAW_IMU,,,,,,,,,0,0,-1001,2,3,1,,,,,
1790036326.7735317,ATTITUDE,,,,,,,,,,,,,,,0.0022644007112830877,0.0017091045156121254,0.7862284779548645,,
1790036326.7743506,RAW_IMU,,,,,,,,,0,0,-1001,2,3,1,,,,,
1790036326.7935832,ATTITUDE,,,,,,,,,,,,,,,0.0022829233203083277,0.0017373802838847041,0.7862268686294556,,
1790036326.7951698,RAW_IMU,,,,,,,,,0,0,-1001,2,3,1,,,,,
1790036326.8131464,ATTITUDE,,,,,,,,,,,,,,,0.0023017567582428455,0.0017643632600083947,0.786227822303772,,
1790036326.81412,RAW_IMU,,,,,,,,,0,0,-1001,2,3,1,,,,,
1790036326.8327515,GLOBAL_POSITION_INT,-35.361131,149.1678504,583.74,2.023,-0.02,0.0,0.49,45.04,,,,,,,,,,,
1790036326.8338525,GPS_RAW_INT,,,,,,,,,,,,,,,,,,6,10
1790036326.8350842,ATTITUDE,,,,,,,,,,,,,,,0.0023191473446786404,0.001790944254025817,0.7862291932106018,,
1790036326.8366582,RAW_IMU,,,,,,,,,0,0,-1001,2,3,1,,,,,
1790036326.853996,ATTITUDE,,,,,,,,,,,,,,,0.002336731879040599,0.0018177615711465478,0.7862290740013123,,
1790036326.8565166,RAW_IMU,,,,,,,,,0,0,-1001,2,3,1,,,,,
1790036326.876005,ATTITUDE,,,,,,,,,,,,,,,0.0023530316539108753,0.0018446039175614715,0.7862278819084167,,
1790036326.8781562,RAW_IMU,,,,,,,,,0,0,-1001,2,3,1,,,,,
1790036326.90759,ATTITUDE,,,,,,,,,,,,,,,0.002365230116993189,0.0018651677528396249,0.7862275838851929,,
1790036326.9091783,RAW_IMU,,,,,,,,,0,0,-1001,2,2,1,,,,,
1790036326.9137406,ATTITUDE,,,,,,,,,,,,,,,0.0023779473267495632,0.0018858280964195728,0.7862288355827332,,
1790036326.9149175,RAW_IMU,,,,,,,,,0,0,-1001,2,2,1,,,,,
1790036326.9279227,GLOBAL_POSITION_INT,-35.361131,149.1678504,583.69,1.973,-0.02,0.0,0.49,45.04,,,,,,,,,,,
1790036326.9292154,GPS_RAW_INT,,,,,,,,,,,,,,,,,,6,10
1790036326.93608,ATTITUDE,,,,,,,,,,,,,,,0.0023901117965579033,0.0019059953046962619,0.7862309813499451,,
1790036326.9379504,RAW_IMU,,,,,,,,,0,0,-1001,2,2,1,,,,,
1790036326.9559038,ATTITUDE,,,,,,,,,,,,,,,0.002402851590886712,0.001925326301716268,0.7862331867218018,,
1790036326.9572644,RAW_IMU,,,,,,,,,0,0,-1001,2,2,1,,,,,
1790036326.977581,ATTITUDE,,,,,,,,,,,,,,,0.002416033996269107,0.0019443396013230085,0.7862328886985779,,
1790036326.980045,RAW_IMU,,,,,,,,,0,0,-1001,2,2,1,,,,,
1790036326.997927,ATTITUDE,,,,,,,,,,,,,,,0.002427577506750822,0.001963195623829961,0.7862327694892883,,
1790036326.9991624,RAW_IMU,,,,,,,,,0,0,-1001,2,2,1,,,,,
1790036327.017895,ATTITUDE,,,,,,,,,,,,,,,0.00244025862775743,0.001981887500733137,0.7862362265586853,,
1790036327.0193791,RAW_IMU,,,,,,,,,0,0,-1001,2,2,1,,,,,
1790036327.031846,GLOBAL_POSITION_INT,-35.361131,149.1678504,583.64,1.922,-0.02,0.0,0.49,45.04,,,,,,,,,,,
1790036327.0337086,GPS_RAW_INT,,,,,,,,,,,,,,,,,,6,10
1790036327.0351937,ATTITUDE,,,,,,,,,,,,,,,0.00245239632204175,0.0020012948662042618,0.786238968372345,,
1790036327.0370553,RAW_IMU,,,,,,,,,0,0,-1001,2,2,1,,,,,
1790036327.05325,ATTITUDE,,,,,,,,,,,,,,,0.0024657438043504953,0.002021356951445341,0.7862412929534912,,
1790036327.054427,RAW_IMU,,,,,,,,,0,0,-1001,2,2,1,,,,,
1790036327.0737927,ATTITUDE,,,,,,,,,,,,,,,0.002476801397278905,0.0020400001667439938,0.7862411737442017,,
1790036327.0760615,RAW_IMU,,,,,,,,,0,0,-1001,2,2,1,,,,,
1790036327.096091,ATTITUDE,,,,,,,,,,,,,,,0.00248605920933187,0.0020540584810078144,0.7862411141395569,,
1790036327.097219,RAW_IMU,,,,,,,,,0,0,-1001,2,2,1,,,,,
1790036327.1204603,ATTITUDE,,,,,,,,,,,,,,,0.0024939714930951595,0.0020670578815042973,0.7862437963485718,,
1790036327.120988,RAW_IMU,,,,,,,,,0,0,-1001,2,2,1,,,,,
1790036327.1486025,GLOBAL_POSITION_INT,-35.361131,149.1678504,583.59,1.872,-0.02,0.0,0.49,45.04,,,,,,,,,,,
1790036327.1505923,GPS_RAW_INT,,,,,,,,,,,,,,,,,,6,10
1790036327.1524227,ATTITUDE,,,,,,,,,,,,,,,0.0025034642312675714,0.0020803255029022694,0.786244809627533,,
1790036327.1538808,RAW_IMU,,,,,,,,,0,0,-1001,2,2,1,,,,,
1790036327.1567411,ATTITUDE,,,,,,,,,,,,,,,0.0025118710473179817,0.002092687413096428,0.7862491607666016,,
1790036327.1586308,RAW_IMU,,,,,,,,,0,0,-1001,2,2,1,,,,,
1790036327.1744783,ATTITUDE,,,,,,,,,,,,,,,0.0025200338568538427,0.0021052209194749594,0.7862483263015747,,
1790036327.1764119,RAW_IMU,,,,,,,,,0,0,-1001,2,2,1,,,,,
1790036327.194421,ATTITUDE,,,,,,,,,,,,,,,0.0025284511502832174,0.0021187257952988148,0.7862483263015747,,
1790036327.1952596,RAW_IMU,,,,,,,,,0,0,-1001,2,2,1,,,,,
1790036327.2141738,ATTITUDE,,,,,,,,,,,,,,,0.002536754822358489,0.0021317466162145138,0.7862501740455627,,
1790036327.2154331,RAW_IMU,,,,,,,,,0,0,-1001,2,2,1,,,,,
1790036327.2278535,GLOBAL_POSITION_INT,-35.361131,149.1678504,583.54,1.822,-0.02,0.0,0.49,45.04,,,,,,,,,,,
1790036327.2285824,GPS_RAW_INT,,,,,,,,,,,,,,,,,,6,10
1790036327.2340698,ATTITUDE,,,,,,,,,,,,,,,0.002545373048633337,0.002145472913980484,0.7862527966499329,,
1790036327.2347972,RAW_IMU,,,,,,,,,0,0,-1001,2,2,1,,,,,
1790036327.2540984,ATTITUDE,,,,,,,,,,,,,,,0.002554545644670725,0.0021591659169644117,0.7862570881843567,,
1790036327.2553132,RAW_IMU,,,,,,,,,0,0,-1001,2,2,1,,,,,
1790036327.2745721,ATTITUDE,,,,,,,,,,,,,,,0.0025622111279517412,0.0021729283034801483,0.786257266998291,,
1790036327.2758706,RAW_IMU,,,,,,,,,0,0,-1001,2,2,1,,,,,
1790036327.2951157,ATTITUDE,,,,,,,,,,,,,,,0.0025676374789327383,0.0021818613167852163,0.7862569093704224,,
1790036327.2965617,RAW_IMU,,,,,,,,,0,0,-1001,2,2,1,,,,,
1790036327.3147395,ATTITUDE,,,,,,,,,,,,,,,0.0025731450878083706,0.0021901861764490604,0.7862584590911865,,
1790036327.3156295,RAW_IMU,,,,,,,,,0,0,-1001,2,2,1,,,,,
1790036327.3283467,GLOBAL_POSITION_INT,-35.361131,149.1678504,583.49,1.772,-0.02,0.0,0.49,45.04,,,,,,,,,,,
1790036327.3290353,GPS_RAW_INT,,,,,,,,,,,,,,,,,,6,10
1790036327.3348877,ATTITUDE,,,,,,,,,,,,,,,0.0025794149842113256,0.002199192764237523,0.7862603664398193,,
1790036327.3363342,RAW_IMU,,,,,,,,,0,0,-1001,2,2,1,,,,,
1790036327.3545032,ATTITUDE,,,,,,,,,,,,,,,0.0025850776582956314,0.002206662902608514,0.7862629890441895,,
1790036327.3560278,RAW_IMU,,,,,,,,,0,0,-1001,2,2,1,,,,,
1790036327.3755918,ATTITUDE,,,,,,,,,,,,,,,0.002591188531368971,0.0022154103498905897,0.7862640619277954,,
1790036327.3772016,RAW_IMU,,,,,,,,,0,0,-1001,2,2,1,,,,,
1790036327.3957067,ATTITUDE,,,,,,,,,,,,,,,0.00259776902385056,0.0022238746751099825,0.786263108253479,,
1790036327.3977377,RAW_IMU,,,,,,,,,0,0,-1001,2,2,1,,,,,
1790036327.415324,ATTITUDE,,,,,,,,,,,,,,,0.002604476409032941,0.0022326246835291386,0.7862652540206909,,
1790036327.4169822,RAW_IMU,,,,,,,,,0,0,-1001,2,2,1,,,,,
1790036327.4290476,GLOBAL_POSITION_INT,-35.361131,149.1678504,583.44,1.722,-0.02,0.0,0.49,45.04,,,,,,,,,,,
1790036327.4298732,GPS_RAW_INT,,,,,,,,,,,,,,,,,,6,10
1790036327.4352317,ATTITUDE,,,,,,,,,,,,,,,0.0026104424614459276,0.002242648508399725,0.7862672209739685,,
1790036327.4368215,RAW_IMU,,,,,,,,,0,0,-1001,2,2,1,,,,,
1790036327.455749,ATTITUDE,,,,,,,,,,,,,,,0.002617008052766323,0.002251350088045001,0.7862700819969177,,
1790036327.4570558,RAW_IMU,,,,,,,,,0,0,-1001,2,2,1,,,,,
1790036327.4763472,ATTITUDE,,,,,,,,,,,,,,,0.0026233624666929245,0.002260688692331314,0.7862705588340759,,
1790036327.4769301,RAW_IMU,,,,,,,,,0,0,-1001,2,2,1,,,,,
1790036327.4959393,ATTITUDE,,,,,,,,,,,,,,,0.0026270567905157804,0.002264849841594696,0.7862710356712341,,
1790036327.4975414,RAW_IMU,,,,,,,,,0,0,-1001,2,2,1,,,,,
1790036327.5161097,ATTITUDE,,,,,,,,,,,,,,,0.0026299254968762398,0.0022695278748869896,0.7862726449966431,,
1790036327.5175507,RAW_IMU,,,,,,,,,0,0,-1001,1,2,1,,,,,
1790036327.5300384,GLOBAL_POSITION_INT,-35.361131,149.1678504,583.39,1.672,-0.02,0.0,0.49,45.05,,,,,,,,,,,
1790036327.5305007,GPS_RAW_INT,,,,,,,,,,,,,,,,,,6,10
1790036327.5358026,ATTITUDE,,,,,,,,,,,,,,,0.002633877797052264,0.002272600308060646,0.7862746119499207,,
1790036327.5367222,RAW_IMU,,,,,,,,,0,0,-1001,2,2,1,,,,,
1790036327.5560465,ATTITUDE,,,,,,,,,,,,,,,0.002600248670205474,0.0022769682109355927,0.7862772941589355,,
1790036327.557226,RAW_IMU,,,,,,,,,0,0,-1000,0,2,1,,,,,
1790036327.5717218,ATTITUDE,,,,,,,,,,,,,,,0.0025504068471491337,0.00228232704102993,0.786277711391449,,
1790036327.572854,RAW_IMU,,,,,,,,,0,0,-1001,0,2,1,,,,,
1790036327.5918798,ATTITUDE,,,,,,,,,,,,,,,0.0025032004341483116,0.002288184827193618,0.786276638507843,,
1790036327.593684,RAW_IMU,,,,,,,,,0,0,-1001,0,2,1,,,,,
1790036327.6116033,ATTITUDE,,,,,,,,,,,,,,,0.0024573542177677155,0.0022938235197216272,0.7862783074378967,,
1790036327.6132607,RAW_IMU,,,,,,,,,0,0,-1001,0,2,1,,,,,
1790036327.6455655,GLOBAL_POSITION_INT,-35.361131,149.1678504,583.34,1.622,-0.02,0.0,0.49,45.05,,,,,,,,,,,
1790036327.6465068,GPS_RAW_INT,,,,,,,,,,,,,,,,,,6,10
1790036327.6472573,ATTITUDE,,,,,,,,,,,,,,,0.002413377398625016,0.002299109473824501,0.7862804532051086,,
1790036327.6488285,RAW_IMU,,,,,,,,,0,0,-1001,0,2,1,,,,,
1790036327.6519434,ATTITUDE,,,,,,,,,,,,,,,0.002372669754549861,0.002305002883076668,0.7862832546234131,,
1790036327.6533647,RAW_IMU,,,,,,,,,0,0,-1001,0,2,1,,,,,
1790036327.6723645,ATTITUDE,,,,,,,,,,,,,,,0.002333282260224223,0.0023126015439629555,0.7862842679023743,,
1790036327.6736293,RAW_IMU,,,,,,,,,0,0,-1001,0,2,1,,,,,
1790036327.692446,ATTITUDE,,,,,,,,,,,,,,,0.0022922575008124113,0.0023150185588747263,0.7862848043441772,,
1790036327.693755,RAW_IMU,,,,,,,,,0,0,-1001,0,2,1,,,,,
1790036327.7128139,ATTITUDE,,,,,,,,,,,,,,,0.0022536644246429205,0.002316901693120599,0.7862856984138489,,
1790036327.71362,RAW_IMU,,,,,,,,,0,0,-1001,0,2,1,,,,,
1790036327.7328358,GLOBAL_POSITION_INT,-35.361131,149.1678504,583.29,1.571,-0.02,0.0,0.49,45.05,,,,,,,,,,,
1790036327.733787,GPS_RAW_INT,,,,,,,,,,,,,,,,,,6,10
1790036327.7357194,ATTITUDE,,,,,,,,,,,,,,,0.0022175207268446684,0.002319040009751916,0.7862867712974548,,
1790036327.737513,RAW_IMU,,,,,,,,,0,0,-1001,0,2,1,,,,,
1790036327.7522638,ATTITUDE,,,,,,,,,,,,,,,0.002182109747081995,0.002322516171261668,0.786289393901825,,
1790036327.7528887,RAW_IMU,,,,,,,,,0,0,-1001,0,2,1,,,,,
1790036327.7729392,ATTITUDE,,,,,,,,,,,,,,,0.00214907038025558,0.002324694534763694,0.786289393901825,,
1790036327.7735994,RAW_IMU,,,,,,,,,0,0,-1001,0,1,1,,,,,
1790036327.7934957,ATTITUDE,,,,,,,,,,,,,,,0.002116328803822398,0.0023289108648896217,0.7862904667854309,,
1790036327.794964,RAW_IMU,,,,,,,,,0,0,-1001,0,2,1,,,,,
1790036327.813645,ATTITUDE,,,,,,,,,,,,,,,0.002087328815832734,0.0023325898218899965,0.7862916588783264,,
1790036327.8150516,RAW_IMU,,,,,,,,,0,0,-1001,0,1,1,,,,,
1790036327.8334706,GLOBAL_POSITION_INT,-35.361131,149.1678504,583.24,1.521,-0.02,0.0,0.49,45.05,,,,,,,,,,,
1790036327.8350692,GPS_RAW_INT,,,,,,,,,,,,,,,,,,6,10
1790036327.8362262,ATTITUDE,,,,,,,,,,,,,,,0.0020583851728588343,0.002337308833375573,0.786293089389801,,
1790036327.8370194,RAW_IMU,,,,,,,,,0,0,-1001,0,1,1,,,,,
1790036327.8537831,ATTITUDE,,,,,,,,,,,,,,,0.0020303232595324516,0.002342614810913801,0.786296546459198,,
1790036327.8552854,RAW_IMU,,,,,,,,,0,0,-1001,0,1,1,,,,,
1790036327.874256,ATTITUDE,,,,,,,,,,,,,,,0.00200483575463295,0.0023479058872908354,0.7862973213195801,,
1790036327.8769274,RAW_IMU,,,,,,,,,0,0,-1001,0,1,1,,,,,
1790036327.898127,ATTITUDE,,,,,,,,,,,,,,,0.0019763761665672064,0.0023480828385800123,0.7862964868545532,,
1790036327.8993666,RAW_IMU,,,,,,,,,0,0,-1001,0,1,1,,,,,
1790036327.9146633,ATTITUDE,,,,,,,,,,,,,,,0.0019499913323670626,0.0023492530453950167,0.7862980961799622,,
1790036327.9153712,RAW_IMU,,,,,,,,,0,0,-1001,0,1,1,,,,,
1790036327.9284587,GLOBAL_POSITION_INT,-35.361131,149.1678504,583.19,1.471,-0.02,0.0,0.49,45.05,,,,,,,,,,,
1790036327.9296095,GPS_RAW_INT,,,,,,,,,,,,,,,,,,6,10
1790036327.9344866,ATTITUDE,,,,,,,,,,,,,,,0.001924590440467,0.002350620459765196,0.7863008975982666,,
1790036327.9361465,RAW_IMU,,,,,,,,,0,0,-1001,0,1,1,,,,,
1790036327.954572,ATTITUDE,,,,,,,,,,,,,,,0.0019011379918083549,0.0023528877645730972,0.7863038778305054,,
1790036327.9562001,RAW_IMU,,,,,,,,,0,0,-1001,0,1,1,,,,,
1790036327.9753354,ATTITUDE,,,,,,,,,,,,,,,0.0018783732084557414,0.002354042837396264,0.7863041758537292,,
1790036327.9772139,RAW_IMU,,,,,,,,,0,0,-1001,0,1,1,,,,,
1790036327.9951737,ATTITUDE,,,,,,,,,,,,,,,0.0018569213571026921,0.0023570996709167957,0.7863045930862427,,
1790036327.9961965,RAW_IMU,,,,,,,,,0,0,-1001,0,1,1,,,,,
1790036328.015177,ATTITUDE,,,,,,,,,,,,,,,0.0018367271404713392,0.002359893638640642,0.7863054275512695,,
1790036328.016188,RAW_IMU,,,,,,,,,0,0,-1001,0,1,1,,,,,
1790036328.0289087,GLOBAL_POSITION_INT,-35.361131,149.1678504,583.14,1.421,-0.02,0.0,0.49,45.05,,,,,,,,,,,
1790036328.0303488,GPS_RAW_INT,,,,,,,,,,,,,,,,,,6,10
1790036328.0350645,ATTITUDE,,,,,,,,,,,,,,,0.0018185015069320798,0.002364644082263112,0.7863082885742188,,
1790036328.036227,RAW_IMU,,,,,,,,,0,0,-1001,0,1,1,,,,,
1790036328.0552793,ATTITUDE,,,,,,,,,,,,,,,0.0018005612073466182,0.002370186150074005,0.7863118648529053,,
1790036328.0563846,RAW_IMU,,,,,,,,,0,0,-1001,0,1,1,,,,,
1790036328.0758827,ATTITUDE,,,,,,,,,,,,,,,0.0017837852938100696,0.002374801319092512,0.7863126397132874,,
1790036328.077346,RAW_IMU,,,,,,,,,0,0,-1001,0,1,1,,,,,
1790036328.0956218,ATTITUDE,,,,,,,,,,,,,,,0.0017647395143285394,0.002374325878918171,0.7863128185272217,,
1790036328.0967495,RAW_IMU,,,,,,,,,0,0,-1001,0,1,1,,,,,
1790036328.1105485,ATTITUDE,,,,,,,,,,,,,,,0.0017454943154007196,0.0023746539372950792,0.7863145470619202,,
1790036328.1115582,RAW_IMU,,,,,,,,,0,0,-1001,0,1,1,,,,,
1790036328.142376,GLOBAL_POSITION_INT,-35.361131,149.1678504,583.09,1.371,-0.02,0.0,0.49,45.05,,,,,,,,,,,
1790036328.143301,GPS_RAW_INT,,,,,,,,,,,,,,,,,,6,10
1790036328.1438804,ATTITUDE,,,,,,,,,,,,,,,0.0017272962722927332,0.0023756425362080336,0.7863177061080933,,
1790036328.1446793,RAW_IMU,,,,,,,,,0,0,-1001,0,1,1,,,,,
1790036328.1514325,ATTITUDE,,,,,,,,,,,,,,,0.0017107236199080944,0.0023750406689941883,0.7863214612007141,,
1790036328.1526902,RAW_IMU,,,,,,,,,0,0,-1001,0,1,1,,,,,
1790036328.1720397,ATTITUDE,,,,,,,,,,,,,,,0.0016955315368250012,0.002376765012741089,0.7863227725028992,,
1790036328.1741543,RAW_IMU,,,,,,,,,0,0,-1001,1,1,1,,,,,
1790036328.1918552,ATTITUDE,,,,,,,,,,,,,,,0.0016811107052490115,0.0023784295190125704,0.786322295665741,,
1790036328.1942968,RAW_IMU,,,,,,,,,0,0,-1001,1,1,1,,,,,
1790036328.2116222,ATTITUDE,,,,,,,,,,,,,,,0.0016665643779560924,0.0023815901950001717,0.7863246202468872,,
1790036328.2132087,RAW_IMU,,,,,,,,,0,0,-1001,1,1,1,,,,,
1790036328.2310739,GLOBAL_POSITION_INT,-35.361131,149.1678504,583.04,1.321,-0.02,0.0,0.49,45.05,,,,,,,,,,,
1790036328.232665,GPS_RAW_INT,,,,,,,,,,,,,,,,,,6,10
1790036328.2376363,ATTITUDE,,,,,,,,,,,,,,,0.0016516940668225288,0.0023846395779401064,0.7863268852233887,,
1790036328.2391775,RAW_IMU,,,,,,,,,0,0,-1001,1,1,1,,,,,
1790036328.2584813,ATTITUDE,,,,,,,,,,,,,,,0.001639972091652453,0.002387631218880415,0.7863316535949707,,
1790036328.2599936,RAW_IMU,,,,,,,,,0,0,-1001,1,1,1,,,,,
1790036328.2784915,ATTITUDE,,,,,,,,,,,,,,,0.0016292405780404806,0.0023729221429675817,0.7863317728042603,,
1790036328.278987,RAW_IMU,,,,,,,,,0,0,-1001,1,1,1,,,,,
1790036328.2982345,ATTITUDE,,,,,,,,,,,,,,,0.0016163433901965618,0.0023538239765912294,0.7863324284553528,,
1790036328.2989128,RAW_IMU,,,,,,,,,0,0,-1001,1,0,1,,,,,
1790036328.3183084,ATTITUDE,,,,,,,,,,,,,,,0.0016032399144023657,0.0023363714572042227,0.7863341569900513,,
1790036328.3196027,RAW_IMU,,,,,,,,,0,0,-1001,1,1,1,,,,,
1790036328.3322203,GLOBAL_POSITION_INT,-35.361131,149.1678504,582.99,1.271,-0.02,0.0,0.49,45.05,,,,,,,,,,,
1790036328.3337312,GPS_RAW_INT,,,,,,,,,,,,,,,,,,6,10
1790036328.3381221,ATTITUDE,,,,,,,,,,,,,,,0.0015913198003545403,0.0023205215111374855,0.7863361239433289,,
1790036328.339849,RAW_IMU,,,,,,,,,0,0,-1001,1,1,1,,,,,
1790036328.3583868,ATTITUDE,,,,,,,,,,,,,,,0.001580444979481399,0.002305092988535762,0.7863397598266602,,
1790036328.3600645,RAW_IMU,,,,,,,,,0,0,-1001,1,1,1,,,,,
1790036328.3731334,ATTITUDE,,,,,,,,,,,,,,,0.0015695567708462477,0.00229089823551476,0.7863402366638184,,
1790036328.3742516,RAW_IMU,,,,,,,,,0,0,-1001,1,1,1,,,,,
1790036328.3991342,ATTITUDE,,,,,,,,,,,,,,,0.0015608618268743157,0.002277625957503915,0.78634113073349,,
1790036328.400477,RAW_IMU,,,,,,,,,0,0,-1001,1,1,1,,,,,
1790036328.4136064,ATTITUDE,,,,,,,,,,,,,,,0.0015513700200244784,0.002265389310196042,0.7863425016403198,,
1790036328.415003,RAW_IMU,,,,,,,,,0,0,-1001,1,1,1,,,,,
1790036328.4327993,GLOBAL_POSITION_INT,-35.361131,149.1678504,582.94,1.221,-0.02,0.0,0.49,45.05,,,,,,,,,,,
1790036328.433678,GPS_RAW_INT,,,,,,,,,,,,,,,,,,6,10
1790036328.4354694,ATTITUDE,,,,,,,,,,,,,,,0.0015440011629834771,0.0022537228651344776,0.7863455414772034,,
1790036328.4362624,RAW_IMU,,,,,,,,,0,0,-1001,1,1,1,,,,,
1790036328.4540234,ATTITUDE,,,,,,,,,,,,,,,0.0015376366209238768,0.0022443996276706457,0.786349356174469,,
1790036328.4555821,RAW_IMU,,,,,,,,,0,0,-1001,1,1,1,,,,,
1790036328.475389,ATTITUDE,,,,,,,,,,,,,,,0.0015259762294590473,0.0022298635449260473,0.7863498330116272,,
1790036328.477119,RAW_IMU,,,,,,,,,0,0,-1001,1,1,1,,,,,
1790036328.49564,ATTITUDE,,,,,,,,,,,,,,,0.0014986346941441298,0.002161488402634859,0.7863507866859436,,
1790036328.497435,RAW_IMU,,,,,,,,,0,0,-1001,0,-1,1,,,,,
1790036328.5155256,ATTITUDE,,,,,,,,,,,,,,,0.001473105396144092,0.0020953542552888393,0.7863534092903137,,
1790036328.5177696,RAW_IMU,,,,,,,,,0,0,-1001,0,-1,1,,,,,
1790036328.5288932,GLOBAL_POSITION_INT,-35.361131,149.1678504,582.89,1.171,-0.02,0.0,0.49,45.05,,,,,,,,,,,
1790036328.5300703,GPS_RAW_INT,,,,,,,,,,,,,,,,,,6,10
1790036328.5354304,ATTITUDE,,,,,,,,,,,,,,,0.001449654228053987,0.002033063443377614,0.7863569855690002,,
1790036328.5366156,RAW_IMU,,,,,,,,,0,0,-1001,0,-1,1,,,,,
1790036328.555547,ATTITUDE,,,,,,,,,,,,,,,0.0014273400884121656,0.001972880447283387,0.7863612174987793,,
1790036328.5567014,RAW_IMU,,,,,,,,,0,0,-1001,0,-1,1,,,,,
1790036328.5765314,ATTITUDE,,,,,,,,,,,,,,,0.0014047014992684126,0.0019168087746948004,0.7863619327545166,,
1790036328.5791893,RAW_IMU,,,,,,,,,0,0,-1001,0,0,1,,,,,
1790036328.596269,ATTITUDE,,,,,,,,,,,,,,,0.0013834902783855796,0.0018628539983183146,0.7863638997077942,,
1790036328.5974894,RAW_IMU,,,,,,,,,0,0,-1001,0,0,1,,,,,
1790036328.6163383,ATTITUDE,,,,,,,,,,,,,,,0.0013643597485497594,0.001812183065339923,0.7863656282424927,,
1790036328.6174734,RAW_IMU,,,,,,,,,0,0,-1001,0,0,1,,,,,
1790036328.641472,GLOBAL_POSITION_INT,-35.361131,149.1678504,582.84,1.121,-0.02,0.0,0.49,45.05,,,,,,,,,,,
1790036328.6427124,GPS_RAW_INT,,,,,,,,,,,,,,,,,,6,10
1790036328.6433556,ATTITUDE,,,,,,,,,,,,,,,0.001345371943898499,0.0017639880534261465,0.7863696813583374,,
1790036328.6441925,RAW_IMU,,,,,,,,,0,0,-1001,0,0,1,,,,,
1790036328.6567235,ATTITUDE,,,,,,,,,,,,,,,0.0013281528372317553,0.0017188293859362602,0.7863744497299194,,
1790036328.6580179,RAW_IMU,,,,,,,,,0,0,-1001,0,0,1,,,,,
1790036328.6772692,ATTITUDE,,,,,,,,,,,,,,,0.0012786159059032798,0.0016735999379307032,0.7863757610321045,,
1790036328.6781983,RAW_IMU,,,,,,,,,0,0,-1001,0,0,1,,,,,
1790036328.6976066,ATTITUDE,,,,,,,,,,,,,,,0.0012237686896696687,0.001627633348107338,0.786376416683197,,
1790036328.6988246,RAW_IMU,,,,,,,,,0,0,-1001,0,0,1,,,,,
1790036328.717613,ATTITUDE,,,,,,,,,,,,,,,0.0011727327946573496,0.001583328004926443,0.786377489566803,,
1790036328.7185104,RAW_IMU,,,,,,,,,0,0,-1001,0,0,1,,,,,
1790036328.7311616,GLOBAL_POSITION_INT,-35.361131,149.1678504,582.79,1.072,-0.02,0.0,0.49,45.05,,,,,,,,,,,
1790036328.732282,GPS_RAW_INT,,,,,,,,,,,,,,,,,,6,10
1790036328.7375488,ATTITUDE,,,,,,,,,,,,,,,0.0011212489334866405,0.0015418038237839937,0.7863812446594238,,
1790036328.7389953,RAW_IMU,,,,,,,,,0,0,-1001,0,0,1,,,,,
1790036328.75755,ATTITUDE,,,,,,,,,,,,,,,0.0010738446144387126,0.0015013955999165773,0.7863835692405701,,
1790036328.7592068,RAW_IMU,,,,,,,,,0,0,-1001,0,0,1,,,,,
1790036328.7777915,ATTITUDE,,,,,,,,,,,,,,,0.0010284169111400843,0.0014626911142840981,0.7863850593566895,,
1790036328.7790604,RAW_IMU,,,,,,,,,0,0,-1001,0,0,1,,,,,
1790036328.797487,ATTITUDE,,,,,,,,,,,,,,,0.0009839804843068123,0.0014248091029003263,0.7863863706588745,,
1790036328.799468,RAW_IMU,,,,,,,,,0,0,-1001,0,0,1,,,,,
1790036328.817534,ATTITUDE,,,,,,,,,,,,,,,0.0009422076982446015,0.0013917876640334725,0.7863878011703491,,
1790036328.81928,RAW_IMU,,,,,,,,,0,0,-1001,0,0,1,,,,,
1790036328.831205,GLOBAL_POSITION_INT,-35.361131,149.1678504,582.74,1.022,-0.02,0.0,0.49,45.05,,,,,,,,,,,
1790036328.8318832,GPS_RAW_INT,,,,,,,,,,,,,,,,,,6,10
1790036328.8376307,ATTITUDE,,,,,,,,,,,,,,,0.0009036476840265095,0.0013591251336038113,0.7863898277282715,,
1790036328.8393333,RAW_IMU,,,,,,,,,0,0,-1001,0,0,1,,,,,
1790036328.8577232,ATTITUDE,,,,,,,,,,,,,,,0.0008674573618918657,0.0013119912473484874,0.7863933444023132,,
1790036328.858972,RAW_IMU,,,,,,,,,0,0,-1001,0,0,1,,,,,
1790036328.8734257,ATTITUDE,,,,,,,,,,,,,,,0.000807570293545723,0.0012646452523767948,0.7863921523094177,,
1790036328.8744864,RAW_IMU,,,,,,,,,0,0,-1000,-1,0,1,,,,,
1790036328.8991332,ATTITUDE,,,,,,,,,,,,,,,0.0008083668653853238,0.0012160413898527622,0.7863901257514954,,
1790036328.9008646,RAW_IMU,,,,,,,,,0,0,-1000,1,0,1,,,,,
1790036328.9136295,ATTITUDE,,,,,,,,,,,,,,,0.0007275143871083856,0.0011695747962221503,0.7863843441009521,,
1790036328.9148085,RAW_IMU,,,,,,,,,0,0,-1000,-1,0,1,,,,,
1790036328.9321873,GLOBAL_POSITION_INT,-35.361131,149.1678504,582.69,0.972,-0.02,0.0,0.49,45.05,,,,,,,,,,,
1790036328.9330938,GPS_RAW_INT,,,,,,,,,,,,,,,,,,6,10
1790036328.935452,ATTITUDE,,,,,,,,,,,,,,,0.0007384657510556281,0.001124860718846321,0.7863776683807373,,
1790036328.9365575,RAW_IMU,,,,,,,,,0,0,-1000,1,0,1,,,,,
1790036328.953078,ATTITUDE,,,,,,,,,,,,,,,0.000706841645296663,0.0010824742494150996,0.7863708138465881,,
1790036328.95428,RAW_IMU,,,,,,,,,0,0,-1000,0,0,1,,,,,
1790036328.9733617,ATTITUDE,,,,,,,,,,,,,,,0.0007313815876841545,0.0010424219071865082,0.786358654499054,,
1790036328.9747818,RAW_IMU,,,,,,,,,0,0,-1000,2,0,1,,,,,
1790036328.9932315,ATTITUDE,,,,,,,,,,,,,,,0.0007405600626952946,0.0010027169482782483,0.7863457798957825,,
1790036328.9942863,RAW_IMU,,,,,,,,,0,0,-1000,2,0,1,,,,,
1790036329.0131476,ATTITUDE,,,,,,,,,,,,,,,0.0007660181727260351,0.0009664663230068982,0.7863333821296692,,
1790036329.014534,RAW_IMU,,,,,,,,,0,0,-1000,2,0,1,,,,,
1790036329.0319312,GLOBAL_POSITION_INT,-35.361131,149.1678504,582.64,0.922,-0.01,0.0,0.49,45.05,,,,,,,,,,,
1790036329.0328126,GPS_RAW_INT,,,,,,,,,,,,,,,,,,6,10
1790036329.0381818,ATTITUDE,,,,,,,,,,,,,,,0.0008121895371004939,0.0009321257239207625,0.7863199710845947,,
1790036329.039384,RAW_IMU,,,,,,,,,0,0,-1001,4,0,0,,,,,
1790036329.058114,ATTITUDE,,,,,,,,,,,,,,,0.0008344172383658588,0.0009133778512477875,0.7863091826438904,,
1790036329.0601697,RAW_IMU,,,,,,,,,0,0,-1001,2,0,1,,,,,
1790036329.078163,ATTITUDE,,,,,,,,,,,,,,,0.0008552508661523461,0.0009119316819123924,0.7862971425056458,,
1790036329.0793998,RAW_IMU,,,,,,,,,0,0,-1001,2,1,1,,,,,
1790036329.0982246,ATTITUDE,,,,,,,,,,,,,,,0.0008740380872040987,0.0009151183185167611,0.7862853407859802,,
1790036329.0997183,RAW_IMU,,,,,,,,,0,0,-1001,2,1,1,,,,,
1790036329.11816,ATTITUDE,,,,,,,,,,,,,,,0.0008908581803552806,0.000902089464943856,0.7862783670425415,,
1790036329.119195,RAW_IMU,,,,,,,,,0,0,-1000,2,1,1,,,,,
1790036329.1461442,GLOBAL_POSITION_INT,-35.361131,149.1678504,582.59,0.873,-0.01,0.0,0.49,45.05,,,,,,,,,,,
1790036329.1470056,GPS_RAW_INT,,,,,,,,,,,,,,,,,,6,10
1790036329.1477342,ATTITUDE,,,,,,,,,,,,,,,0.0009074746631085873,0.0009370591142214835,0.7862764000892639,,
1790036329.1486402,RAW_IMU,,,,,,,,,0,0,-1000,2,3,1,,,,,
1790036329.1580434,ATTITUDE,,,,,,,,,,,,,,,0.0009237210615538061,0.000943451770581305,0.7862772345542908,,
1790036329.1596792,RAW_IMU,,,,,,,,,0,0,-1000,2,2,1,,,,,
1790036329.1782103,ATTITUDE,,,,,,,,,,,,,,,0.0009396476089023054,0.0009812029311433434,0.7862778902053833,,
1790036329.1798446,RAW_IMU,,,,,,,,,0,0,-1000,2,3,1,,,,,
1790036329.1982422,ATTITUDE,,,,,,,,,,,,,,,0.0009553488343954086,0.0010182952973991632,0.7862805128097534,,
1790036329.200175,RAW_IMU,,,,,,,,,0,0,-1000,2,4,1,,,,,
1790036329.2181597,ATTITUDE,,,,,,,,,,,,,,,0.0009708358556963503,0.0010415080469101667,0.7862866520881653,,
1790036329.2194018,RAW_IMU,,,,,,,,,0,0,-1000,2,2,1,,,,,
1790036329.2317557,GLOBAL_POSITION_INT,-35.361131,149.1678504,582.54,0.823,-0.01,0.0,0.49,45.05,,,,,,,,,,,
1790036329.232686,GPS_RAW_INT,,,,,,,,,,,,,,,,,,6,10
1790036329.2379777,ATTITUDE,,,,,,,,,,,,,,,0.0010371857788413763,0.0011147147743031383,0.7862945199012756,,
1790036329.2389712,RAW_IMU,,,,,,,,,0,0,-1000,4,5,2,,,,,
1790036329.2581885,ATTITUDE,,,,,,,,,,,,,,,0.0011065854923799634,0.0011308552930131555,0.7863049507141113,,
1790036329.2593713,RAW_IMU,,,,,,,,,0,0,-1001,5,2,2,,,,,
1790036329.2783313,ATTITUDE,,,,,,,,,,,,,,,0.0011721238261088729,0.0011823080712929368,0.7863118052482605,,
1790036329.2799716,RAW_IMU,,,,,,,,,0,0,-1001,5,3,2,,,,,
1790036329.2931511,ATTITUDE,,,,,,,,,,,,,,,0.0012327826116234064,0.0012298213550820947,0.7863189578056335,,
1790036329.2946162,RAW_IMU,,,,,,,,,0,0,-1001,4,4,2,,,,,
1790036329.3131137,ATTITUDE,,,,,,,,,,,,,,,0.0012906994670629501,0.001273586181923747,0.786327064037323,,
1790036329.314909,RAW_IMU,,,,,,,,,0,0,-1001,4,4,2,,,,,
1790036329.332552,GLOBAL_POSITION_INT,-35.361131,149.1678504,582.49,0.773,-0.01,0.0,0.49,45.05,,,,,,,,,,,
1790036329.33377,GPS_RAW_INT,,,,,,,,,,,,,,,,,,6,10
1790036329.3347027,ATTITUDE,,,,,,,,,,,,,,,0.001356854336336255,0.0013163264375180006,0.7863358855247498,,
1790036329.3357522,RAW_IMU,,,,,,,,,0,0,-1001,4,4,2,,,,,
1790036329.3529716,ATTITUDE,,,,,,,,,,,,,,,0.0014117313548922539,0.001357576227746904,0.7863442301750183,,
1790036329.3541539,RAW_IMU,,,,,,,,,0,0,-1000,4,3,2,,,,,
1790036329.3738017,ATTITUDE,,,,,,,,,,,,,,,0.0015140731120482087,0.0013982246164232492,0.7863439321517944,,
1790036329.3750389,RAW_IMU,,,,,,,,,0,0,-1000,6,3,1,,,,,
1790036329.3962924,ATTITUDE,,,,,,,,,,,,,,,0.0015669894637539983,0.0014368450501933694,0.7863422632217407,,
1790036329.3971734,RAW_IMU,,,,,,,,,0,0,-1000,5,3,1,,,,,
1790036329.413554,ATTITUDE,,,,,,,,,,,,,,,0.0016641232650727034,0.0014756377786397934,0.7863385081291199,,
1790036329.4152243,RAW_IMU,,,,,,,,,0,0,-1000,6,3,1,,,,,
1790036329.4335113,GLOBAL_POSITION_INT,-35.361131,149.1678504,582.44,0.723,-0.01,0.0,0.49,45.05,,,,,,,,,,,
1790036329.4345596,GPS_RAW_INT,,,,,,,,,,,,,,,,,,6,10
1790036329.4360974,ATTITUDE,,,,,,,,,,,,,,,0.00172661361284554,0.0015102927573025227,0.7863352298736572,,
1790036329.4372027,RAW_IMU,,,,,,,,,0,0,-1000,6,3,1,,,,,
1790036329.453746,ATTITUDE,,,,,,,,,,,,,,,0.001783956540748477,0.001546654966659844,0.7863289713859558,,
1790036329.4557798,RAW_IMU,,,,,,,,,0,0,-1000,4,3,1,,,,,
1790036329.4754527,ATTITUDE,,,,,,,,,,,,,,,0.0018723579123616219,0.001581940334290266,0.7863192558288574,,
1790036329.4771433,RAW_IMU,,,,,,,,,0,0,-1001,6,3,1,,,,,
1790036329.4960334,ATTITUDE,,,,,,,,,,,,,,,0.001903848140500486,0.0016113989986479282,0.7863073945045471,,
1790036329.4974926,RAW_IMU,,,,,,,,,0,0,-1001,3,3,1,,,,,
1790036329.5112402,ATTITUDE,,,,,,,,,,,,,,,0.0019836807623505592,0.0016398008447140455,0.7862964272499084,,
1790036329.5127933,RAW_IMU,,,,,,,,,0,0,-1001,5,3,1,,,,,
1790036329.5313072,GLOBAL_POSITION_INT,-35.361131,149.1678504,582.39,0.673,-0.01,0.0,0.49,45.05,,,,,,,,,,,
1790036329.5330272,GPS_RAW_INT,,,,,,,,,,,,,,,,,,6,10
1790036329.534296,ATTITUDE,,,,,,,,,,,,,,,0.0020619111601263285,0.001672317273914814,0.7862867116928101,,
1790036329.5351636,RAW_IMU,,,,,,,,,0,0,-1001,5,3,1,,,,,
1790036329.5513744,ATTITUDE,,,,,,,,,,,,,,,0.002137199742719531,0.0017343763029202819,0.7862817645072937,,
1790036329.5525017,RAW_IMU,,,,,,,,,0,0,-1000,5,5,1,,,,,
1790036329.5763645,ATTITUDE,,,,,,,,,,,,,,,0.002208409598097205,0.0017666106577962637,0.7862762808799744,,
1790036329.5787199,RAW_IMU,,,,,,,,,0,0,-1000,5,3,1,,,,,
1790036329.5963006,ATTITUDE,,,,,,,,,,,,,,,0.002278622006997466,0.001853112829849124,0.7862733006477356,,
1790036329.5982592,RAW_IMU,,,,,,,,,0,0,-1000,5,6,1,,,,,
1790036329.611213,ATTITUDE,,,,,,,,,,,,,,,0.002346681896597147,0.0018877019174396992,0.7862740159034729,,
1790036329.6127124,RAW_IMU,,,,,,,,,0,0,-1000,5,3,1,,,,,
1790036329.6462822,GLOBAL_POSITION_INT,-35.361131,149.1678504,582.34,0.623,-0.01,0.0,0.49,45.05,,,,,,,,,,,
1790036329.647128,GPS_RAW_INT,,,,,,,,,,,,,,,,,,6,10
1790036329.6486275,ATTITUDE,,,,,,,,,,,,,,,0.0024125745985656977,0.001981237670406699,0.7862792015075684,,
1790036329.6502817,RAW_IMU,,,,,,,,,0,0,-1000,5,6,1,,,,,
1790036329.6522837,ATTITUDE,,,,,,,,,,,,,,,0.0024776116479188204,0.002005175221711397,0.7862856388092041,,
1790036329.6549208,RAW_IMU,,,,,,,,,0,0,-1000,4,3,1,,,,,
1790036329.6721234,ATTITUDE,,,,,,,,,,,,,,,0.002538013271987438,0.0020998765248805285,0.7862929701805115,,
1790036329.673061,RAW_IMU,,,,,,,,,0,0,-1000,4,6,2,,,,,
1790036329.6920755,ATTITUDE,,,,,,,,,,,,,,,0.0025966435205191374,0.002116493647918105,0.786300539970398,,
1790036329.6934338,RAW_IMU,,,,,,,,,0,0,-1001,4,3,2,,,,,
1790036329.7115452,ATTITUDE,,,,,,,,,,,,,,,0.002650696085765958,0.002143176971003413,0.7863099575042725,,
1790036329.7131453,RAW_IMU,,,,,,,,,0,0,-1001,4,3,2,,,,,
1790036329.7312236,GLOBAL_POSITION_INT,-35.361131,149.1678504,582.29,0.573,-0.01,0.0,0.49,45.05,,,,,,,,,,,
1790036329.7321975,GPS_RAW_INT,,,,,,,,,,,,,,,,,,6,10
1790036329.7344131,ATTITUDE,,,,,,,,,,,,,,,0.002702618483453989,0.002172015141695738,0.7863215208053589,,
1790036329.7354088,RAW_IMU,,,,,,,,,0,0,-1001,4,3,2,,,,,
1790036329.751289,ATTITUDE,,,,,,,,,,,,,,,0.002720985794439912,0.002198640024289489,0.7863322496414185,,
1790036329.7522082,RAW_IMU,,,,,,,,,0,0,-1001,2,3,2,,,,,
1790036329.7715092,ATTITUDE,,,,,,,,,,,,,,,0.0027331660967320204,0.0022244988940656185,0.7863394618034363,,
1790036329.773599,RAW_IMU,,,,,,,,,0,0,-1001,2,3,2,,,,,
1790036329.7914898,ATTITUDE,,,,,,,,,,,,,,,0.002746171783655882,0.0022492874413728714,0.7863460183143616,,
1790036329.7931345,RAW_IMU,,,,,,,,,0,0,-1001,2,3,2,,,,,
1790036329.8162365,ATTITUDE,,,,,,,,,,,,,,,0.002755124121904373,0.0022757130209356546,0.7863542437553406,,
1790036329.817439,RAW_IMU,,,,,,,,,0,0,-1001,2,3,2,,,,,
1790036329.8302512,GLOBAL_POSITION_INT,-35.361131,149.1678504,582.24,0.523,-0.01,0.0,0.49,45.05,,,,,,,,,,,
1790036329.8306577,GPS_RAW_INT,,,,,,,,,,,,,,,,,,6,10
1790036329.836184,ATTITUDE,,,,,,,,,,,,,,,0.0027513110544532537,0.002300102962180972,0.7863622307777405,,
1790036329.8376253,RAW_IMU,,,,,,,,,0,0,-1000,1,3,2,,,,,
1790036329.856085,ATTITUDE,,,,,,,,,,,,,,,0.0027455745730549097,0.0023243529722094536,0.7863667607307434,,
1790036329.8580153,RAW_IMU,,,,,,,,,0,0,-1000,1,2,1,,,,,
1790036329.876364,ATTITUDE,,,,,,,,,,,,,,,0.002724137855693698,0.0023483200930058956,0.7863659262657166,,
1790036329.878362,RAW_IMU,,,,,,,,,0,0,-1000,0,2,1,,,,,
1790036329.8983204,ATTITUDE,,,,,,,,,,,,,,,0.0027335386257618666,0.002369543304666877,0.7863627076148987,,
1790036329.900117,RAW_IMU,,,,,,,,,0,0,-1000,2,2,1,,,,,
1790036329.9114149,ATTITUDE,,,,,,,,,,,,,,,0.002691997215151787,0.0023866111878305674,0.7863577008247375,,
1790036329.9122696,RAW_IMU,,,,,,,,,0,0,-1000,0,2,1,,,,,
1790036329.931207,GLOBAL_POSITION_INT,-35.361131,149.1678504,582.19,0.473,-0.01,0.0,0.49,45.05,,,,,,,,,,,
1790036329.9319112,GPS_RAW_INT,,,,,,,,,,,,,,,,,,6,10
1790036329.9334235,ATTITUDE,,,,,,,,,,,,,,,0.002707043429836631,0.0024043021257966757,0.7863534092903137,,
1790036329.9341903,RAW_IMU,,,,,,,,,0,0,-1001,2,2,1,,,,,
1790036329.9523063,ATTITUDE,,,,,,,,,,,,,,,0.002722203964367509,0.002422509016469121,0.7863514423370361,,
1790036329.9531045,RAW_IMU,,,,,,,,,0,0,-1001,2,2,1,,,,,
1790036329.9723206,ATTITUDE,,,,,,,,,,,,,,,0.002735540270805359,0.002439225558191538,0.7863452434539795,,
1790036329.972927,RAW_IMU,,,,,,,,,0,0,-1001,2,2,1,,,,,
1790036329.9918733,ATTITUDE,,,,,,,,,,,,,,,0.0027493347879499197,0.0024546696804463863,0.7863397598266602,,
1790036329.9931583,RAW_IMU,,,,,,,,,0,0,-1001,2,2,1,,,,,
1790036330.0121496,ATTITUDE,,,,,,,,,,,,,,,0.0027628804091364145,0.0024705003015697002,0.7863354086875916,,
1790036330.013094,RAW_IMU,,,,,,,,,0,0,-1001,2,2,1,,,,,
1790036330.0318644,GLOBAL_POSITION_INT,-35.361131,149.1678504,582.14,0.423,-0.01,0.0,0.49,45.05,,,,,,,,,,,
1790036330.0330784,GPS_RAW_INT,,,,,,,,,,,,,,,,,,6,10
1790036330.0340507,ATTITUDE,,,,,,,,,,,,,,,0.0027754923794418573,0.002487748861312866,0.7863332629203796,,
1790036330.0349524,RAW_IMU,,,,,,,,,0,0,-1001,2,2,1,,,,,
1790036330.0521133,ATTITUDE,,,,,,,,,,,,,,,0.0027785294223576784,0.0025039357133209705,0.7863321900367737,,
1790036330.0532582,RAW_IMU,,,,,,,,,0,0,-1001,2,2,1,,,,,
1790036330.0721147,ATTITUDE,,,,,,,,,,,,,,,0.0027375442441552877,0.0025211083702743053,0.7863267660140991,,
1790036330.0733263,RAW_IMU,,,,,,,,,0,0,-1001,0,2,1,,,,,
1790036330.0921693,ATTITUDE,,,,,,,,,,,,,,,0.002694416791200638,0.0025356051046401262,0.7863215804100037,,
1790036330.0940127,RAW_IMU,,,,,,,,,0,0,-1001,0,2,1,,,,,
1790036330.1119394,ATTITUDE,,,,,,,,,,,,,,,0.002652774564921856,0.002547541633248329,0.7863170504570007,,
1790036330.1130455,RAW_IMU,,,,,,,,,0,0,-1001,0,2,1,,,,,
1790036330.1445732,GLOBAL_POSITION_INT,-35.361131,149.1678504,582.09,0.373,-0.01,0.0,0.49,45.05,,,,,,,,,,,
1790036330.1454632,GPS_RAW_INT,,,,,,,,,,,,,,,,,,6,10
1790036330.1462002,ATTITUDE,,,,,,,,,,,,,,,0.002613498130813241,0.0025598532520234585,0.7863137125968933,,
1790036330.1470664,RAW_IMU,,,,,,,,,0,0,-1001,0,2,1,,,,,
1790036330.1535196,ATTITUDE,,,,,,,,,,,,,,,0.002575627528131008,0.0025710766203701496,0.7863124012947083,,
1790036330.1546042,RAW_IMU,,,,,,,,,0,0,-1001,0,2,1,,,,,
1790036330.1738648,ATTITUDE,,,,,,,,,,,,,,,0.0025401576422154903,0.0025827870704233646,0.786308228969574,,
1790036330.1749644,RAW_IMU,,,,,,,,,0,0,-1001,0,2,1,,,,,
1790036330.192808,ATTITUDE,,,,,,,,,,,,,,,0.0025055301375687122,0.002571016550064087,0.7863038182258606,,
1790036330.1937041,RAW_IMU,,,,,,,,,0,0,-1001,0,1,1,,,,,
1790036330.2128503,ATTITUDE,,,,,,,,,,,,,,,0.0024734714534133673,0.0025974330492317677,0.786303699016571,,
1790036330.2143662,RAW_IMU,,,,,,,,,0,0,-1000,0,3,1,,,,,
1790036330.2326612,GLOBAL_POSITION_INT,-35.361131,149.1678504,582.04,0.323,-0.02,0.0,0.49,45.05,,,,,,,,,,,
1790036330.233983,GPS_RAW_INT,,,,,,,,,,,,,,,,,,6,10
1790036330.2353823,ATTITUDE,,,,,,,,,,,,,,,0.0024426975287497044,0.00255828769877553,0.7863064408302307,,
1790036330.2363293,RAW_IMU,,,,,,,,,0,0,-1000,0,0,1,,,,,
1790036330.2517333,ATTITUDE,,,,,,,,,,,,,,,0.002414824441075325,0.0025866818614304066,0.7863117456436157,,
1790036330.2528448,RAW_IMU,,,,,,,,,0,0,-1000,0,3,1,,,,,
1790036330.2721121,ATTITUDE,,,,,,,,,,,,,,,0.002387384185567498,0.0025419541634619236,0.7863170504570007,,
1790036330.27309,RAW_IMU,,,,,,,,,0,0,-1000,0,0,2,,,,,
1790036330.292227,ATTITUDE,,,,,,,,,,,,,,,0.0023602135479450226,0.0025648768059909344,0.786324679851532,,
1790036330.2935617,RAW_IMU,,,,,,,,,0,0,-1000,0,2,2,,,,,
1790036330.3128417,ATTITUDE,,,,,,,,,,,,,,,0.0023329039104282856,0.002509791636839509,0.786335289478302,,
1790036330.314256,RAW_IMU,,,,,,,,,0,0,-1001,0,0,2,,,,,
1790036330.3311007,GLOBAL_POSITION_INT,-35.361131,149.1678504,581.99,0.273,-0.02,0.0,0.49,45.05,,,,,,,,,,,
1790036330.3328452,GPS_RAW_INT,,,,,,,,,,,,,,,,,,6,10
1790036330.3372493,ATTITUDE,,,,,,,,,,,,,,,0.0023031532764434814,0.0024943086318671703,0.7863489985466003,,
1790036330.3384016,RAW_IMU,,,,,,,,,0,0,-1001,0,1,2,,,,,
1790036330.3572292,ATTITUDE,,,,,,,,,,,,,,,0.002278408734127879,0.0024900357238948345,0.7863629460334778,,
1790036330.3589356,RAW_IMU,,,,,,,,,0,0,-1001,0,1,2,,,,,
1790036330.3775878,ATTITUDE,,,,,,,,,,,,,,,0.0022541305515915155,0.002487334655597806,0.7863718867301941,,
1790036330.3794715,RAW_IMU,,,,,,,,,0,0,-1001,0,1,2,,,,,
1790036330.3988953,ATTITUDE,,,,,,,,,,,,,,,0.002231815131381154,0.002483974676579237,0.7863811254501343,,
1790036330.400417,RAW_IMU,,,,,,,,,0,0,-1001,0,1,2,,,,,
1790036330.4171705,ATTITUDE,,,,,,,,,,,,,,,0.002202114323154092,0.002481310162693262,0.786390483379364,,
1790036330.418054,RAW_IMU,,,,,,,,,0,0,-1001,0,1,2,,,,,
1790036330.431112,GLOBAL_POSITION_INT,-35.361131,149.1678504,581.94,0.223,-0.02,0.0,0.49,45.05,,,,,,,,,,,
1790036330.432011,GPS_RAW_INT,,,,,,,,,,,,,,,,,,6,10
1790036330.4370713,ATTITUDE,,,,,,,,,,,,,,,0.0022161751985549927,0.0024803108535706997,0.7863977551460266,,
1790036330.4386716,RAW_IMU,,,,,,,,,0,0,-1000,2,1,2,,,,,
1790036330.4577122,ATTITUDE,,,,,,,,,,,,,,,0.0021708125714212656,0.002478712471202016,0.7864028215408325,,
1790036330.4594212,RAW_IMU,,,,,,,,,0,0,-1000,0,1,1,,,,,
1790036330.4787412,ATTITUDE,,,,,,,,,,,,,,,0.002198355970904231,0.002479362301528454,0.7864006757736206,,
1790036330.4807937,RAW_IMU,,,,,,,,,0,0,-1000,2,1,1,,,,,
1790036330.494338,ATTITUDE,,,,,,,,,,,,,,,0.0021527819335460663,0.0024778777733445168,0.7863959670066833,,
1790036330.4958327,RAW_IMU,,,,,,,,,0,0,-1001,0,1,1,,,,,
1790036330.5154257,ATTITUDE,,,,,,,,,,,,,,,0.0021695722825825214,0.00247170589864254,0.7863925099372864,,
1790036330.5166764,RAW_IMU,,,,,,,,,0,0,-1001,2,1,1,,,,,
1790036330.528938,GLOBAL_POSITION_INT,-35.361131,149.1678504,581.89,0.173,-0.02,0.0,0.49,45.05,,,,,,,,,,,
1790036330.5300837,GPS_RAW_INT,,,,,,,,,,,,,,,,,,6,10
1790036330.535508,ATTITUDE,,,,,,,,,,,,,,,0.0021407343447208405,0.0024672849103808403,0.7863867282867432,,
1790036330.5365176,RAW_IMU,,,,,,,,,0,0,-1000,1,1,1,,,,,
1790036330.5559309,ATTITUDE,,,,,,,,,,,,,,,0.002132223453372717,0.0024641493801027536,0.7863810658454895,,
1790036330.5565615,RAW_IMU,,,,,,,,,0,0,-1001,0,1,1,,,,,
1790036330.576165,ATTITUDE,,,,,,,,,,,,,,,0.002134081209078431,0.0024613707792013884,0.7863703370094299,,
1790036330.5775595,RAW_IMU,,,,,,,,,0,0,-1001,2,1,1,,,,,
1790036330.5961146,ATTITUDE,,,,,,,,,,,,,,,0.0021020262502133846,0.002459159819409251,0.7863611578941345,,
1790036330.5972393,RAW_IMU,,,,,,,,,0,0,-1001,0,1,1,,,,,
1790036330.6160817,ATTITUDE,,,,,,,,,,,,,,,0.0021216836757957935,0.002456729067489505,0.786351203918457,,
1790036330.617509,RAW_IMU,,,,,,,,,0,0,-1001,2,1,1,,,,,
1790036330.6463685,GLOBAL_POSITION_INT,-35.361131,149.1678504,581.84,0.123,-0.02,0.0,0.49,45.05,,,,,,,,,,,
1790036330.6478634,GPS_RAW_INT,,,,,,,,,,,,,,,,,,6,10
1790036330.6487582,ATTITUDE,,,,,,,,,,,,,,,0.0020881001837551594,0.002455400535836816,0.7863413691520691,,
1790036330.6503294,RAW_IMU,,,,,,,,,0,0,-1001,0,1,1,,,,,
1790036330.6564448,ATTITUDE,,,,,,,,,,,,,,,0.0020846566185355186,0.002456222428008914,0.7863311171531677,,
1790036330.6577451,RAW_IMU,,,,,,,,,0,0,-1001,1,1,1,,,,,
1790036330.6768172,ATTITUDE,,,,,,,,,,,,,,,0.0020885313861072063,0.0024563497863709927,0.7863178849220276,,
1790036330.6789627,RAW_IMU,,,,,,,,,0,0,-1001,2,1,1,,,,,
1790036330.6965861,ATTITUDE,,,,,,,,,,,,,,,0.00209132581949234,0.0024167245719581842,0.7863056063652039,,
1790036330.6975105,RAW_IMU,,,,,,,,,0,0,-1001,1,0,1,,,,,
1790036330.716494,ATTITUDE,,,,,,,,,,,,,,,0.00209219241514802,0.0023595946840941906,0.7862969636917114,,
1790036330.717522,RAW_IMU,,,,,,,,,0,0,-1001,1,-1,1,,,,,
1790036330.7302518,GLOBAL_POSITION_INT,-35.361131,149.1678504,581.79,0.073,-0.02,0.0,0.49,45.05,,,,,,,,,,,
1790036330.730773,GPS_RAW_INT,,,,,,,,,,,,,,,,,,6,10
1790036330.7362816,ATTITUDE,,,,,,,,,,,,,,,0.002093892777338624,0.0023047698196023703,0.7862894535064697,,
1790036330.7372642,RAW_IMU,,,,,,,,,0,0,-1001,1,0,1,,,,,
1790036330.7563963,ATTITUDE,,,,,,,,,,,,,,,0.0020968951284885406,0.002252105623483658,0.7862833738327026,,
1790036330.7578745,RAW_IMU,,,,,,,,,0,0,-1001,2,0,1,,,,,
1790036330.7767084,ATTITUDE,,,,,,,,,,,,,,,0.002098254393786192,0.0022016491275280714,0.7862733006477356,,
1790036330.778759,RAW_IMU,,,,,,,,,0,0,-1001,1,0,1,,,,,
1790036330.7973738,ATTITUDE,,,,,,,,,,,,,,,0.0021002856083214283,0.00215353025123477,0.7862637042999268,,
1790036330.7983532,RAW_IMU,,,,,,,,,0,0,-1001,1,0,1,,,,,
1790036330.8174431,ATTITUDE,,,,,,,,,,,,,,,0.002102640923112631,0.002134166657924652,0.786258339881897,,
1790036330.8191938,RAW_IMU,,,,,,,,,0,0,-1000,1,0,1,,,,,
1790036330.8309588,GLOBAL_POSITION_INT,-35.361131,149.1678504,581.74,0.023,-0.02,0.0,0.49,45.04,,,,,,,,,,,
1790036330.8318126,GPS_RAW_INT,,,,,,,,,,,,,,,,,,6,10
1790036330.8372245,ATTITUDE,,,,,,,,,,,,,,,0.002106126630678773,0.0020679107401520014,0.7862574458122253,,
1790036330.8385856,RAW_IMU,,,,,,,,,0,0,-1000,1,-1,1,,,,,
1790036330.8572118,ATTITUDE,,,,,,,,,,,,,,,0.002109544351696968,0.002077316865324974,0.7862594723701477,,
1790036330.8580766,RAW_IMU,,,,,,,,,0,0,-1000,1,2,1,,,,,
1790036330.8778021,ATTITUDE,,,,,,,,,,,,,,,0.002113399328663945,0.002003525383770466,0.7862619161605835,,
1790036330.8788748,RAW_IMU,,,,,,,,,0,0,-1000,1,-1,1,,,,,
1790036330.9021199,ATTITUDE,,,,,,,,,,,,,,,0.0021153034176677465,0.0020039957016706467,0.7862675189971924,,
1790036330.9032676,RAW_IMU,,,,,,,,,0,0,-1000,1,1,2,,,,,
1790036330.9184573,ATTITUDE,,,,,,,,,,,,,,,0.002116429153829813,0.001936505432240665,0.7862750887870789,,
1790036330.919779,RAW_IMU,,,,,,,,,0,0,-1001,1,0,2,,,,,
1790036330.9326618,GLOBAL_POSITION_INT,-35.361131,149.1678504,581.69,-0.026,-0.02,0.0,0.49,45.05,,,,,,,,,,,
1790036330.934174,GPS_RAW_INT,,,,,,,,,,,,,,,,,,6,10
1790036330.9359941,ATTITUDE,,,,,,,,,,,,,,,0.0021163243800401688,0.0019167870050296187,0.7862840294837952,,
1790036330.937158,RAW_IMU,,,,,,,,,0,0,-1001,1,0,2,,,,,
1790036330.954142,ATTITUDE,,,,,,,,,,,,,,,0.0021166610531508923,0.001884610392153263,0.7862952351570129,,
1790036330.9553487,RAW_IMU,,,,,,,,,0,0,-1001,1,0,2,,,,,
1790036330.9746878,ATTITUDE,,,,,,,,,,,,,,,0.002117791213095188,0.0018431005300953984,0.7863038182258606,,
1790036330.9760318,RAW_IMU,,,,,,,,,0,0,-1001,1,0,2,,,,,
1790036330.995408,ATTITUDE,,,,,,,,,,,,,,,0.002117697149515152,0.0018269624561071396,0.7863125205039978,,
1790036330.9971206,RAW_IMU,,,,,,,,,0,0,-1001,1,1,2,,,,,
1790036331.0160909,ATTITUDE,,,,,,,,,,,,,,,0.0021191423293203115,0.0018118731677532196,0.7863223552703857,,
1790036331.0178072,RAW_IMU,,,,,,,,,0,0,-1001,1,1,2,,,,,
1790036331.0289726,GLOBAL_POSITION_INT,-35.361131,149.1678504,581.64,-0.076,-0.02,0.0,0.49,45.05,,,,,,,,,,,
1790036331.0297942,GPS_RAW_INT,,,,,,,,,,,,,,,,,,6,10
1790036331.0340064,ATTITUDE,,,,,,,,,,,,,,,0.002121467376127839,0.0017992969369515777,0.7863322496414185,,
1790036331.0345638,RAW_IMU,,,,,,,,,0,0,-1001,1,1,2,,,,,
1790036331.0571625,ATTITUDE,,,,,,,,,,,,,,,0.0021230389829725027,0.0017869692528620362,0.7863435745239258,,
1790036331.0576699,RAW_IMU,,,,,,,,,0,0,-1001,1,1,2,,,,,
1790036331.0761046,ATTITUDE,,,,,,,,,,,,,,,0.0021244394592940807,0.0017776056192815304,0.78635174036026,,
1790036331.07664,RAW_IMU,,,,,,,,,0,0,-1001,1,1,2,,,,,
1790036331.0931559,ATTITUDE,,,,,,,,,,,,,,,0.002093324903398752,0.0017655901610851288,0.7863566875457764,,
1790036331.0938563,RAW_IMU,,,,,,,,,0,0,-1000,0,1,2,,,,,
1790036331.11634,ATTITUDE,,,,,,,,,,,,,,,0.002088165143504739,0.001752358628436923,0.7863603234291077,,
1790036331.1167479,RAW_IMU,,,,,,,,,0,0,-1000,1,1,1,,,,,
1790036331.1376593,GLOBAL_POSITION_INT,-35.361131,149.1678504,581.59,-0.126,-0.02,0.0,0.49,45.05,,,,,,,,,,,
1790036331.1381416,GPS_RAW_INT,,,,,,,,,,,,,,,,,,6,10
1790036331.1385577,ATTITUDE,,,,,,,,,,,,,,,0.00205805292353034,0.0017381112556904554,0.7863618731498718,,
1790036331.1391757,RAW_IMU,,,,,,,,,0,0,-1000,0,1,1,,,,,
1790036331.15502,ATTITUDE,,,,,,,,,,,,,,,0.0020701384637504816,0.0017267856746912003,0.7863629460334778,,
1790036331.1563454,RAW_IMU,,,,,,,,,0,0,-1000,2,1,1,,,,,
1790036331.1753864,ATTITUDE,,,,,,,,,,,,,,,0.002028340008109808,0.0017156170215457678,0.7863580584526062,,
1790036331.1764395,RAW_IMU,,,,,,,,,0,0,-1001,0,1,1,,,,,
1790036331.195828,ATTITUDE,,,,,,,,,,,,,,,0.0020329151302576065,0.0017053175251930952,0.7863532900810242,,
1790036331.1968455,RAW_IMU,,,,,,,,,0,0,-1001,1,1,1,,,,,
1790036331.2159302,ATTITUDE,,,,,,,,,,,,,,,0.002038318198174238,0.0016967434203252196,0.7863499522209167,,
1790036331.2176292,RAW_IMU,,,,,,,,,0,0,-1001,2,1,1,,,,,
1790036331.2298644,GLOBAL_POSITION_INT,-35.361131,149.1678504,581.54,-0.176,-0.02,0.0,0.49,45.05,,,,,,,,,,,
1790036331.2306638,GPS_RAW_INT,,,,,,,,,,,,,,,,,,6,10
1790036331.2358174,ATTITUDE,,,,,,,,,,,,,,,0.0020434227772057056,0.0016881410265341401,0.7863479256629944,,
1790036331.2363825,RAW_IMU,,,,,,,,,0,0,-1001,2,1,1,,,,,
1790036331.2559652,ATTITUDE,,,,,,,,,,,,,,,0.002050132257863879,0.0016821487806737423,0.7863479256629944,,
1790036331.2571461,RAW_IMU,,,,,,,,,0,0,-1001,2,1,1,,,,,
1790036331.2775376,ATTITUDE,,,,,,,,,,,,,,,0.0020542945712804794,0.0016767617780715227,0.7863423228263855,,
1790036331.2795868,RAW_IMU,,,,,,,,,0,0,-1001,2,1,1,,,,,
1790036331.297147,ATTITUDE,,,,,,,,,,,,,,,0.002057482721284032,0.0016674018697813153,0.7863379120826721,,
1790036331.2981622,RAW_IMU,,,,,,,,,0,0,-1001,2,1,1,,,,,
1790036331.3163593,ATTITUDE,,,,,,,,,,,,,,,0.0020603302400559187,0.0016564520774409175,0.7863361239433289,,
1790036331.3176153,RAW_IMU,,,,,,,,,0,0,-1001,2,1,1,,,,,
1790036331.3301084,GLOBAL_POSITION_INT,-35.361131,149.1678504,581.49,-0.226,-0.02,0.0,0.49,45.05,,,,,,,,,,,
1790036331.3315732,GPS_RAW_INT,,,,,,,,,,,,,,,,,,6,10
1790036331.3362386,ATTITUDE,,,,,,,,,,,,,,,0.0020617761183530092,0.0016582030802965164,0.7863352298736572,,
1790036331.3372347,RAW_IMU,,,,,,,,,0,0,-1001,1,1,1,,,,,
1790036331.3555884,ATTITUDE,,,,,,,,,,,,,,,0.0020651258528232574,0.0016639684326946735,0.7863374948501587,,
1790036331.3571775,RAW_IMU,,,,,,,,,0,0,-1000,2,2,1,,,,,
1790036331.3764012,ATTITUDE,,,,,,,,,,,,,,,0.0020675077103078365,0.0016744801541790366,0.7863388657569885,,
1790036331.3776107,RAW_IMU,,,,,,,,,0,0,-1000,2,1,1,,,,,
1790036331.3993618,ATTITUDE,,,,,,,,,,,,,,,0.002070381073281169,0.0017004841938614845,0.7863441705703735,,
1790036331.4010973,RAW_IMU,,,,,,,,,0,0,-1000,2,3,2,,,,,
1790036331.4170094,ATTITUDE,,,,,,,,,,,,,,,0.002073266776278615,0.0016831740504130721,0.7863515615463257,,
1790036331.4179225,RAW_IMU,,,,,,,,,0,0,-1000,1,0,2,,,,,
1790036331.4312868,GLOBAL_POSITION_INT,-35.361131,149.1678504,581.44,-0.276,-0.02,0.0,0.49,45.05,,,,,,,,,,,
1790036331.4324682,GPS_RAW_INT,,,,,,,,,,,,,,,,,,6,10
1790036331.4377098,ATTITUDE,,,,,,,,,,,,,,,0.002077186480164528,0.0017526757437735796,0.7863624691963196,,
1790036331.4388855,RAW_IMU,,,,,,,,,0,0,-1000,2,5,2,,,,,
1790036331.458449,ATTITUDE,,,,,,,,,,,,,,,0.0020816572941839695,0.001735907164402306,0.7863782048225403,,
1790036331.4597094,RAW_IMU,,,,,,,,,0,0,-1001,2,1,2,,,,,
1790036331.4783838,ATTITUDE,,,,,,,,,,,,,,,0.0020857735071331263,0.0017719955649226904,0.7863906025886536,,
1790036331.4795604,RAW_IMU,,,,,,,,,0,0,-1000,1,3,2,,,,,
1790036331.4935231,ATTITUDE,,,,,,,,,,,,,,,0.0020845269318670034,0.0018222036305814981,0.786403238773346,,
1790036331.4946468,RAW_IMU,,,,,,,,,0,0,-1001,1,4,2,,,,,
1790036331.5136375,ATTITUDE,,,,,,,,,,,,,,,0.002041473751887679,0.0018078152788802981,0.7864149212837219,,
1790036331.5144606,RAW_IMU,,,,,,,,,0,0,-1000,0,1,2,,,,,
1790036331.5328639,GLOBAL_POSITION_INT,-35.361131,149.1678504,581.39,-0.326,-0.02,0.0,0.49,45.05,,,,,,,,,,,
1790036331.5345082,GPS_RAW_INT,,,,,,,,,,,,,,,,,,6,10
1790036331.535973,ATTITUDE,,,,,,,,,,,,,,,0.002048033056780696,0.0017925117863342166,0.7864255309104919,,
1790036331.5371213,RAW_IMU,,,,,,,,,0,0,-1000,2,1,2,,,,,
1790036331.5530581,ATTITUDE,,,,,,,,,,,,,,,0.0020012848544865847,0.0017784080700948834,0.7864353656768799,,
1790036331.5543551,RAW_IMU,,,,,,,,,0,0,-1000,0,1,2,,,,,
1790036331.5735621,ATTITUDE,,,,,,,,,,,,,,,0.0020195511169731617,0.0017637654673308134,0.7864400744438171,,
1790036331.5752218,RAW_IMU,,,,,,,,,0,0,-1000,2,1,2,,,,,
1790036331.5932019,ATTITUDE,,,,,,,,,,,,,,,0.0019658657256513834,0.0017515103099867702,0.7864418029785156,,
1790036331.5943358,RAW_IMU,,,,,,,,,0,0,-1000,0,1,1,,,,,
1790036331.6133857,ATTITUDE,,,,,,,,,,,,,,,0.0019955674652010202,0.0017404586542397738,0.78644198179245,,
1790036331.6143045,RAW_IMU,,,,,,,,,0,0,-1000,2,1,1,,,,,
1790036331.6456563,GLOBAL_POSITION_INT,-35.361131,149.1678504,581.34,-0.376,-0.02,0.0,0.49,45.05,,,,,,,,,,,
1790036331.646632,GPS_RAW_INT,,,,,,,,,,,,,,,,,,6,10
1790036331.6473737,ATTITUDE,,,,,,,,,,,,,,,0.0019489484839141369,0.0017297429731115699,0.7864410281181335,,
1790036331.6486883,RAW_IMU,,,,,,,,,0,0,-1001,0,1,1,,,,,
1790036331.653073,ATTITUDE,,,,,,,,,,,,,,,0.001958858221769333,0.0017210165970027447,0.7864388227462769,,
1790036331.654705,RAW_IMU,,,,,,,,,0,0,-1001,1,1,1,,,,,
1790036331.6735528,ATTITUDE,,,,,,,,,,,,,,,0.001930661965161562,0.0017135386588051915,0.7864312529563904,,
1790036331.6742382,RAW_IMU,,,,,,,,,0,0,-1001,0,1,1,,,,,
1790036331.6950595,ATTITUDE,,,,,,,,,,,,,,,0.001929921330884099,0.0017034414922818542,0.7864227890968323,,
1790036331.6962368,RAW_IMU,,,,,,,,,0,0,-1001,1,1,1,,,,,
1790036331.7157269,ATTITUDE,,,,,,,,,,,,,,,0.001918817637488246,0.0016926737735047936,0.786413848400116,,
1790036331.7175584,RAW_IMU,,,,,,,,,0,0,-1000,1,1,1,,,,,
1790036331.7306035,GLOBAL_POSITION_INT,-35.361131,149.1678504,581.29,-0.426,-0.02,0.0,0.49,45.05,,,,,,,,,,,
1790036331.7321374,GPS_RAW_INT,,,,,,,,,,,,,,,,,,6,10
1790036331.7355974,ATTITUDE,,,,,,,,,,,,,,,0.0018894480308517814,0.0016813803231343627,0.7864056825637817,,
1790036331.7369514,RAW_IMU,,,,,,,,,0,0,-1001,0,1,1,,,,,
1790036331.7557755,ATTITUDE,,,,,,,,,,,,,,,0.001900235889479518,0.0016713152872398496,0.7863979339599609,,
1790036331.757235,RAW_IMU,,,,,,,,,0,0,-1001,2,1,1,,,,,
1790036331.7765377,ATTITUDE,,,,,,,,,,,,,,,0.0019094443414360285,0.0016631220933049917,0.7863881587982178,,
1790036331.7780652,RAW_IMU,,,,,,,,,0,0,-1001,2,1,1,,,,,
1790036331.7968729,ATTITUDE,,,,,,,,,,,,,,,0.0019189800368621945,0.0016553556779399514,0.7863790988922119,,
1790036331.798476,RAW_IMU,,,,,,,,,0,0,-1001,2,1,1,,,,,
1790036331.816694,ATTITUDE,,,,,,,,,,,,,,,0.0019283551955595613,0.0016476957825943828,0.7863720059394836,,
1790036331.818,RAW_IMU,,,,,,,,,0,0,-1001,2,1,1,,,,,
1790036331.830983,GLOBAL_POSITION_INT,-35.361131,149.1678504,581.24,-0.477,-0.02,0.0,0.49,45.05,,,,,,,,,,,
1790036331.8317387,GPS_RAW_INT,,,,,,,,,,,,,,,,,,6,10
1790036331.8366756,ATTITUDE,,,,,,,,,,,,,,,0.0019375726114958525,0.0016414112178608775,0.7863649725914001,,
1790036331.8381553,RAW_IMU,,,,,,,,,0,0,-1001,2,1,1,,,,,
1790036331.856759,ATTITUDE,,,,,,,,,,,,,,,0.001949051977135241,0.001663556438870728,0.7863613963127136,,
1790036331.857781,RAW_IMU,,,,,,,,,0,0,-1001,2,2,1,,,,,
1790036331.8719711,ATTITUDE,,,,,,,,,,,,,,,0.0019583196844905615,0.0016955927712842822,0.7863535284996033,,
1790036331.8737931,RAW_IMU,,,,,,,,,0,0,-1001,2,3,1,,,,,
1790036331.9067976,ATTITUDE,,,,,,,,,,,,,,,0.0019661036785691977,0.0017228967044502497,0.7863475680351257,,
1790036331.9086382,RAW_IMU,,,,,,,,,0,0,-1001,2,3,1,,,,,
1790036331.9146144,ATTITUDE,,,,,,,,,,,,,,,0.001972480211406946,0.0017475145868957043,0.7863408327102661,,
1790036331.9159906,RAW_IMU,,,,,,,,,0,0,-1001,2,3,1,,,,,
1790036331.9344146,GLOBAL_POSITION_INT,-35.361131,149.1678504,581.19,-0.526,-0.02,0.0,0.45,45.05,,,,,,,,,,,
1790036331.935266,GPS_RAW_INT,,,,,,,,,,,,,,,,,,6,10
1790036331.9367588,ATTITUDE,,,,,,,,,,,,,,,0.0019831261597573757,0.0017730847466737032,0.786339521408081,,
1790036331.9377975,RAW_IMU,,,,,,,,,0,0,-1225,2,3,1,,,,,
1790036331.954646,ATTITUDE,,,,,,,,,,,,,,,0.001994964201003313,0.0017948101740330458,0.7863423824310303,,
1790036331.9561727,RAW_IMU,,,,,,,,,0,0,-1509,2,3,1,,,,,
1790036331.9753864,ATTITUDE,,,,,,,,,,,,,,,0.0020049952436238527,0.0018136025173589587,0.7863425016403198,,
1790036331.9767272,RAW_IMU,,,,,,,,,0,0,-1476,2,2,1,,,,,
1790036331.9958773,ATTITUDE,,,,,,,,,,,,,,,0.0020129429176449776,0.001829724875278771,0.7863423228263855,,
1790036331.9973526,RAW_IMU,,,,,,,,,0,0,-1432,2,2,1,,,,,
1790036332.0160358,ATTITUDE,,,,,,,,,,,,,,,0.002019970677793026,0.0018420522101223469,0.7863443493843079,,
1790036332.0167959,RAW_IMU,,,,,,,,,0,0,-1388,2,2,1,,,,,
1790036332.0300765,GLOBAL_POSITION_INT,-35.361131,149.1678504,581.16,-0.55,-0.02,0.0,0.04,45.05,,,,,,,,,,,
1790036332.0307603,GPS_RAW_INT,,,,,,,,,,,,,,,,,,6,10
1790036332.0360625,ATTITUDE,,,,,,,,,,,,,,,0.0020277202129364014,0.0018546972423791885,0.7863466739654541,,
1790036332.0376318,RAW_IMU,,,,,,,,,0,0,-1337,2,2,1,,,,,
1790036332.0562928,ATTITUDE,,,,,,,,,,,,,,,0.0020342266652733088,0.0018654161831364036,0.7863495945930481,,
1790036332.057673,RAW_IMU,,,,,,,,,0,0,-1283,2,2,1,,,,,
1790036332.0715985,ATTITUDE,,,,,,,,,,,,,,,0.002039722166955471,0.0018761251121759415,0.7863497138023376,,
1790036332.0732543,RAW_IMU,,,,,,,,,0,0,-1228,2,2,1,,,,,
1790036332.0922146,ATTITUDE,,,,,,,,,,,,,,,0.002043152693659067,0.0018812158377841115,0.7863503098487854,,
1790036332.093116,RAW_IMU,,,,,,,,,0,0,-1176,2,2,1,,,,,
1790036332.112815,ATTITUDE,,,,,,,,,,,,,,,0.0020438171923160553,0.001883105025626719,0.7863501906394958,,
1790036332.1139066,RAW_IMU,,,,,,,,,0,0,-1126,2,2,1,,,,,
1790036332.1472614,GLOBAL_POSITION_INT,-35.361131,149.1678504,581.17,-0.544,-0.02,0.0,-0.13,45.05,,,,,,,,,,,
1790036332.1486037,GPS_RAW_INT,,,,,,,,,,,,,,,,,,6,10
1790036332.1497855,ATTITUDE,,,,,,,,,,,,,,,0.002044590190052986,0.0018853323999792337,0.7863525748252869,,
1790036332.1505382,RAW_IMU,,,,,,,,,0,0,-1081,1,2,1,,,,,
1790036332.153097,ATTITUDE,,,,,,,,,,,,,,,0.0020466679707169533,0.0018877893453463912,0.7863555550575256,,
1790036332.1547465,RAW_IMU,,,,,,,,,0,0,-1041,1,2,1,,,,,
1790036332.1733577,ATTITUDE,,,,,,,,,,,,,,,0.002046122681349516,0.0018897904083132744,0.7863553166389465,,
1790036332.1741729,RAW_IMU,,,,,,,,,0,0,-1007,1,2,1,,,,,
1790036332.1936362,ATTITUDE,,,,,,,,,,,,,,,0.002046643290668726,0.0018923580646514893,0.7863553762435913,,
1790036332.1945605,RAW_IMU,,,,,,,,,0,0,-979,1,2,1,,,,,
1790036332.2143154,ATTITUDE,,,,,,,,,,,,,,,0.002047344809398055,0.0018935278058052063,0.7863571643829346,,
1790036332.2156436,RAW_IMU,,,,,,,,,0,0,-957,1,1,1,,,,,
1790036332.2344906,GLOBAL_POSITION_INT,-35.361131,149.1678504,581.18,-0.531,-0.02,0.0,-0.12,45.05,,,,,,,,,,,
1790036332.2353306,GPS_RAW_INT,,,,,,,,,,,,,,,,,,6,10
1790036332.2370565,ATTITUDE,,,,,,,,,,,,,,,0.002049437491223216,0.0018969187512993813,0.786359429359436,,
1790036332.238956,RAW_IMU,,,,,,,,,0,0,-940,1,1,1,,,,,
1790036332.25463,ATTITUDE,,,,,,,,,,,,,,,0.002051600022241473,0.0019007427617907524,0.7863627672195435,,
1790036332.2552795,RAW_IMU,,,,,,,,,0,0,-929,1,1,1,,,,,
1790036332.2750444,ATTITUDE,,,,,,,,,,,,,,,0.0020528805907815695,0.001904629054479301,0.7863611578941345,,
1790036332.2766416,RAW_IMU,,,,,,,,,0,0,-922,1,1,1,,,,,
1790036332.2959945,ATTITUDE,,,,,,,,,,,,,,,0.002052535070106387,0.0019058535108342767,0.7863612174987793,,
1790036332.29803,RAW_IMU,,,,,,,,,0,0,-920,1,1,1,,,,,
1790036332.3162143,ATTITUDE,,,,,,,,,,,,,,,0.0020503178238868713,0.0019034339347854257,0.7863629460334778,,
1790036332.3179972,RAW_IMU,,,,,,,,,0,0,-920,1,1,1,,,,,
1790036332.3303306,GLOBAL_POSITION_INT,-35.361131,149.1678504,581.19,-0.524,-0.02,0.0,-0.04,45.05,,,,,,,,,,,
1790036332.332221,GPS_RAW_INT,,,,,,,,,,,,,,,,,,6,10
1790036332.3363173,ATTITUDE,,,,,,,,,,,,,,,0.0020496684592217207,0.0019013675628229976,0.786365270614624,,
1790036332.338236,RAW_IMU,,,,,,,,,0,0,-924,1,1,1,,,,,
1790036332.3516314,ATTITUDE,,,,,,,,,,,,,,,0.0020495315548032522,0.0018999989842996001,0.7863690257072449,,
1790036332.3537288,RAW_IMU,,,,,,,,,0,0,-930,1,1,1,,,,,
1790036332.3725786,ATTITUDE,,,,,,,,,,,,,,,0.0020483657717704773,0.0018988443771377206,0.7863693833351135,,
1790036332.3747396,RAW_IMU,,,,,,,,,0,0,-937,1,1,1,,,,,
1790036332.39655,ATTITUDE,,,,,,,,,,,,,,,0.0020490633323788643,0.0018987267976626754,0.7863696813583374,,
1790036332.3979156,RAW_IMU,,,,,,,,,0,0,-945,1,1,1,,,,,
1790036332.418525,ATTITUDE,,,,,,,,,,,,,,,0.0020497951190918684,0.0018985195783898234,0.7863721251487732,,
1790036332.4192777,RAW_IMU,,,,,,,,,0,0,-955,1,1,1,,,,,
1790036332.4330566,GLOBAL_POSITION_INT,-35.361131,149.1678504,581.19,-0.526,-0.02,0.0,0.01,45.05,,,,,,,,,,,
1790036332.4339213,GPS_RAW_INT,,,,,,,,,,,,,,,,,,6,10
1790036332.4390898,ATTITUDE,,,,,,,,,,,,,,,0.002049666363745928,0.0019000614993274212,0.7863744497299194,,
1790036332.4401176,RAW_IMU,,,,,,,,,0,0,-964,1,1,1,,,,,
1790036332.4594233,ATTITUDE,,,,,,,,,,,,,,,0.002051366027444601,0.0019018911989405751,0.7863785624504089,,
1790036332.460685,RAW_IMU,,,,,,,,,0,0,-972,1,1,1,,,,,
1790036332.4763622,ATTITUDE,,,,,,,,,,,,,,,0.0020520095713436604,0.0019044032087549567,0.7863773107528687,,
1790036332.478609,RAW_IMU,,,,,,,,,0,0,-980,1,1,1,,,,,
1790036332.496882,ATTITUDE,,,,,,,,,,,,,,,0.002051059389486909,0.0019033252028748393,0.7863766551017761,,
1790036332.4980257,RAW_IMU,,,,,,,,,0,0,-987,1,1,1,,,,,
1790036332.5163102,ATTITUDE,,,,,,,,,,,,,,,0.002048454713076353,0.0018999919993802905,0.7863783836364746,,
1790036332.5177853,RAW_IMU,,,,,,,,,0,0,-994,1,1,1,,,,,
1790036332.5297654,GLOBAL_POSITION_INT,-35.361131,149.1678504,581.19,-0.529,-0.02,0.0,0.02,45.05,,,,,,,,,,,
1790036332.5315003,GPS_RAW_INT,,,,,,,,,,,,,,,,,,6,10
1790036332.5354993,ATTITUDE,,,,,,,,,,,,,,,0.0020460807718336582,0.0018979180604219437,0.7863800525665283,,
1790036332.5371044,RAW_IMU,,,,,,,,,0,0,-999,1,1,1,,,,,
1790036332.5556104,ATTITUDE,,,,,,,,,,,,,,,0.0020442644599825144,0.001895491499453783,0.7863832116127014,,
1790036332.557144,RAW_IMU,,,,,,,,,0,0,-1004,1,1,1,,,,,
1790036332.575666,ATTITUDE,,,,,,,,,,,,,,,0.002042824402451515,0.0018946158234030008,0.7863829135894775,,
1790036332.577055,RAW_IMU,,,,,,,,,0,0,-1008,1,1,1,,,,,
1790036332.5962012,ATTITUDE,,,,,,,,,,,,,,,0.0020412530284374952,0.0018941559828817844,0.7863831520080566,,
1790036332.597286,RAW_IMU,,,,,,,,,0,0,-1010,1,1,1,,,,,
1790036332.616192,ATTITUDE,,,,,,,,,,,,,,,0.002042633481323719,0.0018948012730106711,0.7863844633102417,,
1790036332.617126,RAW_IMU,,,,,,,,,0,0,-1012,1,1,1,,,,,
1790036332.650236,GLOBAL_POSITION_INT,-35.361131,149.1678504,581.18,-0.532,-0.02,0.0,0.01,45.05,,,,,,,,,,,
1790036332.6512585,GPS_RAW_INT,,,,,,,,,,,,,,,,,,6,10
1790036332.6523006,ATTITUDE,,,,,,,,,,,,,,,0.002043052576482296,0.0018951562233269215,0.7863869667053223,,
1790036332.653798,RAW_IMU,,,,,,,,,0,0,-1013,1,1,1,,,,,
1790036332.6564336,ATTITUDE,,,,,,,,,,,,,,,0.002043716376647353,0.0018975932616740465,0.786390483379364,,
1790036332.657502,RAW_IMU,,,,,,,,,0,0,-1014,1,1,1,,,,,
1790036332.6764276,ATTITUDE,,,,,,,,,,,,,,,0.002045584609732032,0.0018996618455275893,0.7863895297050476,,
1790036332.6775575,RAW_IMU,,,,,,,,,0,0,-1014,1,1,1,,,,,
1790036332.6968195,ATTITUDE,,,,,,,,,,,,,,,0.0020451003219932318,0.0018997022416442633,0.7863882184028625,,
1790036332.6985624,RAW_IMU,,,,,,,,,0,0,-1013,1,1,1,,,,,
1790036332.7179136,ATTITUDE,,,,,,,,,,,,,,,0.0020426593255251646,0.0018976341234520078,0.7863885164260864,,
1790036332.7188702,RAW_IMU,,,,,,,,,0,0,-1012,1,1,1,,,,,
1790036332.7315774,GLOBAL_POSITION_INT,-35.361131,149.1678504,581.18,-0.532,-0.02,0.0,0.0,45.05,,,,,,,,,,,
1790036332.7324386,GPS_RAW_INT,,,,,,,,,,,,,,,,,,6,10
1790036332.7376664,ATTITUDE,,,,,,,,,,,,,,,0.0020416472107172012,0.001896474277600646,0.7863908410072327,,
1790036332.738633,RAW_IMU,,,,,,,,,0,0,-1011,1,1,1,,,,,
1790036332.7577257,ATTITUDE,,,,,,,,,,,,,,,0.002041142201051116,0.0018957089632749557,0.7863937020301819,,
1790036332.7585964,RAW_IMU,,,,,,,,,0,0,-1010,1,1,1,,,,,
1790036332.7778468,ATTITUDE,,,,,,,,,,,,,,,0.002040417166426778,0.0018951816018670797,0.7863935828208923,,
1790036332.7791216,RAW_IMU,,,,,,,,,0,0,-1008,1,1,1,,,,,
1790036332.7977414,ATTITUDE,,,,,,,,,,,,,,,0.0020395831670612097,0.0018941514426842332,0.7863934636116028,,
1790036332.7986827,RAW_IMU,,,,,,,,,0,0,-1007,1,1,1,,,,,
1790036332.8178132,ATTITUDE,,,,,,,,,,,,,,,0.002040293300524354,0.0018947551725432277,0.7863953113555908,,
1790036332.819156,RAW_IMU,,,,,,,,,0,0,-1005,1,1,1,,,,,
1790036332.8316243,GLOBAL_POSITION_INT,-35.361131,149.1678504,581.18,-0.532,-0.02,0.0,0.0,45.05,,,,,,,,,,,
1790036332.8328493,GPS_RAW_INT,,,,,,,,,,,,,,,,,,6,10
1790036332.8375933,ATTITUDE,,,,,,,,,,,,,,,0.0020415959879755974,0.0018955279374495149,0.7863978743553162,,
1790036332.8386798,RAW_IMU,,,,,,,,,0,0,-1004,1,1,1,,,,,
1790036332.8576782,ATTITUDE,,,,,,,,,,,,,,,0.002042843261733651,0.0018965696217492223,0.7864009141921997,,
1790036332.8590539,RAW_IMU,,,,,,,,,0,0,-1003,1,1,1,,,,,
1790036332.8781998,ATTITUDE,,,,,,,,,,,,,,,0.0020441266242414713,0.0018982836045324802,0.786401093006134,,
1790036332.8800848,RAW_IMU,,,,,,,,,0,0,-1002,1,1,1,,,,,
1790036332.9022696,ATTITUDE,,,,,,,,,,,,,,,0.0020436092745512724,0.001897417358122766,0.7864003777503967,,
1790036332.9041352,RAW_IMU,,,,,,,,,0,0,-1001,1,1,1,,,,,
1790036332.9185996,ATTITUDE,,,,,,,,,,,,,,,0.0020404374226927757,0.001894247136078775,0.7864019274711609,,
1790036332.9194696,RAW_IMU,,,,,,,,,0,0,-1000,1,1,1,,,,,
1790036332.932099,GLOBAL_POSITION_INT,-35.361131,149.1678504,581.18,-0.531,-0.02,0.0,0.0,45.05,,,,,,,,,,,
1790036332.9334226,GPS_RAW_INT,,,,,,,,,,,,,,,,,,6,10
1790036332.9384582,ATTITUDE,,,,,,,,,,,,,,,0.002039100043475628,0.0018929600482806563,0.786404013633728,,
1790036332.9404228,RAW_IMU,,,,,,,,,0,0,-1000,1,1,1,,,,,
1790036332.9577427,ATTITUDE,,,,,,,,,,,,,,,0.0020386448595672846,0.0018922686576843262,0.7864075303077698,,
1790036332.9591217,RAW_IMU,,,,,,,,,0,0,-999,1,1,1,,,,,
1790036332.9807842,ATTITUDE,,,,,,,,,,,,,,,0.0020381950307637453,0.0018919382710009813,0.786407470703125,,
1790036332.982499,RAW_IMU,,,,,,,,,0,0,-999,1,1,1,,,,,
1790036332.9991188,ATTITUDE,,,,,,,,,,,,,,,0.0020375268068164587,0.0018920821603387594,0.7864078879356384,,
1790036333.0013444,RAW_IMU,,,,,,,,,0,0,-999,1,1,1,,,,,
1790036333.019113,ATTITUDE,,,,,,,,,,,,,,,0.0020371025893837214,0.0018921425798907876,0.7864081263542175,,
1790036333.0215607,RAW_IMU,,,,,,,,,0,0,-998,1,1,1,,,,,
1790036333.032823,GLOBAL_POSITION_INT,-35.361131,149.1678504,581.18,-0.53,-0.02,0.0,0.0,45.05,,,,,,,,,,,
1790036333.0343995,GPS_RAW_INT,,,,,,,,,,,,,,,,,,6,10
1790036333.0389762,ATTITUDE,,,,,,,,,,,,,,,0.002036849968135357,0.0018932207021862268,0.7864101529121399,,
1790036333.0400977,RAW_IMU,,,,,,,,,0,0,-999,1,1,1,,,,,
1790036333.0590458,ATTITUDE,,,,,,,,,,,,,,,0.002037468831986189,0.0018968433141708374,0.7864140868186951,,
1790036333.060901,RAW_IMU,,,,,,,,,0,0,-999,1,1,1,,,,,
1790036333.074166,ATTITUDE,,,,,,,,,,,,,,,0.002039170591160655,0.0018990460084751248,0.7864125967025757,,
1790036333.0755677,RAW_IMU,,,,,,,,,0,0,-999,1,1,1,,,,,
1790036333.0960763,ATTITUDE,,,,,,,,,,,,,,,0.00203709676861763,0.001897344016470015,0.7864121198654175,,
1790036333.0971344,RAW_IMU,,,,,,,,,0,0,-999,1,1,1,,,,,
1790036333.1159434,ATTITUDE,,,,,,,,,,,,,,,0.0020347731187939644,0.0018946959171444178,0.7864137887954712,,
1790036333.1166399,RAW_IMU,,,,,,,,,0,0,-999,1,1,1,,,,,
1790036333.135933,GLOBAL_POSITION_INT,-35.361131,149.1678504,581.18,-0.53,-0.02,0.0,0.0,45.05,,,,,,,,,,,
1790036333.1369584,GPS_RAW_INT,,,,,,,,,,,,,,,,,,6,10
1790036333.1377304,ATTITUDE,,,,,,,,,,,,,,,0.0020342993084341288,0.0018929805373772979,0.7864158153533936,,
1790036333.1382017,RAW_IMU,,,,,,,,,0,0,-999,1,1,1,,,,,
1790036333.1580071,ATTITUDE,,,,,,,,,,,,,,,0.002033459721133113,0.0018910500220954418,0.7864188551902771,,
1790036333.1587236,RAW_IMU,,,,,,,,,0,0,-1000,1,1,1,,,,,
1790036333.1770823,ATTITUDE,,,,,,,,,,,,,,,0.0020313544664531946,0.0018906359327957034,0.7864184975624084,,
1790036333.1776922,RAW_IMU,,,,,,,,,0,0,-1000,1,1,1,,,,,
1790036333.1944993,ATTITUDE,,,,,,,,,,,,,,,0.0020292350091040134,0.0018900305731222034,0.7864182591438293,,
1790036333.1949098,RAW_IMU,,,,,,,,,0,0,-1000,1,1,1,,,,,
1790036333.217613,ATTITUDE,,,,,,,,,,,,,,,0.0020295903086662292,0.0018906582845374942,0.7864196300506592,,
1790036333.2183454,RAW_IMU,,,,,,,,,0,0,-1000,1,1,1,,,,,
1790036333.2296746,GLOBAL_POSITION_INT,-35.361131,149.1678504,581.18,-0.53,-0.02,0.0,0.0,45.05,,,,,,,,,,,
1790036333.2300398,GPS_RAW_INT,,,,,,,,,,,,,,,,,,6,10
1790036333.2353134,ATTITUDE,,,,,,,,,,,,,,,0.0020292617846280336,0.0018925544572994113,0.7864225506782532,,
1790036333.2362118,RAW_IMU,,,,,,,,,0,0,-1000,1,1,1,,,,,
1790036333.2545388,ATTITUDE,,,,,,,,,,,,,,,0.00202958844602108,0.0018942842725664377,0.7864254117012024,,
1790036333.2554884,RAW_IMU,,,,,,,,,0,0,-1000,1,1,1,,,,,
1790036333.2760131,ATTITUDE,,,,,,,,,,,,,,,0.0020307893864810467,0.0018963346956297755,0.7864236831665039,,
1790036333.2770343,RAW_IMU,,,,,,,,,0,0,-1001,1,1,1,,,,,
1790036333.2963796,ATTITUDE,,,,,,,,,,,,,,,0.002029605209827423,0.0018963541369885206,0.7864236831665039,,
1790036333.2982068,RAW_IMU,,,,,,,,,0,0,-1001,1,1,1,,,,,
1790036333.3159657,ATTITUDE,,,,,,,,,,,,,,,0.002026789356023073,0.0018939559813588858,0.786426305770874,,
1790036333.3170562,RAW_IMU,,,,,,,,,0,0,-1001,1,1,1,,,,,
1790036333.3299913,GLOBAL_POSITION_INT,-35.361131,149.1678504,581.19,-0.529,-0.02,0.0,0.0,45.05,,,,,,,,,,,
1790036333.3316956,GPS_RAW_INT,,,,,,,,,,,,,,,,,,6,10
1790036333.3364909,ATTITUDE,,,,,,,,,,,,,,,0.002025589579716325,0.0018916341941803694,0.7864287495613098,,
1790036333.3377202,RAW_IMU,,,,,,,,,0,0,-1001,1,1,1,,,,,
1790036333.3567028,ATTITUDE,,,,,,,,,,,,,,,0.0020250207744538784,0.001890864921733737,0.7864314317703247,,
1790036333.3576453,RAW_IMU,,,,,,,,,0,0,-1001,1,1,1,,,,,
1790036333.3772507,ATTITUDE,,,,,,,,,,,,,,,0.0020239693112671375,0.0018905734177678823,0.7864303588867188,,
1790036333.3786778,RAW_IMU,,,,,,,,,0,0,-1001,1,1,1,,,,,
1790036333.4029496,ATTITUDE,,,,,,,,,,,,,,,0.002023702720180154,0.001889981096610427,0.7864301204681396,,
1790036333.4040334,RAW_IMU,,,,,,,,,0,0,-1001,1,1,1,,,,,
1790036333.4167633,ATTITUDE,,,,,,,,,,,,,,,0.002024728571996093,0.001890269573777914,0.7864312529563904,,
1790036333.41782,RAW_IMU,,,,,,,,,0,0,-1001,1,1,1,,,,,
1790036333.430769,GLOBAL_POSITION_INT,-35.361131,149.1678504,581.19,-0.529,-0.02,0.0,0.0,45.05,,,,,,,,,,,
1790036333.4316316,GPS_RAW_INT,,,,,,,,,,,,,,,,,,6,10
1790036333.436699,ATTITUDE,,,,,,,,,,,,,,,0.00202506547793746,0.001891057356260717,0.7864343523979187,,
1790036333.4376657,RAW_IMU,,,,,,,,,0,0,-1001,1,1,1,,,,,
1790036333.4571545,ATTITUDE,,,,,,,,,,,,,,,0.002026512986049056,0.001893458771519363,0.7864378690719604,,
1790036333.4586823,RAW_IMU,,,,,,,,,0,0,-1001,1,1,1,,,,,
1790036333.4786801,ATTITUDE,,,,,,,,,,,,,,,0.0020279190503060818,0.0018968881340697408,0.7864363193511963,,
1790036333.479992,RAW_IMU,,,,,,,,,0,0,-1001,1,1,1,,,,,
1790036333.4940054,ATTITUDE,,,,,,,,,,,,,,,0.0020266554784029722,0.0018947256030514836,0.7864367365837097,,
1790036333.4960155,RAW_IMU,,,,,,,,,0,0,-1001,1,1,1,,,,,
1790036333.5140345,ATTITUDE,,,,,,,,,,,,,,,0.0020259085576981306,0.0018926491029560566,0.7864382266998291,,
1790036333.5148103,RAW_IMU,,,,,,,,,0,0,-1001,1,1,1,,,,,
1790036333.5336442,GLOBAL_POSITION_INT,-35.361131,149.1678504,581.19,-0.528,-0.02,0.0,0.0,45.05,,,,,,,,,,,
1790036333.5347965,GPS_RAW_INT,,,,,,,,,,,,,,,,,,6,10
1790036333.5359635,ATTITUDE,,,,,,,,,,,,,,,0.002023271517828107,0.0018902363954111934,0.7864418029785156,,
1790036333.5378258,RAW_IMU,,,,,,,,,0,0,-1001,1,1,1,,,,,
1790036333.5588212,ATTITUDE,,,,,,,,,,,,,,,0.0020230195950716734,0.0018887666519731283,0.7864452600479126,,
1790036333.5600286,RAW_IMU,,,,,,,,,0,0,-1001,1,1,1,,,,,
1790036333.5788114,ATTITUDE,,,,,,,,,,,,,,,0.0020225034095346928,0.001889602979645133,0.7864434123039246,,
1790036333.580863,RAW_IMU,,,,,,,,,0,0,-1001,1,1,1,,,,,
1790036333.593859,ATTITUDE,,,,,,,,,,,,,,,0.0020218410063534975,0.0018888972699642181,0.786445140838623,,
1790036333.5959687,RAW_IMU,,,,,,,,,0,0,-1001,1,1,1,,,,,
1790036333.6129045,ATTITUDE,,,,,,,,,,,,,,,0.0020223455503582954,0.0018887495389208198,0.7864448428153992,,
1790036333.6140525,RAW_IMU,,,,,,,,,0,0,-1001,1,1,1,,,,,
1790036333.6438396,GLOBAL_POSITION_INT,-35.361131,149.1678504,581.19,-0.528,-0.02,0.0,0.0,45.06,,,,,,,,,,,
1790036333.6450644,GPS_RAW_INT,,,,,,,,,,,,,,,,,,6,10
1790036333.6460524,ATTITUDE,,,,,,,,,,,,,,,0.002022535540163517,0.0018899415154010057,0.7864478826522827,,
1790036333.6484716,RAW_IMU,,,,,,,,,0,0,-1001,1,1,1,,,,,
1790036333.6536217,ATTITUDE,,,,,,,,,,,,,,,0.0020235127303749323,0.0018914416432380676,0.7864506840705872,,
1790036333.6551073,RAW_IMU,,,,,,,,,0,0,-1001,1,1,1,,,,,
1790036333.6739497,ATTITUDE,,,,,,,,,,,,,,,0.0020251127425581217,0.0018938700668513775,0.7864495515823364,,
1790036333.6749818,RAW_IMU,,,,,,,,,0,0,-1000,1,1,1,,,,,
1790036333.6947026,ATTITUDE,,,,,,,,,,,,,,,0.0020244894549250603,0.0018936180276796222,0.7864494919776917,,
1790036333.6958463,RAW_IMU,,,,,,,,,0,0,-1000,1,1,1,,,,,
1790036333.7143,ATTITUDE,,,,,,,,,,,,,,,0.002022735308855772,0.0018934417748823762,0.7864489555358887,,
1790036333.7151897,RAW_IMU,,,,,,,,,0,0,-1001,1,1,1,,,,,
1790036333.734232,GLOBAL_POSITION_INT,-35.361131,149.1678504,581.19,-0.527,-0.02,0.0,0.0,45.06,,,,,,,,,,,
1790036333.734863,GPS_RAW_INT,,,,,,,,,,,,,,,,,,6,10
1790036333.7364855,ATTITUDE,,,,,,,,,,,,,,,0.0020212242379784584,0.0018914955435320735,0.7864493131637573,,
1790036333.7379613,RAW_IMU,,,,,,,,,0,0,-1001,1,1,1,,,,,
1790036333.7549257,ATTITUDE,,,,,,,,,,,,,,,0.0020213185343891382,0.0018915502587333322,0.7864527106285095,,
1790036333.7564769,RAW_IMU,,,,,,,,,0,0,-1001,1,1,1,,,,,
1790036333.775092,ATTITUDE,,,,,,,,,,,,,,,0.002019594656303525,0.0018904696917161345,0.786452054977417,,
1790036333.7764244,RAW_IMU,,,,,,,,,0,0,-1001,1,1,1,,,,,
1790036333.7958224,ATTITUDE,,,,,,,,,,,,,,,0.002019186271354556,0.0018902019364759326,0.7864531874656677,,
1790036333.796984,RAW_IMU,,,,,,,,,0,0,-1001,1,1,1,,,,,
1790036333.8149807,ATTITUDE,,,,,,,,,,,,,,,0.002018991159275174,0.0018911795923486352,0.7864542007446289,,
1790036333.8157651,RAW_IMU,,,,,,,,,0,0,-1001,1,1,1,,,,,
1790036333.8335252,GLOBAL_POSITION_INT,-35.361131,149.1678504,581.19,-0.527,-0.02,0.0,0.0,45.06,,,,,,,,,,,
1790036333.8342087,GPS_RAW_INT,,,,,,,,,,,,,,,,,,6,10
1790036333.8357148,ATTITUDE,,,,,,,,,,,,,,,0.0020196931436657906,0.0018920294241979718,0.7864575386047363,,
1790036333.8365104,RAW_IMU,,,,,,,,,0,0,-1001,1,1,1,,,,,
1790036333.853562,ATTITUDE,,,,,,,,,,,,,,,0.002021448453888297,0.0018932806560769677,0.7864610552787781,,
1790036333.8544884,RAW_IMU,,,,,,,,,0,0,-1001,1,1,1,,,,,
1790036333.8740869,ATTITUDE,,,,,,,,,,,,,,,0.002022727392613888,0.0018971140962094069,0.7864593863487244,,
1790036333.8755858,RAW_IMU,,,,,,,,,0,0,-1001,1,1,1,,,,,
1790036333.896141,ATTITUDE,,,,,,,,,,,,,,,0.002021798165515065,0.0018967061769217253,0.7864584922790527,,
1790036333.897165,RAW_IMU,,,,,,,,,0,0,-1001,1,1,1,,,,,
1790036333.9137912,ATTITUDE,,,,,,,,,,,,,,,0.002019523410126567,0.001894687651656568,0.7864596843719482,,
1790036333.9150164,RAW_IMU,,,,,,,,,0,0,-1001,1,1,1,,,,,
1790036333.9335723,GLOBAL_POSITION_INT,-35.361131,149.1678504,581.19,-0.527,-0.02,0.0,0.0,45.06,,,,,,,,,,,
1790036333.9349258,GPS_RAW_INT,,,,,,,,,,,,,,,,,,6,10
1790036333.9364514,ATTITUDE,,,,,,,,,,,,,,,0.0020185578614473343,0.0018945803167298436,0.7864617109298706,,
1790036333.937936,RAW_IMU,,,,,,,,,0,0,-1001,1,1,1,,,,,
1790036333.9535599,ATTITUDE,,,,,,,,,,,,,,,0.0020165322348475456,0.0018933637766167521,0.7864640355110168,,
1790036333.954762,RAW_IMU,,,,,,,,,0,0,-1000,1,1,1,,,,,
1790036333.9738548,ATTITUDE,,,,,,,,,,,,,,,0.002015324542298913,0.0018931430531665683,0.7864630222320557,,
1790036333.9747856,RAW_IMU,,,,,,,,,0,0,-1001,1,1,1,,,,,
1790036333.9945078,ATTITUDE,,,,,,,,,,,,,,,0.002014149446040392,0.0018943090690299869,0.7864627838134766,,
1790036333.995787,RAW_IMU,,,,,,,,,0,0,-1001,1,1,1,,,,,
1790036334.014876,ATTITUDE,,,,,,,,,,,,,,,0.002013751305639744,0.0018943033646792173,0.7864649295806885,,
1790036334.0157154,RAW_IMU,,,,,,,,,0,0,-1001,1,1,1,,,,,
1790036334.0350199,GLOBAL_POSITION_INT,-35.361131,149.1678504,581.19,-0.526,-0.02,0.0,0.0,45.06,,,,,,,,,,,
1790036334.0362272,GPS_RAW_INT,,,,,,,,,,,,,,,,,,6,10
1790036334.038652,ATTITUDE,,,,,,,,,,,,,,,0.0020143405999988317,0.0018959804438054562,0.7864669561386108,,
1790036334.040037,RAW_IMU,,,,,,,,,0,0,-1001,1,1,1,,,,,
1790036334.0551465,ATTITUDE,,,,,,,,,,,,,,,0.002015903126448393,0.001897007110528648,0.7864720821380615,,
1790036334.0565903,RAW_IMU,,,,,,,,,0,0,-1001,1,1,1,,,,,
1790036334.0751333,ATTITUDE,,,,,,,,,,,,,,,0.002018184633925557,0.0019000725587829947,0.7864726781845093,,
1790036334.076273,RAW_IMU,,,,,,,,,0,0,-1001,1,1,1,,,,,
1790036334.0955212,ATTITUDE,,,,,,,,,,,,,,,0.002016261452808976,0.001899257767945528,0.7864732146263123,,
1790036334.0964665,RAW_IMU,,,,,,,,,0,0,-1001,1,1,1,,,,,
1790036334.115072,ATTITUDE,,,,,,,,,,,,,,,0.002015179255977273,0.0018971370300278068,0.7864771485328674,,
1790036334.1159449,RAW_IMU,,,,,,,,,0,0,-1001,1,1,1,,,,,
1790036334.1400054,GLOBAL_POSITION_INT,-35.361131,149.1678504,581.19,-0.525,-0.02,0.0,0.0,45.06,,,,,,,,,,,
1790036334.140476,GPS_RAW_INT,,,,,,,,,,,,,,,,,,6,10
1790036334.1410015,ATTITUDE,,,,,,,,,,,,,,,0.0020142309367656708,0.0018951125675812364,0.7864810824394226,,
1790036334.1415346,RAW_IMU,,,,,,,,,0,0,-1001,1,1,1,,,,,
1790036334.1555886,ATTITUDE,,,,,,,,,,,,,,,0.0020127776078879833,0.0018930630758404732,0.7864871621131897,,
1790036334.1565912,RAW_IMU,,,,,,,,,0,0,-1001,1,1,1,,,,,
1790036334.175696,ATTITUDE,,,,,,,,,,,,,,,0.0020108979661017656,0.0018933736719191074,0.7864907383918762,,
1790036334.1774416,RAW_IMU,,,,,,,,,0,0,-1001,1,1,1,,,,,
1790036334.195948,ATTITUDE,,,,,,,,,,,,,,,0.0020102907437831163,0.0018932328093796968,0.7864936590194702,,
1790036334.1969955,RAW_IMU,,,,,,,,,0,0,-1001,1,1,1,,,,,
1790036334.2166204,ATTITUDE,,,,,,,,,,,,,,,0.002012715209275484,0.0018926379270851612,0.7864981889724731,,
1790036334.218192,RAW_IMU,,,,,,,,,0,0,-1001,1,1,1,,,,,
1790036334.230308,GLOBAL_POSITION_INT,-35.361131,149.1678504,581.19,-0.524,-0.02,0.0,0.0,45.06,,,,,,,,,,,
1790036334.2307703,GPS_RAW_INT,,,,,,,,,,,,,,,,,,6,10
1790036334.2365005,ATTITUDE,,,,,,,,,,,,,,,0.002013749210163951,0.00189391546882689,0.786503255367279,,
1790036334.2376606,RAW_IMU,,,,,,,,,0,0,-1001,1,1,1,,,,,
1790036334.256514,ATTITUDE,,,,,,,,,,,,,,,0.002016413491219282,0.0018951378297060728,0.786509096622467,,
1790036334.2576797,RAW_IMU,,,,,,,,,0,0,-1001,1,1,1,,,,,
1790036334.2767165,ATTITUDE,,,,,,,,,,,,,,,0.002019622130319476,0.001896882546134293,0.7865135669708252,,
1790036334.2776322,RAW_IMU,,,,,,,,,0,0,-1001,1,1,1,,,,,
1790036334.2975044,ATTITUDE,,,,,,,,,,,,,,,0.0020204985048621893,0.0018958862638100982,0.7865176200866699,,
1790036334.2980556,RAW_IMU,,,,,,,,,0,0,-1001,1,1,1,,,,,
1790036334.312656,ATTITUDE,,,,,,,,,,,,,,,0.002019600011408329,0.0018941110465675592,0.7865217328071594,,
1790036334.3140976,RAW_IMU,,,,,,,,,0,0,-1001,1,1,1,,,,,
1790036334.3318188,GLOBAL_POSITION_INT,-35.361131,149.1678504,581.19,-0.523,-0.02,0.0,0.0,45.06,,,,,,,,,,,
1790036334.3321462,GPS_RAW_INT,,,,,,,,,,,,,,,,,,6,10
1790036334.3330417,ATTITUDE,,,,,,,,,,,,,,,0.0020175050012767315,0.0018912418745458126,0.7865268588066101,,
1790036334.3336325,RAW_IMU,,,,,,,,,0,0,-1001,1,1,1,,,,,
1790036334.3526263,ATTITUDE,,,,,,,,,,,,,,,0.0020188584458082914,0.0018891047220677137,0.7865336537361145,,
1790036334.3538706,RAW_IMU,,,,,,,,,0,0,-1001,1,1,1,,,,,
1790036334.3722405,ATTITUDE,,,,,,,,,,,,,,,0.0020193839445710182,0.0018871191423386335,0.7865373492240906,,
1790036334.373513,RAW_IMU,,,,,,,,,0,0,-1001,1,1,1,,,,,
1790036334.395614,ATTITUDE,,,,,,,,,,,,,,,0.0020206125918775797,0.0018861163407564163,0.7865434885025024,,
1790036334.396621,RAW_IMU,,,,,,,,,0,0,-1001,1,1,1,,,,,
1790036334.4123697,ATTITUDE,,,,,,,,,,,,,,,0.0020223965402692556,0.0018857987597584724,0.7865490913391113,,
1790036334.413611,RAW_IMU,,,,,,,,,0,0,-1001,1,1,1,,,,,
1790036334.4313002,GLOBAL_POSITION_INT,-35.361131,149.1678504,581.19,-0.522,-0.02,0.0,0.0,45.06,,,,,,,,,,,
1790036334.4320061,GPS_RAW_INT,,,,,,,,,,,,,,,,,,6,10
1790036334.4369385,ATTITUDE,,,,,,,,,,,,,,,0.002024318091571331,0.0018876743270084262,0.7865549325942993,,
1790036334.4382684,RAW_IMU,,,,,,,,,0,0,-1001,1,1,1,,,,,
1790036334.4572551,ATTITUDE,,,,,,,,,,,,,,,0.002027382841333747,0.001887965016067028,0.7865601778030396,,
1790036334.4592338,RAW_IMU,,,,,,,,,0,0,-1001,1,1,1,,,,,
1790036334.472265,ATTITUDE,,,,,,,,,,,,,,,0.0020326185040175915,0.0018896611873060465,0.786562979221344,,
1790036334.474009,RAW_IMU,,,,,,,,,0,0,-1001,1,1,1,,,,,
1790036334.4986913,ATTITUDE,,,,,,,,,,,,,,,0.0020326615776866674,0.0018889829516410828,0.7865664958953857,,
1790036334.5007598,RAW_IMU,,,,,,,,,0,0,-1001,1,1,1,,,,,
1790036334.5190282,ATTITUDE,,,,,,,,,,,,,,,0.002031602431088686,0.0018873882945626974,0.7865713834762573,,
1790036334.5206735,RAW_IMU,,,,,,,,,0,0,-1001,1,1,1,,,,,
1790036334.5327497,GLOBAL_POSITION_INT,-35.361131,149.1678504,581.19,-0.521,-0.02,0.0,0.0,45.06,,,,,,,,,,,
1790036334.5341678,GPS_RAW_INT,,,,,,,,,,,,,,,,,,6,10
1790036334.5389397,ATTITUDE,,,,,,,,,,,,,,,0.0020313060376793146,0.0018856559181585908,0.7865760922431946,,
1790036334.5401819,RAW_IMU,,,,,,,,,0,0,-1001,1,1,1,,,,,
1790036334.5589535,ATTITUDE,,,,,,,,,,,,,,,0.002031563548371196,0.0018833659123629332,0.7865838408470154,,
1790036334.559941,RAW_IMU,,,,,,,,,0,0,-1001,1,1,1,,,,,
1790036334.5782692,ATTITUDE,,,,,,,,,,,,,,,0.002030838280916214,0.0018817282980307937,0.7865866422653198,,
1790036334.579246,RAW_IMU,,,,,,,,,0,0,-1001,1,1,1,,,,,
1790036334.5986514,ATTITUDE,,,,,,,,,,,,,,,0.0020307523664087057,0.001880010706372559,0.7865909337997437,,
1790036334.6003082,RAW_IMU,,,,,,,,,0,0,-1001,1,1,1,,,,,
1790036334.6190279,ATTITUDE,,,,,,,,,,,,,,,0.0020306811202317476,0.0018786046421155334,0.786595344543457,,
1790036334.6199586,RAW_IMU,,,,,,,,,0,0,-1001,1,1,1,,,,,
1790036334.6415217,GLOBAL_POSITION_INT,-35.361131,149.1678504,581.19,-0.52,-0.02,0.0,0.0,45.06,,,,,,,,,,,
1790036334.6426723,GPS_RAW_INT,,,,,,,,,,,,,,,,,,6,10
1790036334.6432164,ATTITUDE,,,,,,,,,,,,,,,0.002031720243394375,0.001880129100754857,0.7866008281707764,,
1790036334.6439292,RAW_IMU,,,,,,,,,0,0,-1001,1,1,1,,,,,
1790036334.65938,ATTITUDE,,,,,,,,,,,,,,,0.002033919095993042,0.0018803826533257961,0.7866064310073853,,
1790036334.6604457,RAW_IMU,,,,,,,,,0,0,-1001,1,1,1,,,,,
1790036334.6796322,ATTITUDE,,,,,,,,,,,,,,,0.002036039950326085,0.0018821625271812081,0.7866113781929016,,
1790036334.6813304,RAW_IMU,,,,,,,,,0,0,-1001,1,1,1,,,,,
1790036334.694519,ATTITUDE,,,,,,,,,,,,,,,0.0020352269057184458,0.0018794796196743846,0.7866154313087463,,
1790036334.6953428,RAW_IMU,,,,,,,,,0,0,-1001,1,1,1,,,,,
1790036334.71522,ATTITUDE,,,,,,,,,,,,,,,0.002034281613305211,0.0018755033379420638,0.7866207361221313,,
1790036334.7166939,RAW_IMU,,,,,,,,,0,0,-1001,1,1,1,,,,,
1790036334.734504,GLOBAL_POSITION_INT,-35.361131,149.1678504,581.2,-0.519,-0.02,0.0,0.0,45.07,,,,,,,,,,,
1790036334.7349455,GPS_RAW_INT,,,,,,,,,,,,,,,,,,6,10
1790036334.7367992,ATTITUDE,,,,,,,,,,,,,,,0.0020340830087661743,0.0018712899181991816,0.7866264581680298,,
1790036334.7382638,RAW_IMU,,,,,,,,,0,0,-1001,1,1,1,,,,,
1790036334.755128,ATTITUDE,,,,,,,,,,,,,,,0.0020339058246463537,0.0018691734876483679,0.7866333723068237,,
1790036334.7568226,RAW_IMU,,,,,,,,,0,0,-1001,1,1,1,,,,,
1790036334.7750902,ATTITUDE,,,,,,,,,,,,,,,0.002034940291196108,0.001867649145424366,0.7866364121437073,,
1790036334.7762344,RAW_IMU,,,,,,,,,0,0,-1000,1,1,1,,,,,
1790036334.7953553,ATTITUDE,,,,,,,,,,,,,,,0.002034212229773402,0.0018661905778571963,0.7866404056549072,,
1790036334.7976468,RAW_IMU,,,,,,,,,0,0,-1001,1,1,1,,,,,
1790036334.8171287,ATTITUDE,,,,,,,,,,,,,,,0.0020355000160634518,0.0018664245726540685,0.7866475582122803,,
1790036334.8189297,RAW_IMU,,,,,,,,,0,0,-1001,1,1,1,,,,,
1790036334.8305378,GLOBAL_POSITION_INT,-35.361131,149.1678504,581.2,-0.518,-0.02,0.0,0.0,45.07,,,,,,,,,,,
1790036334.8322625,GPS_RAW_INT,,,,,,,,,,,,,,,,,,6,10
1790036334.8368943,ATTITUDE,,,,,,,,,,,,,,,0.0020385088864713907,0.0018682443769648671,0.7866536378860474,,
1790036334.8383136,RAW_IMU,,,,,,,,,0,0,-1001,1,1,1,,,,,
1790036334.856637,ATTITUDE,,,,,,,,,,,,,,,0.0020396956242620945,0.0018704230897128582,0.786663293838501,,
1790036334.857568,RAW_IMU,,,,,,,,,0,0,-1001,1,1,2,,,,,
1790036334.8768458,ATTITUDE,,,,,,,,,,,,,,,0.0020428963471204042,0.0018726367270573974,0.7866670489311218,,
1790036334.8776848,RAW_IMU,,,,,,,,,0,0,-1001,1,1,1,,,,,
1790036334.8993347,ATTITUDE,,,,,,,,,,,,,,,0.0020406481344252825,0.0018699917709454894,0.7866710424423218,,
1790036334.9004815,RAW_IMU,,,,,,,,,0,0,-1001,1,1,1,,,,,
1790036334.9174314,ATTITUDE,,,,,,,,,,,,,,,0.0020388804841786623,0.0018678121268749237,0.7866775393486023,,
1790036334.9189086,RAW_IMU,,,,,,,,,0,0,-1001,1,1,1,,,,,
1790036334.9314673,GLOBAL_POSITION_INT,-35.361131,149.1678504,581.2,-0.517,-0.02,0.0,0.0,45.07,,,,,,,,,,,
1790036334.9329967,GPS_RAW_INT,,,,,,,,,,,,,,,,,,6,10
1790036334.9374638,ATTITUDE,,,,,,,,,,,,,,,0.0020403810776770115,0.0018649289850145578,0.7866848707199097,,
1790036334.93897,RAW_IMU,,,,,,,,,0,0,-1001,2,1,1,,,,,
1790036334.9574027,ATTITUDE,,,,,,,,,,,,,,,0.00204007257707417,0.0018625255906954408,0.786690890789032,,
1790036334.9590127,RAW_IMU,,,,,,,,,0,0,-1001,1,1,1,,,,,
1790036334.9773815,ATTITUDE,,,,,,,,,,,,,,,0.0020390895660966635,0.0018623502692207694,0.7866942286491394,,
1790036334.9793217,RAW_IMU,,,,,,,,,0,0,-1001,1,1,1,,,,,
1790036334.9975314,ATTITUDE,,,,,,,,,,,,,,,0.0020392569713294506,0.0018614474684000015,0.7866988778114319,,
1790036334.9988718,RAW_IMU,,,,,,,,,0,0,-1001,1,1,1,,,,,
1790036335.0176203,ATTITUDE,,,,,,,,,,,,,,,0.0020389934070408344,0.001861582393757999,0.7867037653923035,,
1790036335.0191257,RAW_IMU,,,,,,,,,0,0,-1001,1,1,1,,,,,
1790036335.0312326,GLOBAL_POSITION_INT,-35.361131,149.1678504,581.2,-0.517,-0.02,0.0,0.0,45.07,,,,,,,,,,,
1790036335.0320451,GPS_RAW_INT,,,,,,,,,,,,,,,,,,6,10
1790036335.0375922,ATTITUDE,,,,,,,,,,,,,,,0.002041703322902322,0.0018624596996232867,0.786710262298584,,
1790036335.0388293,RAW_IMU,,,,,,,,,0,0,-1001,1,1,1,,,,,
1790036335.0573344,ATTITUDE,,,,,,,,,,,,,,,0.0020419014617800713,0.001862970762886107,0.7867174744606018,,
1790036335.058351,RAW_IMU,,,,,,,,,0,0,-1001,1,1,1,,,,,
1790036335.0773647,ATTITUDE,,,,,,,,,,,,,,,0.0020438400097191334,0.001865481142885983,0.7867202162742615,,
1790036335.0788517,RAW_IMU,,,,,,,,,0,0,-1001,1,1,1,,,,,
1790036335.0977714,ATTITUDE,,,,,,,,,,,,,,,0.0020430446602404118,0.001864377991296351,0.7867246270179749,,
1790036335.099382,RAW_IMU,,,,,,,,,0,0,-1001,1,1,1,,,,,
1790036335.1175137,ATTITUDE,,,,,,,,,,,,,,,0.0020408774726092815,0.0018613082356750965,0.7867290377616882,,
1790036335.1186597,RAW_IMU,,,,,,,,,0,0,-1001,1,1,1,,,,,
1790036335.144926,GLOBAL_POSITION_INT,-35.361131,149.1678504,581.2,-0.516,-0.02,0.0,0.0,45.07,,,,,,,,,,,
1790036335.146405,GPS_RAW_INT,,,,,,,,,,,,,,,,,,6,10
1790036335.1474545,ATTITUDE,,,,,,,,,,,,,,,0.002038728678599,0.0018592739943414927,0.7867339849472046,,
1790036335.148448,RAW_IMU,,,,,,,,,0,0,-1000,1,1,1,,,,,
1790036335.1571097,ATTITUDE,,,,,,,,,,,,,,,0.0020379044581204653,0.0018555645365267992,0.7867400050163269,,
1790036335.1586196,RAW_IMU,,,,,,,,,0,0,-1001,1,1,1,,,,,
1790036335.1772468,ATTITUDE,,,,,,,,,,,,,,,0.0020372483413666487,0.001852568588219583,0.7867431640625,,
1790036335.1782467,RAW_IMU,,,,,,,,,0,0,-1001,1,1,1,,,,,
1790036335.1976259,ATTITUDE,,,,,,,,,,,,,,,0.002037703525274992,0.0018509713700041175,0.7867462038993835,,
1790036335.1996949,RAW_IMU,,,,,,,,,0,0,-1001,1,1,1,,,,,
1790036335.2174826,ATTITUDE,,,,,,,,,,,,,,,0.0020384618546813726,0.0018504309700801969,0.7867501974105835,,
1790036335.2182443,RAW_IMU,,,,,,,,,0,0,-1001,1,1,1,,,,,
1790036335.2312272,GLOBAL_POSITION_INT,-35.361131,149.1678504,581.2,-0.515,-0.02,0.0,0.0,45.07,,,,,,,,,,,
1790036335.2317662,GPS_RAW_INT,,,,,,,,,,,,,,,,,,6,10
1790036335.2373588,ATTITUDE,,,,,,,,,,,,,,,0.0020386704709380865,0.0018504532054066658,0.7867540121078491,,
1790036335.2388678,RAW_IMU,,,,,,,,,0,0,-1001,1,1,1,,,,,
1790036335.2571282,ATTITUDE,,,,,,,,,,,,,,,0.002039698651060462,0.0018500123405829072,0.7867609262466431,,
1790036335.258136,RAW_IMU,,,,,,,,,0,0,-1001,1,1,1,,,,,
1790036335.2773385,ATTITUDE,,,,,,,,,,,,,,,0.00204346957616508,0.001853042165748775,0.7867639064788818,,
1790036335.2783427,RAW_IMU,,,,,,,,,0,0,-1001,1,1,1,,,,,
1790036335.297544,ATTITUDE,,,,,,,,,,,,,,,0.002041897037997842,0.0018494469113647938,0.7867693901062012,,
1790036335.2985835,RAW_IMU,,,,,,,,,0,0,-1001,1,1,1,,,,,
1790036335.3174033,ATTITUDE,,,,,,,,,,,,,,,0.002040444640442729,0.0018476282712072134,0.7867744565010071,,
1790036335.3187182,RAW_IMU,,,,,,,,,0,0,-1001,1,1,1,,,,,
1790036335.3310392,GLOBAL_POSITION_INT,-35.361131,149.1678504,581.2,-0.514,-0.02,0.0,0.0,45.07,,,,,,,,,,,
1790036335.3323288,GPS_RAW_INT,,,,,,,,,,,,,,,,,,6,10
1790036335.3375123,ATTITUDE,,,,,,,,,,,,,,,0.0020378169137984514,0.0018461416475474834,0.7867794632911682,,
1790036335.3385992,RAW_IMU,,,,,,,,,0,0,-1001,1,2,1,,,,,
1790036335.357212,ATTITUDE,,,,,,,,,,,,,,,0.002037234604358673,0.0018437565304338932,0.7867833971977234,,
1790036335.3581362,RAW_IMU,,,,,,,,,0,0,-1001,1,1,1,,,,,
1790036335.3775668,ATTITUDE,,,,,,,,,,,,,,,0.002037228550761938,0.0018422419670969248,0.7867855429649353,,
1790036335.3794281,RAW_IMU,,,,,,,,,0,0,-1001,1,1,1,,,,,
1790036335.4005165,ATTITUDE,,,,,,,,,,,,,,,0.002037202473729849,0.0018409531330689788,0.7867873907089233,,
1790036335.401699,RAW_IMU,,,,,,,,,0,0,-1001,1,1,1,,,,,
1790036335.4187527,ATTITUDE,,,,,,,,,,,,,,,0.002038376871496439,0.0018400868866592646,0.7867927551269531,,
1790036335.4200711,RAW_IMU,,,,,,,,,0,0,-1001,1,1,1,,,,,
1790036335.4325309,GLOBAL_POSITION_INT,-35.361131,149.1678504,581.2,-0.514,-0.02,0.0,0.0,45.08,,,,,,,,,,,
1790036335.4337358,GPS_RAW_INT,,,,,,,,,,,,,,,,,,6,10
1790036335.4386232,ATTITUDE,,,,,,,,,,,,,,,0.00203960039652884,0.001840859418734908,0.7867991328239441,,
1790036335.439674,RAW_IMU,,,,,,,,,0,0,-1001,1,1,1,,,,,
1790036335.4591672,ATTITUDE,,,,,,,,,,,,,,,0.0020414746832102537,0.0018409962067380548,0.786806046962738,,
1790036335.4604352,RAW_IMU,,,,,,,,,0,0,-1001,1,1,1,,,,,
1790036335.479158,ATTITUDE,,,,,,,,,,,,,,,0.0020447333808988333,0.0018433970399200916,0.7868091464042664,,
1790036335.4810395,RAW_IMU,,,,,,,,,0,0,-1001,1,1,1,,,,,
1790036335.5004487,ATTITUDE,,,,,,,,,,,,,,,0.002043503802269697,0.0018390394980087876,0.7868146896362305,,
1790036335.5019786,RAW_IMU,,,,,,,,,0,0,-1001,1,1,1,,,,,
1790036335.515522,ATTITUDE,,,,,,,,,,,,,,,0.0020412548910826445,0.0018375617219135165,0.7868201732635498,,
1790036335.517094,RAW_IMU,,,,,,,,,0,0,-1001,1,1,1,,,,,
1790036335.534606,GLOBAL_POSITION_INT,-35.361131,149.1678504,581.2,-0.513,-0.02,0.0,0.0,45.08,,,,,,,,,,,
1790036335.5359173,GPS_RAW_INT,,,,,,,,,,,,,,,,,,6,10
1790036335.5373232,ATTITUDE,,,,,,,,,,,,,,,0.0020396714098751545,0.00183470593765378,0.7868254780769348,,
1790036335.5384688,RAW_IMU,,,,,,,,,0,0,-1001,1,1,1,,,,,
1790036335.5555425,ATTITUDE,,,,,,,,,,,,,,,0.0020380353089421988,0.001832229783758521,0.7868312001228333,,
1790036335.5566711,RAW_IMU,,,,,,,,,0,0,-1001,1,1,1,,,,,
1790036335.575003,ATTITUDE,,,,,,,,,,,,,,,0.0020388872362673283,0.001831286819651723,0.7868349552154541,,
1790036335.576166,RAW_IMU,,,,,,,,,0,0,-1001,1,1,1,,,,,
1790036335.595297,ATTITUDE,,,,,,,,,,,,,,,0.002038597594946623,0.0018311688909307122,0.7868379950523376,,
1790036335.596496,RAW_IMU,,,,,,,,,0,0,-1001,1,1,1,,,,,
1790036335.6159341,ATTITUDE,,,,,,,,,,,,,,,0.0020390120334923267,0.0018290210282430053,0.7868406772613525,,
1790036335.6167586,RAW_IMU,,,,,,,,,0,0,-1001,1,1,1,,,,,
1790036335.650005,GLOBAL_POSITION_INT,-35.361131,149.1678504,581.2,-0.513,-0.02,0.0,0.0,45.08,,,,,,,,,,,
1790036335.6506972,GPS_RAW_INT,,,,,,,,,,,,,,,,,,6,10
1790036335.6513038,ATTITUDE,,,,,,,,,,,,,,,0.0020406870171427727,0.0018311665626242757,0.7868471741676331,,
1790036335.6521196,RAW_IMU,,,,,,,,,0,0,-1001,1,1,1,,,,,
1790036335.6556885,ATTITUDE,,,,,,,,,,,,,,,0.0020435259211808443,0.0018326997524127364,0.7868532538414001,,
1790036335.6571116,RAW_IMU,,,,,,,,,0,0,-1001,1,1,1,,,,,
1790036335.6754987,ATTITUDE,,,,,,,,,,,,,,,0.0020465082488954067,0.001835859497077763,0.7868551015853882,,
1790036335.6766663,RAW_IMU,,,,,,,,,0,0,-1000,1,1,1,,,,,
1790036335.6957538,ATTITUDE,,,,,,,,,,,,,,,0.002045392757281661,0.0018352746265009046,0.7868577241897583,,
1790036335.6967442,RAW_IMU,,,,,,,,,0,0,-1001,1,1,1,,,,,
1790036335.7173924,ATTITUDE,,,,,,,,,,,,,,,0.0020440740045160055,0.0018317510839551687,0.7868639230728149,,
1790036335.718336,RAW_IMU,,,,,,,,,0,0,-1001,1,1,1,,,,,
1790036335.7312324,GLOBAL_POSITION_INT,-35.361131,149.1678504,581.2,-0.512,-0.02,0.0,0.0,45.08,,,,,,,,,,,
1790036335.7322168,GPS_RAW_INT,,,,,,,,,,,,,,,,,,6,10
1790036335.7372577,ATTITUDE,,,,,,,,,,,,,,,0.00204292731359601,0.0018278625793755054,0.7868688702583313,,
1790036335.7382262,RAW_IMU,,,,,,,,,0,0,-1001,1,1,1,,,,,
1790036335.7571597,ATTITUDE,,,,,,,,,,,,,,,0.0020430595614016056,0.0018264149548485875,0.7868759632110596,,
1790036335.7581487,RAW_IMU,,,,,,,,,0,0,-1001,1,1,1,,,,,
1790036335.7771912,ATTITUDE,,,,,,,,,,,,,,,0.0020426400005817413,0.0018250970169901848,0.7868793606758118,,
1790036335.7792127,RAW_IMU,,,,,,,,,0,0,-1001,1,1,1,,,,,
1790036335.7974694,ATTITUDE,,,,,,,,,,,,,,,0.0020439934451133013,0.0018237684853374958,0.7868844270706177,,
1790036335.7987528,RAW_IMU,,,,,,,,,0,0,-1001,1,1,1,,,,,
1790036335.8178697,ATTITUDE,,,,,,,,,,,,,,,0.0020433508325368166,0.0018225102685391903,0.7868890166282654,,
1790036335.8191512,RAW_IMU,,,,,,,,,0,0,-1001,1,1,1,,,,,
1790036335.8317454,GLOBAL_POSITION_INT,-35.361131,149.1678504,581.2,-0.512,-0.02,0.0,0.0,45.08,,,,,,,,,,,
1790036335.8327959,GPS_RAW_INT,,,,,,,,,,,,,,,,,,6,10
1790036335.8376718,ATTITUDE,,,,,,,,,,,,,,,0.0020447061397135258,0.001823542290367186,0.7868942022323608,,
1790036335.8391516,RAW_IMU,,,,,,,,,0,0,-1001,1,1,1,,,,,
1790036335.8576539,ATTITUDE,,,,,,,,,,,,,,,0.0020470693707466125,0.0018241913057863712,0.7869003415107727,,
1790036335.8592234,RAW_IMU,,,,,,,,,0,0,-1001,1,1,1,,,,,
1790036335.8778305,ATTITUDE,,,,,,,,,,,,,,,0.002049471018835902,0.001825607498176396,0.7869027256965637,,
1790036335.8797793,RAW_IMU,,,,,,,,,0,0,-1001,1,1,1,,,,,
1790036335.9028327,ATTITUDE,,,,,,,,,,,,,,,0.002050628885626793,0.001822465448640287,0.7869068384170532,,
1790036335.9041421,RAW_IMU,,,,,,,,,0,0,-1001,2,1,1,,,,,
1790036335.9176557,ATTITUDE,,,,,,,,,,,,,,,0.0020460886880755424,0.001817069249227643,0.786912739276886,,
1790036335.9185202,RAW_IMU,,,,,,,,,0,0,-1001,1,1,1,,,,,
1790036335.931824,GLOBAL_POSITION_INT,-35.361131,149.1678504,581.2,-0.511,-0.02,0.0,0.0,45.08,,,,,,,,,,,
1790036335.9332092,GPS_RAW_INT,,,,,,,,,,,,,,,,,,6,10
1790036335.937591,ATTITUDE,,,,,,,,,,,,,,,0.0020460428204387426,0.0018149248789995909,0.7869161367416382,,
1790036335.9386075,RAW_IMU,,,,,,,,,0,0,-1001,1,1,1,,,,,
1790036335.9575574,ATTITUDE,,,,,,,,,,,,,,,0.0020446539856493473,0.001810896908864379,0.7869232892990112,,
1790036335.9587228,RAW_IMU,,,,,,,,,0,0,-1001,1,1,1,,,,,
1790036335.9776447,ATTITUDE,,,,,,,,,,,,,,,0.002044291701167822,0.0018074425170198083,0.7869269847869873,,
1790036335.9794302,RAW_IMU,,,,,,,,,0,0,-1001,1,1,1,,,,,
1790036335.9979901,ATTITUDE,,,,,,,,,,,,,,,0.0020447298884391785,0.0018059010617434978,0.78693026304245,,
1790036335.999158,RAW_IMU,,,,,,,,,0,0,-1001,1,1,1,,,,,
1790036336.017782,ATTITUDE,,,,,,,,,,,,,,,0.0020437843631953,0.0018041692674160004,0.7869358062744141,,
1790036336.0194435,RAW_IMU,,,,,,,,,0,0,-1001,1,1,1,,,,,
1790036336.0318766,GLOBAL_POSITION_INT,-35.361131,149.1678504,581.2,-0.511,-0.02,0.0,0.0,45.08,,,,,,,,,,,
1790036336.0336442,GPS_RAW_INT,,,,,,,,,,,,,,,,,,6,10
1790036336.0355375,ATTITUDE,,,,,,,,,,,,,,,0.002043989719823003,0.0018050544895231724,0.7869406342506409,,
1790036336.0368152,RAW_IMU,,,,,,,,,0,0,-1001,1,1,1,,,,,
1790036336.0526536,ATTITUDE,,,,,,,,,,,,,,,0.002046868670731783,0.0018049369100481272,0.7869460582733154,,
1790036336.0535007,RAW_IMU,,,,,,,,,0,0,-1001,1,1,1,,,,,
1790036336.0727363,ATTITUDE,,,,,,,,,,,,,,,0.0020473606418818235,0.0018077949061989784,0.7869482636451721,,
1790036336.073635,RAW_IMU,,,,,,,,,0,0,-1001,1,1,1,,,,,
1790036336.0977614,ATTITUDE,,,,,,,,,,,,,,,0.0020465960260480642,0.0018065249314531684,0.7869528532028198,,
1790036336.0990598,RAW_IMU,,,,,,,,,0,0,-1001,1,1,1,,,,,
1790036336.1125395,ATTITUDE,,,,,,,,,,,,,,,0.0020448127761483192,0.0018028351478278637,0.7869563102722168,,
1790036336.1145916,RAW_IMU,,,,,,,,,0,0,-1001,1,1,1,,,,,
1790036336.142998,GLOBAL_POSITION_INT,-35.361131,149.1678504,581.2,-0.51,-0.02,0.0,0.0,45.08,,,,,,,,,,,
1790036336.1435637,GPS_RAW_INT,,,,,,,,,,,,,,,,,,6,10
1790036336.1450799,ATTITUDE,,,,,,,,,,,,,,,0.002043890068307519,0.0017985663143917918,0.786963939666748,,
1790036336.1469414,RAW_IMU,,,,,,,,,0,0,-1001,1,1,1,,,,,
1790036336.1525056,ATTITUDE,,,,,,,,,,,,,,,0.002042536623775959,0.001797109143808484,0.7869701385498047,,
1790036336.1535761,RAW_IMU,,,,,,,,,0,0,-1001,1,1,1,,,,,
1790036336.1725109,ATTITUDE,,,,,,,,,,,,,,,0.0020416162442415953,0.0017964562866836786,0.786973774433136,,
1790036336.1732483,RAW_IMU,,,,,,,,,0,0,-1001,1,1,1,,,,,
1790036336.1930764,ATTITUDE,,,,,,,,,,,,,,,0.0020414621103554964,0.001796144526451826,0.7869781851768494,,
1790036336.1949015,RAW_IMU,,,,,,,,,0,0,-1001,1,1,1,,,,,
1790036336.213789,ATTITUDE,,,,,,,,,,,,,,,0.0020425403490662575,0.001795557327568531,0.7869846224784851,,
1790036336.215107,RAW_IMU,,,,,,,,,0,0,-1001,1,1,1,,,,,
1790036336.233176,GLOBAL_POSITION_INT,-35.361131,149.1678504,581.2,-0.51,-0.02,0.0,0.0,45.09,,,,,,,,,,,
1790036336.2344303,GPS_RAW_INT,,,,,,,,,,,,,,,,,,6,10
1790036336.236602,ATTITUDE,,,,,,,,,,,,,,,0.0020446593407541513,0.0017958024982362986,0.7869905829429626,,
1790036336.2381785,RAW_IMU,,,,,,,,,0,0,-1001,1,1,1,,,,,
1790036336.2533867,ATTITUDE,,,,,,,,,,,,,,,0.0020463671535253525,0.0017967455787584186,0.786997377872467,,
1790036336.2554393,RAW_IMU,,,,,,,,,0,0,-1001,1,1,1,,,,,
1790036336.2734776,ATTITUDE,,,,,,,,,,,,,,,0.002048712922260165,0.0017988617764785886,0.7870005369186401,,
1790036336.2750049,RAW_IMU,,,,,,,,,0,0,-1001,1,1,1,,,,,
1790036336.29374,ATTITUDE,,,,,,,,,,,,,,,0.0020492910407483578,0.0017957170493900776,0.7870044708251953,,
1790036336.2947392,RAW_IMU,,,,,,,,,0,0,-1001,1,1,1,,,,,
1790036336.314007,ATTITUDE,,,,,,,,,,,,,,,0.002048563677817583,0.0017931647598743439,0.7870101928710938,,
1790036336.3155947,RAW_IMU,,,,,,,,,0,0,-1001,1,1,1,,,,,
1790036336.3329597,GLOBAL_POSITION_INT,-35.361131,149.1678504,581.2,-0.51,-0.02,0.0,0.0,45.09,,,,,,,,,,,
1790036336.3340387,GPS_RAW_INT,,,,,,,,,,,,,,,,,,6,10
1790036336.3359861,ATTITUDE,,,,,,,,,,,,,,,0.002047318732365966,0.001790482783690095,0.7870154976844788,,
1790036336.3374486,RAW_IMU,,,,,,,,,0,0,-1001,1,1,1,,,,,
1790036336.3533928,ATTITUDE,,,,,,,,,,,,,,,0.0020456325728446245,0.0017883889377117157,0.7870221138000488,,
1790036336.354285,RAW_IMU,,,,,,,,,0,0,-1001,1,1,1,,,,,
1790036336.3733666,ATTITUDE,,,,,,,,,,,,,,,0.0020459527149796486,0.0017860368825495243,0.7870244383811951,,
1790036336.374291,RAW_IMU,,,,,,,,,0,0,-1001,1,1,1,,,,,
1790036336.3947797,ATTITUDE,,,,,,,,,,,,,,,0.002046243753284216,0.0017854778561741114,0.7870275378227234,,
1790036336.3963652,RAW_IMU,,,,,,,,,0,0,-1001,1,1,1,,,,,
1790036336.4138827,ATTITUDE,,,,,,,,,,,,,,,0.0020480738021433353,0.0017866083653643727,0.7870333194732666,,
1790036336.4147584,RAW_IMU,,,,,,,,,0,0,-1001,1,1,1,,,,,
1790036336.433868,GLOBAL_POSITION_INT,-35.361131,149.1678504,581.21,-0.509,-0.02,0.0,0.0,45.09,,,,,,,,,,,
1790036336.4346163,GPS_RAW_INT,,,,,,,,,,,,,,,,,,6,10
1790036336.4364986,ATTITUDE,,,,,,,,,,,,,,,0.002050626790151,0.0017882934771478176,0.7870395183563232,,
1790036336.438367,RAW_IMU,,,,,,,,,0,0,-1001,1,1,1,,,,,
1790036336.8320327,GLOBAL_POSITION_INT,-35.361131,149.1678504,581.21,-0.509,-0.02,0.0,0.0,45.09,,,,,,,,,,,
1790036336.8330717,RAW_IMU,,,,,,,,,0,0,-1001,1,1,1,,,,,
1790036336.8336048,GPS_RAW_INT,,,,,,,,,,,,,,,,,,6,10
1790036336.8922708,ATTITUDE,,,,,,,,,,,,,,,0.0020681836176663637,0.00178212346509099,0.7871468663215637,,
1790036336.8931284,RAW_IMU,,,,,,,,,0,0,-1001,1,1,1,,,,,
1790036336.895331,GLOBAL_POSITION_INT,-35.361131,149.1678504,581.21,-0.508,-0.02,0.0,0.0,45.1,,,,,,,,,,,
1790036336.8958902,GPS_RAW_INT,,,,,,,,,,,,,,,,,,6,10
1790036336.8978672,ATTITUDE,,,,,,,,,,,,,,,0.002067374065518379,0.0017792544094845653,0.787151575088501,,
1790036336.8990617,RAW_IMU,,,,,,,,,0,0,-1001,1,1,1,,,,,
1790036336.918152,ATTITUDE,,,,,,,,,,,,,,,0.002064517932012677,0.0017764685908332467,0.787156879901886,,
1790036336.9190476,RAW_IMU,,,,,,,,,0,0,-1001,1,1,1,,,,,
1790036336.938393,ATTITUDE,,,,,,,,,,,,,,,0.002064330503344536,0.0017745576333254576,0.7871619462966919,,
1790036336.939786,RAW_IMU,,,,,,,,,0,0,-1001,1,1,1,,,,,
1790036336.9408228,GLOBAL_POSITION_INT,-35.361131,149.1678504,581.21,-0.508,-0.02,0.0,0.0,45.1,,,,,,,,,,,
1790036336.9416368,GPS_RAW_INT,,,,,,,,,,,,,,,,,,6,10
1790036336.9580193,ATTITUDE,,,,,,,,,,,,,,,0.0020638147834688425,0.0017729478422552347,0.7871675491333008,,
1790036336.9594648,RAW_IMU,,,,,,,,,0,0,-1001,1,1,1,,,,,
1790036336.9780169,ATTITUDE,,,,,,,,,,,,,,,0.0020642222370952368,0.0017710113897919655,0.7871704697608948,,
1790036336.9793901,RAW_IMU,,,,,,,,,0,0,-1001,1,1,1,,,,,
1790036336.9980953,ATTITUDE,,,,,,,,,,,,,,,0.0020652750972658396,0.0017690558452159166,0.7871739864349365,,
1790036337.0003917,RAW_IMU,,,,,,,,,0,0,-1000,1,1,1,,,,,
1790036337.0187435,ATTITUDE,,,,,,,,,,,,,,,0.002066373825073242,0.0017701011383906007,0.7871795296669006,,
1790036337.0199428,RAW_IMU,,,,,,,,,0,0,-1001,1,1,1,,,,,
1790036337.0386882,ATTITUDE,,,,,,,,,,,,,,,0.002067983616143465,0.001770994276739657,0.787185788154602,,
1790036337.0396562,RAW_IMU,,,,,,,,,0,0,-1001,1,1,1,,,,,
1790036337.040831,GLOBAL_POSITION_INT,-35.361131,149.1678504,581.21,-0.507,-0.02,0.0,0.0,45.1,,,,,,,,,,,
1790036337.0415964,GPS_RAW_INT,,,,,,,,,,,,,,,,,,6,10
1790036337.0586526,ATTITUDE,,,,,,,,,,,,,,,0.002070802729576826,0.0017731813713908195,0.787189781665802,,
1790036337.0594938,RAW_IMU,,,,,,,,,0,0,-1001,1,1,1,,,,,
1790036337.0788076,ATTITUDE,,,,,,,,,,,,,,,0.0020730600226670504,0.001776201417669654,0.7871918082237244,,
1790036337.0805166,RAW_IMU,,,,,,,,,0,0,-1001,1,1,1,,,,,
1790036337.0988932,ATTITUDE,,,,,,,,,,,,,,,0.002073678420856595,0.0017735495930537581,0.7871954441070557,,
1790036337.1002285,RAW_IMU,,,,,,,,,0,0,-1001,2,1,1,,,,,
1790036337.118934,ATTITUDE,,,,,,,,,,,,,,,0.002071953611448407,0.0017710900865495205,0.7871997952461243,,
1790036337.1215348,RAW_IMU,,,,,,,,,0,0,-1001,1,1,1,,,,,
1790036337.1531792,ATTITUDE,,,,,,,,,,,,,,,0.002070721937343478,0.001770498463883996,0.787205696105957,,
1790036337.154172,RAW_IMU,,,,,,,,,0,0,-1001,1,1,1,,,,,
1790036337.1552396,GLOBAL_POSITION_INT,-35.361131,149.1678504,581.21,-0.507,-0.02,0.0,0.0,45.1,,,,,,,,,,,
1790036337.1575668,GPS_RAW_INT,,,,,,,,,,,,,,,,,,6,10
1790036337.1600008,ATTITUDE,,,,,,,,,,,,,,,0.002070005750283599,0.0017711971886456013,0.7872105836868286,,
1790036337.1614463,RAW_IMU,,,,,,,,,0,0,-1001,1,2,1,,,,,
1790036337.1762376,ATTITUDE,,,,,,,,,,,,,,,0.0020699594169855118,0.0017706473590806127,0.7872134447097778,,
1790036337.1782653,RAW_IMU,,,,,,,,,0,0,-1001,1,1,1,,,,,
1790036337.196165,ATTITUDE,,,,,,,,,,,,,,,0.0020711561664938927,0.0017702123150229454,0.7872167229652405,,
1790036337.1978018,RAW_IMU,,,,,,,,,0,0,-1001,1,1,1,,,,,
1790036337.2170005,ATTITUDE,,,,,,,,,,,,,,,0.002071460708975792,0.0017709260573610663,0.7872224450111389,,
1790036337.218709,RAW_IMU,,,,,,,,,0,0,-1001,1,1,1,,,,,
1790036337.238123,ATTITUDE,,,,,,,,,,,,,,,0.0020727994851768017,0.0017725019715726376,0.787227988243103,,
1790036337.2403584,RAW_IMU,,,,,,,,,0,0,-1001,1,1,1,,,,,
1790036337.2413776,GLOBAL_POSITION_INT,-35.361131,149.1678504,581.21,-0.507,-0.02,0.0,0.0,45.1,,,,,,,,,,,
1790036337.2423098,GPS_RAW_INT,,,,,,,,,,,,,,,,,,6,10
1790036337.2578807,ATTITUDE,,,,,,,,,,,,,,,0.0020748996175825596,0.0017743018688634038,0.7872330546379089,,
1790036337.2587104,RAW_IMU,,,,,,,,,0,0,-1001,1,1,1,,,,,
1790036337.2788928,ATTITUDE,,,,,,,,,,,,,,,0.0020787829998880625,0.0017765727825462818,0.787234902381897,,
1790036337.2804325,RAW_IMU,,,,,,,,,0,0,-1001,1,1,1,,,,,
1790036337.2996805,ATTITUDE,,,,,,,,,,,,,,,0.0020750868134200573,0.001773411058820784,0.7872397899627686,,
1790036337.3010533,RAW_IMU,,,,,,,,,0,0,-1001,1,1,1,,,,,
1790036337.3152223,ATTITUDE,,,,,,,,,,,,,,,0.002073952229693532,0.0017722159391269088,0.7872441411018372,,
1790036337.3166184,RAW_IMU,,,,,,,,,0,0,-1001,1,2,1,,,,,
1790036337.335728,ATTITUDE,,,,,,,,,,,,,,,0.002071699593216181,0.001769959693774581,0.7872496843338013,,
1790036337.3369532,RAW_IMU,,,,,,,,,0,0,-1001,1,1,1,,,,,
1790036337.3377676,GLOBAL_POSITION_INT,-35.361131,149.1678504,581.21,-0.507,-0.02,0.0,0.0,45.1,,,,,,,,,,,
1790036337.3419847,GPS_RAW_INT,,,,,,,,,,,,,,,,,,6,10
1790036337.3578799,ATTITUDE,,,,,,,,,,,,,,,0.0020714846905320883,0.0017710414249449968,0.7872556447982788,,
1790036337.3601794,RAW_IMU,,,,,,,,,0,0,-1001,1,2,1,,,,,
1790036337.4064867,ATTITUDE,,,,,,,,,,,,,,,0.002072066767141223,0.0017697998555377126,0.7872593402862549,,
1790036337.4077363,RAW_IMU,,,,,,,,,0,0,-1001,1,1,1,,,,,
1790036337.4100146,ATTITUDE,,,,,,,,,,,,,,,0.0020735454745590687,0.0017698907759040594,0.7872627973556519,,
1790036337.4117968,RAW_IMU,,,,,,,,,0,0,-1000,2,1,1,,,,,
1790036337.4158304,ATTITUDE,,,,,,,,,,,,,,,0.002074036980047822,0.0017702205805107951,0.787265956401825,,
1790036337.4177918,RAW_IMU,,,,,,,,,0,0,-1001,1,1,1,,,,,
1790036337.4351332,ATTITUDE,,,,,,,,,,,,,,,0.002075695665553212,0.0017707296647131443,0.7872713208198547,,
1790036337.4363992,RAW_IMU,,,,,,,,,0,0,-1001,1,1,1,,,,,
1790036337.4379978,GLOBAL_POSITION_INT,-35.361131,149.1678504,581.21,-0.506,-0.02,0.0,0.0,45.1,,,,,,,,,,,
1790036337.4390001,GPS_RAW_INT,,,,,,,,,,,,,,,,,,6,10
1790036337.4556863,ATTITUDE,,,,,,,,,,,,,,,0.002078003715723753,0.0017731764819473028,0.7872763276100159,,
1790036337.457531,RAW_IMU,,,,,,,,,0,0,-1001,1,1,1,,,,,
1790036337.479216,ATTITUDE,,,,,,,,,,,,,,,0.002080728765577078,0.0017751913983374834,0.7872787117958069,,
1790036337.4796977,RAW_IMU,,,,,,,,,0,0,-1001,1,1,1,,,,,
1790036337.4982638,ATTITUDE,,,,,,,,,,,,,,,0.002080255653709173,0.0017733100103214383,0.7872815132141113,,
1790036337.502914,RAW_IMU,,,,,,,,,0,0,-1001,1,1,1,,,,,
1790036337.5195901,ATTITUDE,,,,,,,,,,,,,,,0.0020799576304852962,0.001770903472788632,0.7872856259346008,,
1790036337.5216389,RAW_IMU,,,,,,,,,0,0,-1001,1,1,1,,,,,
1790036337.5394795,ATTITUDE,,,,,,,,,,,,,,,0.002078464487567544,0.001769013237208128,0.7872915267944336,,
1790036337.5401845,RAW_IMU,,,,,,,,,0,0,-1000,1,1,1,,,,,
1790036337.5415428,GLOBAL_POSITION_INT,-35.361131,149.1678504,581.21,-0.506,-0.02,0.0,0.0,45.1,,,,,,,,,,,
1790036337.5422997,GPS_RAW_INT,,,,,,,,,,,,,,,,,,6,10
1790036337.5592613,ATTITUDE,,,,,,,,,,,,,,,0.0020788449328392744,0.0017682883189991117,0.7872967720031738,,
1790036337.560124,RAW_IMU,,,,,,,,,0,0,-1001,1,1,1,,,,,
1790036337.5793772,ATTITUDE,,,,,,,,,,,,,,,0.0020783923100680113,0.0017661700258031487,0.7873004674911499,,
1790036337.5811865,RAW_IMU,,,,,,,,,0,0,-1001,1,1,1,,,,,
1790036337.5950751,ATTITUDE,,,,,,,,,,,,,,,0.002078570192679763,0.0017659951699897647,0.7873049378395081,,
1790036337.5971186,RAW_IMU,,,,,,,,,0,0,-1001,1,1,1,,,,,
1790036337.6157384,ATTITUDE,,,,,,,,,,,,,,,0.0020787599496543407,0.0017664229962974787,0.7873096466064453,,
1790036337.6174512,RAW_IMU,,,,,,,,,0,0,-1001,1,1,1,,,,,
1790036337.651415,ATTITUDE,,,,,,,,,,,,,,,0.002082108985632658,0.0017667962238192558,0.7873141765594482,,
1790036337.6542046,RAW_IMU,,,,,,,,,0,0,-1001,1,1,1,,,,,
1790036337.6549046,GLOBAL_POSITION_INT,-35.361131,149.1678504,581.21,-0.506,-0.02,0.0,0.0,45.1,,,,,,,,,,,
1790036337.6556485,GPS_RAW_INT,,,,,,,,,,,,,,,,,,6,10
1790036337.656668,ATTITUDE,,,,,,,,,,,,,,,0.0020830410066992044,0.0017670971574261785,0.7873196005821228,,
1790036337.6580565,RAW_IMU,,,,,,,,,0,0,-1001,1,1,1,,,,,
1790036337.6762216,ATTITUDE,,,,,,,,,,,,,,,0.002085953252390027,0.0017688923981040716,0.7873225808143616,,
1790036337.6777065,RAW_IMU,,,,,,,,,0,0,-1001,1,1,1,,,,,
1790036337.6975968,ATTITUDE,,,,,,,,,,,,,,,0.002083882223814726,0.001766112633049488,0.7873256206512451,,
1790036337.6996052,RAW_IMU,,,,,,,,,0,0,-1001,1,1,1,,,,,
1790036337.7178752,ATTITUDE,,,,,,,,,,,,,,,0.002082911552861333,0.0017642644234001637,0.7873291373252869,,
1790036337.7196,RAW_IMU,,,,,,,,,0,0,-1001,1,1,1,,,,,
1790036337.7378016,ATTITUDE,,,,,,,,,,,,,,,0.002083581406623125,0.0017630679067224264,0.7873340845108032,,
1790036337.738858,RAW_IMU,,,,,,,,,0,0,-1001,2,1,1,,,,,
1790036337.7396984,GLOBAL_POSITION_INT,-35.361131,149.1678504,581.21,-0.506,-0.02,0.0,0.0,45.11,,,,,,,,,,,
1790036337.7405467,GPS_RAW_INT,,,,,,,,,,,,,,,,,,6,10
1790036337.7577395,ATTITUDE,,,,,,,,,,,,,,,0.002082246821373701,0.0017617142293602228,0.7873396277427673,,
1790036337.7588756,RAW_IMU,,,,,,,,,0,0,-1001,1,1,1,,,,,
1790036337.7778606,ATTITUDE,,,,,,,,,,,,,,,0.0020815583411604166,0.00175904156640172,0.7873430252075195,,
1790036337.77895,RAW_IMU,,,,,,,,,0,0,-1001,1,1,1,,,,,
1790036337.797965,ATTITUDE,,,,,,,,,,,,,,,0.002082226099446416,0.0017589584458619356,0.7873491644859314,,
1790036337.7989182,RAW_IMU,,,,,,,,,0,0,-1001,1,1,2,,,,,
1790036337.818129,ATTITUDE,,,,,,,,,,,,,,,0.002083445666357875,0.0017609294736757874,0.7873538136482239,,
1790036337.8193612,RAW_IMU,,,,,,,,,0,0,-1001,1,2,1,,,,,
1790036337.8382068,ATTITUDE,,,,,,,,,,,,,,,0.002086913213133812,0.001762653118930757,0.7873597741127014,,
1790036337.8393793,RAW_IMU,,,,,,,,,0,0,-1001,2,1,1,,,,,
1790036337.840108,GLOBAL_POSITION_INT,-35.361131,149.1678504,581.21,-0.506,-0.02,0.0,0.0,45.11,,,,,,,,,,,
1790036337.8407345,GPS_RAW_INT,,,,,,,,,,,,,,,,,,6,10
1790036337.858962,ATTITUDE,,,,,,,,,,,,,,,0.0020895458292216063,0.0017636322882026434,0.7873644232749939,,
1790036337.8605335,RAW_IMU,,,,,,,,,0,0,-1001,1,1,1,,,,,
1790036337.8972564,ATTITUDE,,,,,,,,,,,,,,,0.0020922154653817415,0.0017664801562204957,0.7873674631118774,,
1790036337.8993683,RAW_IMU,,,,,,,,,0,0,-1001,1,1,1,,,,,
1790036337.900109,ATTITUDE,,,,,,,,,,,,,,,0.002089977264404297,0.0017656233394518495,0.7873724102973938,,
1790036337.9032612,RAW_IMU,,,,,,,,,0,0,-1001,1,2,1,,,,,
1790036337.917035,ATTITUDE,,,,,,,,,,,,,,,0.0020897837821394205,0.001762435887940228,0.7873775362968445,,
1790036337.9187548,RAW_IMU,,,,,,,,,0,0,-1001,1,1,1,,,,,
1790036337.9367743,ATTITUDE,,,,,,,,,,,,,,,0.0020888715516775846,0.0017615249380469322,0.7873831391334534,,
1790036337.9383898,RAW_IMU,,,,,,,,,0,0,-1001,1,1,1,,,,,
1790036337.9401662,GLOBAL_POSITION_INT,-35.361131,149.1678504,581.21,-0.505,-0.02,0.0,0.0,45.11,,,,,,,,,,,
1790036337.9410837,GPS_RAW_INT,,,,,,,,,,,,,,,,,,6,10
1790036337.9563005,ATTITUDE,,,,,,,,,,,,,,,0.0020890329033136368,0.0017609994392842054,0.7873882055282593,,
1790036337.958075,RAW_IMU,,,,,,,,,0,0,-1001,1,1,1,,,,,
1790036337.9763656,ATTITUDE,,,,,,,,,,,,,,,0.00209035468287766,0.001761201536282897,0.7873919606208801,,
1790036337.9785051,RAW_IMU,,,,,,,,,0,0,-1001,1,1,1,,,,,
1790036337.9970672,ATTITUDE,,,,,,,,,,,,,,,0.002091147704049945,0.0017623301828280091,0.7873963117599487,,
1790036337.9985137,RAW_IMU,,,,,,,,,0,0,-1001,1,1,1,,,,,
1790036338.0167499,ATTITUDE,,,,,,,,,,,,,,,0.002092040376737714,0.0017643742030486465,0.7874016761779785,,
1790036338.018258,RAW_IMU,,,,,,,,,0,0,-1001,1,2,1,,,,,
1790036338.036882,ATTITUDE,,,,,,,,,,,,,,,0.0020936476066708565,0.0017655232222750783,0.7874068021774292,,
1790036338.0378733,RAW_IMU,,,,,,,,,0,0,-1001,1,1,1,,,,,
1790036338.0393353,GLOBAL_POSITION_INT,-35.361131,149.1678504,581.21,-0.505,-0.02,0.0,0.0,45.11,,,,,,,,,,,
1790036338.0399904,GPS_RAW_INT,,,,,,,,,,,,,,,,,,6,10
1790036338.0565922,ATTITUDE,,,,,,,,,,,,,,,0.002097421558573842,0.0017681773751974106,0.7874127626419067,,
1790036338.0584366,RAW_IMU,,,,,,,,,0,0,-1001,1,1,1,,,,,
1790036338.0756972,ATTITUDE,,,,,,,,,,,,,,,0.002100894693285227,0.0017723561031743884,0.7874174118041992,,
1790036338.0765367,RAW_IMU,,,,,,,,,0,0,-1001,1,1,1,,,,,
1790036338.0986094,ATTITUDE,,,,,,,,,,,,,,,0.002097331453114748,0.0017704968340694904,0.787421703338623,,
1790036338.0990777,RAW_IMU,,,,,,,,,0,0,-1001,1,1,1,,,,,
1790036338.1159623,ATTITUDE,,,,,,,,,,,,,,,0.002096374984830618,0.0017687835497781634,0.7874273657798767,,
1790036338.1164484,RAW_IMU,,,,,,,,,0,0,-1000,1,1,1,,,,,
1790036338.1391644,ATTITUDE,,,,,,,,,,,,,,,0.0020946573931723833,0.0017676780698820949,0.7874335646629333,,
1790036338.1398282,RAW_IMU,,,,,,,,,0,0,-1001,1,1,1,,,,,
1790036338.1399803,GLOBAL_POSITION_INT,-35.361131,149.1678504,581.21,-0.505,-0.02,0.0,0.0,45.11,,,,,,,,,,,
1790036338.140162,GPS_RAW_INT,,,,,,,,,,,,,,,,,,6,10
1790036338.1567926,ATTITUDE,,,,,,,,,,,,,,,0.002094993833452463,0.001767024747096002,0.7874395251274109,,
1790036338.1571558,RAW_IMU,,,,,,,,,0,0,-1001,1,1,1,,,,,
1790036338.179863,ATTITUDE,,,,,,,,,,,,,,,0.0020957172382622957,0.001768419868312776,0.7874405980110168,,
1790036338.1801825,RAW_IMU,,,,,,,,,0,0,-1001,1,2,1,,,,,
1790036338.1976876,ATTITUDE,,,,,,,,,,,,,,,0.0020973181817680597,0.0017687897197902203,0.7874455451965332,,
1790036338.19837,RAW_IMU,,,,,,,,,0,0,-1001,1,1,1,,,,,
1790036338.2152367,ATTITUDE,,,,,,,,,,,,,,,0.0020971184130758047,0.0017698918236419559,0.7874506115913391,,
1790036338.2155924,RAW_IMU,,,,,,,,,0,0,-1001,1,1,1,,,,,
1790036338.2383296,ATTITUDE,,,,,,,,,,,,,,,0.0021001696586608887,0.0017717358423396945,0.7874570488929749,,
1790036338.238774,RAW_IMU,,,,,,,,,0,0,-1001,1,1,1,,,,,
1790036338.2391887,GLOBAL_POSITION_INT,-35.361131,149.1678504,581.21,-0.505,-0.02,0.0,0.0,45.11,,,,,,,,,,,
1790036338.239503,GPS_RAW_INT,,,,,,,,,,,,,,,,,,6,10
1790036338.255853,ATTITUDE,,,,,,,,,,,,,,,0.0021031976211816072,0.0017738224705681205,0.7874628901481628,,
1790036338.2561903,RAW_IMU,,,,,,,,,0,0,-1001,1,1,1,,,,,
1790036338.2791572,ATTITUDE,,,,,,,,,,,,,,,0.002106632338836789,0.0017768763937056065,0.7874654531478882,,
1790036338.279622,RAW_IMU,,,,,,,,,0,0,-1001,1,1,1,,,,,
1790036338.2967987,ATTITUDE,,,,,,,,,,,,,,,0.0021053492091596127,0.0017757026944309473,0.7874704599380493,,
1790036338.2972336,RAW_IMU,,,,,,,,,0,0,-1001,1,2,1,,,,,
1790036338.319759,ATTITUDE,,,,,,,,,,,,,,,0.002105281688272953,0.0017766131786629558,0.7874741554260254,,
1790036338.3201194,RAW_IMU,,,,,,,,,0,0,-1001,1,2,1,,,,,
1790036338.3374584,ATTITUDE,,,,,,,,,,,,,,,0.002103771548718214,0.0017747191013768315,0.7874813079833984,,
1790036338.33797,RAW_IMU,,,,,,,,,0,0,-1001,1,1,1,,,,,
1790036338.3384743,GLOBAL_POSITION_INT,-35.361131,149.1678504,581.21,-0.505,-0.02,0.0,0.0,45.11,,,,,,,,,,,
1790036338.3387964,GPS_RAW_INT,,,,,,,,,,,,,,,,,,6,10
1790036338.3550599,ATTITUDE,,,,,,,,,,,,,,,0.0021039913408458233,0.0017738641472533345,0.7874874472618103,,
1790036338.355416,RAW_IMU,,,,,,,,,0,0,-1001,1,1,1,,,,,
1790036338.38305,ATTITUDE,,,,,,,,,,,,,,,0.0021038574632257223,0.0017749045509845018,0.7874910235404968,,
1790036338.3840516,RAW_IMU,,,,,,,,,0,0,-1001,1,1,1,,,,,
1790036338.3994098,ATTITUDE,,,,,,,,,,,,,,,0.002106248866766691,0.0017751158447936177,0.7874940037727356,,
1790036338.400093,RAW_IMU,,,,,,,,,0,0,-1001,1,1,1,,,,,
1790036338.419411,ATTITUDE,,,,,,,,,,,,,,,0.002107321284711361,0.001776939956471324,0.7874978184700012,,
1790036338.4204717,RAW_IMU,,,,,,,,,0,0,-1001,1,2,1,,,,,
1790036338.439155,ATTITUDE,,,,,,,,,,,,,,,0.0021088584326207638,0.0017785292584449053,0.7875033617019653,,
1790036338.44004,RAW_IMU,,,,,,,,,0,0,-1001,1,1,1,,,,,
1790036338.440903,GLOBAL_POSITION_INT,-35.361131,149.1678504,581.21,-0.505,-0.02,0.0,0.0,45.12,,,,,,,,,,,
1790036338.442001,GPS_RAW_INT,,,,,,,,,,,,,,,,,,6,10
1790036338.4595087,ATTITUDE,,,,,,,,,,,,,,,0.002111623762175441,0.001780798309482634,0.7875091433525085,,
1790036338.4614077,RAW_IMU,,,,,,,,,0,0,-1001,1,1,1,,,,,
1790036338.4803748,ATTITUDE,,,,,,,,,,,,,,,0.002115525072440505,0.0017825637478381395,0.787510335445404,,
1790036338.481348,RAW_IMU,,,,,,,,,0,0,-1001,1,1,1,,,,,
1790036338.505862,ATTITUDE,,,,,,,,,,,,,,,0.0021144042257219553,0.001780653721652925,0.7875151038169861,,
1790036338.506579,RAW_IMU,,,,,,,,,0,0,-1001,1,1,1,,,,,
1790036338.5159993,ATTITUDE,,,,,,,,,,,,,,,0.0021143010817468166,0.00177805928979069,0.7875202298164368,,
1790036338.517847,RAW_IMU,,,,,,,,,0,0,-1001,1,1,1,,,,,
1790036338.5365338,ATTITUDE,,,,,,,,,,,,,,,0.002114113885909319,0.0017773716244846582,0.787525475025177,,
1790036338.538311,RAW_IMU,,,,,,,,,0,0,-1001,1,1,1,,,,,
1790036338.5391338,GLOBAL_POSITION_INT,-35.361131,149.1678504,581.21,-0.504,-0.02,0.0,0.0,45.12,,,,,,,,,,,
1790036338.5395622,GPS_RAW_INT,,,,,,,,,,,,,,,,,,6,10
1790036338.556395,ATTITUDE,,,,,,,,,,,,,,,0.0021140449680387974,0.0017763609066605568,0.7875299453735352,,
1790036338.5577917,RAW_IMU,,,,,,,,,0,0,-1001,1,1,1,,,,,
1790036338.5764506,ATTITUDE,,,,,,,,,,,,,,,0.002114528324455023,0.0017766014207154512,0.7875327467918396,,
1790036338.5779514,RAW_IMU,,,,,,,,,0,0,-1001,1,1,1,,,,,
1790036338.5963156,ATTITUDE,,,,,,,,,,,,,,,0.0021155187860131264,0.0017772463615983725,0.7875373959541321,,
1790036338.5986552,RAW_IMU,,,,,,,,,0,0,-1001,1,1,1,,,,,
1790036338.616175,ATTITUDE,,,,,,,,,,,,,,,0.0021172319538891315,0.001778008765541017,0.7875422835350037,,
1790036338.618131,RAW_IMU,,,,,,,,,0,0,-1001,1,1,1,,,,,
1790036338.6391275,ATTITUDE,,,,,,,,,,,,,,,0.002119734650477767,0.001779057434760034,0.7875457406044006,,
1790036338.6405916,RAW_IMU,,,,,,,,,0,0,-1001,1,1,1,,,,,
1790036338.6416845,GLOBAL_POSITION_INT,-35.361131,149.1678504,581.21,-0.504,-0.02,0.0,0.0,45.12,,,,,,,,,,,
1790036338.6426136,GPS_RAW_INT,,,,,,,,,,,,,,,,,,6,10
1790036338.65595,ATTITUDE,,,,,,,,,,,,,,,0.002121775643900037,0.0017810926074162126,0.7875503301620483,,
1790036338.6568365,RAW_IMU,,,,,,,,,0,0,-1001,1,1,1,,,,,
1790036338.6760805,ATTITUDE,,,,,,,,,,,,,,,0.0021242345683276653,0.0017834141617640853,0.7875530123710632,,
1790036338.6772065,RAW_IMU,,,,,,,,,0,0,-1000,1,1,1,,,,,
1790036338.6961536,ATTITUDE,,,,,,,,,,,,,,,0.0021211467683315277,0.0017807834083214402,0.7875563502311707,,
1790036338.6983633,RAW_IMU,,,,,,,,,0,0,-1001,1,1,1,,,,,
1790036338.716885,ATTITUDE,,,,,,,,,,,,,,,0.0021212873980402946,0.0017797325272113085,0.7875620722770691,,
1790036338.7186093,RAW_IMU,,,,,,,,,0,0,-1001,1,1,1,,,,,
1790036338.7366807,ATTITUDE,,,,,,,,,,,,,,,0.002121338387951255,0.001779175945557654,0.7875685691833496,,
1790036338.7377203,RAW_IMU,,,,,,,,,0,0,-1001,1,1,1,,,,,
1790036338.7386508,GLOBAL_POSITION_INT,-35.361131,149.1678504,581.21,-0.504,-0.02,0.0,0.0,45.12,,,,,,,,,,,
1790036338.7395856,GPS_RAW_INT,,,,,,,,,,,,,,,,,,6,10
1790036338.7567644,ATTITUDE,,,,,,,,,,,,,,,0.0021216408349573612,0.0017797332257032394,0.7875741720199585,,
1790036338.7578163,RAW_IMU,,,,,,,,,0,0,-1001,1,1,1,,,,,
1790036338.77707,ATTITUDE,,,,,,,,,,,,,,,0.002121831988915801,0.0017802721122279763,0.7875771522521973,,
1790036338.7783985,RAW_IMU,,,,,,,,,0,0,-1001,1,1,1,,,,,
1790036338.796741,ATTITUDE,,,,,,,,,,,,,,,0.0021233700681477785,0.0017802155343815684,0.7875811457633972,,
1790036338.79869,RAW_IMU,,,,,,,,,0,0,-1001,1,1,1,,,,,
1790036338.8179457,ATTITUDE,,,,,,,,,,,,,,,0.002124626189470291,0.0017794949235394597,0.7875864505767822,,
1790036338.819155,RAW_IMU,,,,,,,,,0,0,-1001,1,1,1,,,,,
1790036338.8384807,ATTITUDE,,,,,,,,,,,,,,,0.002127656014636159,0.001781291444785893,0.7875927090644836,,
1790036338.8398805,RAW_IMU,,,,,,,,,0,0,-1001,1,1,1,,,,,
1790036338.840554,GLOBAL_POSITION_INT,-35.361131,149.1678504,581.21,-0.504,-0.02,0.0,0.0,45.12,,,,,,,,,,,
1790036338.8411644,GPS_RAW_INT,,,,,,,,,,,,,,,,,,6,10
1790036338.8583405,ATTITUDE,,,,,,,,,,,,,,,0.002130041364580393,0.0017835265025496483,0.7875961661338806,,
1790036338.8592143,RAW_IMU,,,,,,,,,0,0,-1001,1,1,1,,,,,
1790036338.8978863,ATTITUDE,,,,,,,,,,,,,,,0.0021345026325434446,0.0017884655389934778,0.7875978946685791,,
1790036338.8985093,RAW_IMU,,,,,,,,,0,0,-1001,2,2,1,,,,,
1790036338.8996909,ATTITUDE,,,,,,,,,,,,,,,0.0021314378827810287,0.001786386827006936,0.7876012921333313,,
1790036338.9002583,RAW_IMU,,,,,,,,,0,0,-1001,1,1,1,,,,,
1790036338.9190638,ATTITUDE,,,,,,,,,,,,,,,0.0021295901387929916,0.0017857938073575497,0.7876062393188477,,
1790036338.92042,RAW_IMU,,,,,,,,,0,0,-1001,1,1,1,,,,,
1790036338.9390168,ATTITUDE,,,,,,,,,,,,,,,0.0021298520732671022,0.0017846346599981189,0.7876111268997192,,
1790036338.9400747,RAW_IMU,,,,,,,,,0,0,-1001,1,1,1,,,,,
1790036338.9415972,GLOBAL_POSITION_INT,-35.361131,149.1678504,581.21,-0.504,-0.02,0.0,0.0,45.12,,,,,,,,,,,
1790036338.9422612,GPS_RAW_INT,,,,,,,,,,,,,,,,,,6,10
1790036338.9588637,ATTITUDE,,,,,,,,,,,,,,,0.002129919361323118,0.001785700093023479,0.7876163721084595,,
1790036338.9608243,RAW_IMU,,,,,,,,,0,0,-1001,1,2,1,,,,,
1790036338.9790382,ATTITUDE,,,,,,,,,,,,,,,0.0021307829301804304,0.001786438631825149,0.7876200675964355,,
1790036338.980688,RAW_IMU,,,,,,,,,0,0,-1001,2,1,1,,,,,
1790036338.9990683,ATTITUDE,,,,,,,,,,,,,,,0.0021314071491360664,0.0017865159315988421,0.7876229286193848,,
1790036339.0007346,RAW_IMU,,,,,,,,,0,0,-1000,1,1,1,,,,,
1790036339.0192258,ATTITUDE,,,,,,,,,,,,,,,0.0021331063471734524,0.001788122346624732,0.7876296043395996,,
1790036339.0202634,RAW_IMU,,,,,,,,,0,0,-1001,1,1,1,,,,,
1790036339.0389626,ATTITUDE,,,,,,,,,,,,,,,0.002135759685188532,0.001789592090062797,0.7876352071762085,,
1790036339.0396144,RAW_IMU,,,,,,,,,0,0,-1001,1,1,1,,,,,
1790036339.0400198,GLOBAL_POSITION_INT,-35.361131,149.1678504,581.21,-0.504,-0.02,0.0,0.0,45.12,,,,,,,,,,,
1790036339.0414772,GPS_RAW_INT,,,,,,,,,,,,,,,,,,6,10
1790036339.0591898,ATTITUDE,,,,,,,,,,,,,,,0.002138355281203985,0.0017909967573359609,0.7876400947570801,,
1790036339.0603743,RAW_IMU,,,,,,,,,0,0,-1001,1,1,1,,,,,
1790036339.0798504,ATTITUDE,,,,,,,,,,,,,,,0.00214214320294559,0.0017939663957804441,0.7876412868499756,,
1790036339.0812776,RAW_IMU,,,,,,,,,0,0,-1001,1,1,1,,,,,
1790036339.1004865,ATTITUDE,,,,,,,,,,,,,,,0.0021411271300166845,0.0017929630121216178,0.7876452207565308,,
1790036339.1018794,RAW_IMU,,,,,,,,,0,0,-1001,1,1,1,,,,,
1790036339.1158574,ATTITUDE,,,,,,,,,,,,,,,0.002139402087777853,0.0017915730131790042,0.7876501083374023,,
1790036339.116771,RAW_IMU,,,,,,,,,0,0,-1001,1,1,1,,,,,
1790036339.1512494,ATTITUDE,,,,,,,,,,,,,,,0.002140931086614728,0.0017904596170410514,0.787656307220459,,
1790036339.1527526,RAW_IMU,,,,,,,,,0,0,-1001,2,1,1,,,,,
1790036339.1537213,GLOBAL_POSITION_INT,-35.361131,149.1678504,581.21,-0.504,-0.02,0.0,0.0,45.12,,,,,,,,,,,
1790036339.1548624,GPS_RAW_INT,,,,,,,,,,,,,,,,,,6,10
1790036339.1571746,ATTITUDE,,,,,,,,,,,,,,,0.002140900120139122,0.001789796631783247,0.7876620292663574,,
1790036339.1578686,RAW_IMU,,,,,,,,,0,0,-1001,1,1,1,,,,,
1790036339.1768522,ATTITUDE,,,,,,,,,,,,,,,0.002142376732081175,0.0017890352755784988,0.7876660823822021,,
1790036339.178322,RAW_IMU,,,,,,,,,0,0,-1001,2,1,1,,,,,
1790036339.1968074,ATTITUDE,,,,,,,,,,,,,,,0.0021435259841382504,0.0017884206026792526,0.7876701951026917,,
1790036339.1979806,RAW_IMU,,,,,,,,,0,0,-1001,1,1,1,,,,,
1790036339.216668,ATTITUDE,,,,,,,,,,,,,,,0.002144882455468178,0.0017892245668917894,0.7876754999160767,,
1790036339.2181227,RAW_IMU,,,,,,,,,0,0,-1001,1,1,1,,,,,
1790036339.2374003,ATTITUDE,,,,,,,,,,,,,,,0.0021469411440193653,0.0017894851043820381,0.7876823544502258,,
1790036339.2383318,RAW_IMU,,,,,,,,,0,0,-1001,1,1,2,,,,,
1790036339.2394745,GLOBAL_POSITION_INT,-35.361131,149.1678504,581.21,-0.504,-0.02,0.0,0.0,45.13,,,,,,,,,,,
1790036339.240426,GPS_RAW_INT,,,,,,,,,,,,,,,,,,6,10
1790036339.257497,ATTITUDE,,,,,,,,,,,,,,,0.0021488023921847343,0.0017910486785694957,0.787686824798584,,
1790036339.2590108,RAW_IMU,,,,,,,,,0,0,-1000,1,1,1,,,,,
1790036339.2777758,ATTITUDE,,,,,,,,,,,,,,,0.0021528489887714386,0.0017931659240275621,0.7876886129379272,,
1790036339.2784922,RAW_IMU,,,,,,,,,0,0,-1001,1,1,1,,,,,
1790036339.29794,ATTITUDE,,,,,,,,,,,,,,,0.0021524166222661734,0.0017917152727022767,0.7876937985420227,,
1790036339.2985582,RAW_IMU,,,,,,,,,0,0,-1001,2,1,1,,,,,
1790036339.3176308,ATTITUDE,,,,,,,,,,,,,,,0.0021524515468627214,0.001792777911759913,0.7876993417739868,,
1790036339.3195765,RAW_IMU,,,,,,,,,0,0,-1001,1,2,1,,,,,
1790036339.3375533,ATTITUDE,,,,,,,,,,,,,,,0.0021516766864806414,0.0017928335582837462,0.787703812122345,,
1790036339.3392186,RAW_IMU,,,,,,,,,0,0,-1001,1,2,1,,,,,
1790036339.3400779,GLOBAL_POSITION_INT,-35.361131,149.1678504,581.21,-0.503,-0.02,0.0,0.0,45.13,,,,,,,,,,,
1790036339.341012,GPS_RAW_INT,,,,,,,,,,,,,,,,,,6,10
1790036339.3576925,ATTITUDE,,,,,,,,,,,,,,,0.002152390545234084,0.0017918591620400548,0.7877084016799927,,
1790036339.3585012,RAW_IMU,,,,,,,,,0,0,-1001,2,1,1,,,,,
1790036339.3962076,ATTITUDE,,,,,,,,,,,,,,,0.0021530576050281525,0.0017906238790601492,0.7877100110054016,,
1790036339.3972247,RAW_IMU,,,,,,,,,0,0,-1001,1,1,1,,,,,
1790036339.398722,ATTITUDE,,,,,,,,,,,,,,,0.0021546620409935713,0.0017908073496073484,0.7877139449119568,,
1790036339.4002247,RAW_IMU,,,,,,,,,0,0,-1001,1,1,1,,,,,
1790036339.4178855,ATTITUDE,,,,,,,,,,,,,,,0.0021578872110694647,0.00179222971200943,0.7877194881439209,,
1790036339.4189112,RAW_IMU,,,,,,,,,0,0,-1001,2,1,2,,,,,
1790036339.4374785,ATTITUDE,,,,,,,,,,,,,,,0.002159658120945096,0.001794366748072207,0.7877259254455566,,
1790036339.4387822,RAW_IMU,,,,,,,,,0,0,-1001,1,1,2,,,,,
1790036339.4398978,GLOBAL_POSITION_INT,-35.361131,149.1678504,581.21,-0.503,-0.02,0.0,0.0,45.13,,,,,,,,,,,
1790036339.4407585,GPS_RAW_INT,,,,,,,,,,,,,,,,,,6,10
1790036339.458057,ATTITUDE,,,,,,,,,,,,,,,0.0021610907278954983,0.0017964799189940095,0.7877303957939148,,
1790036339.460097,RAW_IMU,,,,,,,,,0,0,-1001,1,1,1,,,,,
1790036339.4785855,ATTITUDE,,,,,,,,,,,,,,,0.0021646602544933558,0.0017993573565036058,0.7877329587936401,,
1790036339.4805076,RAW_IMU,,,,,,,,,0,0,-1001,1,1,1,,,,,
1790036339.49847,ATTITUDE,,,,,,,,,,,,,,,0.0021631403360515833,0.0017967649037018418,0.7877375483512878,,
1790036339.4998477,RAW_IMU,,,,,,,,,0,0,-1001,1,1,2,,,,,
1790036339.5196207,ATTITUDE,,,,,,,,,,,,,,,0.0021610406693071127,0.0017973975045606494,0.7877435684204102,,
1790036339.5211759,RAW_IMU,,,,,,,,,0,0,-1001,1,2,2,,,,,
1790036339.5391638,ATTITUDE,,,,,,,,,,,,,,,0.002160786185413599,0.0017963567515835166,0.7877504825592041,,
1790036339.5406682,RAW_IMU,,,,,,,,,0,0,-1001,1,1,1,,,,,
1790036339.5416474,GLOBAL_POSITION_INT,-35.361131,149.1678504,581.21,-0.503,-0.02,0.0,0.0,45.13,,,,,,,,,,,
1790036339.5430636,GPS_RAW_INT,,,,,,,,,,,,,,,,,,6,10
1790036339.5596476,ATTITUDE,,,,,,,,,,,,,,,0.002161134732887149,0.001795674441382289,0.7877546548843384,,
1790036339.560792,RAW_IMU,,,,,,,,,0,0,-1001,1,1,1,,,,,
1790036339.5796573,ATTITUDE,,,,,,,,,,,,,,,0.0021614490542560816,0.0017959113465622067,0.7877582311630249,,
1790036339.5812135,RAW_IMU,,,,,,,,,0,0,-1001,1,1,1,,,,,
1790036339.5998528,ATTITUDE,,,,,,,,,,,,,,,0.0021636509336531162,0.0017972680507227778,0.7877626419067383,,
1790036339.6017988,RAW_IMU,,,,,,,,,0,0,-1000,2,2,1,,,,,
1790036339.620355,ATTITUDE,,,,,,,,,,,,,,,0.0021640430204570293,0.001798489480279386,0.7877679467201233,,
1790036339.6218605,RAW_IMU,,,,,,,,,0,0,-1001,1,1,1,,,,,
1790036339.6481767,ATTITUDE,,,,,,,,,,,,,,,0.002164417179301381,0.001798750483430922,0.7877728343009949,,
1790036339.6491117,RAW_IMU,,,,,,,,,0,0,-1001,1,1,1,,,,,
1790036339.6499534,GLOBAL_POSITION_INT,-35.361131,149.1678504,581.21,-0.503,-0.02,0.0,0.0,45.13,,,,,,,,,,,
1790036339.650741,GPS_RAW_INT,,,,,,,,,,,,,,,,,,6,10
1790036339.6553621,ATTITUDE,,,,,,,,,,,,,,,0.0021686451509594917,0.001803024671971798,0.7877795696258545,,
1790036339.6568902,RAW_IMU,,,,,,,,,0,0,-1001,2,2,1,,,,,
1790036339.6754224,ATTITUDE,,,,,,,,,,,,,,,0.0021720577497035265,0.0018061690498143435,0.7877818942070007,,
1790036339.6763864,RAW_IMU,,,,,,,,,0,0,-1000,1,2,1,,,,,
1790036339.7003498,ATTITUDE,,,,,,,,,,,,,,,0.002170747146010399,0.0018050356302410364,0.7877841591835022,,
1790036339.702789,RAW_IMU,,,,,,,,,0,0,-1001,1,1,1,,,,,
1790036339.7155745,ATTITUDE,,,,,,,,,,,,,,,0.0021696940530091524,0.0018036689143627882,0.7877896428108215,,
1790036339.7171636,RAW_IMU,,,,,,,,,0,0,-1001,1,1,1,,,,,
1790036339.735838,ATTITUDE,,,,,,,,,,,,,,,0.0021697874180972576,0.0018032391089946032,0.7877947092056274,,
1790036339.7378023,RAW_IMU,,,,,,,,,0,0,-1001,1,1,1,,,,,
1790036339.7389348,GLOBAL_POSITION_INT,-35.361131,149.1678504,581.21,-0.503,-0.02,0.0,0.0,45.13,,,,,,,,,,,
1790036339.7398186,GPS_RAW_INT,,,,,,,,,,,,,,,,,,6,10
1790036339.7560909,ATTITUDE,,,,,,,,,,,,,,,0.002169947372749448,0.0018035650718957186,0.7878013253211975,,
1790036339.7576768,RAW_IMU,,,,,,,,,0,0,-1001,1,1,2,,,,,
1790036339.776229,ATTITUDE,,,,,,,,,,,,,,,0.0021700316574424505,0.0018038277048617601,0.7878040075302124,,
1790036339.7776995,RAW_IMU,,,,,,,,,0,0,-1001,1,1,1,,,,,
1790036339.7968926,ATTITUDE,,,,,,,,,,,,,,,0.0021707986015826464,0.001803895109333098,0.7878075838088989,,
1790036339.7980506,RAW_IMU,,,,,,,,,0,0,-1001,1,1,1,,,,,
1790036339.8179557,ATTITUDE,,,,,,,,,,,,,,,0.0021735047921538353,0.0018060046713799238,0.7878127694129944,,
1790036339.8200479,RAW_IMU,,,,,,,,,0,0,-1001,1,2,2,,,,,
1790036339.8376637,ATTITUDE,,,,,,,,,,,,,,,0.0021744666155427694,0.0018077597487717867,0.7878177762031555,,
1790036339.8394666,RAW_IMU,,,,,,,,,0,0,-1001,1,1,1,,,,,
1790036339.8405266,GLOBAL_POSITION_INT,-35.361131,149.1678504,581.21,-0.503,-0.02,0.0,0.0,45.13,,,,,,,,,,,
1790036339.8414707,GPS_RAW_INT,,,,,,,,,,,,,,,,,,6,10
1790036339.8574998,ATTITUDE,,,,,,,,,,,,,,,0.002177025657147169,0.0018099936423823237,0.7878214716911316,,
1790036339.8585048,RAW_IMU,,,,,,,,,0,0,-1001,1,1,1,,,,,
1790036339.9003835,ATTITUDE,,,,,,,,,,,,,,,0.002178223803639412,0.0018104572081938386,0.787824809551239,,
1790036339.900915,RAW_IMU,,,,,,,,,0,0,-1001,1,2,1,,,,,
1790036339.9020946,ATTITUDE,,,,,,,,,,,,,,,0.0021766379941254854,0.0018097028369084,0.7878287434577942,,
1790036339.9035697,RAW_IMU,,,,,,,,,0,0,-1001,1,1,1,,,,,
1790036339.918684,ATTITUDE,,,,,,,,,,,,,,,0.002176353707909584,0.0018095443956553936,0.787833571434021,,
1790036339.9205813,RAW_IMU,,,,,,,,,0,0,-1001,1,2,1,,,,,
1790036339.9388993,ATTITUDE,,,,,,,,,,,,,,,0.0021760989911854267,0.0018099204171448946,0.7878395318984985,,
1790036339.940038,RAW_IMU,,,,,,,,,0,0,-1001,1,2,1,,,,,
1790036339.940733,GLOBAL_POSITION_INT,-35.361131,149.1678504,581.21,-0.503,-0.02,0.0,0.0,45.13,,,,,,,,,,,
1790036339.9416604,GPS_RAW_INT,,,,,,,,,,,,,,,,,,6,10
1790036339.9588954,ATTITUDE,,,,,,,,,,,,,,,0.002176324836909771,0.0018105218186974525,0.7878445982933044,,
1790036339.9601324,RAW_IMU,,,,,,,,,0,0,-1001,1,2,1,,,,,
1790036339.979079,ATTITUDE,,,,,,,,,,,,,,,0.00217904313467443,0.001811181427910924,0.7878478169441223,,
1790036339.9805424,RAW_IMU,,,,,,,,,0,0,-1001,2,1,2,,,,,
1790036339.9998686,ATTITUDE,,,,,,,,,,,,,,,0.0021796762011945248,0.0018121364992111921,0.7878519296646118,,
1790036340.000702,RAW_IMU,,,,,,,,,0,0,-1001,1,1,1,,,,,
1790036340.0207558,ATTITUDE,,,,,,,,,,,,,,,0.0021801406983286142,0.0018126160139217973,0.7878572940826416,,
1790036340.0216799,RAW_IMU,,,,,,,,,0,0,-1001,1,1,2,,,,,
1790036340.0410202,ATTITUDE,,,,,,,,,,,,,,,0.0021808368619531393,0.0018147433875128627,0.7878639698028564,,
1790036340.0422928,RAW_IMU,,,,,,,,,0,0,-1001,1,1,2,,,,,
1790036340.043204,GLOBAL_POSITION_INT,-35.361131,149.1678504,581.21,-0.503,-0.02,0.0,0.0,45.14,,,,,,,,,,,
1790036340.0440416,GPS_RAW_INT,,,,,,,,,,,,,,,,,,6,10
1790036340.0610027,ATTITUDE,,,,,,,,,,,,,,,0.0021830787882208824,0.0018163603963330388,0.7878696322441101,,
1790036340.0624926,RAW_IMU,,,,,,,,,0,0,-1001,1,1,1,,,,,
1790036340.0808554,ATTITUDE,,,,,,,,,,,,,,,0.002185013610869646,0.001818922464735806,0.7878738641738892,,
1790036340.0821748,RAW_IMU,,,,,,,,,0,0,-1001,1,1,2,,,,,
1790036340.101336,ATTITUDE,,,,,,,,,,,,,,,0.0021834929939359426,0.0018194644944742322,0.7878764867782593,,
1790036340.1029465,RAW_IMU,,,,,,,,,0,0,-1001,1,2,1,,,,,
1790036340.1161106,ATTITUDE,,,,,,,,,,,,,,,0.002182123949751258,0.0018179044127464294,0.787880539894104,,
1790036340.1179235,RAW_IMU,,,,,,,,,0,0,-1001,1,1,1,,,,,
1790036340.1406786,ATTITUDE,,,,,,,,,,,,,,,0.0021821511909365654,0.0018187575042247772,0.7878870368003845,,
1790036340.1422536,RAW_IMU,,,,,,,,,0,0,-1001,1,2,2,,,,,
1790036340.14342,GLOBAL_POSITION_INT,-35.361131,149.1678504,581.21,-0.503,-0.02,0.0,0.0,45.14,,,,,,,,,,,
1790036340.1445854,GPS_RAW_INT,,,,,,,,,,,,,,,,,,6,10
1790036340.1573672,ATTITUDE,,,,,,,,,,,,,,,0.0021832541096955538,0.001818399759940803,0.7878933548927307,,
1790036340.1581488,RAW_IMU,,,,,,,,,0,0,-1001,1,1,1,,,,,
1790036340.177695,ATTITUDE,,,,,,,,,,,,,,,0.0021863561123609543,0.001818990334868431,0.7878969311714172,,
1790036340.178691,RAW_IMU,,,,,,,,,0,0,-1001,2,1,2,,,,,
1790036340.1979277,ATTITUDE,,,,,,,,,,,,,,,0.002187783131375909,0.0018195591401308775,0.7879024744033813,,
1790036340.1988006,RAW_IMU,,,,,,,,,0,0,-1001,2,1,2,,,,,
1790036340.2186306,ATTITUDE,,,,,,,,,,,,,,,0.0021895049139857292,0.0018203093204647303,0.7879073023796082,,
1790036340.2194927,RAW_IMU,,,,,,,,,0,0,-1001,1,1,1,,,,,
1790036340.2388554,ATTITUDE,,,,,,,,,,,,,,,0.002192016923800111,0.0018231042195111513,0.7879118919372559,,
1790036340.2398434,RAW_IMU,,,,,,,,,0,0,-1001,1,2,1,,,,,
1790036340.2417312,GLOBAL_POSITION_INT,-35.361131,149.1678504,581.21,-0.503,-0.02,0.0,0.0,45.14,,,,,,,,,,,
1790036340.2426696,GPS_RAW_INT,,,,,,,,,,,,,,,,,,6,10
1790036340.2591646,ATTITUDE,,,,,,,,,,,,,,,0.002193160355091095,0.0018255346221849322,0.7879176735877991,,
1790036340.260921,RAW_IMU,,,,,,,,,0,0,-1001,1,1,1,,,,,
1790036340.2790895,ATTITUDE,,,,,,,,,,,,,,,0.002196731511503458,0.0018299109069630504,0.7879200577735901,,
1790036340.280104,RAW_IMU,,,,,,,,,0,0,-1001,1,2,1,,,,,
1790036340.2989237,ATTITUDE,,,,,,,,,,,,,,,0.002196255838498473,0.0018288015853613615,0.7879233956336975,,
1790036340.3002028,RAW_IMU,,,,,,,,,0,0,-1001,2,1,1,,,,,
1790036340.3203347,ATTITUDE,,,,,,,,,,,,,,,0.002194785512983799,0.001827193540520966,0.7879279851913452,,
1790036340.3211207,RAW_IMU,,,,,,,,,0,0,-1001,1,1,1,,,,,
1790036340.340665,ATTITUDE,,,,,,,,,,,,,,,0.0021948653738945723,0.0018248801352456212,0.7879335880279541,,
1790036340.3416233,RAW_IMU,,,,,,,,,0,0,-1001,1,1,1,,,,,
1790036340.3429646,GLOBAL_POSITION_INT,-35.361131,149.1678504,581.21,-0.503,-0.02,0.0,0.0,45.14,,,,,,,,,,,
1790036340.3444061,GPS_RAW_INT,,,,,,,,,,,,,,,,,,6,10
1790036340.360977,ATTITUDE,,,,,,,,,,,,,,,0.0021943466272205114,0.0018240225035697222,0.7879400253295898,,
1790036340.362314,RAW_IMU,,,,,,,,,0,0,-1001,1,1,2,,,,,
1790036340.3931036,ATTITUDE,,,,,,,,,,,,,,,0.002195255132392049,0.0018238316988572478,0.787943959236145,,
1790036340.3942661,RAW_IMU,,,,,,,,,0,0,-1001,2,1,2,,,,,
1790036340.4008906,ATTITUDE,,,,,,,,,,,,,,,0.0021952285896986723,0.0018239121418446302,0.7879467606544495,,
1790036340.402261,RAW_IMU,,,,,,,,,0,0,-1001,1,1,1,,,,,
1790036340.4208627,ATTITUDE,,,,,,,,,,,,,,,0.002195818582549691,0.0018256973708048463,0.7879513502120972,,
1790036340.4221756,RAW_IMU,,,,,,,,,0,0,-1001,1,1,1,,,,,
1790036340.4409935,ATTITUDE,,,,,,,,,,,,,,,0.0021979438606649637,0.0018273427849635482,0.7879580855369568,,
1790036340.4428704,RAW_IMU,,,,,,,,,0,0,-1001,1,1,2,,,,,
1790036340.4439316,GLOBAL_POSITION_INT,-35.361131,149.1678504,581.21,-0.503,-0.02,0.0,0.0,45.14,,,,,,,,,,,
1790036340.4446533,GPS_RAW_INT,,,,,,,,,,,,,,,,,,6,10
1790036340.461115,ATTITUDE,,,,,,,,,,,,,,,0.002200571820139885,0.0018300387309864163,0.7879628539085388,,
1790036340.4624124,RAW_IMU,,,,,,,,,0,0,-1001,1,1,1,,,,,
1790036340.4764128,ATTITUDE,,,,,,,,,,,,,,,0.00220363587141037,0.001832396606914699,0.7879658341407776,,
1790036340.4783022,RAW_IMU,,,,,,,,,0,0,-1001,1,1,1,,,,,
1790036340.4966116,ATTITUDE,,,,,,,,,,,,,,,0.0022037019953131676,0.001832320587709546,0.787969172000885,,
1790036340.4984677,RAW_IMU,,,,,,,,,0,0,-1001,2,2,1,,,,,
1790036340.5179796,ATTITUDE,,,,,,,,,,,,,,,0.0022038735914975405,0.0018324109259992838,0.7879733443260193,,
1790036340.5194507,RAW_IMU,,,,,,,,,0,0,-1001,2,2,1,,,,,
1790036340.5382578,ATTITUDE,,,,,,,,,,,,,,,0.002203187206760049,0.0018314699409529567,0.7879786491394043,,
1790036340.5399733,RAW_IMU,,,,,,,,,0,0,-1001,1,1,1,,,,,
1790036340.540764,GLOBAL_POSITION_INT,-35.361131,149.1678504,581.21,-0.503,-0.02,0.0,0.0,45.14,,,,,,,,,,,
1790036340.541668,GPS_RAW_INT,,,,,,,,,,,,,,,,,,6,10
1790036340.5572603,ATTITUDE,,,,,,,,,,,,,,,0.002204435644671321,0.0018310672603547573,0.787984311580658,,
1790036340.5586,RAW_IMU,,,,,,,,,0,0,-1001,2,1,1,,,,,
1790036340.5776913,ATTITUDE,,,,,,,,,,,,,,,0.002204275457188487,0.0018305720295757055,0.7879872918128967,,
1790036340.5788858,RAW_IMU,,,,,,,,,0,0,-1001,1,1,1,,,,,
1790036340.598316,ATTITUDE,,,,,,,,,,,,,,,0.00220395065844059,0.0018303884426131845,0.787990391254425,,
1790036340.5995963,RAW_IMU,,,,,,,,,0,0,-1001,1,1,1,,,,,
1790036340.6190746,ATTITUDE,,,,,,,,,,,,,,,0.002206306206062436,0.0018313083564862609,0.7879963517189026,,
1790036340.6206803,RAW_IMU,,,,,,,,,0,0,-1001,2,1,2,,,,,
1790036340.653087,ATTITUDE,,,,,,,,,,,,,,,0.0022095260210335255,0.001833711052313447,0.7880026698112488,,
1790036340.6543412,RAW_IMU,,,,,,,,,0,0,-1001,2,2,2,,,,,
1790036340.6552,GLOBAL_POSITION_INT,-35.361131,149.1678504,581.21,-0.502,-0.02,0.0,0.0,45.14,,,,,,,,,,,
1790036340.656598,GPS_RAW_INT,,,,,,,,,,,,,,,,,,6,10
1790036340.6607907,ATTITUDE,,,,,,,,,,,,,,,0.0022113551385700703,0.001836854382418096,0.7880083322525024,,
1790036340.662098,RAW_IMU,,,,,,,,,0,0,-1001,1,2,2,,,,,
1790036340.6806388,ATTITUDE,,,,,,,,,,,,,,,0.002213632920756936,0.0018399576656520367,0.7880107164382935,,
1790036340.6819806,RAW_IMU,,,,,,,,,0,0,-1001,1,2,1,,,,,
1790036340.700903,ATTITUDE,,,,,,,,,,,,,,,0.0022122671362012625,0.0018375653307884932,0.7880152463912964,,
1790036340.7023337,RAW_IMU,,,,,,,,,0,0,-1001,1,1,2,,,,,
1790036340.7161956,ATTITUDE,,,,,,,,,,,,,,,0.0022108256816864014,0.0018378013046458364,0.7880200147628784,,
1790036340.7181606,RAW_IMU,,,,,,,,,0,0,-1001,1,2,1,,,,,
1790036340.7363834,ATTITUDE,,,,,,,,,,,,,,,0.0022109609562903643,0.0018362774280831218,0.7880248427391052,,
1790036340.7381802,RAW_IMU,,,,,,,,,0,0,-1001,2,1,1,,,,,
1790036340.7391086,GLOBAL_POSITION_INT,-35.361131,149.1678504,581.21,-0.502,-0.02,0.0,0.0,45.15,,,,,,,,,,,
1790036340.740042,GPS_RAW_INT,,,,,,,,,,,,,,,,,,6,10
1790036340.7558103,ATTITUDE,,,,,,,,,,,,,,,0.0022107278928160667,0.0018358806846663356,0.7880290150642395,,
1790036340.7574434,RAW_IMU,,,,,,,,,0,0,-1001,1,1,1,,,,,
1790036340.7808106,ATTITUDE,,,,,,,,,,,,,,,0.00221072300337255,0.0018363231793045998,0.7880311012268066,,
1790036340.782682,RAW_IMU,,,,,,,,,0,0,-1001,1,1,1,,,,,
1790036340.8009493,ATTITUDE,,,,,,,,,,,,,,,0.002210285048931837,0.0018374621868133545,0.7880341410636902,,
1790036340.8018649,RAW_IMU,,,,,,,,,0,0,-1001,1,1,1,,,,,
1790036340.8210442,ATTITUDE,,,,,,,,,,,,,,,0.0022107427939772606,0.0018384996801614761,0.7880379557609558,,
1790036340.822723,RAW_IMU,,,,,,,,,0,0,-1001,1,1,1,,,,,
1790036340.8408551,ATTITUDE,,,,,,,,,,,,,,,0.0022131947334855795,0.0018405381124466658,0.7880444526672363,,
1790036340.8418777,RAW_IMU,,,,,,,,,0,0,-1001,1,1,1,,,,,
1790036340.8427715,GLOBAL_POSITION_INT,-35.361131,149.1678504,581.21,-0.502,-0.02,0.0,0.0,45.15,,,,,,,,,,,
1790036340.843559,GPS_RAW_INT,,,,,,,,,,,,,,,,,,6,10
1790036340.8608232,ATTITUDE,,,,,,,,,,,,,,,0.0022145439870655537,0.001844711252488196,0.7880493998527527,,
1790036340.8623838,RAW_IMU,,,,,,,,,0,0,-1001,1,2,1,,,,,
1790036340.8897629,ATTITUDE,,,,,,,,,,,,,,,0.0022163023240864277,0.001849679509177804,0.7880524396896362,,
1790036340.890594,RAW_IMU,,,,,,,,,0,0,-1000,1,2,2,,,,,
1790036340.896242,ATTITUDE,,,,,,,,,,,,,,,0.0022145998664200306,0.0018484160536900163,0.788057804107666,,
1790036340.89739,RAW_IMU,,,,,,,,,0,0,-1001,1,1,2,,,,,
1790036340.921423,ATTITUDE,,,,,,,,,,,,,,,0.002211736747995019,0.001847150968387723,0.7880645394325256,,
1790036340.9233665,RAW_IMU,,,,,,,,,0,0,-1001,1,1,2,,,,,
1790036340.9359984,ATTITUDE,,,,,,,,,,,,,,,0.00221190694719553,0.0018464314052835107,0.7880718111991882,,
1790036340.9369745,RAW_IMU,,,,,,,,,0,0,-1001,1,1,2,,,,,
1790036340.9378555,GLOBAL_POSITION_INT,-35.361131,149.1678504,581.21,-0.502,-0.02,0.0,0.0,45.15,,,,,,,,,,,
1790036340.9387002,GPS_RAW_INT,,,,,,,,,,,,,,,,,,6,10
1790036340.9558742,ATTITUDE,,,,,,,,,,,,,,,0.0022129234857857227,0.0018453790107741952,0.7880766987800598,,
1790036340.9567785,RAW_IMU,,,,,,,,,0,0,-1001,2,1,1,,,,,
1790036340.980754,ATTITUDE,,,,,,,,,,,,,,,0.0022111525759100914,0.0018461371073499322,0.7880788445472717,,
1790036340.9813826,RAW_IMU,,,,,,,,,0,0,-1001,1,2,1,,,,,
1790036341.000813,ATTITUDE,,,,,,,,,,,,,,,0.002210056409239769,0.0018482599407434464,0.788081705570221,,
1790036341.0022502,RAW_IMU,,,,,,,,,0,0,-1001,1,2,1,,,,,
1790036341.0159671,ATTITUDE,,,,,,,,,,,,,,,0.002210878534242511,0.001849508611485362,0.7880870699882507,,
1790036341.01773,RAW_IMU,,,,,,,,,0,0,-1001,1,1,1,,,,,
1790036341.0357656,ATTITUDE,,,,,,,,,,,,,,,0.0022130999714136124,0.001851818524301052,0.7880916595458984,,
1790036341.0368648,RAW_IMU,,,,,,,,,0,0,-1001,1,1,1,,,,,
1790036341.0376587,GLOBAL_POSITION_INT,-35.361131,149.1678505,581.21,-0.502,-0.02,0.0,0.0,45.15,,,,,,,,,,,
1790036341.038505,GPS_RAW_INT,,,,,,,,,,,,,,,,,,6,10
1790036341.0559058,ATTITUDE,,,,,,,,,,,,,,,0.002215445041656494,0.0018550310051068664,0.7880970239639282,,
1790036341.057538,RAW_IMU,,,,,,,,,0,0,-1000,1,2,1,,,,,
1790036341.0808742,ATTITUDE,,,,,,,,,,,,,,,0.002216809894889593,0.0018582813208922744,0.7880996465682983,,
1790036341.0819905,RAW_IMU,,,,,,,,,0,0,-1001,1,1,1,,,,,
1790036341.1009448,ATTITUDE,,,,,,,,,,,,,,,0.0022146792616695166,0.0018581460462883115,0.7881045937538147,,
1790036341.1020777,RAW_IMU,,,,,,,,,0,0,-1001,1,2,2,,,,,
1790036341.1211085,ATTITUDE,,,,,,,,,,,,,,,0.002213158179074526,0.0018566451035439968,0.7881090044975281,,
1790036341.122654,RAW_IMU,,,,,,,,,0,0,-1001,1,2,1,,,,,
1790036341.1470854,ATTITUDE,,,,,,,,,,,,,,,0.0022133607417345047,0.0018561211181804538,0.788114607334137,,
1790036341.1489096,RAW_IMU,,,,,,,,,0,0,-1001,2,2,1,,,,,
1790036341.150048,GLOBAL_POSITION_INT,-35.361131,149.1678505,581.21,-0.502,-0.02,0.0,0.0,45.15,,,,,,,,,,,
1790036341.1513226,GPS_RAW_INT,,,,,,,,,,,,,,,,,,6,10
1790036341.1563976,ATTITUDE,,,,,,,,,,,,,,,0.0022109556011855602,0.0018545121420174837,0.7881183624267578,,
1790036341.1575449,RAW_IMU,,,,,,,,,0,0,-1001,1,1,1,,,,,
1790036341.1769657,ATTITUDE,,,,,,,,,,,,,,,0.002210816368460655,0.0018541290191933513,0.7881211042404175,,
1790036341.1781034,RAW_IMU,,,,,,,,,0,0,-1001,1,1,1,,,,,
1790036341.1982543,ATTITUDE,,,,,,,,,,,,,,,0.002210517879575491,0.001855399808846414,0.7881258130073547,,
1790036341.1992376,RAW_IMU,,,,,,,,,0,0,-1001,1,2,2,,,,,
1790036341.2185047,ATTITUDE,,,,,,,,,,,,,,,0.002212133724242449,0.001856906688772142,0.7881313562393188,,
1790036341.2204332,RAW_IMU,,,,,,,,,0,0,-1001,1,1,2,,,,,
1790036341.238056,ATTITUDE,,,,,,,,,,,,,,,0.002214330481365323,0.0018586843507364392,0.7881370186805725,,
1790036341.2388306,RAW_IMU,,,,,,,,,0,0,-1001,2,2,2,,,,,
1790036341.2391272,GLOBAL_POSITION_INT,-35.361131,149.1678505,581.21,-0.502,-0.02,0.0,0.0,45.15,,,,,,,,,,,
1790036341.240073,GPS_RAW_INT,,,,,,,,,,,,,,,,,,6,10
1790036341.2580047,ATTITUDE,,,,,,,,,,,,,,,0.002217629924416542,0.00186111347284168,0.7881410717964172,,
1790036341.2592757,RAW_IMU,,,,,,,,,0,0,-1001,2,1,1,,,,,
1790036341.278531,ATTITUDE,,,,,,,,,,,,,,,0.0022208376321941614,0.0018626829842105508,0.7881425619125366,,
1790036341.2796571,RAW_IMU,,,,,,,,,0,0,-1001,1,1,1,,,,,
1790036341.298729,ATTITUDE,,,,,,,,,,,,,,,0.0022194068878889084,0.001859514508396387,0.7881458401679993,,
1790036341.299755,RAW_IMU,,,,,,,,,0,0,-1001,1,1,1,,,,,
1790036341.3200004,ATTITUDE,,,,,,,,,,,,,,,0.0022165754344314337,0.0018590781837701797,0.7881490588188171,,
1790036341.320875,RAW_IMU,,,,,,,,,0,0,-1001,1,2,1,,,,,
1790036341.340311,ATTITUDE,,,,,,,,,,,,,,,0.0022181575186550617,0.001858786679804325,0.7881545424461365,,
1790036341.3411658,RAW_IMU,,,,,,,,,0,0,-1001,2,2,1,,,,,
1790036341.3425322,GLOBAL_POSITION_INT,-35.361131,149.1678505,581.21,-0.502,-0.02,0.0,0.0,45.15,,,,,,,,,,,
1790036341.3435981,GPS_RAW_INT,,,,,,,,,,,,,,,,,,6,10
1790036341.3605778,ATTITUDE,,,,,,,,,,,,,,,0.0022168995346874,0.0018589214887470007,0.7881588339805603,,
1790036341.3614764,RAW_IMU,,,,,,,,,0,0,-1001,1,2,1,,,,,
1790036341.3930442,ATTITUDE,,,,,,,,,,,,,,,0.002217179862782359,0.0018591831903904676,0.7881630063056946,,
1790036341.3938324,RAW_IMU,,,,,,,,,0,0,-1001,2,2,2,,,,,
1790036341.3957653,ATTITUDE,,,,,,,,,,,,,,,0.0022183982655406,0.0018581687472760677,0.788165807723999,,
1790036341.3976912,RAW_IMU,,,,,,,,,0,0,-1001,2,1,1,,,,,
1790036341.4171464,ATTITUDE,,,,,,,,,,,,,,,0.0022174210753291845,0.0018610665574669838,0.7881708145141602,,
1790036341.4184644,RAW_IMU,,,,,,,,,0,0,-1000,1,2,2,,,,,
1790036341.4362955,ATTITUDE,,,,,,,,,,,,,,,0.00222059921361506,0.0018613988067954779,0.7881737947463989,,
1790036341.4376216,RAW_IMU,,,,,,,,,0,0,-1001,2,1,1,,,,,
1790036341.4382885,GLOBAL_POSITION_INT,-35.361131,149.1678505,581.21,-0.502,-0.02,0.0,0.0,45.15,,,,,,,,,,,
1790036341.438979,GPS_RAW_INT,,,,,,,,,,,,,,,,,,6,10
1790036341.456195,ATTITUDE,,,,,,,,,,,,,,,0.002223877003416419,0.0018632103456184268,0.7881778478622437,,
1790036341.4582202,RAW_IMU,,,,,,,,,0,0,-1001,2,1,1,,,,,
1790036341.4767687,ATTITUDE,,,,,,,,,,,,,,,0.002226164098829031,0.00186632270924747,0.7881815433502197,,
1790036341.4785879,RAW_IMU,,,,,,,,,0,0,-1001,1,2,1,,,,,
1790036341.496538,ATTITUDE,,,,,,,,,,,,,,,0.0022243978455662727,0.0018643341027200222,0.788185715675354,,
1790036341.4975274,RAW_IMU,,,,,,,,,0,0,-1001,2,1,1,,,,,
1790036341.5169368,ATTITUDE,,,,,,,,,,,,,,,0.0022243638522922993,0.001863260637037456,0.7881897687911987,,
1790036341.51819,RAW_IMU,,,,,,,,,0,0,-1001,2,2,1,,,,,
1790036341.5378325,ATTITUDE,,,,,,,,,,,,,,,0.002224142197519541,0.0018626154633238912,0.7881945967674255,,
1790036341.5395172,RAW_IMU,,,,,,,,,0,0,-1001,2,2,1,,,,,
1790036341.5406244,GLOBAL_POSITION_INT,-35.361131,149.1678505,581.21,-0.502,-0.02,0.0,0.0,45.16,,,,,,,,,,,
1790036341.54159,GPS_RAW_INT,,,,,,,,,,,,,,,,,,6,10
1790036341.5580397,ATTITUDE,,,,,,,,,,,,,,,0.00222373497672379,0.0018621685449033976,0.7882011532783508,,
1790036341.5592632,RAW_IMU,,,,,,,,,0,0,-1001,1,2,1,,,,,
1790036341.5781739,ATTITUDE,,,,,,,,,,,,,,,0.0022240413818508387,0.0018627283861860633,0.7882055044174194,,
1790036341.5798836,RAW_IMU,,,,,,,,,0,0,-1001,2,2,2,,,,,
1790036341.5971622,ATTITUDE,,,,,,,,,,,,,,,0.002223498886451125,0.0018651216523721814,0.788210928440094,,
1790036341.598304,RAW_IMU,,,,,,,,,0,0,-1001,1,2,2,,,,,
1790036341.6185842,ATTITUDE,,,,,,,,,,,,,,,0.0022247498854994774,0.0018646502867341042,0.7882150411605835,,
1790036341.6199229,RAW_IMU,,,,,,,,,0,0,-1001,1,1,1,,,,,
1790036341.645009,ATTITUDE,,,,,,,,,,,,,,,0.002228733152151108,0.0018651547143235803,0.788218080997467,,
1790036341.6461718,RAW_IMU,,,,,,,,,0,0,-1001,2,1,1,,,,,
1790036341.6473653,GLOBAL_POSITION_INT,-35.361131,149.1678505,581.21,-0.502,-0.02,0.0,0.0,45.16,,,,,,,,,,,
1790036341.6477852,GPS_RAW_INT,,,,,,,,,,,,,,,,,,6,10
1790036341.6587055,ATTITUDE,,,,,,,,,,,,,,,0.0022320474963635206,0.0018677464686334133,0.7882260084152222,,
1790036341.6600964,RAW_IMU,,,,,,,,,0,0,-1001,2,1,2,,,,,
1790036341.6786978,ATTITUDE,,,,,,,,,,,,,,,0.002233534585684538,0.0018701605731621385,0.7882279753684998,,
1790036341.6802785,RAW_IMU,,,,,,,,,0,0,-1001,1,2,1,,,,,
1790036341.6985996,ATTITUDE,,,,,,,,,,,,,,,0.0022337879054248333,0.0018693457823246717,0.7882291078567505,,
1790036341.6997063,RAW_IMU,,,,,,,,,0,0,-1000,2,2,1,,,,,
1790036341.719072,ATTITUDE,,,,,,,,,,,,,,,0.002232582541182637,0.0018681517103686929,0.78823322057724,,
1790036341.720036,RAW_IMU,,,,,,,,,0,0,-1001,2,1,1,,,,,
1790036341.738698,ATTITUDE,,,,,,,,,,,,,,,0.0022319501731544733,0.0018673590384423733,0.7882369756698608,,
1790036341.7397563,RAW_IMU,,,,,,,,,0,0,-1001,1,2,1,,,,,
1790036341.7404935,GLOBAL_POSITION_INT,-35.361131,149.1678505,581.21,-0.502,-0.02,0.0,0.0,45.16,,,,,,,,,,,
1790036341.7411747,GPS_RAW_INT,,,,,,,,,,,,,,,,,,6,10
1790036341.7587335,ATTITUDE,,,,,,,,,,,,,,,0.0022312658838927746,0.0018670164281502366,0.7882441282272339,,
1790036341.7600563,RAW_IMU,,,,,,,,,0,0,-1001,1,2,2,,,,,
1790036341.7786102,ATTITUDE,,,,,,,,,,,,,,,0.0022317972034215927,0.0018676817417144775,0.7882471680641174,,
1790036341.779973,RAW_IMU,,,,,,,,,0,0,-1001,2,2,1,,,,,
1790036341.79869,ATTITUDE,,,,,,,,,,,,,,,0.0022322521544992924,0.0018689489224925637,0.7882497906684875,,
1790036341.7996194,RAW_IMU,,,,,,,,,0,0,-1001,2,2,1,,,,,
1790036341.8193066,ATTITUDE,,,,,,,,,,,,,,,0.0022333557717502117,0.0018694966565817595,0.7882533669471741,,
1790036341.8204522,RAW_IMU,,,,,,,,,0,0,-1001,1,1,1,,,,,
1790036341.8392968,ATTITUDE,,,,,,,,,,,,,,,0.0022357404232025146,0.001870522741228342,0.7882575988769531,,
1790036341.8408134,RAW_IMU,,,,,,,,,0,0,-1001,2,1,1,,,,,
1790036341.8421936,GLOBAL_POSITION_INT,-35.361131,149.1678505,581.21,-0.502,-0.02,0.0,0.0,45.16,,,,,,,,,,,
1790036341.8434277,GPS_RAW_INT,,,,,,,,,,,,,,,,,,6,10
1790036341.8593552,ATTITUDE,,,,,,,,,,,,,,,0.0022378643043339252,0.001873237662948668,0.7882624864578247,,
1790036341.8610153,RAW_IMU,,,,,,,,,0,0,-1001,2,2,1,,,,,
1790036341.9027538,ATTITUDE,,,,,,,,,,,,,,,0.0022387441713362932,0.0018748402362689376,0.7882640361785889,,
1790036341.9036486,RAW_IMU,,,,,,,,,0,0,-1001,1,1,1,,,,,
1790036341.9054067,ATTITUDE,,,,,,,,,,,,,,,0.002237880602478981,0.001873560482636094,0.7882654070854187,,
1790036341.9078648,RAW_IMU,,,,,,,,,0,0,-1001,2,2,1,,,,,
1790036341.9163263,ATTITUDE,,,,,,,,,,,,,,,0.002236011205241084,0.0018741252133622766,0.7882675528526306,,
1790036341.918554,RAW_IMU,,,,,,,,,0,0,-1001,1,2,1,,,,,
1790036341.936935,ATTITUDE,,,,,,,,,,,,,,,0.0022340291179716587,0.0018735023913905025,0.7882723212242126,,
1790036341.9386528,RAW_IMU,,,,,,,,,0,0,-1001,1,2,1,,,,,
1790036341.9404864,GLOBAL_POSITION_INT,-35.361131,149.1678505,581.21,-0.502,-0.02,0.0,0.0,45.16,,,,,,,,,,,
1790036341.9417226,GPS_RAW_INT,,,,,,,,,,,,,,,,,,6,10
1790036341.958485,ATTITUDE,,,,,,,,,,,,,,,0.0022345189936459064,0.0018734424374997616,0.7882764339447021,,
1790036341.9602292,RAW_IMU,,,,,,,,,0,0,-1001,2,2,1,,,,,
1790036341.9790032,ATTITUDE,,,,,,,,,,,,,,,0.0022345613688230515,0.001872529392130673,0.7882798314094543,,
1790036341.9801056,RAW_IMU,,,,,,,,,0,0,-1001,2,1,2,,,,,
1790036341.999219,ATTITUDE,,,,,,,,,,,,,,,0.0022343758028000593,0.0018728877184912562,0.788282573223114,,
1790036342.001945,RAW_IMU,,,,,,,,,0,0,-1001,1,1,1,,,,,
1790036342.0192325,ATTITUDE,,,,,,,,,,,,,,,0.0022368221543729305,0.0018740242812782526,0.7882855534553528,,
1790036342.0218925,RAW_IMU,,,,,,,,,0,0,-1001,2,1,1,,,,,
1790036342.0394912,ATTITUDE,,,,,,,,,,,,,,,0.002238500863313675,0.0018760712118819356,0.7882899641990662,,
1790036342.0407217,RAW_IMU,,,,,,,,,0,0,-1001,1,2,1,,,,,
1790036342.0424056,GLOBAL_POSITION_INT,-35.361131,149.1678505,581.21,-0.502,-0.02,0.0,0.0,45.16,,,,,,,,,,,
1790036342.0437837,GPS_RAW_INT,,,,,,,,,,,,,,,,,,6,10
1790036342.059559,ATTITUDE,,,,,,,,,,,,,,,0.002240697154775262,0.001878931187093258,0.7882944345474243,,
1790036342.0613663,RAW_IMU,,,,,,,,,0,0,-1001,1,2,1,,,,,
1790036342.0801785,ATTITUDE,,,,,,,,,,,,,,,0.00224243919365108,0.0018807492451742291,0.7882991433143616,,
1790036342.0813766,RAW_IMU,,,,,,,,,0,0,-1001,1,1,2,,,,,
1790036342.1004977,ATTITUDE,,,,,,,,,,,,,,,0.0022393744438886642,0.0018791729817166924,0.7883031964302063,,
1790036342.1015575,RAW_IMU,,,,,,,,,0,0,-1001,1,2,2,,,,,
1790036342.121284,ATTITUDE,,,,,,,,,,,,,,,0.002236621454358101,0.0018780560931190848,0.788308322429657,,
1790036342.123444,RAW_IMU,,,,,,,,,0,0,-1000,1,2,2,,,,,
1790036342.1585612,ATTITUDE,,,,,,,,,,,,,,,0.002236585598438978,0.0018766206922009587,0.7883135080337524,,
1790036342.160126,RAW_IMU,,,,,,,,,0,0,-1001,2,1,2,,,,,
1790036342.1610477,GLOBAL_POSITION_INT,-35.361131,149.1678505,581.21,-0.502,-0.02,0.0,0.0,45.16,,,,,,,,,,,
1790036342.1626618,GPS_RAW_INT,,,,,,,,,,,,,,,,,,6,10
1790036342.1645105,ATTITUDE,,,,,,,,,,,,,,,0.0022370493970811367,0.0018748686416074634,0.7883203625679016,,
1790036342.1663654,RAW_IMU,,,,,,,,,0,0,-1001,2,1,2,,,,,
1790036342.1801517,ATTITUDE,,,,,,,,,,,,,,,0.0022366612683981657,0.0018759402446448803,0.7883228659629822,,
1790036342.1812828,RAW_IMU,,,,,,,,,0,0,-1001,1,2,1,,,,,
1790036342.20019,ATTITUDE,,,,,,,,,,,,,,,0.0022372500970959663,0.001877004629932344,0.7883259057998657,,
1790036342.2015793,RAW_IMU,,,,,,,,,0,0,-1001,2,2,2,,,,,
1790036342.2211182,ATTITUDE,,,,,,,,,,,,,,,0.0022376214619725943,0.001877661095932126,0.788329005241394,,
1790036342.2217937,RAW_IMU,,,,,,,,,0,0,-1001,1,1,1,,,,,
1790036342.241515,ATTITUDE,,,,,,,,,,,,,,,0.0022398766595870256,0.0018809703178703785,0.7883362770080566,,
1790036342.2435875,RAW_IMU,,,,,,,,,0,0,-1001,2,2,2,,,,,
1790036342.2446012,GLOBAL_POSITION_INT,-35.361131,149.1678505,581.21,-0.502,-0.02,0.0,0.0,45.16,,,,,,,,,,,
1790036342.2456112,GPS_RAW_INT,,,,,,,,,,,,,,,,,,6,10
1790036342.2609546,ATTITUDE,,,,,,,,,,,,,,,0.002244621282443404,0.0018841247074306011,0.788343071937561,,
1790036342.2619038,RAW_IMU,,,,,,,,,0,0,-1001,2,2,2,,,,,
1790036342.2811823,ATTITUDE,,,,,,,,,,,,,,,0.002246526535600424,0.0018867574399337173,0.7883457541465759,,
1790036342.2827506,RAW_IMU,,,,,,,,,0,0,-1000,2,2,2,,,,,
1790036342.3010716,ATTITUDE,,,,,,,,,,,,,,,0.002243961673229933,0.0018847587052732706,0.7883488535881042,,
1790036342.301976,RAW_IMU,,,,,,,,,0,0,-1001,1,2,1,,,,,
1790036342.3172047,ATTITUDE,,,,,,,,,,,,,,,0.002242201706394553,0.0018830804619938135,0.7883522510528564,,
1790036342.3192263,RAW_IMU,,,,,,,,,0,0,-1001,1,1,1,,,,,
1790036342.3369846,ATTITUDE,,,,,,,,,,,,,,,0.0022424033377319574,0.0018842063145712018,0.7883571982383728,,
1790036342.338523,RAW_IMU,,,,,,,,,0,0,-1001,2,2,2,,,,,
1790036342.3392694,GLOBAL_POSITION_INT,-35.361131,149.1678505,581.21,-0.502,-0.02,0.0,0.0,45.16,,,,,,,,,,,
1790036342.340731,GPS_RAW_INT,,,,,,,,,,,,,,,,,,6,10
1790036342.3570225,ATTITUDE,,,,,,,,,,,,,,,0.0022414634004235268,0.0018842407735064626,0.7883631587028503,,
1790036342.358024,RAW_IMU,,,,,,,,,0,0,-1001,1,2,2,,,,,
1790036342.3926067,ATTITUDE,,,,,,,,,,,,,,,0.0022417574655264616,0.001885362435132265,0.7883652448654175,,
1790036342.3932498,RAW_IMU,,,,,,,,,0,0,-1001,2,2,1,,,,,
1790036342.397236,ATTITUDE,,,,,,,,,,,,,,,0.0022418489679694176,0.001884356257505715,0.788368284702301,,
1790036342.3984563,RAW_IMU,,,,,,,,,0,0,-1001,1,1,2,,,,,
1790036342.417802,ATTITUDE,,,,,,,,,,,,,,,0.0022425802890211344,0.001885637640953064,0.7883721590042114,,
1790036342.4197786,RAW_IMU,,,,,,,,,0,0,-1001,1,2,2,,,,,
1790036342.438468,ATTITUDE,,,,,,,,,,,,,,,0.0022451116237789392,0.0018895036773756146,0.7883777618408203,,
1790036342.439389,RAW_IMU,,,,,,,,,0,0,-1001,2,2,2,,,,,
1790036342.441529,GLOBAL_POSITION_INT,-35.361131,149.1678505,581.21,-0.502,-0.02,0.0,0.0,45.17,,,,,,,,,,,
1790036342.4426763,GPS_RAW_INT,,,,,,,,,,,,,,,,,,6,10
1790036342.459532,ATTITUDE,,,,,,,,,,,,,,,0.0022471786942332983,0.0018907140474766493,0.788383960723877,,
1790036342.461499,RAW_IMU,,,,,,,,,0,0,-1001,1,1,2,,,,,
1790036342.4809449,ATTITUDE,,,,,,,,,,,,,,,0.00224855775013566,0.0018925137119367719,0.7883874177932739,,
1790036342.4827592,RAW_IMU,,,,,,,,,0,0,-1001,1,1,1,,,,,
1790036342.5014296,ATTITUDE,,,,,,,,,,,,,,,0.0022457209415733814,0.0018900699215009809,0.7883894443511963,,
1790036342.5024085,RAW_IMU,,,,,,,,,0,0,-1001,1,1,1,,,,,
1790036342.5166104,ATTITUDE,,,,,,,,,,,,,,,0.0022443304769694805,0.0018904214957728982,0.7883944511413574,,
1790036342.517999,RAW_IMU,,,,,,,,,0,0,-1001,1,2,2,,,,,
1790036342.5376089,ATTITUDE,,,,,,,,,,,,,,,0.0022437397856265306,0.0018908845959231257,0.7884002923965454,,
1790036342.5400307,RAW_IMU,,,,,,,,,0,0,-1001,2,2,2,,,,,
1790036342.5413373,GLOBAL_POSITION_INT,-35.361131,149.1678505,581.21,-0.502,-0.02,0.0,0.0,45.17,,,,,,,,,,,
1790036342.5427551,GPS_RAW_INT,,,,,,,,,,,,,,,,,,6,10
1790036342.5580323,ATTITUDE,,,,,,,,,,,,,,,0.0022432988043874502,0.001890100771561265,0.7884057760238647,,
1790036342.5595257,RAW_IMU,,,,,,,,,0,0,-1001,2,2,1,,,,,
1790036342.5780437,ATTITUDE,,,,,,,,,,,,,,,0.002242652466520667,0.0018903810996562243,0.7884088754653931,,
1790036342.579609,RAW_IMU,,,,,,,,,0,0,-1001,2,2,1,,,,,
1790036342.5978117,ATTITUDE,,,,,,,,,,,,,,,0.002242110436782241,0.0018883064622059464,0.788412868976593,,
1790036342.5999746,RAW_IMU,,,,,,,,,0,0,-1001,2,1,1,,,,,
1790036342.6189754,ATTITUDE,,,,,,,,,,,,,,,0.0022439598105847836,0.0018881970318034291,0.7884164452552795,,
1790036342.620757,RAW_IMU,,,,,,,,,0,0,-1001,2,1,1,,,,,
1790036342.6506917,ATTITUDE,,,,,,,,,,,,,,,0.0022448142990469933,0.0018918312853202224,0.7884224057197571,,
1790036342.6526353,RAW_IMU,,,,,,,,,0,0,-1001,1,2,1,,,,,
1790036342.6539538,GLOBAL_POSITION_INT,-35.361131,149.1678505,581.21,-0.502,-0.02,0.0,0.0,45.17,,,,,,,,,,,
1790036342.655354,GPS_RAW_INT,,,,,,,,,,,,,,,,,,6,10
1790036342.6611953,ATTITUDE,,,,,,,,,,,,,,,0.0022466094233095646,0.0018954658880829811,0.788428544998169,,
1790036342.6627443,RAW_IMU,,,,,,,,,0,0,-1001,1,2,2,,,,,
1790036342.6813679,ATTITUDE,,,,,,,,,,,,,,,0.0022481365595012903,0.0018968842923641205,0.788429319858551,,
1790036342.6833885,RAW_IMU,,,,,,,,,0,0,-1001,1,1,1,,,,,
1790036342.7011852,ATTITUDE,,,,,,,,,,,,,,,0.0022455649450421333,0.0018952121026813984,0.7884337306022644,,
1790036342.7024133,RAW_IMU,,,,,,,,,0,0,-1001,1,2,2,,,,,
1790036342.7215354,ATTITUDE,,,,,,,,,,,,,,,0.0022439092863351107,0.0018935996340587735,0.7884382009506226,,
1790036342.7226915,RAW_IMU,,,,,,,,,0,0,-1001,2,2,2,,,,,
1790036342.7408576,ATTITUDE,,,,,,,,,,,,,,,0.0022445106878876686,0.0018929810030385852,0.7884439826011658,,
1790036342.7425113,RAW_IMU,,,,,,,,,0,0,-1001,2,2,2,,,,,
1790036342.7434952,GLOBAL_POSITION_INT,-35.361131,149.1678505,581.21,-0.502,-0.02,0.0,0.0,45.17,,,,,,,,,,,
1790036342.7442813,GPS_RAW_INT,,,,,,,,,,,,,,,,,,6,10
1790036342.75976,ATTITUDE,,,,,,,,,,,,,,,0.0022452794946730137,0.0018925530603155494,0.7884490489959717,,
1790036342.7606304,RAW_IMU,,,,,,,,,0,0,-1000,2,2,1,,,,,
1790036342.7799497,ATTITUDE,,,,,,,,,,,,,,,0.002245111856609583,0.0018920935690402985,0.7884515523910522,,
1790036342.781103,RAW_IMU,,,,,,,,,0,0,-1001,1,2,1,,,,,
1790036342.7999988,ATTITUDE,,,,,,,,,,,,,,,0.002244063187390566,0.0018934572581201792,0.7884548306465149,,
1790036342.8010879,RAW_IMU,,,,,,,,,0,0,-1001,1,2,2,,,,,
1790036342.8201919,ATTITUDE,,,,,,,,,,,,,,,0.002244240138679743,0.001894184504635632,0.7884590029716492,,
1790036342.8216245,RAW_IMU,,,,,,,,,0,0,-1001,1,2,1,,,,,
1790036342.840009,ATTITUDE,,,,,,,,,,,,,,,0.00224516773596406,0.0018971789395436645,0.7884621024131775,,
1790036342.8416324,RAW_IMU,,,,,,,,,0,0,-1001,2,2,1,,,,,
1790036342.8427901,GLOBAL_POSITION_INT,-35.361131,149.1678505,581.21,-0.502,-0.02,0.0,0.0,45.17,,,,,,,,,,,
1790036342.8434746,GPS_RAW_INT,,,,,,,,,,,,,,,,,,6,10
1790036342.8601198,ATTITUDE,,,,,,,,,,,,,,,0.002247834112495184,0.0018996447324752808,0.788468062877655,,
1790036342.8613703,RAW_IMU,,,,,,,,,0,0,-1001,2,2,1,,,,,
1790036342.900742,ATTITUDE,,,,,,,,,,,,,,,0.0022500669583678246,0.0019016051664948463,0.7884734272956848,,
1790036342.9017906,RAW_IMU,,,,,,,,,0,0,-1001,1,2,2,,,,,
1790036342.9027565,ATTITUDE,,,,,,,,,,,,,,,0.0022475826554000378,0.0018988895462825894,0.7884778380393982,,
1790036342.9036748,RAW_IMU,,,,,,,,,0,0,-1001,1,1,2,,,,,
1790036342.9210007,ATTITUDE,,,,,,,,,,,,,,,0.002246115356683731,0.001897613750770688,0.788483202457428,,
1790036342.9226084,RAW_IMU,,,,,,,,,0,0,-1001,2,2,2,,,,,
1790036342.9407654,ATTITUDE,,,,,,,,,,,,,,,0.002244209172204137,0.001898012007586658,0.7884870767593384,,
1790036342.9419093,RAW_IMU,,,,,,,,,0,0,-1001,1,2,1,,,,,
1790036342.9433048,GLOBAL_POSITION_INT,-35.361131,149.1678505,581.21,-0.502,-0.02,0.0,0.0,45.17,,,,,,,,,,,
1790036342.9442644,GPS_RAW_INT,,,,,,,,,,,,,,,,,,6,10
1790036342.9605694,ATTITUDE,,,,,,,,,,,,,,,0.002244597068056464,0.0018982039764523506,0.7884929180145264,,
1790036342.962157,RAW_IMU,,,,,,,,,0,0,-1001,2,2,1,,,,,
1790036342.980699,ATTITUDE,,,,,,,,,,,,,,,0.0022451565600931644,0.0018964330665767193,0.788495659828186,,
1790036342.9818478,RAW_IMU,,,,,,,,,0,0,-1001,2,1,1,,,,,
1790036343.0007358,ATTITUDE,,,,,,,,,,,,,,,0.002245043870061636,0.001897028530947864,0.7885000109672546,,
1790036343.0021346,RAW_IMU,,,,,,,,,0,0,-1001,2,2,2,,,,,
1790036343.0210354,ATTITUDE,,,,,,,,,,,,,,,0.002245804062113166,0.0018996816361323,0.7885053753852844,,
1790036343.02233,RAW_IMU,,,,,,,,,0,0,-1001,1,2,2,,,,,
1790036343.0414665,ATTITUDE,,,,,,,,,,,,,,,0.0022486504167318344,0.0019018109887838364,0.7885101437568665,,
1790036343.0426798,RAW_IMU,,,,,,,,,0,0,-1001,2,2,2,,,,,
1790036343.0434086,GLOBAL_POSITION_INT,-35.361131,149.1678505,581.21,-0.502,-0.02,0.0,0.0,45.17,,,,,,,,,,,
1790036343.0447888,GPS_RAW_INT,,,,,,,,,,,,,,,,,,6,10
1790036343.0607514,ATTITUDE,,,,,,,,,,,,,,,0.0022515486925840378,0.001905317883938551,0.7885159254074097,,
1790036343.0621495,RAW_IMU,,,,,,,,,0,0,-1001,2,2,2,,,,,
1790036343.0806847,ATTITUDE,,,,,,,,,,,,,,,0.00225532497279346,0.0019056875025853515,0.7885187268257141,,
1790036343.08158,RAW_IMU,,,,,,,,,0,0,-1001,2,1,2,,,,,
1790036343.1007054,ATTITUDE,,,,,,,,,,,,,,,0.0022537813056260347,0.0019057411700487137,0.7885225415229797,,
1790036343.1022131,RAW_IMU,,,,,,,,,0,0,-1001,2,2,2,,,,,
1790036343.1202514,ATTITUDE,,,,,,,,,,,,,,,0.0022519254125654697,0.0019015608122572303,0.788526177406311,,
1790036343.122494,RAW_IMU,,,,,,,,,0,0,-1001,2,1,2,,,,,
1790036343.1508517,ATTITUDE,,,,,,,,,,,,,,,0.0022511016577482224,0.0019009184325113893,0.7885321378707886,,
1790036343.1522374,RAW_IMU,,,,,,,,,0,0,-1001,2,2,2,,,,,
1790036343.1535873,GLOBAL_POSITION_INT,-35.361131,149.1678505,581.21,-0.502,-0.02,0.0,0.0,45.17,,,,,,,,,,,
1790036343.1553657,GPS_RAW_INT,,,,,,,,,,,,,,,,,,6,10
1790036343.1608026,ATTITUDE,,,,,,,,,,,,,,,0.0022503260988742113,0.001900609117001295,0.78853839635849,,
1790036343.1621718,RAW_IMU,,,,,,,,,0,0,-1001,1,2,2,,,,,
1790036343.1806266,ATTITUDE,,,,,,,,,,,,,,,0.0022490103729069233,0.0018993816338479519,0.788541316986084,,
1790036343.1814437,RAW_IMU,,,,,,,,,0,0,-1001,1,1,1,,,,,
1790036343.20083,ATTITUDE,,,,,,,,,,,,,,,0.002249178709462285,0.0019003867637366056,0.7885462045669556,,
1790036343.2023783,RAW_IMU,,,,,,,,,0,0,-1001,2,2,2,,,,,
1790036343.2209253,ATTITUDE,,,,,,,,,,,,,,,0.002250439254567027,0.0019008714007213712,0.788549542427063,,
1790036343.2222745,RAW_IMU,,,,,,,,,0,0,-1001,2,2,2,,,,,
1790036343.241149,ATTITUDE,,,,,,,,,,,,,,,0.002251414582133293,0.0019020914332941175,0.7885527610778809,,
1790036343.242634,RAW_IMU,,,,,,,,,0,0,-1001,1,2,1,,,,,
1790036343.2433908,GLOBAL_POSITION_INT,-35.361131,149.1678505,581.21,-0.502,-0.02,0.0,0.0,45.18,,,,,,,,,,,
1790036343.2440922,GPS_RAW_INT,,,,,,,,,,,,,,,,,,6,10
1790036343.2611768,ATTITUDE,,,,,,,,,,,,,,,0.0022535398602485657,0.0019062579376623034,0.7885584235191345,,
1790036343.262996,RAW_IMU,,,,,,,,,0,0,-1001,1,2,1,,,,,
1790036343.281353,ATTITUDE,,,,,,,,,,,,,,,0.002256406471133232,0.0019082828657701612,0.7885618209838867,,
1790036343.2829657,RAW_IMU,,,,,,,,,0,0,-1001,2,2,2,,,,,
1790036343.3015866,ATTITUDE,,,,,,,,,,,,,,,0.0022538541816174984,0.0019056034507229924,0.7885635495185852,,
1790036343.3032687,RAW_IMU,,,,,,,,,0,0,-1001,2,2,1,,,,,
1790036343.3168588,ATTITUDE,,,,,,,,,,,,,,,0.0022505861707031727,0.0019048912217840552,0.7885680198669434,,
1790036343.319012,RAW_IMU,,,,,,,,,0,0,-1001,1,2,2,,,,,
1790036343.3363717,ATTITUDE,,,,,,,,,,,,,,,0.0022514057345688343,0.0019037739839404821,0.7885724902153015,,
1790036343.337666,RAW_IMU,,,,,,,,,0,0,-1001,2,2,1,,,,,
1790036343.3386772,GLOBAL_POSITION_INT,-35.361131,149.1678505,581.21,-0.502,-0.02,0.0,0.0,45.18,,,,,,,,,,,
1790036343.3398046,GPS_RAW_INT,,,,,,,,,,,,,,,,,,6,10
1790036343.356114,ATTITUDE,,,,,,,,,,,,,,,0.0022502047941088676,0.0019047001842409372,0.7885766625404358,,
1790036343.3569756,RAW_IMU,,,,,,,,,0,0,-1001,2,2,1,,,,,
1790036343.3968847,ATTITUDE,,,,,,,,,,,,,,,0.0022500597406178713,0.001903380500152707,0.7885792851448059,,
1790036343.39812,RAW_IMU,,,,,,,,,0,0,-1001,2,1,1,,,,,
1790036343.3998108,ATTITUDE,,,,,,,,,,,,,,,0.002248645992949605,0.0019040486076846719,0.7885807752609253,,
1790036343.4014506,RAW_IMU,,,,,,,,,0,0,-1001,1,2,1,,,,,
1790036343.4166617,ATTITUDE,,,,,,,,,,,,,,,0.0022496592719107866,0.0019045760855078697,0.7885855436325073,,
1790036343.4182372,RAW_IMU,,,,,,,,,0,0,-1001,2,1,2,,,,,
1790036343.436327,ATTITUDE,,,,,,,,,,,,,,,0.00225087977014482,0.001907692989334464,0.7885907888412476,,
1790036343.4380097,RAW_IMU,,,,,,,,,0,0,-1001,2,2,2,,,,,
1790036343.439562,GLOBAL_POSITION_INT,-35.361131,149.1678505,581.21,-0.502,-0.02,0.0,0.0,45.18,,,,,,,,,,,
1790036343.4404154,GPS_RAW_INT,,,,,,,,,,,,,,,,,,6,10
1790036343.4569325,ATTITUDE,,,,,,,,,,,,,,,0.0022547042462974787,0.0019107867265120149,0.7885954976081848,,
1790036343.4587119,RAW_IMU,,,,,,,,,0,0,-1001,2,2,1,,,,,
1790036343.4778183,ATTITUDE,,,,,,,,,,,,,,,0.0022571829613298178,0.0019154343754053116,0.78859943151474,,
1790036343.4787395,RAW_IMU,,,,,,,,,0,0,-1001,2,2,2,,,,,
1790036343.4970684,ATTITUDE,,,,,,,,,,,,,,,0.0022558271884918213,0.0019134397152811289,0.7886019349098206,,
1790036343.4983861,RAW_IMU,,,,,,,,,0,0,-1001,2,2,2,,,,,
1790036343.5175934,ATTITUDE,,,,,,,,,,,,,,,0.002253980375826359,0.0019110481953248382,0.7886052131652832,,
1790036343.5193353,RAW_IMU,,,,,,,,,0,0,-1001,2,1,1,,,,,
1790036343.5380101,ATTITUDE,,,,,,,,,,,,,,,0.002252809703350067,0.0019091330468654633,0.7886099815368652,,
1790036343.539704,RAW_IMU,,,,,,,,,0,0,-1001,2,1,2,,,,,
1790036343.540727,GLOBAL_POSITION_INT,-35.361131,149.1678505,581.21,-0.502,-0.02,0.0,0.0,45.18,,,,,,,,,,,
1790036343.5417004,GPS_RAW_INT,,,,,,,,,,,,,,,,,,6,10
1790036343.5587811,ATTITUDE,,,,,,,,,,,,,,,0.0022526998072862625,0.0019086521351709962,0.7886155247688293,,
1790036343.5606906,RAW_IMU,,,,,,,,,0,0,-1001,2,2,2,,,,,
1790036343.5790935,ATTITUDE,,,,,,,,,,,,,,,0.0022526427637785673,0.001908404054120183,0.7886175513267517,,
1790036343.5809014,RAW_IMU,,,,,,,,,0,0,-1001,2,2,2,,,,,
1790036343.5992439,ATTITUDE,,,,,,,,,,,,,,,0.0022520222701132298,0.0019096960313618183,0.7886195778846741,,
1790036343.6004965,RAW_IMU,,,,,,,,,0,0,-1001,2,2,1,,,,,
1790036343.6191366,ATTITUDE,,,,,,,,,,,,,,,0.0022541999351233244,0.0019097346812486649,0.7886232733726501,,
1790036343.6204379,RAW_IMU,,,,,,,,,0,0,-1000,2,2,1,,,,,
1790036343.6453958,ATTITUDE,,,,,,,,,,,,,,,0.0022561284713447094,0.0019125520484521985,0.7886268496513367,,
1790036343.6459036,RAW_IMU,,,,,,,,,0,0,-1001,2,2,1,,,,,
1790036343.6463377,GLOBAL_POSITION_INT,-35.361131,149.1678505,581.21,-0.502,-0.02,0.0,0.0,45.18,,,,,,,,,,,
1790036343.646735,GPS_RAW_INT,,,,,,,,,,,,,,,,,,6,10
1790036343.6596644,ATTITUDE,,,,,,,,,,,,,,,0.002256157109513879,0.0019152050372213125,0.788633406162262,,
1790036343.6606052,RAW_IMU,,,,,,,,,0,0,-1001,1,2,2,,,,,
1790036343.6800642,ATTITUDE,,,,,,,,,,,,,,,0.002261060755699873,0.001917501213029027,0.7886353135108948,,
1790036343.6820745,RAW_IMU,,,,,,,,,0,0,-1001,2,2,2,,,,,
1790036343.7008307,ATTITUDE,,,,,,,,,,,,,,,0.0022617243230342865,0.0019175380002707243,0.7886387705802917,,
1790036343.7018719,RAW_IMU,,,,,,,,,0,0,-1001,2,2,2,,,,,
1790036343.72077,ATTITUDE,,,,,,,,,,,,,,,0.002260655863210559,0.001915795961394906,0.7886442542076111,,
1790036343.7227485,RAW_IMU,,,,,,,,,0,0,-1001,2,2,2,,,,,
1790036343.740696,ATTITUDE,,,,,,,,,,,,,,,0.002260361099615693,0.0019130479777231812,0.7886492013931274,,
1790036343.741861,RAW_IMU,,,,,,,,,0,0,-1001,2,1,1,,,,,
1790036343.7421756,GLOBAL_POSITION_INT,-35.361131,149.1678505,581.21,-0.501,-0.02,0.0,0.0,45.18,,,,,,,,,,,
1790036343.7430372,GPS_RAW_INT,,,,,,,,,,,,,,,,,,6,10
1790036343.761032,ATTITUDE,,,,,,,,,,,,,,,0.0022588956635445356,0.0019117657793685794,0.7886551022529602,,
1790036343.7620652,RAW_IMU,,,,,,,,,0,0,-1001,1,2,2,,,,,
1790036343.7813447,ATTITUDE,,,,,,,,,,,,,,,0.00225826445966959,0.0019106814870610833,0.7886576056480408,,
1790036343.7831068,RAW_IMU,,,,,,,,,0,0,-1001,2,2,2,,,,,
1790036343.8011296,ATTITUDE,,,,,,,,,,,,,,,0.0022577245254069567,0.001910370890982449,0.7886605858802795,,
1790036343.8031294,RAW_IMU,,,,,,,,,0,0,-1001,2,1,1,,,,,
1790036343.816333,ATTITUDE,,,,,,,,,,,,,,,0.002258117776364088,0.0019107852131128311,0.7886640429496765,,
1790036343.8183591,RAW_IMU,,,,,,,,,0,0,-1001,2,2,1,,,,,
1790036343.8372235,ATTITUDE,,,,,,,,,,,,,,,0.0022607778664678335,0.0019108904525637627,0.788669228553772,,
1790036343.8383174,RAW_IMU,,,,,,,,,0,0,-1001,2,2,2,,,,,
1790036343.8391798,GLOBAL_POSITION_INT,-35.361131,149.1678505,581.21,-0.501,-0.02,0.0,0.0,45.18,,,,,,,,,,,
1790036343.8397443,GPS_RAW_INT,,,,,,,,,,,,,,,,,,6,10
1790036343.85809,ATTITUDE,,,,,,,,,,,,,,,0.0022617869544774294,0.0019152530003339052,0.7886736392974854,,
1790036343.8599648,RAW_IMU,,,,,,,,,0,0,-1001,1,2,1,,,,,
1790036343.9016023,ATTITUDE,,,,,,,,,,,,,,,0.0022653378546237946,0.0019164106342941523,0.7886751294136047,,
1790036343.902702,RAW_IMU,,,,,,,,,0,0,-1001,2,1,1,,,,,
1790036343.9045062,ATTITUDE,,,,,,,,,,,,,,,0.002264991868287325,0.0019163169199600816,0.7886781096458435,,
1790036343.9060452,RAW_IMU,,,,,,,,,0,0,-1000,2,2,2,,,,,
1790036343.9193108,ATTITUDE,,,,,,,,,,,,,,,0.0022630661260336637,0.0019137770868837833,0.7886819839477539,,
1790036343.9205031,RAW_IMU,,,,,,,,,0,0,-1001,2,1,1,,,,,
1790036343.9400394,ATTITUDE,,,,,,,,,,,,,,,0.002261887304484844,0.0019134733593091369,0.788686990737915,,
1790036343.941642,RAW_IMU,,,,,,,,,0,0,-1001,2,2,2,,,,,
1790036343.9426901,GLOBAL_POSITION_INT,-35.361131,149.1678505,581.21,-0.501,-0.02,0.0,0.0,45.18,,,,,,,,,,,
1790036343.9438982,GPS_RAW_INT,,,,,,,,,,,,,,,,,,6,10
1790036343.9598675,ATTITUDE,,,,,,,,,,,,,,,0.002261365996673703,0.00191222270950675,0.7886933088302612,,
1790036343.9609914,RAW_IMU,,,,,,,,,0,0,-1001,2,2,2,,,,,
1790036343.9800425,ATTITUDE,,,,,,,,,,,,,,,0.0022591848392039537,0.0019111614674329758,0.7886965274810791,,
1790036343.9807606,RAW_IMU,,,,,,,,,0,0,-1001,1,2,2,,,,,
1790036343.9973238,ATTITUDE,,,,,,,,,,,,,,,0.002258711727336049,0.0019112508744001389,0.788698673248291,,
1790036343.9977927,RAW_IMU,,,,,,,,,0,0,-1001,1,2,1,,,,,
1790036344.0206,ATTITUDE,,,,,,,,,,,,,,,0.0022590928710997105,0.001912189880385995,0.7887014746665955,,
1790036344.0213158,RAW_IMU,,,,,,,,,0,0,-1001,2,2,1,,,,,
1790036344.0382087,ATTITUDE,,,,,,,,,,,,,,,0.0022593054454773664,0.0019131823210045695,0.7887048125267029,,
1790036344.038669,RAW_IMU,,,,,,,,,0,0,-1001,2,2,1,,,,,
1790036344.039071,GLOBAL_POSITION_INT,-35.361131,149.1678505,581.21,-0.501,-0.02,0.0,0.0,45.18,,,,,,,,,,,
1790036344.0394893,GPS_RAW_INT,,,,,,,,,,,,,,,,,,6,10
1790036344.0613368,ATTITUDE,,,,,,,,,,,,,,,0.0022600307129323483,0.0019148242427036166,0.7887115478515625,,
1790036344.0620742,RAW_IMU,,,,,,,,,0,0,-1001,1,2,2,,,,,
1790036344.0789044,ATTITUDE,,,,,,,,,,,,,,,0.0022566160187125206,0.0019127760315313935,0.788713812828064,,
1790036344.07952,RAW_IMU,,,,,,,,,0,0,-1001,1,2,2,,,,,
1790036344.096575,ATTITUDE,,,,,,,,,,,,,,,0.002254634164273739,0.0019090321147814393,0.7887188196182251,,
1790036344.0968604,RAW_IMU,,,,,,,,,0,0,-1001,2,1,2,,,,,
1790036344.1201105,ATTITUDE,,,,,,,,,,,,,,,0.002252301899716258,0.0019076854223385453,0.7887235283851624,,
1790036344.1208556,RAW_IMU,,,,,,,,,0,0,-1001,1,2,2,,,,,
1790036344.1407366,ATTITUDE,,,,,,,,,,,,,,,0.0022496443707495928,0.0019051235867664218,0.788728654384613,,
1790036344.1420946,RAW_IMU,,,,,,,,,0,0,-1001,1,1,2,,,,,
1790036344.1431842,GLOBAL_POSITION_INT,-35.361131,149.1678505,581.21,-0.502,-0.02,0.0,0.0,45.19,,,,,,,,,,,
1790036344.1439962,GPS_RAW_INT,,,,,,,,,,,,,,,,,,6,10
1790036344.1597238,ATTITUDE,,,,,,,,,,,,,,,0.002247694181278348,0.001903074444271624,0.7887352108955383,,
1790036344.1608021,RAW_IMU,,,,,,,,,0,0,-1001,1,1,2,,,,,
1790036344.1799276,ATTITUDE,,,,,,,,,,,,,,,0.002246056916192174,0.0019016963196918368,0.7887386083602905,,
1790036344.1808853,RAW_IMU,,,,,,,,,0,0,-1001,1,1,2,,,,,
1790036344.19971,ATTITUDE,,,,,,,,,,,,,,,0.0022461910266429186,0.001902804127894342,0.7887417078018188,,
1790036344.2008522,RAW_IMU,,,,,,,,,0,0,-1001,2,2,2,,,,,
1790036344.2202215,ATTITUDE,,,,,,,,,,,,,,,0.0022477421443909407,0.0019037086749449372,0.788745641708374,,
1790036344.222205,RAW_IMU,,,,,,,,,0,0,-1001,2,2,2,,,,,
1790036344.2398949,ATTITUDE,,,,,,,,,,,,,,,0.0022490855772048235,0.0019044012296944857,0.788753092288971,,
1790036344.2414987,RAW_IMU,,,,,,,,,0,0,-1001,2,1,2,,,,,
1790036344.2425199,GLOBAL_POSITION_INT,-35.361131,149.1678505,581.21,-0.502,-0.02,0.0,0.0,45.19,,,,,,,,,,,
1790036344.2433193,GPS_RAW_INT,,,,,,,,,,,,,,,,,,6,10
1790036344.259246,ATTITUDE,,,,,,,,,,,,,,,0.0022527168039232492,0.0019067531684413552,0.7887597680091858,,
1790036344.2609105,RAW_IMU,,,,,,,,,0,0,-1001,2,2,2,,,,,
1790036344.2791123,ATTITUDE,,,,,,,,,,,,,,,0.0022581126540899277,0.0019093734445050359,0.788763701915741,,
1790036344.2799954,RAW_IMU,,,,,,,,,0,0,-1001,2,1,2,,,,,
1790036344.2992513,ATTITUDE,,,,,,,,,,,,,,,0.002258081454783678,0.0019098910270258784,0.7887669801712036,,
1790036344.3003435,RAW_IMU,,,,,,,,,0,0,-1001,2,2,2,,,,,
1790036344.318513,ATTITUDE,,,,,,,,,,,,,,,0.0022563189268112183,0.001908268197439611,0.7887684106826782,,
1790036344.3194969,RAW_IMU,,,,,,,,,0,0,-1001,2,2,1,,,,,
1790036344.3412414,ATTITUDE,,,,,,,,,,,,,,,0.002255425788462162,0.0019091900903731585,0.7887726426124573,,
1790036344.3415983,RAW_IMU,,,,,,,,,0,0,-1001,2,2,1,,,,,
1790036344.3420322,GLOBAL_POSITION_INT,-35.361131,149.1678505,581.21,-0.502,-0.02,0.0,0.0,45.19,,,,,,,,,,,
1790036344.342422,GPS_RAW_INT,,,,,,,,,,,,,,,,,,6,10
1790036344.3588605,ATTITUDE,,,,,,,,,,,,,,,0.0022562281228601933,0.0019082283833995461,0.7887783050537109,,
1790036344.359246,RAW_IMU,,,,,,,,,0,0,-1001,2,2,2,,,,,
1790036344.3835368,ATTITUDE,,,,,,,,,,,,,,,0.0022566330153495073,0.0019094967283308506,0.7887815833091736,,
1790036344.383943,RAW_IMU,,,,,,,,,0,0,-1001,2,2,2,,,,,
1790036344.3997247,ATTITUDE,,,,,,,,,,,,,,,0.0022573533933609724,0.001909684855490923,0.7887866497039795,,
1790036344.4000835,RAW_IMU,,,,,,,,,0,0,-1001,2,2,2,,,,,
1790036344.4173667,ATTITUDE,,,,,,,,,,,,,,,0.0022576043847948313,0.0019111676374450326,0.788790225982666,,
1790036344.4179077,RAW_IMU,,,,,,,,,0,0,-1001,2,2,1,,,,,
1790036344.440604,ATTITUDE,,,,,,,,,,,,,,,0.0022589084692299366,0.0019125707913190126,0.7887945771217346,,
1790036344.4410086,RAW_IMU,,,,,,,,,0,0,-1001,2,2,2,,,,,
1790036344.441644,GLOBAL_POSITION_INT,-35.361131,149.1678505,581.21,-0.502,-0.02,0.0,0.0,45.19,,,,,,,,,,,
1790036344.4421084,GPS_RAW_INT,,,,,,,,,,,,,,,,,,6,10
1790036344.4581816,ATTITUDE,,,,,,,,,,,,,,,0.0022613094188272953,0.0019141590455546975,0.7888017296791077,,
1790036344.4585774,RAW_IMU,,,,,,,,,0,0,-1001,2,2,2,,,,,
1790036344.4813495,ATTITUDE,,,,,,,,,,,,,,,0.0022623813711106777,0.0019176369532942772,0.7888035774230957,,
1790036344.481934,RAW_IMU,,,,,,,,,0,0,-1001,1,2,2,,,,,
1790036344.498875,ATTITUDE,,,,,,,,,,,,,,,0.002262495458126068,0.0019167467253282666,0.788806140422821,,
1790036344.4994023,RAW_IMU,,,,,,,,,0,0,-1001,2,2,1,,,,,
1790036344.5173302,ATTITUDE,,,,,,,,,,,,,,,0.002260018140077591,0.0019158768700435758,0.7888109087944031,,
1790036344.517786,RAW_IMU,,,,,,,,,0,0,-1001,2,2,2,,,,,
1790036344.5405061,ATTITUDE,,,,,,,,,,,,,,,0.002258481690660119,0.0019160860683768988,0.7888166308403015,,
1790036344.5410023,RAW_IMU,,,,,,,,,0,0,-1001,2,2,2,,,,,
1790036344.5415485,GLOBAL_POSITION_INT,-35.361131,149.1678505,581.21,-0.502,-0.02,0.0,0.0,45.19,,,,,,,,,,,
1790036344.5421607,GPS_RAW_INT,,,,,,,,,,,,,,,,,,6,10
1790036344.5581164,ATTITUDE,,,,,,,,,,,,,,,0.0022572316229343414,0.0019146576523780823,0.788822591304779,,
1790036344.5583925,RAW_IMU,,,,,,,,,0,0,-1001,2,2,2,,,,,
1790036344.5763474,ATTITUDE,,,,,,,,,,,,,,,0.0022559883072972298,0.0019134203903377056,0.7888239622116089,,
1790036344.5775843,RAW_IMU,,,,,,,,,0,0,-1001,1,2,1,,,,,
1790036344.5970452,ATTITUDE,,,,,,,,,,,,,,,0.002254893071949482,0.0019134246977046132,0.7888274788856506,,
1790036344.5980935,RAW_IMU,,,,,,,,,0,0,-1001,2,2,2,,,,,
1790036344.6172497,ATTITUDE,,,,,,,,,,,,,,,0.0022556488402187824,0.00191391387488693,0.7888316512107849,,
1790036344.6187615,RAW_IMU,,,,,,,,,0,0,-1001,2,2,2,,,,,
1790036344.6469848,ATTITUDE,,,,,,,,,,,,,,,0.0022575403563678265,0.0019149190047755837,0.7888363599777222,,
1790036344.6484408,RAW_IMU,,,,,,,,,0,0,-1001,2,2,2,,,,,
1790036344.649729,GLOBAL_POSITION_INT,-35.361131,149.1678505,581.21,-0.502,-0.02,0.0,0.0,45.19,,,,,,,,,,,
1790036344.6507885,GPS_RAW_INT,,,,,,,,,,,,,,,,,,6,10
1790036344.6576471,ATTITUDE,,,,,,,,,,,,,,,0.0022581066004931927,0.001916626002639532,0.7888432741165161,,
1790036344.6588652,RAW_IMU,,,,,,,,,0,0,-1001,1,2,2,,,,,
1790036344.677698,ATTITUDE,,,,,,,,,,,,,,,0.0022611741442233324,0.0019181291572749615,0.7888460159301758,,
1790036344.6790671,RAW_IMU,,,,,,,,,0,0,-1001,2,2,2,,,,,
1790036344.6974168,ATTITUDE,,,,,,,,,,,,,,,0.0022600870579481125,0.0019190780585631728,0.7888497114181519,,
1790036344.6986387,RAW_IMU,,,,,,,,,0,0,-1001,2,2,2,,,,,
1790036344.7176464,ATTITUDE,,,,,,,,,,,,,,,0.00225846073590219,0.0019165625562891364,0.7888562083244324,,
1790036344.7192273,RAW_IMU,,,,,,,,,0,0,-1000,2,2,2,,,,,
1790036344.738901,ATTITUDE,,,,,,,,,,,,,,,0.002257212996482849,0.0019159612711519003,0.7888630628585815,,
1790036344.739675,RAW_IMU,,,,,,,,,0,0,-1001,2,2,2,,,,,
1790036344.7409892,GLOBAL_POSITION_INT,-35.361131,149.1678505,581.21,-0.502,-0.02,0.0,0.0,45.19,,,,,,,,,,,
1790036344.7418976,GPS_RAW_INT,,,,,,,,,,,,,,,,,,6,10
1790036344.759411,ATTITUDE,,,,,,,,,,,,,,,0.0022569599095731974,0.0019162456737831235,0.7888703346252441,,
1790036344.76082,RAW_IMU,,,,,,,,,0,0,-1001,2,2,2,,,,,
1790036344.7798026,ATTITUDE,,,,,,,,,,,,,,,0.0022574816830456257,0.0019170038867741823,0.7888723611831665,,
1790036344.7810001,RAW_IMU,,,,,,,,,0,0,-1001,2,2,2,,,,,
1790036344.7996159,ATTITUDE,,,,,,,,,,,,,,,0.0022560851648449898,0.0019154178444296122,0.7888757586479187,,
1790036344.800599,RAW_IMU,,,,,,,,,0,0,-1001,2,2,2,,,,,
1790036344.819232,ATTITUDE,,,,,,,,,,,,,,,0.0022573035676032305,0.0019155849004164338,0.7888804078102112,,
1790036344.8196769,RAW_IMU,,,,,,,,,0,0,-1001,2,2,2,,,,,
1790036344.8381069,ATTITUDE,,,,,,,,,,,,,,,0.002259306376799941,0.0019182985415682197,0.7888849377632141,,
1790036344.8385336,RAW_IMU,,,,,,,,,0,0,-1001,2,2,2,,,,,
1790036344.838837,GLOBAL_POSITION_INT,-35.361131,149.1678505,581.21,-0.502,-0.02,0.0,0.0,45.19,,,,,,,,,,,
1790036344.839156,GPS_RAW_INT,,,,,,,,,,,,,,,,,,6,10
1790036344.8611128,ATTITUDE,,,,,,,,,,,,,,,0.002260934328660369,0.0019212326733395457,0.788891613483429,,
1790036344.8618202,RAW_IMU,,,,,,,,,0,0,-1000,2,2,2,,,,,
1790036344.8849876,ATTITUDE,,,,,,,,,,,,,,,0.0022631115280091763,0.0019252273486927152,0.7888944149017334,,
1790036344.8856018,RAW_IMU,,,,,,,,,0,0,-1001,2,2,2,,,,,
1790036344.8962376,ATTITUDE,,,,,,,,,,,,,,,0.00226257904432714,0.0019244784489274025,0.7888964414596558,,
1790036344.896655,RAW_IMU,,,,,,,,,0,0,-1001,2,2,2,,,,,
1790036344.9197502,ATTITUDE,,,,,,,,,,,,,,,0.0022604060359299183,0.0019209709716960788,0.78890061378479,,
1790036344.920304,RAW_IMU,,,,,,,,,0,0,-1001,2,1,2,,,,,
1790036344.9374936,ATTITUDE,,,,,,,,,,,,,,,0.0022593068424612284,0.0019209585152566433,0.788905143737793,,
1790036344.938071,RAW_IMU,,,,,,,,,0,0,-1001,2,2,2,,,,,
1790036344.9387748,GLOBAL_POSITION_INT,-35.361131,149.1678505,581.21,-0.502,-0.02,0.0,0.0,45.2,,,,,,,,,,,
1790036344.9392674,GPS_RAW_INT,,,,,,,,,,,,,,,,,,6,10
1790036344.9617877,ATTITUDE,,,,,,,,,,,,,,,0.002258532913401723,0.0019208112498745322,0.788910448551178,,
1790036344.9629776,RAW_IMU,,,,,,,,,0,0,-1001,2,2,2,,,,,
1790036344.9816256,ATTITUDE,,,,,,,,,,,,,,,0.0022569980937987566,0.0019190881866961718,0.7889122366905212,,
1790036344.9830825,RAW_IMU,,,,,,,,,0,0,-1001,2,2,1,,,,,
1790036345.0016005,ATTITUDE,,,,,,,,,,,,,,,0.00225662998855114,0.0019189395243301988,0.7889145016670227,,
1790036345.002591,RAW_IMU,,,,,,,,,0,0,-1001,2,2,1,,,,,
1790036345.0218341,ATTITUDE,,,,,,,,,,,,,,,0.0022566583938896656,0.0019189715385437012,0.7889187335968018,,
1790036345.0236363,RAW_IMU,,,,,,,,,0,0,-1001,2,2,2,,,,,
1790036345.0418725,ATTITUDE,,,,,,,,,,,,,,,0.002257789019495249,0.0019199048401787877,0.7889244556427002,,
1790036345.0437665,RAW_IMU,,,,,,,,,0,0,-1001,2,2,2,,,,,
1790036345.0451975,GLOBAL_POSITION_INT,-35.361131,149.1678505,581.21,-0.502,-0.02,0.0,0.0,45.2,,,,,,,,,,,
1790036345.0461488,GPS_RAW_INT,,,,,,,,,,,,,,,,,,6,10
1790036345.0616002,ATTITUDE,,,,,,,,,,,,,,,0.0022593755275011063,0.001922538853250444,0.7889323830604553,,
1790036345.0625858,RAW_IMU,,,,,,,,,0,0,-1001,2,2,2,,,,,
1790036345.0818722,ATTITUDE,,,,,,,,,,,,,,,0.002263210015371442,0.0019244247814640403,0.7889344692230225,,
1790036345.0834968,RAW_IMU,,,,,,,,,0,0,-1001,2,2,2,,,,,
1790036345.0971425,ATTITUDE,,,,,,,,,,,,,,,0.002263187663629651,0.0019247557502239943,0.7889370322227478,,
1790036345.0986242,RAW_IMU,,,,,,,,,0,0,-1001,2,2,2,,,,,
1790036345.1185024,ATTITUDE,,,,,,,,,,,,,,,0.0022627138532698154,0.0019226443255320191,0.7889413833618164,,
1790036345.1202514,RAW_IMU,,,,,,,,,0,0,-1001,2,2,2,,,,,
1790036345.147062,ATTITUDE,,,,,,,,,,,,,,,0.002262250753119588,0.0019197303336113691,0.7889459133148193,,
1790036345.1481335,RAW_IMU,,,,,,,,,0,0,-1001,2,2,2,,,,,
1790036345.1489775,GLOBAL_POSITION_INT,-35.361131,149.1678505,581.21,-0.502,-0.02,0.0,0.0,45.2,,,,,,,,,,,
1790036345.1504087,GPS_RAW_INT,,,,,,,,,,,,,,,,,,6,10
1790036345.160141,ATTITUDE,,,,,,,,,,,,,,,0.002260866342112422,0.0019187540747225285,0.7889537215232849,,
1790036345.1612136,RAW_IMU,,,,,,,,,0,0,-1001,2,2,2,,,,,
1790036345.1804695,ATTITUDE,,,,,,,,,,,,,,,0.0022589785512536764,0.001919352333061397,0.7889555096626282,,
1790036345.1823413,RAW_IMU,,,,,,,,,0,0,-1001,2,2,2,,,,,
1790036345.2002547,ATTITUDE,,,,,,,,,,,,,,,0.0022575443144887686,0.0019195778295397758,0.7889569997787476,,
1790036345.2020926,RAW_IMU,,,,,,,,,0,0,-1001,1,2,1,,,,,
1790036345.22031,ATTITUDE,,,,,,,,,,,,,,,0.002258307533338666,0.0019191906321793795,0.7889609932899475,,
1790036345.2223868,RAW_IMU,,,,,,,,,0,0,-1001,2,2,2,,,,,
1790036345.2411,ATTITUDE,,,,,,,,,,,,,,,0.0022594621405005455,0.0019204828422516584,0.7889650464057922,,
1790036345.2428126,RAW_IMU,,,,,,,,,0,0,-1000,2,2,2,,,,,
1790036345.2439682,GLOBAL_POSITION_INT,-35.361131,149.1678505,581.21,-0.502,-0.02,0.0,0.0,45.2,,,,,,,,,,,
1790036345.2450478,GPS_RAW_INT,,,,,,,,,,,,,,,,,,6,10
1790036345.2610652,ATTITUDE,,,,,,,,,,,,,,,0.002260808600112796,0.0019220956601202488,0.7889724969863892,,
1790036345.2629182,RAW_IMU,,,,,,,,,0,0,-1001,2,2,2,,,,,
1790036345.2809122,ATTITUDE,,,,,,,,,,,,,,,0.0022626810241490602,0.001924422336742282,0.7889752388000488,,
1790036345.2826107,RAW_IMU,,,,,,,,,0,0,-1001,2,2,2,,,,,
1790036345.3011096,ATTITUDE,,,,,,,,,,,,,,,0.0022618204820901155,0.0019244096474722028,0.7889789938926697,,
1790036345.3030572,RAW_IMU,,,,,,,,,0,0,-1001,2,2,2,,,,,
1790036345.3214269,ATTITUDE,,,,,,,,,,,,,,,0.0022598395589739084,0.0019229876343160868,0.7889833450317383,,
1790036345.3227549,RAW_IMU,,,,,,,,,0,0,-1001,2,2,2,,,,,
1790036345.3416498,ATTITUDE,,,,,,,,,,,,,,,0.0022583191748708487,0.0019201240502297878,0.7889890074729919,,
1790036345.342771,RAW_IMU,,,,,,,,,0,0,-1001,2,1,2,,,,,
1790036345.343723,GLOBAL_POSITION_INT,-35.361131,149.1678505,581.21,-0.502,-0.02,0.0,0.0,45.2,,,,,,,,,,,
1790036345.3446016,GPS_RAW_INT,,,,,,,,,,,,,,,,,,6,10
1790036345.3615603,ATTITUDE,,,,,,,,,,,,,,,0.0022574339527636766,0.0019210620084777474,0.7889935374259949,,
1790036345.3627403,RAW_IMU,,,,,,,,,0,0,-1001,2,2,2,,,,,
1790036345.3941162,ATTITUDE,,,,,,,,,,,,,,,0.002258271211758256,0.0019219621317461133,0.7889954447746277,,
1790036345.394871,RAW_IMU,,,,,,,,,0,0,-1001,2,2,1,,,,,
1790036345.3966057,ATTITUDE,,,,,,,,,,,,,,,0.002256633946672082,0.0019220776157453656,0.7889983654022217,,
1790036345.398595,RAW_IMU,,,,,,,,,0,0,-1001,2,2,2,,,,,
1790036345.4174917,ATTITUDE,,,,,,,,,,,,,,,0.002258152002468705,0.0019221488619223237,0.7890019416809082,,
1790036345.4191399,RAW_IMU,,,,,,,,,0,0,-1001,2,2,1,,,,,
1790036345.4379907,ATTITUDE,,,,,,,,,,,,,,,0.0022596169728785753,0.001922852243296802,0.7890073657035828,,
1790036345.4396076,RAW_IMU,,,,,,,,,0,0,-1001,2,2,2,,,,,
1790036345.441137,GLOBAL_POSITION_INT,-35.361131,149.1678505,581.21,-0.502,-0.02,0.0,0.0,45.2,,,,,,,,,,,
1790036345.4420445,GPS_RAW_INT,,,,,,,,,,,,,,,,,,6,10
1790036345.4586246,ATTITUDE,,,,,,,,,,,,,,,0.002261050743982196,0.0019256040686741471,0.7890110611915588,,
1790036345.4605768,RAW_IMU,,,,,,,,,0,0,-1000,2,2,1,,,,,
1790036345.4792066,ATTITUDE,,,,,,,,,,,,,,,0.0022642919793725014,0.0019284309819340706,0.7890135049819946,,
1790036345.480316,RAW_IMU,,,,,,,,,0,0,-1000,2,2,2,,,,,
1790036345.499752,ATTITUDE,,,,,,,,,,,,,,,0.0022637166548520327,0.0019262881251052022,0.7890178561210632,,
1790036345.5010908,RAW_IMU,,,,,,,,,0,0,-1001,2,2,2,,,,,
1790036345.5205414,ATTITUDE,,,,,,,,,,,,,,,0.0022617948707193136,0.0019256101222708821,0.7890220880508423,,
1790036345.5224562,RAW_IMU,,,,,,,,,0,0,-1001,2,2,2,,,,,
1790036345.5412536,ATTITUDE,,,,,,,,,,,,,,,0.0022610018495470285,0.0019233119674026966,0.7890260815620422,,
1790036345.5432491,RAW_IMU,,,,,,,,,0,0,-1001,2,2,1,,,,,
1790036345.5441768,GLOBAL_POSITION_INT,-35.361131,149.1678505,581.21,-0.502,-0.02,0.0,0.0,45.2,,,,,,,,,,,
1790036345.544894,GPS_RAW_INT,,,,,,,,,,,,,,,,,,6,10
1790036345.5620449,ATTITUDE,,,,,,,,,,,,,,,0.002260214649140835,0.0019216634100303054,0.7890308499336243,,
1790036345.5639632,RAW_IMU,,,,,,,,,0,0,-1001,2,2,1,,,,,
1790036345.5816402,ATTITUDE,,,,,,,,,,,,,,,0.002258683554828167,0.0019208010053262115,0.7890329360961914,,
1790036345.5836143,RAW_IMU,,,,,,,,,0,0,-1001,2,2,2,,,,,
1790036345.601608,ATTITUDE,,,,,,,,,,,,,,,0.002257134299725294,0.001920969458296895,0.7890353798866272,,
1790036345.6030848,RAW_IMU,,,,,,,,,0,0,-1001,1,2,2,,,,,
1790036345.6218326,ATTITUDE,,,,,,,,,,,,,,,0.002257203683257103,0.0019207274308428168,0.7890402674674988,,
1790036345.6232424,RAW_IMU,,,,,,,,,0,0,-1001,2,2,2,,,,,
1790036345.6476214,ATTITUDE,,,,,,,,,,,,,,,0.002256679581478238,0.0019228854216635227,0.7890453338623047,,
1790036345.6493278,RAW_IMU,,,,,,,,,0,0,-1001,1,2,2,,,,,
1790036345.6505482,GLOBAL_POSITION_INT,-35.361131,149.1678505,581.21,-0.502,-0.02,0.0,0.0,45.2,,,,,,,,,,,
1790036345.6517603,GPS_RAW_INT,,,,,,,,,,,,,,,,,,6,10
1790036345.6616075,ATTITUDE,,,,,,,,,,,,,,,0.002259055618196726,0.0019236936932429671,0.789049506187439,,
1790036345.6629484,RAW_IMU,,,,,,,,,0,0,-1001,2,2,1,,,,,
1790036345.6816628,ATTITUDE,,,,,,,,,,,,,,,0.0022617150098085403,0.0019250159384682775,0.7890499234199524,,
1790036345.6830697,RAW_IMU,,,,,,,,,0,0,-1001,2,1,2,,,,,
1790036345.7014344,ATTITUDE,,,,,,,,,,,,,,,0.0022608779836446047,0.0019236484076827765,0.789053738117218,,
1790036345.7022872,RAW_IMU,,,,,,,,,0,0,-1001,2,2,2,,,,,
1790036345.7166872,ATTITUDE,,,,,,,,,,,,,,,0.0022578139323741198,0.001921926741488278,0.7890568375587463,,
1790036345.7176256,RAW_IMU,,,,,,,,,0,0,-1001,2,2,2,,,,,
1790036345.737489,ATTITUDE,,,,,,,,,,,,,,,0.002256356878206134,0.0019202992552891374,0.7890617251396179,,
1790036345.738537,RAW_IMU,,,,,,,,,0,0,-1001,2,2,2,,,,,
1790036345.7390363,GLOBAL_POSITION_INT,-35.361131,149.1678505,581.21,-0.502,-0.02,0.0,0.0,45.2,,,,,,,,,,,
1790036345.7398205,GPS_RAW_INT,,,,,,,,,,,,,,,,,,6,10
1790036345.7567167,ATTITUDE,,,,,,,,,,,,,,,0.0022554900497198105,0.0019210086902603507,0.7890669107437134,,
1790036345.757911,RAW_IMU,,,,,,,,,0,0,-1001,2,2,2,,,,,
1790036345.7764919,ATTITUDE,,,,,,,,,,,,,,,0.002254860009998083,0.0019202419789507985,0.7890708446502686,,
1790036345.7774103,RAW_IMU,,,,,,,,,0,0,-1001,2,2,2,,,,,
1790036345.7971344,ATTITUDE,,,,,,,,,,,,,,,0.002253973390907049,0.0019202765543013811,0.7890722155570984,,
1790036345.7997851,RAW_IMU,,,,,,,,,0,0,-1001,2,2,2,,,,,
1790036345.8171906,ATTITUDE,,,,,,,,,,,,,,,0.002254908438771963,0.0019199767848476768,0.7890762090682983,,
1790036345.8189323,RAW_IMU,,,,,,,,,0,0,-1001,2,2,2,,,,,
1790036345.8377264,ATTITUDE,,,,,,,,,,,,,,,0.002255602739751339,0.0019208670128136873,0.7890790700912476,,
1790036345.8391788,RAW_IMU,,,,,,,,,0,0,-1001,2,2,1,,,,,
1790036345.8398418,GLOBAL_POSITION_INT,-35.361131,149.1678505,581.21,-0.502,-0.02,0.0,0.0,45.21,,,,,,,,,,,
1790036345.840444,GPS_RAW_INT,,,,,,,,,,,,,,,,,,6,10
1790036345.8568697,ATTITUDE,,,,,,,,,,,,,,,0.002256636042147875,0.0019214209169149399,0.78908371925354,,
1790036345.858541,RAW_IMU,,,,,,,,,0,0,-1001,2,2,1,,,,,
