timestamp,msg_type,lat,lon,alt,relative_alt,vx,vy,vz,hdg,xacc,yacc,zacc,xgyro,ygyro,zgyro,roll,pitch,yaw,fix_type,satellites_visible
1790036552.5529404,GLOBAL_POSITION_INT,-35.3606892,149.1682261,580.11,-0.602,-0.02,0.0,0.0,224.51,,,,,,,,,,,
1790036552.555135,GPS_RAW_INT,,,,,,,,,,,,,,,,,,6,10
1790036552.5565069,ATTITUDE,,,,,,,,,,,,,,,-0.0007180456886999309,-0.00013737926201429218,-2.3647994995117188,,
1790036552.5568345,RAW_IMU,,,,,,,,,0,0,-1001,3,3,3,,,,,
1790036552.557053,ATTITUDE,,,,,,,,,,,,,,,-0.0007177897496148944,-0.00013614475028589368,-2.3648085594177246,,
1790036552.557457,RAW_IMU,,,,,,,,,0,0,-1000,3,3,3,,,,,
1790036552.5579057,ATTITUDE,,,,,,,,,,,,,,,-0.0007158576627261937,-0.00013670652697328478,-2.364818572998047,,
1790036552.5583055,RAW_IMU,,,,,,,,,0,0,-1001,3,3,3,,,,,
1790036552.5585787,ATTITUDE,,,,,,,,,,,,,,,-0.0007155235507525504,-0.00013763975584879518,-2.3648300170898438,,
1790036552.5589483,RAW_IMU,,,,,,,,,0,0,-1001,3,3,3,,,,,
1790036552.5592122,ATTITUDE,,,,,,,,,,,,,,,-0.0007158172666095197,-0.00014132690557744354,-2.364840269088745,,
1790036552.5595782,RAW_IMU,,,,,,,,,0,0,-1001,3,3,3,,,,,
1790036552.560281,ATTITUDE,,,,,,,,,,,,,,,-0.0007192366174422204,-0.00014559083501808345,-2.3648502826690674,,
1790036552.5606475,RAW_IMU,,,,,,,,,0,0,-1001,3,3,3,,,,,
1790036552.5609112,ATTITUDE,,,,,,,,,,,,,,,-0.0007188033196143806,-0.00014589856436941773,-2.3648605346679688,,
1790036552.5612776,RAW_IMU,,,,,,,,,0,0,-1001,3,3,3,,,,,
1790036552.5615842,ATTITUDE,,,,,,,,,,,,,,,-0.0007179183885455132,-0.00014391427976079285,-2.364870548248291,,
1790036552.5619364,RAW_IMU,,,,,,,,,0,0,-1001,3,3,3,,,,,
1790036552.5622127,GLOBAL_POSITION_INT,-35.3606892,149.1682261,580.11,-0.602,-0.02,0.0,0.0,224.51,,,,,,,,,,,
1790036552.5625625,GPS_RAW_INT,,,,,,,,,,,,,,,,,,6,10
1790036552.5794601,ATTITUDE,,,,,,,,,,,,,,,-0.0007171733304858208,-0.00014290701074060053,-2.364879846572876,,
1790036552.5813394,RAW_IMU,,,,,,,,,0,0,-1001,3,3,3,,,,,
1790036552.598448,ATTITUDE,,,,,,,,,,,,,,,-0.0007154797785915434,-0.00014207212370820343,-2.3648898601531982,,
1790036552.599755,RAW_IMU,,,,,,,,,0,0,-1001,3,3,3,,,,,
1790036552.6184225,ATTITUDE,,,,,,,,,,,,,,,-0.0007136503700166941,-0.0001412938436260447,-2.364898920059204,,
1790036552.620036,RAW_IMU,,,,,,,,,0,0,-1001,3,3,3,,,,,
1790036552.6383412,ATTITUDE,,,,,,,,,,,,,,,-0.0007114616455510259,-0.00013946036051493138,-2.3649070262908936,,
1790036552.6401825,RAW_IMU,,,,,,,,,0,0,-1001,3,3,3,,,,,
1790036552.6582825,ATTITUDE,,,,,,,,,,,,,,,-0.0007124337134882808,-0.00013907857646699995,-2.3649165630340576,,
1790036552.6592748,RAW_IMU,,,,,,,,,0,0,-1001,3,3,3,,,,,
1790036552.6602714,GLOBAL_POSITION_INT,-35.3606892,149.1682261,580.11,-0.602,-0.02,0.0,0.0,224.51,,,,,,,,,,,
1790036552.661161,GPS_RAW_INT,,,,,,,,,,,,,,,,,,6,10
1790036552.6857064,ATTITUDE,,,,,,,,,,,,,,,-0.0007133500184863806,-0.00014062582340557128,-2.364926338195801,,
1790036552.6875157,RAW_IMU,,,,,,,,,0,0,-1001,3,3,3,,,,,
1790036552.6947942,ATTITUDE,,,,,,,,,,,,,,,-0.0007138983346521854,-0.0001430260599590838,-2.3649344444274902,,
1790036552.6965115,RAW_IMU,,,,,,,,,0,0,-1001,3,3,3,,,,,
1790036552.715204,ATTITUDE,,,,,,,,,,,,,,,-0.0007165009737946093,-0.00014511734480038285,-2.3649466037750244,,
1790036552.7166753,RAW_IMU,,,,,,,,,0,0,-1001,3,3,3,,,,,
1790036552.7355816,ATTITUDE,,,,,,,,,,,,,,,-0.0007162163383327425,-0.00014589862257707864,-2.3649566173553467,,
1790036552.7365289,RAW_IMU,,,,,,,,,0,0,-1001,3,3,3,,,,,
1790036552.754884,ATTITUDE,,,,,,,,,,,,,,,-0.0007147750002332032,-0.00014414513134397566,-2.3649661540985107,,
1790036552.755941,RAW_IMU,,,,,,,,,0,0,-1001,3,3,3,,,,,
1790036552.7574596,GLOBAL_POSITION_INT,-35.3606892,149.1682261,580.11,-0.602,-0.02,0.0,0.0,224.5,,,,,,,,,,,
1790036552.7584932,GPS_RAW_INT,,,,,,,,,,,,,,,,,,6,10
1790036552.775429,ATTITUDE,,,,,,,,,,,,,,,-0.0007131057791411877,-0.00014410397852770984,-2.364976644515991,,
1790036552.7768269,RAW_IMU,,,,,,,,,0,0,-1001,3,3,3,,,,,
1790036552.7957735,ATTITUDE,,,,,,,,,,,,,,,-0.000712749024387449,-0.0001431300916010514,-2.3649871349334717,,
1790036552.7971795,RAW_IMU,,,,,,,,,0,0,-1001,3,3,3,,,,,
1790036552.8157704,ATTITUDE,,,,,,,,,,,,,,,-0.0007132029277272522,-0.00014320600894279778,-2.3649954795837402,,
1790036552.817214,RAW_IMU,,,,,,,,,0,0,-1001,3,3,3,,,,,
1790036552.8356493,ATTITUDE,,,,,,,,,,,,,,,-0.0007127702119760215,-0.0001436391321476549,-2.3650033473968506,,
1790036552.8369715,RAW_IMU,,,,,,,,,0,0,-1001,3,3,3,,,,,
1790036552.8556707,ATTITUDE,,,,,,,,,,,,,,,-0.0007107769488357008,-0.00014423907850869,-2.365013599395752,,
1790036552.8570986,RAW_IMU,,,,,,,,,0,0,-1001,3,3,3,,,,,
1790036552.8585877,GLOBAL_POSITION_INT,-35.3606892,149.1682261,580.11,-0.602,-0.02,0.0,0.0,224.5,,,,,,,,,,,
1790036552.8593953,GPS_RAW_INT,,,,,,,,,,,,,,,,,,6,10
1790036552.875746,ATTITUDE,,,,,,,,,,,,,,,-0.0007112416788004339,-0.00014656961138825864,-2.3650221824645996,,
1790036552.8781793,RAW_IMU,,,,,,,,,0,0,-1001,3,3,3,,,,,
1790036552.8948445,ATTITUDE,,,,,,,,,,,,,,,-0.0007132376194931567,-0.00014920049579814076,-2.3650319576263428,,
1790036552.8961318,RAW_IMU,,,,,,,,,0,0,-1001,3,3,3,,,,,
1790036552.9150624,ATTITUDE,,,,,,,,,,,,,,,-0.0007149609155021608,-0.0001520615624031052,-2.3650407791137695,,
1790036552.9167974,RAW_IMU,,,,,,,,,0,0,-1001,3,3,3,,,,,
1790036552.9358568,ATTITUDE,,,,,,,,,,,,,,,-0.0007139409426599741,-0.00015328358858823776,-2.365050792694092,,
1790036552.9378657,RAW_IMU,,,,,,,,,0,0,-1001,3,3,3,,,,,
1790036552.956119,ATTITUDE,,,,,,,,,,,,,,,-0.0007119494257494807,-0.00015206348325591534,-2.3650600910186768,,
1790036552.957653,RAW_IMU,,,,,,,,,0,0,-1001,3,3,3,,,,,
1790036552.9588003,GLOBAL_POSITION_INT,-35.3606892,149.1682261,580.11,-0.602,-0.02,0.0,0.0,224.5,,,,,,,,,,,
1790036552.9598508,GPS_RAW_INT,,,,,,,,,,,,,,,,,,6,10
1790036552.9779754,ATTITUDE,,,,,,,,,,,,,,,-0.00071027158992365,-0.00014937070955056697,-2.3650715351104736,,
1790036552.9792163,RAW_IMU,,,,,,,,,0,0,-1001,3,3,3,,,,,
1790036552.9979472,ATTITUDE,,,,,,,,,,,,,,,-0.0007088642450980842,-0.00014735074364580214,-2.365081310272217,,
1790036552.999627,RAW_IMU,,,,,,,,,0,0,-1001,3,3,3,,,,,
1790036553.0169318,ATTITUDE,,,,,,,,,,,,,,,-0.0007085989345796406,-0.00014726835070177913,-2.365091562271118,,
1790036553.018271,RAW_IMU,,,,,,,,,0,0,-1000,3,3,3,,,,,
1790036553.036943,ATTITUDE,,,,,,,,,,,,,,,-0.0007078492199070752,-0.00014783086953684688,-2.365102529525757,,
1790036553.03791,RAW_IMU,,,,,,,,,0,0,-1001,3,3,3,,,,,
1790036553.057563,ATTITUDE,,,,,,,,,,,,,,,-0.000708848237991333,-0.00014857026690151542,-2.365112066268921,,
1790036553.0586112,RAW_IMU,,,,,,,,,0,0,-1001,3,3,3,,,,,
1790036553.0594673,GLOBAL_POSITION_INT,-35.3606892,149.1682261,580.11,-0.602,-0.02,0.0,0.0,224.49,,,,,,,,,,,
1790036553.0601697,GPS_RAW_INT,,,,,,,,,,,,,,,,,,6,10
1790036553.077239,ATTITUDE,,,,,,,,,,,,,,,-0.0007114648469723761,-0.000149444691487588,-2.365121603012085,,
1790036553.078459,RAW_IMU,,,,,,,,,0,0,-1001,3,3,3,,,,,
1790036553.096887,ATTITUDE,,,,,,,,,,,,,,,-0.0007121135131455958,-0.00015112922119442374,-2.365133285522461,,
1790036553.0988843,RAW_IMU,,,,,,,,,0,0,-1001,3,3,3,,,,,
1790036553.1181817,ATTITUDE,,,,,,,,,,,,,,,-0.0007157342042773962,-0.00015344332496169955,-2.3651421070098877,,
1790036553.1196928,RAW_IMU,,,,,,,,,0,0,-1001,3,3,3,,,,,
1790036553.1384635,ATTITUDE,,,,,,,,,,,,,,,-0.0007157687214203179,-0.00015488411008846015,-2.3651528358459473,,
1790036553.1396682,RAW_IMU,,,,,,,,,0,0,-1001,3,3,3,,,,,
1790036553.158739,ATTITUDE,,,,,,,,,,,,,,,-0.0007144794217310846,-0.00015448698832187802,-2.365161657333374,,
1790036553.1608825,RAW_IMU,,,,,,,,,0,0,-1001,3,3,3,,,,,
1790036553.161846,GLOBAL_POSITION_INT,-35.3606892,149.1682261,580.11,-0.602,-0.02,0.0,0.0,224.49,,,,,,,,,,,
1790036553.1627955,GPS_RAW_INT,,,,,,,,,,,,,,,,,,6,10
1790036553.1870682,ATTITUDE,,,,,,,,,,,,,,,-0.0007130364538170397,-0.0001518229692010209,-2.365171432495117,,
1790036553.1880326,RAW_IMU,,,,,,,,,0,0,-1000,3,3,3,,,,,
1790036553.1997218,ATTITUDE,,,,,,,,,,,,,,,-0.0007128167198970914,-0.0001515024050604552,-2.3651812076568604,,
1790036553.2009273,RAW_IMU,,,,,,,,,0,0,-1001,3,3,3,,,,,
1790036553.2202196,ATTITUDE,,,,,,,,,,,,,,,-0.0007127551943995059,-0.00015000156417954713,-2.365192174911499,,
1790036553.2214937,RAW_IMU,,,,,,,,,0,0,-1001,3,3,3,,,,,
1790036553.239712,ATTITUDE,,,,,,,,,,,,,,,-0.0007115675834938884,-0.0001482176303397864,-2.365201711654663,,
1790036553.2408955,RAW_IMU,,,,,,,,,0,0,-1001,3,3,3,,,,,
1790036553.2580533,ATTITUDE,,,,,,,,,,,,,,,-0.0007106023840606213,-0.0001469980488764122,-2.365211248397827,,
1790036553.2586846,RAW_IMU,,,,,,,,,0,0,-1001,3,3,3,,,,,
1790036553.2591882,GLOBAL_POSITION_INT,-35.3606892,149.1682261,580.11,-0.602,-0.02,0.0,0.0,224.49,,,,,,,,,,,
1790036553.2596703,GPS_RAW_INT,,,,,,,,,,,,,,,,,,6,10
1790036553.275504,ATTITUDE,,,,,,,,,,,,,,,-0.0007120653172023594,-0.00014875702618155628,-2.3652210235595703,,
1790036553.2759533,RAW_IMU,,,,,,,,,0,0,-1001,3,3,3,,,,,
1790036553.2987812,ATTITUDE,,,,,,,,,,,,,,,-0.00071510806446895,-0.0001502521918155253,-2.3652305603027344,,
1790036553.2996426,RAW_IMU,,,,,,,,,0,0,-1001,3,3,3,,,,,
1790036553.317427,ATTITUDE,,,,,,,,,,,,,,,-0.0007182554109022021,-0.0001529304136056453,-2.3652405738830566,,
1790036553.3191497,RAW_IMU,,,,,,,,,0,0,-1001,3,3,3,,,,,
1790036553.3373692,ATTITUDE,,,,,,,,,,,,,,,-0.0007177098887041211,-0.0001518378994660452,-2.3652493953704834,,
1790036553.3381226,RAW_IMU,,,,,,,,,0,0,-1001,3,3,3,,,,,
1790036553.3565304,ATTITUDE,,,,,,,,,,,,,,,-0.0007163734990172088,-0.0001498840283602476,-2.3652586936950684,,
1790036553.357606,RAW_IMU,,,,,,,,,0,0,-1001,3,3,3,,,,,
1790036553.3591495,GLOBAL_POSITION_INT,-35.3606892,149.1682261,580.11,-0.602,-0.02,0.0,0.0,224.49,,,,,,,,,,,
1790036553.360126,GPS_RAW_INT,,,,,,,,,,,,,,,,,,6,10
1790036553.3766897,ATTITUDE,,,,,,,,,,,,,,,-0.0007149401353672147,-0.00014811511209700257,-2.365267515182495,,
1790036553.3776968,RAW_IMU,,,,,,,,,0,0,-1001,3,3,3,,,,,
1790036553.3963358,ATTITUDE,,,,,,,,,,,,,,,-0.0007139822118915617,-0.00014675386773888022,-2.365277051925659,,
1790036553.3974962,RAW_IMU,,,,,,,,,0,0,-1001,3,3,3,,,,,
1790036553.416724,ATTITUDE,,,,,,,,,,,,,,,-0.0007133569451980293,-0.00014658535656053573,-2.3652873039245605,,
1790036553.4184752,RAW_IMU,,,,,,,,,0,0,-1000,3,3,3,,,,,
1790036553.4383636,ATTITUDE,,,,,,,,,,,,,,,-0.0007117002387531102,-0.00014608957280870527,-2.365297555923462,,
1790036553.4399896,RAW_IMU,,,,,,,,,0,0,-1001,3,3,3,,,,,
1790036553.456617,ATTITUDE,,,,,,,,,,,,,,,-0.0007126538548618555,-0.0001464145170757547,-2.365307092666626,,
1790036553.4580464,RAW_IMU,,,,,,,,,0,0,-1001,3,3,3,,,,,
1790036553.4588504,GLOBAL_POSITION_INT,-35.3606892,149.1682261,580.11,-0.602,-0.02,0.0,0.0,224.48,,,,,,,,,,,
1790036553.4598262,GPS_RAW_INT,,,,,,,,,,,,,,,,,,6,10
1790036553.476899,ATTITUDE,,,,,,,,,,,,,,,-0.0007129011210054159,-0.0001467882248107344,-2.365319013595581,,
1790036553.4787962,RAW_IMU,,,,,,,,,0,0,-1001,3,3,3,,,,,
1790036553.496542,ATTITUDE,,,,,,,,,,,,,,,-0.0007136866333894432,-0.000148773702676408,-2.3653299808502197,,
1790036553.4975936,RAW_IMU,,,,,,,,,0,0,-1001,3,3,3,,,,,
1790036553.5162568,ATTITUDE,,,,,,,,,,,,,,,-0.0007170219323597848,-0.00015020316641312093,-2.3653392791748047,,
1790036553.517147,RAW_IMU,,,,,,,,,0,0,-1001,3,3,3,,,,,
1790036553.5370908,ATTITUDE,,,,,,,,,,,,,,,-0.0007180260145105422,-0.00014961561828386039,-2.365349769592285,,
1790036553.5389514,RAW_IMU,,,,,,,,,0,0,-1001,3,3,3,,,,,
1790036553.5576606,ATTITUDE,,,,,,,,,,,,,,,-0.0007163176196627319,-0.00014764037041459233,-2.365360736846924,,
1790036553.5590384,RAW_IMU,,,,,,,,,0,0,-1001,3,3,3,,,,,
1790036553.5600004,GLOBAL_POSITION_INT,-35.3606892,149.1682261,580.11,-0.602,-0.02,0.0,0.0,224.48,,,,,,,,,,,
1790036553.5612447,GPS_RAW_INT,,,,,,,,,,,,,,,,,,6,10
1790036553.5777335,ATTITUDE,,,,,,,,,,,,,,,-0.0007165392744354904,-0.00014580850256606936,-2.365370750427246,,
1790036553.5791774,RAW_IMU,,,,,,,,,0,0,-1001,3,3,3,,,,,
1790036553.5971546,ATTITUDE,,,,,,,,,,,,,,,-0.0007149782031774521,-0.00014447550347540528,-2.3653807640075684,,
1790036553.5995855,RAW_IMU,,,,,,,,,0,0,-1001,3,3,3,,,,,
1790036553.6161275,ATTITUDE,,,,,,,,,,,,,,,-0.0007152806501835585,-0.00014270562678575516,-2.3653907775878906,,
1790036553.617901,RAW_IMU,,,,,,,,,0,0,-1001,3,3,3,,,,,
1790036553.6356628,ATTITUDE,,,,,,,,,,,,,,,-0.0007162364781834185,-0.00014095006918068975,-2.3654003143310547,,
1790036553.6374173,RAW_IMU,,,,,,,,,0,0,-1001,3,3,3,,,,,
1790036553.6557763,ATTITUDE,,,,,,,,,,,,,,,-0.0007170484750531614,-0.00014216230192687362,-2.3654093742370605,,
1790036553.6571815,RAW_IMU,,,,,,,,,0,0,-1001,3,3,3,,,,,
1790036553.6584682,GLOBAL_POSITION_INT,-35.3606892,149.1682261,580.11,-0.602,-0.02,0.0,0.0,224.48,,,,,,,,,,,
1790036553.6597674,GPS_RAW_INT,,,,,,,,,,,,,,,,,,6,10
1790036553.6937714,ATTITUDE,,,,,,,,,,,,,,,-0.0007181024411693215,-0.0001422992063453421,-2.3654191493988037,,
1790036553.6947904,RAW_IMU,,,,,,,,,0,0,-1001,3,3,3,,,,,
1790036553.6966178,ATTITUDE,,,,,,,,,,,,,,,-0.0007197478553280234,-0.00014318543253466487,-2.3654282093048096,,
1790036553.6978638,RAW_IMU,,,,,,,,,0,0,-1001,3,3,3,,,,,
1790036553.7165427,ATTITUDE,,,,,,,,,,,,,,,-0.0007240692502819002,-0.00014654533879365772,-2.365438222885132,,
1790036553.718412,RAW_IMU,,,,,,,,,0,0,-1001,3,3,3,,,,,
1790036553.736245,ATTITUDE,,,,,,,,,,,,,,,-0.0007234096410684288,-0.00014631137310061604,-2.365447759628296,,
1790036553.7372472,RAW_IMU,,,,,,,,,0,0,-1000,3,3,3,,,,,
1790036553.7565694,ATTITUDE,,,,,,,,,,,,,,,-0.0007203579298220575,-0.00014428469876293093,-2.3654561042785645,,
1790036553.7583547,RAW_IMU,,,,,,,,,0,0,-1001,3,3,3,,,,,
1790036553.758937,GLOBAL_POSITION_INT,-35.3606892,149.1682261,580.11,-0.602,-0.02,0.0,0.0,224.47,,,,,,,,,,,
1790036553.7594726,GPS_RAW_INT,,,,,,,,,,,,,,,,,,6,10
1790036553.776765,ATTITUDE,,,,,,,,,,,,,,,-0.0007199005340225995,-0.00014453766925726086,-2.365467071533203,,
1790036553.7787476,RAW_IMU,,,,,,,,,0,0,-1001,3,3,3,,,,,
1790036553.7965963,ATTITUDE,,,,,,,,,,,,,,,-0.0007201240514405072,-0.00014537856623064727,-2.365476608276367,,
1790036553.7976563,RAW_IMU,,,,,,,,,0,0,-1001,3,3,3,,,,,
1790036553.816185,ATTITUDE,,,,,,,,,,,,,,,-0.0007204021094366908,-0.0001449863484594971,-2.365485668182373,,
1790036553.817072,RAW_IMU,,,,,,,,,0,0,-1001,3,3,3,,,,,
1790036553.8356292,ATTITUDE,,,,,,,,,,,,,,,-0.0007209486793726683,-0.00014608167111873627,-2.3654942512512207,,
1790036553.8370385,RAW_IMU,,,,,,,,,0,0,-1001,3,3,3,,,,,
1790036553.8556023,ATTITUDE,,,,,,,,,,,,,,,-0.0007196668302640319,-0.0001480934879509732,-2.3655028343200684,,
1790036553.8566356,RAW_IMU,,,,,,,,,0,0,-1001,3,3,3,,,,,
1790036553.8578572,GLOBAL_POSITION_INT,-35.3606892,149.1682261,580.11,-0.602,-0.02,0.0,0.0,224.47,,,,,,,,,,,
1790036553.8588305,GPS_RAW_INT,,,,,,,,,,,,,,,,,,6,10
1790036553.8764236,ATTITUDE,,,,,,,,,,,,,,,-0.0007196408696472645,-0.00014863339310977608,-2.3655123710632324,,
1790036553.877716,RAW_IMU,,,,,,,,,0,0,-1001,3,3,3,,,,,
1790036553.8962896,ATTITUDE,,,,,,,,,,,,,,,-0.0007231076015159488,-0.0001509383728262037,-2.3655219078063965,,
1790036553.897338,RAW_IMU,,,,,,,,,0,0,-1001,3,3,3,,,,,
1790036553.9162805,ATTITUDE,,,,,,,,,,,,,,,-0.0007259966805577278,-0.0001549598091514781,-2.3655319213867188,,
1790036553.9171767,RAW_IMU,,,,,,,,,0,0,-1001,3,3,3,,,,,
1790036553.9371667,ATTITUDE,,,,,,,,,,,,,,,-0.0007252019131556153,-0.0001531425368739292,-2.3655431270599365,,
1790036553.939529,RAW_IMU,,,,,,,,,0,0,-1001,3,3,3,,,,,
1790036553.9568176,ATTITUDE,,,,,,,,,,,,,,,-0.0007229989278130233,-0.00015207887918222696,-2.365551710128784,,
1790036553.9582844,RAW_IMU,,,,,,,,,0,0,-1001,3,3,3,,,,,
1790036553.9594457,GLOBAL_POSITION_INT,-35.3606892,149.1682261,580.11,-0.602,-0.02,0.0,0.0,224.47,,,,,,,,,,,
1790036553.9604511,GPS_RAW_INT,,,,,,,,,,,,,,,,,,6,10
1790036553.9764516,ATTITUDE,,,,,,,,,,,,,,,-0.0007205026340670884,-0.00015201166388578713,-2.36556077003479,,
1790036553.9781494,RAW_IMU,,,,,,,,,0,0,-1001,3,3,3,,,,,
1790036553.996934,ATTITUDE,,,,,,,,,,,,,,,-0.0007197563536465168,-0.0001526812993688509,-2.365572690963745,,
1790036553.9979892,RAW_IMU,,,,,,,,,0,0,-1001,3,3,3,,,,,
1790036554.017188,ATTITUDE,,,,,,,,,,,,,,,-0.0007197027443908155,-0.00015216808242257684,-2.3655834197998047,,
1790036554.018409,RAW_IMU,,,,,,,,,0,0,-1001,3,3,3,,,,,
1790036554.037062,ATTITUDE,,,,,,,,,,,,,,,-0.0007207851158455014,-0.00015266872651409358,-2.3655943870544434,,
1790036554.0380342,RAW_IMU,,,,,,,,,0,0,-1001,3,3,3,,,,,
1790036554.0572462,ATTITUDE,,,,,,,,,,,,,,,-0.0007219513063319027,-0.0001541808305773884,-2.3656046390533447,,
1790036554.0588293,RAW_IMU,,,,,,,,,0,0,-1001,3,3,3,,,,,
1790036554.0598397,GLOBAL_POSITION_INT,-35.3606892,149.1682261,580.11,-0.602,-0.02,0.0,0.0,224.47,,,,,,,,,,,
1790036554.0606668,GPS_RAW_INT,,,,,,,,,,,,,,,,,,6,10
1790036554.0773864,ATTITUDE,,,,,,,,,,,,,,,-0.0007237467216327786,-0.00015721807722002268,-2.3656134605407715,,
1790036554.0784643,RAW_IMU,,,,,,,,,0,0,-1001,3,3,3,,,,,
1790036554.097357,ATTITUDE,,,,,,,,,,,,,,,-0.0007257731631398201,-0.0001580734533490613,-2.365623950958252,,
1790036554.0987382,RAW_IMU,,,,,,,,,0,0,-1001,3,3,3,,,,,
1790036554.1171129,ATTITUDE,,,,,,,,,,,,,,,-0.0007284453022293746,-0.00016125323600135744,-2.365635395050049,,
1790036554.1180353,RAW_IMU,,,,,,,,,0,0,-1001,3,3,3,,,,,
1790036554.1370723,ATTITUDE,,,,,,,,,,,,,,,-0.0007257296820171177,-0.0001601840485818684,-2.365644693374634,,
1790036554.1385386,RAW_IMU,,,,,,,,,0,0,-1001,3,3,3,,,,,
1790036554.1574574,ATTITUDE,,,,,,,,,,,,,,,-0.000724661280401051,-0.00015853870718274266,-2.365656852722168,,
1790036554.1586876,RAW_IMU,,,,,,,,,0,0,-1001,3,3,3,,,,,
1790036554.1597536,GLOBAL_POSITION_INT,-35.3606892,149.1682261,580.11,-0.602,-0.02,0.0,0.0,224.46,,,,,,,,,,,
1790036554.1602225,GPS_RAW_INT,,,,,,,,,,,,,,,,,,6,10
1790036554.1932452,ATTITUDE,,,,,,,,,,,,,,,-0.000723065750207752,-0.00015701759548392147,-2.3656671047210693,,
1790036554.1950245,RAW_IMU,,,,,,,,,0,0,-1001,3,3,3,,,,,
1790036554.1981885,ATTITUDE,,,,,,,,,,,,,,,-0.0007228923495858908,-0.00015578432066831738,-2.365677833557129,,
1790036554.1998212,RAW_IMU,,,,,,,,,0,0,-1001,3,3,3,,,,,
1790036554.218449,ATTITUDE,,,,,,,,,,,,,,,-0.0007217417005449533,-0.00015422872093040496,-2.3656883239746094,,
1790036554.2193608,RAW_IMU,,,,,,,,,0,0,-1001,3,3,3,,,,,
1790036554.2383313,ATTITUDE,,,,,,,,,,,,,,,-0.0007221454288810492,-0.00015321541286539286,-2.365697145462036,,
1790036554.2389138,RAW_IMU,,,,,,,,,0,0,-1001,3,3,3,,,,,
1790036554.2584128,ATTITUDE,,,,,,,,,,,,,,,-0.0007207963499240577,-0.0001520664372947067,-2.365708112716675,,
1790036554.2594614,RAW_IMU,,,,,,,,,0,0,-1001,3,3,3,,,,,
1790036554.2603734,GLOBAL_POSITION_INT,-35.3606892,149.1682261,580.11,-0.602,-0.02,0.0,0.0,224.46,,,,,,,,,,,
1790036554.2611547,GPS_RAW_INT,,,,,,,,,,,,,,,,,,6,10
1790036554.2786927,ATTITUDE,,,,,,,,,,,,,,,-0.0007233282085508108,-0.00015361604164354503,-2.3657190799713135,,
1790036554.2792785,RAW_IMU,,,,,,,,,0,0,-1001,3,3,3,,,,,
1790036554.2986915,ATTITUDE,,,,,,,,,,,,,,,-0.0007243870059028268,-0.00015456022811122239,-2.365729570388794,,
1790036554.300215,RAW_IMU,,,,,,,,,0,0,-1001,3,3,3,,,,,
1790036554.3183196,ATTITUDE,,,,,,,,,,,,,,,-0.0007260792190209031,-0.00015790633915457875,-2.365739345550537,,
1790036554.3193648,RAW_IMU,,,,,,,,,0,0,-1001,3,3,3,,,,,
1790036554.3385606,ATTITUDE,,,,,,,,,,,,,,,-0.000725925900042057,-0.00015718917711637914,-2.3657493591308594,,
1790036554.3401802,RAW_IMU,,,,,,,,,0,0,-1001,3,3,3,,,,,
1790036554.3586924,ATTITUDE,,,,,,,,,,,,,,,-0.0007247664616443217,-0.000155594214447774,-2.365760087966919,,
1790036554.3597853,RAW_IMU,,,,,,,,,0,0,-1001,3,3,3,,,,,
1790036554.3605402,GLOBAL_POSITION_INT,-35.3606892,149.1682261,580.11,-0.602,-0.02,0.0,0.0,224.46,,,,,,,,,,,
1790036554.3609176,GPS_RAW_INT,,,,,,,,,,,,,,,,,,6,10
1790036554.3783283,ATTITUDE,,,,,,,,,,,,,,,-0.0007222563144750893,-0.00015404335863422602,-2.3657703399658203,,
1790036554.3798428,RAW_IMU,,,,,,,,,0,0,-1001,3,3,3,,,,,
1790036554.3983905,ATTITUDE,,,,,,,,,,,,,,,-0.0007228449685499072,-0.00015274154429789633,-2.36578106880188,,
1790036554.3993661,RAW_IMU,,,,,,,,,0,0,-1001,3,3,3,,,,,
1790036554.4187894,ATTITUDE,,,,,,,,,,,,,,,-0.0007226546294987202,-0.0001535865303594619,-2.3657901287078857,,
1790036554.4203503,RAW_IMU,,,,,,,,,0,0,-1001,3,3,3,,,,,
1790036554.4441915,ATTITUDE,,,,,,,,,,,,,,,-0.000722974247764796,-0.00015441287541761994,-2.3658008575439453,,
1790036554.4455206,RAW_IMU,,,,,,,,,0,0,-1000,3,3,3,,,,,
1790036554.4587722,ATTITUDE,,,,,,,,,,,,,,,-0.0007233096403069794,-0.000155405534314923,-2.3658089637756348,,
1790036554.4605424,RAW_IMU,,,,,,,,,0,0,-1001,3,3,3,,,,,
1790036554.4611137,GLOBAL_POSITION_INT,-35.3606892,149.1682261,580.11,-0.602,-0.02,0.0,0.0,224.45,,,,,,,,,,,
1790036554.461787,GPS_RAW_INT,,,,,,,,,,,,,,,,,,6,10
1790036554.4792168,ATTITUDE,,,,,,,,,,,,,,,-0.0007254333468154073,-0.00015604434884153306,-2.365818977355957,,
1790036554.4803379,RAW_IMU,,,,,,,,,0,0,-1001,3,3,3,,,,,
1790036554.4989097,ATTITUDE,,,,,,,,,,,,,,,-0.0007256933022290468,-0.00015796723891980946,-2.365828514099121,,
1790036554.5000458,RAW_IMU,,,,,,,,,0,0,-1001,3,3,3,,,,,
1790036554.5188248,ATTITUDE,,,,,,,,,,,,,,,-0.0007280370336957276,-0.00016016210429370403,-2.3658390045166016,,
1790036554.5195973,RAW_IMU,,,,,,,,,0,0,-1001,3,3,3,,,,,
1790036554.539051,ATTITUDE,,,,,,,,,,,,,,,-0.0007265732274390757,-0.00016082613728940487,-2.365847587585449,,
1790036554.5402646,RAW_IMU,,,,,,,,,0,0,-1001,3,3,3,,,,,
1790036554.5592012,ATTITUDE,,,,,,,,,,,,,,,-0.0007255249074660242,-0.0001600264076841995,-2.3658573627471924,,
1790036554.5604675,RAW_IMU,,,,,,,,,0,0,-1001,3,3,3,,,,,
1790036554.5616744,GLOBAL_POSITION_INT,-35.3606892,149.1682261,580.11,-0.602,-0.02,0.0,0.0,224.45,,,,,,,,,,,
1790036554.5626307,GPS_RAW_INT,,,,,,,,,,,,,,,,,,6,10
1790036554.5789816,ATTITUDE,,,,,,,,,,,,,,,-0.0007245480082929134,-0.0001594550267327577,-2.365868091583252,,
1790036554.5804262,RAW_IMU,,,,,,,,,0,0,-1001,3,3,3,,,,,
1790036554.5943198,ATTITUDE,,,,,,,,,,,,,,,-0.000724012847058475,-0.00015772180631756783,-2.3658766746520996,,
1790036554.5954046,RAW_IMU,,,,,,,,,0,0,-1001,3,3,3,,,,,
1790036554.614648,ATTITUDE,,,,,,,,,,,,,,,-0.0007222302374430001,-0.00015688945131842047,-2.365887403488159,,
1790036554.6162667,RAW_IMU,,,,,,,,,0,0,-1001,3,3,3,,,,,
1790036554.6341705,ATTITUDE,,,,,,,,,,,,,,,-0.0007238127873279154,-0.00015554935089312494,-2.3658971786499023,,
1790036554.6357756,RAW_IMU,,,,,,,,,0,0,-1001,3,3,3,,,,,
1790036554.6538112,ATTITUDE,,,,,,,,,,,,,,,-0.0007237869431264699,-0.000155902627739124,-2.3659071922302246,,
1790036554.6546667,RAW_IMU,,,,,,,,,0,0,-1001,3,3,3,,,,,
1790036554.655666,GLOBAL_POSITION_INT,-35.3606892,149.1682261,580.11,-0.602,-0.02,0.0,0.0,224.45,,,,,,,,,,,
1790036554.6568267,GPS_RAW_INT,,,,,,,,,,,,,,,,,,6,10
1790036554.6854246,ATTITUDE,,,,,,,,,,,,,,,-0.0007233524229377508,-0.00015747516590636224,-2.365917205810547,,
1790036554.6867273,RAW_IMU,,,,,,,,,0,0,-1001,3,3,3,,,,,
1790036554.6951103,ATTITUDE,,,,,,,,,,,,,,,-0.0007257593097165227,-0.0001572908367961645,-2.365926742553711,,
1790036554.6964388,RAW_IMU,,,,,,,,,0,0,-1001,3,3,3,,,,,
1790036554.7156203,ATTITUDE,,,,,,,,,,,,,,,-0.0007274832460097969,-0.00016042255447246134,-2.3659374713897705,,
1790036554.7170045,RAW_IMU,,,,,,,,,0,0,-1001,3,3,3,,,,,
1790036554.7359664,ATTITUDE,,,,,,,,,,,,,,,-0.0007273044320754707,-0.00015964364865794778,-2.36594820022583,,
1790036554.7371178,RAW_IMU,,,,,,,,,0,0,-1001,3,3,3,,,,,
1790036554.756219,ATTITUDE,,,,,,,,,,,,,,,-0.000724462210200727,-0.0001574894558871165,-2.365957260131836,,
1790036554.7572246,RAW_IMU,,,,,,,,,0,0,-1001,3,3,3,,,,,
1790036554.7580614,GLOBAL_POSITION_INT,-35.3606892,149.1682261,580.11,-0.602,-0.02,0.0,0.0,224.45,,,,,,,,,,,
1790036554.7593856,GPS_RAW_INT,,,,,,,,,,,,,,,,,,6,10
1790036554.7765005,ATTITUDE,,,,,,,,,,,,,,,-0.0007227195310406387,-0.00015620743215549737,-2.365967035293579,,
1790036554.7777984,RAW_IMU,,,,,,,,,0,0,-1001,3,3,3,,,,,
1790036554.7961254,ATTITUDE,,,,,,,,,,,,,,,-0.0007220103871077299,-0.0001553715846966952,-2.3659770488739014,,
1790036554.7975743,RAW_IMU,,,,,,,,,0,0,-1001,3,3,3,,,,,
1790036554.8161604,ATTITUDE,,,,,,,,,,,,,,,-0.000720791460480541,-0.0001548969594296068,-2.3659873008728027,,
1790036554.817206,RAW_IMU,,,,,,,,,0,0,-1001,3,3,3,,,,,
1790036554.8362343,ATTITUDE,,,,,,,,,,,,,,,-0.0007208816823549569,-0.00015450699720531702,-2.3659958839416504,,
1790036554.8376148,RAW_IMU,,,,,,,,,0,0,-1001,3,3,3,,,,,
1790036554.856312,ATTITUDE,,,,,,,,,,,,,,,-0.0007212699856609106,-0.00015730383165646344,-2.36600661277771,,
1790036554.8571913,RAW_IMU,,,,,,,,,0,0,-1001,3,3,3,,,,,
1790036554.858432,GLOBAL_POSITION_INT,-35.3606892,149.1682261,580.11,-0.602,-0.02,0.0,0.0,224.44,,,,,,,,,,,
1790036554.8588488,GPS_RAW_INT,,,,,,,,,,,,,,,,,,6,10
1790036554.876237,ATTITUDE,,,,,,,,,,,,,,,-0.0007235321099869907,-0.00015888834604993463,-2.3660151958465576,,
1790036554.8777826,RAW_IMU,,,,,,,,,0,0,-1001,3,3,3,,,,,
1790036554.89628,ATTITUDE,,,,,,,,,,,,,,,-0.0007261117571033537,-0.00015966501086950302,-2.3660268783569336,,
1790036554.8981137,RAW_IMU,,,,,,,,,0,0,-1001,3,3,3,,,,,
1790036554.9164045,ATTITUDE,,,,,,,,,,,,,,,-0.000728145707398653,-0.00016235628572758287,-2.366037368774414,,
1790036554.9176776,RAW_IMU,,,,,,,,,0,0,-1001,3,3,3,,,,,
1790036554.9393978,ATTITUDE,,,,,,,,,,,,,,,-0.0007268251501955092,-0.00016161741223186255,-2.3660478591918945,,
1790036554.9422998,RAW_IMU,,,,,,,,,0,0,-1001,3,3,3,,,,,
1790036554.9567933,ATTITUDE,,,,,,,,,,,,,,,-0.0007255529635585845,-0.00015954222180880606,-2.3660573959350586,,
1790036554.9584892,RAW_IMU,,,,,,,,,0,0,-1001,3,3,3,,,,,
1790036554.9596107,GLOBAL_POSITION_INT,-35.3606892,149.1682261,580.11,-0.602,-0.02,0.0,0.0,224.44,,,,,,,,,,,
1790036554.9606817,GPS_RAW_INT,,,,,,,,,,,,,,,,,,6,10
1790036554.977515,ATTITUDE,,,,,,,,,,,,,,,-0.0007263814914040267,-0.00015775320935063064,-2.36606764793396,,
1790036554.9789634,RAW_IMU,,,,,,,,,0,0,-1001,3,3,3,,,,,
1790036554.9976196,ATTITUDE,,,,,,,,,,,,,,,-0.0007263747393153608,-0.000156732538016513,-2.3660778999328613,,
1790036554.99897,RAW_IMU,,,,,,,,,0,0,-1001,3,3,3,,,,,
1790036555.0174298,ATTITUDE,,,,,,,,,,,,,,,-0.0007270303904078901,-0.00015738990623503923,-2.366086959838867,,
1790036555.0192034,RAW_IMU,,,,,,,,,0,0,-1001,3,3,3,,,,,
1790036555.0374517,ATTITUDE,,,,,,,,,,,,,,,-0.0007271585054695606,-0.00015800817345734686,-2.366096258163452,,
1790036555.0384655,RAW_IMU,,,,,,,,,0,0,-1001,3,3,3,,,,,
1790036555.0582452,ATTITUDE,,,,,,,,,,,,,,,-0.0007287442567758262,-0.00015924294712021947,-2.366105556488037,,
1790036555.059801,RAW_IMU,,,,,,,,,0,0,-1001,3,3,3,,,,,
1790036555.060837,GLOBAL_POSITION_INT,-35.3606892,149.1682261,580.11,-0.602,-0.02,0.0,0.0,224.44,,,,,,,,,,,
1790036555.061765,GPS_RAW_INT,,,,,,,,,,,,,,,,,,6,10
1790036555.078847,ATTITUDE,,,,,,,,,,,,,,,-0.0007291189394891262,-0.0001595706125954166,-2.366114616394043,,
1790036555.079896,RAW_IMU,,,,,,,,,0,0,-1001,3,3,3,,,,,
1790036555.0940905,ATTITUDE,,,,,,,,,,,,,,,-0.0007316337432712317,-0.00016092827718239278,-2.366123676300049,,
1790036555.0949402,RAW_IMU,,,,,,,,,0,0,-1001,3,3,3,,,,,
1790036555.1145341,ATTITUDE,,,,,,,,,,,,,,,-0.0007330473163165152,-0.0001622467825654894,-2.3661322593688965,,
1790036555.115673,RAW_IMU,,,,,,,,,0,0,-1001,3,3,3,,,,,
1790036555.134292,ATTITUDE,,,,,,,,,,,,,,,-0.0007320797303691506,-0.00016366418276447803,-2.366143226623535,,
1790036555.134887,RAW_IMU,,,,,,,,,0,0,-1001,3,3,3,,,,,
1790036555.1546068,ATTITUDE,,,,,,,,,,,,,,,-0.0007282232982106507,-0.0001616657682461664,-2.3661530017852783,,
1790036555.1558044,RAW_IMU,,,,,,,,,0,0,-1001,3,3,3,,,,,
1790036555.1565964,GLOBAL_POSITION_INT,-35.3606892,149.1682261,580.11,-0.602,-0.02,0.0,0.0,224.43,,,,,,,,,,,
1790036555.1574993,GPS_RAW_INT,,,,,,,,,,,,,,,,,,6,10
1790036555.1884868,ATTITUDE,,,,,,,,,,,,,,,-0.000728152459487319,-0.00016130329458974302,-2.3661625385284424,,
1790036555.189654,RAW_IMU,,,,,,,,,0,0,-1001,3,3,3,,,,,
1790036555.1952312,ATTITUDE,,,,,,,,,,,,,,,-0.0007279907586053014,-0.00016170291928574443,-2.3661723136901855,,
1790036555.1959121,RAW_IMU,,,,,,,,,0,0,-1001,3,3,3,,,,,
1790036555.2153435,ATTITUDE,,,,,,,,,,,,,,,-0.0007266500033438206,-0.00016066494572442025,-2.366182565689087,,
1790036555.2170234,RAW_IMU,,,,,,,,,0,0,-1001,3,3,3,,,,,
1790036555.2352679,ATTITUDE,,,,,,,,,,,,,,,-0.0007266819593496621,-0.00016150344163179398,-2.3661906719207764,,
1790036555.236175,RAW_IMU,,,,,,,,,0,0,-1001,3,3,3,,,,,
1790036555.2550957,ATTITUDE,,,,,,,,,,,,,,,-0.0007262760773301125,-0.00016321722068823874,-2.3662006855010986,,
1790036555.2565978,RAW_IMU,,,,,,,,,0,0,-1001,3,3,3,,,,,
1790036555.257143,GLOBAL_POSITION_INT,-35.3606892,149.1682261,580.11,-0.602,-0.02,0.0,0.0,224.43,,,,,,,,,,,
1790036555.25761,GPS_RAW_INT,,,,,,,,,,,,,,,,,,6,10
1790036555.2815711,ATTITUDE,,,,,,,,,,,,,,,-0.0007282061269506812,-0.00016477661847602576,-2.366210699081421,,
1790036555.28305,RAW_IMU,,,,,,,,,0,0,-1001,3,3,3,,,,,
1790036555.301181,ATTITUDE,,,,,,,,,,,,,,,-0.0007299292483367026,-0.00016458687605336308,-2.3662195205688477,,
1790036555.3020074,RAW_IMU,,,,,,,,,0,0,-1000,3,3,3,,,,,
1790036555.3203733,ATTITUDE,,,,,,,,,,,,,,,-0.0007339292787946761,-0.00016643627895973623,-2.3662290573120117,,
1790036555.3216577,RAW_IMU,,,,,,,,,0,0,-1001,3,3,3,,,,,
1790036555.3406284,ATTITUDE,,,,,,,,,,,,,,,-0.0007337803835980594,-0.0001647233875701204,-2.3662383556365967,,
1790036555.34158,RAW_IMU,,,,,,,,,0,0,-1001,3,3,3,,,,,
1790036555.3606246,ATTITUDE,,,,,,,,,,,,,,,-0.0007321477751247585,-0.00016206978762056679,-2.3662476539611816,,
1790036555.361962,RAW_IMU,,,,,,,,,0,0,-1001,3,3,3,,,,,
1790036555.3629203,GLOBAL_POSITION_INT,-35.3606892,149.1682261,580.11,-0.602,-0.02,0.0,0.0,224.43,,,,,,,,,,,
1790036555.3637195,GPS_RAW_INT,,,,,,,,,,,,,,,,,,6,10
1790036555.3799665,ATTITUDE,,,,,,,,,,,,,,,-0.0007306816405616701,-0.00016167973808478564,-2.366255044937134,,
1790036555.3816147,RAW_IMU,,,,,,,,,0,0,-1001,3,3,3,,,,,
1790036555.4007826,ATTITUDE,,,,,,,,,,,,,,,-0.000729622901417315,-0.00016062099894043058,-2.366264820098877,,
1790036555.401688,RAW_IMU,,,,,,,,,0,0,-1001,3,3,3,,,,,
1790036555.420794,ATTITUDE,,,,,,,,,,,,,,,-0.0007283587474375963,-0.0001590676256455481,-2.366273880004883,,
1790036555.4220943,RAW_IMU,,,,,,,,,0,0,-1001,3,3,3,,,,,
1790036555.446187,ATTITUDE,,,,,,,,,,,,,,,-0.0007279969286173582,-0.00015885413449723274,-2.3662827014923096,,
1790036555.449267,RAW_IMU,,,,,,,,,0,0,-1001,3,3,3,,,,,
1790036555.4605691,ATTITUDE,,,,,,,,,,,,,,,-0.0007282537408173084,-0.00015909371722955257,-2.3662936687469482,,
1790036555.4617286,RAW_IMU,,,,,,,,,0,0,-1001,3,3,3,,,,,
1790036555.462548,GLOBAL_POSITION_INT,-35.3606892,149.1682261,580.11,-0.602,-0.02,0.0,0.0,224.43,,,,,,,,,,,
1790036555.4637668,GPS_RAW_INT,,,,,,,,,,,,,,,,,,6,10
1790036555.480918,ATTITUDE,,,,,,,,,,,,,,,-0.0007300276774913073,-0.00015986950893420726,-2.3663041591644287,,
1790036555.4823925,RAW_IMU,,,,,,,,,0,0,-1001,3,3,3,,,,,
1790036555.500825,ATTITUDE,,,,,,,,,,,,,,,-0.0007329553482122719,-0.00016136914200615138,-2.3663134574890137,,
1790036555.5024521,RAW_IMU,,,,,,,,,0,0,-1001,3,3,3,,,,,
1790036555.5212054,ATTITUDE,,,,,,,,,,,,,,,-0.0007371290703304112,-0.00016378230066038668,-2.3663249015808105,,
1790036555.522238,RAW_IMU,,,,,,,,,0,0,-1001,3,3,3,,,,,
1790036555.5367532,ATTITUDE,,,,,,,,,,,,,,,-0.0007367922808043659,-0.00016199788660742342,-2.366335391998291,,
1790036555.5382054,RAW_IMU,,,,,,,,,0,0,-1001,3,3,3,,,,,
1790036555.5569935,ATTITUDE,,,,,,,,,,,,,,,-0.0007352499524131417,-0.00016190932365134358,-2.366344928741455,,
1790036555.5581563,RAW_IMU,,,,,,,,,0,0,-1001,3,3,3,,,,,
1790036555.5586057,GLOBAL_POSITION_INT,-35.3606892,149.1682261,580.11,-0.602,-0.02,0.0,0.0,224.42,,,,,,,,,,,
1790036555.5600789,GPS_RAW_INT,,,,,,,,,,,,,,,,,,6,10
1790036555.577051,ATTITUDE,,,,,,,,,,,,,,,-0.0007355857524089515,-0.00016062780923675746,-2.3663554191589355,,
1790036555.578838,RAW_IMU,,,,,,,,,0,0,-1001,3,3,3,,,,,
1790036555.5969448,ATTITUDE,,,,,,,,,,,,,,,-0.0007351233507506549,-0.0001608841266715899,-2.366365909576416,,
1790036555.5982583,RAW_IMU,,,,,,,,,0,0,-1001,3,3,3,,,,,
1790036555.6171167,ATTITUDE,,,,,,,,,,,,,,,-0.000734943023417145,-0.0001601709082024172,-2.3663761615753174,,
1790036555.6183884,RAW_IMU,,,,,,,,,0,0,-1001,3,3,3,,,,,
1790036555.6371062,ATTITUDE,,,,,,,,,,,,,,,-0.0007339803851209581,-0.0001594133209437132,-2.3663856983184814,,
1790036555.6390705,RAW_IMU,,,,,,,,,0,0,-1000,3,3,3,,,,,
1790036555.656368,ATTITUDE,,,,,,,,,,,,,,,-0.0007361103198491037,-0.00015913409879431129,-2.3663954734802246,,
1790036555.6577206,RAW_IMU,,,,,,,,,0,0,-1001,3,3,3,,,,,
1790036555.6584888,GLOBAL_POSITION_INT,-35.3606892,149.1682261,580.11,-0.602,-0.02,0.0,0.0,224.42,,,,,,,,,,,
1790036555.6601965,GPS_RAW_INT,,,,,,,,,,,,,,,,,,6,10
1790036555.6934884,ATTITUDE,,,,,,,,,,,,,,,-0.0007383140618912876,-0.00015930112567730248,-2.3664052486419678,,
1790036555.6950839,RAW_IMU,,,,,,,,,0,0,-1001,3,3,3,,,,,
1790036555.6969838,ATTITUDE,,,,,,,,,,,,,,,-0.0007403124473057687,-0.0001616840745555237,-2.366415023803711,,
1790036555.6996915,RAW_IMU,,,,,,,,,0,0,-1001,3,3,3,,,,,
1790036555.7162743,ATTITUDE,,,,,,,,,,,,,,,-0.0007424696232192218,-0.0001644633593969047,-2.366424083709717,,
1790036555.7176204,RAW_IMU,,,,,,,,,0,0,-1001,3,3,3,,,,,
1790036555.7359624,ATTITUDE,,,,,,,,,,,,,,,-0.0007412561681121588,-0.00016337695706170052,-2.366433620452881,,
1790036555.7368617,RAW_IMU,,,,,,,,,0,0,-1001,3,3,3,,,,,
1790036555.7574797,ATTITUDE,,,,,,,,,,,,,,,-0.0007411848637275398,-0.00016396536375395954,-2.366442918777466,,
1790036555.7586179,RAW_IMU,,,,,,,,,0,0,-1001,3,3,3,,,,,
1790036555.7605727,GLOBAL_POSITION_INT,-35.3606892,149.1682261,580.11,-0.602,-0.02,0.0,0.0,224.42,,,,,,,,,,,
1790036555.7619164,GPS_RAW_INT,,,,,,,,,,,,,,,,,,6,10
1790036555.7792203,ATTITUDE,,,,,,,,,,,,,,,-0.0007394843269139528,-0.00016364992188755423,-2.366452932357788,,
1790036555.7836654,RAW_IMU,,,,,,,,,0,0,-1000,3,3,3,,,,,
1790036555.8003025,ATTITUDE,,,,,,,,,,,,,,,-0.0007398658781312406,-0.00016448638052679598,-2.3664629459381104,,
1790036555.8016026,RAW_IMU,,,,,,,,,0,0,-1001,3,3,3,,,,,
1790036555.8208892,ATTITUDE,,,,,,,,,,,,,,,-0.0007399535970762372,-0.00016673536447342485,-2.3664727210998535,,
1790036555.822938,RAW_IMU,,,,,,,,,0,0,-1001,3,3,3,,,,,
1790036555.840742,ATTITUDE,,,,,,,,,,,,,,,-0.0007398740272037685,-0.00016767978377174586,-2.3664815425872803,,
1790036555.8423486,RAW_IMU,,,,,,,,,0,0,-1001,3,3,3,,,,,
1790036555.8561254,ATTITUDE,,,,,,,,,,,,,,,-0.0007408034289255738,-0.00016927297110669315,-2.3664920330047607,,
1790036555.8576884,RAW_IMU,,,,,,,,,0,0,-1001,3,3,3,,,,,
1790036555.8589082,GLOBAL_POSITION_INT,-35.3606892,149.1682261,580.11,-0.602,-0.02,0.0,0.0,224.41,,,,,,,,,,,
1790036555.8598075,GPS_RAW_INT,,,,,,,,,,,,,,,,,,6,10
1790036555.8766744,ATTITUDE,,,,,,,,,,,,,,,-0.0007412846316583455,-0.0001698760752333328,-2.366502285003662,,
1790036555.8780508,RAW_IMU,,,,,,,,,0,0,-1001,3,3,3,,,,,
1790036555.8966312,ATTITUDE,,,,,,,,,,,,,,,-0.0007436873856931925,-0.00017213785031344742,-2.366513967514038,,
1790036555.898268,RAW_IMU,,,,,,,,,0,0,-1001,3,3,3,,,,,
1790036555.916912,ATTITUDE,,,,,,,,,,,,,,,-0.000745711731724441,-0.00017420771473553032,-2.366523504257202,,
1790036555.9181623,RAW_IMU,,,,,,,,,0,0,-1001,3,3,3,,,,,
1790036555.9435577,ATTITUDE,,,,,,,,,,,,,,,-0.0007456513121724129,-0.000174019078258425,-2.366532802581787,,
1790036555.9460378,RAW_IMU,,,,,,,,,0,0,-1001,3,3,3,,,,,
1790036555.958597,ATTITUDE,,,,,,,,,,,,,,,-0.0007448849501088262,-0.00017275364371016622,-2.3665430545806885,,
1790036555.960569,RAW_IMU,,,,,,,,,0,0,-1001,3,3,3,,,,,
1790036555.9620633,GLOBAL_POSITION_INT,-35.3606892,149.1682261,580.11,-0.602,-0.02,0.0,0.0,224.41,,,,,,,,,,,
1790036555.963245,GPS_RAW_INT,,,,,,,,,,,,,,,,,,6,10
1790036555.978878,ATTITUDE,,,,,,,,,,,,,,,-0.0007447940297424793,-0.00016935473831836134,-2.3665549755096436,,
1790036555.979914,RAW_IMU,,,,,,,,,0,0,-1001,3,3,3,,,,,
1790036556.0006955,ATTITUDE,,,,,,,,,,,,,,,-0.0007434565923176706,-0.0001678291882853955,-2.3665642738342285,,
1790036556.002548,RAW_IMU,,,,,,,,,0,0,-1001,3,3,3,,,,,
1790036556.0204337,ATTITUDE,,,,,,,,,,,,,,,-0.0007405640208162367,-0.0001669344783294946,-2.3665738105773926,,
1790036556.0217624,RAW_IMU,,,,,,,,,0,0,-1001,3,3,3,,,,,
1790036556.0404239,ATTITUDE,,,,,,,,,,,,,,,-0.0007415188010782003,-0.00016753494855947793,-2.3665847778320312,,
1790036556.0418684,RAW_IMU,,,,,,,,,0,0,-1001,3,3,3,,,,,
1790036556.0604203,ATTITUDE,,,,,,,,,,,,,,,-0.000740976829547435,-0.00016759718710090965,-2.366594076156616,,
1790036556.061232,RAW_IMU,,,,,,,,,0,0,-1001,3,3,3,,,,,
1790036556.0622096,GLOBAL_POSITION_INT,-35.3606892,149.1682261,580.11,-0.602,-0.02,0.0,0.0,224.41,,,,,,,,,,,
1790036556.062909,GPS_RAW_INT,,,,,,,,,,,,,,,,,,6,10
1790036556.0798943,ATTITUDE,,,,,,,,,,,,,,,-0.0007415364379994571,-0.00016882242925930768,-2.366605281829834,,
1790036556.0819778,RAW_IMU,,,,,,,,,0,0,-1001,3,3,3,,,,,
1790036556.0999045,ATTITUDE,,,,,,,,,,,,,,,-0.0007440361077897251,-0.00017173941887449473,-2.3666152954101562,,
1790036556.101178,RAW_IMU,,,,,,,,,0,0,-1001,3,3,3,,,,,
1790036556.119751,ATTITUDE,,,,,,,,,,,,,,,-0.0007456309394910932,-0.00017511453188490123,-2.3666231632232666,,
1790036556.1212842,RAW_IMU,,,,,,,,,0,0,-1001,3,3,3,,,,,
1790036556.1397605,ATTITUDE,,,,,,,,,,,,,,,-0.0007453210419043899,-0.00017568112525623292,-2.3666329383850098,,
1790036556.1412783,RAW_IMU,,,,,,,,,0,0,-1001,3,3,3,,,,,
1790036556.1597238,ATTITUDE,,,,,,,,,,,,,,,-0.0007436736486852169,-0.00017389851564075798,-2.366642475128174,,
1790036556.1607819,RAW_IMU,,,,,,,,,0,0,-1001,3,3,3,,,,,
1790036556.161127,GLOBAL_POSITION_INT,-35.3606892,149.1682261,580.11,-0.602,-0.02,0.0,0.0,224.41,,,,,,,,,,,
1790036556.1629376,GPS_RAW_INT,,,,,,,,,,,,,,,,,,6,10
1790036556.1899428,ATTITUDE,,,,,,,,,,,,,,,-0.0007441999623551965,-0.0001728832721710205,-2.366652488708496,,
1790036556.191682,RAW_IMU,,,,,,,,,0,0,-1001,3,3,3,,,,,
1790036556.1997724,ATTITUDE,,,,,,,,,,,,,,,-0.0007444934453815222,-0.00017078292148653418,-2.3666629791259766,,
1790036556.200732,RAW_IMU,,,,,,,,,0,0,-1001,3,3,3,,,,,
1790036556.2202892,ATTITUDE,,,,,,,,,,,,,,,-0.0007424320210702717,-0.00016989189316518605,-2.366673231124878,,
1790036556.2214937,RAW_IMU,,,,,,,,,0,0,-1001,3,3,3,,,,,
1790036556.239586,ATTITUDE,,,,,,,,,,,,,,,-0.0007430218392983079,-0.0001688917400315404,-2.366684913635254,,
1790036556.2413821,RAW_IMU,,,,,,,,,0,0,-1001,3,3,3,,,,,
1790036556.2597365,ATTITUDE,,,,,,,,,,,,,,,-0.0007438761531375349,-0.00016884431533981115,-2.3666961193084717,,
1790036556.260824,RAW_IMU,,,,,,,,,0,0,-1001,3,3,3,,,,,
1790036556.2612796,GLOBAL_POSITION_INT,-35.3606892,149.1682261,580.11,-0.602,-0.02,0.0,0.0,224.4,,,,,,,,,,,
1790036556.2627716,GPS_RAW_INT,,,,,,,,,,,,,,,,,,6,10
1790036556.2799182,ATTITUDE,,,,,,,,,,,,,,,-0.0007469660486094654,-0.00017172512889374048,-2.366706132888794,,
1790036556.2812114,RAW_IMU,,,,,,,,,0,0,-1001,3,3,3,,,,,
1790036556.3006995,ATTITUDE,,,,,,,,,,,,,,,-0.0007493186858482659,-0.00017266754002775997,-2.366715431213379,,
1790036556.302218,RAW_IMU,,,,,,,,,0,0,-1001,3,3,3,,,,,
1790036556.3159802,ATTITUDE,,,,,,,,,,,,,,,-0.0007529690046794713,-0.00017549176118336618,-2.366724729537964,,
1790036556.3169825,RAW_IMU,,,,,,,,,0,0,-1000,3,3,3,,,,,
1790036556.3379762,ATTITUDE,,,,,,,,,,,,,,,-0.000751890882384032,-0.00017451174790039659,-2.3667333126068115,,
1790036556.339068,RAW_IMU,,,,,,,,,0,0,-1001,3,3,3,,,,,
1790036556.3576665,ATTITUDE,,,,,,,,,,,,,,,-0.0007491692085750401,-0.00017250492237508297,-2.3667454719543457,,
1790036556.3591442,RAW_IMU,,,,,,,,,0,0,-1001,3,3,3,,,,,
1790036556.360158,GLOBAL_POSITION_INT,-35.3606892,149.1682261,580.11,-0.602,-0.02,0.0,0.0,224.4,,,,,,,,,,,
1790036556.3610682,GPS_RAW_INT,,,,,,,,,,,,,,,,,,6,10
1790036556.378852,ATTITUDE,,,,,,,,,,,,,,,-0.0007473102887161076,-0.00017058465164154768,-2.3667547702789307,,
1790036556.3808532,RAW_IMU,,,,,,,,,0,0,-1001,3,3,3,,,,,
1790036556.4005957,ATTITUDE,,,,,,,,,,,,,,,-0.0007468553376384079,-0.0001684099406702444,-2.3667640686035156,,
1790036556.4020412,RAW_IMU,,,,,,,,,0,0,-1000,3,3,3,,,,,
1790036556.420621,ATTITUDE,,,,,,,,,,,,,,,-0.0007459861226379871,-0.0001679952983977273,-2.3667731285095215,,
1790036556.4217763,RAW_IMU,,,,,,,,,0,0,-1001,3,3,3,,,,,
1790036556.439585,ATTITUDE,,,,,,,,,,,,,,,-0.0007448639953508973,-0.00016876778681762516,-2.366783618927002,,
1790036556.4399915,RAW_IMU,,,,,,,,,0,0,-1001,3,3,3,,,,,
1790036556.4574082,ATTITUDE,,,,,,,,,,,,,,,-0.0007442291243933141,-0.00016911390412133187,-2.366793394088745,,
1790036556.457839,RAW_IMU,,,,,,,,,0,0,-1001,3,3,3,,,,,
1790036556.4581964,GLOBAL_POSITION_INT,-35.3606892,149.1682261,580.11,-0.602,-0.02,0.0,0.0,224.4,,,,,,,,,,,
1790036556.4584908,GPS_RAW_INT,,,,,,,,,,,,,,,,,,6,10
1790036556.4750514,ATTITUDE,,,,,,,,,,,,,,,-0.0007456988678313792,-0.0001713029050733894,-2.3668034076690674,,
1790036556.4756122,RAW_IMU,,,,,,,,,0,0,-1001,3,3,3,,,,,
1790036556.4980493,ATTITUDE,,,,,,,,,,,,,,,-0.0007466099341399968,-0.00017231782840099186,-2.3668124675750732,,
1790036556.498411,RAW_IMU,,,,,,,,,0,0,-1001,3,3,3,,,,,
1790036556.5156126,ATTITUDE,,,,,,,,,,,,,,,-0.0007438661414198577,-0.00017045818094629794,-2.366823434829712,,
1790036556.5158923,RAW_IMU,,,,,,,,,0,0,-1001,3,3,3,,,,,
1790036556.5386777,ATTITUDE,,,,,,,,,,,,,,,-0.0007427653181366622,-0.00016758311539888382,-2.3668320178985596,,
1790036556.5392869,RAW_IMU,,,,,,,,,0,0,-1001,3,3,3,,,,,
1790036556.5563316,ATTITUDE,,,,,,,,,,,,,,,-0.0007419798639602959,-0.00016654659702908248,-2.366842031478882,,
1790036556.5570748,RAW_IMU,,,,,,,,,0,0,-1001,3,3,3,,,,,
1790036556.557397,GLOBAL_POSITION_INT,-35.3606892,149.1682261,580.11,-0.602,-0.02,0.0,0.0,224.39,,,,,,,,,,,
1790036556.557725,GPS_RAW_INT,,,,,,,,,,,,,,,,,,6,10
1790036556.574257,ATTITUDE,,,,,,,,,,,,,,,-0.0007404715870507061,-0.00016567048442084342,-2.3668501377105713,,
1790036556.5750175,RAW_IMU,,,,,,,,,0,0,-1001,3,3,3,,,,,
1790036556.5972445,ATTITUDE,,,,,,,,,,,,,,,-0.0007411017431877553,-0.00016510106797795743,-2.366858720779419,,
1790036556.5977638,RAW_IMU,,,,,,,,,0,0,-1001,3,3,3,,,,,
1790036556.6148925,ATTITUDE,,,,,,,,,,,,,,,-0.0007398019661195576,-0.0001664387818891555,-2.3668711185455322,,
1790036556.6156046,RAW_IMU,,,,,,,,,0,0,-1001,3,3,3,,,,,
1790036556.638189,ATTITUDE,,,,,,,,,,,,,,,-0.0007383558549918234,-0.00016733232769183815,-2.3668808937072754,,
1790036556.6388552,RAW_IMU,,,,,,,,,0,0,-1001,3,3,3,,,,,
1790036556.6566257,ATTITUDE,,,,,,,,,,,,,,,-0.0007379759335890412,-0.00016867462545633316,-2.366891622543335,,
1790036556.6572378,RAW_IMU,,,,,,,,,0,0,-1001,3,3,3,,,,,
1790036556.6579258,GLOBAL_POSITION_INT,-35.3606892,149.1682261,580.11,-0.602,-0.02,0.0,0.0,224.39,,,,,,,,,,,
1790036556.6583543,GPS_RAW_INT,,,,,,,,,,,,,,,,,,6,10
1790036556.6774344,ATTITUDE,,,,,,,,,,,,,,,-0.0007401514449156821,-0.0001697293482720852,-2.36690092086792,,
1790036556.6779976,RAW_IMU,,,,,,,,,0,0,-1000,3,3,3,,,,,
1790036556.697963,ATTITUDE,,,,,,,,,,,,,,,-0.0007421576883643866,-0.000171620849869214,-2.3669111728668213,,
1790036556.6986096,RAW_IMU,,,,,,,,,0,0,-1001,3,3,3,,,,,
1790036556.7157302,ATTITUDE,,,,,,,,,,,,,,,-0.0007446965319104493,-0.00017410819418728352,-2.366919994354248,,
1790036556.716313,RAW_IMU,,,,,,,,,0,0,-1001,3,3,3,,,,,
1790036556.738616,ATTITUDE,,,,,,,,,,,,,,,-0.0007449044496752322,-0.00017518686945550144,-2.3669281005859375,,
1790036556.7392776,RAW_IMU,,,,,,,,,0,0,-1001,3,3,3,,,,,
1790036556.7562294,ATTITUDE,,,,,,,,,,,,,,,-0.0007450787234120071,-0.00017459951050113887,-2.3669373989105225,,
1790036556.7566843,RAW_IMU,,,,,,,,,0,0,-1001,3,3,3,,,,,
1790036556.7570937,GLOBAL_POSITION_INT,-35.3606892,149.1682261,580.11,-0.602,-0.02,0.0,0.0,224.39,,,,,,,,,,,
1790036556.7574553,GPS_RAW_INT,,,,,,,,,,,,,,,,,,6,10
1790036556.7740211,ATTITUDE,,,,,,,,,,,,,,,-0.0007434200961142778,-0.00017267168732360005,-2.366945743560791,,
1790036556.7744157,RAW_IMU,,,,,,,,,0,0,-1001,3,3,3,,,,,
1790036556.7974684,ATTITUDE,,,,,,,,,,,,,,,-0.0007417041924782097,-0.00017213464889209718,-2.3669557571411133,,
1790036556.7983024,RAW_IMU,,,,,,,,,0,0,-1001,3,3,3,,,,,
1790036556.81804,ATTITUDE,,,,,,,,,,,,,,,-0.0007391278049908578,-0.0001735039841150865,-2.3669650554656982,,
1790036556.8192046,RAW_IMU,,,,,,,,,0,0,-1001,3,3,3,,,,,
1790036556.8392634,ATTITUDE,,,,,,,,,,,,,,,-0.0007378661539405584,-0.0001745439658407122,-2.366976737976074,,
1790036556.8404195,RAW_IMU,,,,,,,,,0,0,-1001,3,3,3,,,,,
1790036556.8593798,ATTITUDE,,,,,,,,,,,,,,,-0.0007388934609480202,-0.00017409696010872722,-2.3669867515563965,,
1790036556.861143,RAW_IMU,,,,,,,,,0,0,-1001,3,3,3,,,,,
1790036556.8625517,GLOBAL_POSITION_INT,-35.3606892,149.1682261,580.11,-0.602,-0.02,0.0,0.0,224.39,,,,,,,,,,,
1790036556.8638053,GPS_RAW_INT,,,,,,,,,,,,,,,,,,6,10
1790036556.8794186,ATTITUDE,,,,,,,,,,,,,,,-0.0007402455667033792,-0.00017449971346650273,-2.3669965267181396,,
1790036556.8807302,RAW_IMU,,,,,,,,,0,0,-1001,3,3,3,,,,,
1790036556.8945172,ATTITUDE,,,,,,,,,,,,,,,-0.000742138538043946,-0.00017731462139636278,-2.367004871368408,,
1790036556.8962598,RAW_IMU,,,,,,,,,0,0,-1001,3,3,3,,,,,
1790036556.915243,ATTITUDE,,,,,,,,,,,,,,,-0.0007441297639161348,-0.00018061204173136503,-2.367013692855835,,
1790036556.917034,RAW_IMU,,,,,,,,,0,0,-1001,3,3,3,,,,,
1790036556.9399111,ATTITUDE,,,,,,,,,,,,,,,-0.0007448585820384324,-0.00018011359497904778,-2.367023468017578,,
1790036556.9419281,RAW_IMU,,,,,,,,,0,0,-1001,3,3,3,,,,,
1790036556.9561262,ATTITUDE,,,,,,,,,,,,,,,-0.0007416065782308578,-0.00017718480376061052,-2.367034673690796,,
1790036556.9578893,RAW_IMU,,,,,,,,,0,0,-1001,3,3,3,,,,,
1790036556.9588704,GLOBAL_POSITION_INT,-35.3606892,149.1682261,580.11,-0.602,-0.02,0.0,0.0,224.38,,,,,,,,,,,
1790036556.959986,GPS_RAW_INT,,,,,,,,,,,,,,,,,,6,10
1790036556.9771743,ATTITUDE,,,,,,,,,,,,,,,-0.0007395170978270471,-0.00017661842866800725,-2.367044448852539,,
1790036556.9793086,RAW_IMU,,,,,,,,,0,0,-1001,3,3,3,,,,,
1790036556.9972234,ATTITUDE,,,,,,,,,,,,,,,-0.0007389858947135508,-0.0001762480678735301,-2.367051601409912,,
1790036556.998484,RAW_IMU,,,,,,,,,0,0,-1001,3,3,3,,,,,
1790036557.0169954,ATTITUDE,,,,,,,,,,,,,,,-0.00073803192935884,-0.0001753579272190109,-2.367062568664551,,
1790036557.0183165,RAW_IMU,,,,,,,,,0,0,-1001,3,3,3,,,,,
1790036557.0380359,ATTITUDE,,,,,,,,,,,,,,,-0.0007380795432254672,-0.00017416340415365994,-2.3670718669891357,,
1790036557.0390408,RAW_IMU,,,,,,,,,0,0,-1001,3,3,3,,,,,
1790036557.0579383,ATTITUDE,,,,,,,,,,,,,,,-0.0007383173215202987,-0.00017382210353389382,-2.367082118988037,,
1790036557.0597143,RAW_IMU,,,,,,,,,0,0,-1001,3,3,3,,,,,
1790036557.0612304,GLOBAL_POSITION_INT,-35.3606892,149.1682261,580.11,-0.602,-0.02,0.0,0.0,224.38,,,,,,,,,,,
1790036557.0621367,GPS_RAW_INT,,,,,,,,,,,,,,,,,,6,10
1790036557.0783978,ATTITUDE,,,,,,,,,,,,,,,-0.0007378355949185789,-0.0001745481713442132,-2.367091178894043,,
1790036557.0797417,RAW_IMU,,,,,,,,,0,0,-1001,3,3,3,,,,,
1790036557.0962658,ATTITUDE,,,,,,,,,,,,,,,-0.0007385631906799972,-0.00017557917453814298,-2.3671023845672607,,
1790036557.096799,RAW_IMU,,,,,,,,,0,0,-1001,3,3,3,,,,,
1790036557.1141424,ATTITUDE,,,,,,,,,,,,,,,-0.0007409874233417213,-0.0001786916982382536,-2.367112159729004,,
1790036557.1145723,RAW_IMU,,,,,,,,,0,0,-1001,3,3,3,,,,,
1790036557.1369348,ATTITUDE,,,,,,,,,,,,,,,-0.0007396129076369107,-0.00017885038687381893,-2.3671200275421143,,
1790036557.1376026,RAW_IMU,,,,,,,,,0,0,-1001,3,3,3,,,,,
1790036557.154533,ATTITUDE,,,,,,,,,,,,,,,-0.0007364445482380688,-0.00017659236618783325,-2.3671317100524902,,
1790036557.1549752,RAW_IMU,,,,,,,,,0,0,-1001,3,3,3,,,,,
1790036557.1553016,GLOBAL_POSITION_INT,-35.3606892,149.1682261,580.11,-0.602,-0.02,0.0,0.0,224.38,,,,,,,,,,,
1790036557.1556,GPS_RAW_INT,,,,,,,,,,,,,,,,,,6,10
1790036557.1781883,ATTITUDE,,,,,,,,,,,,,,,-0.000733912514988333,-0.00017670415400061756,-2.367142915725708,,
1790036557.1792583,RAW_IMU,,,,,,,,,0,0,-1001,3,3,3,,,,,
1790036557.1960802,ATTITUDE,,,,,,,,,,,,,,,-0.0007324321777559817,-0.00017596432007849216,-2.367154121398926,,
1790036557.1965127,RAW_IMU,,,,,,,,,0,0,-1001,3,3,3,,,,,
1790036557.214088,ATTITUDE,,,,,,,,,,,,,,,-0.0007305665058083832,-0.00017486343858763576,-2.3671624660491943,,
1790036557.2146642,RAW_IMU,,,,,,,,,0,0,-1001,3,3,3,,,,,
1790036557.2387552,ATTITUDE,,,,,,,,,,,,,,,-0.000729818653780967,-0.00017477701476309448,-2.367170810699463,,
1790036557.2401683,RAW_IMU,,,,,,,,,0,0,-1001,3,3,3,,,,,
1790036557.2584882,ATTITUDE,,,,,,,,,,,,,,,-0.0007289071218110621,-0.0001751459203660488,-2.3671813011169434,,
1790036557.2595844,RAW_IMU,,,,,,,,,0,0,-1001,3,3,3,,,,,
1790036557.2607667,GLOBAL_POSITION_INT,-35.3606892,149.1682261,580.11,-0.602,-0.02,0.0,0.0,224.38,,,,,,,,,,,
1790036557.2619863,GPS_RAW_INT,,,,,,,,,,,,,,,,,,6,10
1790036557.2793396,ATTITUDE,,,,,,,,,,,,,,,-0.000730745552573353,-0.0001755417906679213,-2.3671891689300537,,
1790036557.2805545,RAW_IMU,,,,,,,,,0,0,-1001,3,3,3,,,,,
1790036557.2992752,ATTITUDE,,,,,,,,,,,,,,,-0.0007314954418689013,-0.00017727886734064668,-2.3672001361846924,,
1790036557.3004856,RAW_IMU,,,,,,,,,0,0,-1001,3,3,3,,,,,
1790036557.314084,ATTITUDE,,,,,,,,,,,,,,,-0.0007332015666179359,-0.00017987699538934976,-2.36720871925354,,
1790036557.3150556,RAW_IMU,,,,,,,,,0,0,-1001,3,3,3,,,,,
1790036557.3390746,ATTITUDE,,,,,,,,,,,,,,,-0.0007315412512980402,-0.00017813661543186754,-2.3672165870666504,,
1790036557.340311,RAW_IMU,,,,,,,,,0,0,-1001,3,3,3,,,,,
1790036557.359553,ATTITUDE,,,,,,,,,,,,,,,-0.0007297437987290323,-0.00017878539802040905,-2.3672289848327637,,
1790036557.360446,RAW_IMU,,,,,,,,,0,0,-1001,3,3,3,,,,,
1790036557.361476,GLOBAL_POSITION_INT,-35.3606892,149.1682261,580.11,-0.602,-0.02,0.0,0.0,224.37,,,,,,,,,,,
1790036557.3623545,GPS_RAW_INT,,,,,,,,,,,,,,,,,,6,10
1790036557.379877,ATTITUDE,,,,,,,,,,,,,,,-0.0007282199221663177,-0.00017896530334837735,-2.367239475250244,,
1790036557.3809006,RAW_IMU,,,,,,,,,0,0,-1001,3,3,3,,,,,
1790036557.4012537,ATTITUDE,,,,,,,,,,,,,,,-0.0007284621242433786,-0.00017777223547454923,-2.3672492504119873,,
1790036557.4027436,RAW_IMU,,,,,,,,,0,0,-1001,3,3,3,,,,,
1790036557.4215925,ATTITUDE,,,,,,,,,,,,,,,-0.0007272707298398018,-0.00017837448103819042,-2.367258310317993,,
1790036557.422456,RAW_IMU,,,,,,,,,0,0,-1001,3,3,3,,,,,
1790036557.4414985,ATTITUDE,,,,,,,,,,,,,,,-0.0007281319121830165,-0.0001782696199370548,-2.3672678470611572,,
1790036557.4426892,RAW_IMU,,,,,,,,,0,0,-1001,3,3,3,,,,,
1790036557.456255,ATTITUDE,,,,,,,,,,,,,,,-0.0007274450035765767,-0.0001800322934286669,-2.367277145385742,,
1790036557.4570599,RAW_IMU,,,,,,,,,0,0,-1001,3,3,3,,,,,
1790036557.4583886,GLOBAL_POSITION_INT,-35.3606892,149.1682261,580.11,-0.602,-0.02,0.0,0.0,224.37,,,,,,,,,,,
1790036557.459326,GPS_RAW_INT,,,,,,,,,,,,,,,,,,6,10
1790036557.4770503,ATTITUDE,,,,,,,,,,,,,,,-0.0007285400060936809,-0.0001803627674235031,-2.367286205291748,,
1790036557.4779837,RAW_IMU,,,,,,,,,0,0,-1001,3,3,3,,,,,
1790036557.498303,ATTITUDE,,,,,,,,,,,,,,,-0.0007306826300919056,-0.00018306024139747024,-2.3672962188720703,,
1790036557.4989903,RAW_IMU,,,,,,,,,0,0,-1001,3,3,3,,,,,
1790036557.5190752,ATTITUDE,,,,,,,,,,,,,,,-0.0007340146112255752,-0.0001860455668065697,-2.3673055171966553,,
1790036557.5200036,RAW_IMU,,,,,,,,,0,0,-1001,3,3,3,,,,,
1790036557.5391116,ATTITUDE,,,,,,,,,,,,,,,-0.0007334864349104464,-0.00018542524776421487,-2.3673136234283447,,
1790036557.5411084,RAW_IMU,,,,,,,,,0,0,-1001,3,3,3,,,,,
1790036557.5602586,ATTITUDE,,,,,,,,,,,,,,,-0.0007324268808588386,-0.00018445162277203053,-2.367323160171509,,
1790036557.5616968,RAW_IMU,,,,,,,,,0,0,-1001,3,3,3,,,,,
1790036557.5621347,GLOBAL_POSITION_INT,-35.3606892,149.1682261,580.11,-0.602,-0.02,0.0,0.0,224.37,,,,,,,,,,,
1790036557.563441,GPS_RAW_INT,,,,,,,,,,,,,,,,,,6,10
1790036557.5803664,ATTITUDE,,,,,,,,,,,,,,,-0.0007305954350158572,-0.00018377340165898204,-2.3673319816589355,,
1790036557.5822248,RAW_IMU,,,,,,,,,0,0,-1001,3,3,3,,,,,
1790036557.6005683,ATTITUDE,,,,,,,,,,,,,,,-0.0007295837276615202,-0.00018268416170030832,-2.367342472076416,,
1790036557.602277,RAW_IMU,,,,,,,,,0,0,-1001,3,3,3,,,,,
1790036557.619414,ATTITUDE,,,,,,,,,,,,,,,-0.000728726270608604,-0.0001815277646528557,-2.367351531982422,,
1790036557.6209588,RAW_IMU,,,,,,,,,0,0,-1001,3,3,3,,,,,
1790036557.6391094,ATTITUDE,,,,,,,,,,,,,,,-0.0007280358113348484,-0.00018171507690567523,-2.3673605918884277,,
1790036557.640426,RAW_IMU,,,,,,,,,0,0,-1001,3,3,3,,,,,
1790036557.6578999,ATTITUDE,,,,,,,,,,,,,,,-0.0007280565332621336,-0.0001815138093661517,-2.3673691749572754,,
1790036557.6596105,RAW_IMU,,,,,,,,,0,0,-1001,3,3,3,,,,,
1790036557.6603434,GLOBAL_POSITION_INT,-35.3606892,149.1682261,580.11,-0.602,-0.02,0.0,0.0,224.36,,,,,,,,,,,
1790036557.661183,GPS_RAW_INT,,,,,,,,,,,,,,,,,,6,10
1790036557.6941211,ATTITUDE,,,,,,,,,,,,,,,-0.0007288945489563048,-0.00018425776215735823,-2.3673784732818604,,
1790036557.6954622,RAW_IMU,,,,,,,,,0,0,-1001,3,3,3,,,,,
1790036557.6980953,ATTITUDE,,,,,,,,,,,,,,,-0.0007310587679967284,-0.00018658084445632994,-2.367388963699341,,
1790036557.700038,RAW_IMU,,,,,,,,,0,0,-1000,3,3,3,,,,,
1790036557.717176,ATTITUDE,,,,,,,,,,,,,,,-0.000733434921130538,-0.00018878225819207728,-2.3673973083496094,,
1790036557.7190046,RAW_IMU,,,,,,,,,0,0,-1001,3,3,3,,,,,
1790036557.7373269,ATTITUDE,,,,,,,,,,,,,,,-0.0007338222931139171,-0.00018687083502300084,-2.3674087524414062,,
1790036557.7382495,RAW_IMU,,,,,,,,,0,0,-1001,3,3,3,,,,,
1790036557.7572634,ATTITUDE,,,,,,,,,,,,,,,-0.0007335707196034491,-0.00018688476120587438,-2.3674192428588867,,
1790036557.759169,RAW_IMU,,,,,,,,,0,0,-1001,3,3,3,,,,,
1790036557.7601948,GLOBAL_POSITION_INT,-35.3606892,149.1682261,580.11,-0.602,-0.02,0.0,0.0,224.36,,,,,,,,,,,
1790036557.7609935,GPS_RAW_INT,,,,,,,,,,,,,,,,,,6,10
1790036557.7772532,ATTITUDE,,,,,,,,,,,,,,,-0.0007335411501117051,-0.00018538665608502924,-2.3674299716949463,,
1790036557.7781339,RAW_IMU,,,,,,,,,0,0,-1001,3,3,3,,,,,
1790036557.7976565,ATTITUDE,,,,,,,,,,,,,,,-0.0007323240279220045,-0.00018431049829814583,-2.3674392700195312,,
1790036557.7990491,RAW_IMU,,,,,,,,,0,0,-1001,3,3,3,,,,,
1790036557.8170705,ATTITUDE,,,,,,,,,,,,,,,-0.0007315055117942393,-0.0001847881794674322,-2.367448568344116,,
1790036557.8180408,RAW_IMU,,,,,,,,,0,0,-1001,3,3,3,,,,,
1790036557.837173,ATTITUDE,,,,,,,,,,,,,,,-0.0007320755976252258,-0.00018474625539965928,-2.367457389831543,,
1790036557.8385491,RAW_IMU,,,,,,,,,0,0,-1001,3,3,3,,,,,
1790036557.8586562,ATTITUDE,,,,,,,,,,,,,,,-0.0007317346171475947,-0.00018477760022506118,-2.3674681186676025,,
1790036557.859519,RAW_IMU,,,,,,,,,0,0,-1000,3,3,3,,,,,
1790036557.8600934,GLOBAL_POSITION_INT,-35.3606892,149.1682261,580.11,-0.602,-0.02,0.0,0.0,224.36,,,,,,,,,,,
1790036557.8609169,GPS_RAW_INT,,,,,,,,,,,,,,,,,,6,10
1790036557.877457,ATTITUDE,,,,,,,,,,,,,,,-0.0007332639652304351,-0.00018560801981948316,-2.367478132247925,,
1790036557.8787858,RAW_IMU,,,,,,,,,0,0,-1001,3,3,3,,,,,
1790036557.897262,ATTITUDE,,,,,,,,,,,,,,,-0.0007353873807005584,-0.00018801716214511544,-2.3674888610839844,,
1790036557.8989496,RAW_IMU,,,,,,,,,0,0,-1001,3,3,3,,,,,
1790036557.9170496,ATTITUDE,,,,,,,,,,,,,,,-0.0007373929256573319,-0.00018933386309072375,-2.367499351501465,,
1790036557.9180844,RAW_IMU,,,,,,,,,0,0,-1001,3,3,3,,,,,
1790036557.940076,ATTITUDE,,,,,,,,,,,,,,,-0.000736463291104883,-0.00018781624385155737,-2.3675081729888916,,
1790036557.9411092,RAW_IMU,,,,,,,,,0,0,-1001,3,3,3,,,,,
1790036557.9584494,ATTITUDE,,,,,,,,,,,,,,,-0.0007346824859268963,-0.00018510394147597253,-2.3675174713134766,,
1790036557.9596362,RAW_IMU,,,,,,,,,0,0,-1001,3,3,3,,,,,
1790036557.9605062,GLOBAL_POSITION_INT,-35.3606892,149.1682261,580.11,-0.602,-0.02,0.0,0.0,224.36,,,,,,,,,,,
1790036557.961474,GPS_RAW_INT,,,,,,,,,,,,,,,,,,6,10
1790036557.9788437,ATTITUDE,,,,,,,,,,,,,,,-0.0007328192587010562,-0.00018480919243302196,-2.367528200149536,,
1790036557.9800208,RAW_IMU,,,,,,,,,0,0,-1001,3,3,3,,,,,
1790036557.9991913,ATTITUDE,,,,,,,,,,,,,,,-0.0007312489906325936,-0.00018298259237781167,-2.367537260055542,,
1790036558.00056,RAW_IMU,,,,,,,,,0,0,-1001,3,3,3,,,,,
1790036558.0202353,ATTITUDE,,,,,,,,,,,,,,,-0.000730249157641083,-0.00018326597637496889,-2.3675456047058105,,
1790036558.0213833,RAW_IMU,,,,,,,,,0,0,-1001,3,3,3,,,,,
1790036558.0400286,ATTITUDE,,,,,,,,,,,,,,,-0.0007301431614905596,-0.0001831528643378988,-2.367556095123291,,
1790036558.0416534,RAW_IMU,,,,,,,,,0,0,-1001,3,3,3,,,,,
1790036558.0602145,ATTITUDE,,,,,,,,,,,,,,,-0.0007286870386451483,-0.00018518653814680874,-2.367565393447876,,
1790036558.0610518,RAW_IMU,,,,,,,,,0,0,-1001,3,3,3,,,,,
1790036558.061994,GLOBAL_POSITION_INT,-35.3606892,149.1682261,580.11,-0.602,-0.02,0.0,0.0,224.35,,,,,,,,,,,
1790036558.0626996,GPS_RAW_INT,,,,,,,,,,,,,,,,,,6,10
1790036558.0804048,ATTITUDE,,,,,,,,,,,,,,,-0.0007311425288207829,-0.0001866017555585131,-2.367576837539673,,
1790036558.0825849,RAW_IMU,,,,,,,,,0,0,-1001,3,3,3,,,,,
1790036558.100957,ATTITUDE,,,,,,,,,,,,,,,-0.000733362277969718,-0.00018776601064018905,-2.367586612701416,,
1790036558.1019173,RAW_IMU,,,,,,,,,0,0,-1001,3,3,3,,,,,
1790036558.1208162,ATTITUDE,,,,,,,,,,,,,,,-0.0007355139241553843,-0.00019047253590542823,-2.3675954341888428,,
1790036558.1223366,RAW_IMU,,,,,,,,,0,0,-1001,3,3,3,,,,,
1790036558.141077,ATTITUDE,,,,,,,,,,,,,,,-0.0007332249660976231,-0.00019093278388027102,-2.3676061630249023,,
1790036558.14315,RAW_IMU,,,,,,,,,0,0,-1001,3,3,3,,,,,
1790036558.1607757,ATTITUDE,,,,,,,,,,,,,,,-0.0007309332140721381,-0.0001897377660498023,-2.367617130279541,,
1790036558.162261,RAW_IMU,,,,,,,,,0,0,-1001,3,3,3,,,,,
1790036558.164146,GLOBAL_POSITION_INT,-35.3606892,149.1682261,580.11,-0.602,-0.02,0.0,0.0,224.35,,,,,,,,,,,
1790036558.1649406,GPS_RAW_INT,,,,,,,,,,,,,,,,,,6,10
1790036558.1888168,ATTITUDE,,,,,,,,,,,,,,,-0.0007292914669960737,-0.0001883334043668583,-2.367628812789917,,
1790036558.189978,RAW_IMU,,,,,,,,,0,0,-1001,3,3,3,,,,,
1790036558.2014155,ATTITUDE,,,,,,,,,,,,,,,-0.0007298321579582989,-0.0001899179333122447,-2.3676395416259766,,
1790036558.2030466,RAW_IMU,,,,,,,,,0,0,-1001,3,3,3,,,,,
1790036558.2214327,ATTITUDE,,,,,,,,,,,,,,,-0.0007298461277969182,-0.00019046833040192723,-2.3676493167877197,,
1790036558.2226207,RAW_IMU,,,,,,,,,0,0,-1001,3,3,3,,,,,
1790036558.240729,ATTITUDE,,,,,,,,,,,,,,,-0.0007295351824723184,-0.00019174643966834992,-2.367659568786621,,
1790036558.2420764,RAW_IMU,,,,,,,,,0,0,-1001,3,3,3,,,,,
1790036558.2610056,ATTITUDE,,,,,,,,,,,,,,,-0.0007300822762772441,-0.00019374361727386713,-2.367668867111206,,
1790036558.2627292,RAW_IMU,,,,,,,,,0,0,-1001,3,3,3,,,,,
1790036558.2637296,GLOBAL_POSITION_INT,-35.3606892,149.1682261,580.11,-0.602,-0.02,0.0,0.0,224.35,,,,,,,,,,,
1790036558.2645278,GPS_RAW_INT,,,,,,,,,,,,,,,,,,6,10
1790036558.281217,ATTITUDE,,,,,,,,,,,,,,,-0.00073051213985309,-0.00019587644783314317,-2.3676793575286865,,
1790036558.283449,RAW_IMU,,,,,,,,,0,0,-1001,3,3,3,,,,,
1790036558.2967546,ATTITUDE,,,,,,,,,,,,,,,-0.0007338598370552063,-0.0001983803667826578,-2.3676881790161133,,
1790036558.297746,RAW_IMU,,,,,,,,,0,0,-1001,3,3,3,,,,,
1790036558.3164256,ATTITUDE,,,,,,,,,,,,,,,-0.0007361722528003156,-0.00020128391042817384,-2.3676979541778564,,
1790036558.3176565,RAW_IMU,,,,,,,,,0,0,-1001,3,3,3,,,,,
1790036558.3371356,ATTITUDE,,,,,,,,,,,,,,,-0.0007350078085437417,-0.000199639136553742,-2.367709159851074,,
1790036558.3385706,RAW_IMU,,,,,,,,,0,0,-1001,3,3,3,,,,,
1790036558.3561249,ATTITUDE,,,,,,,,,,,,,,,-0.0007334942929446697,-0.0001976412459043786,-2.367720365524292,,
1790036558.3566322,RAW_IMU,,,,,,,,,0,0,-1001,3,3,3,,,,,
1790036558.3569946,GLOBAL_POSITION_INT,-35.3606892,149.1682261,580.11,-0.602,-0.02,0.0,0.0,224.34,,,,,,,,,,,
1790036558.3573694,GPS_RAW_INT,,,,,,,,,,,,,,,,,,6,10
1790036558.3809192,ATTITUDE,,,,,,,,,,,,,,,-0.0007319002179428935,-0.00019645909196697176,-2.3677310943603516,,
1790036558.3814514,RAW_IMU,,,,,,,,,0,0,-1001,3,3,3,,,,,
1790036558.3968778,ATTITUDE,,,,,,,,,,,,,,,-0.0007309643551707268,-0.00019501704082358629,-2.367741107940674,,
1790036558.397232,RAW_IMU,,,,,,,,,0,0,-1001,3,3,3,,,,,
1790036558.4203355,ATTITUDE,,,,,,,,,,,,,,,-0.0007322217570617795,-0.0001955559419002384,-2.367750644683838,,
1790036558.4210496,RAW_IMU,,,,,,,,,0,0,-1001,3,3,3,,,,,
1790036558.4400232,ATTITUDE,,,,,,,,,,,,,,,-0.0007324186153709888,-0.00019674134091474116,-2.367759943008423,,
1790036558.440922,RAW_IMU,,,,,,,,,0,0,-1001,3,3,3,,,,,
1790036558.4607642,ATTITUDE,,,,,,,,,,,,,,,-0.0007335414993576705,-0.00019919850456062704,-2.367770195007324,,
1790036558.4622457,RAW_IMU,,,,,,,,,0,0,-1001,3,3,3,,,,,
1790036558.4634404,GLOBAL_POSITION_INT,-35.3606892,149.1682261,580.11,-0.602,-0.02,0.0,0.0,224.34,,,,,,,,,,,
1790036558.4643774,GPS_RAW_INT,,,,,,,,,,,,,,,,,,6,10
1790036558.4807549,ATTITUDE,,,,,,,,,,,,,,,-0.0007336318376474082,-0.000201311893761158,-2.367778778076172,,
1790036558.4823985,RAW_IMU,,,,,,,,,0,0,-1001,3,3,3,,,,,
1790036558.500898,ATTITUDE,,,,,,,,,,,,,,,-0.0007341442978940904,-0.0002022702101385221,-2.3677875995635986,,
1790036558.5024302,RAW_IMU,,,,,,,,,0,0,-1001,3,3,3,,,,,
1790036558.5200527,ATTITUDE,,,,,,,,,,,,,,,-0.0007366296485997736,-0.000205530523089692,-2.3677978515625,,
1790036558.5212798,RAW_IMU,,,,,,,,,0,0,-1001,3,3,3,,,,,
1790036558.5404298,ATTITUDE,,,,,,,,,,,,,,,-0.0007346187485381961,-0.00020505818247329444,-2.367807626724243,,
1790036558.542075,RAW_IMU,,,,,,,,,0,0,-1001,3,3,3,,,,,
1790036558.5598536,ATTITUDE,,,,,,,,,,,,,,,-0.0007335253758355975,-0.0002040975377894938,-2.367816925048828,,
1790036558.561151,RAW_IMU,,,,,,,,,0,0,-1001,3,3,3,,,,,
1790036558.5633206,GLOBAL_POSITION_INT,-35.3606892,149.1682261,580.11,-0.602,-0.02,0.0,0.0,224.34,,,,,,,,,,,
1790036558.5642767,GPS_RAW_INT,,,,,,,,,,,,,,,,,,6,10
1790036558.579784,ATTITUDE,,,,,,,,,,,,,,,-0.0007310943910852075,-0.00020265366765670478,-2.367828369140625,,
1790036558.581023,RAW_IMU,,,,,,,,,0,0,-1001,3,3,3,,,,,
1790036558.6005874,ATTITUDE,,,,,,,,,,,,,,,-0.0007295662071555853,-0.00020057972869835794,-2.3678393363952637,,
1790036558.6019247,RAW_IMU,,,,,,,,,0,0,-1001,3,3,3,,,,,
1790036558.6149378,ATTITUDE,,,,,,,,,,,,,,,-0.0007300644647330046,-0.00020067243895027786,-2.3678476810455322,,
1790036558.6159801,RAW_IMU,,,,,,,,,0,0,-1001,3,3,3,,,,,
1790036558.6351051,ATTITUDE,,,,,,,,,,,,,,,-0.0007298612035810947,-0.00020088019664399326,-2.3678574562072754,,
1790036558.636404,RAW_IMU,,,,,,,,,0,0,-1001,3,3,3,,,,,
1790036558.6561904,ATTITUDE,,,,,,,,,,,,,,,-0.0007296251715160906,-0.0002016740181716159,-2.3678693771362305,,
1790036558.6571476,RAW_IMU,,,,,,,,,0,0,-1001,3,3,3,,,,,
1790036558.658765,GLOBAL_POSITION_INT,-35.3606892,149.1682261,580.11,-0.602,-0.02,0.0,0.0,224.34,,,,,,,,,,,
1790036558.6601653,GPS_RAW_INT,,,,,,,,,,,,,,,,,,6,10
1790036558.689665,ATTITUDE,,,,,,,,,,,,,,,-0.0007307672640308738,-0.0002020745596382767,-2.3678784370422363,,
1790036558.6913931,RAW_IMU,,,,,,,,,0,0,-1001,3,3,3,,,,,
1790036558.6963243,ATTITUDE,,,,,,,,,,,,,,,-0.0007334386464208364,-0.00020297200535424054,-2.367888927459717,,
1790036558.6975951,RAW_IMU,,,,,,,,,0,0,-1001,3,3,3,,,,,
1790036558.7163775,ATTITUDE,,,,,,,,,,,,,,,-0.0007347814389504492,-0.00020543693972285837,-2.3678977489471436,,
1790036558.7179105,RAW_IMU,,,,,,,,,0,0,-1001,3,3,3,,,,,
1790036558.736136,ATTITUDE,,,,,,,,,,,,,,,-0.000732908898498863,-0.00020460427913349122,-2.367907762527466,,
1790036558.737884,RAW_IMU,,,,,,,,,0,0,-1001,3,3,3,,,,,
1790036558.7606142,ATTITUDE,,,,,,,,,,,,,,,-0.0007314204121939838,-0.00020341468916740268,-2.367917776107788,,
1790036558.7620635,RAW_IMU,,,,,,,,,0,0,-1001,3,3,3,,,,,
1790036558.7635648,GLOBAL_POSITION_INT,-35.3606892,149.1682261,580.11,0.007,-0.02,0.0,0.0,224.33,,,,,,,,,,,
1790036558.76448,GPS_RAW_INT,,,,,,,,,,,,,,,,,,6,10
1790036558.7772021,ATTITUDE,,,,,,,,,,,,,,,-0.0007298128912225366,-0.00020354472508188337,-2.3679263591766357,,
1790036558.7786303,RAW_IMU,,,,,,,,,0,0,-1001,3,3,3,,,,,
1790036558.797059,ATTITUDE,,,,,,,,,,,,,,,-0.0007276522228494287,-0.0002035290381172672,-2.367936611175537,,
1790036558.7984803,RAW_IMU,,,,,,,,,0,0,-1001,3,3,3,,,,,
1790036558.8176622,ATTITUDE,,,,,,,,,,,,,,,-0.0007264843443408608,-0.000202883908059448,-2.3679473400115967,,
1790036558.8187685,RAW_IMU,,,,,,,,,0,0,-1001,3,3,3,,,,,
1790036558.8378303,ATTITUDE,,,,,,,,,,,,,,,-0.000727045931853354,-0.00020371636492200196,-2.3679566383361816,,
1790036558.839404,RAW_IMU,,,,,,,,,0,0,-1001,3,3,3,,,,,
1790036558.8577788,ATTITUDE,,,,,,,,,,,,,,,-0.0007270027417689562,-0.00020348890393506736,-2.3679661750793457,,
1790036558.8590512,RAW_IMU,,,,,,,,,0,0,-1001,3,3,3,,,,,
1790036558.8600867,GLOBAL_POSITION_INT,-35.3606892,149.1682261,580.11,0.007,-0.02,0.0,0.0,224.33,,,,,,,,,,,
1790036558.8610473,GPS_RAW_INT,,,,,,,,,,,,,,,,,,6,10
1790036558.8777916,ATTITUDE,,,,,,,,,,,,,,,-0.0007289939094334841,-0.00020518167002592236,-2.367976188659668,,
1790036558.8790214,RAW_IMU,,,,,,,,,0,0,-1001,3,3,3,,,,,
1790036558.897838,ATTITUDE,,,,,,,,,,,,,,,-0.0007316038245335221,-0.0002068574831355363,-2.367985725402832,,
1790036558.8992524,RAW_IMU,,,,,,,,,0,0,-1001,3,3,3,,,,,
1790036558.9180868,ATTITUDE,,,,,,,,,,,,,,,-0.0007350450614467263,-0.00020917211077176034,-2.367994785308838,,
1790036558.918723,RAW_IMU,,,,,,,,,0,0,-1001,3,3,3,,,,,
1790036558.9393766,ATTITUDE,,,,,,,,,,,,,,,-0.0007346789934672415,-0.00020639119611587375,-2.3680036067962646,,
1790036558.9409354,RAW_IMU,,,,,,,,,0,0,-1001,3,3,3,,,,,
1790036558.9586048,ATTITUDE,,,,,,,,,,,,,,,-0.000733163149561733,-0.00020479214435908943,-2.3680145740509033,,
1790036558.9598918,RAW_IMU,,,,,,,,,0,0,-1001,3,3,3,,,,,
1790036558.9613643,GLOBAL_POSITION_INT,-35.3606892,149.1682261,580.11,0.007,-0.02,0.0,0.0,224.33,,,,,,,,,,,
1790036558.9626718,GPS_RAW_INT,,,,,,,,,,,,,,,,,,6,10
1790036558.9781787,ATTITUDE,,,,,,,,,,,,,,,-0.0007326686754822731,-0.0002040698891505599,-2.368025541305542,,
1790036558.9791253,RAW_IMU,,,,,,,,,0,0,-1001,3,3,3,,,,,
1790036558.9984467,ATTITUDE,,,,,,,,,,,,,,,-0.0007324869511649013,-0.00020298505842220038,-2.368035078048706,,
1790036559.0002422,RAW_IMU,,,,,,,,,0,0,-1001,3,3,3,,,,,
1790036559.0192442,ATTITUDE,,,,,,,,,,,,,,,-0.0007316199480555952,-0.00020209209469612688,-2.3680436611175537,,
1790036559.0215354,RAW_IMU,,,,,,,,,0,0,-1001,3,3,3,,,,,
1790036559.03964,ATTITUDE,,,,,,,,,,,,,,,-0.0007315658149309456,-0.00020263205806259066,-2.3680527210235596,,
1790036559.0415523,RAW_IMU,,,,,,,,,0,0,-1001,3,3,3,,,,,
1790036559.059413,ATTITUDE,,,,,,,,,,,,,,,-0.000732325715944171,-0.00020380686328280717,-2.3680617809295654,,
1790036559.060796,RAW_IMU,,,,,,,,,0,0,-1001,3,3,3,,,,,
1790036559.0619273,GLOBAL_POSITION_INT,-35.3606892,149.1682261,580.11,0.007,-0.02,0.0,0.0,224.33,,,,,,,,,,,
1790036559.0628822,GPS_RAW_INT,,,,,,,,,,,,,,,,,,6,10
1790036559.0748978,ATTITUDE,,,,,,,,,,,,,,,-0.0007332414970733225,-0.00020550042972899973,-2.368069887161255,,
1790036559.0763814,RAW_IMU,,,,,,,,,0,0,-1001,3,3,3,,,,,
1790036559.0952399,ATTITUDE,,,,,,,,,,,,,,,-0.0007350617670454085,-0.00020744279026985168,-2.368079662322998,,
1790036559.0968876,RAW_IMU,,,,,,,,,0,0,-1000,3,3,3,,,,,
1790036559.1156383,ATTITUDE,,,,,,,,,,,,,,,-0.0007367018843069673,-0.00021045398898422718,-2.368089437484741,,
1790036559.1169658,RAW_IMU,,,,,,,,,0,0,-1001,3,3,3,,,,,
1790036559.1351175,ATTITUDE,,,,,,,,,,,,,,,-0.0007354214321821928,-0.000208751589525491,-2.3680992126464844,,
1790036559.1370988,RAW_IMU,,,,,,,,,0,0,-1001,3,3,3,,,,,
1790036559.1558218,ATTITUDE,,,,,,,,,,,,,,,-0.000733161810785532,-0.00020746748486999422,-2.368110179901123,,
1790036559.1567864,RAW_IMU,,,,,,,,,0,0,-1001,3,3,3,,,,,
1790036559.1577806,GLOBAL_POSITION_INT,-35.3606892,149.1682261,580.11,0.007,-0.02,0.0,0.0,224.32,,,,,,,,,,,
1790036559.158782,GPS_RAW_INT,,,,,,,,,,,,,,,,,,6,10
1790036559.190987,ATTITUDE,,,,,,,,,,,,,,,-0.0007322104065679014,-0.00020545754523482174,-2.3681182861328125,,
1790036559.191875,RAW_IMU,,,,,,,,,0,0,-1001,3,3,3,,,,,
1790036559.1964362,ATTITUDE,,,,,,,,,,,,,,,-0.0007310903747566044,-0.0002042923151748255,-2.3681278228759766,,
1790036559.197511,RAW_IMU,,,,,,,,,0,0,-1001,3,3,3,,,,,
1790036559.2168107,ATTITUDE,,,,,,,,,,,,,,,-0.0007298766868188977,-0.00020329847757238895,-2.3681375980377197,,
1790036559.2174656,RAW_IMU,,,,,,,,,0,0,-1001,3,3,3,,,,,
1790036559.2370896,ATTITUDE,,,,,,,,,,,,,,,-0.0007293498492799699,-0.00020241907623130828,-2.368144989013672,,
1790036559.2385783,RAW_IMU,,,,,,,,,0,0,-1001,3,3,3,,,,,
1790036559.2570434,ATTITUDE,,,,,,,,,,,,,,,-0.0007295518298633397,-0.00020248293003533036,-2.3681535720825195,,
1790036559.2582955,RAW_IMU,,,,,,,,,0,0,-1001,3,3,3,,,,,
1790036559.2592072,GLOBAL_POSITION_INT,-35.3606892,149.1682261,580.11,0.007,-0.02,0.0,0.0,224.32,,,,,,,,,,,
1790036559.259745,GPS_RAW_INT,,,,,,,,,,,,,,,,,,6,10
1790036559.2770734,ATTITUDE,,,,,,,,,,,,,,,-0.0007309464854188263,-0.00020371467689983547,-2.368163585662842,,
1790036559.2781706,RAW_IMU,,,,,,,,,0,0,-1001,3,3,3,,,,,
1790036559.2970133,ATTITUDE,,,,,,,,,,,,,,,-0.000732420536223799,-0.00020634470274671912,-2.368173837661743,,
1790036559.298761,RAW_IMU,,,,,,,,,0,0,-1001,3,3,3,,,,,
1790036559.3175693,ATTITUDE,,,,,,,,,,,,,,,-0.0007344524492509663,-0.00020668185607064515,-2.368182897567749,,
1790036559.3195004,RAW_IMU,,,,,,,,,0,0,-1001,3,3,3,,,,,
1790036559.3367414,ATTITUDE,,,,,,,,,,,,,,,-0.0007349366787821054,-0.00020500432583503425,-2.368192434310913,,
1790036559.3380396,RAW_IMU,,,,,,,,,0,0,-1001,3,3,3,,,,,
1790036559.3586612,ATTITUDE,,,,,,,,,,,,,,,-0.0007333129760809243,-0.00020287516235839576,-2.3682022094726562,,
1790036559.3601654,RAW_IMU,,,,,,,,,0,0,-1001,3,3,3,,,,,
1790036559.3606522,GLOBAL_POSITION_INT,-35.3606892,149.1682261,580.11,0.007,-0.02,0.0,0.0,224.32,,,,,,,,,,,
1790036559.3612523,GPS_RAW_INT,,,,,,,,,,,,,,,,,,6,10
1790036559.3782992,ATTITUDE,,,,,,,,,,,,,,,-0.0007319818250834942,-0.0002020027895923704,-2.368213176727295,,
1790036559.3795028,RAW_IMU,,,,,,,,,0,0,-1001,3,3,3,,,,,
1790036559.3987598,ATTITUDE,,,,,,,,,,,,,,,-0.0007319353753700852,-0.00020058902737218887,-2.3682236671447754,,
1790036559.400247,RAW_IMU,,,,,,,,,0,0,-1001,3,3,3,,,,,
1790036559.41913,ATTITUDE,,,,,,,,,,,,,,,-0.0007308729691430926,-0.0002007198054343462,-2.368232488632202,,
1790036559.4210184,RAW_IMU,,,,,,,,,0,0,-1001,3,3,3,,,,,
1790036559.4407136,ATTITUDE,,,,,,,,,,,,,,,-0.0007301531150005758,-0.0002010155440075323,-2.368243455886841,,
1790036559.4417794,RAW_IMU,,,,,,,,,0,0,-1001,3,3,3,,,,,
1790036559.4616876,ATTITUDE,,,,,,,,,,,,,,,-0.0007319180876947939,-0.0002007924922509119,-2.368253231048584,,
1790036559.4634027,RAW_IMU,,,,,,,,,0,0,-1001,3,3,3,,,,,
1790036559.46385,GLOBAL_POSITION_INT,-35.3606892,149.1682261,580.11,0.007,-0.02,0.0,0.0,224.31,,,,,,,,,,,
1790036559.4647458,GPS_RAW_INT,,,,,,,,,,,,,,,,,,6,10
1790036559.4821525,ATTITUDE,,,,,,,,,,,,,,,-0.0007337478455156088,-0.00020119476539548486,-2.368262529373169,,
1790036559.4831235,RAW_IMU,,,,,,,,,0,0,-1000,3,3,3,,,,,
1790036559.4969301,ATTITUDE,,,,,,,,,,,,,,,-0.0007353785331360996,-0.00020300742471590638,-2.368274450302124,,
1790036559.4985301,RAW_IMU,,,,,,,,,0,0,-1001,3,3,3,,,,,
1790036559.5178266,ATTITUDE,,,,,,,,,,,,,,,-0.000735558511223644,-0.0002051561459666118,-2.36828351020813,,
1790036559.5193465,RAW_IMU,,,,,,,,,0,0,-1001,3,3,3,,,,,
1790036559.5377567,ATTITUDE,,,,,,,,,,,,,,,-0.0007337804418057203,-0.0002037889789789915,-2.368293285369873,,
1790036559.5385997,RAW_IMU,,,,,,,,,0,0,-1001,3,3,3,,,,,
1790036559.5581093,ATTITUDE,,,,,,,,,,,,,,,-0.0007332163513638079,-0.00020362962095532566,-2.3683016300201416,,
1790036559.559437,RAW_IMU,,,,,,,,,0,0,-1001,3,3,3,,,,,
1790036559.5607803,GLOBAL_POSITION_INT,-35.3606892,149.1682261,580.11,0.007,-0.02,0.0,0.0,224.31,,,,,,,,,,,
1790036559.5618148,GPS_RAW_INT,,,,,,,,,,,,,,,,,,6,10
1790036559.5776124,ATTITUDE,,,,,,,,,,,,,,,-0.0007318954449146986,-0.00020117787062190473,-2.3683106899261475,,
1790036559.5797381,RAW_IMU,,,,,,,,,0,0,-1001,3,3,3,,,,,
1790036559.597543,ATTITUDE,,,,,,,,,,,,,,,-0.0007304947939701378,-0.00020027058781124651,-2.368319511413574,,
1790036559.5987885,RAW_IMU,,,,,,,,,0,0,-1001,3,3,3,,,,,
1790036559.6168242,ATTITUDE,,,,,,,,,,,,,,,-0.0007297215051949024,-0.00019944171071983874,-2.3683297634124756,,
1790036559.618304,RAW_IMU,,,,,,,,,0,0,-1001,3,3,3,,,,,
1790036559.6372232,ATTITUDE,,,,,,,,,,,,,,,-0.0007291774381883442,-0.0001979035441763699,-2.3683383464813232,,
1790036559.6381476,RAW_IMU,,,,,,,,,0,0,-1001,3,3,3,,,,,
1790036559.6585352,ATTITUDE,,,,,,,,,,,,,,,-0.0007290671346709132,-0.0001974294864339754,-2.3683483600616455,,
1790036559.659844,RAW_IMU,,,,,,,,,0,0,-1001,3,3,3,,,,,
1790036559.6602502,GLOBAL_POSITION_INT,-35.3606892,149.1682261,580.11,0.007,-0.02,0.0,0.0,224.31,,,,,,,,,,,
1790036559.6610963,GPS_RAW_INT,,,,,,,,,,,,,,,,,,6,10
1790036559.6913943,ATTITUDE,,,,,,,,,,,,,,,-0.0007298992713913321,-0.00019831332610920072,-2.3683602809906006,,
1790036559.6926193,RAW_IMU,,,,,,,,,0,0,-1001,3,3,3,,,,,
1790036559.6974971,ATTITUDE,,,,,,,,,,,,,,,-0.0007328124484047294,-0.0001982538087759167,-2.36837100982666,,
1790036559.698936,RAW_IMU,,,,,,,,,0,0,-1000,3,3,3,,,,,
1790036559.7172573,ATTITUDE,,,,,,,,,,,,,,,-0.0007368518854491413,-0.00020130409393459558,-2.368380546569824,,
1790036559.7179537,RAW_IMU,,,,,,,,,0,0,-1001,3,3,3,,,,,
1790036559.7377934,ATTITUDE,,,,,,,,,,,,,,,-0.0007333090761676431,-0.0002004612033488229,-2.368389844894409,,
1790036559.7385163,RAW_IMU,,,,,,,,,0,0,-1000,3,3,3,,,,,
1790036559.7587376,ATTITUDE,,,,,,,,,,,,,,,-0.0007319307187572122,-0.00019895867444574833,-2.368398904800415,,
1790036559.7594194,RAW_IMU,,,,,,,,,0,0,-1001,3,3,3,,,,,
1790036559.7601025,GLOBAL_POSITION_INT,-35.3606892,149.1682261,580.11,0.007,-0.02,0.0,0.0,224.31,,,,,,,,,,,
1790036559.7606812,GPS_RAW_INT,,,,,,,,,,,,,,,,,,6,10
1790036559.7768598,ATTITUDE,,,,,,,,,,,,,,,-0.0007299240678548813,-0.00019721270655281842,-2.3684091567993164,,
1790036559.7784178,RAW_IMU,,,,,,,,,0,0,-1001,3,3,3,,,,,
1790036559.797715,ATTITUDE,,,,,,,,,,,,,,,-0.000727087608538568,-0.00019622643594630063,-2.368420124053955,,
1790036559.79999,RAW_IMU,,,,,,,,,0,0,-1001,3,3,3,,,,,
1790036559.8176591,ATTITUDE,,,,,,,,,,,,,,,-0.0007262941799126565,-0.00019722786964848638,-2.368429183959961,,
1790036559.8186064,RAW_IMU,,,,,,,,,0,0,-1001,3,3,3,,,,,
1790036559.8372319,ATTITUDE,,,,,,,,,,,,,,,-0.0007268429617397487,-0.00019800287554971874,-2.3684401512145996,,
1790036559.8378296,RAW_IMU,,,,,,,,,0,0,-1001,3,3,3,,,,,
1790036559.8620527,ATTITUDE,,,,,,,,,,,,,,,-0.0007270618807524443,-0.000199376285308972,-2.3684489727020264,,
1790036559.8632014,RAW_IMU,,,,,,,,,0,0,-1001,3,3,3,,,,,
1790036559.863922,GLOBAL_POSITION_INT,-35.3606892,149.1682261,580.11,0.007,-0.02,0.0,0.0,224.3,,,,,,,,,,,
1790036559.8649805,GPS_RAW_INT,,,,,,,,,,,,,,,,,,6,10
1790036559.8812206,ATTITUDE,,,,,,,,,,,,,,,-0.0007280514691956341,-0.0001998947700485587,-2.368459939956665,,
1790036559.8823693,RAW_IMU,,,,,,,,,0,0,-1001,3,3,3,,,,,
1790036559.9016144,ATTITUDE,,,,,,,,,,,,,,,-0.0007308761705644429,-0.00020171584037598222,-2.3684709072113037,,
1790036559.9040284,RAW_IMU,,,,,,,,,0,0,-1001,3,3,3,,,,,
1790036559.922074,ATTITUDE,,,,,,,,,,,,,,,-0.0007340688025578856,-0.00020594352099578828,-2.368479013442993,,
1790036559.9228997,RAW_IMU,,,,,,,,,0,0,-1001,3,3,3,,,,,
1790036559.9482744,ATTITUDE,,,,,,,,,,,,,,,-0.0007322411402128637,-0.00020386661344673485,-2.3684897422790527,,
1790036559.9502702,RAW_IMU,,,,,,,,,0,0,-1001,3,3,3,,,,,
1790036559.9581268,ATTITUDE,,,,,,,,,,,,,,,-0.0007299411809071898,-0.00020324856450315565,-2.368500232696533,,
1790036559.9592276,RAW_IMU,,,,,,,,,0,0,-1000,3,3,3,,,,,
1790036559.9602277,GLOBAL_POSITION_INT,-35.3606892,149.1682261,580.11,0.007,-0.02,0.0,0.0,224.3,,,,,,,,,,,
1790036559.9618618,GPS_RAW_INT,,,,,,,,,,,,,,,,,,6,10
1790036559.9779096,ATTITUDE,,,,,,,,,,,,,,,-0.0007303613238036633,-0.00020306756778154522,-2.36850905418396,,
1790036559.9791834,RAW_IMU,,,,,,,,,0,0,-1001,3,3,3,,,,,
1790036559.9978626,ATTITUDE,,,,,,,,,,,,,,,-0.0007307304185815156,-0.00020052278705406934,-2.3685193061828613,,
1790036559.9989936,RAW_IMU,,,,,,,,,0,0,-1001,3,3,3,,,,,
1790036560.0174851,ATTITUDE,,,,,,,,,,,,,,,-0.0007300178986042738,-0.00020007883722428232,-2.36852765083313,,
1790036560.018685,RAW_IMU,,,,,,,,,0,0,-1001,3,3,3,,,,,
1790036560.0420501,ATTITUDE,,,,,,,,,,,,,,,-0.0007294776733033359,-0.00019947713008150458,-2.3685379028320312,,
1790036560.0436566,RAW_IMU,,,,,,,,,0,0,-1001,3,3,3,,,,,
1790036560.0566075,ATTITUDE,,,,,,,,,,,,,,,-0.000729802530258894,-0.00020033566397614777,-2.3685481548309326,,
1790036560.0575063,RAW_IMU,,,,,,,,,0,0,-1001,3,3,3,,,,,
1790036560.058188,GLOBAL_POSITION_INT,-35.3606892,149.1682261,580.11,0.007,-0.02,0.0,0.0,224.3,,,,,,,,,,,
1790036560.058946,GPS_RAW_INT,,,,,,,,,,,,,,,,,,6,10
1790036560.0767965,ATTITUDE,,,,,,,,,,,,,,,-0.0007314787362702191,-0.00020227607456035912,-2.3685576915740967,,
1790036560.0783415,RAW_IMU,,,,,,,,,0,0,-1001,3,3,3,,,,,
1790036560.0970685,ATTITUDE,,,,,,,,,,,,,,,-0.0007328696665354073,-0.00020616657275240868,-2.3685662746429443,,
1790036560.098462,RAW_IMU,,,,,,,,,0,0,-1001,3,3,3,,,,,
1790036560.1173575,ATTITUDE,,,,,,,,,,,,,,,-0.0007329810759983957,-0.00021071681112516671,-2.3685765266418457,,
1790036560.118902,RAW_IMU,,,,,,,,,0,0,-1001,3,3,3,,,,,
1790036560.1368132,ATTITUDE,,,,,,,,,,,,,,,-0.0007299709250219166,-0.0002085971354972571,-2.3685858249664307,,
1790036560.1377735,RAW_IMU,,,,,,,,,0,0,-1001,3,3,3,,,,,
1790036560.1574392,ATTITUDE,,,,,,,,,,,,,,,-0.0007280089193955064,-0.00020676999702118337,-2.368595600128174,,
1790036560.1582725,RAW_IMU,,,,,,,,,0,0,-1001,3,3,3,,,,,
1790036560.1593583,GLOBAL_POSITION_INT,-35.3606892,149.1682261,580.11,0.007,-0.02,0.0,0.0,224.29,,,,,,,,,,,
1790036560.1600428,GPS_RAW_INT,,,,,,,,,,,,,,,,,,6,10
1790036560.1901565,ATTITUDE,,,,,,,,,,,,,,,-0.0007271072827279568,-0.00020550715271383524,-2.368605852127075,,
1790036560.1910095,RAW_IMU,,,,,,,,,0,0,-1001,3,3,3,,,,,
1790036560.1971717,ATTITUDE,,,,,,,,,,,,,,,-0.0007262793951667845,-0.00020417697669472545,-2.3686158657073975,,
1790036560.19887,RAW_IMU,,,,,,,,,0,0,-1001,3,3,3,,,,,
1790036560.2173727,ATTITUDE,,,,,,,,,,,,,,,-0.000726446567568928,-0.0002043235144810751,-2.368624687194824,,
1790036560.2181792,RAW_IMU,,,,,,,,,0,0,-1001,3,3,3,,,,,
1790036560.237168,ATTITUDE,,,,,,,,,,,,,,,-0.000727322418242693,-0.00020416578627191484,-2.3686349391937256,,
1790036560.2384412,RAW_IMU,,,,,,,,,0,0,-1001,3,3,3,,,,,
1790036560.2574494,ATTITUDE,,,,,,,,,,,,,,,-0.0007282149163074791,-0.0002050012262770906,-2.368645429611206,,
1790036560.2582443,RAW_IMU,,,,,,,,,0,0,-1001,3,3,3,,,,,
1790036560.2593205,GLOBAL_POSITION_INT,-35.3606892,149.1682261,580.11,0.007,-0.02,0.0,0.0,224.29,,,,,,,,,,,
1790036560.2599833,GPS_RAW_INT,,,,,,,,,,,,,,,,,,6,10
1790036560.2776287,ATTITUDE,,,,,,,,,,,,,,,-0.0007300642901100218,-0.00020740095351357013,-2.368657112121582,,
1790036560.2793753,RAW_IMU,,,,,,,,,0,0,-1001,3,3,3,,,,,
1790036560.297914,ATTITUDE,,,,,,,,,,,,,,,-0.0007337545393966138,-0.0002083123108604923,-2.3686676025390625,,
1790036560.299531,RAW_IMU,,,,,,,,,0,0,-1001,3,3,3,,,,,
1790036560.3185658,ATTITUDE,,,,,,,,,,,,,,,-0.0007354156114161015,-0.0002112149231834337,-2.368675947189331,,
1790036560.3199935,RAW_IMU,,,,,,,,,0,0,-1001,3,3,3,,,,,
1790036560.3382354,ATTITUDE,,,,,,,,,,,,,,,-0.0007341140881180763,-0.00020980194676667452,-2.3686859607696533,,
1790036560.3390315,RAW_IMU,,,,,,,,,0,0,-1001,3,3,3,,,,,
1790036560.3582246,ATTITUDE,,,,,,,,,,,,,,,-0.0007337881834246218,-0.00020793826843146235,-2.368694543838501,,
1790036560.3591857,RAW_IMU,,,,,,,,,0,0,-1001,3,3,3,,,,,
1790036560.3607354,GLOBAL_POSITION_INT,-35.3606892,149.1682261,580.11,0.007,-0.02,0.0,0.0,224.29,,,,,,,,,,,
1790036560.3615174,GPS_RAW_INT,,,,,,,,,,,,,,,,,,6,10
1790036560.3773983,ATTITUDE,,,,,,,,,,,,,,,-0.0007318265270441771,-0.0002077515673590824,-2.3687057495117188,,
1790036560.379239,RAW_IMU,,,,,,,,,0,0,-1001,3,3,3,,,,,
1790036560.398018,ATTITUDE,,,,,,,,,,,,,,,-0.0007312405505217612,-0.00020748889073729515,-2.3687145709991455,,
1790036560.3993013,RAW_IMU,,,,,,,,,0,0,-1001,3,3,3,,,,,
1790036560.4183967,ATTITUDE,,,,,,,,,,,,,,,-0.0007320345612242818,-0.00020827674597967416,-2.3687233924865723,,
1790036560.4203827,RAW_IMU,,,,,,,,,0,0,-1001,3,3,3,,,,,
1790036560.4382505,ATTITUDE,,,,,,,,,,,,,,,-0.0007325399201363325,-0.000210152255021967,-2.3687331676483154,,
1790036560.4393399,RAW_IMU,,,,,,,,,0,0,-1001,3,3,3,,,,,
1790036560.4583879,ATTITUDE,,,,,,,,,,,,,,,-0.0007326509803533554,-0.00020999678235966712,-2.368743658065796,,
1790036560.4592717,RAW_IMU,,,,,,,,,0,0,-1001,3,3,3,,,,,
1790036560.4599955,GLOBAL_POSITION_INT,-35.3606892,149.1682261,580.11,0.007,-0.02,0.0,0.0,224.29,,,,,,,,,,,
1790036560.4614792,GPS_RAW_INT,,,,,,,,,,,,,,,,,,6,10
1790036560.4785123,ATTITUDE,,,,,,,,,,,,,,,-0.0007341411546804011,-0.00021236292377579957,-2.368753433227539,,
1790036560.4799523,RAW_IMU,,,,,,,,,0,0,-1001,3,3,3,,,,,
1790036560.498477,ATTITUDE,,,,,,,,,,,,,,,-0.00073685881216079,-0.00021286481933202595,-2.3687617778778076,,
1790036560.4998586,RAW_IMU,,,,,,,,,0,0,-1001,3,3,3,,,,,
1790036560.5183196,ATTITUDE,,,,,,,,,,,,,,,-0.0007400455651804805,-0.00021485848992597312,-2.368772506713867,,
1790036560.5200837,RAW_IMU,,,,,,,,,0,0,-1001,3,3,3,,,,,
1790036560.5384226,ATTITUDE,,,,,,,,,,,,,,,-0.00073841935954988,-0.00021522569295484573,-2.368781089782715,,
1790036560.539889,RAW_IMU,,,,,,,,,0,0,-1001,3,3,3,,,,,
1790036560.5583992,ATTITUDE,,,,,,,,,,,,,,,-0.0007374006090685725,-0.00021329708397388458,-2.3687901496887207,,
1790036560.5593433,RAW_IMU,,,,,,,,,0,0,-1001,3,3,3,,,,,
1790036560.5606387,GLOBAL_POSITION_INT,-35.3606892,149.1682261,580.11,0.007,-0.02,0.0,0.0,224.28,,,,,,,,,,,
1790036560.561848,GPS_RAW_INT,,,,,,,,,,,,,,,,,,6,10
1790036560.5783885,ATTITUDE,,,,,,,,,,,,,,,-0.0007377129513770342,-0.00021273099991958588,-2.3688013553619385,,
1790036560.580066,RAW_IMU,,,,,,,,,0,0,-1001,3,3,3,,,,,
1790036560.5984874,ATTITUDE,,,,,,,,,,,,,,,-0.0007361032767221332,-0.00021166801161598414,-2.36881160736084,,
1790036560.6002789,RAW_IMU,,,,,,,,,0,0,-1001,3,3,3,,,,,
1790036560.6190984,ATTITUDE,,,,,,,,,,,,,,,-0.0007362393080256879,-0.00021203383221291006,-2.3688206672668457,,
1790036560.6200697,RAW_IMU,,,,,,,,,0,0,-1001,3,3,3,,,,,
1790036560.6389353,ATTITUDE,,,,,,,,,,,,,,,-0.0007364051416516304,-0.00021234089217614383,-2.368828773498535,,
1790036560.6403298,RAW_IMU,,,,,,,,,0,0,-1001,3,3,3,,,,,
1790036560.6589775,ATTITUDE,,,,,,,,,,,,,,,-0.0007369309896603227,-0.00021274370374158025,-2.368839740753174,,
1790036560.6600225,RAW_IMU,,,,,,,,,0,0,-1001,3,3,3,,,,,
1790036560.6610854,GLOBAL_POSITION_INT,-35.3606892,149.1682261,580.11,0.007,-0.02,0.0,0.0,224.28,,,,,,,,,,,
1790036560.6618268,GPS_RAW_INT,,,,,,,,,,,,,,,,,,6,10
1790036560.689911,ATTITUDE,,,,,,,,,,,,,,,-0.0007382148178294301,-0.00021350431779865175,-2.368849754333496,,
1790036560.691581,RAW_IMU,,,,,,,,,0,0,-1001,3,3,3,,,,,
1790036560.699398,ATTITUDE,,,,,,,,,,,,,,,-0.0007412326522171497,-0.00021637926693074405,-2.368858575820923,,
1790036560.7006755,RAW_IMU,,,,,,,,,0,0,-1000,3,3,3,,,,,
1790036560.719778,ATTITUDE,,,,,,,,,,,,,,,-0.0007433065911754966,-0.00021868372277822345,-2.368868827819824,,
1790036560.7211525,RAW_IMU,,,,,,,,,0,0,-1001,3,3,3,,,,,
1790036560.7394977,ATTITUDE,,,,,,,,,,,,,,,-0.0007405828218907118,-0.0002197520952904597,-2.3688771724700928,,
1790036560.7405398,RAW_IMU,,,,,,,,,0,0,-1001,3,3,3,,,,,
1790036560.7594342,ATTITUDE,,,,,,,,,,,,,,,-0.0007380641181953251,-0.00021833754726685584,-2.3688883781433105,,
1790036560.7608483,RAW_IMU,,,,,,,,,0,0,-1001,3,3,3,,,,,
1790036560.7621095,GLOBAL_POSITION_INT,-35.3606892,149.1682261,580.11,0.007,-0.02,0.0,0.0,224.28,,,,,,,,,,,
1790036560.7630868,GPS_RAW_INT,,,,,,,,,,,,,,,,,,6,10
1790036560.7793908,ATTITUDE,,,,,,,,,,,,,,,-0.0007366060162894428,-0.00021833392383996397,-2.3688971996307373,,
1790036560.780328,RAW_IMU,,,,,,,,,0,0,-1001,3,3,3,,,,,
1790036560.7995625,ATTITUDE,,,,,,,,,,,,,,,-0.000736924004741013,-0.00021692084555979818,-2.3689072132110596,,
1790036560.8014147,RAW_IMU,,,,,,,,,0,0,-1001,3,3,3,,,,,
1790036560.8195233,ATTITUDE,,,,,,,,,,,,,,,-0.0007368727237917483,-0.00021624813962262124,-2.3689167499542236,,
1790036560.8206263,RAW_IMU,,,,,,,,,0,0,-1001,3,3,3,,,,,
1790036560.8399432,ATTITUDE,,,,,,,,,,,,,,,-0.0007389055099338293,-0.00021707538689952344,-2.3689255714416504,,
1790036560.841152,RAW_IMU,,,,,,,,,0,0,-1001,3,3,3,,,,,
1790036560.8549793,ATTITUDE,,,,,,,,,,,,,,,-0.0007392991683445871,-0.0002186304918723181,-2.368934154510498,,
1790036560.855922,RAW_IMU,,,,,,,,,0,0,-1001,3,3,3,,,,,
1790036560.856669,GLOBAL_POSITION_INT,-35.3606892,149.1682261,580.11,0.007,-0.02,0.0,0.0,224.28,,,,,,,,,,,
1790036560.8572073,GPS_RAW_INT,,,,,,,,,,,,,,,,,,6,10
1790036560.875489,ATTITUDE,,,,,,,,,,,,,,,-0.0007416706648655236,-0.0002199892041971907,-2.3689441680908203,,
1790036560.876677,RAW_IMU,,,,,,,,,0,0,-1001,3,3,3,,,,,
1790036560.8952801,ATTITUDE,,,,,,,,,,,,,,,-0.0007437259773723781,-0.00022240809630602598,-2.3689541816711426,,
1790036560.89627,RAW_IMU,,,,,,,,,0,0,-1001,3,3,3,,,,,
1790036560.9159214,ATTITUDE,,,,,,,,,,,,,,,-0.0007476008613593876,-0.0002237743028672412,-2.3689630031585693,,
1790036560.9171116,RAW_IMU,,,,,,,,,0,0,-1001,3,3,3,,,,,
1790036560.938347,ATTITUDE,,,,,,,,,,,,,,,-0.0007458110922016203,-0.00022076824097894132,-2.368971109390259,,
1790036560.939855,RAW_IMU,,,,,,,,,0,0,-1001,3,3,3,,,,,
1790036560.9570222,ATTITUDE,,,,,,,,,,,,,,,-0.0007432656711898744,-0.00021946735796518624,-2.368980884552002,,
1790036560.9583313,RAW_IMU,,,,,,,,,0,0,-1001,3,3,3,,,,,
1790036560.9594915,GLOBAL_POSITION_INT,-35.3606892,149.1682261,580.11,0.007,-0.02,0.0,0.0,224.27,,,,,,,,,,,
1790036560.9608614,GPS_RAW_INT,,,,,,,,,,,,,,,,,,6,10
1790036560.9774995,ATTITUDE,,,,,,,,,,,,,,,-0.0007419474422931671,-0.0002199297014158219,-2.368990659713745,,
1790036560.9793823,RAW_IMU,,,,,,,,,0,0,-1001,3,3,3,,,,,
1790036560.9977856,ATTITUDE,,,,,,,,,,,,,,,-0.0007420527981594205,-0.0002187424252042547,-2.3689985275268555,,
1790036560.9995637,RAW_IMU,,,,,,,,,0,0,-1001,3,3,3,,,,,
1790036561.0180836,ATTITUDE,,,,,,,,,,,,,,,-0.0007423824863508344,-0.0002192685496993363,-2.3690078258514404,,
1790036561.020197,RAW_IMU,,,,,,,,,0,0,-1001,3,3,3,,,,,
1790036561.0379715,ATTITUDE,,,,,,,,,,,,,,,-0.0007420285255648196,-0.00021877149993088096,-2.369016647338867,,
1790036561.0390246,RAW_IMU,,,,,,,,,0,0,-1001,3,3,3,,,,,
1790036561.0577867,ATTITUDE,,,,,,,,,,,,,,,-0.0007438290631398559,-0.0002205270284321159,-2.3690247535705566,,
1790036561.0588913,RAW_IMU,,,,,,,,,0,0,-1001,3,3,3,,,,,
1790036561.0592914,GLOBAL_POSITION_INT,-35.3606892,149.1682261,580.11,0.007,-0.02,0.0,0.0,224.27,,,,,,,,,,,
1790036561.0604074,GPS_RAW_INT,,,,,,,,,,,,,,,,,,6,10
1790036561.0779421,ATTITUDE,,,,,,,,,,,,,,,-0.000744082557503134,-0.0002222034672740847,-2.3690335750579834,,
1790036561.0793486,RAW_IMU,,,,,,,,,0,0,-1001,3,3,3,,,,,
1790036561.0979676,ATTITUDE,,,,,,,,,,,,,,,-0.0007464817608706653,-0.00022341050498653203,-2.3690435886383057,,
1790036561.0997303,RAW_IMU,,,,,,,,,0,0,-1001,3,3,3,,,,,
1790036561.1180534,ATTITUDE,,,,,,,,,,,,,,,-0.0007476688479073346,-0.00022609949519392103,-2.369053602218628,,
1790036561.1193705,RAW_IMU,,,,,,,,,0,0,-1001,3,3,3,,,,,
1790036561.139002,ATTITUDE,,,,,,,,,,,,,,,-0.000745738681871444,-0.00022477757011074573,-2.3690621852874756,,
1790036561.140661,RAW_IMU,,,,,,,,,0,0,-1001,3,3,3,,,,,
1790036561.1586397,ATTITUDE,,,,,,,,,,,,,,,-0.0007426683441735804,-0.000222599963308312,-2.3690712451934814,,
1790036561.159914,RAW_IMU,,,,,,,,,0,0,-1001,3,3,3,,,,,
1790036561.1609602,GLOBAL_POSITION_INT,-35.3606892,149.1682261,580.11,0.007,-0.02,0.0,0.0,224.27,,,,,,,,,,,
1790036561.1620245,GPS_RAW_INT,,,,,,,,,,,,,,,,,,6,10
1790036561.184546,ATTITUDE,,,,,,,,,,,,,,,-0.000742707634344697,-0.0002223191986558959,-2.369080066680908,,
1790036561.1865547,RAW_IMU,,,,,,,,,0,0,-1001,3,3,3,,,,,
1790036561.198596,ATTITUDE,,,,,,,,,,,,,,,-0.0007424105424433947,-0.00022206887661013752,-2.3690922260284424,,
1790036561.1998403,RAW_IMU,,,,,,,,,0,0,-1001,3,3,3,,,,,
1790036561.2187946,ATTITUDE,,,,,,,,,,,,,,,-0.0007412637933157384,-0.00022299427655525506,-2.3691012859344482,,
1790036561.2199945,RAW_IMU,,,,,,,,,0,0,-1001,3,3,3,,,,,
1790036561.2394385,ATTITUDE,,,,,,,,,,,,,,,-0.0007424128707498312,-0.00022499151236843318,-2.369110107421875,,
1790036561.2405248,RAW_IMU,,,,,,,,,0,0,-1001,3,3,3,,,,,
1790036561.2594469,ATTITUDE,,,,,,,,,,,,,,,-0.0007434311555698514,-0.00022622552933171391,-2.369119167327881,,
1790036561.2603226,RAW_IMU,,,,,,,,,0,0,-1001,3,3,3,,,,,
1790036561.2616677,GLOBAL_POSITION_INT,-35.3606892,149.1682261,580.11,0.007,-0.02,0.0,0.0,224.26,,,,,,,,,,,
1790036561.2626543,GPS_RAW_INT,,,,,,,,,,,,,,,,,,6,10
1790036561.278533,ATTITUDE,,,,,,,,,,,,,,,-0.0007447142852470279,-0.0002272181009175256,-2.369129180908203,,
1790036561.2799406,RAW_IMU,,,,,,,,,0,0,-1001,3,3,3,,,,,
1790036561.29799,ATTITUDE,,,,,,,,,,,,,,,-0.0007467734394595027,-0.00022918997274246067,-2.3691372871398926,,
1790036561.2994418,RAW_IMU,,,,,,,,,0,0,-1001,3,3,3,,,,,
1790036561.3179448,ATTITUDE,,,,,,,,,,,,,,,-0.0007524670800194144,-0.00023301386681851,-2.369145154953003,,
1790036561.3192523,RAW_IMU,,,,,,,,,0,0,-1001,3,3,3,,,,,
1790036561.3377616,ATTITUDE,,,,,,,,,,,,,,,-0.0007524361135438085,-0.00023363644140772521,-2.3691554069519043,,
1790036561.3388882,RAW_IMU,,,,,,,,,0,0,-1001,3,3,3,,,,,
1790036561.3576963,ATTITUDE,,,,,,,,,,,,,,,-0.0007521945517510176,-0.00023271270038094372,-2.3691647052764893,,
1790036561.3586628,RAW_IMU,,,,,,,,,0,0,-1001,3,3,3,,,,,
1790036561.3595753,GLOBAL_POSITION_INT,-35.3606892,149.1682261,580.11,0.007,-0.02,0.0,0.0,224.26,,,,,,,,,,,
1790036561.3604984,GPS_RAW_INT,,,,,,,,,,,,,,,,,,6,10
1790036561.3778265,ATTITUDE,,,,,,,,,,,,,,,-0.0007514696917496622,-0.00023212512314785272,-2.369174003601074,,
1790036561.3789454,RAW_IMU,,,,,,,,,0,0,-1001,3,3,3,,,,,
1790036561.3980067,ATTITUDE,,,,,,,,,,,,,,,-0.0007517035701312125,-0.0002317568432772532,-2.3691840171813965,,
1790036561.399476,RAW_IMU,,,,,,,,,0,0,-1001,3,3,3,,,,,
1790036561.4181948,ATTITUDE,,,,,,,,,,,,,,,-0.00075229920912534,-0.00023121612321119756,-2.3691928386688232,,
1790036561.419768,RAW_IMU,,,,,,,,,0,0,-1001,3,3,3,,,,,
1790036561.4375875,ATTITUDE,,,,,,,,,,,,,,,-0.0007532359450124204,-0.00023284564667847008,-2.3692028522491455,,
1790036561.4389467,RAW_IMU,,,,,,,,,0,0,-1001,3,3,3,,,,,
1790036561.4569783,ATTITUDE,,,,,,,,,,,,,,,-0.0007548120920546353,-0.00023274894920177758,-2.369211196899414,,
1790036561.4581594,RAW_IMU,,,,,,,,,0,0,-1001,3,3,3,,,,,
1790036561.4596462,GLOBAL_POSITION_INT,-35.3606892,149.1682261,580.11,0.007,-0.02,0.0,0.0,224.26,,,,,,,,,,,
1790036561.4605618,GPS_RAW_INT,,,,,,,,,,,,,,,,,,6,10
1790036561.4772239,ATTITUDE,,,,,,,,,,,,,,,-0.0007552998722530901,-0.00023421013611368835,-2.3692214488983154,,
1790036561.4785874,RAW_IMU,,,,,,,,,0,0,-1001,3,3,3,,,,,
1790036561.4972272,ATTITUDE,,,,,,,,,,,,,,,-0.0007563179824501276,-0.00023570972552988678,-2.369231939315796,,
1790036561.498616,RAW_IMU,,,,,,,,,0,0,-1001,3,3,3,,,,,
1790036561.5181556,ATTITUDE,,,,,,,,,,,,,,,-0.0007605840801261365,-0.00024050548381637782,-2.3692400455474854,,
1790036561.520083,RAW_IMU,,,,,,,,,0,0,-1001,3,3,3,,,,,
1790036561.6722877,GLOBAL_POSITION_INT,-35.3606892,149.1682261,580.11,0.007,-0.02,0.0,0.0,224.25,,,,,,,,,,,
1790036561.8757162,RAW_IMU,,,,,,,,,0,0,-1001,3,3,3,,,,,
1790036561.8766053,GPS_RAW_INT,,,,,,,,,,,,,,,,,,6,10
1790036561.938648,ATTITUDE,,,,,,,,,,,,,,,-0.0007741831941530108,-0.00025297634419985116,-2.3694257736206055,,
1790036561.9394987,RAW_IMU,,,,,,,,,0,0,-1001,3,3,3,,,,,
1790036561.9401586,GLOBAL_POSITION_INT,-35.3606892,149.1682261,580.11,0.007,-0.02,0.0,0.0,224.25,,,,,,,,,,,
1790036561.9408243,GPS_RAW_INT,,,,,,,,,,,,,,,,,,6,10
1790036561.9422796,ATTITUDE,,,,,,,,,,,,,,,-0.0007728643831796944,-0.0002528043114580214,-2.369434356689453,,
1790036561.943621,RAW_IMU,,,,,,,,,0,0,-1001,3,3,3,,,,,
1790036561.9584677,ATTITUDE,,,,,,,,,,,,,,,-0.0007736746338196099,-0.0002515344531275332,-2.3694448471069336,,
1790036561.9605803,RAW_IMU,,,,,,,,,0,0,-1001,3,3,3,,,,,
1790036561.9781678,GLOBAL_POSITION_INT,-35.3606892,149.1682261,580.11,0.007,-0.02,0.0,0.0,224.25,,,,,,,,,,,
1790036561.9790914,GPS_RAW_INT,,,,,,,,,,,,,,,,,,6,10
1790036561.9806013,ATTITUDE,,,,,,,,,,,,,,,-0.0007744130562059581,-0.00025073011056520045,-2.3694565296173096,,
1790036561.9815323,RAW_IMU,,,,,,,,,0,0,-1001,3,3,3,,,,,
1790036561.9982681,ATTITUDE,,,,,,,,,,,,,,,-0.0007746772025711834,-0.0002495931985322386,-2.369467258453369,,
1790036561.999562,RAW_IMU,,,,,,,,,0,0,-1001,3,3,3,,,,,
1790036562.018432,ATTITUDE,,,,,,,,,,,,,,,-0.0007756393169984221,-0.000250677258009091,-2.369475841522217,,
1790036562.0194805,RAW_IMU,,,,,,,,,0,0,-1001,3,3,3,,,,,
1790036562.0380208,ATTITUDE,,,,,,,,,,,,,,,-0.0007759449072182178,-0.00025189167354255915,-2.3694872856140137,,
1790036562.039766,RAW_IMU,,,,,,,,,0,0,-1001,3,3,3,,,,,
1790036562.0575948,ATTITUDE,,,,,,,,,,,,,,,-0.0007778198341839015,-0.0002521962160244584,-2.3694958686828613,,
1790036562.0593011,RAW_IMU,,,,,,,,,0,0,-1001,3,3,3,,,,,
1790036562.0772393,GLOBAL_POSITION_INT,-35.3606892,149.1682261,580.11,0.007,-0.02,0.0,0.0,224.24,,,,,,,,,,,
1790036562.077787,GPS_RAW_INT,,,,,,,,,,,,,,,,,,6,10
1790036562.0799437,ATTITUDE,,,,,,,,,,,,,,,-0.0007798463921062648,-0.00025342972367070615,-2.3695056438446045,,
1790036562.0809882,RAW_IMU,,,,,,,,,0,0,-1001,3,3,3,,,,,
1790036562.0983095,ATTITUDE,,,,,,,,,,,,,,,-0.0007829821552149951,-0.0002566995972301811,-2.369515895843506,,
1790036562.0998201,RAW_IMU,,,,,,,,,0,0,-1001,3,3,3,,,,,
1790036562.1181073,ATTITUDE,,,,,,,,,,,,,,,-0.0007865309016779065,-0.00025770836509764194,-2.3695244789123535,,
1790036562.1192558,RAW_IMU,,,,,,,,,0,0,-1001,3,3,3,,,,,
1790036562.1381297,ATTITUDE,,,,,,,,,,,,,,,-0.000784426461905241,-0.0002571504737716168,-2.369534492492676,,
1790036562.139637,RAW_IMU,,,,,,,,,0,0,-1001,3,3,3,,,,,
1790036562.1599016,ATTITUDE,,,,,,,,,,,,,,,-0.0007849968387745321,-0.0002563810849096626,-2.3695449829101562,,
1790036562.1613734,RAW_IMU,,,,,,,,,0,0,-1001,3,3,3,,,,,
1790036562.1859474,GLOBAL_POSITION_INT,-35.3606892,149.1682261,580.11,0.007,-0.02,0.0,0.0,224.24,,,,,,,,,,,
1790036562.1874459,GPS_RAW_INT,,,,,,,,,,,,,,,,,,6,10
1790036562.1881938,ATTITUDE,,,,,,,,,,,,,,,-0.0007839094032533467,-0.0002570053329691291,-2.369553804397583,,
1790036562.1890206,RAW_IMU,,,,,,,,,0,0,-1001,3,3,3,,,,,
1790036562.2023842,ATTITUDE,,,,,,,,,,,,,,,-0.0007827405352145433,-0.00025762736913748085,-2.3695642948150635,,
1790036562.204311,RAW_IMU,,,,,,,,,0,0,-1001,3,3,3,,,,,
1790036562.217639,ATTITUDE,,,,,,,,,,,,,,,-0.000783138326369226,-0.00025743196601979434,-2.369572401046753,,
1790036562.21912,RAW_IMU,,,,,,,,,0,0,-1001,3,3,3,,,,,
1790036562.2372577,ATTITUDE,,,,,,,,,,,,,,,-0.000783573545049876,-0.0002601466840133071,-2.369582176208496,,
1790036562.238764,RAW_IMU,,,,,,,,,0,0,-1001,3,3,3,,,,,
1790036562.2595484,ATTITUDE,,,,,,,,,,,,,,,-0.0007851613336242735,-0.00026156759122386575,-2.3695907592773438,,
1790036562.2608788,RAW_IMU,,,,,,,,,0,0,-1001,3,3,3,,,,,
1790036562.2778533,GLOBAL_POSITION_INT,-35.3606892,149.1682261,580.11,0.006,-0.02,0.0,0.0,224.24,,,,,,,,,,,
1790036562.2791286,GPS_RAW_INT,,,,,,,,,,,,,,,,,,6,10
1790036562.2807307,ATTITUDE,,,,,,,,,,,,,,,-0.0007874880102463067,-0.00026326411170884967,-2.3696000576019287,,
1790036562.281906,RAW_IMU,,,,,,,,,0,0,-1001,3,3,3,,,,,
1790036562.2981727,ATTITUDE,,,,,,,,,,,,,,,-0.0007902176585048437,-0.0002661113394424319,-2.3696107864379883,,
1790036562.299332,RAW_IMU,,,,,,,,,0,0,-1000,3,3,3,,,,,
1790036563.2154448,ATTITUDE,,,,,,,,,,,,,,,-0.0007912368164397776,-0.00026926567079499364,-2.3696200847625732,,
1790036563.2159278,RAW_IMU,,,,,,,,,0,0,-1001,3,3,3,,,,,
1790036563.216512,ATTITUDE,,,,,,,,,,,,,,,-0.0007914603338576853,-0.0002697833988349885,-2.369628429412842,,
1790036563.2169185,RAW_IMU,,,,,,,,,0,0,-1001,3,3,3,,,,,
1790036563.2174566,ATTITUDE,,,,,,,,,,,,,,,-0.0007891735876910388,-0.00026897239149548113,-2.369638204574585,,
1790036563.2178364,RAW_IMU,,,,,,,,,0,0,-1001,3,3,3,,,,,
1790036563.2183301,GLOBAL_POSITION_INT,-35.3606892,149.1682261,580.11,0.006,-0.02,0.0,0.0,224.23,,,,,,,,,,,
1790036563.2186847,GPS_RAW_INT,,,,,,,,,,,,,,,,,,6,10
1790036563.2189505,ATTITUDE,,,,,,,,,,,,,,,-0.0007897458854131401,-0.0002690123801585287,-2.3696482181549072,,
1790036563.219334,RAW_IMU,,,,,,,,,0,0,-1001,3,3,3,,,,,
1790036563.2195878,ATTITUDE,,,,,,,,,,,,,,,-0.0007909430423751473,-0.0002692496054805815,-2.3696577548980713,,
1790036563.2199028,RAW_IMU,,,,,,,,,0,0,-1001,3,3,3,,,,,
1790036563.225197,ATTITUDE,,,,,,,,,,,,,,,-0.0007909492123872042,-0.0002690506516955793,-2.369666337966919,,
1790036563.2256515,RAW_IMU,,,,,,,,,0,0,-1001,3,3,3,,,,,
1790036563.2258973,ATTITUDE,,,,,,,,,,,,,,,-0.0007924315286800265,-0.0002701389603316784,-2.3696751594543457,,
1790036563.226203,RAW_IMU,,,,,,,,,0,0,-1001,3,3,3,,,,,
1790036563.22661,ATTITUDE,,,,,,,,,,,,,,,-0.0007944513927213848,-0.000271626136964187,-2.369684934616089,,
1790036563.2269795,RAW_IMU,,,,,,,,,0,0,-1001,3,3,3,,,,,
1790036563.2272902,GLOBAL_POSITION_INT,-35.3606892,149.1682261,580.11,0.006,-0.02,0.0,0.0,224.23,,,,,,,,,,,
1790036563.2274892,GPS_RAW_INT,,,,,,,,,,,,,,,,,,6,10
1790036563.227631,ATTITUDE,,,,,,,,,,,,,,,-0.0007974476320669055,-0.0002737966424319893,-2.3696935176849365,,
1790036563.227838,RAW_IMU,,,,,,,,,0,0,-1001,3,3,3,,,,,
1790036563.2279828,ATTITUDE,,,,,,,,,,,,,,,-0.0008013658807612956,-0.0002774585736915469,-2.369702100753784,,
1790036563.228185,RAW_IMU,,,,,,,,,0,0,-1001,3,3,3,,,,,
1790036563.2286398,ATTITUDE,,,,,,,,,,,,,,,-0.000803969509433955,-0.0002797996567096561,-2.369710922241211,,
1790036563.228996,RAW_IMU,,,,,,,,,0,0,-1001,3,3,3,,,,,
1790036563.2319322,ATTITUDE,,,,,,,,,,,,,,,-0.0008027663570828736,-0.00027953332755714655,-2.3697197437286377,,
1790036563.2331026,RAW_IMU,,,,,,,,,0,0,-1001,3,3,3,,,,,
1790036563.2543871,ATTITUDE,,,,,,,,,,,,,,,-0.0008027895819395781,-0.0002787551493383944,-2.3697290420532227,,
1790036563.2557585,RAW_IMU,,,,,,,,,0,0,-1001,3,3,3,,,,,
1790036563.2721047,GLOBAL_POSITION_INT,-35.3606892,149.1682261,580.11,0.006,-0.02,0.0,0.0,224.23,,,,,,,,,,,
1790036563.2732513,GPS_RAW_INT,,,,,,,,,,,,,,,,,,6,10
1790036563.2753818,ATTITUDE,,,,,,,,,,,,,,,-0.0008022863767109811,-0.00027855465305037796,-2.369739055633545,,
1790036563.276656,RAW_IMU,,,,,,,,,0,0,-1000,3,3,3,,,,,
1790036563.2972248,ATTITUDE,,,,,,,,,,,,,,,-0.0008018193766474724,-0.0002782726369332522,-2.369748592376709,,
1790036563.2988036,RAW_IMU,,,,,,,,,0,0,-1001,3,3,3,,,,,
1790036563.3170338,ATTITUDE,,,,,,,,,,,,,,,-0.0008028790471144021,-0.0002793611492961645,-2.369757890701294,,
1790036563.3189502,RAW_IMU,,,,,,,,,0,0,-1001,3,3,3,,,,,
1790036563.3370197,ATTITUDE,,,,,,,,,,,,,,,-0.0008043800480663776,-0.0002801599621307105,-2.3697662353515625,,
1790036563.3390756,RAW_IMU,,,,,,,,,0,0,-1001,3,3,3,,,,,
1790036563.357314,ATTITUDE,,,,,,,,,,,,,,,-0.000806288851890713,-0.0002821632078848779,-2.3697750568389893,,
1790036563.358918,RAW_IMU,,,,,,,,,0,0,-1001,3,3,3,,,,,
1790036563.3837137,GLOBAL_POSITION_INT,-35.3606892,149.1682261,580.11,0.006,-0.02,0.0,0.0,224.23,,,,,,,,,,,
1790036563.3849008,GPS_RAW_INT,,,,,,,,,,,,,,,,,,6,10
1790036563.3855088,ATTITUDE,,,,,,,,,,,,,,,-0.00080873939441517,-0.00028406205819919705,-2.369786262512207,,
1790036563.3868885,RAW_IMU,,,,,,,,,0,0,-1001,3,3,3,,,,,
1790036563.3925915,ATTITUDE,,,,,,,,,,,,,,,-0.0008118607802316546,-0.0002868805022444576,-2.3697967529296875,,
1790036563.3940487,RAW_IMU,,,,,,,,,0,0,-1001,3,3,3,,,,,
1790036563.413519,ATTITUDE,,,,,,,,,,,,,,,-0.0008134509553201497,-0.0002906502049881965,-2.369805335998535,,
1790036563.4146109,RAW_IMU,,,,,,,,,0,0,-1001,3,3,3,,,,,
1790036563.4335895,ATTITUDE,,,,,,,,,,,,,,,-0.0008128770277835429,-0.0002911266346927732,-2.369813919067383,,
1790036563.4344156,RAW_IMU,,,,,,,,,0,0,-1001,3,3,3,,,,,
1790036563.4536114,ATTITUDE,,,,,,,,,,,,,,,-0.0008125248714350164,-0.0002904394641518593,-2.3698227405548096,,
1790036563.4545467,RAW_IMU,,,,,,,,,0,0,-1001,3,3,3,,,,,
1790036563.473286,GLOBAL_POSITION_INT,-35.3606892,149.1682261,580.11,0.006,-0.02,0.0,0.0,224.22,,,,,,,,,,,
1790036563.4747298,GPS_RAW_INT,,,,,,,,,,,,,,,,,,6,10
1790036563.4762352,ATTITUDE,,,,,,,,,,,,,,,-0.0008127001347020268,-0.00029032171005383134,-2.369832992553711,,
1790036563.477711,RAW_IMU,,,,,,,,,0,0,-1001,3,3,3,,,,,
1790036563.4938319,ATTITUDE,,,,,,,,,,,,,,,-0.0008116354583762586,-0.00029048556461930275,-2.369844436645508,,
1790036563.49524,RAW_IMU,,,,,,,,,0,0,-1001,3,3,3,,,,,
1790036563.514209,ATTITUDE,,,,,,,,,,,,,,,-0.000812069047242403,-0.000291547185042873,-2.3698530197143555,,
1790036563.5152614,RAW_IMU,,,,,,,,,0,0,-1001,3,3,3,,,,,
1790036563.5335083,ATTITUDE,,,,,,,,,,,,,,,-0.0008128292392939329,-0.0002921197738032788,-2.3698623180389404,,
1790036563.534598,RAW_IMU,,,,,,,,,0,0,-1001,3,3,3,,,,,
1790036563.5545864,ATTITUDE,,,,,,,,,,,,,,,-0.0008140901336446404,-0.0002944108855444938,-2.369870662689209,,
1790036563.5564716,RAW_IMU,,,,,,,,,0,0,-1001,3,3,3,,,,,
1790036563.573361,GLOBAL_POSITION_INT,-35.3606892,149.1682261,580.11,0.006,-0.02,0.0,0.0,224.22,,,,,,,,,,,
1790036563.5740824,GPS_RAW_INT,,,,,,,,,,,,,,,,,,6,10
1790036563.5758698,ATTITUDE,,,,,,,,,,,,,,,-0.0008169354987330735,-0.00029619975248351693,-2.3698811531066895,,
1790036563.577194,RAW_IMU,,,,,,,,,0,0,-1001,3,3,3,,,,,
1790036563.5939631,ATTITUDE,,,,,,,,,,,,,,,-0.0008211203967221081,-0.00029840401839464903,-2.3698911666870117,,
1790036563.5951204,RAW_IMU,,,,,,,,,0,0,-1001,3,3,3,,,,,
1790036563.635887,ATTITUDE,,,,,,,,,,,,,,,-0.0008220290765166283,-0.0003011657390743494,-2.369900703430176,,
1790036563.6372077,RAW_IMU,,,,,,,,,0,0,-1001,3,3,3,,,,,
1790036563.6387107,ATTITUDE,,,,,,,,,,,,,,,-0.0008219977025873959,-0.00029921112582087517,-2.3699100017547607,,
1790036563.6398458,RAW_IMU,,,,,,,,,0,0,-1001,3,3,3,,,,,
1790036563.6547275,ATTITUDE,,,,,,,,,,,,,,,-0.0008226754143834114,-0.00029807951068505645,-2.3699193000793457,,
1790036563.6559937,RAW_IMU,,,,,,,,,0,0,-1001,3,3,3,,,,,
1790036563.6751032,GLOBAL_POSITION_INT,-35.3606892,149.1682261,580.11,0.006,-0.02,0.0,0.0,224.22,,,,,,,,,,,
1790036563.6765125,GPS_RAW_INT,,,,,,,,,,,,,,,,,,6,10
1790036563.677595,ATTITUDE,,,,,,,,,,,,,,,-0.0008212043903768063,-0.00029860009090043604,-2.3699281215667725,,
1790036563.6785228,RAW_IMU,,,,,,,,,0,0,-1001,3,3,3,,,,,
1790036563.695066,ATTITUDE,,,,,,,,,,,,,,,-0.0008213937981054187,-0.0002992252993863076,-2.3699374198913574,,
1790036563.6966815,RAW_IMU,,,,,,,,,0,0,-1001,3,3,3,,,,,
1790036563.715568,ATTITUDE,,,,,,,,,,,,,,,-0.0008214636472985148,-0.0003006469924002886,-2.3699467182159424,,
1790036563.7180197,RAW_IMU,,,,,,,,,0,0,-1001,3,3,3,,,,,
1790036563.7356017,ATTITUDE,,,,,,,,,,,,,,,-0.0008218474104069173,-0.00030134874396026134,-2.3699560165405273,,
1790036563.7365017,RAW_IMU,,,,,,,,,0,0,-1001,3,3,3,,,,,
1790036563.7555702,ATTITUDE,,,,,,,,,,,,,,,-0.0008236722787842155,-0.00030339221120812,-2.369965076446533,,
1790036563.756872,RAW_IMU,,,,,,,,,0,0,-1000,3,3,3,,,,,
1790036563.7754564,GLOBAL_POSITION_INT,-35.3606892,149.1682261,580.11,0.006,-0.02,0.0,0.0,224.22,,,,,,,,,,,
1790036563.776432,GPS_RAW_INT,,,,,,,,,,,,,,,,,,6,10
1790036563.77767,ATTITUDE,,,,,,,,,,,,,,,-0.0008252885309047997,-0.0003049435035791248,-2.369974136352539,,
1790036563.7795746,RAW_IMU,,,,,,,,,0,0,-1001,3,3,3,,,,,
1790036563.7957964,ATTITUDE,,,,,,,,,,,,,,,-0.0008272412815131247,-0.0003075742570217699,-2.3699843883514404,,
1790036563.7968886,RAW_IMU,,,,,,,,,0,0,-1001,3,3,3,,,,,
1790036563.8157444,ATTITUDE,,,,,,,,,,,,,,,-0.0008299800683744252,-0.000310281669953838,-2.369992971420288,,
1790036563.8169444,RAW_IMU,,,,,,,,,0,0,-1001,3,3,3,,,,,
1790036563.8357806,ATTITUDE,,,,,,,,,,,,,,,-0.0008294571889564395,-0.00030967258499003947,-2.3700037002563477,,
1790036563.8368886,RAW_IMU,,,,,,,,,0,0,-1001,3,3,3,,,,,
1790036563.8573563,ATTITUDE,,,,,,,,,,,,,,,-0.0008308119140565395,-0.00030842050909996033,-2.3700129985809326,,
1790036563.8582463,RAW_IMU,,,,,,,,,0,0,-1001,3,3,3,,,,,
1790036563.8848355,GLOBAL_POSITION_INT,-35.3606892,149.1682261,580.11,0.006,-0.02,0.0,0.0,224.21,,,,,,,,,,,
1790036563.885188,GPS_RAW_INT,,,,,,,,,,,,,,,,,,6,10
1790036563.8856812,ATTITUDE,,,,,,,,,,,,,,,-0.0008303038775920868,-0.0003081022296100855,-2.3700218200683594,,
1790036563.8864288,RAW_IMU,,,,,,,,,0,0,-1001,3,3,3,,,,,
1790036563.8965993,ATTITUDE,,,,,,,,,,,,,,,-0.0008307552197948098,-0.0003079499874729663,-2.3700315952301025,,
1790036563.8981905,RAW_IMU,,,,,,,,,0,0,-1005,3,3,3,,,,,
1790036563.9179807,ATTITUDE,,,,,,,,,,,,,,,-0.0008309899130836129,-0.00030775938648730516,-2.3700404167175293,,
1790036563.9196951,RAW_IMU,,,,,,,,,0,0,-1029,3,3,3,,,,,
1790036563.9378855,ATTITUDE,,,,,,,,,,,,,,,-0.0008317818865180016,-0.00030853526550345123,-2.3700499534606934,,
1790036563.939265,RAW_IMU,,,,,,,,,0,0,-1054,3,3,3,,,,,
1790036563.9577405,ATTITUDE,,,,,,,,,,,,,,,-0.0008346165413968265,-0.00031057558953762054,-2.3700592517852783,,
1790036563.9588885,RAW_IMU,,,,,,,,,0,0,-1068,3,3,3,,,,,
1790036563.9719605,GLOBAL_POSITION_INT,-35.3606892,149.1682261,580.11,0.008,-0.02,0.0,-0.04,224.21,,,,,,,,,,,
1790036563.9734585,GPS_RAW_INT,,,,,,,,,,,,,,,,,,6,10
1790036563.9777536,ATTITUDE,,,,,,,,,,,,,,,-0.0008363073575310409,-0.0003116642765235156,-2.3700687885284424,,
1790036563.978966,RAW_IMU,,,,,,,,,0,0,-1062,3,3,3,,,,,
1790036563.9972372,ATTITUDE,,,,,,,,,,,,,,,-0.0008393821190111339,-0.0003133860300295055,-2.370079517364502,,
1790036563.9988697,RAW_IMU,,,,,,,,,0,0,-1056,3,3,3,,,,,
1790036564.0186865,ATTITUDE,,,,,,,,,,,,,,,-0.0008437240612693131,-0.00031634539482183754,-2.3700881004333496,,
1790036564.019837,RAW_IMU,,,,,,,,,0,0,-1054,3,3,3,,,,,
1790036564.0327148,ATTITUDE,,,,,,,,,,,,,,,-0.0008435265044681728,-0.00031583226518705487,-2.370096206665039,,
1790036564.0333736,RAW_IMU,,,,,,,,,0,0,-1055,3,3,3,,,,,
1790036564.05297,ATTITUDE,,,,,,,,,,,,,,,-0.00084263039752841,-0.00031390844378620386,-2.3701047897338867,,
1790036564.054034,RAW_IMU,,,,,,,,,0,0,-1057,3,3,3,,,,,
1790036564.072862,GLOBAL_POSITION_INT,-35.3606892,149.1682261,580.12,0.015,-0.02,0.0,-0.09,224.21,,,,,,,,,,,
1790036564.0735455,GPS_RAW_INT,,,,,,,,,,,,,,,,,,6,10
1790036564.0754604,ATTITUDE,,,,,,,,,,,,,,,-0.0008431859314441681,-0.00031495941220782697,-2.370112895965576,,
1790036564.0765922,RAW_IMU,,,,,,,,,0,0,-1059,3,3,3,,,,,
1790036564.0931673,ATTITUDE,,,,,,,,,,,,,,,-0.0008442492107860744,-0.000315735669573769,-2.3701226711273193,,
1790036564.0945938,RAW_IMU,,,,,,,,,0,0,-1059,3,3,3,,,,,
1790036564.1375017,ATTITUDE,,,,,,,,,,,,,,,-0.0008447273867204785,-0.0003157934406772256,-2.3701319694519043,,
1790036564.139728,RAW_IMU,,,,,,,,,0,0,-1057,3,3,3,,,,,
1790036564.1406124,ATTITUDE,,,,,,,,,,,,,,,-0.0008451801841147244,-0.0003159965854138136,-2.3701398372650146,,
1790036564.1416996,RAW_IMU,,,,,,,,,0,0,-1056,3,3,3,,,,,
1790036564.1560998,ATTITUDE,,,,,,,,,,,,,,,-0.000846378447022289,-0.0003177437756676227,-2.3701491355895996,,
1790036564.1578145,RAW_IMU,,,,,,,,,0,0,-1055,3,3,3,,,,,
1790036564.174096,GLOBAL_POSITION_INT,-35.3606892,149.1682261,580.13,0.028,-0.02,0.0,-0.15,224.21,,,,,,,,,,,
1790036564.1750891,GPS_RAW_INT,,,,,,,,,,,,,,,,,,6,10
1790036564.1767595,ATTITUDE,,,,,,,,,,,,,,,-0.0008491397020407021,-0.00031917638261802495,-2.3701581954956055,,
1790036564.1793592,RAW_IMU,,,,,,,,,0,0,-1054,3,3,3,,,,,
1790036564.1944742,ATTITUDE,,,,,,,,,,,,,,,-0.0008507735910825431,-0.00032158897374756634,-2.3701679706573486,,
1790036564.1951914,RAW_IMU,,,,,,,,,0,0,-1053,3,3,3,,,,,
1790036564.214537,ATTITUDE,,,,,,,,,,,,,,,-0.0008535351953469217,-0.0003246451960876584,-2.370177745819092,,
1790036564.2151468,RAW_IMU,,,,,,,,,0,0,-1052,3,3,3,,,,,
1790036564.232414,ATTITUDE,,,,,,,,,,,,,,,-0.0008526788442395627,-0.0003247341956011951,-2.3701868057250977,,
1790036564.2332337,RAW_IMU,,,,,,,,,0,0,-1052,3,3,3,,,,,
1790036564.2571607,ATTITUDE,,,,,,,,,,,,,,,-0.0008519262773916125,-0.00032387886312790215,-2.3701961040496826,,
1790036564.2579787,RAW_IMU,,,,,,,,,0,0,-1052,3,3,3,,,,,
1790036564.2712698,GLOBAL_POSITION_INT,-35.3606892,149.1682261,580.15,0.046,-0.02,0.0,-0.2,224.2,,,,,,,,,,,
1790036564.2723804,GPS_RAW_INT,,,,,,,,,,,,,,,,,,6,10
1790036564.2770271,ATTITUDE,,,,,,,,,,,,,,,-0.000851913180667907,-0.0003241478989366442,-2.3702046871185303,,
1790036564.27817,RAW_IMU,,,,,,,,,0,0,-1052,3,3,3,,,,,
1790036564.2974157,ATTITUDE,,,,,,,,,,,,,,,-0.000851950200740248,-0.00032436870969831944,-2.370213747024536,,
1790036564.2991521,RAW_IMU,,,,,,,,,0,0,-1053,3,3,3,,,,,
1790036564.3179793,ATTITUDE,,,,,,,,,,,,,,,-0.0008535307133570313,-0.00032488739816471934,-2.370222330093384,,
1790036564.3190098,RAW_IMU,,,,,,,,,0,0,-1053,3,3,3,,,,,
1790036564.337799,ATTITUDE,,,,,,,,,,,,,,,-0.0008542605792172253,-0.00032572695636190474,-2.3702313899993896,,
1790036564.3391194,RAW_IMU,,,,,,,,,0,0,-1054,3,3,3,,,,,
1790036564.3576944,ATTITUDE,,,,,,,,,,,,,,,-0.0008561204303987324,-0.0003277284267824143,-2.3702402114868164,,
1790036564.3585534,RAW_IMU,,,,,,,,,0,0,-1055,3,3,3,,,,,
1790036564.3849618,GLOBAL_POSITION_INT,-35.3606892,149.1682261,580.17,0.069,-0.02,0.0,-0.25,224.2,,,,,,,,,,,
1790036564.3860152,GPS_RAW_INT,,,,,,,,,,,,,,,,,,6,10
1790036564.387274,ATTITUDE,,,,,,,,,,,,,,,-0.0008577096159569919,-0.00032986621954478323,-2.370248317718506,,
1790036564.388449,RAW_IMU,,,,,,,,,0,0,-1056,3,3,3,,,,,
1790036564.3929188,ATTITUDE,,,,,,,,,,,,,,,-0.000860302709043026,-0.0003328041348140687,-2.3702588081359863,,
1790036564.3941865,RAW_IMU,,,,,,,,,0,0,-1056,3,3,3,,,,,
1790036564.4137378,ATTITUDE,,,,,,,,,,,,,,,-0.0008628834621049464,-0.00033602744224481285,-2.3702666759490967,,
1790036564.4158297,RAW_IMU,,,,,,,,,0,0,-1057,3,3,3,,,,,
1790036564.4333603,ATTITUDE,,,,,,,,,,,,,,,-0.0008617586572654545,-0.00033475039526820183,-2.3702754974365234,,
1790036564.4347353,RAW_IMU,,,,,,,,,0,0,-1058,3,3,3,,,,,
1790036564.4534874,ATTITUDE,,,,,,,,,,,,,,,-0.0008617364219389856,-0.0003344601427670568,-2.370284080505371,,
1790036564.454866,RAW_IMU,,,,,,,,,0,0,-1059,3,3,3,,,,,
1790036564.4732192,GLOBAL_POSITION_INT,-35.3606892,149.1682261,580.2,0.096,-0.02,0.0,-0.31,224.2,,,,,,,,,,,
1790036564.4747968,GPS_RAW_INT,,,,,,,,,,,,,,,,,,6,10
1790036564.476651,ATTITUDE,,,,,,,,,,,,,,,-0.0008605018956586719,-0.00033418889506720006,-2.3702938556671143,,
1790036564.4781272,RAW_IMU,,,,,,,,,0,0,-1060,3,3,3,,,,,
1790036564.4937222,ATTITUDE,,,,,,,,,,,,,,,-0.0008611420635133982,-0.0003351024934090674,-2.370304822921753,,
1790036564.495171,RAW_IMU,,,,,,,,,0,0,-1060,3,3,3,,,,,
1790036564.5138493,ATTITUDE,,,,,,,,,,,,,,,-0.0008625666960142553,-0.0003349623875692487,-2.3703131675720215,,
1790036564.5155125,RAW_IMU,,,,,,,,,0,0,-1060,3,3,3,,,,,
1790036564.5340872,ATTITUDE,,,,,,,,,,,,,,,-0.0008642037864774466,-0.00033505732426419854,-2.3703222274780273,,
1790036564.5353072,RAW_IMU,,,,,,,,,0,0,-1062,3,3,3,,,,,
1790036564.5541232,ATTITUDE,,,,,,,,,,,,,,,-0.0008663790649734437,-0.00033633477869443595,-2.370331287384033,,
1790036564.5552502,RAW_IMU,,,,,,,,,0,0,-1062,3,3,3,,,,,
1790036564.573933,GLOBAL_POSITION_INT,-35.3606892,149.1682261,580.24,0.13,-0.02,0.0,-0.38,224.19,,,,,,,,,,,
1790036564.5749493,GPS_RAW_INT,,,,,,,,,,,,,,,,,,6,10
1790036564.5767994,ATTITUDE,,,,,,,,,,,,,,,-0.000734521250706166,-0.00020807617693208158,-2.370337963104248,,
1790036564.578654,RAW_IMU,,,,,,,,,0,0,-1148,9,9,3,,,,,
1790036564.5940032,ATTITUDE,,,,,,,,,,,,,,,-0.0004408058011904359,2.775451503111981e-05,-2.3703386783599854,,
1790036564.5949962,RAW_IMU,,,,,,,,,0,0,-1358,18,15,3,,,,,
1790036564.633487,ATTITUDE,,,,,,,,,,,,,,,-0.00018870089843403548,0.000255063729127869,-2.3703320026397705,,
1790036564.6345751,RAW_IMU,,,,,,,,,0,0,-1497,16,15,4,,,,,
1790036564.6357224,ATTITUDE,,,,,,,,,,,,,,,0.00016511458670720458,0.0005350129795260727,-2.370319366455078,,
1790036564.6363328,RAW_IMU,,,,,,,,,0,0,-1552,20,16,4,,,,,
1790036564.655227,ATTITUDE,,,,,,,,,,,,,,,0.0004917584592476487,0.0008171406225301325,-2.3703012466430664,,
1790036564.6566017,RAW_IMU,,,,,,,,,0,0,-1552,20,17,4,,,,,
1790036564.6747158,GLOBAL_POSITION_INT,-35.3606892,149.1682261,580.3,0.191,-0.02,0.0,-0.86,224.2,,,,,,,,,,,
1790036564.6763952,GPS_RAW_INT,,,,,,,,,,,,,,,,,,6,10
1790036564.677506,ATTITUDE,,,,,,,,,,,,,,,0.0008164208848029375,0.0010669030016288161,-2.370278835296631,,
1790036564.6786256,RAW_IMU,,,,,,,,,0,0,-1521,19,16,5,,,,,
1790036564.6949298,ATTITUDE,,,,,,,,,,,,,,,0.001104792463593185,0.0013079781783744693,-2.3702540397644043,,
1790036564.6969447,RAW_IMU,,,,,,,,,0,0,-1473,18,15,5,,,,,
1790036564.7153058,ATTITUDE,,,,,,,,,,,,,,,0.0013746196636930108,0.0014945551520213485,-2.3702263832092285,,
1790036564.7168722,RAW_IMU,,,,,,,,,0,-1,-1414,16,12,5,,,,,
1790036564.734784,ATTITUDE,,,,,,,,,,,,,,,0.0016148342983797193,0.001681520021520555,-2.37019681930542,,
1790036564.7363517,RAW_IMU,,,,,,,,,0,-1,-1350,15,12,5,,,,,
1790036564.7549722,ATTITUDE,,,,,,,,,,,,,,,0.0018237287877127528,0.0018511764938011765,-2.3701655864715576,,
1790036564.7561696,RAW_IMU,,,,,,,,,0,-1,-1286,14,12,5,,,,,
1790036564.774681,GLOBAL_POSITION_INT,-35.3606892,149.1682261,580.4,0.298,-0.01,0.0,-1.2,224.21,,,,,,,,,,,
1790036564.7756314,GPS_RAW_INT,,,,,,,,,,,,,,,,,,6,10
1790036564.7773433,ATTITUDE,,,,,,,,,,,,,,,0.0020075279753655195,0.001977024832740426,-2.370133399963379,,
1790036564.7789955,RAW_IMU,,,,,,,,,0,-1,-1223,12,10,5,,,,,
1790036564.7949746,ATTITUDE,,,,,,,,,,,,,,,0.0021749844308942556,0.002079296624287963,-2.370100498199463,,
1790036564.7970712,RAW_IMU,,,,,,,,,0,-1,-1163,12,8,5,,,,,
1790036564.8152213,ATTITUDE,,,,,,,,,,,,,,,0.002261476358398795,0.002164183184504509,-2.370065212249756,,
1790036564.8171442,RAW_IMU,,,,,,,,,0,-1,-1110,8,7,5,,,,,
1790036564.8351033,ATTITUDE,,,,,,,,,,,,,,,0.0023625653702765703,0.0022347476333379745,-2.370029926300049,,
1790036564.8363976,RAW_IMU,,,,,,,,,0,-1,-1063,8,6,5,,,,,
1790036564.8553326,ATTITUDE,,,,,,,,,,,,,,,0.002451901789754629,0.002296621911227703,-2.369994640350342,,
1790036564.8563623,RAW_IMU,,,,,,,,,0,0,-1024,8,6,5,,,,,
1790036564.8782287,GLOBAL_POSITION_INT,-35.3606892,149.1682261,580.52,0.419,-0.01,0.0,-1.28,224.22,,,,,,,,,,,
1790036564.8792937,GPS_RAW_INT,,,,,,,,,,,,,,,,,,6,10
1790036564.8798375,ATTITUDE,,,,,,,,,,,,,,,0.00247991643846035,0.0023423859383910894,-2.369960308074951,,
1790036564.8804214,RAW_IMU,,,,,,,,,0,0,-992,4,5,5,,,,,
1790036564.8956134,ATTITUDE,,,,,,,,,,,,,,,0.002500000409781933,0.0023750036489218473,-2.3699288368225098,,
1790036564.8968759,RAW_IMU,,,,,,,,,0,0,-968,4,5,5,,,,,
1790036564.9156885,ATTITUDE,,,,,,,,,,,,,,,0.0025003566406667233,0.0023657307028770447,-2.36989688873291,,
1790036564.916738,RAW_IMU,,,,,,,,,0,0,-951,3,3,5,,,,,
1790036564.9355376,ATTITUDE,,,,,,,,,,,,,,,0.002478343900293112,0.0023554102517664433,-2.3698651790618896,,
1790036564.9369445,RAW_IMU,,,,,,,,,0,0,-940,2,2,5,,,,,
1790036564.9563136,ATTITUDE,,,,,,,,,,,,,,,0.002434559864923358,0.0023241806775331497,-2.36983585357666,,
1790036564.9571927,RAW_IMU,,,,,,,,,0,0,-935,1,2,5,,,,,
1790036564.9702241,GLOBAL_POSITION_INT,-35.3606892,149.1682261,580.65,0.54,-0.01,0.0,-1.22,224.22,,,,,,,,,,,
1790036564.9710605,GPS_RAW_INT,,,,,,,,,,,,,,,,,,6,10
1790036564.9761071,ATTITUDE,,,,,,,,,,,,,,,0.0023898868821561337,0.002259959001094103,-2.369809150695801,,
1790036564.9775498,RAW_IMU,,,,,,,,,0,0,-935,1,0,5,,,,,
1790036564.9947658,ATTITUDE,,,,,,,,,,,,,,,0.0023017865605652332,0.0021751581225544214,-2.369781732559204,,
1790036564.9960713,RAW_IMU,,,,,,,,,0,0,-939,0,0,5,,,,,
1790036565.0152931,ATTITUDE,,,,,,,,,,,,,,,0.0021907140035182238,0.0020621251314878464,-2.369755983352661,,
1790036565.0170898,RAW_IMU,,,,,,,,,0,0,-947,-2,-2,5,,,,,
1790036565.0353277,ATTITUDE,,,,,,,,,,,,,,,0.0020876999478787184,0.001971131656318903,-2.3697314262390137,,
1790036565.036857,RAW_IMU,,,,,,,,,0,0,-958,-1,-1,5,,,,,
1790036565.0561519,ATTITUDE,,,,,,,,,,,,,,,0.0019893988501280546,0.001870958600193262,-2.3697092533111572,,
1790036565.0579472,RAW_IMU,,,,,,,,,0,0,-970,-1,-1,4,,,,,
1790036565.0706306,GLOBAL_POSITION_INT,-35.3606892,149.1682261,580.76,0.657,0.0,0.0,-1.18,224.23,,,,,,,,,,,
1790036565.0719435,GPS_RAW_INT,,,,,,,,,,,,,,,,,,6,10
1790036565.0760932,ATTITUDE,,,,,,,,,,,,,,,0.0018820948898792267,0.0017750071128830314,-2.369690179824829,,
1790036565.0772874,RAW_IMU,,,,,,,,,0,0,-984,-1,-1,4,,,,,
1790036565.0962367,ATTITUDE,,,,,,,,,,,,,,,0.0017739776521921158,0.0016498789191246033,-2.369673490524292,,
1790036565.097872,RAW_IMU,,,,,,,,,0,0,-997,-2,-2,4,,,,,
1790036565.137901,ATTITUDE,,,,,,,,,,,,,,,0.001634488464333117,0.0015390879707410932,-2.369656562805176,,
1790036565.138876,RAW_IMU,,,,,,,,,0,0,-1012,-3,-2,4,,,,,
1790036565.140294,ATTITUDE,,,,,,,,,,,,,,,0.0014917382504791021,0.0014258516021072865,-2.3696417808532715,,
1790036565.1415498,RAW_IMU,,,,,,,,,0,0,-1025,-3,-2,4,,,,,
1790036565.1571884,ATTITUDE,,,,,,,,,,,,,,,0.0013526915572583675,0.0012930766679346561,-2.369629144668579,,
1790036565.157914,RAW_IMU,,,,,,,,,0,0,-1038,-3,-3,4,,,,,
1790036565.1711335,GLOBAL_POSITION_INT,-35.3606892,149.1682261,580.88,0.774,0.0,0.0,-1.2,224.24,,,,,,,,,,,
1790036565.1715508,GPS_RAW_INT,,,,,,,,,,,,,,,,,,6,10
1790036565.176876,ATTITUDE,,,,,,,,,,,,,,,0.0011931309709325433,0.0011672995751723647,-2.3696184158325195,,
1790036565.1784267,RAW_IMU,,,,,,,,,0,0,-1050,-4,-2,4,,,,,
1790036565.1963422,ATTITUDE,,,,,,,,,,,,,,,0.0010401024483144283,0.0010460144840180874,-2.3696095943450928,,
1790036565.1978893,RAW_IMU,,,,,,,,,0,0,-1061,-4,-2,4,,,,,
1790036565.2164898,ATTITUDE,,,,,,,,,,,,,,,0.0008736433810554445,0.0009051085799001157,-2.3695998191833496,,
1790036565.2181535,RAW_IMU,,,,,,,,,0,0,-1070,-4,-3,4,,,,,
1790036565.2364838,ATTITUDE,,,,,,,,,,,,,,,0.0007034374284557998,0.0008003379916772246,-2.3695931434631348,,
1790036565.238558,RAW_IMU,,,,,,,,,0,0,-1079,-5,-2,4,,,,,
1790036565.2571404,ATTITUDE,,,,,,,,,,,,,,,0.0005399117944762111,0.0006521491450257599,-2.369588613510132,,
1790036565.2590775,RAW_IMU,,,,,,,,,0,0,-1086,-4,-3,4,,,,,
1790036565.2717488,GLOBAL_POSITION_INT,-35.3606892,149.1682261,581.01,0.9,0.0,0.0,-1.28,224.24,,,,,,,,,,,
1790036565.2728288,GPS_RAW_INT,,,,,,,,,,,,,,,,,,6,10
1790036565.2774107,ATTITUDE,,,,,,,,,,,,,,,0.0003238265053369105,0.0005479474784806371,-2.3695878982543945,,
1790036565.278385,RAW_IMU,,,,,,,,,0,0,-1091,-7,-2,3,,,,,
1790036565.297647,ATTITUDE,,,,,,,,,,,,,,,0.00012055945990141481,0.00045706788660027087,-2.3695878982543945,,
1790036565.2987092,RAW_IMU,,,,,,,,,0,0,-1096,-6,0,3,,,,,
1790036565.317945,ATTITUDE,,,,,,,,,,,,,,,-2.180255796702113e-05,0.0003063529438804835,-2.369586944580078,,
1790036565.3194673,RAW_IMU,,,,,,,,,0,0,-1099,-3,-3,3,,,,,
1790036565.332709,ATTITUDE,,,,,,,,,,,,,,,-0.00015254765457939357,0.00015167180390562862,-2.369586706161499,,
1790036565.3340833,RAW_IMU,,,,,,,,,0,0,-1102,-2,-4,3,,,,,
1790036565.3525958,ATTITUDE,,,,,,,,,,,,,,,-0.0003170897252857685,4.321520100347698e-05,-2.3695895671844482,,
1790036565.353717,RAW_IMU,,,,,,,,,0,0,-1103,-4,-2,3,,,,,
1790036565.3856199,GLOBAL_POSITION_INT,-35.3606892,149.1682261,581.14,1.035,0.0,0.0,-1.37,224.24,,,,,,,,,,,
1790036565.3869522,GPS_RAW_INT,,,,,,,,,,,,,,,,,,6,10
1790036565.3878224,ATTITUDE,,,,,,,,,,,,,,,-0.000492401362862438,-2.3419695935444906e-05,-2.3695924282073975,,
1790036565.3888562,RAW_IMU,,,,,,,,,0,0,-1103,-5,0,3,,,,,
1790036565.3928156,ATTITUDE,,,,,,,,,,,,,,,-0.0006607546238228679,-8.802307274891064e-05,-2.3695943355560303,,
1790036565.393771,RAW_IMU,,,,,,,,,0,0,-1105,-4,0,3,,,,,
1790036565.412939,ATTITUDE,,,,,,,,,,,,,,,-0.0008215336711145937,-0.00014961310080252588,-2.369595766067505,,
1790036565.4147723,RAW_IMU,,,,,,,,,0,0,-1105,-4,0,3,,,,,
1790036565.4335222,ATTITUDE,,,,,,,,,,,,,,,-0.0009439767454750836,-0.0002049072354566306,-2.369598388671875,,
1790036565.4346428,RAW_IMU,,,,,,,,,0,0,-1105,-2,0,3,,,,,
1790036565.45315,ATTITUDE,,,,,,,,,,,,,,,-0.0010623967973515391,-0.00029060133965685964,-2.3696036338806152,,
1790036565.4542491,RAW_IMU,,,,,,,,,0,0,-1104,-2,0,3,,,,,
1790036565.4724665,GLOBAL_POSITION_INT,-35.3606892,149.1682261,581.29,1.181,0.0,0.0,-1.48,224.24,,,,,,,,,,,
1790036565.4739182,GPS_RAW_INT,,,,,,,,,,,,,,,,,,6,10
1790036565.4755418,ATTITUDE,,,,,,,,,,,,,,,-0.0011997849214822054,-0.00037699120002798736,-2.3696088790893555,,
1790036565.4766645,RAW_IMU,,,,,,,,,0,0,-1103,-3,0,3,,,,,
1790036565.498451,ATTITUDE,,,,,,,,,,,,,,,-0.0013300913851708174,-0.0004589057352859527,-2.369614601135254,,
1790036565.4997196,RAW_IMU,,,,,,,,,0,0,-1102,-3,0,3,,,,,
1790036565.5187407,ATTITUDE,,,,,,,,,,,,,,,-0.0014383398229256272,-0.0005411621532402933,-2.3696188926696777,,
1790036565.519943,RAW_IMU,,,,,,,,,0,0,-1100,-2,0,3,,,,,
1790036565.538273,ATTITUDE,,,,,,,,,,,,,,,-0.0014817813644185662,-0.00065570545848459,-2.3696229457855225,,
1790036565.5399332,RAW_IMU,,,,,,,,,0,0,-1101,1,-2,3,,,,,
1790036565.5581994,ATTITUDE,,,,,,,,,,,,,,,-0.0015480155125260353,-0.0007492492441087961,-2.369626522064209,,
1790036565.5589032,RAW_IMU,,,,,,,,,0,0,-1100,0,-1,3,,,,,
1790036565.5722022,GLOBAL_POSITION_INT,-35.3606892,149.1682261,581.44,1.339,0.0,0.0,-1.58,224.24,,,,,,,,,,,
1790036565.5726523,GPS_RAW_INT,,,,,,,,,,,,,,,,,,6,10
1790036565.5782168,ATTITUDE,,,,,,,,,,,,,,,-0.00164522894192487,-0.0007968491408973932,-2.3696300983428955,,
1790036565.5794773,RAW_IMU,,,,,,,,,0,0,-1100,-1,1,3,,,,,
1790036565.5979111,ATTITUDE,,,,,,,,,,,,,,,-0.0016828161897137761,-0.0008860178058966994,-2.3696343898773193,,
1790036565.5990255,RAW_IMU,,,,,,,,,0,0,-1100,1,0,3,,,,,
1790036565.6321564,ATTITUDE,,,,,,,,,,,,,,,-0.0017000670777633786,-0.0009948505321517587,-2.369638681411743,,
1790036565.6340916,RAW_IMU,,,,,,,,,0,0,-1099,2,-2,3,,,,,
1790036565.6373663,ATTITUDE,,,,,,,,,,,,,,,-0.0017658475553616881,-0.0010137945646420121,-2.369642496109009,,
1790036565.6388912,RAW_IMU,,,,,,,,,0,0,-1100,0,2,3,,,,,
1790036565.6537325,ATTITUDE,,,,,,,,,,,,,,,-0.0017948310123756528,-0.0010517865885049105,-2.3696463108062744,,
1790036565.6549258,RAW_IMU,,,,,,,,,0,0,-1100,1,1,3,,,,,
1790036565.6734488,GLOBAL_POSITION_INT,-35.3606892,149.1682261,581.61,1.505,0.0,0.0,-1.67,224.23,,,,,,,,,,,
1790036565.674348,GPS_RAW_INT,,,,,,,,,,,,,,,,,,6,10
1790036565.6763396,ATTITUDE,,,,,,,,,,,,,,,-0.001782356877811253,-0.0011388863204047084,-2.369649887084961,,
1790036565.677809,RAW_IMU,,,,,,,,,0,0,-1100,4,0,3,,,,,
1790036565.69397,ATTITUDE,,,,,,,,,,,,,,,-0.0018435316160321236,-0.001149087562225759,-2.3696534633636475,,
1790036565.6956365,RAW_IMU,,,,,,,,,0,0,-1101,0,2,3,,,,,
1790036565.7145386,ATTITUDE,,,,,,,,,,,,,,,-0.001898346352390945,-0.0011455536587163806,-2.369654893875122,,
1790036565.7159288,RAW_IMU,,,,,,,,,0,0,-1101,0,3,3,,,,,
1790036565.7340324,ATTITUDE,,,,,,,,,,,,,,,-0.0018869516206905246,-0.0012183485087007284,-2.3696577548980713,,
1790036565.7354877,RAW_IMU,,,,,,,,,0,0,-1101,4,0,3,,,,,
1790036565.7539504,ATTITUDE,,,,,,,,,,,,,,,-0.0019083458464592695,-0.001279208343476057,-2.369661331176758,,
1790036565.7548733,RAW_IMU,,,,,,,,,0,0,-1101,2,0,3,,,,,
1790036565.7730556,GLOBAL_POSITION_INT,-35.3606892,149.1682261,581.79,1.68,0.0,0.0,-1.77,224.23,,,,,,,,,,,
1790036565.773722,GPS_RAW_INT,,,,,,,,,,,,,,,,,,6,10
1790036565.774761,ATTITUDE,,,,,,,,,,,,,,,-0.0018948621582239866,-0.001287465333007276,-2.3696656227111816,,
1790036565.7756867,RAW_IMU,,,,,,,,,0,0,-1103,3,2,3,,,,,
1790036565.798355,ATTITUDE,,,,,,,,,,,,,,,-0.0018910494400188327,-0.0012903223978355527,-2.3696701526641846,,
1790036565.7996926,RAW_IMU,,,,,,,,,0,0,-1102,4,3,3,,,,,
1790036565.8137767,ATTITUDE,,,,,,,,,,,,,,,-0.001951774349436164,-0.0013449167599901557,-2.3696725368499756,,
1790036565.814984,RAW_IMU,,,,,,,,,0,0,-1104,0,1,3,,,,,
1790036565.8336897,ATTITUDE,,,,,,,,,,,,,,,-0.0020007509738206863,-0.0013973532477393746,-2.3696749210357666,,
1790036565.835097,RAW_IMU,,,,,,,,,0,0,-1104,0,0,3,,,,,
1790036565.8543494,ATTITUDE,,,,,,,,,,,,,,,-0.0019881888292729855,-0.0014041804242879152,-2.369675874710083,,
1790036565.8564565,RAW_IMU,,,,,,,,,0,0,-1104,3,2,3,,,,,
1790036565.8841212,GLOBAL_POSITION_INT,-35.3606892,149.1682261,581.97,1.866,-0.01,0.0,-1.87,224.23,,,,,,,,,,,
1790036565.8862906,GPS_RAW_INT,,,,,,,,,,,,,,,,,,6,10
1790036565.8871233,ATTITUDE,,,,,,,,,,,,,,,-0.0020225709304213524,-0.0013998204376548529,-2.3696768283843994,,
1790036565.887951,RAW_IMU,,,,,,,,,0,0,-1105,2,3,3,,,,,
1790036565.895654,ATTITUDE,,,,,,,,,,,,,,,-0.0020541378762573004,-0.0014133538352325559,-2.3696789741516113,,
1790036565.8964071,RAW_IMU,,,,,,,,,0,0,-1105,1,2,3,,,,,
1790036565.9157538,ATTITUDE,,,,,,,,,,,,,,,-0.0020205993205308914,-0.0014005303382873535,-2.3696775436401367,,
1790036565.9170978,RAW_IMU,,,,,,,,,0,0,-1105,4,3,3,,,,,
1790036565.9345655,ATTITUDE,,,,,,,,,,,,,,,-0.002034711418673396,-0.0013571936869993806,-2.369678497314453,,
1790036565.9351203,RAW_IMU,,,,,,,,,0,0,-1106,3,5,3,,,,,
1790036565.9547014,ATTITUDE,,,,,,,,,,,,,,,-0.002049734815955162,-0.001315952860750258,-2.3696792125701904,,
1790036565.9556646,RAW_IMU,,,,,,,,,0,0,-1106,2,5,3,,,,,
1790036565.9729254,GLOBAL_POSITION_INT,-35.3606892,149.1682261,582.17,2.062,-0.01,0.0,-1.98,224.23,,,,,,,,,,,
1790036565.973783,GPS_RAW_INT,,,,,,,,,,,,,,,,,,6,10
1790036565.975552,ATTITUDE,,,,,,,,,,,,,,,-0.0020348269026726484,-0.0012821999844163656,-2.369680643081665,,
1790036565.9766076,RAW_IMU,,,,,,,,,0,0,-1105,3,5,3,,,,,
1790036565.9932334,ATTITUDE,,,,,,,,,,,,,,,-0.0019732946529984474,-0.001302640070207417,-2.369680166244507,,
1790036565.9946387,RAW_IMU,,,,,,,,,0,0,-1107,6,2,3,,,,,
1790036566.014017,ATTITUDE,,,,,,,,,,,,,,,-0.0019169639563187957,-0.0013231945922598243,-2.3696794509887695,,
1790036566.0151658,RAW_IMU,,,,,,,,,0,0,-1107,6,2,3,,,,,
1790036566.0341117,ATTITUDE,,,,,,,,,,,,,,,-0.0018584833014756441,-0.0013397135771811008,-2.369678258895874,,
1790036566.0350916,RAW_IMU,,,,,,,,,0,0,-1106,6,2,3,,,,,
1790036566.0545986,ATTITUDE,,,,,,,,,,,,,,,-0.0018275832990184426,-0.00130763603374362,-2.369678258895874,,
1790036566.055483,RAW_IMU,,,,,,,,,0,0,-1107,5,4,3,,,,,
1790036566.0747313,GLOBAL_POSITION_INT,-35.3606892,149.1682261,582.37,2.269,-0.01,0.0,-2.08,224.23,,,,,,,,,,,
1790036566.0754795,GPS_RAW_INT,,,,,,,,,,,,,,,,,,6,10
1790036566.0764337,ATTITUDE,,,,,,,,,,,,,,,-0.0018140336032956839,-0.0012485918123275042,-2.3696794509887695,,
1790036566.0772727,RAW_IMU,,,,,,,,,0,0,-1107,4,6,3,,,,,
1790036566.0950372,ATTITUDE,,,,,,,,,,,,,,,-0.0018018375849351287,-0.0011930038454011083,-2.3696811199188232,,
1790036566.0966973,RAW_IMU,,,,,,,,,0,0,-1106,4,6,3,,,,,
1790036566.1342843,ATTITUDE,,,,,,,,,,,,,,,-0.0017888398142531514,-0.0011406849371269345,-2.3696820735931396,,
1790036566.135206,RAW_IMU,,,,,,,,,0,0,-1105,4,6,3,,,,,
1790036566.1364386,ATTITUDE,,,,,,,,,,,,,,,-0.0017399565549567342,-0.0011390780564397573,-2.369682788848877,,
1790036566.1380856,RAW_IMU,,,,,,,,,0,0,-1107,5,3,3,,,,,
1790036566.1548226,ATTITUDE,,,,,,,,,,,,,,,-0.001694035017862916,-0.00114940176717937,-2.369682550430298,,
1790036566.1554163,RAW_IMU,,,,,,,,,0,0,-1107,5,2,3,,,,,
1790036566.1743398,GLOBAL_POSITION_INT,-35.3606892,149.1682261,582.59,2.486,-0.01,0.0,-2.18,224.23,,,,,,,,,,,
1790036566.1750937,GPS_RAW_INT,,,,,,,,,,,,,,,,,,6,10
1790036566.1767457,ATTITUDE,,,,,,,,,,,,,,,-0.0016510114073753357,-0.0011594987008720636,-2.3696842193603516,,
1790036566.1777968,RAW_IMU,,,,,,,,,0,0,-1106,5,2,3,,,,,
1790036566.1946373,ATTITUDE,,,,,,,,,,,,,,,-0.0016254045767709613,-0.0011584656313061714,-2.369685411453247,,
1790036566.1964872,RAW_IMU,,,,,,,,,0,0,-1105,5,3,3,,,,,
1790036566.2152367,ATTITUDE,,,,,,,,,,,,,,,-0.0016255212249234319,-0.0011108008911833167,-2.3696844577789307,,
1790036566.2174633,RAW_IMU,,,,,,,,,0,0,-1107,3,5,3,,,,,
1790036566.235332,ATTITUDE,,,,,,,,,,,,,,,-0.0016227930318564177,-0.0010619594249874353,-2.369684934616089,,
1790036566.2364962,RAW_IMU,,,,,,,,,0,0,-1106,3,5,3,,,,,
1790036566.2555091,ATTITUDE,,,,,,,,,,,,,,,-0.001618461450561881,-0.0010172574548050761,-2.369685411453247,,
1790036566.2574227,RAW_IMU,,,,,,,,,0,0,-1105,3,5,3,,,,,
1790036566.2753,GLOBAL_POSITION_INT,-35.3606892,149.1682261,582.82,2.713,-0.01,0.0,-2.29,224.23,,,,,,,,,,,
1790036566.2765384,GPS_RAW_INT,,,,,,,,,,,,,,,,,,6,10
1790036566.2780507,ATTITUDE,,,,,,,,,,,,,,,-0.0016146162524819374,-0.0009742042166180909,-2.369687795639038,,
1790036566.280076,RAW_IMU,,,,,,,,,0,0,-1104,3,5,3,,,,,
1790036566.2956166,ATTITUDE,,,,,,,,,,,,,,,-0.0016077454201877117,-0.0009341106051579118,-2.369690418243408,,
1790036566.297997,RAW_IMU,,,,,,,,,0,0,-1102,3,5,3,,,,,
1790036566.3159664,ATTITUDE,,,,,,,,,,,,,,,-0.001573678688146174,-0.000902574451174587,-2.3638782501220703,,
1790036566.3170729,RAW_IMU,,,,,,,,,0,0,-1098,5,5,3,,,,,
1790036566.335532,ATTITUDE,,,,,,,,,,,,,,,-0.001556562026962638,-0.0008752021240070462,-2.363881826400757,,
1790036566.336958,RAW_IMU,,,,,,,,,0,0,-1092,4,4,3,,,,,
1790036566.3544667,ATTITUDE,,,,,,,,,,,,,,,-0.0015269051073119044,-0.000856716011185199,-2.363884687423706,,
1790036566.3550062,RAW_IMU,,,,,,,,,0,0,-1087,4,4,3,,,,,
1790036566.383237,GLOBAL_POSITION_INT,-35.3606892,149.1682261,583.06,2.95,-0.01,0.0,-2.38,224.56,,,,,,,,,,,
1790036566.3844295,GPS_RAW_INT,,,,,,,,,,,,,,,,,,6,10
1790036566.3857388,ATTITUDE,,,,,,,,,,,,,,,-0.0014934120699763298,-0.0008307200041599572,-2.3638858795166016,,
1790036566.3868837,RAW_IMU,,,,,,,,,0,0,-1082,5,4,3,,,,,
1790036566.3946748,ATTITUDE,,,,,,,,,,,,,,,-0.0014611161313951015,-0.0008193309768103063,-2.3638885021209717,,
1790036566.396621,RAW_IMU,,,,,,,,,0,0,-1077,5,4,3,,,,,
1790036566.4151475,ATTITUDE,,,,,,,,,,,,,,,-0.0014203053433448076,-0.0008091634372249246,-2.3637962341308594,,
1790036566.4159493,RAW_IMU,,,,,,,,,0,0,-1072,5,4,3,,,,,
1790036566.4345255,ATTITUDE,,,,,,,,,,,,,,,-0.0013773072278127074,-0.0007836773293092847,-2.3636703491210938,,
1790036566.4354472,RAW_IMU,,,,,,,,,0,0,-1067,5,4,3,,,,,
1790036566.4546087,ATTITUDE,,,,,,,,,,,,,,,-0.0013447992969304323,-0.0007578745717182755,-2.3635449409484863,,
1790036566.4556544,RAW_IMU,,,,,,,,,0,0,-1063,5,4,3,,,,,
1790036566.4742692,GLOBAL_POSITION_INT,-35.3606892,149.1682261,583.3,3.195,-0.02,0.0,-2.44,224.59,,,,,,,,,,,
1790036566.47601,GPS_RAW_INT,,,,,,,,,,,,,,,,,,6,10
1790036566.477832,ATTITUDE,,,,,,,,,,,,,,,-0.0012951809912919998,-0.0007337916758842766,-2.3634207248687744,,
1790036566.4788797,RAW_IMU,,,,,,,,,0,0,-1058,6,4,3,,,,,
1790036566.4946685,ATTITUDE,,,,,,,,,,,,,,,-0.0012479954166337848,-0.0007125007687136531,-2.3632986545562744,,
1790036566.496045,RAW_IMU,,,,,,,,,0,0,-1054,5,4,3,,,,,
1790036566.514865,ATTITUDE,,,,,,,,,,,,,,,-0.0012088873190805316,-0.0006932157557457685,-2.363182783126831,,
1790036566.5163553,RAW_IMU,,,,,,,,,0,0,-1050,5,4,3,,,,,
1790036566.5344706,ATTITUDE,,,,,,,,,,,,,,,-0.0011628268985077739,-0.0006738511729054153,-2.3630824089050293,,
1790036566.536704,RAW_IMU,,,,,,,,,0,0,-1046,5,4,3,,,,,
1790036566.5547538,ATTITUDE,,,,,,,,,,,,,,,-0.0011492155026644468,-0.0006569568649865687,-2.3629980087280273,,
1790036566.5558326,RAW_IMU,,,,,,,,,0,0,-1042,4,4,3,,,,,
1790036566.574386,GLOBAL_POSITION_INT,-35.3606892,149.1682261,583.55,3.445,-0.02,0.0,-2.49,224.62,,,,,,,,,,,
1790036566.575205,GPS_RAW_INT,,,,,,,,,,,,,,,,,,6,10
1790036566.5769947,ATTITUDE,,,,,,,,,,,,,,,-0.0011089667677879333,-0.0006406398606486619,-2.362928628921509,,
1790036566.578389,RAW_IMU,,,,,,,,,0,0,-1038,5,4,3,,,,,
1790036566.5944545,ATTITUDE,,,,,,,,,,,,,,,-0.0011003728723153472,-0.0006263850955292583,-2.3628759384155273,,
1790036566.5955114,RAW_IMU,,,,,,,,,0,0,-1035,4,4,3,,,,,
1790036566.637221,ATTITUDE,,,,,,,,,,,,,,,-0.0010639938991516829,-0.0006137292366474867,-2.3628382682800293,,
1790036566.6381266,RAW_IMU,,,,,,,,,0,0,-1032,5,4,2,,,,,
1790036566.6399717,ATTITUDE,,,,,,,,,,,,,,,-0.0010398377198725939,-0.0006000608555041254,-2.3628149032592773,,
1790036566.6418738,RAW_IMU,,,,,,,,,0,0,-1028,4,4,2,,,,,
1790036566.6560137,ATTITUDE,,,,,,,,,,,,,,,-0.0010071774013340473,-0.0005694057908840477,-2.3628084659576416,,
1790036566.6573608,RAW_IMU,,,,,,,,,0,0,-1025,5,5,2,,,,,
1790036566.6712916,GLOBAL_POSITION_INT,-35.3606892,149.1682261,583.8,3.697,-0.02,0.0,-2.52,224.63,,,,,,,,,,,
1790036566.6731405,GPS_RAW_INT,,,,,,,,,,,,,,,,,,6,10
1790036566.6782088,ATTITUDE,,,,,,,,,,,,,,,-0.0009840712882578373,-0.0005548656336031854,-2.36281418800354,,
1790036566.6787503,RAW_IMU,,,,,,,,,0,0,-1023,5,4,2,,,,,
1790036566.6986547,ATTITUDE,,,,,,,,,,,,,,,-0.0009815589291974902,-0.0005273903952911496,-2.3628344535827637,,
1790036566.7008972,RAW_IMU,,,,,,,,,0,0,-1020,3,4,2,,,,,
1790036566.7139258,ATTITUDE,,,,,,,,,,,,,,,-0.000929586065467447,-0.0004872570571023971,-2.3628642559051514,,
1790036566.7151356,RAW_IMU,,,,,,,,,0,0,-1018,5,5,1,,,,,
1790036566.734772,ATTITUDE,,,,,,,,,,,,,,,-0.000925527245271951,-0.0004821346956305206,-2.362903356552124,,
1790036566.7365816,RAW_IMU,,,,,,,,,0,0,-1015,4,4,1,,,,,
1790036566.755668,ATTITUDE,,,,,,,,,,,,,,,-0.0009396176319569349,-0.0004395663272589445,-2.3629517555236816,,
1790036566.7572134,RAW_IMU,,,,,,,,,0,0,-1013,2,5,1,,,,,
1790036566.7744727,GLOBAL_POSITION_INT,-35.3606892,149.1682261,584.06,3.953,-0.02,0.0,-2.53,224.62,,,,,,,,,,,
1790036566.775314,GPS_RAW_INT,,,,,,,,,,,,,,,,,,6,10
1790036566.7776213,ATTITUDE,,,,,,,,,,,,,,,-0.0008748337859287858,-0.00040176132461056113,-2.3630049228668213,,
1790036566.7791164,RAW_IMU,,,,,,,,,0,0,-1011,6,6,1,,,,,
1790036566.795591,ATTITUDE,,,,,,,,,,,,,,,-0.0008511978085152805,-0.0004209508770145476,-2.3630638122558594,,
1790036566.7968137,RAW_IMU,,,,,,,,,0,0,-1009,5,2,1,,,,,
1790036566.8160055,ATTITUDE,,,,,,,,,,,,,,,-0.0008498600218445063,-0.00038618623511865735,-2.3631250858306885,,
1790036566.8176148,RAW_IMU,,,,,,,,,0,0,-1007,3,4,1,,,,,
1790036566.8376544,ATTITUDE,,,,,,,,,,,,,,,-0.0008358175400644541,-0.00031661070534028113,-2.3631832599639893,,
1790036566.8387568,RAW_IMU,,,,,,,,,0,0,-1006,4,7,1,,,,,
1790036566.8582768,ATTITUDE,,,,,,,,,,,,,,,-0.0007901615463197231,-0.0003250388544984162,-2.36324143409729,,
1790036566.8603845,RAW_IMU,,,,,,,,,0,0,-1003,5,3,1,,,,,
1790036566.8948894,GLOBAL_POSITION_INT,-35.3606892,149.1682261,584.32,4.21,-0.02,0.0,-2.53,224.6,,,,,,,,,,,
1790036566.8962312,GPS_RAW_INT,,,,,,,,,,,,,,,,,,6,10
1790036566.898034,ATTITUDE,,,,,,,,,,,,,,,-0.0007486140239052474,-0.00032918399665504694,-2.363300085067749,,
1790036566.9008715,RAW_IMU,,,,,,,,,0,0,-1002,5,3,1,,,,,
1790036566.9029176,ATTITUDE,,,,,,,,,,,,,,,-0.0007593290065415204,-0.0002945412416011095,-2.363358497619629,,
1790036566.905813,RAW_IMU,,,,,,,,,0,0,-1000,3,5,1,,,,,
1790036566.9161904,ATTITUDE,,,,,,,,,,,,,,,-0.0007742814486846328,-0.0002453565539326519,-2.3634135723114014,,
1790036566.9171627,RAW_IMU,,,,,,,,,0,0,-999,2,6,1,,,,,
1790036566.9369292,ATTITUDE,,,,,,,,,,,,,,,-0.0007638012175448239,-0.00023624276218470186,-2.363464832305908,,
1790036566.938193,RAW_IMU,,,,,,,,,0,0,-998,3,4,1,,,,,
1790036566.9568367,ATTITUDE,,,,,,,,,,,,,,,-0.000724303477909416,-0.0002460966643411666,-2.3635153770446777,,
1790036566.958453,RAW_IMU,,,,,,,,,0,0,-996,5,2,1,,,,,
1790036566.971815,GLOBAL_POSITION_INT,-35.3606892,149.1682261,584.57,4.467,-0.02,0.0,-2.53,224.58,,,,,,,,,,,
1790036566.9729326,GPS_RAW_INT,,,,,,,,,,,,,,,,,,6,10
1790036566.9777462,ATTITUDE,,,,,,,,,,,,,,,-0.0006865042960271239,-0.00025544670643284917,-2.363565683364868,,
1790036566.9790862,RAW_IMU,,,,,,,,,0,0,-996,5,3,1,,,,,
1790036566.9979956,ATTITUDE,,,,,,,,,,,,,,,-0.0006595574086531997,-0.0002202128671342507,-2.3636090755462646,,
1790036566.9990196,RAW_IMU,,,,,,,,,0,0,-995,5,5,1,,,,,
1790036567.013327,ATTITUDE,,,,,,,,,,,,,,,-0.0006441341829486191,-0.0001768546790117398,-2.3636491298675537,,
1790036567.014587,RAW_IMU,,,,,,,,,0,0,-993,4,5,1,,,,,
1790036567.034019,ATTITUDE,,,,,,,,,,,,,,,-0.000628829060588032,-0.00013408840459305793,-2.3636841773986816,,
1790036567.035999,RAW_IMU,,,,,,,,,0,0,-993,4,5,1,,,,,
1790036567.0541043,ATTITUDE,,,,,,,,,,,,,,,-0.0006142852362245321,-9.261647937819362e-05,-2.3637185096740723,,
1790036567.055167,RAW_IMU,,,,,,,,,0,0,-993,4,5,2,,,,,
1790036567.0737376,GLOBAL_POSITION_INT,-35.3606892,149.1682261,584.83,4.727,-0.02,0.0,-2.53,224.57,,,,,,,,,,,
1790036567.0743215,GPS_RAW_INT,,,,,,,,,,,,,,,,,,6,10
1790036567.0758991,ATTITUDE,,,,,,,,,,,,,,,-0.0005771469441242516,-5.537245306186378e-05,-2.363745927810669,,
1790036567.0767303,RAW_IMU,,,,,,,,,0,0,-991,5,5,2,,,,,
1790036567.0939188,ATTITUDE,,,,,,,,,,,,,,,-0.0005300018237903714,-1.9483162759570405e-05,-2.363774061203003,,
1790036567.0950165,RAW_IMU,,,,,,,,,0,0,-990,5,5,2,,,,,
1790036567.1344779,ATTITUDE,,,,,,,,,,,,,,,-0.0004833567072637379,1.3362668141780887e-05,-2.363799571990967,,
1790036567.1354284,RAW_IMU,,,,,,,,,0,0,-990,5,5,2,,,,,
1790036567.1367476,ATTITUDE,,,,,,,,,,,,,,,-0.00044067189446650445,4.221165363560431e-05,-2.3638248443603516,,
1790036567.1384869,RAW_IMU,,,,,,,,,0,0,-991,5,5,2,,,,,
1790036567.1555085,ATTITUDE,,,,,,,,,,,,,,,-0.00040142607758753,3.0851599149173126e-05,-2.3638453483581543,,
1790036567.156701,RAW_IMU,,,,,,,,,0,0,-990,5,3,2,,,,,
1790036567.175011,GLOBAL_POSITION_INT,-35.3606892,149.1682261,585.09,4.983,-0.02,0.0,-2.52,224.57,,,,,,,,,,,
1790036567.176445,GPS_RAW_INT,,,,,,,,,,,,,,,,,,6,10
1790036567.1776342,ATTITUDE,,,,,,,,,,,,,,,-0.00040582282235845923,6.0417067288653925e-05,-2.3638625144958496,,
1790036567.1790462,RAW_IMU,,,,,,,,,0,0,-989,3,4,2,,,,,
1790036567.1955552,ATTITUDE,,,,,,,,,,,,,,,-0.0003544095961842686,8.654496195958927e-05,-2.3638739585876465,,
1790036567.1972814,RAW_IMU,,,,,,,,,0,0,-988,5,4,3,,,,,
1790036567.2161548,ATTITUDE,,,,,,,,,,,,,,,-0.0003767243179026991,0.00011102817370556295,-2.363882064819336,,
1790036567.2171714,RAW_IMU,,,,,,,,,0,0,-988,3,4,3,,,,,
1790036567.2366745,ATTITUDE,,,,,,,,,,,,,,,-0.000356811739038676,0.00013712453073821962,-2.3638882637023926,,
1790036567.237736,RAW_IMU,,,,,,,,,0,0,-988,4,4,3,,,,,
1790036567.256896,ATTITUDE,,,,,,,,,,,,,,,-0.0003216449695173651,0.0001626520970603451,-2.3638927936553955,,
1790036567.2578356,RAW_IMU,,,,,,,,,0,0,-988,5,4,3,,,,,
1790036567.2751172,GLOBAL_POSITION_INT,-35.3606892,149.1682261,585.34,5.238,-0.02,0.0,-2.5,224.56,,,,,,,,,,,
1790036567.2757473,GPS_RAW_INT,,,,,,,,,,,,,,,,,,6,10
1790036567.27666,ATTITUDE,,,,,,,,,,,,,,,-0.00028794220997951925,0.00018481329607311636,-2.363898277282715,,
1790036567.277564,RAW_IMU,,,,,,,,,0,0,-988,5,4,3,,,,,
1790036567.2952352,ATTITUDE,,,,,,,,,,,,,,,-0.0002561218570917845,0.0002066095039481297,-2.3639028072357178,,
1790036567.2970831,RAW_IMU,,,,,,,,,0,0,-988,5,4,3,,,,,
1790036567.3157012,ATTITUDE,,,,,,,,,,,,,,,-0.0002260238106828183,0.00022659041860606521,-2.3639073371887207,,
1790036567.3171043,RAW_IMU,,,,,,,,,0,0,-988,5,4,3,,,,,
1790036567.3361561,ATTITUDE,,,,,,,,,,,,,,,-0.00019677658565342426,0.0002453055640216917,-2.363912343978882,,
1790036567.3380754,RAW_IMU,,,,,,,,,0,0,-989,4,4,3,,,,,
1790036567.3559902,ATTITUDE,,,,,,,,,,,,,,,-0.00017004537221509963,0.0002636555291246623,-2.363917589187622,,
1790036567.3576372,RAW_IMU,,,,,,,,,0,0,-989,4,4,3,,,,,
1790036567.3853486,GLOBAL_POSITION_INT,-35.3606892,149.1682261,585.6,5.492,-0.02,0.0,-2.49,224.56,,,,,,,,,,,
1790036567.3867195,GPS_RAW_INT,,,,,,,,,,,,,,,,,,6,10
1790036567.3884819,ATTITUDE,,,,,,,,,,,,,,,-0.00014626962365582585,0.0002798441855702549,-2.3639235496520996,,
1790036567.3894954,RAW_IMU,,,,,,,,,0,0,-989,4,4,3,,,,,
1790036567.3957777,ATTITUDE,,,,,,,,,,,,,,,-0.00012454671377781779,0.0002949200279545039,-2.3639304637908936,,
1790036567.3972948,RAW_IMU,,,,,,,,,0,0,-989,4,4,3,,,,,
1790036567.4163487,ATTITUDE,,,,,,,,,,,,,,,-0.00010225964069832116,0.00030722899828106165,-2.3639373779296875,,
1790036567.4176052,RAW_IMU,,,,,,,,,0,0,-989,4,4,3,,,,,
1790036567.4359002,ATTITUDE,,,,,,,,,,,,,,,-8.026965952012688e-05,0.0003215483156964183,-2.363941192626953,,
1790036567.4373927,RAW_IMU,,,,,,,,,0,0,-989,4,4,3,,,,,
1790036567.4559448,ATTITUDE,,,,,,,,,,,,,,,-5.934510409133509e-05,0.0003363548603374511,-2.3639445304870605,,
1790036567.4577792,RAW_IMU,,,,,,,,,0,0,-989,4,4,3,,,,,
1790036567.475421,GLOBAL_POSITION_INT,-35.3606892,149.1682261,585.85,5.744,-0.02,0.0,-2.48,224.56,,,,,,,,,,,
1790036567.4768944,GPS_RAW_INT,,,,,,,,,,,,,,,,,,6,10
1790036567.4781976,ATTITUDE,,,,,,,,,,,,,,,-3.907088830601424e-05,0.0003501175087876618,-2.3639488220214844,,
1790036567.47969,RAW_IMU,,,,,,,,,0,0,-989,4,4,3,,,,,
1790036567.4953508,ATTITUDE,,,,,,,,,,,,,,,-1.906837678689044e-05,0.00036335637560114264,-2.363952398300171,,
1790036567.4964588,RAW_IMU,,,,,,,,,0,0,-990,4,4,3,,,,,
1790036567.5155835,ATTITUDE,,,,,,,,,,,,,,,-1.5713748098278302e-06,0.00037505629006773233,-2.36395525932312,,
1790036567.516533,RAW_IMU,,,,,,,,,0,0,-989,4,4,3,,,,,
1790036567.536039,ATTITUDE,,,,,,,,,,,,,,,1.4760213161935098e-05,0.00038627037429250777,-2.363959789276123,,
1790036567.5376172,RAW_IMU,,,,,,,,,0,0,-990,4,4,3,,,,,
1790036567.5559847,ATTITUDE,,,,,,,,,,,,,,,3.144149377476424e-05,0.0003957393055316061,-2.3639638423919678,,
1790036567.5572782,RAW_IMU,,,,,,,,,0,0,-990,4,3,3,,,,,
1790036567.5757728,GLOBAL_POSITION_INT,-35.3606892,149.1682261,586.1,5.998,-0.01,0.0,-2.47,224.56,,,,,,,,,,,
1790036567.5768921,GPS_RAW_INT,,,,,,,,,,,,,,,,,,6,10
1790036567.5790725,ATTITUDE,,,,,,,,,,,,,,,2.5906634618877433e-05,0.00040479516610503197,-2.363969326019287,,
1790036567.5806434,RAW_IMU,,,,,,,,,0,0,-990,3,3,3,,,,,
1790036567.596618,ATTITUDE,,,,,,,,,,,,,,,-2.1935344193479978e-05,0.00041287080966867507,-2.3639748096466064,,
1790036567.5977895,RAW_IMU,,,,,,,,,0,0,-990,1,3,3,,,,,
1790036567.634882,ATTITUDE,,,,,,,,,,,,,,,-8.456079376628622e-05,0.00042077392572537065,-2.363978147506714,,
1790036567.636152,RAW_IMU,,,,,,,,,0,0,-990,0,3,3,,,,,
1790036567.6386788,ATTITUDE,,,,,,,,,,,,,,,-0.00017536482482682914,0.0004054023593198508,-2.363975763320923,,
1790036567.6406755,RAW_IMU,,,,,,,,,0,0,-991,-1,2,3,,,,,
1790036567.6570003,ATTITUDE,,,,,,,,,,,,,,,-0.00023402280930895358,0.00036792276659980416,-2.3639702796936035,,
1790036567.6581864,RAW_IMU,,,,,,,,,0,0,-992,0,1,3,,,,,
1790036567.6763718,GLOBAL_POSITION_INT,-35.3606892,149.1682261,586.35,6.248,-0.01,0.0,-2.46,224.56,,,,,,,,,,,
1790036567.6769438,GPS_RAW_INT,,,,,,,,,,,,,,,,,,6,10
1790036567.678919,ATTITUDE,,,,,,,,,,,,,,,-0.00033880837145261467,0.0003308574960101396,-2.3639631271362305,,
1790036567.6808558,RAW_IMU,,,,,,,,,0,0,-993,-1,1,3,,,,,
1790036567.6965845,ATTITUDE,,,,,,,,,,,,,,,-0.00043844463652931154,0.0002540268760640174,-2.3639540672302246,,
1790036567.6975186,RAW_IMU,,,,,,,,,0,0,-993,-1,0,4,,,,,
1790036567.7168424,ATTITUDE,,,,,,,,,,,,,,,-0.0005331924767233431,0.00021541949536185712,-2.3639414310455322,,
1790036567.7176669,RAW_IMU,,,,,,,,,0,0,-993,-1,1,4,,,,,
1790036567.7369204,ATTITUDE,,,,,,,,,,,,,,,-0.0006233566091395915,0.00010804554767673835,-2.3639283180236816,,
1790036567.7378595,RAW_IMU,,,,,,,,,0,0,-994,-1,-1,4,,,,,
1790036567.7564657,ATTITUDE,,,,,,,,,,,,,,,-0.0007086871773935854,4.203598564345157e-06,-2.3639180660247803,,
1790036567.7578583,RAW_IMU,,,,,,,,,0,0,-994,0,-1,4,,,,,
1790036567.7764902,GLOBAL_POSITION_INT,-35.3606892,149.1682261,586.6,6.498,-0.01,0.0,-2.46,224.56,,,,,,,,,,,
1790036567.777251,GPS_RAW_INT,,,,,,,,,,,,,,,,,,6,10
1790036567.7791107,ATTITUDE,,,,,,,,,,,,,,,-0.0007910826825536788,-9.561854676576331e-05,-2.3639092445373535,,
1790036567.7804313,RAW_IMU,,,,,,,,,0,0,-994,0,-1,4,,,,,
1790036567.7966805,ATTITUDE,,,,,,,,,,,,,,,-0.0008545691380277276,-0.00015486493066418916,-2.3639004230499268,,
1790036567.7978575,RAW_IMU,,,,,,,,,0,0,-991,0,0,4,,,,,
1790036567.8169792,ATTITUDE,,,,,,,,,,,,,,,-0.0009140626061707735,-0.00024280381330754608,-2.363889455795288,,
1790036567.818705,RAW_IMU,,,,,,,,,0,0,-988,0,0,4,,,,,
1790036567.8368948,ATTITUDE,,,,,,,,,,,,,,,-0.0009660817449912429,-0.00029995176009833813,-2.363877058029175,,
1790036567.8383117,RAW_IMU,,,,,,,,,0,0,-983,0,0,4,,,,,
1790036567.8577936,ATTITUDE,,,,,,,,,,,,,,,-0.001000524265691638,-0.00034750712802633643,-2.3638627529144287,,
1790036567.8588626,RAW_IMU,,,,,,,,,0,0,-978,1,1,4,,,,,
1790036567.887513,GLOBAL_POSITION_INT,-35.3606892,149.1682261,586.85,6.746,-0.01,0.0,-2.44,224.57,,,,,,,,,,,
1790036567.8884416,GPS_RAW_INT,,,,,,,,,,,,,,,,,,6,10
1790036567.8897297,ATTITUDE,,,,,,,,,,,,,,,-0.0010458125034347177,-0.00039467879105359316,-2.3638498783111572,,
1790036567.8904986,RAW_IMU,,,,,,,,,0,0,-973,1,1,4,,,,,
1790036567.8986135,ATTITUDE,,,,,,,,,,,,,,,-0.0010742273880168796,-0.00043559251935221255,-2.3638391494750977,,
1790036567.89983,RAW_IMU,,,,,,,,,0,0,-969,1,1,4,,,,,
1790036567.914553,ATTITUDE,,,,,,,,,,,,,,,-0.0011101193958893418,-0.00046130630653351545,-2.3638272285461426,,
1790036567.916352,RAW_IMU,,,,,,,,,0,0,-964,1,2,4,,,,,
1790036567.9354322,ATTITUDE,,,,,,,,,,,,,,,-0.0011367680272087455,-0.0004960073274560273,-2.3638153076171875,,
1790036567.9367363,RAW_IMU,,,,,,,,,0,0,-960,1,1,4,,,,,
1790036567.9550498,ATTITUDE,,,,,,,,,,,,,,,-0.0011524728033691645,-0.0005298185860738158,-2.3638052940368652,,
1790036567.9559827,RAW_IMU,,,,,,,,,0,0,-955,2,1,4,,,,,
1790036567.9750144,GLOBAL_POSITION_INT,-35.3606892,149.1682261,587.1,6.991,-0.01,0.0,-2.4,224.57,,,,,,,,,,,
1790036567.975971,GPS_RAW_INT,,,,,,,,,,,,,,,,,,6,10
1790036567.9772766,ATTITUDE,,,,,,,,,,,,,,,-0.001174436998553574,-0.0005586103652603924,-2.363798141479492,,
1790036567.9788067,RAW_IMU,,,,,,,,,0,0,-951,2,1,4,,,,,
1790036567.9953318,ATTITUDE,,,,,,,,,,,,,,,-0.0011954500805586576,-0.0005733579746447504,-2.3637919425964355,,
1790036567.9965112,RAW_IMU,,,,,,,,,0,0,-947,2,2,4,,,,,
1790036568.0164225,ATTITUDE,,,,,,,,,,,,,,,-0.0012164571089670062,-0.0005881751421838999,-2.363785982131958,,
1790036568.017952,RAW_IMU,,,,,,,,,0,0,-944,2,2,3,,,,,
1790036568.0368881,ATTITUDE,,,,,,,,,,,,,,,-0.0012328347656875849,-0.0005993523518554866,-2.3637781143188477,,
1790036568.0384343,RAW_IMU,,,,,,,,,0,0,-940,2,2,3,,,,,
1790036568.0566041,ATTITUDE,,,,,,,,,,,,,,,-0.001259364653378725,-0.000608584436122328,-2.3637702465057373,,
1790036568.0575733,RAW_IMU,,,,,,,,,0,0,-936,1,2,3,,,,,
1790036568.0762002,GLOBAL_POSITION_INT,-35.3606892,149.1682261,587.34,7.231,-0.01,0.0,-2.34,224.57,,,,,,,,,,,
1790036568.0775287,GPS_RAW_INT,,,,,,,,,,,,,,,,,,6,10
1790036568.0795267,ATTITUDE,,,,,,,,,,,,,,,-0.0012588739627972245,-0.0006040618172846735,-2.3637640476226807,,
1790036568.0808992,RAW_IMU,,,,,,,,,0,0,-933,3,3,3,,,,,
1790036568.0965261,ATTITUDE,,,,,,,,,,,,,,,-0.0012570151593536139,-0.0005988660850562155,-2.363757848739624,,
1790036568.0977364,RAW_IMU,,,,,,,,,0,0,-930,3,3,3,,,,,
1790036568.1337886,ATTITUDE,,,,,,,,,,,,,,,-0.0012645793613046408,-0.0006028744392096996,-2.36375093460083,,
1790036568.1357872,RAW_IMU,,,,,,,,,0,0,-927,2,3,3,,,,,
1790036568.1382406,ATTITUDE,,,,,,,,,,,,,,,-0.0012682020897045732,-0.0005953387008048594,-2.36374568939209,,
1790036568.1413236,RAW_IMU,,,,,,,,,0,0,-925,3,3,3,,,,,
1790036568.1565075,ATTITUDE,,,,,,,,,,,,,,,-0.0012817467795684934,-0.0005981221911497414,-2.3637423515319824,,
1790036568.1574304,RAW_IMU,,,,,,,,,0,0,-922,2,3,3,,,,,
1790036568.1756005,GLOBAL_POSITION_INT,-35.3606892,149.1682261,587.57,7.465,-0.01,0.0,-2.27,224.57,,,,,,,,,,,
1790036568.1769161,GPS_RAW_INT,,,,,,,,,,,,,,,,,,6,10
1790036568.1789224,ATTITUDE,,,,,,,,,,,,,,,-0.001285990234464407,-0.0006004491006024182,-2.363738536834717,,
1790036568.180125,RAW_IMU,,,,,,,,,0,0,-919,3,3,3,,,,,
1790036568.1958458,ATTITUDE,,,,,,,,,,,,,,,-0.0012831829953938723,-0.0006051688687875867,-2.363736867904663,,
1790036568.1970432,RAW_IMU,,,,,,,,,0,0,-917,3,3,3,,,,,
1790036568.2162316,ATTITUDE,,,,,,,,,,,,,,,-0.001281457720324397,-0.0006085467175580561,-2.363736152648926,,
1790036568.217648,RAW_IMU,,,,,,,,,0,0,-914,3,3,3,,,,,
1790036568.235962,ATTITUDE,,,,,,,,,,,,,,,-0.0012767763109877706,-0.000610572227742523,-2.3637335300445557,,
1790036568.2369776,RAW_IMU,,,,,,,,,0,0,-912,3,3,3,,,,,
1790036568.2565138,ATTITUDE,,,,,,,,,,,,,,,-0.0012698648497462273,-0.000612059433478862,-2.36372971534729,,
1790036568.2573826,RAW_IMU,,,,,,,,,0,0,-910,3,3,3,,,,,
1790036568.276164,GLOBAL_POSITION_INT,-35.3606892,149.1682261,587.8,7.69,-0.01,0.0,-2.18,224.57,,,,,,,,,,,
1790036568.2773254,GPS_RAW_INT,,,,,,,,,,,,,,,,,,6,10
1790036568.2787242,ATTITUDE,,,,,,,,,,,,,,,-0.0012634292943403125,-0.0006078268634155393,-2.36372709274292,,
1790036568.279585,RAW_IMU,,,,,,,,,0,0,-909,3,3,3,,,,,
1790036568.2964544,ATTITUDE,,,,,,,,,,,,,,,-0.0012584127252921462,-0.0006134420982562006,-2.3637261390686035,,
1790036568.2974815,RAW_IMU,,,,,,,,,0,0,-907,3,2,3,,,,,
1790036568.31657,ATTITUDE,,,,,,,,,,,,,,,-0.0012538897572085261,-0.0006051434320397675,-2.363724708557129,,
1790036568.318282,RAW_IMU,,,,,,,,,0,0,-905,3,3,3,,,,,
1790036568.3360744,ATTITUDE,,,,,,,,,,,,,,,-0.001266490202397108,-0.0006315317004919052,-2.3637242317199707,,
1790036568.3380847,RAW_IMU,,,,,,,,,0,0,-903,2,2,3,,,,,
1790036568.3559573,ATTITUDE,,,,,,,,,,,,,,,-0.001268233172595501,-0.0006460649310611188,-2.36372447013855,,
1790036568.357346,RAW_IMU,,,,,,,,,0,0,-902,3,2,3,,,,,
1790036568.3843646,GLOBAL_POSITION_INT,-35.3606892,149.1682261,588.01,7.906,-0.01,0.0,-2.09,224.57,,,,,,,,,,,
1790036568.385727,GPS_RAW_INT,,,,,,,,,,,,,,,,,,6,10
1790036568.3867145,ATTITUDE,,,,,,,,,,,,,,,-0.0012785440776497126,-0.0006604532827623188,-2.363725423812866,,
1790036568.3881009,RAW_IMU,,,,,,,,,0,0,-901,3,2,3,,,,,
1790036568.3964696,ATTITUDE,,,,,,,,,,,,,,,-0.0013113056775182486,-0.000687367923092097,-2.3637285232543945,,
1790036568.3976104,RAW_IMU,,,,,,,,,0,0,-899,1,2,3,,,,,
1790036568.4168918,ATTITUDE,,,,,,,,,,,,,,,-0.0013121010269969702,-0.0006979969912208617,-2.363732099533081,,
1790036568.4191296,RAW_IMU,,,,,,,,,0,0,-898,3,2,3,,,,,
1790036568.4373915,ATTITUDE,,,,,,,,,,,,,,,-0.001332765445113182,-0.0007194703794084489,-2.363731622695923,,
1790036568.4393868,RAW_IMU,,,,,,,,,0,0,-897,2,2,3,,,,,
1790036568.4574192,ATTITUDE,,,,,,,,,,,,,,,-0.0013899970799684525,-0.0007732301019132137,-2.363732099533081,,
1790036568.4591062,RAW_IMU,,,,,,,,,0,0,-896,0,0,3,,,,,
1790036568.4714606,GLOBAL_POSITION_INT,-35.3606892,149.1682261,588.22,8.112,-0.01,0.0,-1.98,224.57,,,,,,,,,,,
1790036568.472754,GPS_RAW_INT,,,,,,,,,,,,,,,,,,6,10
1790036568.4774327,ATTITUDE,,,,,,,,,,,,,,,-0.0013603945262730122,-0.0007546807173639536,-2.3637328147888184,,
1790036568.478214,RAW_IMU,,,,,,,,,0,0,-895,4,3,3,,,,,
1790036568.4972045,ATTITUDE,,,,,,,,,,,,,,,-0.0013426828663796186,-0.0007387461373582482,-2.363734722137451,,
1790036568.4980292,RAW_IMU,,,,,,,,,0,0,-894,4,4,3,,,,,
1790036568.5175507,ATTITUDE,,,,,,,,,,,,,,,-0.001381810405291617,-0.0007918942137621343,-2.363736152648926,,
1790036568.5187433,RAW_IMU,,,,,,,,,0,0,-894,1,0,3,,,,,
1790036568.537566,ATTITUDE,,,,,,,,,,,,,,,-0.0013914915034547448,-0.0008269818499684334,-2.3637380599975586,,
1790036568.539074,RAW_IMU,,,,,,,,,0,0,-893,2,1,3,,,,,
1790036568.5573337,ATTITUDE,,,,,,,,,,,,,,,-0.001449297764338553,-0.0008451504982076585,-2.3637421131134033,,
1790036568.5588586,RAW_IMU,,,,,,,,,0,0,-892,0,2,3,,,,,
1790036568.5711057,GLOBAL_POSITION_INT,-35.3606892,149.1682261,588.41,8.308,-0.02,0.0,-1.88,224.57,,,,,,,,,,,
1790036568.571433,GPS_RAW_INT,,,,,,,,,,,,,,,,,,6,10
1790036568.5772772,ATTITUDE,,,,,,,,,,,,,,,-0.001501911785453558,-0.0008618677966296673,-2.3637473583221436,,
1790036568.5784361,RAW_IMU,,,,,,,,,0,0,-892,0,2,3,,,,,
1790036568.5971897,ATTITUDE,,,,,,,,,,,,,,,-0.0014918443048372865,-0.0008782324148342013,-2.3637535572052,,
1790036568.5985367,RAW_IMU,,,,,,,,,0,0,-891,3,2,3,,,,,
1790036568.640597,ATTITUDE,,,,,,,,,,,,,,,-0.0014786286046728492,-0.0008934844518080354,-2.3637588024139404,,
1790036568.641752,RAW_IMU,,,,,,,,,0,0,-891,4,2,3,,,,,
1790036568.643442,ATTITUDE,,,,,,,,,,,,,,,-0.0014844608958810568,-0.0008938658866100013,-2.363760232925415,,
1790036568.644892,RAW_IMU,,,,,,,,,0,0,-890,3,3,3,,,,,
1790036568.6587412,ATTITUDE,,,,,,,,,,,,,,,-0.0015025432221591473,-0.0008860243833623827,-2.3637616634368896,,
1790036568.6602905,RAW_IMU,,,,,,,,,0,0,-890,2,3,3,,,,,
1790036568.6735892,GLOBAL_POSITION_INT,-35.3606892,149.1682261,588.6,8.493,-0.02,0.0,-1.77,224.57,,,,,,,,,,,
1790036568.6743872,GPS_RAW_INT,,,,,,,,,,,,,,,,,,6,10
1790036568.6765583,ATTITUDE,,,,,,,,,,,,,,,-0.001520652207545936,-0.000890262657776475,-2.363762378692627,,
1790036568.6777241,RAW_IMU,,,,,,,,,0,0,-890,2,3,3,,,,,
1790036568.6942685,ATTITUDE,,,,,,,,,,,,,,,-0.0015532270772382617,-0.0009370993939228356,-2.3637635707855225,,
1790036568.6952262,RAW_IMU,,,,,,,,,0,0,-889,1,1,3,,,,,
1790036568.7155151,ATTITUDE,,,,,,,,,,,,,,,-0.001585080404765904,-0.0009829261107370257,-2.363764762878418,,
1790036568.7165892,RAW_IMU,,,,,,,,,0,0,-889,1,0,3,,,,,
1790036568.735082,ATTITUDE,,,,,,,,,,,,,,,-0.0016060101334005594,-0.0009991092374548316,-2.363764762878418,,
1790036568.7366989,RAW_IMU,,,,,,,,,0,0,-890,2,2,3,,,,,
1790036568.7551794,ATTITUDE,,,,,,,,,,,,,,,-0.0015847713220864534,-0.0009975801222026348,-2.363766670227051,,
1790036568.7563546,RAW_IMU,,,,,,,,,0,0,-888,4,3,3,,,,,
1790036568.7748544,GLOBAL_POSITION_INT,-35.3606892,149.1682261,588.77,8.665,-0.02,0.0,-1.66,224.57,,,,,,,,,,,
1790036568.7761812,GPS_RAW_INT,,,,,,,,,,,,,,,,,,6,10
1790036568.7774708,ATTITUDE,,,,,,,,,,,,,,,-0.0015637557953596115,-0.0010066713439300656,-2.3637702465057373,,
1790036568.7780488,RAW_IMU,,,,,,,,,0,0,-889,4,2,3,,,,,
1790036568.7959,ATTITUDE,,,,,,,,,,,,,,,-0.0015505081973969936,-0.0010165299754589796,-2.3637752532958984,,
1790036568.7973595,RAW_IMU,,,,,,,,,0,0,-890,4,2,3,,,,,
1790036568.8162289,ATTITUDE,,,,,,,,,,,,,,,-0.001572235720232129,-0.0010430988622829318,-2.3637797832489014,,
1790036568.8179252,RAW_IMU,,,,,,,,,0,0,-889,2,2,3,,,,,
1790036568.8366628,ATTITUDE,,,,,,,,,,,,,,,-0.0015331516042351723,-0.001066021155565977,-2.363779306411743,,
1790036568.8377764,RAW_IMU,,,,,,,,,0,0,-889,5,2,3,,,,,
1790036568.8567946,ATTITUDE,,,,,,,,,,,,,,,-0.0014944595750421286,-0.0010864374926313758,-2.3637771606445312,,
1790036568.857617,RAW_IMU,,,,,,,,,0,0,-889,5,2,3,,,,,
1790036568.8829594,GLOBAL_POSITION_INT,-35.3606892,149.1682261,588.93,8.829,-0.02,0.0,-1.56,224.57,,,,,,,,,,,
1790036568.8837023,GPS_RAW_INT,,,,,,,,,,,,,,,,,,6,10
1790036568.884632,ATTITUDE,,,,,,,,,,,,,,,-0.0015068321954458952,-0.0010882446076720953,-2.363776683807373,,
1790036568.887316,RAW_IMU,,,,,,,,,0,0,-890,2,2,3,,,,,
1790036568.897116,ATTITUDE,,,,,,,,,,,,,,,-0.001481049694120884,-0.0010733145754784346,-2.3637771606445312,,
1790036568.8985994,RAW_IMU,,,,,,,,,0,0,-889,3,4,3,,,,,
1790036568.9174025,ATTITUDE,,,,,,,,,,,,,,,-0.0014290673425421119,-0.0010955315083265305,-2.3637781143188477,,
1790036568.9190314,RAW_IMU,,,,,,,,,0,0,-889,6,2,3,,,,,
1790036568.9372113,ATTITUDE,,,,,,,,,,,,,,,-0.0013788411160930991,-0.0011154599487781525,-2.363778829574585,,
1790036568.9389164,RAW_IMU,,,,,,,,,0,0,-890,5,2,3,,,,,
1790036568.9563043,ATTITUDE,,,,,,,,,,,,,,,-0.0013606860302388668,-0.001135361148044467,-2.3637819290161133,,
1790036568.957196,RAW_IMU,,,,,,,,,0,0,-890,4,2,3,,,,,
1790036568.9759583,GLOBAL_POSITION_INT,-35.3606891,149.1682261,589.09,8.98,-0.02,0.0,-1.45,224.57,,,,,,,,,,,
1790036568.9773235,GPS_RAW_INT,,,,,,,,,,,,,,,,,,6,10
1790036568.9787936,ATTITUDE,,,,,,,,,,,,,,,-0.00136520282831043,-0.0011283495696261525,-2.363785743713379,,
1790036568.9796996,RAW_IMU,,,,,,,,,0,0,-890,2,3,3,,,,,
1790036568.9963927,ATTITUDE,,,,,,,,,,,,,,,-0.0013746917247772217,-0.00111428985837847,-2.3637893199920654,,
1790036568.9969923,RAW_IMU,,,,,,,,,0,0,-890,3,4,3,,,,,
1790036569.0167198,ATTITUDE,,,,,,,,,,,,,,,-0.0014367169933393598,-0.0011022122344002128,-2.3637917041778564,,
1790036569.018337,RAW_IMU,,,,,,,,,0,0,-890,0,4,3,,,,,
1790036569.036449,ATTITUDE,,,,,,,,,,,,,,,-0.0014925202121958137,-0.0010866397060453892,-2.3637912273406982,,
1790036569.0383885,RAW_IMU,,,,,,,,,0,0,-891,0,4,3,,,,,
1790036569.0570023,ATTITUDE,,,,,,,,,,,,,,,-0.0015430119819939137,-0.00107090943492949,-2.3637893199920654,,
1790036569.0583541,RAW_IMU,,,,,,,,,0,0,-892,0,4,3,,,,,
1790036569.0715408,GLOBAL_POSITION_INT,-35.3606891,149.1682261,589.23,9.122,-0.02,0.0,-1.34,224.57,,,,,,,,,,,
1790036569.0731487,GPS_RAW_INT,,,,,,,,,,,,,,,,,,6,10
1790036569.0778346,ATTITUDE,,,,,,,,,,,,,,,-0.0015635518357157707,-0.0010644757421687245,-2.363788366317749,,
1790036569.0792253,RAW_IMU,,,,,,,,,0,0,-892,1,3,3,,,,,
1790036569.0978954,ATTITUDE,,,,,,,,,,,,,,,-0.0015911947702988982,-0.0010850728722289205,-2.3637866973876953,,
1790036569.0991714,RAW_IMU,,,,,,,,,0,0,-891,2,2,3,,,,,
1790036569.1398225,ATTITUDE,,,,,,,,,,,,,,,-0.0016339683206751943,-0.0011060057440772653,-2.363783121109009,,
1790036569.1408062,RAW_IMU,,,,,,,,,0,0,-891,0,2,3,,,,,
1790036569.1418316,ATTITUDE,,,,,,,,,,,,,,,-0.001645460375584662,-0.0011248164810240269,-2.363778829574585,,
1790036569.1434448,RAW_IMU,,,,,,,,,0,0,-892,2,2,3,,,,,
1790036569.1578178,ATTITUDE,,,,,,,,,,,,,,,-0.0016572487074881792,-0.0011438095243647695,-2.363776206970215,,
1790036569.1594183,RAW_IMU,,,,,,,,,0,0,-893,2,2,3,,,,,
1790036569.1711478,GLOBAL_POSITION_INT,-35.3606891,149.1682261,589.36,9.253,-0.02,0.0,-1.23,224.57,,,,,,,,,,,
1790036569.1727219,GPS_RAW_INT,,,,,,,,,,,,,,,,,,6,10
1790036569.177315,ATTITUDE,,,,,,,,,,,,,,,-0.0016690457705408335,-0.0011641659075394273,-2.3637752532958984,,
1790036569.178282,RAW_IMU,,,,,,,,,0,0,-893,2,2,3,,,,,
1790036569.197988,ATTITUDE,,,,,,,,,,,,,,,-0.001681464142166078,-0.001183121930807829,-2.3637771606445312,,
1790036569.200179,RAW_IMU,,,,,,,,,0,0,-894,2,2,3,,,,,
1790036569.2185242,ATTITUDE,,,,,,,,,,,,,,,-0.001717661740258336,-0.0011716412845999002,-2.363776206970215,,
1790036569.2200768,RAW_IMU,,,,,,,,,0,0,-893,1,3,3,,,,,
1790036569.2387202,ATTITUDE,,,,,,,,,,,,,,,-0.0017476828070357442,-0.001152765704318881,-2.3637702465057373,,
1790036569.2404287,RAW_IMU,,,,,,,,,0,0,-893,1,4,3,,,,,
1790036569.2586317,ATTITUDE,,,,,,,,,,,,,,,-0.0017537614330649376,-0.0011337649775668979,-2.3637635707855225,,
1790036569.2601671,RAW_IMU,,,,,,,,,0,0,-893,3,4,3,,,,,
1790036569.2729864,GLOBAL_POSITION_INT,-35.3606891,149.1682261,589.48,9.372,-0.02,0.0,-1.13,224.57,,,,,,,,,,,
1790036569.273852,GPS_RAW_INT,,,,,,,,,,,,,,,,,,6,10
1790036569.2783136,ATTITUDE,,,,,,,,,,,,,,,-0.0017592746298760176,-0.0011144999880343676,-2.3637585639953613,,
1790036569.2795694,RAW_IMU,,,,,,,,,0,0,-894,3,4,3,,,,,
1790036569.298092,ATTITUDE,,,,,,,,,,,,,,,-0.0017650125082582235,-0.0010974501492455602,-2.363755941390991,,
1790036569.2990005,RAW_IMU,,,,,,,,,0,0,-895,3,4,3,,,,,
1790036569.3157337,ATTITUDE,,,,,,,,,,,,,,,-0.0017699270974844694,-0.0010820348979905248,-2.3637521266937256,,
1790036569.316469,RAW_IMU,,,,,,,,,0,0,-896,3,4,3,,,,,
1790036569.333192,ATTITUDE,,,,,,,,,,,,,,,-0.001776254503056407,-0.0010676966048777103,-2.3637490272521973,,
1790036569.3339343,RAW_IMU,,,,,,,,,0,0,-896,3,4,3,,,,,
1790036569.356327,ATTITUDE,,,,,,,,,,,,,,,-0.0017894696211442351,-0.001082023256458342,-2.3637478351593018,,
1790036569.3567212,RAW_IMU,,,,,,,,,0,0,-896,2,2,3,,,,,
1790036569.3780472,GLOBAL_POSITION_INT,-35.3606891,149.1682261,589.59,9.481,-0.02,0.0,-1.03,224.57,,,,,,,,,,,
1790036569.3789177,GPS_RAW_INT,,,,,,,,,,,,,,,,,,6,10
1790036569.3792722,ATTITUDE,,,,,,,,,,,,,,,-0.0018313159234821796,-0.0011129406047984958,-2.3637468814849854,,
1790036569.3799136,RAW_IMU,,,,,,,,,0,0,-895,1,1,3,,,,,
1790036569.3984573,ATTITUDE,,,,,,,,,,,,,,,-0.0018723590765148401,-0.0011039050295948982,-2.3637497425079346,,
1790036569.39987,RAW_IMU,,,,,,,,,0,0,-895,1,3,3,,,,,
1790036569.418498,ATTITUDE,,,,,,,,,,,,,,,-0.0019129845313727856,-0.0011093126377090812,-2.363753080368042,,
1790036569.4198096,RAW_IMU,,,,,,,,,0,0,-896,1,3,3,,,,,
1790036569.4335995,ATTITUDE,,,,,,,,,,,,,,,-0.0019464970100671053,-0.001110551762394607,-2.3637521266937256,,
1790036569.4350188,RAW_IMU,,,,,,,,,0,0,-897,1,3,3,,,,,
1790036569.45365,ATTITUDE,,,,,,,,,,,,,,,-0.001977738458663225,-0.0011103245196864009,-2.36375093460083,,
1790036569.4553506,RAW_IMU,,,,,,,,,0,0,-897,1,3,3,,,,,
1790036569.4733517,GLOBAL_POSITION_INT,-35.3606891,149.1682261,589.68,9.578,-0.02,0.0,-0.92,224.57,,,,,,,,,,,
1790036569.4741755,GPS_RAW_INT,,,,,,,,,,,,,,,,,,6,10
1790036569.4758224,ATTITUDE,,,,,,,,,,,,,,,-0.002008585724979639,-0.0011115396628156304,-2.363750457763672,,
1790036569.477275,RAW_IMU,,,,,,,,,0,0,-898,1,3,3,,,,,
1790036569.4978287,ATTITUDE,,,,,,,,,,,,,,,-0.0020370311103761196,-0.0011131069622933865,-2.3637499809265137,,
1790036569.4987862,RAW_IMU,,,,,,,,,0,0,-899,1,3,3,,,,,
1790036569.5180602,ATTITUDE,,,,,,,,,,,,,,,-0.0020240112207829952,-0.001101772882975638,-2.3637516498565674,,
1790036569.5201728,RAW_IMU,,,,,,,,,0,0,-898,3,3,3,,,,,
1790036569.538053,ATTITUDE,,,,,,,,,,,,,,,-0.0020533036440610886,-0.0011213694233447313,-2.363752603530884,,
1790036569.5390565,RAW_IMU,,,,,,,,,0,0,-898,1,2,3,,,,,
1790036569.557757,ATTITUDE,,,,,,,,,,,,,,,-0.0020121445413678885,-0.0011401827214285731,-2.3637521266937256,,
1790036569.5585883,RAW_IMU,,,,,,,,,0,0,-898,5,2,3,,,,,
1790036569.5715642,GLOBAL_POSITION_INT,-35.3606891,149.1682261,589.77,9.666,-0.02,0.0,-0.82,224.57,,,,,,,,,,,
1790036569.5728793,GPS_RAW_INT,,,,,,,,,,,,,,,,,,6,10
1790036569.5779057,ATTITUDE,,,,,,,,,,,,,,,-0.001974120968952775,-0.0011592907831072807,-2.3637535572052,,
1790036569.5789862,RAW_IMU,,,,,,,,,0,0,-898,5,2,3,,,,,
1790036569.5978358,ATTITUDE,,,,,,,,,,,,,,,-0.0019384495681151748,-0.0011777218896895647,-2.3637571334838867,,
1790036569.5990286,RAW_IMU,,,,,,,,,0,0,-899,5,2,3,,,,,
1790036569.6405199,ATTITUDE,,,,,,,,,,,,,,,-0.0019060061313211918,-0.0011975993402302265,-2.363759994506836,,
1790036569.6414618,RAW_IMU,,,,,,,,,0,0,-900,5,2,3,,,,,
1790036569.6431887,ATTITUDE,,,,,,,,,,,,,,,-0.001871022628620267,-0.0012131650000810623,-2.363759756088257,,
1790036569.6443763,RAW_IMU,,,,,,,,,0,0,-900,5,2,3,,,,,
1790036569.6541817,ATTITUDE,,,,,,,,,,,,,,,-0.0018366491422057152,-0.0012272846652194858,-2.3637590408325195,,
1790036569.6554594,RAW_IMU,,,,,,,,,0,0,-901,4,2,3,,,,,
1790036569.6747234,GLOBAL_POSITION_INT,-35.3606891,149.1682261,589.85,9.744,-0.02,0.0,-0.73,224.57,,,,,,,,,,,
1790036569.6757603,GPS_RAW_INT,,,,,,,,,,,,,,,,,,6,10
1790036569.6778963,ATTITUDE,,,,,,,,,,,,,,,-0.001817519310861826,-0.0012229778803884983,-2.3637585639953613,,
1790036569.6801364,RAW_IMU,,,,,,,,,0,0,-900,4,3,3,,,,,
1790036569.6943064,ATTITUDE,,,,,,,,,,,,,,,-0.001796457334421575,-0.0012543885968625546,-2.3637588024139404,,
1790036569.6952584,RAW_IMU,,,,,,,,,0,0,-899,4,1,3,,,,,
1790036569.7149174,ATTITUDE,,,,,,,,,,,,,,,-0.0017481832765042782,-0.0012854073429480195,-2.3637568950653076,,
1790036569.7164376,RAW_IMU,,,,,,,,,0,0,-899,5,1,3,,,,,
1790036569.7349806,ATTITUDE,,,,,,,,,,,,,,,-0.0017345249652862549,-0.0013147981371730566,-2.363755226135254,,
1790036569.7366598,RAW_IMU,,,,,,,,,0,0,-900,4,1,3,,,,,
1790036569.7549527,ATTITUDE,,,,,,,,,,,,,,,-0.001724835834465921,-0.0013438297901302576,-2.3637537956237793,,
1790036569.756143,RAW_IMU,,,,,,,,,0,0,-901,3,1,3,,,,,
1790036569.7746599,GLOBAL_POSITION_INT,-35.3606891,149.1682261,589.92,9.811,-0.02,0.0,-0.63,224.57,,,,,,,,,,,
1790036569.7752984,GPS_RAW_INT,,,,,,,,,,,,,,,,,,6,10
1790036569.7774131,ATTITUDE,,,,,,,,,,,,,,,-0.0017163865268230438,-0.0013730427017435431,-2.3637542724609375,,
1790036569.7782426,RAW_IMU,,,,,,,,,0,0,-901,3,1,3,,,,,
1790036569.7945907,ATTITUDE,,,,,,,,,,,,,,,-0.001709802309051156,-0.0014008850557729602,-2.3637566566467285,,
1790036569.7960804,RAW_IMU,,,,,,,,,0,0,-902,3,2,3,,,,,
1790036569.8144903,ATTITUDE,,,,,,,,,,,,,,,-0.001704277005046606,-0.0014279120368883014,-2.363757610321045,,
1790036569.8155358,RAW_IMU,,,,,,,,,0,0,-903,3,2,3,,,,,
1790036569.8348696,ATTITUDE,,,,,,,,,,,,,,,-0.0016666669398546219,-0.0013916080351918936,-2.3637545108795166,,
1790036569.836486,RAW_IMU,,,,,,,,,0,0,-902,5,4,3,,,,,
1790036569.8551857,ATTITUDE,,,,,,,,,,,,,,,-0.0016638536471873522,-0.001406381488777697,-2.3637523651123047,,
1790036569.8570297,RAW_IMU,,,,,,,,,0,0,-901,3,2,3,,,,,
1790036569.8840542,GLOBAL_POSITION_INT,-35.3606891,149.1682261,589.97,9.868,-0.02,0.0,-0.53,224.57,,,,,,,,,,,
1790036569.885098,GPS_RAW_INT,,,,,,,,,,,,,,,,,,6,10
1790036569.885984,ATTITUDE,,,,,,,,,,,,,,,-0.0016733838710933924,-0.0013795042177662253,-2.3637516498565674,,
1790036569.887336,RAW_IMU,,,,,,,,,0,0,-901,2,4,3,,,,,
1790036569.8967185,ATTITUDE,,,,,,,,,,,,,,,-0.0016817485447973013,-0.001353016123175621,-2.363752841949463,,
1790036569.8975646,RAW_IMU,,,,,,,,,0,0,-902,2,4,3,,,,,
1790036569.9160533,ATTITUDE,,,,,,,,,,,,,,,-0.0016911871498450637,-0.0013277374673634768,-2.3637523651123047,,
1790036569.9177003,RAW_IMU,,,,,,,,,0,0,-902,2,4,3,,,,,
1790036569.9367418,ATTITUDE,,,,,,,,,,,,,,,-0.0017015791963785887,-0.0013033899012953043,-2.3637535572052,,
1790036569.9379241,RAW_IMU,,,,,,,,,0,0,-903,2,4,3,,,,,
1790036569.9565763,ATTITUDE,,,,,,,,,,,,,,,-0.0017109639011323452,-0.0012808307074010372,-2.363754987716675,,
1790036569.9576528,RAW_IMU,,,,,,,,,0,0,-903,2,4,3,,,,,
1790036569.9768107,GLOBAL_POSITION_INT,-35.3606891,149.1682261,590.02,9.915,-0.02,0.0,-0.43,224.57,,,,,,,,,,,
1790036569.9774742,GPS_RAW_INT,,,,,,,,,,,,,,,,,,6,10
1790036569.9785354,ATTITUDE,,,,,,,,,,,,,,,-0.0016911645652726293,-0.0012815697118639946,-2.3637585639953613,,
1790036569.9794464,RAW_IMU,,,,,,,,,0,0,-902,4,3,3,,,,,
1790036569.9965568,ATTITUDE,,,,,,,,,,,,,,,-0.0016862144693732262,-0.0012956991558894515,-2.363760471343994,,
1790036569.997866,RAW_IMU,,,,,,,,,0,0,-901,4,2,3,,,,,
1790036570.0167716,ATTITUDE,,,,,,,,,,,,,,,-0.0016987459966912866,-0.0013111323351040483,-2.3637630939483643,,
1790036570.0183997,RAW_IMU,,,,,,,,,0,0,-902,2,2,3,,,,,
1790036570.036521,ATTITUDE,,,,,,,,,,,,,,,-0.001707328949123621,-0.0013223381247371435,-2.3637614250183105,,
1790036570.0376325,RAW_IMU,,,,,,,,,0,0,-902,2,2,3,,,,,
1790036570.0565856,ATTITUDE,,,,,,,,,,,,,,,-0.0017146090976893902,-0.001331614563241601,-2.3637614250183105,,
1790036570.057645,RAW_IMU,,,,,,,,,0,0,-903,2,2,3,,,,,
1790036570.0763724,GLOBAL_POSITION_INT,-35.3606891,149.1682261,590.06,9.952,-0.02,0.0,-0.34,224.57,,,,,,,,,,,
1790036570.0779195,GPS_RAW_INT,,,,,,,,,,,,,,,,,,6,10
1790036570.0791905,ATTITUDE,,,,,,,,,,,,,,,-0.0017211793456226587,-0.00134097330737859,-2.3637619018554688,,
1790036570.0806003,RAW_IMU,,,,,,,,,0,0,-903,2,2,3,,,,,
1790036570.0965087,ATTITUDE,,,,,,,,,,,,,,,-0.0017288695089519024,-0.0013247559545561671,-2.3637630939483643,,
1790036570.0975368,RAW_IMU,,,,,,,,,0,0,-904,2,3,3,,,,,
1790036570.1374364,ATTITUDE,,,,,,,,,,,,,,,-0.0016845265636220574,-0.0012828516773879528,-2.3637633323669434,,
1790036570.1387076,RAW_IMU,,,,,,,,,0,0,-903,5,5,3,,,,,
1790036570.1396685,ATTITUDE,,,,,,,,,,,,,,,-0.0017019237857311964,-0.001283594174310565,-2.3637619018554688,,
1790036570.1403267,RAW_IMU,,,,,,,,,0,0,-903,3,3,3,,,,,
1790036570.1570065,ATTITUDE,,,,,,,,,,,,,,,-0.0017134207300841808,-0.001243659178726375,-2.3637633323669434,,
1790036570.157776,RAW_IMU,,,,,,,,,0,0,-903,2,5,3,,,,,
1790036570.17673,GLOBAL_POSITION_INT,-35.3606891,149.1682261,590.09,9.98,-0.02,0.0,-0.24,224.57,,,,,,,,,,,
1790036570.1771662,GPS_RAW_INT,,,,,,,,,,,,,,,,,,6,10
1790036570.1789887,ATTITUDE,,,,,,,,,,,,,,,-0.0017233281396329403,-0.0012069797376170754,-2.363765001296997,,
1790036570.1805606,RAW_IMU,,,,,,,,,0,0,-903,2,5,3,,,,,
1790036570.1971126,ATTITUDE,,,,,,,,,,,,,,,-0.0017341135535389185,-0.0011716318549588323,-2.3637685775756836,,
1790036570.1985493,RAW_IMU,,,,,,,,,0,0,-903,2,5,3,,,,,
1790036570.217234,ATTITUDE,,,,,,,,,,,,,,,-0.0017290026880800724,-0.0011381710646674037,-2.3637709617614746,,
1790036570.2181263,RAW_IMU,,,,,,,,,0,0,-904,3,5,3,,,,,
1790036570.2378411,ATTITUDE,,,,,,,,,,,,,,,-0.0017220535082742572,-0.001114811864681542,-2.363771438598633,,
1790036570.23902,RAW_IMU,,,,,,,,,0,0,-903,4,4,3,,,,,
1790036570.257844,ATTITUDE,,,,,,,,,,,,,,,-0.0016981451772153378,-0.0010802922770380974,-2.363769054412842,,
1790036570.259465,RAW_IMU,,,,,,,,,0,0,-902,3,4,3,,,,,
1790036570.2717757,GLOBAL_POSITION_INT,-35.3606891,149.1682261,590.1,9.998,-0.02,0.0,-0.15,224.57,,,,,,,,,,,
1790036570.2726896,GPS_RAW_INT,,,,,,,,,,,,,,,,,,6,10
1790036570.2776525,ATTITUDE,,,,,,,,,,,,,,,-0.001662889844737947,-0.0010432236595079303,-2.3637678623199463,,
1790036570.2790246,RAW_IMU,,,,,,,,,0,0,-903,5,5,3,,,,,
1790036570.2978723,ATTITUDE,,,,,,,,,,,,,,,-0.001679146196693182,-0.0009991388069465756,-2.3637664318084717,,
1790036570.2996593,RAW_IMU,,,,,,,,,0,0,-906,2,5,3,,,,,
1790036570.3171172,ATTITUDE,,,,,,,,,,,,,,,-0.0016412100521847606,-0.0009818734833970666,-2.363764524459839,,
1790036570.3190722,RAW_IMU,,,,,,,,,0,0,-910,4,4,3,,,,,
1790036570.337294,ATTITUDE,,,,,,,,,,,,,,,-0.001628191559575498,-0.0009418867994099855,-2.3637638092041016,,
1790036570.3387213,RAW_IMU,,,,,,,,,0,0,-915,4,5,3,,,,,
1790036570.3572044,ATTITUDE,,,,,,,,,,,,,,,-0.0015969743253663182,-0.0009226007387042046,-2.3637642860412598,,
1790036570.3586245,RAW_IMU,,,,,,,,,0,0,-921,4,4,3,,,,,
1790036570.3872976,GLOBAL_POSITION_INT,-35.3606891,149.1682261,590.11,10.007,-0.02,0.0,-0.06,224.57,,,,,,,,,,,
1790036570.3881238,GPS_RAW_INT,,,,,,,,,,,,,,,,,,6,10
1790036570.3896732,ATTITUDE,,,,,,,,,,,,,,,-0.0015767250442877412,-0.0009010389330796897,-2.363765239715576,,
1790036570.3911796,RAW_IMU,,,,,,,,,0,0,-926,4,4,3,,,,,
1790036570.3970346,ATTITUDE,,,,,,,,,,,,,,,-0.001556918490678072,-0.0008772090077400208,-2.363767385482788,,
1790036570.3986123,RAW_IMU,,,,,,,,,0,0,-931,4,4,3,,,,,
1790036570.4180903,ATTITUDE,,,,,,,,,,,,,,,-0.001524285296909511,-0.0008554345113225281,-2.36376953125,,
1790036570.4201362,RAW_IMU,,,,,,,,,0,0,-936,5,4,3,,,,,
1790036570.4379268,ATTITUDE,,,,,,,,,,,,,,,-0.001496090553700924,-0.0008225718047469854,-2.3637685775756836,,
1790036570.438837,RAW_IMU,,,,,,,,,0,0,-941,4,4,3,,,,,
1790036570.457793,ATTITUDE,,,,,,,,,,,,,,,-0.001458392245694995,-0.000793329207226634,-2.3637681007385254,,
1790036570.4590278,RAW_IMU,,,,,,,,,0,0,-945,5,4,3,,,,,
1790036570.4717574,GLOBAL_POSITION_INT,-35.3606891,149.1682261,590.11,10.008,-0.02,0.0,0.0,224.57,,,,,,,,,,,
1790036570.4724267,GPS_RAW_INT,,,,,,,,,,,,,,,,,,6,10
1790036570.4776177,ATTITUDE,,,,,,,,,,,,,,,-0.001423146459273994,-0.0007712121005170047,-2.3637678623199463,,
1790036570.4785087,RAW_IMU,,,,,,,,,0,0,-950,5,4,3,,,,,
1790036570.497709,ATTITUDE,,,,,,,,,,,,,,,-0.0013810793170705438,-0.0007584965787827969,-2.3637688159942627,,
1790036570.4984367,RAW_IMU,,,,,,,,,0,0,-954,5,4,3,,,,,
1790036570.5172806,ATTITUDE,,,,,,,,,,,,,,,-0.001352263381704688,-0.0007323335739783943,-2.3637688159942627,,
1790036570.5187602,RAW_IMU,,,,,,,,,0,0,-958,4,4,3,,,,,
1790036570.5371323,ATTITUDE,,,,,,,,,,,,,,,-0.0013254618970677257,-0.0007097225752659142,-2.363767623901367,,
1790036570.5390308,RAW_IMU,,,,,,,,,0,0,-962,4,4,3,,,,,
1790036570.5569885,ATTITUDE,,,,,,,,,,,,,,,-0.001298211980611086,-0.0007072276785038412,-2.3637685775756836,,
1790036570.558557,RAW_IMU,,,,,,,,,0,0,-966,4,3,3,,,,,
1790036570.5766711,GLOBAL_POSITION_INT,-35.3606891,149.1682261,590.11,10.005,-0.02,0.0,0.02,224.57,,,,,,,,,,,
1790036570.5779533,GPS_RAW_INT,,,,,,,,,,,,,,,,,,6,10
1790036570.5793638,ATTITUDE,,,,,,,,,,,,,,,-0.0012881130678579211,-0.0006738916272297502,-2.3637707233428955,,
1790036570.580329,RAW_IMU,,,,,,,,,0,0,-969,3,4,3,,,,,
1790036570.5961494,ATTITUDE,,,,,,,,,,,,,,,-0.0012627197429537773,-0.0006595648010261357,-2.363773822784424,,
1790036570.597193,RAW_IMU,,,,,,,,,0,0,-972,4,4,3,,,,,
1790036570.6382039,ATTITUDE,,,,,,,,,,,,,,,-0.0012441652361303568,-0.0006484195473603904,-2.3637757301330566,,
1790036570.638925,RAW_IMU,,,,,,,,,0,0,-976,4,4,3,,,,,
1790036570.6400993,ATTITUDE,,,,,,,,,,,,,,,-0.0012496819254010916,-0.0006504429620690644,-2.3637752532958984,,
1790036570.641875,RAW_IMU,,,,,,,,,0,0,-979,3,3,3,,,,,
1790036570.6573684,ATTITUDE,,,,,,,,,,,,,,,-0.0012051393277943134,-0.0006157201714813709,-2.363774061203003,,
1790036570.658994,RAW_IMU,,,,,,,,,0,0,-982,5,4,3,,,,,
1790036570.6765168,GLOBAL_POSITION_INT,-35.3606891,149.1682261,590.1,9.999,-0.02,0.0,0.05,224.57,,,,,,,,,,,
1790036570.6772063,GPS_RAW_INT,,,,,,,,,,,,,,,,,,6,10
1790036570.6791039,ATTITUDE,,,,,,,,,,,,,,,-0.0012246567057445645,-0.0006272118189372122,-2.3637735843658447,,
1790036570.6804237,RAW_IMU,,,,,,,,,0,0,-985,2,3,3,,,,,
1790036570.6969137,ATTITUDE,,,,,,,,,,,,,,,-0.0012073041871190071,-0.0006179267074912786,-2.3637733459472656,,
1790036570.6984441,RAW_IMU,,,,,,,,,0,0,-987,3,3,3,,,,,
1790036570.7175593,ATTITUDE,,,,,,,,,,,,,,,-0.0011809403076767921,-0.0005944196600466967,-2.3637728691101074,,
1790036570.7196589,RAW_IMU,,,,,,,,,0,0,-989,5,4,3,,,,,
1790036570.7371972,ATTITUDE,,,,,,,,,,,,,,,-0.0011926315492019057,-0.0006170155247673392,-2.363771915435791,,
1790036570.7382274,RAW_IMU,,,,,,,,,0,0,-992,2,2,3,,,,,
1790036570.7570188,ATTITUDE,,,,,,,,,,,,,,,-0.0011427284916862845,-0.0005771165015175939,-2.363772392272949,,
1790036570.7581737,RAW_IMU,,,,,,,,,0,0,-994,5,4,3,,,,,
1790036570.7765481,GLOBAL_POSITION_INT,-35.3606891,149.1682261,590.1,9.991,-0.02,0.0,0.05,224.57,,,,,,,,,,,
1790036570.7780354,GPS_RAW_INT,,,,,,,,,,,,,,,,,,6,10
1790036570.7794101,ATTITUDE,,,,,,,,,,,,,,,-0.0011256232392042875,-0.0005697685410268605,-2.3637733459472656,,
1790036570.78016,RAW_IMU,,,,,,,,,0,0,-997,4,4,3,,,,,
1790036570.7970512,ATTITUDE,,,,,,,,,,,,,,,-0.0011473550694063306,-0.0005872513283975422,-2.3637757301330566,,
1790036570.7982318,RAW_IMU,,,,,,,,,0,0,-998,2,2,3,,,,,
1790036570.8173132,ATTITUDE,,,,,,,,,,,,,,,-0.0011473693884909153,-0.000595876423176378,-2.3637781143188477,,
1790036570.8187497,RAW_IMU,,,,,,,,,0,0,-999,3,3,3,,,,,
1790036570.8378243,ATTITUDE,,,,,,,,,,,,,,,-0.001106404117308557,-0.0006002530572004616,-2.3637778759002686,,
1790036570.8389757,RAW_IMU,,,,,,,,,0,0,-1002,5,3,3,,,,,
1790036570.857887,ATTITUDE,,,,,,,,,,,,,,,-0.001098225126042962,-0.0005916106747463346,-2.3637759685516357,,
1790036570.8599603,RAW_IMU,,,,,,,,,0,0,-1003,3,3,3,,,,,
1790036570.8844326,GLOBAL_POSITION_INT,-35.3606891,149.1682261,590.09,9.983,-0.02,0.0,0.05,224.57,,,,,,,,,,,
1790036570.885348,GPS_RAW_INT,,,,,,,,,,,,,,,,,,6,10
1790036570.8866162,ATTITUDE,,,,,,,,,,,,,,,-0.0011136273387819529,-0.0005587670020759106,-2.363774538040161,,
1790036570.8877642,RAW_IMU,,,,,,,,,0,0,-1005,2,4,3,,,,,
1790036570.8974354,ATTITUDE,,,,,,,,,,,,,,,-0.0011247294023633003,-0.0005304398946464062,-2.3637754917144775,,
1790036570.8985605,RAW_IMU,,,,,,,,,0,0,-1005,2,4,3,,,,,
1790036570.9171896,ATTITUDE,,,,,,,,,,,,,,,-0.00108482432551682,-0.0005368562415242195,-2.363773822784424,,
1790036570.9186175,RAW_IMU,,,,,,,,,0,0,-1007,5,3,3,,,,,
1790036570.9377015,ATTITUDE,,,,,,,,,,,,,,,-0.0010461878264322877,-0.0005437658401206136,-2.3637731075286865,,
1790036570.9387763,RAW_IMU,,,,,,,,,0,0,-1008,5,2,3,,,,,
1790036570.9577558,ATTITUDE,,,,,,,,,,,,,,,-0.0010373130207881331,-0.0005486910813488066,-2.363774061203003,,
1790036570.9587028,RAW_IMU,,,,,,,,,0,0,-1008,3,3,3,,,,,
1790036570.9715712,GLOBAL_POSITION_INT,-35.3606891,149.1682261,590.08,9.974,-0.02,0.0,0.05,224.57,,,,,,,,,,,
1790036570.972187,GPS_RAW_INT,,,,,,,,,,,,,,,,,,6,10
1790036570.9781125,ATTITUDE,,,,,,,,,,,,,,,-0.001022198935970664,-0.0005409121513366699,-2.363776206970215,,
1790036570.979191,RAW_IMU,,,,,,,,,0,0,-1011,3,3,3,,,,,
1790036570.9984782,ATTITUDE,,,,,,,,,,,,,,,-0.0010077506303787231,-0.0005335931200534105,-2.363779067993164,,
1790036570.9993863,RAW_IMU,,,,,,,,,0,0,-1011,4,3,3,,,,,
1790036571.018806,ATTITUDE,,,,,,,,,,,,,,,-0.000994570436887443,-0.0005266483058221638,-2.363779306411743,,
1790036571.0203369,RAW_IMU,,,,,,,,,0,0,-1011,4,3,3,,,,,
1790036571.0385623,ATTITUDE,,,,,,,,,,,,,,,-0.0009928247891366482,-0.0005135582759976387,-2.3637783527374268,,
1790036571.040129,RAW_IMU,,,,,,,,,0,0,-1011,3,3,3,,,,,
1790036571.0584471,ATTITUDE,,,,,,,,,,,,,,,-0.000993568915873766,-0.00048413604963570833,-2.3637754917144775,,
1790036571.059695,RAW_IMU,,,,,,,,,0,0,-1014,3,4,3,,,,,
1790036571.0722342,GLOBAL_POSITION_INT,-35.3606891,149.1682261,590.07,9.967,-0.02,0.0,0.04,224.57,,,,,,,,,,,
1790036571.0737052,GPS_RAW_INT,,,,,,,,,,,,,,,,,,6,10
1790036571.0782845,ATTITUDE,,,,,,,,,,,,,,,-0.0009968281956389546,-0.0004552844329737127,-2.363774299621582,,
1790036571.079161,RAW_IMU,,,,,,,,,0,0,-1014,3,4,3,,,,,
1790036571.0984375,ATTITUDE,,,,,,,,,,,,,,,-0.0009975222637876868,-0.0004283178714103997,-2.363774299621582,,
1790036571.100233,RAW_IMU,,,,,,,,,0,0,-1014,3,4,3,,,,,
1790036571.139062,ATTITUDE,,,,,,,,,,,,,,,-0.0009993729181587696,-0.00040374271338805556,-2.363774299621582,,
1790036571.1401198,RAW_IMU,,,,,,,,,0,0,-1014,3,4,3,,,,,
1790036571.141887,ATTITUDE,,,,,,,,,,,,,,,-0.0010012846905738115,-0.0003803454164881259,-2.3637754917144775,,
1790036571.142915,RAW_IMU,,,,,,,,,0,0,-1014,3,4,3,,,,,
1790036571.1589377,ATTITUDE,,,,,,,,,,,,,,,-0.0010043104412034154,-0.0003695494669955224,-2.363776922225952,,
1790036571.1603138,RAW_IMU,,,,,,,,,0,0,-1014,3,4,3,,,,,
1790036571.1730926,GLOBAL_POSITION_INT,-35.3606891,149.1682261,590.07,9.961,-0.02,0.0,0.02,224.57,,,,,,,,,,,
1790036571.1739223,GPS_RAW_INT,,,,,,,,,,,,,,,,,,6,10
1790036571.1788924,ATTITUDE,,,,,,,,,,,,,,,-0.0010402847547084093,-0.0004179647075943649,-2.3637819290161133,,
1790036571.1800246,RAW_IMU,,,,,,,,,0,0,-1015,1,0,3,,,,,
1790036571.1988878,ATTITUDE,,,,,,,,,,,,,,,-0.0010208009043708444,-0.000411306245950982,-2.363786220550537,,
1790036571.2003603,RAW_IMU,,,,,,,,,0,0,-1015,3,3,3,,,,,
1790036571.219091,ATTITUDE,,,,,,,,,,,,,,,-0.0010616593062877655,-0.00046820801799185574,-2.3637893199920654,,
1790036571.22013,RAW_IMU,,,,,,,,,0,0,-1015,2,0,3,,,,,
1790036571.238981,ATTITUDE,,,,,,,,,,,,,,,-0.001035227905958891,-0.00045684888027608395,-2.363790273666382,,
1790036571.239978,RAW_IMU,,,,,,,,,0,0,-1015,4,3,3,,,,,
1790036571.258978,ATTITUDE,,,,,,,,,,,,,,,-0.0010670622577890754,-0.0005309794214554131,-2.363792896270752,,
1790036571.2605317,RAW_IMU,,,,,,,,,0,0,-1015,2,0,3,,,,,
1790036571.2730935,GLOBAL_POSITION_INT,-35.3606891,149.1682261,590.06,9.955,-0.02,0.0,0.01,224.57,,,,,,,,,,,
1790036571.2737474,GPS_RAW_INT,,,,,,,,,,,,,,,,,,6,10
1790036571.2788284,ATTITUDE,,,,,,,,,,,,,,,-0.0010670173214748502,-0.0005212458781898022,-2.3637948036193848,,
1790036571.2805657,RAW_IMU,,,,,,,,,0,0,-1015,2,3,3,,,,,
1790036571.298894,ATTITUDE,,,,,,,,,,,,,,,-0.0010690164053812623,-0.0005936614470556378,-2.3637959957122803,,
1790036571.300217,RAW_IMU,,,,,,,,,0,0,-1015,3,0,3,,,,,
1790036571.3189719,ATTITUDE,,,,,,,,,,,,,,,-0.001101287896744907,-0.0005775737809017301,-2.3637959957122803,,
1790036571.320314,RAW_IMU,,,,,,,,,0,0,-1015,1,3,3,,,,,
1790036571.339783,ATTITUDE,,,,,,,,,,,,,,,-0.0010756817646324635,-0.0006351940101012588,-2.363797664642334,,
1790036571.3409789,RAW_IMU,,,,,,,,,0,0,-1015,4,1,3,,,,,
1790036571.3537188,ATTITUDE,,,,,,,,,,,,,,,-0.0011267020599916577,-0.0006408163462765515,-2.363800048828125,,
1790036571.3551373,RAW_IMU,,,,,,,,,0,0,-1015,0,2,3,,,,,
1790036571.3848484,GLOBAL_POSITION_INT,-35.3606891,149.1682261,590.06,9.951,-0.02,0.0,0.0,224.57,,,,,,,,,,,
1790036571.385504,GPS_RAW_INT,,,,,,,,,,,,,,,,,,6,10
1790036571.386176,ATTITUDE,,,,,,,,,,,,,,,-0.0010890193516388535,-0.0006486393976956606,-2.3638031482696533,,
1790036571.3870234,RAW_IMU,,,,,,,,,0,0,-1014,5,3,3,,,,,
1790036571.398855,ATTITUDE,,,,,,,,,,,,,,,-0.0011445097625255585,-0.0007053531589917839,-2.363805055618286,,
1790036571.4004915,RAW_IMU,,,,,,,,,0,0,-1014,1,0,3,,,,,
1790036571.41855,ATTITUDE,,,,,,,,,,,,,,,-0.001119800959713757,-0.0006788322934880853,-2.3638064861297607,,
1790036571.4193401,RAW_IMU,,,,,,,,,0,0,-1014,4,4,3,,,,,
1790036571.4395142,ATTITUDE,,,,,,,,,,,,,,,-0.0011446381686255336,-0.000727941922377795,-2.363806962966919,,
1790036571.4409318,RAW_IMU,,,,,,,,,0,0,-1013,2,1,3,,,,,
1790036571.4587772,ATTITUDE,,,,,,,,,,,,,,,-0.001132144476287067,-0.0007137205684557557,-2.36380672454834,,
1790036571.4598956,RAW_IMU,,,,,,,,,0,0,-1013,3,3,3,,,,,
1790036571.4728365,GLOBAL_POSITION_INT,-35.3606891,149.1682261,590.05,9.949,-0.02,0.0,0.0,224.57,,,,,,,,,,,
1790036571.4743252,GPS_RAW_INT,,,,,,,,,,,,,,,,,,6,10
1790036571.4786441,ATTITUDE,,,,,,,,,,,,,,,-0.001125130569562316,-0.0006961266044527292,-2.363806962966919,,
1790036571.4797673,RAW_IMU,,,,,,,,,0,0,-1013,4,4,3,,,,,
1790036571.4987814,ATTITUDE,,,,,,,,,,,,,,,-0.0011419892543926835,-0.0006811629864387214,-2.363806962966919,,
1790036571.499846,RAW_IMU,,,,,,,,,0,0,-1012,2,4,3,,,,,
1790036571.5190847,ATTITUDE,,,,,,,,,,,,,,,-0.0011574395466595888,-0.0006642303778789937,-2.3638055324554443,,
1790036571.520206,RAW_IMU,,,,,,,,,0,0,-1012,2,4,3,,,,,
1790036571.5396595,ATTITUDE,,,,,,,,,,,,,,,-0.0011730857659131289,-0.0006502813776023686,-2.3638057708740234,,
1790036571.5408025,RAW_IMU,,,,,,,,,0,0,-1012,2,4,3,,,,,
1790036571.5589154,ATTITUDE,,,,,,,,,,,,,,,-0.00118896400090307,-0.0006378276739269495,-2.363806962966919,,
1790036571.5603776,RAW_IMU,,,,,,,,,0,0,-1012,2,4,3,,,,,
1790036571.5729134,GLOBAL_POSITION_INT,-35.3606891,149.1682261,590.05,9.947,-0.02,0.0,-0.02,224.57,,,,,,,,,,,
1790036571.5736647,GPS_RAW_INT,,,,,,,,,,,,,,,,,,6,10
1790036571.5788956,ATTITUDE,,,,,,,,,,,,,,,-0.0012044899631291628,-0.0006257566856220365,-2.36380934715271,,
1790036571.580179,RAW_IMU,,,,,,,,,0,0,-1012,2,4,3,,,,,
1790036571.5936775,ATTITUDE,,,,,,,,,,,,,,,-0.0012205915991216898,-0.0006453049718402326,-2.3638110160827637,,
1790036571.5947833,RAW_IMU,,,,,,,,,0,0,-1012,2,2,3,,,,,
1790036571.6346629,ATTITUDE,,,,,,,,,,,,,,,-0.0012015788815915585,-0.0006862615118734539,-2.363811492919922,,
1790036571.6363003,RAW_IMU,,,,,,,,,0,0,-1010,4,1,3,,,,,
1790036571.6377022,ATTITUDE,,,,,,,,,,,,,,,-0.0011850572191178799,-0.0006696769851259887,-2.363814115524292,,
1790036571.6399586,RAW_IMU,,,,,,,,,0,0,-1009,4,4,3,,,,,
1790036571.65546,ATTITUDE,,,,,,,,,,,,,,,-0.0011793550802394748,-0.000732460874132812,-2.363816738128662,,
1790036571.6570609,RAW_IMU,,,,,,,,,0,0,-1009,3,0,3,,,,,
1790036571.675253,GLOBAL_POSITION_INT,-35.3606891,149.1682261,590.05,9.947,-0.02,0.0,-0.02,224.57,,,,,,,,,,,
1790036571.6765108,GPS_RAW_INT,,,,,,,,,,,,,,,,,,6,10
1790036571.679092,ATTITUDE,,,,,,,,,,,,,,,-0.0011741839116439223,-0.0007196874939836562,-2.3638222217559814,,
1790036571.6801372,RAW_IMU,,,,,,,,,0,0,-1009,3,3,3,,,,,
1790036571.6960917,ATTITUDE,,,,,,,,,,,,,,,-0.0011682362528517842,-0.0007030185079202056,-2.3638298511505127,,
1790036571.696972,RAW_IMU,,,,,,,,,0,0,-1009,3,4,3,,,,,
1790036571.71651,ATTITUDE,,,,,,,,,,,,,,,-0.0011660257587209344,-0.0006869385833851993,-2.3638358116149902,,
1790036571.718697,RAW_IMU,,,,,,,,,0,0,-1009,3,4,3,,,,,
1790036571.736642,ATTITUDE,,,,,,,,,,,,,,,-0.0011645752238109708,-0.0006725227576680481,-2.363842487335205,,
1790036571.7378573,RAW_IMU,,,,,,,,,0,0,-1009,3,4,3,,,,,
1790036571.756236,ATTITUDE,,,,,,,,,,,,,,,-0.0011627180501818657,-0.0006588341784663498,-2.3638498783111572,,
1790036571.7579875,RAW_IMU,,,,,,,,,0,0,-1009,3,4,3,,,,,
1790036571.7753937,GLOBAL_POSITION_INT,-35.3606891,149.1682261,590.05,9.947,-0.02,0.0,-0.03,224.57,,,,,,,,,,,
1790036571.7775912,GPS_RAW_INT,,,,,,,,,,,,,,,,,,6,10
1790036571.7792225,ATTITUDE,,,,,,,,,,,,,,,-0.0011619686847552657,-0.0006842066650278866,-2.363856554031372,,
1790036571.7802176,RAW_IMU,,,,,,,,,0,0,-1008,3,2,3,,,,,
1790036571.794808,ATTITUDE,,,,,,,,,,,,,,,-0.0011588620254769921,-0.0006803128635510802,-2.363860845565796,,
1790036571.7957265,RAW_IMU,,,,,,,,,0,0,-1007,3,3,3,,,,,
1790036571.8146107,ATTITUDE,,,,,,,,,,,,,,,-0.0011576059041544795,-0.0006806142046116292,-2.363860845565796,,
1790036571.816091,RAW_IMU,,,,,,,,,0,0,-1006,3,3,3,,,,,
1790036571.835237,ATTITUDE,,,,,,,,,,,,,,,-0.0011589035857468843,-0.0007292093359865248,-2.363860845565796,,
1790036571.8366842,RAW_IMU,,,,,,,,,0,0,-1006,2,0,3,,,,,
1790036571.8550715,ATTITUDE,,,,,,,,,,,,,,,-0.001133954618126154,-0.0007300690049305558,-2.363860607147217,,
1790036571.8560002,RAW_IMU,,,,,,,,,0,0,-1006,4,3,3,,,,,
1790036571.8866537,GLOBAL_POSITION_INT,-35.3606891,149.1682261,590.05,9.949,-0.02,0.0,-0.04,224.57,,,,,,,,,,,
1790036571.888093,GPS_RAW_INT,,,,,,,,,,,,,,,,,,6,10
1790036571.8887718,ATTITUDE,,,,,,,,,,,,,,,-0.001150805503129959,-0.0007326531922444701,-2.3638596534729004,,
1790036571.8893495,RAW_IMU,,,,,,,,,0,0,-1005,2,3,3,,,,,
1790036571.8956454,ATTITUDE,,,,,,,,,,,,,,,-0.0011661380995064974,-0.0007335488335229456,-2.3638598918914795,,
1790036571.8966098,RAW_IMU,,,,,,,,,0,0,-1005,2,3,3,,,,,
1790036571.915182,ATTITUDE,,,,,,,,,,,,,,,-0.0011815346078947186,-0.0007359344745054841,-2.3638594150543213,,
1790036571.916397,RAW_IMU,,,,,,,,,0,0,-1005,2,3,3,,,,,
1790036571.9358,ATTITUDE,,,,,,,,,,,,,,,-0.0011968782637268305,-0.0007373288972303271,-2.363860607147217,,
1790036571.9375248,RAW_IMU,,,,,,,,,0,0,-1005,2,3,3,,,,,
1790036571.9547772,ATTITUDE,,,,,,,,,,,,,,,-0.0012128385715186596,-0.0007401805487461388,-2.3638620376586914,,
1790036571.956044,RAW_IMU,,,,,,,,,0,0,-1005,2,3,3,,,,,
1790036571.9747384,GLOBAL_POSITION_INT,-35.3606891,149.1682261,590.06,9.95,-0.02,0.0,-0.04,224.57,,,,,,,,,,,
1790036571.9761016,GPS_RAW_INT,,,,,,,,,,,,,,,,,,6,10
1790036571.9781528,ATTITUDE,,,,,,,,,,,,,,,-0.0012204721570014954,-0.0007236023084260523,-2.363863706588745,,
1790036571.9796016,RAW_IMU,,,,,,,,,0,0,-1004,2,4,3,,,,,
1790036571.994723,ATTITUDE,,,,,,,,,,,,,,,-0.0012165587395429611,-0.0007409006357192993,-2.3638646602630615,,
1790036571.9965172,RAW_IMU,,,,,,,,,0,0,-1003,3,2,3,,,,,
1790036572.0145721,ATTITUDE,,,,,,,,,,,,,,,-0.001238033059053123,-0.0007643559365533292,-2.363860845565796,,
1790036572.0165057,RAW_IMU,,,,,,,,,0,0,-1002,2,2,3,,,,,
1790036572.035977,ATTITUDE,,,,,,,,,,,,,,,-0.00119670236017555,-0.0007826682995073497,-2.3638522624969482,,
1790036572.0374303,RAW_IMU,,,,,,,,,0,0,-1003,5,2,4,,,,,
1790036572.0570273,ATTITUDE,,,,,,,,,,,,,,,-0.001218583551235497,-0.0008010651217773557,-2.3638412952423096,,
1790036572.0580378,RAW_IMU,,,,,,,,,0,0,-1002,2,2,4,,,,,
1790036572.0766926,GLOBAL_POSITION_INT,-35.3606891,149.1682261,590.06,9.953,-0.02,0.0,-0.04,224.57,,,,,,,,,,,
1790036572.0777104,GPS_RAW_INT,,,,,,,,,,,,,,,,,,6,10
1790036572.0788352,ATTITUDE,,,,,,,,,,,,,,,-0.0011694557033479214,-0.0008179245633073151,-2.363830327987671,,
1790036572.0794334,RAW_IMU,,,,,,,,,0,0,-1002,5,2,4,,,,,
1790036572.0982654,ATTITUDE,,,,,,,,,,,,,,,-0.0011844717664644122,-0.0008356291218660772,-2.3638205528259277,,
1790036572.0991695,RAW_IMU,,,,,,,,,0,0,-1002,3,2,4,,,,,
1790036572.1344895,ATTITUDE,,,,,,,,,,,,,,,-0.0011997955152764916,-0.0008514857618138194,-2.363809585571289,,
1790036572.1360538,RAW_IMU,,,,,,,,,0,0,-1002,2,2,4,,,,,
1790036572.1401896,ATTITUDE,,,,,,,,,,,,,,,-0.0012154981959611177,-0.0008679261663928628,-2.3637990951538086,,
1790036572.1417005,RAW_IMU,,,,,,,,,0,0,-1002,2,2,4,,,,,
1790036572.1595352,ATTITUDE,,,,,,,,,,,,,,,-0.001230885973200202,-0.0008843369432725012,-2.3637893199920654,,
1790036572.1606786,RAW_IMU,,,,,,,,,0,0,-1002,2,2,4,,,,,
1790036572.1739497,GLOBAL_POSITION_INT,-35.3606891,149.1682261,590.06,9.955,-0.02,0.0,-0.04,224.57,,,,,,,,,,,
1790036572.1753974,GPS_RAW_INT,,,,,,,,,,,,,,,,,,6,10
1790036572.1793654,ATTITUDE,,,,,,,,,,,,,,,-0.0012468730565160513,-0.0009009394561871886,-2.363783359527588,,
1790036572.1808758,RAW_IMU,,,,,,,,,0,0,-1002,2,2,4,,,,,
1790036572.19965,ATTITUDE,,,,,,,,,,,,,,,-0.0012626046082004905,-0.0009165634401142597,-2.363776445388794,,
1790036572.2012994,RAW_IMU,,,,,,,,,0,0,-1002,2,2,4,,,,,
1790036572.2196229,ATTITUDE,,,,,,,,,,,,,,,-0.0012595959706231952,-0.000933587143663317,-2.363769292831421,,
1790036572.2210717,RAW_IMU,,,,,,,,,0,0,-1002,3,2,4,,,,,
1790036572.2397757,ATTITUDE,,,,,,,,,,,,,,,-0.001266072504222393,-0.0009178814361803234,-2.3637635707855225,,
1790036572.2411063,RAW_IMU,,,,,,,,,0,0,-1000,3,4,4,,,,,
1790036572.2596292,ATTITUDE,,,,,,,,,,,,,,,-0.0012591027189046144,-0.0009570523397997022,-2.3637595176696777,,
1790036572.2607474,RAW_IMU,,,,,,,,,0,0,-1000,3,1,3,,,,,
1790036572.273769,GLOBAL_POSITION_INT,-35.3606891,149.1682261,590.06,9.958,-0.02,0.0,-0.04,224.57,,,,,,,,,,,
1790036572.2746627,GPS_RAW_INT,,,,,,,,,,,,,,,,,,6,10
1790036572.2794263,ATTITUDE,,,,,,,,,,,,,,,-0.0012529805535450578,-0.000915463431738317,-2.363757371902466,,
1790036572.2805555,RAW_IMU,,,,,,,,,0,0,-1000,4,5,3,,,,,
1790036572.2998428,ATTITUDE,,,,,,,,,,,,,,,-0.0012622472131624818,-0.0009456339757889509,-2.363755941390991,,
1790036572.3004494,RAW_IMU,,,,,,,,,0,0,-1000,2,2,3,,,,,
1790036572.3195813,ATTITUDE,,,,,,,,,,,,,,,-0.0012282126117497683,-0.0008997011464089155,-2.363754987716675,,
1790036572.3203561,RAW_IMU,,,,,,,,,0,0,-999,5,5,3,,,,,
1790036572.3396418,ATTITUDE,,,,,,,,,,,,,,,-0.0012241401709616184,-0.0009227811824530363,-2.363757371902466,,
1790036572.3409128,RAW_IMU,,,,,,,,,0,0,-999,3,2,3,,,,,
1790036572.3595297,ATTITUDE,,,,,,,,,,,,,,,-0.0012205274542793632,-0.0009407473844476044,-2.363760232925415,,
1790036572.360315,RAW_IMU,,,,,,,,,0,0,-999,3,2,3,,,,,
1790036572.387052,GLOBAL_POSITION_INT,-35.3606891,149.1682261,590.07,9.962,-0.02,0.0,-0.04,224.57,,,,,,,,,,,
1790036572.3889792,GPS_RAW_INT,,,,,,,,,,,,,,,,,,6,10
1790036572.3901665,ATTITUDE,,,,,,,,,,,,,,,-0.0012182524660602212,-0.0009556224104017019,-2.3637640476226807,,
1790036572.3911476,RAW_IMU,,,,,,,,,0,0,-999,3,2,3,,,,,
1790036572.395137,ATTITUDE,,,,,,,,,,,,,,,-0.0012168424436822534,-0.0009697017958387733,-2.363769292831421,,
1790036572.3966112,RAW_IMU,,,,,,,,,0,0,-999,3,2,3,,,,,
1790036572.4164205,ATTITUDE,,,,,,,,,,,,,,,-0.0012160855112597346,-0.0009835036471486092,-2.3637731075286865,,
1790036572.4183326,RAW_IMU,,,,,,,,,0,0,-999,3,2,3,,,,,
1790036572.4374278,ATTITUDE,,,,,,,,,,,,,,,-0.0012116690631955862,-0.000994540867395699,-2.3637750148773193,,
1790036572.4391963,RAW_IMU,,,,,,,,,0,0,-999,3,2,3,,,,,
1790036572.457027,ATTITUDE,,,,,,,,,,,,,,,-0.0012082094326615334,-0.0010042806388810277,-2.363779067993164,,
1790036572.4589894,RAW_IMU,,,,,,,,,0,0,-999,3,2,3,,,,,
1790036572.4765725,GLOBAL_POSITION_INT,-35.3606891,149.1682261,590.07,9.965,-0.02,0.0,-0.04,224.57,,,,,,,,,,,
1790036572.4779217,GPS_RAW_INT,,,,,,,,,,,,,,,,,,6,10
1790036572.479337,ATTITUDE,,,,,,,,,,,,,,,-0.0012050463119521737,-0.0010139166843146086,-2.3637843132019043,,
1790036572.4806447,RAW_IMU,,,,,,,,,0,0,-999,3,2,3,,,,,
1790036572.4966533,ATTITUDE,,,,,,,,,,,,,,,-0.0012014138046652079,-0.001025143195874989,-2.3637897968292236,,
1790036572.497712,RAW_IMU,,,,,,,,,0,0,-999,3,2,3,,,,,
1790036572.5142934,ATTITUDE,,,,,,,,,,,,,,,-0.0011984292650595307,-0.001034785294905305,-2.3637940883636475,,
1790036572.5146475,RAW_IMU,,,,,,,,,0,0,-999,3,2,3,,,,,
1790036572.5374694,ATTITUDE,,,,,,,,,,,,,,,-0.0011964974692091346,-0.001043903175741434,-2.3637988567352295,,
1790036572.5381255,RAW_IMU,,,,,,,,,0,0,-999,3,2,3,,,,,
1790036572.5568507,ATTITUDE,,,,,,,,,,,,,,,-0.0011956149246543646,-0.0010425543878227472,-2.3638038635253906,,
1790036572.557649,RAW_IMU,,,,,,,,,0,0,-999,3,3,3,,,,,
1790036572.573549,GLOBAL_POSITION_INT,-35.3606891,149.1682261,590.07,9.969,-0.02,0.0,-0.04,224.57,,,,,,,,,,,
1790036572.5739148,GPS_RAW_INT,,,,,,,,,,,,,,,,,,6,10
1790036572.5789914,ATTITUDE,,,,,,,,,,,,,,,-0.0011950493790209293,-0.0010361374588683248,-2.363809585571289,,
1790036572.5799022,RAW_IMU,,,,,,,,,0,0,-999,3,3,3,,,,,
1790036572.5966265,ATTITUDE,,,,,,,,,,,,,,,-0.0012080486631020904,-0.0010299113346263766,-2.36381196975708,,
1790036572.5970747,RAW_IMU,,,,,,,,,0,0,-997,2,3,3,,,,,
1790036572.6226609,ATTITUDE,,,,,,,,,,,,,,,-0.001193358446471393,-0.0010240497067570686,-2.363809108734131,,
1790036572.6232784,RAW_IMU,,,,,,,,,0,0,-996,4,3,3,,,,,
1790036572.6376724,ATTITUDE,,,,,,,,,,,,,,,-0.0012536346912384033,-0.0009556067525409162,-2.3638038635253906,,
1790036572.6381094,RAW_IMU,,,,,,,,,0,0,-997,0,6,3,,,,,
1790036572.6549702,ATTITUDE,,,,,,,,,,,,,,,-0.0012218535412102938,-0.0009569126414135098,-2.363799571990967,,
1790036572.6555462,RAW_IMU,,,,,,,,,0,0,-998,4,3,3,,,,,
1790036572.67302,GLOBAL_POSITION_INT,-35.3606891,149.1682261,590.08,9.972,-0.02,0.0,-0.03,224.57,,,,,,,,,,,
1790036572.6739318,GPS_RAW_INT,,,,,,,,,,,,,,,,,,6,10
1790036572.6790137,ATTITUDE,,,,,,,,,,,,,,,-0.001261871657334268,-0.0008998610428534448,-2.3637967109680176,,
1790036572.6796265,RAW_IMU,,,,,,,,,0,0,-997,1,5,3,,,,,
1790036572.6994796,ATTITUDE,,,,,,,,,,,,,,,-0.0012217313051223755,-0.0008946600137278438,-2.3637943267822266,,
1790036572.7007148,RAW_IMU,,,,,,,,,0,0,-997,4,4,3,,,,,
1790036572.7195418,ATTITUDE,,,,,,,,,,,,,,,-0.0012525392230600119,-0.000856997212395072,-2.3637914657592773,,
1790036572.721237,RAW_IMU,,,,,,,,,0,0,-997,2,4,3,,,,,
1790036572.7396905,ATTITUDE,,,,,,,,,,,,,,,-0.00121336430311203,-0.000854071753565222,-2.363788604736328,,
1790036572.740985,RAW_IMU,,,,,,,,,0,0,-997,4,4,3,,,,,
1790036572.7594905,ATTITUDE,,,,,,,,,,,,,,,-0.0012573741842061281,-0.0008191152010113001,-2.36378812789917,,
1790036572.7605276,RAW_IMU,,,,,,,,,0,0,-997,1,4,3,,,,,
1790036572.7738771,GLOBAL_POSITION_INT,-35.3606891,149.1682261,590.08,9.975,-0.02,0.0,-0.03,224.57,,,,,,,,,,,
1790036572.7750118,GPS_RAW_INT,,,,,,,,,,,,,,,,,,6,10
1790036572.7792675,ATTITUDE,,,,,,,,,,,,,,,-0.0012370619224384427,-0.0008210958330892026,-2.3637893199920654,,
1790036572.780101,RAW_IMU,,,,,,,,,0,0,-997,3,4,3,,,,,
1790036572.7994413,ATTITUDE,,,,,,,,,,,,,,,-0.001251398352906108,-0.0008055305224843323,-2.3637895584106445,,
1790036572.8008344,RAW_IMU,,,,,,,,,0,0,-997,3,3,3,,,,,
1790036572.814315,ATTITUDE,,,,,,,,,,,,,,,-0.0012312120525166392,-0.0007922679651528597,-2.3637897968292236,,
1790036572.8157554,RAW_IMU,,,,,,,,,0,0,-997,3,4,3,,,,,
1790036572.834977,ATTITUDE,,,,,,,,,,,,,,,-0.001227603992447257,-0.0007918293122202158,-2.363788604736328,,
1790036572.836304,RAW_IMU,,,,,,,,,0,0,-997,4,2,3,,,,,
1790036572.8595626,ATTITUDE,,,,,,,,,,,,,,,-0.001257003634236753,-0.0007433295249938965,-2.3637869358062744,,
1790036572.8613086,RAW_IMU,,,,,,,,,0,0,-997,1,5,3,,,,,
1790036572.8876362,GLOBAL_POSITION_INT,-35.3606891,149.1682261,590.08,9.977,-0.02,0.0,-0.03,224.57,,,,,,,,,,,
1790036572.8885303,GPS_RAW_INT,,,,,,,,,,,,,,,,,,6,10
1790036572.8893309,ATTITUDE,,,,,,,,,,,,,,,-0.001239420147612691,-0.0007400210597552359,-2.3637855052948,,
1790036572.8908327,RAW_IMU,,,,,,,,,0,0,-997,4,3,3,,,,,
1790036572.8992934,ATTITUDE,,,,,,,,,,,,,,,-0.0012817505048587918,-0.0006786916637793183,-2.363785743713379,,
1790036572.900774,RAW_IMU,,,,,,,,,0,0,-997,1,6,3,,,,,
1790036572.919533,ATTITUDE,,,,,,,,,,,,,,,-0.0012836904497817159,-0.0006875820690765977,-2.3637852668762207,,
1790036572.920942,RAW_IMU,,,,,,,,,0,0,-997,3,2,3,,,,,
1790036572.9401631,ATTITUDE,,,,,,,,,,,,,,,-0.001344033400528133,-0.0006349289906211197,-2.3637852668762207,,
1790036572.9412935,RAW_IMU,,,,,,,,,0,0,-997,0,5,3,,,,,
1790036572.9594262,ATTITUDE,,,,,,,,,,,,,,,-0.0013117599301040173,-0.0006598703912459314,-2.363786458969116,,
1790036572.9608383,RAW_IMU,,,,,,,,,0,0,-997,4,2,3,,,,,
1790036572.9732695,GLOBAL_POSITION_INT,-35.3606891,149.1682261,590.08,9.979,-0.02,0.0,-0.02,224.57,,,,,,,,,,,
1790036572.9742548,GPS_RAW_INT,,,,,,,,,,,,,,,,,,6,10
1790036572.979341,ATTITUDE,,,,,,,,,,,,,,,-0.0013627540320158005,-0.0006052122334949672,-2.3637888431549072,,
1790036572.981025,RAW_IMU,,,,,,,,,0,0,-998,1,5,3,,,,,
1790036572.9993327,ATTITUDE,,,,,,,,,,,,,,,-0.0013491580029949546,-0.000642433762550354,-2.3637919425964355,,
1790036573.001239,RAW_IMU,,,,,,,,,0,0,-998,3,1,3,,,,,
1790036573.019552,ATTITUDE,,,,,,,,,,,,,,,-0.0013948874548077583,-0.0005943500436842442,-2.363793134689331,,
1790036573.0207944,RAW_IMU,,,,,,,,,0,0,-998,1,5,3,,,,,
1790036573.0400035,ATTITUDE,,,,,,,,,,,,,,,-0.0013506037648767233,-0.0006095560966059566,-2.363795280456543,,
1790036573.0416043,RAW_IMU,,,,,,,,,0,0,-998,5,3,3,,,,,
1790036573.0544496,ATTITUDE,,,,,,,,,,,,,,,-0.0013823831686750054,-0.0005664494237862527,-2.3637969493865967,,
1790036573.0552819,RAW_IMU,,,,,,,,,0,0,-998,2,4,3,,,,,
1790036573.073711,GLOBAL_POSITION_INT,-35.3606891,149.1682261,590.09,9.98,-0.02,0.0,-0.02,224.57,,,,,,,,,,,
1790036573.0745816,GPS_RAW_INT,,,,,,,,,,,,,,,,,,6,10
1790036573.0792506,ATTITUDE,,,,,,,,,,,,,,,-0.0013375544222071767,-0.0005574884125962853,-2.3637986183166504,,
1790036573.0801218,RAW_IMU,,,,,,,,,0,0,-998,4,4,3,,,,,
1790036573.0993183,ATTITUDE,,,,,,,,,,,,,,,-0.0013636606745421886,-0.0005486925365403295,-2.3638010025024414,,
1790036573.1006968,RAW_IMU,,,,,,,,,0,0,-998,2,3,3,,,,,
1790036573.142115,ATTITUDE,,,,,,,,,,,,,,,-0.001359428046271205,-0.0005265932413749397,-2.363802909851074,,
1790036573.1430717,RAW_IMU,,,,,,,,,0,0,-998,2,4,3,,,,,
1790036573.1445096,ATTITUDE,,,,,,,,,,,,,,,-0.00133989448659122,-0.0005387072451412678,-2.363804340362549,,
1790036573.1456354,RAW_IMU,,,,,,,,,0,0,-998,4,2,3,,,,,
1790036573.1544225,ATTITUDE,,,,,,,,,,,,,,,-0.0013532850425690413,-0.0004965743864886463,-2.36380934715271,,
1790036573.1553993,RAW_IMU,,,,,,,,,0,0,-999,2,5,3,,,,,
1790036573.1735604,GLOBAL_POSITION_INT,-35.3606891,149.1682261,590.09,9.981,-0.02,0.0,-0.02,224.57,,,,,,,,,,,
1790036573.1750362,GPS_RAW_INT,,,,,,,,,,,,,,,,,,6,10
1790036573.1793685,ATTITUDE,,,,,,,,,,,,,,,-0.0013669246109202504,-0.0004925599205307662,-2.3638126850128174,,
1790036573.1805701,RAW_IMU,,,,,,,,,0,0,-999,2,3,3,,,,,
1790036573.1992974,ATTITUDE,,,,,,,,,,,,,,,-0.0013812973629683256,-0.0004902315558865666,-2.363816976547241,,
1790036573.2008178,RAW_IMU,,,,,,,,,0,0,-999,2,3,3,,,,,
1790036573.2151525,ATTITUDE,,,,,,,,,,,,,,,-0.0013944574166089296,-0.00048803345998749137,-2.3638198375701904,,
1790036573.2168307,RAW_IMU,,,,,,,,,0,0,-999,2,3,3,,,,,
1790036573.235148,ATTITUDE,,,,,,,,,,,,,,,-0.0014026814606040716,-0.0004829640965908766,-2.3638224601745605,,
1790036573.236644,RAW_IMU,,,,,,,,,0,0,-999,2,3,3,,,,,
1790036573.2546422,ATTITUDE,,,,,,,,,,,,,,,-0.0014115371741354465,-0.00047767776413820684,-2.3638265132904053,,
1790036573.2555103,RAW_IMU,,,,,,,,,0,0,-999,2,3,3,,,,,
1790036573.2739465,GLOBAL_POSITION_INT,-35.3606891,149.1682261,590.09,9.981,-0.02,0.0,-0.02,224.57,,,,,,,,,,,
1790036573.274738,GPS_RAW_INT,,,,,,,,,,,,,,,,,,6,10
1790036573.2791295,ATTITUDE,,,,,,,,,,,,,,,-0.0014191747177392244,-0.00047257388359867036,-2.363830804824829,,
1790036573.2809231,RAW_IMU,,,,,,,,,0,0,-999,2,3,3,,,,,
1790036573.299482,ATTITUDE,,,,,,,,,,,,,,,-0.001427887356840074,-0.0004683761508204043,-2.363834857940674,,
1790036573.3007782,RAW_IMU,,,,,,,,,0,0,-999,2,3,3,,,,,
1790036573.3193703,ATTITUDE,,,,,,,,,,,,,,,-0.0014369032578542829,-0.00046444073086604476,-2.363837718963623,,
1790036573.321076,RAW_IMU,,,,,,,,,0,0,-999,2,3,3,,,,,
1790036573.3395958,ATTITUDE,,,,,,,,,,,,,,,-0.0014448395231738687,-0.00046097347512841225,-2.3638405799865723,,
1790036573.3410897,RAW_IMU,,,,,,,,,0,0,-999,2,3,3,,,,,
1790036573.3542025,ATTITUDE,,,,,,,,,,,,,,,-0.001453727250918746,-0.0004580126842483878,-2.3638460636138916,,
1790036573.355008,RAW_IMU,,,,,,,,,0,0,-999,2,3,3,,,,,
1790036573.3909593,GLOBAL_POSITION_INT,-35.3606891,149.1682261,590.09,9.982,-0.02,0.0,-0.01,224.57,,,,,,,,,,,
1790036573.3917675,GPS_RAW_INT,,,,,,,,,,,,,,,,,,6,10
1790036573.3926232,ATTITUDE,,,,,,,,,,,,,,,-0.0014627923956140876,-0.0004569297016132623,-2.3638529777526855,,
1790036573.3944235,RAW_IMU,,,,,,,,,0,0,-999,2,3,3,,,,,
1790036573.3954291,ATTITUDE,,,,,,,,,,,,,,,-0.0014733215793967247,-0.00045659911120310426,-2.363858222961426,,
1790036573.3965955,RAW_IMU,,,,,,,,,0,0,-999,2,3,3,,,,,
1790036573.4142864,ATTITUDE,,,,,,,,,,,,,,,-0.0014830349246039987,-0.00045708793913945556,-2.363863468170166,,
1790036573.4161212,RAW_IMU,,,,,,,,,0,0,-999,2,3,3,,,,,
1790036573.434719,ATTITUDE,,,,,,,,,,,,,,,-0.0014883462572470307,-0.00045290254638530314,-2.363868474960327,,
1790036573.4367352,RAW_IMU,,,,,,,,,0,0,-999,3,3,3,,,,,
1790036573.4550161,ATTITUDE,,,,,,,,,,,,,,,-0.001494039548560977,-0.00044853516737930477,-2.3638734817504883,,
1790036573.4563549,RAW_IMU,,,,,,,,,0,0,-999,2,3,3,,,,,
1790036573.4749384,GLOBAL_POSITION_INT,-35.3606891,149.1682261,590.09,9.982,-0.02,0.0,-0.01,224.56,,,,,,,,,,,
1790036573.4762251,GPS_RAW_INT,,,,,,,,,,,,,,,,,,6,10
1790036573.4773858,ATTITUDE,,,,,,,,,,,,,,,-0.001498655416071415,-0.00044478458585217595,-2.363879442214966,,
1790036573.478246,RAW_IMU,,,,,,,,,0,0,-999,3,3,3,,,,,
1790036573.4952087,ATTITUDE,,,,,,,,,,,,,,,-0.001504540559835732,-0.00044127702130936086,-2.3638863563537598,,
1790036573.4971766,RAW_IMU,,,,,,,,,0,0,-999,3,3,3,,,,,
1790036573.5153315,ATTITUDE,,,,,,,,,,,,,,,-0.001509190071374178,-0.000438284216215834,-2.363891363143921,,
1790036573.516737,RAW_IMU,,,,,,,,,0,0,-999,3,3,3,,,,,
1790036573.5350544,ATTITUDE,,,,,,,,,,,,,,,-0.0015155008295550942,-0.00043621615623123944,-2.3638973236083984,,
1790036573.5368743,RAW_IMU,,,,,,,,,0,0,-999,3,3,3,,,,,
1790036573.554963,ATTITUDE,,,,,,,,,,,,,,,-0.0015038402052596211,-0.00043442525202408433,-2.3639042377471924,,
1790036573.5558364,RAW_IMU,,,,,,,,,0,0,-1000,3,3,3,,,,,
1790036573.5750287,GLOBAL_POSITION_INT,-35.3606891,149.1682261,590.09,9.982,-0.02,0.0,-0.01,224.56,,,,,,,,,,,
1790036573.5764332,GPS_RAW_INT,,,,,,,,,,,,,,,,,,6,10
1790036573.5785573,ATTITUDE,,,,,,,,,,,,,,,-0.001510157366283238,-0.00043391689541749656,-2.363909959793091,,
1790036573.5800655,RAW_IMU,,,,,,,,,0,0,-1000,3,3,3,,,,,
1790036573.5951774,ATTITUDE,,,,,,,,,,,,,,,-0.0014805598184466362,-0.00043569906847551465,-2.3639116287231445,,
1790036573.5961802,RAW_IMU,,,,,,,,,0,0,-1000,4,3,3,,,,,
1790036573.6377146,ATTITUDE,,,,,,,,,,,,,,,-0.0014532122295349836,-0.0004368910740595311,-2.3639097213745117,,
1790036573.6389313,RAW_IMU,,,,,,,,,0,0,-1000,5,3,3,,,,,
1790036573.640714,ATTITUDE,,,,,,,,,,,,,,,-0.0014232147950679064,-0.0004344151820987463,-2.3639042377471924,,
1790036573.6424522,RAW_IMU,,,,,,,,,0,0,-1000,4,3,4,,,,,
1790036573.6553807,ATTITUDE,,,,,,,,,,,,,,,-0.0013602781109511852,-0.00043125308002345264,-2.3638956546783447,,
1790036573.657011,RAW_IMU,,,,,,,,,0,0,-1000,6,3,4,,,,,
1790036573.6752682,GLOBAL_POSITION_INT,-35.3606891,149.1682261,590.09,9.983,-0.02,0.0,-0.01,224.56,,,,,,,,,,,
1790036573.6773403,GPS_RAW_INT,,,,,,,,,,,,,,,,,,6,10
1790036573.679094,ATTITUDE,,,,,,,,,,,,,,,-0.0013621151447296143,-0.00043842309969477355,-2.3638854026794434,,
1790036573.6805835,RAW_IMU,,,,,,,,,0,0,-1000,3,3,4,,,,,
1790036573.6958895,ATTITUDE,,,,,,,,,,,,,,,-0.0012965014902874827,-0.0004921621293760836,-2.3638739585876465,,
1790036573.6969068,RAW_IMU,,,,,,,,,0,0,-1000,6,0,4,,,,,
1790036573.7158148,ATTITUDE,,,,,,,,,,,,,,,-0.001318437629379332,-0.0005273732822388411,-2.3638617992401123,,
1790036573.7167892,RAW_IMU,,,,,,,,,0,0,-1000,2,1,4,,,,,
1790036573.7361686,ATTITUDE,,,,,,,,,,,,,,,-0.0012508376967161894,-0.0006052841781638563,-2.363846778869629,,
1790036573.7377667,RAW_IMU,,,,,,,,,0,0,-1000,6,0,4,,,,,
1790036573.7570024,ATTITUDE,,,,,,,,,,,,,,,-0.0012641671346500516,-0.0006406149477697909,-2.363832950592041,,
1790036573.7584007,RAW_IMU,,,,,,,,,0,0,-1000,3,1,4,,,,,
1790036573.7768867,GLOBAL_POSITION_INT,-35.3606891,149.1682261,590.09,9.984,-0.02,0.0,-0.01,224.57,,,,,,,,,,,
1790036573.7779841,GPS_RAW_INT,,,,,,,,,,,,,,,,,,6,10
1790036573.7794888,ATTITUDE,,,,,,,,,,,,,,,-0.0012094916310161352,-0.0007270119967870414,-2.363821506500244,,
1790036573.7811275,RAW_IMU,,,,,,,,,0,0,-1001,5,0,4,,,,,
1790036573.797022,ATTITUDE,,,,,,,,,,,,,,,-0.0012194677256047726,-0.0007485433015972376,-2.36381196975708,,
1790036573.7976413,RAW_IMU,,,,,,,,,0,0,-1001,3,2,4,,,,,
1790036573.8165958,ATTITUDE,,,,,,,,,,,,,,,-0.0011947988532483578,-0.0008171090157702565,-2.3638031482696533,,
1790036573.8175879,RAW_IMU,,,,,,,,,0,0,-1000,4,0,4,,,,,
1790036573.835079,ATTITUDE,,,,,,,,,,,,,,,-0.0011725894873961806,-0.0008109964546747506,-2.3637962341308594,,
1790036573.8357565,RAW_IMU,,,,,,,,,0,0,-1000,4,3,4,,,,,
1790036573.8558602,ATTITUDE,,,,,,,,,,,,,,,-0.0011649694060906768,-0.0008756585302762687,-2.3637912273406982,,
1790036573.8578424,RAW_IMU,,,,,,,,,0,0,-1000,3,0,4,,,,,
1790036573.8829236,GLOBAL_POSITION_INT,-35.3606891,149.1682261,590.09,9.985,-0.02,0.0,-0.01,224.57,,,,,,,,,,,
1790036573.8836443,GPS_RAW_INT,,,,,,,,,,,,,,,,,,6,10
1790036573.8844001,ATTITUDE,,,,,,,,,,,,,,,-0.0011104625882580876,-0.0008523159194737673,-2.3637888431549072,,
1790036573.8853967,RAW_IMU,,,,,,,,,0,0,-1000,5,4,3,,,,,
1790036573.8965156,ATTITUDE,,,,,,,,,,,,,,,-0.0010768742067739367,-0.0009038716088980436,-2.363787889480591,,
1790036573.897949,RAW_IMU,,,,,,,,,0,0,-1000,5,1,3,,,,,
1790036573.9168227,ATTITUDE,,,,,,,,,,,,,,,-0.0010448769899085164,-0.0008809071150608361,-2.3637897968292236,,
1790036573.9184325,RAW_IMU,,,,,,,,,0,0,-1000,4,3,3,,,,,
1790036573.9376483,ATTITUDE,,,,,,,,,,,,,,,-0.001014379900880158,-0.0009149865945801139,-2.3637940883636475,,
1790036573.9391577,RAW_IMU,,,,,,,,,0,0,-1000,4,2,3,,,,,
1790036573.9575677,ATTITUDE,,,,,,,,,,,,,,,-0.0010218898532912135,-0.000903973588719964,-2.363800525665283,,
1790036573.9587064,RAW_IMU,,,,,,,,,0,0,-1000,3,3,3,,,,,
1790036573.9769447,GLOBAL_POSITION_INT,-35.3606891,149.1682261,590.09,9.986,-0.02,0.0,-0.01,224.57,,,,,,,,,,,
1790036573.977942,GPS_RAW_INT,,,,,,,,,,,,,,,,,,6,10
1790036573.9801834,ATTITUDE,,,,,,,,,,,,,,,-0.0010130886221304536,-0.0009391600615344942,-2.36380934715271,,
1790036573.9812224,RAW_IMU,,,,,,,,,0,0,-1000,3,2,3,,,,,
1790036573.9965265,ATTITUDE,,,,,,,,,,,,,,,-0.000987208797596395,-0.0009426373871974647,-2.363820791244507,,
1790036573.997955,RAW_IMU,,,,,,,,,0,0,-1000,4,2,3,,,,,
1790036574.0165503,ATTITUDE,,,,,,,,,,,,,,,-0.0010224075522273779,-0.000947768276091665,-2.363830089569092,,
1790036574.0176592,RAW_IMU,,,,,,,,,0,0,-1000,1,3,3,,,,,
1790036574.0376554,ATTITUDE,,,,,,,,,,,,,,,-0.00099878606852144,-0.0009709284640848637,-2.3638410568237305,,
1790036574.0397604,RAW_IMU,,,,,,,,,0,0,-1000,4,1,3,,,,,
1790036574.057607,ATTITUDE,,,,,,,,,,,,,,,-0.0010175686329603195,-0.0009589199908077717,-2.3638503551483154,,
1790036574.0588267,RAW_IMU,,,,,,,,,0,0,-1000,2,3,3,,,,,
1790036574.0775044,GLOBAL_POSITION_INT,-35.3606891,149.1682261,590.09,9.987,-0.02,0.0,-0.01,224.57,,,,,,,,,,,
1790036574.078288,GPS_RAW_INT,,,,,,,,,,,,,,,,,,6,10
1790036574.0805392,ATTITUDE,,,,,,,,,,,,,,,-0.0009850194910541177,-0.000947479042224586,-2.363858699798584,,
1790036574.0820572,RAW_IMU,,,,,,,,,0,0,-1000,4,3,3,,,,,
1790036574.0977492,ATTITUDE,,,,,,,,,,,,,,,-0.0010339559521526098,-0.0009379067923873663,-2.363865375518799,,
1790036574.0987847,RAW_IMU,,,,,,,,,0,0,-1000,1,3,3,,,,,
1790036574.1383183,ATTITUDE,,,,,,,,,,,,,,,-0.0010362673783674836,-0.0009290182497352362,-2.363868474960327,,
1790036574.140305,RAW_IMU,,,,,,,,,0,0,-1000,2,3,3,,,,,
1790036574.1414275,ATTITUDE,,,,,,,,,,,,,,,-0.001058513531461358,-0.0009198797633871436,-2.3638691902160645,,
1790036574.1432707,RAW_IMU,,,,,,,,,0,0,-1000,2,3,3,,,,,
1790036574.158748,ATTITUDE,,,,,,,,,,,,,,,-0.0010651046177372336,-0.0009120702743530273,-2.3638691902160645,,
1790036574.1600914,RAW_IMU,,,,,,,,,0,0,-1000,2,3,3,,,,,
1790036574.172619,GLOBAL_POSITION_INT,-35.3606891,149.1682261,590.09,9.988,-0.02,0.0,-0.01,224.57,,,,,,,,,,,
1790036574.1737268,GPS_RAW_INT,,,,,,,,,,,,,,,,,,6,10
1790036574.1786094,ATTITUDE,,,,,,,,,,,,,,,-0.0010727477492764592,-0.0009045125916600227,-2.3638670444488525,,
1790036574.1796942,RAW_IMU,,,,,,,,,0,0,-1000,3,3,3,,,,,
1790036574.198751,ATTITUDE,,,,,,,,,,,,,,,-0.0011092110071331263,-0.0008976470562629402,-2.363863706588745,,
1790036574.200003,RAW_IMU,,,,,,,,,0,0,-1000,1,3,4,,,,,
1790036574.218479,ATTITUDE,,,,,,,,,,,,,,,-0.0011249175295233727,-0.0008932180935516953,-2.363856792449951,,
1790036574.2193925,RAW_IMU,,,,,,,,,0,0,-1000,2,3,4,,,,,
1790036574.239675,ATTITUDE,,,,,,,,,,,,,,,-0.001152900978922844,-0.0008844829280860722,-2.3638505935668945,,
1790036574.2411642,RAW_IMU,,,,,,,,,0,0,-1000,1,3,4,,,,,
1790036574.260154,ATTITUDE,,,,,,,,,,,,,,,-0.0011178776621818542,-0.0008757066098041832,-2.363842725753784,,
1790036574.2619777,RAW_IMU,,,,,,,,,0,0,-1000,5,3,4,,,,,
1790036574.2742014,GLOBAL_POSITION_INT,-35.3606891,149.1682261,590.09,9.989,-0.02,0.0,-0.01,224.57,,,,,,,,,,,
1790036574.2756019,GPS_RAW_INT,,,,,,,,,,,,,,,,,,6,10
1790036574.2796397,ATTITUDE,,,,,,,,,,,,,,,-0.001145069021731615,-0.0008699103491380811,-2.3638339042663574,,
1790036574.2804174,RAW_IMU,,,,,,,,,0,0,-1000,2,3,4,,,,,
1790036574.300078,ATTITUDE,,,,,,,,,,,,,,,-0.001111470046453178,-0.0008634125697426498,-2.363823890686035,,
1790036574.3010306,RAW_IMU,,,,,,,,,0,0,-1000,4,3,4,,,,,
1790036574.320127,ATTITUDE,,,,,,,,,,,,,,,-0.0011331720743328333,-0.0008562993025407195,-2.3638131618499756,,
1790036574.3219562,RAW_IMU,,,,,,,,,0,0,-1000,2,3,4,,,,,
1790036574.3403819,ATTITUDE,,,,,,,,,,,,,,,-0.0011413614265620708,-0.000850442738737911,-2.3638033866882324,,
1790036574.3419285,RAW_IMU,,,,,,,,,0,0,-1000,2,3,4,,,,,
1790036574.355283,ATTITUDE,,,,,,,,,,,,,,,-0.0011263425694778562,-0.0008469525491818786,-2.3637936115264893,,
1790036574.356908,RAW_IMU,,,,,,,,,0,0,-999,4,3,4,,,,,
1790036574.3883426,GLOBAL_POSITION_INT,-35.3606891,149.1682261,590.09,9.989,-0.02,0.0,-0.01,224.57,,,,,,,,,,,
1790036574.3900576,GPS_RAW_INT,,,,,,,,,,,,,,,,,,6,10
1790036574.3918467,ATTITUDE,,,,,,,,,,,,,,,-0.0011138784466311336,-0.0008438148070126772,-2.3637850284576416,,
1790036574.3929136,RAW_IMU,,,,,,,,,0,0,-999,4,3,4,,,,,
1790036574.395889,ATTITUDE,,,,,,,,,,,,,,,-0.0011018248042091727,-0.0008413927862420678,-2.3637776374816895,,
1790036574.397278,RAW_IMU,,,,,,,,,0,0,-999,4,3,4,,,,,
1790036574.4168894,ATTITUDE,,,,,,,,,,,,,,,-0.0010906041134148836,-0.000839445972815156,-2.36376953125,,
1790036574.418429,RAW_IMU,,,,,,,,,0,0,-1000,4,3,4,,,,,
1790036574.4376507,ATTITUDE,,,,,,,,,,,,,,,-0.001078951288945973,-0.0008336596074514091,-2.3637616634368896,,
1790036574.4389613,RAW_IMU,,,,,,,,,0,0,-999,3,3,4,,,,,
1790036574.4596627,ATTITUDE,,,,,,,,,,,,,,,-0.00108173000626266,-0.0008279772591777146,-2.3637542724609375,,
1790036574.4615793,RAW_IMU,,,,,,,,,0,0,-1000,3,3,4,,,,,
1790036574.474321,GLOBAL_POSITION_INT,-35.3606891,149.1682261,590.1,9.99,-0.02,0.0,-0.01,224.57,,,,,,,,,,,
1790036574.4758458,GPS_RAW_INT,,,,,,,,,,,,,,,,,,6,10
1790036574.4797146,ATTITUDE,,,,,,,,,,,,,,,-0.0010852506384253502,-0.000825496856123209,-2.363748550415039,,
1790036574.4813933,RAW_IMU,,,,,,,,,0,0,-1000,3,3,4,,,,,
1790036574.4998102,ATTITUDE,,,,,,,,,,,,,,,-0.0010898030595853925,-0.0008227742509916425,-2.3637473583221436,,
1790036574.5018165,RAW_IMU,,,,,,,,,0,0,-1000,3,3,3,,,,,
1790036574.5200202,ATTITUDE,,,,,,,,,,,,,,,-0.0010944603709504008,-0.000817540567368269,-2.3637497425079346,,
1790036574.5216057,RAW_IMU,,,,,,,,,0,0,-1000,3,2,3,,,,,
1790036574.5401802,ATTITUDE,,,,,,,,,,,,,,,-0.0010999274672940373,-0.0007970183505676687,-2.363754987716675,,
1790036574.5423634,RAW_IMU,,,,,,,,,0,0,-1000,3,4,3,,,,,
1790036574.5600307,ATTITUDE,,,,,,,,,,,,,,,-0.0011064824648201466,-0.0008095564553514123,-2.363766670227051,,
1790036574.561846,RAW_IMU,,,,,,,,,0,0,-1000,3,2,3,,,,,
1790036574.5741968,GLOBAL_POSITION_INT,-35.3606891,149.1682261,590.1,9.99,-0.02,0.0,0.0,224.57,,,,,,,,,,,
1790036574.5754333,GPS_RAW_INT,,,,,,,,,,,,,,,,,,6,10
1790036574.5797868,ATTITUDE,,,,,,,,,,,,,,,-0.001156167476437986,-0.0007935339817777276,-2.363779067993164,,
1790036574.5807867,RAW_IMU,,,,,,,,,0,0,-1000,1,4,3,,,,,
1790036574.5998073,ATTITUDE,,,,,,,,,,,,,,,-0.001143866335041821,-0.0008244297350756824,-2.3637917041778564,,
1790036574.6005867,RAW_IMU,,,,,,,,,0,0,-1001,3,1,3,,,,,
1790036574.63588,ATTITUDE,,,,,,,,,,,,,,,-0.0011897386284545064,-0.0007978095090948045,-2.363804817199707,,
1790036574.6374836,RAW_IMU,,,,,,,,,0,0,-1001,1,4,3,,,,,
1790036574.6398427,ATTITUDE,,,,,,,,,,,,,,,-0.0011626580962911248,-0.0008296583546325564,-2.3638150691986084,,
1790036574.6408575,RAW_IMU,,,,,,,,,0,0,-1001,3,1,3,,,,,
1790036574.6565058,ATTITUDE,,,,,,,,,,,,,,,-0.0012006249744445086,-0.0007929095299914479,-2.363825798034668,,
1790036574.6578462,RAW_IMU,,,,,,,,,0,0,-1000,2,4,3,,,,,
1790036574.6756587,GLOBAL_POSITION_INT,-35.3606891,149.1682261,590.1,9.99,-0.02,0.0,0.0,224.57,,,,,,,,,,,
1790036574.6765501,GPS_RAW_INT,,,,,,,,,,,,,,,,,,6,10
1790036574.6779015,ATTITUDE,,,,,,,,,,,,,,,-0.001218560035340488,-0.0008059726096689701,-2.3638346195220947,,
1790036574.6788774,RAW_IMU,,,,,,,,,0,0,-1000,1,2,3,,,,,
1790036574.695047,ATTITUDE,,,,,,,,,,,,,,,-0.0012205129023641348,-0.0008210636442527175,-2.3638412952423096,,
1790036574.6960337,RAW_IMU,,,,,,,,,0,0,-1000,3,2,3,,,,,
1790036574.714868,ATTITUDE,,,,,,,,,,,,,,,-0.0012549274833872914,-0.0008354928577318788,-2.3638436794281006,,
1790036574.716212,RAW_IMU,,,,,,,,,0,0,-1000,1,2,3,,,,,
1790036574.734999,ATTITUDE,,,,,,,,,,,,,,,-0.0012260520597919822,-0.000849481497425586,-2.3638429641723633,,
1790036574.736501,RAW_IMU,,,,,,,,,0,0,-1000,4,2,3,,,,,
1790036574.755109,ATTITUDE,,,,,,,,,,,,,,,-0.0012887032935395837,-0.0008541651186533272,-2.363839864730835,,
1790036574.7558959,RAW_IMU,,,,,,,,,0,0,-1001,0,2,3,,,,,
1790036574.7748473,GLOBAL_POSITION_INT,-35.3606891,149.1682261,590.1,9.99,-0.02,0.0,0.0,224.57,,,,,,,,,,,
1790036574.776048,GPS_RAW_INT,,,,,,,,,,,,,,,,,,6,10
1790036574.777706,ATTITUDE,,,,,,,,,,,,,,,-0.001261613448150456,-0.0008775607566349208,-2.363835573196411,,
1790036574.77891,RAW_IMU,,,,,,,,,0,0,-1001,4,2,4,,,,,
1790036574.7999983,ATTITUDE,,,,,,,,,,,,,,,-0.0013156294589862227,-0.0008513422799296677,-2.363830804824829,,
1790036574.801781,RAW_IMU,,,,,,,,,0,0,-1001,1,4,4,,,,,
1790036574.8199053,ATTITUDE,,,,,,,,,,,,,,,-0.0013065054081380367,-0.0008757287287153304,-2.363826036453247,,
1790036574.820959,RAW_IMU,,,,,,,,,0,0,-1001,3,2,4,,,,,
1790036574.8409653,ATTITUDE,,,,,,,,,,,,,,,-0.0013658261159434915,-0.0008095536031760275,-2.3638217449188232,,
1790036574.8423905,RAW_IMU,,,,,,,,,0,0,-1001,0,5,4,,,,,
1790036574.8553863,ATTITUDE,,,,,,,,,,,,,,,-0.0013331943191587925,-0.0008128680055961013,-2.363818407058716,,
1790036574.8573446,RAW_IMU,,,,,,,,,0,0,-1001,4,3,3,,,,,
1790036574.8869524,GLOBAL_POSITION_INT,-35.3606891,149.1682261,590.09,9.989,-0.02,0.0,0.0,224.57,,,,,,,,,,,
1790036574.8885655,GPS_RAW_INT,,,,,,,,,,,,,,,,,,6,10
1790036574.88938,ATTITUDE,,,,,,,,,,,,,,,-0.001359801273792982,-0.0007643926073797047,-2.3638148307800293,,
1790036574.890762,RAW_IMU,,,,,,,,,0,0,-1001,2,5,4,,,,,
1790036574.8962398,ATTITUDE,,,,,,,,,,,,,,,-0.0013377222931012511,-0.0007749496726319194,-2.3638112545013428,,
1790036574.8971248,RAW_IMU,,,,,,,,,0,0,-1001,3,3,4,,,,,
1790036574.9161716,ATTITUDE,,,,,,,,,,,,,,,-0.0013529373100027442,-0.0007407837547361851,-2.3638079166412354,,
1790036574.9171326,RAW_IMU,,,,,,,,,0,0,-1001,3,4,3,,,,,
1790036574.9368982,ATTITUDE,,,,,,,,,,,,,,,-0.001383360126055777,-0.0007528416463173926,-2.363807201385498,,
1790036574.9391146,RAW_IMU,,,,,,,,,0,0,-1001,1,3,3,,,,,
1790036574.9566343,ATTITUDE,,,,,,,,,,,,,,,-0.0013978715287521482,-0.0007214461220428348,-2.3638057708740234,,
1790036574.958057,RAW_IMU,,,,,,,,,0,0,-1001,3,4,3,,,,,
1790036574.9761503,GLOBAL_POSITION_INT,-35.3606891,149.1682261,590.09,9.989,-0.02,0.0,0.0,224.57,,,,,,,,,,,
1790036574.977261,GPS_RAW_INT,,,,,,,,,,,,,,,,,,6,10
1790036574.97887,ATTITUDE,,,,,,,,,,,,,,,-0.001445343834348023,-0.0007379354792647064,-2.363807201385498,,
1790036574.9802012,RAW_IMU,,,,,,,,,0,0,-1001,0,3,3,,,,,
1790036574.9963439,ATTITUDE,,,,,,,,,,,,,,,-0.001407619216479361,-0.0007217997335828841,-2.3638083934783936,,
1790036574.9976435,RAW_IMU,,,,,,,,,0,0,-1001,5,3,3,,,,,
1790036575.0157847,ATTITUDE,,,,,,,,,,,,,,,-0.0014491456095129251,-0.0007239808910526335,-2.3638081550598145,,
1790036575.0170326,RAW_IMU,,,,,,,,,0,0,-1001,1,3,3,,,,,
1790036575.0352721,ATTITUDE,,,,,,,,,,,,,,,-0.001395427854731679,-0.0007048780680634081,-2.3638083934783936,,
1790036575.036807,RAW_IMU,,,,,,,,,0,0,-1001,5,3,3,,,,,
1790036575.0548751,ATTITUDE,,,,,,,,,,,,,,,-0.0014139909762889147,-0.0006699978839606047,-2.363809823989868,,
1790036575.056445,RAW_IMU,,,,,,,,,0,0,-1001,2,5,3,,,,,
1790036575.0749636,GLOBAL_POSITION_INT,-35.3606891,149.1682261,590.1,9.99,-0.02,0.0,0.0,224.57,,,,,,,,,,,
1790036575.075816,GPS_RAW_INT,,,,,,,,,,,,,,,,,,6,10
1790036575.077779,ATTITUDE,,,,,,,,,,,,,,,-0.0013547225389629602,-0.0006675455952063203,-2.3638126850128174,,
1790036575.078724,RAW_IMU,,,,,,,,,0,0,-1001,5,3,3,,,,,
1790036575.094826,ATTITUDE,,,,,,,,,,,,,,,-0.0013717730762436986,-0.0006217389018274844,-2.3638153076171875,,
1790036575.09602,RAW_IMU,,,,,,,,,0,0,-1001,3,5,3,,,,,
1790036575.1385236,ATTITUDE,,,,,,,,,,,,,,,-0.0013216454535722733,-0.0006323319394141436,-2.3638153076171875,,
1790036575.1395721,RAW_IMU,,,,,,,,,0,0,-1001,5,2,3,,,,,
1790036575.1414952,ATTITUDE,,,,,,,,,,,,,,,-0.0013322756858542562,-0.0005782138905487955,-2.3638153076171875,,
1790036575.1426406,RAW_IMU,,,,,,,,,0,0,-1001,3,6,3,,,,,
1790036575.156442,ATTITUDE,,,,,,,,,,,,,,,-0.0013039957266300917,-0.000612249132245779,-2.363818407058716,,
1790036575.1573944,RAW_IMU,,,,,,,,,0,0,-1001,4,1,3,,,,,
1790036575.176137,GLOBAL_POSITION_INT,-35.3606891,149.1682261,590.1,9.99,-0.02,0.0,0.0,224.57,,,,,,,,,,,
1790036575.1772928,GPS_RAW_INT,,,,,,,,,,,,,,,,,,6,10
1790036575.1783803,ATTITUDE,,,,,,,,,,,,,,,-0.0013177372748032212,-0.0005602560704573989,-2.3638219833374023,,
1790036575.179808,RAW_IMU,,,,,,,,,0,0,-1000,3,5,3,,,,,
1790036575.1961935,ATTITUDE,,,,,,,,,,,,,,,-0.0012676403857767582,-0.0005836535128764808,-2.3638248443603516,,
1790036575.1971953,RAW_IMU,,,,,,,,,0,0,-1000,5,2,3,,,,,
1790036575.2171752,ATTITUDE,,,,,,,,,,,,,,,-0.001284486730583012,-0.0005384762771427631,-2.36382794380188,,
1790036575.2181036,RAW_IMU,,,,,,,,,0,0,-1000,3,5,3,,,,,
1790036575.2374005,ATTITUDE,,,,,,,,,,,,,,,-0.0012232625158503652,-0.0005460837855935097,-2.3638298511505127,,
1790036575.2385511,RAW_IMU,,,,,,,,,0,0,-1001,5,3,3,,,,,
1790036575.2572901,ATTITUDE,,,,,,,,,,,,,,,-0.001236314419656992,-0.0005075157387182117,-2.363832473754883,,
1790036575.2583547,RAW_IMU,,,,,,,,,0,0,-1001,3,4,3,,,,,
1790036575.2770085,GLOBAL_POSITION_INT,-35.3606891,149.1682261,590.1,9.99,-0.02,0.0,0.0,224.57,,,,,,,,,,,
1790036575.2782779,GPS_RAW_INT,,,,,,,,,,,,,,,,,,6,10
1790036575.2803931,ATTITUDE,,,,,,,,,,,,,,,-0.0012180125340819359,-0.0005048418533988297,-2.363835096359253,,
1790036575.2819457,RAW_IMU,,,,,,,,,0,0,-1001,3,3,3,,,,,
1790036575.296862,ATTITUDE,,,,,,,,,,,,,,,-0.0011840640800073743,-0.00047959713265299797,-2.363837480545044,,
1790036575.2984223,RAW_IMU,,,,,,,,,0,0,-1001,5,4,3,,,,,
1790036575.3169327,ATTITUDE,,,,,,,,,,,,,,,-0.0011819821083918214,-0.00045703808427788317,-2.3638381958007812,,
1790036575.3186111,RAW_IMU,,,,,,,,,0,0,-1001,3,4,3,,,,,
1790036575.337266,ATTITUDE,,,,,,,,,,,,,,,-0.0011408566497266293,-0.00046734558418393135,-2.3638389110565186,,
1790036575.33827,RAW_IMU,,,,,,,,,0,0,-1000,5,2,3,,,,,
1790036575.3572166,ATTITUDE,,,,,,,,,,,,,,,-0.0011463313130661845,-0.0004283644666429609,-2.3638405799865723,,
1790036575.3586574,RAW_IMU,,,,,,,,,0,0,-1000,2,5,3,,,,,
1790036575.3872375,GLOBAL_POSITION_INT,-35.3606891,149.1682261,590.1,9.991,-0.02,0.0,0.0,224.57,,,,,,,,,,,
1790036575.3879907,GPS_RAW_INT,,,,,,,,,,,,,,,,,,6,10
1790036575.389451,ATTITUDE,,,,,,,,,,,,,,,-0.0011145450407639146,-0.0004520508518908173,-2.363842487335205,,
1790036575.390713,RAW_IMU,,,,,,,,,0,0,-1000,5,2,3,,,,,
1790036575.3976848,ATTITUDE,,,,,,,,,,,,,,,-0.0011215000413358212,-0.00041513805626891553,-2.3638453483581543,,
1790036575.3989563,RAW_IMU,,,,,,,,,0,0,-1000,3,4,3,,,,,
1790036575.417934,ATTITUDE,,,,,,,,,,,,,,,-0.0010762084275484085,-0.0003929993254132569,-2.3638458251953125,,
1790036575.4195776,RAW_IMU,,,,,,,,,0,0,-1000,5,4,3,,,,,
1790036575.437328,ATTITUDE,,,,,,,,,,,,,,,-0.0010802140459418297,-0.000369268556823954,-2.3638434410095215,,
1790036575.4394479,RAW_IMU,,,,,,,,,0,0,-1000,3,4,3,,,,,
1790036575.4572482,ATTITUDE,,,,,,,,,,,,,,,-0.0010172986658290029,-0.0003468486247584224,-2.3638408184051514,,
1790036575.4591088,RAW_IMU,,,,,,,,,0,0,-1000,6,4,4,,,,,
1790036575.4768293,GLOBAL_POSITION_INT,-35.3606891,149.1682261,590.1,9.992,-0.02,0.0,0.0,224.57,,,,,,,,,,,
1790036575.4781575,GPS_RAW_INT,,,,,,,,,,,,,,,,,,6,10
1790036575.4796207,ATTITUDE,,,,,,,,,,,,,,,-0.001042473129928112,-0.00032447578269056976,-2.3638370037078857,,
1790036575.480758,RAW_IMU,,,,,,,,,0,0,-1000,2,4,4,,,,,
1790036575.4971337,ATTITUDE,,,,,,,,,,,,,,,-0.0009816449601203203,-0.00030443212017416954,-2.363831043243408,,
1790036575.4986794,RAW_IMU,,,,,,,,,0,0,-1000,5,4,4,,,,,
1790036575.517064,ATTITUDE,,,,,,,,,,,,,,,-0.0010008295066654682,-0.0002847046998795122,-2.363821268081665,,
1790036575.518356,RAW_IMU,,,,,,,,,0,0,-1000,3,4,4,,,,,
1790036575.537653,ATTITUDE,,,,,,,,,,,,,,,-0.0009665050893090665,-0.0002671701367944479,-2.3638105392456055,,
1790036575.5401673,RAW_IMU,,,,,,,,,0,0,-1000,4,4,4,,,,,
1790036575.5578456,ATTITUDE,,,,,,,,,,,,,,,-0.0009698171052150428,-0.0002687872911337763,-2.3637993335723877,,
1790036575.559029,RAW_IMU,,,,,,,,,0,0,-1000,3,3,4,,,,,
1790036575.577517,GLOBAL_POSITION_INT,-35.3606891,149.1682261,590.1,9.992,-0.02,0.0,0.0,224.57,,,,,,,,,,,
1790036575.5788362,GPS_RAW_INT,,,,,,,,,,,,,,,,,,6,10
1790036575.5804567,ATTITUDE,,,,,,,,,,,,,,,-0.0009497853461652994,-0.0002720272168517113,-2.3637876510620117,,
1790036575.5815165,RAW_IMU,,,,,,,,,0,0,-1000,3,3,4,,,,,
1790036575.5974307,ATTITUDE,,,,,,,,,,,,,,,-0.0009317621006630361,-0.0002739608462434262,-2.3637750148773193,,
1790036575.598839,RAW_IMU,,,,,,,,,0,0,-1000,4,3,4,,,,,
1790036575.640874,ATTITUDE,,,,,,,,,,,,,,,-0.0009267404093407094,-0.0002765050157904625,-2.363760232925415,,
1790036575.641543,RAW_IMU,,,,,,,,,0,0,-1000,3,3,4,,,,,
1790036575.6429029,ATTITUDE,,,,,,,,,,,,,,,-0.0008930830517783761,-0.00027498140116222203,-2.3637444972991943,,
1790036575.6449995,RAW_IMU,,,,,,,,,0,0,-1000,5,3,4,,,,,
1790036575.658442,ATTITUDE,,,,,,,,,,,,,,,-0.0008967805770225823,-0.00027323796530254185,-2.3637287616729736,,
1790036575.6597383,RAW_IMU,,,,,,,,,0,0,-1000,2,3,4,,,,,
1790036575.673277,GLOBAL_POSITION_INT,-35.3606891,149.1682261,590.1,9.993,-0.02,0.0,0.0,224.57,,,,,,,,,,,
1790036575.6746638,GPS_RAW_INT,,,,,,,,,,,,,,,,,,6,10
1790036575.6792052,ATTITUDE,,,,,,,,,,,,,,,-0.000859443680383265,-0.00027827921439893544,-2.3637163639068604,,
1790036575.6808064,RAW_IMU,,,,,,,,,0,0,-1000,5,3,4,,,,,
1790036575.698354,ATTITUDE,,,,,,,,,,,,,,,-0.0008834031177684665,-0.00027745659463107586,-2.3637053966522217,,
1790036575.6989577,RAW_IMU,,,,,,,,,0,0,-1001,2,2,4,,,,,
1790036575.7177494,ATTITUDE,,,,,,,,,,,,,,,-0.0008631558157503605,-0.0002608953509479761,-2.363697052001953,,
1790036575.7189229,RAW_IMU,,,,,,,,,0,0,-1000,3,4,4,,,,,
1790036575.737761,ATTITUDE,,,,,,,,,,,,,,,-0.0008427867433056235,-0.000292823591735214,-2.3636927604675293,,
1790036575.7398262,RAW_IMU,,,,,,,,,0,0,-1000,4,1,4,,,,,
1790036575.758553,ATTITUDE,,,,,,,,,,,,,,,-0.0008230906678363681,-0.00026867902488447726,-2.3636913299560547,,
1790036575.7595725,RAW_IMU,,,,,,,,,0,0,-1000,4,4,3,,,,,
1790036575.7727945,GLOBAL_POSITION_INT,-35.3606891,149.1682261,590.1,9.994,-0.02,0.0,0.0,224.58,,,,,,,,,,,
1790036575.7740896,GPS_RAW_INT,,,,,,,,,,,,,,,,,,6,10
1790036575.7783878,ATTITUDE,,,,,,,,,,,,,,,-0.0008058757521212101,-0.00029036414343863726,-2.363693952560425,,
1790036575.7794585,RAW_IMU,,,,,,,,,0,0,-1000,4,2,3,,,,,
1790036575.7983708,ATTITUDE,,,,,,,,,,,,,,,-0.0007895450689829886,-0.000274764490313828,-2.363696575164795,,
1790036575.799749,RAW_IMU,,,,,,,,,0,0,-1000,4,4,3,,,,,
1790036575.8184566,ATTITUDE,,,,,,,,,,,,,,,-0.0007748758653178811,-0.0003131406265310943,-2.3637025356292725,,
1790036575.8198462,RAW_IMU,,,,,,,,,0,0,-1000,4,1,3,,,,,
1790036575.8384087,ATTITUDE,,,,,,,,,,,,,,,-0.0007548326393589377,-0.00026970007456839085,-2.3637096881866455,,
1790036575.8397968,RAW_IMU,,,,,,,,,0,0,-1000,4,5,3,,,,,
1790036575.858553,ATTITUDE,,,,,,,,,,,,,,,-0.0007367822690866888,-0.00029699536389671266,-2.3637211322784424,,
1790036575.8606052,RAW_IMU,,,,,,,,,0,0,-1000,4,2,3,,,,,
1790036575.8866973,GLOBAL_POSITION_INT,-35.3606891,149.1682261,590.1,9.994,-0.02,0.0,0.0,224.57,,,,,,,,,,,
1790036575.8883228,GPS_RAW_INT,,,,,,,,,,,,,,,,,,6,10
1790036575.889357,ATTITUDE,,,,,,,,,,,,,,,-0.0007194452336989343,-0.0002554769453126937,-2.3637354373931885,,
1790036575.8907542,RAW_IMU,,,,,,,,,0,0,-1000,4,4,3,,,,,
1790036575.8994863,ATTITUDE,,,,,,,,,,,,,,,-0.0007027764804661274,-0.0002923936117440462,-2.3637502193450928,,
1790036575.9003906,RAW_IMU,,,,,,,,,0,0,-1000,4,1,3,,,,,
1790036575.919858,ATTITUDE,,,,,,,,,,,,,,,-0.0006880819564685225,-0.0002787885314319283,-2.363766670227051,,
1790036575.9209142,RAW_IMU,,,,,,,,,0,0,-1000,4,3,3,,,,,
1790036575.940375,ATTITUDE,,,,,,,,,,,,,,,-0.0007011513225734234,-0.00030746872653253376,-2.363783597946167,,
1790036575.9423823,RAW_IMU,,,,,,,,,0,0,-1000,2,2,3,,,,,
1790036575.960017,ATTITUDE,,,,,,,,,,,,,,,-0.0006905265618115664,-0.00031377890263684094,-2.3638007640838623,,
1790036575.9611754,RAW_IMU,,,,,,,,,0,0,-1000,3,2,3,,,,,
1790036575.9738731,GLOBAL_POSITION_INT,-35.3606891,149.1682261,590.1,9.994,-0.02,0.0,0.0,224.57,,,,,,,,,,,
1790036575.9750347,GPS_RAW_INT,,,,,,,,,,,,,,,,,,6,10
1790036575.979791,ATTITUDE,,,,,,,,,,,,,,,-0.0007270724745467305,-0.00033269994310103357,-2.363818407058716,,
1790036575.9808142,RAW_IMU,,,,,,,,,0,0,-1001,2,2,3,,,,,
1790036575.9998095,ATTITUDE,,,,,,,,,,,,,,,-0.000755876477342099,-0.0003820588462986052,-2.3638319969177246,,
1790036576.0010998,RAW_IMU,,,,,,,,,0,0,-1000,1,0,3,,,,,
1790036576.0199504,ATTITUDE,,,,,,,,,,,,,,,-0.0007433656719513237,-0.00043050406384281814,-2.363842725753784,,
1790036576.0212255,RAW_IMU,,,,,,,,,0,0,-1000,4,0,3,,,,,
1790036576.0400655,ATTITUDE,,,,,,,,,,,,,,,-0.0007894974551163614,-0.00047215164522640407,-2.3638510704040527,,
1790036576.04121,RAW_IMU,,,,,,,,,0,0,-1000,0,1,3,,,,,
1790036576.0597463,ATTITUDE,,,,,,,,,,,,,,,-0.0007905872771516442,-0.000512210710439831,-2.363856077194214,,
1790036576.0606887,RAW_IMU,,,,,,,,,0,0,-1000,3,1,3,,,,,
1790036576.0737538,GLOBAL_POSITION_INT,-35.3606891,149.1682261,590.1,9.994,-0.02,0.0,0.0,224.57,,,,,,,,,,,
1790036576.0748417,GPS_RAW_INT,,,,,,,,,,,,,,,,,,6,10
1790036576.0799062,ATTITUDE,,,,,,,,,,,,,,,-0.0008280941983684897,-0.0005518653197214007,-2.363858222961426,,
1790036576.0816355,RAW_IMU,,,,,,,,,0,0,-1000,1,1,3,,,,,
1790036576.0997772,ATTITUDE,,,,,,,,,,,,,,,-0.0007950632134452462,-0.000589602452237159,-2.3638572692871094,,
1790036576.1007867,RAW_IMU,,,,,,,,,0,0,-1000,4,1,3,,,,,
1790036576.1352084,ATTITUDE,,,,,,,,,,,,,,,-0.0008367677801288664,-0.0006102598854340613,-2.363853931427002,,
1790036576.1361616,RAW_IMU,,,,,,,,,0,0,-1001,1,1,3,,,,,
1790036576.1407895,ATTITUDE,,,,,,,,,,,,,,,-0.0007985801785252988,-0.0006035224650986493,-2.3638486862182617,,
1790036576.1423748,RAW_IMU,,,,,,,,,0,0,-1001,4,3,4,,,,,
1790036576.1605904,ATTITUDE,,,,,,,,,,,,,,,-0.0008613652898930013,-0.0006007697666063905,-2.363842248916626,,
1790036576.161818,RAW_IMU,,,,,,,,,0,0,-1001,0,3,4,,,,,
1790036576.1744905,GLOBAL_POSITION_INT,-35.3606891,149.1682261,590.1,9.993,-0.02,0.0,0.0,224.57,,,,,,,,,,,
1790036576.1756885,GPS_RAW_INT,,,,,,,,,,,,,,,,,,6,10
1790036576.1805098,ATTITUDE,,,,,,,,,,,,,,,-0.000839792366605252,-0.000613938202150166,-2.363835573196411,,
1790036576.1818602,RAW_IMU,,,,,,,,,0,0,-1001,3,2,4,,,,,
1790036576.2004151,ATTITUDE,,,,,,,,,,,,,,,-0.0008785134996287525,-0.0005879965610802174,-2.36383056640625,,
1790036576.2018998,RAW_IMU,,,,,,,,,0,0,-1001,2,4,4,,,,,
1790036576.220446,ATTITUDE,,,,,,,,,,,,,,,-0.0008538259426131845,-0.0006016037659719586,-2.3638248443603516,,
1790036576.221985,RAW_IMU,,,,,,,,,0,0,-1001,4,3,4,,,,,
1790036576.240936,ATTITUDE,,,,,,,,,,,,,,,-0.0008812404121272266,-0.0005640940507873893,-2.3638205528259277,,
1790036576.2424948,RAW_IMU,,,,,,,,,0,0,-1001,2,4,4,,,,,
1790036576.2553682,ATTITUDE,,,,,,,,,,,,,,,-0.0008623794419690967,-0.0005450018215924501,-2.363819122314453,,
1790036576.2567084,RAW_IMU,,,,,,,,,0,0,-1001,3,4,3,,,,,
1790036576.2751608,GLOBAL_POSITION_INT,-35.3606891,149.1682261,590.1,9.993,-0.02,0.0,0.0,224.57,,,,,,,,,,,
1790036576.276225,GPS_RAW_INT,,,,,,,,,,,,,,,,,,6,10
1790036576.2780592,ATTITUDE,,,,,,,,,,,,,,,-0.0008727258536964655,-0.0005279384204186499,-2.363818407058716,,
1790036576.2795236,RAW_IMU,,,,,,,,,0,0,-1001,3,3,3,,,,,
1790036576.2956574,ATTITUDE,,,,,,,,,,,,,,,-0.000868376053404063,-0.0005122514558024704,-2.363816976547241,,
1790036576.296698,RAW_IMU,,,,,,,,,0,0,-1001,2,4,3,,,,,
1790036576.3155477,ATTITUDE,,,,,,,,,,,,,,,-0.0008658409933559597,-0.0004958292120136321,-2.3638157844543457,,
1790036576.3164604,RAW_IMU,,,,,,,,,0,0,-1001,3,3,3,,,,,
1790036576.335701,ATTITUDE,,,,,,,,,,,,,,,-0.0008625723421573639,-0.00048236004658974707,-2.3638153076171875,,
1790036576.3367853,RAW_IMU,,,,,,,,,0,0,-1001,2,4,3,,,,,
1790036576.356019,ATTITUDE,,,,,,,,,,,,,,,-0.0008803466334939003,-0.00046982866479083896,-2.36381459236145,,
1790036576.356762,RAW_IMU,,,,,,,,,0,0,-1001,3,3,3,,,,,
1790036576.3844142,GLOBAL_POSITION_INT,-35.3606891,149.1682261,590.1,9.993,-0.02,0.0,0.0,224.57,,,,,,,,,,,
1790036576.3851976,GPS_RAW_INT,,,,,,,,,,,,,,,,,,6,10
1790036576.3857925,ATTITUDE,,,,,,,,,,,,,,,-0.0009140210459008813,-0.0004587848379742354,-2.36381459236145,,
1790036576.3869557,RAW_IMU,,,,,,,,,0,0,-1001,1,4,3,,,,,
1790036576.3959835,ATTITUDE,,,,,,,,,,,,,,,-0.000898864702321589,-0.0004647130554076284,-2.3638148307800293,,
1790036576.3969736,RAW_IMU,,,,,,,,,0,0,-1001,4,2,3,,,,,
1790036576.416093,ATTITUDE,,,,,,,,,,,,,,,-0.0009803744032979012,-0.00045542835141532123,-2.363813877105713,,
1790036576.4174356,RAW_IMU,,,,,,,,,0,0,-1001,0,4,3,,,,,
1790036576.4364882,ATTITUDE,,,,,,,,,,,,,,,-0.0009608897962607443,-0.0004574550548568368,-2.363813638687134,,
1790036576.4375556,RAW_IMU,,,,,,,,,0,0,-1001,3,2,3,,,,,
1790036576.4571693,ATTITUDE,,,,,,,,,,,,,,,-0.0010165080893784761,-0.00043011040543206036,-2.363813638687134,,
1790036576.4583373,RAW_IMU,,,,,,,,,0,0,-1001,0,4,3,,,,,
1790036576.4768834,GLOBAL_POSITION_INT,-35.3606891,149.1682261,590.1,9.993,-0.02,0.0,0.0,224.57,,,,,,,,,,,
1790036576.4782076,GPS_RAW_INT,,,,,,,,,,,,,,,,,,6,10
1790036576.4797447,ATTITUDE,,,,,,,,,,,,,,,-0.0009923949837684631,-0.00044830405386164784,-2.3638150691986084,,
1790036576.480423,RAW_IMU,,,,,,,,,0,0,-1001,3,2,3,,,,,
1790036576.4978907,ATTITUDE,,,,,,,,,,,,,,,-0.001042915740981698,-0.00041136331856250763,-2.363816738128662,,
1790036576.4991643,RAW_IMU,,,,,,,,,0,0,-1001,1,5,3,,,,,
1790036576.5178063,ATTITUDE,,,,,,,,,,,,,,,-0.0010344014735892415,-0.0004401215410325676,-2.363818407058716,,
1790036576.5188234,RAW_IMU,,,,,,,,,0,0,-1001,3,1,3,,,,,
1790036576.6204324,GLOBAL_POSITION_INT,-35.3606891,149.1682261,590.1,9.993,-0.02,0.0,0.0,224.57,,,,,,,,,,,
1790036576.6289175,RAW_IMU,,,,,,,,,0,0,-1001,2,4,3,,,,,
1790036576.6328905,GPS_RAW_INT,,,,,,,,,,,,,,,,,,6,10
1790036577.0461013,ATTITUDE,,,,,,,,,,,,,,,-0.0012946592178195715,-0.000601440027821809,-2.3638100624084473,,
1790036577.0464463,GLOBAL_POSITION_INT,-35.3606891,149.1682261,590.1,9.995,-0.02,0.0,0.0,224.57,,,,,,,,,,,
1790036577.0490046,GPS_RAW_INT,,,,,,,,,,,,,,,,,,6,10
1790036577.0509353,RAW_IMU,,,,,,,,,0,0,-1000,1,2,4,,,,,
1790036577.051308,RAW_IMU,,,,,,,,,0,0,-1000,4,2,4,,,,,
1790036577.05179,RAW_IMU,,,,,,,,,0,0,-1000,2,3,4,,,,,
1790036577.0520272,ATTITUDE,,,,,,,,,,,,,,,-0.0012585528893396258,-0.0006147593376226723,-2.3637821674346924,,
1790036577.0524006,RAW_IMU,,,,,,,,,0,0,-1000,3,3,4,,,,,
1790036577.052617,ATTITUDE,,,,,,,,,,,,,,,-0.0012849802151322365,-0.000614519405644387,-2.3637681007385254,,
1790036577.0529099,RAW_IMU,,,,,,,,,0,0,-1000,2,3,4,,,,,
1790036577.053361,ATTITUDE,,,,,,,,,,,,,,,-0.001259014243260026,-0.0006071457755751908,-2.3637537956237793,,
1790036577.053728,RAW_IMU,,,,,,,,,0,0,-1000,3,3,4,,,,,
1790036577.0539591,ATTITUDE,,,,,,,,,,,,,,,-0.0012869847705587745,-0.0006030485383234918,-2.3637397289276123,,
1790036577.0543373,RAW_IMU,,,,,,,,,0,0,-1001,2,3,4,,,,,
1790036577.0547855,ATTITUDE,,,,,,,,,,,,,,,-0.001291105174459517,-0.0006187593680806458,-2.36372709274292,,
1790036577.0550728,RAW_IMU,,,,,,,,,0,0,-1001,2,3,4,,,,,
1790036577.0552745,ATTITUDE,,,,,,,,,,,,,,,-0.0012556972214952111,-0.0005877332296222448,-2.363715887069702,,
1790036577.05556,RAW_IMU,,,,,,,,,0,0,-1000,5,4,4,,,,,
1790036577.055796,ATTITUDE,,,,,,,,,,,,,,,-0.0012165086809545755,-0.0005997823900543153,-2.36371111869812,,
1790036577.0560963,RAW_IMU,,,,,,,,,0,0,-1000,5,3,4,,,,,
1790036577.0563657,GLOBAL_POSITION_INT,-35.3606891,149.1682261,590.1,9.995,-0.02,0.0,0.0,224.57,,,,,,,,,,,
1790036577.0566761,GPS_RAW_INT,,,,,,,,,,,,,,,,,,6,10
1790036577.06524,ATTITUDE,,,,,,,,,,,,,,,-0.001179455197416246,-0.0005663589108735323,-2.363710403442383,,
1790036577.0665438,RAW_IMU,,,,,,,,,0,0,-1000,5,4,3,,,,,
1790036577.084725,ATTITUDE,,,,,,,,,,,,,,,-0.0011446881107985973,-0.0005665615317411721,-2.3637125492095947,,
1790036577.0861738,RAW_IMU,,,,,,,,,0,0,-1000,4,3,3,,,,,
1790036577.1062312,ATTITUDE,,,,,,,,,,,,,,,-0.0011110607301816344,-0.0005656361463479698,-2.3637168407440186,,
1790036577.1080444,RAW_IMU,,,,,,,,,0,0,-1000,4,2,3,,,,,
1790036577.143147,ATTITUDE,,,,,,,,,,,,,,,-0.0010804904159158468,-0.0005346632096916437,-2.363724946975708,,
1790036577.1451414,RAW_IMU,,,,,,,,,0,0,-1000,4,5,3,,,,,
1790036577.1461065,ATTITUDE,,,,,,,,,,,,,,,-0.0010509192943572998,-0.0005561135476455092,-2.363734722137451,,
1790036577.1478884,RAW_IMU,,,,,,,,,0,0,-1000,4,2,3,,,,,
1790036577.1500623,GLOBAL_POSITION_INT,-35.3606891,149.1682261,590.1,9.996,-0.02,0.0,0.0,224.57,,,,,,,,,,,
1790036577.1510372,GPS_RAW_INT,,,,,,,,,,,,,,,,,,6,10
1790036577.1617343,ATTITUDE,,,,,,,,,,,,,,,-0.0010230318875983357,-0.0005234901327639818,-2.36374831199646,,
1790036577.1631567,RAW_IMU,,,,,,,,,0,0,-1000,4,4,3,,,,,
1790036577.1810803,ATTITUDE,,,,,,,,,,,,,,,-0.0010106711415573955,-0.0005611443775705993,-2.3637642860412598,,
1790036577.1827097,RAW_IMU,,,,,,,,,0,0,-1000,4,1,3,,,,,
1790036577.2009265,ATTITUDE,,,,,,,,,,,,,,,-0.0010228053433820605,-0.0005251445109024644,-2.3637804985046387,,
1790036577.2017915,RAW_IMU,,,,,,,,,0,0,-1000,2,4,3,,,,,
1790036577.2209966,ATTITUDE,,,,,,,,,,,,,,,-0.0010343920439481735,-0.0005613257526420057,-2.3637988567352295,,
1790036577.2221813,RAW_IMU,,,,,,,,,0,0,-1000,2,1,2,,,,,
1790036577.2415617,ATTITUDE,,,,,,,,,,,,,,,-0.0010401783511042595,-0.0005350454011932015,-2.363816261291504,,
1790036577.2427576,RAW_IMU,,,,,,,,,0,0,-1000,2,4,2,,,,,
1790036577.2480528,GLOBAL_POSITION_INT,-35.3606891,149.1682261,590.1,9.996,-0.02,0.0,0.0,224.57,,,,,,,,,,,
1790036577.2493255,GPS_RAW_INT,,,,,,,,,,,,,,,,,,6,10
1790036577.262091,ATTITUDE,,,,,,,,,,,,,,,-0.0010427271481603384,-0.0005456922808662057,-2.363835334777832,,
1790036577.2631073,RAW_IMU,,,,,,,,,0,0,-1000,3,3,2,,,,,
1790036577.2816906,ATTITUDE,,,,,,,,,,,,,,,-0.0010928352130576968,-0.0005663889460265636,-2.363853693008423,,
1790036577.282835,RAW_IMU,,,,,,,,,0,0,-1000,0,2,2,,,,,
1790036577.301812,ATTITUDE,,,,,,,,,,,,,,,-0.0010829826351255178,-0.0005861202953383327,-2.363867998123169,,
1790036577.303242,RAW_IMU,,,,,,,,,0,0,-1000,3,2,3,,,,,
1790036577.321935,ATTITUDE,,,,,,,,,,,,,,,-0.0011408919235691428,-0.0006059134611859918,-2.3638765811920166,,
1790036577.3239322,RAW_IMU,,,,,,,,,0,0,-1000,0,2,3,,,,,
1790036577.3420289,ATTITUDE,,,,,,,,,,,,,,,-0.0011539917904883623,-0.0006248161080293357,-2.363882541656494,,
1790036577.3436947,RAW_IMU,,,,,,,,,0,0,-1000,2,2,3,,,,,
1790036577.3485882,GLOBAL_POSITION_INT,-35.3606891,149.1682261,590.1,9.996,-0.02,0.0,0.0,224.56,,,,,,,,,,,
1790036577.3502162,GPS_RAW_INT,,,,,,,,,,,,,,,,,,6,10
1790036577.3626552,ATTITUDE,,,,,,,,,,,,,,,-0.0012223264202475548,-0.000644642161205411,-2.3638863563537598,,
1790036577.3644211,RAW_IMU,,,,,,,,,0,0,-1000,0,2,3,,,,,
1790036577.3898005,ATTITUDE,,,,,,,,,,,,,,,-0.0012337686493992805,-0.000665392552036792,-2.3638856410980225,,
1790036577.3909812,RAW_IMU,,,,,,,,,0,0,-1000,2,2,3,,,,,
1790036577.4030275,ATTITUDE,,,,,,,,,,,,,,,-0.0013128798454999924,-0.000683983089402318,-2.3638815879821777,,
1790036577.404487,RAW_IMU,,,,,,,,,0,0,-1000,0,2,3,,,,,
1790036577.4233139,ATTITUDE,,,,,,,,,,,,,,,-0.0012929968070238829,-0.00070042914012447,-2.363874912261963,,
1790036577.4244766,RAW_IMU,,,,,,,,,0,0,-1000,4,2,4,,,,,
1790036577.443564,ATTITUDE,,,,,,,,,,,,,,,-0.001357891014777124,-0.0007055310416035354,-2.3638651371002197,,
1790036577.4454417,RAW_IMU,,,,,,,,,0,0,-1001,0,2,4,,,,,
1790036577.4499002,GLOBAL_POSITION_INT,-35.3606891,149.1682261,590.1,9.996,-0.02,0.0,0.0,224.57,,,,,,,,,,,
1790036577.4508605,GPS_RAW_INT,,,,,,,,,,,,,,,,,,6,10
1790036577.4639475,ATTITUDE,,,,,,,,,,,,,,,-0.0013418183661997318,-0.0006828939076513052,-2.3638553619384766,,
1790036577.4655175,RAW_IMU,,,,,,,,,0,0,-1000,3,4,4,,,,,
1790036577.483548,ATTITUDE,,,,,,,,,,,,,,,-0.0013821165775880218,-0.0006784575525671244,-2.3638432025909424,,
1790036577.484797,RAW_IMU,,,,,,,,,0,0,-1000,1,3,4,,,,,
1790036577.502495,ATTITUDE,,,,,,,,,,,,,,,-0.0013856961159035563,-0.0006428933120332658,-2.3638298511505127,,
1790036577.5041833,RAW_IMU,,,,,,,,,0,0,-1001,2,4,4,,,,,
1790036577.5225902,ATTITUDE,,,,,,,,,,,,,,,-0.0014521098928526044,-0.0006680327351205051,-2.3638157844543457,,
1790036577.5232978,RAW_IMU,,,,,,,,,0,0,-1001,0,2,4,,,,,
1790036577.5430048,ATTITUDE,,,,,,,,,,,,,,,-0.0014293607091531157,-0.0006220899522304535,-2.3638031482696533,,
1790036577.5439959,RAW_IMU,,,,,,,,,0,0,-1001,3,5,4,,,,,
1790036577.549219,GLOBAL_POSITION_INT,-35.3606891,149.1682261,590.1,9.996,-0.02,0.0,0.0,224.57,,,,,,,,,,,
1790036577.55015,GPS_RAW_INT,,,,,,,,,,,,,,,,,,6,10
1790036577.5634098,ATTITUDE,,,,,,,,,,,,,,,-0.0014848478604108095,-0.0006496792775578797,-2.3637919425964355,,
1790036577.5652382,RAW_IMU,,,,,,,,,0,0,-1001,1,2,4,,,,,
1790036577.5830936,ATTITUDE,,,,,,,,,,,,,,,-0.0014871959574520588,-0.0006001790752634406,-2.3637828826904297,,
1790036577.5841115,RAW_IMU,,,,,,,,,0,0,-1001,2,5,4,,,,,
1790036577.6030576,ATTITUDE,,,,,,,,,,,,,,,-0.0015251775039359927,-0.0006180511554703116,-2.363776683807373,,
1790036577.6040807,RAW_IMU,,,,,,,,,0,0,-1000,1,2,4,,,,,
1790036577.6386075,ATTITUDE,,,,,,,,,,,,,,,-0.0015588129172101617,-0.000559626379981637,-2.363769769668579,,
1790036577.6406708,RAW_IMU,,,,,,,,,0,0,-1001,1,5,4,,,,,
1790036577.644138,ATTITUDE,,,,,,,,,,,,,,,-0.0015677582705393434,-0.0005642283940687776,-2.363765001296997,,
1790036577.6465647,RAW_IMU,,,,,,,,,0,0,-1001,2,3,4,,,,,
1790036577.6484716,GLOBAL_POSITION_INT,-35.3606891,149.1682261,590.1,9.996,-0.02,0.0,0.0,224.57,,,,,,,,,,,
1790036577.649548,GPS_RAW_INT,,,,,,,,,,,,,,,,,,6,10
1790036577.6654747,ATTITUDE,,,,,,,,,,,,,,,-0.0016163077671080828,-0.000505693256855011,-2.363762140274048,,
1790036577.6675496,RAW_IMU,,,,,,,,,0,0,-1001,0,5,4,,,,,
1790036577.685297,ATTITUDE,,,,,,,,,,,,,,,-0.001601909869350493,-0.0005169071373529732,-2.3637616634368896,,
1790036577.6862848,RAW_IMU,,,,,,,,,0,0,-1001,3,3,3,,,,,
1790036577.705295,ATTITUDE,,,,,,,,,,,,,,,-0.0016410741955041885,-0.00047053827438503504,-2.3637619018554688,,
1790036577.7067695,RAW_IMU,,,,,,,,,0,0,-1001,1,4,3,,,,,
1790036577.7252004,ATTITUDE,,,,,,,,,,,,,,,-0.0016176390927284956,-0.000471602805191651,-2.3637630939483643,,
1790036577.7269235,RAW_IMU,,,,,,,,,0,0,-1001,4,3,3,,,,,
1790036577.7453427,ATTITUDE,,,,,,,,,,,,,,,-0.0016613071784377098,-0.00044189178152009845,-2.363765239715576,,
1790036577.7463796,RAW_IMU,,,,,,,,,0,0,-1001,1,4,3,,,,,
1790036577.7487497,GLOBAL_POSITION_INT,-35.3606891,149.1682261,590.1,9.996,-0.02,0.0,0.0,224.57,,,,,,,,,,,
1790036577.7493522,GPS_RAW_INT,,,,,,,,,,,,,,,,,,6,10
1790036577.7607431,ATTITUDE,,,,,,,,,,,,,,,-0.0016364941839128733,-0.00043230302981100976,-2.363769054412842,,
1790036577.7616475,RAW_IMU,,,,,,,,,0,0,-1001,4,4,3,,,,,
1790036577.7805681,ATTITUDE,,,,,,,,,,,,,,,-0.0016819335287436843,-0.00042273313738405704,-2.3637747764587402,,
1790036577.7814956,RAW_IMU,,,,,,,,,0,0,-1001,1,3,3,,,,,
1790036577.8007169,ATTITUDE,,,,,,,,,,,,,,,-0.0016524156089872122,-0.00040092674316838384,-2.3637795448303223,,
1790036577.802204,RAW_IMU,,,,,,,,,0,0,-1001,4,4,3,,,,,
1790036577.8251107,ATTITUDE,,,,,,,,,,,,,,,-0.0016895403387024999,-0.00040602372610010207,-2.363783597946167,,
1790036577.8263497,RAW_IMU,,,,,,,,,0,0,-1001,1,2,3,,,,,
1790036577.8452253,ATTITUDE,,,,,,,,,,,,,,,-0.0016544575337320566,-0.0003678932844195515,-2.3637888431549072,,
1790036577.847129,RAW_IMU,,,,,,,,,0,0,-1001,4,5,3,,,,,
1790036577.8486211,GLOBAL_POSITION_INT,-35.3606891,149.1682261,590.1,9.996,-0.02,0.0,0.0,224.57,,,,,,,,,,,
1790036577.849736,GPS_RAW_INT,,,,,,,,,,,,,,,,,,6,10
1790036577.8604722,ATTITUDE,,,,,,,,,,,,,,,-0.001685333321802318,-0.00037616395275108516,-2.3637940883636475,,
1790036577.8614738,RAW_IMU,,,,,,,,,0,0,-1000,2,2,3,,,,,
1790036577.8835008,ATTITUDE,,,,,,,,,,,,,,,-0.0016521288780495524,-0.0003306478029116988,-2.363800287246704,,
1790036577.8854432,RAW_IMU,,,,,,,,,0,0,-1001,4,5,3,,,,,
1790036577.9006011,ATTITUDE,,,,,,,,,,,,,,,-0.001684669405221939,-0.000348363711964339,-2.3638064861297607,,
1790036577.9020102,RAW_IMU,,,,,,,,,0,0,-1000,1,2,3,,,,,
1790036577.920009,ATTITUDE,,,,,,,,,,,,,,,-0.0016518878983333707,-0.00030043511651456356,-2.3638105392456055,,
1790036577.920611,RAW_IMU,,,,,,,,,0,0,-1000,4,5,3,,,,,
1790036577.9452748,ATTITUDE,,,,,,,,,,,,,,,-0.0016863965429365635,-0.0003232436429243535,-2.36381459236145,,
1790036577.9468646,RAW_IMU,,,,,,,,,0,0,-1000,1,2,3,,,,,
1790036577.9487214,GLOBAL_POSITION_INT,-35.3606891,149.1682261,590.1,9.996,-0.02,0.0,0.0,224.57,,,,,,,,,,,
1790036577.9498231,GPS_RAW_INT,,,,,,,,,,,,,,,,,,6,10
1790036577.9605217,ATTITUDE,,,,,,,,,,,,,,,-0.0016558450879529119,-0.00027664407389238477,-2.363818883895874,,
1790036577.9622128,RAW_IMU,,,,,,,,,0,0,-1000,4,5,3,,,,,
1790036577.9803095,ATTITUDE,,,,,,,,,,,,,,,-0.0016928985714912415,-0.0002988102787639946,-2.3638217449188232,,
1790036577.9816942,RAW_IMU,,,,,,,,,0,0,-1000,1,2,3,,,,,
1790036578.0054667,ATTITUDE,,,,,,,,,,,,,,,-0.001659476663917303,-0.0002659647725522518,-2.3638246059417725,,
1790036578.006954,RAW_IMU,,,,,,,,,0,0,-1001,4,4,3,,,,,
1790036578.0258842,ATTITUDE,,,,,,,,,,,,,,,-0.0016894362634047866,-0.00028039939934387803,-2.3638274669647217,,
1790036578.0268605,RAW_IMU,,,,,,,,,0,0,-1000,2,2,3,,,,,
1790036578.0460355,ATTITUDE,,,,,,,,,,,,,,,-0.0016587668797001243,-0.00025225698482245207,-2.36383056640625,,
1790036578.0473335,RAW_IMU,,,,,,,,,0,0,-1000,4,4,3,,,,,
1790036578.049928,GLOBAL_POSITION_INT,-35.3606891,149.1682261,590.1,9.996,-0.02,0.0,0.0,224.57,,,,,,,,,,,
1790036578.0510352,GPS_RAW_INT,,,,,,,,,,,,,,,,,,6,10
1790036578.0613523,ATTITUDE,,,,,,,,,,,,,,,-0.0016749758506193757,-0.0002474637294653803,-2.3638322353363037,,
1790036578.0631423,RAW_IMU,,,,,,,,,0,0,-1000,2,3,3,,,,,
1790036578.0860264,ATTITUDE,,,,,,,,,,,,,,,-0.0016453259158879519,-0.00022978799825068563,-2.3638346195220947,,
1790036578.0878322,RAW_IMU,,,,,,,,,0,0,-1001,4,3,3,,,,,
1790036578.105983,ATTITUDE,,,,,,,,,,,,,,,-0.0016626596916466951,-0.00022567478299606591,-2.3638367652893066,,
1790036578.1071641,RAW_IMU,,,,,,,,,0,0,-1001,2,3,3,,,,,
1790036578.1342561,ATTITUDE,,,,,,,,,,,,,,,-0.0016358352731913328,-0.00023623350716661662,-2.363837480545044,,
1790036578.1359875,RAW_IMU,,,,,,,,,0,0,-1000,4,2,3,,,,,
1790036578.1461399,ATTITUDE,,,,,,,,,,,,,,,-0.0016592997126281261,-0.00023103873536456376,-2.363835573196411,,
1790036578.1472778,RAW_IMU,,,,,,,,,0,0,-1000,2,3,3,,,,,
1790036578.1487055,GLOBAL_POSITION_INT,-35.3606891,149.1682261,590.1,9.997,-0.02,0.0,0.0,224.57,,,,,,,,,,,
1790036578.1495812,GPS_RAW_INT,,,,,,,,,,,,,,,,,,6,10
1790036578.1659505,ATTITUDE,,,,,,,,,,,,,,,-0.001646026037633419,-0.0002408823202131316,-2.3638317584991455,,
1790036578.1668634,RAW_IMU,,,,,,,,,0,0,-1000,3,2,4,,,,,
1790036578.1857698,ATTITUDE,,,,,,,,,,,,,,,-0.0016547000268474221,-0.00024928300990723073,-2.3638272285461426,,
1790036578.186777,RAW_IMU,,,,,,,,,0,0,-1000,3,2,4,,,,,
1790036578.205619,ATTITUDE,,,,,,,,,,,,,,,-0.0016439444152638316,-0.00025862446636892855,-2.3638195991516113,,
1790036578.206906,RAW_IMU,,,,,,,,,0,0,-1000,3,2,4,,,,,
1790036578.2260616,ATTITUDE,,,,,,,,,,,,,,,-0.0016507906839251518,-0.00026768504176288843,-2.3638100624084473,,
1790036578.2276864,RAW_IMU,,,,,,,,,0,0,-1000,3,2,4,,,,,
1790036578.2461343,ATTITUDE,,,,,,,,,,,,,,,-0.0016335706459358335,-0.0002726110687945038,-2.363800525665283,,
1790036578.24723,RAW_IMU,,,,,,,,,0,0,-1000,3,2,4,,,,,
1790036578.248739,GLOBAL_POSITION_INT,-35.3606891,149.1682261,590.1,9.997,-0.02,0.0,0.0,224.57,,,,,,,,,,,
1790036578.2505596,GPS_RAW_INT,,,,,,,,,,,,,,,,,,6,10
1790036578.2625785,ATTITUDE,,,,,,,,,,,,,,,-0.0016404296038672328,-0.0002685437793843448,-2.363790273666382,,
1790036578.2639415,RAW_IMU,,,,,,,,,0,0,-1001,3,3,4,,,,,
1790036578.280973,ATTITUDE,,,,,,,,,,,,,,,-0.0016580442897975445,-0.00027835273067466915,-2.3637819290161133,,
1790036578.2821229,RAW_IMU,,,,,,,,,0,0,-1001,1,2,4,,,,,
1790036578.3009138,ATTITUDE,,,,,,,,,,,,,,,-0.0016236519441008568,-0.00026530385366640985,-2.3637754917144775,,
1790036578.302056,RAW_IMU,,,,,,,,,0,0,-1001,5,4,4,,,,,
1790036578.320901,ATTITUDE,,,,,,,,,,,,,,,-0.0016625979915261269,-0.0003018151328433305,-2.3637685775756836,,
1790036578.321858,RAW_IMU,,,,,,,,,0,0,-1001,1,1,4,,,,,
1790036578.3408058,ATTITUDE,,,,,,,,,,,,,,,-0.0016404285561293364,-0.00027192675042897463,-2.363764524459839,,
1790036578.3421617,RAW_IMU,,,,,,,,,0,0,-1000,3,4,4,,,,,
1790036578.347813,GLOBAL_POSITION_INT,-35.3606891,149.1682261,590.1,9.997,-0.02,0.0,0.0,224.57,,,,,,,,,,,
1790036578.3490784,GPS_RAW_INT,,,,,,,,,,,,,,,,,,6,10
1790036578.361949,ATTITUDE,,,,,,,,,,,,,,,-0.0016174169722944498,-0.00030591883114539087,-2.363762855529785,,
1790036578.3634894,RAW_IMU,,,,,,,,,0,0,-1000,4,1,4,,,,,
1790036578.385836,ATTITUDE,,,,,,,,,,,,,,,-0.0015973622212186456,-0.0002732255379669368,-2.3637642860412598,,
1790036578.3875527,RAW_IMU,,,,,,,,,0,0,-1000,4,4,3,,,,,
1790036578.4015603,ATTITUDE,,,,,,,,,,,,,,,-0.0015790215693414211,-0.0003059896407648921,-2.363767147064209,,
1790036578.4030683,RAW_IMU,,,,,,,,,0,0,-1000,4,1,3,,,,,
1790036578.421434,ATTITUDE,,,,,,,,,,,,,,,-0.0015596805606037378,-0.0002713522408157587,-2.3637726306915283,,
1790036578.422835,RAW_IMU,,,,,,,,,0,0,-1000,4,4,3,,,,,
1790036578.442035,ATTITUDE,,,,,,,,,,,,,,,-0.0015383478021249175,-0.00031067838426679373,-2.363780975341797,,
1790036578.4434133,RAW_IMU,,,,,,,,,0,0,-1000,4,1,3,,,,,
1790036578.4484735,GLOBAL_POSITION_INT,-35.3606891,149.1682261,590.1,9.998,-0.02,0.0,0.0,224.57,,,,,,,,,,,
1790036578.4498081,GPS_RAW_INT,,,,,,,,,,,,,,,,,,6,10
1790036578.4622066,ATTITUDE,,,,,,,,,,,,,,,-0.0015164694050326943,-0.0002795487816911191,-2.3637936115264893,,
1790036578.4643831,RAW_IMU,,,,,,,,,0,0,-1000,4,4,3,,,,,
1790036578.4815748,ATTITUDE,,,,,,,,,,,,,,,-0.0014976542443037033,-0.0003200968203600496,-2.363809823989868,,
1790036578.482461,RAW_IMU,,,,,,,,,0,0,-1000,4,1,3,,,,,
1790036578.5017006,ATTITUDE,,,,,,,,,,,,,,,-0.0014800119679421186,-0.00028931506676599383,-2.363828420639038,,
1790036578.503056,RAW_IMU,,,,,,,,,0,0,-1000,4,4,3,,,,,
1790036578.5215654,ATTITUDE,,,,,,,,,,,,,,,-0.0014895047061145306,-0.00033739444916136563,-2.363847255706787,,
1790036578.5225227,RAW_IMU,,,,,,,,,0,0,-1000,2,1,2,,,,,
1790036578.5416408,ATTITUDE,,,,,,,,,,,,,,,-0.0014565193559974432,-0.0003229719295632094,-2.3638668060302734,,
1790036578.5430226,RAW_IMU,,,,,,,,,0,0,-1000,4,3,2,,,,,
1790036578.548226,GLOBAL_POSITION_INT,-35.3606891,149.1682261,590.1,9.998,-0.02,0.0,0.0,224.57,,,,,,,,,,,
1790036578.5491667,GPS_RAW_INT,,,,,,,,,,,,,,,,,,6,10
1790036578.5623493,ATTITUDE,,,,,,,,,,,,,,,-0.0015055424300953746,-0.0003477865247987211,-2.3638839721679688,,
1790036578.5637727,RAW_IMU,,,,,,,,,0,0,-1001,1,2,3,,,,,
1790036578.5821676,ATTITUDE,,,,,,,,,,,,,,,-0.0014674648409709334,-0.000379926961613819,-2.3638992309570312,,
1790036578.5837247,RAW_IMU,,,,,,,,,0,0,-1000,4,1,3,,,,,
1790036578.6026142,ATTITUDE,,,,,,,,,,,,,,,-0.0014977820683270693,-0.00040335682570002973,-2.363912343978882,,
1790036578.6037827,RAW_IMU,,,,,,,,,0,0,-1000,2,2,3,,,,,
1790036578.636038,ATTITUDE,,,,,,,,,,,,,,,-0.0014681381871923804,-0.0004240701673552394,-2.3639206886291504,,
1790036578.6374075,RAW_IMU,,,,,,,,,0,0,-1000,3,2,3,,,,,
1790036578.6416745,ATTITUDE,,,,,,,,,,,,,,,-0.0014746244996786118,-0.00044215982779860497,-2.363929271697998,,
1790036578.6426427,RAW_IMU,,,,,,,,,0,0,-1000,3,2,3,,,,,
1790036578.64847,GLOBAL_POSITION_INT,-35.3606891,149.1682261,590.1,9.998,-0.02,0.0,0.0,224.56,,,,,,,,,,,
1790036578.6494353,GPS_RAW_INT,,,,,,,,,,,,,,,,,,6,10
1790036578.6624646,ATTITUDE,,,,,,,,,,,,,,,-0.0014336719177663326,-0.0004580648383125663,-2.363935947418213,,
1790036578.663552,RAW_IMU,,,,,,,,,0,0,-1000,4,2,3,,,,,
1790036578.6828,ATTITUDE,,,,,,,,,,,,,,,-0.0014667871873825788,-0.00047493440797552466,-2.3639392852783203,,
1790036578.6848135,RAW_IMU,,,,,,,,,0,0,-1000,2,2,3,,,,,
1790036578.7027516,ATTITUDE,,,,,,,,,,,,,,,-0.0014511754270642996,-0.0004916480393148959,-2.363940715789795,,
1790036578.7044587,RAW_IMU,,,,,,,,,0,0,-1000,2,2,3,,,,,
1790036578.7225914,ATTITUDE,,,,,,,,,,,,,,,-0.0014360507484525442,-0.0005071232444606721,-2.3639378547668457,,
1790036578.7239158,RAW_IMU,,,,,,,,,0,0,-1000,4,2,4,,,,,
1790036578.7424426,ATTITUDE,,,,,,,,,,,,,,,-0.0014377422630786896,-0.0005232277326285839,-2.3639330863952637,,
1790036578.7438664,RAW_IMU,,,,,,,,,0,0,-1000,2,2,4,,,,,
1790036578.7492685,GLOBAL_POSITION_INT,-35.3606891,149.1682261,590.1,9.998,-0.02,0.0,0.0,224.56,,,,,,,,,,,
1790036578.7500803,GPS_RAW_INT,,,,,,,,,,,,,,,,,,6,10
1790036578.7629037,ATTITUDE,,,,,,,,,,,,,,,-0.001425672904588282,-0.0005400859517976642,-2.3639252185821533,,
1790036578.7639477,RAW_IMU,,,,,,,,,0,0,-1000,4,2,4,,,,,
1790036578.7831342,ATTITUDE,,,,,,,,,,,,,,,-0.0014294469729065895,-0.000556235492695123,-2.3639163970947266,,
1790036578.785008,RAW_IMU,,,,,,,,,0,0,-1000,2,2,4,,,,,
1790036578.8032672,ATTITUDE,,,,,,,,,,,,,,,-0.001433890894986689,-0.0005729566910304129,-2.363906145095825,,
1790036578.8044474,RAW_IMU,,,,,,,,,0,0,-1000,3,2,4,,,,,
1790036578.8231454,ATTITUDE,,,,,,,,,,,,,,,-0.001405696733854711,-0.0005861044628545642,-2.3638932704925537,,
1790036578.8240538,RAW_IMU,,,,,,,,,0,0,-1000,4,2,4,,,,,
1790036578.8435006,ATTITUDE,,,,,,,,,,,,,,,-0.0014021764509379864,-0.0005965129821561277,-2.3638808727264404,,
1790036578.8448014,RAW_IMU,,,,,,,,,0,0,-1000,3,2,4,,,,,
1790036578.850524,GLOBAL_POSITION_INT,-35.3606891,149.1682261,590.1,9.998,-0.02,0.0,0.0,224.56,,,,,,,,,,,
1790036578.8521411,GPS_RAW_INT,,,,,,,,,,,,,,,,,,6,10
1790036578.8648462,ATTITUDE,,,,,,,,,,,,,,,-0.0013708319747820497,-0.0006030981312505901,-2.3638668060302734,,
1790036578.8661008,RAW_IMU,,,,,,,,,0,0,-1000,4,2,4,,,,,
1790036578.8913586,ATTITUDE,,,,,,,,,,,,,,,-0.0013565666740760207,-0.0005950341001152992,-2.3638522624969482,,
1790036578.89322,RAW_IMU,,,,,,,,,0,0,-1000,4,3,4,,,,,
1790036578.9003081,ATTITUDE,,,,,,,,,,,,,,,-0.0013431916013360023,-0.0005884463316760957,-2.3638362884521484,,
1790036578.9012918,RAW_IMU,,,,,,,,,0,0,-1000,3,3,4,,,,,
1790036578.9235992,ATTITUDE,,,,,,,,,,,,,,,-0.0013306894106790423,-0.0005854468909092247,-2.363818407058716,,
1790036578.9240642,RAW_IMU,,,,,,,,,0,0,-1001,4,3,4,,,,,
1790036578.9412367,ATTITUDE,,,,,,,,,,,,,,,-0.0013344305334612727,-0.000548092124518007,-2.3638038635253906,,
1790036578.941696,RAW_IMU,,,,,,,,,0,0,-1001,2,4,4,,,,,
1790036578.9479673,GLOBAL_POSITION_INT,-35.3606891,149.1682261,590.1,9.998,-0.02,0.0,0.0,224.57,,,,,,,,,,,
1790036578.948722,GPS_RAW_INT,,,,,,,,,,,,,,,,,,6,10
1790036578.9645543,ATTITUDE,,,,,,,,,,,,,,,-0.0013164596166461706,-0.0005584185710176826,-2.3637919425964355,,
1790036578.964981,RAW_IMU,,,,,,,,,0,0,-1001,4,3,4,,,,,
1790036578.9824088,ATTITUDE,,,,,,,,,,,,,,,-0.001369659905321896,-0.0005203915061429143,-2.363781690597534,,
1790036578.9829698,RAW_IMU,,,,,,,,,0,0,-1001,0,4,4,,,,,
1790036579.0051723,ATTITUDE,,,,,,,,,,,,,,,-0.001360418857075274,-0.0005182286840863526,-2.363773822784424,,
1790036579.005602,RAW_IMU,,,,,,,,,0,0,-1001,3,4,4,,,,,
1790036579.0227969,ATTITUDE,,,,,,,,,,,,,,,-0.0013483392540365458,-0.0004978188662789762,-2.3637707233428955,,
1790036579.0234466,RAW_IMU,,,,,,,,,0,0,-1000,3,3,4,,,,,
1790036579.0407212,ATTITUDE,,,,,,,,,,,,,,,-0.001332948449999094,-0.0004760121228173375,-2.36377215385437,,
1790036579.0414298,RAW_IMU,,,,,,,,,0,0,-1000,3,4,3,,,,,
1790036579.0463543,GLOBAL_POSITION_INT,-35.3606891,149.1682261,590.1,9.998,-0.02,0.0,0.0,224.57,,,,,,,,,,,
1790036579.0470576,GPS_RAW_INT,,,,,,,,,,,,,,,,,,6,10
1790036579.0635443,ATTITUDE,,,,,,,,,,,,,,,-0.0013193293707445264,-0.00047019479097798467,-2.3637771606445312,,
1790036579.064001,RAW_IMU,,,,,,,,,0,0,-1000,3,2,3,,,,,
1790036579.0813313,ATTITUDE,,,,,,,,,,,,,,,-0.00130695931147784,-0.00044999297824688256,-2.363785982131958,,
1790036579.0816336,RAW_IMU,,,,,,,,,0,0,-1000,3,4,3,,,,,
1790036579.1042962,ATTITUDE,,,,,,,,,,,,,,,-0.0012936004204675555,-0.00044621218694373965,-2.363797426223755,,
1790036579.1047354,RAW_IMU,,,,,,,,,0,0,-1000,3,2,3,,,,,
1790036579.123568,ATTITUDE,,,,,,,,,,,,,,,-0.0013237956445664167,-0.00042718840995803475,-2.3638081550598145,,
1790036579.124134,RAW_IMU,,,,,,,,,0,0,-1001,1,4,3,,,,,
1790036579.145173,ATTITUDE,,,,,,,,,,,,,,,-0.0012974742567166686,-0.0004582251713145524,-2.363820791244507,,
1790036579.1455927,RAW_IMU,,,,,,,,,0,0,-1001,4,1,3,,,,,
1790036579.1465025,GLOBAL_POSITION_INT,-35.3606891,149.1682261,590.1,9.998,-0.02,0.0,0.0,224.57,,,,,,,,,,,
1790036579.1472504,GPS_RAW_INT,,,,,,,,,,,,,,,,,,6,10
1790036579.1626675,ATTITUDE,,,,,,,,,,,,,,,-0.001346346689388156,-0.00043239706428721547,-2.3638341426849365,,
1790036579.1631403,RAW_IMU,,,,,,,,,0,0,-1001,1,4,3,,,,,
1790036579.1801543,ATTITUDE,,,,,,,,,,,,,,,-0.0013408897211775184,-0.0004832925333175808,-2.363845109939575,,
1790036579.180401,RAW_IMU,,,,,,,,,0,0,-1000,3,0,3,,,,,
1790036579.203444,ATTITUDE,,,,,,,,,,,,,,,-0.0013900810154154897,-0.00045792083255946636,-2.3638577461242676,,
1790036579.2039785,RAW_IMU,,,,,,,,,0,0,-1000,1,4,3,,,,,
1790036579.2212884,ATTITUDE,,,,,,,,,,,,,,,-0.0013621264370158315,-0.0004824928182642907,-2.3638675212860107,,
1790036579.2217877,RAW_IMU,,,,,,,,,0,0,-1000,4,2,3,,,,,
1790036579.245365,ATTITUDE,,,,,,,,,,,,,,,-0.0014108833856880665,-0.0005132132791914046,-2.3638768196105957,,
1790036579.2462013,RAW_IMU,,,,,,,,,0,0,-1000,1,1,3,,,,,
1790036579.2484279,GLOBAL_POSITION_INT,-35.3606891,149.1682261,590.1,9.998,-0.02,0.0,0.0,224.56,,,,,,,,,,,
1790036579.2497797,GPS_RAW_INT,,,,,,,,,,,,,,,,,,6,10
1790036579.2622352,ATTITUDE,,,,,,,,,,,,,,,-0.0013935202732682228,-0.0005432573962025344,-2.3638834953308105,,
1790036579.2640932,RAW_IMU,,,,,,,,,0,0,-1000,3,1,3,,,,,
1790036579.2815642,ATTITUDE,,,,,,,,,,,,,,,-0.0013958370545879006,-0.0005737038445658982,-2.363887071609497,,
1790036579.2825956,RAW_IMU,,,,,,,,,0,0,-1000,3,1,3,,,,,
1790036579.3015704,ATTITUDE,,,,,,,,,,,,,,,-0.0014144225278869271,-0.0006029664655216038,-2.3638882637023926,,
1790036579.302927,RAW_IMU,,,,,,,,,0,0,-1000,1,1,3,,,,,
1790036579.3215816,ATTITUDE,,,,,,,,,,,,,,,-0.0014351853169500828,-0.0006308060837909579,-2.3638854026794434,,
1790036579.3227072,RAW_IMU,,,,,,,,,0,0,-1000,2,1,4,,,,,
1790036579.341804,ATTITUDE,,,,,,,,,,,,,,,-0.0014565883902832866,-0.0006584387156181037,-2.363879680633545,,
1790036579.343056,RAW_IMU,,,,,,,,,0,0,-1000,1,1,4,,,,,
1790036579.3480272,GLOBAL_POSITION_INT,-35.3606891,149.1682261,590.1,9.999,-0.02,0.0,0.0,224.56,,,,,,,,,,,
1790036579.3493638,GPS_RAW_INT,,,,,,,,,,,,,,,,,,6,10
1790036579.3618531,ATTITUDE,,,,,,,,,,,,,,,-0.0014940344262868166,-0.0006863978924229741,-2.363870859146118,,
1790036579.3629315,RAW_IMU,,,,,,,,,0,0,-1000,1,1,4,,,,,
1790036579.385771,ATTITUDE,,,,,,,,,,,,,,,-0.0015143544878810644,-0.000715272908564657,-2.363860845565796,,
1790036579.3866394,RAW_IMU,,,,,,,,,0,0,-1000,1,1,4,,,,,
1790036579.4016242,ATTITUDE,,,,,,,,,,,,,,,-0.001517956960014999,-0.0007194337667897344,-2.363848924636841,,
1790036579.4024663,RAW_IMU,,,,,,,,,0,0,-1001,3,3,4,,,,,
1790036579.4223404,ATTITUDE,,,,,,,,,,,,,,,-0.0015494803665205836,-0.0007514796452596784,-2.363837718963623,,
1790036579.4234445,RAW_IMU,,,,,,,,,0,0,-1001,1,1,4,,,,,
1790036579.442189,ATTITUDE,,,,,,,,,,,,,,,-0.0015323490370064974,-0.0007282954175025225,-2.363828659057617,,
1790036579.4431345,RAW_IMU,,,,,,,,,0,0,-1001,4,4,4,,,,,
1790036579.4492588,GLOBAL_POSITION_INT,-35.3606891,149.1682261,590.1,9.999,-0.02,0.0,0.0,224.57,,,,,,,,,,,
1790036579.450216,GPS_RAW_INT,,,,,,,,,,,,,,,,,,6,10
1790036579.4633312,ATTITUDE,,,,,,,,,,,,,,,-0.001579964766278863,-0.0007569875451736152,-2.3638205528259277,,
1790036579.4651043,RAW_IMU,,,,,,,,,0,0,-1001,0,1,4,,,,,
1790036579.4858246,ATTITUDE,,,,,,,,,,,,,,,-0.0015462188748642802,-0.0007097169291228056,-2.36381459236145,,
1790036579.4872236,RAW_IMU,,,,,,,,,0,0,-1001,4,5,4,,,,,
1790036579.5010777,ATTITUDE,,,,,,,,,,,,,,,-0.0015743377152830362,-0.0007359001901932061,-2.363809108734131,,
1790036579.5024142,RAW_IMU,,,,,,,,,0,0,-1000,2,2,4,,,,,
1790036579.5225081,ATTITUDE,,,,,,,,,,,,,,,-0.0016058380715548992,-0.0006989073008298874,-2.3638057708740234,,
1790036579.5233395,RAW_IMU,,,,,,,,,0,0,-1000,1,4,4,,,,,
1790036579.54338,ATTITUDE,,,,,,,,,,,,,,,-0.0016371550736948848,-0.0007455468294210732,-2.3638055324554443,,
1790036579.5457547,RAW_IMU,,,,,,,,,0,0,-1000,1,1,3,,,,,
1790036579.5507822,GLOBAL_POSITION_INT,-35.3606891,149.1682261,590.1,9.999,-0.02,0.0,0.0,224.57,,,,,,,,,,,
1790036579.551964,GPS_RAW_INT,,,,,,,,,,,,,,,,,,6,10
1790036579.5647817,ATTITUDE,,,,,,,,,,,,,,,-0.0016679635737091303,-0.0007184897549450397,-2.3638083934783936,,
1790036579.5661893,RAW_IMU,,,,,,,,,0,0,-1000,1,4,3,,,,,
1790036579.5844162,ATTITUDE,,,,,,,,,,,,,,,-0.0016982675297185779,-0.0007669681799598038,-2.3638155460357666,,
1790036579.5864913,RAW_IMU,,,,,,,,,0,0,-1000,1,1,3,,,,,
1790036579.604462,ATTITUDE,,,,,,,,,,,,,,,-0.00172882538754493,-0.0007477878825739026,-2.363823413848877,,
1790036579.6058354,RAW_IMU,,,,,,,,,0,0,-1000,1,3,3,,,,,
1790036579.6365023,ATTITUDE,,,,,,,,,,,,,,,-0.0017355602467432618,-0.0007816650904715061,-2.363832950592041,,
1790036579.6383173,RAW_IMU,,,,,,,,,0,0,-1001,2,2,3,,,,,
1790036579.6445065,ATTITUDE,,,,,,,,,,,,,,,-0.0017223707400262356,-0.0007558554643765092,-2.363847017288208,,
1790036579.6461523,RAW_IMU,,,,,,,,,0,0,-1000,3,3,3,,,,,
1790036579.6478367,GLOBAL_POSITION_INT,-35.3606891,149.1682261,590.1,9.999,-0.02,0.0,0.0,224.57,,,,,,,,,,,
1790036579.6493564,GPS_RAW_INT,,,,,,,,,,,,,,,,,,6,10
1790036579.6657772,ATTITUDE,,,,,,,,,,,,,,,-0.0017092865891754627,-0.0007664296426810324,-2.3638627529144287,,
1790036579.6668618,RAW_IMU,,,,,,,,,0,0,-1000,3,3,3,,,,,
1790036579.685599,ATTITUDE,,,,,,,,,,,,,,,-0.0016975704347714782,-0.0007542264647781849,-2.3638811111450195,,
1790036579.686992,RAW_IMU,,,,,,,,,0,0,-1000,3,3,3,,,,,
1790036579.7056363,ATTITUDE,,,,,,,,,,,,,,,-0.0016870353138074279,-0.0007440997287631035,-2.363901138305664,,
1790036579.7066047,RAW_IMU,,,,,,,,,0,0,-1001,3,4,2,,,,,
1790036579.7250936,ATTITUDE,,,,,,,,,,,,,,,-0.001672127633355558,-0.0007478640764020383,-2.363914966583252,,
1790036579.725907,RAW_IMU,,,,,,,,,0,0,-1001,3,2,3,,,,,
1790036579.7458274,ATTITUDE,,,,,,,,,,,,,,,-0.0016964571550488472,-0.0007427938980981708,-2.3639280796051025,,
1790036579.7473714,RAW_IMU,,,,,,,,,0,0,-1001,2,3,3,,,,,
1790036579.7492983,GLOBAL_POSITION_INT,-35.3606891,149.1682261,590.11,10.0,-0.02,0.0,0.0,224.56,,,,,,,,,,,
1790036579.7510924,GPS_RAW_INT,,,,,,,,,,,,,,,,,,6,10
1790036579.7658427,ATTITUDE,,,,,,,,,,,,,,,-0.0016555801266804338,-0.0007831881521269679,-2.3639402389526367,,
1790036579.7673998,RAW_IMU,,,,,,,,,0,0,-1000,4,1,3,,,,,
1790036579.7854905,ATTITUDE,,,,,,,,,,,,,,,-0.00168287951964885,-0.0008235710556618869,-2.36395001411438,,
1790036579.786765,RAW_IMU,,,,,,,,,0,0,-1000,2,1,3,,,,,
1790036579.8055954,ATTITUDE,,,,,,,,,,,,,,,-0.0016365937190130353,-0.0008644273621030152,-2.363956928253174,,
1790036579.8067226,RAW_IMU,,,,,,,,,0,0,-1000,5,1,3,,,,,
1790036579.8249645,ATTITUDE,,,,,,,,,,,,,,,-0.0016611228929832578,-0.0009022112935781479,-2.3639581203460693,,
1790036579.8265097,RAW_IMU,,,,,,,,,0,0,-1000,2,1,3,,,,,
1790036579.8451765,ATTITUDE,,,,,,,,,,,,,,,-0.001618415815755725,-0.0009357192902825773,-2.3639583587646484,,
1790036579.8468163,RAW_IMU,,,,,,,,,0,0,-1000,4,1,3,,,,,
1790036579.849036,GLOBAL_POSITION_INT,-35.3606891,149.1682261,590.11,10.0,-0.02,0.0,0.0,224.56,,,,,,,,,,,
1790036579.8510916,GPS_RAW_INT,,,,,,,,,,,,,,,,,,6,10
1790036579.8613071,ATTITUDE,,,,,,,,,,,,,,,-0.0016092044534161687,-0.0009667057893238962,-2.363957643508911,,
1790036579.8629181,RAW_IMU,,,,,,,,,0,0,-1000,4,1,3,,,,,
1790036579.883753,ATTITUDE,,,,,,,,,,,,,,,-0.0015840439591556787,-0.0009982777992263436,-2.363954782485962,,
1790036579.884568,RAW_IMU,,,,,,,,,0,0,-1000,3,1,4,,,,,
1790036579.901324,ATTITUDE,,,,,,,,,,,,,,,-0.0015769408782944083,-0.0010281988652423024,-2.3639490604400635,,
1790036579.9020197,RAW_IMU,,,,,,,,,0,0,-1000,4,1,4,,,,,
1790036579.9213789,ATTITUDE,,,,,,,,,,,,,,,-0.0015869481721892953,-0.001057626330293715,-2.363940715789795,,
1790036579.9222276,RAW_IMU,,,,,,,,,0,0,-1000,2,1,4,,,,,
1790036579.9411669,ATTITUDE,,,,,,,,,,,,,,,-0.0015970171662047505,-0.001085638883523643,-2.3639321327209473,,
1790036579.942552,RAW_IMU,,,,,,,,,0,0,-1000,2,1,4,,,,,
1790036579.9481235,GLOBAL_POSITION_INT,-35.3606891,149.1682261,590.11,10.0,-0.02,0.0,0.0,224.56,,,,,,,,,,,
1790036579.9497187,GPS_RAW_INT,,,,,,,,,,,,,,,,,,6,10
1790036579.96231,ATTITUDE,,,,,,,,,,,,,,,-0.0015770879108458757,-0.0011137578403577209,-2.3639204502105713,,
1790036579.963913,RAW_IMU,,,,,,,,,0,0,-1000,3,1,4,,,,,
1790036579.9811313,ATTITUDE,,,,,,,,,,,,,,,-0.0015881507424637675,-0.0011406124103814363,-2.3639070987701416,,
1790036579.981944,RAW_IMU,,,,,,,,,0,0,-1000,3,1,4,,,,,
1790036580.0012603,ATTITUDE,,,,,,,,,,,,,,,-0.0015709290746599436,-0.0011672771070152521,-2.363892078399658,,
1790036580.0023384,RAW_IMU,,,,,,,,,0,0,-1000,3,1,4,,,,,
1790036580.0215137,ATTITUDE,,,,,,,,,,,,,,,-0.0015829671174287796,-0.0011938593816012144,-2.3638744354248047,,
1790036580.0225656,RAW_IMU,,,,,,,,,0,0,-1000,3,1,4,,,,,
1790036580.0411913,ATTITUDE,,,,,,,,,,,,,,,-0.001562295132316649,-0.0012156101875007153,-2.363856315612793,,
1790036580.042382,RAW_IMU,,,,,,,,,0,0,-1000,3,2,4,,,,,
1790036580.0480568,GLOBAL_POSITION_INT,-35.3606891,149.1682261,590.11,10.0,-0.02,0.0,0.0,224.57,,,,,,,,,,,
1790036580.0494084,GPS_RAW_INT,,,,,,,,,,,,,,,,,,6,10
1790036580.0612712,ATTITUDE,,,,,,,,,,,,,,,-0.0015529150841757655,-0.0012357427040114999,-2.3638393878936768,,
1790036580.0627015,RAW_IMU,,,,,,,,,0,0,-1000,3,2,4,,,,,
1790036580.0816228,ATTITUDE,,,,,,,,,,,,,,,-0.0015499007422477007,-0.001224197680130601,-2.3638205528259277,,
1790036580.0825822,RAW_IMU,,,,,,,,,0,0,-1000,2,3,4,,,,,
1790036580.1013746,ATTITUDE,,,,,,,,,,,,,,,-0.001521955244243145,-0.0012360727414488792,-2.3638038635253906,,
1790036580.1024787,RAW_IMU,,,,,,,,,0,0,-1000,4,2,4,,,,,
1790036580.1375806,ATTITUDE,,,,,,,,,,,,,,,-0.001536513096652925,-0.001185972592793405,-2.3637890815734863,,
1790036580.1393328,RAW_IMU,,,,,,,,,0,0,-1000,2,5,4,,,,,
1790036580.1419764,ATTITUDE,,,,,,,,,,,,,,,-0.0015510861994698644,-0.0012115025892853737,-2.3637778759002686,,
1790036580.1431923,RAW_IMU,,,,,,,,,0,0,-1000,2,2,4,,,,,
1790036580.1477184,GLOBAL_POSITION_INT,-35.3606891,149.1682261,590.11,10.0,-0.02,0.0,0.0,224.57,,,,,,,,,,,
1790036580.1490836,GPS_RAW_INT,,,,,,,,,,,,,,,,,,6,10
1790036580.166304,ATTITUDE,,,,,,,,,,,,,,,-0.001566196558997035,-0.001156431739218533,-2.3637707233428955,,
1790036580.1684716,RAW_IMU,,,,,,,,,0,0,-1000,2,5,4,,,,,
1790036580.1863468,ATTITUDE,,,,,,,,,,,,,,,-0.001580847892910242,-0.0011829975992441177,-2.3637678623199463,,
1790036580.1876206,RAW_IMU,,,,,,,,,0,0,-1000,2,2,4,,,,,
1790036580.2063026,ATTITUDE,,,,,,,,,,,,,,,-0.0015963675687089562,-0.0011283892672508955,-2.363769769668579,,
1790036580.2072215,RAW_IMU,,,,,,,,,0,0,-1000,2,5,3,,,,,
1790036580.2258592,ATTITUDE,,,,,,,,,,,,,,,-0.0016123970272019506,-0.0011356644099578261,-2.363772392272949,,
1790036580.2273128,RAW_IMU,,,,,,,,,0,0,-1000,2,3,3,,,,,
1790036580.246354,ATTITUDE,,,,,,,,,,,,,,,-0.0016204387648031116,-0.001086015603505075,-2.3637800216674805,,
1790036580.2479331,RAW_IMU,,,,,,,,,0,0,-1000,2,4,3,,,,,
1790036580.2493947,GLOBAL_POSITION_INT,-35.3606891,149.1682261,590.11,10.0,-0.02,0.0,0.0,224.57,,,,,,,,,,,
1790036580.2503452,GPS_RAW_INT,,,,,,,,,,,,,,,,,,6,10
1790036580.2667727,ATTITUDE,,,,,,,,,,,,,,,-0.0016299005364999175,-0.0010434770956635475,-2.363790512084961,,
1790036580.2677875,RAW_IMU,,,,,,,,,0,0,-1000,2,5,3,,,,,
1790036580.286347,ATTITUDE,,,,,,,,,,,,,,,-0.0016378817381337285,-0.0010134794283658266,-2.363802909851074,,
1790036580.2882257,RAW_IMU,,,,,,,,,0,0,-1000,2,4,3,,,,,
1790036580.3064082,ATTITUDE,,,,,,,,,,,,,,,-0.0016246180748566985,-0.0009626433020457625,-2.3638181686401367,,
1790036580.30813,RAW_IMU,,,,,,,,,0,0,-1001,3,5,3,,,,,
1790036580.326332,ATTITUDE,,,,,,,,,,,,,,,-0.0016405023634433746,-0.0009488133946433663,-2.3638319969177246,,
1790036580.3272889,RAW_IMU,,,,,,,,,0,0,-1001,2,3,3,,,,,
1790036580.3463755,ATTITUDE,,,,,,,,,,,,,,,-0.0016045813681557775,-0.0008892202167771757,-2.3638463020324707,,
1790036580.3476605,RAW_IMU,,,,,,,,,0,0,-1001,4,6,3,,,,,
1790036580.3498256,GLOBAL_POSITION_INT,-35.3606891,149.1682261,590.11,10.0,-0.02,0.0,0.0,224.57,,,,,,,,,,,
1790036580.350895,GPS_RAW_INT,,,,,,,,,,,,,,,,,,6,10
1790036580.3673427,ATTITUDE,,,,,,,,,,,,,,,-0.0016105545219033957,-0.0008994725067168474,-2.363858699798584,,
1790036580.3692186,RAW_IMU,,,,,,,,,0,0,-1001,3,2,3,,,,,
1790036580.3892539,ATTITUDE,,,,,,,,,,,,,,,-0.0016089044511318207,-0.000858703104313463,-2.3638699054718018,,
1790036580.390688,RAW_IMU,,,,,,,,,0,0,-1001,2,4,3,,,,,
1790036580.401386,ATTITUDE,,,,,,,,,,,,,,,-0.0016040917253121734,-0.0008166251936927438,-2.3638782501220703,,
1790036580.4023561,RAW_IMU,,,,,,,,,0,0,-1000,4,5,3,,,,,
1790036580.4217,ATTITUDE,,,,,,,,,,,,,,,-0.0015991204418241978,-0.0007763567846268415,-2.3638808727264404,,
1790036580.422597,RAW_IMU,,,,,,,,,0,0,-1000,3,5,3,,,,,
1790036580.4464352,ATTITUDE,,,,,,,,,,,,,,,-0.0015746814897283912,-0.0007331818924285471,-2.3638834953308105,,
1790036580.4483893,RAW_IMU,,,,,,,,,0,0,-1000,4,5,3,,,,,
1790036580.449518,GLOBAL_POSITION_INT,-35.3606891,149.1682261,590.11,10.0,-0.02,0.0,0.0,224.56,,,,,,,,,,,
1790036580.450279,GPS_RAW_INT,,,,,,,,,,,,,,,,,,6,10
1790036580.4623241,ATTITUDE,,,,,,,,,,,,,,,-0.0015648981789126992,-0.0006917561404407024,-2.3638830184936523,,
1790036580.464059,RAW_IMU,,,,,,,,,0,0,-1000,3,5,3,,,,,
1790036580.482086,ATTITUDE,,,,,,,,,,,,,,,-0.001522882841527462,-0.0006527984514832497,-2.3638806343078613,,
1790036580.48328,RAW_IMU,,,,,,,,,0,0,-1000,5,5,3,,,,,
1790036580.5019312,ATTITUDE,,,,,,,,,,,,,,,-0.001543315825983882,-0.0006155064911581576,-2.3638758659362793,,
1790036580.503148,RAW_IMU,,,,,,,,,0,0,-1001,1,4,4,,,,,
1790036580.522366,ATTITUDE,,,,,,,,,,,,,,,-0.001484985463321209,-0.000580768333747983,-2.363865375518799,,
1790036580.523467,RAW_IMU,,,,,,,,,0,0,-1001,5,4,4,,,,,
1790036580.5420723,ATTITUDE,,,,,,,,,,,,,,,-0.0015085117192938924,-0.0005484428256750107,-2.3638532161712646,,
1790036580.5430381,RAW_IMU,,,,,,,,,0,0,-1000,2,4,4,,,,,
1790036580.548908,GLOBAL_POSITION_INT,-35.3606891,149.1682261,590.11,10.0,-0.02,0.0,0.0,224.57,,,,,,,,,,,
1790036580.550445,GPS_RAW_INT,,,,,,,,,,,,,,,,,,6,10
1790036580.5639699,ATTITUDE,,,,,,,,,,,,,,,-0.0014613999519497156,-0.0005750953569076955,-2.363840103149414,,
1790036580.5662737,RAW_IMU,,,,,,,,,0,0,-1001,5,2,4,,,,,
1790036580.5826688,ATTITUDE,,,,,,,,,,,,,,,-0.0014960623811930418,-0.0005448322044685483,-2.3638293743133545,,
1790036580.5837343,RAW_IMU,,,,,,,,,0,0,-1001,1,4,4,,,,,
1790036580.6030643,ATTITUDE,,,,,,,,,,,,,,,-0.001455827266909182,-0.0005848733126185834,-2.363819122314453,,
1790036580.6044679,RAW_IMU,,,,,,,,,0,0,-1001,4,1,4,,,,,
1790036580.6339757,ATTITUDE,,,,,,,,,,,,,,,-0.0014834365574643016,-0.0005546034662984312,-2.3638100624084473,,
1790036580.6353323,RAW_IMU,,,,,,,,,0,0,-1001,2,4,4,,,,,
1790036580.6427743,ATTITUDE,,,,,,,,,,,,,,,-0.0014434263575822115,-0.0005732637946493924,-2.3638017177581787,,
1790036580.6441474,RAW_IMU,,,,,,,,,0,0,-1000,4,2,4,,,,,
1790036580.649534,GLOBAL_POSITION_INT,-35.3606891,149.1682261,590.11,10.0,-0.02,0.0,0.0,224.57,,,,,,,,,,,
1790036580.6504328,GPS_RAW_INT,,,,,,,,,,,,,,,,,,6,10
1790036580.6647975,ATTITUDE,,,,,,,,,,,,,,,-0.0014586785109713674,-0.0005300850025378168,-2.3637940883636475,,
1790036580.666029,RAW_IMU,,,,,,,,,0,0,-1001,2,4,4,,,,,
1790036580.6845446,ATTITUDE,,,,,,,,,,,,,,,-0.0014356864849105477,-0.0005474210483953357,-2.363788366317749,,
1790036580.6859288,RAW_IMU,,,,,,,,,0,0,-1001,3,3,4,,,,,
1790036580.7041397,ATTITUDE,,,,,,,,,,,,,,,-0.0014427885180339217,-0.0005364593234844506,-2.3637828826904297,,
1790036580.706123,RAW_IMU,,,,,,,,,0,0,-1001,3,2,4,,,,,
1790036580.724065,ATTITUDE,,,,,,,,,,,,,,,-0.00144890823867172,-0.0005532131181098521,-2.363778829574585,,
1790036580.7250946,RAW_IMU,,,,,,,,,0,0,-1001,2,2,3,,,,,
1790036580.7441838,ATTITUDE,,,,,,,,,,,,,,,-0.0014405861729755998,-0.0005433826008811593,-2.3637771606445312,,
1790036580.7456563,RAW_IMU,,,,,,,,,0,0,-1001,3,3,3,,,,,
1790036580.750859,GLOBAL_POSITION_INT,-35.3606891,149.1682261,590.11,10.0,-0.02,0.0,0.0,224.57,,,,,,,,,,,
1790036580.7519584,GPS_RAW_INT,,,,,,,,,,,,,,,,,,6,10
1790036580.7654452,ATTITUDE,,,,,,,,,,,,,,,-0.0014646330382674932,-0.000575708516407758,-2.363776683807373,,
1790036580.7670152,RAW_IMU,,,,,,,,,0,0,-1001,1,2,3,,,,,
1790036580.7849123,ATTITUDE,,,,,,,,,,,,,,,-0.0014555227244272828,-0.0005837188218720257,-2.3637776374816895,,
1790036580.7867582,RAW_IMU,,,,,,,,,0,0,-1001,3,2,3,,,,,
1790036580.8048007,ATTITUDE,,,,,,,,,,,,,,,-0.0014834590256214142,-0.0006028914940543473,-2.3637804985046387,,
1790036580.8060877,RAW_IMU,,,,,,,,,0,0,-1001,1,2,3,,,,,
1790036580.824956,ATTITUDE,,,,,,,,,,,,,,,-0.00145861622877419,-0.0005927644087933004,-2.363783121109009,,
1790036580.8257518,RAW_IMU,,,,,,,,,0,0,-1001,4,3,3,,,,,
1790036580.8449757,ATTITUDE,,,,,,,,,,,,,,,-0.001495730597525835,-0.0006014955579303205,-2.363785982131958,,
1790036580.8459084,RAW_IMU,,,,,,,,,0,0,-1001,1,3,3,,,,,
1790036580.8516796,GLOBAL_POSITION_INT,-35.3606891,149.1682261,590.11,10.0,-0.02,0.0,0.0,224.57,,,,,,,,,,,
1790036580.8529296,GPS_RAW_INT,,,,,,,,,,,,,,,,,,6,10
1790036580.8654752,ATTITUDE,,,,,,,,,,,,,,,-0.0014556446112692356,-0.000585647823754698,-2.3637895584106445,,
1790036580.8675225,RAW_IMU,,,,,,,,,0,0,-1001,4,3,3,,,,,
1790036580.885458,ATTITUDE,,,,,,,,,,,,,,,-0.0014933203347027302,-0.0005863775731995702,-2.3637938499450684,,
1790036580.8874142,RAW_IMU,,,,,,,,,0,0,-1001,1,3,3,,,,,
1790036580.9056342,ATTITUDE,,,,,,,,,,,,,,,-0.0014634408289566636,-0.0006144368671812117,-2.3637969493865967,,
1790036580.9065447,RAW_IMU,,,,,,,,,0,0,-1000,4,1,3,,,,,
1790036580.9256861,ATTITUDE,,,,,,,,,,,,,,,-0.0014966862509027123,-0.0006077899597585201,-2.363800048828125,,
1790036580.9272077,RAW_IMU,,,,,,,,,0,0,-1001,1,3,3,,,,,
1790036580.9457252,ATTITUDE,,,,,,,,,,,,,,,-0.0014679095475003123,-0.0006344342255033553,-2.3638031482696533,,
1790036580.9467473,RAW_IMU,,,,,,,,,0,0,-1001,3,1,3,,,,,
1790036580.9485586,GLOBAL_POSITION_INT,-35.3606891,149.1682261,590.11,10.0,-0.02,0.0,0.0,224.57,,,,,,,,,,,
1790036580.949629,GPS_RAW_INT,,,,,,,,,,,,,,,,,,6,10
1790036580.966972,ATTITUDE,,,,,,,,,,,,,,,-0.001492510549724102,-0.0006087811198085546,-2.363805055618286,,
1790036580.9679239,RAW_IMU,,,,,,,,,0,0,-1001,2,4,3,,,,,
1790036580.9862409,ATTITUDE,,,,,,,,,,,,,,,-0.001463178894482553,-0.0006510050734505057,-2.3638088703155518,,
1790036580.9875338,RAW_IMU,,,,,,,,,0,0,-1001,4,1,3,,,,,
1790036581.0062423,ATTITUDE,,,,,,,,,,,,,,,-0.001471957191824913,-0.0006356736994348466,-2.3638124465942383,,
1790036581.0079901,RAW_IMU,,,,,,,,,0,0,-1000,3,3,3,,,,,
1790036581.026064,ATTITUDE,,,,,,,,,,,,,,,-0.0014474140480160713,-0.0006665927357971668,-2.363813877105713,,
1790036581.0268126,RAW_IMU,,,,,,,,,0,0,-1001,4,2,3,,,,,
1790036581.046339,ATTITUDE,,,,,,,,,,,,,,,-0.0014618294080719352,-0.000648265762720257,-2.3638148307800293,,
1790036581.0473762,RAW_IMU,,,,,,,,,0,0,-1001,2,3,3,,,,,
1790036581.0493162,GLOBAL_POSITION_INT,-35.3606891,149.1682261,590.11,10.0,-0.02,0.0,0.0,224.57,,,,,,,,,,,
1790036581.0503802,GPS_RAW_INT,,,,,,,,,,,,,,,,,,6,10
1790036581.0618236,ATTITUDE,,,,,,,,,,,,,,,-0.0014170880895107985,-0.0006474191322922707,-2.3638179302215576,,
1790036581.0640354,RAW_IMU,,,,,,,,,0,0,-1001,4,3,3,,,,,
1790036581.081744,ATTITUDE,,,,,,,,,,,,,,,-0.001434235367923975,-0.0006493666442111135,-2.363821268081665,,
1790036581.0828252,RAW_IMU,,,,,,,,,0,0,-1001,2,2,3,,,,,
1790036581.1015751,ATTITUDE,,,,,,,,,,,,,,,-0.001413359073922038,-0.0006508852238766849,-2.363825559616089,,
1790036581.1024551,RAW_IMU,,,,,,,,,0,0,-1001,3,3,3,,,,,
1790036581.1429267,ATTITUDE,,,,,,,,,,,,,,,-0.0014213377144187689,-0.0006637254846282303,-2.363828420639038,,
1790036581.1443377,RAW_IMU,,,,,,,,,0,0,-1001,3,2,3,,,,,
1790036581.1451256,ATTITUDE,,,,,,,,,,,,,,,-0.0014108748873695731,-0.0006663546082563698,-2.363832950592041,,
1790036581.1471734,RAW_IMU,,,,,,,,,0,0,-1001,3,3,3,,,,,
1790036581.1502712,GLOBAL_POSITION_INT,-35.3606891,149.1682261,590.11,10.0,-0.02,0.0,0.0,224.57,,,,,,,,,,,
1790036581.1522954,GPS_RAW_INT,,,,,,,,,,,,,,,,,,6,10
1790036581.1618087,ATTITUDE,,,,,,,,,,,,,,,-0.0014200295554473996,-0.0006805562297813594,-2.363837957382202,,
1790036581.1630538,RAW_IMU,,,,,,,,,0,0,-1001,3,2,3,,,,,
1790036581.181222,ATTITUDE,,,,,,,,,,,,,,,-0.0014108724426478148,-0.0006623431108891964,-2.363844156265259,,
1790036581.1822474,RAW_IMU,,,,,,,,,0,0,-1001,3,4,3,,,,,
1790036581.2011812,ATTITUDE,,,,,,,,,,,,,,,-0.0014221658930182457,-0.0006834609084762633,-2.3638501167297363,,
1790036581.2021778,RAW_IMU,,,,,,,,,0,0,-1000,3,2,3,,,,,
1790036581.2210407,ATTITUDE,,,,,,,,,,,,,,,-0.001407126896083355,-0.0006651290459558368,-2.3638532161712646,,
1790036581.2219813,RAW_IMU,,,,,,,,,0,0,-1000,3,4,3,,,,,
1790036581.241707,ATTITUDE,,,,,,,,,,,,,,,-0.001404360868036747,-0.0006598826730623841,-2.363854169845581,,
1790036581.2429125,RAW_IMU,,,,,,,,,0,0,-1000,3,3,3,,,,,
1790036581.248227,GLOBAL_POSITION_INT,-35.3606891,149.1682261,590.11,10.0,-0.02,0.0,0.0,224.57,,,,,,,,,,,
1790036581.250867,GPS_RAW_INT,,,,,,,,,,,,,,,,,,6,10
1790036581.2626872,ATTITUDE,,,,,,,,,,,,,,,-0.0014177814591675997,-0.0006571539561264217,-2.3638522624969482,,
1790036581.2643816,RAW_IMU,,,,,,,,,0,0,-1000,1,3,3,,,,,
1790036581.2819653,ATTITUDE,,,,,,,,,,,,,,,-0.0013855802826583385,-0.0006555576692335308,-2.3638501167297363,,
1790036581.2829547,RAW_IMU,,,,,,,,,0,0,-1000,4,3,3,,,,,
1790036581.3019216,ATTITUDE,,,,,,,,,,,,,,,-0.0014247734798118472,-0.000652653572615236,-2.3638460636138916,,
1790036581.303111,RAW_IMU,,,,,,,,,0,0,-1000,1,3,3,,,,,
1790036581.3218505,ATTITUDE,,,,,,,,,,,,,,,-0.001387893920764327,-0.0006626865942962468,-2.3638370037078857,,
1790036581.3224006,RAW_IMU,,,,,,,,,0,0,-1001,4,2,4,,,,,
1790036581.3417337,ATTITUDE,,,,,,,,,,,,,,,-0.0014428403228521347,-0.0006551919505000114,-2.3638267517089844,,
1790036581.342262,RAW_IMU,,,,,,,,,0,0,-1001,0,3,4,,,,,
1790036581.3486974,GLOBAL_POSITION_INT,-35.3606891,149.1682261,590.11,10.0,-0.02,0.0,0.0,224.57,,,,,,,,,,,
1790036581.3498163,GPS_RAW_INT,,,,,,,,,,,,,,,,,,6,10
1790036581.3631613,ATTITUDE,,,,,,,,,,,,,,,-0.0014064639108255506,-0.0006863840389996767,-2.363816261291504,,
1790036581.365074,RAW_IMU,,,,,,,,,0,0,-1001,4,2,4,,,,,
1790036581.3855116,ATTITUDE,,,,,,,,,,,,,,,-0.0014488095184788108,-0.0006862450973130763,-2.363807439804077,,
1790036581.387126,RAW_IMU,,,,,,,,,0,0,-1001,1,2,4,,,,,
1790036581.4027991,ATTITUDE,,,,,,,,,,,,,,,-0.001421962515451014,-0.0006861644214950502,-2.363799810409546,,
1790036581.403879,RAW_IMU,,,,,,,,,0,0,-1001,3,3,4,,,,,
1790036581.4224195,ATTITUDE,,,,,,,,,,,,,,,-0.0014327664393931627,-0.0006845800089649856,-2.3637912273406982,,
1790036581.4236197,RAW_IMU,,,,,,,,,0,0,-1001,3,2,4,,,,,
1790036581.4424436,ATTITUDE,,,,,,,,,,,,,,,-0.0014141115825623274,-0.0006487203645519912,-2.363783359527588,,
1790036581.4441733,RAW_IMU,,,,,,,,,0,0,-1001,3,5,4,,,,,
1790036581.4495173,GLOBAL_POSITION_INT,-35.3606891,149.1682261,590.11,10.0,-0.02,0.0,0.0,224.57,,,,,,,,,,,
1790036581.4508204,GPS_RAW_INT,,,,,,,,,,,,,,,,,,6,10
1790036581.4640265,ATTITUDE,,,,,,,,,,,,,,,-0.0014086347073316574,-0.0006702492828480899,-2.3637783527374268,,
1790036581.4652367,RAW_IMU,,,,,,,,,0,0,-1001,3,1,3,,,,,
1790036581.4843462,ATTITUDE,,,,,,,,,,,,,,,-0.0014041245449334383,-0.0006160459015518427,-2.3637747764587402,,
1790036581.4855886,RAW_IMU,,,,,,,,,0,0,-1001,2,5,3,,,,,
1790036581.503962,ATTITUDE,,,,,,,,,,,,,,,-0.0013878215104341507,-0.0006501805037260056,-2.363773822784424,,
1790036581.5054774,RAW_IMU,,,,,,,,,0,0,-1001,4,1,3,,,,,
1790036581.5240471,ATTITUDE,,,,,,,,,,,,,,,-0.0013803031761199236,-0.0005771990399807692,-2.3637709617614746,,
1790036581.5250442,RAW_IMU,,,,,,,,,0,0,-1001,3,5,3,,,,,
1790036581.544159,ATTITUDE,,,,,,,,,,,,,,,-0.0011320406338199973,-0.00037355656968429685,-2.3637704849243164,,
1790036581.546254,RAW_IMU,,,,,,,,,0,0,-1001,14,12,3,,,,,
1790036581.550933,GLOBAL_POSITION_INT,-35.3606891,149.1682261,590.11,10.0,-0.02,0.0,0.0,224.57,,,,,,,,,,,
1790036581.551886,GPS_RAW_INT,,,,,,,,,,,,,,,,,,6,10
1790036581.5651128,ATTITUDE,,,,,,,,,,,,,,,-0.000494703883305192,8.855963824316859e-05,-2.3637707233428955,,
1790036581.5670743,RAW_IMU,,,,,,,,,0,0,-1001,33,24,3,,,,,
1790036581.584831,ATTITUDE,,,,,,,,,,,,,,,0.0006252914317883551,0.0009638412739150226,-2.36377215385437,,
1790036581.5859761,RAW_IMU,,,,,,,,,0,0,-1001,57,45,3,,,,,
1790036581.6047502,ATTITUDE,,,,,,,,,,,,,,,0.0024027039762586355,0.0022899082396179438,-2.3637735843658447,,
1790036581.606253,RAW_IMU,,,,,,,,,0,0,-1001,89,67,3,,,,,
1790036581.6392136,ATTITUDE,,,,,,,,,,,,,,,0.0048317075707018375,0.004153570160269737,-2.363764524459839,,
1790036581.6401958,RAW_IMU,,,,,,,,,0,0,-1000,122,94,3,,,,,
1790036581.646145,ATTITUDE,,,,,,,,,,,,,,,0.007937361486256123,0.006640282925218344,-2.3637466430664062,,
1790036581.647202,RAW_IMU,,,,,,,,,0,0,-1001,156,125,3,,,,,
1790036581.6484785,GLOBAL_POSITION_INT,-35.3606891,149.1682261,590.11,10.0,-0.02,0.0,0.0,224.57,,,,,,,,,,,
1790036581.6491451,GPS_RAW_INT,,,,,,,,,,,,,,,,,,6,10
1790036581.6663532,ATTITUDE,,,,,,,,,,,,,,,0.011680045165121555,0.009797472506761551,-2.3637149333953857,,
1790036581.6682217,RAW_IMU,,,,,,,,,0,0,-1001,188,159,3,,,,,
1790036581.6860454,ATTITUDE,,,,,,,,,,,,,,,0.016053633764386177,0.013679476454854012,-2.363659381866455,,
1790036581.6872358,RAW_IMU,,,,,,,,,0,0,-1000,220,195,3,,,,,
1790036581.7060783,ATTITUDE,,,,,,,,,,,,,,,0.021002214401960373,0.018260397017002106,-2.3635706901550293,,
1790036581.7073412,RAW_IMU,,,,,,,,,0,0,-1001,249,230,3,,,,,
1790036581.7259548,ATTITUDE,,,,,,,,,,,,,,,0.026491280645132065,0.02353537268936634,-2.363436460494995,,
1790036581.7273252,RAW_IMU,,,,,,,,,0,0,-1001,276,265,4,,,,,
1790036581.745945,ATTITUDE,,,,,,,,,,,,,,,0.03250010311603546,0.029480883851647377,-2.363250255584717,,
1790036581.747127,RAW_IMU,,,,,,,,,0,0,-1000,302,298,4,,,,,
1790036581.7484453,GLOBAL_POSITION_INT,-35.3606891,149.1682261,590.11,10.0,0.0,0.0,0.0,224.6,,,,,,,,,,,
1790036581.7492728,GPS_RAW_INT,,,,,,,,,,,,,,,,,,6,10
1790036581.7661297,ATTITUDE,,,,,,,,,,,,,,,0.03899571672081947,0.036032646894454956,-2.363003730773926,,
1790036581.7678187,RAW_IMU,,,,,,,,,0,0,-1001,326,329,4,,,,,
1790036581.7861552,ATTITUDE,,,,,,,,,,,,,,,0.0458671860396862,0.043183136731386185,-2.3626837730407715,,
1790036581.7875814,RAW_IMU,,,,,,,,,0,0,-1002,345,359,4,,,,,
1790036581.8060942,ATTITUDE,,,,,,,,,,,,,,,0.05317634716629982,0.05082378908991814,-2.362281084060669,,
1790036581.8069947,RAW_IMU,,,,,,,,,0,0,-1002,366,385,4,,,,,
1790036581.8261254,ATTITUDE,,,,,,,,,,,,,,,0.06083567067980766,0.05889465659856796,-2.3617780208587646,,
1790036581.8271084,RAW_IMU,,,,,,,,,0,0,-1002,384,406,5,,,,,
1790036581.847979,ATTITUDE,,,,,,,,,,,,,,,0.06884784996509552,0.06738701462745667,-2.3611650466918945,,
1790036581.8496315,RAW_IMU,,,,,,,,,0,-1,-1003,400,427,6,,,,,
1790036581.8505905,GLOBAL_POSITION_INT,-35.3606891,149.1682261,590.11,10.0,0.07,0.0,0.0,224.73,,,,,,,,,,,
1790036581.8515718,GPS_RAW_INT,,,,,,,,,,,,,,,,,,6,10
1790036581.8620222,ATTITUDE,,,,,,,,,,,,,,,0.07713495194911957,0.07617231458425522,-2.3604345321655273,,
1790036581.8638012,RAW_IMU,,,,,,,,,1,-1,-1004,414,443,7,,,,,
1790036581.8917449,ATTITUDE,,,,,,,,,,,,,,,0.08569331467151642,0.08528601378202438,-2.3595619201660156,,
1790036581.893062,RAW_IMU,,,,,,,,,1,-1,-1005,426,459,9,,,,,
1790036581.903074,ATTITUDE,,,,,,,,,,,,,,,0.09447785466909409,0.09456347674131393,-2.3585400581359863,,
1790036581.9038806,RAW_IMU,,,,,,,,,2,-2,-1006,437,469,12,,,,,
1790036581.9234715,ATTITUDE,,,,,,,,,,,,,,,0.1034521833062172,0.10401125252246857,-2.357339859008789,,
1790036581.9251626,RAW_IMU,,,,,,,,,2,-2,-1008,445,478,15,,,,,
1790036581.9436724,ATTITUDE,,,,,,,,,,,,,,,0.11259562522172928,0.11356610059738159,-2.3559467792510986,,
1790036581.9452941,RAW_IMU,,,,,,,,,2,-3,-1009,452,485,20,,,,,
1790036581.950233,GLOBAL_POSITION_INT,-35.3606889,149.1682261,590.11,10.0,0.2,0.0,0.0,225.04,,,,,,,,,,,
1790036581.9512694,GPS_RAW_INT,,,,,,,,,,,,,,,,,,6,10
1790036581.9637046,ATTITUDE,,,,,,,,,,,,,,,0.12190918624401093,0.12317980825901031,-2.354337453842163,,
1790036581.9659948,RAW_IMU,,,,,,,,,3,-3,-1011,459,489,26,,,,,
1790036581.9833305,ATTITUDE,,,,,,,,,,,,,,,0.13136418163776398,0.13280928134918213,-2.3524835109710693,,
1790036581.9843085,RAW_IMU,,,,,,,,,4,-4,-1013,464,492,33,,,,,
1790036582.0033343,ATTITUDE,,,,,,,,,,,,,,,0.14097321033477783,0.14240825176239014,-2.350348711013794,,
1790036582.0049593,RAW_IMU,,,,,,,,,4,-4,-1015,469,493,42,,,,,
1790036582.023416,ATTITUDE,,,,,,,,,,,,,,,0.1506355255842209,0.15191107988357544,-2.347874164581299,,
1790036582.0246425,RAW_IMU,,,,,,,,,5,-5,-1018,468,491,54,,,,,
1790036582.0437725,ATTITUDE,,,,,,,,,,,,,,,0.1602938175201416,0.16116484999656677,-2.3449838161468506,,
1790036582.0451431,RAW_IMU,,,,,,,,,6,-6,-1020,464,483,70,,,,,
1790036582.0504246,GLOBAL_POSITION_INT,-35.3606886,149.1682261,590.11,10.0,0.39,0.0,0.0,225.69,,,,,,,,,,,
1790036582.0511642,GPS_RAW_INT,,,,,,,,,,,,,,,,,,6,10
1790036582.0642114,ATTITUDE,,,,,,,,,,,,,,,0.16976961493492126,0.17001746594905853,-2.3416099548339844,,
1790036582.06577,RAW_IMU,,,,,,,,,6,-7,-1023,450,468,92,,,,,
1790036582.083805,ATTITUDE,,,,,,,,,,,,,,,0.17894813418388367,0.17827515304088593,-2.33767032623291,,
1790036582.0848236,RAW_IMU,,,,,,,,,7,-8,-1026,429,444,120,,,,,
1790036582.1038518,ATTITUDE,,,,,,,,,,,,,,,0.18777669966220856,0.1858540177345276,-2.333050489425659,,
1790036582.105439,RAW_IMU,,,,,,,,,8,-9,-1029,404,418,154,,,,,
1790036582.1359236,ATTITUDE,,,,,,,,,,,,,,,0.1962183117866516,0.1926197111606598,-2.3276424407958984,,
1790036582.1370738,RAW_IMU,,,,,,,,,9,-9,-1032,376,387,196,,,,,
1790036582.1445642,ATTITUDE,,,,,,,,,,,,,,,0.204273521900177,0.19848833978176117,-2.3213391304016113,,
1790036582.1454349,RAW_IMU,,,,,,,,,10,-10,-1034,346,353,244,,,,,
1790036582.1509588,GLOBAL_POSITION_INT,-35.3606881,149.1682261,590.1,9.999,0.64,0.0,0.0,227.1,,,,,,,,,,,
1790036582.1519089,GPS_RAW_INT,,,,,,,,,,,,,,,,,,6,10
1790036582.1652374,ATTITUDE,,,,,,,,,,,,,,,0.21192055940628052,0.20343776047229767,-2.3140153884887695,,
1790036582.1668625,RAW_IMU,,,,,,,,,11,-12,-1037,314,321,299,,,,,
1790036582.1856651,ATTITUDE,,,,,,,,,,,,,,,0.21919478476047516,0.20736221969127655,-2.3055787086486816,,
1790036582.1866798,RAW_IMU,,,,,,,,,12,-13,-1040,282,284,361,,,,,
1790036582.2048182,ATTITUDE,,,,,,,,,,,,,,,0.2261514812707901,0.21029923856258392,-2.295929431915283,,
1790036582.2060273,RAW_IMU,,,,,,,,,13,-14,-1042,252,252,427,,,,,
1790036582.2248561,ATTITUDE,,,,,,,,,,,,,,,0.23280949890613556,0.21217967569828033,-2.285010814666748,,
1790036582.2266479,RAW_IMU,,,,,,,,,14,-15,-1045,223,217,497,,,,,
1790036582.2456806,ATTITUDE,,,,,,,,,,,,,,,0.23919270932674408,0.21304026246070862,-2.272810935974121,,
1790036582.2474961,RAW_IMU,,,,,,,,,15,-17,-1046,195,185,568,,,,,
1790036582.2520878,GLOBAL_POSITION_INT,-35.3606874,149.1682261,590.1,9.999,0.93,0.0,0.0,229.97,,,,,,,,,,,
1790036582.2539787,GPS_RAW_INT,,,,,,,,,,,,,,,,,,6,10
1790036582.2667787,ATTITUDE,,,,,,,,,,,,,,,0.2453555315732956,0.2129240483045578,-2.2593533992767334,,
1790036582.268633,RAW_IMU,,,,,,,,,16,-18,-1048,170,156,638,,,,,
1790036582.2868927,ATTITUDE,,,,,,,,,,,,,,,0.25126203894615173,0.2118140459060669,-2.2446959018707275,,
1790036582.2885597,RAW_IMU,,,,,,,,,17,-20,-1049,146,126,707,,,,,
1790036582.306687,ATTITUDE,,,,,,,,,,,,,,,0.2569277882575989,0.20980146527290344,-2.228888511657715,,
1790036582.307353,RAW_IMU,,,,,,,,,17,-21,-1050,122,100,772,,,,,
1790036582.3268995,ATTITUDE,,,,,,,,,,,,,,,0.26241064071655273,0.2069629281759262,-2.2119929790496826,,
1790036582.3283167,RAW_IMU,,,,,,,,,18,-23,-1051,104,78,834,,,,,
1790036582.3466597,ATTITUDE,,,,,,,,,,,,,,,0.2676493227481842,0.2033424824476242,-2.19411039352417,,
1790036582.3476899,RAW_IMU,,,,,,,,,19,-25,-1051,84,58,891,,,,,
1790036582.3492227,GLOBAL_POSITION_INT,-35.3606864,149.1682261,590.1,9.998,1.23,0.0,0.0,234.56,,,,,,,,,,,
1790036582.3502002,GPS_RAW_INT,,,,,,,,,,,,,,,,,,6,10
1790036582.3670192,ATTITUDE,,,,,,,,,,,,,,,0.2726570963859558,0.19908204674720764,-2.1753129959106445,,
1790036582.3688335,RAW_IMU,,,,,,,,,19,-27,-1051,67,43,944,,,,,
1790036582.3928049,ATTITUDE,,,,,,,,,,,,,,,0.27743297815322876,0.1941990852355957,-2.1557068824768066,,
1790036582.393949,RAW_IMU,,,,,,,,,20,-28,-1051,51,29,992,,,,,
1790036582.4025626,ATTITUDE,,,,,,,,,,,,,,,0.281990110874176,0.18872860074043274,-2.135389804840088,,
1790036582.403918,RAW_IMU,,,,,,,,,20,-31,-1051,38,15,1035,,,,,
1790036582.422399,ATTITUDE,,,,,,,,,,,,,,,0.2863204777240753,0.1827339231967926,-2.114439010620117,,
1790036582.4241397,RAW_IMU,,,,,,,,,21,-33,-1051,27,4,1072,,,,,
1790036582.4416816,ATTITUDE,,,,,,,,,,,,,,,0.29046356678009033,0.17626209557056427,-2.0928852558135986,,
1790036582.4430573,RAW_IMU,,,,,,,,,21,-35,-1050,20,-6,1105,,,,,
1790036582.4485853,GLOBAL_POSITION_INT,-35.3606852,149.1682261,590.1,9.998,1.54,0.01,0.0,240.4,,,,,,,,,,,
1790036582.4501956,GPS_RAW_INT,,,,,,,,,,,,,,,,,,6,10
1790036582.4619453,ATTITUDE,,,,,,,,,,,,,,,0.2945448160171509,0.16910339891910553,-2.069953441619873,,
1790036582.4627786,RAW_IMU,,,,,,,,,21,-37,-1049,12,-13,1134,,,,,
1790036582.48187,ATTITUDE,,,,,,,,,,,,,,,0.29823747277259827,0.16189472377300262,-2.0475549697875977,,
1790036582.4827678,RAW_IMU,,,,,,,,,21,-39,-1049,5,-19,1158,,,,,
1790036582.5017507,ATTITUDE,,,,,,,,,,,,,,,0.3016928434371948,0.15440727770328522,-2.0248513221740723,,
1790036582.502926,RAW_IMU,,,,,,,,,21,-42,-1048,0,-24,1178,,,,,
1790036582.5221848,ATTITUDE,,,,,,,,,,,,,,,0.30489784479141235,0.14670361578464508,-2.0018796920776367,,
1790036582.5231159,RAW_IMU,,,,,,,,,21,-44,-1047,-5,-26,1195,,,,,
1790036582.5419915,ATTITUDE,,,,,,,,,,,,,,,0.3078639805316925,0.1388152837753296,-1.9787317514419556,,
1790036582.5437038,RAW_IMU,,,,,,,,,20,-47,-1046,-10,-28,1208,,,,,
1790036582.5485084,GLOBAL_POSITION_INT,-35.3606837,149.1682261,590.1,9.998,1.84,0.01,0.0,246.96,,,,,,,,,,,
1790036582.5492787,GPS_RAW_INT,,,,,,,,,,,,,,,,,,6,10
1790036582.562081,ATTITUDE,,,,,,,,,,,,,,,0.31062325835227966,0.13080784678459167,-1.9554544687271118,,
1790036582.5641735,RAW_IMU,,,,,,,,,20,-49,-1044,-13,-28,1218,,,,,
1790036582.581807,ATTITUDE,,,,,,,,,,,,,,,0.313174843788147,0.12271059304475784,-1.9320988655090332,,
1790036582.5833833,RAW_IMU,,,,,,,,,19,-52,-1043,-14,-27,1225,,,,,
1790036582.6067886,ATTITUDE,,,,,,,,,,,,,,,0.31555473804473877,0.11454811692237854,-1.9086976051330566,,
1790036582.6081681,RAW_IMU,,,,,,,,,19,-54,-1042,-14,-26,1230,,,,,
1790036582.63575,ATTITUDE,,,,,,,,,,,,,,,0.31773442029953003,0.10635770857334137,-1.885247826576233,,
1790036582.637491,RAW_IMU,,,,,,,,,18,-56,-1041,-15,-25,1232,,,,,
1790036582.6471558,ATTITUDE,,,,,,,,,,,,,,,0.3197484314441681,0.09814711660146713,-1.8617422580718994,,
1790036582.6488194,RAW_IMU,,,,,,,,,17,-59,-1040,-13,-22,1233,,,,,
1790036582.651189,GLOBAL_POSITION_INT,-35.3606819,149.1682261,590.1,9.999,2.12,0.01,0.0,253.67,,,,,,,,,,,
1790036582.6529112,GPS_RAW_INT,,,,,,,,,,,,,,,,,,6,10
1790036582.6625588,ATTITUDE,,,,,,,,,,,,,,,0.32160499691963196,0.08993873000144958,-1.8382772207260132,,
1790036582.663781,RAW_IMU,,,,,,,,,16,-62,-1039,-11,-20,1232,,,,,
1790036582.686813,ATTITUDE,,,,,,,,,,,,,,,0.3233143389225006,0.08174914121627808,-1.8148868083953857,,
1790036582.6880238,RAW_IMU,,,,,,,,,15,-64,-1038,-9,-18,1230,,,,,
1790036582.7026455,ATTITUDE,,,,,,,,,,,,,,,0.3248842656612396,0.07356568425893784,-1.7915910482406616,,
1790036582.7034245,RAW_IMU,,,,,,,,,14,-67,-1037,-6,-17,1226,,,,,
1790036582.7234867,ATTITUDE,,,,,,,,,,,,,,,0.3263544738292694,0.06542311608791351,-1.768369197845459,,
1790036582.7250805,RAW_IMU,,,,,,,,,13,-69,-1036,-1,-15,1222,,,,,
1790036582.743524,ATTITUDE,,,,,,,,,,,,,,,0.32772696018218994,0.0573127344250679,-1.7452794313430786,,
1790036582.744978,RAW_IMU,,,,,,,,,12,-71,-1035,2,-13,1217,,,,,
1790036582.7501776,GLOBAL_POSITION_INT,-35.3606799,149.1682261,590.1,9.999,2.38,0.01,0.0,260.34,,,,,,,,,,,
1790036582.7512589,GPS_RAW_INT,,,,,,,,,,,,,,,,,,6,10
1790036582.763895,ATTITUDE,,,,,,,,,,,,,,,0.3290054202079773,0.04924079403281212,-1.722337245941162,,
1790036582.7657406,RAW_IMU,,,,,,,,,11,-74,-1034,7,-11,1210,,,,,
1790036582.7833676,ATTITUDE,,,,,,,,,,,,,,,0.3302018940448761,0.041214894503355026,-1.6995556354522705,,
1790036582.7851663,RAW_IMU,,,,,,,,,9,-76,-1033,12,-10,1204,,,,,
1790036582.8036447,ATTITUDE,,,,,,,,,,,,,,,0.3312954008579254,0.0332358255982399,-1.6769282817840576,,
1790036582.80519,RAW_IMU,,,,,,,,,8,-78,-1032,16,-9,1197,,,,,
1790036582.8233624,ATTITUDE,,,,,,,,,,,,,,,0.3322952091693878,0.02529345452785492,-1.654430866241455,,
1790036582.8253875,RAW_IMU,,,,,,,,,6,-81,-1031,20,-8,1189,,,,,
1790036582.8452249,ATTITUDE,,,,,,,,,,,,,,,0.33320990204811096,0.017398005351424217,-1.6320545673370361,,
1790036582.8468513,RAW_IMU,,,,,,,,,5,-83,-1030,26,-7,1181,,,,,
1790036582.8518615,GLOBAL_POSITION_INT,-35.3606777,149.1682261,590.11,10.0,2.63,0.01,0.0,266.81,,,,,,,,,,,
1790036582.8580482,GPS_RAW_INT,,,,,,,,,,,,,,,,,,6,10
1790036582.8661127,ATTITUDE,,,,,,,,,,,,,,,0.3339901268482208,0.009566519409418106,-1.609840750694275,,
1790036582.8686566,RAW_IMU,,,,,,,,,4,-85,-1029,28,-5,1173,,,,,
1790036582.898384,ATTITUDE,,,,,,,,,,,,,,,0.3347189426422119,0.0017570497002452612,-1.5878071784973145,,
1790036582.8995736,RAW_IMU,,,,,,,,,2,-87,-1029,34,-6,1165,,,,,
1790036582.9027152,ATTITUDE,,,,,,,,,,,,,,,0.3353252708911896,-0.006017697975039482,-1.5659451484680176,,
1790036582.903661,RAW_IMU,,,,,,,,,0,-90,-1028,36,-6,1157,,,,,
1790036582.9223292,ATTITUDE,,,,,,,,,,,,,,,0.33587950468063354,-0.013744780793786049,-1.5442231893539429,,
1790036582.9234836,RAW_IMU,,,,,,,,,0,-91,-1027,42,-6,1149,,,,,
1790036582.94214,ATTITUDE,,,,,,,,,,,,,,,0.3363618552684784,-0.021421877667307854,-1.5226681232452393,,
1790036582.9434314,RAW_IMU,,,,,,,,,-2,-93,-1027,47,-5,1141,,,,,
1790036582.9492216,GLOBAL_POSITION_INT,-35.3606753,149.1682262,590.11,10.001,2.88,0.01,0.0,273.07,,,,,,,,,,,
1790036582.9505172,GPS_RAW_INT,,,,,,,,,,,,,,,,,,6,10
1790036582.9634924,ATTITUDE,,,,,,,,,,,,,,,0.33674418926239014,-0.029050592333078384,-1.5012784004211426,,
1790036582.965065,RAW_IMU,,,,,,,,,-3,-95,-1026,49,-5,1133,,,,,
1790036582.9840028,ATTITUDE,,,,,,,,,,,,,,,0.33709225058555603,-0.03662872314453125,-1.4800477027893066,,
1790036582.9846778,RAW_IMU,,,,,,,,,-5,-97,-1025,55,-5,1126,,,,,
1790036583.0040011,ATTITUDE,,,,,,,,,,,,,,,0.3373029828071594,-0.04415979981422424,-1.4589643478393555,,
1790036583.0053372,RAW_IMU,,,,,,,,,-7,-99,-1024,56,-4,1118,,,,,
1790036583.0238955,ATTITUDE,,,,,,,,,,,,,,,0.3374587297439575,-0.051683615893125534,-1.4380158185958862,,
1790036583.024926,RAW_IMU,,,,,,,,,-9,-101,-1024,61,-7,1111,,,,,
1790036583.044015,ATTITUDE,,,,,,,,,,,,,,,0.3374530076980591,-0.0591183640062809,-1.417150855064392,,
1790036583.0452693,RAW_IMU,,,,,,,,,-11,-102,-1024,61,-4,1104,,,,,
1790036583.0503905,GLOBAL_POSITION_INT,-35.3606726,149.1682262,590.11,10.001,3.12,0.0,0.0,279.11,,,,,,,,,,,
1790036583.051728,GPS_RAW_INT,,,,,,,,,,,,,,,,,,6,10
1790036583.0643551,ATTITUDE,,,,,,,,,,,,,,,0.33744436502456665,-0.06658923625946045,-1.3964335918426514,,
1790036583.0654736,RAW_IMU,,,,,,,,,-13,-104,-1024,67,-8,1097,,,,,
1790036583.0847673,ATTITUDE,,,,,,,,,,,,,,,0.33729392290115356,-0.07395268231630325,-1.3758188486099243,,
1790036583.0863373,RAW_IMU,,,,,,,,,-15,-105,-1023,68,-5,1091,,,,,
1790036583.1038785,ATTITUDE,,,,,,,,,,,,,,,0.33708709478378296,-0.0813567191362381,-1.3553388118743896,,
1790036583.1051505,RAW_IMU,,,,,,,,,-18,-106,-1023,72,-9,1085,,,,,
1790036583.1378286,ATTITUDE,,,,,,,,,,,,,,,0.3367668688297272,-0.08866643905639648,-1.334929347038269,,
1790036583.138721,RAW_IMU,,,,,,,,,-20,-108,-1023,74,-7,1080,,,,,
1790036583.1440399,ATTITUDE,,,,,,,,,,,,,,,0.33631953597068787,-0.09600444883108139,-1.3146344423294067,,
1790036583.1450913,RAW_IMU,,,,,,,,,-22,-109,-1023,74,-10,1075,,,,,
1790036583.1502328,GLOBAL_POSITION_INT,-35.3606697,149.1682262,590.11,10.002,3.36,0.0,0.0,284.97,,,,,,,,,,,
1790036583.1517494,GPS_RAW_INT,,,,,,,,,,,,,,,,,,6,10
1790036583.163157,ATTITUDE,,,,,,,,,,,,,,,0.33581843972206116,-0.10331550240516663,-1.2944313287734985,,
1790036583.1644714,RAW_IMU,,,,,,,,,-25,-110,-1022,78,-11,1070,,,,,
1790036583.182962,ATTITUDE,,,,,,,,,,,,,,,0.33515915274620056,-0.11057692766189575,-1.2742983102798462,,
1790036583.18385,RAW_IMU,,,,,,,,,-27,-111,-1022,78,-11,1065,,,,,
1790036583.2024596,ATTITUDE,,,,,,,,,,,,,,,0.33441606163978577,-0.11778566241264343,-1.2542243003845215,,
1790036583.2039068,RAW_IMU,,,,,,,,,-30,-112,-1022,80,-10,1061,,,,,
1790036583.222486,ATTITUDE,,,,,,,,,,,,,,,0.33355948328971863,-0.12496926635503769,-1.234201431274414,,
1790036583.2235954,RAW_IMU,,,,,,,,,-33,-113,-1021,81,-10,1058,,,,,
1790036583.2421794,ATTITUDE,,,,,,,,,,,,,,,0.3325825333595276,-0.13217243552207947,-1.214205265045166,,
1790036583.2432249,RAW_IMU,,,,,,,,,-35,-113,-1022,82,-14,1055,,,,,
1790036583.2494442,GLOBAL_POSITION_INT,-35.3606666,149.1682262,590.11,10.002,3.59,-0.01,0.0,290.72,,,,,,,,,,,
1790036583.250765,GPS_RAW_INT,,,,,,,,,,,,,,,,,,6,10
1790036583.2628374,ATTITUDE,,,,,,,,,,,,,,,0.33148717880249023,-0.1393599510192871,-1.194248914718628,,
1790036583.2639832,RAW_IMU,,,,,,,,,-38,-114,-1021,83,-15,1052,,,,,
1790036583.2823389,ATTITUDE,,,,,,,,,,,,,,,0.33024972677230835,-0.1465318202972412,-1.174328327178955,,
1790036583.2835133,RAW_IMU,,,,,,,,,-41,-115,-1021,83,-17,1049,,,,,
1790036583.3023596,ATTITUDE,,,,,,,,,,,,,,,0.3287089169025421,-0.15357112884521484,-1.1543926000595093,,
1790036583.3041713,RAW_IMU,,,,,,,,,-44,-115,-1020,76,-12,1047,,,,,
1790036583.3216722,ATTITUDE,,,,,,,,,,,,,,,0.3267208933830261,-0.16052229702472687,-1.1344419717788696,,
1790036583.322651,RAW_IMU,,,,,,,,,-47,-115,-1021,60,-9,1045,,,,,
1790036583.3460999,ATTITUDE,,,,,,,,,,,,,,,0.3242756724357605,-0.16719700396060944,-1.1144145727157593,,
1790036583.347718,RAW_IMU,,,,,,,,,-51,-116,-1021,45,0,1044,,,,,
1790036583.3490722,GLOBAL_POSITION_INT,-35.3606633,149.1682262,590.11,10.003,3.83,-0.01,0.0,296.44,,,,,,,,,,,
1790036583.3505776,GPS_RAW_INT,,,,,,,,,,,,,,,,,,6,10
1790036583.3661602,ATTITUDE,,,,,,,,,,,,,,,0.3211844265460968,-0.17355239391326904,-1.0942904949188232,,
1790036583.3674068,RAW_IMU,,,,,,,,,-54,-116,-1021,21,14,1043,,,,,
1790036583.3911762,ATTITUDE,,,,,,,,,,,,,,,0.3173259496688843,-0.1795358955860138,-1.0740461349487305,,
1790036583.3924603,RAW_IMU,,,,,,,,,-57,-116,-1020,-9,30,1042,,,,,
1790036583.4061244,ATTITUDE,,,,,,,,,,,,,,,0.312691330909729,-0.18507106602191925,-1.0536572933197021,,
1790036583.4073555,RAW_IMU,,,,,,,,,-61,-116,-1020,-41,49,1041,,,,,
1790036583.4259653,ATTITUDE,,,,,,,,,,,,,,,0.30725085735321045,-0.19016970694065094,-1.0331273078918457,,
1790036583.427281,RAW_IMU,,,,,,,,,-64,-116,-1020,-75,66,1041,,,,,
1790036583.4460967,ATTITUDE,,,,,,,,,,,,,,,0.3011277914047241,-0.19476673007011414,-1.0123953819274902,,
1790036583.4472034,RAW_IMU,,,,,,,,,-68,-116,-1019,-103,86,1041,,,,,
1790036583.4488547,GLOBAL_POSITION_INT,-35.3606598,149.1682262,590.11,10.003,4.06,-0.02,0.0,302.3,,,,,,,,,,,
1790036583.449526,GPS_RAW_INT,,,,,,,,,,,,,,,,,,6,10
1790036583.4667404,ATTITUDE,,,,,,,,,,,,,,,0.29430994391441345,-0.19886626303195953,-0.9915001392364502,,
1790036583.468422,RAW_IMU,,,,,,,,,-72,-115,-1018,-131,105,1041,,,,,
1790036583.4865859,ATTITUDE,,,,,,,,,,,,,,,0.2869429588317871,-0.20245718955993652,-0.970450222492218,,
1790036583.487582,RAW_IMU,,,,,,,,,-76,-115,-1017,-154,125,1041,,,,,
1790036583.506441,ATTITUDE,,,,,,,,,,,,,,,0.279043585062027,-0.20553123950958252,-0.9492534399032593,,
1790036583.5083888,RAW_IMU,,,,,,,,,-80,-114,-1015,-175,143,1041,,,,,
1790036583.5265193,ATTITUDE,,,,,,,,,,,,,,,0.2707022726535797,-0.20810797810554504,-0.9279345273971558,,
1790036583.5284204,RAW_IMU,,,,,,,,,-83,-114,-1014,-194,161,1041,,,,,
1790036583.5467825,ATTITUDE,,,,,,,,,,,,,,,0.2620529532432556,-0.21019938588142395,-0.906491219997406,,
1790036583.54804,RAW_IMU,,,,,,,,,-87,-113,-1012,-205,177,1042,,,,,
1790036583.550179,GLOBAL_POSITION_INT,-35.3606561,149.1682262,590.11,10.003,4.27,-0.02,0.0,308.38,,,,,,,,,,,
1790036583.55166,GPS_RAW_INT,,,,,,,,,,,,,,,,,,6,10
1790036583.566621,ATTITUDE,,,,,,,,,,,,,,,0.2530910074710846,-0.21182429790496826,-0.8849415183067322,,
1790036583.5678437,RAW_IMU,,,,,,,,,-91,-112,-1011,-218,192,1042,,,,,
1790036583.5815785,ATTITUDE,,,,,,,,,,,,,,,0.24395102262496948,-0.21301577985286713,-0.8633012771606445,,
1790036583.5824852,RAW_IMU,,,,,,,,,-96,-111,-1010,-225,205,1043,,,,,
1790036583.6019807,ATTITUDE,,,,,,,,,,,,,,,0.23465509712696075,-0.2138170748949051,-0.8415917754173279,,
1790036583.6039913,RAW_IMU,,,,,,,,,-99,-109,-1007,-231,215,1043,,,,,
1790036583.6411989,ATTITUDE,,,,,,,,,,,,,,,0.22533491253852844,-0.21424876153469086,-0.8198323845863342,,
1790036583.6420383,RAW_IMU,,,,,,,,,-104,-108,-1006,-231,224,1044,,,,,
1790036583.6444688,ATTITUDE,,,,,,,,,,,,,,,0.21600700914859772,-0.21434737741947174,-0.7980015873908997,,
1790036583.6457584,RAW_IMU,,,,,,,,,-108,-106,-1004,-230,231,1045,,,,,
1790036583.6487384,GLOBAL_POSITION_INT,-35.3606522,149.1682262,590.11,10.003,4.44,-0.02,0.0,314.6,,,,,,,,,,,
1790036583.6496956,GPS_RAW_INT,,,,,,,,,,,,,,,,,,6,10
1790036583.6629555,ATTITUDE,,,,,,,,,,,,,,,0.20674030482769012,-0.21415168046951294,-0.7761317491531372,,
1790036583.6646035,RAW_IMU,,,,,,,,,-112,-104,-1002,-228,236,1045,,,,,
1790036583.6823976,ATTITUDE,,,,,,,,,,,,,,,0.19762711226940155,-0.21370072662830353,-0.7542433738708496,,
1790036583.6836903,RAW_IMU,,,,,,,,,-116,-102,-1000,-220,240,1046,,,,,
1790036583.702284,ATTITUDE,,,,,,,,,,,,,,,0.1886518895626068,-0.2130541354417801,-0.7323489189147949,,
1790036583.7034647,RAW_IMU,,,,,,,,,-120,-100,-999,-214,240,1047,,,,,
1790036583.722473,ATTITUDE,,,,,,,,,,,,,,,0.17986038327217102,-0.21222873032093048,-0.710460364818573,,
1790036583.7235403,RAW_IMU,,,,,,,,,-124,-98,-997,-205,240,1048,,,,,
1790036583.7423499,ATTITUDE,,,,,,,,,,,,,,,0.1712762415409088,-0.21127603948116302,-0.6885809898376465,,
1790036583.7432888,RAW_IMU,,,,,,,,,-127,-96,-996,-196,237,1048,,,,,
1790036583.748898,GLOBAL_POSITION_INT,-35.3606481,149.1682262,590.11,10.004,4.56,-0.02,0.0,320.87,,,,,,,,,,,
1790036583.7496324,GPS_RAW_INT,,,,,,,,,,,,,,,,,,6,10
1790036583.762369,ATTITUDE,,,,,,,,,,,,,,,0.1629040688276291,-0.21016360819339752,-0.6667094826698303,,
1790036583.7643683,RAW_IMU,,,,,,,,,-131,-93,-994,-186,236,1049,,,,,
1790036583.7825089,ATTITUDE,,,,,,,,,,,,,,,0.15476371347904205,-0.2089974731206894,-0.6448602676391602,,
1790036583.7837353,RAW_IMU,,,,,,,,,-135,-91,-993,-176,230,1050,,,,,
1790036583.8023775,ATTITUDE,,,,,,,,,,,,,,,0.1468537300825119,-0.20776554942131042,-0.6230350136756897,,
1790036583.803261,RAW_IMU,,,,,,,,,-139,-88,-992,-166,224,1050,,,,,
1790036583.8225029,ATTITUDE,,,,,,,,,,,,,,,0.13923783600330353,-0.20652738213539124,-0.6012452244758606,,
1790036583.8236923,RAW_IMU,,,,,,,,,-142,-85,-991,-153,217,1051,,,,,
1790036583.84248,ATTITUDE,,,,,,,,,,,,,,,0.13184797763824463,-0.2052980363368988,-0.5794678926467896,,
1790036583.8442385,RAW_IMU,,,,,,,,,-146,-82,-989,-144,209,1051,,,,,
1790036583.8490837,GLOBAL_POSITION_INT,-35.360644,149.1682262,590.11,10.004,4.65,-0.01,0.0,327.12,,,,,,,,,,,
1790036583.8504617,GPS_RAW_INT,,,,,,,,,,,,,,,,,,6,10
1790036583.863561,ATTITUDE,,,,,,,,,,,,,,,0.12473548948764801,-0.20409657061100006,-0.5577196478843689,,
1790036583.8650339,RAW_IMU,,,,,,,,,-149,-80,-988,-131,199,1052,,,,,
1790036583.8878894,ATTITUDE,,,,,,,,,,,,,,,0.11783546954393387,-0.2029189169406891,-0.5359973907470703,,
1790036583.8887482,RAW_IMU,,,,,,,,,-152,-77,-987,-122,191,1052,,,,,
1790036583.9043338,ATTITUDE,,,,,,,,,,,,,,,0.1111956238746643,-0.20183195173740387,-0.5143076181411743,,
1790036583.9054492,RAW_IMU,,,,,,,,,-156,-74,-986,-111,179,1053,,,,,
1790036583.9244275,ATTITUDE,,,,,,,,,,,,,,,0.1047283187508583,-0.2007719725370407,-0.492643266916275,,
1790036583.9252682,RAW_IMU,,,,,,,,,-158,-71,-986,-103,171,1053,,,,,
1790036583.9442837,ATTITUDE,,,,,,,,,,,,,,,0.09853380173444748,-0.19981113076210022,-0.47100770473480225,,
1790036583.944988,RAW_IMU,,,,,,,,,-161,-67,-985,-91,160,1054,,,,,
1790036583.9511714,GLOBAL_POSITION_INT,-35.3606398,149.1682262,590.11,10.005,4.71,0.0,0.0,333.33,,,,,,,,,,,
1790036583.9521458,GPS_RAW_INT,,,,,,,,,,,,,,,,,,6,10
1790036583.964596,ATTITUDE,,,,,,,,,,,,,,,0.09249705821275711,-0.1989424228668213,-0.4493972659111023,,
1790036583.9662466,RAW_IMU,,,,,,,,,-164,-64,-984,-84,148,1054,,,,,
1790036583.9847522,ATTITUDE,,,,,,,,,,,,,,,0.08659714460372925,-0.1981126070022583,-0.4278043210506439,,
1790036583.9857805,RAW_IMU,,,,,,,,,-167,-61,-984,-79,140,1054,,,,,
1790036584.004398,ATTITUDE,,,,,,,,,,,,,,,0.08094161003828049,-0.1974102258682251,-0.4062367081642151,,
1790036584.0059462,RAW_IMU,,,,,,,,,-169,-58,-983,-68,127,1055,,,,,
1790036584.0237026,ATTITUDE,,,,,,,,,,,,,,,0.07541193813085556,-0.19682246446609497,-0.3846918046474457,,
1790036584.0248227,RAW_IMU,,,,,,,,,-172,-55,-983,-61,116,1055,,,,,
1790036584.0428805,ATTITUDE,,,,,,,,,,,,,,,0.06997653096914291,-0.19632278382778168,-0.3631605803966522,,
1790036584.044401,RAW_IMU,,,,,,,,,-174,-52,-983,-58,106,1055,,,,,
1790036584.0494704,GLOBAL_POSITION_INT,-35.3606355,149.1682262,590.11,10.005,4.74,0.0,0.0,339.51,,,,,,,,,,,
1790036584.0510917,GPS_RAW_INT,,,,,,,,,,,,,,,,,,6,10
1790036584.0632317,ATTITUDE,,,,,,,,,,,,,,,0.06472116708755493,-0.19593945145606995,-0.3416438400745392,,
1790036584.0642374,RAW_IMU,,,,,,,,,-177,-48,-982,-50,95,1055,,,,,
1790036584.0832248,ATTITUDE,,,,,,,,,,,,,,,0.05955369770526886,-0.19565153121948242,-0.32013484835624695,,
1790036584.08516,RAW_IMU,,,,,,,,,-179,-45,-982,-46,84,1056,,,,,
1790036584.1028519,ATTITUDE,,,,,,,,,,,,,,,0.05455160140991211,-0.19545462727546692,-0.29863855242729187,,
1790036584.103419,RAW_IMU,,,,,,,,,-181,-42,-982,-38,74,1056,,,,,
1790036584.1329126,ATTITUDE,,,,,,,,,,,,,,,0.04958923161029816,-0.19530554115772247,-0.27714985609054565,,
1790036584.1336994,RAW_IMU,,,,,,,,,-182,-39,-981,-36,66,1056,,,,,
1790036584.1427743,ATTITUDE,,,,,,,,,,,,,,,0.04466676712036133,-0.19521266222000122,-0.25566697120666504,,
1790036584.1439378,RAW_IMU,,,,,,,,,-184,-36,-981,-34,59,1056,,,,,
1790036584.1488848,GLOBAL_POSITION_INT,-35.3606313,149.1682262,590.11,10.005,4.76,0.01,0.0,345.66,,,,,,,,,,,
1790036584.1501038,GPS_RAW_INT,,,,,,,,,,,,,,,,,,6,10
1790036584.162685,ATTITUDE,,,,,,,,,,,,,,,0.03977850824594498,-0.19518201053142548,-0.23418846726417542,,
1790036584.1635447,RAW_IMU,,,,,,,,,-186,-33,-981,-32,50,1057,,,,,
1790036584.1830041,ATTITUDE,,,,,,,,,,,,,,,0.03498581424355507,-0.19517399370670319,-0.21271391212940216,,
1790036584.1845527,RAW_IMU,,,,,,,,,-187,-30,-981,-28,44,1057,,,,,
1790036584.2021205,ATTITUDE,,,,,,,,,,,,,,,0.030331840738654137,-0.1952771693468094,-0.19125407934188843,,
1790036584.2030096,RAW_IMU,,,,,,,,,-189,-27,-981,-21,33,1056,,,,,
1790036584.2221022,ATTITUDE,,,,,,,,,,,,,,,0.025681186467409134,-0.19536499679088593,-0.1698237508535385,,
1790036584.222633,RAW_IMU,,,,,,,,,-190,-24,-981,-20,28,1055,,,,,
1790036584.2426925,ATTITUDE,,,,,,,,,,,,,,,0.021166346967220306,-0.19552361965179443,-0.14848412573337555,,
1790036584.2439704,RAW_IMU,,,,,,,,,-191,-21,-981,-16,21,1051,,,,,
1790036584.249399,GLOBAL_POSITION_INT,-35.360627,149.1682262,590.11,10.005,4.77,0.02,0.0,351.8,,,,,,,,,,,
1790036584.2507768,GPS_RAW_INT,,,,,,,,,,,,,,,,,,6,10
1790036584.2638934,ATTITUDE,,,,,,,,,,,,,,,0.016721831634640694,-0.19565726816654205,-0.12730522453784943,,
1790036584.2651265,RAW_IMU,,,,,,,,,-192,-18,-981,-12,17,1044,,,,,
1790036584.2843835,ATTITUDE,,,,,,,,,,,,,,,0.012352795340120792,-0.1957806497812271,-0.10638957470655441,,
1790036584.2859042,RAW_IMU,,,,,,,,,-193,-15,-981,-12,13,1031,,,,,
1790036584.304614,ATTITUDE,,,,,,,,,,,,,,,0.008140047080814838,-0.19596271216869354,-0.08585891872644424,,
1790036584.3055043,RAW_IMU,,,,,,,,,-194,-12,-980,-7,6,1013,,,,,
1790036584.3247144,ATTITUDE,,,,,,,,,,,,,,,0.004049427807331085,-0.19612202048301697,-0.06584116816520691,,
1790036584.326047,RAW_IMU,,,,,,,,,-194,-10,-980,-6,2,988,,,,,
1790036584.3437474,ATTITUDE,,,,,,,,,,,,,,,0.00014651684614364058,-0.19631066918373108,-0.046480391174554825,,
1790036584.344788,RAW_IMU,,,,,,,,,-195,-7,-980,-3,-2,956,,,,,
1790036584.3501592,GLOBAL_POSITION_INT,-35.3606226,149.1682262,590.11,10.004,4.77,0.01,0.0,357.61,,,,,,,,,,,
1790036584.3508809,GPS_RAW_INT,,,,,,,,,,,,,,,,,,6,10
1790036584.364043,ATTITUDE,,,,,,,,,,,,,,,-0.0035727079957723618,-0.19650758802890778,-0.027917003259062767,,
1790036584.3651085,RAW_IMU,,,,,,,,,-195,-5,-980,-1,-6,917,,,,,
1790036584.386851,ATTITUDE,,,,,,,,,,,,,,,-0.007081008981913328,-0.19672927260398865,-0.010296004824340343,,
1790036584.3889058,RAW_IMU,,,,,,,,,-195,-3,-981,0,-11,871,,,,,
1790036584.4052231,ATTITUDE,,,,,,,,,,,,,,,-0.010336278937757015,-0.19696959853172302,0.0062385364435613155,,
1790036584.4060628,RAW_IMU,,,,,,,,,-195,0,-980,2,-14,818,,,,,
1790036584.4251695,ATTITUDE,,,,,,,,,,,,,,,-0.013313207775354385,-0.1972362995147705,0.021552717313170433,,
1790036584.426694,RAW_IMU,,,,,,,,,-195,1,-981,4,-18,758,,,,,
1790036584.4452813,ATTITUDE,,,,,,,,,,,,,,,-0.015991372987627983,-0.19754822552204132,0.035533204674720764,,
1790036584.4468615,RAW_IMU,,,,,,,,,-195,2,-981,6,-20,693,,,,,
1790036584.451962,GLOBAL_POSITION_INT,-35.3606183,149.1682262,590.11,10.003,4.78,0.0,0.0,2.22,,,,,,,,,,,
1790036584.453132,GPS_RAW_INT,,,,,,,,,,,,,,,,,,6,10
1790036584.4653487,ATTITUDE,,,,,,,,,,,,,,,-0.018385861068964005,-0.19788561761379242,0.04810500517487526,,
1790036584.466361,RAW_IMU,,,,,,,,,-194,4,-981,7,-22,623,,,,,
1790036584.4852512,ATTITUDE,,,,,,,,,,,,,,,-0.020431268960237503,-0.19828279316425323,0.059223905205726624,,
1790036584.4867067,RAW_IMU,,,,,,,,,-194,5,-981,10,-25,552,,,,,
1790036584.5051665,ATTITUDE,,,,,,,,,,,,,,,-0.02215273305773735,-0.1987033486366272,0.06887149065732956,,
1790036584.5060453,RAW_IMU,,,,,,,,,-194,7,-982,12,-26,480,,,,,
1790036584.5250857,ATTITUDE,,,,,,,,,,,,,,,-0.023537516593933105,-0.1991511881351471,0.077061727643013,,
1790036584.526719,RAW_IMU,,,,,,,,,-194,8,-981,15,-26,408,,,,,
1790036584.5443878,ATTITUDE,,,,,,,,,,,,,,,-0.02460733987390995,-0.19968456029891968,0.08408618718385696,,
1790036584.545327,RAW_IMU,,,,,,,,,-193,9,-982,18,-28,338,,,,,
1790036584.5512884,GLOBAL_POSITION_INT,-35.3606139,149.1682262,590.11,10.002,4.78,0.0,0.0,4.9,,,,,,,,,,,
1790036584.5520527,GPS_RAW_INT,,,,,,,,,,,,,,,,,,6,10
1790036584.565303,ATTITUDE,,,,,,,,,,,,,,,-0.02534198947250843,-0.2001771479845047,0.08943957835435867,,
1790036584.5665915,RAW_IMU,,,,,,,,,-193,10,-982,20,-27,271,,,,,
1790036584.585272,ATTITUDE,,,,,,,,,,,,,,,-0.025779005140066147,-0.20070911943912506,0.09350360184907913,,
1790036584.586293,RAW_IMU,,,,,,,,,-193,11,-982,21,-27,207,,,,,
1790036584.605394,ATTITUDE,,,,,,,,,,,,,,,-0.025931665673851967,-0.2012488842010498,0.09635810554027557,,
1790036584.6067235,RAW_IMU,,,,,,,,,-193,11,-982,24,-26,147,,,,,
1790036584.640363,ATTITUDE,,,,,,,,,,,,,,,-0.025838524103164673,-0.20179049670696259,0.09808792173862457,,
1790036584.6411998,RAW_IMU,,,,,,,,,-193,12,-982,25,-25,92,,,,,
1790036584.6458278,ATTITUDE,,,,,,,,,,,,,,,-0.025523502379655838,-0.20238342881202698,0.09880184382200241,,
1790036584.647457,RAW_IMU,,,,,,,,,-194,12,-982,26,-25,41,,,,,
1790036584.6524622,GLOBAL_POSITION_INT,-35.3606096,149.1682262,590.11,10.001,4.8,-0.01,0.0,5.66,,,,,,,,,,,
1790036584.6538472,GPS_RAW_INT,,,,,,,,,,,,,,,,,,6,10
1790036584.666392,ATTITUDE,,,,,,,,,,,,,,,-0.025012580677866936,-0.20298920571804047,0.09858773648738861,,
1790036584.6683307,RAW_IMU,,,,,,,,,-194,12,-982,26,-25,-3,,,,,
1790036584.6860213,ATTITUDE,,,,,,,,,,,,,,,-0.024309556931257248,-0.20362813770771027,0.09754429757595062,,
1790036584.6872482,RAW_IMU,,,,,,,,,-194,12,-982,28,-25,-44,,,,,
1790036584.7075987,ATTITUDE,,,,,,,,,,,,,,,-0.023473618552088737,-0.20424461364746094,0.09576777368783951,,
1790036584.708534,RAW_IMU,,,,,,,,,-194,12,-982,27,-24,-81,,,,,
1790036584.7270339,ATTITUDE,,,,,,,,,,,,,,,-0.022484812885522842,-0.20485281944274902,0.0933508351445198,,
1790036584.728051,RAW_IMU,,,,,,,,,-194,12,-982,28,-22,-112,,,,,
1790036584.7465672,ATTITUDE,,,,,,,,,,,,,,,-0.021379077807068825,-0.20546050369739532,0.09039072692394257,,
1790036584.7476084,RAW_IMU,,,,,,,,,-195,12,-982,28,-22,-139,,,,,
1790036584.7493849,GLOBAL_POSITION_INT,-35.3606052,149.1682262,590.11,10.0,4.81,-0.02,0.0,5.13,,,,,,,,,,,
1790036584.750037,GPS_RAW_INT,,,,,,,,,,,,,,,,,,6,10
1790036584.76724,ATTITUDE,,,,,,,,,,,,,,,-0.02019408531486988,-0.2060401290655136,0.08697803318500519,,
1790036584.7690237,RAW_IMU,,,,,,,,,-195,12,-982,27,-21,-161,,,,,
1790036584.787272,ATTITUDE,,,,,,,,,,,,,,,-0.018925901502370834,-0.20664381980895996,0.0831972062587738,,
1790036584.7893167,RAW_IMU,,,,,,,,,-195,11,-983,28,-22,-180,,,,,
1790036584.807195,ATTITUDE,,,,,,,,,,,,,,,-0.01761745661497116,-0.20722708106040955,0.07912714034318924,,
1790036584.8085673,RAW_IMU,,,,,,,,,-195,10,-983,27,-21,-194,,,,,
1790036584.827095,ATTITUDE,,,,,,,,,,,,,,,-0.016266681253910065,-0.20781731605529785,0.07483839243650436,,
1790036584.8279636,RAW_IMU,,,,,,,,,-195,10,-982,26,-21,-205,,,,,
1790036584.8470402,ATTITUDE,,,,,,,,,,,,,,,-0.014900995418429375,-0.2084093689918518,0.0704122930765152,,
1790036584.8482018,RAW_IMU,,,,,,,,,-196,10,-982,26,-21,-212,,,,,
1790036584.8500433,GLOBAL_POSITION_INT,-35.3606008,149.1682262,590.11,10.0,4.83,-0.03,0.0,3.97,,,,,,,,,,,
1790036584.8517456,GPS_RAW_INT,,,,,,,,,,,,,,,,,,6,10
1790036584.862523,ATTITUDE,,,,,,,,,,,,,,,-0.013517835177481174,-0.2089979201555252,0.06590249389410019,,
1790036584.863901,RAW_IMU,,,,,,,,,-196,9,-983,25,-21,-216,,,,,
1790036584.8920457,ATTITUDE,,,,,,,,,,,,,,,-0.012138016521930695,-0.20954163372516632,0.0613650418817997,,
1790036584.8945823,RAW_IMU,,,,,,,,,-196,9,-982,25,-19,-218,,,,,
1790036584.9027996,ATTITUDE,,,,,,,,,,,,,,,-0.01081792451441288,-0.21008284389972687,0.056850776076316833,,
1790036584.9044135,RAW_IMU,,,,,,,,,-196,8,-982,22,-19,-217,,,,,
1790036584.9222276,ATTITUDE,,,,,,,,,,,,,,,-0.009501166641712189,-0.21059060096740723,0.052401352673769,,
1790036584.9234264,RAW_IMU,,,,,,,,,-197,7,-983,22,-19,-214,,,,,
1790036584.941882,ATTITUDE,,,,,,,,,,,,,,,-0.008256951346993446,-0.2110552191734314,0.04806077852845192,,
1790036584.9431365,RAW_IMU,,,,,,,,,-197,7,-983,20,-16,-208,,,,,
1790036584.9488194,GLOBAL_POSITION_INT,-35.3605964,149.1682262,590.1,9.999,4.84,-0.03,0.0,2.69,,,,,,,,,,,
1790036584.9504032,GPS_RAW_INT,,,,,,,,,,,,,,,,,,6,10
1790036584.9628348,ATTITUDE,,,,,,,,,,,,,,,-0.0070628998801112175,-0.21150581538677216,0.04386097937822342,,
1790036584.964481,RAW_IMU,,,,,,,,,-197,6,-983,18,-16,-201,,,,,
1790036584.9837356,ATTITUDE,,,,,,,,,,,,,,,-0.005916308611631393,-0.21194569766521454,0.039827991276979446,,
1790036584.9851315,RAW_IMU,,,,,,,,,-197,6,-982,18,-16,-193,,,,,
1790036585.0028358,ATTITUDE,,,,,,,,,,,,,,,-0.004847959615290165,-0.21235992014408112,0.03598573058843613,,
1790036585.0046227,RAW_IMU,,,,,,,,,-197,5,-983,16,-15,-184,,,,,
1790036585.0226324,ATTITUDE,,,,,,,,,,,,,,,-0.00384502368979156,-0.2127613127231598,0.032349634915590286,,
1790036585.0239432,RAW_IMU,,,,,,,,,-198,5,-982,15,-15,-174,,,,,
1790036585.0426679,ATTITUDE,,,,,,,,,,,,,,,-0.0029098845552653074,-0.21316216886043549,0.028945783153176308,,
1790036585.0433223,RAW_IMU,,,,,,,,,-198,4,-982,14,-15,-163,,,,,
1790036585.04962,GLOBAL_POSITION_INT,-35.360592,149.1682261,590.1,9.998,4.86,-0.03,0.0,1.61,,,,,,,,,,,
1790036585.0505126,GPS_RAW_INT,,,,,,,,,,,,,,,,,,6,10
1790036585.0630195,ATTITUDE,,,,,,,,,,,,,,,-0.002046484500169754,-0.21355193853378296,0.025775659829378128,,
1790036585.064613,RAW_IMU,,,,,,,,,-198,4,-982,12,-14,-151,,,,,
1790036585.0834107,ATTITUDE,,,,,,,,,,,,,,,-0.0012590073747560382,-0.2139369547367096,0.0228464026004076,,
1790036585.0845757,RAW_IMU,,,,,,,,,-198,3,-983,11,-14,-140,,,,,
1790036585.1036303,ATTITUDE,,,,,,,,,,,,,,,-0.0005600122385658324,-0.214260533452034,0.02016129530966282,,
1790036585.1050117,RAW_IMU,,,,,,,,,-198,3,-982,9,-11,-128,,,,,
1790036585.1386514,ATTITUDE,,,,,,,,,,,,,,,7.230269693536684e-05,-0.2146211415529251,0.017714928835630417,,
1790036585.1394298,RAW_IMU,,,,,,,,,-199,3,-982,8,-13,-116,,,,,
1790036585.1445265,ATTITUDE,,,,,,,,,,,,,,,0.0006307097501121461,-0.2149815559387207,0.015513417311012745,,
1790036585.1459353,RAW_IMU,,,,,,,,,-199,3,-983,7,-14,-104,,,,,
1790036585.150857,GLOBAL_POSITION_INT,-35.3605876,149.1682261,590.1,9.997,4.88,-0.02,0.0,0.85,,,,,,,,,,,
1790036585.1521401,GPS_RAW_INT,,,,,,,,,,,,,,,,,,6,10
1790036585.1647215,ATTITUDE,,,,,,,,,,,,,,,0.0011359337950125337,-0.21532218158245087,0.013548449613153934,,
1790036585.1657646,RAW_IMU,,,,,,,,,-199,2,-983,7,-13,-92,,,,,
1790036585.1852643,ATTITUDE,,,,,,,,,,,,,,,0.0015880400314927101,-0.21561355888843536,0.011811981908977032,,
1790036585.1864133,RAW_IMU,,,,,,,,,-199,2,-982,7,-10,-81,,,,,
1790036585.2049248,ATTITUDE,,,,,,,,,,,,,,,0.0019891883712261915,-0.21588940918445587,0.010293023660779,,
1790036585.2059698,RAW_IMU,,,,,,,,,-199,2,-982,7,-10,-70,,,,,
1790036585.2250144,ATTITUDE,,,,,,,,,,,,,,,0.002342752180993557,-0.2161521464586258,0.00898121576756239,,
1790036585.2258508,RAW_IMU,,,,,,,,,-199,2,-982,7,-9,-60,,,,,
1790036585.2451828,ATTITUDE,,,,,,,,,,,,,,,0.002640611957758665,-0.21641552448272705,0.00787738524377346,,
1790036585.2466831,RAW_IMU,,,,,,,,,-200,2,-982,6,-8,-50,,,,,
1790036585.2519033,GLOBAL_POSITION_INT,-35.3605831,149.1682261,590.1,9.997,4.9,-0.02,0.0,0.43,,,,,,,,,,,
1790036585.2532887,GPS_RAW_INT,,,,,,,,,,,,,,,,,,6,10
1790036585.26606,ATTITUDE,,,,,,,,,,,,,,,0.0028136675246059895,-0.21666766703128815,0.006965465843677521,,
1790036585.2676473,RAW_IMU,,,,,,,,,-200,1,-981,2,-8,-41,,,,,
1790036585.2860043,ATTITUDE,,,,,,,,,,,,,,,0.0029851505532860756,-0.21687698364257812,0.0062314593233168125,,
1790036585.2877903,RAW_IMU,,,,,,,,,-200,1,-982,3,-6,-32,,,,,
1790036585.3057246,ATTITUDE,,,,,,,,,,,,,,,0.003091138554736972,-0.2170727550983429,0.005660814233124256,,
1790036585.3070893,RAW_IMU,,,,,,,,,-200,1,-982,3,-5,-24,,,,,
1790036585.325856,ATTITUDE,,,,,,,,,,,,,,,0.0030836835503578186,-0.21724475920200348,0.005242768209427595,,
1790036585.3270679,RAW_IMU,,,,,,,,,-200,1,-982,-1,-4,-16,,,,,
1790036585.3457828,ATTITUDE,,,,,,,,,,,,,,,0.0030551766976714134,-0.21740564703941345,0.004961202386766672,,
1790036585.3466578,RAW_IMU,,,,,,,,,-200,1,-982,-1,-3,-10,,,,,
1790036585.352118,GLOBAL_POSITION_INT,-35.3605787,149.1682261,590.1,9.997,4.92,-0.01,0.0,0.28,,,,,,,,,,,
1790036585.3530302,GPS_RAW_INT,,,,,,,,,,,,,,,,,,6,10
1790036585.3659587,ATTITUDE,,,,,,,,,,,,,,,0.0030354007612913847,-0.21755993366241455,0.004803161136806011,,
1790036585.3674176,RAW_IMU,,,,,,,,,-201,1,-982,0,-3,-4,,,,,
1790036585.3877783,ATTITUDE,,,,,,,,,,,,,,,0.0029554124921560287,-0.21770240366458893,0.004756317473948002,,
1790036585.3894145,RAW_IMU,,,,,,,,,-201,1,-981,0,-3,1,,,,,
1790036585.4070606,ATTITUDE,,,,,,,,,,,,,,,0.002820828463882208,-0.21782462298870087,0.004808688536286354,,
1790036585.4082103,RAW_IMU,,,,,,,,,-201,1,-982,-2,-2,6,,,,,
1790036585.4269135,ATTITUDE,,,,,,,,,,,,,,,0.002691952046006918,-0.21798588335514069,0.0049449908547103405,,
1790036585.4274533,RAW_IMU,,,,,,,,,-201,1,-982,-1,-3,10,,,,,
1790036585.4464824,ATTITUDE,,,,,,,,,,,,,,,0.0025708498433232307,-0.21817871928215027,0.005159230437129736,,
1790036585.4473844,RAW_IMU,,,,,,,,,-201,1,-981,0,-5,14,,,,,
1790036585.4486146,GLOBAL_POSITION_INT,-35.3605742,149.1682261,590.1,9.997,4.94,-0.01,0.0,0.29,,,,,,,,,,,
1790036585.4494276,GPS_RAW_INT,,,,,,,,,,,,,,,,,,6,10
1790036585.4672499,ATTITUDE,,,,,,,,,,,,,,,0.002392357913777232,-0.21833457052707672,0.0054411194287240505,,
1790036585.4692492,RAW_IMU,,,,,,,,,-201,1,-981,-2,-3,17,,,,,
1790036585.482437,ATTITUDE,,,,,,,,,,,,,,,0.0022081888746470213,-0.21847431361675262,0.005775815341621637,,
1790036585.483905,RAW_IMU,,,,,,,,,-202,1,-981,-2,-2,20,,,,,
1790036585.5024254,ATTITUDE,,,,,,,,,,,,,,,0.002082022838294506,-0.21859405934810638,0.006152130663394928,,
1790036585.503763,RAW_IMU,,,,,,,,,-202,1,-981,0,-1,22,,,,,
1790036585.5220864,ATTITUDE,,,,,,,,,,,,,,,0.0019223542185500264,-0.21870554983615875,0.006560581270605326,,
1790036585.5237908,RAW_IMU,,,,,,,,,-202,1,-981,0,-1,23,,,,,
1790036585.5468655,ATTITUDE,,,,,,,,,,,,,,,0.0017085482832044363,-0.21878013014793396,0.0069968546740710735,,
1790036585.5476875,RAW_IMU,,,,,,,,,-202,1,-981,-2,0,25,,,,,
1790036585.5494654,GLOBAL_POSITION_INT,-35.3605697,149.168226,590.1,9.997,4.95,-0.01,0.0,0.4,,,,,,,,,,,
1790036585.551533,GPS_RAW_INT,,,,,,,,,,,,,,,,,,6,10
1790036585.5671537,ATTITUDE,,,,,,,,,,,,,,,0.0015020482242107391,-0.21884506940841675,0.007450377568602562,,
1790036585.5681424,RAW_IMU,,,,,,,,,-202,1,-981,-2,0,26,,,,,
1790036585.5872803,ATTITUDE,,,,,,,,,,,,,,,0.0013309760252013803,-0.21887853741645813,0.007913704961538315,,
1790036585.589227,RAW_IMU,,,,,,,,,-202,1,-981,0,2,26,,,,,
1790036585.6072705,ATTITUDE,,,,,,,,,,,,,,,0.0011652227258309722,-0.21890100836753845,0.008380290120840073,,
1790036585.6090205,RAW_IMU,,,,,,,,,-202,1,-981,0,2,26,,,,,
1790036585.63934,ATTITUDE,,,,,,,,,,,,,,,0.0009935658890753984,-0.21892154216766357,0.008846977725625038,,
1790036585.6403465,RAW_IMU,,,,,,,,,-203,1,-981,0,2,26,,,,,
1790036585.6426787,ATTITUDE,,,,,,,,,,,,,,,0.0008173373062163591,-0.21891696751117706,0.009312400594353676,,
1790036585.6443367,RAW_IMU,,,,,,,,,-203,1,-981,0,4,26,,,,,
1790036585.6488218,GLOBAL_POSITION_INT,-35.3605652,149.168226,590.1,9.997,4.97,0.0,0.0,0.54,,,,,,,,,,,
1790036585.649472,GPS_RAW_INT,,,,,,,,,,,,,,,,,,6,10
1790036585.6621523,ATTITUDE,,,,,,,,,,,,,,,0.0006465378100983799,-0.21891170740127563,0.009766311384737492,,
1790036585.6629462,RAW_IMU,,,,,,,,,-203,1,-981,0,4,26,,,,,
1790036585.683024,ATTITUDE,,,,,,,,,,,,,,,0.000488834164571017,-0.21890629827976227,0.010207783430814743,,
1790036585.6841915,RAW_IMU,,,,,,,,,-203,1,-980,0,4,25,,,,,
1790036585.7030258,ATTITUDE,,,,,,,,,,,,,,,0.0003483692416921258,-0.2188660204410553,0.010630675591528416,,
1790036585.7047718,RAW_IMU,,,,,,,,,-203,1,-980,1,5,24,,,,,
1790036585.72274,ATTITUDE,,,,,,,,,,,,,,,0.0002127398329321295,-0.21883927285671234,0.011029857210814953,,
1790036585.724127,RAW_IMU,,,,,,,,,-203,1,-981,1,5,23,,,,,
1790036585.7427483,ATTITUDE,,,,,,,,,,,,,,,8.553045336157084e-05,-0.21881893277168274,0.011406643316149712,,
1790036585.7438529,RAW_IMU,,,,,,,,,-204,1,-981,1,4,22,,,,,
1790036585.7494476,GLOBAL_POSITION_INT,-35.3605607,149.168226,590.1,9.997,4.99,0.0,0.0,0.65,,,,,,,,,,,
1790036585.7504344,GPS_RAW_INT,,,,,,,,,,,,,,,,,,6,10
1790036585.7629962,ATTITUDE,,,,,,,,,,,,,,,-3.602224023779854e-05,-0.21879836916923523,0.011760151945054531,,
1790036585.7641313,RAW_IMU,,,,,,,,,-204,2,-981,1,4,21,,,,,
1790036585.7831016,ATTITUDE,,,,,,,,,,,,,,,-0.000184465097845532,-0.21877756714820862,0.012091360054910183,,
1790036585.7839751,RAW_IMU,,,,,,,,,-204,2,-980,0,4,20,,,,,
1790036585.8026092,ATTITUDE,,,,,,,,,,,,,,,-0.0002756005269475281,-0.2187568098306656,0.012392913922667503,,
1790036585.8032572,RAW_IMU,,,,,,,,,-204,1,-979,1,4,18,,,,,
1790036585.8221123,ATTITUDE,,,,,,,,,,,,,,,-0.0003873732057400048,-0.21867065131664276,0.012667633593082428,,
1790036585.8230612,RAW_IMU,,,,,,,,,-204,2,-980,1,7,17,,,,,
1790036585.8464622,ATTITUDE,,,,,,,,,,,,,,,-0.0004950556322000921,-0.218553364276886,0.012920195236802101,,
1790036585.8476226,RAW_IMU,,,,,,,,,-204,2,-979,0,10,16,,,,,
1790036585.8497047,GLOBAL_POSITION_INT,-35.3605562,149.168226,590.1,9.997,5.01,0.0,0.0,0.74,,,,,,,,,,,
1790036585.850888,GPS_RAW_INT,,,,,,,,,,,,,,,,,,6,10
1790036585.8666012,ATTITUDE,,,,,,,,,,,,,,,-0.000596315658185631,-0.21838566660881042,0.013146032579243183,,
1790036585.8687742,RAW_IMU,,,,,,,,,-204,2,-980,0,12,14,,,,,
1790036585.8920455,ATTITUDE,,,,,,,,,,,,,,,-0.0006897227140143514,-0.21820786595344543,0.013345030136406422,,
1790036585.893032,RAW_IMU,,,,,,,,,-205,2,-980,0,13,13,,,,,
1790036585.9023843,ATTITUDE,,,,,,,,,,,,,,,-0.0007757717394270003,-0.21800121665000916,0.01351785846054554,,
1790036585.9036975,RAW_IMU,,,,,,,,,-205,2,-980,1,13,12,,,,,
1790036585.9223752,ATTITUDE,,,,,,,,,,,,,,,-0.0008539268746972084,-0.217771977186203,0.013664976693689823,,
1790036585.923546,RAW_IMU,,,,,,,,,-205,2,-980,1,15,11,,,,,
1790036585.9422867,ATTITUDE,,,,,,,,,,,,,,,-0.0009262179955840111,-0.2175750881433487,0.013790976256132126,,
1790036585.9438627,RAW_IMU,,,,,,,,,-205,2,-980,1,13,10,,,,,
1790036585.9485433,GLOBAL_POSITION_INT,-35.3605516,149.168226,590.1,9.997,5.02,0.0,0.0,0.79,,,,,,,,,,,
1790036585.9498844,GPS_RAW_INT,,,,,,,,,,,,,,,,,,6,10
1790036585.9622486,ATTITUDE,,,,,,,,,,,,,,,-0.0009939494775608182,-0.2173246443271637,0.013895046897232533,,
1790036585.9633007,RAW_IMU,,,,,,,,,-205,2,-979,1,16,9,,,,,
1790036585.9822779,ATTITUDE,,,,,,,,,,,,,,,-0.0010534016182646155,-0.21709947288036346,0.013979267328977585,,
1790036585.9834163,RAW_IMU,,,,,,,,,-205,2,-980,1,15,8,,,,,
1790036586.0071063,ATTITUDE,,,,,,,,,,,,,,,-0.0011072898050770164,-0.21688798069953918,0.014042971655726433,,
1790036586.0090966,RAW_IMU,,,,,,,,,-205,2,-979,1,14,7,,,,,
1790036586.0270178,ATTITUDE,,,,,,,,,,,,,,,-0.0011571687646210194,-0.21668510138988495,0.014088303782045841,,
1790036586.027992,RAW_IMU,,,,,,,,,-205,2,-979,1,13,6,,,,,
1790036586.0463865,ATTITUDE,,,,,,,,,,,,,,,-0.001201177597977221,-0.21649755537509918,0.014122355729341507,,
1790036586.0477016,RAW_IMU,,,,,,,,,-206,2,-979,1,13,5,,,,,
1790036586.04997,GLOBAL_POSITION_INT,-35.3605471,149.168226,590.1,9.997,5.03,0.0,0.0,0.8,,,,,,,,,,,
1790036586.0514848,GPS_RAW_INT,,,,,,,,,,,,,,,,,,6,10
1790036586.0671525,ATTITUDE,,,,,,,,,,,,,,,-0.0012402836000546813,-0.21632008254528046,0.014138874597847462,,
1790036586.0687299,RAW_IMU,,,,,,,,,-206,2,-979,1,12,4,,,,,
1790036586.082293,ATTITUDE,,,,,,,,,,,,,,,-0.0012764923740178347,-0.2161509245634079,0.014140942133963108,,
1790036586.0833268,RAW_IMU,,,,,,,,,-206,2,-979,1,12,3,,,,,
1790036586.1024382,ATTITUDE,,,,,,,,,,,,,,,-0.0013061730423942208,-0.21598941087722778,0.014125810004770756,,
1790036586.1039906,RAW_IMU,,,,,,,,,-206,2,-979,1,11,3,,,,,
1790036586.1419609,ATTITUDE,,,,,,,,,,,,,,,-0.0013327854685485363,-0.21583369374275208,0.01409534178674221,,
1790036586.1430936,RAW_IMU,,,,,,,,,-206,2,-980,1,11,2,,,,,
1790036586.1441855,ATTITUDE,,,,,,,,,,,,,,,-0.0013541465159505606,-0.2156456857919693,0.014052759855985641,,
1790036586.145155,RAW_IMU,,,,,,,,,-206,2,-979,1,13,1,,,,,
1790036586.1492677,GLOBAL_POSITION_INT,-35.3605425,149.168226,590.1,9.998,5.04,0.0,0.0,0.8,,,,,,,,,,,
1790036586.150007,GPS_RAW_INT,,,,,,,,,,,,,,,,,,6,10
1790036586.1628206,ATTITUDE,,,,,,,,,,,,,,,-0.0013728069607168436,-0.21550321578979492,0.01399864163249731,,
1790036586.1637802,RAW_IMU,,,,,,,,,-206,2,-979,2,11,1,,,,,
1790036586.1828406,ATTITUDE,,,,,,,,,,,,,,,-0.0014026807621121407,-0.215288907289505,0.013938658870756626,,
1790036586.1840675,RAW_IMU,,,,,,,,,-206,2,-980,1,14,1,,,,,
1790036586.2024028,ATTITUDE,,,,,,,,,,,,,,,-0.0014107194729149342,-0.21516068279743195,0.013874824158847332,,
1790036586.2043319,RAW_IMU,,,,,,,,,-206,2,-979,2,10,0,,,,,
1790036586.2224147,ATTITUDE,,,,,,,,,,,,,,,-0.0014383391244336963,-0.21503129601478577,0.013810097239911556,,
1790036586.2230582,RAW_IMU,,,,,,,,,-207,2,-979,1,9,0,,,,,
1790036586.2428432,ATTITUDE,,,,,,,,,,,,,,,-0.0014384856913238764,-0.21490654349327087,0.013748196884989738,,
1790036586.243877,RAW_IMU,,,,,,,,,-207,2,-979,3,10,0,,,,,
1790036586.2496316,GLOBAL_POSITION_INT,-35.3605379,149.168226,590.1,9.998,5.05,0.0,0.0,0.78,,,,,,,,,,,
1790036586.25072,GPS_RAW_INT,,,,,,,,,,,,,,,,,,6,10
1790036586.26352,ATTITUDE,,,,,,,,,,,,,,,-0.0014648546930402517,-0.2147863358259201,0.013685761019587517,,
1790036586.2648823,RAW_IMU,,,,,,,,,-207,2,-979,1,9,0,,,,,
1790036586.2839122,ATTITUDE,,,,,,,,,,,,,,,-0.001449549337849021,-0.21467182040214539,0.01362118311226368,,
1790036586.2852273,RAW_IMU,,,,,,,,,-207,2,-979,3,9,0,,,,,
1790036586.3031306,ATTITUDE,,,,,,,,,,,,,,,-0.001478777383454144,-0.2145623415708542,0.013556788675487041,,
1790036586.3047416,RAW_IMU,,,,,,,,,-207,2,-979,1,9,0,,,,,
1790036586.3233435,ATTITUDE,,,,,,,,,,,,,,,-0.0014598083216696978,-0.21445812284946442,0.01349177211523056,,
1790036586.3241901,RAW_IMU,,,,,,,,,-207,2,-979,3,8,0,,,,,
1790036586.3436272,ATTITUDE,,,,,,,,,,,,,,,-0.0014972276985645294,-0.21429811418056488,0.013429244048893452,,
1790036586.3445399,RAW_IMU,,,,,,,,,-207,2,-979,1,11,0,,,,,
1790036586.3500867,GLOBAL_POSITION_INT,-35.3605334,149.168226,590.1,9.998,5.06,0.0,0.0,0.76,,,,,,,,,,,
1790036586.3512094,GPS_RAW_INT,,,,,,,,,,,,,,,,,,6,10
1790036586.3634014,ATTITUDE,,,,,,,,,,,,,,,-0.0014745906228199601,-0.21413204073905945,0.013365708291530609,,
1790036586.3650615,RAW_IMU,,,,,,,,,-207,2,-980,3,12,0,,,,,
1790036586.3919415,ATTITUDE,,,,,,,,,,,,,,,-0.0015108465449884534,-0.21397355198860168,0.01330270804464817,,
1790036586.3938894,RAW_IMU,,,,,,,,,-207,2,-980,1,11,0,,,,,
1790036586.405032,ATTITUDE,,,,,,,,,,,,,,,-0.0014850011793896556,-0.2138279527425766,0.013238177634775639,,
1790036586.405774,RAW_IMU,,,,,,,,,-207,2,-979,3,10,0,,,,,
1790036586.4257708,ATTITUDE,,,,,,,,,,,,,,,-0.0015289017464965582,-0.21364851295948029,0.01317807100713253,,
1790036586.4269576,RAW_IMU,,,,,,,,,-207,2,-978,1,12,1,,,,,
1790036586.4456923,ATTITUDE,,,,,,,,,,,,,,,-0.0014986129244789481,-0.21352754533290863,0.013120399788022041,,
1790036586.4471295,RAW_IMU,,,,,,,,,-207,2,-979,3,9,0,,,,,
1790036586.4521103,GLOBAL_POSITION_INT,-35.3605288,149.168226,590.1,9.998,5.07,0.0,0.0,0.75,,,,,,,,,,,
1790036586.452855,GPS_RAW_INT,,,,,,,,,,,,,,,,,,6,10
1790036586.4666567,ATTITUDE,,,,,,,,,,,,,,,-0.0015324981650337577,-0.21332834661006927,0.013069245032966137,,
1790036586.4680154,RAW_IMU,,,,,,,,,-207,1,-979,1,13,1,,,,,
1790036586.4867065,ATTITUDE,,,,,,,,,,,,,,,-0.001524843741208315,-0.21320857107639313,0.013018493540585041,,
1790036586.4887648,RAW_IMU,,,,,,,,,-207,2,-979,2,9,1,,,,,
1790036586.5062766,ATTITUDE,,,,,,,,,,,,,,,-0.0015266062691807747,-0.21301467716693878,0.012971705757081509,,
1790036586.507697,RAW_IMU,,,,,,,,,-208,2,-979,3,13,1,,,,,
1790036586.526339,ATTITUDE,,,,,,,,,,,,,,,-0.0015558423474431038,-0.21288001537322998,0.012931611388921738,,
1790036586.527709,RAW_IMU,,,,,,,,,-208,1,-979,1,10,1,,,,,
1790036586.546238,ATTITUDE,,,,,,,,,,,,,,,-0.0015842817956581712,-0.21266932785511017,0.012896854430437088,,
1790036586.5471408,RAW_IMU,,,,,,,,,-207,1,-979,1,14,2,,,,,
1790036586.5528283,GLOBAL_POSITION_INT,-35.3605242,149.168226,590.1,9.999,5.07,0.0,0.0,0.73,,,,,,,,,,,
1790036586.5537841,GPS_RAW_INT,,,,,,,,,,,,,,,,,,6,10
1790036586.5664566,ATTITUDE,,,,,,,,,,,,,,,-0.00161357328761369,-0.21252192556858063,0.012867108918726444,,
1790036586.567315,RAW_IMU,,,,,,,,,-207,1,-979,1,11,2,,,,,
1790036586.5866714,ATTITUDE,,,,,,,,,,,,,,,-0.0016088816337287426,-0.21229815483093262,0.01284072920680046,,
1790036586.5880153,RAW_IMU,,,,,,,,,-208,2,-978,3,14,2,,,,,
1790036586.6064997,ATTITUDE,,,,,,,,,,,,,,,-0.0016632600454613566,-0.21213190257549286,0.012818514369428158,,
1790036586.6076915,RAW_IMU,,,,,,,,,-208,2,-978,0,12,2,,,,,
1790036586.6379263,ATTITUDE,,,,,,,,,,,,,,,-0.0016368102515116334,-0.21190926432609558,0.012793364003300667,,
1790036586.6386356,RAW_IMU,,,,,,,,,-208,1,-978,4,13,2,,,,,
1790036586.6475313,ATTITUDE,,,,,,,,,,,,,,,-0.0016870960826054215,-0.21175646781921387,0.01277684886008501,,
1790036586.6486862,RAW_IMU,,,,,,,,,-208,2,-978,1,12,2,,,,,
1790036586.6509607,GLOBAL_POSITION_INT,-35.3605196,149.168226,590.1,9.999,5.08,0.0,0.0,0.73,,,,,,,,,,,
1790036586.652283,GPS_RAW_INT,,,,,,,,,,,,,,,,,,6,10
1790036586.6676977,ATTITUDE,,,,,,,,,,,,,,,-0.0016664925497025251,-0.21154925227165222,0.01275821402668953,,
1790036586.6689394,RAW_IMU,,,,,,,,,-208,1,-978,3,13,2,,,,,
1790036586.6878967,ATTITUDE,,,,,,,,,,,,,,,-0.001704082707874477,-0.21134869754314423,0.01274141762405634,,
1790036586.6895928,RAW_IMU,,,,,,,,,-208,1,-978,2,14,2,,,,,
1790036586.7075036,ATTITUDE,,,,,,,,,,,,,,,-0.0016845674254000187,-0.2111234962940216,0.012724434956908226,,
1790036586.7089586,RAW_IMU,,,,,,,,,-208,1,-978,3,14,3,,,,,
1790036586.722824,ATTITUDE,,,,,,,,,,,,,,,-0.001723133958876133,-0.21090653538703918,0.01270940899848938,,
1790036586.72369,RAW_IMU,,,,,,,,,-208,1,-978,2,15,3,,,,,
1790036586.7429352,ATTITUDE,,,,,,,,,,,,,,,-0.0017001467058435082,-0.21066589653491974,0.01269339956343174,,
1790036586.743723,RAW_IMU,,,,,,,,,-208,1,-979,3,15,3,,,,,
1790036586.7492428,GLOBAL_POSITION_INT,-35.360515,149.168226,590.1,9.999,5.08,0.0,0.0,0.72,,,,,,,,,,,
1790036586.7504768,GPS_RAW_INT,,,,,,,,,,,,,,,,,,6,10
1790036586.7629476,ATTITUDE,,,,,,,,,,,,,,,-0.001727487426251173,-0.21043619513511658,0.01267950888723135,,
1790036586.7642035,RAW_IMU,,,,,,,,,-208,1,-979,2,15,3,,,,,
1790036586.7839668,ATTITUDE,,,,,,,,,,,,,,,-0.0017185639590024948,-0.21021591126918793,0.012664536014199257,,
1790036586.7857964,RAW_IMU,,,,,,,,,-208,1,-979,2,14,3,,,,,
1790036586.8029668,ATTITUDE,,,,,,,,,,,,,,,-0.0017284025670960546,-0.20999209582805634,0.012650021351873875,,
1790036586.8040314,RAW_IMU,,,,,,,,,-208,2,-979,3,15,3,,,,,
1790036586.8228164,ATTITUDE,,,,,,,,,,,,,,,-0.0017209035577252507,-0.20981670916080475,0.012637041509151459,,
1790036586.824033,RAW_IMU,,,,,,,,,-208,1,-979,3,12,3,,,,,
1790036586.8475413,ATTITUDE,,,,,,,,,,,,,,,-0.0017138146795332432,-0.20960165560245514,0.012626511976122856,,
1790036586.84952,RAW_IMU,,,,,,,,,-208,2,-979,4,14,3,,,,,
1790036586.850996,GLOBAL_POSITION_INT,-35.3605104,149.168226,590.1,9.999,5.09,0.0,0.0,0.72,,,,,,,,,,,
1790036586.8525054,GPS_RAW_INT,,,,,,,,,,,,,,,,,,6,10
1790036586.8633075,ATTITUDE,,,,,,,,,,,,,,,-0.0017196040134876966,-0.20944520831108093,0.012613675557076931,,
1790036586.8649132,RAW_IMU,,,,,,,,,-208,2,-979,2,11,3,,,,,
1790036586.890588,ATTITUDE,,,,,,,,,,,,,,,-0.0016986370319500566,-0.2092471867799759,0.01260034553706646,,
1790036586.8913116,RAW_IMU,,,,,,,,,-208,1,-979,4,13,3,,,,,
1790036586.905119,ATTITUDE,,,,,,,,,,,,,,,-0.001735859434120357,-0.20911817252635956,0.012589537538588047,,
1790036586.9059155,RAW_IMU,,,,,,,,,-208,1,-979,1,10,3,,,,,
1790036586.9256105,ATTITUDE,,,,,,,,,,,,,,,-0.001710548298433423,-0.20893453061580658,0.012574800290167332,,
1790036586.9271495,RAW_IMU,,,,,,,,,-208,2,-978,4,12,3,,,,,
1790036586.944865,ATTITUDE,,,,,,,,,,,,,,,-0.0017477559158578515,-0.20880965888500214,0.012564726173877716,,
1790036586.946385,RAW_IMU,,,,,,,,,-208,2,-978,1,9,3,,,,,
1790036586.9513881,GLOBAL_POSITION_INT,-35.3605058,149.168226,590.1,9.999,5.09,0.0,0.0,0.71,,,,,,,,,,,
1790036586.9524302,GPS_RAW_INT,,,,,,,,,,,,,,,,,,6,10
1790036586.9664218,ATTITUDE,,,,,,,,,,,,,,,-0.0017234476981684566,-0.2086315155029297,0.012551422230899334,,
1790036586.9676898,RAW_IMU,,,,,,,,,-208,1,-978,4,12,3,,,,,
1790036586.9864624,ATTITUDE,,,,,,,,,,,,,,,-0.001758272759616375,-0.20850856602191925,0.012538985349237919,,
1790036586.9873228,RAW_IMU,,,,,,,,,-208,2,-978,2,10,3,,,,,
1790036587.0063996,ATTITUDE,,,,,,,,,,,,,,,-0.0017239017179235816,-0.20833446085453033,0.012524894438683987,,
1790036587.0079768,RAW_IMU,,,,,,,,,-208,2,-978,4,11,3,,,,,
1790036587.0261679,ATTITUDE,,,,,,,,,,,,,,,-0.0017447074642404914,-0.2082294523715973,0.012513246387243271,,
1790036587.0276408,RAW_IMU,,,,,,,,,-208,2,-978,2,9,3,,,,,
1790036587.0460684,ATTITUDE,,,,,,,,,,,,,,,-0.0017380593344569206,-0.20807798206806183,0.012501763179898262,,
1790036587.0479689,RAW_IMU,,,,,,,,,-208,2,-978,3,10,3,,,,,
1790036587.0526369,GLOBAL_POSITION_INT,-35.3605012,149.168226,590.11,10.0,5.09,0.0,0.0,0.71,,,,,,,,,,,
1790036587.0534663,GPS_RAW_INT,,,,,,,,,,,,,,,,,,6,10
1790036587.0663111,ATTITUDE,,,,,,,,,,,,,,,-0.0017467006109654903,-0.2079867422580719,0.012488302774727345,,
1790036587.0678194,RAW_IMU,,,,,,,,,-208,2,-978,3,8,3,,,,,
1790036587.086572,ATTITUDE,,,,,,,,,,,,,,,-0.0017636080738157034,-0.20783846080303192,0.012475359253585339,,
1790036587.0884237,RAW_IMU,,,,,,,,,-208,1,-979,2,10,3,,,,,
1790036587.107275,ATTITUDE,,,,,,,,,,,,,,,-0.0017564897425472736,-0.20773902535438538,0.01245919894427061,,
1790036587.1100168,RAW_IMU,,,,,,,,,-208,2,-978,3,9,3,,,,,
1790036587.146224,ATTITUDE,,,,,,,,,,,,,,,-0.0017488066805526614,-0.2075916826725006,0.012440328486263752,,
1790036587.1474314,RAW_IMU,,,,,,,,,-208,2,-978,3,10,2,,,,,
1790036587.1489499,ATTITUDE,,,,,,,,,,,,,,,-0.001741726417094469,-0.2074868530035019,0.012420098297297955,,
1790036587.1506803,RAW_IMU,,,,,,,,,-208,2,-978,3,9,2,,,,,
1790036587.1527016,GLOBAL_POSITION_INT,-35.3604966,149.168226,590.11,10.0,5.09,0.0,0.0,0.71,,,,,,,,,,,
1790036587.1557035,GPS_RAW_INT,,,,,,,,,,,,,,,,,,6,10
1790036587.165618,ATTITUDE,,,,,,,,,,,,,,,-0.0017349281115457416,-0.20734304189682007,0.01239681150764227,,
1790036587.1677213,RAW_IMU,,,,,,,,,-208,2,-978,3,10,2,,,,,
1790036587.1861362,ATTITUDE,,,,,,,,,,,,,,,-0.001728283823467791,-0.20723840594291687,0.012371957302093506,,
1790036587.1873617,RAW_IMU,,,,,,,,,-208,2,-978,3,9,2,,,,,
1790036587.205792,ATTITUDE,,,,,,,,,,,,,,,-0.0017219337169080973,-0.2071048766374588,0.012344270013272762,,
1790036587.207078,RAW_IMU,,,,,,,,,-208,1,-978,3,9,2,,,,,
1790036587.2268176,ATTITUDE,,,,,,,,,,,,,,,-0.0017146116588264704,-0.20699599385261536,0.012315827421844006,,
1790036587.2279632,RAW_IMU,,,,,,,,,-208,2,-978,3,9,2,,,,,
1790036587.2478023,ATTITUDE,,,,,,,,,,,,,,,-0.0017324036452919245,-0.2068883329629898,0.012289349921047688,,
1790036587.249171,RAW_IMU,,,,,,,,,-208,1,-979,2,8,2,,,,,
1790036587.2511182,GLOBAL_POSITION_INT,-35.3604921,149.168226,590.11,10.0,5.09,0.0,0.0,0.7,,,,,,,,,,,
1790036587.2518308,GPS_RAW_INT,,,,,,,,,,,,,,,,,,6,10
1790036587.263975,ATTITUDE,,,,,,,,,,,,,,,-0.0017129743937402964,-0.20676416158676147,0.012262937612831593,,
1790036587.2658906,RAW_IMU,,,,,,,,,-208,1,-979,3,9,2,,,,,
1790036587.2840588,ATTITUDE,,,,,,,,,,,,,,,-0.0017426095437258482,-0.20666201412677765,0.012242501601576805,,
1790036587.2855296,RAW_IMU,,,,,,,,,-207,1,-979,2,8,2,,,,,
1790036587.3047607,ATTITUDE,,,,,,,,,,,,,,,-0.0017376714386045933,-0.20656543970108032,0.012222669087350368,,
1790036587.306692,RAW_IMU,,,,,,,,,-208,1,-979,2,8,2,,,,,
1790036587.3254037,ATTITUDE,,,,,,,,,,,,,,,-0.0017520212568342686,-0.2064719945192337,0.012207535095512867,,
1790036587.32698,RAW_IMU,,,,,,,,,-207,1,-979,3,8,3,,,,,
1790036587.3449237,ATTITUDE,,,,,,,,,,,,,,,-0.001782841864041984,-0.20638372004032135,0.01219581626355648,,
1790036587.346452,RAW_IMU,,,,,,,,,-207,2,-979,1,7,3,,,,,
1790036587.351442,GLOBAL_POSITION_INT,-35.3604875,149.168226,590.11,10.0,5.08,0.0,0.0,0.69,,,,,,,,,,,
1790036587.3529851,GPS_RAW_INT,,,,,,,,,,,,,,,,,,6,10
1790036587.3665183,ATTITUDE,,,,,,,,,,,,,,,-0.0017715569119900465,-0.20629990100860596,0.01218545250594616,,
1790036587.368201,RAW_IMU,,,,,,,,,-207,1,-979,4,7,3,,,,,
1790036587.4012396,ATTITUDE,,,,,,,,,,,,,,,-0.0018120961030945182,-0.20621855556964874,0.012178939767181873,,
1790036587.4023626,RAW_IMU,,,,,,,,,-207,1,-979,1,7,3,,,,,
1790036587.4045393,ATTITUDE,,,,,,,,,,,,,,,-0.001789493951946497,-0.20614196360111237,0.012172123417258263,,
1790036587.4060283,RAW_IMU,,,,,,,,,-207,2,-979,4,7,3,,,,,
1790036587.422878,ATTITUDE,,,,,,,,,,,,,,,-0.0018288473365828395,-0.20606844127178192,0.012169706635177135,,
1790036587.4236982,RAW_IMU,,,,,,,,,-207,1,-979,1,7,3,,,,,
1790036587.4431994,ATTITUDE,,,,,,,,,,,,,,,-0.0018087744247168303,-0.20599894225597382,0.012166502885520458,,
1790036587.4450166,RAW_IMU,,,,,,,,,-207,1,-978,4,6,3,,,,,
1790036587.4499514,GLOBAL_POSITION_INT,-35.3604829,149.168226,590.11,10.001,5.08,0.0,0.0,0.69,,,,,,,,,,,
1790036587.450667,GPS_RAW_INT,,,,,,,,,,,,,,,,,,6,10
1790036587.464225,ATTITUDE,,,,,,,,,,,,,,,-0.001837675808928907,-0.20591101050376892,0.012163838371634483,,
1790036587.4652138,RAW_IMU,,,,,,,,,-207,1,-979,2,7,3,,,,,
1790036587.484133,ATTITUDE,,,,,,,,,,,,,,,-0.0018705694237723947,-0.20581378042697906,0.012160385958850384,,
1790036587.48557,RAW_IMU,,,,,,,,,-207,1,-978,1,8,3,,,,,
1790036587.5043466,ATTITUDE,,,,,,,,,,,,,,,-0.001903170719742775,-0.20576483011245728,0.0121547169983387,,
1790036587.5057845,RAW_IMU,,,,,,,,,-207,1,-979,1,6,3,,,,,
1790036587.52379,ATTITUDE,,,,,,,,,,,,,,,-0.0019332536030560732,-0.20565755665302277,0.012146755121648312,,
1790036587.525662,RAW_IMU,,,,,,,,,-207,2,-979,1,8,3,,,,,
1790036587.5442195,ATTITUDE,,,,,,,,,,,,,,,-0.001962440786883235,-0.20551778376102448,0.012136428616940975,,
1790036587.5457582,RAW_IMU,,,,,,,,,-207,1,-979,1,9,3,,,,,
1790036587.5504491,GLOBAL_POSITION_INT,-35.3604783,149.168226,590.11,10.001,5.08,0.0,0.0,0.69,,,,,,,,,,,
1790036587.552009,GPS_RAW_INT,,,,,,,,,,,,,,,,,,6,10
1790036587.5647564,ATTITUDE,,,,,,,,,,,,,,,-0.0019881960470229387,-0.2050141841173172,0.012121197767555714,,
1790036587.5661652,RAW_IMU,,,,,,,,,-207,1,-979,2,26,3,,,,,
1790036587.5850716,ATTITUDE,,,,,,,,,,,,,,,-0.0020116232335567474,-0.20397642254829407,0.012102548964321613,,
1790036587.5869915,RAW_IMU,,,,,,,,,-207,1,-979,2,52,3,,,,,
1790036587.604707,ATTITUDE,,,,,,,,,,,,,,,-0.0020339065231382847,-0.2022566795349121,0.01207828614860773,,
1790036587.6055038,RAW_IMU,,,,,,,,,-207,1,-979,2,86,2,,,,,
1790036587.639759,ATTITUDE,,,,,,,,,,,,,,,-0.0020549949258565903,-0.19973202049732208,0.01205233484506607,,
1790036587.6403413,RAW_IMU,,,,,,,,,-207,1,-979,2,126,2,,,,,
1790036587.6445725,ATTITUDE,,,,,,,,,,,,,,,-0.0020751820411533117,-0.196311816573143,0.012022096663713455,,
1790036587.6455836,RAW_IMU,,,,,,,,,-207,1,-980,2,171,2,,,,,
1790036587.6510346,GLOBAL_POSITION_INT,-35.3604737,149.168226,590.11,10.001,5.07,0.0,0.0,0.68,,,,,,,,,,,
1790036587.6521544,GPS_RAW_INT,,,,,,,,,,,,,,,,,,6,10
1790036587.6639113,ATTITUDE,,,,,,,,,,,,,,,-0.0020884640980511904,-0.19194141030311584,0.011989238671958447,,
1790036587.6649323,RAW_IMU,,,,,,,,,-207,2,-980,2,218,2,,,,,
1790036587.6849246,ATTITUDE,,,,,,,,,,,,,,,-0.0020163373555988073,-0.18665343523025513,0.011951803229749203,,
1790036587.685812,RAW_IMU,,,,,,,,,-207,1,-980,6,265,2,,,,,
1790036587.7053084,ATTITUDE,,,,,,,,,,,,,,,-0.001972660655155778,-0.18039251863956451,0.01191260851919651,,
1790036587.706877,RAW_IMU,,,,,,,,,-208,1,-980,5,313,2,,,,,
1790036587.7254412,ATTITUDE,,,,,,,,,,,,,,,-0.0018603692296892405,-0.17321571707725525,0.011873563751578331,,
1790036587.727267,RAW_IMU,,,,,,,,,-207,1,-980,8,359,2,,,,,
1790036587.7454796,ATTITUDE,,,,,,,,,,,,,,,-0.0017443570541217923,-0.16518987715244293,0.011833843775093555,,
1790036587.7469335,RAW_IMU,,,,,,,,,-208,1,-981,9,402,2,,,,,
1790036587.7517738,GLOBAL_POSITION_INT,-35.3604692,149.168226,590.11,10.001,5.05,0.0,0.0,0.67,,,,,,,,,,,
1790036587.7524865,GPS_RAW_INT,,,,,,,,,,,,,,,,,,6,10
1790036587.7661698,ATTITUDE,,,,,,,,,,,,,,,-0.0015962080797180533,-0.15629377961158752,0.0117950439453125,,
1790036587.7673945,RAW_IMU,,,,,,,,,-207,1,-981,10,445,2,,,,,
1790036587.7862957,ATTITUDE,,,,,,,,,,,,,,,-0.0014191793743520975,-0.14662395417690277,0.011755384504795074,,
1790036587.7879303,RAW_IMU,,,,,,,,,-207,1,-981,12,485,2,,,,,
1790036587.8069043,ATTITUDE,,,,,,,,,,,,,,,-0.0012501830933615565,-0.13623903691768646,0.011716125532984734,,
1790036587.8086746,RAW_IMU,,,,,,,,,-207,1,-982,11,520,2,,,,,
1790036587.8273902,ATTITUDE,,,,,,,,,,,,,,,-0.0010566683486104012,-0.12524031102657318,0.011679360643029213,,
1790036587.8285813,RAW_IMU,,,,,,,,,-207,2,-982,12,551,2,,,,,
1790036587.8478763,ATTITUDE,,,,,,,,,,,,,,,-0.0008672866388224065,-0.11359207332134247,0.01164381392300129,,
1790036587.8495276,RAW_IMU,,,,,,,,,-206,2,-983,12,584,2,,,,,
1790036587.8517118,GLOBAL_POSITION_INT,-35.3604647,149.168226,590.11,10.002,4.98,0.0,0.0,0.66,,,,,,,,,,,
1790036587.853375,GPS_RAW_INT,,,,,,,,,,,,,,,,,,6,10
1790036587.8630512,ATTITUDE,,,,,,,,,,,,,,,-0.000683865393511951,-0.10146649926900864,0.011611571535468102,,
1790036587.8655052,RAW_IMU,,,,,,,,,-205,1,-984,12,608,2,,,,,
1790036587.8954773,ATTITUDE,,,,,,,,,,,,,,,-0.00047701739822514355,-0.08884983509778976,0.011580721475183964,,
1790036587.896916,RAW_IMU,,,,,,,,,-204,1,-984,13,633,2,,,,,
1790036587.9052324,ATTITUDE,,,,,,,,,,,,,,,-0.0002807353448588401,-0.07586384564638138,0.011552098207175732,,
1790036587.906492,RAW_IMU,,,,,,,,,-203,1,-985,13,652,2,,,,,
1790036587.9256434,ATTITUDE,,,,,,,,,,,,,,,-9.174325532512739e-05,-0.0625373050570488,0.011524883098900318,,
1790036587.9275308,RAW_IMU,,,,,,,,,-202,1,-987,12,668,2,,,,,
1790036587.9454238,ATTITUDE,,,,,,,,,,,,,,,6.85577979311347e-05,-0.048945650458335876,0.011502830311655998,,
1790036587.947315,RAW_IMU,,,,,,,,,-201,1,-988,11,682,3,,,,,
1790036587.9520645,GLOBAL_POSITION_INT,-35.3604603,149.168226,590.11,10.002,4.86,0.0,0.0,0.65,,,,,,,,,,,
1790036587.9535913,GPS_RAW_INT,,,,,,,,,,,,,,,,,,6,10
1790036587.966111,ATTITUDE,,,,,,,,,,,,,,,0.0002500060945749283,-0.035075388848781586,0.0114839356392622,,
1790036587.9679034,RAW_IMU,,,,,,,,,-199,1,-988,12,696,3,,,,,
1790036587.9866595,ATTITUDE,,,,,,,,,,,,,,,0.0003816454263869673,-0.020991027355194092,0.011467655189335346,,
1790036587.9881732,RAW_IMU,,,,,,,,,-198,1,-991,10,707,3,,,,,
1790036588.0061238,ATTITUDE,,,,,,,,,,,,,,,0.0005748393596149981,-0.0067342775873839855,0.011450329795479774,,
1790036588.0076587,RAW_IMU,,,,,,,,,-196,1,-993,12,715,3,,,,,
1790036588.0259838,ATTITUDE,,,,,,,,,,,,,,,0.0006890277727507055,0.007670907769352198,0.011438450776040554,,
1790036588.0272007,RAW_IMU,,,,,,,,,-194,1,-995,9,723,3,,,,,
1790036588.0462618,ATTITUDE,,,,,,,,,,,,,,,0.0008431250462308526,0.02202121540904045,0.011426081880927086,,
1790036588.0476756,RAW_IMU,,,,,,,,,-191,1,-998,10,722,3,,,,,
1790036588.052536,GLOBAL_POSITION_INT,-35.360456,149.168226,590.11,10.002,4.67,0.0,0.0,0.65,,,,,,,,,,,
1790036588.0532258,GPS_RAW_INT,,,,,,,,,,,,,,,,,,6,10
1790036588.066456,ATTITUDE,,,,,,,,,,,,,,,0.0010005004005506635,0.0360972099006176,0.011416183784604073,,
1790036588.0681918,RAW_IMU,,,,,,,,,-189,1,-1000,11,708,3,,,,,
1790036588.087995,ATTITUDE,,,,,,,,,,,,,,,0.0011264458298683167,0.04966513812541962,0.011407162062823772,,
1790036588.0892537,RAW_IMU,,,,,,,,,-187,1,-1003,10,684,2,,,,,
1790036588.1027703,ATTITUDE,,,,,,,,,,,,,,,0.00121764512732625,0.06254144757986069,0.01140194945037365,,
1790036588.1039603,RAW_IMU,,,,,,,,,-184,1,-1006,8,649,3,,,,,
1790036588.1453824,ATTITUDE,,,,,,,,,,,,,,,0.0013286775210872293,0.07462652027606964,0.011397205293178558,,
1790036588.147162,RAW_IMU,,,,,,,,,-181,1,-1009,8,610,3,,,,,
1790036588.1485023,ATTITUDE,,,,,,,,,,,,,,,0.0014666755450889468,0.08583686500787735,0.01139370258897543,,
1790036588.1497674,RAW_IMU,,,,,,,,,-178,1,-1012,10,566,3,,,,,
1790036588.1528184,GLOBAL_POSITION_INT,-35.3604519,149.168226,590.11,10.001,4.44,0.0,0.01,0.65,,,,,,,,,,,
1790036588.1550708,GPS_RAW_INT,,,,,,,,,,,,,,,,,,6,10
1790036588.16345,ATTITUDE,,,,,,,,,,,,,,,0.0015461519360542297,0.09616196155548096,0.011391839943826199,,
1790036588.164656,RAW_IMU,,,,,,,,,-175,1,-1015,7,522,3,,,,,
1790036588.181882,ATTITUDE,,,,,,,,,,,,,,,0.0015818774700164795,0.10554558783769608,0.011389673687517643,,
1790036588.1824389,RAW_IMU,,,,,,,,,-172,1,-1018,5,475,3,,,,,
1790036588.2052405,ATTITUDE,,,,,,,,,,,,,,,0.001679884851910174,0.11397577822208405,0.011384217068552971,,
1790036588.2056668,RAW_IMU,,,,,,,,,-169,1,-1020,8,427,3,,,,,
1790036588.2227557,ATTITUDE,,,,,,,,,,,,,,,0.0017822019290179014,0.1214880496263504,0.011379302479326725,,
1790036588.2229614,RAW_IMU,,,,,,,,,-166,1,-1023,9,381,3,,,,,
1790036588.246517,ATTITUDE,,,,,,,,,,,,,,,0.0018076968844980001,0.128122940659523,0.011380026116967201,,
1790036588.247544,RAW_IMU,,,,,,,,,-162,1,-1025,4,337,3,,,,,
1790036588.2491262,GLOBAL_POSITION_INT,-35.360448,149.168226,590.11,10.0,4.16,0.0,0.01,0.65,,,,,,,,,,,
1790036588.2500548,GPS_RAW_INT,,,,,,,,,,,,,,,,,,6,10
1790036588.2669694,ATTITUDE,,,,,,,,,,,,,,,0.001869826577603817,0.1339234709739685,0.011378208175301552,,
1790036588.2689006,RAW_IMU,,,,,,,,,-159,1,-1027,6,295,3,,,,,
1790036588.2825568,ATTITUDE,,,,,,,,,,,,,,,0.001891141408123076,0.1389760971069336,0.011375792324543,,
1790036588.2845967,RAW_IMU,,,,,,,,,-156,1,-1029,4,257,3,,,,,
1790036588.3027039,ATTITUDE,,,,,,,,,,,,,,,0.0018735505873337388,0.14335612952709198,0.011374320834875107,,
1790036588.3036518,RAW_IMU,,,,,,,,,-153,1,-1031,2,224,3,,,,,
1790036588.3226035,ATTITUDE,,,,,,,,,,,,,,,0.0018567745573818684,0.14709678292274475,0.011370292864739895,,
1790036588.3236156,RAW_IMU,,,,,,,,,-150,1,-1032,2,191,3,,,,,
1790036588.3422859,ATTITUDE,,,,,,,,,,,,,,,0.0018948480719700456,0.1502760946750641,0.011362573131918907,,
1790036588.3435307,RAW_IMU,,,,,,,,,-147,1,-1033,5,163,3,,,,,
1790036588.3489668,GLOBAL_POSITION_INT,-35.3604444,149.168226,590.1,9.999,3.87,0.0,0.01,0.65,,,,,,,,,,,
1790036588.34988,GPS_RAW_INT,,,,,,,,,,,,,,,,,,6,10
1790036588.3621266,ATTITUDE,,,,,,,,,,,,,,,0.0018777658697217703,0.1529606282711029,0.011355227790772915,,
1790036588.3630319,RAW_IMU,,,,,,,,,-144,1,-1035,3,138,3,,,,,
1790036588.3892992,ATTITUDE,,,,,,,,,,,,,,,0.0018588713137432933,0.15524084866046906,0.011346579529345036,,
1790036588.3904133,RAW_IMU,,,,,,,,,-141,1,-1035,2,118,3,,,,,
1790036588.4076486,ATTITUDE,,,,,,,,,,,,,,,0.001840083161368966,0.15713785588741302,0.01133651752024889,,
1790036588.4086604,RAW_IMU,,,,,,,,,-138,1,-1035,2,99,3,,,,,
1790036588.4280834,ATTITUDE,,,,,,,,,,,,,,,0.0018745739944279194,0.15876470506191254,0.011328076012432575,,
1790036588.4290543,RAW_IMU,,,,,,,,,-135,1,-1036,5,85,3,,,,,
1790036588.448031,ATTITUDE,,,,,,,,,,,,,,,0.001847997889854014,0.16013376414775848,0.011325803585350513,,
1790036588.4492083,RAW_IMU,,,,,,,,,-132,1,-1037,2,73,3,,,,,
1790036588.4507327,GLOBAL_POSITION_INT,-35.360441,149.168226,590.1,9.997,3.58,0.0,0.01,0.64,,,,,,,,,,,
1790036588.4517968,GPS_RAW_INT,,,,,,,,,,,,,,,,,,6,10
1790036588.4675708,ATTITUDE,,,,,,,,,,,,,,,0.0018715978367254138,0.16124431788921356,0.011321095749735832,,
1790036588.4688535,RAW_IMU,,,,,,,,,-129,1,-1037,4,60,3,,,,,
1790036588.488589,ATTITUDE,,,,,,,,,,,,,,,0.001904746051877737,0.1622355729341507,0.011316920630633831,,
1790036588.4898365,RAW_IMU,,,,,,,,,-126,1,-1037,5,53,3,,,,,
1790036588.5082262,ATTITUDE,,,,,,,,,,,,,,,0.001937959692440927,0.16308684647083282,0.011316176503896713,,
1790036588.5097842,RAW_IMU,,,,,,,,,-123,1,-1037,5,46,3,,,,,
1790036588.5281374,ATTITUDE,,,,,,,,,,,,,,,0.0019696196541190147,0.16389337182044983,0.011314816772937775,,
1790036588.5293045,RAW_IMU,,,,,,,,,-121,1,-1037,5,44,3,,,,,
1790036588.548234,ATTITUDE,,,,,,,,,,,,,,,0.0020001402590423822,0.16466809809207916,0.011313321068882942,,
1790036588.5505297,RAW_IMU,,,,,,,,,-118,1,-1037,5,42,3,,,,,
1790036588.5516567,GLOBAL_POSITION_INT,-35.3604379,149.168226,590.1,9.996,3.3,0.0,0.01,0.64,,,,,,,,,,,
1790036588.5527804,GPS_RAW_INT,,,,,,,,,,,,,,,,,,6,10
1790036588.5632906,ATTITUDE,,,,,,,,,,,,,,,0.0020274638663977385,0.16541431844234467,0.011311143636703491,,
1790036588.5647447,RAW_IMU,,,,,,,,,-115,1,-1037,4,41,3,,,,,
1790036588.5836306,ATTITUDE,,,,,,,,,,,,,,,0.0020550694316625595,0.16613322496414185,0.011305585503578186,,
1790036588.5851846,RAW_IMU,,,,,,,,,-113,1,-1037,5,39,3,,,,,
1790036588.6031692,ATTITUDE,,,,,,,,,,,,,,,0.0020792812574654818,0.166825070977211,0.011300812475383282,,
1790036588.604377,RAW_IMU,,,,,,,,,-111,1,-1036,4,38,3,,,,,
1790036588.6344776,ATTITUDE,,,,,,,,,,,,,,,0.0021032653748989105,0.16748815774917603,0.011298593133687973,,
1790036588.6354358,RAW_IMU,,,,,,,,,-108,1,-1036,4,37,3,,,,,
1790036588.6436071,ATTITUDE,,,,,,,,,,,,,,,0.002281883265823126,0.16815511882305145,0.011299706995487213,,
1790036588.6450372,RAW_IMU,,,,,,,,,-105,1,-1036,11,37,3,,,,,
1790036588.6507363,GLOBAL_POSITION_INT,-35.360435,149.168226,590.1,9.995,3.03,0.0,0.0,0.64,,,,,,,,,,,
1790036588.65198,GPS_RAW_INT,,,,,,,,,,,,,,,,,,6,10
1790036588.6639068,ATTITUDE,,,,,,,,,,,,,,,0.0028754016384482384,0.1688472330570221,0.011308605782687664,,
1790036588.6653728,RAW_IMU,,,,,,,,,-103,1,-1036,31,39,3,,,,,
1790036588.683886,ATTITUDE,,,,,,,,,,,,,,,0.00402466394007206,0.1695069968700409,0.011356930248439312,,
1790036588.685856,RAW_IMU,,,,,,,,,-100,1,-1036,59,37,5,,,,,
1790036588.704872,ATTITUDE,,,,,,,,,,,,,,,0.005906707141548395,0.17014169692993164,0.01149702537804842,,
1790036588.7065408,RAW_IMU,,,,,,,,,-98,1,-1036,94,35,9,,,,,
1790036588.72458,ATTITUDE,,,,,,,,,,,,,,,0.008786506950855255,0.17072921991348267,0.011808184906840324,,
1790036588.7256408,RAW_IMU,,,,,,,,,-96,1,-1035,136,32,17,,,,,
1790036588.7445674,ATTITUDE,,,,,,,,,,,,,,,0.012472894974052906,0.17118686437606812,0.012339976616203785,,
1790036588.7460105,RAW_IMU,,,,,,,,,-93,1,-1035,180,27,28,,,,,
1790036588.7511063,GLOBAL_POSITION_INT,-35.3604324,149.168226,590.1,9.995,2.77,0.0,0.0,0.71,,,,,,,,,,,
1790036588.75189,GPS_RAW_INT,,,,,,,,,,,,,,,,,,6,10
1790036588.7655902,ATTITUDE,,,,,,,,,,,,,,,0.01712179370224476,0.17151957750320435,0.013177112676203251,,
1790036588.7671816,RAW_IMU,,,,,,,,,-91,1,-1035,225,21,43,,,,,
1790036588.7847333,ATTITUDE,,,,,,,,,,,,,,,0.022754855453968048,0.17170512676239014,0.01440057996660471,,
1790036588.785887,RAW_IMU,,,,,,,,,-89,1,-1034,271,15,61,,,,,
1790036588.8057842,ATTITUDE,,,,,,,,,,,,,,,0.029360048472881317,0.17165333032608032,0.016091829165816307,,
1790036588.8070664,RAW_IMU,,,,,,,,,-87,1,-1034,316,4,84,,,,,
1790036588.8267958,ATTITUDE,,,,,,,,,,,,,,,0.03689482435584068,0.1713438332080841,0.01832970790565014,,
1790036588.8278782,RAW_IMU,,,,,,,,,-85,1,-1034,358,-6,111,,,,,
1790036588.846713,ATTITUDE,,,,,,,,,,,,,,,0.045322176069021225,0.17066676914691925,0.021191777661442757,,
1790036588.8476686,RAW_IMU,,,,,,,,,-82,1,-1034,397,-22,142,,,,,
1790036588.8533642,GLOBAL_POSITION_INT,-35.36043,149.168226,590.1,9.995,2.51,0.03,0.0,1.26,,,,,,,,,,,
1790036588.854405,GPS_RAW_INT,,,,,,,,,,,,,,,,,,6,10
1790036588.867876,ATTITUDE,,,,,,,,,,,,,,,0.05458102747797966,0.1696094274520874,0.024745313450694084,,
1790036588.8696377,RAW_IMU,,,,,,,,,-80,0,-1033,434,-38,177,,,,,
1790036588.893146,ATTITUDE,,,,,,,,,,,,,,,0.06460091471672058,0.16810277104377747,0.02906188555061817,,
1790036588.8945591,RAW_IMU,,,,,,,,,-78,0,-1033,466,-57,216,,,,,
1790036588.903568,ATTITUDE,,,,,,,,,,,,,,,0.07530229538679123,0.16615143418312073,0.03421008586883545,,
1790036588.9046924,RAW_IMU,,,,,,,,,-76,0,-1033,494,-74,259,,,,,
1790036588.9239402,ATTITUDE,,,,,,,,,,,,,,,0.08660577237606049,0.16370439529418945,0.040250733494758606,,
1790036588.924896,RAW_IMU,,,,,,,,,-74,0,-1032,517,-92,306,,,,,
1790036588.9439852,ATTITUDE,,,,,,,,,,,,,,,0.09843464195728302,0.16066719591617584,0.047228969633579254,,
1790036588.944986,RAW_IMU,,,,,,,,,-72,0,-1032,537,-113,355,,,,,
1790036588.9505315,GLOBAL_POSITION_INT,-35.3604278,149.1682261,590.1,9.995,2.27,0.1,0.0,2.81,,,,,,,,,,,
1790036588.9516177,GPS_RAW_INT,,,,,,,,,,,,,,,,,,6,10
1790036588.9646573,ATTITUDE,,,,,,,,,,,,,,,0.11069977283477783,0.15697909891605377,0.05518872290849686,,
1790036588.966353,RAW_IMU,,,,,,,,,-70,0,-1032,553,-136,409,,,,,
1790036588.9849684,ATTITUDE,,,,,,,,,,,,,,,0.12331028282642365,0.15264131128787994,0.06418073922395706,,
1790036588.9863422,RAW_IMU,,,,,,,,,-68,0,-1032,564,-158,465,,,,,
1790036589.0055249,ATTITUDE,,,,,,,,,,,,,,,0.13615632057189941,0.147515207529068,0.07423178106546402,,
1790036589.0070286,RAW_IMU,,,,,,,,,-66,0,-1032,570,-183,524,,,,,
1790036589.0254362,ATTITUDE,,,,,,,,,,,,,,,0.14915290474891663,0.14159224927425385,0.08536149561405182,,
1790036589.026602,RAW_IMU,,,,,,,,,-65,0,-1032,573,-209,585,,,,,
1790036589.0459101,ATTITUDE,,,,,,,,,,,,,,,0.16219079494476318,0.1348322182893753,0.09755566716194153,,
1790036589.0471232,RAW_IMU,,,,,,,,,-63,0,-1033,572,-234,647,,,,,
1790036589.0525808,GLOBAL_POSITION_INT,-35.3604258,149.1682262,590.1,9.995,2.06,0.21,0.0,5.77,,,,,,,,,,,
1790036589.0535808,GPS_RAW_INT,,,,,,,,,,,,,,,,,,6,10
1790036589.0666149,ATTITUDE,,,,,,,,,,,,,,,0.1751765012741089,0.12713783979415894,0.11076971143484116,,
1790036589.0683818,RAW_IMU,,,,,,,,,-62,0,-1033,567,-263,708,,,,,
1790036589.0871155,ATTITUDE,,,,,,,,,,,,,,,0.18801920115947723,0.11852823942899704,0.12495514750480652,,
1790036589.0884829,RAW_IMU,,,,,,,,,-60,0,-1033,559,-290,768,,,,,
1790036589.1068528,ATTITUDE,,,,,,,,,,,,,,,0.20055590569972992,0.10899709165096283,0.14004655182361603,,
1790036589.1079657,RAW_IMU,,,,,,,,,-59,0,-1033,546,-316,826,,,,,
1790036589.140116,ATTITUDE,,,,,,,,,,,,,,,0.2126931995153427,0.0985083281993866,0.15595483779907227,,
1790036589.1411788,RAW_IMU,,,,,,,,,-58,-1,-1034,529,-345,880,,,,,
1790036589.1465201,ATTITUDE,,,,,,,,,,,,,,,0.22432507574558258,0.08707962930202484,0.17258509993553162,,
1790036589.1470737,RAW_IMU,,,,,,,,,-57,-1,-1034,510,-373,931,,,,,
1790036589.1529875,GLOBAL_POSITION_INT,-35.360424,149.1682266,590.1,9.995,1.87,0.39,0.0,10.13,,,,,,,,,,,
1790036589.1540334,GPS_RAW_INT,,,,,,,,,,,,,,,,,,6,10
1790036589.1666481,ATTITUDE,,,,,,,,,,,,,,,0.23535533249378204,0.07473792135715485,0.1898481249809265,,
1790036589.1685896,RAW_IMU,,,,,,,,,-56,-1,-1035,487,-399,978,,,,,
1790036589.1868215,ATTITUDE,,,,,,,,,,,,,,,0.24568067491054535,0.061496708542108536,0.2076515406370163,,
1790036589.1877205,RAW_IMU,,,,,,,,,-55,-1,-1036,461,-426,1020,,,,,
1790036589.206861,ATTITUDE,,,,,,,,,,,,,,,0.25518760085105896,0.04743624106049538,0.22592668235301971,,
1790036589.208222,RAW_IMU,,,,,,,,,-55,-2,-1036,431,-450,1058,,,,,
1790036589.2265575,ATTITUDE,,,,,,,,,,,,,,,0.2637755870819092,0.03284939378499985,0.244675412774086,,
1790036589.227998,RAW_IMU,,,,,,,,,-54,-2,-1037,398,-462,1092,,,,,
1790036589.246833,ATTITUDE,,,,,,,,,,,,,,,0.2712972164154053,0.01813502423465252,0.2639394998550415,,
1790036589.248465,RAW_IMU,,,,,,,,,-53,-3,-1038,359,-454,1122,,,,,
1790036589.2532167,GLOBAL_POSITION_INT,-35.3604224,149.1682271,590.1,9.995,1.71,0.61,0.0,15.4,,,,,,,,,,,
1790036589.2543526,GPS_RAW_INT,,,,,,,,,,,,,,,,,,6,10
1790036589.2673979,ATTITUDE,,,,,,,,,,,,,,,0.277724951505661,0.0036621573381125927,0.28372520208358765,,
1790036589.268562,RAW_IMU,,,,,,,,,-53,-3,-1039,317,-428,1147,,,,,
1790036589.2876737,ATTITUDE,,,,,,,,,,,,,,,0.28302648663520813,-0.010274280793964863,0.30405619740486145,,
1790036589.2891784,RAW_IMU,,,,,,,,,-53,-3,-1040,275,-389,1169,,,,,
1790036589.3080766,ATTITUDE,,,,,,,,,,,,,,,0.28721025586128235,-0.023474274203181267,0.3249472379684448,,
1790036589.3098497,RAW_IMU,,,,,,,,,-53,-4,-1041,233,-341,1187,,,,,
1790036589.3279421,ATTITUDE,,,,,,,,,,,,,,,0.2903364300727844,-0.03568868339061737,0.34642189741134644,,
1790036589.328942,RAW_IMU,,,,,,,,,-53,-4,-1042,194,-281,1202,,,,,
1790036589.347962,ATTITUDE,,,,,,,,,,,,,,,0.292468398809433,-0.046829670667648315,0.368447482585907,,
1790036589.349529,RAW_IMU,,,,,,,,,-53,-5,-1043,158,-219,1214,,,,,
1790036589.351352,GLOBAL_POSITION_INT,-35.3604209,149.1682279,590.1,9.995,1.59,0.87,0.0,21.43,,,,,,,,,,,
1790036589.353136,GPS_RAW_INT,,,,,,,,,,,,,,,,,,6,10
1790036589.368075,ATTITUDE,,,,,,,,,,,,,,,0.29370611906051636,-0.05693500116467476,0.39096394181251526,,
1790036589.3697155,RAW_IMU,,,,,,,,,-53,-5,-1043,126,-159,1223,,,,,
1790036589.389997,ATTITUDE,,,,,,,,,,,,,,,0.2941487431526184,-0.0660891979932785,0.4138992726802826,,
1790036589.3916175,RAW_IMU,,,,,,,,,-54,-5,-1044,98,-108,1229,,,,,
1790036589.403754,ATTITUDE,,,,,,,,,,,,,,,0.29389652609825134,-0.07391813397407532,0.4373273551464081,,
1790036589.4048862,RAW_IMU,,,,,,,,,-54,-6,-1044,74,-39,1233,,,,,
1790036589.424402,ATTITUDE,,,,,,,,,,,,,,,0.29296454787254333,-0.08037049323320389,0.46124333143234253,,
1790036589.4258637,RAW_IMU,,,,,,,,,-55,-6,-1044,50,33,1235,,,,,
1790036589.444375,ATTITUDE,,,,,,,,,,,,,,,0.29151540994644165,-0.08547795563936234,0.48563501238822937,,
1790036589.445267,RAW_IMU,,,,,,,,,-55,-6,-1044,33,101,1235,,,,,
1790036589.4509883,GLOBAL_POSITION_INT,-35.3604195,149.168229,590.1,9.996,1.49,1.13,0.0,28.17,,,,,,,,,,,
1790036589.451937,GPS_RAW_INT,,,,,,,,,,,,,,,,,,6,10
1790036589.4640458,ATTITUDE,,,,,,,,,,,,,,,0.2896699607372284,-0.089312843978405,0.5103726983070374,,
1790036589.4650562,RAW_IMU,,,,,,,,,-56,-7,-1044,20,166,1233,,,,,
1790036589.4838881,ATTITUDE,,,,,,,,,,,,,,,0.2875271439552307,-0.09197656065225601,0.5353895425796509,,
1790036589.4858608,RAW_IMU,,,,,,,,,-56,-7,-1043,10,224,1230,,,,,
1790036589.504541,ATTITUDE,,,,,,,,,,,,,,,0.2852223217487335,-0.09357451647520065,0.5606241226196289,,
1790036589.505859,RAW_IMU,,,,,,,,,-57,-7,-1043,5,276,1226,,,,,
1790036589.5242357,ATTITUDE,,,,,,,,,,,,,,,0.28280332684516907,-0.09418915212154388,0.5860228538513184,,
1790036589.525179,RAW_IMU,,,,,,,,,-57,-7,-1042,1,323,1221,,,,,
1790036589.5447407,ATTITUDE,,,,,,,,,,,,,,,0.2803845703601837,-0.09394697844982147,0.6115164160728455,,
1790036589.5461075,RAW_IMU,,,,,,,,,-58,-8,-1041,1,363,1215,,,,,
1790036589.5507543,GLOBAL_POSITION_INT,-35.3604182,149.1682303,590.1,9.996,1.37,1.39,0.0,35.4,,,,,,,,,,,
1790036589.5518818,GPS_RAW_INT,,,,,,,,,,,,,,,,,,6,10
1790036589.564359,ATTITUDE,,,,,,,,,,,,,,,0.2780097424983978,-0.09292971342802048,0.6370543837547302,,
1790036589.5654917,RAW_IMU,,,,,,,,,-59,-8,-1040,3,399,1208,,,,,
1790036589.5844898,ATTITUDE,,,,,,,,,,,,,,,0.2757505476474762,-0.09123586863279343,0.6625961661338806,,
1790036589.585917,RAW_IMU,,,,,,,,,-60,-8,-1039,7,429,1201,,,,,
1790036589.6047988,ATTITUDE,,,,,,,,,,,,,,,0.27365225553512573,-0.08895023167133331,0.6881070137023926,,
1790036589.6058064,RAW_IMU,,,,,,,,,-60,-8,-1038,12,455,1193,,,,,
1790036589.6358569,ATTITUDE,,,,,,,,,,,,,,,0.2717311680316925,-0.08621645718812943,0.7135664224624634,,
1790036589.637787,RAW_IMU,,,,,,,,,-61,-8,-1037,18,473,1184,,,,,
1790036589.6451702,ATTITUDE,,,,,,,,,,,,,,,0.2699935734272003,-0.08301252871751785,0.7390344738960266,,
1790036589.6461027,RAW_IMU,,,,,,,,,-61,-9,-1036,23,492,1176,,,,,
1790036589.6518183,GLOBAL_POSITION_INT,-35.360417,149.168232,590.1,9.997,1.22,1.61,0.0,42.7,,,,,,,,,,,
1790036589.6531658,GPS_RAW_INT,,,,,,,,,,,,,,,,,,6,10
1790036589.6659045,ATTITUDE,,,,,,,,,,,,,,,0.2684709131717682,-0.07953502237796783,0.7643656134605408,,
1790036589.667178,RAW_IMU,,,,,,,,,-62,-9,-1035,29,503,1167,,,,,
1790036589.6861537,ATTITUDE,,,,,,,,,,,,,,,0.2671787738800049,-0.07581687718629837,0.7895509004592896,,
1790036589.6875386,RAW_IMU,,,,,,,,,-62,-9,-1035,35,511,1159,,,,,
1790036589.7069645,ATTITUDE,,,,,,,,,,,,,,,0.2661248743534088,-0.07191574573516846,0.8145788311958313,,
1790036589.708552,RAW_IMU,,,,,,,,,-63,-9,-1033,42,517,1150,,,,,
1790036589.7265224,ATTITUDE,,,,,,,,,,,,,,,0.26528772711753845,-0.06792674958705902,0.8394292593002319,,
1790036589.7276723,RAW_IMU,,,,,,,,,-63,-9,-1032,47,518,1141,,,,,
1790036589.7467027,ATTITUDE,,,,,,,,,,,,,,,0.26468104124069214,-0.0638623908162117,0.8640985488891602,,
1790036589.7487836,RAW_IMU,,,,,,,,,-64,-9,-1032,53,519,1133,,,,,
1790036589.7498806,GLOBAL_POSITION_INT,-35.360416,149.1682338,590.1,9.998,1.04,1.79,0.0,49.86,,,,,,,,,,,
1790036589.7509274,GPS_RAW_INT,,,,,,,,,,,,,,,,,,6,10
1790036589.7668388,ATTITUDE,,,,,,,,,,,,,,,0.2642489969730377,-0.05983865261077881,0.888556957244873,,
1790036589.7687304,RAW_IMU,,,,,,,,,-64,-9,-1031,57,514,1125,,,,,
1790036589.7832239,ATTITUDE,,,,,,,,,,,,,,,0.2640083134174347,-0.055771779268980026,0.9128323793411255,,
1790036589.7845027,RAW_IMU,,,,,,,,,-64,-9,-1031,60,514,1116,,,,,
1790036589.8056383,ATTITUDE,,,,,,,,,,,,,,,0.26398324966430664,-0.05176212266087532,0.9369093775749207,,
1790036589.8069875,RAW_IMU,,,,,,,,,-65,-9,-1031,66,509,1108,,,,,
1790036589.8272836,ATTITUDE,,,,,,,,,,,,,,,0.2641656696796417,-0.04777422547340393,0.9608303308486938,,
1790036589.8283129,RAW_IMU,,,,,,,,,-65,-10,-1031,71,506,1101,,,,,
1790036589.8470886,ATTITUDE,,,,,,,,,,,,,,,0.264504998922348,-0.04388618469238281,0.9846300482749939,,
1790036589.848088,RAW_IMU,,,,,,,,,-65,-10,-1030,74,499,1094,,,,,
1790036589.8488088,GLOBAL_POSITION_INT,-35.3604152,149.1682358,590.1,9.999,0.83,1.93,0.0,56.75,,,,,,,,,,,
1790036589.8492866,GPS_RAW_INT,,,,,,,,,,,,,,,,,,6,10
1790036589.8658035,ATTITUDE,,,,,,,,,,,,,,,0.26500287652015686,-0.04035043716430664,1.0081804990768433,,
1790036589.8665602,RAW_IMU,,,,,,,,,-65,-10,-1030,77,481,1087,,,,,
1790036589.8845031,ATTITUDE,,,,,,,,,,,,,,,0.2656789720058441,-0.037593137472867966,1.0313825607299805,,
1790036589.8849828,RAW_IMU,,,,,,,,,-66,-10,-1030,81,442,1081,,,,,
1790036589.9072099,ATTITUDE,,,,,,,,,,,,,,,0.2664245069026947,-0.035854898393154144,1.0541845560073853,,
1790036589.907612,RAW_IMU,,,,,,,,,-66,-10,-1031,82,388,1075,,,,,
1790036589.925246,ATTITUDE,,,,,,,,,,,,,,,0.2672703266143799,-0.03540123626589775,1.076528787612915,,
1790036589.9257536,RAW_IMU,,,,,,,,,-66,-10,-1031,84,322,1070,,,,,
1790036589.944415,ATTITUDE,,,,,,,,,,,,,,,0.26805517077445984,-0.03636075183749199,1.0983853340148926,,
1790036589.9452167,RAW_IMU,,,,,,,,,-66,-10,-1030,82,248,1065,,,,,
1790036589.9509196,GLOBAL_POSITION_INT,-35.3604145,149.1682379,590.1,9.999,0.59,2.02,0.0,63.24,,,,,,,,,,,
1790036589.9513602,GPS_RAW_INT,,,,,,,,,,,,,,,,,,6,10
1790036589.9652631,ATTITUDE,,,,,,,,,,,,,,,0.26868441700935364,-0.03846508637070656,1.1198277473449707,,
1790036589.9661555,RAW_IMU,,,,,,,,,-66,-11,-1031,75,187,1061,,,,,
1790036589.9856267,ATTITUDE,,,,,,,,,,,,,,,0.2690749764442444,-0.04194607585668564,1.1408052444458008,,
1790036589.9871225,RAW_IMU,,,,,,,,,-66,-11,-1031,65,117,1057,,,,,
1790036590.0070035,ATTITUDE,,,,,,,,,,,,,,,0.2691492736339569,-0.047081686556339264,1.1612530946731567,,
1790036590.0083477,RAW_IMU,,,,,,,,,-66,-11,-1030,53,31,1054,,,,,
1790036590.0275657,ATTITUDE,,,,,,,,,,,,,,,0.26878392696380615,-0.053803373128175735,1.181209921836853,,
1790036590.0283976,RAW_IMU,,,,,,,,,-66,-11,-1030,36,-52,1051,,,,,
1790036590.0478613,ATTITUDE,,,,,,,,,,,,,,,0.26781705021858215,-0.062006875872612,1.200728416442871,,
1790036590.0497756,RAW_IMU,,,,,,,,,-66,-11,-1030,12,-131,1049,,,,,
1790036590.0514047,GLOBAL_POSITION_INT,-35.3604141,149.1682401,590.11,10.0,0.35,2.11,0.0,69.07,,,,,,,,,,,
1790036590.0527077,GPS_RAW_INT,,,,,,,,,,,,,,,,,,6,10
1790036590.0678732,ATTITUDE,,,,,,,,,,,,,,,0.2661161422729492,-0.07161455601453781,1.2198258638381958,,
1790036590.0689893,RAW_IMU,,,,,,,,,-66,-12,-1030,-16,-206,1047,,,,,
1790036590.0881386,ATTITUDE,,,,,,,,,,,,,,,0.26359304785728455,-0.08242885023355484,1.238577127456665,,
1790036590.089895,RAW_IMU,,,,,,,,,-67,-12,-1030,-48,-272,1045,,,,,
1790036590.1031084,ATTITUDE,,,,,,,,,,,,,,,0.2601466178894043,-0.09429128468036652,1.2570520639419556,,
1790036590.1040852,RAW_IMU,,,,,,,,,-67,-12,-1029,-85,-329,1044,,,,,
1790036590.1444545,ATTITUDE,,,,,,,,,,,,,,,0.2558216154575348,-0.10701339691877365,1.2753243446350098,,
1790036590.1454275,RAW_IMU,,,,,,,,,-67,-12,-1028,-119,-378,1043,,,,,
1790036590.1479003,ATTITUDE,,,,,,,,,,,,,,,0.25049105286598206,-0.12043298780918121,1.2934569120407104,,
1790036590.15018,RAW_IMU,,,,,,,,,-68,-12,-1028,-158,-419,1042,,,,,
1790036590.1536033,GLOBAL_POSITION_INT,-35.3604139,149.1682425,590.11,10.0,0.12,2.21,0.0,74.36,,,,,,,,,,,
1790036590.1550038,GPS_RAW_INT,,,,,,,,,,,,,,,,,,6,10
1790036590.167899,ATTITUDE,,,,,,,,,,,,,,,0.24423082172870636,-0.13441525399684906,1.3115084171295166,,
1790036590.1692517,RAW_IMU,,,,,,,,,-69,-13,-1027,-193,-454,1041,,,,,
1790036590.188058,ATTITUDE,,,,,,,,,,,,,,,0.23693636059761047,-0.1487482190132141,1.3295625448226929,,
1790036590.189218,RAW_IMU,,,,,,,,,-69,-13,-1026,-231,-479,1041,,,,,
1790036590.2077591,ATTITUDE,,,,,,,,,,,,,,,0.2286207526922226,-0.16328421235084534,1.3476821184158325,,
1790036590.2093334,RAW_IMU,,,,,,,,,-70,-13,-1025,-270,-497,1041,,,,,
1790036590.2277215,ATTITUDE,,,,,,,,,,,,,,,0.21931608021259308,-0.17789794504642487,1.365917682647705,,
1790036590.2291088,RAW_IMU,,,,,,,,,-71,-13,-1024,-305,-509,1041,,,,,
1790036590.2427711,ATTITUDE,,,,,,,,,,,,,,,0.20899492502212524,-0.1924666464328766,1.3843023777008057,,
1790036590.2436137,RAW_IMU,,,,,,,,,-72,-13,-1024,-341,-516,1041,,,,,
1790036590.2495315,GLOBAL_POSITION_INT,-35.3604139,149.1682449,590.11,10.0,-0.07,2.34,0.0,79.57,,,,,,,,,,,
1790036590.2501283,GPS_RAW_INT,,,,,,,,,,,,,,,,,,6,10
1790036590.263173,ATTITUDE,,,,,,,,,,,,,,,0.19772644340991974,-0.2067783623933792,1.4029123783111572,,
1790036590.2648761,RAW_IMU,,,,,,,,,-73,-13,-1024,-374,-514,1041,,,,,
1790036590.2837236,ATTITUDE,,,,,,,,,,,,,,,0.18553867936134338,-0.22074249386787415,1.421777367591858,,
1790036590.2850835,RAW_IMU,,,,,,,,,-74,-12,-1023,-404,-506,1041,,,,,
1790036590.304286,ATTITUDE,,,,,,,,,,,,,,,0.17242324352264404,-0.2343335896730423,1.4409191608428955,,
1790036590.3053443,RAW_IMU,,,,,,,,,-76,-12,-1022,-435,-499,1042,,,,,
1790036590.3234007,ATTITUDE,,,,,,,,,,,,,,,0.15843595564365387,-0.24738481640815735,1.4603685140609741,,
1790036590.324515,RAW_IMU,,,,,,,,,-77,-12,-1022,-463,-485,1042,,,,,
1790036590.3433344,ATTITUDE,,,,,,,,,,,,,,,0.14365364611148834,-0.2598477303981781,1.4801081418991089,,
1790036590.344077,RAW_IMU,,,,,,,,,-79,-12,-1022,-487,-469,1042,,,,,
1790036590.3500466,GLOBAL_POSITION_INT,-35.3604141,149.1682476,590.1,9.999,-0.21,2.51,0.0,85.08,,,,,,,,,,,
1790036590.3506927,GPS_RAW_INT,,,,,,,,,,,,,,,,,,6,10
1790036590.3631868,ATTITUDE,,,,,,,,,,,,,,,0.1280878633260727,-0.27162766456604004,1.5000941753387451,,
1790036590.364336,RAW_IMU,,,,,,,,,-81,-11,-1022,-511,-450,1039,,,,,
1790036590.3882992,ATTITUDE,,,,,,,,,,,,,,,0.11185285449028015,-0.28267332911491394,1.5202363729476929,,
1790036590.3903093,RAW_IMU,,,,,,,,,-82,-10,-1022,-532,-429,1032,,,,,
1790036590.4051838,ATTITUDE,,,,,,,,,,,,,,,0.09502548724412918,-0.29286494851112366,1.5404233932495117,,
1790036590.4061015,RAW_IMU,,,,,,,,,-84,-10,-1022,-550,-404,1020,,,,,
1790036590.4252162,ATTITUDE,,,,,,,,,,,,,,,0.07767681032419205,-0.30220136046409607,1.560503363609314,,
1790036590.4263818,RAW_IMU,,,,,,,,,-86,-9,-1022,-569,-379,1001,,,,,
1790036590.4451137,ATTITUDE,,,,,,,,,,,,,,,0.059964947402477264,-0.3106329143047333,1.5803074836730957,,
1790036590.4459927,RAW_IMU,,,,,,,,,-88,-8,-1023,-583,-353,975,,,,,
1790036590.45139,GLOBAL_POSITION_INT,-35.3604143,149.1682505,590.1,9.999,-0.29,2.72,0.0,90.82,,,,,,,,,,,
1790036590.4528122,GPS_RAW_INT,,,,,,,,,,,,,,,,,,6,10
1790036590.4650586,ATTITUDE,,,,,,,,,,,,,,,0.04197947308421135,-0.3181762993335724,1.599647045135498,,
1790036590.4659376,RAW_IMU,,,,,,,,,-90,-8,-1023,-596,-327,943,,,,,
1790036590.4853015,ATTITUDE,,,,,,,,,,,,,,,0.023892519995570183,-0.32488957047462463,1.6183313131332397,,
1790036590.4873416,RAW_IMU,,,,,,,,,-92,-7,-1023,-606,-303,902,,,,,
1790036590.5051782,ATTITUDE,,,,,,,,,,,,,,,0.005972984246909618,-0.330760657787323,1.636176347732544,,
1790036590.5062847,RAW_IMU,,,,,,,,,-94,-6,-1024,-606,-278,855,,,,,
1790036590.5249119,ATTITUDE,,,,,,,,,,,,,,,-0.01139106135815382,-0.3358064591884613,1.6529840230941772,,
1790036590.525696,RAW_IMU,,,,,,,,,-95,-5,-1025,-592,-252,799,,,,,
1790036590.5454333,ATTITUDE,,,,,,,,,,,,,,,-0.027901550754904747,-0.3401089012622833,1.6685657501220703,,
1790036590.5470803,RAW_IMU,,,,,,,,,-97,-4,-1026,-566,-227,737,,,,,
1790036590.5522115,GLOBAL_POSITION_INT,-35.3604146,149.1682536,590.1,9.998,-0.31,2.96,0.0,95.81,,,,,,,,,,,
1790036590.5530937,GPS_RAW_INT,,,,,,,,,,,,,,,,,,6,10
1790036590.5661318,ATTITUDE,,,,,,,,,,,,,,,-0.0433075986802578,-0.3437577188014984,1.6827433109283447,,
1790036590.5670316,RAW_IMU,,,,,,,,,-100,-3,-1027,-531,-203,667,,,,,
1790036590.5866377,ATTITUDE,,,,,,,,,,,,,,,-0.057411130517721176,-0.34680405259132385,1.6953529119491577,,
1790036590.5876002,RAW_IMU,,,,,,,,,-101,-2,-1028,-491,-179,592,,,,,
1790036590.6066265,ATTITUDE,,,,,,,,,,,,,,,-0.07002411037683487,-0.3493816554546356,1.706251859664917,,
1790036590.6077054,RAW_IMU,,,,,,,,,-103,-1,-1029,-444,-158,510,,,,,
1790036590.6415994,ATTITUDE,,,,,,,,,,,,,,,-0.0810551792383194,-0.35159480571746826,1.7153358459472656,,
1790036590.6431046,RAW_IMU,,,,,,,,,-105,0,-1030,-395,-139,423,,,,,
1790036590.6479366,ATTITUDE,,,,,,,,,,,,,,,-0.0904223695397377,-0.3535459339618683,1.72256338596344,,
1790036590.6492913,RAW_IMU,,,,,,,,,-107,0,-1031,-344,-123,334,,,,,
1790036590.6511493,GLOBAL_POSITION_INT,-35.3604148,149.168257,590.1,9.998,-0.27,3.21,0.0,98.78,,,,,,,,,,,
1790036590.6524673,GPS_RAW_INT,,,,,,,,,,,,,,,,,,6,10
1790036590.6639812,ATTITUDE,,,,,,,,,,,,,,,-0.09816345572471619,-0.35540929436683655,1.7279298305511475,,
1790036590.6654077,RAW_IMU,,,,,,,,,-109,0,-1032,-294,-113,246,,,,,
1790036590.6838503,ATTITUDE,,,,,,,,,,,,,,,-0.10432027280330658,-0.35719582438468933,1.7315151691436768,,
1790036590.6858582,RAW_IMU,,,,,,,,,-111,1,-1032,-245,-102,162,,,,,
1790036590.7038217,ATTITUDE,,,,,,,,,,,,,,,-0.10893499106168747,-0.3589836657047272,1.7334482669830322,,
1790036590.705006,RAW_IMU,,,,,,,,,-114,1,-1033,-196,-94,84,,,,,
1790036590.7236419,ATTITUDE,,,,,,,,,,,,,,,-0.11215467751026154,-0.36082810163497925,1.7338731288909912,,
1790036590.7247384,RAW_IMU,,,,,,,,,-116,2,-1033,-153,-90,13,,,,,
1790036590.7438514,ATTITUDE,,,,,,,,,,,,,,,-0.11410468816757202,-0.3627098500728607,1.7329332828521729,,
1790036590.7448647,RAW_IMU,,,,,,,,,-118,2,-1033,-113,-85,-50,,,,,
1790036590.7503707,GLOBAL_POSITION_INT,-35.3604151,149.1682607,590.1,9.997,-0.21,3.48,0.0,99.26,,,,,,,,,,,
1790036590.7513993,GPS_RAW_INT,,,,,,,,,,,,,,,,,,6,10
1790036590.7636569,ATTITUDE,,,,,,,,,,,,,,,-0.11506401002407074,-0.36463379859924316,1.7307788133621216,,
1790036590.7648978,RAW_IMU,,,,,,,,,-120,3,-1034,-84,-80,-107,,,,,
1790036590.7839293,ATTITUDE,,,,,,,,,,,,,,,-0.11503126472234726,-0.36658820509910583,1.727556586265564,,
1790036590.785409,RAW_IMU,,,,,,,,,-123,3,-1033,-55,-76,-156,,,,,
1790036590.804377,ATTITUDE,,,,,,,,,,,,,,,-0.11393750458955765,-0.3686601519584656,1.7232136726379395,,
1790036590.8056252,RAW_IMU,,,,,,,,,-125,3,-1033,-21,-73,-200,,,,,
1790036590.8235693,ATTITUDE,,,,,,,,,,,,,,,-0.11197392642498016,-0.3705020844936371,1.7182435989379883,,
1790036590.824606,RAW_IMU,,,,,,,,,-127,4,-1033,8,-63,-236,,,,,
1790036590.8437257,ATTITUDE,,,,,,,,,,,,,,,-0.1091729998588562,-0.3720526695251465,1.7126470804214478,,
1790036590.8453364,RAW_IMU,,,,,,,,,-130,3,-1032,37,-45,-266,,,,,
1790036590.8500392,GLOBAL_POSITION_INT,-35.3604152,149.1682646,590.1,9.997,-0.14,3.74,0.0,98.04,,,,,,,,,,,
1790036590.8513856,GPS_RAW_INT,,,,,,,,,,,,,,,,,,6,10
1790036590.863912,ATTITUDE,,,,,,,,,,,,,,,-0.10567571967840195,-0.3732120990753174,1.7064837217330933,,
1790036590.8650556,RAW_IMU,,,,,,,,,-132,4,-1032,61,-25,-290,,,,,
1790036590.8921854,ATTITUDE,,,,,,,,,,,,,,,-0.10157719999551773,-0.37367910146713257,1.699849247932434,,
1790036590.8943112,RAW_IMU,,,,,,,,,-134,4,-1031,83,8,-309,,,,,
1790036590.9043992,ATTITUDE,,,,,,,,,,,,,,,-0.09701530635356903,-0.3734422028064728,1.6928648948669434,,
1790036590.90531,RAW_IMU,,,,,,,,,-137,4,-1030,100,45,-322,,,,,
1790036590.9242203,ATTITUDE,,,,,,,,,,,,,,,-0.0921141728758812,-0.3724912106990814,1.6856462955474854,,
1790036590.9252565,RAW_IMU,,,,,,,,,-139,3,-1029,113,79,-330,,,,,
1790036590.9441183,ATTITUDE,,,,,,,,,,,,,,,-0.086960569024086,-0.370756596326828,1.6782872676849365,,
1790036590.94487,RAW_IMU,,,,,,,,,-142,3,-1028,124,117,-333,,,,,
1790036590.9506476,GLOBAL_POSITION_INT,-35.3604154,149.1682689,590.1,9.996,-0.08,3.99,0.0,96.05,,,,,,,,,,,
1790036590.9515624,GPS_RAW_INT,,,,,,,,,,,,,,,,,,6,10
1790036590.9642315,ATTITUDE,,,,,,,,,,,,,,,-0.08164955675601959,-0.36831361055374146,1.6708890199661255,,
1790036590.9655495,RAW_IMU,,,,,,,,,-144,3,-1026,132,151,-333,,,,,
1790036590.9839973,ATTITUDE,,,,,,,,,,,,,,,-0.07628780603408813,-0.3651764988899231,1.6635407209396362,,
1790036590.985231,RAW_IMU,,,,,,,,,-146,3,-1025,137,184,-329,,,,,
1790036591.0044804,ATTITUDE,,,,,,,,,,,,,,,-0.07092951983213425,-0.36140379309654236,1.6563178300857544,,
1790036591.0055583,RAW_IMU,,,,,,,,,-149,3,-1022,141,214,-322,,,,,
1790036591.023977,ATTITUDE,,,,,,,,,,,,,,,-0.06561671197414398,-0.357014536857605,1.6493078470230103,,
1790036591.025157,RAW_IMU,,,,,,,,,-151,3,-1020,144,242,-312,,,,,
1790036591.0440772,ATTITUDE,,,,,,,,,,,,,,,-0.06043156236410141,-0.3521329462528229,1.6426146030426025,,
1790036591.0447733,RAW_IMU,,,,,,,,,-154,2,-1018,143,265,-300,,,,,
1790036591.0506516,GLOBAL_POSITION_INT,-35.3604156,149.1682734,590.1,9.997,-0.04,4.21,0.0,94.02,,,,,,,,,,,
1790036591.0517876,GPS_RAW_INT,,,,,,,,,,,,,,,,,,6,10
1790036591.0640538,ATTITUDE,,,,,,,,,,,,,,,-0.05543302744626999,-0.34682291746139526,1.6362192630767822,,
1790036591.0655537,RAW_IMU,,,,,,,,,-156,2,-1016,140,284,-287,,,,,
1790036591.0843039,ATTITUDE,,,,,,,,,,,,,,,-0.050662167370319366,-0.34115347266197205,1.6301612854003906,,
1790036591.0851977,RAW_IMU,,,,,,,,,-158,2,-1013,137,300,-271,,,,,
1790036591.1048892,ATTITUDE,,,,,,,,,,,,,,,-0.04615486413240433,-0.33522966504096985,1.6244696378707886,,
1790036591.1057203,RAW_IMU,,,,,,,,,-160,1,-1011,131,311,-255,,,,,
1790036591.1352901,ATTITUDE,,,,,,,,,,,,,,,-0.04192104563117027,-0.3291098177433014,1.619164228439331,,
1790036591.136617,RAW_IMU,,,,,,,,,-163,1,-1008,126,319,-238,,,,,
1790036591.1457117,ATTITUDE,,,,,,,,,,,,,,,-0.03798728063702583,-0.3228591978549957,1.6142549514770508,,
1790036591.147027,RAW_IMU,,,,,,,,,-165,1,-1006,119,324,-221,,,,,
1790036591.1521673,GLOBAL_POSITION_INT,-35.3604156,149.1682781,590.1,9.997,-0.01,4.38,-0.01,92.42,,,,,,,,,,,
1790036591.1529353,GPS_RAW_INT,,,,,,,,,,,,,,,,,,6,10
1790036591.1656625,ATTITUDE,,,,,,,,,,,,,,,-0.034327857196331024,-0.31654849648475647,1.6097416877746582,,
1790036591.167157,RAW_IMU,,,,,,,,,-167,1,-1004,113,326,-203,,,,,
1790036591.1860747,ATTITUDE,,,,,,,,,,,,,,,-0.03093113750219345,-0.31022804975509644,1.6056245565414429,,
1790036591.1873953,RAW_IMU,,,,,,,,,-169,0,-1002,108,325,-185,,,,,
1790036591.2064135,ATTITUDE,,,,,,,,,,,,,,,-0.02786543220281601,-0.3039531111717224,1.6018940210342407,,
1790036591.2072918,RAW_IMU,,,,,,,,,-170,0,-999,99,322,-168,,,,,
1790036591.2271028,ATTITUDE,,,,,,,,,,,,,,,-0.025055289268493652,-0.29776811599731445,1.5985559225082397,,
1790036591.2286088,RAW_IMU,,,,,,,,,-172,0,-997,92,317,-151,,,,,
1790036591.2473586,ATTITUDE,,,,,,,,,,,,,,,-0.022393742576241493,-0.2917138636112213,1.5956324338912964,,
1790036591.2493122,RAW_IMU,,,,,,,,,-174,0,-995,91,309,-134,,,,,
1790036591.2512572,GLOBAL_POSITION_INT,-35.3604156,149.168283,590.1,9.998,0.0,4.52,-0.01,91.38,,,,,,,,,,,
1790036591.2518396,GPS_RAW_INT,,,,,,,,,,,,,,,,,,6,10
1790036591.2680085,ATTITUDE,,,,,,,,,,,,,,,-0.0200037881731987,-0.285831481218338,1.5930562019348145,,
1790036591.269044,RAW_IMU,,,,,,,,,-175,0,-994,84,300,-118,,,,,
1790036591.2886288,ATTITUDE,,,,,,,,,,,,,,,-0.017835676670074463,-0.28013876080513,1.5908119678497314,,
1790036591.2913237,RAW_IMU,,,,,,,,,-177,0,-992,78,290,-103,,,,,
1790036591.3084636,ATTITUDE,,,,,,,,,,,,,,,-0.015857158228754997,-0.2746741771697998,1.5888768434524536,,
1790036591.3094058,RAW_IMU,,,,,,,,,-178,0,-991,74,278,-89,,,,,
1790036591.3284526,ATTITUDE,,,,,,,,,,,,,,,-0.014103217981755733,-0.26942315697669983,1.5872368812561035,,
1790036591.3303483,RAW_IMU,,,,,,,,,-179,0,-988,67,267,-75,,,,,
1790036591.348385,ATTITUDE,,,,,,,,,,,,,,,-0.012530017644166946,-0.2644161880016327,1.585868239402771,,
1790036591.3496323,RAW_IMU,,,,,,,,,-180,0,-988,62,255,-62,,,,,
1790036591.3515177,GLOBAL_POSITION_INT,-35.3604157,149.168288,590.1,9.999,0.01,4.61,-0.01,90.84,,,,,,,,,,,
1790036591.3525875,GPS_RAW_INT,,,,,,,,,,,,,,,,,,6,10
1790036591.3678453,ATTITUDE,,,,,,,,,,,,,,,-0.01113194040954113,-0.2597036361694336,1.5847457647323608,,
1790036591.3687506,RAW_IMU,,,,,,,,,-182,0,-987,57,240,-50,,,,,
1790036591.3931515,ATTITUDE,,,,,,,,,,,,,,,-0.00989602878689766,-0.2552482783794403,1.5838501453399658,,
1790036591.394484,RAW_IMU,,,,,,,,,-183,0,-985,52,227,-40,,,,,
1790036591.4083328,ATTITUDE,,,,,,,,,,,,,,,-0.008773943409323692,-0.25112828612327576,1.5831577777862549,,
1790036591.409783,RAW_IMU,,,,,,,,,-184,0,-985,50,210,-30,,,,,
1790036591.4283893,ATTITUDE,,,,,,,,,,,,,,,-0.007765841670334339,-0.24724659323692322,1.5826573371887207,,
1790036591.4294658,RAW_IMU,,,,,,,,,-184,0,-984,46,197,-21,,,,,
1790036591.4478722,ATTITUDE,,,,,,,,,,,,,,,-0.00684032728895545,-0.2436249554157257,1.582353115081787,,
1790036591.4492538,RAW_IMU,,,,,,,,,-185,0,-983,44,185,-13,,,,,
1790036591.450836,GLOBAL_POSITION_INT,-35.3604157,149.1682931,590.11,10.0,0.01,4.68,-0.01,90.65,,,,,,,,,,,
1790036591.4514892,GPS_RAW_INT,,,,,,,,,,,,,,,,,,6,10
1790036591.4678612,ATTITUDE,,,,,,,,,,,,,,,-0.006005378440022469,-0.2403041124343872,1.5821914672851562,,
1790036591.469323,RAW_IMU,,,,,,,,,-186,0,-982,41,170,-6,,,,,
1790036591.4884746,ATTITUDE,,,,,,,,,,,,,,,-0.005260988138616085,-0.23717769980430603,1.5821584463119507,,
1790036591.4900773,RAW_IMU,,,,,,,,,-187,0,-982,38,160,0,,,,,
1790036591.508641,ATTITUDE,,,,,,,,,,,,,,,-0.004580885171890259,-0.234315425157547,1.5822359323501587,,
1790036591.5099974,RAW_IMU,,,,,,,,,-188,0,-981,37,147,5,,,,,
1790036591.5276983,ATTITUDE,,,,,,,,,,,,,,,-0.004004923161119223,-0.23168928921222687,1.5824109315872192,,
1790036591.5291257,RAW_IMU,,,,,,,,,-188,0,-981,33,135,10,,,,,
1790036591.6240225,GLOBAL_POSITION_INT,-35.3604158,149.1683019,590.11,10.001,0.01,4.75,0.0,90.76,,,,,,,,,,,
1790036591.6309457,RAW_IMU,,,,,,,,,-190,0,-980,24,86,23,,,,,
1790036591.6342502,GPS_RAW_INT,,,,,,,,,,,,,,,,,,6,10
1790036592.043519,ATTITUDE,,,,,,,,,,,,,,,0.0007819750462658703,-0.21269018948078156,1.5894473791122437,,
1790036592.0437312,GLOBAL_POSITION_INT,-35.3604159,149.1683151,590.11,10.001,0.0,4.8,0.0,91.06,,,,,,,,,,,
1790036592.0454254,GPS_RAW_INT,,,,,,,,,,,,,,,,,,6,10
1790036592.0474558,RAW_IMU,,,,,,,,,-194,0,-980,12,13,17,,,,,
1790036592.0478516,RAW_IMU,,,,,,,,,-194,0,-980,12,12,16,,,,,
1790036592.0482862,RAW_IMU,,,,,,,,,-195,0,-980,12,12,14,,,,,
1790036592.0484676,ATTITUDE,,,,,,,,,,,,,,,0.0011658665025606751,-0.21220946311950684,1.5901165008544922,,
1790036592.0486875,RAW_IMU,,,,,,,,,-195,0,-980,11,12,13,,,,,
1790036592.0489423,ATTITUDE,,,,,,,,,,,,,,,0.0013001863844692707,-0.21204973757266998,1.590298056602478,,
1790036592.0491567,RAW_IMU,,,,,,,,,-195,0,-980,11,11,11,,,,,
1790036592.0493026,ATTITUDE,,,,,,,,,,,,,,,0.0014318234752863646,-0.21193206310272217,1.5904474258422852,,
1790036592.0494945,RAW_IMU,,,,,,,,,-195,0,-981,10,9,10,,,,,
1790036592.049641,ATTITUDE,,,,,,,,,,,,,,,0.0015612064162269235,-0.211855947971344,1.5905661582946777,,
1790036592.050174,RAW_IMU,,,,,,,,,-195,0,-980,10,7,8,,,,,
1790036592.050442,ATTITUDE,,,,,,,,,,,,,,,0.0016866057412698865,-0.21179170906543732,1.5906562805175781,,
1790036592.0506444,RAW_IMU,,,,,,,,,-196,0,-980,10,6,7,,,,,
1790036592.0507936,ATTITUDE,,,,,,,,,,,,,,,0.0018149242969229817,-0.21180912852287292,1.590720295906067,,
1790036592.0509942,RAW_IMU,,,,,,,,,-196,0,-980,9,3,6,,,,,
1790036592.0511358,ATTITUDE,,,,,,,,,,,,,,,0.001950704026967287,-0.21184004843235016,1.590772032737732,,
1790036592.051323,RAW_IMU,,,,,,,,,-196,0,-980,9,2,5,,,,,
1790036592.0514743,GLOBAL_POSITION_INT,-35.3604161,149.1683244,590.11,10.0,0.0,4.83,0.0,91.14,,,,,,,,,,,
1790036592.0516658,GPS_RAW_INT,,,,,,,,,,,,,,,,,,6,10
1790036592.0677319,ATTITUDE,,,,,,,,,,,,,,,0.00204258318990469,-0.2119475156068802,1.5907976627349854,,
1790036592.0686545,RAW_IMU,,,,,,,,,-196,0,-981,7,-1,3,,,,,
1790036592.088007,ATTITUDE,,,,,,,,,,,,,,,0.0021779758390039206,-0.21206098794937134,1.590803623199463,,
1790036592.08982,RAW_IMU,,,,,,,,,-196,0,-981,8,-1,3,,,,,
1790036592.108043,ATTITUDE,,,,,,,,,,,,,,,0.002233428182080388,-0.21216805279254913,1.5907936096191406,,
1790036592.1093836,RAW_IMU,,,,,,,,,-197,0,-981,5,-1,2,,,,,
1790036592.1377442,ATTITUDE,,,,,,,,,,,,,,,0.002271132543683052,-0.212270125746727,1.5907686948776245,,
1790036592.1388977,RAW_IMU,,,,,,,,,-197,0,-982,3,-1,1,,,,,
1790036592.1481533,ATTITUDE,,,,,,,,,,,,,,,0.002309623872861266,-0.2123677283525467,1.590728759765625,,
1790036592.149372,RAW_IMU,,,,,,,,,-197,0,-982,4,-1,1,,,,,
1790036592.1500676,GLOBAL_POSITION_INT,-35.3604161,149.1683298,590.1,9.999,-0.01,4.85,0.0,91.14,,,,,,,,,,,
1790036592.150671,GPS_RAW_INT,,,,,,,,,,,,,,,,,,6,10
1790036592.168378,ATTITUDE,,,,,,,,,,,,,,,0.002348193433135748,-0.2124699205160141,1.5906736850738525,,
1790036592.170206,RAW_IMU,,,,,,,,,-197,0,-981,4,-1,0,,,,,
1790036592.1884499,ATTITUDE,,,,,,,,,,,,,,,0.0023847713600844145,-0.21262842416763306,1.5906049013137817,,
1790036592.1896298,RAW_IMU,,,,,,,,,-197,0,-981,3,-4,0,,,,,
1790036592.203446,ATTITUDE,,,,,,,,,,,,,,,0.0024222740903496742,-0.21278072893619537,1.5905221700668335,,
1790036592.2054179,RAW_IMU,,,,,,,,,-197,0,-981,3,-4,0,,,,,
1790036592.2237601,ATTITUDE,,,,,,,,,,,,,,,0.0024654653389006853,-0.2129799872636795,1.5904316902160645,,
1790036592.225473,RAW_IMU,,,,,,,,,-197,0,-981,3,-5,-1,,,,,
1790036592.2439368,ATTITUDE,,,,,,,,,,,,,,,0.002488903934136033,-0.21321547031402588,1.5903419256210327,,
1790036592.2453418,RAW_IMU,,,,,,,,,-198,0,-982,2,-7,-1,,,,,
1790036592.2462678,GLOBAL_POSITION_INT,-35.3604161,149.1683351,590.1,9.998,-0.02,4.86,0.0,91.11,,,,,,,,,,,
1790036592.2476573,GPS_RAW_INT,,,,,,,,,,,,,,,,,,6,10
1790036592.264647,ATTITUDE,,,,,,,,,,,,,,,0.002551720477640629,-0.2134404331445694,1.5902416706085205,,
1790036592.265802,RAW_IMU,,,,,,,,,-198,0,-982,4,-7,-1,,,,,
1790036592.2848384,ATTITUDE,,,,,,,,,,,,,,,0.002531072124838829,-0.21369938552379608,1.5901376008987427,,
1790036592.2857084,RAW_IMU,,,,,,,,,-198,0,-982,0,-8,-2,,,,,
1790036592.304879,ATTITUDE,,,,,,,,,,,,,,,0.002508071716874838,-0.2139022797346115,1.5900315046310425,,
1790036592.306478,RAW_IMU,,,,,,,,,-198,0,-982,0,-6,-2,,,,,
1790036592.3238354,ATTITUDE,,,,,,,,,,,,,,,0.0024881791323423386,-0.21417786180973053,1.589924693107605,,
1790036592.3254375,RAW_IMU,,,,,,,,,-198,0,-982,0,-9,-2,,,,,
1790036592.3439734,ATTITUDE,,,,,,,,,,,,,,,0.0024680879432708025,-0.21436381340026855,1.589816927909851,,
1790036592.3450842,RAW_IMU,,,,,,,,,-198,0,-982,0,-6,-2,,,,,
1790036592.3467813,GLOBAL_POSITION_INT,-35.3604162,149.1683405,590.1,9.997,-0.02,4.88,0.0,91.08,,,,,,,,,,,
1790036592.3473935,GPS_RAW_INT,,,,,,,,,,,,,,,,,,6,10
1790036592.3637817,ATTITUDE,,,,,,,,,,,,,,,0.002449294552206993,-0.2146093100309372,1.5897096395492554,,
1790036592.3653157,RAW_IMU,,,,,,,,,-199,0,-981,0,-7,-1,,,,,
1790036592.3892162,ATTITUDE,,,,,,,,,,,,,,,0.0024296254850924015,-0.2147892564535141,1.5896022319793701,,
1790036592.3900392,RAW_IMU,,,,,,,,,-199,0,-981,0,-5,-1,,,,,
1790036592.4047465,ATTITUDE,,,,,,,,,,,,,,,0.0024096013512462378,-0.21502144634723663,1.5894957780838013,,
1790036592.4059699,RAW_IMU,,,,,,,,,-199,0,-981,0,-7,-1,,,,,
1790036592.4241633,ATTITUDE,,,,,,,,,,,,,,,0.0023803652729839087,-0.21519851684570312,1.5893933773040771,,
1790036592.4258435,RAW_IMU,,,,,,,,,-199,0,-982,0,-5,-1,,,,,
1790036592.4438694,ATTITUDE,,,,,,,,,,,,,,,0.002337452955543995,-0.21544109284877777,1.5892974138259888,,
1790036592.444844,RAW_IMU,,,,,,,,,-199,0,-982,0,-7,-1,,,,,
1790036592.445774,GLOBAL_POSITION_INT,-35.3604163,149.168346,590.1,9.997,-0.03,4.9,0.0,91.06,,,,,,,,,,,
1790036592.4466329,GPS_RAW_INT,,,,,,,,,,,,,,,,,,6,10
1790036592.463895,ATTITUDE,,,,,,,,,,,,,,,0.0022630798630416393,-0.21561293303966522,1.5892035961151123,,
1790036592.4652865,RAW_IMU,,,,,,,,,-199,0,-982,-2,-5,-1,,,,,
1790036592.4840014,ATTITUDE,,,,,,,,,,,,,,,0.0022216530051082373,-0.21582265198230743,1.5891116857528687,,
1790036592.485094,RAW_IMU,,,,,,,,,-200,0,-982,0,-6,-1,,,,,
1790036592.5045586,ATTITUDE,,,,,,,,,,,,,,,0.002096710493788123,-0.21599511802196503,1.5890265703201294,,
1790036592.5054169,RAW_IMU,,,,,,,,,-200,0,-982,-4,-5,0,,,,,
1790036592.5239882,ATTITUDE,,,,,,,,,,,,,,,0.0020409701392054558,-0.2161562591791153,1.5889439582824707,,
1790036592.5254462,RAW_IMU,,,,,,,,,-200,0,-982,-1,-3,0,,,,,
1790036592.5440784,ATTITUDE,,,,,,,,,,,,,,,0.0019088203553110361,-0.216305673122406,1.5888687372207642,,
1790036592.5451338,RAW_IMU,,,,,,,,,-200,0,-982,-4,-4,0,,,,,
1790036592.5461292,GLOBAL_POSITION_INT,-35.3604163,149.1683514,590.1,9.996,-0.03,4.92,0.0,91.03,,,,,,,,,,,
1790036592.547166,GPS_RAW_INT,,,,,,,,,,,,,,,,,,6,10
1790036592.563818,ATTITUDE,,,,,,,,,,,,,,,0.00180763506796211,-0.21642467379570007,1.588796854019165,,
1790036592.564836,RAW_IMU,,,,,,,,,-200,0,-982,-3,-2,0,,,,,
1790036592.584153,ATTITUDE,,,,,,,,,,,,,,,0.0017020788509398699,-0.21656060218811035,1.5887303352355957,,
1790036592.5860665,RAW_IMU,,,,,,,,,-200,0,-982,-2,-3,0,,,,,
1790036592.6049213,ATTITUDE,,,,,,,,,,,,,,,0.0015886203618720174,-0.21668201684951782,1.5886712074279785,,
1790036592.6068032,RAW_IMU,,,,,,,,,-201,0,-982,-3,-2,0,,,,,
1790036592.635135,ATTITUDE,,,,,,,,,,,,,,,0.0014819316565990448,-0.21686698496341705,1.588621735572815,,
1790036592.6358,RAW_IMU,,,,,,,,,-201,0,-982,-3,-5,1,,,,,
1790036592.6461875,ATTITUDE,,,,,,,,,,,,,,,0.0013839907478541136,-0.217047780752182,1.5885868072509766,,
1790036592.6479661,RAW_IMU,,,,,,,,,-201,0,-982,-2,-5,1,,,,,
1790036592.6488867,GLOBAL_POSITION_INT,-35.3604164,149.1683569,590.1,9.996,-0.04,4.93,0.0,91.01,,,,,,,,,,,
1790036592.6499078,GPS_RAW_INT,,,,,,,,,,,,,,,,,,6,10
1790036592.6660848,ATTITUDE,,,,,,,,,,,,,,,0.0012730350717902184,-0.21721971035003662,1.588559865951538,,
1790036592.667524,RAW_IMU,,,,,,,,,-201,0,-981,-3,-4,1,,,,,
1790036592.6857376,ATTITUDE,,,,,,,,,,,,,,,0.0011485812719911337,-0.21738336980342865,1.5885369777679443,,
1790036592.686919,RAW_IMU,,,,,,,,,-201,0,-981,-3,-4,2,,,,,
1790036592.7057917,ATTITUDE,,,,,,,,,,,,,,,0.0009910310618579388,-0.21749767661094666,1.5885214805603027,,
1790036592.7075453,RAW_IMU,,,,,,,,,-201,0,-981,-5,-2,2,,,,,
1790036592.7259765,ATTITUDE,,,,,,,,,,,,,,,0.0008518574177287519,-0.2176322489976883,1.5885090827941895,,
1790036592.7276218,RAW_IMU,,,,,,,,,-201,0,-982,-4,-2,2,,,,,
1790036592.7457097,ATTITUDE,,,,,,,,,,,,,,,0.0006612170254811645,-0.21769651770591736,1.5884987115859985,,
1790036592.7471433,RAW_IMU,,,,,,,,,-202,0,-982,-6,0,2,,,,,
1790036592.7483575,GLOBAL_POSITION_INT,-35.3604165,149.1683624,590.1,9.996,-0.04,4.95,0.0,91.01,,,,,,,,,,,
1790036592.7492537,GPS_RAW_INT,,,,,,,,,,,,,,,,,,6,10
1790036592.7646303,ATTITUDE,,,,,,,,,,,,,,,0.0005272880080156028,-0.21778720617294312,1.5884859561920166,,
1790036592.76612,RAW_IMU,,,,,,,,,-202,0,-981,-4,0,2,,,,,
1790036592.7846313,ATTITUDE,,,,,,,,,,,,,,,0.00035870130523107946,-0.21782144904136658,1.588474988937378,,
1790036592.7857268,RAW_IMU,,,,,,,,,-202,0,-981,-4,1,2,,,,,
1790036592.8052447,ATTITUDE,,,,,,,,,,,,,,,0.00020366281387396157,-0.21787844598293304,1.5884642601013184,,
1790036592.8069034,RAW_IMU,,,,,,,,,-202,0,-981,-5,1,3,,,,,
1790036592.8257492,ATTITUDE,,,,,,,,,,,,,,,6.791654595872387e-05,-0.2179102748632431,1.5884538888931274,,
1790036592.8268368,RAW_IMU,,,,,,,,,-202,0,-981,-3,1,2,,,,,
1790036592.8455644,ATTITUDE,,,,,,,,,,,,,,,-9.893311653286219e-05,-0.2179340124130249,1.5884486436843872,,
1790036592.8468692,RAW_IMU,,,,,,,,,-202,0,-981,-6,2,3,,,,,
1790036592.847808,GLOBAL_POSITION_INT,-35.3604166,149.1683679,590.1,9.995,-0.05,4.97,0.0,91.01,,,,,,,,,,,
1790036592.8488374,GPS_RAW_INT,,,,,,,,,,,,,,,,,,6,10
1790036592.8658857,ATTITUDE,,,,,,,,,,,,,,,-0.00020470978051889688,-0.21796748042106628,1.5884394645690918,,
1790036592.8675532,RAW_IMU,,,,,,,,,-203,0,-981,-2,1,2,,,,,
1790036592.8914502,ATTITUDE,,,,,,,,,,,,,,,-0.00038725926424376667,-0.2179577648639679,1.588431477546692,,
1790036592.8952012,RAW_IMU,,,,,,,,,-203,0,-981,-6,4,3,,,,,
1790036592.908909,ATTITUDE,,,,,,,,,,,,,,,-0.0004995919298380613,-0.21798290312290192,1.5884196758270264,,
1790036592.911943,RAW_IMU,,,,,,,,,-203,0,-981,-3,2,2,,,,,
1790036592.92449,ATTITUDE,,,,,,,,,,,,,,,-0.0006934349657967687,-0.21790872514247894,1.588410496711731,,
1790036592.9257982,RAW_IMU,,,,,,,,,-203,0,-981,-6,7,2,,,,,
1790036592.9447062,ATTITUDE,,,,,,,,,,,,,,,-0.0008110786438919604,-0.21788635849952698,1.58839750289917,,
1790036592.9470482,RAW_IMU,,,,,,,,,-203,0,-981,-3,4,2,,,,,
1790036592.9480896,GLOBAL_POSITION_INT,-35.3604167,149.1683735,590.1,9.995,-0.05,4.99,0.0,91.0,,,,,,,,,,,
1790036592.9492242,GPS_RAW_INT,,,,,,,,,,,,,,,,,,6,10
1790036592.9659925,ATTITUDE,,,,,,,,,,,,,,,-0.0010092930169776082,-0.21777287125587463,1.588386058807373,,
1790036592.967828,RAW_IMU,,,,,,,,,-203,0,-981,-6,8,2,,,,,
1790036592.9872148,ATTITUDE,,,,,,,,,,,,,,,-0.0011361519573256373,-0.2177315056324005,1.588371753692627,,
1790036592.98948,RAW_IMU,,,,,,,,,-204,0,-980,-4,5,2,,,,,
1790036593.0080585,ATTITUDE,,,,,,,,,,,,,,,-0.0013239661930128932,-0.21759997308254242,1.5883578062057495,,
1790036593.0098126,RAW_IMU,,,,,,,,,-204,0,-980,-5,9,2,,,,,
1790036593.0277064,ATTITUDE,,,,,,,,,,,,,,,-0.0014398305211216211,-0.21754054725170135,1.5883433818817139,,
1790036593.0295014,RAW_IMU,,,,,,,,,-204,0,-981,-3,7,2,,,,,
1790036593.0475733,ATTITUDE,,,,,,,,,,,,,,,-0.0015628281980752945,-0.21743658185005188,1.5883313417434692,,
1790036593.0495486,RAW_IMU,,,,,,,,,-204,0,-980,-3,8,2,,,,,
1790036593.0503654,GLOBAL_POSITION_INT,-35.3604167,149.168379,590.1,9.996,-0.05,5.0,0.0,91.0,,,,,,,,,,,
1790036593.0512085,GPS_RAW_INT,,,,,,,,,,,,,,,,,,6,10
1790036593.0677361,ATTITUDE,,,,,,,,,,,,,,,-0.0017072632908821106,-0.21737729012966156,1.5883184671401978,,
1790036593.0691228,RAW_IMU,,,,,,,,,-204,0,-980,-4,7,2,,,,,
1790036593.089078,ATTITUDE,,,,,,,,,,,,,,,-0.0018465500324964523,-0.21730640530586243,1.5883020162582397,,
1790036593.0914054,RAW_IMU,,,,,,,,,-204,0,-980,-4,6,2,,,,,
1790036593.105488,ATTITUDE,,,,,,,,,,,,,,,-0.00197733286768198,-0.21721181273460388,1.588282823562622,,
1790036593.1064632,RAW_IMU,,,,,,,,,-204,0,-980,-3,8,2,,,,,
1790036593.140742,ATTITUDE,,,,,,,,,,,,,,,-0.0021034548990428448,-0.2171494960784912,1.5882623195648193,,
1790036593.1417305,RAW_IMU,,,,,,,,,-204,0,-980,-3,6,2,,,,,
1790036593.1467361,ATTITUDE,,,,,,,,,,,,,,,-0.0022243326529860497,-0.21702903509140015,1.5882389545440674,,
1790036593.148313,RAW_IMU,,,,,,,,,-204,0,-980,-3,9,2,,,,,
1790036593.1493995,GLOBAL_POSITION_INT,-35.3604168,149.1683846,590.1,9.996,-0.05,5.01,0.0,90.99,,,,,,,,,,,
1790036593.1503282,GPS_RAW_INT,,,,,,,,,,,,,,,,,,6,10
1790036593.1675496,ATTITUDE,,,,,,,,,,,,,,,-0.0023394066374748945,-0.216971293091774,1.5882132053375244,,
1790036593.1691134,RAW_IMU,,,,,,,,,-205,0,-980,-3,6,2,,,,,
1790036593.187643,ATTITUDE,,,,,,,,,,,,,,,-0.002450650790706277,-0.21686828136444092,1.5881866216659546,,
1790036593.1892173,RAW_IMU,,,,,,,,,-205,0,-980,-2,8,2,,,,,
1790036593.2080028,ATTITUDE,,,,,,,,,,,,,,,-0.002558236476033926,-0.2167655974626541,1.5881590843200684,,
1790036593.2091868,RAW_IMU,,,,,,,,,-205,0,-979,-2,8,2,,,,,
1790036593.2285955,ATTITUDE,,,,,,,,,,,,,,,-0.0026589431799948215,-0.21666878461837769,1.5881322622299194,,
1790036593.2304072,RAW_IMU,,,,,,,,,-205,0,-979,-2,8,2,,,,,
1790036593.2490199,ATTITUDE,,,,,,,,,,,,,,,-0.0027552505489438772,-0.21658003330230713,1.588108777999878,,
1790036593.2501538,RAW_IMU,,,,,,,,,-205,0,-979,-2,8,2,,,,,
1790036593.251617,GLOBAL_POSITION_INT,-35.3604169,149.1683901,590.1,9.996,-0.05,5.03,0.0,90.99,,,,,,,,,,,
1790036593.2533767,GPS_RAW_INT,,,,,,,,,,,,,,,,,,6,10
1790036593.2689881,ATTITUDE,,,,,,,,,,,,,,,-0.0028783378656953573,-0.21649381518363953,1.588087558746338,,
1790036593.2708483,RAW_IMU,,,,,,,,,-205,0,-980,-3,7,2,,,,,
1790036593.2889912,ATTITUDE,,,,,,,,,,,,,,,-0.002998297568410635,-0.2164120227098465,1.5880662202835083,,
1790036593.2907164,RAW_IMU,,,,,,,,,-205,0,-979,-3,7,2,,,,,
1790036593.309252,ATTITUDE,,,,,,,,,,,,,,,-0.0031110732816159725,-0.21633493900299072,1.5880444049835205,,
1790036593.3103855,RAW_IMU,,,,,,,,,-205,0,-980,-3,7,2,,,,,
1790036593.3288944,ATTITUDE,,,,,,,,,,,,,,,-0.0032253663521260023,-0.21626096963882446,1.5880235433578491,,
1790036593.3302367,RAW_IMU,,,,,,,,,-206,0,-979,-2,7,2,,,,,
1790036593.3489704,ATTITUDE,,,,,,,,,,,,,,,-0.003349224803969264,-0.21619059145450592,1.588002324104309,,
1790036593.3504572,RAW_IMU,,,,,,,,,-206,0,-979,-3,7,2,,,,,
1790036593.3513968,GLOBAL_POSITION_INT,-35.360417,149.1683957,590.1,9.996,-0.05,5.04,0.0,90.98,,,,,,,,,,,
1790036593.3521016,GPS_RAW_INT,,,,,,,,,,,,,,,,,,6,10
1790036593.3688529,ATTITUDE,,,,,,,,,,,,,,,-0.003468467853963375,-0.21612322330474854,1.5879814624786377,,
1790036593.3701215,RAW_IMU,,,,,,,,,-206,0,-979,-3,6,2,,,,,
1790036593.390981,ATTITUDE,,,,,,,,,,,,,,,-0.0035820971243083477,-0.21604181826114655,1.5879590511322021,,
1790036593.3929584,RAW_IMU,,,,,,,,,-206,0,-980,-2,7,2,,,,,
1790036593.4099786,ATTITUDE,,,,,,,,,,,,,,,-0.0036922369617968798,-0.21592533588409424,1.5879356861114502,,
1790036593.41145,RAW_IMU,,,,,,,,,-206,0,-979,-2,9,2,,,,,
1790036593.4242253,ATTITUDE,,,,,,,,,,,,,,,-0.0037960116751492023,-0.21581542491912842,1.5879132747650146,,
1790036593.4257722,RAW_IMU,,,,,,,,,-206,0,-979,-2,9,2,,,,,
1790036593.44383,ATTITUDE,,,,,,,,,,,,,,,-0.0038909269496798515,-0.2157130241394043,1.5878924131393433,,
1790036593.4461355,RAW_IMU,,,,,,,,,-206,0,-979,-2,8,2,,,,,
1790036593.44699,GLOBAL_POSITION_INT,-35.3604171,149.1684013,590.1,9.996,-0.05,5.05,0.0,90.97,,,,,,,,,,,
1790036593.4479647,GPS_RAW_INT,,,,,,,,,,,,,,,,,,6,10
1790036593.464318,ATTITUDE,,,,,,,,,,,,,,,-0.0039813341572880745,-0.21561427414417267,1.5878698825836182,,
1790036593.4655771,RAW_IMU,,,,,,,,,-206,0,-979,-1,8,2,,,,,
1790036593.4842296,ATTITUDE,,,,,,,,,,,,,,,-0.004068481270223856,-0.21552102267742157,1.5878485441207886,,
1790036593.485325,RAW_IMU,,,,,,,,,-206,0,-979,-1,8,2,,,,,
1790036593.5040898,ATTITUDE,,,,,,,,,,,,,,,-0.004151612054556608,-0.21543177962303162,1.5878275632858276,,
1790036593.505686,RAW_IMU,,,,,,,,,-207,0,-979,-1,7,2,,,,,
1790036593.5239172,ATTITUDE,,,,,,,,,,,,,,,-0.004232179373502731,-0.21534766256809235,1.5878063440322876,,
1790036593.5251417,RAW_IMU,,,,,,,,,-207,0,-979,-1,7,2,,,,,
1790036593.543805,ATTITUDE,,,,,,,,,,,,,,,-0.004309633281081915,-0.21525219082832336,1.5877840518951416,,
1790036593.545507,RAW_IMU,,,,,,,,,-207,0,-980,-1,7,2,,,,,
1790036593.5466132,GLOBAL_POSITION_INT,-35.3604171,149.1684069,590.1,9.997,-0.05,5.06,0.0,90.97,,,,,,,,,,,
1790036593.5474637,GPS_RAW_INT,,,,,,,,,,,,,,,,,,6,10
1790036593.5688338,ATTITUDE,,,,,,,,,,,,,,,-0.004383285995572805,-0.21493832767009735,1.5877609252929688,,
1790036593.5700424,RAW_IMU,,,,,,,,,-207,0,-980,0,17,2,,,,,
1790036593.58875,ATTITUDE,,,,,,,,,,,,,,,-0.004454516805708408,-0.21427488327026367,1.5877361297607422,,
1790036593.5899565,RAW_IMU,,,,,,,,,-207,0,-979,0,34,2,,,,,
1790036593.6100292,ATTITUDE,,,,,,,,,,,,,,,-0.004523333162069321,-0.21305209398269653,1.5877090692520142,,
1790036593.611191,RAW_IMU,,,,,,,,,-207,0,-979,0,61,2,,,,,
1790036593.6393616,ATTITUDE,,,,,,,,,,,,,,,-0.004586666822433472,-0.21108689904212952,1.587679147720337,,
1790036593.639957,RAW_IMU,,,,,,,,,-207,0,-980,0,98,2,,,,,
1790036593.6444895,ATTITUDE,,,,,,,,,,,,,,,-0.004636744502931833,-0.20833301544189453,1.5876466035842896,,
1790036593.6462648,RAW_IMU,,,,,,,,,-207,0,-980,0,138,2,,,,,
1790036593.6470163,GLOBAL_POSITION_INT,-35.3604172,149.1684125,590.1,9.997,-0.04,5.06,0.0,90.96,,,,,,,,,,,
1790036593.6479065,GPS_RAW_INT,,,,,,,,,,,,,,,,,,6,10
1790036593.664413,ATTITUDE,,,,,,,,,,,,,,,-0.004612251650542021,-0.20472492277622223,1.5876089334487915,,
1790036593.6651752,RAW_IMU,,,,,,,,,-208,0,-980,3,180,2,,,,,
1790036593.6845884,ATTITUDE,,,,,,,,,,,,,,,-0.004627096001058817,-0.20019395649433136,1.5875680446624756,,
1790036593.6857913,RAW_IMU,,,,,,,,,-208,0,-980,1,226,2,,,,,
1790036593.7056084,ATTITUDE,,,,,,,,,,,,,,,-0.004556204192340374,-0.1946948766708374,1.5875238180160522,,
1790036593.7074203,RAW_IMU,,,,,,,,,-208,0,-980,5,275,2,,,,,
1790036593.7253916,ATTITUDE,,,,,,,,,,,,,,,-0.00448499945923686,-0.18827703595161438,1.5874749422073364,,
1790036593.7267952,RAW_IMU,,,,,,,,,-208,0,-980,6,321,2,,,,,
1790036593.7454424,ATTITUDE,,,,,,,,,,,,,,,-0.004416869021952152,-0.18092165887355804,1.58742356300354,,
1790036593.7465105,RAW_IMU,,,,,,,,,-208,0,-981,6,368,2,,,,,
1790036593.7473412,GLOBAL_POSITION_INT,-35.3604173,149.1684181,590.1,9.997,-0.04,5.05,0.0,90.95,,,,,,,,,,,
1790036593.747937,GPS_RAW_INT,,,,,,,,,,,,,,,,,,6,10
1790036593.766148,ATTITUDE,,,,,,,,,,,,,,,-0.004296275787055492,-0.1727076917886734,1.5873702764511108,,
1790036593.7671227,RAW_IMU,,,,,,,,,-208,0,-980,8,412,3,,,,,
1790036593.785967,ATTITUDE,,,,,,,,,,,,,,,-0.004164205398410559,-0.1636962741613388,1.5873147249221802,,
1790036593.7869518,RAW_IMU,,,,,,,,,-208,0,-981,9,451,3,,,,,
1790036593.80665,ATTITUDE,,,,,,,,,,,,,,,-0.004034026991575956,-0.15390388667583466,1.5872584581375122,,
1790036593.8077977,RAW_IMU,,,,,,,,,-208,0,-981,9,490,3,,,,,
1790036593.8266723,ATTITUDE,,,,,,,,,,,,,,,-0.0038955083582550287,-0.14339040219783783,1.5871994495391846,,
1790036593.827506,RAW_IMU,,,,,,,,,-208,0,-981,9,527,3,,,,,
1790036593.8466263,ATTITUDE,,,,,,,,,,,,,,,-0.003749802941456437,-0.13227029144763947,1.5871392488479614,,
1790036593.8477225,RAW_IMU,,,,,,,,,-208,0,-982,9,558,3,,,,,
1790036593.8493962,GLOBAL_POSITION_INT,-35.3604173,149.1684237,590.1,9.998,-0.04,5.0,0.0,90.93,,,,,,,,,,,
1790036593.8503995,GPS_RAW_INT,,,,,,,,,,,,,,,,,,6,10
1790036593.8667305,ATTITUDE,,,,,,,,,,,,,,,-0.0035494056064635515,-0.12053962051868439,1.5870789289474487,,
1790036593.8680813,RAW_IMU,,,,,,,,,-207,0,-982,12,588,3,,,,,
1790036593.8921752,ATTITUDE,,,,,,,,,,,,,,,-0.0033575063571333885,-0.10826880484819412,1.587020754814148,,
1790036593.8941128,RAW_IMU,,,,,,,,,-207,0,-983,12,615,3,,,,,
1790036593.908519,ATTITUDE,,,,,,,,,,,,,,,-0.003175996243953705,-0.09552939236164093,1.5869654417037964,,
1790036593.9103546,RAW_IMU,,,,,,,,,-206,0,-983,11,639,3,,,,,
1790036593.9287238,ATTITUDE,,,,,,,,,,,,,,,-0.0030032172799110413,-0.08243054151535034,1.5869110822677612,,
1790036593.930639,RAW_IMU,,,,,,,,,-205,0,-984,11,657,3,,,,,
1790036593.9488149,ATTITUDE,,,,,,,,,,,,,,,-0.0028389610815793276,-0.06899901479482651,1.5868587493896484,,
1790036593.9500985,RAW_IMU,,,,,,,,,-204,0,-986,11,674,3,,,,,
1790036593.95091,GLOBAL_POSITION_INT,-35.3604174,149.1684292,590.1,9.999,-0.04,4.9,0.0,90.92,,,,,,,,,,,
1790036593.9525461,GPS_RAW_INT,,,,,,,,,,,,,,,,,,6,10
1790036593.9686415,ATTITUDE,,,,,,,,,,,,,,,-0.0026719998568296432,-0.05528468266129494,1.5868092775344849,,
1790036593.9701364,RAW_IMU,,,,,,,,,-203,0,-987,11,688,3,,,,,
1790036593.9888294,ATTITUDE,,,,,,,,,,,,,,,-0.002465327037498355,-0.04132027179002762,1.5867613554000854,,
1790036593.989998,RAW_IMU,,,,,,,,,-201,0,-988,13,700,3,,,,,
1790036594.0093906,ATTITUDE,,,,,,,,,,,,,,,-0.0022973837330937386,-0.027116185054183006,1.5867172479629517,,
1790036594.0112689,RAW_IMU,,,,,,,,,-200,0,-990,11,713,3,,,,,
1790036594.0281057,ATTITUDE,,,,,,,,,,,,,,,-0.0020610284991562366,-0.012747300788760185,1.5866715908050537,,
1790036594.0293975,RAW_IMU,,,,,,,,,-198,0,-992,14,721,3,,,,,
1790036594.0480852,ATTITUDE,,,,,,,,,,,,,,,-0.0018851308850571513,0.0017725187353789806,1.5866284370422363,,
1790036594.0490565,RAW_IMU,,,,,,,,,-196,0,-994,11,729,3,,,,,
1790036594.0499604,GLOBAL_POSITION_INT,-35.3604174,149.1684345,590.1,9.999,-0.03,4.74,0.0,90.9,,,,,,,,,,,
1790036594.05065,GPS_RAW_INT,,,,,,,,,,,,,,,,,,6,10
1790036594.0679798,ATTITUDE,,,,,,,,,,,,,,,-0.0016234852373600006,0.016257382929325104,1.5865886211395264,,
1790036594.069413,RAW_IMU,,,,,,,,,-194,0,-996,15,728,3,,,,,
1790036594.0887358,ATTITUDE,,,,,,,,,,,,,,,-0.0014254845445975661,0.030426882207393646,1.5865561962127686,,
1790036594.0898297,RAW_IMU,,,,,,,,,-191,0,-998,13,713,3,,,,,
1790036594.1089132,ATTITUDE,,,,,,,,,,,,,,,-0.00123588799033314,0.04409438371658325,1.5865278244018555,,
1790036594.1105046,RAW_IMU,,,,,,,,,-189,0,-1001,12,688,3,,,,,
1790036594.143484,ATTITUDE,,,,,,,,,,,,,,,-0.0010194566566497087,0.057121071964502335,1.5865029096603394,,
1790036594.145177,RAW_IMU,,,,,,,,,-186,0,-1005,13,657,3,,,,,
1790036594.1486247,ATTITUDE,,,,,,,,,,,,,,,-0.0008141248836182058,0.06934751570224762,1.586482048034668,,
1790036594.1495585,RAW_IMU,,,,,,,,,-183,0,-1007,13,617,3,,,,,
1790036594.1506243,GLOBAL_POSITION_INT,-35.3604175,149.1684396,590.1,9.999,-0.03,4.52,0.0,90.89,,,,,,,,,,,
1790036594.1520023,GPS_RAW_INT,,,,,,,,,,,,,,,,,,6,10
1790036594.1687944,ATTITUDE,,,,,,,,,,,,,,,-0.0006794801447540522,0.08068995177745819,1.5864648818969727,,
1790036594.1698189,RAW_IMU,,,,,,,,,-180,0,-1010,10,573,3,,,,,
1790036594.1888394,ATTITUDE,,,,,,,,,,,,,,,-0.0005604345933534205,0.09109136462211609,1.5864529609680176,,
1790036594.1897523,RAW_IMU,,,,,,,,,-177,0,-1013,9,526,3,,,,,
1790036594.209391,ATTITUDE,,,,,,,,,,,,,,,-0.00040059187449514866,0.1005697175860405,1.5864410400390625,,
1790036594.210645,RAW_IMU,,,,,,,,,-174,0,-1016,11,479,3,,,,,
1790036594.2287323,ATTITUDE,,,,,,,,,,,,,,,-0.0002487368765287101,0.10910501331090927,1.5864307880401611,,
1790036594.229866,RAW_IMU,,,,,,,,,-171,0,-1019,11,433,3,,,,,
1790036594.2486534,ATTITUDE,,,,,,,,,,,,,,,-0.00016890927508939058,0.11668210476636887,1.5864365100860596,,
1790036594.2500675,RAW_IMU,,,,,,,,,-168,0,-1022,7,385,3,,,,,
1790036594.251462,GLOBAL_POSITION_INT,-35.3604175,149.1684445,590.1,9.998,-0.03,4.26,0.01,90.89,,,,,,,,,,,
1790036594.2529778,GPS_RAW_INT,,,,,,,,,,,,,,,,,,6,10
1790036594.2639744,ATTITUDE,,,,,,,,,,,,,,,-8.547487232135609e-05,0.12339258193969727,1.5864437818527222,,
1790036594.265201,RAW_IMU,,,,,,,,,-165,0,-1023,7,341,3,,,,,
1790036594.2888381,ATTITUDE,,,,,,,,,,,,,,,2.2915830413694493e-05,0.12928517162799835,1.5864521265029907,,
1790036594.2907486,RAW_IMU,,,,,,,,,-162,0,-1026,8,300,3,,,,,
1790036594.3035188,ATTITUDE,,,,,,,,,,,,,,,0.00013515734462998807,0.13438677787780762,1.5864601135253906,,
1790036594.304512,RAW_IMU,,,,,,,,,-159,0,-1028,8,260,3,,,,,
1790036594.3242111,ATTITUDE,,,,,,,,,,,,,,,0.00020444023539312184,0.13882337510585785,1.586465835571289,,
1790036594.3257203,RAW_IMU,,,,,,,,,-155,0,-1029,6,227,3,,,,,
1790036594.3436859,ATTITUDE,,,,,,,,,,,,,,,0.0002459445677231997,0.14263607561588287,1.5864719152450562,,
1790036594.345913,RAW_IMU,,,,,,,,,-152,0,-1031,5,196,3,,,,,
1790036594.3468115,GLOBAL_POSITION_INT,-35.3604176,149.168449,590.1,9.997,-0.02,3.97,0.01,90.89,,,,,,,,,,,
1790036594.347684,GPS_RAW_INT,,,,,,,,,,,,,,,,,,6,10
1790036594.3637846,ATTITUDE,,,,,,,,,,,,,,,0.0002911666815634817,0.14589659869670868,1.5864760875701904,,
1790036594.364848,RAW_IMU,,,,,,,,,-149,0,-1032,5,168,3,,,,,
1790036594.3896203,ATTITUDE,,,,,,,,,,,,,,,0.00033420880208723247,0.1486251950263977,1.586474895477295,,
1790036594.3913805,RAW_IMU,,,,,,,,,-146,0,-1033,5,141,3,,,,,
1790036594.403804,ATTITUDE,,,,,,,,,,,,,,,0.0003929724043700844,0.15096379816532135,1.5864707231521606,,
1790036594.405785,RAW_IMU,,,,,,,,,-143,0,-1035,6,121,3,,,,,
1790036594.423873,ATTITUDE,,,,,,,,,,,,,,,0.00044768492807634175,0.15291517972946167,1.5864617824554443,,
1790036594.4248078,RAW_IMU,,,,,,,,,-140,0,-1035,6,102,3,,,,,
1790036594.4440925,ATTITUDE,,,,,,,,,,,,,,,0.0005040616961196065,0.15451984107494354,1.5864719152450562,,
1790036594.4453962,RAW_IMU,,,,,,,,,-137,0,-1035,5,85,3,,,,,
1790036594.4464543,GLOBAL_POSITION_INT,-35.3604176,149.1684532,590.1,9.996,-0.02,3.69,0.01,90.89,,,,,,,,,,,
1790036594.447369,GPS_RAW_INT,,,,,,,,,,,,,,,,,,6,10
1790036594.4643364,ATTITUDE,,,,,,,,,,,,,,,0.0005569143686443567,0.1559055745601654,1.5864801406860352,,
1790036594.4658675,RAW_IMU,,,,,,,,,-134,0,-1035,5,74,2,,,,,
1790036594.4841743,ATTITUDE,,,,,,,,,,,,,,,0.0006065383786335588,0.15709103643894196,1.5864818096160889,,
1790036594.4853902,RAW_IMU,,,,,,,,,-132,0,-1035,5,64,2,,,,,
1790036594.5047967,ATTITUDE,,,,,,,,,,,,,,,0.0006534723797813058,0.15808403491973877,1.586479902267456,,
1790036594.5065258,RAW_IMU,,,,,,,,,-129,0,-1035,5,54,2,,,,,
1790036594.524492,ATTITUDE,,,,,,,,,,,,,,,0.0006628915434703231,0.15899907052516937,1.5864715576171875,,
1790036594.525298,RAW_IMU,,,,,,,,,-126,0,-1036,4,49,2,,,,,
1790036594.5444803,ATTITUDE,,,,,,,,,,,,,,,0.0007289412897080183,0.1598418802022934,1.5864590406417847,,
1790036594.545527,RAW_IMU,,,,,,,,,-123,0,-1036,6,46,2,,,,,
1790036594.546933,GLOBAL_POSITION_INT,-35.3604177,149.1684572,590.1,9.995,-0.02,3.41,0.01,90.89,,,,,,,,,,,
1790036594.5477395,GPS_RAW_INT,,,,,,,,,,,,,,,,,,6,10
1790036594.5643444,ATTITUDE,,,,,,,,,,,,,,,0.0007234003860503435,0.16061708331108093,1.58644437789917,,
1790036594.5660183,RAW_IMU,,,,,,,,,-121,0,-1036,3,42,2,,,,,
1790036594.5845957,ATTITUDE,,,,,,,,,,,,,,,0.000775269465520978,0.16136352717876434,1.5864226818084717,,
1790036594.5862978,RAW_IMU,,,,,,,,,-118,0,-1036,5,41,2,,,,,
1790036594.6058147,ATTITUDE,,,,,,,,,,,,,,,0.0007946461555548012,0.16212257742881775,1.586398720741272,,
1790036594.606916,RAW_IMU,,,,,,,,,-115,0,-1035,5,41,1,,,,,
1790036594.6391752,ATTITUDE,,,,,,,,,,,,,,,0.0008239166345447302,0.1628892570734024,1.5863704681396484,,
1790036594.640175,RAW_IMU,,,,,,,,,-113,0,-1036,4,42,1,,,,,
1790036594.6463447,ATTITUDE,,,,,,,,,,,,,,,0.0008581518777646124,0.16366955637931824,1.5863566398620605,,
1790036594.6477973,RAW_IMU,,,,,,,,,-110,0,-1035,5,43,1,,,,,
1790036594.6488996,GLOBAL_POSITION_INT,-35.3604177,149.1684608,590.1,9.994,-0.02,3.13,0.0,90.89,,,,,,,,,,,
1790036594.649846,GPS_RAW_INT,,,,,,,,,,,,,,,,,,6,10
1790036594.6666982,ATTITUDE,,,,,,,,,,,,,,,0.0008770362474024296,0.1644899547100067,1.5863460302352905,,
1790036594.6688664,RAW_IMU,,,,,,,,,-108,0,-1035,4,45,2,,,,,
1790036594.6868622,ATTITUDE,,,,,,,,,,,,,,,0.0009279702208004892,0.16534747183322906,1.586333990097046,,
1790036594.6879244,RAW_IMU,,,,,,,,,-105,0,-1035,5,47,2,,,,,
1790036594.706987,ATTITUDE,,,,,,,,,,,,,,,0.0009754165075719357,0.16629602015018463,1.5863231420516968,,
1790036594.70886,RAW_IMU,,,,,,,,,-103,0,-1035,5,51,2,,,,,
1790036594.7270129,ATTITUDE,,,,,,,,,,,,,,,0.0010222127893939614,0.1672726720571518,1.5863122940063477,,
1790036594.7283309,RAW_IMU,,,,,,,,,-101,0,-1035,5,53,2,,,,,
1790036594.7469594,ATTITUDE,,,,,,,,,,,,,,,0.001067055040039122,0.168356791138649,1.5863059759140015,,
1790036594.7480993,RAW_IMU,,,,,,,,,-98,0,-1034,5,58,2,,,,,
1790036594.748867,GLOBAL_POSITION_INT,-35.3604177,149.1684642,590.1,9.994,-0.02,2.87,0.0,90.88,,,,,,,,,,,
1790036594.7496037,GPS_RAW_INT,,,,,,,,,,,,,,,,,,6,10
1790036594.7667313,ATTITUDE,,,,,,,,,,,,,,,0.001108215656131506,0.16947828233242035,1.586296796798706,,
1790036594.768502,RAW_IMU,,,,,,,,,-96,0,-1035,5,60,2,,,,,
1790036594.7869425,ATTITUDE,,,,,,,,,,,,,,,0.0011488344753161073,0.17068587243556976,1.5862888097763062,,
1790036594.7881072,RAW_IMU,,,,,,,,,-94,0,-1034,5,64,2,,,,,
1790036594.807315,ATTITUDE,,,,,,,,,,,,,,,0.0011873285984620452,0.17194251716136932,1.5862822532653809,,
1790036594.8096395,RAW_IMU,,,,,,,,,-91,0,-1035,5,66,2,,,,,
1790036594.8272426,ATTITUDE,,,,,,,,,,,,,,,0.0012234845198690891,0.1732715666294098,1.5862739086151123,,
1790036594.8291533,RAW_IMU,,,,,,,,,-89,0,-1034,5,69,3,,,,,
1790036594.8474834,ATTITUDE,,,,,,,,,,,,,,,0.0012610327685251832,0.17464150488376617,1.5862747430801392,,
1790036594.8493824,RAW_IMU,,,,,,,,,-87,0,-1034,5,73,3,,,,,
1790036594.8503678,GLOBAL_POSITION_INT,-35.3604178,149.1684672,590.1,9.993,-0.01,2.61,0.0,90.88,,,,,,,,,,,
1790036594.851076,GPS_RAW_INT,,,,,,,,,,,,,,,,,,6,10
1790036594.8675034,ATTITUDE,,,,,,,,,,,,,,,0.0012971439864486456,0.17606404423713684,1.5862770080566406,,
1790036594.8687809,RAW_IMU,,,,,,,,,-85,0,-1034,4,75,3,,,,,
1790036594.8939788,ATTITUDE,,,,,,,,,,,,,,,0.0013317919801920652,0.1775837242603302,1.586279273033142,,
1790036594.8958688,RAW_IMU,,,,,,,,,-83,0,-1034,4,80,3,,,,,
1790036594.9084518,ATTITUDE,,,,,,,,,,,,,,,0.00136554054915905,0.17910785973072052,1.5862802267074585,,
1790036594.9104598,RAW_IMU,,,,,,,,,-81,0,-1034,4,80,3,,,,,
1790036594.9291704,ATTITUDE,,,,,,,,,,,,,,,0.0013969643041491508,0.1807747334241867,1.5862796306610107,,
1790036594.93095,RAW_IMU,,,,,,,,,-78,0,-1034,4,87,3,,,,,
1790036594.9479613,ATTITUDE,,,,,,,,,,,,,,,0.0014266130747273564,0.18241241574287415,1.5862780809402466,,
1790036594.9489768,RAW_IMU,,,,,,,,,-76,0,-1034,4,86,3,,,,,
1790036594.9507568,GLOBAL_POSITION_INT,-35.3604178,149.16847,590.1,9.993,-0.01,2.36,0.0,90.88,,,,,,,,,,,
1790036594.951705,GPS_RAW_INT,,,,,,,,,,,,,,,,,,6,10
1790036594.968069,ATTITUDE,,,,,,,,,,,,,,,0.0014548212056979537,0.18425028026103973,1.586272120475769,,
1790036594.9698396,RAW_IMU,,,,,,,,,-74,0,-1034,4,91,3,,,,,
1790036594.9858918,ATTITUDE,,,,,,,,,,,,,,,0.0014805131359025836,0.18598994612693787,1.5862655639648438,,
1790036594.9864345,RAW_IMU,,,,,,,,,-72,0,-1033,4,91,3,,,,,
1790036595.0043178,ATTITUDE,,,,,,,,,,,,,,,0.0015036246040835977,0.1877935826778412,1.5862536430358887,,
1790036595.0050063,RAW_IMU,,,,,,,,,-70,0,-1034,4,93,2,,,,,
1790036595.0272677,ATTITUDE,,,,,,,,,,,,,,,0.0015227349940687418,0.1896354705095291,1.5862370729446411,,
1790036595.0281494,RAW_IMU,,,,,,,,,-68,0,-1033,4,95,2,,,,,
1790036595.0454428,ATTITUDE,,,,,,,,,,,,,,,0.0015434282831847668,0.191490039229393,1.586222767829895,,
1790036595.0464835,RAW_IMU,,,,,,,,,-66,0,-1033,4,96,2,,,,,
1790036595.0470994,GLOBAL_POSITION_INT,-35.3604178,149.1684726,590.1,9.994,-0.01,2.11,0.0,90.88,,,,,,,,,,,
1790036595.047533,GPS_RAW_INT,,,,,,,,,,,,,,,,,,6,10
1790036595.0659363,ATTITUDE,,,,,,,,,,,,,,,0.0015629457775503397,0.19340896606445312,1.5862057209014893,,
1790036595.0672967,RAW_IMU,,,,,,,,,-64,0,-1033,4,100,2,,,,,
1790036595.0858202,ATTITUDE,,,,,,,,,,,,,,,0.0015805562725290656,0.19532343745231628,1.586186408996582,,
1790036595.087363,RAW_IMU,,,,,,,,,-62,0,-1033,4,99,2,,,,,
1790036595.106484,ATTITUDE,,,,,,,,,,,,,,,0.001596866175532341,0.19730666279792786,1.5861643552780151,,
1790036595.1080453,RAW_IMU,,,,,,,,,-60,0,-1033,4,102,2,,,,,
1790036595.1424904,ATTITUDE,,,,,,,,,,,,,,,0.0016106825787574053,0.19930367171764374,1.5861345529556274,,
1790036595.1432629,RAW_IMU,,,,,,,,,-58,0,-1033,4,104,2,,,,,
1790036595.1465428,ATTITUDE,,,,,,,,,,,,,,,0.0016505267703905702,0.20131556689739227,1.5861016511917114,,
1790036595.1475775,RAW_IMU,,,,,,,,,-56,0,-1033,5,104,1,,,,,
1790036595.1483953,GLOBAL_POSITION_INT,-35.3604178,149.1684748,590.1,9.994,-0.01,1.86,0.0,90.87,,,,,,,,,,,
1790036595.1488502,GPS_RAW_INT,,,,,,,,,,,,,,,,,,6,10
1790036595.166584,ATTITUDE,,,,,,,,,,,,,,,0.0016791834495961666,0.2033403068780899,1.5860651731491089,,
1790036595.167692,RAW_IMU,,,,,,,,,-55,0,-1034,5,105,1,,,,,
1790036595.1863015,ATTITUDE,,,,,,,,,,,,,,,0.0017404993996024132,0.20534420013427734,1.5860280990600586,,
1790036595.1882854,RAW_IMU,,,,,,,,,-53,0,-1033,5,103,1,,,,,
1790036595.2070842,ATTITUDE,,,,,,,,,,,,,,,0.0018018720438703895,0.20735971629619598,1.5859904289245605,,
1790036595.209574,RAW_IMU,,,,,,,,,-51,0,-1034,7,104,1,,,,,
1790036595.2266998,ATTITUDE,,,,,,,,,,,,,,,0.0018206235254183412,0.20932725071907043,1.5859519243240356,,
1790036595.2272584,RAW_IMU,,,,,,,,,-49,0,-1034,4,102,1,,,,,
1790036595.246703,ATTITUDE,,,,,,,,,,,,,,,0.0018408363685011864,0.21130508184432983,1.585917592048645,,
1790036595.2476373,RAW_IMU,,,,,,,,,-47,0,-1034,4,102,1,,,,,
1790036595.2484853,GLOBAL_POSITION_INT,-35.3604179,149.1684767,590.1,9.995,-0.01,1.6,0.0,90.86,,,,,,,,,,,
1790036595.2490883,GPS_RAW_INT,,,,,,,,,,,,,,,,,,6,10
1790036595.2673767,ATTITUDE,,,,,,,,,,,,,,,0.001859720447100699,0.21324527263641357,1.5858862400054932,,
1790036595.2691023,RAW_IMU,,,,,,,,,-45,0,-1034,4,100,2,,,,,
1790036595.2872643,ATTITUDE,,,,,,,,,,,,,,,0.0018789487658068538,0.2152380794286728,1.5858538150787354,,
1790036595.2881904,RAW_IMU,,,,,,,,,-43,0,-1034,4,103,2,,,,,
1790036595.3076217,ATTITUDE,,,,,,,,,,,,,,,0.0018957497086375952,0.21718211472034454,1.5858217477798462,,
1790036595.309143,RAW_IMU,,,,,,,,,-42,0,-1034,4,101,2,,,,,
1790036595.3281426,ATTITUDE,,,,,,,,,,,,,,,0.0019581816159188747,0.21918825805187225,1.5857861042022705,,
1790036595.329562,RAW_IMU,,,,,,,,,-40,0,-1034,6,103,1,,,,,
1790036595.3476405,ATTITUDE,,,,,,,,,,,,,,,0.001998454099521041,0.22121240198612213,1.5857510566711426,,
1790036595.3486667,RAW_IMU,,,,,,,,,-38,0,-1034,6,105,1,,,,,
1790036595.3494937,GLOBAL_POSITION_INT,-35.3604179,149.1684784,590.1,9.995,-0.01,1.35,0.0,90.85,,,,,,,,,,,
1790036595.3501396,GPS_RAW_INT,,,,,,,,,,,,,,,,,,6,10
1790036595.3665621,ATTITUDE,,,,,,,,,,,,,,,0.0020968904718756676,0.22326236963272095,1.5857174396514893,,
1790036595.367692,RAW_IMU,,,,,,,,,-36,0,-1034,7,106,2,,,,,
1790036595.3944674,ATTITUDE,,,,,,,,,,,,,,,0.002149485517293215,0.2253274917602539,1.585686445236206,,
1790036595.3967679,RAW_IMU,,,,,,,,,-35,0,-1034,6,106,2,,,,,
1790036595.405938,ATTITUDE,,,,,,,,,,,,,,,0.0022183575201779604,0.22736647725105286,1.5856558084487915,,
1790036595.4080682,RAW_IMU,,,,,,,,,-33,0,-1035,6,106,2,,,,,
1790036595.4264748,ATTITUDE,,,,,,,,,,,,,,,0.002310424577444792,0.22935479879379272,1.585623025894165,,
1790036595.4274309,RAW_IMU,,,,,,,,,-31,0,-1035,8,102,2,,,,,
1790036595.4465318,ATTITUDE,,,,,,,,,,,,,,,0.002400276716798544,0.2313389629125595,1.5855950117111206,,
1790036595.4478407,RAW_IMU,,,,,,,,,-30,0,-1035,8,103,2,,,,,
1790036595.4481463,GLOBAL_POSITION_INT,-35.3604179,149.1684798,590.1,9.996,-0.01,1.09,0.0,90.84,,,,,,,,,,,
1790036595.4487517,GPS_RAW_INT,,,,,,,,,,,,,,,,,,6,10
1790036595.4665618,ATTITUDE,,,,,,,,,,,,,,,0.002486885292455554,0.23324640095233917,1.585566759109497,,
1790036595.468315,RAW_IMU,,,,,,,,,-28,0,-1035,7,99,2,,,,,
1790036595.4857278,ATTITUDE,,,,,,,,,,,,,,,0.00256914715282619,0.23514121770858765,1.585540771484375,,
1790036595.4874134,RAW_IMU,,,,,,,,,-26,0,-1034,7,98,2,,,,,
1790036595.5061264,ATTITUDE,,,,,,,,,,,,,,,0.0026473363395780325,0.23700052499771118,1.5855145454406738,,
1790036595.5073013,RAW_IMU,,,,,,,,,-25,0,-1034,7,96,2,,,,,
1790036595.5258312,ATTITUDE,,,,,,,,,,,,,,,0.002711351728066802,0.23890578746795654,1.5854862928390503,,
1790036595.527454,RAW_IMU,,,,,,,,,-23,0,-1034,6,98,2,,,,,
1790036595.5458632,ATTITUDE,,,,,,,,,,,,,,,0.0027756905183196068,0.2407967895269394,1.5854591131210327,,
1790036595.546948,RAW_IMU,,,,,,,,,-22,0,-1035,6,98,2,,,,,
1790036595.5482154,GLOBAL_POSITION_INT,-35.3604179,149.1684809,590.1,9.996,-0.01,0.84,0.0,90.84,,,,,,,,,,,
1790036595.549008,GPS_RAW_INT,,,,,,,,,,,,,,,,,,6,10
1790036595.5649524,ATTITUDE,,,,,,,,,,,,,,,0.002845416311174631,0.2427368015050888,1.5854357481002808,,
1790036595.565859,RAW_IMU,,,,,,,,,-20,0,-1035,7,100,2,,,,,
1790036595.5849607,ATTITUDE,,,,,,,,,,,,,,,0.0028938495088368654,0.2445836216211319,1.5854146480560303,,
1790036595.5860572,RAW_IMU,,,,,,,,,-19,0,-1036,5,96,2,,,,,
1790036595.6056566,ATTITUDE,,,,,,,,,,,,,,,0.002939381403848529,0.24646848440170288,1.585396647453308,,
1790036595.6068985,RAW_IMU,,,,,,,,,-17,0,-1035,5,97,2,,,,,
1790036595.639398,ATTITUDE,,,,,,,,,,,,,,,0.002982933074235916,0.24829813838005066,1.5853785276412964,,
1790036595.640769,RAW_IMU,,,,,,,,,-15,0,-1036,5,95,2,,,,,
1790036595.6469717,ATTITUDE,,,,,,,,,,,,,,,0.0030256561003625393,0.2500491738319397,1.5853596925735474,,
1790036595.6486375,RAW_IMU,,,,,,,,,-14,0,-1035,5,91,2,,,,,
1790036595.6496758,GLOBAL_POSITION_INT,-35.3604179,149.1684817,590.1,9.997,0.0,0.58,0.0,90.83,,,,,,,,,,,
1790036595.6504793,GPS_RAW_INT,,,,,,,,,,,,,,,,,,6,10
1790036595.6670842,ATTITUDE,,,,,,,,,,,,,,,0.0030658964533358812,0.251804381608963,1.585339069366455,,
1790036595.66845,RAW_IMU,,,,,,,,,-12,0,-1036,5,91,2,,,,,
1790036595.6870403,ATTITUDE,,,,,,,,,,,,,,,0.003103820839896798,0.2535465955734253,1.5853182077407837,,
1790036595.6881502,RAW_IMU,,,,,,,,,-11,0,-1035,5,91,2,,,,,
1790036595.7075176,ATTITUDE,,,,,,,,,,,,,,,0.00313938083127141,0.2552950382232666,1.5852946043014526,,
1790036595.709431,RAW_IMU,,,,,,,,,-10,0,-1035,5,90,2,,,,,
1790036595.7271993,ATTITUDE,,,,,,,,,,,,,,,0.003159378655254841,0.25704774260520935,1.5852664709091187,,
1790036595.7288723,RAW_IMU,,,,,,,,,-8,0,-1036,4,91,2,,,,,
1790036595.7480018,ATTITUDE,,,,,,,,,,,,,,,0.003170527284964919,0.25873297452926636,1.5852386951446533,,
1790036595.749081,RAW_IMU,,,,,,,,,-7,0,-1037,4,88,2,,,,,
1790036595.7500286,GLOBAL_POSITION_INT,-35.3604179,149.1684822,590.1,9.997,0.0,0.31,0.0,90.82,,,,,,,,,,,
1790036595.7506964,GPS_RAW_INT,,,,,,,,,,,,,,,,,,6,10
1790036595.767786,ATTITUDE,,,,,,,,,,,,,,,0.0031843872275203466,0.26042449474334717,1.5852142572402954,,
1790036595.7691822,RAW_IMU,,,,,,,,,-5,0,-1036,4,88,2,,,,,
1790036595.7878525,ATTITUDE,,,,,,,,,,,,,,,0.0031949016265571117,0.26206693053245544,1.5851898193359375,,
1790036595.788953,RAW_IMU,,,,,,,,,-4,0,-1036,4,86,2,,,,,
1790036595.8080728,ATTITUDE,,,,,,,,,,,,,,,0.0032199383713304996,0.2636445164680481,1.5851651430130005,,
1790036595.8098247,RAW_IMU,,,,,,,,,-3,0,-1036,4,82,2,,,,,
1790036595.828008,ATTITUDE,,,,,,,,,,,,,,,0.0034780174028128386,0.26508641242980957,1.585140585899353,,
1790036595.829128,RAW_IMU,,,,,,,,,-1,0,-1036,14,76,2,,,,,
1790036595.8485947,ATTITUDE,,,,,,,,,,,,,,,0.004060425795614719,0.26613736152648926,1.5851224660873413,,
1790036595.8501256,RAW_IMU,,,,,,,,,0,0,-1036,31,57,3,,,,,
1790036595.8510387,GLOBAL_POSITION_INT,-35.360418,149.1684825,590.1,9.997,0.0,0.05,0.0,90.82,,,,,,,,,,,
1790036595.8517542,GPS_RAW_INT,,,,,,,,,,,,,,,,,,6,10
1790036595.8687565,ATTITUDE,,,,,,,,,,,,,,,0.005075905006378889,0.2669101655483246,1.5851309299468994,,
1790036595.8701012,RAW_IMU,,,,,,,,,0,0,-1036,51,43,4,,,,,
1790036595.8928366,ATTITUDE,,,,,,,,,,,,,,,0.006638626102358103,0.26712217926979065,1.5851842164993286,,
1790036595.893638,RAW_IMU,,,,,,,,,2,0,-1036,78,17,6,,,,,
1790036595.9093852,ATTITUDE,,,,,,,,,,,,,,,0.008789816871285439,0.2666446268558502,1.585309386253357,,
1790036595.9105186,RAW_IMU,,,,,,,,,3,0,-1036,107,-18,10,,,,,
1790036595.9291778,ATTITUDE,,,,,,,,,,,,,,,0.011562380939722061,0.2655140161514282,1.585536241531372,,
1790036595.930357,RAW_IMU,,,,,,,,,4,0,-1036,136,-50,15,,,,,
1790036595.9490528,ATTITUDE,,,,,,,,,,,,,,,0.015014003030955791,0.2636043429374695,1.585897445678711,,
1790036595.950267,RAW_IMU,,,,,,,,,6,0,-1035,168,-89,22,,,,,
1790036595.9510982,GLOBAL_POSITION_INT,-35.360418,149.1684824,590.1,9.998,-0.01,-0.2,0.0,90.86,,,,,,,,,,,
1790036595.9523225,GPS_RAW_INT,,,,,,,,,,,,,,,,,,6,10
1790036595.9644392,ATTITUDE,,,,,,,,,,,,,,,0.019124608486890793,0.2609792649745941,1.5864238739013672,,
1790036595.9653373,RAW_IMU,,,,,,,,,7,0,-1035,200,-125,31,,,,,
1790036595.9843454,ATTITUDE,,,,,,,,,,,,,,,0.02387317642569542,0.25765085220336914,1.5871495008468628,,
1790036595.9848964,RAW_IMU,,,,,,,,,9,0,-1034,229,-159,41,,,,,
1790036596.0044777,ATTITUDE,,,,,,,,,,,,,,,0.02927301451563835,0.2535609006881714,1.5880978107452393,,
1790036596.0051086,RAW_IMU,,,,,,,,,10,0,-1033,259,-197,54,,,,,
1790036596.02478,ATTITUDE,,,,,,,,,,,,,,,0.035266030579805374,0.2488141655921936,1.589295506477356,,
1790036596.0264702,RAW_IMU,,,,,,,,,11,0,-1032,286,-230,68,,,,,
1790036596.0444107,ATTITUDE,,,,,,,,,,,,,,,0.041788481175899506,0.24338775873184204,1.5907528400421143,,
1790036596.0462935,RAW_IMU,,,,,,,,,13,0,-1030,310,-262,84,,,,,
1790036596.047392,GLOBAL_POSITION_INT,-35.360418,149.1684822,590.1,9.998,-0.03,-0.44,0.0,91.14,,,,,,,,,,,
1790036596.048238,GPS_RAW_INT,,,,,,,,,,,,,,,,,,6,10
1790036596.0640392,ATTITUDE,,,,,,,,,,,,,,,0.04882558807730675,0.23732610046863556,1.5924807786941528,,
1790036596.0650814,RAW_IMU,,,,,,,,,14,0,-1029,333,-293,100,,,,,
1790036596.0840163,ATTITUDE,,,,,,,,,,,,,,,0.056262027472257614,0.23068608343601227,1.5944476127624512,,
1790036596.085802,RAW_IMU,,,,,,,,,15,-1,-1027,351,-321,116,,,,,
1790036596.1049905,ATTITUDE,,,,,,,,,,,,,,,0.0640459880232811,0.22348615527153015,1.596595048904419,,
1790036596.10675,RAW_IMU,,,,,,,,,17,-1,-1026,367,-348,129,,,,,
1790036596.1429768,ATTITUDE,,,,,,,,,,,,,,,0.07209720462560654,0.2157619446516037,1.598844289779663,,
1790036596.1440885,RAW_IMU,,,,,,,,,18,-1,-1024,380,-373,139,,,,,
1790036596.1461766,ATTITUDE,,,,,,,,,,,,,,,0.08029972016811371,0.207541823387146,1.6011147499084473,,
1790036596.147044,RAW_IMU,,,,,,,,,19,-2,-1022,389,-396,146,,,,,
1790036596.1515884,GLOBAL_POSITION_INT,-35.3604181,149.1684816,590.1,9.998,-0.09,-0.65,0.0,91.73,,,,,,,,,,,
1790036596.152661,GPS_RAW_INT,,,,,,,,,,,,,,,,,,6,10
1790036596.1672015,ATTITUDE,,,,,,,,,,,,,,,0.08862239122390747,0.19890157878398895,1.60333251953125,,
1790036596.1688354,RAW_IMU,,,,,,,,,20,-2,-1021,396,-417,149,,,,,
1790036596.1870632,ATTITUDE,,,,,,,,,,,,,,,0.09699559956789017,0.18986941874027252,1.6054177284240723,,
1790036596.1884298,RAW_IMU,,,,,,,,,21,-3,-1020,401,-435,148,,,,,
1790036596.2074096,ATTITUDE,,,,,,,,,,,,,,,0.1053735613822937,0.1804746836423874,1.607301115989685,,
1790036596.2091646,RAW_IMU,,,,,,,,,22,-3,-1018,404,-453,144,,,,,
1790036596.2271092,ATTITUDE,,,,,,,,,,,,,,,0.11375894397497177,0.17086048424243927,1.6089212894439697,,
1790036596.227947,RAW_IMU,,,,,,,,,23,-4,-1017,408,-465,136,,,,,
1790036596.2478194,ATTITUDE,,,,,,,,,,,,,,,0.12215843796730042,0.16110871732234955,1.6102148294448853,,
1790036596.2492924,RAW_IMU,,,,,,,,,24,-4,-1016,412,-473,125,,,,,
1790036596.2503464,GLOBAL_POSITION_INT,-35.3604182,149.1684808,590.1,9.999,-0.18,-0.81,0.0,92.25,,,,,,,,,,,
1790036596.2516854,GPS_RAW_INT,,,,,,,,,,,,,,,,,,6,10
1790036596.2679365,ATTITUDE,,,,,,,,,,,,,,,0.13063080608844757,0.1513126790523529,1.611126184463501,,
1790036596.2691376,RAW_IMU,,,,,,,,,25,-5,-1015,419,-477,111,,,,,
1790036596.287751,ATTITUDE,,,,,,,,,,,,,,,0.13922549784183502,0.1416260153055191,1.61160409450531,,
1790036596.2888665,RAW_IMU,,,,,,,,,26,-5,-1015,428,-474,93,,,,,
1790036596.3090136,ATTITUDE,,,,,,,,,,,,,,,0.14796124398708344,0.13219782710075378,1.611602783203125,,
1790036596.3100145,RAW_IMU,,,,,,,,,27,-6,-1014,439,-464,72,,,,,
1790036596.3291297,ATTITUDE,,,,,,,,,,,,,,,0.15690161287784576,0.12320102751255035,1.611090064048767,,
1790036596.3307872,RAW_IMU,,,,,,,,,27,-7,-1014,452,-446,48,,,,,
1790036596.3490417,ATTITUDE,,,,,,,,,,,,,,,0.16608761250972748,0.11484058946371078,1.610053539276123,,
1790036596.3505201,RAW_IMU,,,,,,,,,28,-8,-1014,467,-419,22,,,,,
1790036596.3511848,GLOBAL_POSITION_INT,-35.3604184,149.1684798,590.1,9.999,-0.31,-0.92,0.0,92.24,,,,,,,,,,,
1790036596.351957,GPS_RAW_INT,,,,,,,,,,,,,,,,,,6,10
1790036596.3691351,ATTITUDE,,,,,,,,,,,,,,,0.17552639544010162,0.10732422769069672,1.6085057258605957,,
1790036596.3706737,RAW_IMU,,,,,,,,,28,-8,-1014,483,-382,-6,,,,,
1790036596.392727,ATTITUDE,,,,,,,,,,,,,,,0.18518207967281342,0.10086279362440109,1.6064860820770264,,
1790036596.3936038,RAW_IMU,,,,,,,,,29,-9,-1014,496,-335,-35,,,,,
1790036596.409095,ATTITUDE,,,,,,,,,,,,,,,0.19496005773544312,0.09570784121751785,1.6040842533111572,,
1790036596.4104753,RAW_IMU,,,,,,,,,29,-10,-1015,504,-276,-63,,,,,
1790036596.4242122,ATTITUDE,,,,,,,,,,,,,,,0.20472167432308197,0.09185013175010681,1.601383924484253,,
1790036596.4253106,RAW_IMU,,,,,,,,,30,-11,-1016,504,-215,-88,,,,,
1790036596.444173,ATTITUDE,,,,,,,,,,,,,,,0.2142568677663803,0.08925002068281174,1.5985047817230225,,
1790036596.445652,RAW_IMU,,,,,,,,,30,-12,-1017,494,-157,-108,,,,,
1790036596.4464664,GLOBAL_POSITION_INT,-35.3604188,149.1684787,590.1,9.999,-0.49,-1.0,0.0,91.58,,,,,,,,,,,
1790036596.4471912,GPS_RAW_INT,,,,,,,,,,,,,,,,,,6,10
1790036596.46445,ATTITUDE,,,,,,,,,,,,,,,0.22342076897621155,0.08826760947704315,1.5956759452819824,,
1790036596.465579,RAW_IMU,,,,,,,,,31,-13,-1019,475,-81,-123,,,,,
1790036596.4841855,ATTITUDE,,,,,,,,,,,,,,,0.23203356564044952,0.08904087543487549,1.5931109189987183,,
1790036596.4853327,RAW_IMU,,,,,,,,,31,-14,-1021,447,6,-129,,,,,
1790036596.5050573,ATTITUDE,,,,,,,,,,,,,,,0.23991192877292633,0.09138579666614532,1.5909686088562012,,
1790036596.5066435,RAW_IMU,,,,,,,,,31,-15,-1022,409,87,-128,,,,,
1790036596.5258005,ATTITUDE,,,,,,,,,,,,,,,0.24693788588047028,0.09527672827243805,1.5894526243209839,,
1790036596.5268574,RAW_IMU,,,,,,,,,32,-16,-1024,364,169,-117,,,,,
1790036596.545738,ATTITUDE,,,,,,,,,,,,,,,0.2530728280544281,0.1003185361623764,1.5886735916137695,,
1790036596.5467558,RAW_IMU,,,,,,,,,32,-18,-1026,316,235,-98,,,,,
1790036596.5475829,GLOBAL_POSITION_INT,-35.3604193,149.1684776,590.1,9.998,-0.71,-1.06,0.0,91.02,,,,,,,,,,,
1790036596.5485046,GPS_RAW_INT,,,,,,,,,,,,,,,,,,6,10
1790036596.5656796,ATTITUDE,,,,,,,,,,,,,,,0.25832846760749817,0.10618403553962708,1.5887502431869507,,
1790036596.5664773,RAW_IMU,,,,,,,,,32,-19,-1028,268,285,-69,,,,,
1790036596.585529,ATTITUDE,,,,,,,,,,,,,,,0.26274144649505615,0.11266163736581802,1.5898250341415405,,
1790036596.5866647,RAW_IMU,,,,,,,,,33,-20,-1029,220,328,-30,,,,,
1790036596.6059468,ATTITUDE,,,,,,,,,,,,,,,0.2663954794406891,0.11944645643234253,1.59199857711792,,
1790036596.6069665,RAW_IMU,,,,,,,,,33,-22,-1031,175,357,16,,,,,
1790036596.637337,ATTITUDE,,,,,,,,,,,,,,,0.2693760395050049,0.12630383670330048,1.5953600406646729,,
1790036596.6388428,RAW_IMU,,,,,,,,,33,-23,-1033,133,377,70,,,,,
1790036596.6462116,ATTITUDE,,,,,,,,,,,,,,,0.2717929780483246,0.1330690234899521,1.6000152826309204,,
1790036596.6470835,RAW_IMU,,,,,,,,,34,-25,-1034,96,389,131,,,,,
1790036596.6476731,GLOBAL_POSITION_INT,-35.3604201,149.1684764,590.1,9.997,-0.95,-1.15,0.0,91.67,,,,,,,,,,,
1790036596.6486459,GPS_RAW_INT,,,,,,,,,,,,,,,,,,6,10
1790036596.6668713,ATTITUDE,,,,,,,,,,,,,,,0.2737148404121399,0.13950544595718384,1.6059725284576416,,
1790036596.6679149,RAW_IMU,,,,,,,,,34,-26,-1036,60,391,197,,,,,
1790036596.6868675,ATTITUDE,,,,,,,,,,,,,,,0.2753210663795471,0.1454666703939438,1.6132593154907227,,
1790036596.687924,RAW_IMU,,,,,,,,,35,-28,-1037,33,387,265,,,,,
1790036596.7073576,ATTITUDE,,,,,,,,,,,,,,,0.2767466604709625,0.15089385211467743,1.6218962669372559,,
1790036596.7091742,RAW_IMU,,,,,,,,,35,-30,-1038,12,380,336,,,,,
1790036596.7271812,ATTITUDE,,,,,,,,,,,,,,,0.27809929847717285,0.15565241873264313,1.6318588256835938,,
1790036596.728475,RAW_IMU,,,,,,,,,35,-31,-1038,-4,366,408,,,,,
1790036596.7479577,ATTITUDE,,,,,,,,,,,,,,,0.2794504165649414,0.15971685945987701,1.6431362628936768,,
1790036596.749612,RAW_IMU,,,,,,,,,36,-33,-1039,-16,351,479,,,,,
1790036596.7502384,GLOBAL_POSITION_INT,-35.360421,149.168475,590.1,9.996,-1.19,-1.27,0.0,94.14,,,,,,,,,,,
1790036596.7509549,GPS_RAW_INT,,,,,,,,,,,,,,,,,,6,10
1790036596.7685637,ATTITUDE,,,,,,,,,,,,,,,0.2808075547218323,0.16306264698505402,1.6556917428970337,,
1790036596.7698498,RAW_IMU,,,,,,,,,36,-35,-1039,-28,335,549,,,,,
1790036596.788676,ATTITUDE,,,,,,,,,,,,,,,0.2822617292404175,0.16565702855587006,1.6694737672805786,,
1790036596.7900171,RAW_IMU,,,,,,,,,36,-37,-1041,-36,316,617,,,,,
1790036596.8079062,ATTITUDE,,,,,,,,,,,,,,,0.2837579846382141,0.16750787198543549,1.684422254562378,,
1790036596.8094838,RAW_IMU,,,,,,,,,37,-40,-1040,-44,297,682,,,,,
1790036596.827983,ATTITUDE,,,,,,,,,,,,,,,0.28538334369659424,0.16861511766910553,1.700463056564331,,
1790036596.8295505,RAW_IMU,,,,,,,,,37,-42,-1041,-49,278,744,,,,,
1790036596.8476331,ATTITUDE,,,,,,,,,,,,,,,0.2871491014957428,0.16901449859142303,1.7175605297088623,,
1790036596.8489575,RAW_IMU,,,,,,,,,37,-44,-1040,-50,259,802,,,,,
1790036596.8492997,GLOBAL_POSITION_INT,-35.3604222,149.1684735,590.1,9.995,-1.42,-1.43,0.0,98.4,,,,,,,,,,,
1790036596.8502896,GPS_RAW_INT,,,,,,,,,,,,,,,,,,6,10
1790036596.8678873,ATTITUDE,,,,,,,,,,,,,,,0.2890351712703705,0.1687239110469818,1.7355915307998657,,
1790036596.8690727,RAW_IMU,,,,,,,,,37,-47,-1040,-52,240,856,,,,,
1790036596.8913116,ATTITUDE,,,,,,,,,,,,,,,0.2911403775215149,0.16773994266986847,1.7544609308242798,,
1790036596.8925507,RAW_IMU,,,,,,,,,37,-49,-1040,-48,221,905,,,,,
1790036596.909798,ATTITUDE,,,,,,,,,,,,,,,0.29339662194252014,0.16610366106033325,1.774085283279419,,
1790036596.911132,RAW_IMU,,,,,,,,,37,-52,-1040,-45,202,950,,,,,
1790036596.929257,ATTITUDE,,,,,,,,,,,,,,,0.29580429196357727,0.16386191546916962,1.7943804264068604,,
1790036596.9308348,RAW_IMU,,,,,,,,,36,-54,-1040,-42,185,991,,,,,
1790036596.9492295,ATTITUDE,,,,,,,,,,,,,,,0.2983570992946625,0.16104261577129364,1.815260410308838,,
1790036596.9505394,RAW_IMU,,,,,,,,,36,-57,-1039,-37,169,1027,,,,,
1790036596.952298,GLOBAL_POSITION_INT,-35.3604235,149.1684717,590.1,9.995,-1.63,-1.6,0.0,104.0,,,,,,,,,,,
1790036596.953009,GPS_RAW_INT,,,,,,,,,,,,,,,,,,6,10
1790036596.969083,ATTITUDE,,,,,,,,,,,,,,,0.3010270297527313,0.15768589079380035,1.8366397619247437,,
1790036596.9706352,RAW_IMU,,,,,,,,,35,-60,-1039,-32,153,1059,,,,,
1790036596.9893079,ATTITUDE,,,,,,,,,,,,,,,0.3038206398487091,0.15383869409561157,1.8584468364715576,,
1790036596.9906268,RAW_IMU,,,,,,,,,35,-63,-1038,-25,139,1087,,,,,
1790036597.00968,ATTITUDE,,,,,,,,,,,,,,,0.30669769644737244,0.1495329588651657,1.8806086778640747,,
1790036597.0114067,RAW_IMU,,,,,,,,,34,-65,-1038,-20,126,1111,,,,,
1790036597.029838,ATTITUDE,,,,,,,,,,,,,,,0.30964431166648865,0.14482508599758148,1.903066873550415,,
1790036597.0308063,RAW_IMU,,,,,,,,,33,-68,-1037,-13,115,1132,,,,,
1790036597.0492039,ATTITUDE,,,,,,,,,,,,,,,0.3127538859844208,0.13953232765197754,1.926735281944275,,
1790036597.0500252,RAW_IMU,,,,,,,,,32,-71,-1037,-7,104,1149,,,,,
1790036597.0513391,GLOBAL_POSITION_INT,-35.3604251,149.1684698,590.1,9.994,-1.83,-1.79,0.0,110.39,,,,,,,,,,,
1790036597.0521123,GPS_RAW_INT,,,,,,,,,,,,,,,,,,6,10
1790036597.0692713,ATTITUDE,,,,,,,,,,,,,,,0.3157682418823242,0.13409624993801117,1.9496327638626099,,
1790036597.0708375,RAW_IMU,,,,,,,,,31,-74,-1036,-1,94,1163,,,,,
1790036597.0884519,ATTITUDE,,,,,,,,,,,,,,,0.31878602504730225,0.1283458024263382,1.9726507663726807,,
1790036597.0895987,RAW_IMU,,,,,,,,,30,-77,-1035,3,85,1175,,,,,
1790036597.1088426,ATTITUDE,,,,,,,,,,,,,,,0.3217903971672058,0.12228887528181076,1.995736002922058,,
1790036597.1105156,RAW_IMU,,,,,,,,,29,-80,-1035,9,75,1184,,,,,
1790036597.1409514,ATTITUDE,,,,,,,,,,,,,,,0.3247677981853485,0.11596503853797913,2.0188512802124023,,
1790036597.1424499,RAW_IMU,,,,,,,,,28,-83,-1034,14,67,1190,,,,,
1790036597.1496506,ATTITUDE,,,,,,,,,,,,,,,0.32770299911499023,0.10941353440284729,2.041964054107666,,
1790036597.1511896,RAW_IMU,,,,,,,,,26,-86,-1033,20,60,1195,,,,,
1790036597.1523387,GLOBAL_POSITION_INT,-35.3604268,149.1684677,590.1,9.993,-2.01,-1.97,0.0,116.99,,,,,,,,,,,
1790036597.1531038,GPS_RAW_INT,,,,,,,,,,,,,,,,,,6,10
1790036597.1697366,ATTITUDE,,,,,,,,,,,,,,,0.33058619499206543,0.10264413058757782,2.0650365352630615,,
1790036597.17077,RAW_IMU,,,,,,,,,25,-89,-1033,25,53,1197,,,,,
1790036597.1896658,ATTITUDE,,,,,,,,,,,,,,,0.3334164321422577,0.09569640457630157,2.0880463123321533,,
1790036597.1908152,RAW_IMU,,,,,,,,,24,-92,-1032,30,47,1198,,,,,
1790036597.205134,ATTITUDE,,,,,,,,,,,,,,,0.3360934853553772,0.08855851739645004,2.1109607219696045,,
1790036597.2070246,RAW_IMU,,,,,,,,,22,-95,-1031,32,40,1198,,,,,
1790036597.2249706,ATTITUDE,,,,,,,,,,,,,,,0.3384309411048889,0.08121728897094727,2.1337499618530273,,
1790036597.2260408,RAW_IMU,,,,,,,,,20,-98,-1030,24,32,1196,,,,,
1790036597.245147,ATTITUDE,,,,,,,,,,,,,,,0.34026890993118286,0.07369358837604523,2.156419277191162,,
1790036597.24694,RAW_IMU,,,,,,,,,19,-100,-1030,9,23,1193,,,,,
1790036597.247926,GLOBAL_POSITION_INT,-35.3604286,149.1684653,590.1,9.993,-2.19,-2.16,0.0,123.55,,,,,,,,,,,
1790036597.248963,GPS_RAW_INT,,,,,,,,,,,,,,,,,,6,10
1790036597.264905,ATTITUDE,,,,,,,,,,,,,,,0.3414318263530731,0.06599406898021698,2.178926706314087,,
1790036597.2657642,RAW_IMU,,,,,,,,,17,-103,-1029,-14,15,1189,,,,,
1790036597.2897298,ATTITUDE,,,,,,,,,,,,,,,0.34180840849876404,0.05816224217414856,2.2012739181518555,,
1790036597.2908297,RAW_IMU,,,,,,,,,15,-106,-1028,-44,7,1185,,,,,
1790036597.3098304,ATTITUDE,,,,,,,,,,,,,,,0.3413752615451813,0.050224725157022476,2.223459005355835,,
1790036597.31158,RAW_IMU,,,,,,,,,13,-109,-1028,-75,0,1179,,,,,
1790036597.3248067,ATTITUDE,,,,,,,,,,,,,,,0.34011226892471313,0.04222464933991432,2.2454874515533447,,
1790036597.3261852,RAW_IMU,,,,,,,,,11,-111,-1026,-108,-6,1174,,,,,
1790036597.3455324,ATTITUDE,,,,,,,,,,,,,,,0.3379691243171692,0.0341944694519043,2.2673630714416504,,
1790036597.3475132,RAW_IMU,,,,,,,,,10,-114,-1025,-142,-12,1167,,,,,
1790036597.3483891,GLOBAL_POSITION_INT,-35.3604307,149.1684628,590.1,9.993,-2.35,-2.33,0.0,129.91,,,,,,,,,,,
1790036597.3492439,GPS_RAW_INT,,,,,,,,,,,,,,,,,,6,10
1790036597.3657098,ATTITUDE,,,,,,,,,,,,,,,0.3350520730018616,0.02623491920530796,2.2891125679016113,,
1790036597.3666399,RAW_IMU,,,,,,,,,8,-117,-1024,-173,-14,1161,,,,,
1790036597.3983,ATTITUDE,,,,,,,,,,,,,,,0.3313662111759186,0.018325230106711388,2.310725688934326,,
1790036597.399344,RAW_IMU,,,,,,,,,6,-119,-1022,-202,-17,1154,,,,,
1790036597.407391,ATTITUDE,,,,,,,,,,,,,,,0.3269517421722412,0.010631545446813107,2.3322551250457764,,
1790036597.4095726,RAW_IMU,,,,,,,,,4,-121,-1020,-231,-14,1146,,,,,
1790036597.4307277,ATTITUDE,,,,,,,,,,,,,,,0.3219280540943146,0.0031196128111332655,2.3536925315856934,,
1790036597.4325356,RAW_IMU,,,,,,,,,2,-124,-1018,-254,-11,1139,,,,,
1790036597.4460516,ATTITUDE,,,,,,,,,,,,,,,0.3163483142852783,-0.0041302586905658245,2.3750767707824707,,
1790036597.4481544,RAW_IMU,,,,,,,,,0,-126,-1017,-274,-7,1132,,,,,
1790036597.4492123,GLOBAL_POSITION_INT,-35.3604328,149.1684601,590.1,9.993,-2.5,-2.49,-0.01,136.08,,,,,,,,,,,
1790036597.450414,GPS_RAW_INT,,,,,,,,,,,,,,,,,,6,10
1790036597.4664204,ATTITUDE,,,,,,,,,,,,,,,0.31029948592185974,-0.011041747406125069,2.396416425704956,,
1790036597.4695714,RAW_IMU,,,,,,,,,-1,-128,-1015,-290,1,1124,,,,,
1790036597.4875293,ATTITUDE,,,,,,,,,,,,,,,0.3038683235645294,-0.0176931731402874,2.4176876544952393,,
1790036597.4886472,RAW_IMU,,,,,,,,,-3,-130,-1013,-302,6,1117,,,,,
1790036597.5109463,ATTITUDE,,,,,,,,,,,,,,,0.2971031069755554,-0.024046966806054115,2.438906669616699,,
1790036597.5114949,RAW_IMU,,,,,,,,,-5,-131,-1010,-312,11,1110,,,,,
1790036597.5318992,ATTITUDE,,,,,,,,,,,,,,,0.290082186460495,-0.02999792993068695,2.46010422706604,,
1790036597.5336354,RAW_IMU,,,,,,,,,-8,-133,-1009,-319,23,1103,,,,,
1790036597.5459359,ATTITUDE,,,,,,,,,,,,,,,0.2829010486602783,-0.035628583282232285,2.481257677078247,,
1790036597.547974,RAW_IMU,,,,,,,,,-10,-134,-1007,-321,30,1097,,,,,
1790036597.548905,GLOBAL_POSITION_INT,-35.3604351,149.1684572,590.1,9.994,-2.62,-2.61,-0.01,142.16,,,,,,,,,,,
1790036597.549945,GPS_RAW_INT,,,,,,,,,,,,,,,,,,6,10
1790036597.5665367,ATTITUDE,,,,,,,,,,,,,,,0.27557969093322754,-0.04089504852890968,2.5023791790008545,,
1790036597.568765,RAW_IMU,,,,,,,,,-12,-135,-1005,-322,39,1090,,,,,
1790036597.5866416,ATTITUDE,,,,,,,,,,,,,,,0.26807504892349243,-0.04575229063630104,2.5234875679016113,,
1790036597.5887728,RAW_IMU,,,,,,,,,-15,-137,-1004,-325,51,1084,,,,,
1790036597.607376,ATTITUDE,,,,,,,,,,,,,,,0.2603711485862732,-0.050230927765369415,2.54457688331604,,
1790036597.607665,RAW_IMU,,,,,,,,,-17,-138,-1001,-331,60,1078,,,,,
1790036597.6291447,ATTITUDE,,,,,,,,,,,,,,,0.25241145491600037,-0.054263319820165634,2.5656681060791016,,
1790036597.6299527,RAW_IMU,,,,,,,,,-20,-138,-1000,-338,74,1073,,,,,
1790036597.649166,ATTITUDE,,,,,,,,,,,,,,,0.2441006600856781,-0.057858265936374664,2.5867743492126465,,
1790036597.64943,RAW_IMU,,,,,,,,,-22,-139,-998,-352,86,1068,,,,,
1790036597.6500354,GLOBAL_POSITION_INT,-35.3604375,149.1684543,590.1,9.994,-2.71,-2.69,-0.01,148.21,,,,,,,,,,,
1790036597.6505659,GPS_RAW_INT,,,,,,,,,,,,,,,,,,6,10
1790036597.6671846,ATTITUDE,,,,,,,,,,,,,,,0.2355220764875412,-0.06096191331744194,2.6078948974609375,,
1790036597.6680179,RAW_IMU,,,,,,,,,-25,-139,-997,-363,100,1064,,,,,
1790036597.684652,ATTITUDE,,,,,,,,,,,,,,,0.22655875980854034,-0.06359617412090302,2.6290268898010254,,
1790036597.6855762,RAW_IMU,,,,,,,,,-28,-139,-996,-378,115,1059,,,,,
1790036597.7096136,ATTITUDE,,,,,,,,,,,,,,,0.2172485888004303,-0.06571014970541,2.650179624557495,,
1790036597.7106621,RAW_IMU,,,,,,,,,-30,-139,-994,-393,130,1056,,,,,
1790036597.7295668,ATTITUDE,,,,,,,,,,,,,,,0.2076464593410492,-0.06733032315969467,2.6713504791259766,,
1790036597.7307944,RAW_IMU,,,,,,,,,-33,-139,-994,-406,145,1052,,,,,
1790036597.7481093,ATTITUDE,,,,,,,,,,,,,,,0.19772596657276154,-0.0684024840593338,2.692547082901001,,
1790036597.7496402,RAW_IMU,,,,,,,,,-36,-139,-993,-420,161,1049,,,,,
1790036597.7502282,GLOBAL_POSITION_INT,-35.3604399,149.1684512,590.1,9.995,-2.78,-2.75,-0.01,154.27,,,,,,,,,,,
1790036597.7513728,GPS_RAW_INT,,,,,,,,,,,,,,,,,,6,10
1790036597.767401,ATTITUDE,,,,,,,,,,,,,,,0.18752989172935486,-0.06894528865814209,2.713759660720825,,
1790036597.768467,RAW_IMU,,,,,,,,,-39,-138,-991,-433,177,1047,,,,,
1790036597.7867596,ATTITUDE,,,,,,,,,,,,,,,0.1771177053451538,-0.06893754750490189,2.734987735748291,,
1790036597.787894,RAW_IMU,,,,,,,,,-42,-138,-991,-444,194,1044,,,,,
1790036597.8069596,ATTITUDE,,,,,,,,,,,,,,,0.16649824380874634,-0.06837701797485352,2.7562332153320312,,
1790036597.8086033,RAW_IMU,,,,,,,,,-45,-137,-990,-454,210,1042,,,,,
1790036597.826924,ATTITUDE,,,,,,,,,,,,,,,0.15575017035007477,-0.06725185364484787,2.7774925231933594,,
1790036597.8280113,RAW_IMU,,,,,,,,,-48,-136,-989,-462,227,1041,,,,,
1790036597.8459454,ATTITUDE,,,,,,,,,,,,,,,0.1449262946844101,-0.06557459384202957,2.7987723350524902,,
1790036597.8465643,RAW_IMU,,,,,,,,,-51,-135,-988,-467,243,1039,,,,,
1790036597.8475015,GLOBAL_POSITION_INT,-35.3604424,149.1684481,590.1,9.996,-2.81,-2.77,-0.01,160.35,,,,,,,,,,,
1790036597.8486211,GPS_RAW_INT,,,,,,,,,,,,,,,,,,6,10
1790036597.8659525,ATTITUDE,,,,,,,,,,,,,,,0.13395753502845764,-0.06332030147314072,2.8200554847717285,,
1790036597.8669248,RAW_IMU,,,,,,,,,-54,-133,-988,-477,261,1038,,,,,
1790036597.8876648,ATTITUDE,,,,,,,,,,,,,,,0.1229352131485939,-0.060543205589056015,2.84132981300354,,
1790036597.8883836,RAW_IMU,,,,,,,,,-57,-132,-988,-483,275,1038,,,,,
1790036597.9092891,ATTITUDE,,,,,,,,,,,,,,,0.11186038702726364,-0.05718148127198219,2.8625988960266113,,
1790036597.9100542,RAW_IMU,,,,,,,,,-59,-130,-988,-489,293,1037,,,,,
1790036597.9269543,ATTITUDE,,,,,,,,,,,,,,,0.1008845642209053,-0.05333632975816727,2.8838491439819336,,
1790036597.9275892,RAW_IMU,,,,,,,,,-62,-128,-988,-488,306,1037,,,,,
1790036597.9444237,ATTITUDE,,,,,,,,,,,,,,,0.08993001282215118,-0.04893478378653526,2.905078649520874,,
1790036597.9450147,RAW_IMU,,,,,,,,,-65,-126,-988,-490,322,1037,,,,,
1790036597.945691,GLOBAL_POSITION_INT,-35.3604449,149.168445,590.1,9.996,-2.81,-2.76,-0.01,166.44,,,,,,,,,,,
1790036597.9460578,GPS_RAW_INT,,,,,,,,,,,,,,,,,,6,10
1790036597.9676285,ATTITUDE,,,,,,,,,,,,,,,0.07904061675071716,-0.04401738941669464,2.926279067993164,,
1790036597.968416,RAW_IMU,,,,,,,,,-68,-124,-988,-492,337,1037,,,,,
1790036597.9852307,ATTITUDE,,,,,,,,,,,,,,,0.06826294958591461,-0.03865630552172661,2.9474425315856934,,
1790036597.985664,RAW_IMU,,,,,,,,,-71,-121,-989,-492,347,1037,,,,,
1790036598.008486,ATTITUDE,,,,,,,,,,,,,,,0.05762211233377457,-0.032776061445474625,2.968569755554199,,
1790036598.0089107,RAW_IMU,,,,,,,,,-73,-119,-990,-491,362,1038,,,,,
1790036598.0260296,ATTITUDE,,,,,,,,,,,,,,,0.04720684513449669,-0.026381876319646835,2.9896600246429443,,
1790036598.0264196,RAW_IMU,,,,,,,,,-76,-116,-990,-487,377,1039,,,,,
1790036598.0490692,ATTITUDE,,,,,,,,,,,,,,,0.036991413682699203,-0.019551686942577362,3.010719060897827,,
1790036598.049762,RAW_IMU,,,,,,,,,-78,-113,-991,-485,388,1039,,,,,
1790036598.0501394,GLOBAL_POSITION_INT,-35.3604474,149.1684419,590.1,9.996,-2.76,-2.72,0.0,172.5,,,,,,,,,,,
1790036598.0504498,GPS_RAW_INT,,,,,,,,,,,,,,,,,,6,10
1790036598.0666876,ATTITUDE,,,,,,,,,,,,,,,0.027094151824712753,-0.01228666864335537,3.031726121902466,,
1790036598.067068,RAW_IMU,,,,,,,,,-80,-110,-992,-476,399,1040,,,,,
1790036598.0843604,ATTITUDE,,,,,,,,,,,,,,,0.017359713092446327,-0.004575587809085846,3.052680492401123,,
1790036598.0848198,RAW_IMU,,,,,,,,,-82,-107,-993,-476,412,1041,,,,,
1790036598.107592,ATTITUDE,,,,,,,,,,,,,,,0.007955492474138737,0.00350895500741899,3.0735790729522705,,
1790036598.1080594,RAW_IMU,,,,,,,,,-85,-104,-995,-468,420,1042,,,,,
1790036598.128465,ATTITUDE,,,,,,,,,,,,,,,-0.0011873921612277627,0.012022078968584538,3.0944273471832275,,
1790036598.1291876,RAW_IMU,,,,,,,,,-86,-101,-996,-463,432,1043,,,,,
1790036598.1482785,ATTITUDE,,,,,,,,,,,,,,,-0.010070215910673141,0.020913897082209587,3.115217447280884,,
1790036598.1488647,RAW_IMU,,,,,,,,,-88,-98,-998,-459,442,1044,,,,,
1790036598.1493247,GLOBAL_POSITION_INT,-35.3604499,149.1684389,590.1,9.995,-2.67,-2.64,0.0,178.48,,,,,,,,,,,
1790036598.149767,GPS_RAW_INT,,,,,,,,,,,,,,,,,,6,10
1790036598.1657236,ATTITUDE,,,,,,,,,,,,,,,-0.018593188375234604,0.030170608311891556,3.1359477043151855,,
1790036598.1661644,RAW_IMU,,,,,,,,,-90,-94,-1000,-451,450,1045,,,,,
1790036598.1889381,ATTITUDE,,,,,,,,,,,,,,,-0.026809286326169968,0.039795029908418655,-3.1265647411346436,,
1790036598.189338,RAW_IMU,,,,,,,,,-91,-91,-1002,-444,461,1046,,,,,
1790036598.2068768,ATTITUDE,,,,,,,,,,,,,,,-0.03467421233654022,0.049744658172130585,-3.105949640274048,,
1790036598.2073758,RAW_IMU,,,,,,,,,-92,-88,-1004,-437,468,1047,,,,,
1790036598.2243686,ATTITUDE,,,,,,,,,,,,,,,-0.04215496405959129,0.06001998484134674,-3.085386276245117,,
1790036598.2251327,RAW_IMU,,,,,,,,,-94,-84,-1007,-428,477,1048,,,,,
1790036598.247464,ATTITUDE,,,,,,,,,,,,,,,-0.04919971525669098,0.07055803388357162,-3.0648555755615234,,
1790036598.2482889,RAW_IMU,,,,,,,,,-94,-81,-1009,-418,483,1049,,,,,
1790036598.2487185,GLOBAL_POSITION_INT,-35.3604522,149.168436,590.1,9.994,-2.54,-2.52,0.0,184.4,,,,,,,,,,,
1790036598.249137,GPS_RAW_INT,,,,,,,,,,,,,,,,,,6,10
1790036598.2651246,ATTITUDE,,,,,,,,,,,,,,,-0.055898383259773254,0.08140527456998825,-3.0443735122680664,,
1790036598.2655928,RAW_IMU,,,,,,,,,-95,-77,-1012,-411,492,1050,,,,,
1790036598.288282,ATTITUDE,,,,,,,,,,,,,,,-0.06219622865319252,0.09250254929065704,-3.0239360332489014,,
1790036598.2886868,RAW_IMU,,,,,,,,,-96,-74,-1014,-402,497,1051,,,,,
1790036598.3060453,ATTITUDE,,,,,,,,,,,,,,,-0.06802361458539963,0.10385005176067352,-3.003538131713867,,
1790036598.3067317,RAW_IMU,,,,,,,,,-96,-70,-1017,-390,504,1052,,,,,
1790036598.3290591,ATTITUDE,,,,,,,,,,,,,,,-0.07331116497516632,0.11521441489458084,-2.983153820037842,,
1790036598.3294837,RAW_IMU,,,,,,,,,-96,-67,-1021,-374,500,1053,,,,,
1790036598.3466299,ATTITUDE,,,,,,,,,,,,,,,-0.0778835341334343,0.1264473795890808,-2.962768793106079,,
1790036598.3470805,RAW_IMU,,,,,,,,,-96,-63,-1024,-351,488,1054,,,,,
1790036598.347435,GLOBAL_POSITION_INT,-35.3604545,149.1684332,590.1,9.992,-2.37,-2.37,0.0,190.25,,,,,,,,,,,
1790036598.347932,GPS_RAW_INT,,,,,,,,,,,,,,,,,,6,10
1790036598.3641865,ATTITUDE,,,,,,,,,,,,,,,-0.0817372053861618,0.13741494715213776,-2.942362070083618,,
1790036598.3646069,RAW_IMU,,,,,,,,,-96,-60,-1027,-326,471,1054,,,,,
1790036598.387269,ATTITUDE,,,,,,,,,,,,,,,-0.08476746827363968,0.1478945016860962,-2.9219067096710205,,
1790036598.3879511,RAW_IMU,,,,,,,,,-95,-57,-1030,-296,444,1055,,,,,
1790036598.4053168,ATTITUDE,,,,,,,,,,,,,,,-0.0869375541806221,0.1578592211008072,-2.90138578414917,,
1790036598.405908,RAW_IMU,,,,,,,,,-95,-53,-1034,-263,415,1056,,,,,
1790036598.4282143,ATTITUDE,,,,,,,,,,,,,,,-0.08829016983509064,0.1671748161315918,-2.8807790279388428,,
1790036598.4286807,RAW_IMU,,,,,,,,,-94,-50,-1036,-233,381,1056,,,,,
1790036598.4457502,ATTITUDE,,,,,,,,,,,,,,,-0.08876815438270569,0.1757553070783615,-2.8600564002990723,,
1790036598.4463918,RAW_IMU,,,,,,,,,-93,-47,-1039,-200,344,1057,,,,,
1790036598.446629,GLOBAL_POSITION_INT,-35.3604565,149.1684306,590.1,9.99,-2.17,-2.18,0.0,196.14,,,,,,,,,,,
1790036598.4468856,GPS_RAW_INT,,,,,,,,,,,,,,,,,,6,10
1790036598.4688787,ATTITUDE,,,,,,,,,,,,,,,-0.08844996988773346,0.18362483382225037,-2.83923077583313,,
1790036598.4697664,RAW_IMU,,,,,,,,,-92,-44,-1041,-170,308,1057,,,,,
1790036598.486502,ATTITUDE,,,,,,,,,,,,,,,-0.0874466598033905,0.1907554268836975,-2.818300247192383,,
1790036598.486929,RAW_IMU,,,,,,,,,-91,-41,-1044,-143,271,1058,,,,,
1790036598.5042768,ATTITUDE,,,,,,,,,,,,,,,-0.0857582837343216,0.19719304144382477,-2.7972681522369385,,
1790036598.5045161,RAW_IMU,,,,,,,,,-90,-38,-1046,-117,238,1058,,,,,
1790036598.527285,ATTITUDE,,,,,,,,,,,,,,,-0.08348135650157928,0.20291651785373688,-2.7761290073394775,,
1790036598.5279186,RAW_IMU,,,,,,,,,-89,-36,-1048,-94,204,1058,,,,,
1790036598.5448992,ATTITUDE,,,,,,,,,,,,,,,-0.08071622997522354,0.20793472230434418,-2.754892587661743,,
1790036598.5453796,RAW_IMU,,,,,,,,,-87,-33,-1049,-76,171,1059,,,,,
1790036598.5457373,GLOBAL_POSITION_INT,-35.3604584,149.1684282,590.09,9.988,-1.95,-1.98,0.0,202.16,,,,,,,,,,,
1790036598.545996,GPS_RAW_INT,,,,,,,,,,,,,,,,,,6,10
1790036598.5681944,ATTITUDE,,,,,,,,,,,,,,,-0.077568419277668,0.2123413383960724,-2.733574867248535,,
1790036598.5688841,RAW_IMU,,,,,,,,,-86,-30,-1050,-63,143,1059,,,,,
1790036598.5857747,ATTITUDE,,,,,,,,,,,,,,,-0.07395967096090317,0.21607930958271027,-2.712175130844116,,
1790036598.5862184,RAW_IMU,,,,,,,,,-84,-28,-1051,-45,113,1059,,,,,
1790036598.6089308,ATTITUDE,,,,,,,,,,,,,,,-0.07006949931383133,0.21923892199993134,-2.690711498260498,,
1790036598.609721,RAW_IMU,,,,,,,,,-82,-26,-1051,-34,87,1059,,,,,
1790036598.6285608,ATTITUDE,,,,,,,,,,,,,,,-0.06584649533033371,0.22187693417072296,-2.669188976287842,,
1790036598.629348,RAW_IMU,,,,,,,,,-81,-24,-1052,-21,65,1059,,,,,
1790036598.6443648,ATTITUDE,,,,,,,,,,,,,,,-0.06145276874303818,0.22403550148010254,-2.6476006507873535,,
1790036598.6449492,RAW_IMU,,,,,,,,,-79,-22,-1052,-16,47,1059,,,,,
1790036598.6457226,GLOBAL_POSITION_INT,-35.3604601,149.168426,590.09,9.986,-1.72,-1.77,0.0,208.31,,,,,,,,,,,
1790036598.6462557,GPS_RAW_INT,,,,,,,,,,,,,,,,,,6,10
1790036598.6685252,ATTITUDE,,,,,,,,,,,,,,,-0.05685184523463249,0.2257799655199051,-2.625976324081421,,
1790036598.6691444,RAW_IMU,,,,,,,,,-77,-20,-1053,-9,31,1059,,,,,
1790036598.6869037,ATTITUDE,,,,,,,,,,,,,,,-0.052161917090415955,0.22726908326148987,-2.60433292388916,,
1790036598.6876643,RAW_IMU,,,,,,,,,-75,-18,-1051,-5,22,1059,,,,,
1790036598.7045524,ATTITUDE,,,,,,,,,,,,,,,-0.047377217561006546,0.22842702269554138,-2.582667112350464,,
1790036598.7055504,RAW_IMU,,,,,,,,,-74,-16,-1051,-3,11,1059,,,,,
1790036598.7288518,ATTITUDE,,,,,,,,,,,,,,,-0.04252218082547188,0.22932390868663788,-2.5609850883483887,,
1790036598.7300105,RAW_IMU,,,,,,,,,-72,-14,-1050,0,3,1059,,,,,
1790036598.74758,ATTITUDE,,,,,,,,,,,,,,,-0.037629932165145874,0.2299220860004425,-2.539297342300415,,
1790036598.7481356,RAW_IMU,,,,,,,,,-70,-12,-1051,0,-6,1058,,,,,
1790036598.7489243,GLOBAL_POSITION_INT,-35.3604616,149.168424,590.09,9.984,-1.51,-1.56,0.0,214.51,,,,,,,,,,,
1790036598.7495608,GPS_RAW_INT,,,,,,,,,,,,,,,,,,6,10
1790036598.765974,ATTITUDE,,,,,,,,,,,,,,,-0.03269578516483307,0.23028379678726196,-2.517634868621826,,
1790036598.7670527,RAW_IMU,,,,,,,,,-68,-11,-1050,2,-13,1057,,,,,
1790036598.7890773,ATTITUDE,,,,,,,,,,,,,,,-0.027792423963546753,0.23042839765548706,-2.4960501194000244,,
1790036598.7904108,RAW_IMU,,,,,,,,,-66,-9,-1049,1,-19,1053,,,,,
1790036598.8077192,ATTITUDE,,,,,,,,,,,,,,,-0.022916637361049652,0.230400949716568,-2.4746241569519043,,
1790036598.808267,RAW_IMU,,,,,,,,,-64,-8,-1048,2,-23,1046,,,,,
1790036598.8260596,ATTITUDE,,,,,,,,,,,,,,,-0.018079815432429314,0.2302258014678955,-2.453458309173584,,
1790036598.8267121,RAW_IMU,,,,,,,,,-62,-7,-1048,3,-25,1033,,,,,
1790036598.8492582,ATTITUDE,,,,,,,,,,,,,,,-0.013345270417630672,0.22985242307186127,-2.4326541423797607,,
1790036598.8498132,RAW_IMU,,,,,,,,,-60,-6,-1047,2,-28,1015,,,,,
1790036598.85041,GLOBAL_POSITION_INT,-35.360463,149.1684223,590.09,9.983,-1.3,-1.36,0.0,220.62,,,,,,,,,,,
1790036598.8512778,GPS_RAW_INT,,,,,,,,,,,,,,,,,,6,10
1790036598.8675547,ATTITUDE,,,,,,,,,,,,,,,-0.00876612775027752,0.22940126061439514,-2.4123728275299072,,
1790036598.867892,RAW_IMU,,,,,,,,,-58,-4,-1046,0,-27,991,,,,,
1790036598.8849828,ATTITUDE,,,,,,,,,,,,,,,-0.004368935711681843,0.2289060801267624,-2.3927559852600098,,
1790036598.8856785,RAW_IMU,,,,,,,,,-56,-3,-1045,0,-25,959,,,,,
1790036598.9088738,ATTITUDE,,,,,,,,,,,,,,,-0.00021925149485468864,0.22837479412555695,-2.3739471435546875,,
1790036598.9101205,RAW_IMU,,,,,,,,,-54,-3,-1044,-2,-22,920,,,,,
1790036598.9290466,ATTITUDE,,,,,,,,,,,,,,,0.0036858543753623962,0.2278759479522705,-2.3560893535614014,,
1790036598.9310908,RAW_IMU,,,,,,,,,-52,-2,-1044,-3,-18,874,,,,,
1790036598.9490108,ATTITUDE,,,,,,,,,,,,,,,0.0073095932602882385,0.22739025950431824,-2.3393332958221436,,
1790036598.9504154,RAW_IMU,,,,,,,,,-50,-1,-1043,-4,-14,821,,,,,
1790036598.9514747,GLOBAL_POSITION_INT,-35.3604641,149.1684208,590.09,9.982,-1.1,-1.17,0.0,225.97,,,,,,,,,,,
1790036598.9524045,GPS_RAW_INT,,,,,,,,,,,,,,,,,,6,10
1790036598.9688647,ATTITUDE,,,,,,,,,,,,,,,0.010637487284839153,0.22693920135498047,-2.3238134384155273,,
1790036598.9698133,RAW_IMU,,,,,,,,,-48,0,-1042,-5,-10,761,,,,,
1790036598.9888546,ATTITUDE,,,,,,,,,,,,,,,0.013635717332363129,0.2265785187482834,-2.309644937515259,,
1790036598.9894733,RAW_IMU,,,,,,,,,-47,0,-1042,-6,-4,696,,,,,
1790036599.009208,ATTITUDE,,,,,,,,,,,,,,,0.016305288299918175,0.2262609899044037,-2.296907663345337,,
1790036599.0103488,RAW_IMU,,,,,,,,,-45,0,-1041,-6,-1,627,,,,,
1790036599.029875,ATTITUDE,,,,,,,,,,,,,,,0.018627451732754707,0.22607141733169556,-2.2856452465057373,,
1790036599.030902,RAW_IMU,,,,,,,,,-43,0,-1040,-6,4,555,,,,,
1790036599.0497532,ATTITUDE,,,,,,,,,,,,,,,0.020615989342331886,0.22591739892959595,-2.2758593559265137,,
1790036599.0514657,RAW_IMU,,,,,,,,,-41,0,-1040,-7,7,482,,,,,
1790036599.0526192,GLOBAL_POSITION_INT,-35.3604651,149.1684195,590.09,9.982,-0.91,-0.99,-0.01,229.61,,,,,,,,,,,
1790036599.0535972,GPS_RAW_INT,,,,,,,,,,,,,,,,,,6,10
1790036599.069794,ATTITUDE,,,,,,,,,,,,,,,0.022286469116806984,0.2258445918560028,-2.267552614212036,,
1790036599.0711284,RAW_IMU,,,,,,,,,-39,1,-1039,-6,10,410,,,,,
1790036599.0896046,ATTITUDE,,,,,,,,,,,,,,,0.023616883903741837,0.2257622629404068,-2.260686159133911,,
1790036599.0904186,RAW_IMU,,,,,,,,,-37,1,-1039,-6,10,340,,,,,
1790036599.109965,ATTITUDE,,,,,,,,,,,,,,,0.024601342156529427,0.22538389265537262,-2.2552073001861572,,
1790036599.1114683,RAW_IMU,,,,,,,,,-36,1,-1038,-8,-5,272,,,,,
1790036599.138381,ATTITUDE,,,,,,,,,,,,,,,0.02526690810918808,0.22458185255527496,-2.250903844833374,,
1790036599.1395144,RAW_IMU,,,,,,,,,-34,1,-1037,-10,-26,208,,,,,
1790036599.14572,ATTITUDE,,,,,,,,,,,,,,,0.025557011365890503,0.22327469289302826,-2.248037815093994,,
1790036599.146918,RAW_IMU,,,,,,,,,-32,1,-1037,-13,-53,148,,,,,
1790036599.1480095,GLOBAL_POSITION_INT,-35.3604659,149.1684183,590.09,9.982,-0.73,-0.81,-0.01,231.2,,,,,,,,,,,
1790036599.1488967,GPS_RAW_INT,,,,,,,,,,,,,,,,,,6,10
1790036599.1659756,ATTITUDE,,,,,,,,,,,,,,,0.025514574721455574,0.22134138643741608,-2.2463221549987793,,
1790036599.1671374,RAW_IMU,,,,,,,,,-31,1,-1036,-17,-86,92,,,,,
1790036599.1857367,ATTITUDE,,,,,,,,,,,,,,,0.02517097257077694,0.21877293288707733,-2.245659589767456,,
1790036599.1869202,RAW_IMU,,,,,,,,,-29,0,-1035,-20,-120,41,,,,,
1790036599.2061272,ATTITUDE,,,,,,,,,,,,,,,0.02455129474401474,0.21550492942333221,-2.2459466457366943,,
1790036599.2077777,RAW_IMU,,,,,,,,,-27,0,-1034,-24,-156,-3,,,,,
1790036599.226703,ATTITUDE,,,,,,,,,,,,,,,0.023690424859523773,0.21153457462787628,-2.2470781803131104,,
1790036599.227697,RAW_IMU,,,,,,,,,-26,0,-1032,-27,-192,-44,,,,,
1790036599.2474854,ATTITUDE,,,,,,,,,,,,,,,0.022623853757977486,0.20690131187438965,-2.2489407062530518,,
1790036599.248134,RAW_IMU,,,,,,,,,-25,0,-1031,-30,-225,-81,,,,,
1790036599.2490053,GLOBAL_POSITION_INT,-35.3604665,149.1684174,590.09,9.983,-0.57,-0.64,-0.01,231.15,,,,,,,,,,,
1790036599.249884,GPS_RAW_INT,,,,,,,,,,,,,,,,,,6,10
1790036599.2673836,ATTITUDE,,,,,,,,,,,,,,,0.02138155698776245,0.2016507387161255,-2.251443862915039,,
1790036599.268491,RAW_IMU,,,,,,,,,-23,0,-1030,-33,-257,-112,,,,,
1790036599.2872891,ATTITUDE,,,,,,,,,,,,,,,0.020011119544506073,0.19586314260959625,-2.2544875144958496,,
1790036599.288576,RAW_IMU,,,,,,,,,-22,0,-1028,-35,-285,-138,,,,,
1790036599.3073392,ATTITUDE,,,,,,,,,,,,,,,0.01853959821164608,0.18965840339660645,-2.2579753398895264,,
1790036599.3091178,RAW_IMU,,,,,,,,,-20,0,-1026,-36,-307,-161,,,,,
1790036599.3274977,ATTITUDE,,,,,,,,,,,,,,,0.01701611839234829,0.18306106328964233,-2.2618184089660645,,
1790036599.3285866,RAW_IMU,,,,,,,,,-19,0,-1024,-37,-326,-179,,,,,
1790036599.3473296,ATTITUDE,,,,,,,,,,,,,,,0.015442376025021076,0.17615005373954773,-2.2659356594085693,,
1790036599.3483374,RAW_IMU,,,,,,,,,-18,0,-1023,-38,-343,-193,,,,,
1790036599.3491464,GLOBAL_POSITION_INT,-35.3604671,149.1684167,590.09,9.984,-0.42,-0.5,-0.02,230.18,,,,,,,,,,,
1790036599.3501787,GPS_RAW_INT,,,,,,,,,,,,,,,,,,6,10
1790036599.3681006,ATTITUDE,,,,,,,,,,,,,,,0.013871478848159313,0.16900621354579926,-2.270251750946045,,
1790036599.3698435,RAW_IMU,,,,,,,,,-17,0,-1021,-38,-355,-204,,,,,
1790036599.389063,ATTITUDE,,,,,,,,,,,,,,,0.012340553104877472,0.16167455911636353,-2.2746965885162354,,
1790036599.3899548,RAW_IMU,,,,,,,,,-16,0,-1019,-36,-364,-211,,,,,
1790036599.4080732,ATTITUDE,,,,,,,,,,,,,,,0.010863731615245342,0.15422950685024261,-2.279207706451416,,
1790036599.4095802,RAW_IMU,,,,,,,,,-15,0,-1017,-35,-370,-215,,,,,
1790036599.429072,ATTITUDE,,,,,,,,,,,,,,,0.0094456747174263,0.14673170447349548,-2.283729314804077,,
1790036599.4302473,RAW_IMU,,,,,,,,,-14,0,-1016,-33,-373,-216,,,,,
1790036599.4494517,ATTITUDE,,,,,,,,,,,,,,,0.00810318160802126,0.1391589492559433,-2.2882041931152344,,
1790036599.450949,RAW_IMU,,,,,,,,,-13,0,-1013,-32,-375,-215,,,,,
1790036599.4517496,GLOBAL_POSITION_INT,-35.3604674,149.1684161,590.09,9.985,-0.31,-0.38,-0.02,228.9,,,,,,,,,,,
1790036599.4523973,GPS_RAW_INT,,,,,,,,,,,,,,,,,,6,10
1790036599.4695728,ATTITUDE,,,,,,,,,,,,,,,0.006850139703601599,0.13163983821868896,-2.29259991645813,,
1790036599.470931,RAW_IMU,,,,,,,,,-12,0,-1011,-30,-373,-212,,,,,
1790036599.4895508,ATTITUDE,,,,,,,,,,,,,,,0.005706620402634144,0.12422003597021103,-2.296879529953003,,
1790036599.4904501,RAW_IMU,,,,,,,,,-11,0,-1010,-27,-368,-207,,,,,
1790036599.5099704,ATTITUDE,,,,,,,,,,,,,,,0.0046437145210802555,0.11695832759141922,-2.3010103702545166,,
1790036599.5115979,RAW_IMU,,,,,,,,,-11,-1,-1009,-25,-360,-201,,,,,
1790036599.525209,ATTITUDE,,,,,,,,,,,,,,,0.003680862719193101,0.10990806668996811,-2.304966926574707,,
1790036599.5261233,RAW_IMU,,,,,,,,,-10,-1,-1008,-22,-349,-193,,,,,
1790036599.545063,ATTITUDE,,,,,,,,,,,,,,,0.0027998078148812056,0.10307151824235916,-2.3087308406829834,,
1790036599.5461113,RAW_IMU,,,,,,,,,-9,-1,-1006,-21,-338,-184,,,,,
1790036599.5469573,GLOBAL_POSITION_INT,-35.3604677,149.1684156,590.09,9.986,-0.22,-0.29,-0.02,227.72,,,,,,,,,,,
1790036599.547794,GPS_RAW_INT,,,,,,,,,,,,,,,,,,6,10
1790036599.5650942,ATTITUDE,,,,,,,,,,,,,,,0.0020101487170904875,0.0964711606502533,-2.3122880458831787,,
1790036599.5658917,RAW_IMU,,,,,,,,,-9,-1,-1005,-19,-327,-174,,,,,
1790036599.585125,ATTITUDE,,,,,,,,,,,,,,,0.0013134719338268042,0.09012574702501297,-2.315627098083496,,
1790036599.5862134,RAW_IMU,,,,,,,,,-8,-1,-1004,-16,-314,-163,,,,,
1790036599.6051998,ATTITUDE,,,,,,,,,,,,,,,0.0006727986037731171,0.08404771983623505,-2.318739652633667,,
1790036599.6064093,RAW_IMU,,,,,,,,,-8,-1,-1003,-15,-301,-152,,,,,
1790036599.6399522,ATTITUDE,,,,,,,,,,,,,,,0.0001478789490647614,0.07823178917169571,-2.3216183185577393,,
1790036599.6408217,RAW_IMU,,,,,,,,,-7,-1,-1003,-11,-288,-141,,,,,
1790036599.6458485,ATTITUDE,,,,,,,,,,,,,,,-0.00031559704802930355,0.07266413420438766,-2.3242623805999756,,
1790036599.6466906,RAW_IMU,,,,,,,,,-7,-1,-1002,-10,-274,-129,,,,,
1790036599.6480432,GLOBAL_POSITION_INT,-35.360468,149.1684153,590.09,9.987,-0.17,-0.23,-0.02,226.83,,,,,,,,,,,
1790036599.6487997,GPS_RAW_INT,,,,,,,,,,,,,,,,,,6,10
1790036599.6657236,ATTITUDE,,,,,,,,,,,,,,,-0.0007033290457911789,0.06737417727708817,-2.326676845550537,,
1790036599.66635,RAW_IMU,,,,,,,,,-6,-1,-1002,-8,-261,-118,,,,,
1790036599.6859393,ATTITUDE,,,,,,,,,,,,,,,-0.001054127118550241,0.06236164644360542,-2.3288609981536865,,
1790036599.6870666,RAW_IMU,,,,,,,,,-6,-1,-1001,-7,-247,-106,,,,,
1790036599.7058926,ATTITUDE,,,,,,,,,,,,,,,-0.001373330014757812,0.057632993906736374,-2.330822229385376,,
1790036599.7070646,RAW_IMU,,,,,,,,,-6,-1,-1000,-7,-232,-95,,,,,
1790036599.7263641,ATTITUDE,,,,,,,,,,,,,,,-0.0016638480592519045,0.053159378468990326,-2.3325631618499756,,
1790036599.7276926,RAW_IMU,,,,,,,,,-5,-1,-999,-6,-220,-84,,,,,
1790036599.7465196,ATTITUDE,,,,,,,,,,,,,,,-0.0019281243439763784,0.04900418594479561,-2.334094762802124,,
1790036599.748698,RAW_IMU,,,,,,,,,-5,-1,-999,-6,-204,-74,,,,,
1790036599.749696,GLOBAL_POSITION_INT,-35.3604682,149.1684149,590.09,9.988,-0.13,-0.19,-0.01,226.27,,,,,,,,,,,
1790036599.7505329,GPS_RAW_INT,,,,,,,,,,,,,,,,,,6,10
1790036599.766413,ATTITUDE,,,,,,,,,,,,,,,-0.002170630032196641,0.04510345309972763,-2.335426092147827,,
1790036599.7676315,RAW_IMU,,,,,,,,,-5,-1,-1000,-6,-191,-64,,,,,
1790036599.786783,ATTITUDE,,,,,,,,,,,,,,,-0.002383618149906397,0.04145931825041771,-2.3365659713745117,,
1790036599.788001,RAW_IMU,,,,,,,,,-5,-1,-999,-5,-179,-54,,,,,
1790036599.8065705,ATTITUDE,,,,,,,,,,,,,,,-0.002527228556573391,0.03803084045648575,-2.3375256061553955,,
1790036599.8083024,RAW_IMU,,,,,,,,,-4,-1,-999,-2,-168,-45,,,,,
1790036599.8272922,ATTITUDE,,,,,,,,,,,,,,,-0.002684598555788398,0.03486296907067299,-2.3383162021636963,,
1790036599.8290057,RAW_IMU,,,,,,,,,-4,-1,-999,-3,-155,-37,,,,,
1790036599.8472,ATTITUDE,,,,,,,,,,,,,,,-0.002787630306556821,0.03192893788218498,-2.338955879211426,,
1790036599.848725,RAW_IMU,,,,,,,,,-4,-1,-999,-1,-143,-29,,,,,
1790036599.8498387,GLOBAL_POSITION_INT,-35.3604683,149.1684147,590.09,9.989,-0.1,-0.16,-0.01,225.99,,,,,,,,,,,
1790036599.8505034,GPS_RAW_INT,,,,,,,,,,,,,,,,,,6,10
1790036599.8672554,ATTITUDE,,,,,,,,,,,,,,,-0.0028451578691601753,0.029148250818252563,-2.339453935623169,,
1790036599.8686497,RAW_IMU,,,,,,,,,-4,-1,-999,0,-135,-22,,,,,
1790036599.8958647,ATTITUDE,,,,,,,,,,,,,,,-0.002932867733761668,0.02660975232720375,-2.3398215770721436,,
1790036599.897041,RAW_IMU,,,,,,,,,-4,-1,-998,0,-124,-15,,,,,
1790036599.9091098,ATTITUDE,,,,,,,,,,,,,,,-0.0030523906461894512,0.02423473820090294,-2.3400697708129883,,
1790036599.9104476,RAW_IMU,,,,,,,,,-4,-1,-998,-2,-115,-9,,,,,
1790036599.929631,ATTITUDE,,,,,,,,,,,,,,,-0.0031399475410580635,0.0220673568546772,-2.340207576751709,,
1790036599.931072,RAW_IMU,,,,,,,,,-3,-1,-999,-1,-105,-4,,,,,
1790036599.949593,ATTITUDE,,,,,,,,,,,,,,,-0.003192219417542219,0.020058615133166313,-2.340249538421631,,
1790036599.9507394,RAW_IMU,,,,,,,,,-3,-1,-998,0,-97,0,,,,,
1790036599.951812,GLOBAL_POSITION_INT,-35.3604684,149.1684144,590.1,9.99,-0.09,-0.14,-0.01,225.92,,,,,,,,,,,
1790036599.9526315,GPS_RAW_INT,,,,,,,,,,,,,,,,,,6,10
1790036599.969425,ATTITUDE,,,,,,,,,,,,,,,-0.0032776310108602047,0.01823592744767666,-2.340204954147339,,
1790036599.970412,RAW_IMU,,,,,,,,,-3,-1,-999,0,-88,5,,,,,
1790036599.98958,ATTITUDE,,,,,,,,,,,,,,,-0.003395714098587632,0.01653156988322735,-2.340087413787842,,
1790036599.9914043,RAW_IMU,,,,,,,,,-3,-1,-999,-3,-82,8,,,,,
1790036600.005347,ATTITUDE,,,,,,,,,,,,,,,-0.0034347199834883213,0.015000742860138416,-2.339905261993408,,
1790036600.006776,RAW_IMU,,,,,,,,,-3,-1,-998,0,-73,12,,,,,
1790036600.026453,ATTITUDE,,,,,,,,,,,,,,,-0.0034551802091300488,0.01358073204755783,-2.3396668434143066,,
1790036600.0278466,RAW_IMU,,,,,,,,,-3,-1,-999,2,-68,14,,,,,
1790036600.04715,ATTITUDE,,,,,,,,,,,,,,,-0.0035033966414630413,0.012301553972065449,-2.339390754699707,,
1790036600.0481448,RAW_IMU,,,,,,,,,-3,0,-999,0,-61,17,,,,,
1790036600.0489488,GLOBAL_POSITION_INT,-35.3604685,149.1684142,590.1,9.991,-0.08,-0.13,-0.01,225.97,,,,,,,,,,,
1790036600.049691,GPS_RAW_INT,,,,,,,,,,,,,,,,,,6,10
1790036600.06774,ATTITUDE,,,,,,,,,,,,,,,-0.0035743596963584423,0.011129221878945827,-2.339077949523926,,
1790036600.0687003,RAW_IMU,,,,,,,,,-3,0,-999,0,-56,19,,,,,
1790036600.0888557,ATTITUDE,,,,,,,,,,,,,,,-0.0036143665201961994,0.010073479264974594,-2.338738203048706,,
1790036600.090537,RAW_IMU,,,,,,,,,-2,0,-999,0,-49,20,,,,,
1790036600.1080291,ATTITUDE,,,,,,,,,,,,,,,-0.0036067164037376642,0.009101089090108871,-2.338376760482788,,
1790036600.1087298,RAW_IMU,,,,,,,,,-2,-1,-999,3,-46,21,,,,,
1790036600.1274586,ATTITUDE,,,,,,,,,,,,,,,-0.0036016388330608606,0.008266694843769073,-2.3379967212677,,
1790036600.1278074,RAW_IMU,,,,,,,,,-2,0,-1000,3,-38,22,,,,,
1790036600.1485066,ATTITUDE,,,,,,,,,,,,,,,-0.0036591626703739166,0.007480603642761707,-2.3376083374023438,,
1790036600.1490123,RAW_IMU,,,,,,,,,-2,0,-999,0,-36,22,,,,,
1790036600.149284,GLOBAL_POSITION_INT,-35.3604686,149.1684141,590.1,9.991,-0.08,-0.12,0.0,226.07,,,,,,,,,,,
1790036600.1495671,GPS_RAW_INT,,,,,,,,,,,,,,,,,,6,10
1790036600.1665463,ATTITUDE,,,,,,,,,,,,,,,-0.0037254816852509975,0.006831036414951086,-2.337219476699829,,
1790036600.1677313,RAW_IMU,,,,,,,,,-2,0,-999,0,-30,23,,,,,
1790036600.184848,ATTITUDE,,,,,,,,,,,,,,,-0.0037896730937063694,0.006234496366232634,-2.336831569671631,,
1790036600.1855881,RAW_IMU,,,,,,,,,-2,0,-1000,0,-26,22,,,,,
1790036600.2051413,ATTITUDE,,,,,,,,,,,,,,,-0.003784673288464546,0.005679106339812279,-2.3364474773406982,,
1790036600.2067854,RAW_IMU,,,,,,,,,-2,0,-999,3,-25,22,,,,,
1790036600.2253432,ATTITUDE,,,,,,,,,,,,,,,-0.0038262484595179558,0.005236766766756773,-2.3360705375671387,,
1790036600.2269819,RAW_IMU,,,,,,,,,-2,0,-999,1,-19,22,,,,,
1790036600.2455988,ATTITUDE,,,,,,,,,,,,,,,-0.0038675798568874598,0.004783447831869125,-2.335716485977173,,
1790036600.247104,RAW_IMU,,,,,,,,,-2,0,-1000,0,-19,21,,,,,
1790036600.2483187,GLOBAL_POSITION_INT,-35.3604687,149.1684139,590.1,9.992,-0.08,-0.11,0.0,226.18,,,,,,,,,,,
1790036600.2492666,GPS_RAW_INT,,,,,,,,,,,,,,,,,,6,10
1790036600.2655902,ATTITUDE,,,,,,,,,,,,,,,-0.003909583203494549,0.004396248143166304,-2.3353750705718994,,
1790036600.2670898,RAW_IMU,,,,,,,,,-2,0,-1000,0,-16,20,,,,,
1790036600.2854965,ATTITUDE,,,,,,,,,,,,,,,-0.003898339346051216,0.00403728848323226,-2.335050106048584,,
1790036600.286452,RAW_IMU,,,,,,,,,-2,0,-1000,3,-15,20,,,,,
1790036600.3057175,ATTITUDE,,,,,,,,,,,,,,,-0.003928806632757187,0.0037894167471677065,-2.3347439765930176,,
1790036600.3069062,RAW_IMU,,,,,,,,,-2,0,-999,2,-9,19,,,,,
1790036600.3258073,ATTITUDE,,,,,,,,,,,,,,,-0.003906236495822668,0.0035264110192656517,-2.3344550132751465,,
1790036600.3268757,RAW_IMU,,,,,,,,,-2,0,-1000,3,-10,18,,,,,
1790036600.3455403,ATTITUDE,,,,,,,,,,,,,,,-0.0038562873378396034,0.0033733188174664974,-2.3341894149780273,,
1790036600.3469234,RAW_IMU,,,,,,,,,-2,0,-999,5,-5,17,,,,,
1790036600.3481357,GLOBAL_POSITION_INT,-35.3604688,149.1684137,590.1,9.992,-0.07,-0.1,0.0,226.27,,,,,,,,,,,
1790036600.3489027,GPS_RAW_INT,,,,,,,,,,,,,,,,,,6,10
1790036600.3656685,ATTITUDE,,,,,,,,,,,,,,,-0.0038102823309600353,0.0032436202745884657,-2.3339478969573975,,
1790036600.367503,RAW_IMU,,,,,,,,,-2,0,-1000,5,-3,15,,,,,
1790036600.3931744,ATTITUDE,,,,,,,,,,,,,,,-0.003765204455703497,0.0031170272268354893,-2.3337302207946777,,
1790036600.395287,RAW_IMU,,,,,,,,,-2,0,-1000,5,-3,14,,,,,
1790036600.4056811,ATTITUDE,,,,,,,,,,,,,,,-0.0037246958818286657,0.0029934621416032314,-2.333533525466919,,
1790036600.406743,RAW_IMU,,,,,,,,,-2,0,-1000,5,-3,13,,,,,
1790036600.4269445,ATTITUDE,,,,,,,,,,,,,,,-0.0036853766068816185,0.0028813788667321205,-2.3333582878112793,,
1790036600.4286528,RAW_IMU,,,,,,,,,-2,0,-1000,5,-2,12,,,,,
1790036600.4463012,ATTITUDE,,,,,,,,,,,,,,,-0.0036464256700128317,0.002842165529727936,-2.333214521408081,,
1790036600.4471147,RAW_IMU,,,,,,,,,-2,0,-1000,5,0,11,,,,,
1790036600.4481213,GLOBAL_POSITION_INT,-35.3604688,149.1684136,590.1,9.992,-0.07,-0.1,0.0,226.32,,,,,,,,,,,
1790036600.448802,GPS_RAW_INT,,,,,,,,,,,,,,,,,,6,10
1790036600.4672177,ATTITUDE,,,,,,,,,,,,,,,-0.0036085217725485563,0.00280809891410172,-2.333089828491211,,
1790036600.4685159,RAW_IMU,,,,,,,,,-2,0,-1000,5,1,10,,,,,
1790036600.486304,ATTITUDE,,,,,,,,,,,,,,,-0.0035724295303225517,0.002780962735414505,-2.3329856395721436,,
1790036600.4877357,RAW_IMU,,,,,,,,,-2,0,-1000,4,1,9,,,,,
1790036600.5064921,ATTITUDE,,,,,,,,,,,,,,,-0.0035395650193095207,0.0028186007402837276,-2.3329010009765625,,
1790036600.5077524,RAW_IMU,,,,,,,,,-2,0,-1000,4,4,8,,,,,
1790036600.5272963,ATTITUDE,,,,,,,,,,,,,,,-0.0035083391703665257,0.002859919099137187,-2.332831382751465,,
1790036600.5284631,RAW_IMU,,,,,,,,,-2,0,-1000,4,5,7,,,,,
1790036600.5471346,ATTITUDE,,,,,,,,,,,,,,,-0.0034779070410877466,0.0029158410616219044,-2.332779884338379,,
1790036600.548299,RAW_IMU,,,,,,,,,-2,0,-1000,4,5,6,,,,,
1790036600.5491636,GLOBAL_POSITION_INT,-35.3604689,149.1684135,590.1,9.992,-0.07,-0.09,0.0,226.35,,,,,,,,,,,
1790036600.5498939,GPS_RAW_INT,,,,,,,,,,,,,,,,,,6,10
1790036600.5676863,ATTITUDE,,,,,,,,,,,,,,,-0.0034498313907533884,0.0030066228937357664,-2.332745313644409,,
1790036600.5690057,RAW_IMU,,,,,,,,,-2,0,-1000,4,7,5,,,,,
1790036600.5876536,ATTITUDE,,,,,,,,,,,,,,,-0.003423355519771576,0.00309142773039639,-2.332726001739502,,
1790036600.5888698,RAW_IMU,,,,,,,,,-1,0,-1000,4,7,4,,,,,
1790036600.607862,ATTITUDE,,,,,,,,,,,,,,,-0.0033875100780278444,0.0031890487298369408,-2.3327200412750244,,
1790036600.6093936,RAW_IMU,,,,,,,,,-1,0,-1000,4,7,3,,,,,
1790036600.6457462,ATTITUDE,,,,,,,,,,,,,,,-0.0033592390827834606,0.0033223533537238836,-2.3327250480651855,,
1790036600.6479738,RAW_IMU,,,,,,,,,-1,0,-1001,4,9,3,,,,,
1790036600.6500075,ATTITUDE,,,,,,,,,,,,,,,-0.0032862413208931684,0.0034567355178296566,-2.332749843597412,,
1790036600.6528213,RAW_IMU,,,,,,,,,-1,0,-1001,6,9,2,,,,,
1790036600.6536353,GLOBAL_POSITION_INT,-35.360469,149.1684134,590.1,9.992,-0.07,-0.09,0.0,226.35,,,,,,,,,,,
1790036600.65447,GPS_RAW_INT,,,,,,,,,,,,,,,,,,6,10
1790036600.668027,ATTITUDE,,,,,,,,,,,,,,,-0.0032628586050122976,0.003584310645237565,-2.3327834606170654,,
1790036600.6689873,RAW_IMU,,,,,,,,,-1,0,-1001,5,9,2,,,,,
1790036600.6875944,ATTITUDE,,,,,,,,,,,,,,,-0.0032077559735625982,0.0037101421039551497,-2.3328261375427246,,
1790036600.6887455,RAW_IMU,,,,,,,,,-1,0,-1001,5,8,1,,,,,
1790036600.7077389,ATTITUDE,,,,,,,,,,,,,,,-0.0031559555791318417,0.003896190319210291,-2.3328752517700195,,
1790036600.7089138,RAW_IMU,,,,,,,,,-1,0,-1001,6,11,1,,,,,
1790036600.7280982,ATTITUDE,,,,,,,,,,,,,,,-0.003120176261290908,0.0040799337439239025,-2.3329286575317383,,
1790036600.7295,RAW_IMU,,,,,,,,,-1,0,-1001,4,12,1,,,,,
1790036600.7484658,ATTITUDE,,,,,,,,,,,,,,,-0.003033579094335437,0.004266100004315376,-2.3329899311065674,,
1790036600.7500923,RAW_IMU,,,,,,,,,-1,0,-1001,7,11,0,,,,,
1790036600.7506766,GLOBAL_POSITION_INT,-35.360469,149.1684133,590.1,9.992,-0.07,-0.08,0.0,226.33,,,,,,,,,,,
1790036600.7513797,GPS_RAW_INT,,,,,,,,,,,,,,,,,,6,10
1790036600.7694223,ATTITUDE,,,,,,,,,,,,,,,-0.0029532290063798428,0.004487752448767424,-2.3330540657043457,,
1790036600.7711031,RAW_IMU,,,,,,,,,-1,0,-1001,7,13,0,,,,,
1790036600.788515,ATTITUDE,,,,,,,,,,,,,,,-0.002875549253076315,0.0047097476199269295,-2.3331222534179688,,
1790036600.7898936,RAW_IMU,,,,,,,,,-1,0,-1001,7,13,0,,,,,
1790036600.8086958,ATTITUDE,,,,,,,,,,,,,,,-0.0028018350712955,0.004929294344037771,-2.333190679550171,,
1790036600.8106234,RAW_IMU,,,,,,,,,-1,0,-1001,6,14,0,,,,,
1790036600.8289664,ATTITUDE,,,,,,,,,,,,,,,-0.002730326959863305,0.005159304011613131,-2.3332576751708984,,
1790036600.831208,RAW_IMU,,,,,,,,,-1,0,-1001,6,13,0,,,,,
1790036600.8493397,ATTITUDE,,,,,,,,,,,,,,,-0.002662144834175706,0.0053857797756791115,-2.3333353996276855,,
1790036600.8504353,RAW_IMU,,,,,,,,,-1,0,-1000,6,14,0,,,,,
1790036600.85178,GLOBAL_POSITION_INT,-35.3604691,149.1684132,590.1,9.993,-0.07,-0.08,0.0,226.31,,,,,,,,,,,
1790036600.8527718,GPS_RAW_INT,,,,,,,,,,,,,,,,,,6,10
1790036600.8695467,ATTITUDE,,,,,,,,,,,,,,,-0.0025961934588849545,0.00560599472373724,-2.333411931991577,,
1790036600.8707154,RAW_IMU,,,,,,,,,-1,0,-1001,6,13,0,,,,,
1790036600.8895793,ATTITUDE,,,,,,,,,,,,,,,-0.002534083556383848,0.005831284448504448,-2.333489418029785,,
1790036600.8907847,RAW_IMU,,,,,,,,,-1,0,-1001,6,14,0,,,,,
1790036600.9104412,ATTITUDE,,,,,,,,,,,,,,,-0.0024734579492360353,0.006018135230988264,-2.333566904067993,,
1790036600.9116018,RAW_IMU,,,,,,,,,-1,0,-1000,6,11,0,,,,,
1790036600.9310567,ATTITUDE,,,,,,,,,,,,,,,-0.002417938783764839,0.006234926637262106,-2.333641767501831,,
1790036600.9323466,RAW_IMU,,,,,,,,,-1,0,-1000,6,13,0,,,,,
1790036600.945688,ATTITUDE,,,,,,,,,,,,,,,-0.0023642422165721655,0.006377698387950659,-2.33371639251709,,
1790036600.9465654,RAW_IMU,,,,,,,,,-1,0,-1001,5,9,0,,,,,
1790036600.9475682,GLOBAL_POSITION_INT,-35.3604691,149.1684131,590.1,9.993,-0.06,-0.07,0.0,226.29,,,,,,,,,,,
1790036600.9488873,GPS_RAW_INT,,,,,,,,,,,,,,,,,,6,10
1790036600.9659896,ATTITUDE,,,,,,,,,,,,,,,-0.002311616437509656,0.006584176793694496,-2.3337924480438232,,
1790036600.967379,RAW_IMU,,,,,,,,,-1,0,-1001,5,13,0,,,,,
1790036600.9856584,ATTITUDE,,,,,,,,,,,,,,,-0.0022630495950579643,0.006693197414278984,-2.3338680267333984,,
1790036600.9864004,RAW_IMU,,,,,,,,,-1,0,-1001,5,8,0,,,,,
1790036601.0056584,ATTITUDE,,,,,,,,,,,,,,,-0.0022177062928676605,0.006877630949020386,-2.3339426517486572,,
1790036601.0063455,RAW_IMU,,,,,,,,,-1,0,-1000,5,11,0,,,,,
1790036601.025941,ATTITUDE,,,,,,,,,,,,,,,-0.002173721557483077,0.006972556468099356,-2.3340158462524414,,
1790036601.0280588,RAW_IMU,,,,,,,,,-1,0,-1000,5,8,0,,,,,
1790036601.0462277,ATTITUDE,,,,,,,,,,,,,,,-0.0021312509197741747,0.007133820094168186,-2.334096670150757,,
1790036601.0471582,RAW_IMU,,,,,,,,,-1,0,-1000,5,10,0,,,,,
1790036601.0481882,GLOBAL_POSITION_INT,-35.3604691,149.168413,590.1,9.993,-0.06,-0.06,0.0,226.27,,,,,,,,,,,
1790036601.0489974,GPS_RAW_INT,,,,,,,,,,,,,,,,,,6,10
1790036601.0661783,ATTITUDE,,,,,,,,,,,,,,,-0.0020985743030905724,0.007241185754537582,-2.3341763019561768,,
1790036601.067231,RAW_IMU,,,,,,,,,-1,0,-1001,4,8,0,,,,,
1790036601.08615,ATTITUDE,,,,,,,,,,,,,,,-0.002034814329817891,0.0073912013322114944,-2.334251880645752,,
1790036601.087005,RAW_IMU,,,,,,,,,0,0,-1001,6,9,0,,,,,
1790036601.106205,ATTITUDE,,,,,,,,,,,,,,,-0.002039073035120964,0.007478779647499323,-2.334321975708008,,
1790036601.1070793,RAW_IMU,,,,,,,,,-1,0,-1001,3,7,0,,,,,
1790036601.1431391,ATTITUDE,,,,,,,,,,,,,,,-0.001966568874195218,0.007566290441900492,-2.334386110305786,,
1790036601.1437888,RAW_IMU,,,,,,,,,-1,0,-1001,6,6,0,,,,,
1790036601.146013,ATTITUDE,,,,,,,,,,,,,,,-0.0019701779820024967,0.007669677957892418,-2.334444522857666,,
1790036601.1465871,RAW_IMU,,,,,,,,,0,0,-1001,3,7,0,,,,,
1790036601.1468751,GLOBAL_POSITION_INT,-35.3604692,149.168413,590.1,9.993,-0.05,-0.06,0.0,226.25,,,,,,,,,,,
1790036601.148191,GPS_RAW_INT,,,,,,,,,,,,,,,,,,6,10
1790036601.1661396,ATTITUDE,,,,,,,,,,,,,,,-0.001901227398775518,0.007767652627080679,-2.3344972133636475,,
1790036601.1679106,RAW_IMU,,,,,,,,,0,0,-1001,6,7,1,,,,,
1790036601.1861339,ATTITUDE,,,,,,,,,,,,,,,-0.0019165633711963892,0.007861198857426643,-2.334545373916626,,
1790036601.187122,RAW_IMU,,,,,,,,,0,0,-1001,2,7,1,,,,,
1790036601.206165,ATTITUDE,,,,,,,,,,,,,,,-0.0018401718698441982,0.007953519001603127,-2.3345868587493896,,
1790036601.2077365,RAW_IMU,,,,,,,,,0,0,-1001,6,7,1,,,,,
1790036601.2268732,ATTITUDE,,,,,,,,,,,,,,,-0.0018479828722774982,0.008038879372179508,-2.3346216678619385,,
1790036601.2281113,RAW_IMU,,,,,,,,,0,0,-1001,3,7,1,,,,,
1790036601.246721,ATTITUDE,,,,,,,,,,,,,,,-0.0017734116408973932,0.008095440454781055,-2.3346595764160156,,
1790036601.2479722,RAW_IMU,,,,,,,,,0,0,-1001,6,5,1,,,,,
1790036601.249394,GLOBAL_POSITION_INT,-35.3604692,149.1684129,590.1,9.993,-0.05,-0.05,0.0,226.24,,,,,,,,,,,
1790036601.2514007,GPS_RAW_INT,,,,,,,,,,,,,,,,,,6,10
1790036601.2670553,ATTITUDE,,,,,,,,,,,,,,,-0.0017586408648639917,0.008137150667607784,-2.33469295501709,,
1790036601.2683978,RAW_IMU,,,,,,,,,0,0,-1001,4,4,2,,,,,
1790036601.2870252,ATTITUDE,,,,,,,,,,,,,,,-0.0016811630921438336,0.008173871785402298,-2.334723949432373,,
1790036601.2876194,RAW_IMU,,,,,,,,,0,0,-1001,6,4,2,,,,,
1790036601.3069992,ATTITUDE,,,,,,,,,,,,,,,-0.0016435381257906556,0.008165014907717705,-2.334751605987549,,
1790036601.3083477,RAW_IMU,,,,,,,,,0,0,-1001,6,2,2,,,,,
1790036601.327394,ATTITUDE,,,,,,,,,,,,,,,-0.0015882645966485143,0.008199264295399189,-2.3347764015197754,,
1790036601.3292296,RAW_IMU,,,,,,,,,0,0,-1001,5,4,2,,,,,
1790036601.3469892,ATTITUDE,,,,,,,,,,,,,,,-0.0015361661789938807,0.008155457675457,-2.33480167388916,,
1790036601.3478785,RAW_IMU,,,,,,,,,0,0,-1001,6,0,2,,,,,
1790036601.348696,GLOBAL_POSITION_INT,-35.3604692,149.1684129,590.1,9.993,-0.04,-0.04,0.0,226.23,,,,,,,,,,,
1790036601.349653,GPS_RAW_INT,,,,,,,,,,,,,,,,,,6,10
1790036601.3671777,ATTITUDE,,,,,,,,,,,,,,,-0.001500846236012876,0.008166833780705929,-2.3348255157470703,,
1790036601.368131,RAW_IMU,,,,,,,,,0,0,-1001,4,3,2,,,,,
1790036601.3889337,ATTITUDE,,,,,,,,,,,,,,,-0.0014436098281294107,0.008118096739053726,-2.334850311279297,,
1790036601.3895674,RAW_IMU,,,,,,,,,0,0,-1001,6,0,2,,,,,
1790036601.406889,ATTITUDE,,,,,,,,,,,,,,,-0.0014244484482333064,0.00812735129147768,-2.3348727226257324,,
1790036601.4078074,RAW_IMU,,,,,,,,,0,0,-1001,3,3,2,,,,,
1790036601.4274237,ATTITUDE,,,,,,,,,,,,,,,-0.0013544197427108884,0.008051512762904167,-2.334892749786377,,
1790036601.4287584,RAW_IMU,,,,,,,,,0,0,-1001,6,0,2,,,,,
1790036601.447233,ATTITUDE,,,,,,,,,,,,,,,-0.001331847277469933,0.00805762130767107,-2.334920883178711,,
1790036601.4491158,RAW_IMU,,,,,,,,,0,0,-1001,4,2,2,,,,,
1790036601.450211,GLOBAL_POSITION_INT,-35.3604692,149.1684129,590.1,9.993,-0.04,-0.03,0.0,226.22,,,,,,,,,,,
1790036601.4510655,GPS_RAW_INT,,,,,,,,,,,,,,,,,,6,10
1790036601.467777,ATTITUDE,,,,,,,,,,,,,,,-0.001256486983038485,0.00799034908413887,-2.3349497318267822,,
1790036601.469257,RAW_IMU,,,,,,,,,0,0,-1001,7,0,2,,,,,
1790036601.4876566,ATTITUDE,,,,,,,,,,,,,,,-0.0012450782814994454,0.007997536100447178,-2.3349783420562744,,
1790036601.4891105,RAW_IMU,,,,,,,,,0,0,-1001,4,2,2,,,,,
1790036601.5081542,ATTITUDE,,,,,,,,,,,,,,,-0.0011627443600445986,0.007912607863545418,-2.3350071907043457,,
1790036601.509856,RAW_IMU,,,,,,,,,0,0,-1001,7,-1,2,,,,,
1790036601.5285153,ATTITUDE,,,,,,,,,,,,,,,-0.001143974019214511,0.007903817109763622,-2.335035800933838,,
1790036601.5302923,RAW_IMU,,,,,,,,,0,0,-1001,4,1,2,,,,,
1790036601.5486233,ATTITUDE,,,,,,,,,,,,,,,-0.001068255864083767,0.007808644790202379,-2.3350653648376465,,
1790036601.5499258,RAW_IMU,,,,,,,,,0,0,-1001,6,-1,2,,,,,
1790036601.550731,GLOBAL_POSITION_INT,-35.3604692,149.1684129,590.1,9.993,-0.03,-0.03,0.0,226.22,,,,,,,,,,,
1790036601.5514178,GPS_RAW_INT,,,,,,,,,,,,,,,,,,6,10
1790036601.570928,ATTITUDE,,,,,,,,,,,,,,,-0.0010386067442595959,0.007771237753331661,-2.3350956439971924,,
1790036601.57197,RAW_IMU,,,,,,,,,0,0,-1001,5,0,2,,,,,
1790036601.5887485,ATTITUDE,,,,,,,,,,,,,,,-0.0009566220105625689,0.0076562147587537766,-2.3351247310638428,,
1790036601.5900078,RAW_IMU,,,,,,,,,0,0,-1001,6,-2,2,,,,,
1790036601.6087682,ATTITUDE,,,,,,,,,,,,,,,-0.0008793807937763631,0.0075674233958125114,-2.3351519107818604,,
1790036601.61014,RAW_IMU,,,,,,,,,0,0,-999,7,-2,2,,,,,
1790036601.6462438,ATTITUDE,,,,,,,,,,,,,,,-0.0008453590562567115,0.007510412950068712,-2.3351781368255615,,
1790036601.6480775,RAW_IMU,,,,,,,,,0,0,-996,4,0,2,,,,,
1790036601.650887,ATTITUDE,,,,,,,,,,,,,,,-0.0007824335480108857,0.007428728975355625,-2.3352103233337402,,
1790036601.6520624,RAW_IMU,,,,,,,,,0,0,-990,6,-1,2,,,,,
1790036601.6539612,GLOBAL_POSITION_INT,-35.3604693,149.1684129,590.1,9.993,-0.03,-0.02,0.0,226.21,,,,,,,,,,,
1790036601.655461,GPS_RAW_INT,,,,,,,,,,,,,,,,,,6,10
1790036601.6696656,ATTITUDE,,,,,,,,,,,,,,,-0.0007457019528374076,0.007375315297394991,-2.3352408409118652,,
1790036601.6708713,RAW_IMU,,,,,,,,,0,0,-984,5,0,2,,,,,
1790036601.6877692,ATTITUDE,,,,,,,,,,,,,,,-0.0006978601450100541,0.00730825774371624,-2.3352718353271484,,
1790036601.6887064,RAW_IMU,,,,,,,,,0,0,-976,5,0,2,,,,,
1790036601.7053127,ATTITUDE,,,,,,,,,,,,,,,-0.0006508819642476737,0.007224702276289463,-2.3353018760681152,,
1790036601.7058852,RAW_IMU,,,,,,,,,0,0,-969,5,-1,2,,,,,
1790036601.7285757,ATTITUDE,,,,,,,,,,,,,,,-0.0006049625808373094,0.007144574541598558,-2.3353281021118164,,
1790036601.729131,RAW_IMU,,,,,,,,,0,0,-961,5,-1,2,,,,,
1790036601.7461712,ATTITUDE,,,,,,,,,,,,,,,-0.0005609124782495201,0.007067815866321325,-2.3353538513183594,,
1790036601.7469757,RAW_IMU,,,,,,,,,0,0,-953,5,-1,2,,,,,
1790036601.747743,GLOBAL_POSITION_INT,-35.3604693,149.1684129,590.1,9.991,-0.02,-0.02,0.02,226.2,,,,,,,,,,,
1790036601.7483416,GPS_RAW_INT,,,,,,,,,,,,,,,,,,6,10
1790036601.7654252,ATTITUDE,,,,,,,,,,,,,,,-0.0005077383830212057,0.0069756112061440945,-2.3353800773620605,,
1790036601.7665164,RAW_IMU,,,,,,,,,0,0,-944,5,-1,2,,,,,
1790036601.7858071,ATTITUDE,,,,,,,,,,,,,,,-0.0004511574807111174,0.006865344941616058,-2.33540678024292,,
1790036601.7869077,RAW_IMU,,,,,,,,,0,0,-936,6,-2,2,,,,,
1790036601.805792,ATTITUDE,,,,,,,,,,,,,,,-0.0003965359355788678,0.0067675369791686535,-2.3354310989379883,,
1790036601.807284,RAW_IMU,,,,,,,,,0,0,-928,6,-2,2,,,,,
1790036601.826348,ATTITUDE,,,,,,,,,,,,,,,-0.00034464578493498266,0.006662198342382908,-2.3354549407958984,,
1790036601.8281317,RAW_IMU,,,,,,,,,0,0,-922,5,-2,2,,,,,
1790036601.846989,ATTITUDE,,,,,,,,,,,,,,,-0.0002828440919984132,0.006575504783540964,-2.335484027862549,,
1790036601.8485029,RAW_IMU,,,,,,,,,0,0,-918,6,-1,2,,,,,
1790036601.8496506,GLOBAL_POSITION_INT,-35.3604693,149.1684129,590.09,9.984,-0.02,-0.01,0.1,226.19,,,,,,,,,,,
1790036601.8504677,GPS_RAW_INT,,,,,,,,,,,,,,,,,,6,10
1790036601.8680518,ATTITUDE,,,,,,,,,,,,,,,-0.00023369709379039705,0.0064898328855633736,-2.3355133533477783,,
1790036601.869544,RAW_IMU,,,,,,,,,0,0,-915,5,-1,2,,,,,
1790036601.8930936,ATTITUDE,,,,,,,,,,,,,,,-0.0001887041871668771,0.006420353427529335,-2.335543394088745,,
1790036601.8944535,RAW_IMU,,,,,,,,,0,0,-912,5,0,2,,,,,
1790036601.9068687,ATTITUDE,,,,,,,,,,,,,,,-0.000127828010590747,0.006320411339402199,-2.3355720043182373,,
1790036601.9078481,RAW_IMU,,,,,,,,,0,0,-910,6,-2,2,,,,,
1790036601.9274046,ATTITUDE,,,,,,,,,,,,,,,-8.681213512318209e-05,0.006224042735993862,-2.3355982303619385,,
1790036601.9283705,RAW_IMU,,,,,,,,,0,0,-907,5,-2,2,,,,,
1790036601.9468975,ATTITUDE,,,,,,,,,,,,,,,-1.4569393897545524e-05,0.006112093571573496,-2.3356244564056396,,
1790036601.9478738,RAW_IMU,,,,,,,,,0,0,-904,6,-2,2,,,,,
1790036601.9491296,GLOBAL_POSITION_INT,-35.3604692,149.1684129,590.07,9.969,-0.01,-0.01,0.18,226.18,,,,,,,,,,,
1790036601.9509015,GPS_RAW_INT,,,,,,,,,,,,,,,,,,6,10
1790036601.9678547,ATTITUDE,,,,,,,,,,,,,,,7.702356015215628e-06,0.006003636866807938,-2.335650682449341,,
1790036601.9688942,RAW_IMU,,,,,,,,,0,0,-902,4,-2,2,,,,,
1790036601.9876504,ATTITUDE,,,,,,,,,,,,,,,6.179278716444969e-05,0.0058868080377578735,-2.3356785774230957,,
1790036601.9886854,RAW_IMU,,,,,,,,,0,0,-900,5,-2,2,,,,,
1790036602.007858,ATTITUDE,,,,,,,,,,,,,,,0.00010221194679616019,0.005765299312770367,-2.335705041885376,,
1790036602.009084,RAW_IMU,,,,,,,,,0,0,-899,5,-3,2,,,,,
1790036602.0280023,ATTITUDE,,,,,,,,,,,,,,,0.00010723603918449953,0.005648902151733637,-2.3357293605804443,,
1790036602.0293126,RAW_IMU,,,,,,,,,0,0,-897,3,-2,2,,,,,
1790036602.0467756,ATTITUDE,,,,,,,,,,,,,,,0.000185097407666035,0.005544495303183794,-2.3357605934143066,,
1790036602.047473,RAW_IMU,,,,,,,,,0,0,-895,6,-2,2,,,,,
1790036602.0493975,GLOBAL_POSITION_INT,-35.3604692,149.1684129,590.05,9.945,-0.01,0.0,0.29,226.18,,,,,,,,,,,
1790036602.0503612,GPS_RAW_INT,,,,,,,,,,,,,,,,,,6,10
1790036602.0677476,ATTITUDE,,,,,,,,,,,,,,,0.0002028327144216746,0.005429915618151426,-2.3357934951782227,,
1790036602.0695217,RAW_IMU,,,,,,,,,0,0,-894,4,-3,2,,,,,
1790036602.087615,ATTITUDE,,,,,,,,,,,,,,,0.00019384334154892713,0.005296156741678715,-2.3358259201049805,,
1790036602.0884051,RAW_IMU,,,,,,,,,0,0,-892,2,-4,2,,,,,
1790036602.106821,ATTITUDE,,,,,,,,,,,,,,,0.0002011923206737265,0.005175792146474123,-2.3358561992645264,,
1790036602.1082096,RAW_IMU,,,,,,,,,0,0,-894,3,-3,2,,,,,
1790036602.144987,ATTITUDE,,,,,,,,,,,,,,,0.00023161005810834467,0.005060952622443438,-2.3358848094940186,,
1790036602.1459806,RAW_IMU,,,,,,,,,0,0,-898,5,-3,2,,,,,
1790036602.1474643,ATTITUDE,,,,,,,,,,,,,,,0.00022731129138264805,0.004939952399581671,-2.3359146118164062,,
1790036602.1485457,RAW_IMU,,,,,,,,,0,0,-903,3,-3,2,,,,,
1790036602.149437,GLOBAL_POSITION_INT,-35.3604692,149.1684129,590.02,9.91,-0.01,0.0,0.39,226.17,,,,,,,,,,,
1790036602.1509597,GPS_RAW_INT,,,,,,,,,,,,,,,,,,6,10
1790036602.166667,ATTITUDE,,,,,,,,,,,,,,,0.0002438730007270351,0.004811447113752365,-2.3359415531158447,,
1790036602.1672688,RAW_IMU,,,,,,,,,0,0,-909,3,-3,2,,,,,
1790036602.18691,ATTITUDE,,,,,,,,,,,,,,,0.00025950861163437366,0.004679994657635689,-2.3359694480895996,,
1790036602.1876247,RAW_IMU,,,,,,,,,1,0,-915,4,-3,2,,,,,
1790036602.2068174,ATTITUDE,,,,,,,,,,,,,,,0.0002748332917690277,0.004552255384624004,-2.335995674133301,,
1790036602.2074008,RAW_IMU,,,,,,,,,0,0,-922,3,-3,2,,,,,
1790036602.2273326,ATTITUDE,,,,,,,,,,,,,,,0.00031030422542244196,0.00442862045019865,-2.3360204696655273,,
1790036602.2288089,RAW_IMU,,,,,,,,,1,0,-929,5,-3,2,,,,,
1790036602.247159,ATTITUDE,,,,,,,,,,,,,,,0.0003303294361103326,0.004318514838814735,-2.3360495567321777,,
1790036602.2495573,RAW_IMU,,,,,,,,,1,0,-937,4,-3,2,,,,,
1790036602.2503126,GLOBAL_POSITION_INT,-35.3604692,149.1684129,589.97,9.867,0.0,0.0,0.46,226.16,,,,,,,,,,,
1790036602.2512221,GPS_RAW_INT,,,,,,,,,,,,,,,,,,6,10
1790036602.2669127,ATTITUDE,,,,,,,,,,,,,,,0.0003495197161100805,0.0042113810777664185,-2.336078643798828,,
1790036602.268209,RAW_IMU,,,,,,,,,1,0,-944,4,-2,2,,,,,
1790036602.2869866,ATTITUDE,,,,,,,,,,,,,,,0.0003657393390312791,0.004107822198420763,-2.3361079692840576,,
1790036602.2881582,RAW_IMU,,,,,,,,,1,0,-950,4,-2,2,,,,,
1790036602.307081,ATTITUDE,,,,,,,,,,,,,,,0.000383578211767599,0.004000961314886808,-2.336135149002075,,
1790036602.3080022,RAW_IMU,,,,,,,,,1,0,-956,4,-2,2,,,,,
1790036602.3268924,ATTITUDE,,,,,,,,,,,,,,,0.00040976249147206545,0.0038754534907639027,-2.3361611366271973,,
1790036602.3281844,RAW_IMU,,,,,,,,,1,0,-962,4,-3,2,,,,,
1790036602.3470385,ATTITUDE,,,,,,,,,,,,,,,0.0004187343583907932,0.0037590251304209232,-2.336186647415161,,
1790036602.3477428,RAW_IMU,,,,,,,,,1,0,-965,3,-3,2,,,,,
1790036602.3489776,GLOBAL_POSITION_INT,-35.3604692,149.168413,589.92,9.819,0.0,0.0,0.51,226.15,,,,,,,,,,,
1790036602.3499064,GPS_RAW_INT,,,,,,,,,,,,,,,,,,6,10
1790036602.3668854,ATTITUDE,,,,,,,,,,,,,,,0.00042490739724598825,0.003639291739091277,-2.336211919784546,,
1790036602.3685112,RAW_IMU,,,,,,,,,1,0,-968,3,-3,2,,,,,
1790036602.3942835,ATTITUDE,,,,,,,,,,,,,,,0.00043878823635168374,0.0035095380153506994,-2.336237668991089,,
1790036602.3957396,RAW_IMU,,,,,,,,,1,0,-971,4,-3,2,,,,,
1790036602.4067883,ATTITUDE,,,,,,,,,,,,,,,0.00045141452574171126,0.0033774683251976967,-2.336261749267578,,
1790036602.4087574,RAW_IMU,,,,,,,,,1,0,-973,3,-3,2,,,,,
1790036602.4272196,ATTITUDE,,,,,,,,,,,,,,,0.00044526392593979836,0.0032843933440744877,-2.3362839221954346,,
1790036602.4294515,RAW_IMU,,,,,,,,,1,0,-976,3,-1,2,,,,,
1790036602.447093,ATTITUDE,,,,,,,,,,,,,,,0.0004761936725117266,0.0031462982296943665,-2.3363125324249268,,
1790036602.4483714,RAW_IMU,,,,,,,,,1,0,-978,4,-4,2,,,,,
1790036602.4491649,GLOBAL_POSITION_INT,-35.3604692,149.168413,589.87,9.767,0.0,0.0,0.53,226.14,,,,,,,,,,,
1790036602.4505563,GPS_RAW_INT,,,,,,,,,,,,,,,,,,6,10
1790036602.4676642,ATTITUDE,,,,,,,,,,,,,,,0.0005040401010774076,0.0030338859651237726,-2.33634090423584,,
1790036602.469542,RAW_IMU,,,,,,,,,1,0,-980,5,-3,2,,,,,
1790036602.48763,ATTITUDE,,,,,,,,,,,,,,,0.0004762028984259814,0.0029672246892005205,-2.3363702297210693,,
1790036602.489131,RAW_IMU,,,,,,,,,1,0,-983,2,0,2,,,,,
1790036602.5074193,ATTITUDE,,,,,,,,,,,,,,,0.0005124196177348495,0.0028067741077393293,-2.336398124694824,,
1790036602.5083833,RAW_IMU,,,,,,,,,1,0,-985,4,-5,2,,,,,
1790036602.5280046,ATTITUDE,,,,,,,,,,,,,,,0.000556616869289428,0.0026592088397592306,-2.3364243507385254,,
1790036602.5302756,RAW_IMU,,,,,,,,,1,0,-987,6,-5,2,,,,,
1790036602.5477736,ATTITUDE,,,,,,,,,,,,,,,0.0005485489964485168,0.0025663257110863924,-2.3364508152008057,,
1790036602.5487795,RAW_IMU,,,,,,,,,1,0,-988,2,-2,2,,,,,
1790036602.5497224,GLOBAL_POSITION_INT,-35.3604691,149.168413,589.82,9.713,0.0,0.0,0.55,226.14,,,,,,,,,,,
1790036602.5503278,GPS_RAW_INT,,,,,,,,,,,,,,,,,,6,10
1790036602.567597,ATTITUDE,,,,,,,,,,,,,,,0.0005712357233278453,0.002458669478073716,-2.336477756500244,,
1790036602.5688584,RAW_IMU,,,,,,,,,1,0,-990,4,-2,2,,,,,
1790036602.586833,ATTITUDE,,,,,,,,,,,,,,,0.0005436324863694608,0.00231078895740211,-2.3365063667297363,,
1790036602.5885131,RAW_IMU,,,,,,,,,1,0,-992,2,-4,2,,,,,
1790036602.606715,ATTITUDE,,,,,,,,,,,,,,,0.0005159510183148086,0.002168554114177823,-2.3365321159362793,,
1790036602.60788,RAW_IMU,,,,,,,,,1,0,-993,1,-4,2,,,,,
1790036602.6381085,ATTITUDE,,,,,,,,,,,,,,,0.0005539487465284765,0.0020830142311751842,-2.3365564346313477,,
1790036602.6386921,RAW_IMU,,,,,,,,,1,0,-995,4,-1,2,,,,,
1790036602.6474345,ATTITUDE,,,,,,,,,,,,,,,0.0005941825802437961,0.0020117720123380423,-2.3365848064422607,,
1790036602.6486082,RAW_IMU,,,,,,,,,1,0,-996,5,0,2,,,,,
1790036602.6494281,GLOBAL_POSITION_INT,-35.3604691,149.168413,589.76,9.657,0.0,0.0,0.56,226.13,,,,,,,,,,,
1790036602.650141,GPS_RAW_INT,,,,,,,,,,,,,,,,,,6,10
1790036602.6674886,ATTITUDE,,,,,,,,,,,,,,,0.000607476569712162,0.0018914347747340798,-2.336613655090332,,
1790036602.6687887,RAW_IMU,,,,,,,,,1,0,-997,4,-3,2,,,,,
1790036602.686949,ATTITUDE,,,,,,,,,,,,,,,0.0005899215466342866,0.0017889763694256544,-2.336643695831299,,
1790036602.6881056,RAW_IMU,,,,,,,,,1,0,-999,2,-2,2,,,,,
1790036602.7078779,ATTITUDE,,,,,,,,,,,,,,,0.0005730856209993362,0.0016889674589037895,-2.336669445037842,,
1790036602.709028,RAW_IMU,,,,,,,,,1,0,-999,2,-2,2,,,,,
1790036602.7282152,ATTITUDE,,,,,,,,,,,,,,,0.0005841741221956909,0.0015435791574418545,-2.336695909500122,,
1790036602.7293532,RAW_IMU,,,,,,,,,1,0,-1001,3,-4,2,,,,,
1790036602.7493799,ATTITUDE,,,,,,,,,,,,,,,0.0006042171153239906,0.0013985169352963567,-2.336721181869507,,
1790036602.7506092,RAW_IMU,,,,,,,,,1,0,-1002,4,-4,2,,,,,
1790036602.7517028,GLOBAL_POSITION_INT,-35.3604691,149.168413,589.71,9.601,0.0,0.0,0.56,226.12,,,,,,,,,,,
1790036602.7527359,GPS_RAW_INT,,,,,,,,,,,,,,,,,,6,10
1790036602.7703056,ATTITUDE,,,,,,,,,,,,,,,0.0006228105630725622,0.0012584914220497012,-2.336747169494629,,
1790036602.7714615,RAW_IMU,,,,,,,,,1,0,-1002,4,-4,2,,,,,
1790036602.790327,ATTITUDE,,,,,,,,,,,,,,,0.0006225618999451399,0.001111161895096302,-2.33677339553833,,
1790036602.792068,RAW_IMU,,,,,,,,,1,0,-1003,3,-4,2,,,,,
1790036602.8103786,ATTITUDE,,,,,,,,,,,,,,,0.0005837214412167668,0.0009608373511582613,-2.3367979526519775,,
1790036602.811482,RAW_IMU,,,,,,,,,1,0,-1005,1,-4,2,,,,,
1790036602.830335,ATTITUDE,,,,,,,,,,,,,,,0.0005472119082696736,0.0008175141992978752,-2.3368217945098877,,
1790036602.8318841,RAW_IMU,,,,,,,,,1,0,-1005,1,-4,2,,,,,
1790036602.849962,ATTITUDE,,,,,,,,,,,,,,,0.0005130040226504207,0.0006863140733912587,-2.3368499279022217,,
1790036602.851376,RAW_IMU,,,,,,,,,1,0,-1005,1,-4,2,,,,,
1790036602.8523352,GLOBAL_POSITION_INT,-35.3604691,149.168413,589.65,9.545,0.0,0.0,0.55,226.11,,,,,,,,,,,
1790036602.8532066,GPS_RAW_INT,,,,,,,,,,,,,,,,,,6,10
1790036602.8698912,ATTITUDE,,,,,,,,,,,,,,,0.0004922155640088022,0.0005887258448638022,-2.3368773460388184,,
1790036602.8710306,RAW_IMU,,,,,,,,,1,0,-1006,2,-2,2,,,,,
1790036602.8937504,ATTITUDE,,,,,,,,,,,,,,,0.000450944498879835,0.00047655944945290685,-2.3369057178497314,,
1790036602.894918,RAW_IMU,,,,,,,,,1,0,-1008,1,-2,2,,,,,
1790036602.9091415,ATTITUDE,,,,,,,,,,,,,,,0.00041454253369010985,0.0003387516480870545,-2.336932420730591,,
1790036602.910586,RAW_IMU,,,,,,,,,1,0,-1008,1,-4,2,,,,,
1790036602.9291346,ATTITUDE,,,,,,,,,,,,,,,0.00038267503259703517,0.00020696911087725312,-2.3369574546813965,,
1790036602.9309049,RAW_IMU,,,,,,,,,1,0,-1008,1,-4,2,,,,,
1790036602.9493284,ATTITUDE,,,,,,,,,,,,,,,0.00035189324989914894,7.990073208929971e-05,-2.3369836807250977,,
1790036602.9505765,RAW_IMU,,,,,,,,,1,0,-1008,1,-3,2,,,,,
1790036602.9512722,GLOBAL_POSITION_INT,-35.3604691,149.1684131,589.59,9.489,0.0,0.0,0.55,226.11,,,,,,,,,,,
1790036602.9521813,GPS_RAW_INT,,,,,,,,,,,,,,,,,,6,10
1790036602.9689429,ATTITUDE,,,,,,,,,,,,,,,0.00032127497252076864,-4.3372328946134076e-05,-2.337007522583008,,
1790036602.9710896,RAW_IMU,,,,,,,,,1,0,-1008,1,-3,2,,,,,
1790036602.9897566,ATTITUDE,,,,,,,,,,,,,,,0.000292585144052282,-0.00016507451073266566,-2.337031126022339,,
1790036602.9912658,RAW_IMU,,,,,,,,,1,0,-1008,1,-3,2,,,,,
1790036603.0098243,ATTITUDE,,,,,,,,,,,,,,,0.00028965601813979447,-0.00025469932006672025,-2.3370532989501953,,
1790036603.0111308,RAW_IMU,,,,,,,,,1,0,-1009,2,-1,2,,,,,
1790036603.030733,ATTITUDE,,,,,,,,,,,,,,,0.00027136667631566525,-0.00037580248317681253,-2.3370790481567383,,
1790036603.0330348,RAW_IMU,,,,,,,,,1,0,-1010,2,-3,2,,,,,
1790036603.0509806,ATTITUDE,,,,,,,,,,,,,,,0.0002853267069440335,-0.00041767663788050413,-2.3371059894561768,,
1790036603.0518892,RAW_IMU,,,,,,,,,1,0,-1010,3,0,2,,,,,
1790036603.0523813,GLOBAL_POSITION_INT,-35.3604691,149.1684131,589.54,9.434,0.0,0.0,0.54,226.1,,,,,,,,,,,
1790036603.0538094,GPS_RAW_INT,,,,,,,,,,,,,,,,,,6,10
1790036603.0664241,ATTITUDE,,,,,,,,,,,,,,,0.00028033225680701435,-0.000522209913469851,-2.337132453918457,,
1790036603.067402,RAW_IMU,,,,,,,,,1,0,-1010,3,-2,2,,,,,
1790036603.0864244,ATTITUDE,,,,,,,,,,,,,,,0.00026699676527641714,-0.0006091482355259359,-2.337160110473633,,
1790036603.0873175,RAW_IMU,,,,,,,,,1,0,-1010,2,-2,2,,,,,
1790036603.106378,ATTITUDE,,,,,,,,,,,,,,,0.00026117172092199326,-0.0006831522332504392,-2.3371875286102295,,
1790036603.1075716,RAW_IMU,,,,,,,,,1,0,-1010,3,-1,2,,,,,
1790036603.1510344,ATTITUDE,,,,,,,,,,,,,,,0.00023317255545407534,-0.0007545316475443542,-2.3372161388397217,,
1790036603.1515698,RAW_IMU,,,,,,,,,1,0,-1011,1,0,2,,,,,
1790036603.152123,ATTITUDE,,,,,,,,,,,,,,,0.00025370228104293346,-0.0008238688460551202,-2.3372466564178467,,
1790036603.1539762,RAW_IMU,,,,,,,,,1,0,-1010,4,0,2,,,,,
1790036603.155276,GLOBAL_POSITION_INT,-35.360469,149.1684132,589.48,9.379,0.0,0.0,0.53,226.09,,,,,,,,,,,
1790036603.160169,GPS_RAW_INT,,,,,,,,,,,,,,,,,,6,10
1790036603.1718824,ATTITUDE,,,,,,,,,,,,,,,0.00020623329328373075,-0.0008923268760554492,-2.337278366088867,,
1790036603.172423,RAW_IMU,,,,,,,,,1,0,-1010,0,0,1,,,,,
1790036603.1912742,ATTITUDE,,,,,,,,,,,,,,,0.00023862520174589008,-0.0009591434500180185,-2.3373115062713623,,
1790036603.1933956,RAW_IMU,,,,,,,,,1,0,-1010,4,0,1,,,,,
1790036603.2112422,ATTITUDE,,,,,,,,,,,,,,,0.00019789120415225625,-0.0010244464501738548,-2.337343215942383,,
1790036603.212982,RAW_IMU,,,,,,,,,1,0,-1011,1,0,1,,,,,
1790036603.2282052,ATTITUDE,,,,,,,,,,,,,,,0.0002129824715666473,-0.0010843531927093863,-2.3373758792877197,,
1790036603.230635,RAW_IMU,,,,,,,,,1,0,-1010,3,0,1,,,,,
1790036603.2492049,ATTITUDE,,,,,,,,,,,,,,,0.00019868741219397634,-0.0011352204019203782,-2.3374123573303223,,
1790036603.2503874,RAW_IMU,,,,,,,,,1,0,-1010,2,0,1,,,,,
1790036603.2514174,GLOBAL_POSITION_INT,-35.360469,149.1684132,589.43,9.326,0.0,0.0,0.52,226.08,,,,,,,,,,,
1790036603.253151,GPS_RAW_INT,,,,,,,,,,,,,,,,,,6,10
1790036603.2700093,ATTITUDE,,,,,,,,,,,,,,,0.00020172128279227763,-0.0011949354084208608,-2.337449789047241,,
1790036603.2712092,RAW_IMU,,,,,,,,,1,0,-1010,2,0,1,,,,,
1790036603.2896833,ATTITUDE,,,,,,,,,,,,,,,0.0001956498163053766,-0.0012842551805078983,-2.337488889694214,,
1790036603.291242,RAW_IMU,,,,,,,,,1,0,-1010,3,-1,1,,,,,
1790036603.311423,ATTITUDE,,,,,,,,,,,,,,,0.00018758734222501516,-0.0013682952849194407,-2.337524652481079,,
1790036603.3128352,RAW_IMU,,,,,,,,,1,0,-1009,2,-1,1,,,,,
1790036603.3269837,ATTITUDE,,,,,,,,,,,,,,,0.00017776875756680965,-0.001466565765440464,-2.3375580310821533,,
1790036603.32895,RAW_IMU,,,,,,,,,1,0,-1009,3,-2,1,,,,,
1790036603.3489282,ATTITUDE,,,,,,,,,,,,,,,0.0001534389884909615,-0.0015638949116691947,-2.3375890254974365,,
1790036603.3509197,RAW_IMU,,,,,,,,,1,0,-1009,1,-1,1,,,,,
1790036603.3519087,GLOBAL_POSITION_INT,-35.360469,149.1684132,589.38,9.272,0.0,0.0,0.51,226.07,,,,,,,,,,,
1790036603.3529997,GPS_RAW_INT,,,,,,,,,,,,,,,,,,6,10
1790036603.3689635,ATTITUDE,,,,,,,,,,,,,,,0.0001395804138155654,-0.00167283380869776,-2.337618589401245,,
1790036603.3712668,RAW_IMU,,,,,,,,,1,0,-1009,3,-3,2,,,,,
1790036603.394474,ATTITUDE,,,,,,,,,,,,,,,9.877597767626867e-05,-0.0017451001331210136,-2.3376474380493164,,
1790036603.395648,RAW_IMU,,,,,,,,,1,0,-1009,0,0,2,,,,,
1790036603.4081638,ATTITUDE,,,,,,,,,,,,,,,0.00010314906103303656,-0.0018624981166794896,-2.337672233581543,,
1790036603.40937,RAW_IMU,,,,,,,,,1,0,-1009,3,-3,2,,,,,
1790036603.4277143,ATTITUDE,,,,,,,,,,,,,,,4.925926623400301e-05,-0.0018905337201431394,-2.3376965522766113,,
1790036603.4291906,RAW_IMU,,,,,,,,,1,0,-1009,0,1,2,,,,,
1790036603.4474685,ATTITUDE,,,,,,,,,,,,,,,6.785016012145206e-05,-0.0019996503833681345,-2.3377232551574707,,
1790036603.4497325,RAW_IMU,,,,,,,,,1,0,-1008,4,-2,2,,,,,
1790036603.4506888,GLOBAL_POSITION_INT,-35.360469,149.1684132,589.33,9.22,0.0,0.0,0.5,226.06,,,,,,,,,,,
1790036603.4514759,GPS_RAW_INT,,,,,,,,,,,,,,,,,,6,10
1790036603.4684088,ATTITUDE,,,,,,,,,,,,,,,-2.1417540665424895e-06,-0.002014721278101206,-2.337749481201172,,
1790036603.4693954,RAW_IMU,,,,,,,,,1,0,-1008,0,1,2,,,,,
1790036603.4885936,ATTITUDE,,,,,,,,,,,,,,,1.1089015970355831e-05,-0.0020922746043652296,-2.3377749919891357,,
1790036603.4899864,RAW_IMU,,,,,,,,,0,0,-1008,3,0,2,,,,,
1790036603.508969,ATTITUDE,,,,,,,,,,,,,,,-5.482466804096475e-05,-0.002159224823117256,-2.3377983570098877,,
1790036603.5104232,RAW_IMU,,,,,,,,,1,0,-1008,0,-1,2,,,,,
1790036603.5292397,ATTITUDE,,,,,,,,,,,,,,,-8.096793317236006e-05,-0.002190783154219389,-2.3378190994262695,,
1790036603.5313375,RAW_IMU,,,,,,,,,0,0,-1007,1,1,2,,,,,
1790036603.5481033,ATTITUDE,,,,,,,,,,,,,,,-0.00010123719403054565,-0.0022351015359163284,-2.3378407955169678,,
1790036603.5492928,RAW_IMU,,,,,,,,,0,0,-1007,2,0,2,,,,,
1790036603.5509627,GLOBAL_POSITION_INT,-35.3604689,149.1684132,589.27,9.169,0.0,0.0,0.5,226.06,,,,,,,,,,,
1790036603.5523734,GPS_RAW_INT,,,,,,,,,,,,,,,,,,6,10
1790036603.5681353,ATTITUDE,,,,,,,,,,,,,,,-0.00012005372263956815,-0.0022798560094088316,-2.3378615379333496,,
1790036603.5694094,RAW_IMU,,,,,,,,,1,0,-1007,2,0,2,,,,,
1790036603.5884497,ATTITUDE,,,,,,,,,,,,,,,-0.00013891221897210926,-0.002324596978724003,-2.337881326675415,,
1790036603.5894053,RAW_IMU,,,,,,,,,0,0,-1007,2,0,2,,,,,
1790036603.6085098,ATTITUDE,,,,,,,,,,,,,,,-0.00015760624955873936,-0.0023686497006565332,-2.337900161743164,,
1790036603.6099434,RAW_IMU,,,,,,,,,1,0,-1007,2,0,2,,,,,
1790036603.6446226,ATTITUDE,,,,,,,,,,,,,,,-0.0001752005482558161,-0.0024094399996101856,-2.3379194736480713,,
1790036603.6459723,RAW_IMU,,,,,,,,,0,0,-1007,2,0,2,,,,,
1790036603.649738,ATTITUDE,,,,,,,,,,,,,,,-0.00019080523634329438,-0.0024424062576144934,-2.337940216064453,,
1790036603.651439,RAW_IMU,,,,,,,,,0,0,-1007,2,0,2,,,,,
1790036603.652386,GLOBAL_POSITION_INT,-35.3604689,149.1684133,589.22,9.118,0.0,0.0,0.49,226.05,,,,,,,,,,,
1790036603.653305,GPS_RAW_INT,,,,,,,,,,,,,,,,,,6,10
1790036603.669511,ATTITUDE,,,,,,,,,,,,,,,-0.0002060583356069401,-0.002473938511684537,-2.3379604816436768,,
1790036603.6712575,RAW_IMU,,,,,,,,,0,0,-1007,2,0,2,,,,,
1790036603.6896055,ATTITUDE,,,,,,,,,,,,,,,-0.0002221004106104374,-0.0025059061590582132,-2.337980270385742,,
1790036603.6910415,RAW_IMU,,,,,,,,,0,0,-1007,2,0,2,,,,,
1790036603.7098224,ATTITUDE,,,,,,,,,,,,,,,-0.00026523444103077054,-0.002541770227253437,-2.337999105453491,,
1790036603.71089,RAW_IMU,,,,,,,,,0,0,-1006,1,0,2,,,,,
1790036603.7301419,ATTITUDE,,,,,,,,,,,,,,,-0.00027810654137283564,-0.002552243648096919,-2.3380181789398193,,
1790036603.7315338,RAW_IMU,,,,,,,,,0,0,-1005,2,2,2,,,,,
1790036603.750757,ATTITUDE,,,,,,,,,,,,,,,-0.0003367070166859776,-0.0026362582575529814,-2.338041067123413,,
1790036603.7518983,RAW_IMU,,,,,,,,,0,0,-1004,0,-1,2,,,,,
1790036603.753679,GLOBAL_POSITION_INT,-35.3604689,149.1684133,589.17,9.067,0.0,0.0,0.48,226.05,,,,,,,,,,,
1790036603.7553952,GPS_RAW_INT,,,,,,,,,,,,,,,,,,6,10
1790036603.7708108,ATTITUDE,,,,,,,,,,,,,,,-0.00035827182000502944,-0.002636457560583949,-2.338062286376953,,
1790036603.7718687,RAW_IMU,,,,,,,,,0,0,-1005,1,2,2,,,,,
1790036603.790767,ATTITUDE,,,,,,,,,,,,,,,-0.0004147006256971508,-0.002715971088036895,-2.3380837440490723,,
1790036603.7923303,RAW_IMU,,,,,,,,,0,0,-1004,0,0,2,,,,,
1790036603.810866,ATTITUDE,,,,,,,,,,,,,,,-0.0004525383119471371,-0.0027163815684616566,-2.3381049633026123,,
1790036603.8119497,RAW_IMU,,,,,,,,,0,0,-1004,0,2,2,,,,,
1790036603.8262858,ATTITUDE,,,,,,,,,,,,,,,-0.00047094005276449025,-0.0027683801017701626,-2.3381259441375732,,
1790036603.827816,RAW_IMU,,,,,,,,,0,0,-1004,2,0,2,,,,,
1790036603.8460164,ATTITUDE,,,,,,,,,,,,,,,-0.000496392254717648,-0.0027759457007050514,-2.338151693344116,,
1790036603.847265,RAW_IMU,,,,,,,,,0,0,-1004,1,1,2,,,,,
1790036603.84823,GLOBAL_POSITION_INT,-35.3604688,149.1684133,589.12,9.017,0.0,0.0,0.48,226.04,,,,,,,,,,,
1790036603.850015,GPS_RAW_INT,,,,,,,,,,,,,,,,,,6,10
1790036603.8662252,ATTITUDE,,,,,,,,,,,,,,,-0.0005192937096580863,-0.002766003366559744,-2.338176965713501,,
1790036603.8670235,RAW_IMU,,,,,,,,,0,0,-1003,1,3,2,,,,,
1790036603.8912766,ATTITUDE,,,,,,,,,,,,,,,-0.0005429391749203205,-0.00276412651874125,-2.338202714920044,,
1790036603.8929386,RAW_IMU,,,,,,,,,0,0,-1003,1,2,2,,,,,
1790036603.9062717,ATTITUDE,,,,,,,,,,,,,,,-0.0005658105365000665,-0.002763124881312251,-2.3382279872894287,,
1790036603.9077358,RAW_IMU,,,,,,,,,0,0,-1003,1,2,2,,,,,
1790036603.926758,ATTITUDE,,,,,,,,,,,,,,,-0.0005879320087842643,-0.002762157004326582,-2.3382511138916016,,
1790036603.928231,RAW_IMU,,,,,,,,,0,0,-1003,2,2,2,,,,,
1790036603.9467244,ATTITUDE,,,,,,,,,,,,,,,-0.0006096807774156332,-0.0027625567745417356,-2.3382740020751953,,
1790036603.9476242,RAW_IMU,,,,,,,,,0,0,-1003,2,2,2,,,,,
1790036603.948575,GLOBAL_POSITION_INT,-35.3604688,149.1684133,589.07,8.968,0.0,0.0,0.48,226.03,,,,,,,,,,,
1790036603.9501946,GPS_RAW_INT,,,,,,,,,,,,,,,,,,6,10
1790036603.9666564,ATTITUDE,,,,,,,,,,,,,,,-0.0006314518395811319,-0.0027643151115626097,-2.338296890258789,,
1790036603.9676795,RAW_IMU,,,,,,,,,0,0,-1003,2,2,2,,,,,
1790036603.986396,ATTITUDE,,,,,,,,,,,,,,,-0.0006518691079691052,-0.0027665640227496624,-2.3383188247680664,,
1790036603.9872663,RAW_IMU,,,,,,,,,0,0,-1003,2,2,2,,,,,
1790036604.0064764,ATTITUDE,,,,,,,,,,,,,,,-0.0006719201919622719,-0.002772763604298234,-2.3383402824401855,,
1790036604.0075295,RAW_IMU,,,,,,,,,0,0,-1003,2,2,2,,,,,
1790036604.0272024,ATTITUDE,,,,,,,,,,,,,,,-0.0006911245291121304,-0.0027744239196181297,-2.3383593559265137,,
1790036604.0287125,RAW_IMU,,,,,,,,,0,0,-1003,2,2,2,,,,,
1790036604.0465593,ATTITUDE,,,,,,,,,,,,,,,-0.0007533280877396464,-0.002769542159512639,-2.33838152885437,,
1790036604.0475078,RAW_IMU,,,,,,,,,0,0,-1003,0,2,2,,,,,
1790036604.0478196,GLOBAL_POSITION_INT,-35.3604688,149.1684133,589.02,8.918,0.0,-0.01,0.48,226.03,,,,,,,,,,,
1790036604.0491965,GPS_RAW_INT,,,,,,,,,,,,,,,,,,6,10
1790036604.0665271,ATTITUDE,,,,,,,,,,,,,,,-0.0007798785227350891,-0.0027759128715842962,-2.3384056091308594,,
1790036604.0675702,RAW_IMU,,,,,,,,,0,0,-1002,1,2,2,,,,,
1790036604.0864744,ATTITUDE,,,,,,,,,,,,,,,-0.0008777293260209262,-0.0027825431898236275,-2.3384311199188232,,
1790036604.0873196,RAW_IMU,,,,,,,,,0,0,-1002,-1,1,2,,,,,
1790036604.1063633,ATTITUDE,,,,,,,,,,,,,,,-0.0009001596481539309,-0.0028335084207355976,-2.338456153869629,,
1790036604.1078632,RAW_IMU,,,,,,,,,0,0,-1001,1,0,2,,,,,
1790036604.1473815,ATTITUDE,,,,,,,,,,,,,,,-0.0010007773526012897,-0.002847569063305855,-2.3384804725646973,,
1790036604.1485581,RAW_IMU,,,,,,,,,0,0,-1001,-1,1,2,,,,,
1790036604.149357,ATTITUDE,,,,,,,,,,,,,,,-0.0010198620148003101,-0.002880591433495283,-2.3385045528411865,,
1790036604.1502442,RAW_IMU,,,,,,,,,0,0,-1001,1,1,2,,,,,
1790036604.1510785,GLOBAL_POSITION_INT,-35.3604687,149.1684134,588.97,8.869,0.0,-0.01,0.48,226.02,,,,,,,,,,,
1790036604.1515505,GPS_RAW_INT,,,,,,,,,,,,,,,,,,6,10
1790036604.1674001,ATTITUDE,,,,,,,,,,,,,,,-0.0011156287509948015,-0.002911933697760105,-2.338529348373413,,
1790036604.1684117,RAW_IMU,,,,,,,,,0,0,-1001,-1,0,2,,,,,
1790036604.1872497,ATTITUDE,,,,,,,,,,,,,,,-0.0011396558256819844,-0.002928246045485139,-2.338555097579956,,
1790036604.188433,RAW_IMU,,,,,,,,,0,0,-1001,1,2,2,,,,,
1790036604.207509,ATTITUDE,,,,,,,,,,,,,,,-0.0012243950041010976,-0.002975708805024624,-2.3385791778564453,,
1790036604.2084157,RAW_IMU,,,,,,,,,0,0,-1001,0,0,2,,,,,
1790036604.2280083,ATTITUDE,,,,,,,,,,,,,,,-0.0012545519275590777,-0.002950978232547641,-2.3386006355285645,,
1790036604.2292948,RAW_IMU,,,,,,,,,0,0,-1001,1,3,2,,,,,
1790036604.2473843,ATTITUDE,,,,,,,,,,,,,,,-0.0012821912532672286,-0.002973068505525589,-2.3386240005493164,,
1790036604.2479198,RAW_IMU,,,,,,,,,0,0,-1001,2,1,2,,,,,
1790036604.248994,GLOBAL_POSITION_INT,-35.3604687,149.1684134,588.93,8.82,0.0,-0.01,0.48,226.01,,,,,,,,,,,
1790036604.2497427,GPS_RAW_INT,,,,,,,,,,,,,,,,,,6,10
1790036604.267479,ATTITUDE,,,,,,,,,,,,,,,-0.0013343557948246598,-0.002924474189057946,-2.3386483192443848,,
1790036604.2688112,RAW_IMU,,,,,,,,,0,0,-1000,0,4,2,,,,,
1790036604.287181,ATTITUDE,,,,,,,,,,,,,,,-0.0013831983087584376,-0.0029151136986911297,-2.3386731147766113,,
1790036604.2877684,RAW_IMU,,,,,,,,,0,0,-1000,0,3,2,,,,,
1790036604.3076289,ATTITUDE,,,,,,,,,,,,,,,-0.001430920441634953,-0.0028775217942893505,-2.338697910308838,,
1790036604.3091607,RAW_IMU,,,,,,,,,0,0,-1000,0,4,2,,,,,
1790036604.3274372,ATTITUDE,,,,,,,,,,,,,,,-0.0014781790086999536,-0.002865999238565564,-2.3387248516082764,,
1790036604.3297045,RAW_IMU,,,,,,,,,0,0,-1001,0,3,1,,,,,
1790036604.3474827,ATTITUDE,,,,,,,,,,,,,,,-0.001524230232462287,-0.0028580937068909407,-2.338752031326294,,
1790036604.3491294,RAW_IMU,,,,,,,,,0,0,-1001,0,2,1,,,,,
1790036604.3498044,GLOBAL_POSITION_INT,-35.3604687,149.1684134,588.88,8.77,-0.01,-0.01,0.48,226.0,,,,,,,,,,,
1790036604.3506386,GPS_RAW_INT,,,,,,,,,,,,,,,,,,6,10
1790036604.3665864,ATTITUDE,,,,,,,,,,,,,,,-0.0015698092756792903,-0.0028246091678738594,-2.338779926300049,,
1790036604.3676047,RAW_IMU,,,,,,,,,0,0,-1000,0,4,1,,,,,
1790036604.393017,ATTITUDE,,,,,,,,,,,,,,,-0.0016139213694259524,-0.0028202517423778772,-2.338808536529541,,
1790036604.3942797,RAW_IMU,,,,,,,,,0,0,-1000,0,3,1,,,,,
1790036604.4063935,ATTITUDE,,,,,,,,,,,,,,,-0.001656609121710062,-0.002818556735292077,-2.338834524154663,,
1790036604.4076836,RAW_IMU,,,,,,,,,0,0,-1000,1,2,1,,,,,
1790036604.4269013,ATTITUDE,,,,,,,,,,,,,,,-0.0016966472612693906,-0.002815764397382736,-2.338859796524048,,
1790036604.4284325,RAW_IMU,,,,,,,,,0,0,-1000,1,2,2,,,,,
1790036604.447646,ATTITUDE,,,,,,,,,,,,,,,-0.0017331517301499844,-0.0028061289340257645,-2.338885545730591,,
1790036604.4491346,RAW_IMU,,,,,,,,,0,0,-1000,1,2,2,,,,,
1790036604.4501371,GLOBAL_POSITION_INT,-35.3604687,149.1684134,588.83,8.721,-0.01,-0.01,0.48,226.0,,,,,,,,,,,
1790036604.4509873,GPS_RAW_INT,,,,,,,,,,,,,,,,,,6,10
1790036604.467329,ATTITUDE,,,,,,,,,,,,,,,-0.0017685058992356062,-0.0027970392256975174,-2.3389103412628174,,
1790036604.469229,RAW_IMU,,,,,,,,,0,0,-1000,1,2,2,,,,,
1790036604.487564,ATTITUDE,,,,,,,,,,,,,,,-0.001801608595997095,-0.0027886165771633387,-2.338935613632202,,
1790036604.4891293,RAW_IMU,,,,,,,,,0,0,-1000,1,2,2,,,,,
1790036604.506326,ATTITUDE,,,,,,,,,,,,,,,-0.0018350632162764668,-0.0027816230431199074,-2.338958740234375,,
1790036604.507378,RAW_IMU,,,,,,,,,0,0,-1000,1,2,2,,,,,
1790036604.5266242,ATTITUDE,,,,,,,,,,,,,,,-0.0018661879003047943,-0.002775253728032112,-2.338981866836548,,
1790036604.528703,RAW_IMU,,,,,,,,,0,0,-1000,1,2,2,,,,,
1790036604.5467157,ATTITUDE,,,,,,,,,,,,,,,-0.00189807522110641,-0.0027705132961273193,-2.3390023708343506,,
1790036604.5486274,RAW_IMU,,,,,,,,,0,0,-1000,1,2,2,,,,,
1790036604.5498905,GLOBAL_POSITION_INT,-35.3604687,149.1684134,588.78,8.672,-0.01,-0.01,0.48,225.99,,,,,,,,,,,
1790036604.5508528,GPS_RAW_INT,,,,,,,,,,,,,,,,,,6,10
1790036604.5666785,ATTITUDE,,,,,,,,,,,,,,,-0.001929332735016942,-0.002765081590041518,-2.3390262126922607,,
1790036604.5685034,RAW_IMU,,,,,,,,,0,0,-1000,1,2,2,,,,,
1790036604.5863554,ATTITUDE,,,,,,,,,,,,,,,-0.001960668945685029,-0.002761970041319728,-2.33904767036438,,
1790036604.5878973,RAW_IMU,,,,,,,,,0,0,-1000,1,2,2,,,,,
1790036604.6064034,ATTITUDE,,,,,,,,,,,,,,,-0.0019917194731533527,-0.002760504139587283,-2.3390703201293945,,
1790036604.6082346,RAW_IMU,,,,,,,,,0,0,-1000,1,2,2,,,,,
1790036604.6420121,ATTITUDE,,,,,,,,,,,,,,,-0.002019674051553011,-0.0027568929363042116,-2.3390908241271973,,
1790036604.6426191,RAW_IMU,,,,,,,,,0,0,-1000,1,2,2,,,,,
1790036604.6471884,ATTITUDE,,,,,,,,,,,,,,,-0.0020447103306651115,-0.0027466327883303165,-2.3391106128692627,,
1790036604.6487696,RAW_IMU,,,,,,,,,0,0,-1000,1,2,2,,,,,
1790036604.6495268,GLOBAL_POSITION_INT,-35.3604687,149.1684134,588.73,8.623,-0.01,-0.01,0.48,225.98,,,,,,,,,,,
1790036604.6506128,GPS_RAW_INT,,,,,,,,,,,,,,,,,,6,10
1790036604.66733,ATTITUDE,,,,,,,,,,,,,,,-0.0020696211140602827,-0.0027384976856410503,-2.3391294479370117,,
1790036604.6691608,RAW_IMU,,,,,,,,,0,0,-1000,1,2,2,,,,,
1790036604.6872864,ATTITUDE,,,,,,,,,,,,,,,-0.002093687653541565,-0.0026984144933521748,-2.3391506671905518,,
1790036604.6888793,RAW_IMU,,,,,,,,,0,0,-1000,1,4,2,,,,,
1790036604.7075896,ATTITUDE,,,,,,,,,,,,,,,-0.002117492025718093,-0.0026565289590507746,-2.33917236328125,,
1790036604.7091868,RAW_IMU,,,,,,,,,0,0,-1000,1,4,2,,,,,
1790036604.727697,ATTITUDE,,,,,,,,,,,,,,,-0.0021403145510703325,-0.0026167097967118025,-2.3391900062561035,,
1790036604.7288857,RAW_IMU,,,,,,,,,0,0,-1000,1,4,2,,,,,
1790036604.7473571,ATTITUDE,,,,,,,,,,,,,,,-0.0021637461613863707,-0.002579380525276065,-2.3392064571380615,,
1790036604.74854,RAW_IMU,,,,,,,,,0,0,-1000,1,4,2,,,,,
1790036604.7503767,GLOBAL_POSITION_INT,-35.3604687,149.1684134,588.68,8.573,-0.01,-0.01,0.48,225.98,,,,,,,,,,,
1790036604.7511961,GPS_RAW_INT,,,,,,,,,,,,,,,,,,6,10
1790036604.7681782,ATTITUDE,,,,,,,,,,,,,,,-0.0021862792782485485,-0.0025441967882215977,-2.339224338531494,,
1790036604.7692947,RAW_IMU,,,,,,,,,0,0,-1000,1,4,2,,,,,
1790036604.788204,ATTITUDE,,,,,,,,,,,,,,,-0.0022089630365371704,-0.0025106382090598345,-2.339242696762085,,
1790036604.7892692,RAW_IMU,,,,,,,,,0,0,-1000,2,4,2,,,,,
1790036604.8082922,ATTITUDE,,,,,,,,,,,,,,,-0.0022318370174616575,-0.002480883151292801,-2.339261054992676,,
1790036604.8098128,RAW_IMU,,,,,,,,,0,0,-1000,2,4,2,,,,,
1790036604.8286374,ATTITUDE,,,,,,,,,,,,,,,-0.0022529391571879387,-0.0024493816308677197,-2.3392767906188965,,
1790036604.8302486,RAW_IMU,,,,,,,,,0,0,-1000,2,4,2,,,,,
1790036604.8481958,ATTITUDE,,,,,,,,,,,,,,,-0.0022704782895743847,-0.0024140351451933384,-2.339292287826538,,
1790036604.8497405,RAW_IMU,,,,,,,,,0,0,-1000,2,4,2,,,,,
1790036604.8507805,GLOBAL_POSITION_INT,-35.3604686,149.1684134,588.63,8.524,-0.02,-0.01,0.48,225.97,,,,,,,,,,,
1790036604.8516436,GPS_RAW_INT,,,,,,,,,,,,,,,,,,6,10
1790036604.8681612,ATTITUDE,,,,,,,,,,,,,,,-0.0022864509373903275,-0.002380053047090769,-2.339308261871338,,
1790036604.8701723,RAW_IMU,,,,,,,,,0,0,-1000,2,4,2,,,,,
1790036604.8970716,ATTITUDE,,,,,,,,,,,,,,,-0.002303211484104395,-0.0023484635166823864,-2.339324951171875,,
1790036604.8990061,RAW_IMU,,,,,,,,,0,0,-1000,2,4,2,,,,,
1790036604.9079487,ATTITUDE,,,,,,,,,,,,,,,-0.0023188567720353603,-0.0023186171893030405,-2.3393404483795166,,
1790036604.909136,RAW_IMU,,,,,,,,,0,0,-1000,2,4,2,,,,,
1790036604.9283147,ATTITUDE,,,,,,,,,,,,,,,-0.0023367456160485744,-0.0022895270958542824,-2.3393547534942627,,
1790036604.9294891,RAW_IMU,,,,,,,,,0,0,-1000,2,3,2,,,,,
1790036604.9480352,ATTITUDE,,,,,,,,,,,,,,,-0.002353490563109517,-0.0022626840509474277,-2.3393688201904297,,
1790036604.9491887,RAW_IMU,,,,,,,,,0,0,-1000,2,3,2,,,,,
1790036604.9499733,GLOBAL_POSITION_INT,-35.3604686,149.1684134,588.58,8.475,-0.02,-0.01,0.48,225.97,,,,,,,,,,,
1790036604.9506967,GPS_RAW_INT,,,,,,,,,,,,,,,,,,6,10
1790036604.967932,ATTITUDE,,,,,,,,,,,,,,,-0.0023704655468463898,-0.00223621167242527,-2.339383602142334,,
1790036604.9688423,RAW_IMU,,,,,,,,,0,0,-1000,2,3,2,,,,,
1790036604.987877,ATTITUDE,,,,,,,,,,,,,,,-0.0023875285405665636,-0.0022134624887257814,-2.3393993377685547,,
1790036604.9896734,RAW_IMU,,,,,,,,,0,0,-1000,2,3,2,,,,,
1790036605.0078957,ATTITUDE,,,,,,,,,,,,,,,-0.0024044103920459747,-0.002178146503865719,-2.339414119720459,,
1790036605.0088594,RAW_IMU,,,,,,,,,0,0,-1000,2,4,2,,,,,
1790036605.0283666,ATTITUDE,,,,,,,,,,,,,,,-0.002419522497802973,-0.00211948505602777,-2.339426040649414,,
1790036605.0292275,RAW_IMU,,,,,,,,,0,0,-1000,2,5,2,,,,,
1790036605.048762,ATTITUDE,,,,,,,,,,,,,,,-0.002431929809972644,-0.002058629412204027,-2.3394391536712646,,
1790036605.049655,RAW_IMU,,,,,,,,,0,0,-1000,2,5,2,,,,,
1790036605.0500605,GLOBAL_POSITION_INT,-35.3604686,149.1684134,588.53,8.425,-0.02,-0.01,0.48,225.97,,,,,,,,,,,
1790036605.050872,GPS_RAW_INT,,,,,,,,,,,,,,,,,,6,10
1790036605.0680327,ATTITUDE,,,,,,,,,,,,,,,-0.0024439101107418537,-0.0019992245361208916,-2.3394522666931152,,
1790036605.0689647,RAW_IMU,,,,,,,,,0,0,-1000,2,5,2,,,,,
1790036605.0870373,ATTITUDE,,,,,,,,,,,,,,,-0.0024568415246903896,-0.0019441364565864205,-2.3394687175750732,,
1790036605.08809,RAW_IMU,,,,,,,,,0,0,-1000,2,5,2,,,,,
1790036605.1074095,ATTITUDE,,,,,,,,,,,,,,,-0.0024695317260921,-0.0018915729597210884,-2.3394839763641357,,
1790036605.1085708,RAW_IMU,,,,,,,,,0,0,-1000,2,5,2,,,,,
1790036605.1468916,ATTITUDE,,,,,,,,,,,,,,,-0.0024820775724947453,-0.0018405055161565542,-2.339496374130249,,
1790036605.149029,RAW_IMU,,,,,,,,,0,0,-1000,2,5,2,,,,,
1790036605.1509519,ATTITUDE,,,,,,,,,,,,,,,-0.002494401065632701,-0.0017926451982930303,-2.3395090103149414,,
1790036605.1522155,RAW_IMU,,,,,,,,,0,0,-1000,2,5,2,,,,,
1790036605.1530902,GLOBAL_POSITION_INT,-35.3604685,149.1684134,588.48,8.375,-0.02,-0.01,0.48,225.96,,,,,,,,,,,
1790036605.1544497,GPS_RAW_INT,,,,,,,,,,,,,,,,,,6,10
1790036605.1689467,ATTITUDE,,,,,,,,,,,,,,,-0.0025075343437492847,-0.0017477667424827814,-2.3395214080810547,,
1790036605.1706424,RAW_IMU,,,,,,,,,0,0,-1000,2,4,2,,,,,
1790036605.1896133,ATTITUDE,,,,,,,,,,,,,,,-0.0025199365336447954,-0.0017049323068931699,-2.339533805847168,,
1790036605.1908836,RAW_IMU,,,,,,,,,0,0,-1000,2,4,2,,,,,
1790036605.2095697,ATTITUDE,,,,,,,,,,,,,,,-0.0025344633031636477,-0.0016384648624807596,-2.339548110961914,,
1790036605.2107198,RAW_IMU,,,,,,,,,0,0,-1000,2,6,2,,,,,
1790036605.2297044,ATTITUDE,,,,,,,,,,,,,,,-0.0025450075045228004,-0.0015620853519067168,-2.3395607471466064,,
1790036605.2317343,RAW_IMU,,,,,,,,,0,0,-1000,2,6,2,,,,,
1790036605.2479684,ATTITUDE,,,,,,,,,,,,,,,-0.002553168684244156,-0.001482245046645403,-2.3395729064941406,,
1790036605.2492642,RAW_IMU,,,,,,,,,0,0,-1000,2,6,2,,,,,
1790036605.2506566,GLOBAL_POSITION_INT,-35.3604685,149.1684134,588.43,8.326,-0.02,-0.01,0.48,225.96,,,,,,,,,,,
1790036605.2514777,GPS_RAW_INT,,,,,,,,,,,,,,,,,,6,10
1790036605.2690167,ATTITUDE,,,,,,,,,,,,,,,-0.0025609703734517097,-0.0014073376078158617,-2.3395843505859375,,
1790036605.269797,RAW_IMU,,,,,,,,,0,0,-1000,2,6,2,,,,,
1790036605.2879002,ATTITUDE,,,,,,,,,,,,,,,-0.0025691846385598183,-0.001336469198577106,-2.3395965099334717,,
1790036605.28872,RAW_IMU,,,,,,,,,0,0,-1000,2,6,2,,,,,
1790036605.3083267,ATTITUDE,,,,,,,,,,,,,,,-0.0025760207790881395,-0.0012681622756645083,-2.339608907699585,,
1790036605.3098416,RAW_IMU,,,,,,,,,0,0,-1000,2,5,2,,,,,
1790036605.3289392,ATTITUDE,,,,,,,,,,,,,,,-0.0025862629991024733,-0.0012038658605888486,-2.339617967605591,,
1790036605.3297498,RAW_IMU,,,,,,,,,0,0,-1000,2,5,2,,,,,
1790036605.3489945,ATTITUDE,,,,,,,,,,,,,,,-0.00259568658657372,-0.001142395194619894,-2.339630365371704,,
1790036605.3506007,RAW_IMU,,,,,,,,,0,0,-1000,2,5,2,,,,,
1790036605.351737,GLOBAL_POSITION_INT,-35.3604685,149.1684134,588.38,8.276,-0.02,-0.01,0.48,225.95,,,,,,,,,,,
1790036605.3528657,GPS_RAW_INT,,,,,,,,,,,,,,,,,,6,10
1790036605.369328,ATTITUDE,,,,,,,,,,,,,,,-0.0026049192529171705,-0.0010826534125953913,-2.3396413326263428,,
1790036605.3712783,RAW_IMU,,,,,,,,,0,0,-1000,2,5,2,,,,,
1790036605.3907108,ATTITUDE,,,,,,,,,,,,,,,-0.0026146797463297844,-0.001025683362968266,-2.339653968811035,,
1790036605.39152,RAW_IMU,,,,,,,,,0,0,-1000,2,5,2,,,,,
1790036605.4101317,ATTITUDE,,,,,,,,,,,,,,,-0.002624736400321126,-0.0009737598011270165,-2.339667320251465,,
1790036605.411179,RAW_IMU,,,,,,,,,0,0,-1000,2,5,2,,,,,
1790036605.430206,ATTITUDE,,,,,,,,,,,,,,,-0.0026338081806898117,-0.0009074328700080514,-2.339676856994629,,
1790036605.4314232,RAW_IMU,,,,,,,,,0,0,-1000,2,5,2,,,,,
1790036605.4502378,ATTITUDE,,,,,,,,,,,,,,,-0.0026395178865641356,-0.0008588294149376452,-2.3396878242492676,,
1790036605.451038,RAW_IMU,,,,,,,,,0,0,-1001,2,5,2,,,,,
1790036605.4516823,GLOBAL_POSITION_INT,-35.3604685,149.1684134,588.33,8.226,-0.03,-0.01,0.48,225.95,,,,,,,,,,,
1790036605.4523263,GPS_RAW_INT,,,,,,,,,,,,,,,,,,6,10
1790036605.4693384,ATTITUDE,,,,,,,,,,,,,,,-0.002645717700943351,-0.0007625328726135194,-2.339700698852539,,
1790036605.470757,RAW_IMU,,,,,,,,,0,0,-1001,2,7,2,,,,,
1790036605.4887915,ATTITUDE,,,,,,,,,,,,,,,-0.0026193950325250626,-0.0007420032052323222,-2.3397200107574463,,
1790036605.4905748,RAW_IMU,,,,,,,,,0,0,-1001,4,3,2,,,,,
1790036605.5088065,ATTITUDE,,,,,,,,,,,,,,,-0.0025901230983436108,-0.0006558045861311257,-2.3397409915924072,,
1790036605.5103402,RAW_IMU,,,,,,,,,0,0,-1001,4,6,2,,,,,
1790036605.529109,ATTITUDE,,,,,,,,,,,,,,,-0.0025625352282077074,-0.0006494858535006642,-2.339761257171631,,
1790036605.5306733,RAW_IMU,,,,,,,,,0,0,-1001,4,3,2,,,,,
1790036605.549065,ATTITUDE,,,,,,,,,,,,,,,-0.0025359129067510366,-0.0005894650821574032,-2.339784860610962,,
1790036605.550162,RAW_IMU,,,,,,,,,0,0,-1000,4,4,2,,,,,
1790036605.55089,GLOBAL_POSITION_INT,-35.3604685,149.1684134,588.28,8.176,-0.03,-0.01,0.48,225.95,,,,,,,,,,,
1790036605.5519948,GPS_RAW_INT,,,,,,,,,,,,,,,,,,6,10
1790036605.568641,ATTITUDE,,,,,,,,,,,,,,,-0.0025122088845819235,-0.0005778496852144599,-2.339810371398926,,
1790036605.570069,RAW_IMU,,,,,,,,,0,0,-1001,4,3,1,,,,,
1790036605.58775,ATTITUDE,,,,,,,,,,,,,,,-0.0024577162694185972,-0.0005504725268110633,-2.3398385047912598,,
1790036605.5889318,RAW_IMU,,,,,,,,,0,0,-1000,5,3,1,,,,,
1790036605.607937,ATTITUDE,,,,,,,,,,,,,,,-0.0024023123551160097,-0.0004984878469258547,-2.339866876602173,,
1790036605.60917,RAW_IMU,,,,,,,,,0,0,-1000,5,5,1,,,,,
1790036605.6413262,ATTITUDE,,,,,,,,,,,,,,,-0.002347795059904456,-0.00044524495024234056,-2.339892625808716,,
1790036605.6452546,RAW_IMU,,,,,,,,,0,0,-1000,5,5,1,,,,,
1790036605.6488335,ATTITUDE,,,,,,,,,,,,,,,-0.002291928743943572,-0.0003884372708853334,-2.3399152755737305,,
1790036605.6504617,RAW_IMU,,,,,,,,,0,0,-1000,5,5,1,,,,,
1790036605.651326,GLOBAL_POSITION_INT,-35.3604685,149.1684134,588.23,8.127,-0.03,-0.01,0.48,225.94,,,,,,,,,,,
1790036605.6521933,GPS_RAW_INT,,,,,,,,,,,,,,,,,,6,10
1790036605.6685424,ATTITUDE,,,,,,,,,,,,,,,-0.002238974440842867,-0.0003363773867022246,-2.339940309524536,,
1790036605.6694372,RAW_IMU,,,,,,,,,0,0,-1000,5,5,1,,,,,
1790036605.688624,ATTITUDE,,,,,,,,,,,,,,,-0.002188359387218952,-0.00028580991784110665,-2.339963912963867,,
1790036605.6898675,RAW_IMU,,,,,,,,,0,0,-1000,5,5,1,,,,,
1790036605.7091196,ATTITUDE,,,,,,,,,,,,,,,-0.0021394938230514526,-0.00023770963889546692,-2.3399882316589355,,
1790036605.7105088,RAW_IMU,,,,,,,,,0,0,-1000,5,5,1,,,,,
1790036605.7294168,ATTITUDE,,,,,,,,,,,,,,,-0.0020933260675519705,-0.000201968417968601,-2.3400092124938965,,
1790036605.730498,RAW_IMU,,,,,,,,,0,0,-1000,5,4,2,,,,,
1790036605.750284,ATTITUDE,,,,,,,,,,,,,,,-0.0020499287638813257,-0.00020888069411739707,-2.340031385421753,,
1790036605.7516596,RAW_IMU,,,,,,,,,0,0,-1000,5,2,2,,,,,
1790036605.7527184,GLOBAL_POSITION_INT,-35.3604685,149.1684134,588.18,8.077,-0.03,-0.01,0.48,225.93,,,,,,,,,,,
1790036605.7535806,GPS_RAW_INT,,,,,,,,,,,,,,,,,,6,10
1790036605.7705646,ATTITUDE,,,,,,,,,,,,,,,-0.002008887007832527,-0.0001883689546957612,-2.340055227279663,,
1790036605.7721505,RAW_IMU,,,,,,,,,0,0,-1000,5,3,2,,,,,
1790036605.7908075,ATTITUDE,,,,,,,,,,,,,,,-0.0019707356113940477,-0.0002195818378822878,-2.3400795459747314,,
1790036605.7925265,RAW_IMU,,,,,,,,,0,0,-1000,4,1,1,,,,,
1790036605.810839,ATTITUDE,,,,,,,,,,,,,,,-0.0019352005328983068,-0.00020206304907333106,-2.3401057720184326,,
1790036605.8118472,RAW_IMU,,,,,,,,,0,0,-1000,4,3,1,,,,,
1790036605.8301036,ATTITUDE,,,,,,,,,,,,,,,-0.001898821210488677,-0.00023969460744410753,-2.3401293754577637,,
1790036605.8320277,RAW_IMU,,,,,,,,,0,0,-1000,4,1,1,,,,,
1790036605.850229,ATTITUDE,,,,,,,,,,,,,,,-0.001861089956946671,-0.00021061299776192755,-2.3401546478271484,,
1790036605.8514388,RAW_IMU,,,,,,,,,0,0,-1001,4,3,1,,,,,
1790036605.8523922,GLOBAL_POSITION_INT,-35.3604685,149.1684134,588.13,8.027,-0.03,0.0,0.48,225.92,,,,,,,,,,,
1790036605.853029,GPS_RAW_INT,,,,,,,,,,,,,,,,,,6,10
1790036605.8709674,ATTITUDE,,,,,,,,,,,,,,,-0.0018248396227136254,-0.00023707565560471267,-2.3401806354522705,,
1790036605.8723557,RAW_IMU,,,,,,,,,0,0,-1001,4,1,1,,,,,
1790036605.8917267,ATTITUDE,,,,,,,,,,,,,,,-0.0017920354148373008,-0.00023544114083051682,-2.340208053588867,,
1790036605.8929589,RAW_IMU,,,,,,,,,0,0,-1001,4,2,1,,,,,
1790036605.9099042,ATTITUDE,,,,,,,,,,,,,,,-0.0017594932578504086,-0.00023103022249415517,-2.3402369022369385,,
1790036605.9114428,RAW_IMU,,,,,,,,,0,0,-1000,4,3,1,,,,,
1790036605.9300637,ATTITUDE,,,,,,,,,,,,,,,-0.0017294465797021985,-0.0002581931767053902,-2.3402628898620605,,
1790036605.9316185,RAW_IMU,,,,,,,,,0,0,-1000,4,1,1,,,,,
1790036605.950054,ATTITUDE,,,,,,,,,,,,,,,-0.001699908752925694,-0.0002838060026988387,-2.3402905464172363,,
1790036605.9512303,RAW_IMU,,,,,,,,,0,0,-1000,4,1,1,,,,,
1790036605.9524574,GLOBAL_POSITION_INT,-35.3604685,149.1684134,588.08,7.977,-0.03,0.0,0.48,225.92,,,,,,,,,,,
1790036605.9541655,GPS_RAW_INT,,,,,,,,,,,,,,,,,,6,10
1790036605.969989,ATTITUDE,,,,,,,,,,,,,,,-0.0016733877127990127,-0.00030900942510925233,-2.340315580368042,,
1790036605.9710305,RAW_IMU,,,,,,,,,0,0,-1000,4,1,1,,,,,
1790036605.9899669,ATTITUDE,,,,,,,,,,,,,,,-0.00164907390717417,-0.00033518578857183456,-2.340341806411743,,
1790036605.9910984,RAW_IMU,,,,,,,,,0,0,-1000,4,1,1,,,,,
1790036606.0100687,ATTITUDE,,,,,,,,,,,,,,,-0.001625858130864799,-0.0003612003638409078,-2.340369939804077,,
1790036606.0119412,RAW_IMU,,,,,,,,,0,0,-1000,4,1,1,,,,,
1790036606.0301228,ATTITUDE,,,,,,,,,,,,,,,-0.0016025607474148273,-0.00038461710209958255,-2.340392827987671,,
1790036606.031551,RAW_IMU,,,,,,,,,0,0,-1000,4,1,1,,,,,
1790036606.050138,ATTITUDE,,,,,,,,,,,,,,,-0.0015764919808134437,-0.0003971831756643951,-2.3404135704040527,,
1790036606.0513475,RAW_IMU,,,,,,,,,0,0,-1000,4,1,1,,,,,
1790036606.0522187,GLOBAL_POSITION_INT,-35.3604685,149.1684134,588.03,7.927,-0.03,0.0,0.49,225.91,,,,,,,,,,,
1790036606.0530314,GPS_RAW_INT,,,,,,,,,,,,,,,,,,6,10
1790036606.0700874,ATTITUDE,,,,,,,,,,,,,,,-0.0015521065797656775,-0.00037891638930886984,-2.3404366970062256,,
1790036606.0709684,RAW_IMU,,,,,,,,,0,0,-1000,4,3,1,,,,,
1790036606.0906916,ATTITUDE,,,,,,,,,,,,,,,-0.001529209315776825,-0.00038609656621702015,-2.340461015701294,,
1790036606.0917497,RAW_IMU,,,,,,,,,0,0,-1001,4,2,1,,,,,
1790036606.1107113,ATTITUDE,,,,,,,,,,,,,,,-0.0015072060050442815,-0.0003606929094530642,-2.340487003326416,,
1790036606.1118417,RAW_IMU,,,,,,,,,0,0,-1001,3,3,1,,,,,
1790036606.1428227,ATTITUDE,,,,,,,,,,,,,,,-0.001487098983488977,-0.00038802073686383665,-2.34051251411438,,
1790036606.1450756,RAW_IMU,,,,,,,,,0,0,-1001,3,1,1,,,,,
1790036606.1467633,ATTITUDE,,,,,,,,,,,,,,,-0.001468404894694686,-0.0003536463191267103,-2.3405404090881348,,
1790036606.1480439,RAW_IMU,,,,,,,,,0,0,-1001,3,4,1,,,,,
1790036606.14955,GLOBAL_POSITION_INT,-35.3604685,149.1684134,587.98,7.878,-0.03,0.0,0.49,225.9,,,,,,,,,,,
1790036606.1507602,GPS_RAW_INT,,,,,,,,,,,,,,,,,,6,10
1790036606.170633,ATTITUDE,,,,,,,,,,,,,,,-0.0014517349191009998,-0.00038320838939398527,-2.3405702114105225,,
1790036606.1715882,RAW_IMU,,,,,,,,,0,0,-1001,3,1,1,,,,,
1790036606.190819,ATTITUDE,,,,,,,,,,,,,,,-0.0014360958011820912,-0.00035231601214036345,-2.340602159500122,,
1790036606.192235,RAW_IMU,,,,,,,,,0,0,-1000,3,3,1,,,,,
1790036606.2107265,ATTITUDE,,,,,,,,,,,,,,,-0.0014216366689652205,-0.00037178551428951323,-2.3406355381011963,,
1790036606.211767,RAW_IMU,,,,,,,,,0,0,-1000,3,2,1,,,,,
1790036606.230914,ATTITUDE,,,,,,,,,,,,,,,-0.0014061660040169954,-0.00038012603181414306,-2.340664863586426,,
1790036606.2323062,RAW_IMU,,,,,,,,,0,0,-1000,3,2,1,,,,,
1790036606.2505884,ATTITUDE,,,,,,,,,,,,,,,-0.0013871889095753431,-0.0003775244113057852,-2.3406922817230225,,
1790036606.252065,RAW_IMU,,,,,,,,,0,0,-1000,3,2,1,,,,,
1790036606.2536469,GLOBAL_POSITION_INT,-35.3604685,149.1684134,587.93,7.828,-0.03,0.0,0.49,225.89,,,,,,,,,,,
1790036606.254477,GPS_RAW_INT,,,,,,,,,,,,,,,,,,6,10
1790036606.2708116,ATTITUDE,,,,,,,,,,,,,,,-0.0013709089253097773,-0.0003772246418520808,-2.340718984603882,,
1790036606.2718706,RAW_IMU,,,,,,,,,0,0,-1000,3,2,1,,,,,
1790036606.2906876,ATTITUDE,,,,,,,,,,,,,,,-0.0013442204799503088,-0.0003768807218875736,-2.340745687484741,,
1790036606.2917237,RAW_IMU,,,,,,,,,0,0,-1000,4,2,1,,,,,
1790036606.31072,ATTITUDE,,,,,,,,,,,,,,,-0.001311717787757516,-0.00037719623651355505,-2.340773105621338,,
1790036606.3121889,RAW_IMU,,,,,,,,,0,0,-1000,4,2,1,,,,,
1790036606.3308609,ATTITUDE,,,,,,,,,,,,,,,-0.0012809733161702752,-0.00037686771247535944,-2.340796709060669,,
1790036606.3338482,RAW_IMU,,,,,,,,,0,0,-1000,4,2,1,,,,,
1790036606.35065,ATTITUDE,,,,,,,,,,,,,,,-0.001251316163688898,-0.0003771994961425662,-2.340820550918579,,
1790036606.3518064,RAW_IMU,,,,,,,,,0,0,-1000,4,2,1,,,,,
1790036606.352919,GLOBAL_POSITION_INT,-35.3604685,149.1684134,587.88,7.778,-0.03,0.0,0.49,225.89,,,,,,,,,,,
1790036606.3544588,GPS_RAW_INT,,,,,,,,,,,,,,,,,,6,10
1790036606.3708255,ATTITUDE,,,,,,,,,,,,,,,-0.0012244022218510509,-0.0003795210213866085,-2.3408453464508057,,
1790036606.371872,RAW_IMU,,,,,,,,,0,0,-1000,4,2,1,,,,,
1790036606.397001,ATTITUDE,,,,,,,,,,,,,,,-0.0011749672703444958,-0.00038165022851899266,-2.340869188308716,,
1790036606.398833,RAW_IMU,,,,,,,,,0,0,-1001,5,2,1,,,,,
1790036606.4114347,ATTITUDE,,,,,,,,,,,,,,,-0.0010970094008371234,-0.00037827398045919836,-2.3408923149108887,,
1790036606.4127214,RAW_IMU,,,,,,,,,0,0,-1000,7,2,2,,,,,
1790036606.4312925,ATTITUDE,,,,,,,,,,,,,,,-0.00102244911249727,-0.0003772259515244514,-2.3409132957458496,,
1790036606.4321556,RAW_IMU,,,,,,,,,0,0,-1000,6,2,2,,,,,
1790036606.4464023,ATTITUDE,,,,,,,,,,,,,,,-0.0009460222208872437,-0.0003407758194953203,-2.340934991836548,,
1790036606.4478536,RAW_IMU,,,,,,,,,0,0,-1001,6,4,1,,,,,
1790036606.4489844,GLOBAL_POSITION_INT,-35.3604685,149.1684134,587.83,7.728,-0.03,0.0,0.49,225.88,,,,,,,,,,,
1790036606.4497724,GPS_RAW_INT,,,,,,,,,,,,,,,,,,6,10
1790036606.4665077,ATTITUDE,,,,,,,,,,,,,,,-0.0008722168859094381,-0.00034870218951255083,-2.3409595489501953,,
1790036606.467268,RAW_IMU,,,,,,,,,0,0,-1001,6,2,1,,,,,
1790036606.4863348,ATTITUDE,,,,,,,,,,,,,,,-0.0008023627451620996,-0.0002902161213569343,-2.34098744392395,,
1790036606.487281,RAW_IMU,,,,,,,,,0,0,-1001,6,5,1,,,,,
1790036606.5063896,ATTITUDE,,,,,,,,,,,,,,,-0.0007350051891990006,-0.00030704826349392533,-2.3410167694091797,,
1790036606.5078611,RAW_IMU,,,,,,,,,0,0,-1001,6,1,1,,,,,
1790036606.5268133,ATTITUDE,,,,,,,,,,,,,,,-0.0006711664609611034,-0.00025086928508244455,-2.341045379638672,,
1790036606.5286624,RAW_IMU,,,,,,,,,0,0,-1001,6,5,1,,,,,
1790036606.6294107,GLOBAL_POSITION_INT,-35.3604685,149.1684134,587.75,7.641,-0.02,0.0,0.49,225.86,,,,,,,,,,,
1790036606.6385157,RAW_IMU,,,,,,,,,0,0,-1001,5,3,1,,,,,
1790036606.643108,GPS_RAW_INT,,,,,,,,,,,,,,,,,,6,10
1790036607.0535243,ATTITUDE,,,,,,,,,,,,,,,-0.0008010640158317983,-0.0002628356742206961,-2.341495990753174,,
1790036607.0538676,GLOBAL_POSITION_INT,-35.3604685,149.1684134,587.62,7.516,-0.02,0.0,0.49,225.85,,,,,,,,,,,
1790036607.0570447,GPS_RAW_INT,,,,,,,,,,,,,,,,,,6,10
1790036607.0595124,RAW_IMU,,,,,,,,,0,0,-1001,-1,2,2,,,,,
1790036607.0598917,RAW_IMU,,,,,,,,,0,0,-1001,1,2,2,,,,,
1790036607.0604997,RAW_IMU,,,,,,,,,0,0,-1000,0,2,2,,,,,
1790036607.0607743,ATTITUDE,,,,,,,,,,,,,,,-0.0009872880764305592,-0.00026981945848092437,-2.341513156890869,,
1790036607.0611377,RAW_IMU,,,,,,,,,0,0,-1000,-1,2,2,,,,,
1790036607.0615902,ATTITUDE,,,,,,,,,,,,,,,-0.001063607749529183,-0.00027178332675248384,-2.341525077819824,,
1790036607.0619454,RAW_IMU,,,,,,,,,0,0,-1002,0,2,2,,,,,
1790036607.062166,ATTITUDE,,,,,,,,,,,,,,,-0.0011369261192157865,-0.0002757158945314586,-2.341541051864624,,
1790036607.062456,RAW_IMU,,,,,,,,,0,0,-1001,0,2,2,,,,,
1790036607.0626688,ATTITUDE,,,,,,,,,,,,,,,-0.0012084818445146084,-0.00027996368589811027,-2.341559886932373,,
1790036607.0629776,RAW_IMU,,,,,,,,,0,0,-1000,0,2,2,,,,,
1790036607.063467,ATTITUDE,,,,,,,,,,,,,,,-0.0012783484999090433,-0.0002831900492310524,-2.3415775299072266,,
1790036607.0638192,RAW_IMU,,,,,,,,,0,0,-1000,0,2,2,,,,,
1790036607.0640876,ATTITUDE,,,,,,,,,,,,,,,-0.0013425224460661411,-0.0002630489761941135,-2.3415935039520264,,
1790036607.0644765,RAW_IMU,,,,,,,,,0,0,-1001,0,3,2,,,,,
1790036607.0647352,ATTITUDE,,,,,,,,,,,,,,,-0.0014014478074386716,-0.00026154343504458666,-2.3416106700897217,,
1790036607.0650887,RAW_IMU,,,,,,,,,0,0,-1001,0,2,2,,,,,
1790036607.0653658,GLOBAL_POSITION_INT,-35.3604685,149.1684134,587.53,7.426,-0.02,0.0,0.49,225.84,,,,,,,,,,,
1790036607.0657063,GPS_RAW_INT,,,,,,,,,,,,,,,,,,6,10
1790036607.074606,ATTITUDE,,,,,,,,,,,,,,,-0.001459011109545827,-0.00022878720483276993,-2.34163236618042,,
1790036607.0759685,RAW_IMU,,,,,,,,,0,0,-1001,0,4,1,,,,,
1790036607.0939956,ATTITUDE,,,,,,,,,,,,,,,-0.0015149540267884731,-0.00024274110910482705,-2.341656446456909,,
1790036607.095203,RAW_IMU,,,,,,,,,0,0,-1001,0,1,1,,,,,
1790036607.1140773,ATTITUDE,,,,,,,,,,,,,,,-0.0015690516447648406,-0.00020292024419177324,-2.341684579849243,,
1790036607.1150973,RAW_IMU,,,,,,,,,0,0,-1001,0,4,1,,,,,
1790036607.144226,ATTITUDE,,,,,,,,,,,,,,,-0.0016207878943532705,-0.00022424668713938445,-2.3417115211486816,,
1790036607.1454177,RAW_IMU,,,,,,,,,0,0,-1001,0,1,1,,,,,
1790036607.1548805,ATTITUDE,,,,,,,,,,,,,,,-0.0016718588303774595,-0.00019366956257726997,-2.3417398929595947,,
1790036607.1563103,RAW_IMU,,,,,,,,,0,0,-1001,0,4,1,,,,,
1790036607.157216,GLOBAL_POSITION_INT,-35.3604685,149.1684134,587.48,7.376,-0.02,0.0,0.49,225.83,,,,,,,,,,,
1790036607.157968,GPS_RAW_INT,,,,,,,,,,,,,,,,,,6,10
1790036607.174695,ATTITUDE,,,,,,,,,,,,,,,-0.0017209347570315003,-0.0002321163919987157,-2.341771364212036,,
1790036607.1755533,RAW_IMU,,,,,,,,,0,0,-1001,0,1,1,,,,,
1790036607.19499,ATTITUDE,,,,,,,,,,,,,,,-0.0017702478216961026,-0.0001977360516320914,-2.3418054580688477,,
1790036607.1966507,RAW_IMU,,,,,,,,,0,0,-1001,0,4,1,,,,,
1790036607.214724,ATTITUDE,,,,,,,,,,,,,,,-0.0018197390018031001,-0.000222728616790846,-2.3418385982513428,,
1790036607.216133,RAW_IMU,,,,,,,,,0,0,-1000,0,2,1,,,,,
1790036607.2358942,ATTITUDE,,,,,,,,,,,,,,,-0.0018614651635289192,-0.00022415143030229956,-2.3418686389923096,,
1790036607.2376792,RAW_IMU,,,,,,,,,0,0,-1000,0,2,1,,,,,
1790036607.2556787,ATTITUDE,,,,,,,,,,,,,,,-0.0018999736057594419,-0.00021425839804578573,-2.341897487640381,,
1790036607.2571256,RAW_IMU,,,,,,,,,0,0,-1000,0,3,1,,,,,
1790036607.257883,GLOBAL_POSITION_INT,-35.3604685,149.1684134,587.43,7.326,-0.02,0.0,0.49,225.82,,,,,,,,,,,
1790036607.2585187,GPS_RAW_INT,,,,,,,,,,,,,,,,,,6,10
1790036607.2749083,ATTITUDE,,,,,,,,,,,,,,,-0.0019345508189871907,-0.00020525677246041596,-2.341925621032715,,
1790036607.2760932,RAW_IMU,,,,,,,,,0,0,-1000,0,3,1,,,,,
1790036607.2935965,ATTITUDE,,,,,,,,,,,,,,,-0.0019527757540345192,-0.00019655692449305207,-2.341952323913574,,
1790036607.2944942,RAW_IMU,,,,,,,,,0,0,-1000,1,3,1,,,,,
1790036607.3116224,ATTITUDE,,,,,,,,,,,,,,,-0.001970381010323763,-0.0001886101090349257,-2.3419787883758545,,
1790036607.3121703,RAW_IMU,,,,,,,,,0,0,-1000,1,3,1,,,,,
1790036607.3348167,ATTITUDE,,,,,,,,,,,,,,,-0.001989267999306321,-0.0001811514375731349,-2.342003345489502,,
1790036607.3354921,RAW_IMU,,,,,,,,,0,0,-1000,1,3,1,,,,,
1790036607.3523831,ATTITUDE,,,,,,,,,,,,,,,-0.0020082935225218534,-0.00017452091560699046,-2.3420286178588867,,
1790036607.3531144,RAW_IMU,,,,,,,,,0,0,-1000,1,3,1,,,,,
1790036607.3534894,GLOBAL_POSITION_INT,-35.3604685,149.1684134,587.38,7.277,-0.02,0.0,0.49,225.82,,,,,,,,,,,
1790036607.353769,GPS_RAW_INT,,,,,,,,,,,,,,,,,,6,10
1790036607.391561,ATTITUDE,,,,,,,,,,,,,,,-0.0020269218366593122,-0.00016882919589988887,-2.342055082321167,,
1790036607.3929045,RAW_IMU,,,,,,,,,0,0,-1000,1,3,1,,,,,
1790036607.3968651,ATTITUDE,,,,,,,,,,,,,,,-0.0020296077709645033,-0.00016468687681481242,-2.342081069946289,,
1790036607.3981073,RAW_IMU,,,,,,,,,0,0,-1001,2,3,1,,,,,
1790036607.416886,ATTITUDE,,,,,,,,,,,,,,,-0.002013404853641987,-0.00016130982839968055,-2.3421056270599365,,
1790036607.418327,RAW_IMU,,,,,,,,,0,0,-1000,3,3,1,,,,,
1790036607.4370532,ATTITUDE,,,,,,,,,,,,,,,-0.0019929634872823954,-0.00015485282347071916,-2.3421263694763184,,
1790036607.4390585,RAW_IMU,,,,,,,,,0,0,-1000,3,3,1,,,,,
1790036607.4564066,ATTITUDE,,,,,,,,,,,,,,,-0.0019694832153618336,-0.00014737897436134517,-2.3421480655670166,,
1790036607.4581409,RAW_IMU,,,,,,,,,0,0,-1000,3,3,1,,,,,
1790036607.4591196,GLOBAL_POSITION_INT,-35.3604685,149.1684134,587.33,7.227,-0.02,0.0,0.49,225.81,,,,,,,,,,,
1790036607.4599624,GPS_RAW_INT,,,,,,,,,,,,,,,,,,6,10
1790036607.4763849,ATTITUDE,,,,,,,,,,,,,,,-0.001949125318787992,-0.00014124205335974693,-2.342167377471924,,
1790036607.477429,RAW_IMU,,,,,,,,,0,0,-1000,3,2,1,,,,,
1790036607.4963958,ATTITUDE,,,,,,,,,,,,,,,-0.0019304549787193537,-0.00013497994223143905,-2.342186450958252,,
1790036607.4973054,RAW_IMU,,,,,,,,,0,0,-1000,3,3,2,,,,,
1790036607.5169978,ATTITUDE,,,,,,,,,,,,,,,-0.0019128004787489772,-0.0001289249921683222,-2.34220552444458,,
1790036607.518103,RAW_IMU,,,,,,,,,0,0,-1000,3,3,2,,,,,
1790036607.537049,ATTITUDE,,,,,,,,,,,,,,,-0.0018959282897412777,-0.00012248379061929882,-2.342221736907959,,
1790036607.5385802,RAW_IMU,,,,,,,,,0,0,-1000,3,3,2,,,,,
1790036607.5570016,ATTITUDE,,,,,,,,,,,,,,,-0.001880467520095408,-0.00011643730249488726,-2.3422396183013916,,
1790036607.558675,RAW_IMU,,,,,,,,,0,0,-1000,3,3,2,,,,,
1790036607.5595293,GLOBAL_POSITION_INT,-35.3604685,149.1684134,587.28,7.177,-0.02,0.0,0.49,225.8,,,,,,,,,,,
1790036607.5609012,GPS_RAW_INT,,,,,,,,,,,,,,,,,,6,10
1790036607.5763805,ATTITUDE,,,,,,,,,,,,,,,-0.0018667003605514765,-0.00011256396828684956,-2.3422577381134033,,
1790036607.5775328,RAW_IMU,,,,,,,,,0,0,-1000,3,2,2,,,,,
1790036607.595392,ATTITUDE,,,,,,,,,,,,,,,-0.0018547832733020186,-8.814128523226827e-05,-2.342278003692627,,
1790036607.597076,RAW_IMU,,,,,,,,,0,0,-1001,3,3,2,,,,,
1790036607.614641,ATTITUDE,,,,,,,,,,,,,,,-0.0018442246364429593,-0.00010344402835471556,-2.3423011302948,,
1790036607.6156483,RAW_IMU,,,,,,,,,0,0,-1001,3,2,2,,,,,
1790036607.6500218,ATTITUDE,,,,,,,,,,,,,,,-0.0018323642434552312,-3.461102460278198e-05,-2.342320203781128,,
1790036607.6510446,RAW_IMU,,,,,,,,,0,0,-1001,3,5,1,,,,,
1790036607.6574,ATTITUDE,,,,,,,,,,,,,,,-0.001816227100789547,-2.950464840978384e-05,-2.342341423034668,,
1790036607.6584914,RAW_IMU,,,,,,,,,0,0,-1001,3,3,1,,,,,
1790036607.659511,GLOBAL_POSITION_INT,-35.3604685,149.1684134,587.23,7.127,-0.02,0.0,0.49,225.8,,,,,,,,,,,
1790036607.6602914,GPS_RAW_INT,,,,,,,,,,,,,,,,,,6,10
1790036607.6735196,ATTITUDE,,,,,,,,,,,,,,,-0.0018009807681664824,5.3726147598354146e-05,-2.34236478805542,,
1790036607.674696,RAW_IMU,,,,,,,,,0,0,-1001,3,6,1,,,,,
1790036607.6928546,ATTITUDE,,,,,,,,,,,,,,,-0.0017880427185446024,7.096271292539313e-05,-2.342390298843384,,
1790036607.6941335,RAW_IMU,,,,,,,,,0,0,-1001,3,4,1,,,,,
1790036607.712984,ATTITUDE,,,,,,,,,,,,,,,-0.0017765837255865335,0.00011487805750221014,-2.342417001724243,,
1790036607.7143254,RAW_IMU,,,,,,,,,0,0,-1001,3,4,1,,,,,
1790036607.7341547,ATTITUDE,,,,,,,,,,,,,,,-0.0017656553536653519,0.00014768805704079568,-2.342442750930786,,
1790036607.7353225,RAW_IMU,,,,,,,,,0,0,-1001,3,4,1,,,,,
1790036607.7559505,ATTITUDE,,,,,,,,,,,,,,,-0.0017562812427058816,0.00014338362962007523,-2.3424692153930664,,
1790036607.757922,RAW_IMU,,,,,,,,,0,0,-1000,3,2,1,,,,,
1790036607.7587643,GLOBAL_POSITION_INT,-35.3604685,149.1684134,587.18,7.077,-0.02,0.0,0.49,225.79,,,,,,,,,,,
1790036607.759521,GPS_RAW_INT,,,,,,,,,,,,,,,,,,6,10
1790036607.776406,ATTITUDE,,,,,,,,,,,,,,,-0.0017486109863966703,0.00013692580978386104,-2.342496871948242,,
1790036607.7779722,RAW_IMU,,,,,,,,,0,0,-1000,3,2,1,,,,,
1790036607.7971513,ATTITUDE,,,,,,,,,,,,,,,-0.0017659548902884126,0.0001307742204517126,-2.342524290084839,,
1790036607.798339,RAW_IMU,,,,,,,,,0,0,-1001,2,2,1,,,,,
1790036607.81679,ATTITUDE,,,,,,,,,,,,,,,-0.0017955246148630977,0.00012408371549099684,-2.3425493240356445,,
1790036607.8178542,RAW_IMU,,,,,,,,,0,0,-1001,1,2,1,,,,,
1790036607.8371713,ATTITUDE,,,,,,,,,,,,,,,-0.0018028690246865153,0.0001199883918161504,-2.3425705432891846,,
1790036607.8391016,RAW_IMU,,,,,,,,,0,0,-1000,2,2,1,,,,,
1790036607.8574643,ATTITUDE,,,,,,,,,,,,,,,-0.0018066603224724531,0.00011766924581024796,-2.342589855194092,,
1790036607.85865,RAW_IMU,,,,,,,,,0,0,-1000,2,2,1,,,,,
1790036607.8604572,GLOBAL_POSITION_INT,-35.3604685,149.1684134,587.13,7.027,-0.02,0.0,0.49,225.78,,,,,,,,,,,
1790036607.8616207,GPS_RAW_INT,,,,,,,,,,,,,,,,,,6,10
1790036607.8977265,ATTITUDE,,,,,,,,,,,,,,,-0.0018119647866114974,0.00011452058970462531,-2.3426101207733154,,
1790036607.900842,RAW_IMU,,,,,,,,,0,0,-1000,2,2,1,,,,,
1790036607.901667,ATTITUDE,,,,,,,,,,,,,,,-0.0018272167071700096,0.00011054780043195933,-2.342630386352539,,
1790036607.903335,RAW_IMU,,,,,,,,,0,0,-1001,2,2,2,,,,,
1790036607.9131505,ATTITUDE,,,,,,,,,,,,,,,-0.001868204097263515,0.00010624439892126247,-2.342649459838867,,
1790036607.9142005,RAW_IMU,,,,,,,,,0,0,-1001,0,2,2,,,,,
1790036607.9335797,ATTITUDE,,,,,,,,,,,,,,,-0.0018818802200257778,0.00010369935625931248,-2.3426640033721924,,
1790036607.934977,RAW_IMU,,,,,,,,,0,0,-1001,2,2,2,,,,,
1790036607.9538078,ATTITUDE,,,,,,,,,,,,,,,-0.0019580856896936893,9.989919635700062e-05,-2.342677593231201,,
1790036607.9552724,RAW_IMU,,,,,,,,,0,0,-1001,-1,2,2,,,,,
1790036607.9559538,GLOBAL_POSITION_INT,-35.3604685,149.1684134,587.08,6.977,-0.02,0.0,0.49,225.78,,,,,,,,,,,
1790036607.9566472,GPS_RAW_INT,,,,,,,,,,,,,,,,,,6,10
1790036607.9746323,ATTITUDE,,,,,,,,,,,,,,,-0.001972116297110915,9.561995102558285e-05,-2.3426871299743652,,
1790036607.9763439,RAW_IMU,,,,,,,,,0,0,-1001,2,2,2,,,,,
1790036607.9945633,ATTITUDE,,,,,,,,,,,,,,,-0.0020457226783037186,9.150597179541364e-05,-2.342695713043213,,
1790036607.9955115,RAW_IMU,,,,,,,,,0,0,-1001,0,2,2,,,,,
1790036608.014612,ATTITUDE,,,,,,,,,,,,,,,-0.002075830241665244,8.501204138156027e-05,-2.342705488204956,,
1790036608.0157936,RAW_IMU,,,,,,,,,0,0,-1001,1,2,2,,,,,
1790036608.034608,ATTITUDE,,,,,,,,,,,,,,,-0.002088911598548293,9.608452091924846e-05,-2.3427112102508545,,
1790036608.0357168,RAW_IMU,,,,,,,,,0,0,-1001,2,3,2,,,,,
1790036608.0546288,ATTITUDE,,,,,,,,,,,,,,,-0.002100239275023341,0.00011313499271636829,-2.3427164554595947,,
1790036608.056007,RAW_IMU,,,,,,,,,0,0,-1000,2,3,2,,,,,
1790036608.056836,GLOBAL_POSITION_INT,-35.3604685,149.1684134,587.03,6.927,-0.02,0.0,0.49,225.78,,,,,,,,,,,
1790036608.057594,GPS_RAW_INT,,,,,,,,,,,,,,,,,,6,10
1790036608.0741518,ATTITUDE,,,,,,,,,,,,,,,-0.0021109730005264282,0.00012840531417168677,-2.3427231311798096,,
1790036608.075754,RAW_IMU,,,,,,,,,0,0,-1000,2,3,2,,,,,
1790036608.0932515,ATTITUDE,,,,,,,,,,,,,,,-0.002122089033946395,0.00015642221842426807,-2.3427319526672363,,
1790036608.0943255,RAW_IMU,,,,,,,,,0,0,-1000,2,4,2,,,,,
1790036608.1131918,ATTITUDE,,,,,,,,,,,,,,,-0.0021323617547750473,0.00018726283451542258,-2.3427393436431885,,
1790036608.114669,RAW_IMU,,,,,,,,,0,0,-1000,2,4,2,,,,,
1790036608.1486075,ATTITUDE,,,,,,,,,,,,,,,-0.002143914345651865,0.0002178450085921213,-2.342745304107666,,
1790036608.1501875,RAW_IMU,,,,,,,,,0,0,-1000,2,4,2,,,,,
1790036608.1539264,ATTITUDE,,,,,,,,,,,,,,,-0.002155881142243743,0.0002464943681843579,-2.3427529335021973,,
1790036608.1551964,RAW_IMU,,,,,,,,,0,0,-1000,2,4,2,,,,,
1790036608.1560125,GLOBAL_POSITION_INT,-35.3604685,149.1684133,586.98,6.878,-0.02,0.0,0.49,225.78,,,,,,,,,,,
1790036608.1567311,GPS_RAW_INT,,,,,,,,,,,,,,,,,,6,10
1790036608.1742334,ATTITUDE,,,,,,,,,,,,,,,-0.002168657025322318,0.00028626780840568244,-2.3427629470825195,,
1790036608.1750667,RAW_IMU,,,,,,,,,0,0,-1001,2,4,2,,,,,
1790036608.1940074,ATTITUDE,,,,,,,,,,,,,,,-0.0021814494393765926,0.00029054112383164465,-2.342775821685791,,
1790036608.1948183,RAW_IMU,,,,,,,,,0,0,-1001,2,3,2,,,,,
1790036608.2140017,ATTITUDE,,,,,,,,,,,,,,,-0.002194753149524331,0.00035429236595518887,-2.342792510986328,,
1790036608.2148147,RAW_IMU,,,,,,,,,0,0,-1001,2,6,2,,,,,
1790036608.2341473,ATTITUDE,,,,,,,,,,,,,,,-0.002203831449151039,0.00035570270847529173,-2.3428075313568115,,
1790036608.235238,RAW_IMU,,,,,,,,,0,0,-1001,2,2,2,,,,,
1790036608.2545416,ATTITUDE,,,,,,,,,,,,,,,-0.002209331141784787,0.0004317339917179197,-2.342824935913086,,
1790036608.2558794,RAW_IMU,,,,,,,,,0,0,-1001,2,6,2,,,,,
1790036608.2575457,GLOBAL_POSITION_INT,-35.3604685,149.1684133,586.93,6.828,-0.02,0.0,0.49,225.77,,,,,,,,,,,
1790036608.258259,GPS_RAW_INT,,,,,,,,,,,,,,,,,,6,10
1790036608.2755382,ATTITUDE,,,,,,,,,,,,,,,-0.002214884851127863,0.0004248793120495975,-2.3428432941436768,,
1790036608.2774727,RAW_IMU,,,,,,,,,0,0,-1001,2,2,2,,,,,
1790036608.2952921,ATTITUDE,,,,,,,,,,,,,,,-0.002220996655523777,0.0004785827186424285,-2.342864513397217,,
1790036608.2966642,RAW_IMU,,,,,,,,,0,0,-1001,2,4,1,,,,,
1790036608.3152745,ATTITUDE,,,,,,,,,,,,,,,-0.0022286202292889357,0.0004890021518804133,-2.3428852558135986,,
1790036608.3164382,RAW_IMU,,,,,,,,,0,0,-1001,2,3,1,,,,,
1790036608.3356133,ATTITUDE,,,,,,,,,,,,,,,-0.0022350316867232323,0.000489255296997726,-2.3429043292999268,,
1790036608.336895,RAW_IMU,,,,,,,,,0,0,-1000,2,2,1,,,,,
1790036608.3561046,ATTITUDE,,,,,,,,,,,,,,,-0.002242152811959386,0.0004883302608504891,-2.3429250717163086,,
1790036608.3573575,RAW_IMU,,,,,,,,,0,0,-1000,2,2,1,,,,,
1790036608.3591955,GLOBAL_POSITION_INT,-35.3604685,149.1684133,586.88,6.778,-0.02,0.0,0.49,225.77,,,,,,,,,,,
1790036608.359947,GPS_RAW_INT,,,,,,,,,,,,,,,,,,6,10
1790036608.3932135,ATTITUDE,,,,,,,,,,,,,,,-0.0022509025875478983,0.0004873824364040047,-2.3429462909698486,,
1790036608.3939974,RAW_IMU,,,,,,,,,0,0,-1000,2,2,1,,,,,
1790036608.396567,ATTITUDE,,,,,,,,,,,,,,,-0.0022599182557314634,0.000485344382468611,-2.342966079711914,,
1790036608.3980875,RAW_IMU,,,,,,,,,0,0,-1000,2,2,2,,,,,
1790036608.416759,ATTITUDE,,,,,,,,,,,,,,,-0.002269931836053729,0.0004836345906369388,-2.342986583709717,,
1790036608.4181817,RAW_IMU,,,,,,,,,0,0,-1000,2,2,2,,,,,
1790036608.436221,ATTITUDE,,,,,,,,,,,,,,,-0.0022751414217054844,0.0004841229529120028,-2.3430044651031494,,
1790036608.438467,RAW_IMU,,,,,,,,,0,0,-1000,2,2,2,,,,,
1790036608.4562879,ATTITUDE,,,,,,,,,,,,,,,-0.0022762417793273926,0.00048679046449251473,-2.3430187702178955,,
1790036608.4579105,RAW_IMU,,,,,,,,,0,0,-1000,2,2,2,,,,,
1790036608.4586422,GLOBAL_POSITION_INT,-35.3604685,149.1684133,586.83,6.728,-0.02,0.0,0.49,225.76,,,,,,,,,,,
1790036608.4595492,GPS_RAW_INT,,,,,,,,,,,,,,,,,,6,10
1790036608.4760246,ATTITUDE,,,,,,,,,,,,,,,-0.00228051096200943,0.0004876958264503628,-2.343034029006958,,
1790036608.4772904,RAW_IMU,,,,,,,,,0,0,-1000,2,2,2,,,,,
1790036608.4952552,ATTITUDE,,,,,,,,,,,,,,,-0.002282240428030491,0.0004887087270617485,-2.3430495262145996,,
1790036608.496363,RAW_IMU,,,,,,,,,0,0,-1000,2,2,2,,,,,
1790036608.5144236,ATTITUDE,,,,,,,,,,,,,,,-0.002285585505887866,0.0004886951646767557,-2.3430659770965576,,
1790036608.5192504,RAW_IMU,,,,,,,,,0,0,-1000,2,2,2,,,,,
1790036608.5345888,ATTITUDE,,,,,,,,,,,,,,,-0.0022898868191987276,0.0004897060571238399,-2.343080997467041,,
1790036608.5361943,RAW_IMU,,,,,,,,,0,0,-1000,2,2,2,,,,,
1790036608.5554016,ATTITUDE,,,,,,,,,,,,,,,-0.002295422600582242,0.0004887316608801484,-2.3430957794189453,,
1790036608.5569096,RAW_IMU,,,,,,,,,0,0,-1000,2,2,2,,,,,
1790036608.5578506,GLOBAL_POSITION_INT,-35.3604685,149.1684133,586.78,6.678,-0.02,0.0,0.49,225.76,,,,,,,,,,,
1790036608.558767,GPS_RAW_INT,,,,,,,,,,,,,,,,,,6,10
1790036608.5761502,ATTITUDE,,,,,,,,,,,,,,,-0.0023014298640191555,0.0004872822028119117,-2.3431103229522705,,
1790036608.5776966,RAW_IMU,,,,,,,,,0,0,-1000,2,2,2,,,,,
1790036608.5960615,ATTITUDE,,,,,,,,,,,,,,,-0.0023078611120581627,0.0004856405721511692,-2.3431267738342285,,
1790036608.5968802,RAW_IMU,,,,,,,,,0,0,-1000,2,2,2,,,,,
1790036608.616594,ATTITUDE,,,,,,,,,,,,,,,-0.0023154523223638535,0.0004970859736204147,-2.343143939971924,,
1790036608.6179965,RAW_IMU,,,,,,,,,0,0,-1001,2,3,2,,,,,
1790036608.6444812,ATTITUDE,,,,,,,,,,,,,,,-0.0023175766691565514,0.00048467316082678735,-2.3431594371795654,,
1790036608.6461296,RAW_IMU,,,,,,,,,0,0,-1001,2,1,2,,,,,
1790036608.6528246,ATTITUDE,,,,,,,,,,,,,,,-0.002318962011486292,0.0005156012484803796,-2.3431777954101562,,
1790036608.654037,RAW_IMU,,,,,,,,,0,0,-1001,2,4,2,,,,,
1790036608.654856,GLOBAL_POSITION_INT,-35.3604685,149.1684133,586.73,6.628,-0.02,0.0,0.49,225.75,,,,,,,,,,,
1790036608.6555793,GPS_RAW_INT,,,,,,,,,,,,,,,,,,6,10
1790036608.6723762,ATTITUDE,,,,,,,,,,,,,,,-0.0023197121918201447,0.0005205335910432041,-2.343198776245117,,
1790036608.6740432,RAW_IMU,,,,,,,,,0,0,-1001,2,2,1,,,,,
1790036608.6920822,ATTITUDE,,,,,,,,,,,,,,,-0.002321175066754222,0.0005638781003654003,-2.34322190284729,,
1790036608.6930366,RAW_IMU,,,,,,,,,0,0,-1001,2,5,1,,,,,
1790036608.7117019,ATTITUDE,,,,,,,,,,,,,,,-0.0023229096550494432,0.0005439650849439204,-2.343247652053833,,
1790036608.7125359,RAW_IMU,,,,,,,,,0,0,-1001,2,1,1,,,,,
1790036608.732166,ATTITUDE,,,,,,,,,,,,,,,-0.0023260312154889107,0.0005920550902374089,-2.3432724475860596,,
1790036608.7335963,RAW_IMU,,,,,,,,,0,0,-1001,2,4,1,,,,,
1790036608.754027,ATTITUDE,,,,,,,,,,,,,,,-0.0023275581188499928,0.0005730043048970401,-2.343299627304077,,
1790036608.7555,RAW_IMU,,,,,,,,,0,0,-1001,2,2,1,,,,,
1790036608.7569916,GLOBAL_POSITION_INT,-35.3604685,149.1684133,586.68,6.578,-0.02,0.0,0.49,225.74,,,,,,,,,,,
1790036608.757839,GPS_RAW_INT,,,,,,,,,,,,,,,,,,6,10
1790036608.774303,ATTITUDE,,,,,,,,,,,,,,,-0.0023328401148319244,0.0005499047692865133,-2.343327760696411,,
1790036608.7756522,RAW_IMU,,,,,,,,,0,0,-1000,2,1,1,,,,,
1790036608.793223,ATTITUDE,,,,,,,,,,,,,,,-0.0023387677501887083,0.0005277465679682791,-2.343355178833008,,
1790036608.794433,RAW_IMU,,,,,,,,,0,0,-1000,2,1,1,,,,,
1790036608.8131852,ATTITUDE,,,,,,,,,,,,,,,-0.0023450537119060755,0.0005049501778557897,-2.3433802127838135,,
1790036608.8143992,RAW_IMU,,,,,,,,,0,0,-1000,2,1,1,,,,,
1790036608.8335438,ATTITUDE,,,,,,,,,,,,,,,-0.002351404633373022,0.0004829645622521639,-2.3434040546417236,,
1790036608.8350666,RAW_IMU,,,,,,,,,0,0,-1000,2,1,1,,,,,
1790036608.8542318,ATTITUDE,,,,,,,,,,,,,,,-0.0023501813411712646,0.0004667165922001004,-2.343423843383789,,
1790036608.8552785,RAW_IMU,,,,,,,,,0,0,-1000,2,1,1,,,,,
1790036608.856219,GLOBAL_POSITION_INT,-35.3604685,149.1684133,586.63,6.528,-0.02,0.0,0.49,225.74,,,,,,,,,,,
1790036608.85713,GPS_RAW_INT,,,,,,,,,,,,,,,,,,6,10
1790036608.8963492,ATTITUDE,,,,,,,,,,,,,,,-0.0023499333765357733,0.00046398176345974207,-2.343446969985962,,
1790036608.8974206,RAW_IMU,,,,,,,,,0,0,-1000,2,2,1,,,,,
1790036608.8989856,ATTITUDE,,,,,,,,,,,,,,,-0.0023347921669483185,0.00046448895591311157,-2.3434677124023438,,
1790036608.9003239,RAW_IMU,,,,,,,,,0,0,-1000,3,2,1,,,,,
1790036608.914504,ATTITUDE,,,,,,,,,,,,,,,-0.002318649087101221,0.00046429995563812554,-2.3434886932373047,,
1790036608.9161358,RAW_IMU,,,,,,,,,0,0,-1000,3,2,1,,,,,
1790036608.9347935,ATTITUDE,,,,,,,,,,,,,,,-0.0023055451456457376,0.00047460233327001333,-2.343508005142212,,
1790036608.9364104,RAW_IMU,,,,,,,,,0,0,-1001,3,3,1,,,,,
1790036608.9541242,ATTITUDE,,,,,,,,,,,,,,,-0.002304506953805685,0.00046725667198188603,-2.3435280323028564,,
1790036608.9550965,RAW_IMU,,,,,,,,,0,0,-1001,2,2,1,,,,,
1790036608.9559567,GLOBAL_POSITION_INT,-35.3604685,149.1684133,586.58,6.478,-0.02,0.0,0.49,225.73,,,,,,,,,,,
1790036608.9575276,GPS_RAW_INT,,,,,,,,,,,,,,,,,,6,10
1790036608.9738436,ATTITUDE,,,,,,,,,,,,,,,-0.0022826544009149075,0.0005122662987560034,-2.3435511589050293,,
1790036608.9756346,RAW_IMU,,,,,,,,,0,0,-1001,3,4,1,,,,,
1790036608.992441,ATTITUDE,,,,,,,,,,,,,,,-0.002322301035746932,0.0004765503981616348,-2.343574285507202,,
1790036608.9928834,RAW_IMU,,,,,,,,,0,0,-1002,0,1,1,,,,,
1790036609.0158463,ATTITUDE,,,,,,,,,,,,,,,-0.0022697921376675367,0.0005120651330798864,-2.3435966968536377,,
1790036609.0163498,RAW_IMU,,,,,,,,,0,0,-1001,5,4,1,,,,,
1790036609.0337577,ATTITUDE,,,,,,,,,,,,,,,-0.0022866895888000727,0.0005093117360956967,-2.343618154525757,,
1790036609.034198,RAW_IMU,,,,,,,,,0,0,-1001,2,3,1,,,,,
1790036609.0512233,ATTITUDE,,,,,,,,,,,,,,,-0.002280882792547345,0.0004897632752545178,-2.343634605407715,,
1790036609.0518186,RAW_IMU,,,,,,,,,0,0,-1001,2,1,2,,,,,
1790036609.0519958,GLOBAL_POSITION_INT,-35.3604685,149.1684133,586.53,6.428,-0.02,0.0,0.49,225.72,,,,,,,,,,,
1790036609.0523639,GPS_RAW_INT,,,,,,,,,,,,,,,,,,6,10
1790036609.07492,ATTITUDE,,,,,,,,,,,,,,,-0.002244859002530575,0.0004708833002950996,-2.3436505794525146,,
1790036609.0760634,RAW_IMU,,,,,,,,,0,0,-1000,4,1,2,,,,,
1790036609.095857,ATTITUDE,,,,,,,,,,,,,,,-0.0022098030894994736,0.0004521291994024068,-2.3436670303344727,,
1790036609.0977151,RAW_IMU,,,,,,,,,0,0,-1000,4,1,2,,,,,
1790036609.1164804,ATTITUDE,,,,,,,,,,,,,,,-0.0021786920260638,0.00043468340300023556,-2.3436832427978516,,
1790036609.1181943,RAW_IMU,,,,,,,,,0,0,-1000,4,1,2,,,,,
1790036609.1502743,ATTITUDE,,,,,,,,,,,,,,,-0.0021490922663360834,0.00041835452429950237,-2.3436973094940186,,
1790036609.151471,RAW_IMU,,,,,,,,,0,0,-1000,4,1,2,,,,,
1790036609.1534038,ATTITUDE,,,,,,,,,,,,,,,-0.0021202086936682463,0.0004019679327029735,-2.343712568283081,,
1790036609.155686,RAW_IMU,,,,,,,,,0,0,-1000,4,1,2,,,,,
1790036609.1567492,GLOBAL_POSITION_INT,-35.3604685,149.1684133,586.48,6.378,-0.02,0.0,0.49,225.72,,,,,,,,,,,
1790036609.157641,GPS_RAW_INT,,,,,,,,,,,,,,,,,,6,10
1790036609.1745944,ATTITUDE,,,,,,,,,,,,,,,-0.0020950196776539087,0.0003864295140374452,-2.343729019165039,,
1790036609.1754422,RAW_IMU,,,,,,,,,0,0,-1000,4,2,2,,,,,
1790036609.1943884,ATTITUDE,,,,,,,,,,,,,,,-0.002070534275844693,0.0003693419857881963,-2.343744993209839,,
1790036609.1959193,RAW_IMU,,,,,,,,,0,0,-1000,4,2,2,,,,,
1790036609.2144995,ATTITUDE,,,,,,,,,,,,,,,-0.002047913381829858,0.0003521401376929134,-2.3437607288360596,,
1790036609.2162373,RAW_IMU,,,,,,,,,0,0,-1000,4,2,2,,,,,
1790036609.2349353,ATTITUDE,,,,,,,,,,,,,,,-0.0020273737609386444,0.00034688919549807906,-2.3437747955322266,,
1790036609.2362363,RAW_IMU,,,,,,,,,0,0,-1001,3,2,2,,,,,
1790036609.2558188,ATTITUDE,,,,,,,,,,,,,,,-0.0020001924131065607,0.000364431383786723,-2.3437867164611816,,
1790036609.2568774,RAW_IMU,,,,,,,,,0,0,-1001,3,3,2,,,,,
1790036609.2590625,GLOBAL_POSITION_INT,-35.3604685,149.1684133,586.43,6.329,-0.02,0.0,0.49,225.72,,,,,,,,,,,
1790036609.2599552,GPS_RAW_INT,,,,,,,,,,,,,,,,,,6,10
1790036609.27612,ATTITUDE,,,,,,,,,,,,,,,-0.001974987331777811,0.00038136885268613696,-2.3438007831573486,,
1790036609.277664,RAW_IMU,,,,,,,,,0,0,-1001,3,3,2,,,,,
1790036609.296484,ATTITUDE,,,,,,,,,,,,,,,-0.0019524084636941552,0.0003981079498771578,-2.343818426132202,,
1790036609.2981968,RAW_IMU,,,,,,,,,0,0,-1001,3,3,2,,,,,
1790036609.3158884,ATTITUDE,,,,,,,,,,,,,,,-0.0019309846684336662,0.0004179073730483651,-2.3438377380371094,,
1790036609.3176777,RAW_IMU,,,,,,,,,0,0,-1001,3,3,2,,,,,
1790036609.336334,ATTITUDE,,,,,,,,,,,,,,,-0.001909981481730938,0.0004468380066100508,-2.343855619430542,,
1790036609.3384933,RAW_IMU,,,,,,,,,0,0,-1001,3,4,2,,,,,
1790036609.3559692,ATTITUDE,,,,,,,,,,,,,,,-0.0018902826122939587,0.0004352149262558669,-2.3438751697540283,,
1790036609.3573823,RAW_IMU,,,,,,,,,0,0,-1001,3,2,1,,,,,
1790036609.358189,GLOBAL_POSITION_INT,-35.3604685,149.1684133,586.38,6.279,-0.02,0.0,0.49,225.71,,,,,,,,,,,
1790036609.3590522,GPS_RAW_INT,,,,,,,,,,,,,,,,,,6,10
1790036609.392037,ATTITUDE,,,,,,,,,,,,,,,-0.0018730616429820657,0.00042302411748096347,-2.34389591217041,,
1790036609.3932896,RAW_IMU,,,,,,,,,0,0,-1000,3,2,1,,,,,
1790036609.3963852,ATTITUDE,,,,,,,,,,,,,,,-0.0018571685068309307,0.00041073639295063913,-2.3439173698425293,,
1790036609.3977702,RAW_IMU,,,,,,,,,0,0,-1000,3,2,2,,,,,
1790036609.4159315,ATTITUDE,,,,,,,,,,,,,,,-0.0018437015824019909,0.0003987301606684923,-2.343938112258911,,
1790036609.4173634,RAW_IMU,,,,,,,,,0,0,-1000,3,2,2,,,,,
1790036609.436296,ATTITUDE,,,,,,,,,,,,,,,-0.001831113244406879,0.0003873227396979928,-2.3439574241638184,,
1790036609.4382584,RAW_IMU,,,,,,,,,0,0,-1000,3,2,2,,,,,
1790036609.45694,ATTITUDE,,,,,,,,,,,,,,,-0.0018122296314686537,0.0003785348671954125,-2.3439724445343018,,
1790036609.4584591,RAW_IMU,,,,,,,,,0,0,-1000,3,2,2,,,,,
1790036609.4598646,GLOBAL_POSITION_INT,-35.3604685,149.1684133,586.33,6.229,-0.02,0.0,0.49,225.71,,,,,,,,,,,
1790036609.4607384,GPS_RAW_INT,,,,,,,,,,,,,,,,,,6,10
1790036609.4767091,ATTITUDE,,,,,,,,,,,,,,,-0.0017940811812877655,0.00036948383785784245,-2.343989133834839,,
1790036609.478234,RAW_IMU,,,,,,,,,0,0,-1000,3,2,2,,,,,
1790036609.4966834,ATTITUDE,,,,,,,,,,,,,,,-0.001776455552317202,0.0003607627877499908,-2.3440053462982178,,
1790036609.4975266,RAW_IMU,,,,,,,,,0,0,-1000,3,2,2,,,,,
1790036609.5166593,ATTITUDE,,,,,,,,,,,,,,,-0.001761157880537212,0.0003520711325109005,-2.344020128250122,,
1790036609.518015,RAW_IMU,,,,,,,,,0,0,-1000,3,2,2,,,,,
1790036609.5370016,ATTITUDE,,,,,,,,,,,,,,,-0.0017893488984555006,0.0003440052969381213,-2.3440334796905518,,
1790036609.5389192,RAW_IMU,,,,,,,,,0,0,-1001,1,2,2,,,,,
1790036609.5561457,ATTITUDE,,,,,,,,,,,,,,,-0.0018313893815502524,0.000336186756612733,-2.344048261642456,,
1790036609.5578372,RAW_IMU,,,,,,,,,0,0,-1000,0,2,2,,,,,
1790036609.5584288,GLOBAL_POSITION_INT,-35.3604685,149.1684133,586.28,6.179,-0.02,0.0,0.49,225.7,,,,,,,,,,,
1790036609.5591412,GPS_RAW_INT,,,,,,,,,,,,,,,,,,6,10
1790036609.576022,ATTITUDE,,,,,,,,,,,,,,,-0.001871177926659584,0.0003291055327281356,-2.3440632820129395,,
1790036609.5784326,RAW_IMU,,,,,,,,,0,0,-1000,0,2,2,,,,,
1790036609.5961056,ATTITUDE,,,,,,,,,,,,,,,-0.0019109564600512385,0.00032073832699097693,-2.344078302383423,,
1790036609.597753,RAW_IMU,,,,,,,,,0,0,-1000,0,2,2,,,,,
1790036609.6167138,ATTITUDE,,,,,,,,,,,,,,,-0.0019498344045132399,0.0003342307754792273,-2.344093084335327,,
1790036609.617508,RAW_IMU,,,,,,,,,0,0,-1001,0,3,2,,,,,
1790036609.6422555,ATTITUDE,,,,,,,,,,,,,,,-0.0019872121047228575,0.0003619846247602254,-2.3441054821014404,,
1790036609.643412,RAW_IMU,,,,,,,,,0,0,-1000,1,4,2,,,,,
1790036609.6529183,ATTITUDE,,,,,,,,,,,,,,,-0.0020160998683422804,0.0003898352151736617,-2.344116687774658,,
1790036609.6544187,RAW_IMU,,,,,,,,,0,0,-1000,1,4,2,,,,,
1790036609.6554167,GLOBAL_POSITION_INT,-35.3604685,149.1684133,586.23,6.129,-0.02,0.0,0.49,225.7,,,,,,,,,,,
1790036609.656239,GPS_RAW_INT,,,,,,,,,,,,,,,,,,6,10
1790036609.672361,ATTITUDE,,,,,,,,,,,,,,,-0.0020445690024644136,0.00041694758692756295,-2.3441286087036133,,
1790036609.67322,RAW_IMU,,,,,,,,,0,0,-1000,1,4,2,,,,,
1790036609.6923766,ATTITUDE,,,,,,,,,,,,,,,-0.0020735326688736677,0.0004424750804901123,-2.3441414833068848,,
1790036609.6934857,RAW_IMU,,,,,,,,,0,0,-1000,1,4,2,,,,,
1790036609.7123117,ATTITUDE,,,,,,,,,,,,,,,-0.00210088980384171,0.00046839541755616665,-2.34415340423584,,
1790036609.7139344,RAW_IMU,,,,,,,,,0,0,-1000,1,4,2,,,,,
1790036609.7330263,ATTITUDE,,,,,,,,,,,,,,,-0.0021270159631967545,0.000491670798510313,-2.344163179397583,,
1790036609.7348056,RAW_IMU,,,,,,,,,0,0,-1000,1,3,2,,,,,
1790036609.753628,ATTITUDE,,,,,,,,,,,,,,,-0.0021534785628318787,0.0005154281388968229,-2.344174385070801,,
1790036609.7548769,RAW_IMU,,,,,,,,,0,0,-1000,1,3,2,,,,,
1790036609.7567155,GLOBAL_POSITION_INT,-35.3604685,149.1684133,586.18,6.079,-0.02,0.0,0.49,225.69,,,,,,,,,,,
1790036609.7582088,GPS_RAW_INT,,,,,,,,,,,,,,,,,,6,10
1790036609.774189,ATTITUDE,,,,,,,,,,,,,,,-0.0021806019358336926,0.0005355088505893946,-2.344186782836914,,
1790036609.7764843,RAW_IMU,,,,,,,,,0,0,-1000,1,3,2,,,,,
1790036609.7937946,ATTITUDE,,,,,,,,,,,,,,,-0.002207116223871708,0.0005553992232307792,-2.3441996574401855,,
1790036609.7949443,RAW_IMU,,,,,,,,,0,0,-1000,1,3,2,,,,,
1790036609.813645,ATTITUDE,,,,,,,,,,,,,,,-0.002233675913885236,0.0005739625194109976,-2.344212770462036,,
1790036609.8144283,RAW_IMU,,,,,,,,,0,0,-1000,1,3,2,,,,,
1790036609.8339775,ATTITUDE,,,,,,,,,,,,,,,-0.002259218832477927,0.0005924057913944125,-2.344224452972412,,
1790036609.8356512,RAW_IMU,,,,,,,,,0,0,-1000,1,3,2,,,,,
1790036609.8539796,ATTITUDE,,,,,,,,,,,,,,,-0.0022776592522859573,0.0006123896455392241,-2.344233274459839,,
1790036609.8550768,RAW_IMU,,,,,,,,,0,0,-1000,1,3,2,,,,,
1790036609.8559575,GLOBAL_POSITION_INT,-35.3604685,149.1684133,586.13,6.029,-0.02,0.0,0.49,225.69,,,,,,,,,,,
1790036609.856687,GPS_RAW_INT,,,,,,,,,,,,,,,,,,6,10
1790036609.8970683,ATTITUDE,,,,,,,,,,,,,,,-0.002295180456712842,0.0006306525319814682,-2.344242811203003,,
1790036609.8986773,RAW_IMU,,,,,,,,,0,0,-1000,1,3,2,,,,,
1790036609.899185,ATTITUDE,,,,,,,,,,,,,,,-0.0023110699839890003,0.0006556852604262531,-2.3442540168762207,,
1790036609.900362,RAW_IMU,,,,,,,,,0,0,-1001,1,4,2,,,,,
1790036609.914343,ATTITUDE,,,,,,,,,,,,,,,-0.0023302589543163776,0.0006735844654031098,-2.344268560409546,,
1790036609.916033,RAW_IMU,,,,,,,,,0,0,-1001,1,3,2,,,,,
1790036609.9348845,ATTITUDE,,,,,,,,,,,,,,,-0.002347990171983838,0.0007069695275276899,-2.34428334236145,,
1790036609.9366984,RAW_IMU,,,,,,,,,0,0,-1001,1,4,2,,,,,
1790036609.9545522,ATTITUDE,,,,,,,,,,,,,,,-0.00236560613848269,0.0006770038744434714,-2.344302177429199,,
1790036609.9564917,RAW_IMU,,,,,,,,,0,0,-1001,1,1,2,,,,,
1790036609.9573367,GLOBAL_POSITION_INT,-35.3604685,149.1684133,586.08,5.979,-0.02,0.0,0.49,225.69,,,,,,,,,,,
1790036609.9583578,GPS_RAW_INT,,,,,,,,,,,,,,,,,,6,10
1790036609.9744618,ATTITUDE,,,,,,,,,,,,,,,-0.0023829853162169456,0.0007080681971274316,-2.3443245887756348,,
1790036609.9757233,RAW_IMU,,,,,,,,,0,0,-1001,1,4,1,,,,,
1790036609.9944377,ATTITUDE,,,,,,,,,,,,,,,-0.002401256700977683,0.0006676092743873596,-2.3443498611450195,,
1790036609.9957356,RAW_IMU,,,,,,,,,0,0,-1001,1,1,1,,,,,
1790036610.0143213,ATTITUDE,,,,,,,,,,,,,,,-0.002420848235487938,0.0006623711669817567,-2.3443734645843506,,
1790036610.0156374,RAW_IMU,,,,,,,,,0,0,-1000,1,2,1,,,,,
1790036610.0349195,ATTITUDE,,,,,,,,,,,,,,,-0.0024396893568336964,0.0006586184608750045,-2.3443942070007324,,
1790036610.036505,RAW_IMU,,,,,,,,,0,0,-1000,1,2,1,,,,,
1790036610.0553565,ATTITUDE,,,,,,,,,,,,,,,-0.002449666615575552,0.0006570469122380018,-2.3444130420684814,,
1790036610.0563796,RAW_IMU,,,,,,,,,0,0,-1000,2,2,1,,,,,
1790036610.0575352,GLOBAL_POSITION_INT,-35.3604685,149.1684133,586.03,5.929,-0.02,0.0,0.49,225.68,,,,,,,,,,,
1790036610.0586743,GPS_RAW_INT,,,,,,,,,,,,,,,,,,6,10
1790036610.0758474,ATTITUDE,,,,,,,,,,,,,,,-0.0024614008143544197,0.000654598290566355,-2.3444321155548096,,
1790036610.0767593,RAW_IMU,,,,,,,,,0,0,-1000,2,2,1,,,,,
1790036610.0959423,ATTITUDE,,,,,,,,,,,,,,,-0.0024729440920054913,0.0006518816808238626,-2.344452142715454,,
1790036610.0975642,RAW_IMU,,,,,,,,,0,0,-1000,2,2,2,,,,,
1790036610.1151474,ATTITUDE,,,,,,,,,,,,,,,-0.002483544172719121,0.0006499350420199335,-2.3444697856903076,,
1790036610.116204,RAW_IMU,,,,,,,,,0,0,-1000,2,2,2,,,,,
1790036610.14555,ATTITUDE,,,,,,,,,,,,,,,-0.002495519118383527,0.0006467474740929902,-2.3444862365722656,,
1790036610.1461496,RAW_IMU,,,,,,,,,0,0,-1000,2,2,2,,,,,
1790036610.1551423,ATTITUDE,,,,,,,,,,,,,,,-0.0025085099041461945,0.000644965679384768,-2.344503879547119,,
1790036610.1566749,RAW_IMU,,,,,,,,,0,0,-1001,2,2,2,,,,,
1790036610.1577284,GLOBAL_POSITION_INT,-35.3604685,149.1684132,585.98,5.879,-0.02,0.0,0.49,225.67,,,,,,,,,,,
1790036610.158801,GPS_RAW_INT,,,,,,,,,,,,,,,,,,6,10
1790036610.1751535,ATTITUDE,,,,,,,,,,,,,,,-0.002519583096727729,0.0006418893462978303,-2.3445210456848145,,
1790036610.1768792,RAW_IMU,,,,,,,,,0,0,-1000,2,2,2,,,,,
1790036610.1944015,ATTITUDE,,,,,,,,,,,,,,,-0.0025326779577881098,0.0006383743020705879,-2.3445396423339844,,
1790036610.1957452,RAW_IMU,,,,,,,,,0,0,-1000,2,2,2,,,,,
1790036610.2142663,ATTITUDE,,,,,,,,,,,,,,,-0.002545851282775402,0.0006340592517517507,-2.344557762145996,,
1790036610.2151694,RAW_IMU,,,,,,,,,0,0,-1001,2,2,2,,,,,
1790036610.2353947,ATTITUDE,,,,,,,,,,,,,,,-0.0025588618591427803,0.0006305163260549307,-2.344574451446533,,
1790036610.2372062,RAW_IMU,,,,,,,,,0,0,-1000,2,2,2,,,,,
1790036610.256313,ATTITUDE,,,,,,,,,,,,,,,-0.0025645520072430372,0.0006300925160758197,-2.344588279724121,,
1790036610.2580988,RAW_IMU,,,,,,,,,0,0,-1000,2,2,2,,,,,
1790036610.2596827,GLOBAL_POSITION_INT,-35.3604685,149.1684132,585.94,5.83,-0.02,0.01,0.49,225.67,,,,,,,,,,,
1790036610.260889,GPS_RAW_INT,,,,,,,,,,,,,,,,,,6,10
1790036610.2758653,ATTITUDE,,,,,,,,,,,,,,,-0.0025699404068291187,0.0006293439655564725,-2.344602108001709,,
1790036610.277596,RAW_IMU,,,,,,,,,0,0,-1000,2,2,2,,,,,
1790036610.296322,ATTITUDE,,,,,,,,,,,,,,,-0.00257583218626678,0.0006286630523391068,-2.344616174697876,,
1790036610.2980409,RAW_IMU,,,,,,,,,0,0,-1000,2,2,2,,,,,
1790036610.3166206,ATTITUDE,,,,,,,,,,,,,,,-0.0025826895143836737,0.0006275080377236009,-2.3446297645568848,,
1790036610.318468,RAW_IMU,,,,,,,,,0,0,-1000,2,2,2,,,,,
1790036610.3371825,ATTITUDE,,,,,,,,,,,,,,,-0.002590777585282922,0.0006253570318222046,-2.3446435928344727,,
1790036610.3385105,RAW_IMU,,,,,,,,,0,0,-1000,2,2,2,,,,,
1790036610.3574061,ATTITUDE,,,,,,,,,,,,,,,-0.0025967431720346212,0.0006230653962120414,-2.3446567058563232,,
1790036610.3584924,RAW_IMU,,,,,,,,,0,0,-1001,2,2,2,,,,,
1790036610.3596404,GLOBAL_POSITION_INT,-35.3604685,149.1684132,585.89,5.78,-0.02,0.01,0.49,225.67,,,,,,,,,,,
1790036610.360203,GPS_RAW_INT,,,,,,,,,,,,,,,,,,6,10
1790036610.384864,ATTITUDE,,,,,,,,,,,,,,,-0.0026052389293909073,0.0006203338853083551,-2.344669818878174,,
1790036610.3852391,RAW_IMU,,,,,,,,,0,0,-1000,2,2,2,,,,,
1790036610.3926647,ATTITUDE,,,,,,,,,,,,,,,-0.002613913035020232,0.0006186830578371882,-2.3446848392486572,,
1790036610.3937318,RAW_IMU,,,,,,,,,0,0,-1000,2,2,2,,,,,
1790036610.4158633,ATTITUDE,,,,,,,,,,,,,,,-0.002623401116579771,0.0006021395092830062,-2.344698667526245,,
1790036610.4167008,RAW_IMU,,,,,,,,,0,0,-1001,2,2,2,,,,,
1790036610.4342935,ATTITUDE,,,,,,,,,,,,,,,-0.0026228532660752535,0.0005904840654693544,-2.3447110652923584,,
1790036610.4358177,RAW_IMU,,,,,,,,,0,0,-1001,2,1,2,,,,,
1790036610.4545329,ATTITUDE,,,,,,,,,,,,,,,-0.0026071700267493725,0.0005720611079595983,-2.3447232246398926,,
1790036610.4564126,RAW_IMU,,,,,,,,,0,0,-1001,3,2,2,,,,,
1790036610.4574351,GLOBAL_POSITION_INT,-35.3604685,149.1684132,585.84,5.73,-0.02,0.01,0.49,225.66,,,,,,,,,,,
1790036610.4584634,GPS_RAW_INT,,,,,,,,,,,,,,,,,,6,10
1790036610.475,ATTITUDE,,,,,,,,,,,,,,,-0.002592927310615778,0.0005400901427492499,-2.3447391986846924,,
1790036610.4760242,RAW_IMU,,,,,,,,,0,0,-1001,3,0,2,,,,,
1790036610.4945178,ATTITUDE,,,,,,,,,,,,,,,-0.0025792394299060106,0.0005413295002654195,-2.3447558879852295,,
1790036610.4955215,RAW_IMU,,,,,,,,,0,0,-1001,3,3,2,,,,,
1790036610.5141678,ATTITUDE,,,,,,,,,,,,,,,-0.0025670211762189865,0.0004872415156569332,-2.3447747230529785,,
1790036610.515086,RAW_IMU,,,,,,,,,0,0,-1001,3,0,2,,,,,
1790036610.5345275,ATTITUDE,,,,,,,,,,,,,,,-0.0025561871007084846,0.0004350846284069121,-2.3447911739349365,,
1790036610.5354028,RAW_IMU,,,,,,,,,0,0,-1000,3,0,2,,,,,
1790036610.5543413,ATTITUDE,,,,,,,,,,,,,,,-0.0025468305684626102,0.00038505575503222644,-2.3448095321655273,,
1790036610.5552385,RAW_IMU,,,,,,,,,0,0,-1001,3,0,2,,,,,
1790036610.5563087,GLOBAL_POSITION_INT,-35.3604685,149.1684132,585.79,5.68,-0.02,0.01,0.49,225.66,,,,,,,,,,,
1790036610.5580702,GPS_RAW_INT,,,,,,,,,,,,,,,,,,6,10
1790036610.5741801,ATTITUDE,,,,,,,,,,,,,,,-0.0025388761423528194,0.0003352222847752273,-2.344827890396118,,
1790036610.5753005,RAW_IMU,,,,,,,,,0,0,-1001,3,0,2,,,,,
1790036610.5942488,ATTITUDE,,,,,,,,,,,,,,,-0.002532421611249447,0.00028838985599577427,-2.3448455333709717,,
1790036610.595931,RAW_IMU,,,,,,,,,0,0,-1000,3,0,2,,,,,
1790036610.6143312,ATTITUDE,,,,,,,,,,,,,,,-0.0025269195903092623,0.00024295102048199624,-2.3448636531829834,,
1790036610.6156507,RAW_IMU,,,,,,,,,0,0,-1000,3,0,2,,,,,
1790036610.6469727,ATTITUDE,,,,,,,,,,,,,,,-0.0025206976570189,0.00019901758059859276,-2.3448801040649414,,
1790036610.6483133,RAW_IMU,,,,,,,,,0,0,-1000,3,0,2,,,,,
1790036610.6564074,ATTITUDE,,,,,,,,,,,,,,,-0.002472318708896637,0.00015848518523853272,-2.34489369392395,,
1790036610.6577876,RAW_IMU,,,,,,,,,0,0,-1001,4,0,2,,,,,
1790036610.6587172,GLOBAL_POSITION_INT,-35.3604685,149.1684132,585.74,5.63,-0.02,0.01,0.49,225.65,,,,,,,,,,,
1790036610.6605086,GPS_RAW_INT,,,,,,,,,,,,,,,,,,6,10
1790036610.6765845,ATTITUDE,,,,,,,,,,,,,,,-0.0024250203277915716,0.0001180285689770244,-2.34490704536438,,
1790036610.6781232,RAW_IMU,,,,,,,,,0,0,-1000,4,0,2,,,,,
1790036610.6958208,ATTITUDE,,,,,,,,,,,,,,,-0.0023800816852599382,7.911632565082982e-05,-2.3449208736419678,,
1790036610.697598,RAW_IMU,,,,,,,,,0,0,-1000,4,0,2,,,,,
1790036610.7148614,ATTITUDE,,,,,,,,,,,,,,,-0.002337408484891057,4.346910282038152e-05,-2.344933271408081,,
1790036610.7166588,RAW_IMU,,,,,,,,,0,0,-1000,4,1,2,,,,,
1790036610.7348022,ATTITUDE,,,,,,,,,,,,,,,-0.002297200495377183,7.711424586887006e-06,-2.3449442386627197,,
1790036610.7366982,RAW_IMU,,,,,,,,,0,0,-1001,4,1,2,,,,,
1790036610.755286,ATTITUDE,,,,,,,,,,,,,,,-0.0022594816982746124,-2.687339292606339e-05,-2.3449559211730957,,
1790036610.757247,RAW_IMU,,,,,,,,,0,0,-1000,4,1,2,,,,,
1790036610.7583861,GLOBAL_POSITION_INT,-35.3604685,149.1684132,585.69,5.58,-0.02,0.01,0.49,225.65,,,,,,,,,,,
1790036610.7599115,GPS_RAW_INT,,,,,,,,,,,,,,,,,,6,10
1790036610.7758799,ATTITUDE,,,,,,,,,,,,,,,-0.0022250551264733076,-4.684464875026606e-05,-2.344968557357788,,
1790036610.7768028,RAW_IMU,,,,,,,,,0,0,-1001,4,1,2,,,,,
1790036610.796032,ATTITUDE,,,,,,,,,,,,,,,-0.0021924693137407303,-4.268781412974931e-05,-2.344982624053955,,
1790036610.7976897,RAW_IMU,,,,,,,,,0,0,-1000,4,3,2,,,,,
1790036610.815803,ATTITUDE,,,,,,,,,,,,,,,-0.00216185231693089,-3.848404958262108e-05,-2.344996452331543,,
1790036610.8168356,RAW_IMU,,,,,,,,,0,0,-1000,4,3,2,,,,,
1790036610.836613,ATTITUDE,,,,,,,,,,,,,,,-0.0021323231048882008,-3.524528074194677e-05,-2.3450088500976562,,
1790036610.8382099,RAW_IMU,,,,,,,,,0,0,-1000,4,3,2,,,,,
1790036610.8571422,ATTITUDE,,,,,,,,,,,,,,,-0.002097358228638768,-1.7152624423033558e-05,-2.345018148422241,,
1790036610.858822,RAW_IMU,,,,,,,,,0,0,-1001,4,3,2,,,,,
1790036610.860786,GLOBAL_POSITION_INT,-35.3604685,149.1684132,585.64,5.53,-0.02,0.01,0.49,225.65,,,,,,,,,,,
1790036610.8618636,GPS_RAW_INT,,,,,,,,,,,,,,,,,,6,10
1790036610.8937643,ATTITUDE,,,,,,,,,,,,,,,-0.002062690444290638,2.276242958032526e-05,-2.3450303077697754,,
1790036610.89522,RAW_IMU,,,,,,,,,0,0,-1001,4,4,2,,,,,
1790036610.896994,ATTITUDE,,,,,,,,,,,,,,,-0.002030319068580866,6.016093539074063e-05,-2.3450417518615723,,
1790036610.8984542,RAW_IMU,,,,,,,,,0,0,-1000,4,4,2,,,,,
1790036610.9125855,ATTITUDE,,,,,,,,,,,,,,,-0.0020005193073302507,9.580559708410874e-05,-2.345053195953369,,
1790036610.914008,RAW_IMU,,,,,,,,,0,0,-1000,4,4,2,,,,,
1790036610.9326446,ATTITUDE,,,,,,,,,,,,,,,-0.0019723623991012573,0.00013156812929082662,-2.345062255859375,,
1790036610.9341724,RAW_IMU,,,,,,,,,0,0,-1000,4,4,2,,,,,
1790036610.953374,ATTITUDE,,,,,,,,,,,,,,,-0.0019465233199298382,0.00016473613504786044,-2.3450732231140137,,
1790036610.955443,RAW_IMU,,,,,,,,,0,0,-1000,3,4,2,,,,,
1790036610.9561605,GLOBAL_POSITION_INT,-35.3604685,149.1684132,585.59,5.48,-0.02,0.01,0.49,225.64,,,,,,,,,,,
1790036610.9572244,GPS_RAW_INT,,,,,,,,,,,,,,,,,,6,10
1790036610.9734778,ATTITUDE,,,,,,,,,,,,,,,-0.0019223971758037806,0.00019576669728849083,-2.3450839519500732,,
1790036610.9748435,RAW_IMU,,,,,,,,,0,0,-1001,3,4,2,,,,,
1790036610.993277,ATTITUDE,,,,,,,,,,,,,,,-0.0019008234376087785,0.00022508928668685257,-2.345097541809082,,
1790036610.9954145,RAW_IMU,,,,,,,,,0,0,-1000,3,4,2,,,,,
1790036611.013366,ATTITUDE,,,,,,,,,,,,,,,-0.001881096512079239,0.0002848774893209338,-2.345111131668091,,
1790036611.0143688,RAW_IMU,,,,,,,,,0,0,-1001,3,5,2,,,,,
1790036611.0336576,ATTITUDE,,,,,,,,,,,,,,,-0.0018614886794239283,0.0003075659624300897,-2.3451240062713623,,
1790036611.0346417,RAW_IMU,,,,,,,,,0,0,-1001,3,4,2,,,,,
1790036611.0537913,ATTITUDE,,,,,,,,,,,,,,,-0.0018371912883594632,0.00039318209746852517,-2.3451356887817383,,
1790036611.0549798,RAW_IMU,,,,,,,,,0,0,-1001,3,6,2,,,,,
1790036611.0562894,GLOBAL_POSITION_INT,-35.3604685,149.1684132,585.54,5.43,-0.02,0.01,0.49,225.64,,,,,,,,,,,
1790036611.0571153,GPS_RAW_INT,,,,,,,,,,,,,,,,,,6,10
1790036611.074146,ATTITUDE,,,,,,,,,,,,,,,-0.0018126060022041202,0.0004112444003112614,-2.345151662826538,,
1790036611.0751426,RAW_IMU,,,,,,,,,0,0,-1001,3,3,2,,,,,
1790036611.0941825,ATTITUDE,,,,,,,,,,,,,,,-0.0017916896613314748,0.0005014555645175278,-2.34516978263855,,
1790036611.096009,RAW_IMU,,,,,,,,,0,0,-1001,3,6,2,,,,,
1790036611.1147625,ATTITUDE,,,,,,,,,,,,,,,-0.0017712661065161228,0.0005299559561535716,-2.345186233520508,,
1790036611.1159139,RAW_IMU,,,,,,,,,0,0,-1001,3,4,2,,,,,
1790036611.1418056,ATTITUDE,,,,,,,,,,,,,,,-0.0017512671183794737,0.0005474971258081496,-2.345203399658203,,
1790036611.1429582,RAW_IMU,,,,,,,,,0,0,-1000,3,3,2,,,,,
1790036611.1578,ATTITUDE,,,,,,,,,,,,,,,-0.0017320136539638042,0.0005639538285322487,-2.3452200889587402,,
1790036611.1598296,RAW_IMU,,,,,,,,,0,0,-1000,3,3,2,,,,,
1790036611.16064,GLOBAL_POSITION_INT,-35.3604685,149.1684132,585.49,5.38,-0.02,0.01,0.49,225.63,,,,,,,,,,,
1790036611.161407,GPS_RAW_INT,,,,,,,,,,,,,,,,,,6,10
1790036611.1769948,ATTITUDE,,,,,,,,,,,,,,,-0.0017164404271170497,0.000579126994125545,-2.34523868560791,,
1790036611.1785822,RAW_IMU,,,,,,,,,0,0,-1001,3,3,2,,,,,
1790036611.1968558,ATTITUDE,,,,,,,,,,,,,,,-0.0017022525426000357,0.0005923337303102016,-2.345257043838501,,
1790036611.1978788,RAW_IMU,,,,,,,,,0,0,-1001,3,3,2,,,,,
1790036611.2164805,ATTITUDE,,,,,,,,,,,,,,,-0.0016897408058866858,0.0006056337733753026,-2.3452742099761963,,
1790036611.2177892,RAW_IMU,,,,,,,,,0,0,-1000,3,3,2,,,,,
1790036611.2366624,ATTITUDE,,,,,,,,,,,,,,,-0.0016763887833803892,0.0006191626889631152,-2.345289707183838,,
1790036611.237874,RAW_IMU,,,,,,,,,0,0,-1001,3,3,2,,,,,
1790036611.2570567,ATTITUDE,,,,,,,,,,,,,,,-0.0016583752585574985,0.0006334120407700539,-2.3453023433685303,,
1790036611.2585151,RAW_IMU,,,,,,,,,0,0,-1001,3,3,2,,,,,
1790036611.2605267,GLOBAL_POSITION_INT,-35.3604685,149.1684132,585.44,5.331,-0.02,0.01,0.49,225.63,,,,,,,,,,,
1790036611.26166,GPS_RAW_INT,,,,,,,,,,,,,,,,,,6,10
1790036611.2723851,ATTITUDE,,,,,,,,,,,,,,,-0.0016415268182754517,0.0006471126689575613,-2.3453171253204346,,
1790036611.2742977,RAW_IMU,,,,,,,,,0,0,-1000,3,3,2,,,,,
1790036611.291832,ATTITUDE,,,,,,,,,,,,,,,-0.0016264833975583315,0.0006592554855160415,-2.3453309535980225,,
1790036611.2925105,RAW_IMU,,,,,,,,,0,0,-1000,3,3,2,,,,,
1790036611.3177311,ATTITUDE,,,,,,,,,,,,,,,-0.001613014261238277,0.0006703499821014702,-2.3453450202941895,,
1790036611.3189573,RAW_IMU,,,,,,,,,0,0,-1000,3,3,2,,,,,
1790036611.3377934,ATTITUDE,,,,,,,,,,,,,,,-0.0015994299901649356,0.0006806983728893101,-2.3453569412231445,,
1790036611.3392642,RAW_IMU,,,,,,,,,0,0,-1001,3,3,2,,,,,
1790036611.3585439,ATTITUDE,,,,,,,,,,,,,,,-0.0015866332687437534,0.0006913929246366024,-2.345369815826416,,
1790036611.3601627,RAW_IMU,,,,,,,,,0,0,-1000,3,3,2,,,,,
1790036611.3611684,GLOBAL_POSITION_INT,-35.3604685,149.1684132,585.39,5.281,-0.02,0.01,0.49,225.63,,,,,,,,,,,
1790036611.362321,GPS_RAW_INT,,,,,,,,,,,,,,,,,,6,10
1790036611.3978584,ATTITUDE,,,,,,,,,,,,,,,-0.0015767040895298123,0.0006995440926402807,-2.3453826904296875,,
1790036611.3989708,RAW_IMU,,,,,,,,,0,0,-1000,3,3,2,,,,,
1790036611.4000452,ATTITUDE,,,,,,,,,,,,,,,-0.0015676761977374554,0.0007085911347530782,-2.345396041870117,,
1790036611.4012523,RAW_IMU,,,,,,,,,0,0,-1000,3,3,2,,,,,
1790036611.4125948,ATTITUDE,,,,,,,,,,,,,,,-0.0015603196807205677,0.0007170994649641216,-2.345410108566284,,
1790036611.4136336,RAW_IMU,,,,,,,,,0,0,-1001,3,3,2,,,,,
1790036611.4378014,ATTITUDE,,,,,,,,,,,,,,,-0.0015518590807914734,0.0007253866060636938,-2.3454227447509766,,
1790036611.4395983,RAW_IMU,,,,,,,,,0,0,-1001,3,3,2,,,,,
1790036611.4584923,ATTITUDE,,,,,,,,,,,,,,,-0.0015375239308923483,0.0007363976328633726,-2.345433235168457,,
1790036611.459522,RAW_IMU,,,,,,,,,0,0,-1001,3,3,2,,,,,
1790036611.4605742,GLOBAL_POSITION_INT,-35.3604685,149.1684132,585.34,5.231,-0.02,0.01,0.49,225.62,,,,,,,,,,,
1790036611.4617631,GPS_RAW_INT,,,,,,,,,,,,,,,,,,6,10
1790036611.4728985,ATTITUDE,,,,,,,,,,,,,,,-0.0015246578259393573,0.0007439952460117638,-2.3454432487487793,,
1790036611.4738054,RAW_IMU,,,,,,,,,0,0,-1001,3,3,2,,,,,
1790036611.4930916,ATTITUDE,,,,,,,,,,,,,,,-0.0015133838169276714,0.0007510849973186851,-2.345454692840576,,
1790036611.4948232,RAW_IMU,,,,,,,,,0,0,-1001,3,3,2,,,,,
1790036611.5131214,ATTITUDE,,,,,,,,,,,,,,,-0.001503123203292489,0.0007580277742817998,-2.345465660095215,,
1790036611.5143204,RAW_IMU,,,,,,,,,0,0,-1000,3,3,2,,,,,
1790036611.5331411,ATTITUDE,,,,,,,,,,,,,,,-0.0014935273211449385,0.0007649426115676761,-2.345475196838379,,
1790036611.53454,RAW_IMU,,,,,,,,,0,0,-1000,3,3,2,,,,,
1790036611.5538814,ATTITUDE,,,,,,,,,,,,,,,-0.001483617234043777,0.0007713602390140295,-2.3454856872558594,,
1790036611.555601,RAW_IMU,,,,,,,,,0,0,-1001,3,3,2,,,,,
1790036611.5564013,GLOBAL_POSITION_INT,-35.3604685,149.1684132,585.29,5.181,-0.02,0.01,0.49,225.62,,,,,,,,,,,
1790036611.5573478,GPS_RAW_INT,,,,,,,,,,,,,,,,,,6,10
1790036611.5743318,ATTITUDE,,,,,,,,,,,,,,,-0.0014761495403945446,0.0007772738463245332,-2.345496892929077,,
1790036611.5752985,RAW_IMU,,,,,,,,,0,0,-1001,3,3,2,,,,,
1790036611.5941436,ATTITUDE,,,,,,,,,,,,,,,-0.0014696093276143074,0.0007820535684004426,-2.345508098602295,,
1790036611.595637,RAW_IMU,,,,,,,,,0,0,-1001,3,3,2,,,,,
1790036611.6140957,ATTITUDE,,,,,,,,,,,,,,,-0.0014645265182480216,0.0007867105305194855,-2.3455188274383545,,
1790036611.6156287,RAW_IMU,,,,,,,,,0,0,-1000,3,3,2,,,,,
1790036611.6425493,ATTITUDE,,,,,,,,,,,,,,,-0.0014580736169591546,0.0007912775035947561,-2.3455288410186768,,
1790036611.643406,RAW_IMU,,,,,,,,,0,0,-1000,3,3,2,,,,,
1790036611.6544077,ATTITUDE,,,,,,,,,,,,,,,-0.0014470762107521296,0.0007981398375704885,-2.345536470413208,,
1790036611.6556025,RAW_IMU,,,,,,,,,0,0,-1000,3,3,2,,,,,
1790036611.6571167,GLOBAL_POSITION_INT,-35.3604685,149.1684132,585.24,5.131,-0.02,0.01,0.49,225.62,,,,,,,,,,,
1790036611.6585643,GPS_RAW_INT,,,,,,,,,,,,,,,,,,6,10
1790036611.6742647,ATTITUDE,,,,,,,,,,,,,,,-0.00143586250487715,0.0008028692100197077,-2.3455467224121094,,
1790036611.674973,RAW_IMU,,,,,,,,,0,0,-1000,3,3,2,,,,,
1790036611.6943526,ATTITUDE,,,,,,,,,,,,,,,-0.001428060932084918,0.0008071945630945265,-2.3455562591552734,,
1790036611.6955516,RAW_IMU,,,,,,,,,0,0,-1001,2,3,2,,,,,
1790036611.7139835,ATTITUDE,,,,,,,,,,,,,,,-0.0014265698846429586,0.0008120452985167503,-2.3455650806427,,
1790036611.7153141,RAW_IMU,,,,,,,,,0,0,-1001,2,3,2,,,,,
1790036611.7342448,ATTITUDE,,,,,,,,,,,,,,,-0.0014733540592715144,0.0008162312442436814,-2.3455731868743896,,
1790036611.7350597,RAW_IMU,,,,,,,,,0,0,-1000,0,3,2,,,,,
1790036611.7547219,ATTITUDE,,,,,,,,,,,,,,,-0.0015199522022157907,0.0008198310388252139,-2.345581293106079,,
1790036611.7566497,RAW_IMU,,,,,,,,,0,0,-1000,0,3,2,,,,,
1790036611.757567,GLOBAL_POSITION_INT,-35.3604685,149.1684132,585.19,5.081,-0.02,0.01,0.49,225.61,,,,,,,,,,,
1790036611.758528,GPS_RAW_INT,,,,,,,,,,,,,,,,,,6,10
1790036611.775128,ATTITUDE,,,,,,,,,,,,,,,-0.0015660776989534497,0.0008232894469983876,-2.345590114593506,,
1790036611.7767181,RAW_IMU,,,,,,,,,0,0,-1000,0,3,2,,,,,
1790036611.7957335,ATTITUDE,,,,,,,,,,,,,,,-0.0016106899129226804,0.0008255413849838078,-2.345600128173828,,
1790036611.7971132,RAW_IMU,,,,,,,,,0,0,-1000,0,2,2,,,,,
1790036611.8158255,ATTITUDE,,,,,,,,,,,,,,,-0.0016557179624214768,0.0008284416981041431,-2.3456099033355713,,
1790036611.8171976,RAW_IMU,,,,,,,,,0,0,-1000,0,3,2,,,,,
1790036611.8365397,ATTITUDE,,,,,,,,,,,,,,,-0.0016973994206637144,0.0008320665219798684,-2.345618486404419,,
1790036611.8377576,RAW_IMU,,,,,,,,,0,0,-1001,0,3,2,,,,,
1790036611.857792,ATTITUDE,,,,,,,,,,,,,,,-0.0017308464739471674,0.0008365391404367983,-2.34562611579895,,
1790036611.859567,RAW_IMU,,,,,,,,,0,0,-1001,0,3,2,,,,,
1790036611.8608277,GLOBAL_POSITION_INT,-35.3604685,149.1684132,585.14,5.031,-0.02,0.01,0.49,225.61,,,,,,,,,,,
1790036611.8622193,GPS_RAW_INT,,,,,,,,,,,,,,,,,,6,10
1790036611.893709,ATTITUDE,,,,,,,,,,,,,,,-0.00176313950214535,0.0008397209458053112,-2.3456335067749023,,
1790036611.8949847,RAW_IMU,,,,,,,,,0,0,-1000,0,2,2,,,,,
1790036611.8956177,ATTITUDE,,,,,,,,,,,,,,,-0.0017958773532882333,0.0008424281259067357,-2.345644474029541,,
1790036611.8967235,RAW_IMU,,,,,,,,,0,0,-1001,0,2,2,,,,,
1790036611.913092,ATTITUDE,,,,,,,,,,,,,,,-0.0018279632786288857,0.0008455807692371309,-2.3456523418426514,,
1790036611.9140716,RAW_IMU,,,,,,,,,0,0,-1001,1,2,2,,,,,
1790036611.932794,ATTITUDE,,,,,,,,,,,,,,,-0.0018686039838939905,0.0008489202591590583,-2.345659017562866,,
1790036611.9340425,RAW_IMU,,,,,,,,,0,0,-1000,0,2,2,,,,,
1790036611.9534438,ATTITUDE,,,,,,,,,,,,,,,-0.0019368099747225642,0.0008517795940861106,-2.345667600631714,,
1790036611.9545357,RAW_IMU,,,,,,,,,0,0,-1000,0,2,2,,,,,
1790036611.9563296,GLOBAL_POSITION_INT,-35.3604685,149.1684132,585.09,4.981,-0.02,0.01,0.49,225.61,,,,,,,,,,,
1790036611.9571362,GPS_RAW_INT,,,,,,,,,,,,,,,,,,6,10
1790036611.9733453,ATTITUDE,,,,,,,,,,,,,,,-0.002001914195716381,0.0008531907224096358,-2.3456778526306152,,
1790036611.974405,RAW_IMU,,,,,,,,,0,0,-1001,0,2,2,,,,,
1790036611.9932845,ATTITUDE,,,,,,,,,,,,,,,-0.002066476736217737,0.0008542046416550875,-2.345689535140991,,
1790036611.994877,RAW_IMU,,,,,,,,,0,0,-1001,0,2,2,,,,,
1790036612.0134754,ATTITUDE,,,,,,,,,,,,,,,-0.0021301659289747477,0.0008547308389097452,-2.3456993103027344,,
1790036612.0148065,RAW_IMU,,,,,,,,,0,0,-1001,0,2,2,,,,,
1790036612.0343401,ATTITUDE,,,,,,,,,,,,,,,-0.0021891240030527115,0.0008566078031435609,-2.345705986022949,,
1790036612.0354302,RAW_IMU,,,,,,,,,0,0,-1001,0,2,2,,,,,
1790036612.0542924,ATTITUDE,,,,,,,,,,,,,,,-0.0022413283586502075,0.0008590942015871406,-2.345712423324585,,
1790036612.0554633,RAW_IMU,,,,,,,,,0,0,-1001,0,2,2,,,,,
1790036612.0565221,GLOBAL_POSITION_INT,-35.3604685,149.1684132,585.04,4.931,-0.02,0.01,0.49,225.61,,,,,,,,,,,
1790036612.0576887,GPS_RAW_INT,,,,,,,,,,,,,,,,,,6,10
1790036612.07414,ATTITUDE,,,,,,,,,,,,,,,-0.002291993470862508,0.0008626680937595665,-2.345720052719116,,
1790036612.0760143,RAW_IMU,,,,,,,,,0,0,-1001,0,2,2,,,,,
1790036612.0948071,ATTITUDE,,,,,,,,,,,,,,,-0.0023412094451487064,0.0008645381312817335,-2.3457276821136475,,
1790036612.0968657,RAW_IMU,,,,,,,,,0,0,-1001,0,2,2,,,,,
1790036612.1140242,ATTITUDE,,,,,,,,,,,,,,,-0.002387814689427614,0.0008656260906718671,-2.3457350730895996,,
1790036612.1146176,RAW_IMU,,,,,,,,,0,0,-1001,0,2,2,,,,,
1790036612.1397827,ATTITUDE,,,,,,,,,,,,,,,-0.00243371375836432,0.0008663693442940712,-2.3457417488098145,,
1790036612.1418576,RAW_IMU,,,,,,,,,0,0,-1001,0,2,2,,,,,
1790036612.1543531,ATTITUDE,,,,,,,,,,,,,,,-0.0024918876588344574,0.0008673178381286561,-2.3457489013671875,,
1790036612.155306,RAW_IMU,,,,,,,,,0,0,-1000,0,2,2,,,,,
1790036612.1561716,GLOBAL_POSITION_INT,-35.3604685,149.1684132,584.99,4.882,-0.02,0.01,0.49,225.6,,,,,,,,,,,
1790036612.157531,GPS_RAW_INT,,,,,,,,,,,,,,,,,,6,10
1790036612.1755276,ATTITUDE,,,,,,,,,,,,,,,-0.0025534576270729303,0.0008679231978021562,-2.3457577228546143,,
1790036612.1763988,RAW_IMU,,,,,,,,,0,0,-1001,0,2,2,,,,,
1790036612.1955383,ATTITUDE,,,,,,,,,,,,,,,-0.0026144508738070726,0.0008680085302330554,-2.345766067504883,,
1790036612.1970859,RAW_IMU,,,,,,,,,0,0,-1001,0,2,2,,,,,
1790036612.2154315,ATTITUDE,,,,,,,,,,,,,,,-0.002674655057489872,0.0008685754728503525,-2.345773696899414,,
1790036612.2166154,RAW_IMU,,,,,,,,,0,0,-1001,0,2,2,,,,,
1790036612.2366452,ATTITUDE,,,,,,,,,,,,,,,-0.0027311823796480894,0.0008673197589814663,-2.345780849456787,,
1790036612.238223,RAW_IMU,,,,,,,,,0,0,-1001,0,2,2,,,,,
1790036612.2574475,ATTITUDE,,,,,,,,,,,,,,,-0.002778752241283655,0.0008695033611729741,-2.3457870483398438,,
1790036612.259714,RAW_IMU,,,,,,,,,0,0,-1000,0,2,2,,,,,
1790036612.2609572,GLOBAL_POSITION_INT,-35.3604685,149.1684132,584.94,4.832,-0.02,0.01,0.49,225.6,,,,,,,,,,,
1790036612.262006,GPS_RAW_INT,,,,,,,,,,,,,,,,,,6,10
1790036612.2769718,ATTITUDE,,,,,,,,,,,,,,,-0.002825407776981592,0.0008695285650901496,-2.345794200897217,,
1790036612.2781565,RAW_IMU,,,,,,,,,0,0,-1001,0,2,2,,,,,
1790036612.2970173,ATTITUDE,,,,,,,,,,,,,,,-0.002871574368327856,0.0008700612233951688,-2.3458023071289062,,
1790036612.2981184,RAW_IMU,,,,,,,,,0,0,-1001,0,2,2,,,,,
1790036612.3162012,ATTITUDE,,,,,,,,,,,,,,,-0.002917234320193529,0.000871472992002964,-2.345808982849121,,
1790036612.3175488,RAW_IMU,,,,,,,,,0,0,-1001,0,2,2,,,,,
1790036612.336464,ATTITUDE,,,,,,,,,,,,,,,-0.0029660887084901333,0.0008735840092413127,-2.3458163738250732,,
1790036612.3375766,RAW_IMU,,,,,,,,,0,0,-1000,0,2,2,,,,,
1790036612.3568265,ATTITUDE,,,,,,,,,,,,,,,-0.0029851978179067373,0.0008745021186769009,-2.345823287963867,,
1790036612.359147,RAW_IMU,,,,,,,,,0,0,-1000,1,2,2,,,,,
1790036612.359965,GLOBAL_POSITION_INT,-35.3604685,149.1684132,584.89,4.782,-0.02,0.01,0.49,225.6,,,,,,,,,,,
1790036612.3608255,GPS_RAW_INT,,,,,,,,,,,,,,,,,,6,10
1790036612.3924487,ATTITUDE,,,,,,,,,,,,,,,-0.00304538756608963,0.0008749845437705517,-2.3458361625671387,,
1790036612.3930762,RAW_IMU,,,,,,,,,0,0,-1000,0,2,2,,,,,
1790036612.396163,ATTITUDE,,,,,,,,,,,,,,,-0.0030224090442061424,0.0008753766887821257,-2.345851421356201,,
1790036612.3972237,RAW_IMU,,,,,,,,,0,0,-1000,3,2,2,,,,,
1790036612.416178,ATTITUDE,,,,,,,,,,,,,,,-0.003087407210841775,0.0008746526436880231,-2.3458707332611084,,
1790036612.4173057,RAW_IMU,,,,,,,,,0,0,-1000,0,2,2,,,,,
1790036612.436328,ATTITUDE,,,,,,,,,,,,,,,-0.003081663977354765,0.0008752212743274868,-2.345890998840332,,
1790036612.4374754,RAW_IMU,,,,,,,,,0,0,-1000,2,2,1,,,,,
1790036612.45689,ATTITUDE,,,,,,,,,,,,,,,-0.003089257050305605,0.0008770237327553332,-2.3459086418151855,,
1790036612.4587088,RAW_IMU,,,,,,,,,0,0,-1000,2,2,1,,,,,
1790036612.4597447,GLOBAL_POSITION_INT,-35.3604685,149.1684132,584.84,4.732,-0.02,0.01,0.49,225.59,,,,,,,,,,,
1790036612.4605258,GPS_RAW_INT,,,,,,,,,,,,,,,,,,6,10
1790036612.4770632,ATTITUDE,,,,,,,,,,,,,,,-0.003094593295827508,0.0008772484143264592,-2.3459291458129883,,
1790036612.478171,RAW_IMU,,,,,,,,,0,0,-1000,1,2,1,,,,,
1790036612.497194,ATTITUDE,,,,,,,,,,,,,,,-0.003055098233744502,0.0008780298521742225,-2.345951557159424,,
1790036612.498133,RAW_IMU,,,,,,,,,0,0,-1000,4,2,1,,,,,
1790036612.5170074,ATTITUDE,,,,,,,,,,,,,,,-0.003056458430364728,0.0008779015624895692,-2.345973491668701,,
1790036612.5179758,RAW_IMU,,,,,,,,,0,0,-1001,2,2,1,,,,,
1790036612.537252,ATTITUDE,,,,,,,,,,,,,,,-0.003057714318856597,0.0008786010439507663,-2.345994710922241,,
1790036612.538749,RAW_IMU,,,,,,,,,0,0,-1001,2,2,1,,,,,
1790036612.5578992,ATTITUDE,,,,,,,,,,,,,,,-0.0030591017566621304,0.0008791922009550035,-2.3460161685943604,,
1790036612.5599358,RAW_IMU,,,,,,,,,0,0,-1001,2,2,1,,,,,
1790036612.5610406,GLOBAL_POSITION_INT,-35.3604685,149.1684132,584.79,4.682,-0.02,0.01,0.49,225.59,,,,,,,,,,,
1790036612.5618646,GPS_RAW_INT,,,,,,,,,,,,,,,,,,6,10
1790036612.577517,ATTITUDE,,,,,,,,,,,,,,,-0.0030615224968641996,0.0008785686222836375,-2.3460381031036377,,
1790036612.5783207,RAW_IMU,,,,,,,,,0,0,-1001,2,2,1,,,,,
1790036612.5974295,ATTITUDE,,,,,,,,,,,,,,,-0.003064715536311269,0.0008776416652835906,-2.3460593223571777,,
1790036612.5986526,RAW_IMU,,,,,,,,,0,0,-1001,2,2,1,,,,,
1790036612.6175158,ATTITUDE,,,,,,,,,,,,,,,-0.0030691693536937237,0.0008766287937760353,-2.3460803031921387,,
1790036612.6189883,RAW_IMU,,,,,,,,,0,0,-1001,2,2,1,,,,,
1790036612.6432884,ATTITUDE,,,,,,,,,,,,,,,-0.003040869487449527,0.0008755263988859951,-2.346100330352783,,
1790036612.6443179,RAW_IMU,,,,,,,,,0,0,-1000,4,2,1,,,,,
1790036612.6530852,ATTITUDE,,,,,,,,,,,,,,,-0.0030029998160898685,0.0008761395001783967,-2.3461179733276367,,
1790036612.6541584,RAW_IMU,,,,,,,,,0,0,-1000,4,2,2,,,,,
1790036612.6557343,GLOBAL_POSITION_INT,-35.3604685,149.1684132,584.74,4.633,-0.02,0.01,0.49,225.58,,,,,,,,,,,
1790036612.6569266,GPS_RAW_INT,,,,,,,,,,,,,,,,,,6,10
1790036612.6734302,ATTITUDE,,,,,,,,,,,,,,,-0.0029490843880921602,0.000877270067576319,-2.3461382389068604,,
1790036612.6746898,RAW_IMU,,,,,,,,,0,0,-1000,4,2,1,,,,,
1790036612.6931167,ATTITUDE,,,,,,,,,,,,,,,-0.0029137050732970238,0.0008769392734393477,-2.346161365509033,,
1790036612.6947699,RAW_IMU,,,,,,,,,0,0,-1000,4,2,1,,,,,
1790036612.7132106,ATTITUDE,,,,,,,,,,,,,,,-0.002866897266358137,0.0008770081331022084,-2.3461837768554688,,
1790036612.7144217,RAW_IMU,,,,,,,,,0,0,-1000,4,2,1,,,,,
1790036612.7332413,ATTITUDE,,,,,,,,,,,,,,,-0.002834760583937168,0.0008781779324635863,-2.346207618713379,,
1790036612.7343497,RAW_IMU,,,,,,,,,0,0,-1000,4,2,1,,,,,
1790036612.75376,ATTITUDE,,,,,,,,,,,,,,,-0.0028085929807275534,0.0008778037154115736,-2.3462331295013428,,
1790036612.7554982,RAW_IMU,,,,,,,,,0,0,-1000,3,2,1,,,,,
1790036612.7570815,GLOBAL_POSITION_INT,-35.3604685,149.1684132,584.69,4.583,-0.02,0.01,0.49,225.58,,,,,,,,,,,
1790036612.7581475,GPS_RAW_INT,,,,,,,,,,,,,,,,,,6,10
1790036612.7740076,ATTITUDE,,,,,,,,,,,,,,,-0.002747694030404091,0.0008760578348301351,-2.3462605476379395,,
1790036612.7745168,RAW_IMU,,,,,,,,,0,0,-1001,5,2,1,,,,,
1790036612.7943373,ATTITUDE,,,,,,,,,,,,,,,-0.002690708264708519,0.0008750535198487341,-2.3462862968444824,,
1790036612.79536,RAW_IMU,,,,,,,,,0,0,-1001,5,2,1,,,,,
1790036612.813836,ATTITUDE,,,,,,,,,,,,,,,-0.0026357111055403948,0.0008737837779335678,-2.346311092376709,,
1790036612.8150194,RAW_IMU,,,,,,,,,0,0,-1001,5,2,1,,,,,
1790036612.833906,ATTITUDE,,,,,,,,,,,,,,,-0.0025818634312599897,0.000872782664373517,-2.3463335037231445,,
1790036612.8349679,RAW_IMU,,,,,,,,,0,0,-1001,5,2,1,,,,,
1790036612.8544016,ATTITUDE,,,,,,,,,,,,,,,-0.0025242262054234743,0.0008729880210012197,-2.3463540077209473,,
1790036612.855595,RAW_IMU,,,,,,,,,0,0,-1001,5,2,1,,,,,
1790036612.8566797,GLOBAL_POSITION_INT,-35.3604685,149.1684132,584.64,4.533,-0.02,0.01,0.49,225.57,,,,,,,,,,,
1790036612.8583286,GPS_RAW_INT,,,,,,,,,,,,,,,,,,6,10
1790036612.892953,ATTITUDE,,,,,,,,,,,,,,,-0.0024707189295440912,0.0008728448883630335,-2.346374750137329,,
1790036612.8938775,RAW_IMU,,,,,,,,,0,0,-1001,5,2,1,,,,,
1790036612.8952663,ATTITUDE,,,,,,,,,,,,,,,-0.0024186931550502777,0.0008715267176739872,-2.3463971614837646,,
1790036612.8966508,RAW_IMU,,,,,,,,,0,0,-1001,5,2,1,,,,,
1790036612.9155824,ATTITUDE,,,,,,,,,,,,,,,-0.00237067649140954,0.0008713529678061604,-2.3464162349700928,,
1790036612.917063,RAW_IMU,,,,,,,,,0,0,-1001,5,2,1,,,,,
1790036612.935495,ATTITUDE,,,,,,,,,,,,,,,-0.0023259413428604603,0.0008705336949788034,-2.3464348316192627,,
1790036612.9376092,RAW_IMU,,,,,,,,,0,0,-1001,4,2,1,,,,,
1790036612.9551725,ATTITUDE,,,,,,,,,,,,,,,-0.002281300025060773,0.0008696555159986019,-2.346454381942749,,
1790036612.9563365,RAW_IMU,,,,,,,,,0,0,-1001,4,2,1,,,,,
1790036612.9580867,GLOBAL_POSITION_INT,-35.3604685,149.1684132,584.59,4.483,-0.02,0.01,0.49,225.56,,,,,,,,,,,
1790036612.959218,GPS_RAW_INT,,,,,,,,,,,,,,,,,,6,10
1790036612.9746563,ATTITUDE,,,,,,,,,,,,,,,-0.002240296918898821,0.0008675335557200015,-2.3464748859405518,,
1790036612.9756143,RAW_IMU,,,,,,,,,0,0,-1001,4,2,1,,,,,
1790036612.9947617,ATTITUDE,,,,,,,,,,,,,,,-0.0022007334046065807,0.0008646358037367463,-2.346496105194092,,
1790036612.9958546,RAW_IMU,,,,,,,,,0,0,-1001,4,2,1,,,,,
1790036613.01481,ATTITUDE,,,,,,,,,,,,,,,-0.002164403675124049,0.0008622086606919765,-2.3465158939361572,,
1790036613.016058,RAW_IMU,,,,,,,,,0,0,-1001,4,2,2,,,,,
1790036613.0349329,ATTITUDE,,,,,,,,,,,,,,,-0.00212838570587337,0.0008606913033872843,-2.3465325832366943,,
1790036613.036228,RAW_IMU,,,,,,,,,0,0,-1001,4,2,2,,,,,
1790036613.0555136,ATTITUDE,,,,,,,,,,,,,,,-0.002089038025587797,0.0008606485789641738,-2.346548080444336,,
1790036613.0564873,RAW_IMU,,,,,,,,,0,0,-1000,4,2,2,,,,,
1790036613.0577743,GLOBAL_POSITION_INT,-35.3604685,149.1684132,584.54,4.433,-0.02,0.01,0.49,225.56,,,,,,,,,,,
1790036613.058549,GPS_RAW_INT,,,,,,,,,,,,,,,,,,6,10
1790036613.0754035,ATTITUDE,,,,,,,,,,,,,,,-0.0020534058567136526,0.0008611034718342125,-2.3465635776519775,,
1790036613.0769558,RAW_IMU,,,,,,,,,0,0,-1001,4,2,2,,,,,
1790036613.0953696,ATTITUDE,,,,,,,,,,,,,,,-0.002042400883510709,0.000860211905092001,-2.3465816974639893,,
1790036613.0969405,RAW_IMU,,,,,,,,,0,0,-1000,3,2,2,,,,,
1790036613.1152923,ATTITUDE,,,,,,,,,,,,,,,-0.00201022787950933,0.0008604387403465807,-2.3465986251831055,,
1790036613.1165323,RAW_IMU,,,,,,,,,0,0,-1000,4,2,2,,,,,
1790036613.141478,ATTITUDE,,,,,,,,,,,,,,,-0.0020356280729174614,0.0008601409499533474,-2.346618413925171,,
1790036613.1428835,RAW_IMU,,,,,,,,,0,0,-1000,1,2,1,,,,,
1790036613.1561513,ATTITUDE,,,,,,,,,,,,,,,-0.0020050720777362585,0.0008597561973147094,-2.3466413021087646,,
1790036613.157824,RAW_IMU,,,,,,,,,0,0,-1000,4,2,1,,,,,
1790036613.158363,GLOBAL_POSITION_INT,-35.3604685,149.1684132,584.49,4.383,-0.02,0.01,0.49,225.55,,,,,,,,,,,
1790036613.159314,GPS_RAW_INT,,,,,,,,,,,,,,,,,,6,10
1790036613.1744287,ATTITUDE,,,,,,,,,,,,,,,-0.00204287376254797,0.0008585748728364706,-2.346666097640991,,
1790036613.175211,RAW_IMU,,,,,,,,,0,0,-1000,0,2,1,,,,,
1790036613.1949883,ATTITUDE,,,,,,,,,,,,,,,-0.002002916531637311,0.0008566218893975019,-2.346693277359009,,
1790036613.196176,RAW_IMU,,,,,,,,,0,0,-1000,4,2,1,,,,,
1790036613.2151794,ATTITUDE,,,,,,,,,,,,,,,-0.0020252789836376905,0.0008550288039259613,-2.3467206954956055,,
1790036613.2164004,RAW_IMU,,,,,,,,,0,0,-1000,2,2,1,,,,,
1790036613.236172,ATTITUDE,,,,,,,,,,,,,,,-0.0020488929003477097,0.0008542485302314162,-2.3467466831207275,,
1790036613.2374556,RAW_IMU,,,,,,,,,0,0,-1001,1,2,1,,,,,
1790036613.2564712,ATTITUDE,,,,,,,,,,,,,,,-0.002067913766950369,0.0008541318238712847,-2.3467702865600586,,
1790036613.258246,RAW_IMU,,,,,,,,,0,0,-1001,1,2,1,,,,,
1790036613.259007,GLOBAL_POSITION_INT,-35.3604685,149.1684132,584.44,4.333,-0.02,0.01,0.49,225.54,,,,,,,,,,,
1790036613.2597542,GPS_RAW_INT,,,,,,,,,,,,,,,,,,6,10
1790036613.2769866,ATTITUDE,,,,,,,,,,,,,,,-0.002088716020807624,0.0008444856503047049,-2.3467938899993896,,
1790036613.2784991,RAW_IMU,,,,,,,,,0,0,-1000,1,2,1,,,,,
1790036613.2971342,ATTITUDE,,,,,,,,,,,,,,,-0.002107086591422558,0.0007903521182015538,-2.3468165397644043,,
1790036613.299082,RAW_IMU,,,,,,,,,0,0,-1001,1,0,1,,,,,
1790036613.3175936,ATTITUDE,,,,,,,,,,,,,,,-0.002125909784808755,0.0007372163236141205,-2.346837282180786,,
1790036613.3192534,RAW_IMU,,,,,,,,,0,0,-1001,1,0,1,,,,,
1790036613.3328357,ATTITUDE,,,,,,,,,,,,,,,-0.002144908532500267,0.0006869921926409006,-2.3468575477600098,,
1790036613.3348062,RAW_IMU,,,,,,,,,0,0,-1001,1,0,1,,,,,
1790036613.3570542,ATTITUDE,,,,,,,,,,,,,,,-0.0021637273021042347,0.0006382163846865296,-2.346877098083496,,
1790036613.3576856,RAW_IMU,,,,,,,,,0,0,-1001,1,0,1,,,,,
1790036613.3582191,GLOBAL_POSITION_INT,-35.3604685,149.1684132,584.39,4.283,-0.02,0.01,0.49,225.54,,,,,,,,,,,
1790036613.3586943,GPS_RAW_INT,,,,,,,,,,,,,,,,,,6,10
1790036613.3850079,ATTITUDE,,,,,,,,,,,,,,,-0.0021690495777875185,0.000576658349018544,-2.346897840499878,,
1790036613.385383,RAW_IMU,,,,,,,,,0,0,-1000,2,0,1,,,,,
1790036613.3928907,ATTITUDE,,,,,,,,,,,,,,,-0.002151796594262123,0.0004946243716403842,-2.3469173908233643,,
1790036613.3933764,RAW_IMU,,,,,,,,,0,0,-1001,3,-1,2,,,,,
1790036613.4160619,ATTITUDE,,,,,,,,,,,,,,,-0.0021359995007514954,0.00041534044430591166,-2.346935987472534,,
1790036613.4165492,RAW_IMU,,,,,,,,,0,0,-1001,3,-1,2,,,,,
1790036613.4352367,ATTITUDE,,,,,,,,,,,,,,,-0.002102307742461562,0.0003421437577344477,-2.346951484680176,,
1790036613.43546,RAW_IMU,,,,,,,,,0,0,-1000,4,-1,2,,,,,
1790036613.4576535,ATTITUDE,,,,,,,,,,,,,,,-0.0020463066175580025,0.00027258656336925924,-2.34696888923645,,
1790036613.4582093,RAW_IMU,,,,,,,,,0,0,-1001,5,0,2,,,,,
1790036613.4585185,GLOBAL_POSITION_INT,-35.3604685,149.1684132,584.34,4.233,-0.02,0.01,0.49,225.53,,,,,,,,,,,
1790036613.458893,GPS_RAW_INT,,,,,,,,,,,,,,,,,,6,10
1790036613.475183,ATTITUDE,,,,,,,,,,,,,,,-0.0019932149443775415,0.0002054700453300029,-2.3469855785369873,,
1790036613.4756882,RAW_IMU,,,,,,,,,0,0,-1001,5,0,2,,,,,
1790036613.4932613,ATTITUDE,,,,,,,,,,,,,,,-0.001942615257576108,0.00014018687943462282,-2.347003221511841,,
1790036613.4937932,RAW_IMU,,,,,,,,,0,0,-1001,5,0,2,,,,,
1790036613.5175097,ATTITUDE,,,,,,,,,,,,,,,-0.0018952086102217436,7.419387111440301e-05,-2.347019910812378,,
1790036613.5185082,RAW_IMU,,,,,,,,,0,0,-1001,5,0,2,,,,,
1790036613.537756,ATTITUDE,,,,,,,,,,,,,,,-0.0018496386473998427,-2.2891403204994276e-05,-2.347034215927124,,
1790036613.5392156,RAW_IMU,,,,,,,,,0,0,-1000,5,-2,2,,,,,
1790036613.5581896,ATTITUDE,,,,,,,,,,,,,,,-0.0018075105035677552,-0.00011757192260120064,-2.3470497131347656,,
1790036613.5602367,RAW_IMU,,,,,,,,,0,0,-1001,4,-2,2,,,,,
1790036613.561784,GLOBAL_POSITION_INT,-35.3604685,149.1684132,584.29,4.183,-0.02,0.01,0.49,225.53,,,,,,,,,,,
1790036613.5627804,GPS_RAW_INT,,,,,,,,,,,,,,,,,,6,10
1790036613.5781631,ATTITUDE,,,,,,,,,,,,,,,-0.0017666600178927183,-0.00020853934984188527,-2.347064971923828,,
1790036613.579978,RAW_IMU,,,,,,,,,0,0,-1001,4,-1,2,,,,,
1790036613.5981023,ATTITUDE,,,,,,,,,,,,,,,-0.0017293818527832627,-0.00029719382291659713,-2.3470804691314697,,
1790036613.5992577,RAW_IMU,,,,,,,,,0,0,-1001,4,-1,2,,,,,
1790036613.6177382,ATTITUDE,,,,,,,,,,,,,,,-0.0016510222340002656,-0.0003820988640654832,-2.3470964431762695,,
1790036613.6197124,RAW_IMU,,,,,,,,,0,0,-1000,6,-1,2,,,,,
1790036613.6414573,ATTITUDE,,,,,,,,,,,,,,,-0.0016075550811365247,-0.0004635150544345379,-2.3471128940582275,,
1790036613.6429477,RAW_IMU,,,,,,,,,0,0,-1000,5,-1,2,,,,,
1790036613.6581917,ATTITUDE,,,,,,,,,,,,,,,-0.0015058402204886079,-0.0005400705267675221,-2.3471317291259766,,
1790036613.6595147,RAW_IMU,,,,,,,,,0,0,-1000,7,-1,1,,,,,
1790036613.6604931,GLOBAL_POSITION_INT,-35.3604685,149.1684132,584.24,4.133,-0.02,0.01,0.49,225.52,,,,,,,,,,,
1790036613.661444,GPS_RAW_INT,,,,,,,,,,,,,,,,,,6,10
1790036613.6781108,ATTITUDE,,,,,,,,,,,,,,,-0.00146497692912817,-0.0006141607300378382,-2.3471524715423584,,
1790036613.6790893,RAW_IMU,,,,,,,,,0,0,-1000,4,-1,1,,,,,
1790036613.6979947,ATTITUDE,,,,,,,,,,,,,,,-0.0013535942416638136,-0.0006844323361292481,-2.3471760749816895,,
1790036613.6990676,RAW_IMU,,,,,,,,,0,0,-1000,8,0,1,,,,,
1790036613.7182076,ATTITUDE,,,,,,,,,,,,,,,-0.0013214531354606152,-0.0007550659938715398,-2.347200870513916,,
1790036613.719388,RAW_IMU,,,,,,,,,0,0,-1000,4,0,1,,,,,
1790036613.7376573,ATTITUDE,,,,,,,,,,,,,,,-0.001299194060266018,-0.0008195873233489692,-2.3472237586975098,,
1790036613.738675,RAW_IMU,,,,,,,,,0,0,-1001,3,0,1,,,,,
1790036613.7585156,ATTITUDE,,,,,,,,,,,,,,,-0.0012770192697644234,-0.0008835854241624475,-2.347245693206787,,
1790036613.7605731,RAW_IMU,,,,,,,,,0,0,-1001,3,0,1,,,,,
1790036613.7616916,GLOBAL_POSITION_INT,-35.3604685,149.1684132,584.19,4.083,-0.02,0.01,0.49,225.52,,,,,,,,,,,
1790036613.7628088,GPS_RAW_INT,,,,,,,,,,,,,,,,,,6,10
1790036613.7734077,ATTITUDE,,,,,,,,,,,,,,,-0.0012562196934595704,-0.0009449778008274734,-2.34726881980896,,
1790036613.7757084,RAW_IMU,,,,,,,,,0,0,-1001,3,0,1,,,,,
1790036613.7932417,ATTITUDE,,,,,,,,,,,,,,,-0.0012380480766296387,-0.0010051516583189368,-2.347292900085449,,
1790036613.7941551,RAW_IMU,,,,,,,,,0,0,-1001,3,0,1,,,,,
1790036613.81299,ATTITUDE,,,,,,,,,,,,,,,-0.0012211799621582031,-0.0010629877215251327,-2.3473148345947266,,
1790036613.8137503,RAW_IMU,,,,,,,,,0,0,-1001,3,0,1,,,,,
1790036613.8331196,ATTITUDE,,,,,,,,,,,,,,,-0.0012028919300064445,-0.0011172207305207849,-2.3473336696624756,,
1790036613.8344305,RAW_IMU,,,,,,,,,0,0,-1001,3,0,1,,,,,
1790036613.8535182,ATTITUDE,,,,,,,,,,,,,,,-0.0011810774449259043,-0.001168375601992011,-2.3473525047302246,,
1790036613.854873,RAW_IMU,,,,,,,,,0,0,-1001,3,0,1,,,,,
1790036613.8566465,GLOBAL_POSITION_INT,-35.3604685,149.1684132,584.14,4.033,-0.02,0.01,0.49,225.51,,,,,,,,,,,
1790036613.8574793,GPS_RAW_INT,,,,,,,,,,,,,,,,,,6,10
1790036613.8923442,ATTITUDE,,,,,,,,,,,,,,,-0.0011603679740801454,-0.0012176918098703027,-2.3473715782165527,,
1790036613.8935847,RAW_IMU,,,,,,,,,0,0,-1001,3,0,2,,,,,
1790036613.89547,ATTITUDE,,,,,,,,,,,,,,,-0.0011413946049287915,-0.0012637957697734237,-2.3473899364471436,,
1790036613.8971524,RAW_IMU,,,,,,,,,0,0,-1001,3,0,2,,,,,
1790036613.9154642,ATTITUDE,,,,,,,,,,,,,,,-0.0011246304493397474,-0.0013089482672512531,-2.3474063873291016,,
1790036613.916921,RAW_IMU,,,,,,,,,0,0,-1001,3,0,2,,,,,
1790036613.9360058,ATTITUDE,,,,,,,,,,,,,,,-0.001108338125050068,-0.0013520406791940331,-2.3474223613739014,,
1790036613.938073,RAW_IMU,,,,,,,,,0,0,-1001,3,0,2,,,,,
1790036613.9569464,ATTITUDE,,,,,,,,,,,,,,,-0.0010928863193839788,-0.0013945676619186997,-2.3474385738372803,,
1790036613.957855,RAW_IMU,,,,,,,,,0,0,-1001,3,0,2,,,,,
1790036613.958825,GLOBAL_POSITION_INT,-35.3604685,149.1684132,584.09,3.983,-0.02,0.01,0.49,225.51,,,,,,,,,,,
1790036613.960223,GPS_RAW_INT,,,,,,,,,,,,,,,,,,6,10
1790036613.9769177,ATTITUDE,,,,,,,,,,,,,,,-0.0010783487232401967,-0.0014309188118204474,-2.3474557399749756,,
1790036613.97837,RAW_IMU,,,,,,,,,0,0,-1001,3,0,2,,,,,
1790036613.99584,ATTITUDE,,,,,,,,,,,,,,,-0.0010663255816325545,-0.0014539103722199798,-2.347472667694092,,
1790036613.9975815,RAW_IMU,,,,,,,,,0,0,-1001,3,1,2,,,,,
1790036614.015366,ATTITUDE,,,,,,,,,,,,,,,-0.001055771135725081,-0.0014569660415872931,-2.3474879264831543,,
1790036614.0166435,RAW_IMU,,,,,,,,,0,0,-1001,3,2,2,,,,,
1790036614.0352592,ATTITUDE,,,,,,,,,,,,,,,-0.001043683267198503,-0.0014423953834921122,-2.347501039505005,,
1790036614.0363524,RAW_IMU,,,,,,,,,0,0,-1001,3,3,2,,,,,
1790036614.0547786,ATTITUDE,,,,,,,,,,,,,,,-0.0009917019633576274,-0.001424700254574418,-2.3475143909454346,,
1790036614.056399,RAW_IMU,,,,,,,,,0,0,-1001,4,3,2,,,,,
1790036614.0569222,GLOBAL_POSITION_INT,-35.3604685,149.1684133,584.04,3.933,-0.02,0.01,0.49,225.5,,,,,,,,,,,
1790036614.0579216,GPS_RAW_INT,,,,,,,,,,,,,,,,,,6,10
1790036614.075392,ATTITUDE,,,,,,,,,,,,,,,-0.0009416090324521065,-0.001403780304826796,-2.347527503967285,,
1790036614.0769799,RAW_IMU,,,,,,,,,0,0,-1001,5,3,2,,,,,
1790036614.094343,ATTITUDE,,,,,,,,,,,,,,,-0.0008950667106546462,-0.0013518888736143708,-2.3475406169891357,,
1790036614.0963063,RAW_IMU,,,,,,,,,0,0,-1001,4,5,2,,,,,
1790036614.1147943,ATTITUDE,,,,,,,,,,,,,,,-0.0008489947067573667,-0.0013033384457230568,-2.347550868988037,,
1790036614.1165695,RAW_IMU,,,,,,,,,0,0,-1001,4,5,2,,,,,
1790036614.1414738,ATTITUDE,,,,,,,,,,,,,,,-0.0008068782626651227,-0.001256003975868225,-2.347562789916992,,
1790036614.1428359,RAW_IMU,,,,,,,,,0,0,-1001,4,5,2,,,,,
1790036614.154967,ATTITUDE,,,,,,,,,,,,,,,-0.0007659986149519682,-0.0012112448457628489,-2.34757399559021,,
1790036614.1565104,RAW_IMU,,,,,,,,,0,0,-1001,4,5,2,,,,,
1790036614.1575985,GLOBAL_POSITION_INT,-35.3604685,149.1684133,583.99,3.883,-0.02,0.01,0.49,225.5,,,,,,,,,,,
1790036614.1586435,GPS_RAW_INT,,,,,,,,,,,,,,,,,,6,10
1790036614.1743035,ATTITUDE,,,,,,,,,,,,,,,-0.0007288062479346991,-0.0011690473183989525,-2.3475866317749023,,
1790036614.175116,RAW_IMU,,,,,,,,,0,0,-1001,4,4,2,,,,,
1790036614.1943743,ATTITUDE,,,,,,,,,,,,,,,-0.0006936097634024918,-0.0011282316409051418,-2.347601890563965,,
1790036614.1956563,RAW_IMU,,,,,,,,,0,0,-1001,4,4,2,,,,,
1790036614.2146025,ATTITUDE,,,,,,,,,,,,,,,-0.0006920053856447339,-0.0010732423979789019,-2.3476126194000244,,
1790036614.2161615,RAW_IMU,,,,,,,,,0,0,-1000,3,5,2,,,,,
1790036614.235957,ATTITUDE,,,,,,,,,,,,,,,-0.0006762968841940165,-0.001025762758217752,-2.3476219177246094,,
1790036614.2366235,RAW_IMU,,,,,,,,,0,0,-1000,3,4,2,,,,,
1790036614.2553241,ATTITUDE,,,,,,,,,,,,,,,-0.0006570200785063207,-0.0009551618713885546,-2.3476269245147705,,
1790036614.256734,RAW_IMU,,,,,,,,,0,0,-1000,3,6,2,,,,,
1790036614.2587962,GLOBAL_POSITION_INT,-35.3604685,149.1684133,583.94,3.833,-0.02,0.0,0.49,225.5,,,,,,,,,,,
1790036614.259761,GPS_RAW_INT,,,,,,,,,,,,,,,,,,6,10
1790036614.2759244,ATTITUDE,,,,,,,,,,,,,,,-0.0006391199422068894,-0.0009152185521088541,-2.3476314544677734,,
1790036614.277178,RAW_IMU,,,,,,,,,0,0,-1000,3,4,2,,,,,
1790036614.2952635,ATTITUDE,,,,,,,,,,,,,,,-0.0006208833074197173,-0.0008447886793874204,-2.347635507583618,,
1790036614.2963796,RAW_IMU,,,,,,,,,0,0,-1001,3,6,2,,,,,
1790036614.3151646,ATTITUDE,,,,,,,,,,,,,,,-0.0006052603712305427,-0.0007780841551721096,-2.347639322280884,,
1790036614.3160486,RAW_IMU,,,,,,,,,0,0,-1001,3,6,2,,,,,
1790036614.3353171,ATTITUDE,,,,,,,,,,,,,,,-0.0006234003813005984,-0.0007128948927856982,-2.347641944885254,,
1790036614.336551,RAW_IMU,,,,,,,,,0,0,-1001,1,5,2,,,,,
1790036614.356021,ATTITUDE,,,,,,,,,,,,,,,-0.0006454219692386687,-0.0006507699727080762,-2.347646951675415,,
1790036614.3576763,RAW_IMU,,,,,,,,,0,0,-1001,1,5,2,,,,,
1790036614.3588035,GLOBAL_POSITION_INT,-35.3604685,149.1684133,583.89,3.783,-0.02,0.0,0.49,225.49,,,,,,,,,,,
1790036614.3597846,GPS_RAW_INT,,,,,,,,,,,,,,,,,,6,10
1790036614.396518,ATTITUDE,,,,,,,,,,,,,,,-0.0006685001426376402,-0.0005932393833063543,-2.3476529121398926,,
1790036614.3974032,RAW_IMU,,,,,,,,,0,0,-1001,1,5,2,,,,,
1790036614.398446,ATTITUDE,,,,,,,,,,,,,,,-0.0006914470577612519,-0.0005378916393965483,-2.3476595878601074,,
1790036614.3997731,RAW_IMU,,,,,,,,,0,0,-1001,1,5,2,,,,,
1790036614.418094,ATTITUDE,,,,,,,,,,,,,,,-0.0006806800374761224,-0.0004852433339692652,-2.347666025161743,,
1790036614.4198132,RAW_IMU,,,,,,,,,0,0,-1000,3,5,2,,,,,
1790036614.437904,ATTITUDE,,,,,,,,,,,,,,,-0.0007365806959569454,-0.00043413281673565507,-2.3476736545562744,,
1790036614.4396892,RAW_IMU,,,,,,,,,0,0,-1000,0,5,2,,,,,
1790036614.458176,ATTITUDE,,,,,,,,,,,,,,,-0.0007180082029663026,-0.00038272858364507556,-2.3476836681365967,,
1790036614.4592896,RAW_IMU,,,,,,,,,0,0,-1000,3,5,2,,,,,
1790036614.4605606,GLOBAL_POSITION_INT,-35.3604685,149.1684133,583.84,3.733,-0.02,0.0,0.49,225.49,,,,,,,,,,,
1790036614.4613886,GPS_RAW_INT,,,,,,,,,,,,,,,,,,6,10
1790036614.4780202,ATTITUDE,,,,,,,,,,,,,,,-0.0007768908399157226,-0.00033449672628194094,-2.3476974964141846,,
1790036614.4798934,RAW_IMU,,,,,,,,,0,0,-1000,0,5,2,,,,,
1790036614.497916,ATTITUDE,,,,,,,,,,,,,,,-0.0007700211717747152,-0.00028736807871609926,-2.3477134704589844,,
1790036614.4988995,RAW_IMU,,,,,,,,,0,0,-1000,2,5,2,,,,,
1790036614.517886,ATTITUDE,,,,,,,,,,,,,,,-0.0008303346112370491,-0.0002425499988021329,-2.347729206085205,,
1790036614.519409,RAW_IMU,,,,,,,,,0,0,-1000,0,4,2,,,,,
1790036614.5379128,ATTITUDE,,,,,,,,,,,,,,,-0.000826776959002018,-0.00019926336244679987,-2.3477444648742676,,
1790036614.5390923,RAW_IMU,,,,,,,,,0,0,-1000,2,4,2,,,,,
1790036614.5585496,ATTITUDE,,,,,,,,,,,,,,,-0.0008049182360991836,-0.00015960560995154083,-2.3477609157562256,,
1790036614.5603955,RAW_IMU,,,,,,,,,0,0,-1001,3,4,2,,,,,
1790036614.5611064,GLOBAL_POSITION_INT,-35.3604685,149.1684133,583.79,3.683,-0.02,0.0,0.49,225.49,,,,,,,,,,,
1790036614.5618708,GPS_RAW_INT,,,,,,,,,,,,,,,,,,6,10
1790036614.5780346,ATTITUDE,,,,,,,,,,,,,,,-0.0007835596916265786,-0.00012123759370297194,-2.347778797149658,,
1790036614.578884,RAW_IMU,,,,,,,,,0,0,-1001,3,4,2,,,,,
1790036614.5978448,ATTITUDE,,,,,,,,,,,,,,,-0.0007645972655154765,-8.510837506037205e-05,-2.3477981090545654,,
1790036614.5992377,RAW_IMU,,,,,,,,,0,0,-1001,3,4,2,,,,,
1790036614.6179974,ATTITUDE,,,,,,,,,,,,,,,-0.0007482348009943962,-5.076344677945599e-05,-2.3478143215179443,,
1790036614.6193397,RAW_IMU,,,,,,,,,0,0,-1001,3,4,2,,,,,
1790036614.6472387,ATTITUDE,,,,,,,,,,,,,,,-0.0007306396728381515,-4.031819480587728e-05,-2.3478281497955322,,
1790036614.6486256,RAW_IMU,,,,,,,,,0,0,-1000,3,3,2,,,,,
1790036614.6580503,ATTITUDE,,,,,,,,,,,,,,,-0.0007094701868481934,-4.122592508792877e-05,-2.3478429317474365,,
1790036614.660207,RAW_IMU,,,,,,,,,0,0,-1001,3,2,2,,,,,
1790036614.6614609,GLOBAL_POSITION_INT,-35.3604685,149.1684133,583.74,3.633,-0.02,0.0,0.49,225.48,,,,,,,,,,,
1790036614.6623762,GPS_RAW_INT,,,,,,,,,,,,,,,,,,6,10
1790036614.6779227,ATTITUDE,,,,,,,,,,,,,,,-0.00068908731918782,-4.286061448510736e-05,-2.3478565216064453,,
1790036614.6789966,RAW_IMU,,,,,,,,,0,0,-1001,3,2,2,,,,,
1790036614.6978724,ATTITUDE,,,,,,,,,,,,,,,-0.000688216183334589,-4.400494435685687e-05,-2.3478708267211914,,
1790036614.698717,RAW_IMU,,,,,,,,,0,0,-1000,2,2,2,,,,,
1790036614.7176473,ATTITUDE,,,,,,,,,,,,,,,-0.0007086905534379184,-4.5650584070244804e-05,-2.3478851318359375,,
1790036614.718641,RAW_IMU,,,,,,,,,0,0,-1000,1,2,2,,,,,
1790036614.7374842,ATTITUDE,,,,,,,,,,,,,,,-0.0007187902228906751,-4.724492100649513e-05,-2.347900629043579,,
1790036614.738967,RAW_IMU,,,,,,,,,0,0,-1000,2,2,2,,,,,
1790036614.7581909,ATTITUDE,,,,,,,,,,,,,,,-0.0007879838813096285,-5.019181116949767e-05,-2.3479177951812744,,
1790036614.7591953,RAW_IMU,,,,,,,,,0,0,-1000,0,2,2,,,,,
1790036614.7607846,GLOBAL_POSITION_INT,-35.3604685,149.1684133,583.69,3.583,-0.02,0.0,0.49,225.48,,,,,,,,,,,
1790036614.7626202,GPS_RAW_INT,,,,,,,,,,,,,,,,,,6,10
1790036614.7780356,ATTITUDE,,,,,,,,,,,,,,,-0.000806519528850913,-5.34943537786603e-05,-2.3479363918304443,,
1790036614.7795155,RAW_IMU,,,,,,,,,0,0,-1001,1,2,2,,,,,
1790036614.7978594,ATTITUDE,,,,,,,,,,,,,,,-0.0008234207634814084,-5.582065205089748e-05,-2.3479559421539307,,
1790036614.7989569,RAW_IMU,,,,,,,,,0,0,-1001,2,2,2,,,,,
1790036614.8179374,ATTITUDE,,,,,,,,,,,,,,,-0.0008401530794799328,-5.9169469750486314e-05,-2.3479743003845215,,
1790036614.8196657,RAW_IMU,,,,,,,,,0,0,-1001,2,2,2,,,,,
1790036614.8378322,ATTITUDE,,,,,,,,,,,,,,,-0.0008563889423385262,-6.119611498434097e-05,-2.3479905128479004,,
1790036614.8390427,RAW_IMU,,,,,,,,,0,0,-1001,1,2,2,,,,,
1790036614.8580546,ATTITUDE,,,,,,,,,,,,,,,-0.0008671702817082405,-6.137212767498568e-05,-2.3480067253112793,,
1790036614.859727,RAW_IMU,,,,,,,,,0,0,-1001,2,2,2,,,,,
1790036614.8615458,GLOBAL_POSITION_INT,-35.3604685,149.1684133,583.64,3.533,-0.02,0.0,0.49,225.47,,,,,,,,,,,
1790036614.8625681,GPS_RAW_INT,,,,,,,,,,,,,,,,,,6,10
1790036614.8960824,ATTITUDE,,,,,,,,,,,,,,,-0.000877564016263932,-8.031764446059242e-05,-2.3480212688446045,,
1790036614.8972497,RAW_IMU,,,,,,,,,0,0,-1001,2,1,2,,,,,
1790036614.8988452,ATTITUDE,,,,,,,,,,,,,,,-0.0008894140482880175,-0.00011679635645123199,-2.348036766052246,,
1790036614.899812,RAW_IMU,,,,,,,,,0,0,-1001,2,0,2,,,,,
1790036614.9137626,ATTITUDE,,,,,,,,,,,,,,,-0.0008998388075269759,-0.00015112478286027908,-2.3480496406555176,,
1790036614.9147499,RAW_IMU,,,,,,,,,0,0,-1001,2,0,2,,,,,
1790036614.9338083,ATTITUDE,,,,,,,,,,,,,,,-0.000935116782784462,-0.0001843098143581301,-2.348062038421631,,
1790036614.9353359,RAW_IMU,,,,,,,,,0,0,-1000,1,1,2,,,,,
1790036614.9541051,ATTITUDE,,,,,,,,,,,,,,,-0.0010001438204199076,-0.0002182318567065522,-2.3480775356292725,,
1790036614.9561968,RAW_IMU,,,,,,,,,0,0,-1001,0,0,2,,,,,
1790036614.9572864,GLOBAL_POSITION_INT,-35.3604685,149.1684133,583.59,3.483,-0.02,0.0,0.49,225.47,,,,,,,,,,,
1790036614.9583664,GPS_RAW_INT,,,,,,,,,,,,,,,,,,6,10
1790036614.9742985,ATTITUDE,,,,,,,,,,,,,,,-0.0010646970476955175,-0.0002494091459084302,-2.348093032836914,,
1790036614.9756582,RAW_IMU,,,,,,,,,0,0,-1001,0,1,2,,,,,
1790036614.994179,ATTITUDE,,,,,,,,,,,,,,,-0.0011269872775301337,-0.00028125778771936893,-2.3481080532073975,,
1790036614.9950986,RAW_IMU,,,,,,,,,0,0,-1001,0,1,2,,,,,
1790036615.0141282,ATTITUDE,,,,,,,,,,,,,,,-0.001188128488138318,-0.0003125621296931058,-2.34812331199646,,
1790036615.0150626,RAW_IMU,,,,,,,,,0,0,-1001,0,1,2,,,,,
1790036615.0344028,ATTITUDE,,,,,,,,,,,,,,,-0.0012450332287698984,-0.0003410525096114725,-2.3481357097625732,,
1790036615.0356126,RAW_IMU,,,,,,,,,0,0,-1001,0,1,2,,,,,
1790036615.0548003,ATTITUDE,,,,,,,,,,,,,,,-0.001297520473599434,-0.0003668467979878187,-2.348147392272949,,
1790036615.0561452,RAW_IMU,,,,,,,,,0,0,-1001,0,1,2,,,,,
1790036615.057884,GLOBAL_POSITION_INT,-35.3604685,149.1684133,583.54,3.433,-0.02,0.0,0.49,225.47,,,,,,,,,,,
1790036615.0597866,GPS_RAW_INT,,,,,,,,,,,,,,,,,,6,10
1790036615.0757594,ATTITUDE,,,,,,,,,,,,,,,-0.0013462223578244448,-0.00039205653592944145,-2.3481597900390625,,
1790036615.076701,RAW_IMU,,,,,,,,,0,0,-1001,0,1,2,,,,,
1790036615.0958893,ATTITUDE,,,,,,,,,,,,,,,-0.0013938967604190111,-0.0004165378923062235,-2.348172903060913,,
1790036615.0978582,RAW_IMU,,,,,,,,,0,0,-1001,0,1,2,,,,,
1790036615.115563,ATTITUDE,,,,,,,,,,,,,,,-0.0014404192334041,-0.0004394521820358932,-2.348184823989868,,
1790036615.1164966,RAW_IMU,,,,,,,,,0,0,-1001,0,1,2,,,,,
1790036615.1455727,ATTITUDE,,,,,,,,,,,,,,,-0.0014859797665849328,-0.00045864685671404004,-2.3481967449188232,,
1790036615.1465063,RAW_IMU,,,,,,,,,0,0,-1001,0,1,2,,,,,
1790036615.156858,ATTITUDE,,,,,,,,,,,,,,,-0.001529540284536779,-0.000462332769529894,-2.3482086658477783,,
1790036615.1580825,RAW_IMU,,,,,,,,,0,0,-1001,0,2,2,,,,,
1790036615.1596932,GLOBAL_POSITION_INT,-35.3604685,149.1684133,583.49,3.383,-0.02,0.0,0.49,225.46,,,,,,,,,,,
1790036615.1608205,GPS_RAW_INT,,,,,,,,,,,,,,,,,,6,10
1790036615.1773152,ATTITUDE,,,,,,,,,,,,,,,-0.0015730748418718576,-0.0004674869414884597,-2.348220109939575,,
1790036615.178796,RAW_IMU,,,,,,,,,0,0,-1001,0,2,2,,,,,
1790036615.1973314,ATTITUDE,,,,,,,,,,,,,,,-0.001614979701116681,-0.00047310686204582453,-2.348231792449951,,
1790036615.199194,RAW_IMU,,,,,,,,,0,0,-1001,0,2,2,,,,,
1790036615.2173977,ATTITUDE,,,,,,,,,,,,,,,-0.0016543727833777666,-0.0004788927617482841,-2.3482425212860107,,
1790036615.2184927,RAW_IMU,,,,,,,,,0,0,-1001,0,2,2,,,,,
1790036615.2372892,ATTITUDE,,,,,,,,,,,,,,,-0.0016466767992824316,-0.0004314194666221738,-2.3482518196105957,,
1790036615.2384174,RAW_IMU,,,,,,,,,0,0,-1000,3,4,2,,,,,
1790036615.2601693,ATTITUDE,,,,,,,,,,,,,,,-0.001676278654485941,-0.00044972309842705727,-2.3482604026794434,,
1790036615.2621224,RAW_IMU,,,,,,,,,0,0,-1000,1,2,2,,,,,
1790036615.263033,GLOBAL_POSITION_INT,-35.3604685,149.1684133,583.44,3.333,-0.02,0.0,0.49,225.46,,,,,,,,,,,
1790036615.263738,GPS_RAW_INT,,,,,,,,,,,,,,,,,,6,10
1790036615.275317,ATTITUDE,,,,,,,,,,,,,,,-0.0016373004764318466,-0.0004089081776328385,-2.348268985748291,,
1790036615.277183,RAW_IMU,,,,,,,,,0,0,-1000,4,4,2,,,,,
1790036615.294918,ATTITUDE,,,,,,,,,,,,,,,-0.0016174728516489267,-0.00035960154491476715,-2.348278522491455,,
1790036615.2958677,RAW_IMU,,,,,,,,,0,0,-1001,3,5,2,,,,,
1790036615.3149064,ATTITUDE,,,,,,,,,,,,,,,-0.001600014278665185,-0.0003114014398306608,-2.348285436630249,,
1790036615.3156042,RAW_IMU,,,,,,,,,0,0,-1001,3,5,2,,,,,
1790036615.3342123,ATTITUDE,,,,,,,,,,,,,,,-0.0015831600176170468,-0.00026494127814657986,-2.348292112350464,,
1790036615.3349624,RAW_IMU,,,,,,,,,0,0,-1001,3,5,2,,,,,
1790036615.3546307,ATTITUDE,,,,,,,,,,,,,,,-0.0015674431342631578,-0.0002214606647612527,-2.3483002185821533,,
1790036615.3561368,RAW_IMU,,,,,,,,,0,0,-1001,3,4,2,,,,,
1790036615.3570735,GLOBAL_POSITION_INT,-35.3604685,149.1684133,583.39,3.283,-0.02,0.0,0.49,225.46,,,,,,,,,,,
1790036615.3580017,GPS_RAW_INT,,,,,,,,,,,,,,,,,,6,10
1790036615.39756,ATTITUDE,,,,,,,,,,,,,,,-0.00155347166582942,-0.00018050418293569237,-2.3483095169067383,,
1790036615.39831,RAW_IMU,,,,,,,,,0,0,-1001,3,4,2,,,,,
1790036615.3994246,ATTITUDE,,,,,,,,,,,,,,,-0.0015403368743136525,-0.0001413403224432841,-2.3483190536499023,,
1790036615.40079,RAW_IMU,,,,,,,,,0,0,-1001,3,4,2,,,,,
1790036615.4141839,ATTITUDE,,,,,,,,,,,,,,,-0.0015546715585514903,-0.00010378524893894792,-2.3483264446258545,,
1790036615.4155471,RAW_IMU,,,,,,,,,0,0,-1000,2,4,2,,,,,
1790036615.434451,ATTITUDE,,,,,,,,,,,,,,,-0.001558454241603613,-6.702536484226584e-05,-2.3483352661132812,,
1790036615.4353027,RAW_IMU,,,,,,,,,0,0,-1000,2,4,2,,,,,
1790036615.4546301,ATTITUDE,,,,,,,,,,,,,,,-0.0015409744810312986,-3.046178608201444e-05,-2.34834361076355,,
1790036615.4557383,RAW_IMU,,,,,,,,,0,0,-1001,3,4,2,,,,,
1790036615.4574034,GLOBAL_POSITION_INT,-35.3604685,149.1684133,583.34,3.233,-0.02,0.0,0.49,225.45,,,,,,,,,,,
1790036615.4587042,GPS_RAW_INT,,,,,,,,,,,,,,,,,,6,10
1790036615.4755356,ATTITUDE,,,,,,,,,,,,,,,-0.0015244628302752972,4.425631232152227e-06,-2.3483543395996094,,
1790036615.4773114,RAW_IMU,,,,,,,,,0,0,-1001,3,4,2,,,,,
1790036615.4974523,ATTITUDE,,,,,,,,,,,,,,,-0.0015101861208677292,3.7448215152835473e-05,-2.34836483001709,,
1790036615.4989157,RAW_IMU,,,,,,,,,0,0,-1001,3,4,2,,,,,
1790036615.516129,ATTITUDE,,,,,,,,,,,,,,,-0.0014965039445087314,6.652588490396738e-05,-2.348372459411621,,
1790036615.5172043,RAW_IMU,,,,,,,,,0,0,-1001,3,4,2,,,,,
1790036615.534375,ATTITUDE,,,,,,,,,,,,,,,-0.0015238482737913728,4.432455898495391e-05,-2.348379611968994,,
1790036615.5349925,RAW_IMU,,,,,,,,,0,0,-1000,1,1,2,,,,,
1790036615.5577643,ATTITUDE,,,,,,,,,,,,,,,-0.001496399869211018,3.888922947226092e-05,-2.3483898639678955,,
1790036615.558175,RAW_IMU,,,,,,,,,0,0,-1000,3,2,2,,,,,
1790036615.5588298,GLOBAL_POSITION_INT,-35.3604685,149.1684133,583.29,3.183,-0.02,0.0,0.49,225.45,,,,,,,,,,,
1790036615.5596507,GPS_RAW_INT,,,,,,,,,,,,,,,,,,6,10
1790036615.5760784,ATTITUDE,,,,,,,,,,,,,,,-0.0015204543014988303,3.227603519917466e-05,-2.348402738571167,,
1790036615.577116,RAW_IMU,,,,,,,,,0,0,-1001,1,2,2,,,,,
1790036615.5936944,ATTITUDE,,,,,,,,,,,,,,,-0.0015467620687559247,2.624953594931867e-05,-2.348414897918701,,
1790036615.5946536,RAW_IMU,,,,,,,,,0,0,-1001,1,2,2,,,,,
1790036615.617853,ATTITUDE,,,,,,,,,,,,,,,-0.0015716988127678633,1.9324483218952082e-05,-2.348426342010498,,
1790036615.6190474,RAW_IMU,,,,,,,,,0,0,-1001,1,2,2,,,,,
1790036615.638695,ATTITUDE,,,,,,,,,,,,,,,-0.001594183617271483,1.3547968592320103e-05,-2.348435878753662,,
1790036615.6399744,RAW_IMU,,,,,,,,,0,0,-1001,1,2,2,,,,,
1790036615.6588724,ATTITUDE,,,,,,,,,,,,,,,-0.0016122206579893827,1.0549614671617746e-05,-2.348444938659668,,
1790036615.660525,RAW_IMU,,,,,,,,,0,0,-1001,1,2,2,,,,,
1790036615.6613865,GLOBAL_POSITION_INT,-35.3604685,149.1684133,583.24,3.133,-0.02,0.0,0.49,225.45,,,,,,,,,,,
1790036615.6623783,GPS_RAW_INT,,,,,,,,,,,,,,,,,,6,10
1790036615.673909,ATTITUDE,,,,,,,,,,,,,,,-0.0016300576971843839,8.046297807595693e-06,-2.3484554290771484,,
1790036615.6747994,RAW_IMU,,,,,,,,,0,0,-1001,1,2,2,,,,,
1790036615.6938512,ATTITUDE,,,,,,,,,,,,,,,-0.0016480034682899714,4.381486633064924e-06,-2.348465919494629,,
1790036615.6948915,RAW_IMU,,,,,,,,,0,0,-1001,1,2,2,,,,,
1790036615.7182915,ATTITUDE,,,,,,,,,,,,,,,-0.0016655520303174853,4.170007912307483e-07,-2.3484747409820557,,
1790036615.7194226,RAW_IMU,,,,,,,,,0,0,-1001,1,2,2,,,,,
1790036615.7384546,ATTITUDE,,,,,,,,,,,,,,,-0.0016818080330267549,-2.0251247860869626e-06,-2.348482608795166,,
1790036615.739217,RAW_IMU,,,,,,,,,0,0,-1001,1,2,2,,,,,
1790036615.758971,ATTITUDE,,,,,,,,,,,,,,,-0.001698995940387249,-6.375620159815298e-06,-2.3484926223754883,,
1790036615.7606492,RAW_IMU,,,,,,,,,0,0,-1001,1,2,2,,,,,
1790036615.7620668,GLOBAL_POSITION_INT,-35.3604685,149.1684133,583.19,3.083,-0.02,0.0,0.49,225.45,,,,,,,,,,,
1790036615.762958,GPS_RAW_INT,,,,,,,,,,,,,,,,,,6,10
1790036615.7741232,ATTITUDE,,,,,,,,,,,,,,,-0.0017162717413157225,-1.0437407581775915e-05,-2.3485026359558105,,
1790036615.775841,RAW_IMU,,,,,,,,,0,0,-1001,1,2,2,,,,,
1790036615.7941537,ATTITUDE,,,,,,,,,,,,,,,-0.00172514992300421,-1.5781230104039423e-05,-2.3485143184661865,,
1790036615.7953374,RAW_IMU,,,,,,,,,0,0,-1001,2,2,2,,,,,
1790036615.8146017,ATTITUDE,,,,,,,,,,,,,,,-0.001744469627737999,-2.1058236598037183e-05,-2.348525285720825,,
1790036615.8156118,RAW_IMU,,,,,,,,,0,0,-1000,2,2,2,,,,,
1790036615.8342137,ATTITUDE,,,,,,,,,,,,,,,-0.0017284771893173456,-2.4392256818828173e-05,-2.3485374450683594,,
1790036615.8354237,RAW_IMU,,,,,,,,,0,0,-1000,2,2,2,,,,,
1790036615.8546536,ATTITUDE,,,,,,,,,,,,,,,-0.001736012869514525,-2.6102581614395604e-05,-2.3485512733459473,,
1790036615.855577,RAW_IMU,,,,,,,,,0,0,-1000,2,2,2,,,,,
1790036615.8570654,GLOBAL_POSITION_INT,-35.3604685,149.1684133,583.14,3.033,-0.02,0.0,0.49,225.44,,,,,,,,,,,
1790036615.857856,GPS_RAW_INT,,,,,,,,,,,,,,,,,,6,10
1790036615.8947637,ATTITUDE,,,,,,,,,,,,,,,-0.0017329786205664277,-2.7664520530379377e-05,-2.3485682010650635,,
1790036615.897461,RAW_IMU,,,,,,,,,0,0,-1000,2,2,2,,,,,
1790036615.8986745,ATTITUDE,,,,,,,,,,,,,,,-0.0017169284401461482,-2.9730494134128094e-05,-2.3485872745513916,,
1790036615.8998985,RAW_IMU,,,,,,,,,0,0,-1001,3,2,1,,,,,
1790036615.9165015,ATTITUDE,,,,,,,,,,,,,,,-0.0017326551023870707,-3.142824789392762e-05,-2.348604440689087,,
1790036615.9179218,RAW_IMU,,,,,,,,,0,0,-1001,1,2,1,,,,,
1790036615.9363594,ATTITUDE,,,,,,,,,,,,,,,-0.0017484354320913553,-3.380499765626155e-05,-2.348620891571045,,
1790036615.9375167,RAW_IMU,,,,,,,,,0,0,-1001,1,2,2,,,,,
1790036615.9567258,ATTITUDE,,,,,,,,,,,,,,,-0.001763607026077807,-3.643895252025686e-05,-2.3486368656158447,,
1790036615.9585538,RAW_IMU,,,,,,,,,0,0,-1001,1,2,2,,,,,
1790036615.9595468,GLOBAL_POSITION_INT,-35.3604685,149.1684133,583.09,2.983,-0.02,0.0,0.49,225.44,,,,,,,,,,,
1790036615.9605243,GPS_RAW_INT,,,,,,,,,,,,,,,,,,6,10
1790036615.9764483,ATTITUDE,,,,,,,,,,,,,,,-0.001778970705345273,-3.8712183595635e-05,-2.3486530780792236,,
1790036615.977262,RAW_IMU,,,,,,,,,0,0,-1001,1,2,2,,,,,
1790036615.9964178,ATTITUDE,,,,,,,,,,,,,,,-0.0017937661614269018,-4.3155709136044607e-05,-2.34867000579834,,
1790036615.9969764,RAW_IMU,,,,,,,,,0,0,-1001,2,2,2,,,,,
1790036616.0164363,ATTITUDE,,,,,,,,,,,,,,,-0.0018093333346769214,-4.748904029838741e-05,-2.3486852645874023,,
1790036616.017624,RAW_IMU,,,,,,,,,0,0,-1001,2,2,2,,,,,
1790036616.036512,ATTITUDE,,,,,,,,,,,,,,,-0.001821318524889648,-4.9786474846769124e-05,-2.3486995697021484,,
1790036616.0383356,RAW_IMU,,,,,,,,,0,0,-1001,2,2,2,,,,,
1790036616.0567093,ATTITUDE,,,,,,,,,,,,,,,-0.0018298301147297025,-5.161538138054311e-05,-2.3487131595611572,,
1790036616.0582907,RAW_IMU,,,,,,,,,0,0,-1001,2,2,2,,,,,
1790036616.059295,GLOBAL_POSITION_INT,-35.3604685,149.1684133,583.04,2.933,-0.02,0.0,0.49,225.43,,,,,,,,,,,
1790036616.0602198,GPS_RAW_INT,,,,,,,,,,,,,,,,,,6,10
1790036616.0773256,ATTITUDE,,,,,,,,,,,,,,,-0.001838413649238646,-5.322737342794426e-05,-2.3487277030944824,,
1790036616.0789669,RAW_IMU,,,,,,,,,0,0,-1001,2,2,2,,,,,
1790036616.0972028,ATTITUDE,,,,,,,,,,,,,,,-0.0018474755343049765,-5.3687159379478544e-05,-2.3487415313720703,,
1790036616.0981007,RAW_IMU,,,,,,,,,0,0,-1001,2,2,2,,,,,
1790036616.117265,ATTITUDE,,,,,,,,,,,,,,,-0.001856437767855823,-5.4970270866760984e-05,-2.3487536907196045,,
1790036616.1187284,RAW_IMU,,,,,,,,,0,0,-1001,2,2,2,,,,,
1790036616.1423495,ATTITUDE,,,,,,,,,,,,,,,-0.0018663218943402171,-5.744020745623857e-05,-2.348764657974243,,
1790036616.1445582,RAW_IMU,,,,,,,,,0,0,-1001,2,2,2,,,,,
1790036616.1585772,ATTITUDE,,,,,,,,,,,,,,,-0.0018755897181108594,-5.9469184634508565e-05,-2.3487765789031982,,
1790036616.1599364,RAW_IMU,,,,,,,,,0,0,-1001,2,2,2,,,,,
1790036616.1608837,GLOBAL_POSITION_INT,-35.3604685,149.1684133,582.99,2.883,-0.02,0.0,0.49,225.43,,,,,,,,,,,
1790036616.161672,GPS_RAW_INT,,,,,,,,,,,,,,,,,,6,10
1790036616.178573,ATTITUDE,,,,,,,,,,,,,,,-0.001885979319922626,-7.8282602771651e-05,-2.3487889766693115,,
1790036616.1803687,RAW_IMU,,,,,,,,,0,0,-1000,2,1,2,,,,,
1790036616.1983662,ATTITUDE,,,,,,,,,,,,,,,-0.0018969655502587557,-5.9227873862255365e-05,-2.348799228668213,,
1790036616.1993608,RAW_IMU,,,,,,,,,0,0,-1000,2,3,2,,,,,
1790036616.2182755,ATTITUDE,,,,,,,,,,,,,,,-0.001908862846903503,-0.00010271900828229263,-2.3488049507141113,,
1790036616.2199354,RAW_IMU,,,,,,,,,0,0,-1000,2,0,2,,,,,
1790036616.2385979,ATTITUDE,,,,,,,,,,,,,,,-0.0019181908573955297,-7.071021536830813e-05,-2.3488070964813232,,
1790036616.2399437,RAW_IMU,,,,,,,,,0,0,-1000,2,4,2,,,,,
1790036616.2587197,ATTITUDE,,,,,,,,,,,,,,,-0.0019230463076382875,-0.00011132124927826226,-2.348806858062744,,
1790036616.261385,RAW_IMU,,,,,,,,,0,0,-1000,2,0,2,,,,,
1790036616.2625375,GLOBAL_POSITION_INT,-35.3604685,149.1684133,582.94,2.833,-0.02,0.0,0.49,225.43,,,,,,,,,,,
1790036616.2633576,GPS_RAW_INT,,,,,,,,,,,,,,,,,,6,10
1790036616.27391,ATTITUDE,,,,,,,,,,,,,,,-0.0019294690573588014,-7.956340414239094e-05,-2.348804235458374,,
1790036616.2751534,RAW_IMU,,,,,,,,,0,0,-1001,2,3,3,,,,,
1790036616.2934833,ATTITUDE,,,,,,,,,,,,,,,-0.0019337160047143698,-9.351695189252496e-05,-2.3488028049468994,,
1790036616.294483,RAW_IMU,,,,,,,,,0,0,-1001,2,2,3,,,,,
1790036616.313872,ATTITUDE,,,,,,,,,,,,,,,-0.0019228277960792184,-0.00011233930854359642,-2.348799228668213,,
1790036616.3147666,RAW_IMU,,,,,,,,,0,0,-1000,2,1,3,,,,,
1790036616.3334177,ATTITUDE,,,,,,,,,,,,,,,-0.0018843223806470633,-0.00013084744568914175,-2.34879732131958,,
1790036616.334298,RAW_IMU,,,,,,,,,0,0,-1001,4,1,2,,,,,
1790036616.3537493,ATTITUDE,,,,,,,,,,,,,,,-0.0018754637567326427,-0.00014835543697699904,-2.34879732131958,,
1790036616.354766,RAW_IMU,,,,,,,,,0,0,-1001,3,1,2,,,,,
1790036616.3563507,GLOBAL_POSITION_INT,-35.3604685,149.1684133,582.89,2.783,-0.02,0.0,0.49,225.43,,,,,,,,,,,
1790036616.3574317,GPS_RAW_INT,,,,,,,,,,,,,,,,,,6,10
1790036616.3964021,ATTITUDE,,,,,,,,,,,,,,,-0.0018642348004505038,-0.0001658667461015284,-2.348799467086792,,
1790036616.3969598,RAW_IMU,,,,,,,,,0,0,-1001,3,1,2,,,,,
1790036616.3981922,ATTITUDE,,,,,,,,,,,,,,,-0.0018322330433875322,-0.0001817393203964457,-2.348803758621216,,
1790036616.3988028,RAW_IMU,,,,,,,,,0,0,-1000,4,1,2,,,,,
1790036616.4156098,ATTITUDE,,,,,,,,,,,,,,,-0.0018398929387331009,-0.00019907757814507931,-2.348809003829956,,
1790036616.41689,RAW_IMU,,,,,,,,,0,0,-1000,2,1,2,,,,,
1790036616.4358456,ATTITUDE,,,,,,,,,,,,,,,-0.0017896248027682304,-0.00021481660951394588,-2.3488168716430664,,
1790036616.4371166,RAW_IMU,,,,,,,,,0,0,-1000,5,1,2,,,,,
1790036616.4560368,ATTITUDE,,,,,,,,,,,,,,,-0.001772305928170681,-0.0002279613836435601,-2.3488247394561768,,
1790036616.4567132,RAW_IMU,,,,,,,,,0,0,-1000,3,1,2,,,,,
1790036616.4575856,GLOBAL_POSITION_INT,-35.3604685,149.1684133,582.84,2.733,-0.02,0.0,0.49,225.43,,,,,,,,,,,
1790036616.4587588,GPS_RAW_INT,,,,,,,,,,,,,,,,,,6,10
1790036616.476501,ATTITUDE,,,,,,,,,,,,,,,-0.0017107585445046425,-0.0002425921120448038,-2.348834753036499,,
1790036616.4777288,RAW_IMU,,,,,,,,,0,0,-1001,5,1,2,,,,,
1790036616.4962752,ATTITUDE,,,,,,,,,,,,,,,-0.0016513881273567677,-0.00025596687919460237,-2.348845958709717,,
1790036616.4976387,RAW_IMU,,,,,,,,,0,0,-1001,5,2,2,,,,,
1790036616.516394,ATTITUDE,,,,,,,,,,,,,,,-0.0015955972485244274,-0.0002688016975298524,-2.3488552570343018,,
1790036616.5178041,RAW_IMU,,,,,,,,,0,0,-1001,5,2,2,,,,,
1790036616.5362961,ATTITUDE,,,,,,,,,,,,,,,-0.0015430593630298972,-0.00028114303131587803,-2.3488645553588867,,
1790036616.537318,RAW_IMU,,,,,,,,,0,0,-1001,5,2,2,,,,,
1790036616.5567038,ATTITUDE,,,,,,,,,,,,,,,-0.0014924209099262953,-0.00027830194449052215,-2.34887433052063,,
1790036616.557716,RAW_IMU,,,,,,,,,0,0,-1001,5,2,2,,,,,
1790036616.5590804,GLOBAL_POSITION_INT,-35.3604685,149.1684133,582.79,2.683,-0.02,0.0,0.49,225.42,,,,,,,,,,,
1790036616.5607455,GPS_RAW_INT,,,,,,,,,,,,,,,,,,6,10
1790036616.5771933,ATTITUDE,,,,,,,,,,,,,,,-0.0014449250884354115,-0.00027247797697782516,-2.348884105682373,,
1790036616.5785158,RAW_IMU,,,,,,,,,0,0,-1001,5,3,2,,,,,
1790036616.5972636,ATTITUDE,,,,,,,,,,,,,,,-0.001400914159603417,-0.00026233677635900676,-2.3488948345184326,,
1790036616.5978494,RAW_IMU,,,,,,,,,0,0,-1001,4,3,2,,,,,
1790036616.617291,ATTITUDE,,,,,,,,,,,,,,,-0.0013595795026049018,-0.00023884545953478664,-2.348904609680176,,
1790036616.6184678,RAW_IMU,,,,,,,,,0,0,-1001,4,3,2,,,,,
1790036616.6412072,ATTITUDE,,,,,,,,,,,,,,,-0.0013170227175578475,-0.00021536143322009593,-2.348911762237549,,
1790036616.6426117,RAW_IMU,,,,,,,,,0,0,-1001,4,3,2,,,,,
1790036616.6582031,ATTITUDE,,,,,,,,,,,,,,,-0.0012734197080135345,-0.000161832183948718,-2.3489181995391846,,
1790036616.6600554,RAW_IMU,,,,,,,,,0,0,-1001,4,5,2,,,,,
1790036616.6611118,GLOBAL_POSITION_INT,-35.3604685,149.1684133,582.74,2.633,-0.02,0.0,0.49,225.42,,,,,,,,,,,
1790036616.6621947,GPS_RAW_INT,,,,,,,,,,,,,,,,,,6,10
1790036616.6784415,ATTITUDE,,,,,,,,,,,,,,,-0.001247142325155437,-8.540476119378582e-05,-2.348926544189453,,
1790036616.6794167,RAW_IMU,,,,,,,,,0,0,-1001,3,6,2,,,,,
1790036616.698453,ATTITUDE,,,,,,,,,,,,,,,-0.001226308522745967,-1.3285317436384503e-05,-2.348935127258301,,
1790036616.6999598,RAW_IMU,,,,,,,,,0,0,-1001,3,6,2,,,,,
1790036616.718402,ATTITUDE,,,,,,,,,,,,,,,-0.0012058831052854657,5.5683547543594614e-05,-2.3489420413970947,,
1790036616.7198954,RAW_IMU,,,,,,,,,0,0,-1001,3,6,2,,,,,
1790036616.7384002,ATTITUDE,,,,,,,,,,,,,,,-0.0012033832026645541,0.00012328110460657626,-2.3489482402801514,,
1790036616.7398093,RAW_IMU,,,,,,,,,0,0,-1000,2,6,2,,,,,
1790036616.758567,ATTITUDE,,,,,,,,,,,,,,,-0.0011756194289773703,0.0001863682846305892,-2.3489584922790527,,
1790036616.7608774,RAW_IMU,,,,,,,,,0,0,-1000,4,5,2,,,,,
1790036616.761544,GLOBAL_POSITION_INT,-35.3604685,149.1684133,582.69,2.583,-0.02,0.0,0.49,225.42,,,,,,,,,,,
1790036616.7622943,GPS_RAW_INT,,,,,,,,,,,,,,,,,,6,10
1790036616.7784388,ATTITUDE,,,,,,,,,,,,,,,-0.0012049386277794838,0.00024552905233576894,-2.3489725589752197,,
1790036616.7792337,RAW_IMU,,,,,,,,,0,0,-1000,1,5,2,,,,,
1790036616.798485,ATTITUDE,,,,,,,,,,,,,,,-0.0011561531573534012,0.00030283743399195373,-2.3489911556243896,,
1790036616.7999835,RAW_IMU,,,,,,,,,0,0,-1000,5,5,2,,,,,
1790036616.818402,ATTITUDE,,,,,,,,,,,,,,,-0.0011947760358452797,0.0003583648067433387,-2.3490097522735596,,
1790036616.8195055,RAW_IMU,,,,,,,,,0,0,-1000,1,5,1,,,,,
1790036616.8383558,ATTITUDE,,,,,,,,,,,,,,,-0.0011544488370418549,0.00041140912799164653,-2.3490302562713623,,
1790036616.8393872,RAW_IMU,,,,,,,,,0,0,-1001,4,5,1,,,,,
1790036616.8588088,ATTITUDE,,,,,,,,,,,,,,,-0.0011793785961344838,0.00046512731933034956,-2.349050760269165,,
1790036616.8604825,RAW_IMU,,,,,,,,,0,0,-1000,1,5,1,,,,,
1790036616.861513,GLOBAL_POSITION_INT,-35.3604685,149.1684133,582.64,2.533,-0.02,0.0,0.49,225.41,,,,,,,,,,,
1790036616.8624635,GPS_RAW_INT,,,,,,,,,,,,,,,,,,6,10
1790036616.8948889,ATTITUDE,,,,,,,,,,,,,,,-0.0011690148385241628,0.0005158411804586649,-2.3490731716156006,,
1790036616.8960006,RAW_IMU,,,,,,,,,0,0,-1001,2,5,1,,,,,
1790036616.8982792,ATTITUDE,,,,,,,,,,,,,,,-0.0011488699819892645,0.0005642692558467388,-2.3490965366363525,,
1790036616.8992262,RAW_IMU,,,,,,,,,0,0,-1001,3,5,1,,,,,
1790036616.9183338,ATTITUDE,,,,,,,,,,,,,,,-0.0011309462133795023,0.0006113306735642254,-2.349116802215576,,
1790036616.91978,RAW_IMU,,,,,,,,,0,0,-1001,3,5,1,,,,,
1790036616.9384024,ATTITUDE,,,,,,,,,,,,,,,-0.001114358427003026,0.0006561843329109251,-2.349135637283325,,
1790036616.9395661,RAW_IMU,,,,,,,,,0,0,-1001,3,4,1,,,,,
1790036616.9586203,ATTITUDE,,,,,,,,,,,,,,,-0.0010987662244588137,0.0006990560214035213,-2.349156141281128,,
1790036616.9602334,RAW_IMU,,,,,,,,,0,0,-1001,3,4,1,,,,,
1790036616.9609458,GLOBAL_POSITION_INT,-35.3604685,149.1684133,582.59,2.483,-0.02,0.0,0.49,225.41,,,,,,,,,,,
1790036616.961611,GPS_RAW_INT,,,,,,,,,,,,,,,,,,6,10
1790036616.973822,ATTITUDE,,,,,,,,,,,,,,,-0.0010854608844965696,0.0007400595932267606,-2.3491766452789307,,
1790036616.9756424,RAW_IMU,,,,,,,,,0,0,-1001,3,4,1,,,,,
1790036616.9933295,ATTITUDE,,,,,,,,,,,,,,,-0.001073550316505134,0.0007782636675983667,-2.3491969108581543,,
1790036616.9941893,RAW_IMU,,,,,,,,,0,0,-1001,3,4,1,,,,,
1790036617.0132442,ATTITUDE,,,,,,,,,,,,,,,-0.0010632978519424796,0.0008131894865073264,-2.349215269088745,,
1790036617.0137632,RAW_IMU,,,,,,,,,0,0,-1001,3,4,1,,,,,
1790036617.033449,ATTITUDE,,,,,,,,,,,,,,,-0.0010493380250409245,0.0008489929605275393,-2.3492326736450195,,
1790036617.034307,RAW_IMU,,,,,,,,,0,0,-1001,3,4,1,,,,,
1790036617.053675,ATTITUDE,,,,,,,,,,,,,,,-0.0010345204500481486,0.0008793290471658111,-2.349247932434082,,
1790036617.0549252,RAW_IMU,,,,,,,,,0,0,-1001,3,4,2,,,,,
1790036617.0561354,GLOBAL_POSITION_INT,-35.3604685,149.1684133,582.54,2.433,-0.02,0.0,0.49,225.4,,,,,,,,,,,
1790036617.0569353,GPS_RAW_INT,,,,,,,,,,,,,,,,,,6,10
1790036617.0742426,ATTITUDE,,,,,,,,,,,,,,,-0.0010207436280325055,0.0008953491342253983,-2.349264621734619,,
1790036617.0753543,RAW_IMU,,,,,,,,,0,0,-1001,3,3,2,,,,,
1790036617.0939581,ATTITUDE,,,,,,,,,,,,,,,-0.0010080055799335241,0.0009113813284784555,-2.349281072616577,,
1790036617.0947936,RAW_IMU,,,,,,,,,0,0,-1001,3,3,2,,,,,
1790036617.1140287,ATTITUDE,,,,,,,,,,,,,,,-0.0009972401894629002,0.0009250813163816929,-2.3492963314056396,,
1790036617.1156244,RAW_IMU,,,,,,,,,0,0,-1001,3,3,2,,,,,
1790036617.1504118,ATTITUDE,,,,,,,,,,,,,,,-0.00103230238892138,0.0009317400399595499,-2.3493094444274902,,
1790036617.151807,RAW_IMU,,,,,,,,,0,0,-1000,1,2,2,,,,,
1790036617.1542206,ATTITUDE,,,,,,,,,,,,,,,-0.000995573471300304,0.0009578376775607467,-2.3493247032165527,,
1790036617.1560705,RAW_IMU,,,,,,,,,0,0,-1000,4,4,2,,,,,
1790036617.157335,GLOBAL_POSITION_INT,-35.3604685,149.1684133,582.49,2.383,-0.02,0.0,0.49,225.4,,,,,,,,,,,
1790036617.1585155,GPS_RAW_INT,,,,,,,,,,,,,,,,,,6,10
1790036617.1751566,ATTITUDE,,,,,,,,,,,,,,,-0.00102337752468884,0.000954916060436517,-2.349337339401245,,
1790036617.1761613,RAW_IMU,,,,,,,,,0,0,-1000,1,2,2,,,,,
1790036617.1948857,ATTITUDE,,,,,,,,,,,,,,,-0.0010533827589824796,0.000986143248155713,-2.3493504524230957,,
1790036617.1960957,RAW_IMU,,,,,,,,,0,0,-1001,1,4,2,,,,,
1790036617.2147925,ATTITUDE,,,,,,,,,,,,,,,-0.0010803691111505032,0.0009768058080226183,-2.3493618965148926,,
1790036617.216135,RAW_IMU,,,,,,,,,0,0,-1001,1,2,2,,,,,
1790036617.2348385,ATTITUDE,,,,,,,,,,,,,,,-0.0011041115503758192,0.0009696552297100425,-2.349372386932373,,
1790036617.2358785,RAW_IMU,,,,,,,,,0,0,-1001,1,2,2,,,,,
1790036617.255022,ATTITUDE,,,,,,,,,,,,,,,-0.0011235703714191914,0.0009639924392104149,-2.3493824005126953,,
1790036617.2566876,RAW_IMU,,,,,,,,,0,0,-1001,1,2,2,,,,,
1790036617.2574625,GLOBAL_POSITION_INT,-35.3604685,149.1684133,582.44,2.333,-0.02,0.0,0.49,225.4,,,,,,,,,,,
1790036617.2594404,GPS_RAW_INT,,,,,,,,,,,,,,,,,,6,10
1790036617.2755225,ATTITUDE,,,,,,,,,,,,,,,-0.0011432911269366741,0.0009582855273038149,-2.3493921756744385,,
1790036617.2774947,RAW_IMU,,,,,,,,,0,0,-1001,1,2,2,,,,,
1790036617.2958093,ATTITUDE,,,,,,,,,,,,,,,-0.001161268213763833,0.0009513063123449683,-2.349403142929077,,
1790036617.296942,RAW_IMU,,,,,,,,,0,0,-1001,1,2,2,,,,,
1790036617.316781,ATTITUDE,,,,,,,,,,,,,,,-0.0011804539244621992,0.0009445620817132294,-2.349411725997925,,
1790036617.3180544,RAW_IMU,,,,,,,,,0,0,-1001,1,2,2,,,,,
1790036617.3347774,ATTITUDE,,,,,,,,,,,,,,,-0.0011990632629022002,0.0009394952212460339,-2.349419116973877,,
1790036617.3357275,RAW_IMU,,,,,,,,,0,0,-1001,1,2,2,,,,,
1790036617.3551314,ATTITUDE,,,,,,,,,,,,,,,-0.0012169561814516783,0.0008976053795777261,-2.3494277000427246,,
1790036617.3561504,RAW_IMU,,,,,,,,,0,0,-1000,1,0,2,,,,,
1790036617.3570316,GLOBAL_POSITION_INT,-35.3604685,149.1684133,582.39,2.283,-0.02,0.0,0.49,225.39,,,,,,,,,,,
1790036617.3578527,GPS_RAW_INT,,,,,,,,,,,,,,,,,,6,10
1790036617.3980968,ATTITUDE,,,,,,,,,,,,,,,-0.0012352571357041597,0.0008834411855787039,-2.349433422088623,,
1790036617.3991084,RAW_IMU,,,,,,,,,0,0,-1000,1,1,2,,,,,
1790036617.4005642,ATTITUDE,,,,,,,,,,,,,,,-0.0012535173445940018,0.0008337346953339875,-2.349439859390259,,
1790036617.4018297,RAW_IMU,,,,,,,,,0,0,-1000,1,0,2,,,,,
1790036617.4145672,ATTITUDE,,,,,,,,,,,,,,,-0.001272285939194262,0.0007944260141812265,-2.3494420051574707,,
1790036617.4150782,RAW_IMU,,,,,,,,,0,0,-1000,1,0,2,,,,,
1790036617.434447,ATTITUDE,,,,,,,,,,,,,,,-0.001286987797357142,0.0007950495928525925,-2.3494415283203125,,
1790036617.4351957,RAW_IMU,,,,,,,,,0,0,-1001,1,2,2,,,,,
1790036617.4544296,ATTITUDE,,,,,,,,,,,,,,,-0.0012980741448700428,0.0007638887036591768,-2.349440336227417,,
1790036617.4559922,RAW_IMU,,,,,,,,,0,0,-1001,1,1,2,,,,,
1790036617.457445,GLOBAL_POSITION_INT,-35.3604685,149.1684133,582.34,2.233,-0.02,0.0,0.49,225.39,,,,,,,,,,,
1790036617.4583406,GPS_RAW_INT,,,,,,,,,,,,,,,,,,6,10
1790036617.4750698,ATTITUDE,,,,,,,,,,,,,,,-0.0013096298789605498,0.0007289592176675797,-2.3494417667388916,,
1790036617.4758794,RAW_IMU,,,,,,,,,0,0,-1001,1,0,2,,,,,
1790036617.4946425,ATTITUDE,,,,,,,,,,,,,,,-0.001321228570304811,0.0006945598870515823,-2.3494434356689453,,
1790036617.4957867,RAW_IMU,,,,,,,,,0,0,-1001,2,0,2,,,,,
1790036617.5146158,ATTITUDE,,,,,,,,,,,,,,,-0.0013331040972843766,0.0006624743691645563,-2.349443197250366,,
1790036617.51574,RAW_IMU,,,,,,,,,0,0,-1001,2,1,2,,,,,
1790036617.53471,ATTITUDE,,,,,,,,,,,,,,,-0.0013452008133754134,0.0006307241274043918,-2.3494412899017334,,
1790036617.535747,RAW_IMU,,,,,,,,,0,0,-1001,2,1,2,,,,,
1790036617.5549793,ATTITUDE,,,,,,,,,,,,,,,-0.001357418135739863,0.0005995201063342392,-2.349442720413208,,
1790036617.5558865,RAW_IMU,,,,,,,,,0,0,-1001,2,1,2,,,,,
1790036617.55676,GLOBAL_POSITION_INT,-35.3604685,149.1684133,582.29,2.183,-0.02,0.0,0.49,225.39,,,,,,,,,,,
1790036617.5578828,GPS_RAW_INT,,,,,,,,,,,,,,,,,,6,10
1790036617.5750496,ATTITUDE,,,,,,,,,,,,,,,-0.0013700632844120264,0.0005695485160686076,-2.349445104598999,,
1790036617.5760615,RAW_IMU,,,,,,,,,0,0,-1001,2,1,2,,,,,
1790036617.5946372,ATTITUDE,,,,,,,,,,,,,,,-0.001383554539643228,0.0005396812339313328,-2.3494482040405273,,
1790036617.5959888,RAW_IMU,,,,,,,,,0,0,-1001,2,1,2,,,,,
1790036617.61465,ATTITUDE,,,,,,,,,,,,,,,-0.0013599781086668372,0.0005121240974403918,-2.3494515419006348,,
1790036617.6156113,RAW_IMU,,,,,,,,,0,0,-1001,3,1,2,,,,,
1790036617.6393578,ATTITUDE,,,,,,,,,,,,,,,-0.0013804209884256124,0.0004872210556641221,-2.3494532108306885,,
1790036617.6404839,RAW_IMU,,,,,,,,,0,0,-1000,1,1,2,,,,,
1790036617.6559072,ATTITUDE,,,,,,,,,,,,,,,-0.0013295771786943078,0.000463533797301352,-2.3494598865509033,,
1790036617.6577113,RAW_IMU,,,,,,,,,0,0,-1000,4,1,2,,,,,
1790036617.6587973,GLOBAL_POSITION_INT,-35.3604685,149.1684133,582.24,2.133,-0.02,0.0,0.49,225.39,,,,,,,,,,,
1790036617.6595788,GPS_RAW_INT,,,,,,,,,,,,,,,,,,6,10
1790036617.676453,ATTITUDE,,,,,,,,,,,,,,,-0.0013256006641313434,0.0004398793971631676,-2.349470376968384,,
1790036617.6773474,RAW_IMU,,,,,,,,,0,0,-1000,3,1,2,,,,,
1790036617.6961188,ATTITUDE,,,,,,,,,,,,,,,-0.001306549645960331,0.0004158582305535674,-2.349482297897339,,
1790036617.6970468,RAW_IMU,,,,,,,,,0,0,-1000,3,1,2,,,,,
1790036617.7163415,ATTITUDE,,,,,,,,,,,,,,,-0.0012927771313115954,0.00039362095412798226,-2.3494949340820312,,
1790036617.7171817,RAW_IMU,,,,,,,,,0,0,-1000,3,1,2,,,,,
1790036617.735936,ATTITUDE,,,,,,,,,,,,,,,-0.0013028376270085573,0.0003714388294611126,-2.3495078086853027,,
1790036617.737668,RAW_IMU,,,,,,,,,0,0,-1001,1,1,2,,,,,
1790036617.7565303,ATTITUDE,,,,,,,,,,,,,,,-0.0012790753971785307,0.00035137945087626576,-2.3495235443115234,,
1790036617.7576632,RAW_IMU,,,,,,,,,0,0,-1001,3,1,2,,,,,
1790036617.7589173,GLOBAL_POSITION_INT,-35.3604685,149.1684133,582.19,2.083,-0.02,0.0,0.49,225.39,,,,,,,,,,,
1790036617.7598765,GPS_RAW_INT,,,,,,,,,,,,,,,,,,6,10
1790036617.7771187,ATTITUDE,,,,,,,,,,,,,,,-0.001257352065294981,0.00033077248372137547,-2.349539279937744,,
1790036617.7780728,RAW_IMU,,,,,,,,,0,0,-1001,3,1,2,,,,,
1790036617.7969792,ATTITUDE,,,,,,,,,,,,,,,-0.0012378901010379195,0.0003094626299571246,-2.349555492401123,,
1790036617.7984278,RAW_IMU,,,,,,,,,0,0,-1001,3,1,2,,,,,
1790036617.8169866,ATTITUDE,,,,,,,,,,,,,,,-0.0012201913632452488,0.00028961579664610326,-2.349569320678711,,
1790036617.818249,RAW_IMU,,,,,,,,,0,0,-1001,3,1,2,,,,,
1790036617.836616,ATTITUDE,,,,,,,,,,,,,,,-0.0012004460440948606,0.0002712525601964444,-2.349581241607666,,
1790036617.8374043,RAW_IMU,,,,,,,,,0,0,-1001,3,1,2,,,,,
1790036617.855887,ATTITUDE,,,,,,,,,,,,,,,-0.0011778516927734017,0.0002547947224229574,-2.3495919704437256,,
1790036617.8577654,RAW_IMU,,,,,,,,,0,0,-1001,3,1,2,,,,,
1790036617.8590057,GLOBAL_POSITION_INT,-35.3604685,149.1684133,582.14,2.033,-0.02,0.0,0.49,225.38,,,,,,,,,,,
1790036617.859777,GPS_RAW_INT,,,,,,,,,,,,,,,,,,6,10
1790036617.9021723,ATTITUDE,,,,,,,,,,,,,,,-0.0011566567700356245,0.0002379834622843191,-2.349604606628418,,
1790036617.903182,RAW_IMU,,,,,,,,,0,0,-1001,3,1,2,,,,,
1790036617.903715,ATTITUDE,,,,,,,,,,,,,,,-0.0011460871901363134,0.00022202718537300825,-2.349618434906006,,
1790036617.9050221,RAW_IMU,,,,,,,,,0,0,-1001,3,1,2,,,,,
1790036617.91789,ATTITUDE,,,,,,,,,,,,,,,-0.0011365845566615462,0.00020678569853771478,-2.349628210067749,,
1790036617.9214478,RAW_IMU,,,,,,,,,0,0,-1001,2,1,2,,,,,
1790036617.9371424,ATTITUDE,,,,,,,,,,,,,,,-0.0011175972176715732,0.00019105673709418625,-2.3496389389038086,,
1790036617.9382102,RAW_IMU,,,,,,,,,0,0,-1001,3,1,2,,,,,
1790036617.9572756,ATTITUDE,,,,,,,,,,,,,,,-0.001142889610491693,0.00017616913828533143,-2.349651336669922,,
1790036617.958264,RAW_IMU,,,,,,,,,0,0,-1000,1,1,2,,,,,
1790036617.9589345,GLOBAL_POSITION_INT,-35.3604685,149.1684133,582.09,1.982,-0.02,0.0,0.49,225.38,,,,,,,,,,,
1790036617.9596543,GPS_RAW_INT,,,,,,,,,,,,,,,,,,6,10
1790036617.9781227,ATTITUDE,,,,,,,,,,,,,,,-0.0011085094884037971,0.00016058770415838808,-2.3496668338775635,,
1790036617.979468,RAW_IMU,,,,,,,,,0,0,-1000,3,1,2,,,,,
1790036617.9986367,ATTITUDE,,,,,,,,,,,,,,,-0.001131111173890531,0.00014570677012670785,-2.3496856689453125,,
1790036618.0002944,RAW_IMU,,,,,,,,,0,0,-1000,2,2,2,,,,,
1790036618.0187738,ATTITUDE,,,,,,,,,,,,,,,-0.0011207214556634426,0.0001317899877903983,-2.349703311920166,,
1790036618.0194273,RAW_IMU,,,,,,,,,0,0,-1000,2,2,1,,,,,
1790036618.0388725,ATTITUDE,,,,,,,,,,,,,,,-0.00111479707993567,0.00011954166984651238,-2.349721908569336,,
1790036618.0401769,RAW_IMU,,,,,,,,,0,0,-1000,3,2,1,,,,,
1790036618.0598552,ATTITUDE,,,,,,,,,,,,,,,-0.001131625846028328,0.00010884385847020894,-2.3497402667999268,,
1790036618.0606287,RAW_IMU,,,,,,,,,0,0,-1001,1,2,1,,,,,
1790036618.0620651,GLOBAL_POSITION_INT,-35.3604685,149.1684133,582.04,1.932,-0.02,0.0,0.49,225.37,,,,,,,,,,,
1790036618.064485,GPS_RAW_INT,,,,,,,,,,,,,,,,,,6,10
1790036618.073891,ATTITUDE,,,,,,,,,,,,,,,-0.0011478884844109416,9.878523997031152e-05,-2.349759578704834,,
1790036618.0749664,RAW_IMU,,,,,,,,,0,0,-1001,1,2,1,,,,,
1790036618.095319,ATTITUDE,,,,,,,,,,,,,,,-0.0011660287855193019,8.689711103215814e-05,-2.349778652191162,,
1790036618.097254,RAW_IMU,,,,,,,,,0,0,-1001,1,2,1,,,,,
1790036618.116533,ATTITUDE,,,,,,,,,,,,,,,-0.0011818011989817023,9.056836279341951e-05,-2.349794626235962,,
1790036618.1178052,RAW_IMU,,,,,,,,,0,0,-1001,1,2,1,,,,,
1790036618.1427484,ATTITUDE,,,,,,,,,,,,,,,-0.0011995681561529636,9.183863585349172e-05,-2.349809169769287,,
1790036618.143553,RAW_IMU,,,,,,,,,0,0,-1000,1,3,2,,,,,
1790036618.156422,ATTITUDE,,,,,,,,,,,,,,,-0.0012166097294539213,0.00011804814857896417,-2.3498218059539795,,
1790036618.1576927,RAW_IMU,,,,,,,,,0,0,-1000,1,3,2,,,,,
1790036618.1592093,GLOBAL_POSITION_INT,-35.3604685,149.1684133,581.99,1.882,-0.02,0.0,0.49,225.37,,,,,,,,,,,
1790036618.1601858,GPS_RAW_INT,,,,,,,,,,,,,,,,,,6,10
1790036618.1761477,ATTITUDE,,,,,,,,,,,,,,,-0.0012337719090282917,0.00014157762052491307,-2.3498318195343018,,
1790036618.177691,RAW_IMU,,,,,,,,,0,0,-1000,1,4,2,,,,,
1790036618.1956697,ATTITUDE,,,,,,,,,,,,,,,-0.0012499563163146377,0.00016395658894907683,-2.3498411178588867,,
1790036618.1968486,RAW_IMU,,,,,,,,,0,0,-1000,1,3,2,,,,,
1790036618.2169983,ATTITUDE,,,,,,,,,,,,,,,-0.0012679690262302756,0.00019967311527580023,-2.349846839904785,,
1790036618.2182581,RAW_IMU,,,,,,,,,0,0,-1000,1,5,2,,,,,
1790036618.2391891,ATTITUDE,,,,,,,,,,,,,,,-0.001282369950786233,0.00020362275245133787,-2.349848985671997,,
1790036618.240713,RAW_IMU,,,,,,,,,0,0,-1001,1,2,2,,,,,
1790036618.2547224,ATTITUDE,,,,,,,,,,,,,,,-0.0012936026323586702,0.00026216928381472826,-2.3498497009277344,,
1790036618.256993,RAW_IMU,,,,,,,,,0,0,-1001,1,5,2,,,,,
1790036618.2581208,GLOBAL_POSITION_INT,-35.3604685,149.1684133,581.94,1.832,-0.02,0.0,0.49,225.37,,,,,,,,,,,
1790036618.2591248,GPS_RAW_INT,,,,,,,,,,,,,,,,,,6,10
1790036618.2750707,ATTITUDE,,,,,,,,,,,,,,,-0.0013050048146396875,0.00031937879975885153,-2.3498518466949463,,
1790036618.276456,RAW_IMU,,,,,,,,,0,0,-1001,1,5,2,,,,,
1790036618.29476,ATTITUDE,,,,,,,,,,,,,,,-0.0013167442521080375,0.0003744041605386883,-2.3498551845550537,,
1790036618.2963471,RAW_IMU,,,,,,,,,0,0,-1001,1,5,2,,,,,
1790036618.314605,ATTITUDE,,,,,,,,,,,,,,,-0.001351155573502183,0.00042598217260092497,-2.3498575687408447,,
1790036618.3158464,RAW_IMU,,,,,,,,,0,0,-1001,0,5,2,,,,,
1790036618.334493,ATTITUDE,,,,,,,,,,,,,,,-0.0013992872554808855,0.00047459060442633927,-2.3498597145080566,,
1790036618.3356981,RAW_IMU,,,,,,,,,0,0,-1001,0,5,2,,,,,
1790036618.354468,ATTITUDE,,,,,,,,,,,,,,,-0.0014455002965405583,0.0005216803401708603,-2.3498611450195312,,
1790036618.3554165,RAW_IMU,,,,,,,,,0,0,-1001,0,5,2,,,,,
1790036618.357178,GLOBAL_POSITION_INT,-35.3604685,149.1684133,581.89,1.782,-0.02,0.0,0.49,225.37,,,,,,,,,,,
1790036618.3584461,GPS_RAW_INT,,,,,,,,,,,,,,,,,,6,10
1790036618.398635,ATTITUDE,,,,,,,,,,,,,,,-0.001491535920649767,0.0005651745013892651,-2.349865198135376,,
1790036618.3997352,RAW_IMU,,,,,,,,,0,0,-1001,0,4,2,,,,,
1790036618.4033656,ATTITUDE,,,,,,,,,,,,,,,-0.0015345386927947402,0.000588958733715117,-2.349869966506958,,
1790036618.4046416,RAW_IMU,,,,,,,,,0,0,-1001,0,4,2,,,,,
1790036618.4155817,ATTITUDE,,,,,,,,,,,,,,,-0.0015773206250742078,0.0006126458174549043,-2.3498716354370117,,
1790036618.4175296,RAW_IMU,,,,,,,,,0,0,-1001,0,3,2,,,,,
1790036618.4365602,ATTITUDE,,,,,,,,,,,,,,,-0.0016160877421498299,0.0006355580990202725,-2.3498728275299072,,
1790036618.4378932,RAW_IMU,,,,,,,,,0,0,-1001,0,3,2,,,,,
1790036618.4570525,ATTITUDE,,,,,,,,,,,,,,,-0.0016519459895789623,0.0006582142668776214,-2.34987473487854,,
1790036618.4585366,RAW_IMU,,,,,,,,,0,0,-1001,0,3,2,,,,,
1790036618.4600346,GLOBAL_POSITION_INT,-35.3604685,149.1684133,581.84,1.733,-0.02,0.0,0.49,225.37,,,,,,,,,,,
1790036618.4614446,GPS_RAW_INT,,,,,,,,,,,,,,,,,,6,10
1790036618.4778516,ATTITUDE,,,,,,,,,,,,,,,-0.0016919213812798262,0.0006465793121606112,-2.3498778343200684,,
1790036618.4797091,RAW_IMU,,,,,,,,,0,0,-1000,0,2,2,,,,,
1790036618.4986393,ATTITUDE,,,,,,,,,,,,,,,-0.0017254878766834736,0.0006325180875137448,-2.3498849868774414,,
1790036618.5004072,RAW_IMU,,,,,,,,,0,0,-1000,1,1,2,,,,,
1790036618.5191214,ATTITUDE,,,,,,,,,,,,,,,-0.0017744031501933932,0.0006194073939695954,-2.34989333152771,,
1790036618.5204628,RAW_IMU,,,,,,,,,0,0,-1000,0,2,2,,,,,
1790036618.539267,ATTITUDE,,,,,,,,,,,,,,,-0.0018061791779473424,0.0006052482058294117,-2.3499045372009277,,
1790036618.5404818,RAW_IMU,,,,,,,,,0,0,-1000,1,1,2,,,,,
1790036618.559664,ATTITUDE,,,,,,,,,,,,,,,-0.0018552541732788086,0.0005920967669226229,-2.3499176502227783,,
1790036618.5609343,RAW_IMU,,,,,,,,,0,0,-1000,0,2,2,,,,,
1790036618.563043,GLOBAL_POSITION_INT,-35.3604685,149.1684133,581.79,1.683,-0.02,0.0,0.49,225.36,,,,,,,,,,,
1790036618.563961,GPS_RAW_INT,,,,,,,,,,,,,,,,,,6,10
1790036618.5748274,ATTITUDE,,,,,,,,,,,,,,,-0.001875915564596653,0.0005792661686427891,-2.3499345779418945,,
1790036618.5761616,RAW_IMU,,,,,,,,,0,0,-1000,2,2,2,,,,,
1790036618.5975106,ATTITUDE,,,,,,,,,,,,,,,-0.0019425211939960718,0.0005656112916767597,-2.349954843521118,,
1790036618.598183,RAW_IMU,,,,,,,,,0,0,-1000,0,2,1,,,,,
1790036618.6152706,ATTITUDE,,,,,,,,,,,,,,,-0.0019384491024538875,0.0005521438433788717,-2.34997296333313,,
1790036618.6156776,RAW_IMU,,,,,,,,,0,0,-1001,2,2,1,,,,,
1790036618.6400063,ATTITUDE,,,,,,,,,,,,,,,-0.00199520424939692,0.0005411832244135439,-2.3499913215637207,,
1790036618.6418505,RAW_IMU,,,,,,,,,0,0,-1001,0,2,1,,,,,
1790036618.654432,ATTITUDE,,,,,,,,,,,,,,,-0.002032186836004257,0.0005318137700669467,-2.350010395050049,,
1790036618.655403,RAW_IMU,,,,,,,,,0,0,-1001,0,2,1,,,,,
1790036618.6562319,GLOBAL_POSITION_INT,-35.3604685,149.1684133,581.74,1.633,-0.02,0.0,0.49,225.36,,,,,,,,,,,
1790036618.6571252,GPS_RAW_INT,,,,,,,,,,,,,,,,,,6,10
1790036618.6757896,ATTITUDE,,,,,,,,,,,,,,,-0.002068915171548724,0.0005225136992521584,-2.350029230117798,,
1790036618.6775045,RAW_IMU,,,,,,,,,0,0,-1001,0,2,1,,,,,
1790036618.6955233,ATTITUDE,,,,,,,,,,,,,,,-0.0021048402413725853,0.0005117565160617232,-2.3500471115112305,,
1790036618.6970136,RAW_IMU,,,,,,,,,0,0,-1001,0,2,1,,,,,
1790036618.7154663,ATTITUDE,,,,,,,,,,,,,,,-0.0021410430781543255,0.0004990430315956473,-2.3500638008117676,,
1790036618.7168612,RAW_IMU,,,,,,,,,0,0,-1001,0,2,1,,,,,
1790036618.7353163,ATTITUDE,,,,,,,,,,,,,,,-0.0021745392587035894,0.0004755694535560906,-2.350078821182251,,
1790036618.735865,RAW_IMU,,,,,,,,,0,0,-1001,0,1,1,,,,,
1790036618.7554975,ATTITUDE,,,,,,,,,,,,,,,-0.0022076836321502924,0.0004621778498403728,-2.350092649459839,,
1790036618.7565668,RAW_IMU,,,,,,,,,0,0,-1000,0,2,2,,,,,
1790036618.7576754,GLOBAL_POSITION_INT,-35.3604685,149.1684133,581.69,1.583,-0.02,0.0,0.49,225.35,,,,,,,,,,,
1790036618.7592366,GPS_RAW_INT,,,,,,,,,,,,,,,,,,6,10
1790036618.7759478,ATTITUDE,,,,,,,,,,,,,,,-0.0022394435945898294,0.00044048629933968186,-2.3501055240631104,,
1790036618.7778988,RAW_IMU,,,,,,,,,0,0,-1000,1,1,2,,,,,
1790036618.796168,ATTITUDE,,,,,,,,,,,,,,,-0.0022719926200807095,0.0004452937573660165,-2.35011625289917,,
1790036618.797102,RAW_IMU,,,,,,,,,0,0,-1000,1,3,2,,,,,
1790036618.816952,ATTITUDE,,,,,,,,,,,,,,,-0.0023047372233122587,0.0004062523948960006,-2.3501203060150146,,
1790036618.818457,RAW_IMU,,,,,,,,,0,0,-1000,1,0,2,,,,,
1790036618.8375041,ATTITUDE,,,,,,,,,,,,,,,-0.0023325392976403236,0.00041765233618207276,-2.350123882293701,,
1790036618.838465,RAW_IMU,,,,,,,,,0,0,-1000,1,3,2,,,,,
1790036618.857943,ATTITUDE,,,,,,,,,,,,,,,-0.0023237925488501787,0.00034788731136359274,-2.3501250743865967,,
1790036618.8595216,RAW_IMU,,,,,,,,,0,0,-1000,2,0,2,,,,,
1790036618.8609407,GLOBAL_POSITION_INT,-35.3604685,149.1684133,581.64,1.533,-0.02,0.0,0.49,225.35,,,,,,,,,,,
1790036618.8621895,GPS_RAW_INT,,,,,,,,,,,,,,,,,,6,10
1790036618.9028416,ATTITUDE,,,,,,,,,,,,,,,-0.0023123666178435087,0.0003623788070399314,-2.350125312805176,,
1790036618.904001,RAW_IMU,,,,,,,,,0,0,-1000,3,2,2,,,,,
1790036618.9059997,ATTITUDE,,,,,,,,,,,,,,,-0.002301919274032116,0.0003317350638099015,-2.350125551223755,,
1790036618.9072533,RAW_IMU,,,,,,,,,0,0,-1001,3,1,2,,,,,
1790036618.9186342,ATTITUDE,,,,,,,,,,,,,,,-0.0022908810060471296,0.00029310648096725345,-2.350123167037964,,
1790036618.920577,RAW_IMU,,,,,,,,,0,0,-1001,3,0,2,,,,,
1790036618.9387863,ATTITUDE,,,,,,,,,,,,,,,-0.0022813715040683746,0.0002561256696935743,-2.3501195907592773,,
1790036618.9409707,RAW_IMU,,,,,,,,,0,0,-1001,3,0,2,,,,,
1790036618.958718,ATTITUDE,,,,,,,,,,,,,,,-0.002272567944601178,0.00021899442072026432,-2.350118637084961,,
1790036618.9601266,RAW_IMU,,,,,,,,,0,0,-1001,3,0,2,,,,,
1790036618.960788,GLOBAL_POSITION_INT,-35.3604685,149.1684133,581.59,1.483,-0.02,0.0,0.49,225.35,,,,,,,,,,,
1790036618.9614835,GPS_RAW_INT,,,,,,,,,,,,,,,,,,6,10
1790036618.9738421,ATTITUDE,,,,,,,,,,,,,,,-0.0022133365273475647,0.00018260076467413455,-2.3501203060150146,,
1790036618.9751208,RAW_IMU,,,,,,,,,0,0,-1000,5,0,2,,,,,
1790036618.994514,ATTITUDE,,,,,,,,,,,,,,,-0.002225688425824046,0.00014668345102109015,-2.350125312805176,,
1790036618.9953973,RAW_IMU,,,,,,,,,0,0,-1000,2,0,2,,,,,
1790036619.0144043,ATTITUDE,,,,,,,,,,,,,,,-0.0021540906745940447,0.00011300296318950132,-2.3501322269439697,,
1790036619.0156887,RAW_IMU,,,,,,,,,0,0,-1000,5,1,2,,,,,
1790036619.0343714,ATTITUDE,,,,,,,,,,,,,,,-0.002147496212273836,8.074533980106935e-05,-2.3501405715942383,,
1790036619.0353148,RAW_IMU,,,,,,,,,0,0,-1000,3,1,2,,,,,
1790036619.0546267,ATTITUDE,,,,,,,,,,,,,,,-0.0020678790751844645,5.0853206630563363e-05,-2.350149631500244,,
1790036619.0558913,RAW_IMU,,,,,,,,,0,0,-1000,5,1,2,,,,,
1790036619.056902,GLOBAL_POSITION_INT,-35.3604685,149.1684133,581.54,1.433,-0.02,0.0,0.49,225.35,,,,,,,,,,,
1790036619.057736,GPS_RAW_INT,,,,,,,,,,,,,,,,,,6,10
1790036619.0758462,ATTITUDE,,,,,,,,,,,,,,,-0.002029489492997527,2.2644086129730567e-05,-2.350161552429199,,
1790036619.0773964,RAW_IMU,,,,,,,,,0,0,-1001,4,1,2,,,,,
1790036619.096327,ATTITUDE,,,,,,,,,,,,,,,-0.0020113440696150064,-5.102400336909341e-06,-2.3501737117767334,,
1790036619.0982425,RAW_IMU,,,,,,,,,0,0,-1001,3,1,2,,,,,
1790036619.1160462,ATTITUDE,,,,,,,,,,,,,,,-0.001994183985516429,-3.123462010989897e-05,-2.350184202194214,,
1790036619.1171749,RAW_IMU,,,,,,,,,0,0,-1001,3,1,2,,,,,
1790036619.1452081,ATTITUDE,,,,,,,,,,,,,,,-0.0019782138988375664,-5.675524880643934e-05,-2.350194215774536,,
1790036619.1459782,RAW_IMU,,,,,,,,,0,0,-1001,3,1,2,,,,,
1790036619.156905,ATTITUDE,,,,,,,,,,,,,,,-0.0019638314843177795,-8.247364894486964e-05,-2.350205183029175,,
1790036619.1579611,RAW_IMU,,,,,,,,,0,0,-1001,3,1,2,,,,,
1790036619.1587403,GLOBAL_POSITION_INT,-35.3604685,149.1684133,581.49,1.383,-0.02,0.0,0.49,225.35,,,,,,,,,,,
1790036619.1593935,GPS_RAW_INT,,,,,,,,,,,,,,,,,,6,10
1790036619.1769555,ATTITUDE,,,,,,,,,,,,,,,-0.0019513457082211971,-0.00010692630166886374,-2.350217342376709,,
1790036619.1784647,RAW_IMU,,,,,,,,,0,0,-1001,3,1,2,,,,,
1790036619.1959505,ATTITUDE,,,,,,,,,,,,,,,-0.0019404904451221228,-0.00011624756007222459,-2.3502302169799805,,
1790036619.1969993,RAW_IMU,,,,,,,,,0,0,-1001,3,2,2,,,,,
1790036619.2162068,ATTITUDE,,,,,,,,,,,,,,,-0.0019300819840282202,-0.0001226829190272838,-2.350243330001831,,
1790036619.217359,RAW_IMU,,,,,,,,,0,0,-1001,3,2,2,,,,,
1790036619.2365918,ATTITUDE,,,,,,,,,,,,,,,-0.0019168187864124775,-0.00012743035040330142,-2.350253105163574,,
1790036619.2379673,RAW_IMU,,,,,,,,,0,0,-1001,3,2,2,,,,,
1790036619.2578788,ATTITUDE,,,,,,,,,,,,,,,-0.001870660693384707,-7.553330942755565e-05,-2.350261688232422,,
1790036619.2596896,RAW_IMU,,,,,,,,,0,0,-1000,4,4,2,,,,,
1790036619.2609262,GLOBAL_POSITION_INT,-35.3604685,149.1684133,581.44,1.333,-0.02,0.0,0.49,225.34,,,,,,,,,,,
1790036619.2618315,GPS_RAW_INT,,,,,,,,,,,,,,,,,,6,10
1790036619.2787085,ATTITUDE,,,,,,,,,,,,,,,-0.0018344213021919131,-8.14209706732072e-05,-2.350270986557007,,
1790036619.2807348,RAW_IMU,,,,,,,,,0,0,-1000,4,2,2,,,,,
1790036619.2988787,ATTITUDE,,,,,,,,,,,,,,,-0.0018155346624553204,-4.2181334720226005e-05,-2.3502795696258545,,
1790036619.2999697,RAW_IMU,,,,,,,,,0,0,-1000,3,4,2,,,,,
1790036619.3185453,ATTITUDE,,,,,,,,,,,,,,,-0.0017882391111925244,-3.2761738566478016e-06,-2.3502862453460693,,
1790036619.3195205,RAW_IMU,,,,,,,,,0,0,-1001,3,5,2,,,,,
1790036619.3381925,ATTITUDE,,,,,,,,,,,,,,,-0.0017625420587137341,-3.953379746235441e-06,-2.3502888679504395,,
1790036619.3393872,RAW_IMU,,,,,,,,,0,0,-1001,3,2,2,,,,,
1790036619.3584888,ATTITUDE,,,,,,,,,,,,,,,-0.0017385412938892841,5.609768322756281e-06,-2.350292682647705,,
1790036619.3596838,RAW_IMU,,,,,,,,,0,0,-1001,3,3,2,,,,,
1790036619.3605058,GLOBAL_POSITION_INT,-35.3604685,149.1684133,581.39,1.283,-0.02,0.0,0.49,225.34,,,,,,,,,,,
1790036619.3628478,GPS_RAW_INT,,,,,,,,,,,,,,,,,,6,10
1790036619.3998587,ATTITUDE,,,,,,,,,,,,,,,-0.001715778955258429,1.4292825653683394e-05,-2.350297212600708,,
1790036619.400791,RAW_IMU,,,,,,,,,0,0,-1001,3,3,2,,,,,
1790036619.4020371,ATTITUDE,,,,,,,,,,,,,,,-0.0016944926464930177,2.0992665668018162e-05,-2.350304365158081,,
1790036619.4030688,RAW_IMU,,,,,,,,,0,0,-1001,3,3,2,,,,,
1790036619.414014,ATTITUDE,,,,,,,,,,,,,,,-0.0016751557122915983,2.8037869924446568e-05,-2.350310802459717,,
1790036619.4151695,RAW_IMU,,,,,,,,,0,0,-1001,3,3,2,,,,,
1790036619.4337168,ATTITUDE,,,,,,,,,,,,,,,-0.0016528101405128837,3.777338861254975e-05,-2.3503124713897705,,
1790036619.4349186,RAW_IMU,,,,,,,,,0,0,-1001,3,3,2,,,,,
1790036619.453636,ATTITUDE,,,,,,,,,,,,,,,-0.0016287160106003284,4.6246914280345663e-05,-2.3503153324127197,,
1790036619.4544225,RAW_IMU,,,,,,,,,0,0,-1001,3,3,2,,,,,
1790036619.4554958,GLOBAL_POSITION_INT,-35.3604685,149.1684133,581.34,1.233,-0.02,0.0,0.49,225.34,,,,,,,,,,,
1790036619.456206,GPS_RAW_INT,,,,,,,,,,,,,,,,,,6,10
1790036619.4749146,ATTITUDE,,,,,,,,,,,,,,,-0.0016069280682131648,5.4864543926669285e-05,-2.3503189086914062,,
1790036619.476992,RAW_IMU,,,,,,,,,0,0,-1001,3,3,2,,,,,
1790036619.4937372,ATTITUDE,,,,,,,,,,,,,,,-0.0015865330351516604,6.241633673198521e-05,-2.3503246307373047,,
1790036619.4947524,RAW_IMU,,,,,,,,,0,0,-1001,3,3,2,,,,,
1790036619.5137572,ATTITUDE,,,,,,,,,,,,,,,-0.0015673207817599177,6.988194945733994e-05,-2.350327968597412,,
1790036619.515141,RAW_IMU,,,,,,,,,0,0,-1001,3,3,2,,,,,
1790036619.5336304,ATTITUDE,,,,,,,,,,,,,,,-0.001548917731270194,7.7250981121324e-05,-2.350330114364624,,
1790036619.5347962,RAW_IMU,,,,,,,,,0,0,-1001,3,3,2,,,,,
1790036619.553771,ATTITUDE,,,,,,,,,,,,,,,-0.0015328391455113888,8.257512672571465e-05,-2.3503332138061523,,
1790036619.5548973,RAW_IMU,,,,,,,,,0,0,-1001,3,2,2,,,,,
1790036619.555656,GLOBAL_POSITION_INT,-35.3604685,149.1684133,581.29,1.183,-0.02,0.0,0.49,225.34,,,,,,,,,,,
1790036619.5566528,GPS_RAW_INT,,,,,,,,,,,,,,,,,,6,10
1790036619.5739424,ATTITUDE,,,,,,,,,,,,,,,-0.001506369560956955,0.00011840114166261628,-2.3503377437591553,,
1790036619.575587,RAW_IMU,,,,,,,,,0,0,-1000,4,4,2,,,,,
1790036619.593736,ATTITUDE,,,,,,,,,,,,,,,-0.0015155681176111102,0.00012126706860726699,-2.3503448963165283,,
1790036619.5948591,RAW_IMU,,,,,,,,,0,0,-1000,2,3,2,,,,,
1790036619.6136222,ATTITUDE,,,,,,,,,,,,,,,-0.0014636758714914322,0.00015723833348602057,-2.3503518104553223,,
1790036619.614912,RAW_IMU,,,,,,,,,0,0,-1000,5,4,2,,,,,
1790036619.6506374,ATTITUDE,,,,,,,,,,,,,,,-0.0014673937112092972,0.00019763839372899383,-2.350358724594116,,
1790036619.6514854,RAW_IMU,,,,,,,,,0,0,-1000,2,4,2,,,,,
1790036619.6594567,ATTITUDE,,,,,,,,,,,,,,,-0.0014058761298656464,0.00023719265300314873,-2.3503670692443848,,
1790036619.6606207,RAW_IMU,,,,,,,,,0,0,-1001,5,4,2,,,,,
1790036619.6621568,GLOBAL_POSITION_INT,-35.3604685,149.1684133,581.24,1.133,-0.02,0.0,0.49,225.34,,,,,,,,,,,
1790036619.6629877,GPS_RAW_INT,,,,,,,,,,,,,,,,,,6,10
1790036619.6797688,ATTITUDE,,,,,,,,,,,,,,,-0.0014078936073929071,0.00027513274108059704,-2.3503780364990234,,
1790036619.6814158,RAW_IMU,,,,,,,,,0,0,-1001,2,4,2,,,,,
1790036619.6995053,ATTITUDE,,,,,,,,,,,,,,,-0.0013637280790135264,0.0003108401724603027,-2.350390672683716,,
1790036619.7004082,RAW_IMU,,,,,,,,,0,0,-1001,4,4,2,,,,,
1790036619.719406,ATTITUDE,,,,,,,,,,,,,,,-0.0013145329430699348,0.00034396277624182403,-2.350403070449829,,
1790036619.720933,RAW_IMU,,,,,,,,,0,0,-1001,5,4,2,,,,,
1790036619.7387025,ATTITUDE,,,,,,,,,,,,,,,-0.001268255989998579,0.00037727001472376287,-2.350411891937256,,
1790036619.7401366,RAW_IMU,,,,,,,,,0,0,-1001,4,4,2,,,,,
1790036619.7590396,ATTITUDE,,,,,,,,,,,,,,,-0.0012472158996388316,0.00040754128713160753,-2.3504230976104736,,
1790036619.7606556,RAW_IMU,,,,,,,,,0,0,-1001,3,4,2,,,,,
1790036619.761212,GLOBAL_POSITION_INT,-35.3604685,149.1684133,581.19,1.082,-0.02,0.0,0.49,225.34,,,,,,,,,,,
1790036619.7619882,GPS_RAW_INT,,,,,,,,,,,,,,,,,,6,10
1790036619.780313,ATTITUDE,,,,,,,,,,,,,,,-0.0012329722521826625,0.0004360258753877133,-2.3504343032836914,,
1790036619.7815883,RAW_IMU,,,,,,,,,0,0,-1001,3,4,2,,,,,
1790036619.799607,ATTITUDE,,,,,,,,,,,,,,,-0.0012113552074879408,0.00046250835293903947,-2.3504483699798584,,
1790036619.8014884,RAW_IMU,,,,,,,,,0,0,-1001,3,4,2,,,,,
1790036619.819599,ATTITUDE,,,,,,,,,,,,,,,-0.0012361761182546616,0.0004875019658356905,-2.350461483001709,,
1790036619.8210754,RAW_IMU,,,,,,,,,0,0,-1000,1,3,2,,,,,
1790036619.8394043,ATTITUDE,,,,,,,,,,,,,,,-0.0012080513406544924,0.0005150109063833952,-2.3504767417907715,,
1790036619.8404996,RAW_IMU,,,,,,,,,0,0,-1000,3,4,1,,,,,
1790036619.8597624,ATTITUDE,,,,,,,,,,,,,,,-0.0012200407218188047,0.0005422060494311154,-2.3504905700683594,,
1790036619.861117,RAW_IMU,,,,,,,,,0,0,-1001,2,3,2,,,,,
1790036619.8619273,GLOBAL_POSITION_INT,-35.3604685,149.1684133,581.14,1.032,-0.02,0.0,0.49,225.33,,,,,,,,,,,
1790036619.8628418,GPS_RAW_INT,,,,,,,,,,,,,,,,,,6,10
1790036619.8964686,ATTITUDE,,,,,,,,,,,,,,,-0.0012309866724535823,0.000566768751014024,-2.3505051136016846,,
1790036619.8980052,RAW_IMU,,,,,,,,,0,0,-1001,1,3,2,,,,,
1790036619.8989806,ATTITUDE,,,,,,,,,,,,,,,-0.001243210630491376,0.0005895526264794171,-2.350519895553589,,
1790036619.9000041,RAW_IMU,,,,,,,,,0,0,-1001,1,3,2,,,,,
1790036619.9161358,ATTITUDE,,,,,,,,,,,,,,,-0.0012548072263598442,0.0006124366773292422,-2.3505334854125977,,
1790036619.9170194,RAW_IMU,,,,,,,,,0,0,-1001,1,3,2,,,,,
1790036619.935822,ATTITUDE,,,,,,,,,,,,,,,-0.0012677110498771071,0.0006194671732373536,-2.3505454063415527,,
1790036619.9368973,RAW_IMU,,,,,,,,,0,0,-1001,1,3,2,,,,,
1790036619.9558697,ATTITUDE,,,,,,,,,,,,,,,-0.0013069882988929749,0.0006126760854385793,-2.350558042526245,,
1790036619.9571085,RAW_IMU,,,,,,,,,0,0,-1000,0,1,2,,,,,
1790036619.958213,GLOBAL_POSITION_INT,-35.3604685,149.1684133,581.09,0.982,-0.02,0.0,0.49,225.33,,,,,,,,,,,
1790036619.9596858,GPS_RAW_INT,,,,,,,,,,,,,,,,,,6,10
1790036619.976181,ATTITUDE,,,,,,,,,,,,,,,-0.0013180157402530313,0.0006279470399022102,-2.3505709171295166,,
1790036619.9775314,RAW_IMU,,,,,,,,,0,0,-1000,2,3,2,,,,,
1790036619.996001,ATTITUDE,,,,,,,,,,,,,,,-0.0013565727276727557,0.0005856406060047448,-2.3505828380584717,,
1790036619.9972444,RAW_IMU,,,,,,,,,0,0,-1000,0,0,2,,,,,
1790036620.0159566,ATTITUDE,,,,,,,,,,,,,,,-0.0013411453692242503,0.0006137979798950255,-2.350593090057373,,
1790036620.0169508,RAW_IMU,,,,,,,,,0,0,-1000,3,4,2,,,,,
1790036620.0359883,ATTITUDE,,,,,,,,,,,,,,,-0.001368822529911995,0.0005803338717669249,-2.350599527359009,,
1790036620.037661,RAW_IMU,,,,,,,,,0,0,-1001,1,1,2,,,,,
1790036620.0560498,ATTITUDE,,,,,,,,,,,,,,,-0.0013915578601881862,0.0005496410303749144,-2.3506062030792236,,
1790036620.0573015,RAW_IMU,,,,,,,,,0,0,-1001,1,0,2,,,,,
1790036620.0587502,GLOBAL_POSITION_INT,-35.3604685,149.1684133,581.04,0.932,-0.02,0.0,0.49,225.33,,,,,,,,,,,
1790036620.059374,GPS_RAW_INT,,,,,,,,,,,,,,,,,,6,10
1790036620.077096,ATTITUDE,,,,,,,,,,,,,,,-0.0014141577994450927,0.0005178386927582324,-2.350613594055176,,
1790036620.0794275,RAW_IMU,,,,,,,,,0,0,-1001,1,0,2,,,,,
1790036620.09653,ATTITUDE,,,,,,,,,,,,,,,-0.0014366826508194208,0.00048780281213112175,-2.3506221771240234,,
1790036620.0975907,RAW_IMU,,,,,,,,,0,0,-1001,1,1,2,,,,,
1790036620.1168387,ATTITUDE,,,,,,,,,,,,,,,-0.0014599263668060303,0.0004596034123096615,-2.350630283355713,,
1790036620.1179135,RAW_IMU,,,,,,,,,0,0,-1001,1,1,2,,,,,
1790036620.141536,ATTITUDE,,,,,,,,,,,,,,,-0.0014819075586274266,0.00043240460217930377,-2.350635290145874,,
1790036620.1426802,RAW_IMU,,,,,,,,,0,0,-1001,1,1,2,,,,,
1790036620.156697,ATTITUDE,,,,,,,,,,,,,,,-0.0015037464909255505,0.0004055121389683336,-2.350641965866089,,
1790036620.158186,RAW_IMU,,,,,,,,,0,0,-1001,1,1,2,,,,,
1790036620.1593742,GLOBAL_POSITION_INT,-35.3604685,149.1684133,580.99,0.882,-0.02,0.0,0.49,225.32,,,,,,,,,,,
1790036620.1604002,GPS_RAW_INT,,,,,,,,,,,,,,,,,,6,10
1790036620.177946,ATTITUDE,,,,,,,,,,,,,,,-0.001525021274574101,0.00037913251435384154,-2.3506484031677246,,
1790036620.179874,RAW_IMU,,,,,,,,,0,0,-1001,1,1,2,,,,,
1790036620.1966126,ATTITUDE,,,,,,,,,,,,,,,-0.0015468590427190065,0.0003541152400430292,-2.350658416748047,,
1790036620.1979594,RAW_IMU,,,,,,,,,0,0,-1001,1,1,2,,,,,
1790036620.2165916,ATTITUDE,,,,,,,,,,,,,,,-0.0015682134544476867,0.0003290856839157641,-2.3506674766540527,,
1790036620.2176387,RAW_IMU,,,,,,,,,0,0,-1001,1,1,2,,,,,
1790036620.2358792,ATTITUDE,,,,,,,,,,,,,,,-0.0015860848361626267,0.00030797021463513374,-2.3506720066070557,,
1790036620.2369165,RAW_IMU,,,,,,,,,0,0,-1001,1,1,2,,,,,
1790036620.2562218,ATTITUDE,,,,,,,,,,,,,,,-0.0015997409354895353,0.0002862259279936552,-2.350677490234375,,
1790036620.2574353,RAW_IMU,,,,,,,,,0,0,-1001,1,1,2,,,,,
1790036620.2584028,GLOBAL_POSITION_INT,-35.3604685,149.1684133,580.94,0.832,-0.02,0.0,0.49,225.32,,,,,,,,,,,
1790036620.2604754,GPS_RAW_INT,,,,,,,,,,,,,,,,,,6,10
1790036620.2762048,ATTITUDE,,,,,,,,,,,,,,,-0.0015623944345861673,0.00026568330940790474,-2.350684642791748,,
1790036620.2778375,RAW_IMU,,,,,,,,,0,0,-1000,4,1,2,,,,,
1790036620.2955773,ATTITUDE,,,,,,,,,,,,,,,-0.0015766317956149578,0.000246813811827451,-2.3506951332092285,,
1790036620.2971356,RAW_IMU,,,,,,,,,0,0,-1000,2,1,2,,,,,
1790036620.314392,ATTITUDE,,,,,,,,,,,,,,,-0.0015213373117148876,0.0002270820550620556,-2.350708246231079,,
1790036620.316216,RAW_IMU,,,,,,,,,0,0,-1000,4,1,2,,,,,
1790036620.3342805,ATTITUDE,,,,,,,,,,,,,,,-0.0015436505200341344,0.00020890064479317516,-2.3507213592529297,,
1790036620.335023,RAW_IMU,,,,,,,,,0,0,-1000,1,1,2,,,,,
1790036620.3547366,ATTITUDE,,,,,,,,,,,,,,,-0.0015002858126536012,0.00019036867888644338,-2.350735902786255,,
1790036620.356169,RAW_IMU,,,,,,,,,0,0,-1001,4,1,2,,,,,
1790036620.357188,GLOBAL_POSITION_INT,-35.3604685,149.1684133,580.89,0.782,-0.02,0.0,0.49,225.32,,,,,,,,,,,
1790036620.357571,GPS_RAW_INT,,,,,,,,,,,,,,,,,,6,10
1790036620.39454,ATTITUDE,,,,,,,,,,,,,,,-0.0015115898568183184,0.000171973166288808,-2.3507537841796875,,
1790036620.3956766,RAW_IMU,,,,,,,,,0,0,-1001,2,1,1,,,,,
1790036620.3974414,ATTITUDE,,,,,,,,,,,,,,,-0.00150565174408257,0.00015449509373866022,-2.3507726192474365,,
1790036620.3993058,RAW_IMU,,,,,,,,,0,0,-1001,2,1,1,,,,,
1790036620.4159522,ATTITUDE,,,,,,,,,,,,,,,-0.0014921074034646153,0.00013730271894019097,-2.350792169570923,,
1790036620.4165661,RAW_IMU,,,,,,,,,0,0,-1001,3,1,1,,,,,
1790036620.435902,ATTITUDE,,,,,,,,,,,,,,,-0.001476102857850492,0.00015257243649102747,-2.3508059978485107,,
1790036620.4365864,RAW_IMU,,,,,,,,,0,0,-1001,3,3,1,,,,,
1790036620.4559834,ATTITUDE,,,,,,,,,,,,,,,-0.001456830883398652,0.00014729451504535973,-2.350818157196045,,
1790036620.4584208,RAW_IMU,,,,,,,,,0,0,-1001,3,2,2,,,,,
1790036620.4586446,GLOBAL_POSITION_INT,-35.3604685,149.1684133,580.84,0.732,-0.02,0.0,0.49,225.31,,,,,,,,,,,
1790036620.458905,GPS_RAW_INT,,,,,,,,,,,,,,,,,,6,10
1790036620.4762015,ATTITUDE,,,,,,,,,,,,,,,-0.001440269872546196,0.00018353330960962921,-2.3508291244506836,,
1790036620.4777756,RAW_IMU,,,,,,,,,0,0,-1000,3,3,2,,,,,
1790036620.4957697,ATTITUDE,,,,,,,,,,,,,,,-0.0014245560159906745,0.00018865469610318542,-2.3508379459381104,,
1790036620.496862,RAW_IMU,,,,,,,,,0,0,-1000,3,3,2,,,,,
1790036620.5161362,ATTITUDE,,,,,,,,,,,,,,,-0.0014103729045018554,0.00020868393767159432,-2.350844383239746,,
1790036620.517064,RAW_IMU,,,,,,,,,0,0,-1000,3,3,2,,,,,
1790036620.5360656,ATTITUDE,,,,,,,,,,,,,,,-0.0013972382294014096,0.0002425495331408456,-2.350846767425537,,
1790036620.537139,RAW_IMU,,,,,,,,,0,0,-1000,3,4,2,,,,,
1790036620.556202,ATTITUDE,,,,,,,,,,,,,,,-0.001385158277116716,0.0002411736495560035,-2.350849151611328,,
1790036620.5577204,RAW_IMU,,,,,,,,,0,0,-1001,3,2,2,,,,,
1790036620.5583725,GLOBAL_POSITION_INT,-35.3604685,149.1684133,580.79,0.682,-0.02,0.0,0.49,225.31,,,,,,,,,,,
1790036620.5589504,GPS_RAW_INT,,,,,,,,,,,,,,,,,,6,10
1790036620.5767152,ATTITUDE,,,,,,,,,,,,,,,-0.0013745828764513135,0.00027691404102370143,-2.350850820541382,,
1790036620.5790212,RAW_IMU,,,,,,,,,0,0,-1001,3,4,2,,,,,
1790036620.5976794,ATTITUDE,,,,,,,,,,,,,,,-0.0013640571851283312,0.00031107888207770884,-2.350853681564331,,
1790036620.5986729,RAW_IMU,,,,,,,,,0,0,-1001,3,4,2,,,,,
1790036620.618004,ATTITUDE,,,,,,,,,,,,,,,-0.0013563084648922086,0.0003433589299675077,-2.3508553504943848,,
1790036620.6192443,RAW_IMU,,,,,,,,,0,0,-1001,3,4,2,,,,,
1790036620.6363316,ATTITUDE,,,,,,,,,,,,,,,-0.00134434481151402,0.0003754495410248637,-2.35085391998291,,
1790036620.6369474,RAW_IMU,,,,,,,,,0,0,-1001,3,4,2,,,,,
1790036620.6540174,ATTITUDE,,,,,,,,,,,,,,,-0.0013406693469733,0.0004073158488608897,-2.3508541584014893,,
1790036620.6544392,RAW_IMU,,,,,,,,,0,0,-1001,2,4,2,,,,,
1790036620.6553283,GLOBAL_POSITION_INT,-35.3604685,149.1684133,580.74,0.632,-0.02,0.0,0.49,225.31,,,,,,,,,,,
1790036620.6557865,GPS_RAW_INT,,,,,,,,,,,,,,,,,,6,10
1790036620.677271,ATTITUDE,,,,,,,,,,,,,,,-0.0013474075822159648,0.00043753418140113354,-2.3508574962615967,,
1790036620.6782186,RAW_IMU,,,,,,,,,0,0,-1001,1,4,2,,,,,
1790036620.695019,ATTITUDE,,,,,,,,,,,,,,,-0.0013729269849136472,0.0004664065199904144,-2.3508622646331787,,
1790036620.6956012,RAW_IMU,,,,,,,,,0,0,-1000,1,4,2,,,,,
1790036620.7147098,ATTITUDE,,,,,,,,,,,,,,,-0.001381075824610889,0.0004940812941640615,-2.3508706092834473,,
1790036620.716416,RAW_IMU,,,,,,,,,0,0,-1000,1,4,2,,,,,
1790036620.7346332,ATTITUDE,,,,,,,,,,,,,,,-0.0014237216673791409,0.0005208057118579745,-2.3508799076080322,,
1790036620.7355828,RAW_IMU,,,,,,,,,0,0,-1000,1,3,2,,,,,
1790036620.7540922,ATTITUDE,,,,,,,,,,,,,,,-0.0014655879931524396,0.0005448652664199471,-2.3508918285369873,,
1790036620.7550814,RAW_IMU,,,,,,,,,0,0,-1000,0,3,2,,,,,
1790036620.7563741,GLOBAL_POSITION_INT,-35.3604685,149.1684133,580.69,0.582,-0.02,0.0,0.49,225.31,,,,,,,,,,,
1790036620.7573113,GPS_RAW_INT,,,,,,,,,,,,,,,,,,6,10
1790036620.7752776,ATTITUDE,,,,,,,,,,,,,,,-0.0014918564120307565,0.0005683640483766794,-2.3509066104888916,,
1790036620.7766676,RAW_IMU,,,,,,,,,0,0,-1000,1,3,2,,,,,
1790036620.7956357,ATTITUDE,,,,,,,,,,,,,,,-0.0015512920217588544,0.000590458803344518,-2.350923776626587,,
1790036620.7972555,RAW_IMU,,,,,,,,,0,0,-1001,0,3,2,,,,,
1790036620.815858,ATTITUDE,,,,,,,,,,,,,,,-0.0015550621319562197,0.0005964846932329237,-2.3509414196014404,,
1790036620.8172927,RAW_IMU,,,,,,,,,0,0,-1001,2,3,1,,,,,
1790036620.8358004,ATTITUDE,,,,,,,,,,,,,,,-0.001571140019223094,0.0005822341772727668,-2.350954055786133,,
1790036620.8367267,RAW_IMU,,,,,,,,,0,0,-1001,1,1,2,,,,,
1790036620.8560731,ATTITUDE,,,,,,,,,,,,,,,-0.001585276098921895,0.0005694013088941574,-2.3509674072265625,,
1790036620.8577058,RAW_IMU,,,,,,,,,0,0,-1001,1,1,2,,,,,
1790036620.8587554,GLOBAL_POSITION_INT,-35.3604685,149.1684133,580.64,0.532,-0.02,0.0,0.49,225.3,,,,,,,,,,,
1790036620.8594978,GPS_RAW_INT,,,,,,,,,,,,,,,,,,6,10
1790036620.897214,ATTITUDE,,,,,,,,,,,,,,,-0.0015984507044777274,0.0005316263996064663,-2.350980281829834,,
1790036620.898187,RAW_IMU,,,,,,,,,0,0,-1001,1,0,2,,,,,
1790036620.8993583,ATTITUDE,,,,,,,,,,,,,,,-0.0016132715390995145,0.0005021222750656307,-2.3509933948516846,,
1790036620.902969,RAW_IMU,,,,,,,,,0,0,-1001,1,0,2,,,,,
1790036620.9166622,ATTITUDE,,,,,,,,,,,,,,,-0.0016276565147563815,0.0004411539121065289,-2.351003408432007,,
1790036620.9177237,RAW_IMU,,,,,,,,,0,0,-1000,1,0,2,,,,,
1790036620.9366572,ATTITUDE,,,,,,,,,,,,,,,-0.0016415438149124384,0.0004104770196136087,-2.3510093688964844,,
1790036620.9378998,RAW_IMU,,,,,,,,,0,0,-1000,1,0,2,,,,,
1790036620.9565747,ATTITUDE,,,,,,,,,,,,,,,-0.0016550285508856177,0.0003521110338624567,-2.351012945175171,,
1790036620.9581187,RAW_IMU,,,,,,,,,0,0,-1000,1,0,2,,,,,
1790036620.9592311,GLOBAL_POSITION_INT,-35.3604685,149.1684133,580.59,0.482,-0.02,0.0,0.49,225.3,,,,,,,,,,,
1790036620.9601705,GPS_RAW_INT,,,,,,,,,,,,,,,,,,6,10
1790036620.9772325,ATTITUDE,,,,,,,,,,,,,,,-0.001668571843765676,0.0003098068991675973,-2.3510138988494873,,
1790036620.9793577,RAW_IMU,,,,,,,,,0,0,-1000,1,0,2,,,,,
1790036620.996435,ATTITUDE,,,,,,,,,,,,,,,-0.0016852400731295347,0.0002947995672002435,-2.351015329360962,,
1790036620.9981544,RAW_IMU,,,,,,,,,0,0,-1000,1,2,2,,,,,
1790036621.0165186,ATTITUDE,,,,,,,,,,,,,,,-0.0017001673113554716,0.00021747536084149033,-2.351013422012329,,
1790036621.018085,RAW_IMU,,,,,,,,,0,0,-1001,1,-1,2,,,,,
1790036621.0363426,ATTITUDE,,,,,,,,,,,,,,,-0.001711126882582903,0.00021642836509272456,-2.351008176803589,,
1790036621.037185,RAW_IMU,,,,,,,,,0,0,-1001,2,2,2,,,,,
1790036621.0568879,ATTITUDE,,,,,,,,,,,,,,,-0.0017196115804836154,0.0002183481410611421,-2.3510024547576904,,
1790036621.0585763,RAW_IMU,,,,,,,,,0,0,-1001,2,2,2,,,,,
1790036621.0594409,GLOBAL_POSITION_INT,-35.3604685,149.1684133,580.54,0.432,-0.02,0.0,0.49,225.3,,,,,,,,,,,
1790036621.0604155,GPS_RAW_INT,,,,,,,,,,,,,,,,,,6,10
1790036621.0781927,ATTITUDE,,,,,,,,,,,,,,,-0.0017289721872657537,0.00021978183940518647,-2.350999116897583,,
1790036621.080203,RAW_IMU,,,,,,,,,0,0,-1001,2,2,2,,,,,
1790036621.096483,ATTITUDE,,,,,,,,,,,,,,,-0.0017380511853843927,0.00022032164270058274,-2.350996494293213,,
1790036621.0983284,RAW_IMU,,,,,,,,,0,0,-1001,2,2,2,,,,,
1790036621.1163726,ATTITUDE,,,,,,,,,,,,,,,-0.0017423122189939022,0.00021985358034726232,-2.3509933948516846,,
1790036621.1173265,RAW_IMU,,,,,,,,,0,0,-1001,2,2,2,,,,,
1790036621.1488705,ATTITUDE,,,,,,,,,,,,,,,-0.0017666114727035165,0.00022050211555324495,-2.350991725921631,,
1790036621.1503656,RAW_IMU,,,,,,,,,0,0,-1000,1,2,2,,,,,
1790036621.1564355,ATTITUDE,,,,,,,,,,,,,,,-0.001744490466080606,0.00021986033243592829,-2.350994825363159,,
1790036621.157672,RAW_IMU,,,,,,,,,0,0,-1000,3,2,2,,,,,
1790036621.1590812,GLOBAL_POSITION_INT,-35.3604685,149.1684133,580.49,0.382,-0.02,0.0,0.49,225.3,,,,,,,,,,,
1790036621.1600628,GPS_RAW_INT,,,,,,,,,,,,,,,,,,6,10
1790036621.1771953,ATTITUDE,,,,,,,,,,,,,,,-0.001770592643879354,0.00021865680173505098,-2.3510031700134277,,
1790036621.1793668,RAW_IMU,,,,,,,,,0,0,-1000,2,2,2,,,,,
1790036621.1964893,ATTITUDE,,,,,,,,,,,,,,,-0.0017643371829763055,0.0002176039561163634,-2.3510146141052246,,
1790036621.1976213,RAW_IMU,,,,,,,,,0,0,-1000,2,2,2,,,,,
1790036621.2165647,ATTITUDE,,,,,,,,,,,,,,,-0.0017587945330888033,0.0002161356678698212,-2.351027011871338,,
1790036621.2181742,RAW_IMU,,,,,,,,,0,0,-1000,3,2,2,,,,,
1790036621.236666,ATTITUDE,,,,,,,,,,,,,,,-0.0017529112519696355,0.00021295751503203064,-2.351039171218872,,
1790036621.2383232,RAW_IMU,,,,,,,,,0,0,-1000,2,2,2,,,,,
1790036621.2569437,ATTITUDE,,,,,,,,,,,,,,,-0.0017224036855623126,0.00021385382569860667,-2.35105299949646,,
1790036621.2587705,RAW_IMU,,,,,,,,,0,0,-1000,4,2,2,,,,,
1790036621.2606242,GLOBAL_POSITION_INT,-35.3604685,149.1684133,580.44,0.332,-0.02,0.0,0.49,225.3,,,,,,,,,,,
1790036621.262023,GPS_RAW_INT,,,,,,,,,,,,,,,,,,6,10
1790036621.2773006,ATTITUDE,,,,,,,,,,,,,,,-0.0017234226688742638,0.00021426452440209687,-2.3510687351226807,,
1790036621.279278,RAW_IMU,,,,,,,,,0,0,-1001,2,2,1,,,,,
1790036621.2965324,ATTITUDE,,,,,,,,,,,,,,,-0.001714447163976729,0.0002148113853763789,-2.3510851860046387,,
1790036621.2979882,RAW_IMU,,,,,,,,,0,0,-1001,2,2,1,,,,,
1790036621.3163483,ATTITUDE,,,,,,,,,,,,,,,-0.001706230454146862,0.00021457209368236363,-2.3511011600494385,,
1790036621.3178358,RAW_IMU,,,,,,,,,0,0,-1001,2,2,1,,,,,
1790036621.3364127,ATTITUDE,,,,,,,,,,,,,,,-0.0016997687052935362,0.00020414018945302814,-2.351113796234131,,
1790036621.3377929,RAW_IMU,,,,,,,,,0,0,-1001,2,2,2,,,,,
1790036621.3564198,ATTITUDE,,,,,,,,,,,,,,,-0.0016937656328082085,0.00016784825129434466,-2.351126194000244,,
1790036621.3576033,RAW_IMU,,,,,,,,,0,0,-1001,2,0,2,,,,,
1790036621.3592775,GLOBAL_POSITION_INT,-35.3604685,149.1684133,580.39,0.282,-0.02,0.0,0.49,225.3,,,,,,,,,,,
1790036621.3605409,GPS_RAW_INT,,,,,,,,,,,,,,,,,,6,10
1790036621.3980727,ATTITUDE,,,,,,,,,,,,,,,-0.0016884219367057085,0.00018558918964117765,-2.351137399673462,,
1790036621.3991294,RAW_IMU,,,,,,,,,0,0,-1001,2,3,2,,,,,
1790036621.4005942,ATTITUDE,,,,,,,,,,,,,,,-0.0016839690506458282,0.00012049766519339755,-2.351147413253784,,
1790036621.4022517,RAW_IMU,,,,,,,,,0,0,-1001,2,0,2,,,,,
1790036621.4160972,ATTITUDE,,,,,,,,,,,,,,,-0.00168018345721066,0.00011713035928551108,-2.3511550426483154,,
1790036621.4177656,RAW_IMU,,,,,,,,,0,0,-1001,2,2,2,,,,,
1790036621.4364245,ATTITUDE,,,,,,,,,,,,,,,-0.001677870750427246,6.979006138863042e-05,-2.35115909576416,,
1790036621.437941,RAW_IMU,,,,,,,,,0,0,-1001,2,0,2,,,,,
1790036621.4568157,ATTITUDE,,,,,,,,,,,,,,,-0.0016682548448443413,2.168315950257238e-05,-2.351161479949951,,
1790036621.4583066,RAW_IMU,,,,,,,,,0,0,-1001,2,0,2,,,,,
1790036621.4590752,GLOBAL_POSITION_INT,-35.3604685,149.1684133,580.34,0.232,-0.02,0.0,0.49,225.29,,,,,,,,,,,
1790036621.4597554,GPS_RAW_INT,,,,,,,,,,,,,,,,,,6,10
1790036621.4780297,ATTITUDE,,,,,,,,,,,,,,,-0.0016595786437392235,-2.3977099772309884e-05,-2.3511650562286377,,
1790036621.480482,RAW_IMU,,,,,,,,,0,0,-1001,2,0,2,,,,,
1790036621.4980416,ATTITUDE,,,,,,,,,,,,,,,-0.0016517071053385735,-6.823598232585937e-05,-2.351170778274536,,
1790036621.4988282,RAW_IMU,,,,,,,,,0,0,-1001,2,0,2,,,,,
1790036621.5170386,ATTITUDE,,,,,,,,,,,,,,,-0.001645232317969203,-0.00011214296682737768,-2.35117506980896,,
1790036621.5179334,RAW_IMU,,,,,,,,,0,0,-1001,2,0,2,,,,,
1790036621.5363832,ATTITUDE,,,,,,,,,,,,,,,-0.001638677204027772,-0.00015345605788752437,-2.3511765003204346,,
1790036621.537376,RAW_IMU,,,,,,,,,0,0,-1001,2,0,2,,,,,
1790036621.632098,GLOBAL_POSITION_INT,-35.3604685,149.1684133,580.25,0.147,-0.02,0.0,0.49,225.29,,,,,,,,,,,
1790036621.6408222,RAW_IMU,,,,,,,,,0,0,-1000,4,0,2,,,,,
1790036621.6453323,GPS_RAW_INT,,,,,,,,,,,,,,,,,,6,10
1790036622.0573027,ATTITUDE,,,,,,,,,,,,,,,-0.001771665527485311,-0.0005110757774673402,-2.3513851165771484,,
1790036622.0576763,GLOBAL_POSITION_INT,-35.3604685,149.1684133,580.13,0.023,-0.02,0.0,0.49,225.28,,,,,,,,,,,
1790036622.060714,GPS_RAW_INT,,,,,,,,,,,,,,,,,,6,10
1790036622.062259,RAW_IMU,,,,,,,,,0,0,-1000,1,3,2,,,,,
1790036622.0625253,RAW_IMU,,,,,,,,,0,0,-1000,1,3,2,,,,,
1790036622.0630915,RAW_IMU,,,,,,,,,0,0,-1000,1,2,2,,,,,
1790036622.063366,ATTITUDE,,,,,,,,,,,,,,,-0.0018297520000487566,-0.0004331252130214125,-2.3513879776000977,,
1790036622.0637486,RAW_IMU,,,,,,,,,0,0,-1000,1,4,2,,,,,
1790036622.0642858,ATTITUDE,,,,,,,,,,,,,,,-0.001847953419201076,-0.00044577906373888254,-2.3513858318328857,,
1790036622.0646706,RAW_IMU,,,,,,,,,0,0,-1001,1,1,2,,,,,
1790036622.0649667,ATTITUDE,,,,,,,,,,,,,,,-0.0018636551685631275,-0.0004202520940452814,-2.351383924484253,,
1790036622.0653572,RAW_IMU,,,,,,,,,0,0,-1001,1,3,2,,,,,
1790036622.0656404,ATTITUDE,,,,,,,,,,,,,,,-0.00188112270552665,-0.0003965830837842077,-2.351382255554199,,
1790036622.065955,RAW_IMU,,,,,,,,,0,0,-1001,1,3,2,,,,,
1790036622.066339,ATTITUDE,,,,,,,,,,,,,,,-0.001899673487059772,-0.00037265787250362337,-2.35137939453125,,
1790036622.0666337,RAW_IMU,,,,,,,,,0,0,-1001,1,3,2,,,,,
1790036622.0668511,ATTITUDE,,,,,,,,,,,,,,,-0.0019013071432709694,-0.00034899578895419836,-2.3513760566711426,,
1790036622.067147,RAW_IMU,,,,,,,,,0,0,-1001,2,3,2,,,,,
1790036622.0673811,GLOBAL_POSITION_INT,-35.3604685,149.1684133,580.04,-0.067,-0.02,0.0,0.49,225.28,,,,,,,,,,,
1790036622.0676987,GPS_RAW_INT,,,,,,,,,,,,,,,,,,6,10
1790036622.06811,ATTITUDE,,,,,,,,,,,,,,,-0.0019173702457919717,-0.00032504371483810246,-2.351374387741089,,
1790036622.068461,RAW_IMU,,,,,,,,,0,0,-1000,1,3,2,,,,,
1790036622.0802374,ATTITUDE,,,,,,,,,,,,,,,-0.0018691724399104714,-0.00030302288359962404,-2.3513777256011963,,
1790036622.081781,RAW_IMU,,,,,,,,,0,0,-1000,4,3,2,,,,,
1790036622.100971,ATTITUDE,,,,,,,,,,,,,,,-0.001890523824840784,-0.000281885004369542,-2.351383924484253,,
1790036622.102126,RAW_IMU,,,,,,,,,0,0,-1000,2,3,2,,,,,
1790036622.120729,ATTITUDE,,,,,,,,,,,,,,,-0.001859805197454989,-0.00026110908947885036,-2.3513906002044678,,
1790036622.1214242,RAW_IMU,,,,,,,,,0,0,-1001,3,3,2,,,,,
1790036622.1492393,ATTITUDE,,,,,,,,,,,,,,,-0.001865354715846479,-0.00024106325872708112,-2.3513991832733154,,
1790036622.1502182,RAW_IMU,,,,,,,,,0,0,-1001,2,3,2,,,,,
1790036622.160173,GLOBAL_POSITION_INT,-35.3604685,149.1684133,579.99,-0.117,-0.02,0.0,0.49,225.28,,,,,,,,,,,
1790036622.161493,GPS_RAW_INT,,,,,,,,,,,,,,,,,,6,10
1790036622.1635392,ATTITUDE,,,,,,,,,,,,,,,-0.0018465342000126839,-0.00022343164891935885,-2.3514111042022705,,
1790036622.1650207,RAW_IMU,,,,,,,,,0,0,-1001,2,3,2,,,,,
1790036622.1815493,ATTITUDE,,,,,,,,,,,,,,,-0.0018420142587274313,-0.00020573247456923127,-2.3514256477355957,,
1790036622.1828887,RAW_IMU,,,,,,,,,0,0,-1001,3,3,2,,,,,
1790036622.2014794,ATTITUDE,,,,,,,,,,,,,,,-0.0018371649784967303,-0.00018976138380821794,-2.351443290710449,,
1790036622.203063,RAW_IMU,,,,,,,,,0,0,-1000,2,3,1,,,,,
1790036622.2218685,ATTITUDE,,,,,,,,,,,,,,,-0.0018103258917108178,-0.00017519385437481105,-2.351458787918091,,
1790036622.223472,RAW_IMU,,,,,,,,,0,0,-1000,4,3,1,,,,,
1790036622.2423291,ATTITUDE,,,,,,,,,,,,,,,-0.001827994710765779,-0.00016026607772801071,-2.351472854614258,,
1790036622.244805,RAW_IMU,,,,,,,,,0,0,-1001,1,3,1,,,,,
1790036622.2556121,GLOBAL_POSITION_INT,-35.3604685,149.1684133,579.94,-0.167,-0.02,0.0,0.49,225.27,,,,,,,,,,,
1790036622.2560587,GPS_RAW_INT,,,,,,,,,,,,,,,,,,6,10
1790036622.262083,ATTITUDE,,,,,,,,,,,,,,,-0.0018242854857817292,-0.00014397830818779767,-2.3514883518218994,,
1790036622.2636812,RAW_IMU,,,,,,,,,0,0,-1001,2,3,1,,,,,
1790036622.282472,ATTITUDE,,,,,,,,,,,,,,,-0.0018203069921582937,-0.00012745648564305156,-2.3515052795410156,,
1790036622.2834568,RAW_IMU,,,,,,,,,0,0,-1001,2,3,1,,,,,
1790036622.3020685,ATTITUDE,,,,,,,,,,,,,,,-0.0018168529495596886,-0.00011194741091458127,-2.351522207260132,,
1790036622.3034232,RAW_IMU,,,,,,,,,0,0,-1001,2,3,1,,,,,
1790036622.322134,ATTITUDE,,,,,,,,,,,,,,,-0.0018139920430257916,-0.00014316660235635936,-2.3515353202819824,,
1790036622.3232203,RAW_IMU,,,,,,,,,0,0,-1000,2,1,2,,,,,
1790036622.342263,ATTITUDE,,,,,,,,,,,,,,,-0.0018124752677977085,-0.00011371145956218243,-2.3515453338623047,,
1790036622.3432627,RAW_IMU,,,,,,,,,0,0,-1000,2,3,2,,,,,
1790036622.3556476,GLOBAL_POSITION_INT,-35.3604685,149.1684133,579.89,-0.217,-0.02,0.0,0.49,225.27,,,,,,,,,,,
1790036622.356698,GPS_RAW_INT,,,,,,,,,,,,,,,,,,6,10
1790036622.3621576,ATTITUDE,,,,,,,,,,,,,,,-0.0018108909716829658,-0.00013824754569213837,-2.351552724838257,,
1790036622.3636637,RAW_IMU,,,,,,,,,0,0,-1000,2,2,2,,,,,
1790036622.4004424,ATTITUDE,,,,,,,,,,,,,,,-0.0018104908522218466,-0.00016013487766031176,-2.351557731628418,,
1790036622.4014704,RAW_IMU,,,,,,,,,0,0,-1000,2,0,2,,,,,
1790036622.4026904,ATTITUDE,,,,,,,,,,,,,,,-0.001812303438782692,-0.00016468697867821902,-2.351562738418579,,
1790036622.4036367,RAW_IMU,,,,,,,,,0,0,-1001,2,2,2,,,,,
1790036622.4228868,ATTITUDE,,,,,,,,,,,,,,,-0.0018139454768970609,-0.0001949864235939458,-2.351564645767212,,
1790036622.423715,RAW_IMU,,,,,,,,,0,0,-1001,2,0,2,,,,,
1790036622.4426732,ATTITUDE,,,,,,,,,,,,,,,-0.0018139529274776578,-0.00017109274631366134,-2.351562976837158,,
1790036622.4440446,RAW_IMU,,,,,,,,,0,0,-1001,2,3,2,,,,,
1790036622.4565692,GLOBAL_POSITION_INT,-35.3604685,149.1684133,579.84,-0.267,-0.02,0.0,0.49,225.27,,,,,,,,,,,
1790036622.4576354,GPS_RAW_INT,,,,,,,,,,,,,,,,,,6,10
1790036622.4628057,ATTITUDE,,,,,,,,,,,,,,,-0.0018097999272868037,-0.00021104005281813443,-2.3515586853027344,,
1790036622.464308,RAW_IMU,,,,,,,,,0,0,-1001,2,0,2,,,,,
1790036622.483771,ATTITUDE,,,,,,,,,,,,,,,-0.0018061785958707333,-0.0001788632507668808,-2.3515548706054688,,
1790036622.4849925,RAW_IMU,,,,,,,,,0,0,-1001,2,3,2,,,,,
1790036622.5041895,ATTITUDE,,,,,,,,,,,,,,,-0.001802613027393818,-0.00020642339950427413,-2.351550817489624,,
1790036622.5055723,RAW_IMU,,,,,,,,,0,0,-1001,2,1,2,,,,,
1790036622.5241487,ATTITUDE,,,,,,,,,,,,,,,-0.0018003064906224608,-0.0001796073338482529,-2.3515431880950928,,
1790036622.5249507,RAW_IMU,,,,,,,,,0,0,-1001,2,3,3,,,,,
1790036622.544088,ATTITUDE,,,,,,,,,,,,,,,-0.0018033786909654737,-0.00014347926480695605,-2.3515355587005615,,
1790036622.5450642,RAW_IMU,,,,,,,,,0,0,-1001,2,4,3,,,,,
1790036622.557158,GLOBAL_POSITION_INT,-35.3604685,149.1684133,579.79,-0.317,-0.02,0.0,0.49,225.27,,,,,,,,,,,
1790036622.5581071,GPS_RAW_INT,,,,,,,,,,,,,,,,,,6,10
1790036622.563348,ATTITUDE,,,,,,,,,,,,,,,-0.0018343686824664474,-0.00011056326184188947,-2.351529598236084,,
1790036622.5643654,RAW_IMU,,,,,,,,,0,0,-1001,0,4,3,,,,,
1790036622.5836883,ATTITUDE,,,,,,,,,,,,,,,-0.001806435757316649,-7.898564217612147e-05,-2.351527452468872,,
1790036622.5847664,RAW_IMU,,,,,,,,,0,0,-1000,3,4,2,,,,,
1790036622.6034572,ATTITUDE,,,,,,,,,,,,,,,-0.001860648626461625,-5.133613012731075e-05,-2.3515303134918213,,
1790036622.6046531,RAW_IMU,,,,,,,,,0,0,-1000,0,4,2,,,,,
1790036622.6235557,ATTITUDE,,,,,,,,,,,,,,,-0.001844888785853982,-2.2035084839444607e-05,-2.351534128189087,,
1790036622.624576,RAW_IMU,,,,,,,,,0,0,-1000,3,4,2,,,,,
1790036622.6524353,ATTITUDE,,,,,,,,,,,,,,,-0.0018963031470775604,5.594854428636609e-06,-2.351539373397827,,
1790036622.6539476,RAW_IMU,,,,,,,,,0,0,-1001,0,4,2,,,,,
1790036622.6577559,GLOBAL_POSITION_INT,-35.3604685,149.1684133,579.74,-0.367,-0.02,0.0,0.49,225.27,,,,,,,,,,,
1790036622.6581633,GPS_RAW_INT,,,,,,,,,,,,,,,,,,6,10
1790036622.6641817,ATTITUDE,,,,,,,,,,,,,,,-0.0018626897362992167,3.527985609252937e-05,-2.3515467643737793,,
1790036622.6655543,RAW_IMU,,,,,,,,,0,0,-1000,3,3,2,,,,,
1790036622.6843631,ATTITUDE,,,,,,,,,,,,,,,-0.0019006072543561459,6.295047933235765e-05,-2.351557970046997,,
1790036622.6860476,RAW_IMU,,,,,,,,,0,0,-1001,1,3,2,,,,,
1790036622.7043405,ATTITUDE,,,,,,,,,,,,,,,-0.0018679366912692785,8.83520842762664e-05,-2.351572036743164,,
1790036622.7058825,RAW_IMU,,,,,,,,,0,0,-1001,3,3,2,,,,,
1790036622.7242155,ATTITUDE,,,,,,,,,,,,,,,-0.0018908764468505979,0.00011369216372258961,-2.3515849113464355,,
1790036622.7258058,RAW_IMU,,,,,,,,,0,0,-1000,2,3,2,,,,,
1790036622.7446501,ATTITUDE,,,,,,,,,,,,,,,-0.0018710908479988575,0.00013744630268774927,-2.3516008853912354,,
1790036622.7456148,RAW_IMU,,,,,,,,,0,0,-1000,2,3,1,,,,,
1790036622.7584445,GLOBAL_POSITION_INT,-35.3604685,149.1684133,579.69,-0.417,-0.02,0.0,0.49,225.27,,,,,,,,,,,
1790036622.759392,GPS_RAW_INT,,,,,,,,,,,,,,,,,,6,10
1790036622.7646961,ATTITUDE,,,,,,,,,,,,,,,-0.0018811250338330865,0.0001603245473233983,-2.351619005203247,,
1790036622.766284,RAW_IMU,,,,,,,,,0,0,-1000,2,3,1,,,,,
1790036622.784796,ATTITUDE,,,,,,,,,,,,,,,-0.0018964195623993874,0.00018071618978865445,-2.351639747619629,,
1790036622.786299,RAW_IMU,,,,,,,,,0,0,-1001,1,3,1,,,,,
1790036622.80479,ATTITUDE,,,,,,,,,,,,,,,-0.0018746424466371536,0.00020112321362830698,-2.351660966873169,,
1790036622.8061337,RAW_IMU,,,,,,,,,0,0,-1001,3,3,1,,,,,
1790036622.8248777,ATTITUDE,,,,,,,,,,,,,,,-0.0018556041177362204,0.00019491594866849482,-2.3516805171966553,,
1790036622.8266625,RAW_IMU,,,,,,,,,0,0,-1001,3,2,1,,,,,
1790036622.8446374,ATTITUDE,,,,,,,,,,,,,,,-0.0018340295646339655,0.00018331248429603875,-2.351696252822876,,
1790036622.8464625,RAW_IMU,,,,,,,,,0,0,-1001,3,1,1,,,,,
1790036622.8585818,GLOBAL_POSITION_INT,-35.3604685,149.1684133,579.64,-0.467,-0.02,0.0,0.49,225.26,,,,,,,,,,,
1790036622.8598459,GPS_RAW_INT,,,,,,,,,,,,,,,,,,6,10
1790036622.8612885,ATTITUDE,,,,,,,,,,,,,,,-0.001810811460018158,0.0001530121371615678,-2.3517091274261475,,
1790036622.862934,RAW_IMU,,,,,,,,,0,0,-1000,3,1,1,,,,,
1790036622.9009047,ATTITUDE,,,,,,,,,,,,,,,-0.0017889989539980888,0.00013540155487135053,-2.3517212867736816,,
1790036622.9024637,RAW_IMU,,,,,,,,,0,0,-1000,3,1,2,,,,,
1790036622.9029438,ATTITUDE,,,,,,,,,,,,,,,-0.001768636517226696,0.00010388888767920434,-2.351731777191162,,
1790036622.9043665,RAW_IMU,,,,,,,,,0,0,-1000,3,1,2,,,,,
1790036622.9203198,ATTITUDE,,,,,,,,,,,,,,,-0.0017487277509644628,7.286063919309527e-05,-2.351736545562744,,
1790036622.9216738,RAW_IMU,,,,,,,,,0,0,-1000,3,0,2,,,,,
1790036622.939701,ATTITUDE,,,,,,,,,,,,,,,-0.0017302993219345808,5.505347144207917e-05,-2.3517391681671143,,
1790036622.941144,RAW_IMU,,,,,,,,,0,0,-1000,3,2,2,,,,,
1790036622.9585483,GLOBAL_POSITION_INT,-35.3604685,149.1684133,579.59,-0.517,-0.02,0.0,0.49,225.26,,,,,,,,,,,
1790036622.9597602,GPS_RAW_INT,,,,,,,,,,,,,,,,,,6,10
1790036622.9644594,ATTITUDE,,,,,,,,,,,,,,,-0.0017137472750619054,1.1944219295401126e-05,-2.3517391681671143,,
1790036622.965586,RAW_IMU,,,,,,,,,0,0,-1000,3,0,2,,,,,
1790036622.9848154,ATTITUDE,,,,,,,,,,,,,,,-0.0016986001282930374,8.462821824650746e-06,-2.3517394065856934,,
1790036622.9862351,RAW_IMU,,,,,,,,,0,0,-1000,3,2,2,,,,,
1790036623.004844,ATTITUDE,,,,,,,,,,,,,,,-0.0016852719709277153,-3.915527486242354e-05,-2.351738929748535,,
1790036623.0068047,RAW_IMU,,,,,,,,,0,0,-1001,3,0,2,,,,,
1790036623.024311,ATTITUDE,,,,,,,,,,,,,,,-0.001673709717579186,-3.090859536314383e-05,-2.3517355918884277,,
1790036623.0261004,RAW_IMU,,,,,,,,,0,0,-1001,3,2,2,,,,,
1790036623.0432787,ATTITUDE,,,,,,,,,,,,,,,-0.0017056982032954693,-5.6349748774664477e-05,-2.351732015609741,,
1790036623.044921,RAW_IMU,,,,,,,,,0,0,-1001,1,1,2,,,,,
1790036623.0561743,GLOBAL_POSITION_INT,-35.3604685,149.1684133,579.54,-0.567,-0.02,0.0,0.49,225.26,,,,,,,,,,,
1790036623.056928,GPS_RAW_INT,,,,,,,,,,,,,,,,,,6,10
1790036623.0638225,ATTITUDE,,,,,,,,,,,,,,,-0.001671512145549059,-7.977255154401064e-05,-2.351729393005371,,
1790036623.0649076,RAW_IMU,,,,,,,,,0,0,-1001,3,1,2,,,,,
1790036623.0829582,ATTITUDE,,,,,,,,,,,,,,,-0.0017240755259990692,-0.00010380214371252805,-2.3517308235168457,,
1790036623.0851636,RAW_IMU,,,,,,,,,0,0,-1001,0,1,2,,,,,
1790036623.1032846,ATTITUDE,,,,,,,,,,,,,,,-0.0017095481744036078,-0.00012559110473375767,-2.3517374992370605,,
1790036623.1051915,RAW_IMU,,,,,,,,,0,0,-1001,2,1,2,,,,,
1790036623.123258,ATTITUDE,,,,,,,,,,,,,,,-0.0017623171443119645,-0.00014720088802278042,-2.35174298286438,,
1790036623.1241505,RAW_IMU,,,,,,,,,0,0,-1000,0,1,2,,,,,
1790036623.1448827,ATTITUDE,,,,,,,,,,,,,,,-0.0017359615303575993,-0.0001687851472524926,-2.3517508506774902,,
1790036623.145704,RAW_IMU,,,,,,,,,0,0,-1001,3,1,2,,,,,
1790036623.156907,GLOBAL_POSITION_INT,-35.3604685,149.1684133,579.49,-0.617,-0.02,0.0,0.49,225.26,,,,,,,,,,,
1790036623.157818,GPS_RAW_INT,,,,,,,,,,,,,,,,,,6,10
1790036623.163428,ATTITUDE,,,,,,,,,,,,,,,-0.0017691225511953235,-0.0001884014200186357,-2.3517637252807617,,
1790036623.1652086,RAW_IMU,,,,,,,,,0,0,-1000,1,1,2,,,,,
1790036623.1835885,ATTITUDE,,,,,,,,,,,,,,,-0.0017729471437633038,-0.00020960740221198648,-2.351778745651245,,
1790036623.1849582,RAW_IMU,,,,,,,,,0,0,-1000,1,1,1,,,,,
1790036623.204227,ATTITUDE,,,,,,,,,,,,,,,-0.0017738848691806197,-0.00022962148068472743,-2.3517966270446777,,
1790036623.206292,RAW_IMU,,,,,,,,,0,0,-1001,3,1,1,,,,,
1790036623.2244349,ATTITUDE,,,,,,,,,,,,,,,-0.0017981547862291336,-0.0002491680206730962,-2.3518126010894775,,
1790036623.2262619,RAW_IMU,,,,,,,,,0,0,-1001,1,1,1,,,,,
1790036623.2452712,ATTITUDE,,,,,,,,,,,,,,,-0.0017975476803258061,-0.00026713957777246833,-2.351827383041382,,
1790036623.2464883,RAW_IMU,,,,,,,,,0,0,-1001,2,1,1,,,,,
1790036623.2583103,GLOBAL_POSITION_INT,-35.3604685,149.1684133,579.44,-0.667,-0.02,0.0,0.49,225.25,,,,,,,,,,,
1790036623.2598722,GPS_RAW_INT,,,,,,,,,,,,,,,,,,6,10
1790036623.2617924,ATTITUDE,,,,,,,,,,,,,,,-0.0017930195899680257,-0.0002818945504259318,-2.3518428802490234,,
1790036623.2630308,RAW_IMU,,,,,,,,,0,0,-1001,2,1,1,,,,,
1790036623.2800763,ATTITUDE,,,,,,,,,,,,,,,-0.0017362457001581788,-0.0002222193288616836,-2.3518457412719727,,
1790036623.2812798,RAW_IMU,,,,,,,,,0,2,-1408,4,5,2,,,,,
1790036623.3012977,ATTITUDE,,,,,,,,,,,,,,,-0.0016866541700437665,-0.0001692969090072438,-2.3518502712249756,,
1790036623.3021884,RAW_IMU,,,,,,,,,0,3,-1504,5,5,2,,,,,
1790036623.32116,ATTITUDE,,,,,,,,,,,,,,,-0.0016475310549139977,-0.0001261511497432366,-2.3518521785736084,,
1790036623.3223944,RAW_IMU,,,,,,,,,0,2,-1455,4,4,2,,,,,
1790036623.34094,ATTITUDE,,,,,,,,,,,,,,,-0.00161465210840106,-9.156468149740249e-05,-2.351853609085083,,
1790036623.3415947,RAW_IMU,,,,,,,,,0,2,-1413,4,4,2,,,,,
1790036623.3547316,GLOBAL_POSITION_INT,-35.3604685,149.1684133,579.41,-0.696,-0.02,0.0,0.08,225.25,,,,,,,,,,,
1790036623.355858,GPS_RAW_INT,,,,,,,,,,,,,,,,,,6,10
1790036623.3610644,ATTITUDE,,,,,,,,,,,,,,,-0.0015880013816058636,-6.229364225873724e-05,-2.351855516433716,,
1790036623.36205,RAW_IMU,,,,,,,,,0,2,-1366,3,4,2,,,,,
1790036623.3970206,ATTITUDE,,,,,,,,,,,,,,,-0.0015677061164751649,-3.922333780792542e-05,-2.3518574237823486,,
1790036623.3985076,RAW_IMU,,,,,,,,,0,2,-1314,3,3,2,,,,,
1790036623.4019842,ATTITUDE,,,,,,,,,,,,,,,-0.0015522122848778963,-2.141438380931504e-05,-2.3518619537353516,,
1790036623.4029677,RAW_IMU,,,,,,,,,0,1,-1259,3,3,2,,,,,
1790036623.4220464,ATTITUDE,,,,,,,,,,,,,,,-0.0015389795880764723,-6.913276138220681e-06,-2.3518645763397217,,
1790036623.4230947,RAW_IMU,,,,,,,,,0,1,-1205,3,3,2,,,,,
1790036623.4428325,ATTITUDE,,,,,,,,,,,,,,,-0.001527968212030828,5.254249117569998e-06,-2.351865291595459,,
1790036623.4443405,RAW_IMU,,,,,,,,,0,0,-1154,3,3,2,,,,,
1790036623.4582925,GLOBAL_POSITION_INT,-35.3604685,149.1684133,579.41,-0.693,-0.02,0.0,-0.12,225.25,,,,,,,,,,,
1790036623.459341,GPS_RAW_INT,,,,,,,,,,,,,,,,,,6,10
1790036623.464701,ATTITUDE,,,,,,,,,,,,,,,-0.0015142257325351238,1.734534635033924e-05,-2.3518664836883545,,
1790036623.465652,RAW_IMU,,,,,,,,,0,0,-1107,3,3,2,,,,,
1790036623.479868,ATTITUDE,,,,,,,,,,,,,,,-0.001502168015576899,2.7784615667769685e-05,-2.3518686294555664,,
1790036623.482326,RAW_IMU,,,,,,,,,0,0,-1064,3,3,2,,,,,
1790036623.5011847,ATTITUDE,,,,,,,,,,,,,,,-0.0014944439753890038,3.63527396984864e-05,-2.351872682571411,,
1790036623.502634,RAW_IMU,,,,,,,,,0,0,-1026,2,2,2,,,,,
1790036623.5214756,ATTITUDE,,,,,,,,,,,,,,,-0.0014883816475048661,4.246670505381189e-05,-2.351875066757202,,
1790036623.5228076,RAW_IMU,,,,,,,,,0,0,-995,2,2,2,,,,,
1790036623.541972,ATTITUDE,,,,,,,,,,,,,,,-0.0014824422542005777,4.738419738714583e-05,-2.351877212524414,,
1790036623.5437267,RAW_IMU,,,,,,,,,0,0,-969,2,2,2,,,,,
1790036623.5559797,GLOBAL_POSITION_INT,-35.3604685,149.1684133,579.42,-0.681,-0.02,0.0,-0.12,225.25,,,,,,,,,,,
1790036623.5574183,GPS_RAW_INT,,,,,,,,,,,,,,,,,,6,10
1790036623.5622482,ATTITUDE,,,,,,,,,,,,,,,-0.0014774202136322856,5.1398546929704025e-05,-2.3518803119659424,,
1790036623.5637288,RAW_IMU,,,,,,,,,0,0,-950,2,2,2,,,,,
1790036623.587323,ATTITUDE,,,,,,,,,,,,,,,-0.001475079800002277,5.399263318395242e-05,-2.3518848419189453,,
1790036623.5886958,RAW_IMU,,,,,,,,,0,0,-935,2,2,2,,,,,
1790036623.6041942,ATTITUDE,,,,,,,,,,,,,,,-0.001473879092372954,5.5849290220066905e-05,-2.351890802383423,,
1790036623.6061044,RAW_IMU,,,,,,,,,0,0,-926,2,2,2,,,,,
1790036623.6195908,ATTITUDE,,,,,,,,,,,,,,,-0.0014748815447092056,5.574142778641544e-05,-2.351893663406372,,
1790036623.6214294,RAW_IMU,,,,,,,,,0,0,-921,2,2,2,,,,,
1790036623.6433518,ATTITUDE,,,,,,,,,,,,,,,-0.0014732644194737077,5.830315058119595e-05,-2.351895570755005,,
1790036623.6454687,RAW_IMU,,,,,,,,,0,0,-920,2,2,2,,,,,
1790036623.6556244,GLOBAL_POSITION_INT,-35.3604685,149.1684133,579.43,-0.674,-0.02,0.0,-0.05,225.25,,,,,,,,,,,
1790036623.6570532,GPS_RAW_INT,,,,,,,,,,,,,,,,,,6,10
1790036623.6619623,ATTITUDE,,,,,,,,,,,,,,,-0.0014685660135000944,6.137131276773289e-05,-2.3518974781036377,,
1790036623.6642969,RAW_IMU,,,,,,,,,0,0,-922,2,2,2,,,,,
1790036623.6838956,ATTITUDE,,,,,,,,,,,,,,,-0.001465706736780703,6.479309377027676e-05,-2.351900100708008,,
1790036623.6860235,RAW_IMU,,,,,,,,,0,0,-926,2,2,2,,,,,
1790036623.7050824,ATTITUDE,,,,,,,,,,,,,,,-0.001463022897951305,6.625480455113575e-05,-2.3519041538238525,,
1790036623.706807,RAW_IMU,,,,,,,,,0,0,-933,2,2,2,,,,,
1790036623.7195275,ATTITUDE,,,,,,,,,,,,,,,-0.0014608096098527312,6.826210301369429e-05,-2.3519060611724854,,
1790036623.7210846,RAW_IMU,,,,,,,,,0,0,-940,2,2,2,,,,,
1790036623.7394521,ATTITUDE,,,,,,,,,,,,,,,-0.0014592258958145976,7.058351911837235e-05,-2.3519082069396973,,
1790036623.74084,RAW_IMU,,,,,,,,,0,0,-949,2,2,2,,,,,
1790036623.7589226,GLOBAL_POSITION_INT,-35.3604685,149.1684133,579.43,-0.675,-0.02,0.0,0.0,225.25,,,,,,,,,,,
1790036623.7601156,GPS_RAW_INT,,,,,,,,,,,,,,,,,,6,10
1790036623.7616248,ATTITUDE,,,,,,,,,,,,,,,-0.0014582646545022726,7.1492868300993e-05,-2.3519105911254883,,
1790036623.7631845,RAW_IMU,,,,,,,,,0,0,-958,2,2,2,,,,,
1790036623.7799706,ATTITUDE,,,,,,,,,,,,,,,-0.0014582577859982848,7.059409836074337e-05,-2.351915121078491,,
1790036623.7817543,RAW_IMU,,,,,,,,,0,0,-966,2,2,2,,,,,
1790036623.8014135,ATTITUDE,,,,,,,,,,,,,,,-0.0014600794529542327,7.005544466665015e-05,-2.3519201278686523,,
1790036623.8022666,RAW_IMU,,,,,,,,,0,0,-975,2,2,2,,,,,
1790036623.8219926,ATTITUDE,,,,,,,,,,,,,,,-0.0014639231376349926,6.966829823795706e-05,-2.351922035217285,,
1790036623.8233604,RAW_IMU,,,,,,,,,0,0,-983,2,2,2,,,,,
1790036623.8418279,ATTITUDE,,,,,,,,,,,,,,,-0.0014633438549935818,6.944219785509631e-05,-2.351923704147339,,
1790036623.8430204,RAW_IMU,,,,,,,,,0,0,-990,2,2,2,,,,,
1790036623.8560193,GLOBAL_POSITION_INT,-35.3604685,149.1684133,579.43,-0.679,-0.02,0.0,0.02,225.25,,,,,,,,,,,
1790036623.8567517,GPS_RAW_INT,,,,,,,,,,,,,,,,,,6,10
1790036623.8631372,ATTITUDE,,,,,,,,,,,,,,,-0.0014605246251448989,7.219076360343024e-05,-2.351926326751709,,
1790036623.8644593,RAW_IMU,,,,,,,,,0,0,-996,2,2,2,,,,,
1790036623.8973324,ATTITUDE,,,,,,,,,,,,,,,-0.0014567840844392776,7.441576599376276e-05,-2.351928472518921,,
1790036623.8988283,RAW_IMU,,,,,,,,,0,0,-1001,2,2,2,,,,,
1790036623.904071,ATTITUDE,,,,,,,,,,,,,,,-0.001454222947359085,7.523997192038223e-05,-2.3519322872161865,,
1790036623.9053564,RAW_IMU,,,,,,,,,0,0,-1005,2,2,2,,,,,
1790036623.9231448,ATTITUDE,,,,,,,,,,,,,,,-0.0014511013869196177,7.578441000077873e-05,-2.3519344329833984,,
1790036623.9244704,RAW_IMU,,,,,,,,,0,0,-1009,2,2,2,,,,,
1790036623.943305,ATTITUDE,,,,,,,,,,,,,,,-0.00145020114723593,7.582759280921891e-05,-2.351935386657715,,
1790036623.9442246,RAW_IMU,,,,,,,,,0,0,-1011,2,2,2,,,,,
1790036623.9572647,GLOBAL_POSITION_INT,-35.3604685,149.1684133,579.42,-0.681,-0.02,0.0,0.02,225.25,,,,,,,,,,,
1790036623.9581847,GPS_RAW_INT,,,,,,,,,,,,,,,,,,6,10
1790036623.9632611,ATTITUDE,,,,,,,,,,,,,,,-0.0014508680906146765,7.719651330262423e-05,-2.3519370555877686,,
1790036623.9651954,RAW_IMU,,,,,,,,,0,0,-1013,2,2,2,,,,,
1790036623.9834678,ATTITUDE,,,,,,,,,,,,,,,-0.0014510900946334004,7.654039654880762e-05,-2.3519399166107178,,
1790036623.9854138,RAW_IMU,,,,,,,,,0,0,-1014,2,2,2,,,,,
1790036624.0027297,ATTITUDE,,,,,,,,,,,,,,,-0.0014521977864205837,7.569883018732071e-05,-2.351945161819458,,
1790036624.0034451,RAW_IMU,,,,,,,,,0,0,-1014,2,2,2,,,,,
1790036624.0227149,ATTITUDE,,,,,,,,,,,,,,,-0.001454823068343103,7.374090637313202e-05,-2.351947069168091,,
1790036624.0239959,RAW_IMU,,,,,,,,,0,0,-1013,2,2,2,,,,,
1790036624.0432453,ATTITUDE,,,,,,,,,,,,,,,-0.0014559737173840404,7.457274477928877e-05,-2.3519489765167236,,
1790036624.0443776,RAW_IMU,,,,,,,,,0,0,-1013,2,2,2,,,,,
1790036624.0568528,GLOBAL_POSITION_INT,-35.3604685,149.1684133,579.42,-0.683,-0.02,0.0,0.0,225.25,,,,,,,,,,,
1790036624.0583534,GPS_RAW_INT,,,,,,,,,,,,,,,,,,6,10
1790036624.0644693,ATTITUDE,,,,,,,,,,,,,,,-0.0014522471465170383,7.636582449777052e-05,-2.3519504070281982,,
1790036624.065492,RAW_IMU,,,,,,,,,0,0,-1012,2,2,2,,,,,
1790036624.0835605,ATTITUDE,,,,,,,,,,,,,,,-0.001450051087886095,7.779490988468751e-05,-2.3519532680511475,,
1790036624.084897,RAW_IMU,,,,,,,,,0,0,-1011,2,2,2,,,,,
1790036624.1034276,ATTITUDE,,,,,,,,,,,,,,,-0.0014489730820059776,7.881136116338894e-05,-2.3519554138183594,,
1790036624.1047418,RAW_IMU,,,,,,,,,0,0,-1009,2,2,2,,,,,
1790036624.1223562,ATTITUDE,,,,,,,,,,,,,,,-0.0014487490989267826,7.932824519230053e-05,-2.351959466934204,,
1790036624.1233957,RAW_IMU,,,,,,,,,0,0,-1008,2,2,2,,,,,
1790036624.1422768,ATTITUDE,,,,,,,,,,,,,,,-0.001447784947231412,7.940977229736745e-05,-2.351959466934204,,
1790036624.144901,RAW_IMU,,,,,,,,,0,0,-1006,2,2,2,,,,,
1790036624.1560726,GLOBAL_POSITION_INT,-35.3604685,149.1684133,579.42,-0.682,-0.02,0.0,0.0,225.25,,,,,,,,,,,
1790036624.1575997,GPS_RAW_INT,,,,,,,,,,,,,,,,,,6,10
1790036624.162699,ATTITUDE,,,,,,,,,,,,,,,-0.0014492147602140903,7.908898987807333e-05,-2.3519606590270996,,
1790036624.164392,RAW_IMU,,,,,,,,,0,0,-1005,2,2,2,,,,,
1790036624.1835501,ATTITUDE,,,,,,,,,,,,,,,-0.0014498913660645485,7.866424130043015e-05,-2.3519644737243652,,
1790036624.1856055,RAW_IMU,,,,,,,,,0,0,-1004,2,2,2,,,,,
1790036624.2033434,ATTITUDE,,,,,,,,,,,,,,,-0.0014514786889776587,7.809013914084062e-05,-2.351969003677368,,
1790036624.2049086,RAW_IMU,,,,,,,,,0,0,-1002,2,2,2,,,,,
1790036624.2232034,ATTITUDE,,,,,,,,,,,,,,,-0.0014540323754772544,7.710899808444083e-05,-2.3519718647003174,,
1790036624.224335,RAW_IMU,,,,,,,,,0,0,-1002,2,2,2,,,,,
1790036624.2434747,ATTITUDE,,,,,,,,,,,,,,,-0.0014539536787196994,7.616691436851397e-05,-2.3519716262817383,,
1790036624.2446067,RAW_IMU,,,,,,,,,0,0,-1001,2,2,2,,,,,
1790036624.2571137,GLOBAL_POSITION_INT,-35.3604685,149.1684133,579.42,-0.682,-0.02,0.0,0.0,225.25,,,,,,,,,,,
1790036624.2575321,GPS_RAW_INT,,,,,,,,,,,,,,,,,,6,10
1790036624.2634668,ATTITUDE,,,,,,,,,,,,,,,-0.0014504704158753157,7.747788913547993e-05,-2.351972818374634,,
1790036624.2648163,RAW_IMU,,,,,,,,,0,0,-1000,2,2,2,,,,,
1790036624.2834842,ATTITUDE,,,,,,,,,,,,,,,-0.0014497429365292192,7.83463692641817e-05,-2.351975440979004,,
1790036624.285185,RAW_IMU,,,,,,,,,0,0,-999,2,2,2,,,,,
1790036624.303344,ATTITUDE,,,,,,,,,,,,,,,-0.0014482785481959581,8.060763502726331e-05,-2.351978302001953,,
1790036624.304699,RAW_IMU,,,,,,,,,0,0,-999,2,2,2,,,,,
1790036624.322897,ATTITUDE,,,,,,,,,,,,,,,-0.00144639378413558,8.201986202038825e-05,-2.3519811630249023,,
1790036624.3236976,RAW_IMU,,,,,,,,,0,0,-999,2,2,2,,,,,
1790036624.3430266,ATTITUDE,,,,,,,,,,,,,,,-0.001446699956431985,8.215607522288337e-05,-2.3519816398620605,,
1790036624.3440642,RAW_IMU,,,,,,,,,0,0,-999,2,2,2,,,,,
1790036624.3570359,GLOBAL_POSITION_INT,-35.3604685,149.1684133,579.42,-0.681,-0.02,0.0,0.0,225.25,,,,,,,,,,,
1790036624.357559,GPS_RAW_INT,,,,,,,,,,,,,,,,,,6,10
1790036624.3632908,ATTITUDE,,,,,,,,,,,,,,,-0.0014461345272138715,8.301361958729103e-05,-2.3519837856292725,,
1790036624.3642805,RAW_IMU,,,,,,,,,0,0,-999,2,2,2,,,,,
1790036624.398424,ATTITUDE,,,,,,,,,,,,,,,-0.0014453839976340532,8.255207649199292e-05,-2.3519880771636963,,
1790036624.399403,RAW_IMU,,,,,,,,,0,0,-999,2,2,2,,,,,
1790036624.4048011,ATTITUDE,,,,,,,,,,,,,,,-0.0014473623596131802,8.317157335113734e-05,-2.3519928455352783,,
1790036624.4057326,RAW_IMU,,,,,,,,,0,0,-999,2,2,2,,,,,
1790036624.425221,ATTITUDE,,,,,,,,,,,,,,,-0.0014486662112176418,8.349603012902662e-05,-2.351994752883911,,
1790036624.4265547,RAW_IMU,,,,,,,,,0,0,-999,2,2,2,,,,,
1790036624.4453719,ATTITUDE,,,,,,,,,,,,,,,-0.001448389026336372,8.368129056179896e-05,-2.3519957065582275,,
1790036624.4467468,RAW_IMU,,,,,,,,,0,0,-999,2,2,2,,,,,
1790036624.458987,GLOBAL_POSITION_INT,-35.3604685,149.1684133,579.42,-0.681,-0.02,0.0,0.0,225.25,,,,,,,,,,,
1790036624.4598293,GPS_RAW_INT,,,,,,,,,,,,,,,,,,6,10
1790036624.4617362,ATTITUDE,,,,,,,,,,,,,,,-0.001445573172532022,8.704409992787987e-05,-2.3519976139068604,,
1790036624.4636261,RAW_IMU,,,,,,,,,0,0,-999,2,2,2,,,,,
1790036624.4807358,ATTITUDE,,,,,,,,,,,,,,,-0.0014442623360082507,9.046785271493718e-05,-2.3520004749298096,,
1790036624.482642,RAW_IMU,,,,,,,,,0,0,-999,2,2,2,,,,,
1790036624.5016708,ATTITUDE,,,,,,,,,,,,,,,-0.0014428319409489632,9.161565685644746e-05,-2.3520047664642334,,
1790036624.5033255,RAW_IMU,,,,,,,,,0,0,-1000,2,2,2,,,,,
1790036624.521135,ATTITUDE,,,,,,,,,,,,,,,-0.0014421052765101194,9.141864575212821e-05,-2.352005958557129,,
1790036624.5224307,RAW_IMU,,,,,,,,,0,0,-1000,2,2,2,,,,,
1790036624.5407119,ATTITUDE,,,,,,,,,,,,,,,-0.001441220287233591,9.164305811282247e-05,-2.352006435394287,,
1790036624.5415263,RAW_IMU,,,,,,,,,0,0,-1000,2,2,2,,,,,
1790036624.5596895,GLOBAL_POSITION_INT,-35.3604685,149.1684133,579.42,-0.681,-0.02,0.0,0.0,225.24,,,,,,,,,,,
1790036624.560672,GPS_RAW_INT,,,,,,,,,,,,,,,,,,6,10
1790036624.5626569,ATTITUDE,,,,,,,,,,,,,,,-0.0014419201761484146,9.132004925049841e-05,-2.352008819580078,,
1790036624.5646434,RAW_IMU,,,,,,,,,0,0,-1000,2,2,2,,,,,
1790036624.5805335,ATTITUDE,,,,,,,,,,,,,,,-0.0014440510421991348,9.137677261605859e-05,-2.3520119190216064,,
1790036624.582158,RAW_IMU,,,,,,,,,0,0,-1000,2,2,2,,,,,
1790036624.6018,ATTITUDE,,,,,,,,,,,,,,,-0.0014453127514570951,9.046747436514124e-05,-2.352015972137451,,
1790036624.6030357,RAW_IMU,,,,,,,,,0,0,-1001,2,2,2,,,,,
1790036624.621183,ATTITUDE,,,,,,,,,,,,,,,-0.0014486811123788357,8.99713413673453e-05,-2.352017641067505,,
1790036624.6223428,RAW_IMU,,,,,,,,,0,0,-1001,2,2,2,,,,,
1790036624.6439078,ATTITUDE,,,,,,,,,,,,,,,-0.0014494444476440549,9.035444963956252e-05,-2.3520193099975586,,
1790036624.6452768,RAW_IMU,,,,,,,,,0,0,-1001,2,2,2,,,,,
1790036624.655311,GLOBAL_POSITION_INT,-35.3604685,149.1684133,579.42,-0.68,-0.02,0.0,0.0,225.24,,,,,,,,,,,
1790036624.6565979,GPS_RAW_INT,,,,,,,,,,,,,,,,,,6,10
1790036624.6617045,ATTITUDE,,,,,,,,,,,,,,,-0.0014465688727796078,9.170306293526664e-05,-2.352022409439087,,
1790036624.6627111,RAW_IMU,,,,,,,,,0,0,-1001,2,2,2,,,,,
1790036624.6818876,ATTITUDE,,,,,,,,,,,,,,,-0.00144479691516608,9.372767817694694e-05,-2.352025032043457,,
1790036624.6830034,RAW_IMU,,,,,,,,,0,0,-1001,2,2,2,,,,,
1790036624.7022746,ATTITUDE,,,,,,,,,,,,,,,-0.001443411922082305,9.422910079592839e-05,-2.352027177810669,,
1790036624.7037628,RAW_IMU,,,,,,,,,0,0,-1001,2,2,2,,,,,
1790036624.7226415,ATTITUDE,,,,,,,,,,,,,,,-0.0014419513754546642,9.570979455020279e-05,-2.3520281314849854,,
1790036624.7238202,RAW_IMU,,,,,,,,,0,0,-1001,2,2,2,,,,,
1790036624.742387,ATTITUDE,,,,,,,,,,,,,,,-0.0014407967682927847,9.644426609156653e-05,-2.3520278930664062,,
1790036624.7436433,RAW_IMU,,,,,,,,,0,0,-1001,2,2,2,,,,,
1790036624.7559063,GLOBAL_POSITION_INT,-35.3604685,149.1684133,579.42,-0.68,-0.02,0.0,0.0,225.24,,,,,,,,,,,
1790036624.7572377,GPS_RAW_INT,,,,,,,,,,,,,,,,,,6,10
1790036624.7626414,ATTITUDE,,,,,,,,,,,,,,,-0.0014412056189030409,9.672407759353518e-05,-2.3520307540893555,,
1790036624.7641838,RAW_IMU,,,,,,,,,0,0,-1001,2,2,2,,,,,
1790036624.7818508,ATTITUDE,,,,,,,,,,,,,,,-0.0014437045902013779,9.673441672930494e-05,-2.352034091949463,,
1790036624.78361,RAW_IMU,,,,,,,,,0,0,-1001,2,2,2,,,,,
1790036624.8027997,ATTITUDE,,,,,,,,,,,,,,,-0.0014461483806371689,9.573655552230775e-05,-2.3520398139953613,,
1790036624.8039145,RAW_IMU,,,,,,,,,0,0,-1001,2,2,2,,,,,
1790036624.8228908,ATTITUDE,,,,,,,,,,,,,,,-0.0014489777386188507,9.39471647143364e-05,-2.3520431518554688,,
1790036624.824017,RAW_IMU,,,,,,,,,0,0,-1001,2,2,2,,,,,
1790036624.843101,ATTITUDE,,,,,,,,,,,,,,,-0.0014504640130326152,9.288963337894529e-05,-2.352044105529785,,
1790036624.8446667,RAW_IMU,,,,,,,,,0,0,-1001,2,2,2,,,,,
1790036624.8569767,GLOBAL_POSITION_INT,-35.3604685,149.1684133,579.42,-0.68,-0.02,0.0,0.0,225.24,,,,,,,,,,,
1790036624.8584898,GPS_RAW_INT,,,,,,,,,,,,,,,,,,6,10
1790036624.8642278,ATTITUDE,,,,,,,,,,,,,,,-0.0014475341886281967,9.516873251413926e-05,-2.3520448207855225,,
1790036624.8656816,RAW_IMU,,,,,,,,,0,0,-1001,2,2,2,,,,,
1790036624.9041338,ATTITUDE,,,,,,,,,,,,,,,-0.0014452519826591015,9.660039359005168e-05,-2.3520467281341553,,
1790036624.9059148,RAW_IMU,,,,,,,,,0,0,-1001,2,2,2,,,,,
1790036624.9066195,ATTITUDE,,,,,,,,,,,,,,,-0.0014435747871175408,9.773473720997572e-05,-2.3520493507385254,,
1790036624.9075367,RAW_IMU,,,,,,,,,0,0,-1001,2,2,2,,,,,
1790036624.9209294,ATTITUDE,,,,,,,,,,,,,,,-0.0014426503330469131,9.768798918230459e-05,-2.352051019668579,,
1790036624.9218538,RAW_IMU,,,,,,,,,0,0,-1001,2,2,2,,,,,
1790036624.9406312,ATTITUDE,,,,,,,,,,,,,,,-0.0014421372907236218,9.835748642217368e-05,-2.352052688598633,,
1790036624.9417148,RAW_IMU,,,,,,,,,0,0,-1001,2,2,2,,,,,
1790036624.9597235,GLOBAL_POSITION_INT,-35.3604685,149.1684133,579.43,-0.679,-0.02,0.0,0.0,225.24,,,,,,,,,,,
1790036624.9611576,GPS_RAW_INT,,,,,,,,,,,,,,,,,,6,10
1790036624.962989,ATTITUDE,,,,,,,,,,,,,,,-0.0014429796719923615,9.92560526356101e-05,-2.3520548343658447,,
1790036624.9641576,RAW_IMU,,,,,,,,,0,0,-1001,2,2,2,,,,,
1790036624.980586,ATTITUDE,,,,,,,,,,,,,,,-0.0014432609314098954,9.931303793564439e-05,-2.3520584106445312,,
1790036624.9816284,RAW_IMU,,,,,,,,,0,0,-1001,2,2,2,,,,,
1790036625.0017066,ATTITUDE,,,,,,,,,,,,,,,-0.0014450183371081948,9.864720777841285e-05,-2.3520636558532715,,
1790036625.0034614,RAW_IMU,,,,,,,,,0,0,-1001,2,2,2,,,,,
1790036625.0208406,ATTITUDE,,,,,,,,,,,,,,,-0.001448054681532085,9.781825065147132e-05,-2.3520662784576416,,
1790036625.0218215,RAW_IMU,,,,,,,,,0,0,-1000,2,2,2,,,,,
1790036625.0412033,ATTITUDE,,,,,,,,,,,,,,,-0.001448031049221754,9.821893036132678e-05,-2.352067232131958,,
1790036625.0423944,RAW_IMU,,,,,,,,,0,0,-1001,2,2,2,,,,,
1790036625.0603132,GLOBAL_POSITION_INT,-35.3604685,149.1684133,579.43,-0.679,-0.02,0.0,0.0,225.24,,,,,,,,,,,
1790036625.0618372,GPS_RAW_INT,,,,,,,,,,,,,,,,,,6,10
1790036625.064365,ATTITUDE,,,,,,,,,,,,,,,-0.0014452998293563724,9.922885510604829e-05,-2.352067708969116,,
1790036625.0651677,RAW_IMU,,,,,,,,,0,0,-1001,2,2,2,,,,,
1790036625.0805557,ATTITUDE,,,,,,,,,,,,,,,-0.0014432212337851524,0.0001012585562421009,-2.3520708084106445,,
1790036625.0820856,RAW_IMU,,,,,,,,,0,0,-1001,2,2,2,,,,,
1790036625.1016161,ATTITUDE,,,,,,,,,,,,,,,-0.0014423337997868657,0.00010226487211184576,-2.3520750999450684,,
1790036625.1031513,RAW_IMU,,,,,,,,,0,0,-1000,2,2,2,,,,,
1790036625.1210072,ATTITUDE,,,,,,,,,,,,,,,-0.001441597007215023,0.00010412240226287395,-2.3520758152008057,,
1790036625.122281,RAW_IMU,,,,,,,,,0,0,-1001,2,2,2,,,,,
1790036625.1426384,ATTITUDE,,,,,,,,,,,,,,,-0.001441621221601963,0.00010370279778726399,-2.352076768875122,,
1790036625.1441467,RAW_IMU,,,,,,,,,0,0,-1001,2,2,2,,,,,
1790036625.1601758,GLOBAL_POSITION_INT,-35.3604685,149.1684133,579.43,-0.678,-0.02,0.0,0.0,225.24,,,,,,,,,,,
1790036625.1615329,GPS_RAW_INT,,,,,,,,,,,,,,,,,,6,10
1790036625.162616,ATTITUDE,,,,,,,,,,,,,,,-0.0014421046944335103,0.0001030649509630166,-2.3520772457122803,,
1790036625.164303,RAW_IMU,,,,,,,,,0,0,-1001,2,2,2,,,,,
1790036625.1816988,ATTITUDE,,,,,,,,,,,,,,,-0.0014441823586821556,0.0001024789598886855,-2.352081060409546,,
1790036625.1825016,RAW_IMU,,,,,,,,,0,0,-1001,2,2,2,,,,,
1790036625.201788,ATTITUDE,,,,,,,,,,,,,,,-0.0014452922623604536,0.00010096921323565766,-2.3520851135253906,,
1790036625.2028196,RAW_IMU,,,,,,,,,0,0,-1001,2,2,2,,,,,
1790036625.2226012,ATTITUDE,,,,,,,,,,,,,,,-0.0014486773870885372,9.91369379335083e-05,-2.3520872592926025,,
1790036625.2235334,RAW_IMU,,,,,,,,,0,0,-1001,2,2,2,,,,,
1790036625.2431295,ATTITUDE,,,,,,,,,,,,,,,-0.0014508373569697142,9.846010652836412e-05,-2.352088451385498,,
1790036625.245255,RAW_IMU,,,,,,,,,0,0,-1001,2,2,2,,,,,
1790036625.2570817,GLOBAL_POSITION_INT,-35.3604685,149.1684133,579.43,-0.678,-0.02,0.0,0.0,225.24,,,,,,,,,,,
1790036625.2583973,GPS_RAW_INT,,,,,,,,,,,,,,,,,,6,10
1790036625.2632797,ATTITUDE,,,,,,,,,,,,,,,-0.0014491768088191748,0.00010015181032940745,-2.3520901203155518,,
1790036625.2645874,RAW_IMU,,,,,,,,,0,0,-1001,2,2,2,,,,,
1790036625.2839491,ATTITUDE,,,,,,,,,,,,,,,-0.0014474369818344712,0.00010192263289354742,-2.3520925045013428,,
1790036625.28606,RAW_IMU,,,,,,,,,0,0,-1000,2,2,2,,,,,
1790036625.3045368,ATTITUDE,,,,,,,,,,,,,,,-0.0014463026309385896,0.00010327899508411065,-2.3520970344543457,,
1790036625.3058562,RAW_IMU,,,,,,,,,0,0,-1001,2,2,2,,,,,
1790036625.3245056,ATTITUDE,,,,,,,,,,,,,,,-0.0014446824789047241,0.00010399205348221585,-2.3520987033843994,,
1790036625.325558,RAW_IMU,,,,,,,,,0,0,-1001,2,2,2,,,,,
1790036625.3444839,ATTITUDE,,,,,,,,,,,,,,,-0.0014438454527407885,0.0001044428427121602,-2.3520987033843994,,
1790036625.3455994,RAW_IMU,,,,,,,,,0,0,-1001,2,2,2,,,,,
1790036625.3574612,GLOBAL_POSITION_INT,-35.3604685,149.1684133,579.43,-0.678,-0.02,0.0,0.0,225.24,,,,,,,,,,,
1790036625.3585382,GPS_RAW_INT,,,,,,,,,,,,,,,,,,6,10
1790036625.3637698,ATTITUDE,,,,,,,,,,,,,,,-0.0014443214749917388,0.000103689671959728,-2.352099657058716,,
1790036625.364955,RAW_IMU,,,,,,,,,0,0,-1001,2,2,2,,,,,
1790036625.4012156,ATTITUDE,,,,,,,,,,,,,,,-0.0014456139178946614,0.00010262130672344938,-2.3521029949188232,,
1790036625.4028976,RAW_IMU,,,,,,,,,0,0,-1001,2,2,2,,,,,
1790036625.4048421,ATTITUDE,,,,,,,,,,,,,,,-0.0014491677284240723,0.00010120092338183895,-2.3521084785461426,,
1790036625.4074,RAW_IMU,,,,,,,,,0,0,-1001,2,2,2,,,,,
1790036625.4249623,ATTITUDE,,,,,,,,,,,,,,,-0.00145154376514256,0.00010030108387582004,-2.3521132469177246,,
1790036625.425983,RAW_IMU,,,,,,,,,0,0,-1001,2,2,2,,,,,
1790036625.4450727,ATTITUDE,,,,,,,,,,,,,,,-0.0014504489954560995,0.0001003607249003835,-2.3521182537078857,,
1790036625.4459913,RAW_IMU,,,,,,,,,0,0,-1001,2,2,2,,,,,
1790036625.4589143,GLOBAL_POSITION_INT,-35.3604685,149.1684133,579.43,-0.677,-0.02,0.0,0.0,225.24,,,,,,,,,,,
1790036625.4596415,GPS_RAW_INT,,,,,,,,,,,,,,,,,,6,10
1790036625.4618237,ATTITUDE,,,,,,,,,,,,,,,-0.001448886119760573,0.00010220109834335744,-2.3521230220794678,,
1790036625.4628751,RAW_IMU,,,,,,,,,0,0,-1001,2,2,2,,,,,
1790036625.4802368,ATTITUDE,,,,,,,,,,,,,,,-0.0014480388490483165,0.00010195786308031529,-2.3521316051483154,,
1790036625.481397,RAW_IMU,,,,,,,,,0,0,-1001,2,2,2,,,,,
1790036625.5006096,ATTITUDE,,,,,,,,,,,,,,,-0.0014457721263170242,0.00010039638436865062,-2.3521387577056885,,
1790036625.5027008,RAW_IMU,,,,,,,,,0,0,-1001,2,2,2,,,,,
1790036625.5200307,ATTITUDE,,,,,,,,,,,,,,,-0.0014435752527788281,0.00010092725278809667,-2.352144956588745,,
1790036625.5215485,RAW_IMU,,,,,,,,,0,0,-1001,2,2,2,,,,,
1790036625.5445254,ATTITUDE,,,,,,,,,,,,,,,-0.0014424982946366072,0.0001002712087938562,-2.3521533012390137,,
1790036625.5457861,RAW_IMU,,,,,,,,,0,0,-1001,2,2,2,,,,,
1790036625.5588908,GLOBAL_POSITION_INT,-35.3604685,149.1684133,579.43,-0.676,-0.02,0.0,0.0,225.24,,,,,,,,,,,
1790036625.559738,GPS_RAW_INT,,,,,,,,,,,,,,,,,,6,10
1790036625.561734,ATTITUDE,,,,,,,,,,,,,,,-0.0014436166966333985,9.869406494544819e-05,-2.3521625995635986,,
1790036625.5628686,RAW_IMU,,,,,,,,,0,0,-1001,2,2,2,,,,,
1790036625.5806987,ATTITUDE,,,,,,,,,,,,,,,-0.001443850458599627,9.508294897386804e-05,-2.352173089981079,,
1790036625.5818148,RAW_IMU,,,,,,,,,0,0,-1001,2,2,2,,,,,
1790036625.6014907,ATTITUDE,,,,,,,,,,,,,,,-0.001446862006559968,9.269615111406893e-05,-2.3521835803985596,,
1790036625.6024613,RAW_IMU,,,,,,,,,0,0,-1001,2,2,2,,,,,
1790036625.621478,ATTITUDE,,,,,,,,,,,,,,,-0.0014492170885205269,8.90516530489549e-05,-2.3521945476531982,,
1790036625.6228833,RAW_IMU,,,,,,,,,0,0,-1001,2,2,2,,,,,
1790036625.6468751,ATTITUDE,,,,,,,,,,,,,,,-0.001448454218916595,8.740006887819618e-05,-2.3522047996520996,,
1790036625.6485624,RAW_IMU,,,,,,,,,0,0,-1001,2,2,2,,,,,
1790036625.6556065,GLOBAL_POSITION_INT,-35.3604685,149.1684133,579.43,-0.675,-0.02,0.0,0.0,225.23,,,,,,,,,,,
1790036625.6566653,GPS_RAW_INT,,,,,,,,,,,,,,,,,,6,10
1790036625.6617475,ATTITUDE,,,,,,,,,,,,,,,-0.0014435843331739306,8.691008406458423e-05,-2.3522143363952637,,
1790036625.6634467,RAW_IMU,,,,,,,,,0,0,-1001,2,2,2,,,,,
1790036625.6827085,ATTITUDE,,,,,,,,,,,,,,,-0.001440071384422481,8.742698264541104e-05,-2.352224111557007,,
1790036625.6844857,RAW_IMU,,,,,,,,,0,0,-1001,2,2,2,,,,,
1790036625.7029374,ATTITUDE,,,,,,,,,,,,,,,-0.0014387313276529312,8.724896906642243e-05,-2.35223650932312,,
1790036625.7040975,RAW_IMU,,,,,,,,,0,0,-1001,2,2,2,,,,,
1790036625.7228978,ATTITUDE,,,,,,,,,,,,,,,-0.0014368019765242934,8.611107477918267e-05,-2.3522467613220215,,
1790036625.724402,RAW_IMU,,,,,,,,,0,0,-1001,2,2,2,,,,,
1790036625.7427852,ATTITUDE,,,,,,,,,,,,,,,-0.001434435835108161,8.566470205551013e-05,-2.3522555828094482,,
1790036625.7440226,RAW_IMU,,,,,,,,,0,0,-1001,2,2,2,,,,,
1790036625.7567549,GLOBAL_POSITION_INT,-35.3604685,149.1684133,579.43,-0.674,-0.02,0.0,0.0,225.23,,,,,,,,,,,
1790036625.757152,GPS_RAW_INT,,,,,,,,,,,,,,,,,,6,10
1790036625.7632196,ATTITUDE,,,,,,,,,,,,,,,-0.0014346636598929763,8.471833280054852e-05,-2.3522651195526123,,
1790036625.7639716,RAW_IMU,,,,,,,,,0,0,-1001,2,2,2,,,,,
1790036625.7832465,ATTITUDE,,,,,,,,,,,,,,,-0.0014353961450979114,8.371965668629855e-05,-2.3522768020629883,,
1790036625.7848732,RAW_IMU,,,,,,,,,0,0,-1001,2,2,2,,,,,
1790036625.802941,ATTITUDE,,,,,,,,,,,,,,,-0.0014389976859092712,8.299310866277665e-05,-2.352287769317627,,
1790036625.8052413,RAW_IMU,,,,,,,,,0,0,-1001,2,2,2,,,,,
1790036625.8232198,ATTITUDE,,,,,,,,,,,,,,,-0.0014409308787435293,7.93867147876881e-05,-2.3522987365722656,,
1790036625.8254397,RAW_IMU,,,,,,,,,0,0,-1001,2,2,2,,,,,
1790036625.84288,ATTITUDE,,,,,,,,,,,,,,,-0.0014400543877854943,7.691091013839468e-05,-2.352309226989746,,
1790036625.8440537,RAW_IMU,,,,,,,,,0,0,-1001,2,2,2,,,,,
1790036625.856885,GLOBAL_POSITION_INT,-35.3604685,149.1684133,579.43,-0.673,-0.02,0.0,0.0,225.23,,,,,,,,,,,
1790036625.8578553,GPS_RAW_INT,,,,,,,,,,,,,,,,,,6,10
1790036625.8627212,ATTITUDE,,,,,,,,,,,,,,,-0.001436136313714087,7.848152745282277e-05,-2.352318525314331,,
1790036625.8639443,RAW_IMU,,,,,,,,,0,0,-1001,2,2,2,,,,,
1790036625.8983605,ATTITUDE,,,,,,,,,,,,,,,-0.001432517427019775,8.056375372689217e-05,-2.3523285388946533,,
1790036625.8997347,RAW_IMU,,,,,,,,,0,0,-1001,2,2,2,,,,,
1790036625.9036424,ATTITUDE,,,,,,,,,,,,,,,-0.0014303263742476702,7.939513307064772e-05,-2.3523383140563965,,
1790036625.9046292,RAW_IMU,,,,,,,,,0,0,-1001,2,2,2,,,,,
1790036625.9236052,ATTITUDE,,,,,,,,,,,,,,,-0.0014290947001427412,7.920532516436651e-05,-2.352348566055298,,
1790036625.924755,RAW_IMU,,,,,,,,,0,0,-1001,2,2,2,,,,,
1790036625.9437237,ATTITUDE,,,,,,,,,,,,,,,-0.0014291541883721948,7.841118349460885e-05,-2.3523595333099365,,
1790036625.945155,RAW_IMU,,,,,,,,,0,0,-1001,2,2,2,,,,,
1790036625.9571211,GLOBAL_POSITION_INT,-35.3604685,149.1684133,579.43,-0.672,-0.02,0.0,0.0,225.22,,,,,,,,,,,
1790036625.9585917,GPS_RAW_INT,,,,,,,,,,,,,,,,,,6,10
1790036625.9636738,ATTITUDE,,,,,,,,,,,,,,,-0.0014278874732553959,7.695591193623841e-05,-2.352369785308838,,
1790036625.9653418,RAW_IMU,,,,,,,,,0,0,-1000,2,2,2,,,,,
1790036625.9837265,ATTITUDE,,,,,,,,,,,,,,,-0.001429093419574201,7.670165359741077e-05,-2.3523802757263184,,
1790036625.9849896,RAW_IMU,,,,,,,,,0,0,-1001,2,2,2,,,,,
1790036626.0046046,ATTITUDE,,,,,,,,,,,,,,,-0.0014285353245213628,7.517823542002589e-05,-2.3523917198181152,,
1790036626.0055983,RAW_IMU,,,,,,,,,0,0,-1001,2,2,2,,,,,
1790036626.0253696,ATTITUDE,,,,,,,,,,,,,,,-0.0014299815520644188,7.268240005942062e-05,-2.3524017333984375,,
1790036626.0264902,RAW_IMU,,,,,,,,,0,0,-1001,2,2,2,,,,,
1790036626.045796,ATTITUDE,,,,,,,,,,,,,,,-0.0014291435945779085,7.208821625681594e-05,-2.352412462234497,,
1790036626.0467668,RAW_IMU,,,,,,,,,0,0,-1001,2,2,2,,,,,
1790036626.0595117,GLOBAL_POSITION_INT,-35.3604685,149.1684133,579.43,-0.671,-0.02,0.0,0.0,225.22,,,,,,,,,,,
1790036626.0612655,GPS_RAW_INT,,,,,,,,,,,,,,,,,,6,10
1790036626.0645046,ATTITUDE,,,,,,,,,,,,,,,-0.0014255045680329204,7.347841892624274e-05,-2.3524222373962402,,
1790036626.065646,RAW_IMU,,,,,,,,,0,0,-1001,2,2,2,,,,,
1790036626.0811937,ATTITUDE,,,,,,,,,,,,,,,-0.0014239491429179907,7.386397192021832e-05,-2.3524317741394043,,
1790036626.0826604,RAW_IMU,,,,,,,,,0,0,-1001,2,2,2,,,,,
1790036626.1018684,ATTITUDE,,,,,,,,,,,,,,,-0.0014209009241312742,7.50242979847826e-05,-2.3524415493011475,,
1790036626.1026971,RAW_IMU,,,,,,,,,0,0,-1001,2,2,2,,,,,
1790036626.122266,ATTITUDE,,,,,,,,,,,,,,,-0.0014182338491082191,7.489055133191869e-05,-2.352450132369995,,
1790036626.1234684,RAW_IMU,,,,,,,,,0,0,-1001,2,2,2,,,,,
1790036626.1512907,ATTITUDE,,,,,,,,,,,,,,,-0.0014154862146824598,7.3460498242639e-05,-2.3524582386016846,,
1790036626.1524167,RAW_IMU,,,,,,,,,0,0,-1001,2,2,2,,,,,
1790036626.1559336,GLOBAL_POSITION_INT,-35.3604685,149.1684133,579.43,-0.67,-0.02,0.0,0.0,225.22,,,,,,,,,,,
1790036626.1568406,GPS_RAW_INT,,,,,,,,,,,,,,,,,,6,10
1790036626.1620767,ATTITUDE,,,,,,,,,,,,,,,-0.0014154218370094895,7.042157812975347e-05,-2.352468729019165,,
1790036626.162921,RAW_IMU,,,,,,,,,0,0,-1001,2,2,2,,,,,
1790036626.1822565,ATTITUDE,,,,,,,,,,,,,,,-0.0014154163654893637,6.914871482877061e-05,-2.352480173110962,,
1790036626.183781,RAW_IMU,,,,,,,,,0,0,-1001,2,2,2,,,,,
1790036626.2026184,ATTITUDE,,,,,,,,,,,,,,,-0.0014181332662701607,6.730483437422663e-05,-2.352489948272705,,
1790036626.2040284,RAW_IMU,,,,,,,,,0,0,-1001,2,2,2,,,,,
1790036626.2221608,ATTITUDE,,,,,,,,,,,,,,,-0.0014203244354575872,6.526886863866821e-05,-2.3525021076202393,,
1790036626.2234724,RAW_IMU,,,,,,,,,0,0,-1001,2,2,2,,,,,
1790036626.2422135,ATTITUDE,,,,,,,,,,,,,,,-0.0014188066124916077,6.390405906131491e-05,-2.3525125980377197,,
1790036626.2435696,RAW_IMU,,,,,,,,,0,0,-1001,2,2,2,,,,,
1790036626.2557645,GLOBAL_POSITION_INT,-35.3604685,149.1684133,579.44,-0.669,-0.02,0.0,0.0,225.22,,,,,,,,,,,
1790036626.25712,GPS_RAW_INT,,,,,,,,,,,,,,,,,,6,10
1790036626.262526,ATTITUDE,,,,,,,,,,,,,,,-0.0014151426730677485,6.446746556321159e-05,-2.352522134780884,,
1790036626.2637327,RAW_IMU,,,,,,,,,0,0,-1001,2,2,2,,,,,
1790036626.282229,ATTITUDE,,,,,,,,,,,,,,,-0.0014104795409366488,6.573370774276555e-05,-2.352531909942627,,
1790036626.2837603,RAW_IMU,,,,,,,,,0,0,-1000,2,2,2,,,,,
1790036626.302529,ATTITUDE,,,,,,,,,,,,,,,-0.0014094763901084661,6.494385161204264e-05,-2.3525450229644775,,
1790036626.3033733,RAW_IMU,,,,,,,,,0,0,-1001,2,2,2,,,,,
1790036626.322139,ATTITUDE,,,,,,,,,,,,,,,-0.0014074635691940784,6.479058356489986e-05,-2.3525547981262207,,
1790036626.3235886,RAW_IMU,,,,,,,,,0,0,-1001,2,2,2,,,,,
1790036626.3423102,ATTITUDE,,,,,,,,,,,,,,,-0.0014059762470424175,6.499374285340309e-05,-2.352564573287964,,
1790036626.3442235,RAW_IMU,,,,,,,,,0,0,-1001,2,2,2,,,,,
1790036626.356537,GLOBAL_POSITION_INT,-35.3604685,149.1684133,579.44,-0.669,-0.02,0.0,0.0,225.21,,,,,,,,,,,
1790036626.3573837,GPS_RAW_INT,,,,,,,,,,,,,,,,,,6,10
1790036626.363182,ATTITUDE,,,,,,,,,,,,,,,-0.0014050614554435015,6.491209933301434e-05,-2.3525755405426025,,
1790036626.3641088,RAW_IMU,,,,,,,,,0,0,-1001,2,2,2,,,,,
1790036626.3979669,ATTITUDE,,,,,,,,,,,,,,,-0.001406524213962257,6.423209561035037e-05,-2.352586507797241,,
1790036626.400386,RAW_IMU,,,,,,,,,0,0,-1001,2,2,2,,,,,
1790036626.4038374,ATTITUDE,,,,,,,,,,,,,,,-0.0014073033817112446,6.425641913665459e-05,-2.3525986671447754,,
1790036626.406499,RAW_IMU,,,,,,,,,0,0,-1001,2,2,2,,,,,
1790036626.423008,ATTITUDE,,,,,,,,,,,,,,,-0.0014095853548496962,6.239961658138782e-05,-2.3526086807250977,,
1790036626.4237611,RAW_IMU,,,,,,,,,0,0,-1000,2,2,2,,,,,
1790036626.4423559,ATTITUDE,,,,,,,,,,,,,,,-0.0014103871071711183,6.2868683016859e-05,-2.3526194095611572,,
1790036626.443362,RAW_IMU,,,,,,,,,0,0,-1001,2,2,2,,,,,
1790036626.4559963,GLOBAL_POSITION_INT,-35.3604685,149.1684133,579.44,-0.668,-0.02,0.0,0.0,225.21,,,,,,,,,,,
1790036626.4566426,GPS_RAW_INT,,,,,,,,,,,,,,,,,,6,10
1790036626.4624443,ATTITUDE,,,,,,,,,,,,,,,-0.001406440045684576,6.257277709664777e-05,-2.3526294231414795,,
1790036626.4635522,RAW_IMU,,,,,,,,,0,0,-1001,2,2,2,,,,,
1790036626.4831321,ATTITUDE,,,,,,,,,,,,,,,-0.0014036755310371518,6.431459041777998e-05,-2.35263991355896,,
1790036626.4838378,RAW_IMU,,,,,,,,,0,0,-1001,2,2,2,,,,,
1790036626.5029118,ATTITUDE,,,,,,,,,,,,,,,-0.0013999366201460361,6.42072336631827e-05,-2.3526523113250732,,
1790036626.5044951,RAW_IMU,,,,,,,,,0,0,-1001,2,2,2,,,,,
1790036626.5227976,ATTITUDE,,,,,,,,,,,,,,,-0.001399708678945899,6.305509305093437e-05,-2.3526623249053955,,
1790036626.5241032,RAW_IMU,,,,,,,,,0,0,-1001,2,2,2,,,,,
1790036626.5428035,ATTITUDE,,,,,,,,,,,,,,,-0.0013987224083393812,6.31782750133425e-05,-2.3526721000671387,,
1790036626.5434976,RAW_IMU,,,,,,,,,0,0,-1001,2,2,2,,,,,
1790036626.5566018,GLOBAL_POSITION_INT,-35.3604685,149.1684133,579.44,-0.667,-0.02,0.0,0.0,225.21,,,,,,,,,,,
1790036626.5580342,GPS_RAW_INT,,,,,,,,,,,,,,,,,,6,10
1790036626.5631256,ATTITUDE,,,,,,,,,,,,,,,-0.0013975774636492133,6.244362884899601e-05,-2.3526830673217773,,
1790036626.5642197,RAW_IMU,,,,,,,,,0,0,-1001,2,2,2,,,,,
1790036626.583629,ATTITUDE,,,,,,,,,,,,,,,-0.0013979265931993723,6.0647296777460724e-05,-2.352694034576416,,
1790036626.5852435,RAW_IMU,,,,,,,,,0,0,-1001,2,2,2,,,,,
1790036626.6037457,ATTITUDE,,,,,,,,,,,,,,,-0.0013985109981149435,5.76989259570837e-05,-2.352705478668213,,
1790036626.605375,RAW_IMU,,,,,,,,,0,0,-1001,2,2,2,,,,,
1790036626.6236336,ATTITUDE,,,,,,,,,,,,,,,-0.0013995978515595198,5.55489314137958e-05,-2.3527159690856934,,
1790036626.6249013,RAW_IMU,,,,,,,,,0,0,-1001,2,2,2,,,,,
1790036626.6471565,ATTITUDE,,,,,,,,,,,,,,,-0.001396820181980729,5.383633833844215e-05,-2.3527252674102783,,
1790036626.6482403,RAW_IMU,,,,,,,,,0,0,-1001,2,2,2,,,,,
1790036626.6579857,GLOBAL_POSITION_INT,-35.3604685,149.1684133,579.44,-0.666,-0.02,0.0,0.0,225.2,,,,,,,,,,,
1790036626.658912,GPS_RAW_INT,,,,,,,,,,,,,,,,,,6,10
1790036626.6641033,ATTITUDE,,,,,,,,,,,,,,,-0.0013936199247837067,5.305629747454077e-05,-2.352736234664917,,
1790036626.6657557,RAW_IMU,,,,,,,,,0,0,-1001,2,2,2,,,,,
1790036626.6845908,ATTITUDE,,,,,,,,,,,,,,,-0.0013911344576627016,5.421388414106332e-05,-2.3527462482452393,,
1790036626.685806,RAW_IMU,,,,,,,,,0,0,-1001,2,2,2,,,,,
1790036626.7051165,ATTITUDE,,,,,,,,,,,,,,,-0.0013873011339455843,5.5085965868784115e-05,-2.3527579307556152,,
1790036626.706273,RAW_IMU,,,,,,,,,0,0,-1001,2,2,2,,,,,
1790036626.7249806,ATTITUDE,,,,,,,,,,,,,,,-0.001385400420986116,5.5665481340838596e-05,-2.3527672290802,,
1790036626.7260518,RAW_IMU,,,,,,,,,0,0,-1001,2,2,2,,,,,
1790036626.7449884,ATTITUDE,,,,,,,,,,,,,,,-0.0013838243903592229,5.68260220461525e-05,-2.3527767658233643,,
1790036626.745993,RAW_IMU,,,,,,,,,0,0,-1001,2,2,2,,,,,
1790036626.7584007,GLOBAL_POSITION_INT,-35.3604685,149.1684133,579.44,-0.666,-0.02,0.0,0.0,225.2,,,,,,,,,,,
1790036626.7591825,GPS_RAW_INT,,,,,,,,,,,,,,,,,,6,10
1790036626.7650378,ATTITUDE,,,,,,,,,,,,,,,-0.0013818963197991252,5.673389387084171e-05,-2.3527863025665283,,
1790036626.765965,RAW_IMU,,,,,,,,,0,0,-1001,2,2,2,,,,,
1790036626.7853503,ATTITUDE,,,,,,,,,,,,,,,-0.001382740680128336,5.514846634468995e-05,-2.3527965545654297,,
1790036626.7866483,RAW_IMU,,,,,,,,,0,0,-1001,2,2,2,,,,,
1790036626.8052754,ATTITUDE,,,,,,,,,,,,,,,-0.0013838164741173387,5.333893568604253e-05,-2.352806329727173,,
1790036626.8068914,RAW_IMU,,,,,,,,,0,0,-1001,2,2,2,,,,,
1790036626.8256812,ATTITUDE,,,,,,,,,,,,,,,-0.0013860514154657722,4.939888458466157e-05,-2.3528175354003906,,
1790036626.8269958,RAW_IMU,,,,,,,,,0,0,-1001,2,2,2,,,,,
1790036626.845529,ATTITUDE,,,,,,,,,,,,,,,-0.0013863277854397893,4.801727845915593e-05,-2.352827787399292,,
1790036626.8470516,RAW_IMU,,,,,,,,,0,0,-1001,2,2,2,,,,,
1790036626.8595805,GLOBAL_POSITION_INT,-35.3604685,149.1684133,579.44,-0.665,-0.02,0.0,0.0,225.2,,,,,,,,,,,
1790036626.8609822,GPS_RAW_INT,,,,,,,,,,,,,,,,,,6,10
1790036626.8621914,ATTITUDE,,,,,,,,,,,,,,,-0.0013833801494911313,5.064923971076496e-05,-2.352837085723877,,
1790036626.86354,RAW_IMU,,,,,,,,,0,0,-1001,2,2,2,,,,,
1790036626.901558,ATTITUDE,,,,,,,,,,,,,,,-0.0013812745455652475,5.130146746523678e-05,-2.352847099304199,,
1790036626.903089,RAW_IMU,,,,,,,,,0,0,-1001,2,2,2,,,,,
1790036626.9044073,ATTITUDE,,,,,,,,,,,,,,,-0.0013780498411506414,5.131900979904458e-05,-2.3528566360473633,,
1790036626.9054186,RAW_IMU,,,,,,,,,0,0,-1001,2,2,2,,,,,
1790036626.9221742,ATTITUDE,,,,,,,,,,,,,,,-0.001375933876261115,5.14118219143711e-05,-2.3528690338134766,,
1790036626.9231448,RAW_IMU,,,,,,,,,0,0,-1001,2,2,2,,,,,
1790036626.9419372,ATTITUDE,,,,,,,,,,,,,,,-0.0013741615694016218,5.082659481558949e-05,-2.352879524230957,,
1790036626.9427295,RAW_IMU,,,,,,,,,0,0,-1001,2,2,2,,,,,
1790036626.9558368,GLOBAL_POSITION_INT,-35.3604685,149.1684133,579.44,-0.665,-0.02,0.0,0.0,225.19,,,,,,,,,,,
1790036626.9565597,GPS_RAW_INT,,,,,,,,,,,,,,,,,,6,10
1790036626.9620988,ATTITUDE,,,,,,,,,,,,,,,-0.0013724485179409385,4.978580545866862e-05,-2.3528921604156494,,
1790036626.962966,RAW_IMU,,,,,,,,,0,0,-1001,2,2,2,,,,,
1790036626.9824533,ATTITUDE,,,,,,,,,,,,,,,-0.0013720501447096467,4.8865436838241294e-05,-2.35290265083313,,
1790036626.9833136,RAW_IMU,,,,,,,,,0,0,-1001,2,2,2,,,,,
1790036627.003285,ATTITUDE,,,,,,,,,,,,,,,-0.0013739640126004815,4.8088619223563e-05,-2.352914810180664,,
1790036627.0055232,RAW_IMU,,,,,,,,,0,0,-1000,2,2,2,,,,,
1790036627.0234437,ATTITUDE,,,,,,,,,,,,,,,-0.0013762714806944132,4.640186671167612e-05,-2.3529255390167236,,
1790036627.025318,RAW_IMU,,,,,,,,,0,0,-1001,2,2,2,,,,,
1790036627.0434403,ATTITUDE,,,,,,,,,,,,,,,-0.0013754141982644796,4.450038250070065e-05,-2.352936029434204,,
1790036627.0443702,RAW_IMU,,,,,,,,,0,0,-1001,2,2,2,,,,,
1790036627.057228,GLOBAL_POSITION_INT,-35.3604685,149.1684133,579.44,-0.664,-0.02,0.0,0.0,225.19,,,,,,,,,,,
1790036627.0583475,GPS_RAW_INT,,,,,,,,,,,,,,,,,,6,10
1790036627.0649612,ATTITUDE,,,,,,,,,,,,,,,-0.0013731869403272867,4.5886466978117824e-05,-2.352945327758789,,
1790036627.0662155,RAW_IMU,,,,,,,,,0,0,-1001,2,2,2,,,,,
1790036627.084093,ATTITUDE,,,,,,,,,,,,,,,-0.0013687596656382084,4.716796684078872e-05,-2.352957010269165,,
1790036627.0852206,RAW_IMU,,,,,,,,,0,0,-1001,2,2,2,,,,,
1790036627.1046097,ATTITUDE,,,,,,,,,,,,,,,-0.0013668324099853635,4.8160163714783266e-05,-2.352968454360962,,
1790036627.1056874,RAW_IMU,,,,,,,,,0,0,-1001,2,2,2,,,,,
1790036627.1244442,ATTITUDE,,,,,,,,,,,,,,,-0.001364656025543809,4.870658813160844e-05,-2.352978229522705,,
1790036627.1254687,RAW_IMU,,,,,,,,,0,0,-1001,2,2,2,,,,,
1790036627.1497,ATTITUDE,,,,,,,,,,,,,,,-0.0013632194604724646,4.9170255806529894e-05,-2.3529880046844482,,
1790036627.1515284,RAW_IMU,,,,,,,,,0,0,-1001,2,2,2,,,,,
1790036627.1578808,GLOBAL_POSITION_INT,-35.3604685,149.1684133,579.44,-0.664,-0.02,0.0,0.0,225.19,,,,,,,,,,,
1790036627.1585965,GPS_RAW_INT,,,,,,,,,,,,,,,,,,6,10
1790036627.1643062,ATTITUDE,,,,,,,,,,,,,,,-0.0013616590294986963,4.938946585753001e-05,-2.3529980182647705,,
1790036627.1649334,RAW_IMU,,,,,,,,,0,0,-1001,2,2,2,,,,,
1790036627.1850486,ATTITUDE,,,,,,,,,,,,,,,-0.0013610980240628123,4.8156998673221096e-05,-2.353008985519409,,
1790036627.1870008,RAW_IMU,,,,,,,,,0,0,-1001,2,2,2,,,,,
1790036627.2055695,ATTITUDE,,,,,,,,,,,,,,,-0.0013620423851534724,4.588167212205008e-05,-2.353020668029785,,
1790036627.207929,RAW_IMU,,,,,,,,,0,0,-1001,2,2,2,,,,,
1790036627.2201924,ATTITUDE,,,,,,,,,,,,,,,-0.0013621459947898984,4.323635948821902e-05,-2.3530304431915283,,
1790036627.2212005,RAW_IMU,,,,,,,,,0,0,-1001,2,2,2,,,,,
1790036627.241073,ATTITUDE,,,,,,,,,,,,,,,-0.0013602211838588119,4.25531470682472e-05,-2.3530406951904297,,
1790036627.242482,RAW_IMU,,,,,,,,,0,0,-1001,2,2,2,,,,,
1790036627.2609708,GLOBAL_POSITION_INT,-35.3604685,149.1684133,579.44,-0.663,-0.02,0.0,0.0,225.19,,,,,,,,,,,
1790036627.2622955,GPS_RAW_INT,,,,,,,,,,,,,,,,,,6,10
1790036627.2647676,ATTITUDE,,,,,,,,,,,,,,,-0.0013555027544498444,4.4345779315335676e-05,-2.3530516624450684,,
1790036627.2662082,RAW_IMU,,,,,,,,,0,0,-1001,2,2,2,,,,,
1790036627.2812734,ATTITUDE,,,,,,,,,,,,,,,-0.0013533815508708358,4.378224184620194e-05,-2.353062868118286,,
1790036627.2827673,RAW_IMU,,,,,,,,,0,0,-1001,2,2,2,,,,,
1790036627.3014672,ATTITUDE,,,,,,,,,,,,,,,-0.0013519228668883443,4.511141014518216e-05,-2.3530735969543457,,
1790036627.3030245,RAW_IMU,,,,,,,,,0,0,-1001,2,2,2,,,,,
1790036627.3208258,ATTITUDE,,,,,,,,,,,,,,,-0.0013499163324013352,4.628027090802789e-05,-2.353083372116089,,
1790036627.3218246,RAW_IMU,,,,,,,,,0,0,-1001,2,2,2,,,,,
1790036627.3405085,ATTITUDE,,,,,,,,,,,,,,,-0.0013485888484865427,4.501369039644487e-05,-2.3530938625335693,,
1790036627.341548,RAW_IMU,,,,,,,,,0,0,-1001,2,2,2,,,,,
1790036627.3599517,GLOBAL_POSITION_INT,-35.3604685,149.1684133,579.44,-0.663,-0.02,0.0,0.0,225.18,,,,,,,,,,,
1790036627.3615935,GPS_RAW_INT,,,,,,,,,,,,,,,,,,6,10
1790036627.3628592,ATTITUDE,,,,,,,,,,,,,,,-0.0013484586961567402,4.3804979213746265e-05,-2.353104829788208,,
1790036627.3635612,RAW_IMU,,,,,,,,,0,0,-1001,2,2,2,,,,,
1790036627.4008977,ATTITUDE,,,,,,,,,,,,,,,-0.0013480538036674261,4.364829510450363e-05,-2.3531148433685303,,
1790036627.402228,RAW_IMU,,,,,,,,,0,0,-1001,2,2,2,,,,,
1790036627.4036207,ATTITUDE,,,,,,,,,,,,,,,-0.0013494936283677816,4.129339140490629e-05,-2.353126287460327,,
1790036627.405893,RAW_IMU,,,,,,,,,0,0,-1001,2,2,2,,,,,
1790036627.4222543,ATTITUDE,,,,,,,,,,,,,,,-0.0013507312396541238,3.868413477903232e-05,-2.3531370162963867,,
1790036627.423199,RAW_IMU,,,,,,,,,0,0,-1001,2,2,2,,,,,
1790036627.4427955,ATTITUDE,,,,,,,,,,,,,,,-0.0013493378646671772,3.762760752579197e-05,-2.353147506713867,,
1790036627.4440646,RAW_IMU,,,,,,,,,0,0,-1001,2,2,2,,,,,
1790036627.4565158,GLOBAL_POSITION_INT,-35.3604685,149.1684133,579.44,-0.662,-0.02,0.0,0.0,225.18,,,,,,,,,,,
1790036627.4574444,GPS_RAW_INT,,,,,,,,,,,,,,,,,,6,10
1790036627.4630344,ATTITUDE,,,,,,,,,,,,,,,-0.001345809199847281,3.889860090566799e-05,-2.353158473968506,,
1790036627.4642024,RAW_IMU,,,,,,,,,0,0,-1001,2,2,2,,,,,
1790036627.483317,ATTITUDE,,,,,,,,,,,,,,,-0.001343697658739984,3.9792550523998216e-05,-2.353170394897461,,
1790036627.4845798,RAW_IMU,,,,,,,,,0,0,-1001,2,2,2,,,,,
1790036627.5036688,ATTITUDE,,,,,,,,,,,,,,,-0.0013402700424194336,3.986751471529715e-05,-2.3531813621520996,,
1790036627.5056295,RAW_IMU,,,,,,,,,0,0,-1001,2,2,2,,,,,
1790036627.5227976,ATTITUDE,,,,,,,,,,,,,,,-0.0013371030800044537,4.141353565501049e-05,-2.3531932830810547,,
1790036627.5240903,RAW_IMU,,,,,,,,,0,0,-1001,2,2,2,,,,,
1790036627.5428205,ATTITUDE,,,,,,,,,,,,,,,-0.0013354683760553598,4.193479981040582e-05,-2.3532044887542725,,
1790036627.5438206,RAW_IMU,,,,,,,,,0,0,-1001,2,2,2,,,,,
1790036627.556607,GLOBAL_POSITION_INT,-35.3604685,149.1684133,579.44,-0.662,-0.02,0.0,0.0,225.18,,,,,,,,,,,
1790036627.5574422,GPS_RAW_INT,,,,,,,,,,,,,,,,,,6,10
1790036627.5628934,ATTITUDE,,,,,,,,,,,,,,,-0.0013361457968130708,4.1635277739260346e-05,-2.353214979171753,,
1790036627.5648336,RAW_IMU,,,,,,,,,0,0,-1001,2,2,2,,,,,
1790036627.5835702,ATTITUDE,,,,,,,,,,,,,,,-0.0013357894495129585,3.868866406264715e-05,-2.3532261848449707,,
1790036627.5845928,RAW_IMU,,,,,,,,,0,0,-1001,2,2,2,,,,,
1790036627.603491,ATTITUDE,,,,,,,,,,,,,,,-0.0013373246183618903,3.639763599494472e-05,-2.3532395362854004,,
1790036627.605063,RAW_IMU,,,,,,,,,0,0,-1001,2,2,2,,,,,
1790036627.6245081,ATTITUDE,,,,,,,,,,,,,,,-0.001339379814453423,3.471094896667637e-05,-2.353250503540039,,
1790036627.6258786,RAW_IMU,,,,,,,,,0,0,-1001,2,2,2,,,,,
1790036627.6489608,ATTITUDE,,,,,,,,,,,,,,,-0.001337227295152843,3.469495277386159e-05,-2.353262186050415,,
1790036627.6497312,RAW_IMU,,,,,,,,,0,0,-1001,2,2,2,,,,,
1790036627.6584253,GLOBAL_POSITION_INT,-35.3604685,149.1684133,579.44,-0.662,-0.02,0.0,0.0,225.17,,,,,,,,,,,
1790036627.658904,GPS_RAW_INT,,,,,,,,,,,,,,,,,,6,10
1790036627.6648479,ATTITUDE,,,,,,,,,,,,,,,-0.0013354767579585314,3.698675936902873e-05,-2.3532724380493164,,
1790036627.66612,RAW_IMU,,,,,,,,,0,0,-1001,2,2,2,,,,,
1790036627.6848476,ATTITUDE,,,,,,,,,,,,,,,-0.0013339004945009947,3.6780958907911554e-05,-2.353283405303955,,
1790036627.68601,RAW_IMU,,,,,,,,,0,0,-1001,2,2,2,,,,,
1790036627.7050955,ATTITUDE,,,,,,,,,,,,,,,-0.0013310229405760765,3.867698251269758e-05,-2.3532934188842773,,
1790036627.7074773,RAW_IMU,,,,,,,,,0,0,-1001,2,2,2,,,,,
1790036627.7254717,ATTITUDE,,,,,,,,,,,,,,,-0.0013290784554556012,3.90537352359388e-05,-2.3533031940460205,,
1790036627.726648,RAW_IMU,,,,,,,,,0,0,-1001,2,2,2,,,,,
1790036627.7448113,ATTITUDE,,,,,,,,,,,,,,,-0.0013293928932398558,3.878499410348013e-05,-2.353315591812134,,
1790036627.7460196,RAW_IMU,,,,,,,,,0,0,-1001,2,2,2,,,,,
1790036627.7575996,GLOBAL_POSITION_INT,-35.3604685,149.1684133,579.44,-0.661,-0.02,0.0,0.0,225.17,,,,,,,,,,,
1790036627.7580473,GPS_RAW_INT,,,,,,,,,,,,,,,,,,6,10
1790036627.7640288,ATTITUDE,,,,,,,,,,,,,,,-0.0013298456324264407,3.764003122341819e-05,-2.3533260822296143,,
1790036627.765032,RAW_IMU,,,,,,,,,0,0,-1001,2,2,2,,,,,
1790036627.7832859,ATTITUDE,,,,,,,,,,,,,,,-0.0013293706579133868,3.7850313674425706e-05,-2.353337287902832,,
1790036627.785063,RAW_IMU,,,,,,,,,0,0,-1001,2,2,2,,,,,
1790036627.8035562,ATTITUDE,,,,,,,,,,,,,,,-0.001330649945884943,3.6444653233047575e-05,-2.3533504009246826,,
1790036627.8055217,RAW_IMU,,,,,,,,,0,0,-1001,2,2,2,,,,,
1790036627.8227942,ATTITUDE,,,,,,,,,,,,,,,-0.0013336922274902463,3.540557372616604e-05,-2.3533613681793213,,
1790036627.8242946,RAW_IMU,,,,,,,,,0,0,-1001,2,2,2,,,,,
1790036627.8426204,ATTITUDE,,,,,,,,,,,,,,,-0.0013320433208718896,3.428448690101504e-05,-2.3533713817596436,,
1790036627.8439932,RAW_IMU,,,,,,,,,0,0,-1001,2,2,2,,,,,
1790036627.856628,GLOBAL_POSITION_INT,-35.3604685,149.1684133,579.44,-0.661,-0.02,0.0,0.0,225.17,,,,,,,,,,,
1790036627.8580868,GPS_RAW_INT,,,,,,,,,,,,,,,,,,6,10
1790036627.8629646,ATTITUDE,,,,,,,,,,,,,,,-0.0013290309580042958,3.6030105547979474e-05,-2.3533825874328613,,
1790036627.8649933,RAW_IMU,,,,,,,,,0,0,-1001,2,2,2,,,,,
1790036627.9011574,ATTITUDE,,,,,,,,,,,,,,,-0.0013264075387269258,3.554292197804898e-05,-2.3533945083618164,,
1790036627.9025311,RAW_IMU,,,,,,,,,0,0,-1001,2,2,2,,,,,
1790036627.9046152,ATTITUDE,,,,,,,,,,,,,,,-0.001324932207353413,3.5358360037207603e-05,-2.353404998779297,,
1790036627.9065092,RAW_IMU,,,,,,,,,0,0,-1001,2,2,2,,,,,
1790036627.9232645,ATTITUDE,,,,,,,,,,,,,,,-0.0013240433763712645,3.5843881050823256e-05,-2.353416681289673,,
1790036627.9241765,RAW_IMU,,,,,,,,,0,0,-1001,2,2,2,,,,,
1790036627.9433787,ATTITUDE,,,,,,,,,,,,,,,-0.0013226775918155909,3.756797013920732e-05,-2.353429079055786,,
1790036627.9451785,RAW_IMU,,,,,,,,,0,0,-1001,2,2,2,,,,,
1790036627.956897,GLOBAL_POSITION_INT,-35.3604685,149.1684133,579.44,-0.661,-0.02,0.0,0.0,225.16,,,,,,,,,,,
1790036627.958369,GPS_RAW_INT,,,,,,,,,,,,,,,,,,6,10
1790036627.9634619,ATTITUDE,,,,,,,,,,,,,,,-0.0013210069155320525,3.402875518077053e-05,-2.353440999984741,,
1790036627.9651415,RAW_IMU,,,,,,,,,0,0,-1001,2,2,2,,,,,
1790036627.9827797,ATTITUDE,,,,,,,,,,,,,,,-0.0013213629135861993,3.155616650474258e-05,-2.3534538745880127,,
1790036627.9845037,RAW_IMU,,,,,,,,,0,0,-1001,2,2,2,,,,,
1790036628.0036047,ATTITUDE,,,,,,,,,,,,,,,-0.0013252185890451074,3.0755105399293825e-05,-2.3534653186798096,,
1790036628.0053535,RAW_IMU,,,,,,,,,0,0,-1001,2,2,2,,,,,
1790036628.0232837,ATTITUDE,,,,,,,,,,,,,,,-0.0013234434882178903,3.370661579538137e-05,-2.3534750938415527,,
1790036628.023976,RAW_IMU,,,,,,,,,0,0,-1001,2,2,2,,,,,
1790036628.042754,ATTITUDE,,,,,,,,,,,,,,,-0.0013216828228905797,3.642013325588778e-05,-2.3534865379333496,,
1790036628.0437183,RAW_IMU,,,,,,,,,0,0,-1001,2,2,2,,,,,
1790036628.0612636,GLOBAL_POSITION_INT,-35.3604685,149.1684133,579.44,-0.66,-0.02,0.0,0.0,225.16,,,,,,,,,,,
1790036628.0622265,GPS_RAW_INT,,,,,,,,,,,,,,,,,,6,10
1790036628.065038,ATTITUDE,,,,,,,,,,,,,,,-0.0013188633602112532,3.595423186197877e-05,-2.3534975051879883,,
1790036628.0660043,RAW_IMU,,,,,,,,,0,0,-1001,2,2,2,,,,,
1790036628.0826888,ATTITUDE,,,,,,,,,,,,,,,-0.0013185179559513927,3.6972422094549984e-05,-2.3535103797912598,,
1790036628.0836265,RAW_IMU,,,,,,,,,0,0,-1000,2,2,2,,,,,
1790036628.1034951,ATTITUDE,,,,,,,,,,,,,,,-0.001316579757258296,3.846382605843246e-05,-2.3535213470458984,,
1790036628.1053092,RAW_IMU,,,,,,,,,0,0,-1001,2,2,2,,,,,
1790036628.1239898,ATTITUDE,,,,,,,,,,,,,,,-0.0013144605327397585,4.0544844523537904e-05,-2.353531837463379,,
1790036628.1255376,RAW_IMU,,,,,,,,,0,0,-1001,2,2,2,,,,,
1790036628.1540902,ATTITUDE,,,,,,,,,,,,,,,-0.00131509848870337,4.1071711166296154e-05,-2.353541612625122,,
1790036628.1552384,RAW_IMU,,,,,,,,,0,0,-1001,2,2,2,,,,,
1790036628.1611202,GLOBAL_POSITION_INT,-35.3604685,149.1684133,579.44,-0.66,-0.02,0.0,0.0,225.16,,,,,,,,,,,
1790036628.1625133,GPS_RAW_INT,,,,,,,,,,,,,,,,,,6,10
1790036628.1637695,ATTITUDE,,,,,,,,,,,,,,,-0.0013168298173695803,4.1004248487297446e-05,-2.3535523414611816,,
1790036628.165084,RAW_IMU,,,,,,,,,0,0,-1001,2,2,2,,,,,
1790036628.1826773,ATTITUDE,,,,,,,,,,,,,,,-0.0013182827970013022,3.9397415093844756e-05,-2.353562355041504,,
1790036628.1842744,RAW_IMU,,,,,,,,,0,0,-1001,2,2,2,,,,,
1790036628.2027383,ATTITUDE,,,,,,,,,,,,,,,-0.0013203839771449566,3.74740338884294e-05,-2.353572368621826,,
1790036628.2044368,RAW_IMU,,,,,,,,,0,0,-1001,2,2,2,,,,,
1790036628.223103,ATTITUDE,,,,,,,,,,,,,,,-0.0013239530380815268,3.5055851185461506e-05,-2.3535828590393066,,
1790036628.2247715,RAW_IMU,,,,,,,,,0,0,-1001,2,2,2,,,,,
1790036628.2449005,ATTITUDE,,,,,,,,,,,,,,,-0.001323848613537848,3.481319436104968e-05,-2.35359263420105,,
1790036628.2487392,RAW_IMU,,,,,,,,,0,0,-1001,2,2,2,,,,,
1790036628.2587836,GLOBAL_POSITION_INT,-35.3604685,149.1684133,579.44,-0.66,-0.02,0.0,0.0,225.15,,,,,,,,,,,
1790036628.259782,GPS_RAW_INT,,,,,,,,,,,,,,,,,,6,10
1790036628.2653074,ATTITUDE,,,,,,,,,,,,,,,-0.0013220792170614004,3.7504403735511005e-05,-2.3536040782928467,,
1790036628.2673054,RAW_IMU,,,,,,,,,0,0,-1001,2,2,2,,,,,
1790036628.2859368,ATTITUDE,,,,,,,,,,,,,,,-0.0013197895605117083,3.6284749512560666e-05,-2.353616714477539,,
1790036628.287457,RAW_IMU,,,,,,,,,0,0,-1001,2,2,2,,,,,
1790036628.3065236,ATTITUDE,,,,,,,,,,,,,,,-0.0013168108416721225,3.737067527254112e-05,-2.3536252975463867,,
1790036628.3084776,RAW_IMU,,,,,,,,,0,0,-1000,2,2,2,,,,,
1790036628.3216166,ATTITUDE,,,,,,,,,,,,,,,-0.001316227950155735,3.812488284893334e-05,-2.3536360263824463,,
1790036628.3228912,RAW_IMU,,,,,,,,,0,0,-1001,2,2,2,,,,,
1790036628.3418052,ATTITUDE,,,,,,,,,,,,,,,-0.0013162755640223622,3.949380334233865e-05,-2.353646755218506,,
1790036628.3426518,RAW_IMU,,,,,,,,,0,0,-1001,2,2,2,,,,,
1790036628.361971,GLOBAL_POSITION_INT,-35.3604685,149.1684133,579.44,-0.66,-0.02,0.0,0.0,225.15,,,,,,,,,,,
1790036628.3631182,GPS_RAW_INT,,,,,,,,,,,,,,,,,,6,10
1790036628.3646958,ATTITUDE,,,,,,,,,,,,,,,-0.001315795467235148,3.883324461639859e-05,-2.353656768798828,,
1790036628.3665023,RAW_IMU,,,,,,,,,0,0,-1001,2,2,2,,,,,
1790036628.3969574,ATTITUDE,,,,,,,,,,,,,,,-0.0013157186331227422,3.692519021569751e-05,-2.353668689727783,,
1790036628.3985384,RAW_IMU,,,,,,,,,0,0,-1001,2,2,2,,,,,
1790036628.40236,ATTITUDE,,,,,,,,,,,,,,,-0.0013165739364922047,3.48185385519173e-05,-2.3536806106567383,,
1790036628.4036493,RAW_IMU,,,,,,,,,0,0,-1001,2,2,2,,,,,
1790036628.4233346,ATTITUDE,,,,,,,,,,,,,,,-0.0013200652319937944,3.436380939092487e-05,-2.353689193725586,,
1790036628.4243522,RAW_IMU,,,,,,,,,0,0,-1001,2,2,2,,,,,
1790036628.4435937,ATTITUDE,,,,,,,,,,,,,,,-0.0013187387958168983,3.480588202364743e-05,-2.3537003993988037,,
1790036628.4444888,RAW_IMU,,,,,,,,,0,0,-1001,2,2,2,,,,,
1790036628.457156,GLOBAL_POSITION_INT,-35.3604685,149.1684133,579.45,-0.659,-0.02,0.0,0.0,225.15,,,,,,,,,,,
1790036628.4578488,GPS_RAW_INT,,,,,,,,,,,,,,,,,,6,10
1790036628.4635313,ATTITUDE,,,,,,,,,,,,,,,-0.0013166670687496662,3.386785465409048e-05,-2.3537111282348633,,
1790036628.4649136,RAW_IMU,,,,,,,,,0,0,-1001,2,2,2,,,,,
1790036628.4841056,ATTITUDE,,,,,,,,,,,,,,,-0.0013153136242181063,3.413335434743203e-05,-2.3537211418151855,,
1790036628.4853284,RAW_IMU,,,,,,,,,0,0,-1001,2,2,2,,,,,
1790036628.5041544,ATTITUDE,,,,,,,,,,,,,,,-0.001314043183811009,3.547772212186828e-05,-2.3537323474884033,,
1790036628.5058775,RAW_IMU,,,,,,,,,0,0,-1001,2,2,2,,,,,
1790036628.5240557,ATTITUDE,,,,,,,,,,,,,,,-0.0013110809959471226,3.6607209040084854e-05,-2.353742837905884,,
1790036628.5256135,RAW_IMU,,,,,,,,,0,0,-1001,2,2,2,,,,,
1790036628.544084,ATTITUDE,,,,,,,,,,,,,,,-0.0013119811192154884,3.570986882550642e-05,-2.3537533283233643,,
1790036628.5451508,RAW_IMU,,,,,,,,,0,0,-1001,2,2,2,,,,,
1790036628.5577047,GLOBAL_POSITION_INT,-35.3604685,149.1684133,579.45,-0.659,-0.02,0.0,0.0,225.14,,,,,,,,,,,
1790036628.5587091,GPS_RAW_INT,,,,,,,,,,,,,,,,,,6,10
1790036628.564023,ATTITUDE,,,,,,,,,,,,,,,-0.0013103124219924212,3.449016730883159e-05,-2.3537635803222656,,
1790036628.565582,RAW_IMU,,,,,,,,,0,0,-1001,2,2,2,,,,,
1790036628.5840378,ATTITUDE,,,,,,,,,,,,,,,-0.0013114101020619273,3.296048453194089e-05,-2.353773593902588,,
1790036628.5849507,RAW_IMU,,,,,,,,,0,0,-1001,2,2,2,,,,,
1790036628.6044254,ATTITUDE,,,,,,,,,,,,,,,-0.0013140401570126414,3.1391162337968126e-05,-2.3537845611572266,,
1790036628.6063764,RAW_IMU,,,,,,,,,0,0,-1001,2,2,2,,,,,
1790036628.6249936,ATTITUDE,,,,,,,,,,,,,,,-0.0013168681180104613,3.0527589842677116e-05,-2.3537943363189697,,
1790036628.6271503,RAW_IMU,,,,,,,,,0,0,-1001,2,2,2,,,,,
1790036628.649815,ATTITUDE,,,,,,,,,,,,,,,-0.0013150983722880483,3.013423156517092e-05,-2.35380482673645,,
1790036628.651821,RAW_IMU,,,,,,,,,0,0,-1000,2,2,2,,,,,
1790036628.6588027,GLOBAL_POSITION_INT,-35.3604685,149.1684133,579.45,-0.659,-0.02,0.0,0.0,225.14,,,,,,,,,,,
1790036628.6603088,GPS_RAW_INT,,,,,,,,,,,,,,,,,,6,10
1790036628.6646233,ATTITUDE,,,,,,,,,,,,,,,-0.0013134084874764085,3.211520379409194e-05,-2.3538167476654053,,
1790036628.6656055,RAW_IMU,,,,,,,,,0,0,-1000,2,2,2,,,,,
1790036628.6848752,ATTITUDE,,,,,,,,,,,,,,,-0.001309987623244524,3.2036041375249624e-05,-2.353827953338623,,
1790036628.6864524,RAW_IMU,,,,,,,,,0,0,-1001,2,2,2,,,,,
1790036628.7052093,ATTITUDE,,,,,,,,,,,,,,,-0.0013081227662041783,3.267966167186387e-05,-2.353839159011841,,
1790036628.7068272,RAW_IMU,,,,,,,,,0,0,-1001,2,2,2,,,,,
1790036628.7254107,ATTITUDE,,,,,,,,,,,,,,,-0.0013070759596303105,3.2390944397775456e-05,-2.3538503646850586,,
1790036628.7260725,RAW_IMU,,,,,,,,,0,0,-1001,2,2,2,,,,,
1790036628.7454846,ATTITUDE,,,,,,,,,,,,,,,-0.0013073119334876537,3.366139571880922e-05,-2.3538615703582764,,
1790036628.7466755,RAW_IMU,,,,,,,,,0,0,-1001,2,2,2,,,,,
1790036628.759115,GLOBAL_POSITION_INT,-35.3604685,149.1684133,579.45,-0.659,-0.02,0.0,0.0,225.14,,,,,,,,,,,
1790036628.7599247,GPS_RAW_INT,,,,,,,,,,,,,,,,,,6,10
1790036628.7656288,ATTITUDE,,,,,,,,,,,,,,,-0.0013083901721984148,3.2716194255044684e-05,-2.353872537612915,,
1790036628.7667038,RAW_IMU,,,,,,,,,0,0,-1001,2,2,2,,,,,
1790036628.7858531,ATTITUDE,,,,,,,,,,,,,,,-0.0013079378986731172,3.1606054108124226e-05,-2.3538835048675537,,
1790036628.7867856,RAW_IMU,,,,,,,,,0,0,-1001,2,2,2,,,,,
1790036628.8062608,ATTITUDE,,,,,,,,,,,,,,,-0.0013094237074255943,2.8323916922090575e-05,-2.3538951873779297,,
1790036628.8085597,RAW_IMU,,,,,,,,,0,0,-1001,2,2,2,,,,,
1790036628.8260665,ATTITUDE,,,,,,,,,,,,,,,-0.0013124437537044287,2.3931455871206708e-05,-2.3539059162139893,,
1790036628.8275363,RAW_IMU,,,,,,,,,0,0,-1001,2,2,2,,,,,
1790036628.8459818,ATTITUDE,,,,,,,,,,,,,,,-0.0013116366462782025,2.4078794012893923e-05,-2.353916883468628,,
1790036628.8473315,RAW_IMU,,,,,,,,,0,0,-1001,2,2,2,,,,,
1790036628.8597512,GLOBAL_POSITION_INT,-35.3604685,149.1684133,579.45,-0.658,-0.02,0.0,0.0,225.14,,,,,,,,,,,
1790036628.8610063,GPS_RAW_INT,,,,,,,,,,,,,,,,,,6,10
1790036628.865861,ATTITUDE,,,,,,,,,,,,,,,-0.0013094220776110888,2.5146106054307893e-05,-2.353928565979004,,
1790036628.867209,RAW_IMU,,,,,,,,,0,0,-1001,2,2,2,,,,,
1790036628.9010105,ATTITUDE,,,,,,,,,,,,,,,-0.0013100497890263796,2.6931998945656233e-05,-2.353940963745117,,
1790036628.9028702,RAW_IMU,,,,,,,,,0,0,-1001,2,2,2,,,,,
1790036628.9053912,ATTITUDE,,,,,,,,,,,,,,,-0.001309444080106914,2.680902798601892e-05,-2.3539533615112305,,
1790036628.908046,RAW_IMU,,,,,,,,,0,0,-1001,2,2,2,,,,,
1790036628.921767,ATTITUDE,,,,,,,,,,,,,,,-0.0013082168297842145,2.7473071895656176e-05,-2.3539633750915527,,
1790036628.9228315,RAW_IMU,,,,,,,,,0,0,-1001,2,2,2,,,,,
1790036628.9418383,ATTITUDE,,,,,,,,,,,,,,,-0.001306799822486937,2.8525844754767604e-05,-2.3539745807647705,,
1790036628.942809,RAW_IMU,,,,,,,,,0,0,-1001,2,2,2,,,,,
1790036628.9612286,GLOBAL_POSITION_INT,-35.3604685,149.1684133,579.45,-0.658,-0.02,0.0,0.0,225.13,,,,,,,,,,,
1790036628.9627154,GPS_RAW_INT,,,,,,,,,,,,,,,,,,6,10
1790036628.9638054,ATTITUDE,,,,,,,,,,,,,,,-0.0013080502394586802,2.8219365049153566e-05,-2.353984832763672,,
1790036628.9652014,RAW_IMU,,,,,,,,,0,0,-1001,2,2,2,,,,,
1790036628.9816732,ATTITUDE,,,,,,,,,,,,,,,-0.0013063006335869431,2.6212243028567173e-05,-2.353994607925415,,
1790036628.9826698,RAW_IMU,,,,,,,,,0,0,-1001,2,2,2,,,,,
1790036629.0020328,ATTITUDE,,,,,,,,,,,,,,,-0.0013090143911540508,2.5110608476097696e-05,-2.3540055751800537,,
1790036629.003167,RAW_IMU,,,,,,,,,0,0,-1001,2,2,2,,,,,
1790036629.0218978,ATTITUDE,,,,,,,,,,,,,,,-0.0013126085978001356,2.349999158468563e-05,-2.354015350341797,,
1790036629.0229678,RAW_IMU,,,,,,,,,0,0,-1001,2,2,2,,,,,
1790036629.0416465,ATTITUDE,,,,,,,,,,,,,,,-0.001309889368712902,2.4511471565347165e-05,-2.354024887084961,,
1790036629.042692,RAW_IMU,,,,,,,,,0,0,-1000,2,2,2,,,,,
1790036629.0612996,GLOBAL_POSITION_INT,-35.3604685,149.1684133,579.45,-0.658,-0.02,0.0,0.0,225.13,,,,,,,,,,,
1790036629.062284,GPS_RAW_INT,,,,,,,,,,,,,,,,,,6,10
1790036629.0646634,ATTITUDE,,,,,,,,,,,,,,,-0.0013078131014481187,2.51245637628017e-05,-2.354034662246704,,
1790036629.0656378,RAW_IMU,,,,,,,,,0,0,-1001,2,2,2,,,,,
1790036629.082661,ATTITUDE,,,,,,,,,,,,,,,-0.0013057326432317495,2.596932063170243e-05,-2.354046583175659,,
1790036629.0832224,RAW_IMU,,,,,,,,,0,0,-1001,2,2,2,,,,,
1790036629.1035678,ATTITUDE,,,,,,,,,,,,,,,-0.0013059971388429403,2.6188312403974123e-05,-2.354058027267456,,
1790036629.105102,RAW_IMU,,,,,,,,,0,0,-1001,2,2,2,,,,,
1790036629.1231012,ATTITUDE,,,,,,,,,,,,,,,-0.0013044415973126888,2.6684128897613846e-05,-2.3540687561035156,,
1790036629.1248548,RAW_IMU,,,,,,,,,0,0,-1001,2,2,2,,,,,
1790036629.151229,ATTITUDE,,,,,,,,,,,,,,,-0.0013050512643530965,2.5992330847657286e-05,-2.354079008102417,,
1790036629.1534913,RAW_IMU,,,,,,,,,0,0,-1001,2,2,2,,,,,
1790036629.1576018,GLOBAL_POSITION_INT,-35.3604685,149.1684133,579.45,-0.658,-0.02,0.0,0.0,225.13,,,,,,,,,,,
1790036629.1587944,GPS_RAW_INT,,,,,,,,,,,,,,,,,,6,10
1790036629.1637273,ATTITUDE,,,,,,,,,,,,,,,-0.0013056861935183406,2.5498593458905816e-05,-2.3540892601013184,,
1790036629.1649609,RAW_IMU,,,,,,,,,0,0,-1001,2,2,2,,,,,
1790036629.1837468,ATTITUDE,,,,,,,,,,,,,,,-0.0013078850461170077,2.470789331709966e-05,-2.3541014194488525,,
1790036629.1851304,RAW_IMU,,,,,,,,,0,0,-1001,2,2,2,,,,,
1790036629.2043486,ATTITUDE,,,,,,,,,,,,,,,-0.0013095017056912184,2.2569671273231506e-05,-2.354111433029175,,
1790036629.2058153,RAW_IMU,,,,,,,,,0,0,-1001,2,2,2,,,,,
1790036629.2247052,ATTITUDE,,,,,,,,,,,,,,,-0.0013128024293109775,2.0208613932481967e-05,-2.354121685028076,,
1790036629.226446,RAW_IMU,,,,,,,,,0,0,-1001,2,2,2,,,,,
1790036629.2449117,ATTITUDE,,,,,,,,,,,,,,,-0.0013126138364896178,2.000978020078037e-05,-2.3541324138641357,,
1790036629.2466516,RAW_IMU,,,,,,,,,0,0,-1001,2,2,2,,,,,
1790036629.2586887,GLOBAL_POSITION_INT,-35.3604685,149.1684133,579.45,-0.658,-0.02,0.0,0.0,225.12,,,,,,,,,,,
1790036629.2600887,GPS_RAW_INT,,,,,,,,,,,,,,,,,,6,10
1790036629.2648764,ATTITUDE,,,,,,,,,,,,,,,-0.001308962469920516,1.9065875676460564e-05,-2.3541433811187744,,
1790036629.2662246,RAW_IMU,,,,,,,,,0,0,-1001,2,2,2,,,,,
1790036629.2855053,ATTITUDE,,,,,,,,,,,,,,,-0.0013080742210149765,2.0815290554310195e-05,-2.354154348373413,,
1790036629.2869813,RAW_IMU,,,,,,,,,0,0,-1001,2,2,2,,,,,
1790036629.3059702,ATTITUDE,,,,,,,,,,,,,,,-0.0013068263651803136,2.143448728020303e-05,-2.3541676998138428,,
1790036629.3073723,RAW_IMU,,,,,,,,,0,0,-1001,2,2,2,,,,,
1790036629.3260539,ATTITUDE,,,,,,,,,,,,,,,-0.0013040355406701565,2.2002035620971583e-05,-2.3541781902313232,,
1790036629.32783,RAW_IMU,,,,,,,,,0,0,-1001,2,2,2,,,,,
1790036629.345708,ATTITUDE,,,,,,,,,,,,,,,-0.0013031148118898273,2.1907913833274506e-05,-2.3541884422302246,,
1790036629.347597,RAW_IMU,,,,,,,,,0,0,-1001,2,2,2,,,,,
1790036629.3598292,GLOBAL_POSITION_INT,-35.3604685,149.1684133,579.45,-0.657,-0.02,0.0,0.0,225.12,,,,,,,,,,,
1790036629.3609524,GPS_RAW_INT,,,,,,,,,,,,,,,,,,6,10
1790036629.3657298,ATTITUDE,,,,,,,,,,,,,,,-0.0013033263385295868,2.0465560737648048e-05,-2.354198694229126,,
1790036629.3669906,RAW_IMU,,,,,,,,,0,0,-1001,2,2,2,,,,,
1790036629.3994834,ATTITUDE,,,,,,,,,,,,,,,-0.001304043922573328,1.8310143786948174e-05,-2.3542075157165527,,
1790036629.4013603,RAW_IMU,,,,,,,,,0,0,-1001,2,2,2,,,,,
1790036629.4031684,ATTITUDE,,,,,,,,,,,,,,,-0.0013058269396424294,1.6337682609446347e-05,-2.354219913482666,,
1790036629.404436,RAW_IMU,,,,,,,,,0,0,-1001,2,2,2,,,,,
1790036629.4224625,ATTITUDE,,,,,,,,,,,,,,,-0.001310093910433352,1.4673878467874601e-05,-2.3542308807373047,,
1790036629.4237263,RAW_IMU,,,,,,,,,0,0,-1001,2,2,2,,,,,
1790036629.4423208,ATTITUDE,,,,,,,,,,,,,,,-0.0013094033347442746,1.4160931641526986e-05,-2.3542418479919434,,
1790036629.4431744,RAW_IMU,,,,,,,,,0,0,-1001,2,2,2,,,,,
1790036629.455966,GLOBAL_POSITION_INT,-35.3604685,149.1684133,579.45,-0.657,-0.02,0.0,0.0,225.12,,,,,,,,,,,
1790036629.456429,GPS_RAW_INT,,,,,,,,,,,,,,,,,,6,10
1790036629.4623616,ATTITUDE,,,,,,,,,,,,,,,-0.0013076603645458817,1.5746243661851622e-05,-2.3542520999908447,,
1790036629.4631987,RAW_IMU,,,,,,,,,0,0,-1001,2,2,2,,,,,
1790036629.482259,ATTITUDE,,,,,,,,,,,,,,,-0.0013054658193141222,1.667304059083108e-05,-2.3542635440826416,,
1790036629.4830568,RAW_IMU,,,,,,,,,0,0,-1001,2,2,2,,,,,
1790036629.5025213,ATTITUDE,,,,,,,,,,,,,,,-0.0013051237910985947,1.7416237824363634e-05,-2.354274034500122,,
1790036629.5040596,RAW_IMU,,,,,,,,,0,0,-1001,2,2,2,,,,,
1790036629.52306,ATTITUDE,,,,,,,,,,,,,,,-0.0013040050398558378,1.7897493307827972e-05,-2.3542842864990234,,
1790036629.5238552,RAW_IMU,,,,,,,,,0,0,-1000,2,2,2,,,,,
1790036629.5435152,ATTITUDE,,,,,,,,,,,,,,,-0.0013033811701461673,1.8614382497617044e-05,-2.354294776916504,,
1790036629.5446675,RAW_IMU,,,,,,,,,0,0,-1001,2,2,2,,,,,
1790036629.5572686,GLOBAL_POSITION_INT,-35.3604685,149.1684133,579.45,-0.657,-0.02,0.0,0.0,225.11,,,,,,,,,,,
1790036629.5589392,GPS_RAW_INT,,,,,,,,,,,,,,,,,,6,10
1790036629.5639217,ATTITUDE,,,,,,,,,,,,,,,-0.0013047431129962206,1.8750197341432795e-05,-2.3543059825897217,,
1790036629.5654926,RAW_IMU,,,,,,,,,0,0,-1001,2,2,2,,,,,
1790036629.5837052,ATTITUDE,,,,,,,,,,,,,,,-0.0013069834094494581,1.6460218830616213e-05,-2.3543179035186768,,
1790036629.5849006,RAW_IMU,,,,,,,,,0,0,-1001,2,2,2,,,,,
1790036629.60398,ATTITUDE,,,,,,,,,,,,,,,-0.0013093978632241488,1.3280952771310695e-05,-2.354330062866211,,
1790036629.6055174,RAW_IMU,,,,,,,,,0,0,-1001,2,2,2,,,,,
1790036629.6240773,ATTITUDE,,,,,,,,,,,,,,,-0.0013118151109665632,1.0998012839991134e-05,-2.3543412685394287,,
1790036629.6251984,RAW_IMU,,,,,,,,,0,0,-1001,2,2,2,,,,,
1790036629.6527777,ATTITUDE,,,,,,,,,,,,,,,-0.001310549327172339,1.1981609532085713e-05,-2.35435152053833,,
1790036629.6536865,RAW_IMU,,,,,,,,,0,0,-1001,2,2,2,,,,,
1790036629.6579337,GLOBAL_POSITION_INT,-35.3604685,149.1684133,579.45,-0.657,-0.02,0.0,0.0,225.11,,,,,,,,,,,
1790036629.659749,GPS_RAW_INT,,,,,,,,,,,,,,,,,,6,10
1790036629.663474,ATTITUDE,,,,,,,,,,,,,,,-0.001308860839344561,1.3691150343220215e-05,-2.354362726211548,,
1790036629.6646085,RAW_IMU,,,,,,,,,0,0,-1001,2,2,2,,,,,
1790036629.6838403,ATTITUDE,,,,,,,,,,,,,,,-0.0013093996094539762,1.576433533045929e-05,-2.35437273979187,,
1790036629.6853602,RAW_IMU,,,,,,,,,0,0,-1001,2,2,2,,,,,
1790036629.7049878,ATTITUDE,,,,,,,,,,,,,,,-0.0013088526902720332,1.5029932001198176e-05,-2.3543832302093506,,
1790036629.7061663,RAW_IMU,,,,,,,,,0,0,-1001,2,2,2,,,,,
1790036629.7254357,ATTITUDE,,,,,,,,,,,,,,,-0.0013092634035274386,1.3823025255987886e-05,-2.354393482208252,,
1790036629.7267187,RAW_IMU,,,,,,,,,0,0,-1001,2,2,2,,,,,
1790036629.7452693,ATTITUDE,,,,,,,,,,,,,,,-0.001310870167799294,1.3202505215303972e-05,-2.3544044494628906,,
1790036629.7466311,RAW_IMU,,,,,,,,,0,0,-1001,2,2,2,,,,,
1790036629.7596514,GLOBAL_POSITION_INT,-35.3604685,149.1684133,579.45,-0.657,-0.02,0.0,0.0,225.11,,,,,,,,,,,
1790036629.7604444,GPS_RAW_INT,,,,,,,,,,,,,,,,,,6,10
1790036629.762526,ATTITUDE,,,,,,,,,,,,,,,-0.0013104523532092571,1.1132437066407874e-05,-2.3544158935546875,,
1790036629.7639859,RAW_IMU,,,,,,,,,0,0,-1001,2,2,2,,,,,
1790036629.780958,ATTITUDE,,,,,,,,,,,,,,,-0.0013119670329615474,9.13975509320153e-06,-2.3544270992279053,,
1790036629.782363,RAW_IMU,,,,,,,,,0,0,-1001,2,2,2,,,,,
1790036629.8011255,ATTITUDE,,,,,,,,,,,,,,,-0.0013149476144462824,5.803681688121287e-06,-2.3544397354125977,,
1790036629.8029008,RAW_IMU,,,,,,,,,0,0,-1001,2,2,2,,,,,
1790036629.8231091,ATTITUDE,,,,,,,,,,,,,,,-0.0013171415776014328,3.514997615639004e-06,-2.354449987411499,,
1790036629.8249736,RAW_IMU,,,,,,,,,0,0,-1001,2,2,2,,,,,
1790036629.8424983,ATTITUDE,,,,,,,,,,,,,,,-0.001316890469752252,3.997830845037242e-06,-2.3544604778289795,,
1790036629.844189,RAW_IMU,,,,,,,,,0,0,-1001,2,2,2,,,,,
1790036629.856517,GLOBAL_POSITION_INT,-35.3604685,149.1684133,579.45,-0.657,-0.02,0.0,0.0,225.1,,,,,,,,,,,
1790036629.8579845,GPS_RAW_INT,,,,,,,,,,,,,,,,,,6,10
1790036629.8625941,ATTITUDE,,,,,,,,,,,,,,,-0.0013158769579604268,5.132477781444322e-06,-2.3544728755950928,,
1790036629.8636289,RAW_IMU,,,,,,,,,0,0,-1001,2,2,2,,,,,
1790036629.894842,ATTITUDE,,,,,,,,,,,,,,,-0.0013149215374141932,5.570742359850556e-06,-2.3544843196868896,,
1790036629.896039,RAW_IMU,,,,,,,,,0,0,-1001,2,2,2,,,,,
1790036629.9038246,ATTITUDE,,,,,,,,,,,,,,,-0.0013153612380847335,5.898686140426435e-06,-2.3544962406158447,,
1790036629.9050243,RAW_IMU,,,,,,,,,0,0,-1001,2,2,2,,,,,
1790036629.9236958,ATTITUDE,,,,,,,,,,,,,,,-0.0013154669431969523,6.6867050918517634e-06,-2.354506731033325,,
1790036629.9246733,RAW_IMU,,,,,,,,,0,0,-1001,2,2,2,,,,,
1790036629.9438658,ATTITUDE,,,,,,,,,,,,,,,-0.0013155128108337522,6.004161605233094e-06,-2.3545188903808594,,
1790036629.944759,RAW_IMU,,,,,,,,,0,0,-1001,2,2,2,,,,,
1790036629.9571862,GLOBAL_POSITION_INT,-35.3604685,149.1684133,579.45,-0.656,-0.02,0.0,0.0,225.1,,,,,,,,,,,
1790036629.9584386,GPS_RAW_INT,,,,,,,,,,,,,,,,,,6,10
1790036629.963653,ATTITUDE,,,,,,,,,,,,,,,-0.00131593260448426,4.743753834191011e-06,-2.354529857635498,,
1790036629.9650424,RAW_IMU,,,,,,,,,0,0,-1001,2,2,2,,,,,
1790036629.98369,ATTITUDE,,,,,,,,,,,,,,,-0.0013169763842597604,3.47230707120616e-06,-2.3545424938201904,,
1790036629.985507,RAW_IMU,,,,,,,,,0,0,-1001,2,2,2,,,,,
1790036630.0039678,ATTITUDE,,,,,,,,,,,,,,,-0.0013187817530706525,-5.854271876160055e-07,-2.354553461074829,,
1790036630.0056229,RAW_IMU,,,,,,,,,0,0,-1001,2,2,2,,,,,
1790036630.023919,ATTITUDE,,,,,,,,,,,,,,,-0.0013207190204411745,-3.000382321260986e-06,-2.3545639514923096,,
1790036630.0250082,RAW_IMU,,,,,,,,,0,0,-1001,2,2,2,,,,,
1790036630.0435448,ATTITUDE,,,,,,,,,,,,,,,-0.0013198679080232978,-3.0686924219480716e-06,-2.3545734882354736,,
1790036630.0453053,RAW_IMU,,,,,,,,,0,0,-1001,2,2,2,,,,,
1790036630.0571613,GLOBAL_POSITION_INT,-35.3604685,149.1684133,579.45,-0.656,-0.02,0.0,0.0,225.1,,,,,,,,,,,
1790036630.0575974,GPS_RAW_INT,,,,,,,,,,,,,,,,,,6,10
1790036630.0647395,ATTITUDE,,,,,,,,,,,,,,,-0.0013205675641074777,-2.165227215300547e-06,-2.354583978652954,,
1790036630.065436,RAW_IMU,,,,,,,,,0,0,-1001,2,2,2,,,,,
1790036630.0839477,ATTITUDE,,,,,,,,,,,,,,,-0.001319963950663805,-3.4059439713018946e-07,-2.3545949459075928,,
1790036630.0851865,RAW_IMU,,,,,,,,,0,0,-1001,2,2,2,,,,,
1790036630.1042893,ATTITUDE,,,,,,,,,,,,,,,-0.0013196974759921432,-6.641544647578712e-09,-2.354607582092285,,
1790036630.1064007,RAW_IMU,,,,,,,,,0,0,-1001,2,2,2,,,,,
1790036630.1247766,ATTITUDE,,,,,,,,,,,,,,,-0.0013186207506805658,-3.5195427017242764e-07,-2.354616641998291,,
1790036630.125798,RAW_IMU,,,,,,,,,0,0,-1001,2,2,2,,,,,
1790036630.1498396,ATTITUDE,,,,,,,,,,,,,,,-0.0013172166654840112,-1.664312321736361e-06,-2.3546276092529297,,
1790036630.1514342,RAW_IMU,,,,,,,,,0,0,-1001,2,2,2,,,,,
1790036630.159403,GLOBAL_POSITION_INT,-35.3604685,149.1684133,579.45,-0.656,-0.02,0.0,0.0,225.09,,,,,,,,,,,
1790036630.1603878,GPS_RAW_INT,,,,,,,,,,,,,,,,,,6,10
1790036630.165898,ATTITUDE,,,,,,,,,,,,,,,-0.0013174484483897686,-3.527874241626705e-06,-2.3546390533447266,,
1790036630.1671321,RAW_IMU,,,,,,,,,0,0,-1001,2,2,2,,,,,
1790036630.186552,ATTITUDE,,,,,,,,,,,,,,,-0.0013188888551667333,-4.2185793063254096e-06,-2.354649543762207,,
1790036630.187714,RAW_IMU,,,,,,,,,0,0,-1001,2,2,2,,,,,
1790036630.206621,ATTITUDE,,,,,,,,,,,,,,,-0.0013195461360737681,-8.887007425073534e-06,-2.3546605110168457,,
1790036630.2085638,RAW_IMU,,,,,,,,,0,0,-1001,2,2,2,,,,,
1790036630.2265491,ATTITUDE,,,,,,,,,,,,,,,-0.0013231062330305576,-1.0458209544594865e-05,-2.354668617248535,,
1790036630.2273848,RAW_IMU,,,,,,,,,0,0,-1001,2,2,2,,,,,
1790036630.247341,ATTITUDE,,,,,,,,,,,,,,,-0.0013230671174824238,-1.103392514778534e-05,-2.3546788692474365,,
1790036630.2480166,RAW_IMU,,,,,,,,,0,0,-1001,2,2,2,,,,,
1790036630.2604024,GLOBAL_POSITION_INT,-35.3604685,149.1684133,579.45,-0.656,-0.02,0.0,0.0,225.09,,,,,,,,,,,
1790036630.262091,GPS_RAW_INT,,,,,,,,,,,,,,,,,,6,10
1790036630.263426,ATTITUDE,,,,,,,,,,,,,,,-0.0013217116938903928,-1.0956193364108913e-05,-2.354688882827759,,
1790036630.265476,RAW_IMU,,,,,,,,,0,0,-1001,2,2,2,,,,,
1790036630.2816346,ATTITUDE,,,,,,,,,,,,,,,-0.0013203099370002747,-9.843315638136119e-06,-2.3547003269195557,,
1790036630.2825851,RAW_IMU,,,,,,,,,0,0,-1000,2,2,2,,,,,
1790036630.3023891,ATTITUDE,,,,,,,,,,,,,,,-0.001320656854659319,-9.751587640494108e-06,-2.3547110557556152,,
1790036630.3043115,RAW_IMU,,,,,,,,,0,0,-1001,2,2,2,,,,,
1790036630.3231962,ATTITUDE,,,,,,,,,,,,,,,-0.0013191815232858062,-1.0089630450238474e-05,-2.354721784591675,,
1790036630.3254426,RAW_IMU,,,,,,,,,0,0,-1001,2,2,2,,,,,
1790036630.34326,ATTITUDE,,,,,,,,,,,,,,,-0.0013197859516367316,-9.325193786935415e-06,-2.354731798171997,,
1790036630.344213,RAW_IMU,,,,,,,,,0,0,-1001,2,2,2,,,,,
1790036630.3568032,GLOBAL_POSITION_INT,-35.3604685,149.1684133,579.45,-0.656,-0.02,0.0,0.0,225.09,,,,,,,,,,,
1790036630.3571913,GPS_RAW_INT,,,,,,,,,,,,,,,,,,6,10
1790036630.363162,ATTITUDE,,,,,,,,,,,,,,,-0.0013214758364483714,-9.671291991253383e-06,-2.3547425270080566,,
1790036630.3643653,RAW_IMU,,,,,,,,,0,0,-1001,2,2,2,,,,,
1790036630.3988073,ATTITUDE,,,,,,,,,,,,,,,-0.0013221813132986426,-1.2140160833951086e-05,-2.3547542095184326,,
1790036630.4005752,RAW_IMU,,,,,,,,,0,0,-1001,2,2,2,,,,,
1790036630.4040227,ATTITUDE,,,,,,,,,,,,,,,-0.0013238334795460105,-1.4663814908999484e-05,-2.354764223098755,,
1790036630.4052477,RAW_IMU,,,,,,,,,0,0,-1001,2,2,2,,,,,
1790036630.4249873,ATTITUDE,,,,,,,,,,,,,,,-0.0013265799498185515,-1.7319182006758638e-05,-2.3547747135162354,,
1790036630.4261527,RAW_IMU,,,,,,,,,0,0,-1001,2,2,2,,,,,
1790036630.4453077,ATTITUDE,,,,,,,,,,,,,,,-0.0013252244098111987,-1.6418207451351918e-05,-2.354785442352295,,
1790036630.446369,RAW_IMU,,,,,,,,,0,0,-1001,2,2,2,,,,,
1790036630.4597654,GLOBAL_POSITION_INT,-35.3604685,149.1684133,579.45,-0.656,-0.02,0.0,0.0,225.09,,,,,,,,,,,
1790036630.4605768,GPS_RAW_INT,,,,,,,,,,,,,,,,,,6,10
1790036630.4660857,ATTITUDE,,,,,,,,,,,,,,,-0.001323786680586636,-1.54168919834774e-05,-2.35479474067688,,
1790036630.4671013,RAW_IMU,,,,,,,,,0,0,-1001,2,2,2,,,,,
1790036630.4864588,ATTITUDE,,,,,,,,,,,,,,,-0.0013232630444690585,-1.4937475498300046e-05,-2.354806900024414,,
1790036630.4875147,RAW_IMU,,,,,,,,,0,0,-1001,2,2,2,,,,,
1790036630.5066557,ATTITUDE,,,,,,,,,,,,,,,-0.0013211658224463463,-1.3153784493624698e-05,-2.3548195362091064,,
1790036630.5078716,RAW_IMU,,,,,,,,,0,0,-1000,2,2,2,,,,,
1790036630.521516,ATTITUDE,,,,,,,,,,,,,,,-0.0013208575546741486,-1.4449336049437989e-05,-2.3548290729522705,,
1790036630.5227711,RAW_IMU,,,,,,,,,0,0,-1001,2,2,2,,,,,
1790036630.5416498,ATTITUDE,,,,,,,,,,,,,,,-0.0013207874726504087,-1.6463271094835363e-05,-2.354836940765381,,
1790036630.5432067,RAW_IMU,,,,,,,,,0,0,-1001,2,2,2,,,,,
1790036630.5612185,GLOBAL_POSITION_INT,-35.3604685,149.1684133,579.45,-0.656,-0.02,0.0,0.0,225.08,,,,,,,,,,,
1790036630.5626454,GPS_RAW_INT,,,,,,,,,,,,,,,,,,6,10
1790036630.564144,ATTITUDE,,,,,,,,,,,,,,,-0.0013193236663937569,-1.7283824490732513e-05,-2.354846954345703,,
1790036630.5657802,RAW_IMU,,,,,,,,,0,0,-1001,2,2,2,,,,,
1790036630.5821192,ATTITUDE,,,,,,,,,,,,,,,-0.0013215964427217841,-1.909617094497662e-05,-2.354858636856079,,
1790036630.5827982,RAW_IMU,,,,,,,,,0,0,-1001,2,2,2,,,,,
1790036630.6026573,ATTITUDE,,,,,,,,,,,,,,,-0.0013243054272606969,-1.9841932953568175e-05,-2.354870080947876,,
1790036630.6038973,RAW_IMU,,,,,,,,,0,0,-1001,2,2,2,,,,,
1790036630.6231756,ATTITUDE,,,,,,,,,,,,,,,-0.001327117090113461,-2.2280139091890305e-05,-2.3548805713653564,,
1790036630.6247158,RAW_IMU,,,,,,,,,0,0,-1001,2,2,2,,,,,
1790036630.651576,ATTITUDE,,,,,,,,,,,,,,,-0.0013262510765343904,-2.0643095922423527e-05,-2.354891300201416,,
1790036630.6529436,RAW_IMU,,,,,,,,,0,0,-1001,2,2,2,,,,,
1790036630.6571581,GLOBAL_POSITION_INT,-35.3604685,149.1684133,579.45,-0.656,-0.02,0.0,0.0,225.08,,,,,,,,,,,
1790036630.658395,GPS_RAW_INT,,,,,,,,,,,,,,,,,,6,10
1790036630.6639419,ATTITUDE,,,,,,,,,,,,,,,-0.0013251588679850101,-1.9793315004790202e-05,-2.3549020290374756,,
1790036630.6648004,RAW_IMU,,,,,,,,,0,0,-1001,2,2,2,,,,,
1790036630.6837356,ATTITUDE,,,,,,,,,,,,,,,-0.0013263353612273932,-1.962716123671271e-05,-2.354912519454956,,
1790036630.6849003,RAW_IMU,,,,,,,,,0,0,-1001,2,2,2,,,,,
1790036630.703972,ATTITUDE,,,,,,,,,,,,,,,-0.0013261273270472884,-1.9806648197118193e-05,-2.3549234867095947,,
1790036630.7056448,RAW_IMU,,,,,,,,,0,0,-1001,2,2,2,,,,,
1790036630.7240815,ATTITUDE,,,,,,,,,,,,,,,-0.0013274600496515632,-2.0627496269298717e-05,-2.354933500289917,,
1790036630.7254715,RAW_IMU,,,,,,,,,0,0,-1001,2,2,2,,,,,
1790036630.7438855,ATTITUDE,,,,,,,,,,,,,,,-0.0013265920570120215,-2.0899671653751284e-05,-2.354942560195923,,
1790036630.7456393,RAW_IMU,,,,,,,,,0,0,-1001,2,2,2,,,,,
1790036630.7574391,GLOBAL_POSITION_INT,-35.3604685,149.1684133,579.45,-0.655,-0.02,0.0,0.0,225.08,,,,,,,,,,,
1790036630.7591758,GPS_RAW_INT,,,,,,,,,,,,,,,,,,6,10
1790036630.7643638,ATTITUDE,,,,,,,,,,,,,,,-0.0013269565533846617,-2.109181514242664e-05,-2.3549532890319824,,
1790036630.766506,RAW_IMU,,,,,,,,,0,0,-1001,2,2,2,,,,,
1790036630.7846456,ATTITUDE,,,,,,,,,,,,,,,-0.0013284075539559126,-2.164118632208556e-05,-2.3549649715423584,,
1790036630.785377,RAW_IMU,,,,,,,,,0,0,-1001,2,2,2,,,,,
1790036630.804857,ATTITUDE,,,,,,,,,,,,,,,-0.0013305096654221416,-2.4266277250717394e-05,-2.354975461959839,,
1790036630.80661,RAW_IMU,,,,,,,,,0,0,-1001,2,2,2,,,,,
1790036630.825501,ATTITUDE,,,,,,,,,,,,,,,-0.0013329830253496766,-2.738968760240823e-05,-2.3549857139587402,,
1790036630.8273947,RAW_IMU,,,,,,,,,0,0,-1001,2,2,2,,,,,
1790036630.8461316,ATTITUDE,,,,,,,,,,,,,,,-0.0013343107420951128,-2.6800387786352076e-05,-2.3549964427948,,
1790036630.8473501,RAW_IMU,,,,,,,,,0,0,-1001,2,2,2,,,,,
1790036630.8595643,GLOBAL_POSITION_INT,-35.3604685,149.1684133,579.45,-0.655,-0.02,0.0,0.0,225.07,,,,,,,,,,,
1790036630.8609302,GPS_RAW_INT,,,,,,,,,,,,,,,,,,6,10
1790036630.866157,ATTITUDE,,,,,,,,,,,,,,,-0.0013324482133612037,-2.5164994440274313e-05,-2.3550095558166504,,
1790036630.8676531,RAW_IMU,,,,,,,,,0,0,-1001,2,2,2,,,,,
1790036630.8971686,ATTITUDE,,,,,,,,,,,,,,,-0.0013306020991876721,-2.4484905225108378e-05,-2.3550212383270264,,
1790036630.8988447,RAW_IMU,,,,,,,,,0,0,-1001,2,2,2,,,,,
1790036630.9064229,ATTITUDE,,,,,,,,,,,,,,,-0.0013306300388649106,-2.3720185708953068e-05,-2.3550305366516113,,
1790036630.907982,RAW_IMU,,,,,,,,,0,0,-1001,2,2,2,,,,,
1790036630.921864,ATTITUDE,,,,,,,,,,,,,,,-0.0013296998804435134,-2.421206772851292e-05,-2.355041265487671,,
1790036630.923047,RAW_IMU,,,,,,,,,0,0,-1001,2,2,2,,,,,
1790036630.941604,ATTITUDE,,,,,,,,,,,,,,,-0.0013295564567670226,-2.5474049834883772e-05,-2.355051040649414,,
1790036630.9432855,RAW_IMU,,,,,,,,,0,0,-1001,2,2,2,,,,,
1790036630.9610186,GLOBAL_POSITION_INT,-35.3604685,149.1684133,579.45,-0.655,-0.02,0.0,0.0,225.07,,,,,,,,,,,
1790036630.962437,GPS_RAW_INT,,,,,,,,,,,,,,,,,,6,10
1790036630.9636366,ATTITUDE,,,,,,,,,,,,,,,-0.0013319342397153378,-2.5498835384496488e-05,-2.355062484741211,,
1790036630.9646478,RAW_IMU,,,,,,,,,0,0,-1001,2,2,2,,,,,
1790036630.9818466,ATTITUDE,,,,,,,,,,,,,,,-0.001334110856987536,-2.7483127269078977e-05,-2.3550734519958496,,
1790036630.9833362,RAW_IMU,,,,,,,,,0,0,-1001,2,2,2,,,,,
1790036631.0062551,ATTITUDE,,,,,,,,,,,,,,,-0.0013364111073315144,-3.128657772322185e-05,-2.3550848960876465,,
1790036631.0078032,RAW_IMU,,,,,,,,,0,0,-1001,2,2,2,,,,,
1790036631.0259879,ATTITUDE,,,,,,,,,,,,,,,-0.001340211951173842,-3.357329114805907e-05,-2.355095148086548,,
1790036631.027341,RAW_IMU,,,,,,,,,0,0,-1001,2,2,2,,,,,
1790036631.0458286,ATTITUDE,,,,,,,,,,,,,,,-0.001339562819339335,-3.351571649545804e-05,-2.355104684829712,,
1790036631.0472138,RAW_IMU,,,,,,,,,0,0,-1001,2,2,2,,,,,
1790036631.0592563,GLOBAL_POSITION_INT,-35.3604685,149.1684133,579.45,-0.655,-0.02,0.0,0.0,225.07,,,,,,,,,,,
1790036631.0606441,GPS_RAW_INT,,,,,,,,,,,,,,,,,,6,10
1790036631.0658698,ATTITUDE,,,,,,,,,,,,,,,-0.0013377700233832002,-3.386538082850166e-05,-2.3551156520843506,,
1790036631.0672414,RAW_IMU,,,,,,,,,0,0,-1001,2,2,2,,,,,
1790036631.0849357,ATTITUDE,,,,,,,,,,,,,,,-0.0013378980802372098,-3.401230787858367e-05,-2.355125904083252,,
1790036631.0861475,RAW_IMU,,,,,,,,,0,0,-1001,2,2,2,,,,,
1790036631.1053424,ATTITUDE,,,,,,,,,,,,,,,-0.001338986330665648,-3.248837310820818e-05,-2.3551371097564697,,
1790036631.10675,RAW_IMU,,,,,,,,,0,0,-1001,2,2,2,,,,,
1790036631.1251767,ATTITUDE,,,,,,,,,,,,,,,-0.0013388762017711997,-3.253746763220988e-05,-2.355147123336792,,
1790036631.1269479,RAW_IMU,,,,,,,,,0,0,-1000,2,2,2,,,,,
1790036631.1456578,ATTITUDE,,,,,,,,,,,,,,,-0.0013394142733886838,-3.2550862670177594e-05,-2.355158567428589,,
1790036631.1468177,RAW_IMU,,,,,,,,,0,0,-1001,2,2,2,,,,,
1790036631.1592731,GLOBAL_POSITION_INT,-35.3604685,149.1684133,579.45,-0.655,-0.02,0.0,0.0,225.06,,,,,,,,,,,
1790036631.1596446,GPS_RAW_INT,,,,,,,,,,,,,,,,,,6,10
1790036631.1658342,ATTITUDE,,,,,,,,,,,,,,,-0.0013385326601564884,-3.404060043976642e-05,-2.3551688194274902,,
1790036631.1666257,RAW_IMU,,,,,,,,,0,0,-1001,2,2,2,,,,,
1790036631.1862614,ATTITUDE,,,,,,,,,,,,,,,-0.0013384928461164236,-3.513757837936282e-05,-2.35517954826355,,
1790036631.1874447,RAW_IMU,,,,,,,,,0,0,-1000,2,2,2,,,,,
1790036631.2063801,ATTITUDE,,,,,,,,,,,,,,,-0.0013410696992650628,-3.768440365092829e-05,-2.3551909923553467,,
1790036631.2081428,RAW_IMU,,,,,,,,,0,0,-1001,2,2,2,,,,,
1790036631.2221777,ATTITUDE,,,,,,,,,,,,,,,-0.0013442500494420528,-3.923384065274149e-05,-2.3552019596099854,,
1790036631.223492,RAW_IMU,,,,,,,,,0,0,-1001,2,2,2,,,,,
1790036631.2421124,ATTITUDE,,,,,,,,,,,,,,,-0.001342740491963923,-3.927773650502786e-05,-2.3552138805389404,,
1790036631.243264,RAW_IMU,,,,,,,,,0,0,-1001,2,2,2,,,,,
1790036631.2565548,GLOBAL_POSITION_INT,-35.3604685,149.1684133,579.45,-0.655,-0.02,0.0,0.0,225.06,,,,,,,,,,,
1790036631.257426,GPS_RAW_INT,,,,,,,,,,,,,,,,,,6,10
1790036631.2642279,ATTITUDE,,,,,,,,,,,,,,,-0.001342151197604835,-3.888153514708392e-05,-2.3552253246307373,,
1790036631.26601,RAW_IMU,,,,,,,,,0,0,-1001,2,2,2,,,,,
1790036631.2836876,ATTITUDE,,,,,,,,,,,,,,,-0.0013391522224992514,-3.800418562605046e-05,-2.3552355766296387,,
1790036631.28472,RAW_IMU,,,,,,,,,0,0,-1001,2,2,2,,,,,
1790036631.304145,ATTITUDE,,,,,,,,,,,,,,,-0.0013390793465077877,-3.815624222625047e-05,-2.3552467823028564,,
1790036631.3053548,RAW_IMU,,,,,,,,,0,0,-1001,2,2,2,,,,,
1790036631.3246431,ATTITUDE,,,,,,,,,,,,,,,-0.0013384284684434533,-3.794288932112977e-05,-2.355255365371704,,
1790036631.3266082,RAW_IMU,,,,,,,,,0,0,-1001,2,2,2,,,,,
1790036631.3450942,ATTITUDE,,,,,,,,,,,,,,,-0.0013384197372943163,-3.744582136278041e-05,-2.3552677631378174,,
1790036631.3460696,RAW_IMU,,,,,,,,,0,0,-1001,2,2,2,,,,,
1790036631.358886,GLOBAL_POSITION_INT,-35.3604685,149.1684133,579.45,-0.655,-0.02,0.0,0.0,225.06,,,,,,,,,,,
1790036631.359725,GPS_RAW_INT,,,,,,,,,,,,,,,,,,6,10
1790036631.3651078,ATTITUDE,,,,,,,,,,,,,,,-0.0013406777288764715,-3.907842256012373e-05,-2.355278253555298,,
1790036631.3658202,RAW_IMU,,,,,,,,,0,0,-1001,2,2,2,,,,,
1790036631.393627,ATTITUDE,,,,,,,,,,,,,,,-0.001341197988949716,-4.0286020521307364e-05,-2.3552896976470947,,
1790036631.3947558,RAW_IMU,,,,,,,,,0,0,-1001,2,2,2,,,,,
1790036631.4063892,ATTITUDE,,,,,,,,,,,,,,,-0.0013442657655104995,-4.2088118789251894e-05,-2.3553004264831543,,
1790036631.407449,RAW_IMU,,,,,,,,,0,0,-1001,2,2,2,,,,,
1790036631.4220958,ATTITUDE,,,,,,,,,,,,,,,-0.0013483138754963875,-4.4123145926278085e-05,-2.355311155319214,,
1790036631.4235058,RAW_IMU,,,,,,,,,0,0,-1001,2,2,2,,,,,
1790036631.441371,ATTITUDE,,,,,,,,,,,,,,,-0.0013471523998305202,-4.255098247085698e-05,-2.3553225994110107,,
1790036631.4425104,RAW_IMU,,,,,,,,,0,0,-1001,2,2,2,,,,,
1790036631.4608731,GLOBAL_POSITION_INT,-35.3604685,149.1684133,579.45,-0.655,-0.02,0.0,0.0,225.05,,,,,,,,,,,
1790036631.461742,GPS_RAW_INT,,,,,,,,,,,,,,,,,,6,10
1790036631.4635139,ATTITUDE,,,,,,,,,,,,,,,-0.001345432479865849,-4.2330178985139355e-05,-2.3553311824798584,,
1790036631.4645534,RAW_IMU,,,,,,,,,0,0,-1001,2,2,2,,,,,
1790036631.4819112,ATTITUDE,,,,,,,,,,,,,,,-0.0013460085028782487,-4.143803380429745e-05,-2.355342149734497,,
1790036631.4827254,RAW_IMU,,,,,,,,,0,0,-1000,2,2,2,,,,,
1790036631.5022082,ATTITUDE,,,,,,,,,,,,,,,-0.0013444205978885293,-4.094816904398613e-05,-2.3553543090820312,,
1790036631.5039392,RAW_IMU,,,,,,,,,0,0,-1001,2,2,2,,,,,
1790036631.5224357,ATTITUDE,,,,,,,,,,,,,,,-0.0013433648273348808,-4.005516893812455e-05,-2.355363368988037,,
1790036631.5236194,RAW_IMU,,,,,,,,,0,0,-1001,2,2,2,,,,,
1790036631.5421097,ATTITUDE,,,,,,,,,,,,,,,-0.0013442024355754256,-3.9035305235302076e-05,-2.3553733825683594,,
1790036631.5435464,RAW_IMU,,,,,,,,,0,0,-1001,2,2,2,,,,,
1790036631.561364,GLOBAL_POSITION_INT,-35.3604685,149.1684133,579.45,-0.655,-0.02,0.0,0.0,225.05,,,,,,,,,,,
1790036631.5620713,GPS_RAW_INT,,,,,,,,,,,,,,,,,,6,10
1790036631.563279,ATTITUDE,,,,,,,,,,,,,,,-0.0013453010469675064,-4.19404823333025e-05,-2.3553833961486816,,
1790036631.5649374,RAW_IMU,,,,,,,,,0,0,-1001,2,2,2,,,,,
1790036631.58299,ATTITUDE,,,,,,,,,,,,,,,-0.0013473225990310311,-4.270891076885164e-05,-2.3553950786590576,,
1790036631.584228,RAW_IMU,,,,,,,,,0,0,-1001,2,2,2,,,,,
1790036631.6032486,ATTITUDE,,,,,,,,,,,,,,,-0.0013481986243277788,-4.6210523578338325e-05,-2.355407238006592,,
1790036631.60505,RAW_IMU,,,,,,,,,0,0,-1001,2,2,2,,,,,
1790036631.6236722,ATTITUDE,,,,,,,,,,,,,,,-0.0013519725762307644,-4.8282992793247104e-05,-2.3554165363311768,,
1790036631.6249166,RAW_IMU,,,,,,,,,0,0,-1001,2,2,2,,,,,
1790036631.6513643,ATTITUDE,,,,,,,,,,,,,,,-0.001351863844320178,-4.790521415998228e-05,-2.355426788330078,,
1790036631.653182,RAW_IMU,,,,,,,,,0,0,-1001,2,2,2,,,,,
1790036631.6587698,GLOBAL_POSITION_INT,-35.3604685,149.1684133,579.45,-0.655,-0.02,0.0,0.0,225.05,,,,,,,,,,,
1790036631.6599329,GPS_RAW_INT,,,,,,,,,,,,,,,,,,6,10
1790036631.6649547,ATTITUDE,,,,,,,,,,,,,,,-0.0013511129654943943,-4.6429093345068395e-05,-2.355438232421875,,
1790036631.6665738,RAW_IMU,,,,,,,,,0,0,-1001,2,2,2,,,,,
1790036631.685021,ATTITUDE,,,,,,,,,,,,,,,-0.0013505498645827174,-4.4550077291205525e-05,-2.3554506301879883,,
1790036631.6864138,RAW_IMU,,,,,,,,,0,0,-1000,2,2,2,,,,,
1790036631.705266,ATTITUDE,,,,,,,,,,,,,,,-0.001348374062217772,-4.342254760558717e-05,-2.3554625511169434,,
1790036631.7068868,RAW_IMU,,,,,,,,,0,0,-1001,2,2,2,,,,,
1790036631.7259057,ATTITUDE,,,,,,,,,,,,,,,-0.0013472973369061947,-4.321938467910513e-05,-2.3554742336273193,,
1790036631.7276514,RAW_IMU,,,,,,,,,0,0,-1001,2,2,2,,,,,
1790036631.7458634,ATTITUDE,,,,,,,,,,,,,,,-0.001346489996649325,-4.378602534416132e-05,-2.355485439300537,,
1790036631.7470438,RAW_IMU,,,,,,,,,0,0,-1001,2,2,2,,,,,
1790036631.7593403,GLOBAL_POSITION_INT,-35.3604685,149.1684133,579.45,-0.655,-0.02,0.0,0.0,225.05,,,,,,,,,,,
1790036631.760166,GPS_RAW_INT,,,,,,,,,,,,,,,,,,6,10
1790036631.7659576,ATTITUDE,,,,,,,,,,,,,,,-0.001346742152236402,-4.4021999201504514e-05,-2.3554954528808594,,
1790036631.7676325,RAW_IMU,,,,,,,,,0,0,-1001,2,2,2,,,,,
1790036631.7861388,ATTITUDE,,,,,,,,,,,,,,,-0.0013479889603331685,-4.5577544369734824e-05,-2.355506181716919,,
1790036631.7870152,RAW_IMU,,,,,,,,,0,0,-1001,2,2,2,,,,,
1790036631.8062575,ATTITUDE,,,,,,,,,,,,,,,-0.001349616446532309,-4.7899327910272405e-05,-2.3555169105529785,,
1790036631.807647,RAW_IMU,,,,,,,,,0,0,-1001,2,2,2,,,,,
1790036631.8219328,ATTITUDE,,,,,,,,,,,,,,,-0.001350656384602189,-5.0258775445399806e-05,-2.355527400970459,,
1790036631.8233624,RAW_IMU,,,,,,,,,0,0,-1001,2,2,2,,,,,
1790036631.8471599,ATTITUDE,,,,,,,,,,,,,,,-0.0013492029393091798,-4.922125663142651e-05,-2.355536460876465,,
1790036631.8489864,RAW_IMU,,,,,,,,,0,0,-1001,2,2,2,,,,,
1790036631.8601563,GLOBAL_POSITION_INT,-35.3604685,149.1684133,579.45,-0.654,-0.02,0.0,0.0,225.04,,,,,,,,,,,
1790036631.8616476,GPS_RAW_INT,,,,,,,,,,,,,,,,,,6,10
1790036631.8631568,ATTITUDE,,,,,,,,,,,,,,,-0.0013474234146997333,-4.672533395932987e-05,-2.3555476665496826,,
1790036631.8649423,RAW_IMU,,,,,,,,,0,0,-1001,2,2,2,,,,,
1790036631.8960214,ATTITUDE,,,,,,,,,,,,,,,-0.0013464565854519606,-4.4883530790684745e-05,-2.355558156967163,,
1790036631.897074,RAW_IMU,,,,,,,,,0,0,-1001,2,2,2,,,,,
1790036631.9030674,ATTITUDE,,,,,,,,,,,,,,,-0.0013453413266688585,-4.531131708063185e-05,-2.3555691242218018,,
1790036631.9046104,RAW_IMU,,,,,,,,,0,0,-1001,2,2,2,,,,,
1790036631.9240823,ATTITUDE,,,,,,,,,,,,,,,-0.0013439474860206246,-4.501894727582112e-05,-2.3555796146392822,,
1790036631.9251425,RAW_IMU,,,,,,,,,0,0,-1001,2,2,2,,,,,
1790036631.944157,ATTITUDE,,,,,,,,,,,,,,,-0.001342914765700698,-4.4860549678560346e-05,-2.355588912963867,,
1790036631.9459155,RAW_IMU,,,,,,,,,0,0,-1001,2,2,2,,,,,
1790036631.957647,GLOBAL_POSITION_INT,-35.3604685,149.1684133,579.45,-0.654,-0.02,0.0,0.0,225.04,,,,,,,,,,,
1790036631.959586,GPS_RAW_INT,,,,,,,,,,,,,,,,,,6,10
1790036631.9643338,ATTITUDE,,,,,,,,,,,,,,,-0.0013433906715363264,-4.521833034232259e-05,-2.355600118637085,,
1790036631.9653418,RAW_IMU,,,,,,,,,0,0,-1001,2,2,2,,,,,
1790036631.9849155,ATTITUDE,,,,,,,,,,,,,,,-0.0013439439935609698,-4.708499909611419e-05,-2.3556113243103027,,
1790036631.9862287,RAW_IMU,,,,,,,,,0,0,-1001,2,2,2,,,,,
1790036632.0050852,ATTITUDE,,,,,,,,,,,,,,,-0.0013477257452905178,-4.8907229938777164e-05,-2.355623483657837,,
1790036632.0062594,RAW_IMU,,,,,,,,,0,0,-1001,2,2,2,,,,,
1790036632.0252626,ATTITUDE,,,,,,,,,,,,,,,-0.0013494299491867423,-5.099838017486036e-05,-2.3556320667266846,,
1790036632.0266588,RAW_IMU,,,,,,,,,0,0,-1001,2,2,2,,,,,
1790036632.0449407,ATTITUDE,,,,,,,,,,,,,,,-0.0013487577671185136,-5.12445330969058e-05,-2.3556435108184814,,
1790036632.046172,RAW_IMU,,,,,,,,,0,0,-1001,2,2,2,,,,,
1790036632.0588367,GLOBAL_POSITION_INT,-35.3604685,149.1684133,579.45,-0.654,-0.02,0.0,0.0,225.04,,,,,,,,,,,
1790036632.0597265,GPS_RAW_INT,,,,,,,,,,,,,,,,,,6,10
1790036632.06485,ATTITUDE,,,,,,,,,,,,,,,-0.0013487039832398295,-4.936908953823149e-05,-2.3556532859802246,,
1790036632.0658834,RAW_IMU,,,,,,,,,0,0,-1001,2,2,2,,,,,
1790036632.0854983,ATTITUDE,,,,,,,,,,,,,,,-0.0013478788314387202,-4.738642383017577e-05,-2.355663537979126,,
1790036632.0864046,RAW_IMU,,,,,,,,,0,0,-1001,2,2,2,,,,,
1790036632.1059546,ATTITUDE,,,,,,,,,,,,,,,-0.0013471395941451192,-4.537276254268363e-05,-2.355674982070923,,
1790036632.1074848,RAW_IMU,,,,,,,,,0,0,-1001,2,2,2,,,,,
1790036632.1219902,ATTITUDE,,,,,,,,,,,,,,,-0.0013478307519108057,-4.7039222408784553e-05,-2.355684280395508,,
1790036632.123235,RAW_IMU,,,,,,,,,0,0,-1001,2,2,2,,,,,
1790036632.152014,ATTITUDE,,,,,,,,,,,,,,,-0.0013490477576851845,-4.548369543044828e-05,-2.3556950092315674,,
1790036632.1528878,RAW_IMU,,,,,,,,,0,0,-1001,2,2,2,,,,,
1790036632.161698,GLOBAL_POSITION_INT,-35.3604685,149.1684133,579.45,-0.654,-0.02,0.0,0.0,225.03,,,,,,,,,,,
1790036632.1629264,GPS_RAW_INT,,,,,,,,,,,,,,,,,,6,10
1790036632.1639667,ATTITUDE,,,,,,,,,,,,,,,-0.001348544261418283,-4.675683521782048e-05,-2.3557071685791016,,
1790036632.1645808,RAW_IMU,,,,,,,,,0,0,-1001,2,2,2,,,,,
1790036632.1827776,ATTITUDE,,,,,,,,,,,,,,,-0.0013507045805454254,-4.8159829020733014e-05,-2.3557181358337402,,
1790036632.1843045,RAW_IMU,,,,,,,,,0,0,-1001,2,2,2,,,,,
1790036632.2028522,ATTITUDE,,,,,,,,,,,,,,,-0.0013516390463337302,-5.057874659541994e-05,-2.3557324409484863,,
1790036632.2040074,RAW_IMU,,,,,,,,,0,0,-1001,2,2,2,,,,,
1790036632.223587,ATTITUDE,,,,,,,,,,,,,,,-0.001354113221168518,-5.262167542241514e-05,-2.3557419776916504,,
1790036632.2245872,RAW_IMU,,,,,,,,,0,0,-1001,2,2,2,,,,,
1790036632.2437074,ATTITUDE,,,,,,,,,,,,,,,-0.0013521343935281038,-5.2022907766513526e-05,-2.3557517528533936,,
1790036632.2451766,RAW_IMU,,,,,,,,,0,0,-1001,2,2,2,,,,,
1790036632.2580655,GLOBAL_POSITION_INT,-35.3604685,149.1684133,579.45,-0.654,-0.02,0.0,0.0,225.03,,,,,,,,,,,
1790036632.2589266,GPS_RAW_INT,,,,,,,,,,,,,,,,,,6,10
1790036632.2647095,ATTITUDE,,,,,,,,,,,,,,,-0.0013518478954210877,-5.113852967042476e-05,-2.355762481689453,,
1790036632.266217,RAW_IMU,,,,,,,,,0,0,-1001,2,2,2,,,,,
1790036632.2843115,ATTITUDE,,,,,,,,,,,,,,,-0.0013511789729818702,-5.103604416945018e-05,-2.355773448944092,,
1790036632.286054,RAW_IMU,,,,,,,,,0,0,-1001,2,2,2,,,,,
1790036632.3044484,ATTITUDE,,,,,,,,,,,,,,,-0.0013514611637219787,-4.977209391654469e-05,-2.3557851314544678,,
1790036632.3060067,RAW_IMU,,,,,,,,,0,0,-1001,2,2,2,,,,,
1790036632.324442,ATTITUDE,,,,,,,,,,,,,,,-0.0013516598846763372,-5.088455873192288e-05,-2.3557956218719482,,
1790036632.3256776,RAW_IMU,,,,,,,,,0,0,-1000,2,2,2,,,,,
1790036632.3444006,ATTITUDE,,,,,,,,,,,,,,,-0.0013508214615285397,-5.043826240580529e-05,-2.3558061122894287,,
1790036632.345584,RAW_IMU,,,,,,,,,0,0,-1001,2,2,2,,,,,
1790036632.3580303,GLOBAL_POSITION_INT,-35.3604685,149.1684133,579.45,-0.654,-0.02,0.0,0.0,225.03,,,,,,,,,,,
1790036632.3594441,GPS_RAW_INT,,,,,,,,,,,,,,,,,,6,10
1790036632.3644426,ATTITUDE,,,,,,,,,,,,,,,-0.0013518347404897213,-4.858065949520096e-05,-2.3558170795440674,,
1790036632.3655605,RAW_IMU,,,,,,,,,0,0,-1001,2,2,2,,,,,
1790036632.3981214,ATTITUDE,,,,,,,,,,,,,,,-0.0013531929580494761,-5.048904495197348e-05,-2.355827808380127,,
1790036632.4005008,RAW_IMU,,,,,,,,,0,0,-1001,2,2,2,,,,,
1790036632.403548,ATTITUDE,,,,,,,,,,,,,,,-0.0013538404600694776,-5.359404531191103e-05,-2.3558385372161865,,
1790036632.4050307,RAW_IMU,,,,,,,,,0,0,-1001,2,2,2,,,,,
1790036632.4236267,ATTITUDE,,,,,,,,,,,,,,,-0.0013570201117545366,-5.646242789225653e-05,-2.355848789215088,,
1790036632.424842,RAW_IMU,,,,,,,,,0,0,-1001,2,2,2,,,,,
1790036632.443511,ATTITUDE,,,,,,,,,,,,,,,-0.0013561821542680264,-5.6792945542838424e-05,-2.35585880279541,,
1790036632.444942,RAW_IMU,,,,,,,,,0,0,-1001,2,2,2,,,,,
1790036632.457259,GLOBAL_POSITION_INT,-35.3604685,149.1684133,579.45,-0.654,-0.02,0.0,0.0,225.02,,,,,,,,,,,
1790036632.4586482,GPS_RAW_INT,,,,,,,,,,,,,,,,,,6,10
1790036632.4633114,ATTITUDE,,,,,,,,,,,,,,,-0.0013545501278713346,-5.7558958360459656e-05,-2.355869770050049,,
1790036632.4641948,RAW_IMU,,,,,,,,,0,0,-1001,2,2,2,,,,,
1790036632.4817374,ATTITUDE,,,,,,,,,,,,,,,-0.0013528186827898026,-5.5208740377565846e-05,-2.355881452560425,,
1790036632.4830103,RAW_IMU,,,,,,,,,0,0,-1001,2,2,2,,,,,
1790036632.5069637,ATTITUDE,,,,,,,,,,,,,,,-0.0013493660371750593,-5.36136758455541e-05,-2.3558919429779053,,
1790036632.5082843,RAW_IMU,,,,,,,,,0,0,-1001,2,2,2,,,,,
1790036632.5269244,ATTITUDE,,,,,,,,,,,,,,,-0.0013488421682268381,-5.283120844978839e-05,-2.3559012413024902,,
1790036632.5284996,RAW_IMU,,,,,,,,,0,0,-1001,2,2,2,,,,,
1790036632.5469596,ATTITUDE,,,,,,,,,,,,,,,-0.001348293968476355,-5.2461073209997267e-05,-2.35591197013855,,
1790036632.5481493,RAW_IMU,,,,,,,,,0,0,-1001,2,2,2,,,,,
1790036632.5606227,GLOBAL_POSITION_INT,-35.3604685,149.1684133,579.45,-0.654,-0.02,0.0,0.0,225.02,,,,,,,,,,,
1790036632.5612977,GPS_RAW_INT,,,,,,,,,,,,,,,,,,6,10
1790036632.566867,ATTITUDE,,,,,,,,,,,,,,,-0.0013480703346431255,-5.378415880841203e-05,-2.3559224605560303,,
1790036632.5679731,RAW_IMU,,,,,,,,,0,0,-1001,2,2,2,,,,,
1790036632.586758,ATTITUDE,,,,,,,,,,,,,,,-0.0013504440430551767,-5.5534314014948905e-05,-2.3559329509735107,,
1790036632.5878034,RAW_IMU,,,,,,,,,0,0,-1001,2,2,2,,,,,
1790036632.606907,ATTITUDE,,,,,,,,,,,,,,,-0.0013523236848413944,-5.740837877965532e-05,-2.3559443950653076,,
1790036632.6084507,RAW_IMU,,,,,,,,,0,0,-1001,2,2,2,,,,,
1790036632.6221528,ATTITUDE,,,,,,,,,,,,,,,-0.0013544008834287524,-6.011667937855236e-05,-2.355952739715576,,
1790036632.624085,RAW_IMU,,,,,,,,,0,0,-1001,2,2,2,,,,,
1790036632.6469407,ATTITUDE,,,,,,,,,,,,,,,-0.0013534857425838709,-6.099475285736844e-05,-2.355963706970215,,
1790036632.648496,RAW_IMU,,,,,,,,,0,0,-1001,2,2,2,,,,,
1790036632.6618595,GLOBAL_POSITION_INT,-35.3604685,149.1684133,579.45,-0.654,-0.02,0.0,0.0,225.02,,,,,,,,,,,
1790036632.6623902,GPS_RAW_INT,,,,,,,,,,,,,,,,,,6,10
1790036632.6643314,ATTITUDE,,,,,,,,,,,,,,,-0.0013516107574105263,-6.045542249921709e-05,-2.355973720550537,,
1790036632.6655464,RAW_IMU,,,,,,,,,0,0,-1001,2,2,2,,,,,
1790036632.6835313,ATTITUDE,,,,,,,,,,,,,,,-0.0013487483374774456,-5.95643614360597e-05,-2.355984926223755,,
1790036632.6851501,RAW_IMU,,,,,,,,,0,0,-1001,2,2,2,,,,,
1790036632.7039075,ATTITUDE,,,,,,,,,,,,,,,-0.0013465553056448698,-5.96506979491096e-05,-2.3559963703155518,,
1790036632.7051623,RAW_IMU,,,,,,,,,0,0,-1001,2,2,2,,,,,
1790036632.72447,ATTITUDE,,,,,,,,,,,,,,,-0.0013438466703519225,-5.978945773676969e-05,-2.3560070991516113,,
1790036632.725757,RAW_IMU,,,,,,,,,0,0,-1001,2,2,2,,,,,
1790036632.7441251,ATTITUDE,,,,,,,,,,,,,,,-0.0013434039428830147,-5.99324848735705e-05,-2.3560168743133545,,
1790036632.7453437,RAW_IMU,,,,,,,,,0,0,-1001,2,2,2,,,,,
1790036632.7577477,GLOBAL_POSITION_INT,-35.3604685,149.1684133,579.45,-0.654,-0.02,0.0,0.0,225.01,,,,,,,,,,,
1790036632.7588193,GPS_RAW_INT,,,,,,,,,,,,,,,,,,6,10
1790036632.7644572,ATTITUDE,,,,,,,,,,,,,,,-0.0013449217658489943,-5.945795783190988e-05,-2.356027603149414,,
1790036632.765514,RAW_IMU,,,,,,,,,0,0,-1001,2,2,2,,,,,
1790036632.784955,ATTITUDE,,,,,,,,,,,,,,,-0.0013471830170601606,-6.178765761433169e-05,-2.356038808822632,,
1790036632.7863572,RAW_IMU,,,,,,,,,0,0,-1001,2,2,2,,,,,
1790036632.8050535,ATTITUDE,,,,,,,,,,,,,,,-0.0013494722079485655,-6.175819726195186e-05,-2.356050491333008,,
1790036632.8061934,RAW_IMU,,,,,,,,,0,0,-1001,2,2,2,,,,,
1790036632.8252635,ATTITUDE,,,,,,,,,,,,,,,-0.0013517069164663553,-6.487296195700765e-05,-2.3560585975646973,,
1790036632.8271885,RAW_IMU,,,,,,,,,0,0,-1001,2,2,2,,,,,
1790036632.8466287,ATTITUDE,,,,,,,,,,,,,,,-0.001351376879028976,-6.452480010921136e-05,-2.356067657470703,,
1790036632.848792,RAW_IMU,,,,,,,,,0,0,-1001,2,2,2,,,,,
1790036632.8597276,GLOBAL_POSITION_INT,-35.3604685,149.1684133,579.45,-0.654,-0.02,0.0,0.0,225.01,,,,,,,,,,,
1790036632.860147,GPS_RAW_INT,,,,,,,,,,,,,,,,,,6,10
1790036632.8666372,ATTITUDE,,,,,,,,,,,,,,,-0.0013485813979059458,-6.423573358915746e-05,-2.3560781478881836,,
1790036632.8683596,RAW_IMU,,,,,,,,,0,0,-1001,2,2,2,,,,,
1790036632.8955152,ATTITUDE,,,,,,,,,,,,,,,-0.0013479668414220214,-6.339360697893426e-05,-2.3560893535614014,,
1790036632.8971977,RAW_IMU,,,,,,,,,0,0,-1001,2,2,2,,,,,
1790036632.9025767,ATTITUDE,,,,,,,,,,,,,,,-0.0013470286503434181,-6.35443939245306e-05,-2.3561010360717773,,
1790036632.9040294,RAW_IMU,,,,,,,,,0,0,-1001,2,2,2,,,,,
1790036632.9226568,ATTITUDE,,,,,,,,,,,,,,,-0.0013458288740366697,-6.263581599341705e-05,-2.356111764907837,,
1790036632.9237058,RAW_IMU,,,,,,,,,0,0,-1001,2,2,2,,,,,
1790036632.9425032,ATTITUDE,,,,,,,,,,,,,,,-0.0013449554098770022,-6.400299753295258e-05,-2.3561208248138428,,
1790036632.9435525,RAW_IMU,,,,,,,,,0,0,-1001,2,2,2,,,,,
1790036632.961753,GLOBAL_POSITION_INT,-35.3604685,149.1684133,579.45,-0.654,-0.02,0.0,0.0,225.01,,,,,,,,,,,
1790036632.9625094,GPS_RAW_INT,,,,,,,,,,,,,,,,,,6,10
1790036632.9641871,ATTITUDE,,,,,,,,,,,,,,,-0.0013453478459268808,-6.567975651705638e-05,-2.356132745742798,,
1790036632.965974,RAW_IMU,,,,,,,,,0,0,-1001,2,2,2,,,,,
1790036632.9824266,ATTITUDE,,,,,,,,,,,,,,,-0.0013476868625730276,-6.685526022920385e-05,-2.3561441898345947,,
1790036632.9836385,RAW_IMU,,,,,,,,,0,0,-1001,2,2,2,,,,,
1790036633.0029998,ATTITUDE,,,,,,,,,,,,,,,-0.0013502284418791533,-6.904435576871037e-05,-2.3561553955078125,,
1790036633.0044153,RAW_IMU,,,,,,,,,0,0,-1001,2,2,2,,,,,
1790036633.0232115,ATTITUDE,,,,,,,,,,,,,,,-0.0013519343920052052,-7.163921691244468e-05,-2.3561654090881348,,
1790036633.0242891,RAW_IMU,,,,,,,,,0,0,-1001,2,2,2,,,,,
1790036633.0438683,ATTITUDE,,,,,,,,,,,,,,,-0.0013517350889742374,-7.103075768100098e-05,-2.3561763763427734,,
1790036633.0449114,RAW_IMU,,,,,,,,,0,0,-1001,2,2,2,,,,,
1790036633.0579143,GLOBAL_POSITION_INT,-35.3604685,149.1684133,579.45,-0.654,-0.02,0.0,0.0,225.01,,,,,,,,,,,
1790036633.0588381,GPS_RAW_INT,,,,,,,,,,,,,,,,,,6,10
1790036633.0652153,ATTITUDE,,,,,,,,,,,,,,,-0.001349866739474237,-6.987393862800673e-05,-2.356187105178833,,
1790036633.0665925,RAW_IMU,,,,,,,,,0,0,-1001,2,2,2,,,,,
1790036633.0847933,ATTITUDE,,,,,,,,,,,,,,,-0.001349175930954516,-7.073469168972224e-05,-2.356198310852051,,
1790036633.0859692,RAW_IMU,,,,,,,,,0,0,-1001,2,2,2,,,,,
1790036633.1050017,ATTITUDE,,,,,,,,,,,,,,,-0.0013486724346876144,-6.930552626727149e-05,-2.3562099933624268,,
1790036633.10668,RAW_IMU,,,,,,,,,0,0,-1001,2,2,2,,,,,
1790036633.125007,ATTITUDE,,,,,,,,,,,,,,,-0.0013479111948981881,-6.847519398434088e-05,-2.3562188148498535,,
1790036633.1258209,RAW_IMU,,,,,,,,,0,0,-1001,2,2,2,,,,,
1790036633.1502967,ATTITUDE,,,,,,,,,,,,,,,-0.0013482365757226944,-7.047544204397127e-05,-2.3562304973602295,,
1790036633.1513839,RAW_IMU,,,,,,,,,0,0,-1001,2,2,2,,,,,
1790036633.1589618,GLOBAL_POSITION_INT,-35.3604685,149.1684133,579.45,-0.654,-0.02,0.0,0.0,225.0,,,,,,,,,,,
1790036633.1594427,GPS_RAW_INT,,,,,,,,,,,,,,,,,,6,10
1790036633.164829,ATTITUDE,,,,,,,,,,,,,,,-0.001346672885119915,-7.27237929822877e-05,-2.356241464614868,,
1790036633.1655865,RAW_IMU,,,,,,,,,0,0,-1001,2,2,2,,,,,
1790036633.1822357,ATTITUDE,,,,,,,,,,,,,,,-0.001348770339973271,-7.364546036114916e-05,-2.356253147125244,,
1790036633.1827307,RAW_IMU,,,,,,,,,0,0,-1001,2,2,2,,,,,
1790036633.2056942,ATTITUDE,,,,,,,,,,,,,,,-0.0013511722208932042,-7.575770723633468e-05,-2.3562660217285156,,
1790036633.206436,RAW_IMU,,,,,,,,,0,0,-1001,2,2,2,,,,,
1790036633.2231135,ATTITUDE,,,,,,,,,,,,,,,-0.0013529412681236863,-8.011089084902778e-05,-2.356276273727417,,
1790036633.2237918,RAW_IMU,,,,,,,,,0,0,-1001,2,2,2,,,,,
1790036633.2464657,ATTITUDE,,,,,,,,,,,,,,,-0.001351130660623312,-8.006340794963762e-05,-2.3562841415405273,,
1790036633.247115,RAW_IMU,,,,,,,,,0,0,-1001,2,2,2,,,,,
1790036633.258839,GLOBAL_POSITION_INT,-35.3604685,149.1684133,579.45,-0.654,-0.02,0.0,0.0,225.0,,,,,,,,,,,
1790036633.260708,GPS_RAW_INT,,,,,,,,,,,,,,,,,,6,10
1790036633.2654455,ATTITUDE,,,,,,,,,,,,,,,-0.0013495810562744737,-7.978489884408191e-05,-2.356294870376587,,
1790036633.2673633,RAW_IMU,,,,,,,,,0,0,-1001,2,2,2,,,,,
1790036633.285554,ATTITUDE,,,,,,,,,,,,,,,-0.001348853693343699,-7.798623119015247e-05,-2.3563058376312256,,
1790036633.287019,RAW_IMU,,,,,,,,,0,0,-1001,2,2,2,,,,,
1790036633.305546,ATTITUDE,,,,,,,,,,,,,,,-0.0013462918577715755,-7.798438309691846e-05,-2.3563177585601807,,
1790036633.3065472,RAW_IMU,,,,,,,,,0,0,-1001,2,2,2,,,,,
1790036633.3262868,ATTITUDE,,,,,,,,,,,,,,,-0.001347302459180355,-7.844412903068587e-05,-2.3563284873962402,,
1790036633.3280807,RAW_IMU,,,,,,,,,0,0,-1001,2,2,2,,,,,
1790036633.3466823,ATTITUDE,,,,,,,,,,,,,,,-0.0013482793001458049,-7.867461681598797e-05,-2.3563380241394043,,
1790036633.347654,RAW_IMU,,,,,,,,,0,0,-1001,2,2,2,,,,,
1790036633.3605127,GLOBAL_POSITION_INT,-35.3604685,149.1684133,579.45,-0.654,-0.02,0.0,0.0,225.0,,,,,,,,,,,
1790036633.361373,GPS_RAW_INT,,,,,,,,,,,,,,,,,,6,10
1790036633.366625,ATTITUDE,,,,,,,,,,,,,,,-0.0013473755680024624,-7.850238762330264e-05,-2.356348991394043,,
1790036633.367635,RAW_IMU,,,,,,,,,0,0,-1001,2,2,2,,,,,
1790036633.4016016,ATTITUDE,,,,,,,,,,,,,,,-0.001348474994301796,-7.864124927436933e-05,-2.3563590049743652,,
1790036633.4031665,RAW_IMU,,,,,,,,,0,0,-1000,2,2,2,,,,,
1790036633.406675,ATTITUDE,,,,,,,,,,,,,,,-0.001351763610728085,-8.021490793908015e-05,-2.3563694953918457,,
1790036633.4083166,RAW_IMU,,,,,,,,,0,0,-1000,2,2,2,,,,,
1790036633.4229,ATTITUDE,,,,,,,,,,,,,,,-0.001355862244963646,-8.365397661691532e-05,-2.356379508972168,,
1790036633.4250326,RAW_IMU,,,,,,,,,0,0,-1001,2,2,2,,,,,
1790036633.4426048,ATTITUDE,,,,,,,,,,,,,,,-0.0013557770289480686,-8.305031951749697e-05,-2.3563883304595947,,
1790036633.4436147,RAW_IMU,,,,,,,,,0,0,-1001,2,2,2,,,,,
1790036633.4616413,GLOBAL_POSITION_INT,-35.3604685,149.1684133,579.45,-0.654,-0.02,0.0,0.0,224.99,,,,,,,,,,,
1790036633.4627454,GPS_RAW_INT,,,,,,,,,,,,,,,,,,6,10
1790036633.463919,ATTITUDE,,,,,,,,,,,,,,,-0.001353460829705,-8.033672929741442e-05,-2.356398582458496,,
1790036633.4645817,RAW_IMU,,,,,,,,,0,0,-1001,2,2,2,,,,,
1790036633.48254,ATTITUDE,,,,,,,,,,,,,,,-0.0013527770061045885,-7.925209501991048e-05,-2.3564090728759766,,
1790036633.4836903,RAW_IMU,,,,,,,,,0,0,-1001,2,2,2,,,,,
1790036633.5027368,ATTITUDE,,,,,,,,,,,,,,,-0.001351578044705093,-7.850190013414249e-05,-2.356419563293457,,
1790036633.5038688,RAW_IMU,,,,,,,,,0,0,-1001,2,2,2,,,,,
1790036633.5233335,ATTITUDE,,,,,,,,,,,,,,,-0.0013507419498637319,-7.767277566017583e-05,-2.356428623199463,,
1790036633.525441,RAW_IMU,,,,,,,,,0,0,-1001,2,2,2,,,,,
1790036633.5424087,ATTITUDE,,,,,,,,,,,,,,,-0.001350151258520782,-7.750969962216914e-05,-2.356438159942627,,
1790036633.5432942,RAW_IMU,,,,,,,,,0,0,-1001,2,2,2,,,,,
1790036633.5616734,GLOBAL_POSITION_INT,-35.3604685,149.1684133,579.45,-0.654,-0.02,0.0,0.0,224.99,,,,,,,,,,,
1790036633.5632708,GPS_RAW_INT,,,,,,,,,,,,,,,,,,6,10
1790036633.5644338,ATTITUDE,,,,,,,,,,,,,,,-0.0013520099455490708,-7.945116522023454e-05,-2.3564484119415283,,
1790036633.5652564,RAW_IMU,,,,,,,,,0,0,-1001,2,2,2,,,,,
1790036633.5816345,ATTITUDE,,,,,,,,,,,,,,,-0.0013512669829651713,-8.064246503636241e-05,-2.3564579486846924,,
1790036633.5827048,RAW_IMU,,,,,,,,,0,0,-1001,2,2,2,,,,,
1790036633.6018941,ATTITUDE,,,,,,,,,,,,,,,-0.0013546498958021402,-8.263697964139283e-05,-2.356468439102173,,
1790036633.6036758,RAW_IMU,,,,,,,,,0,0,-1001,2,2,2,,,,,
1790036633.627603,ATTITUDE,,,,,,,,,,,,,,,-0.0013574864715337753,-8.494248322676867e-05,-2.356475830078125,,
1790036633.6291137,RAW_IMU,,,,,,,,,0,0,-1001,2,2,2,,,,,
1790036633.6496718,ATTITUDE,,,,,,,,,,,,,,,-0.0013576657511293888,-8.330189302796498e-05,-2.3564870357513428,,
1790036633.6508439,RAW_IMU,,,,,,,,,0,0,-1001,2,2,2,,,,,
1790036633.6618242,GLOBAL_POSITION_INT,-35.3604685,149.1684133,579.45,-0.654,-0.02,0.0,0.0,224.99,,,,,,,,,,,
1790036633.6629393,GPS_RAW_INT,,,,,,,,,,,,,,,,,,6,10
1790036633.6646752,ATTITUDE,,,,,,,,,,,,,,,-0.0013560636434704065,-8.11838181107305e-05,-2.3564956188201904,,
1790036633.6657445,RAW_IMU,,,,,,,,,0,0,-1001,2,2,2,,,,,
1790036633.6823752,ATTITUDE,,,,,,,,,,,,,,,-0.0013537340564653277,-8.055380021687597e-05,-2.356506586074829,,
1790036633.683556,RAW_IMU,,,,,,,,,0,0,-1001,2,2,2,,,,,
1790036633.70241,ATTITUDE,,,,,,,,,,,,,,,-0.0013527958653867245,-8.048257586779073e-05,-2.356518030166626,,
1790036633.704348,RAW_IMU,,,,,,,,,0,0,-1001,2,2,2,,,,,
1790036633.725035,ATTITUDE,,,,,,,,,,,,,,,-0.0013526501134037971,-8.076660014921799e-05,-2.3565285205841064,,
1790036633.7270482,RAW_IMU,,,,,,,,,0,0,-1001,2,2,2,,,,,
1790036633.7459836,ATTITUDE,,,,,,,,,,,,,,,-0.0013520595384761691,-8.14177401480265e-05,-2.3565375804901123,,
1790036633.74739,RAW_IMU,,,,,,,,,0,0,-1000,2,2,2,,,,,
1790036633.7601674,GLOBAL_POSITION_INT,-35.3604685,149.1684133,579.45,-0.653,-0.02,0.0,0.0,224.98,,,,,,,,,,,
1790036633.7616465,GPS_RAW_INT,,,,,,,,,,,,,,,,,,6,10
1790036633.7665625,ATTITUDE,,,,,,,,,,,,,,,-0.0013522673398256302,-8.250211976701394e-05,-2.3565480709075928,,
1790036633.7676744,RAW_IMU,,,,,,,,,0,0,-1001,2,2,2,,,,,
1790036633.786749,ATTITUDE,,,,,,,,,,,,,,,-0.001352023333311081,-8.5338884673547e-05,-2.3565592765808105,,
1790036633.7889905,RAW_IMU,,,,,,,,,0,0,-1001,2,2,2,,,,,
1790036633.8068938,ATTITUDE,,,,,,,,,,,,,,,-0.001354062813334167,-8.792703738436103e-05,-2.356570243835449,,
1790036633.808745,RAW_IMU,,,,,,,,,0,0,-1001,2,2,2,,,,,
1790036633.828031,ATTITUDE,,,,,,,,,,,,,,,-0.0013569147558882833,-9.025431063491851e-05,-2.3565807342529297,,
1790036633.8286397,RAW_IMU,,,,,,,,,0,0,-1001,2,2,2,,,,,
1790036633.842471,ATTITUDE,,,,,,,,,,,,,,,-0.0013556522317230701,-8.785883983364329e-05,-2.356590986251831,,
1790036633.8444273,RAW_IMU,,,,,,,,,0,0,-1001,2,2,2,,,,,
1790036633.8617454,GLOBAL_POSITION_INT,-35.3604685,149.1684133,579.45,-0.653,-0.02,0.0,0.0,224.98,,,,,,,,,,,
1790036633.86277,GPS_RAW_INT,,,,,,,,,,,,,,,,,,6,10
1790036633.864706,ATTITUDE,,,,,,,,,,,,,,,-0.0013544476823881269,-8.630864613223821e-05,-2.356600522994995,,
1790036633.8667681,RAW_IMU,,,,,,,,,0,0,-1001,2,2,2,,,,,
1790036633.9009233,ATTITUDE,,,,,,,,,,,,,,,-0.0013534433674067259,-8.666033681947738e-05,-2.356611728668213,,
1790036633.9023209,RAW_IMU,,,,,,,,,0,0,-1001,2,2,2,,,,,
1790036633.9071443,ATTITUDE,,,,,,,,,,,,,,,-0.0013522320659831166,-8.545283344574273e-05,-2.356623649597168,,
1790036633.9090276,RAW_IMU,,,,,,,,,0,0,-1001,2,2,2,,,,,
1790036633.9222627,ATTITUDE,,,,,,,,,,,,,,,-0.0013527021510526538,-8.580092253396288e-05,-2.3566360473632812,,
