timestamp,msg_type,lat,lon,alt,relative_alt,vx,vy,vz,hdg,xacc,yacc,zacc,xgyro,ygyro,zgyro,roll,pitch,yaw,fix_type,satellites_visible
1790035432.094156,GLOBAL_POSITION_INT,-35.3629999,149.1655581,583.81,-0.172,-0.02,0.0,0.0,45.13,,,,,,,,,,,
1790035432.0947847,GPS_RAW_INT,,,,,,,,,,,,,,,,,,6,10
1790035432.0952163,ATTITUDE,,,,,,,,,,,,,,,0.0024288201238960028,0.002618323778733611,0.7877949476242065,,
1790035432.0953043,RAW_IMU,,,,,,,,,0,0,-1001,3,3,3,,,,,
1790035432.0953615,ATTITUDE,,,,,,,,,,,,,,,0.002429720014333725,0.0026183687150478363,0.7877969145774841,,
1790035432.0954378,RAW_IMU,,,,,,,,,0,0,-1001,3,3,3,,,,,
1790035432.095531,ATTITUDE,,,,,,,,,,,,,,,0.0024289728607982397,0.002616876969113946,0.7878010869026184,,
1790035432.0956037,RAW_IMU,,,,,,,,,0,0,-1001,3,3,3,,,,,
1790035432.095656,ATTITUDE,,,,,,,,,,,,,,,0.0024304967373609543,0.0026199056301265955,0.7878065705299377,,
1790035432.0957265,RAW_IMU,,,,,,,,,0,0,-1001,3,3,3,,,,,
1790035432.095777,ATTITUDE,,,,,,,,,,,,,,,0.0024321647360920906,0.002622008789330721,0.7878128290176392,,
1790035432.095846,RAW_IMU,,,,,,,,,0,0,-1001,3,3,3,,,,,
1790035432.0959332,ATTITUDE,,,,,,,,,,,,,,,0.0024346846621483564,0.0026248167268931866,0.787815272808075,,
1790035432.0960023,RAW_IMU,,,,,,,,,0,0,-1001,3,3,3,,,,,
1790035432.0960524,ATTITUDE,,,,,,,,,,,,,,,0.002433961257338524,0.0026226986665278673,0.7878178358078003,,
1790035432.0961215,RAW_IMU,,,,,,,,,0,0,-1001,3,3,3,,,,,
1790035432.097575,GLOBAL_POSITION_INT,-35.3629999,149.1655581,583.81,-0.172,-0.02,0.0,0.0,45.13,,,,,,,,,,,
1790035432.0982664,GPS_RAW_INT,,,,,,,,,,,,,,,,,,6,10
1790035432.103209,ATTITUDE,,,,,,,,,,,,,,,0.002433329587802291,0.00261999131180346,0.7878227233886719,,
1790035432.10385,RAW_IMU,,,,,,,,,0,0,-1001,3,3,3,,,,,
1790035432.1210518,ATTITUDE,,,,,,,,,,,,,,,0.0024300208315253258,0.0026190427597612143,0.787826657295227,,
1790035432.1215332,RAW_IMU,,,,,,,,,0,0,-1001,3,3,3,,,,,
1790035432.144476,ATTITUDE,,,,,,,,,,,,,,,0.0024291304871439934,0.002616378478705883,0.7878332138061523,,
1790035432.1450524,RAW_IMU,,,,,,,,,0,0,-1001,3,3,3,,,,,
1790035432.1616843,ATTITUDE,,,,,,,,,,,,,,,0.002427634783089161,0.0026165961753576994,0.7878350019454956,,
1790035432.162192,RAW_IMU,,,,,,,,,0,0,-1001,3,3,3,,,,,
1790035432.1847064,ATTITUDE,,,,,,,,,,,,,,,0.0024263570085167885,0.0026167011819779873,0.787837564945221,,
1790035432.1851192,RAW_IMU,,,,,,,,,0,0,-1001,3,3,3,,,,,
1790035432.1967552,GLOBAL_POSITION_INT,-35.3629999,149.1655581,583.81,-0.172,-0.02,0.0,0.0,45.13,,,,,,,,,,,
1790035432.1974583,GPS_RAW_INT,,,,,,,,,,,,,,,,,,6,10
1790035432.2023826,ATTITUDE,,,,,,,,,,,,,,,0.002429095795378089,0.0026160760316997766,0.7878425717353821,,
1790035432.2029762,RAW_IMU,,,,,,,,,0,0,-1001,3,3,3,,,,,
1790035432.2208238,ATTITUDE,,,,,,,,,,,,,,,0.002430528402328491,0.0026180308777838945,0.787848174571991,,
1790035432.2211385,RAW_IMU,,,,,,,,,0,0,-1001,3,3,3,,,,,
1790035432.243356,ATTITUDE,,,,,,,,,,,,,,,0.002432964975014329,0.002620666055008769,0.7878554463386536,,
1790035432.2437747,RAW_IMU,,,,,,,,,0,0,-1001,3,3,3,,,,,
1790035432.2608218,ATTITUDE,,,,,,,,,,,,,,,0.0024366402067244053,0.0026223163586109877,0.7878586649894714,,
1790035432.2613926,RAW_IMU,,,,,,,,,0,0,-1001,3,3,3,,,,,
1790035432.2841277,ATTITUDE,,,,,,,,,,,,,,,0.0024356041103601456,0.0026207927148789167,0.7878612875938416,,
1790035432.2845817,RAW_IMU,,,,,,,,,0,0,-1001,3,3,3,,,,,
1790035432.2959094,GLOBAL_POSITION_INT,-35.3629999,149.1655581,583.81,-0.172,-0.02,0.0,0.0,45.14,,,,,,,,,,,
1790035432.296201,GPS_RAW_INT,,,,,,,,,,,,,,,,,,6,10
1790035432.3016388,ATTITUDE,,,,,,,,,,,,,,,0.0024337684735655785,0.0026178602129220963,0.7878647446632385,,
1790035432.3020742,RAW_IMU,,,,,,,,,0,0,-1001,3,3,3,,,,,
1790035432.3248935,ATTITUDE,,,,,,,,,,,,,,,0.0024327202700078487,0.0026155614759773016,0.7878697514533997,,
1790035432.3251328,RAW_IMU,,,,,,,,,0,0,-1001,3,3,3,,,,,
1790035432.3425426,ATTITUDE,,,,,,,,,,,,,,,0.00243000709451735,0.0026138864923268557,0.7878748774528503,,
1790035432.342955,RAW_IMU,,,,,,,,,0,0,-1001,3,3,3,,,,,
1790035432.3599496,ATTITUDE,,,,,,,,,,,,,,,0.0024274438619613647,0.0026126091834157705,0.7878752946853638,,
1790035432.3603115,RAW_IMU,,,,,,,,,0,0,-1001,3,3,3,,,,,
1790035432.383189,ATTITUDE,,,,,,,,,,,,,,,0.0024258599150925875,0.002611418953165412,0.7878769040107727,,
1790035432.3838165,RAW_IMU,,,,,,,,,0,0,-1001,3,3,3,,,,,
1790035432.395036,GLOBAL_POSITION_INT,-35.3629999,149.1655581,583.81,-0.172,-0.02,0.0,0.0,45.14,,,,,,,,,,,
1790035432.3953447,GPS_RAW_INT,,,,,,,,,,,,,,,,,,6,10
1790035432.4007695,ATTITUDE,,,,,,,,,,,,,,,0.002426534192636609,0.002611414296552539,0.7878807783126831,,
1790035432.4011548,RAW_IMU,,,,,,,,,0,0,-1001,3,3,3,,,,,
1790035432.42393,ATTITUDE,,,,,,,,,,,,,,,0.0024296038318425417,0.002613677177578211,0.7878845930099487,,
1790035432.424366,RAW_IMU,,,,,,,,,0,0,-1001,3,3,3,,,,,
1790035432.4417052,ATTITUDE,,,,,,,,,,,,,,,0.0024319207295775414,0.0026164697483181953,0.7878904938697815,,
1790035432.4423132,RAW_IMU,,,,,,,,,0,0,-1001,3,3,3,,,,,
1790035432.472138,ATTITUDE,,,,,,,,,,,,,,,0.0024341647513210773,0.0026187209878116846,0.7878910899162292,,
1790035432.4725084,RAW_IMU,,,,,,,,,0,0,-1001,3,3,3,,,,,
1790035432.4823394,ATTITUDE,,,,,,,,,,,,,,,0.0024328159634023905,0.0026152851060032845,0.7878929376602173,,
1790035432.4834101,RAW_IMU,,,,,,,,,0,0,-1001,3,3,3,,,,,
1790035432.4997175,GLOBAL_POSITION_INT,-35.3629999,149.1655581,583.81,-0.172,-0.02,0.0,0.0,45.14,,,,,,,,,,,
1790035432.500122,GPS_RAW_INT,,,,,,,,,,,,,,,,,,6,10
1790035432.5007117,ATTITUDE,,,,,,,,,,,,,,,0.0024326371494680643,0.002612689044326544,0.7878952622413635,,
1790035432.501117,RAW_IMU,,,,,,,,,0,0,-1001,3,3,3,,,,,
1790035432.5231278,ATTITUDE,,,,,,,,,,,,,,,0.0024318667128682137,0.002610103925690055,0.7878995537757874,,
1790035432.5235372,RAW_IMU,,,,,,,,,0,0,-1001,3,3,3,,,,,
1790035432.5408912,ATTITUDE,,,,,,,,,,,,,,,0.0024324608966708183,0.0026103397831320763,0.787904679775238,,
1790035432.5414174,RAW_IMU,,,,,,,,,0,0,-1001,3,3,3,,,,,
1790035432.5638855,ATTITUDE,,,,,,,,,,,,,,,0.002431428525596857,0.002609800547361374,0.787905752658844,,
1790035432.5643632,RAW_IMU,,,,,,,,,0,0,-1001,3,3,3,,,,,
1790035432.5815654,ATTITUDE,,,,,,,,,,,,,,,0.002430354245007038,0.002612261800095439,0.7879081964492798,,
1790035432.581951,RAW_IMU,,,,,,,,,0,0,-1001,3,3,3,,,,,
1790035432.5991979,GLOBAL_POSITION_INT,-35.3629999,149.1655581,583.81,-0.172,-0.02,0.0,0.0,45.14,,,,,,,,,,,
1790035432.5995293,GPS_RAW_INT,,,,,,,,,,,,,,,,,,6,10
1790035432.6045878,ATTITUDE,,,,,,,,,,,,,,,0.0024314674083143473,0.002612812677398324,0.7879131436347961,,
1790035432.6050613,RAW_IMU,,,,,,,,,0,0,-1001,3,3,3,,,,,
1790035432.622342,ATTITUDE,,,,,,,,,,,,,,,0.002432000357657671,0.002616823185235262,0.7879176735877991,,
1790035432.6230106,RAW_IMU,,,,,,,,,0,0,-1001,3,3,3,,,,,
1790035432.640432,ATTITUDE,,,,,,,,,,,,,,,0.002433988032862544,0.0026196998078376055,0.7879238724708557,,
1790035432.6411247,RAW_IMU,,,,,,,,,0,0,-1001,3,3,3,,,,,
1790035432.6630845,ATTITUDE,,,,,,,,,,,,,,,0.002436557784676552,0.002624533139169216,0.7879247665405273,,
1790035432.663844,RAW_IMU,,,,,,,,,0,0,-1001,3,3,3,,,,,
1790035432.680785,ATTITUDE,,,,,,,,,,,,,,,0.0024345458950847387,0.0026245517656207085,0.787927508354187,,
1790035432.6810591,RAW_IMU,,,,,,,,,0,0,-1001,3,3,3,,,,,
1790035432.6981575,GLOBAL_POSITION_INT,-35.3629999,149.1655581,583.81,-0.172,-0.02,0.0,0.0,45.14,,,,,,,,,,,
1790035432.6986086,GPS_RAW_INT,,,,,,,,,,,,,,,,,,6,10
1790035432.7038608,ATTITUDE,,,,,,,,,,,,,,,0.002429773798212409,0.0026231668889522552,0.7879302501678467,,
1790035432.7043514,RAW_IMU,,,,,,,,,0,0,-1001,3,3,3,,,,,
1790035432.7214556,ATTITUDE,,,,,,,,,,,,,,,0.002429456450045109,0.0026222425512969494,0.7879347205162048,,
1790035432.722044,RAW_IMU,,,,,,,,,0,0,-1000,3,3,3,,,,,
1790035432.7446058,ATTITUDE,,,,,,,,,,,,,,,0.002428035018965602,0.0026196488179266453,0.7879383563995361,,
1790035432.7449317,RAW_IMU,,,,,,,,,0,0,-1001,3,3,3,,,,,
1790035432.7623637,ATTITUDE,,,,,,,,,,,,,,,0.00242803106084466,0.0026191752403974533,0.7879385352134705,,
1790035432.7628963,RAW_IMU,,,,,,,,,0,0,-1001,3,3,3,,,,,
1790035432.7800746,ATTITUDE,,,,,,,,,,,,,,,0.0024281619116663933,0.002618870697915554,0.7879408597946167,,
1790035432.7809145,RAW_IMU,,,,,,,,,0,0,-1001,3,3,3,,,,,
1790035432.7975323,GLOBAL_POSITION_INT,-35.3629999,149.1655581,583.81,-0.172,-0.02,0.0,0.0,45.14,,,,,,,,,,,
1790035432.7978275,GPS_RAW_INT,,,,,,,,,,,,,,,,,,6,10
1790035432.803007,ATTITUDE,,,,,,,,,,,,,,,0.0024287444539368153,0.0026191645301878452,0.7879445552825928,,
1790035432.8035307,RAW_IMU,,,,,,,,,0,0,-1001,3,3,3,,,,,
1790035432.820683,ATTITUDE,,,,,,,,,,,,,,,0.002429686253890395,0.002618759870529175,0.7879500389099121,,
1790035432.8212316,RAW_IMU,,,,,,,,,0,0,-1001,3,3,3,,,,,
1790035432.8439672,ATTITUDE,,,,,,,,,,,,,,,0.0024324399419128895,0.002621669555082917,0.7879558205604553,,
1790035432.844756,RAW_IMU,,,,,,,,,0,0,-1001,3,3,3,,,,,
1790035432.8615324,ATTITUDE,,,,,,,,,,,,,,,0.0024347668513655663,0.002625037217512727,0.7879574298858643,,
1790035432.86177,RAW_IMU,,,,,,,,,0,0,-1001,3,3,3,,,,,
1790035432.8845658,ATTITUDE,,,,,,,,,,,,,,,0.002432381035760045,0.00262292567640543,0.7879600524902344,,
1790035432.8850186,RAW_IMU,,,,,,,,,0,0,-1001,3,3,3,,,,,
1790035432.8974228,GLOBAL_POSITION_INT,-35.3629999,149.1655581,583.81,-0.172,-0.02,0.0,0.0,45.14,,,,,,,,,,,
1790035432.8978758,GPS_RAW_INT,,,,,,,,,,,,,,,,,,6,10
1790035432.902169,ATTITUDE,,,,,,,,,,,,,,,0.002430472057312727,0.002620820887386799,0.7879652380943298,,
1790035432.9028585,RAW_IMU,,,,,,,,,0,0,-1001,3,3,3,,,,,
1790035432.919886,ATTITUDE,,,,,,,,,,,,,,,0.0024296180345118046,0.0026194024831056595,0.7879709005355835,,
1790035432.9203298,RAW_IMU,,,,,,,,,0,0,-1000,3,3,3,,,,,
1790035432.94319,ATTITUDE,,,,,,,,,,,,,,,0.0024295856710523367,0.0026191992219537497,0.7879766821861267,,
1790035432.9435127,RAW_IMU,,,,,,,,,0,0,-1001,3,3,3,,,,,
1790035432.9677901,ATTITUDE,,,,,,,,,,,,,,,0.002429276006296277,0.002617468824610114,0.7879782319068909,,
1790035432.9681003,RAW_IMU,,,,,,,,,0,0,-1001,3,3,3,,,,,
1790035432.9837263,ATTITUDE,,,,,,,,,,,,,,,0.002429230837151408,0.0026173091027885675,0.7879828214645386,,
1790035432.9844058,RAW_IMU,,,,,,,,,0,0,-1001,3,3,3,,,,,
1790035432.9957087,GLOBAL_POSITION_INT,-35.3629999,149.1655581,583.81,-0.172,-0.02,0.0,0.0,45.14,,,,,,,,,,,
1790035432.9962022,GPS_RAW_INT,,,,,,,,,,,,,,,,,,6,10
1790035433.0013618,ATTITUDE,,,,,,,,,,,,,,,0.002430458553135395,0.0026182346045970917,0.7879894971847534,,
1790035433.0019832,RAW_IMU,,,,,,,,,0,0,-1001,3,3,3,,,,,
1790035433.0260692,ATTITUDE,,,,,,,,,,,,,,,0.002431517466902733,0.0026191454380750656,0.787994921207428,,
1790035433.0262592,RAW_IMU,,,,,,,,,0,0,-1001,3,3,3,,,,,
1790035433.0460324,ATTITUDE,,,,,,,,,,,,,,,0.002433635061606765,0.002622762229293585,0.7880010008811951,,
1790035433.0462077,RAW_IMU,,,,,,,,,0,0,-1001,3,3,3,,,,,
1790035433.0623324,ATTITUDE,,,,,,,,,,,,,,,0.0024370925966650248,0.0026259918231517076,0.7880029082298279,,
1790035433.0630283,RAW_IMU,,,,,,,,,0,0,-1000,3,3,3,,,,,
1790035433.0853217,ATTITUDE,,,,,,,,,,,,,,,0.002434150082990527,0.002623934531584382,0.7880057096481323,,
1790035433.0858045,RAW_IMU,,,,,,,,,0,0,-1001,3,3,3,,,,,
1790035433.0974338,GLOBAL_POSITION_INT,-35.3629999,149.1655581,583.81,-0.172,-0.02,0.0,0.0,45.14,,,,,,,,,,,
1790035433.097918,GPS_RAW_INT,,,,,,,,,,,,,,,,,,6,10
1790035433.1029072,ATTITUDE,,,,,,,,,,,,,,,0.0024310394655913115,0.0026229487266391516,0.7880089282989502,,
1790035433.1032314,RAW_IMU,,,,,,,,,0,0,-1001,3,3,3,,,,,
1790035433.1207962,ATTITUDE,,,,,,,,,,,,,,,0.0024314322508871555,0.0026207806076854467,0.7880153059959412,,
1790035433.1212242,RAW_IMU,,,,,,,,,0,0,-1001,3,3,3,,,,,
1790035433.143874,ATTITUDE,,,,,,,,,,,,,,,0.0024308054707944393,0.002619547303766012,0.7880213856697083,,
1790035433.1442502,RAW_IMU,,,,,,,,,0,0,-1001,3,3,3,,,,,
1790035433.1613524,ATTITUDE,,,,,,,,,,,,,,,0.0024317943025380373,0.0026194516103714705,0.7880207896232605,,
1790035433.1617048,RAW_IMU,,,,,,,,,0,0,-1001,3,3,3,,,,,
1790035433.1845155,ATTITUDE,,,,,,,,,,,,,,,0.0024311861488968134,0.0026190520729869604,0.7880237102508545,,
1790035433.1850238,RAW_IMU,,,,,,,,,0,0,-1000,3,3,3,,,,,
1790035433.1963475,GLOBAL_POSITION_INT,-35.3629999,149.1655581,583.81,-0.172,-0.02,0.0,0.0,45.15,,,,,,,,,,,
1790035433.196859,GPS_RAW_INT,,,,,,,,,,,,,,,,,,6,10
1790035433.2020864,ATTITUDE,,,,,,,,,,,,,,,0.0024310536682605743,0.0026187391486018896,0.7880277633666992,,
1790035433.2024689,RAW_IMU,,,,,,,,,0,0,-1001,3,3,3,,,,,
1790035433.2252364,ATTITUDE,,,,,,,,,,,,,,,0.002432705834507942,0.0026203312445431948,0.7880344390869141,,
1790035433.225885,RAW_IMU,,,,,,,,,0,0,-1001,3,3,3,,,,,
1790035433.2432036,ATTITUDE,,,,,,,,,,,,,,,0.0024349894374608994,0.0026227824855595827,0.7880399823188782,,
1790035433.2439182,RAW_IMU,,,,,,,,,0,0,-1001,3,3,3,,,,,
1790035433.2608225,ATTITUDE,,,,,,,,,,,,,,,0.002437926596030593,0.002626408590003848,0.7880399227142334,,
1790035433.2615411,RAW_IMU,,,,,,,,,0,0,-1001,3,3,3,,,,,
1790035433.2837358,ATTITUDE,,,,,,,,,,,,,,,0.00243534822948277,0.002624385291710496,0.7880419492721558,,
1790035433.284397,RAW_IMU,,,,,,,,,0,0,-1001,3,3,3,,,,,
1790035433.295617,GLOBAL_POSITION_INT,-35.3629999,149.1655581,583.81,-0.172,-0.02,0.0,0.0,45.15,,,,,,,,,,,
1790035433.2959244,GPS_RAW_INT,,,,,,,,,,,,,,,,,,6,10
1790035433.301274,ATTITUDE,,,,,,,,,,,,,,,0.002433485584333539,0.0026233242824673653,0.7880442142486572,,
1790035433.3016503,RAW_IMU,,,,,,,,,0,0,-1001,3,3,3,,,,,
1790035433.3245113,ATTITUDE,,,,,,,,,,,,,,,0.002431692788377404,0.00262126955203712,0.7880492806434631,,
1790035433.3249063,RAW_IMU,,,,,,,,,0,0,-1001,3,3,3,,,,,
1790035433.3422816,ATTITUDE,,,,,,,,,,,,,,,0.0024295514449477196,0.0026207049377262592,0.7880558967590332,,
1790035433.3427956,RAW_IMU,,,,,,,,,0,0,-1001,3,3,3,,,,,
1790035433.3652434,ATTITUDE,,,,,,,,,,,,,,,0.002428218722343445,0.0026197736151516438,0.7880572080612183,,
1790035433.3655808,RAW_IMU,,,,,,,,,0,0,-1001,3,3,3,,,,,
1790035433.3828685,ATTITUDE,,,,,,,,,,,,,,,0.0024255660828202963,0.0026195612736046314,0.78806072473526,,
1790035433.3832057,RAW_IMU,,,,,,,,,0,0,-1001,3,3,3,,,,,
1790035433.40024,GLOBAL_POSITION_INT,-35.3629999,149.1655581,583.81,-0.172,-0.02,0.0,0.0,45.15,,,,,,,,,,,
1790035433.4006026,GPS_RAW_INT,,,,,,,,,,,,,,,,,,6,10
1790035433.4014108,ATTITUDE,,,,,,,,,,,,,,,0.0024263698142021894,0.0026193447411060333,0.7880657315254211,,
1790035433.4018564,RAW_IMU,,,,,,,,,0,0,-1001,3,3,3,,,,,
1790035433.423629,ATTITUDE,,,,,,,,,,,,,,,0.0024266152177006006,0.0026200939901173115,0.7880696654319763,,
1790035433.4240537,RAW_IMU,,,,,,,,,0,0,-1001,3,3,3,,,,,
1790035433.4415433,ATTITUDE,,,,,,,,,,,,,,,0.002428436418995261,0.0026236840058118105,0.7880750894546509,,
1790035433.4420006,RAW_IMU,,,,,,,,,0,0,-1001,3,3,3,,,,,
1790035433.467099,ATTITUDE,,,,,,,,,,,,,,,0.002431716537103057,0.002627431647852063,0.7880754470825195,,
1790035433.4673977,RAW_IMU,,,,,,,,,0,0,-1001,3,3,3,,,,,
1790035433.482047,ATTITUDE,,,,,,,,,,,,,,,0.002430027350783348,0.002625287277624011,0.788079023361206,,
1790035433.4824803,RAW_IMU,,,,,,,,,0,0,-1001,3,3,3,,,,,
1790035433.4995623,GLOBAL_POSITION_INT,-35.3629999,149.1655581,583.81,-0.172,-0.02,0.0,0.0,45.15,,,,,,,,,,,
1790035433.4998922,GPS_RAW_INT,,,,,,,,,,,,,,,,,,6,10
1790035433.5050776,ATTITUDE,,,,,,,,,,,,,,,0.0024271246511489153,0.0026237848214805126,0.7880824208259583,,
1790035433.5055091,RAW_IMU,,,,,,,,,0,0,-1001,3,3,3,,,,,
1790035433.5228136,ATTITUDE,,,,,,,,,,,,,,,0.0024250668939203024,0.002621532417833805,0.7880891561508179,,
1790035433.5233362,RAW_IMU,,,,,,,,,0,0,-1001,3,3,3,,,,,
1790035433.5406914,ATTITUDE,,,,,,,,,,,,,,,0.0024230123963207006,0.002621245104819536,0.7880942821502686,,
1790035433.5410876,RAW_IMU,,,,,,,,,0,0,-1001,3,3,3,,,,,
1790035433.5640984,ATTITUDE,,,,,,,,,,,,,,,0.00241992250084877,0.0026195391546934843,0.7880950570106506,,
1790035433.5642638,RAW_IMU,,,,,,,,,0,0,-1001,3,3,3,,,,,
1790035433.581172,ATTITUDE,,,,,,,,,,,,,,,0.002418767660856247,0.002619044855237007,0.7880989909172058,,
1790035433.5815673,RAW_IMU,,,,,,,,,0,0,-1001,3,3,3,,,,,
1790035433.598822,GLOBAL_POSITION_INT,-35.3629999,149.1655581,583.81,-0.172,-0.02,0.0,0.0,45.15,,,,,,,,,,,
1790035433.5991466,GPS_RAW_INT,,,,,,,,,,,,,,,,,,6,10
1790035433.604495,ATTITUDE,,,,,,,,,,,,,,,0.002418117830529809,0.002619202947244048,0.7881025671958923,,
1790035433.6048982,RAW_IMU,,,,,,,,,0,0,-1001,3,3,3,,,,,
1790035433.6221085,ATTITUDE,,,,,,,,,,,,,,,0.0024191271513700485,0.0026203119195997715,0.7881067395210266,,
1790035433.6224499,RAW_IMU,,,,,,,,,0,0,-1001,3,3,3,,,,,
1790035433.6453543,ATTITUDE,,,,,,,,,,,,,,,0.0024208705872297287,0.0026224569883197546,0.7881120443344116,,
1790035433.6459477,RAW_IMU,,,,,,,,,0,0,-1001,3,3,3,,,,,
1790035433.663009,ATTITUDE,,,,,,,,,,,,,,,0.002423458034172654,0.0026265995111316442,0.7881131172180176,,
1790035433.6635847,RAW_IMU,,,,,,,,,0,0,-1001,3,3,3,,,,,
1790035433.6807008,ATTITUDE,,,,,,,,,,,,,,,0.002421968849375844,0.002624735701829195,0.7881167531013489,,
1790035433.681547,RAW_IMU,,,,,,,,,0,0,-1001,3,3,3,,,,,
1790035433.6979833,GLOBAL_POSITION_INT,-35.3629999,149.1655581,583.81,-0.172,-0.02,0.0,0.0,45.15,,,,,,,,,,,
1790035433.6986563,GPS_RAW_INT,,,,,,,,,,,,,,,,,,6,10
1790035433.703687,ATTITUDE,,,,,,,,,,,,,,,0.0024201846681535244,0.0026209810748696327,0.7881218791007996,,
1790035433.7044027,RAW_IMU,,,,,,,,,0,0,-1001,3,3,3,,,,,
1790035433.722256,ATTITUDE,,,,,,,,,,,,,,,0.002419203519821167,0.0026196190156042576,0.7881278991699219,,
1790035433.7227778,RAW_IMU,,,,,,,,,0,0,-1001,3,3,3,,,,,
1790035433.7404141,ATTITUDE,,,,,,,,,,,,,,,0.0024197224993258715,0.002620466286316514,0.7881323099136353,,
1790035433.741114,RAW_IMU,,,,,,,,,0,0,-1001,3,3,3,,,,,
1790035433.763799,ATTITUDE,,,,,,,,,,,,,,,0.0024189625401049852,0.002620088402181864,0.7881339192390442,,
1790035433.7643833,RAW_IMU,,,,,,,,,0,0,-1001,3,3,3,,,,,
1790035433.7815194,ATTITUDE,,,,,,,,,,,,,,,0.0024181464686989784,0.0026194637175649405,0.7881371378898621,,
1790035433.782115,RAW_IMU,,,,,,,,,0,0,-1001,3,3,3,,,,,
1790035433.7988985,GLOBAL_POSITION_INT,-35.3629999,149.1655581,583.81,-0.172,-0.02,0.0,0.0,45.15,,,,,,,,,,,
1790035433.7994263,GPS_RAW_INT,,,,,,,,,,,,,,,,,,6,10
1790035433.8044865,ATTITUDE,,,,,,,,,,,,,,,0.002418202580884099,0.0026209705974906683,0.7881407737731934,,
1790035433.8060267,RAW_IMU,,,,,,,,,0,0,-1001,3,3,3,,,,,
1790035433.8220134,ATTITUDE,,,,,,,,,,,,,,,0.0024192507844418287,0.002622106811031699,0.7881473302841187,,
1790035433.8226702,RAW_IMU,,,,,,,,,0,0,-1001,3,3,3,,,,,
1790035433.845116,ATTITUDE,,,,,,,,,,,,,,,0.0024204407818615437,0.0026251906529068947,0.7881539463996887,,
1790035433.845579,RAW_IMU,,,,,,,,,0,0,-1001,3,3,3,,,,,
1790035433.862901,ATTITUDE,,,,,,,,,,,,,,,0.002422845456749201,0.0026285131461918354,0.7881544232368469,,
1790035433.86366,RAW_IMU,,,,,,,,,0,0,-1001,3,3,3,,,,,
1790035433.880377,ATTITUDE,,,,,,,,,,,,,,,0.0024208223912864923,0.002624493557959795,0.7881566286087036,,
1790035433.8807948,RAW_IMU,,,,,,,,,0,0,-1001,3,3,3,,,,,
1790035433.898349,GLOBAL_POSITION_INT,-35.3629999,149.1655581,583.81,-0.172,-0.02,0.0,0.0,45.15,,,,,,,,,,,
1790035433.8987947,GPS_RAW_INT,,,,,,,,,,,,,,,,,,6,10
1790035433.9034271,ATTITUDE,,,,,,,,,,,,,,,0.002419927390292287,0.002622397383674979,0.788159966468811,,
1790035433.90402,RAW_IMU,,,,,,,,,0,0,-1001,3,3,3,,,,,
1790035433.9212086,ATTITUDE,,,,,,,,,,,,,,,0.0024169483222067356,0.002621337538585067,0.7881657481193542,,
1790035433.9216456,RAW_IMU,,,,,,,,,0,0,-1001,3,3,3,,,,,
1790035433.944382,ATTITUDE,,,,,,,,,,,,,,,0.0024145515635609627,0.0026212867815047503,0.7881704568862915,,
1790035433.9447906,RAW_IMU,,,,,,,,,0,0,-1001,3,3,3,,,,,
1790035433.969436,ATTITUDE,,,,,,,,,,,,,,,0.002414301037788391,0.002621711464598775,0.788171648979187,,
1790035433.9697516,RAW_IMU,,,,,,,,,0,0,-1001,3,3,3,,,,,
1790035433.9850514,ATTITUDE,,,,,,,,,,,,,,,0.0024149001110345125,0.0026198148261755705,0.7881747484207153,,
1790035433.985602,RAW_IMU,,,,,,,,,0,0,-1001,3,3,3,,,,,
1790035433.9969413,GLOBAL_POSITION_INT,-35.3629999,149.1655581,583.81,-0.172,-0.02,0.0,0.0,45.15,,,,,,,,,,,
1790035433.997449,GPS_RAW_INT,,,,,,,,,,,,,,,,,,6,10
1790035434.0025356,ATTITUDE,,,,,,,,,,,,,,,0.0024163913913071156,0.0026196655817329884,0.7881788611412048,,
1790035434.002889,RAW_IMU,,,,,,,,,0,0,-1001,3,3,3,,,,,
1790035434.0202634,ATTITUDE,,,,,,,,,,,,,,,0.0024187136441469193,0.002620301442220807,0.7881841063499451,,
1790035434.0206778,RAW_IMU,,,,,,,,,0,0,-1001,3,3,3,,,,,
1790035434.0435889,ATTITUDE,,,,,,,,,,,,,,,0.0024187189992517233,0.0026237538550049067,0.7881888151168823,,
1790035434.0438902,RAW_IMU,,,,,,,,,0,0,-1001,3,3,3,,,,,
1790035434.0611286,ATTITUDE,,,,,,,,,,,,,,,0.0024220466148108244,0.002626660279929638,0.788189172744751,,
1790035434.0615983,RAW_IMU,,,,,,,,,0,0,-1001,3,3,3,,,,,
1790035434.0842633,ATTITUDE,,,,,,,,,,,,,,,0.0024210945703089237,0.002622830681502819,0.7881916165351868,,
1790035434.0847325,RAW_IMU,,,,,,,,,0,0,-1001,3,3,3,,,,,
1790035434.0962863,GLOBAL_POSITION_INT,-35.3629999,149.1655581,583.81,-0.172,-0.02,0.0,0.0,45.16,,,,,,,,,,,
1790035434.0965962,GPS_RAW_INT,,,,,,,,,,,,,,,,,,6,10
1790035434.1018581,ATTITUDE,,,,,,,,,,,,,,,0.002419095952063799,0.002620833460241556,0.7881962060928345,,
1790035434.1023457,RAW_IMU,,,,,,,,,0,0,-1001,3,3,3,,,,,
1790035434.1250122,ATTITUDE,,,,,,,,,,,,,,,0.00241993204690516,0.002619856735691428,0.7882024049758911,,
1790035434.1255522,RAW_IMU,,,,,,,,,0,0,-1001,3,3,3,,,,,
1790035434.1428611,ATTITUDE,,,,,,,,,,,,,,,0.002420015400275588,0.002618564059957862,0.7882078289985657,,
1790035434.1434093,RAW_IMU,,,,,,,,,0,0,-1001,3,3,3,,,,,
1790035434.1604939,ATTITUDE,,,,,,,,,,,,,,,0.0024203117936849594,0.002618179190903902,0.7882084250450134,,
1790035434.1608913,RAW_IMU,,,,,,,,,0,0,-1001,3,3,3,,,,,
1790035434.1835046,ATTITUDE,,,,,,,,,,,,,,,0.002421302255243063,0.0026168953627347946,0.7882115840911865,,
1790035434.1837912,RAW_IMU,,,,,,,,,0,0,-1001,3,3,3,,,,,
1790035434.195239,GLOBAL_POSITION_INT,-35.3629999,149.1655581,583.81,-0.172,-0.02,0.0,0.0,45.16,,,,,,,,,,,
1790035434.1955218,GPS_RAW_INT,,,,,,,,,,,,,,,,,,6,10
1790035434.201016,ATTITUDE,,,,,,,,,,,,,,,0.0024217956233769655,0.0026171617209911346,0.7882154583930969,,
1790035434.2014885,RAW_IMU,,,,,,,,,0,0,-1001,3,3,3,,,,,
1790035434.2241776,ATTITUDE,,,,,,,,,,,,,,,0.0024238580372184515,0.0026178057305514812,0.7882214784622192,,
1790035434.224586,RAW_IMU,,,,,,,,,0,0,-1001,3,3,3,,,,,
1790035434.2421496,ATTITUDE,,,,,,,,,,,,,,,0.002425271784886718,0.002619456499814987,0.7882260084152222,,
1790035434.2427263,RAW_IMU,,,,,,,,,0,0,-1001,3,3,3,,,,,
1790035434.2649956,ATTITUDE,,,,,,,,,,,,,,,0.0024290401488542557,0.0026232432574033737,0.7882275581359863,,
1790035434.2654133,RAW_IMU,,,,,,,,,0,0,-1001,3,3,3,,,,,
1790035434.2825887,ATTITUDE,,,,,,,,,,,,,,,0.002427618717774749,0.0026216264814138412,0.7882300019264221,,
1790035434.282943,RAW_IMU,,,,,,,,,0,0,-1001,3,3,3,,,,,
1790035434.3000722,GLOBAL_POSITION_INT,-35.3629999,149.1655581,583.81,-0.172,-0.02,0.0,0.0,45.16,,,,,,,,,,,
1790035434.300473,GPS_RAW_INT,,,,,,,,,,,,,,,,,,6,10
1790035434.3012698,ATTITUDE,,,,,,,,,,,,,,,0.002427302999421954,0.002621067687869072,0.7882345914840698,,
1790035434.3017092,RAW_IMU,,,,,,,,,0,0,-1000,3,3,3,,,,,
1790035434.3233843,ATTITUDE,,,,,,,,,,,,,,,0.002425987273454666,0.0026192888617515564,0.7882411479949951,,
1790035434.3238323,RAW_IMU,,,,,,,,,0,0,-1001,3,3,3,,,,,
1790035434.3412192,ATTITUDE,,,,,,,,,,,,,,,0.002423935802653432,0.0026175896637141705,0.7882453203201294,,
1790035434.3416219,RAW_IMU,,,,,,,,,0,0,-1001,3,3,3,,,,,
1790035434.3642483,ATTITUDE,,,,,,,,,,,,,,,0.0024226002860814333,0.0026181507855653763,0.788246750831604,,
1790035434.3648365,RAW_IMU,,,,,,,,,0,0,-1001,3,3,3,,,,,
1790035434.3818183,ATTITUDE,,,,,,,,,,,,,,,0.0024223369546234608,0.0026186066679656506,0.7882500290870667,,
1790035434.382149,RAW_IMU,,,,,,,,,0,0,-1001,3,3,3,,,,,
1790035434.3992906,GLOBAL_POSITION_INT,-35.3629999,149.1655581,583.81,-0.172,-0.02,0.0,0.0,45.16,,,,,,,,,,,
1790035434.3996818,GPS_RAW_INT,,,,,,,,,,,,,,,,,,6,10
1790035434.4048302,ATTITUDE,,,,,,,,,,,,,,,0.0024221178609877825,0.002618212718516588,0.788253664970398,,
1790035434.4053001,RAW_IMU,,,,,,,,,0,0,-1001,3,3,3,,,,,
1790035434.4225552,ATTITUDE,,,,,,,,,,,,,,,0.0024219544138759375,0.002618013881146908,0.7882595658302307,,
1790035434.422951,RAW_IMU,,,,,,,,,0,0,-1001,3,3,3,,,,,
1790035434.4402535,ATTITUDE,,,,,,,,,,,,,,,0.0024238144978880882,0.002618860686197877,0.7882657051086426,,
1790035434.4406579,RAW_IMU,,,,,,,,,0,0,-1001,3,3,3,,,,,
1790035434.4714339,ATTITUDE,,,,,,,,,,,,,,,0.002427529776468873,0.0026208311319351196,0.788268506526947,,
1790035434.471811,RAW_IMU,,,,,,,,,0,0,-1001,3,3,3,,,,,
1790035434.4809492,ATTITUDE,,,,,,,,,,,,,,,0.0024269772693514824,0.0026187116745859385,0.7882707118988037,,
1790035434.481576,RAW_IMU,,,,,,,,,0,0,-1001,3,3,3,,,,,
1790035434.498427,GLOBAL_POSITION_INT,-35.3629999,149.1655581,583.81,-0.172,-0.02,0.0,0.0,45.16,,,,,,,,,,,
1790035434.498892,GPS_RAW_INT,,,,,,,,,,,,,,,,,,6,10
1790035434.5042355,ATTITUDE,,,,,,,,,,,,,,,0.002426279941573739,0.0026185456663370132,0.7882755994796753,,
1790035434.50452,RAW_IMU,,,,,,,,,0,0,-1001,3,3,3,,,,,
1790035434.5217416,ATTITUDE,,,,,,,,,,,,,,,0.002424277365207672,0.002618122613057494,0.7882808446884155,,
1790035434.5220718,RAW_IMU,,,,,,,,,0,0,-1001,3,3,3,,,,,
1790035434.5449436,ATTITUDE,,,,,,,,,,,,,,,0.002423002850264311,0.0026178036350756884,0.7882845997810364,,
1790035434.545378,RAW_IMU,,,,,,,,,0,0,-1001,3,3,3,,,,,
1790035434.56268,ATTITUDE,,,,,,,,,,,,,,,0.00242174556478858,0.00261591374874115,0.7882863879203796,,
1790035434.5631196,RAW_IMU,,,,,,,,,0,0,-1001,3,3,3,,,,,
1790035434.58003,ATTITUDE,,,,,,,,,,,,,,,0.0024211141280829906,0.0026162215508520603,0.7882892489433289,,
1790035434.5803835,RAW_IMU,,,,,,,,,0,0,-1001,3,3,3,,,,,
1790035434.5976481,GLOBAL_POSITION_INT,-35.3629999,149.1655581,583.81,-0.172,-0.02,0.0,0.0,45.16,,,,,,,,,,,
1790035434.5979373,GPS_RAW_INT,,,,,,,,,,,,,,,,,,6,10
1790035434.6035116,ATTITUDE,,,,,,,,,,,,,,,0.0024224717635661364,0.0026165542658418417,0.7882944941520691,,
1790035434.6038446,RAW_IMU,,,,,,,,,0,0,-1001,3,3,3,,,,,
1790035434.6210163,ATTITUDE,,,,,,,,,,,,,,,0.0024257157929241657,0.0026161905843764544,0.788300096988678,,
1790035434.6213791,RAW_IMU,,,,,,,,,0,0,-1001,3,3,3,,,,,
1790035434.644094,ATTITUDE,,,,,,,,,,,,,,,0.0024280077777802944,0.002617281163111329,0.7883041501045227,,
1790035434.6446269,RAW_IMU,,,,,,,,,0,0,-1001,3,3,3,,,,,
1790035434.6618538,ATTITUDE,,,,,,,,,,,,,,,0.002428304171189666,0.0026200010906904936,0.7883057594299316,,
1790035434.6622298,RAW_IMU,,,,,,,,,0,0,-1001,3,3,3,,,,,
1790035434.6848857,ATTITUDE,,,,,,,,,,,,,,,0.002424252685159445,0.0026165044400840998,0.7883079051971436,,
1790035434.6853147,RAW_IMU,,,,,,,,,0,0,-1001,3,3,3,,,,,
1790035434.6968205,GLOBAL_POSITION_INT,-35.3629999,149.1655581,583.81,-0.172,-0.02,0.0,0.0,45.16,,,,,,,,,,,
1790035434.6972995,GPS_RAW_INT,,,,,,,,,,,,,,,,,,6,10
1790035434.702468,ATTITUDE,,,,,,,,,,,,,,,0.002422751858830452,0.002614337019622326,0.7883109450340271,,
1790035434.7028863,RAW_IMU,,,,,,,,,0,0,-1001,3,3,3,,,,,
1790035434.7214816,ATTITUDE,,,,,,,,,,,,,,,0.0024200647603720427,0.00261331326328218,0.7883166074752808,,
1790035434.722144,RAW_IMU,,,,,,,,,0,0,-1001,3,3,3,,,,,
1790035434.7432919,ATTITUDE,,,,,,,,,,,,,,,0.0024208722170442343,0.002610481344163418,0.7883216738700867,,
1790035434.7439466,RAW_IMU,,,,,,,,,0,0,-1001,3,3,3,,,,,
1790035434.761894,ATTITUDE,,,,,,,,,,,,,,,0.002419950906187296,0.0026093663182109594,0.7883237600326538,,
1790035434.7625535,RAW_IMU,,,,,,,,,0,0,-1001,3,3,3,,,,,
1790035434.784898,ATTITUDE,,,,,,,,,,,,,,,0.0024196277372539043,0.002607594942674041,0.788327693939209,,
1790035434.785318,RAW_IMU,,,,,,,,,0,0,-1001,3,3,3,,,,,
1790035434.7968113,GLOBAL_POSITION_INT,-35.3629999,149.1655581,583.81,-0.172,-0.02,0.0,0.0,45.16,,,,,,,,,,,
1790035434.7973843,GPS_RAW_INT,,,,,,,,,,,,,,,,,,6,10
1790035434.8025193,ATTITUDE,,,,,,,,,,,,,,,0.0024203946813941,0.0026075320784002542,0.788332462310791,,
1790035434.8031144,RAW_IMU,,,,,,,,,0,0,-1001,3,3,3,,,,,
1790035434.8202658,ATTITUDE,,,,,,,,,,,,,,,0.002422281773760915,0.002610984956845641,0.7883368134498596,,
1790035434.8207092,RAW_IMU,,,,,,,,,0,0,-1001,3,3,3,,,,,
1790035434.8433542,ATTITUDE,,,,,,,,,,,,,,,0.002422365127131343,0.002612038981169462,0.788342297077179,,
1790035434.8436844,RAW_IMU,,,,,,,,,0,0,-1001,3,3,3,,,,,
1790035434.861234,ATTITUDE,,,,,,,,,,,,,,,0.002425458515062928,0.0026151910424232483,0.7883434295654297,,
1790035434.8617759,RAW_IMU,,,,,,,,,0,0,-1001,3,3,3,,,,,
1790035434.8842437,ATTITUDE,,,,,,,,,,,,,,,0.002423851750791073,0.00261138379573822,0.788345992565155,,
1790035434.8849869,RAW_IMU,,,,,,,,,0,0,-1001,3,3,3,,,,,
1790035434.8968103,GLOBAL_POSITION_INT,-35.3629999,149.1655581,583.81,-0.172,-0.02,0.0,0.0,45.16,,,,,,,,,,,
1790035434.897384,GPS_RAW_INT,,,,,,,,,,,,,,,,,,6,10
1790035434.901767,ATTITUDE,,,,,,,,,,,,,,,0.0024202726781368256,0.0026102561969310045,0.7883509993553162,,
1790035434.9022498,RAW_IMU,,,,,,,,,0,0,-1001,3,3,3,,,,,
1790035434.924867,ATTITUDE,,,,,,,,,,,,,,,0.0024193068966269493,0.00260771531611681,0.7883570194244385,,
1790035434.9255114,RAW_IMU,,,,,,,,,0,0,-1001,3,3,3,,,,,
1790035434.9424856,ATTITUDE,,,,,,,,,,,,,,,0.0024180796463042498,0.0026073467452079058,0.7883622050285339,,
1790035434.9429488,RAW_IMU,,,,,,,,,0,0,-1001,3,3,3,,,,,
1790035434.9672709,ATTITUDE,,,,,,,,,,,,,,,0.002416185336187482,0.0026067132130265236,0.7883637547492981,,
1790035434.967542,RAW_IMU,,,,,,,,,0,0,-1001,3,3,3,,,,,
1790035434.9832351,ATTITUDE,,,,,,,,,,,,,,,0.002416997915133834,0.0026056428905576468,0.7883666753768921,,
1790035434.9836004,RAW_IMU,,,,,,,,,0,0,-1001,3,3,3,,,,,
1790035434.995073,GLOBAL_POSITION_INT,-35.3629999,149.1655581,583.81,-0.172,-0.02,0.0,0.0,45.17,,,,,,,,,,,
1790035434.9956493,GPS_RAW_INT,,,,,,,,,,,,,,,,,,6,10
1790035435.0007868,ATTITUDE,,,,,,,,,,,,,,,0.0024185560178011656,0.0026060936506837606,0.7883704304695129,,
1790035435.0014408,RAW_IMU,,,,,,,,,0,0,-1001,3,3,3,,,,,
1790035435.024066,ATTITUDE,,,,,,,,,,,,,,,0.0024190167896449566,0.0026071008760482073,0.7883756756782532,,
1790035435.024405,RAW_IMU,,,,,,,,,0,0,-1001,3,3,3,,,,,
1790035435.041719,ATTITUDE,,,,,,,,,,,,,,,0.0024207658134400845,0.002607127884402871,0.7883826494216919,,
1790035435.0421934,RAW_IMU,,,,,,,,,0,0,-1001,3,3,3,,,,,
1790035435.064966,ATTITUDE,,,,,,,,,,,,,,,0.002422100165858865,0.0026098722591996193,0.7883826494216919,,
1790035435.0655499,RAW_IMU,,,,,,,,,0,0,-1001,3,3,3,,,,,
1790035435.0824986,ATTITUDE,,,,,,,,,,,,,,,0.002419284777715802,0.0026076789945364,0.7883853912353516,,
1790035435.0828784,RAW_IMU,,,,,,,,,0,0,-1001,3,3,3,,,,,
1790035435.0999095,GLOBAL_POSITION_INT,-35.3629999,149.1655581,583.81,-0.172,-0.02,0.0,0.0,45.17,,,,,,,,,,,
1790035435.100472,GPS_RAW_INT,,,,,,,,,,,,,,,,,,6,10
1790035435.105479,ATTITUDE,,,,,,,,,,,,,,,0.002418291522189975,0.0026048049330711365,0.7883893251419067,,
1790035435.1060026,RAW_IMU,,,,,,,,,0,0,-1001,3,3,3,,,,,
1790035435.12328,ATTITUDE,,,,,,,,,,,,,,,0.002416677074506879,0.002604180248454213,0.7883946299552917,,
1790035435.123823,RAW_IMU,,,,,,,,,0,0,-1001,3,3,3,,,,,
1790035435.1410666,ATTITUDE,,,,,,,,,,,,,,,0.0024148637894541025,0.002600749023258686,0.7883985042572021,,
1790035435.141447,RAW_IMU,,,,,,,,,0,0,-1001,3,3,3,,,,,
1790035435.1640866,ATTITUDE,,,,,,,,,,,,,,,0.002413967391476035,0.0025993979070335627,0.7884010076522827,,
1790035435.1644614,RAW_IMU,,,,,,,,,0,0,-1001,3,3,3,,,,,
1790035435.1814175,ATTITUDE,,,,,,,,,,,,,,,0.0024145611096173525,0.002599561121314764,0.7884055376052856,,
1790035435.1816902,RAW_IMU,,,,,,,,,0,0,-1001,3,3,3,,,,,
1790035435.198967,GLOBAL_POSITION_INT,-35.3629999,149.1655581,583.81,-0.172,-0.02,0.0,0.0,45.17,,,,,,,,,,,
1790035435.1992548,GPS_RAW_INT,,,,,,,,,,,,,,,,,,6,10
1790035435.2047696,ATTITUDE,,,,,,,,,,,,,,,0.00241505797021091,0.0025997215416282415,0.7884092926979065,,
1790035435.2052605,RAW_IMU,,,,,,,,,0,0,-1001,3,3,3,,,,,
1790035435.22239,ATTITUDE,,,,,,,,,,,,,,,0.0024169657845050097,0.0026017038617283106,0.7884132862091064,,
1790035435.2227635,RAW_IMU,,,,,,,,,0,0,-1001,3,3,3,,,,,
1790035435.2455935,ATTITUDE,,,,,,,,,,,,,,,0.0024180638138204813,0.002602791180834174,0.7884194850921631,,
1790035435.2460046,RAW_IMU,,,,,,,,,0,0,-1001,3,3,3,,,,,
1790035435.2631795,ATTITUDE,,,,,,,,,,,,,,,0.002421666868031025,0.0026050531305372715,0.7884207367897034,,
1790035435.2636073,RAW_IMU,,,,,,,,,0,0,-1001,3,3,3,,,,,
1790035435.28077,ATTITUDE,,,,,,,,,,,,,,,0.002419311087578535,0.002603312488645315,0.7884251475334167,,
1790035435.2811174,RAW_IMU,,,,,,,,,0,0,-1001,3,3,3,,,,,
1790035435.2982755,GLOBAL_POSITION_INT,-35.3629999,149.1655581,583.81,-0.172,-0.02,0.0,0.0,45.17,,,,,,,,,,,
1790035435.2987242,GPS_RAW_INT,,,,,,,,,,,,,,,,,,6,10
1790035435.303893,ATTITUDE,,,,,,,,,,,,,,,0.002417086623609066,0.0026016125921159983,0.7884296178817749,,
1790035435.3043501,RAW_IMU,,,,,,,,,0,0,-1001,3,3,3,,,,,
1790035435.3215933,ATTITUDE,,,,,,,,,,,,,,,0.002415199764072895,0.0025991343427449465,0.7884348630905151,,
1790035435.3222175,RAW_IMU,,,,,,,,,0,0,-1001,3,3,3,,,,,
1790035435.3447993,ATTITUDE,,,,,,,,,,,,,,,0.00241467310115695,0.0025981543585658073,0.7884405255317688,,
1790035435.345883,RAW_IMU,,,,,,,,,0,0,-1001,3,3,3,,,,,
1790035435.3624527,ATTITUDE,,,,,,,,,,,,,,,0.002413881942629814,0.0025982060469686985,0.7884429097175598,,
1790035435.3629637,RAW_IMU,,,,,,,,,0,0,-1001,3,3,3,,,,,
1790035435.3855464,ATTITUDE,,,,,,,,,,,,,,,0.0024140963796526194,0.0025981899816542864,0.7884470820426941,,
1790035435.3861854,RAW_IMU,,,,,,,,,0,0,-1001,3,3,3,,,,,
1790035435.3974457,GLOBAL_POSITION_INT,-35.3629999,149.1655581,583.81,-0.172,-0.02,0.0,0.0,45.17,,,,,,,,,,,
1790035435.3978639,GPS_RAW_INT,,,,,,,,,,,,,,,,,,6,10
1790035435.4030995,ATTITUDE,,,,,,,,,,,,,,,0.0024122910108417273,0.0025985054671764374,0.7884507179260254,,
1790035435.4034507,RAW_IMU,,,,,,,,,0,0,-1001,3,3,3,,,,,
1790035435.4207625,ATTITUDE,,,,,,,,,,,,,,,0.002414979971945286,0.0026003492530435324,0.7884576916694641,,
1790035435.4212441,RAW_IMU,,,,,,,,,0,0,-1001,3,3,3,,,,,
1790035435.4439704,ATTITUDE,,,,,,,,,,,,,,,0.0024180461186915636,0.0026013310998678207,0.7884629964828491,,
1790035435.4442914,RAW_IMU,,,,,,,,,0,0,-1001,3,3,3,,,,,
1790035435.4680414,ATTITUDE,,,,,,,,,,,,,,,0.0024220715276896954,0.0026039795484393835,0.7884648442268372,,
1790035435.4686239,RAW_IMU,,,,,,,,,0,0,-1001,3,3,3,,,,,
1790035435.484811,ATTITUDE,,,,,,,,,,,,,,,0.00242028059437871,0.0026022950187325478,0.7884695529937744,,
1790035435.4851654,RAW_IMU,,,,,,,,,0,0,-1001,3,3,3,,,,,
1790035435.496662,GLOBAL_POSITION_INT,-35.3629999,149.1655581,583.81,-0.172,-0.02,0.0,0.0,45.17,,,,,,,,,,,
1790035435.4971478,GPS_RAW_INT,,,,,,,,,,,,,,,,,,6,10
1790035435.5022898,ATTITUDE,,,,,,,,,,,,,,,0.002417208394035697,0.0025995641481131315,0.7884734869003296,,
1790035435.5028696,RAW_IMU,,,,,,,,,0,0,-1001,3,3,3,,,,,
1790035435.5254304,ATTITUDE,,,,,,,,,,,,,,,0.0024157266598194838,0.0025976498145610094,0.7884789705276489,,
1790035435.5257735,RAW_IMU,,,,,,,,,0,0,-1000,3,3,3,,,,,
1790035435.5432997,ATTITUDE,,,,,,,,,,,,,,,0.002415286609902978,0.002595980418846011,0.7884849905967712,,
1790035435.5439112,RAW_IMU,,,,,,,,,0,0,-1001,3,3,3,,,,,
1790035435.5607092,ATTITUDE,,,,,,,,,,,,,,,0.0024144311901181936,0.0025955738965421915,0.7884883880615234,,
1790035435.5613544,RAW_IMU,,,,,,,,,0,0,-1001,3,3,3,,,,,
1790035435.583792,ATTITUDE,,,,,,,,,,,,,,,0.0024148186203092337,0.0025951021816581488,0.7884913086891174,,
1790035435.584115,RAW_IMU,,,,,,,,,0,0,-1001,3,3,3,,,,,
1790035435.5958047,GLOBAL_POSITION_INT,-35.3629999,149.1655581,583.81,-0.172,-0.02,0.0,0.0,45.17,,,,,,,,,,,
1790035435.5960834,GPS_RAW_INT,,,,,,,,,,,,,,,,,,6,10
1790035435.601714,ATTITUDE,,,,,,,,,,,,,,,0.002414424903690815,0.0025945657398551702,0.7884968519210815,,
1790035435.6021955,RAW_IMU,,,,,,,,,0,0,-1000,3,3,3,,,,,
1790035435.624804,ATTITUDE,,,,,,,,,,,,,,,0.002416840987280011,0.002595232566818595,0.7885026931762695,,
1790035435.6252682,RAW_IMU,,,,,,,,,0,0,-1000,3,3,3,,,,,
1790035435.6424584,ATTITUDE,,,,,,,,,,,,,,,0.0024187907110899687,0.002598903840407729,0.7885090112686157,,
1790035435.6431353,RAW_IMU,,,,,,,,,0,0,-1001,3,3,3,,,,,
1790035435.6654375,ATTITUDE,,,,,,,,,,,,,,,0.002422035438939929,0.0026014188770204782,0.7885116934776306,,
1790035435.6658587,RAW_IMU,,,,,,,,,0,0,-1001,3,3,3,,,,,
1790035435.6830215,ATTITUDE,,,,,,,,,,,,,,,0.0024185816291719675,0.0025997557677328587,0.7885149121284485,,
1790035435.68347,RAW_IMU,,,,,,,,,0,0,-1001,3,3,3,,,,,
1790035435.7004757,GLOBAL_POSITION_INT,-35.3629999,149.1655581,583.81,-0.172,-0.02,0.0,0.0,45.17,,,,,,,,,,,
1790035435.7010124,GPS_RAW_INT,,,,,,,,,,,,,,,,,,6,10
1790035435.7014296,ATTITUDE,,,,,,,,,,,,,,,0.0024165490176528692,0.002598097547888756,0.788519024848938,,
1790035435.701882,RAW_IMU,,,,,,,,,0,0,-1001,3,3,3,,,,,
1790035435.7236955,ATTITUDE,,,,,,,,,,,,,,,0.002415404189378023,0.0025961617939174175,0.7885255813598633,,
1790035435.724285,RAW_IMU,,,,,,,,,0,0,-1001,3,3,3,,,,,
1790035435.7415898,ATTITUDE,,,,,,,,,,,,,,,0.002414123388007283,0.002595116849988699,0.7885303497314453,,
1790035435.742251,RAW_IMU,,,,,,,,,0,0,-1001,3,3,3,,,,,
1790035435.7646446,ATTITUDE,,,,,,,,,,,,,,,0.002413711976259947,0.002595034660771489,0.7885318994522095,,
1790035435.765179,RAW_IMU,,,,,,,,,0,0,-1001,3,3,3,,,,,
1790035435.7822216,ATTITUDE,,,,,,,,,,,,,,,0.002413888229057193,0.002595946891233325,0.7885364294052124,,
1790035435.7825432,RAW_IMU,,,,,,,,,0,0,-1001,3,3,3,,,,,
1790035435.7996793,GLOBAL_POSITION_INT,-35.3629999,149.1655581,583.81,-0.172,-0.02,0.0,0.0,45.17,,,,,,,,,,,
1790035435.8001175,GPS_RAW_INT,,,,,,,,,,,,,,,,,,6,10
1790035435.8052602,ATTITUDE,,,,,,,,,,,,,,,0.002415679395198822,0.002596247475594282,0.7885396480560303,,
1790035435.8058157,RAW_IMU,,,,,,,,,0,0,-1001,3,3,3,,,,,
1790035435.8229623,ATTITUDE,,,,,,,,,,,,,,,0.0024156721774488688,0.002598422346636653,0.7885468006134033,,
1790035435.8232563,RAW_IMU,,,,,,,,,0,0,-1001,3,3,3,,,,,
1790035435.8407476,ATTITUDE,,,,,,,,,,,,,,,0.0024174745194613934,0.002600646810606122,0.7885513305664062,,
1790035435.8411546,RAW_IMU,,,,,,,,,0,0,-1001,3,3,3,,,,,
1790035435.8638422,ATTITUDE,,,,,,,,,,,,,,,0.0024194116704165936,0.0026046624407172203,0.7885515689849854,,
1790035435.8642411,RAW_IMU,,,,,,,,,0,0,-1001,3,3,3,,,,,
1790035435.8814385,ATTITUDE,,,,,,,,,,,,,,,0.002417700830847025,0.002602954860776663,0.7885555624961853,,
1790035435.881999,RAW_IMU,,,,,,,,,0,0,-1000,3,3,3,,,,,
1790035435.8988178,GLOBAL_POSITION_INT,-35.3629999,149.1655581,583.81,-0.172,-0.02,0.0,0.0,45.18,,,,,,,,,,,
1790035435.8989923,GPS_RAW_INT,,,,,,,,,,,,,,,,,,6,10
1790035435.9045224,ATTITUDE,,,,,,,,,,,,,,,0.0024154239799827337,0.0026020098011940718,0.7885593771934509,,
1790035435.9048483,RAW_IMU,,,,,,,,,0,0,-1001,3,3,3,,,,,
1790035435.9222634,ATTITUDE,,,,,,,,,,,,,,,0.0024131620302796364,0.0026007876731455326,0.7885664701461792,,
1790035435.9226928,RAW_IMU,,,,,,,,,0,0,-1001,3,3,3,,,,,
1790035435.9453084,ATTITUDE,,,,,,,,,,,,,,,0.00241300743073225,0.0025983096566051245,0.7885719537734985,,
1790035435.946518,RAW_IMU,,,,,,,,,0,0,-1001,3,3,3,,,,,
1790035435.9676938,ATTITUDE,,,,,,,,,,,,,,,0.002412946429103613,0.00259597459807992,0.788573682308197,,
1790035435.9679396,RAW_IMU,,,,,,,,,0,0,-1001,3,3,3,,,,,
1790035435.9805796,ATTITUDE,,,,,,,,,,,,,,,0.0024123487528413534,0.0025946819223463535,0.788576066493988,,
1790035435.9810317,RAW_IMU,,,,,,,,,0,0,-1001,3,3,3,,,,,
1790035435.9980938,GLOBAL_POSITION_INT,-35.3629999,149.1655581,583.81,-0.172,-0.02,0.0,0.0,45.18,,,,,,,,,,,
1790035435.9984877,GPS_RAW_INT,,,,,,,,,,,,,,,,,,6,10
1790035436.0037599,ATTITUDE,,,,,,,,,,,,,,,0.0024143445771187544,0.0025956081226468086,0.7885799407958984,,
1790035436.0043433,RAW_IMU,,,,,,,,,0,0,-1000,3,3,3,,,,,
1790035436.0213773,ATTITUDE,,,,,,,,,,,,,,,0.0024151024408638477,0.002596331760287285,0.7885861992835999,,
1790035436.0219219,RAW_IMU,,,,,,,,,0,0,-1001,3,3,3,,,,,
1790035436.04454,ATTITUDE,,,,,,,,,,,,,,,0.0024166619405150414,0.002599303610622883,0.7885907292366028,,
1790035436.0448632,RAW_IMU,,,,,,,,,0,0,-1001,3,3,3,,,,,
1790035436.0626464,ATTITUDE,,,,,,,,,,,,,,,0.002418765565380454,0.0026015324983745813,0.7885936498641968,,
1790035436.063539,RAW_IMU,,,,,,,,,0,0,-1001,3,3,3,,,,,
1790035436.0811841,ATTITUDE,,,,,,,,,,,,,,,0.0024163639172911644,0.0025997571647167206,0.7885967493057251,,
1790035436.0825984,RAW_IMU,,,,,,,,,0,0,-1001,3,3,3,,,,,
1790035436.1002696,GLOBAL_POSITION_INT,-35.3629999,149.1655581,583.81,-0.172,-0.02,0.0,0.0,45.18,,,,,,,,,,,
1790035436.1011024,GPS_RAW_INT,,,,,,,,,,,,,,,,,,6,10
1790035436.1028335,ATTITUDE,,,,,,,,,,,,,,,0.0024147983640432358,0.0025979774072766304,0.7886016964912415,,
1790035436.1039846,RAW_IMU,,,,,,,,,0,0,-1001,3,3,3,,,,,
1790035436.125311,ATTITUDE,,,,,,,,,,,,,,,0.0024131196551024914,0.0025965559761971235,0.7886083722114563,,
1790035436.1261456,RAW_IMU,,,,,,,,,0,0,-1001,3,3,3,,,,,
1790035436.1454213,ATTITUDE,,,,,,,,,,,,,,,0.0024121792521327734,0.002596365287899971,0.7886131405830383,,
1790035436.146701,RAW_IMU,,,,,,,,,0,0,-1001,3,3,3,,,,,
1790035436.1661167,ATTITUDE,,,,,,,,,,,,,,,0.0024104020558297634,0.002596879843622446,0.7886143922805786,,
1790035436.1663756,RAW_IMU,,,,,,,,,0,0,-1001,3,3,3,,,,,
1790035436.185125,ATTITUDE,,,,,,,,,,,,,,,0.0024108600337058306,0.0025969960261136293,0.7886171936988831,,
1790035436.1867998,RAW_IMU,,,,,,,,,0,0,-1001,3,3,3,,,,,
1790035436.1988099,GLOBAL_POSITION_INT,-35.3629999,149.1655581,583.81,-0.172,-0.02,0.0,0.0,45.18,,,,,,,,,,,
1790035436.199356,GPS_RAW_INT,,,,,,,,,,,,,,,,,,6,10
1790035436.2048907,ATTITUDE,,,,,,,,,,,,,,,0.002410302869975567,0.002598162740468979,0.7886214852333069,,
1790035436.2054224,RAW_IMU,,,,,,,,,0,0,-1001,3,3,3,,,,,
1790035436.2228432,ATTITUDE,,,,,,,,,,,,,,,0.0024119457229971886,0.0025993208400905132,0.7886285781860352,,
1790035436.2231946,RAW_IMU,,,,,,,,,0,0,-1001,3,3,3,,,,,
1790035436.240806,ATTITUDE,,,,,,,,,,,,,,,0.0024122819304466248,0.0026008414570242167,0.788634181022644,,
1790035436.2412846,RAW_IMU,,,,,,,,,0,0,-1001,3,3,3,,,,,
1790035436.2638428,ATTITUDE,,,,,,,,,,,,,,,0.002416586736217141,0.0026047523133456707,0.7886356115341187,,
1790035436.264469,RAW_IMU,,,,,,,,,0,0,-1001,3,3,3,,,,,
1790035436.28141,ATTITUDE,,,,,,,,,,,,,,,0.00241419137455523,0.0026027942076325417,0.7886391878128052,,
1790035436.2821765,RAW_IMU,,,,,,,,,0,0,-1001,3,3,3,,,,,
1790035436.2989078,GLOBAL_POSITION_INT,-35.3629999,149.1655581,583.81,-0.172,-0.02,0.0,0.0,45.18,,,,,,,,,,,
1790035436.2995048,GPS_RAW_INT,,,,,,,,,,,,,,,,,,6,10
1790035436.3044913,ATTITUDE,,,,,,,,,,,,,,,0.0024132344406098127,0.0026017813943326473,0.7886449098587036,,
1790035436.3051054,RAW_IMU,,,,,,,,,0,0,-1001,3,3,3,,,,,
1790035436.3222032,ATTITUDE,,,,,,,,,,,,,,,0.0024118998553603888,0.002599807223305106,0.7886504530906677,,
1790035436.3226073,RAW_IMU,,,,,,,,,0,0,-1000,3,3,3,,,,,
1790035436.3452783,ATTITUDE,,,,,,,,,,,,,,,0.002412961097434163,0.0025984598323702812,0.7886549234390259,,
1790035436.345823,RAW_IMU,,,,,,,,,0,0,-1001,3,3,3,,,,,
1790035436.3631208,ATTITUDE,,,,,,,,,,,,,,,0.0024127427022904158,0.0025973801966756582,0.7886568307876587,,
1790035436.363594,RAW_IMU,,,,,,,,,0,0,-1001,3,3,3,,,,,
1790035436.3804252,ATTITUDE,,,,,,,,,,,,,,,0.0024109473451972008,0.0025974358431994915,0.788659393787384,,
1790035436.380931,RAW_IMU,,,,,,,,,0,0,-1001,3,3,3,,,,,
1790035436.3982189,GLOBAL_POSITION_INT,-35.3629999,149.1655581,583.81,-0.172,-0.02,0.0,0.0,45.18,,,,,,,,,,,
1790035436.3988676,GPS_RAW_INT,,,,,,,,,,,,,,,,,,6,10
1790035436.40372,ATTITUDE,,,,,,,,,,,,,,,0.002411643974483013,0.0025980600621551275,0.7886644005775452,,
1790035436.404325,RAW_IMU,,,,,,,,,0,0,-1001,3,3,3,,,,,
1790035436.4213471,ATTITUDE,,,,,,,,,,,,,,,0.002411697991192341,0.0025984339881688356,0.7886703014373779,,
1790035436.4218092,RAW_IMU,,,,,,,,,0,0,-1001,3,3,3,,,,,
1790035436.4445033,ATTITUDE,,,,,,,,,,,,,,,0.0024137375876307487,0.0026008584536612034,0.7886756062507629,,
1790035436.4449368,RAW_IMU,,,,,,,,,0,0,-1001,3,3,3,,,,,
1790035436.4708724,ATTITUDE,,,,,,,,,,,,,,,0.0024160626344382763,0.0026034696493297815,0.7886762619018555,,
1790035436.4712737,RAW_IMU,,,,,,,,,0,0,-1001,3,3,3,,,,,
1790035436.485052,ATTITUDE,,,,,,,,,,,,,,,0.002414414193481207,0.002601833315566182,0.7886796593666077,,
1790035436.4854536,RAW_IMU,,,,,,,,,0,0,-1001,3,3,3,,,,,
1790035436.4972358,GLOBAL_POSITION_INT,-35.3629999,149.1655581,583.81,-0.172,-0.02,0.0,0.0,45.18,,,,,,,,,,,
1790035436.4974735,GPS_RAW_INT,,,,,,,,,,,,,,,,,,6,10
1790035436.5028753,ATTITUDE,,,,,,,,,,,,,,,0.002413512207567692,0.002601372078061104,0.7886842489242554,,
1790035436.503639,RAW_IMU,,,,,,,,,0,0,-1001,3,3,3,,,,,
1790035436.5215576,ATTITUDE,,,,,,,,,,,,,,,0.002412536647170782,0.002599539468064904,0.7886906266212463,,
1790035436.5225456,RAW_IMU,,,,,,,,,0,0,-1001,3,3,3,,,,,
1790035436.5452087,ATTITUDE,,,,,,,,,,,,,,,0.002410831395536661,0.002598370658233762,0.7886961698532104,,
1790035436.545868,RAW_IMU,,,,,,,,,0,0,-1001,3,3,3,,,,,
1790035436.5629942,ATTITUDE,,,,,,,,,,,,,,,0.0024106386117637157,0.002596402307972312,0.7886982560157776,,
1790035436.5636687,RAW_IMU,,,,,,,,,0,0,-1001,3,3,3,,,,,
1790035436.5806212,ATTITUDE,,,,,,,,,,,,,,,0.0024121419992297888,0.0025975254829972982,0.7887020707130432,,
1790035436.5812783,RAW_IMU,,,,,,,,,0,0,-1001,3,3,3,,,,,
1790035436.5979114,GLOBAL_POSITION_INT,-35.3629999,149.1655581,583.81,-0.172,-0.02,0.0,0.0,45.18,,,,,,,,,,,
1790035436.5986745,GPS_RAW_INT,,,,,,,,,,,,,,,,,,6,10
1790035436.6039727,ATTITUDE,,,,,,,,,,,,,,,0.002413871232420206,0.0025988840498030186,0.7887060046195984,,
1790035436.6045628,RAW_IMU,,,,,,,,,0,0,-1001,3,3,3,,,,,
1790035436.6219287,ATTITUDE,,,,,,,,,,,,,,,0.002415096154436469,0.002599806524813175,0.7887111306190491,,
1790035436.6223056,RAW_IMU,,,,,,,,,0,0,-1001,3,3,3,,,,,
1790035436.6452649,ATTITUDE,,,,,,,,,,,,,,,0.0024176365695893764,0.0026028354186564684,0.7887160778045654,,
1790035436.6459048,RAW_IMU,,,,,,,,,0,0,-1001,3,3,3,,,,,
1790035436.663014,ATTITUDE,,,,,,,,,,,,,,,0.0024202498607337475,0.002603511791676283,0.788718581199646,,
1790035436.6636386,RAW_IMU,,,,,,,,,0,0,-1001,3,3,3,,,,,
1790035436.6805844,ATTITUDE,,,,,,,,,,,,,,,0.002417387207970023,0.00260246847756207,0.7887208461761475,,
1790035436.6809723,RAW_IMU,,,,,,,,,0,0,-1000,3,3,3,,,,,
1790035436.6979995,GLOBAL_POSITION_INT,-35.3629999,149.1655581,583.81,-0.172,-0.02,0.0,0.0,45.19,,,,,,,,,,,
1790035436.6984184,GPS_RAW_INT,,,,,,,,,,,,,,,,,,6,10
1790035436.7036064,ATTITUDE,,,,,,,,,,,,,,,0.0024146551731973886,0.002599861938506365,0.7887253165245056,,
1790035436.704211,RAW_IMU,,,,,,,,,0,0,-1001,3,3,3,,,,,
1790035436.7222743,ATTITUDE,,,,,,,,,,,,,,,0.002414340851828456,0.0025965848471969366,0.7887294888496399,,
1790035436.7228618,RAW_IMU,,,,,,,,,0,0,-1001,3,3,3,,,,,
1790035436.7445884,ATTITUDE,,,,,,,,,,,,,,,0.0024112737737596035,0.0025945722591131926,0.7887371778488159,,
1790035436.745131,RAW_IMU,,,,,,,,,0,0,-1001,3,3,3,,,,,
1790035436.7624772,ATTITUDE,,,,,,,,,,,,,,,0.0024085338227450848,0.0025939049664884806,0.7887417078018188,,
1790035436.7628946,RAW_IMU,,,,,,,,,0,0,-1001,3,3,3,,,,,
1790035436.7851372,ATTITUDE,,,,,,,,,,,,,,,0.0024077938869595528,0.002593361772596836,0.788744330406189,,
1790035436.786531,RAW_IMU,,,,,,,,,0,0,-1001,3,3,3,,,,,
1790035436.7971675,GLOBAL_POSITION_INT,-35.3629999,149.1655581,583.81,-0.172,-0.02,0.0,0.0,45.19,,,,,,,,,,,
1790035436.7978113,GPS_RAW_INT,,,,,,,,,,,,,,,,,,6,10
1790035436.802669,ATTITUDE,,,,,,,,,,,,,,,0.0024076306726783514,0.002593907294794917,0.7887488603591919,,
1790035436.8032951,RAW_IMU,,,,,,,,,0,0,-1001,3,3,3,,,,,
1790035436.8203635,ATTITUDE,,,,,,,,,,,,,,,0.0024094129912555218,0.0025953652802854776,0.7887538075447083,,
1790035436.821131,RAW_IMU,,,,,,,,,0,0,-1000,3,3,3,,,,,
1790035436.8434658,ATTITUDE,,,,,,,,,,,,,,,0.002411823021247983,0.002598223742097616,0.7887609601020813,,
1790035436.8437557,RAW_IMU,,,,,,,,,0,0,-1001,3,3,3,,,,,
1790035436.8611293,ATTITUDE,,,,,,,,,,,,,,,0.002413782523944974,0.0026006458792835474,0.7887641191482544,,
1790035436.8617735,RAW_IMU,,,,,,,,,0,0,-1001,3,3,3,,,,,
1790035436.8842728,ATTITUDE,,,,,,,,,,,,,,,0.002412645146250725,0.0025989420246332884,0.7887679934501648,,
1790035436.8846488,RAW_IMU,,,,,,,,,0,0,-1001,3,3,3,,,,,
1790035436.8967648,GLOBAL_POSITION_INT,-35.3629999,149.1655581,583.81,-0.172,-0.02,0.0,0.0,45.19,,,,,,,,,,,
1790035436.89704,GPS_RAW_INT,,,,,,,,,,,,,,,,,,6,10
1790035436.9017992,ATTITUDE,,,,,,,,,,,,,,,0.00241274107247591,0.0025978076737374067,0.7887716293334961,,
1790035436.9021847,RAW_IMU,,,,,,,,,0,0,-1001,3,3,3,,,,,
1790035436.9249763,ATTITUDE,,,,,,,,,,,,,,,0.002411424648016691,0.002595418132841587,0.7887771725654602,,
1790035436.9253953,RAW_IMU,,,,,,,,,0,0,-1001,3,3,3,,,,,
1790035436.9426925,ATTITUDE,,,,,,,,,,,,,,,0.0024109543301165104,0.0025944397784769535,0.7887835502624512,,
1790035436.943024,RAW_IMU,,,,,,,,,0,0,-1001,3,3,3,,,,,
1790035436.96762,ATTITUDE,,,,,,,,,,,,,,,0.0024121874012053013,0.0025941666681319475,0.7887852787971497,,
1790035436.9681349,RAW_IMU,,,,,,,,,0,0,-1001,3,3,3,,,,,
1790035436.9834268,ATTITUDE,,,,,,,,,,,,,,,0.002411897759884596,0.0025937266182154417,0.7887874841690063,,
1790035436.983823,RAW_IMU,,,,,,,,,0,0,-1001,3,3,3,,,,,
1790035437.4121263,GLOBAL_POSITION_INT,-35.3629999,149.1655581,583.81,-0.172,-0.02,0.0,0.0,45.19,,,,,,,,,,,
1790035437.4126136,RAW_IMU,,,,,,,,,0,0,-1001,3,3,3,,,,,
1790035437.4128404,GPS_RAW_INT,,,,,,,,,,,,,,,,,,6,10
1790035437.4705043,ATTITUDE,,,,,,,,,,,,,,,0.0024306487757712603,0.0025954991579055786,0.788891077041626,,
1790035437.4708085,RAW_IMU,,,,,,,,,0,0,-1001,3,3,3,,,,,
1790035437.4710712,GLOBAL_POSITION_INT,-35.3629999,149.1655581,583.81,-0.172,-0.02,0.0,0.0,45.2,,,,,,,,,,,
1790035437.47135,GPS_RAW_INT,,,,,,,,,,,,,,,,,,6,10
1790035437.4792483,ATTITUDE,,,,,,,,,,,,,,,0.0024280468933284283,0.0025930311530828476,0.7888938784599304,,
1790035437.4797623,RAW_IMU,,,,,,,,,0,0,-1001,3,3,3,,,,,
1790035437.502444,ATTITUDE,,,,,,,,,,,,,,,0.0024240920320153236,0.002592155011370778,0.7888968586921692,,
1790035437.5029821,RAW_IMU,,,,,,,,,0,0,-1001,3,3,3,,,,,
1790035437.5142612,GLOBAL_POSITION_INT,-35.3629999,149.1655581,583.81,-0.172,-0.02,0.0,0.0,45.2,,,,,,,,,,,
1790035437.514652,GPS_RAW_INT,,,,,,,,,,,,,,,,,,6,10
1790035437.5199778,ATTITUDE,,,,,,,,,,,,,,,0.002422976540401578,0.002591068623587489,0.7889030575752258,,
1790035437.5203497,RAW_IMU,,,,,,,,,0,0,-1001,3,3,3,,,,,
1790035437.5432143,ATTITUDE,,,,,,,,,,,,,,,0.002423069206997752,0.002592520322650671,0.7889102697372437,,
1790035437.5434737,RAW_IMU,,,,,,,,,0,0,-1001,3,3,3,,,,,
1790035437.5608556,ATTITUDE,,,,,,,,,,,,,,,0.002422630088403821,0.0025931918062269688,0.7889136672019958,,
1790035437.5614493,RAW_IMU,,,,,,,,,0,0,-1001,3,3,3,,,,,
1790035437.578485,ATTITUDE,,,,,,,,,,,,,,,0.002421294804662466,0.0025926167145371437,0.7889156937599182,,
1790035437.5788987,RAW_IMU,,,,,,,,,0,0,-1001,3,3,3,,,,,
1790035437.6017087,ATTITUDE,,,,,,,,,,,,,,,0.002420305972918868,0.0025930560659617186,0.7889182567596436,,
1790035437.6024528,RAW_IMU,,,,,,,,,0,0,-1001,3,3,3,,,,,
1790035437.6139703,GLOBAL_POSITION_INT,-35.3629999,149.1655581,583.81,-0.172,-0.02,0.0,0.0,45.2,,,,,,,,,,,
1790035437.61424,GPS_RAW_INT,,,,,,,,,,,,,,,,,,6,10
1790035437.6190214,ATTITUDE,,,,,,,,,,,,,,,0.002421181881800294,0.0025948933325707912,0.7889242768287659,,
1790035437.6194742,RAW_IMU,,,,,,,,,0,0,-1001,3,3,3,,,,,
1790035437.6425495,ATTITUDE,,,,,,,,,,,,,,,0.0024230051785707474,0.002596721751615405,0.7889310121536255,,
1790035437.6429844,RAW_IMU,,,,,,,,,0,0,-1001,3,3,3,,,,,
1790035437.6601727,ATTITUDE,,,,,,,,,,,,,,,0.0024241877254098654,0.0025993750896304846,0.7889350056648254,,
1790035437.6608574,RAW_IMU,,,,,,,,,0,0,-1001,3,3,3,,,,,
1790035437.6831222,ATTITUDE,,,,,,,,,,,,,,,0.0024203089997172356,0.002599479164928198,0.7889367341995239,,
1790035437.6837504,RAW_IMU,,,,,,,,,0,0,-1001,3,3,3,,,,,
1790035437.700788,ATTITUDE,,,,,,,,,,,,,,,0.0024195509031414986,0.002597015118226409,0.7889398336410522,,
1790035437.7015717,RAW_IMU,,,,,,,,,0,0,-1001,3,3,3,,,,,
1790035437.719277,GLOBAL_POSITION_INT,-35.3629999,149.1655581,583.81,-0.172,-0.02,0.0,0.0,45.2,,,,,,,,,,,
1790035437.720034,GPS_RAW_INT,,,,,,,,,,,,,,,,,,6,10
1790035437.7205555,ATTITUDE,,,,,,,,,,,,,,,0.0024180361069738865,0.0025951163843274117,0.7889460325241089,,
1790035437.7210622,RAW_IMU,,,,,,,,,0,0,-1001,3,3,3,,,,,
1790035437.741749,ATTITUDE,,,,,,,,,,,,,,,0.0024167890660464764,0.00259336712770164,0.7889541387557983,,
1790035437.742159,RAW_IMU,,,,,,,,,0,0,-1000,3,3,3,,,,,
1790035437.7593553,ATTITUDE,,,,,,,,,,,,,,,0.002416843781247735,0.002593085402622819,0.7889570593833923,,
1790035437.7596881,RAW_IMU,,,,,,,,,0,0,-1001,3,3,3,,,,,
1790035437.7823455,ATTITUDE,,,,,,,,,,,,,,,0.002417080570012331,0.0025922006461769342,0.7889588475227356,,
1790035437.7829444,RAW_IMU,,,,,,,,,0,0,-1001,3,3,3,,,,,
1790035437.8000593,ATTITUDE,,,,,,,,,,,,,,,0.0024181886110454798,0.002593730576336384,0.788962721824646,,
1790035437.8005664,RAW_IMU,,,,,,,,,0,0,-1001,3,3,3,,,,,
1790035437.8173652,GLOBAL_POSITION_INT,-35.3629999,149.1655581,583.81,-0.172,-0.02,0.0,0.0,45.2,,,,,,,,,,,
1790035437.8178744,GPS_RAW_INT,,,,,,,,,,,,,,,,,,6,10
1790035437.8229764,ATTITUDE,,,,,,,,,,,,,,,0.0024194386787712574,0.002595369005575776,0.7889679670333862,,
1790035437.823446,RAW_IMU,,,,,,,,,0,0,-1001,3,3,3,,,,,
1790035437.8407276,ATTITUDE,,,,,,,,,,,,,,,0.0024224519729614258,0.002596806501969695,0.788973867893219,,
1790035437.8411868,RAW_IMU,,,,,,,,,0,0,-1001,3,3,3,,,,,
1790035437.8586245,ATTITUDE,,,,,,,,,,,,,,,0.002424545818939805,0.0026017066556960344,0.7889770269393921,,
1790035437.8591287,RAW_IMU,,,,,,,,,0,0,-1001,3,3,3,,,,,
1790035437.8814964,ATTITUDE,,,,,,,,,,,,,,,0.0024225343950092793,0.0026008812710642815,0.7889805436134338,,
1790035437.8818238,RAW_IMU,,,,,,,,,0,0,-1001,3,3,3,,,,,
1790035437.8991063,ATTITUDE,,,,,,,,,,,,,,,0.002419640077278018,0.002597473096102476,0.7889856100082397,,
1790035437.899585,RAW_IMU,,,,,,,,,0,0,-1001,3,3,3,,,,,
1790035437.9169855,GLOBAL_POSITION_INT,-35.3629999,149.1655581,583.81,-0.172,-0.02,0.0,0.0,45.2,,,,,,,,,,,
1790035437.9174085,GPS_RAW_INT,,,,,,,,,,,,,,,,,,6,10
1790035437.922195,ATTITUDE,,,,,,,,,,,,,,,0.0024184330832213163,0.0025965843815356493,0.7889903783798218,,
1790035437.9227955,RAW_IMU,,,,,,,,,0,0,-1000,3,3,3,,,,,
1790035437.939885,ATTITUDE,,,,,,,,,,,,,,,0.002417935524135828,0.0025949724949896336,0.7889962792396545,,
1790035437.9404798,RAW_IMU,,,,,,,,,0,0,-1001,3,3,3,,,,,
1790035437.9630883,ATTITUDE,,,,,,,,,,,,,,,0.002417932031676173,0.00259401835501194,0.7889981865882874,,
1790035437.9636014,RAW_IMU,,,,,,,,,0,0,-1001,3,3,3,,,,,
1790035437.9806254,ATTITUDE,,,,,,,,,,,,,,,0.0024176095612347126,0.0025933643337339163,0.7889999747276306,,
1790035437.981025,RAW_IMU,,,,,,,,,0,0,-1001,3,3,3,,,,,
1790035437.9982853,ATTITUDE,,,,,,,,,,,,,,,0.0024202249478548765,0.002594337100163102,0.7890034914016724,,
1790035437.998898,RAW_IMU,,,,,,,,,0,0,-1001,3,3,3,,,,,
1790035438.0156622,GLOBAL_POSITION_INT,-35.3629999,149.1655581,583.81,-0.172,-0.02,0.0,0.0,45.2,,,,,,,,,,,
1790035438.0162575,GPS_RAW_INT,,,,,,,,,,,,,,,,,,6,10
1790035438.021439,ATTITUDE,,,,,,,,,,,,,,,0.0024215474259108305,0.002595636062324047,0.7890079617500305,,
1790035438.021827,RAW_IMU,,,,,,,,,0,0,-1001,3,3,3,,,,,
1790035438.0447376,ATTITUDE,,,,,,,,,,,,,,,0.002424448961392045,0.0025970693677663803,0.7890141606330872,,
1790035438.0453873,RAW_IMU,,,,,,,,,0,0,-1001,3,3,3,,,,,
1790035438.0626025,ATTITUDE,,,,,,,,,,,,,,,0.0024260838981717825,0.002599578583613038,0.7890191078186035,,
1790035438.063198,RAW_IMU,,,,,,,,,0,0,-1001,3,3,3,,,,,
1790035438.0854168,ATTITUDE,,,,,,,,,,,,,,,0.00242318375967443,0.0025966817047446966,0.789021909236908,,
1790035438.08589,RAW_IMU,,,,,,,,,0,0,-1001,3,3,3,,,,,
1790035438.103079,ATTITUDE,,,,,,,,,,,,,,,0.002420420991256833,0.0025953403674066067,0.7890248894691467,,
1790035438.1037543,RAW_IMU,,,,,,,,,0,0,-1001,3,3,3,,,,,
1790035438.1203945,GLOBAL_POSITION_INT,-35.3629999,149.1655581,583.81,-0.172,-0.02,0.0,0.0,45.2,,,,,,,,,,,
1790035438.1208067,GPS_RAW_INT,,,,,,,,,,,,,,,,,,6,10
1790035438.1214774,ATTITUDE,,,,,,,,,,,,,,,0.0024183508940041065,0.0025943953078240156,0.7890291810035706,,
1790035438.1218073,RAW_IMU,,,,,,,,,0,0,-1001,3,3,3,,,,,
1790035438.1440074,ATTITUDE,,,,,,,,,,,,,,,0.0024178063031286,0.0025926032103598118,0.789033830165863,,
1790035438.1446867,RAW_IMU,,,,,,,,,0,0,-1001,3,3,3,,,,,
1790035438.1615186,ATTITUDE,,,,,,,,,,,,,,,0.0024174072314053774,0.0025909030809998512,0.7890369892120361,,
1790035438.1621451,RAW_IMU,,,,,,,,,0,0,-1001,3,3,3,,,,,
1790035438.1847804,ATTITUDE,,,,,,,,,,,,,,,0.0024176714941859245,0.002591147553175688,0.7890397310256958,,
1790035438.1850414,RAW_IMU,,,,,,,,,0,0,-1001,3,3,3,,,,,
1790035438.202397,ATTITUDE,,,,,,,,,,,,,,,0.002417315961793065,0.0025917997118085623,0.7890429496765137,,
1790035438.2030451,RAW_IMU,,,,,,,,,0,0,-1000,3,3,3,,,,,
1790035438.2216885,GLOBAL_POSITION_INT,-35.3629999,149.1655581,583.81,-0.173,-0.02,0.0,0.0,45.2,,,,,,,,,,,
1790035438.2221143,GPS_RAW_INT,,,,,,,,,,,,,,,,,,6,10
1790035438.2252398,ATTITUDE,,,,,,,,,,,,,,,0.0024181429762393236,0.00259404513053596,0.7890483736991882,,
1790035438.2258153,RAW_IMU,,,,,,,,,0,0,-1001,3,3,3,,,,,
1790035438.243073,ATTITUDE,,,,,,,,,,,,,,,0.0024194505531340837,0.002596099628135562,0.7890534400939941,,
1790035438.243687,RAW_IMU,,,,,,,,,0,0,-1001,3,3,3,,,,,
1790035438.2609508,ATTITUDE,,,,,,,,,,,,,,,0.0024214887525886297,0.0025985336396843195,0.7890561819076538,,
1790035438.2614498,RAW_IMU,,,,,,,,,0,0,-1001,3,3,3,,,,,
1790035438.283935,ATTITUDE,,,,,,,,,,,,,,,0.002418594667688012,0.0025949992705136538,0.7890571355819702,,
1790035438.284459,RAW_IMU,,,,,,,,,0,0,-1001,3,3,3,,,,,
1790035438.301623,ATTITUDE,,,,,,,,,,,,,,,0.002416926668956876,0.0025932276621460915,0.7890615463256836,,
1790035438.3030152,RAW_IMU,,,,,,,,,0,0,-1000,3,3,3,,,,,
1790035438.3189607,GLOBAL_POSITION_INT,-35.3629999,149.1655581,583.81,-0.173,-0.02,0.0,0.0,45.21,,,,,,,,,,,
1790035438.3192651,GPS_RAW_INT,,,,,,,,,,,,,,,,,,6,10
1790035438.3246088,ATTITUDE,,,,,,,,,,,,,,,0.0024157112929970026,0.002592312404885888,0.7890682816505432,,
1790035438.324948,RAW_IMU,,,,,,,,,0,0,-1001,3,3,3,,,,,
1790035438.3423426,ATTITUDE,,,,,,,,,,,,,,,0.002414024667814374,0.0025918991304934025,0.78907310962677,,
1790035438.3429387,RAW_IMU,,,,,,,,,0,0,-1001,3,3,3,,,,,
1790035438.3653722,ATTITUDE,,,,,,,,,,,,,,,0.0024139811284840107,0.0025899431202560663,0.7890743017196655,,
1790035438.3658264,RAW_IMU,,,,,,,,,0,0,-1001,3,3,3,,,,,
1790035438.3830838,ATTITUDE,,,,,,,,,,,,,,,0.002413348527625203,0.002590718911960721,0.7890763878822327,,
1790035438.383412,RAW_IMU,,,,,,,,,0,0,-1001,3,3,3,,,,,
1790035438.4006188,ATTITUDE,,,,,,,,,,,,,,,0.00241363188251853,0.002591273281723261,0.7890784740447998,,
1790035438.4010286,RAW_IMU,,,,,,,,,0,0,-1001,3,3,3,,,,,
1790035438.4180987,GLOBAL_POSITION_INT,-35.3629999,149.1655581,583.81,-0.173,-0.02,0.0,0.0,45.21,,,,,,,,,,,
1790035438.418497,GPS_RAW_INT,,,,,,,,,,,,,,,,,,6,10
1790035438.4237149,ATTITUDE,,,,,,,,,,,,,,,0.0024162069894373417,0.0025917403399944305,0.7890836000442505,,
1790035438.4241107,RAW_IMU,,,,,,,,,0,0,-1001,3,3,3,,,,,
1790035438.441468,ATTITUDE,,,,,,,,,,,,,,,0.0024184545036405325,0.0025940430350601673,0.7890908122062683,,
1790035438.4418318,RAW_IMU,,,,,,,,,0,0,-1001,3,3,3,,,,,
1790035438.464688,ATTITUDE,,,,,,,,,,,,,,,0.0024189609102904797,0.002596678212285042,0.7890934944152832,,
1790035438.4651086,RAW_IMU,,,,,,,,,0,0,-1001,3,3,3,,,,,
1790035438.4822176,ATTITUDE,,,,,,,,,,,,,,,0.00241646240465343,0.002593402750790119,0.789095401763916,,
1790035438.4837565,RAW_IMU,,,,,,,,,0,0,-1001,3,3,3,,,,,
1790035438.5053241,ATTITUDE,,,,,,,,,,,,,,,0.0024127590004354715,0.0025915580336004496,0.7890979051589966,,
1790035438.5057034,RAW_IMU,,,,,,,,,0,0,-1001,3,3,3,,,,,
1790035438.519134,GLOBAL_POSITION_INT,-35.3629999,149.1655581,583.81,0.006,-0.02,0.0,0.0,45.21,,,,,,,,,,,
1790035438.5205097,GPS_RAW_INT,,,,,,,,,,,,,,,,,,6,10
1790035438.522989,ATTITUDE,,,,,,,,,,,,,,,0.002411644207313657,0.0025899959728121758,0.7891024351119995,,
1790035438.5236053,RAW_IMU,,,,,,,,,0,0,-1001,3,3,3,,,,,
1790035438.5406537,ATTITUDE,,,,,,,,,,,,,,,0.0024111662060022354,0.0025913799181580544,0.7891092896461487,,
1790035438.5412025,RAW_IMU,,,,,,,,,0,0,-1001,3,3,3,,,,,
1790035438.5639534,ATTITUDE,,,,,,,,,,,,,,,0.0024115126579999924,0.002589839743450284,0.7891098856925964,,
1790035438.5647113,RAW_IMU,,,,,,,,,0,0,-1001,3,3,3,,,,,
1790035438.581368,ATTITUDE,,,,,,,,,,,,,,,0.002412602072581649,0.0025891363620758057,0.7891131639480591,,
1790035438.5819743,RAW_IMU,,,,,,,,,0,0,-1001,3,3,3,,,,,
1790035438.6046908,ATTITUDE,,,,,,,,,,,,,,,0.002414393238723278,0.0025901126209646463,0.7891173958778381,,
1790035438.6054833,RAW_IMU,,,,,,,,,0,0,-1001,3,3,3,,,,,
1790035438.6165018,GLOBAL_POSITION_INT,-35.3629999,149.1655581,583.81,0.006,-0.02,0.0,0.0,45.21,,,,,,,,,,,
1790035438.617152,GPS_RAW_INT,,,,,,,,,,,,,,,,,,6,10
1790035438.6222339,ATTITUDE,,,,,,,,,,,,,,,0.0024156617000699043,0.00259147840552032,0.7891236543655396,,
1790035438.622813,RAW_IMU,,,,,,,,,0,0,-1001,3,3,3,,,,,
1790035438.6454508,ATTITUDE,,,,,,,,,,,,,,,0.0024188957177102566,0.0025935445446521044,0.7891289591789246,,
1790035438.6459455,RAW_IMU,,,,,,,,,0,0,-1001,3,3,3,,,,,
1790035438.66303,ATTITUDE,,,,,,,,,,,,,,,0.0024212272837758064,0.0025950749404728413,0.7891321778297424,,
1790035438.663818,RAW_IMU,,,,,,,,,0,0,-1001,3,3,3,,,,,
1790035438.6805604,ATTITUDE,,,,,,,,,,,,,,,0.002419053576886654,0.0025929550174623728,0.7891348004341125,,
1790035438.681137,RAW_IMU,,,,,,,,,0,0,-1001,3,3,3,,,,,
1790035438.7037268,ATTITUDE,,,,,,,,,,,,,,,0.0024173136334866285,0.0025894390419125557,0.7891379594802856,,
1790035438.7043705,RAW_IMU,,,,,,,,,0,0,-1001,3,3,3,,,,,
1790035438.723418,GLOBAL_POSITION_INT,-35.3629999,149.1655581,583.81,0.006,-0.02,0.0,0.0,45.21,,,,,,,,,,,
1790035438.7241936,GPS_RAW_INT,,,,,,,,,,,,,,,,,,6,10
1790035438.724513,ATTITUDE,,,,,,,,,,,,,,,0.002414402086287737,0.002588424365967512,0.7891430258750916,,
1790035438.7251375,RAW_IMU,,,,,,,,,0,0,-1001,3,3,3,,,,,
1790035438.7447557,ATTITUDE,,,,,,,,,,,,,,,0.0024128062650561333,0.002587722148746252,0.7891494631767273,,
1790035438.7453642,RAW_IMU,,,,,,,,,0,0,-1001,3,3,3,,,,,
1790035438.7623672,ATTITUDE,,,,,,,,,,,,,,,0.0024100113660097122,0.002587921218946576,0.7891509532928467,,
1790035438.762899,RAW_IMU,,,,,,,,,0,0,-1001,3,3,3,,,,,
1790035438.7853034,ATTITUDE,,,,,,,,,,,,,,,0.002409369917586446,0.0025876504369080067,0.7891531586647034,,
1790035438.785647,RAW_IMU,,,,,,,,,0,0,-1001,3,3,3,,,,,
1790035438.8029487,ATTITUDE,,,,,,,,,,,,,,,0.0024095363914966583,0.0025883305352181196,0.7891568541526794,,
1790035438.8034923,RAW_IMU,,,,,,,,,0,0,-1001,3,3,3,,,,,
1790035438.8202856,GLOBAL_POSITION_INT,-35.3629999,149.1655581,583.81,0.006,-0.02,0.0,0.0,45.21,,,,,,,,,,,
1790035438.820672,GPS_RAW_INT,,,,,,,,,,,,,,,,,,6,10
1790035438.8213797,ATTITUDE,,,,,,,,,,,,,,,0.0024113613180816174,0.0025896443985402584,0.7891640067100525,,
1790035438.8218634,RAW_IMU,,,,,,,,,0,0,-1001,3,3,3,,,,,
1790035438.843995,ATTITUDE,,,,,,,,,,,,,,,0.0024127988144755363,0.002593359211459756,0.7891698479652405,,
1790035438.8447504,RAW_IMU,,,,,,,,,0,0,-1001,3,3,3,,,,,
1790035438.8612761,ATTITUDE,,,,,,,,,,,,,,,0.0024158030282706022,0.0025977229233831167,0.7891717553138733,,
1790035438.8616714,RAW_IMU,,,,,,,,,0,0,-1001,3,3,3,,,,,
1790035438.8845108,ATTITUDE,,,,,,,,,,,,,,,0.002414893126115203,0.002597717335447669,0.7891764044761658,,
1790035438.8850532,RAW_IMU,,,,,,,,,0,0,-1001,3,3,3,,,,,
1790035438.9021153,ATTITUDE,,,,,,,,,,,,,,,0.002413452137261629,0.0025955303572118282,0.7891809940338135,,
1790035438.9026563,RAW_IMU,,,,,,,,,0,0,-1001,3,3,3,,,,,
1790035438.9194388,GLOBAL_POSITION_INT,-35.3629999,149.1655581,583.81,0.006,-0.02,0.0,0.0,45.21,,,,,,,,,,,
1790035438.9200008,GPS_RAW_INT,,,,,,,,,,,,,,,,,,6,10
1790035438.9250045,ATTITUDE,,,,,,,,,,,,,,,0.0024118178989738226,0.0025938653852790594,0.7891866564750671,,
1790035438.925426,RAW_IMU,,,,,,,,,0,0,-1001,3,3,3,,,,,
1790035438.942843,ATTITUDE,,,,,,,,,,,,,,,0.002410161541774869,0.002593805780634284,0.7891919612884521,,
1790035438.9432526,RAW_IMU,,,,,,,,,0,0,-1001,3,3,3,,,,,
1790035438.9605367,ATTITUDE,,,,,,,,,,,,,,,0.0024087587371468544,0.002593203680589795,0.7891942858695984,,
1790035438.9610085,RAW_IMU,,,,,,,,,0,0,-1001,3,3,3,,,,,
1790035438.983622,ATTITUDE,,,,,,,,,,,,,,,0.0024088360369205475,0.0025936421006917953,0.7891952991485596,,
1790035438.9840608,RAW_IMU,,,,,,,,,0,0,-1001,3,3,3,,,,,
1790035439.0012245,ATTITUDE,,,,,,,,,,,,,,,0.0024095140397548676,0.0025939890183508396,0.7892004251480103,,
1790035439.001687,RAW_IMU,,,,,,,,,0,0,-1000,3,3,3,,,,,
1790035439.018672,GLOBAL_POSITION_INT,-35.3629999,149.1655581,583.81,0.006,-0.02,0.0,0.0,45.21,,,,,,,,,,,
1790035439.0189915,GPS_RAW_INT,,,,,,,,,,,,,,,,,,6,10
1790035439.0243835,ATTITUDE,,,,,,,,,,,,,,,0.002411146415397525,0.0025937824975699186,0.7892065644264221,,
1790035439.02497,RAW_IMU,,,,,,,,,0,0,-1001,3,3,3,,,,,
1790035439.042103,ATTITUDE,,,,,,,,,,,,,,,0.0024138004519045353,0.0025947345420718193,0.7892143130302429,,
1790035439.0424469,RAW_IMU,,,,,,,,,0,0,-1001,3,3,3,,,,,
1790035439.0651815,ATTITUDE,,,,,,,,,,,,,,,0.002417167881503701,0.0025969722773879766,0.7892163991928101,,
1790035439.0655637,RAW_IMU,,,,,,,,,0,0,-1001,3,3,3,,,,,
1790035439.0828242,ATTITUDE,,,,,,,,,,,,,,,0.002414749003946781,0.0025966919492930174,0.7892196178436279,,
1790035439.08318,RAW_IMU,,,,,,,,,0,0,-1001,3,3,3,,,,,
1790035439.1005478,ATTITUDE,,,,,,,,,,,,,,,0.0024129641242325306,0.0025928919203579426,0.7892225980758667,,
1790035439.1010804,RAW_IMU,,,,,,,,,0,0,-1001,3,3,3,,,,,
1790035439.1183703,GLOBAL_POSITION_INT,-35.3629999,149.1655581,583.81,0.006,-0.02,0.0,0.0,45.21,,,,,,,,,,,
1790035439.1185863,GPS_RAW_INT,,,,,,,,,,,,,,,,,,6,10
1790035439.1234472,ATTITUDE,,,,,,,,,,,,,,,0.002410318935289979,0.0025904218200594187,0.7892278432846069,,
1790035439.1239312,RAW_IMU,,,,,,,,,0,0,-1001,3,3,3,,,,,
1790035439.1413238,ATTITUDE,,,,,,,,,,,,,,,0.0024096264969557524,0.0025896604638546705,0.7892341613769531,,
1790035439.141768,RAW_IMU,,,,,,,,,0,0,-1001,3,3,3,,,,,
1790035439.1646183,ATTITUDE,,,,,,,,,,,,,,,0.002408031141385436,0.0025879787281155586,0.7892362475395203,,
1790035439.1649563,RAW_IMU,,,,,,,,,0,0,-1001,3,3,3,,,,,
1790035439.1820743,ATTITUDE,,,,,,,,,,,,,,,0.002408222761005163,0.002587746363133192,0.7892385721206665,,
1790035439.1824737,RAW_IMU,,,,,,,,,0,0,-1001,3,3,3,,,,,
1790035439.2051556,ATTITUDE,,,,,,,,,,,,,,,0.002409128239378333,0.0025881542824208736,0.789242148399353,,
1790035439.205674,RAW_IMU,,,,,,,,,0,0,-1001,3,3,3,,,,,
1790035439.217516,GLOBAL_POSITION_INT,-35.3629999,149.1655581,583.81,0.006,-0.02,0.0,0.0,45.22,,,,,,,,,,,
1790035439.2178578,GPS_RAW_INT,,,,,,,,,,,,,,,,,,6,10
1790035439.222637,ATTITUDE,,,,,,,,,,,,,,,0.002409621374681592,0.002589673036709428,0.789246678352356,,
1790035439.223037,RAW_IMU,,,,,,,,,0,0,-1001,3,3,3,,,,,
1790035439.240451,ATTITUDE,,,,,,,,,,,,,,,0.0024107848294079304,0.002593953860923648,0.7892512679100037,,
1790035439.2409074,RAW_IMU,,,,,,,,,0,0,-1001,3,3,3,,,,,
1790035439.2634013,ATTITUDE,,,,,,,,,,,,,,,0.0024075298570096493,0.002592886798083782,0.7892530560493469,,
1790035439.2637007,RAW_IMU,,,,,,,,,0,0,-1001,3,3,3,,,,,
1790035439.2811182,ATTITUDE,,,,,,,,,,,,,,,0.0024045503232628107,0.0025920409243553877,0.7892546653747559,,
1790035439.2816808,RAW_IMU,,,,,,,,,0,0,-1001,3,3,3,,,,,
1790035439.29891,ATTITUDE,,,,,,,,,,,,,,,0.0024026348255574703,0.002590920776128769,0.7892592549324036,,
1790035439.2996664,RAW_IMU,,,,,,,,,0,0,-1001,3,3,3,,,,,
1790035439.3161442,GLOBAL_POSITION_INT,-35.3629999,149.1655581,583.81,0.006,-0.02,0.0,0.0,45.22,,,,,,,,,,,
1790035439.316676,GPS_RAW_INT,,,,,,,,,,,,,,,,,,6,10
1790035439.321986,ATTITUDE,,,,,,,,,,,,,,,0.0024019323755055666,0.002589684911072254,0.7892639636993408,,
1790035439.322661,RAW_IMU,,,,,,,,,0,0,-1001,3,3,3,,,,,
1790035439.3397703,ATTITUDE,,,,,,,,,,,,,,,0.0024001947604119778,0.0025883528869599104,0.7892706394195557,,
1790035439.3403313,RAW_IMU,,,,,,,,,0,0,-1001,3,3,3,,,,,
1790035439.362926,ATTITUDE,,,,,,,,,,,,,,,0.002399275079369545,0.0025887044612318277,0.7892724275588989,,
1790035439.3637447,RAW_IMU,,,,,,,,,0,0,-1001,3,3,3,,,,,
1790035439.3805025,ATTITUDE,,,,,,,,,,,,,,,0.002400063443928957,0.0025883852504193783,0.7892748713493347,,
1790035439.3811996,RAW_IMU,,,,,,,,,0,0,-1001,3,3,3,,,,,
1790035439.3984506,ATTITUDE,,,,,,,,,,,,,,,0.002400829456746578,0.0025902511551976204,0.7892791032791138,,
1790035439.398935,RAW_IMU,,,,,,,,,0,0,-1001,3,3,3,,,,,
1790035439.4167411,GLOBAL_POSITION_INT,-35.3629999,149.1655581,583.81,0.006,-0.02,0.0,0.0,45.22,,,,,,,,,,,
1790035439.4173284,GPS_RAW_INT,,,,,,,,,,,,,,,,,,6,10
1790035439.4220273,ATTITUDE,,,,,,,,,,,,,,,0.00240284763276577,0.002591957338154316,0.7892848253250122,,
1790035439.4225729,RAW_IMU,,,,,,,,,0,0,-1001,3,3,3,,,,,
1790035439.439619,ATTITUDE,,,,,,,,,,,,,,,0.002406046725809574,0.0025947955437004566,0.789292573928833,,
1790035439.4401293,RAW_IMU,,,,,,,,,0,0,-1001,3,3,3,,,,,
1790035439.4630344,ATTITUDE,,,,,,,,,,,,,,,0.0024084169417619705,0.002598027465865016,0.7892956733703613,,
1790035439.463501,RAW_IMU,,,,,,,,,0,0,-1001,3,3,3,,,,,
1790035439.4811275,ATTITUDE,,,,,,,,,,,,,,,0.002409854670986533,0.0025993536692112684,0.7892984747886658,,
1790035439.4815314,RAW_IMU,,,,,,,,,0,0,-1001,3,3,3,,,,,
1790035439.4989622,ATTITUDE,,,,,,,,,,,,,,,0.0024089424405246973,0.002596409758552909,0.7893029451370239,,
1790035439.4996564,RAW_IMU,,,,,,,,,0,0,-1001,3,3,3,,,,,
1790035439.5161884,GLOBAL_POSITION_INT,-35.3629999,149.1655581,583.81,0.006,-0.02,0.0,0.0,45.22,,,,,,,,,,,
1790035439.516712,GPS_RAW_INT,,,,,,,,,,,,,,,,,,6,10
1790035439.521982,ATTITUDE,,,,,,,,,,,,,,,0.002407911466434598,0.002597087062895298,0.7893076539039612,,
1790035439.5227451,RAW_IMU,,,,,,,,,0,0,-1001,3,3,3,,,,,
1790035439.5396292,ATTITUDE,,,,,,,,,,,,,,,0.0024076488334685564,0.0025970314163714647,0.7893139123916626,,
1790035439.5401585,RAW_IMU,,,,,,,,,0,0,-1001,3,3,3,,,,,
1790035439.5626838,ATTITUDE,,,,,,,,,,,,,,,0.0024079829454421997,0.0025970612186938524,0.7893189787864685,,
1790035439.5628798,RAW_IMU,,,,,,,,,0,0,-1001,3,3,3,,,,,
1790035439.5802186,ATTITUDE,,,,,,,,,,,,,,,0.0024080011062324047,0.0025989224668592215,0.7893206477165222,,
1790035439.5806165,RAW_IMU,,,,,,,,,0,0,-1001,3,3,3,,,,,
1790035439.603339,ATTITUDE,,,,,,,,,,,,,,,0.002405915642157197,0.0025992661248892546,0.7893248796463013,,
1790035439.6040013,RAW_IMU,,,,,,,,,0,0,-1001,3,3,3,,,,,
1790035439.6152108,GLOBAL_POSITION_INT,-35.3629999,149.1655581,583.81,0.006,-0.02,0.0,0.0,45.22,,,,,,,,,,,
1790035439.615584,GPS_RAW_INT,,,,,,,,,,,,,,,,,,6,10
1790035439.620983,ATTITUDE,,,,,,,,,,,,,,,0.0024069729261100292,0.0025993797462433577,0.7893287539482117,,
1790035439.621478,RAW_IMU,,,,,,,,,0,0,-1001,3,3,3,,,,,
1790035439.6385827,ATTITUDE,,,,,,,,,,,,,,,0.0024096649140119553,0.002601861022412777,0.7893350124359131,,
1790035439.639232,RAW_IMU,,,,,,,,,0,0,-1001,3,3,3,,,,,
1790035439.6619847,ATTITUDE,,,,,,,,,,,,,,,0.0024107254575937986,0.002605083864182234,0.7893369793891907,,
1790035439.6625001,RAW_IMU,,,,,,,,,0,0,-1001,3,3,3,,,,,
1790035439.6794078,ATTITUDE,,,,,,,,,,,,,,,0.00241137039847672,0.0026055427733808756,0.7893398404121399,,
1790035439.6800172,RAW_IMU,,,,,,,,,0,0,-1001,3,3,3,,,,,
1790035439.7025611,ATTITUDE,,,,,,,,,,,,,,,0.002409058390185237,0.002603551372885704,0.7893437743186951,,
1790035439.7028775,RAW_IMU,,,,,,,,,0,0,-1001,3,3,3,,,,,
1790035439.7183466,GLOBAL_POSITION_INT,-35.3629999,149.1655581,583.81,0.006,-0.02,0.0,0.0,45.22,,,,,,,,,,,
1790035439.7192318,GPS_RAW_INT,,,,,,,,,,,,,,,,,,6,10
1790035439.7207572,ATTITUDE,,,,,,,,,,,,,,,0.0024079480208456516,0.0026035744231194258,0.7893500924110413,,
1790035439.7216213,RAW_IMU,,,,,,,,,0,0,-1001,3,3,3,,,,,
1790035439.7399614,ATTITUDE,,,,,,,,,,,,,,,0.0024081903975456953,0.0026022475212812424,0.7893563508987427,,
1790035439.7408264,RAW_IMU,,,,,,,,,0,0,-1001,3,3,3,,,,,
1790035439.7637045,ATTITUDE,,,,,,,,,,,,,,,0.0024067098274827003,0.0026032691821455956,0.7893591523170471,,
1790035439.7647448,RAW_IMU,,,,,,,,,0,0,-1001,3,3,3,,,,,
1790035439.7820375,ATTITUDE,,,,,,,,,,,,,,,0.002407780382782221,0.002604351844638586,0.7893609404563904,,
1790035439.782836,RAW_IMU,,,,,,,,,0,0,-1001,3,3,3,,,,,
1790035439.7997773,ATTITUDE,,,,,,,,,,,,,,,0.002407689578831196,0.0026033916510641575,0.7893644571304321,,
1790035439.8005202,RAW_IMU,,,,,,,,,0,0,-1001,3,3,3,,,,,
1790035439.8171802,GLOBAL_POSITION_INT,-35.3629999,149.1655581,583.81,0.006,-0.02,0.0,0.0,45.22,,,,,,,,,,,
1790035439.8181696,GPS_RAW_INT,,,,,,,,,,,,,,,,,,6,10
1790035439.8229582,ATTITUDE,,,,,,,,,,,,,,,0.002409194130450487,0.0026048687286674976,0.7893702983856201,,
1790035439.8237407,RAW_IMU,,,,,,,,,0,0,-1001,3,3,3,,,,,
1790035439.8412812,ATTITUDE,,,,,,,,,,,,,,,0.0024103857576847076,0.002606726484373212,0.7893771529197693,,
1790035439.8417802,RAW_IMU,,,,,,,,,0,0,-1001,3,3,3,,,,,
1790035439.8596733,ATTITUDE,,,,,,,,,,,,,,,0.0024131769314408302,0.0026078838855028152,0.7893794775009155,,
1790035439.860297,RAW_IMU,,,,,,,,,0,0,-1001,3,3,3,,,,,
1790035439.8825047,ATTITUDE,,,,,,,,,,,,,,,0.0024129075463861227,0.002606663852930069,0.7893822193145752,,
1790035439.8828402,RAW_IMU,,,,,,,,,0,0,-1001,3,3,3,,,,,
1790035439.900181,ATTITUDE,,,,,,,,,,,,,,,0.00241029541939497,0.002605823799967766,0.7893879413604736,,
1790035439.9006271,RAW_IMU,,,,,,,,,0,0,-1001,3,3,3,,,,,
1790035439.9175112,GLOBAL_POSITION_INT,-35.3629999,149.1655581,583.81,0.006,-0.02,0.0,0.0,45.22,,,,,,,,,,,
1790035439.9180021,GPS_RAW_INT,,,,,,,,,,,,,,,,,,6,10
1790035439.9231076,ATTITUDE,,,,,,,,,,,,,,,0.002409327542409301,0.002604460110887885,0.7893929481506348,,
1790035439.9237564,RAW_IMU,,,,,,,,,0,0,-1001,3,3,3,,,,,
1790035439.9408371,ATTITUDE,,,,,,,,,,,,,,,0.0024077105335891247,0.002604277804493904,0.789397656917572,,
1790035439.9412487,RAW_IMU,,,,,,,,,0,0,-1001,3,3,3,,,,,
1790035439.9586549,ATTITUDE,,,,,,,,,,,,,,,0.0024073340464383364,0.00260374927893281,0.789400577545166,,
1790035439.959007,RAW_IMU,,,,,,,,,0,0,-1001,3,3,3,,,,,
1790035439.9816434,ATTITUDE,,,,,,,,,,,,,,,0.0024061391595751047,0.002604382112622261,0.7894027829170227,,
1790035439.9819593,RAW_IMU,,,,,,,,,0,0,-1001,3,3,3,,,,,
1790035439.9995108,ATTITUDE,,,,,,,,,,,,,,,0.0024060970172286034,0.0026054587215185165,0.789406418800354,,
1790035439.9998817,RAW_IMU,,,,,,,,,0,0,-1001,3,3,3,,,,,
1790035440.0176177,GLOBAL_POSITION_INT,-35.3629999,149.1655581,583.81,0.006,-0.02,0.0,0.0,45.22,,,,,,,,,,,
1790035440.0178783,GPS_RAW_INT,,,,,,,,,,,,,,,,,,6,10
1790035440.023181,ATTITUDE,,,,,,,,,,,,,,,0.002405985491350293,0.0026058724615722895,0.7894097566604614,,
1790035440.023739,RAW_IMU,,,,,,,,,0,0,-1001,3,3,3,,,,,
1790035440.0408263,ATTITUDE,,,,,,,,,,,,,,,0.002408151514828205,0.0026065846905112267,0.789416491985321,,
1790035440.0414844,RAW_IMU,,,,,,,,,0,0,-1001,3,3,3,,,,,
1790035440.0585566,ATTITUDE,,,,,,,,,,,,,,,0.0024103967007249594,0.0026097747031599283,0.7894207239151001,,
1790035440.0591016,RAW_IMU,,,,,,,,,0,0,-1001,3,3,3,,,,,
1790035440.0816662,ATTITUDE,,,,,,,,,,,,,,,0.0024103436153382063,0.00260883173905313,0.7894240021705627,,
1790035440.0822742,RAW_IMU,,,,,,,,,0,0,-1001,3,3,3,,,,,
1790035440.0996587,ATTITUDE,,,,,,,,,,,,,,,0.0024073231033980846,0.0026090715546160936,0.7894291281700134,,
1790035440.1001172,RAW_IMU,,,,,,,,,0,0,-1001,3,3,3,,,,,
1790035440.116914,GLOBAL_POSITION_INT,-35.3629999,149.1655581,583.81,0.006,-0.02,0.0,0.0,45.23,,,,,,,,,,,
1790035440.1172318,GPS_RAW_INT,,,,,,,,,,,,,,,,,,6,10
1790035440.1226203,ATTITUDE,,,,,,,,,,,,,,,0.0024053289089351892,0.0026080338284373283,0.7894351482391357,,
1790035440.1229858,RAW_IMU,,,,,,,,,0,0,-1001,3,3,3,,,,,
1790035440.1457016,ATTITUDE,,,,,,,,,,,,,,,0.0024031212087720633,0.002607642440125346,0.7894417643547058,,
1790035440.1461432,RAW_IMU,,,,,,,,,0,0,-1001,3,3,3,,,,,
1790035440.16339,ATTITUDE,,,,,,,,,,,,,,,0.0024034453090280294,0.0026072312612086535,0.789442777633667,,
1790035440.1640463,RAW_IMU,,,,,,,,,0,0,-1001,3,3,3,,,,,
1790035440.1809988,ATTITUDE,,,,,,,,,,,,,,,0.0024035649839788675,0.002608206355944276,0.7894450426101685,,
1790035440.1815453,RAW_IMU,,,,,,,,,0,0,-1001,3,3,3,,,,,
1790035440.2041605,ATTITUDE,,,,,,,,,,,,,,,0.0024054506793618202,0.0026092729531228542,0.7894501686096191,,
1790035440.2047393,RAW_IMU,,,,,,,,,0,0,-1001,3,3,3,,,,,
1790035440.222621,GLOBAL_POSITION_INT,-35.3629999,149.1655581,583.81,0.006,-0.02,0.0,0.0,45.23,,,,,,,,,,,
1790035440.2236063,GPS_RAW_INT,,,,,,,,,,,,,,,,,,6,10
1790035440.2240047,ATTITUDE,,,,,,,,,,,,,,,0.00240731961093843,0.0026108426973223686,0.7894566655158997,,
1790035440.2248783,RAW_IMU,,,,,,,,,0,0,-1001,3,3,3,,,,,
1790035440.2448757,ATTITUDE,,,,,,,,,,,,,,,0.0024093976244330406,0.002612573327496648,0.7894638776779175,,
1790035440.2455764,RAW_IMU,,,,,,,,,0,0,-1001,3,3,3,,,,,
1790035440.2626688,ATTITUDE,,,,,,,,,,,,,,,0.0024112313985824585,0.002616091398522258,0.7894670367240906,,
1790035440.263371,RAW_IMU,,,,,,,,,0,0,-1000,3,3,3,,,,,
1790035440.2856307,ATTITUDE,,,,,,,,,,,,,,,0.002410460263490677,0.0026141121052205563,0.789470374584198,,
1790035440.286198,RAW_IMU,,,,,,,,,0,0,-1001,3,3,3,,,,,
1790035440.3032799,ATTITUDE,,,,,,,,,,,,,,,0.0024084928445518017,0.00261505669914186,0.7894743084907532,,
1790035440.3037357,RAW_IMU,,,,,,,,,0,0,-1001,3,3,3,,,,,
1790035440.320607,GLOBAL_POSITION_INT,-35.3629999,149.1655581,583.81,0.006,-0.02,0.0,0.0,45.23,,,,,,,,,,,
1790035440.3210056,GPS_RAW_INT,,,,,,,,,,,,,,,,,,6,10
1790035440.3214746,ATTITUDE,,,,,,,,,,,,,,,0.002408374799415469,0.0026148378383368254,0.7894787192344666,,
1790035440.3219779,RAW_IMU,,,,,,,,,0,0,-1001,3,3,3,,,,,
1790035440.3440351,ATTITUDE,,,,,,,,,,,,,,,0.00240674102678895,0.0026149849873036146,0.7894874811172485,,
1790035440.3443744,RAW_IMU,,,,,,,,,0,0,-1001,3,3,3,,,,,
1790035440.3619208,ATTITUDE,,,,,,,,,,,,,,,0.0024061091244220734,0.0026147414464503527,0.7894881963729858,,
1790035440.3624365,RAW_IMU,,,,,,,,,0,0,-1001,3,3,3,,,,,
1790035440.3850832,ATTITUDE,,,,,,,,,,,,,,,0.0024068786296993494,0.0026156194508075714,0.78948974609375,,
1790035440.3853602,RAW_IMU,,,,,,,,,0,0,-1001,3,3,3,,,,,
1790035440.402508,ATTITUDE,,,,,,,,,,,,,,,0.0024076490662992,0.0026164245791733265,0.7894943356513977,,
1790035440.4028823,RAW_IMU,,,,,,,,,0,0,-1001,3,3,3,,,,,
1790035440.4198527,GLOBAL_POSITION_INT,-35.3629999,149.1655581,583.81,0.006,-0.02,0.0,0.0,45.23,,,,,,,,,,,
1790035440.4202433,GPS_RAW_INT,,,,,,,,,,,,,,,,,,6,10
1790035440.4254763,ATTITUDE,,,,,,,,,,,,,,,0.0024107233621180058,0.0026186294853687286,0.7894991040229797,,
1790035440.426002,RAW_IMU,,,,,,,,,0,0,-1001,3,3,3,,,,,
1790035440.443184,ATTITUDE,,,,,,,,,,,,,,,0.0024113296531140804,0.002620814135298133,0.7895060181617737,,
1790035440.4437637,RAW_IMU,,,,,,,,,0,0,-1001,3,3,3,,,,,
1790035440.4611647,ATTITUDE,,,,,,,,,,,,,,,0.0024151280522346497,0.002621305175125599,0.7895081043243408,,
1790035440.461677,RAW_IMU,,,,,,,,,0,0,-1001,3,3,3,,,,,
1790035440.484002,ATTITUDE,,,,,,,,,,,,,,,0.002414379734545946,0.002621248597279191,0.78951096534729,,
1790035440.484518,RAW_IMU,,,,,,,,,0,0,-1001,3,3,3,,,,,
1790035440.5016744,ATTITUDE,,,,,,,,,,,,,,,0.0024139229208230972,0.0026186108589172363,0.7895139455795288,,
1790035440.502103,RAW_IMU,,,,,,,,,0,0,-1001,3,3,3,,,,,
1790035440.5190804,GLOBAL_POSITION_INT,-35.3629999,149.1655581,583.81,0.006,-0.02,0.0,0.0,45.23,,,,,,,,,,,
1790035440.5194294,GPS_RAW_INT,,,,,,,,,,,,,,,,,,6,10
1790035440.5246909,ATTITUDE,,,,,,,,,,,,,,,0.00241196365095675,0.0026184148155152798,0.789519727230072,,
1790035440.5250738,RAW_IMU,,,,,,,,,0,0,-1001,3,3,3,,,,,
1790035440.542473,ATTITUDE,,,,,,,,,,,,,,,0.002410722663626075,0.002618734259158373,0.789526641368866,,
1790035440.5430472,RAW_IMU,,,,,,,,,0,0,-1001,3,3,3,,,,,
1790035440.5655255,ATTITUDE,,,,,,,,,,,,,,,0.002409047679975629,0.002617611549794674,0.789530336856842,,
1790035440.5659544,RAW_IMU,,,,,,,,,0,0,-1000,3,3,3,,,,,
1790035440.583185,ATTITUDE,,,,,,,,,,,,,,,0.0024094826076179743,0.002618270693346858,0.7895323634147644,,
1790035440.5835874,RAW_IMU,,,,,,,,,0,0,-1001,3,3,3,,,,,
1790035440.60107,ATTITUDE,,,,,,,,,,,,,,,0.0024103361647576094,0.0026191293727606535,0.7895373702049255,,
1790035440.6015394,RAW_IMU,,,,,,,,,0,0,-1001,3,3,3,,,,,
1790035440.618221,GLOBAL_POSITION_INT,-35.3629999,149.1655581,583.81,0.006,-0.02,0.0,0.0,45.23,,,,,,,,,,,
1790035440.6185853,GPS_RAW_INT,,,,,,,,,,,,,,,,,,6,10
1790035440.6239002,ATTITUDE,,,,,,,,,,,,,,,0.0024124057963490486,0.0026201752480119467,0.7895423769950867,,
1790035440.6244001,RAW_IMU,,,,,,,,,0,0,-1001,3,3,3,,,,,
1790035440.6416664,ATTITUDE,,,,,,,,,,,,,,,0.0024148859083652496,0.0026219950523227453,0.7895482182502747,,
1790035440.64233,RAW_IMU,,,,,,,,,0,0,-1001,3,3,3,,,,,
1790035440.6648037,ATTITUDE,,,,,,,,,,,,,,,0.0024164600763469934,0.0026245294138789177,0.7895485162734985,,
1790035440.6654663,RAW_IMU,,,,,,,,,0,0,-1001,3,3,3,,,,,
1790035440.68241,ATTITUDE,,,,,,,,,,,,,,,0.0024178791791200638,0.0026254337280988693,0.7895501255989075,,
1790035440.6828575,RAW_IMU,,,,,,,,,0,0,-1001,3,3,3,,,,,
1790035440.7054868,ATTITUDE,,,,,,,,,,,,,,,0.002418212592601776,0.002625748049467802,0.7895540595054626,,
1790035440.7058222,RAW_IMU,,,,,,,,,0,0,-1001,3,3,3,,,,,
1790035440.7172801,GLOBAL_POSITION_INT,-35.3629999,149.1655581,583.81,0.006,-0.02,0.0,0.0,45.23,,,,,,,,,,,
1790035440.717699,GPS_RAW_INT,,,,,,,,,,,,,,,,,,6,10
1790035440.723067,ATTITUDE,,,,,,,,,,,,,,,0.0024174845311790705,0.002626957604661584,0.7895591259002686,,
1790035440.7234228,RAW_IMU,,,,,,,,,0,0,-1001,3,3,3,,,,,
1790035440.7409658,ATTITUDE,,,,,,,,,,,,,,,0.00241682562045753,0.0026279317680746317,0.7895650267601013,,
1790035440.741266,RAW_IMU,,,,,,,,,0,0,-1001,3,3,3,,,,,
1790035440.7639468,ATTITUDE,,,,,,,,,,,,,,,0.0024168763775378466,0.0026262749452143908,0.7895669341087341,,
1790035440.76553,RAW_IMU,,,,,,,,,0,0,-1001,3,3,3,,,,,
1790035440.7815132,ATTITUDE,,,,,,,,,,,,,,,0.0024183043278753757,0.0026269282680004835,0.7895716428756714,,
1790035440.781944,RAW_IMU,,,,,,,,,0,0,-1001,3,3,3,,,,,
1790035440.804735,ATTITUDE,,,,,,,,,,,,,,,0.002421207958832383,0.002628718502819538,0.7895756959915161,,
1790035440.8052478,RAW_IMU,,,,,,,,,0,0,-1001,3,3,3,,,,,
1790035440.8165734,GLOBAL_POSITION_INT,-35.3629999,149.1655581,583.81,0.006,-0.02,0.0,0.0,45.23,,,,,,,,,,,
1790035440.8169699,GPS_RAW_INT,,,,,,,,,,,,,,,,,,6,10
1790035440.8223557,ATTITUDE,,,,,,,,,,,,,,,0.0024238904006779194,0.0026310142129659653,0.7895811796188354,,
1790035440.8229787,RAW_IMU,,,,,,,,,0,0,-1001,3,3,3,,,,,
1790035440.8454251,ATTITUDE,,,,,,,,,,,,,,,0.002426447346806526,0.0026325038634240627,0.7895886898040771,,
1790035440.8459492,RAW_IMU,,,,,,,,,0,0,-1001,3,3,3,,,,,
1790035440.8631692,ATTITUDE,,,,,,,,,,,,,,,0.0024295684415847063,0.0026360282208770514,0.7895928621292114,,
1790035440.863537,RAW_IMU,,,,,,,,,0,0,-1001,3,3,3,,,,,
1790035440.8807147,ATTITUDE,,,,,,,,,,,,,,,0.0024296962656080723,0.002634531119838357,0.7895965576171875,,
1790035440.881114,RAW_IMU,,,,,,,,,0,0,-1001,3,3,3,,,,,
1790035440.903861,ATTITUDE,,,,,,,,,,,,,,,0.0024300268851220608,0.002633087569847703,0.7896016836166382,,
1790035440.9043143,RAW_IMU,,,,,,,,,0,0,-1001,3,3,3,,,,,
1790035440.9158146,GLOBAL_POSITION_INT,-35.3629999,149.1655581,583.81,0.006,-0.02,0.0,0.0,45.24,,,,,,,,,,,
1790035440.9160414,GPS_RAW_INT,,,,,,,,,,,,,,,,,,6,10
1790035440.921451,ATTITUDE,,,,,,,,,,,,,,,0.0024311826564371586,0.0026325255166739225,0.7896074652671814,,
1790035440.9217353,RAW_IMU,,,,,,,,,0,0,-1001,3,3,3,,,,,
1790035440.944618,ATTITUDE,,,,,,,,,,,,,,,0.002433470916002989,0.0026329385582357645,0.7896164059638977,,
1790035440.9450345,RAW_IMU,,,,,,,,,0,0,-1001,3,3,3,,,,,
1790035440.9625213,ATTITUDE,,,,,,,,,,,,,,,0.0024346383288502693,0.0026352056302130222,0.7896178960800171,,
1790035440.963192,RAW_IMU,,,,,,,,,0,0,-1001,3,3,3,,,,,
1790035440.9853919,ATTITUDE,,,,,,,,,,,,,,,0.002435659756883979,0.0026370154228061438,0.7896217703819275,,
1790035440.9861436,RAW_IMU,,,,,,,,,0,0,-1001,3,3,3,,,,,
1790035441.0030668,ATTITUDE,,,,,,,,,,,,,,,0.0024372884072363377,0.00263974629342556,0.7896260619163513,,
1790035441.0036082,RAW_IMU,,,,,,,,,0,0,-1001,3,3,3,,,,,
1790035441.020607,GLOBAL_POSITION_INT,-35.3629999,149.1655581,583.81,0.006,-0.02,0.0,0.0,45.24,,,,,,,,,,,
1790035441.0210052,GPS_RAW_INT,,,,,,,,,,,,,,,,,,6,10
1790035441.021869,ATTITUDE,,,,,,,,,,,,,,,0.002440129639580846,0.0026390438433736563,0.7896312475204468,,
1790035441.0224862,RAW_IMU,,,,,,,,,0,0,-1001,3,3,3,,,,,
1790035441.043823,ATTITUDE,,,,,,,,,,,,,,,0.0024429657496511936,0.002640420338138938,0.7896389961242676,,
1790035441.0443676,RAW_IMU,,,,,,,,,0,0,-1001,3,3,3,,,,,
1790035441.0615668,ATTITUDE,,,,,,,,,,,,,,,0.002446396043524146,0.002643661806359887,0.7896407246589661,,
1790035441.0620518,RAW_IMU,,,,,,,,,0,0,-1001,3,3,3,,,,,
1790035441.0846438,ATTITUDE,,,,,,,,,,,,,,,0.0024472263175994158,0.0026453358586877584,0.7896431684494019,,
1790035441.0851436,RAW_IMU,,,,,,,,,0,0,-1000,3,3,3,,,,,
1790035441.1022873,ATTITUDE,,,,,,,,,,,,,,,0.002448825165629387,0.0026451684534549713,0.7896490097045898,,
1790035441.1029668,RAW_IMU,,,,,,,,,0,0,-1001,3,3,3,,,,,
1790035441.1197336,GLOBAL_POSITION_INT,-35.3629999,149.1655581,583.81,0.006,-0.02,0.0,0.0,45.24,,,,,,,,,,,
1790035441.1203067,GPS_RAW_INT,,,,,,,,,,,,,,,,,,6,10
1790035441.125232,ATTITUDE,,,,,,,,,,,,,,,0.0024490843061357737,0.002645687200129032,0.7896552085876465,,
1790035441.125818,RAW_IMU,,,,,,,,,0,0,-1001,3,3,3,,,,,
1790035441.1431854,ATTITUDE,,,,,,,,,,,,,,,0.0024501201696693897,0.0026460643857717514,0.7896617650985718,,
1790035441.1437347,RAW_IMU,,,,,,,,,0,0,-1001,3,3,3,,,,,
1790035441.1609354,ATTITUDE,,,,,,,,,,,,,,,0.002452284097671509,0.0026475621853023767,0.7896630764007568,,
1790035441.161325,RAW_IMU,,,,,,,,,0,0,-1001,3,3,3,,,,,
1790035441.183735,ATTITUDE,,,,,,,,,,,,,,,0.0024539916776120663,0.0026490502059459686,0.7896658778190613,,
1790035441.1842444,RAW_IMU,,,,,,,,,0,0,-1001,3,3,3,,,,,
1790035441.2017913,ATTITUDE,,,,,,,,,,,,,,,0.0024554086849093437,0.0026519782841205597,0.7896703481674194,,
1790035441.2022007,RAW_IMU,,,,,,,,,0,0,-1001,3,3,3,,,,,
1790035441.2198308,GLOBAL_POSITION_INT,-35.3629999,149.1655581,583.81,0.006,-0.02,0.0,0.0,45.24,,,,,,,,,,,
1790035441.2201633,GPS_RAW_INT,,,,,,,,,,,,,,,,,,6,10
1790035441.2245164,ATTITUDE,,,,,,,,,,,,,,,0.002457820810377598,0.002655105432495475,0.7896755933761597,,
1790035441.2248766,RAW_IMU,,,,,,,,,0,0,-1001,3,3,3,,,,,
1790035441.242228,ATTITUDE,,,,,,,,,,,,,,,0.00246225344017148,0.0026583620347082615,0.7896835803985596,,
1790035441.2426448,RAW_IMU,,,,,,,,,0,0,-1001,3,3,3,,,,,
1790035441.2653117,ATTITUDE,,,,,,,,,,,,,,,0.002465736586600542,0.002662156941369176,0.7896853089332581,,
1790035441.2657928,RAW_IMU,,,,,,,,,0,0,-1001,3,3,3,,,,,
1790035441.2829459,ATTITUDE,,,,,,,,,,,,,,,0.0024658050388097763,0.0026629739440977573,0.7896889448165894,,
1790035441.283408,RAW_IMU,,,,,,,,,0,0,-1001,3,3,3,,,,,
1790035441.3006098,ATTITUDE,,,,,,,,,,,,,,,0.002465809229761362,0.0026627047918736935,0.7896924018859863,,
1790035441.3010013,RAW_IMU,,,,,,,,,0,0,-1000,3,3,3,,,,,
1790035441.3179913,GLOBAL_POSITION_INT,-35.3629999,149.1655581,583.81,0.006,-0.02,0.0,0.0,45.24,,,,,,,,,,,
1790035441.3182423,GPS_RAW_INT,,,,,,,,,,,,,,,,,,6,10
1790035441.3235056,ATTITUDE,,,,,,,,,,,,,,,0.0024644979275763035,0.0026614535599946976,0.7896982431411743,,
1790035441.324008,RAW_IMU,,,,,,,,,0,0,-1001,3,3,3,,,,,
1790035441.341185,ATTITUDE,,,,,,,,,,,,,,,0.002464230637997389,0.0026630728971213102,0.7897045612335205,,
1790035441.3415775,RAW_IMU,,,,,,,,,0,0,-1001,3,3,3,,,,,
1790035441.3590553,ATTITUDE,,,,,,,,,,,,,,,0.0024651221465319395,0.00266531971283257,0.7897067070007324,,
1790035441.3596375,RAW_IMU,,,,,,,,,0,0,-1001,3,3,3,,,,,
1790035441.3820305,ATTITUDE,,,,,,,,,,,,,,,0.0024662932846695185,0.0026671255473047495,0.7897101044654846,,
1790035441.3824606,RAW_IMU,,,,,,,,,0,0,-1001,3,3,3,,,,,
1790035441.399754,ATTITUDE,,,,,,,,,,,,,,,0.002467996906489134,0.002668726025149226,0.7897136211395264,,
1790035441.400174,RAW_IMU,,,,,,,,,0,0,-1001,3,3,3,,,,,
1790035441.4170575,GLOBAL_POSITION_INT,-35.3629999,149.1655581,583.81,0.006,-0.02,0.0,0.0,45.24,,,,,,,,,,,
1790035441.4174247,GPS_RAW_INT,,,,,,,,,,,,,,,,,,6,10
1790035441.4228141,ATTITUDE,,,,,,,,,,,,,,,0.0024712977465242147,0.0026701628230512142,0.7897180914878845,,
1790035441.4231958,RAW_IMU,,,,,,,,,0,0,-1001,3,3,3,,,,,
1790035441.4404404,ATTITUDE,,,,,,,,,,,,,,,0.0024743834510445595,0.0026744334027171135,0.7897235155105591,,
1790035441.4410057,RAW_IMU,,,,,,,,,0,0,-1001,3,3,3,,,,,
1790035441.4635959,ATTITUDE,,,,,,,,,,,,,,,0.00247783656232059,0.002677369862794876,0.7897244691848755,,
1790035441.46411,RAW_IMU,,,,,,,,,0,0,-1001,3,3,3,,,,,
1790035441.4812455,ATTITUDE,,,,,,,,,,,,,,,0.0024789313320070505,0.002678425284102559,0.7897281646728516,,
1790035441.4817078,RAW_IMU,,,,,,,,,0,0,-1001,3,3,3,,,,,
1790035441.4988859,ATTITUDE,,,,,,,,,,,,,,,0.0024792577605694532,0.002677583834156394,0.7897318005561829,,
1790035441.4992187,RAW_IMU,,,,,,,,,0,0,-1000,3,3,3,,,,,
1790035441.5163224,GLOBAL_POSITION_INT,-35.3629999,149.1655581,583.81,0.006,-0.02,0.0,0.0,45.24,,,,,,,,,,,
1790035441.5165694,GPS_RAW_INT,,,,,,,,,,,,,,,,,,6,10
1790035441.5220435,ATTITUDE,,,,,,,,,,,,,,,0.002479666145518422,0.002677762182429433,0.7897371053695679,,
1790035441.5226235,RAW_IMU,,,,,,,,,0,0,-1001,3,3,3,,,,,
1790035441.539676,ATTITUDE,,,,,,,,,,,,,,,0.0024811485782265663,0.0026784036308526993,0.789742112159729,,
1790035441.5402749,RAW_IMU,,,,,,,,,0,0,-1001,3,3,3,,,,,
1790035441.5628016,ATTITUDE,,,,,,,,,,,,,,,0.0024805613793432713,0.0026798537001013756,0.7897453904151917,,
1790035441.563298,RAW_IMU,,,,,,,,,0,0,-1001,3,3,3,,,,,
1790035441.5804005,ATTITUDE,,,,,,,,,,,,,,,0.002482035430148244,0.0026797873433679342,0.7897472977638245,,
1790035441.5809124,RAW_IMU,,,,,,,,,0,0,-1001,3,3,3,,,,,
1790035441.6038055,ATTITUDE,,,,,,,,,,,,,,,0.0024841902777552605,0.0026828323025256395,0.7897525429725647,,
1790035441.6040978,RAW_IMU,,,,,,,,,0,0,-1001,3,3,3,,,,,
1790035441.6156054,GLOBAL_POSITION_INT,-35.3629999,149.1655581,583.81,0.006,-0.02,0.0,0.0,45.24,,,,,,,,,,,
1790035441.615902,GPS_RAW_INT,,,,,,,,,,,,,,,,,,6,10
1790035441.6211586,ATTITUDE,,,,,,,,,,,,,,,0.002485682489350438,0.0026844521053135395,0.7897566556930542,,
1790035441.6216185,RAW_IMU,,,,,,,,,0,0,-1001,3,3,3,,,,,
1790035441.6387615,ATTITUDE,,,,,,,,,,,,,,,0.0024890259373933077,0.00268693920224905,0.7897624969482422,,
1790035441.6390648,RAW_IMU,,,,,,,,,0,0,-1001,3,3,3,,,,,
1790035441.662102,ATTITUDE,,,,,,,,,,,,,,,0.002494496526196599,0.0026902887038886547,0.7897655367851257,,
1790035441.662578,RAW_IMU,,,,,,,,,0,0,-1001,3,3,3,,,,,
1790035441.6795783,ATTITUDE,,,,,,,,,,,,,,,0.0024981009773910046,0.002692914567887783,0.7897682189941406,,
1790035441.6801686,RAW_IMU,,,,,,,,,0,0,-1001,3,3,3,,,,,
1790035441.702741,ATTITUDE,,,,,,,,,,,,,,,0.002498280256986618,0.0026942892000079155,0.7897719144821167,,
1790035441.7031517,RAW_IMU,,,,,,,,,0,0,-1001,3,3,3,,,,,
1790035441.7168922,GLOBAL_POSITION_INT,-35.3629999,149.1655581,583.81,0.006,-0.01,0.0,0.0,45.25,,,,,,,,,,,
1790035441.7172906,GPS_RAW_INT,,,,,,,,,,,,,,,,,,6,10
1790035441.7203534,ATTITUDE,,,,,,,,,,,,,,,0.002498987829312682,0.002693817252293229,0.7897752523422241,,
1790035441.7207835,RAW_IMU,,,,,,,,,0,0,-1001,3,3,3,,,,,
1790035441.7436526,ATTITUDE,,,,,,,,,,,,,,,0.002499608090147376,0.0026956533547490835,0.7897816896438599,,
1790035441.7441738,RAW_IMU,,,,,,,,,0,0,-1001,3,3,3,,,,,
1790035441.7612395,ATTITUDE,,,,,,,,,,,,,,,0.0025008649099618196,0.0026966931764036417,0.7897856831550598,,
1790035441.7616143,RAW_IMU,,,,,,,,,0,0,-1001,3,3,3,,,,,
1790035441.7787814,ATTITUDE,,,,,,,,,,,,,,,0.0025034171994775534,0.0026975334621965885,0.7897878289222717,,
1790035441.7791505,RAW_IMU,,,,,,,,,0,0,-1001,3,3,3,,,,,
1790035441.8019085,ATTITUDE,,,,,,,,,,,,,,,0.00250600790604949,0.0027002645656466484,0.7897915244102478,,
1790035441.8023615,RAW_IMU,,,,,,,,,0,0,-1001,3,3,3,,,,,
1790035441.8136752,GLOBAL_POSITION_INT,-35.3629999,149.1655581,583.81,0.006,-0.01,0.0,0.0,45.25,,,,,,,,,,,
1790035441.8140638,GPS_RAW_INT,,,,,,,,,,,,,,,,,,6,10
1790035441.819486,ATTITUDE,,,,,,,,,,,,,,,0.0025085119996219873,0.002702354686334729,0.7897971868515015,,
1790035441.8199575,RAW_IMU,,,,,,,,,0,0,-1001,3,3,3,,,,,
1790035441.8426821,ATTITUDE,,,,,,,,,,,,,,,0.0025118549820035696,0.0027046971954405308,0.7898054122924805,,
1790035441.8431342,RAW_IMU,,,,,,,,,0,0,-1001,3,3,3,,,,,
1790035441.8605711,ATTITUDE,,,,,,,,,,,,,,,0.002513764426112175,0.0027094618417322636,0.7898088097572327,,
1790035441.8609338,RAW_IMU,,,,,,,,,0,0,-1001,3,3,3,,,,,
1790035441.883495,ATTITUDE,,,,,,,,,,,,,,,0.002514368388801813,0.0027120865415781736,0.7898135781288147,,
1790035441.8839996,RAW_IMU,,,,,,,,,0,0,-1001,3,3,3,,,,,
1790035441.9010103,ATTITUDE,,,,,,,,,,,,,,,0.0025171812158077955,0.002714797155931592,0.7898181080818176,,
1790035441.9013367,RAW_IMU,,,,,,,,,0,0,-1001,3,3,3,,,,,
1790035441.918444,GLOBAL_POSITION_INT,-35.3629999,149.1655581,583.81,0.006,-0.01,0.0,0.0,45.25,,,,,,,,,,,
1790035441.9189594,GPS_RAW_INT,,,,,,,,,,,,,,,,,,6,10
1790035441.9193227,ATTITUDE,,,,,,,,,,,,,,,0.0025183013640344143,0.0027153664268553257,0.7898228168487549,,
1790035441.9196863,RAW_IMU,,,,,,,,,0,0,-1001,3,3,3,,,,,
1790035441.9419727,ATTITUDE,,,,,,,,,,,,,,,0.002519159112125635,0.002716154558584094,0.7898304462432861,,
1790035441.9423344,RAW_IMU,,,,,,,,,0,0,-1001,3,3,3,,,,,
1790035441.9596453,ATTITUDE,,,,,,,,,,,,,,,0.0025195947382599115,0.0027193960268050432,0.7898334860801697,,
1790035441.9600143,RAW_IMU,,,,,,,,,0,0,-1001,3,3,3,,,,,
1790035441.9826016,ATTITUDE,,,,,,,,,,,,,,,0.0025229910388588905,0.002721608616411686,0.7898363471031189,,
1790035441.9831004,RAW_IMU,,,,,,,,,0,0,-1001,3,3,3,,,,,
1790035442.0003748,ATTITUDE,,,,,,,,,,,,,,,0.002525059971958399,0.0027235965244472027,0.7898395657539368,,
1790035442.0008786,RAW_IMU,,,,,,,,,0,0,-1001,3,3,3,,,,,
1790035442.0182924,GLOBAL_POSITION_INT,-35.3629999,149.1655581,583.81,0.006,-0.01,0.0,0.0,45.25,,,,,,,,,,,
1790035442.018573,GPS_RAW_INT,,,,,,,,,,,,,,,,,,6,10
1790035442.023248,ATTITUDE,,,,,,,,,,,,,,,0.0025271507911384106,0.002726572332903743,0.7898463606834412,,
1790035442.0238798,RAW_IMU,,,,,,,,,0,0,-1001,3,3,3,,,,,
1790035442.0409517,ATTITUDE,,,,,,,,,,,,,,,0.002529868856072426,0.00273099634796381,0.7898532152175903,,
1790035442.0412445,RAW_IMU,,,,,,,,,0,0,-1001,3,3,3,,,,,
1790035442.058863,ATTITUDE,,,,,,,,,,,,,,,0.002533612074330449,0.0027341735549271107,0.7898565530776978,,
1790035442.0592513,RAW_IMU,,,,,,,,,0,0,-1001,3,3,3,,,,,
1790035442.0818214,ATTITUDE,,,,,,,,,,,,,,,0.002536012791097164,0.0027353449258953333,0.7898582816123962,,
1790035442.0822139,RAW_IMU,,,,,,,,,0,0,-1001,3,3,3,,,,,
1790035442.0994647,ATTITUDE,,,,,,,,,,,,,,,0.0025360628496855497,0.0027364371344447136,0.7898627519607544,,
1790035442.1000116,RAW_IMU,,,,,,,,,0,0,-1001,3,3,3,,,,,
1790035442.116896,GLOBAL_POSITION_INT,-35.3629999,149.1655581,583.81,0.006,-0.01,0.0,0.0,45.25,,,,,,,,,,,
1790035442.1173975,GPS_RAW_INT,,,,,,,,,,,,,,,,,,6,10
1790035442.1225536,ATTITUDE,,,,,,,,,,,,,,,0.0025371310766786337,0.002737633651122451,0.7898687124252319,,
1790035442.1230013,RAW_IMU,,,,,,,,,0,0,-1001,3,3,3,,,,,
1790035442.14024,ATTITUDE,,,,,,,,,,,,,,,0.0025387827772647142,0.002738924464210868,0.7898750305175781,,
1790035442.1407151,RAW_IMU,,,,,,,,,0,0,-1001,3,3,3,,,,,
1790035442.1634297,ATTITUDE,,,,,,,,,,,,,,,0.002538921544328332,0.002740948460996151,0.7898770570755005,,
1790035442.1637247,RAW_IMU,,,,,,,,,0,0,-1001,3,3,3,,,,,
1790035442.1809003,ATTITUDE,,,,,,,,,,,,,,,0.002540048211812973,0.002741842530667782,0.7898803949356079,,
1790035442.1814563,RAW_IMU,,,,,,,,,0,0,-1001,3,3,3,,,,,
1790035442.204253,ATTITUDE,,,,,,,,,,,,,,,0.0025421225000172853,0.0027450278867036104,0.7898843884468079,,
1790035442.2046733,RAW_IMU,,,,,,,,,0,0,-1001,3,3,3,,,,,
1790035442.2236192,GLOBAL_POSITION_INT,-35.3629999,149.1655581,583.81,0.006,-0.01,0.0,0.0,45.25,,,,,,,,,,,
1790035442.2238874,GPS_RAW_INT,,,,,,,,,,,,,,,,,,6,10
1790035442.22423,ATTITUDE,,,,,,,,,,,,,,,0.002544126473367214,0.002746672835201025,0.7898895740509033,,
1790035442.2245865,RAW_IMU,,,,,,,,,0,0,-1001,3,3,3,,,,,
1790035442.2451348,ATTITUDE,,,,,,,,,,,,,,,0.0025465816725045443,0.002750217216089368,0.7898954153060913,,
1790035442.245688,RAW_IMU,,,,,,,,,0,0,-1001,3,3,3,,,,,
1790035442.2629044,ATTITUDE,,,,,,,,,,,,,,,0.0025501553900539875,0.0027543515898287296,0.7898976802825928,,
1790035442.2633245,RAW_IMU,,,,,,,,,0,0,-1001,3,3,3,,,,,
1790035442.2858722,ATTITUDE,,,,,,,,,,,,,,,0.0025517349131405354,0.0027546645142138004,0.7898995280265808,,
1790035442.2861898,RAW_IMU,,,,,,,,,0,0,-1001,3,3,3,,,,,
1790035442.3034704,ATTITUDE,,,,,,,,,,,,,,,0.0025523712392896414,0.002756241476163268,0.7899041771888733,,
1790035442.3038104,RAW_IMU,,,,,,,,,0,0,-1001,3,3,3,,,,,
1790035442.3208113,GLOBAL_POSITION_INT,-35.3629999,149.1655581,583.81,0.006,-0.01,0.0,0.0,45.25,,,,,,,,,,,
1790035442.3211403,GPS_RAW_INT,,,,,,,,,,,,,,,,,,6,10
1790035442.3218195,ATTITUDE,,,,,,,,,,,,,,,0.0025538771878927946,0.0027580037713050842,0.789909303188324,,
1790035442.322342,RAW_IMU,,,,,,,,,0,0,-1001,3,3,3,,,,,
1790035442.3442812,ATTITUDE,,,,,,,,,,,,,,,0.0025553747545927763,0.0027593025006353855,0.7899158596992493,,
1790035442.3445256,RAW_IMU,,,,,,,,,0,0,-1001,3,3,3,,,,,
1790035442.3620174,ATTITUDE,,,,,,,,,,,,,,,0.0025567784905433655,0.0027610540855675936,0.7899183630943298,,
1790035442.3624167,RAW_IMU,,,,,,,,,0,0,-1001,3,3,3,,,,,
1790035442.3850026,ATTITUDE,,,,,,,,,,,,,,,0.00255867769010365,0.002763444324955344,0.7899215817451477,,
1790035442.385186,RAW_IMU,,,,,,,,,0,0,-1001,3,3,3,,,,,
1790035442.4025784,ATTITUDE,,,,,,,,,,,,,,,0.0025605305563658476,0.00276564690284431,0.7899255156517029,,
1790035442.4029636,RAW_IMU,,,,,,,,,0,0,-1001,3,3,3,,,,,
1790035442.4200358,GLOBAL_POSITION_INT,-35.3629999,149.1655581,583.81,0.006,-0.01,0.0,0.0,45.25,,,,,,,,,,,
1790035442.4205575,GPS_RAW_INT,,,,,,,,,,,,,,,,,,6,10
1790035442.4256284,ATTITUDE,,,,,,,,,,,,,,,0.0025646695867180824,0.0027681998908519745,0.7899318337440491,,
1790035442.4261994,RAW_IMU,,,,,,,,,0,0,-1001,3,3,3,,,,,
1790035442.443398,ATTITUDE,,,,,,,,,,,,,,,0.0025668058078736067,0.0027713188901543617,0.7899380326271057,,
1790035442.4437768,RAW_IMU,,,,,,,,,0,0,-1001,3,3,3,,,,,
1790035442.4610875,ATTITUDE,,,,,,,,,,,,,,,0.002571679186075926,0.0027741966769099236,0.7899402379989624,,
1790035442.461601,RAW_IMU,,,,,,,,,0,0,-1001,3,3,3,,,,,
1790035442.4841282,ATTITUDE,,,,,,,,,,,,,,,0.0025744291488081217,0.0027760916855186224,0.7899422645568848,,
1790035442.4845126,RAW_IMU,,,,,,,,,0,0,-1001,3,3,3,,,,,
1790035442.501786,ATTITUDE,,,,,,,,,,,,,,,0.002575225429609418,0.0027767536230385303,0.7899466753005981,,
1790035442.5022218,RAW_IMU,,,,,,,,,0,0,-1001,3,3,3,,,,,
1790035442.519305,GLOBAL_POSITION_INT,-35.3629999,149.1655581,583.81,0.006,-0.01,0.0,0.0,45.26,,,,,,,,,,,
1790035442.519918,GPS_RAW_INT,,,,,,,,,,,,,,,,,,6,10
1790035442.5249493,ATTITUDE,,,,,,,,,,,,,,,0.002575577236711979,0.002778379013761878,0.7899521589279175,,
1790035442.525634,RAW_IMU,,,,,,,,,0,0,-1001,3,3,3,,,,,
1790035442.5425398,ATTITUDE,,,,,,,,,,,,,,,0.0025776203256100416,0.0027787194121629,0.789958119392395,,
1790035442.5428665,RAW_IMU,,,,,,,,,0,0,-1000,3,3,3,,,,,
1790035442.5657108,ATTITUDE,,,,,,,,,,,,,,,0.002578648505732417,0.002780256560072303,0.7899603843688965,,
1790035442.5662496,RAW_IMU,,,,,,,,,0,0,-1001,3,3,3,,,,,
1790035442.583425,ATTITUDE,,,,,,,,,,,,,,,0.002580552827566862,0.0027820654213428497,0.7899637818336487,,
1790035442.5838397,RAW_IMU,,,,,,,,,0,0,-1001,3,3,3,,,,,
1790035442.6013672,ATTITUDE,,,,,,,,,,,,,,,0.0025844103656709194,0.0027843541465699673,0.7899673581123352,,
1790035442.6018581,RAW_IMU,,,,,,,,,0,0,-1001,3,3,3,,,,,
1790035442.6192172,GLOBAL_POSITION_INT,-35.3629999,149.1655581,583.81,0.006,-0.01,0.0,0.0,45.26,,,,,,,,,,,
1790035442.6196196,GPS_RAW_INT,,,,,,,,,,,,,,,,,,6,10
1790035442.6241305,ATTITUDE,,,,,,,,,,,,,,,0.0025876015424728394,0.00278696627356112,0.7899729609489441,,
1790035442.6248298,RAW_IMU,,,,,,,,,0,0,-1001,3,3,3,,,,,
1790035442.6421328,ATTITUDE,,,,,,,,,,,,,,,0.0025907738599926233,0.0027904356829822063,0.7899796962738037,,
1790035442.6426096,RAW_IMU,,,,,,,,,0,0,-1001,3,3,3,,,,,
1790035442.665136,ATTITUDE,,,,,,,,,,,,,,,0.002594290068373084,0.002793924417346716,0.7899808883666992,,
1790035442.6657188,RAW_IMU,,,,,,,,,0,0,-1001,3,3,3,,,,,
1790035442.682616,ATTITUDE,,,,,,,,,,,,,,,0.0025963876396417618,0.002794834552332759,0.7899848818778992,,
1790035442.6830294,RAW_IMU,,,,,,,,,0,0,-1001,3,3,3,,,,,
1790035442.7057574,ATTITUDE,,,,,,,,,,,,,,,0.002596669364720583,0.002795352367684245,0.7899897694587708,,
1790035442.706225,RAW_IMU,,,,,,,,,0,0,-1001,3,3,3,,,,,
1790035442.72076,GLOBAL_POSITION_INT,-35.3629999,149.1655581,583.81,0.006,-0.01,0.0,0.0,45.26,,,,,,,,,,,
1790035442.722212,GPS_RAW_INT,,,,,,,,,,,,,,,,,,6,10
1790035442.7233639,ATTITUDE,,,,,,,,,,,,,,,0.0025968311820179224,0.0027969935908913612,0.7899953722953796,,
1790035442.723826,RAW_IMU,,,,,,,,,0,0,-1001,3,3,3,,,,,
1790035442.741143,ATTITUDE,,,,,,,,,,,,,,,0.0025984803214669228,0.0027981784660369158,0.7900028228759766,,
1790035442.7419977,RAW_IMU,,,,,,,,,0,0,-1001,3,3,3,,,,,
1790035442.7642393,ATTITUDE,,,,,,,,,,,,,,,0.002599689643830061,0.0027999437879770994,0.790006160736084,,
1790035442.7647142,RAW_IMU,,,,,,,,,0,0,-1001,3,3,3,,,,,
1790035442.781794,ATTITUDE,,,,,,,,,,,,,,,0.0026008805725723505,0.00280167069286108,0.790008544921875,,
1790035442.7822504,RAW_IMU,,,,,,,,,0,0,-1001,3,3,3,,,,,
1790035442.8049994,ATTITUDE,,,,,,,,,,,,,,,0.0026040629018098116,0.0028034031856805086,0.7900123596191406,,
1790035442.8054185,RAW_IMU,,,,,,,,,0,0,-1001,3,3,3,,,,,
1790035442.8168101,GLOBAL_POSITION_INT,-35.3629999,149.1655581,583.81,0.006,-0.01,0.0,0.0,45.26,,,,,,,,,,,
1790035442.8172302,GPS_RAW_INT,,,,,,,,,,,,,,,,,,6,10
1790035442.8224814,ATTITUDE,,,,,,,,,,,,,,,0.0026075656060129404,0.002805576426908374,0.7900194525718689,,
1790035442.82315,RAW_IMU,,,,,,,,,0,0,-1001,3,3,3,,,,,
1790035442.8456235,ATTITUDE,,,,,,,,,,,,,,,0.0026109153404831886,0.002808295888826251,0.7900266647338867,,
1790035442.8459477,RAW_IMU,,,,,,,,,0,0,-1001,3,3,3,,,,,
1790035442.8633425,ATTITUDE,,,,,,,,,,,,,,,0.0026145584415644407,0.002812038641422987,0.790029764175415,,
1790035442.8639488,RAW_IMU,,,,,,,,,0,0,-1001,3,3,3,,,,,
1790035442.880973,ATTITUDE,,,,,,,,,,,,,,,0.002615150762721896,0.002812233753502369,0.7900323867797852,,
1790035442.8812819,RAW_IMU,,,,,,,,,0,0,-1001,3,3,3,,,,,
1790035442.9040325,ATTITUDE,,,,,,,,,,,,,,,0.002615452278405428,0.002811901504173875,0.7900370955467224,,
1790035442.9044487,RAW_IMU,,,,,,,,,0,0,-1001,3,3,3,,,,,
1790035442.9164846,GLOBAL_POSITION_INT,-35.3629999,149.1655581,583.81,0.006,-0.01,0.0,0.0,45.26,,,,,,,,,,,
1790035442.9171252,GPS_RAW_INT,,,,,,,,,,,,,,,,,,6,10
1790035442.9215152,ATTITUDE,,,,,,,,,,,,,,,0.002616164041683078,0.0028117350302636623,0.790042519569397,,
1790035442.921957,RAW_IMU,,,,,,,,,0,0,-1001,3,3,3,,,,,
1790035442.9448798,ATTITUDE,,,,,,,,,,,,,,,0.0026167738251388073,0.0028145310934633017,0.7900488376617432,,
1790035442.9452555,RAW_IMU,,,,,,,,,0,0,-1001,3,3,3,,,,,
1790035442.9626231,ATTITUDE,,,,,,,,,,,,,,,0.002618244383484125,0.0028162403032183647,0.7900499105453491,,
1790035442.962916,RAW_IMU,,,,,,,,,0,0,-1002,3,3,3,,,,,
1790035442.9855745,ATTITUDE,,,,,,,,,,,,,,,0.0026205587200820446,0.002817711094394326,0.7900516390800476,,
1790035442.9861078,RAW_IMU,,,,,,,,,0,0,-1021,3,3,3,,,,,
1790035443.003162,ATTITUDE,,,,,,,,,,,,,,,0.002622995525598526,0.002819988876581192,0.7900566458702087,,
1790035443.0035865,RAW_IMU,,,,,,,,,0,0,-1047,3,3,3,,,,,
1790035443.0205662,GLOBAL_POSITION_INT,-35.3629999,149.1655581,583.81,0.007,-0.01,0.0,-0.02,45.26,,,,,,,,,,,
1790035443.021141,GPS_RAW_INT,,,,,,,,,,,,,,,,,,6,10
1790035443.0216606,ATTITUDE,,,,,,,,,,,,,,,0.002626036060974002,0.002822573995217681,0.7900611758232117,,
1790035443.0220113,RAW_IMU,,,,,,,,,0,0,-1067,3,3,3,,,,,
1790035443.0439541,ATTITUDE,,,,,,,,,,,,,,,0.002630318980664015,0.0028257127851247787,0.7900676131248474,,
1790035443.0443246,RAW_IMU,,,,,,,,,0,0,-1064,3,3,3,,,,,
1790035443.0616825,ATTITUDE,,,,,,,,,,,,,,,0.00263417256064713,0.00282941572368145,0.790068507194519,,
1790035443.0621207,RAW_IMU,,,,,,,,,0,0,-1057,3,3,3,,,,,
1790035443.0847802,ATTITUDE,,,,,,,,,,,,,,,0.002634631469845772,0.002830918412655592,0.7900714874267578,,
1790035443.0852122,RAW_IMU,,,,,,,,,0,0,-1054,3,3,3,,,,,
1790035443.1023726,ATTITUDE,,,,,,,,,,,,,,,0.002636014949530363,0.002832493744790554,0.7900753617286682,,
1790035443.1026607,RAW_IMU,,,,,,,,,0,0,-1054,3,3,3,,,,,
1790035443.1198409,GLOBAL_POSITION_INT,-35.3629999,149.1655581,583.82,0.013,-0.01,0.0,-0.07,45.26,,,,,,,,,,,
1790035443.1202254,GPS_RAW_INT,,,,,,,,,,,,,,,,,,6,10
1790035443.1253989,ATTITUDE,,,,,,,,,,,,,,,0.002637478057295084,0.0028328278567641973,0.7900812029838562,,
1790035443.1261618,RAW_IMU,,,,,,,,,0,0,-1056,3,3,3,,,,,
1790035443.1434126,ATTITUDE,,,,,,,,,,,,,,,0.002638675272464752,0.0028348430059850216,0.7900863885879517,,
1790035443.1437364,RAW_IMU,,,,,,,,,0,0,-1058,3,3,3,,,,,
1790035443.1610415,ATTITUDE,,,,,,,,,,,,,,,0.0026398319751024246,0.0028360909782350063,0.7900890111923218,,
1790035443.1616085,RAW_IMU,,,,,,,,,0,0,-1058,3,3,3,,,,,
1790035443.1839886,ATTITUDE,,,,,,,,,,,,,,,0.0026427865959703922,0.0028384977485984564,0.7900927066802979,,
1790035443.1844893,RAW_IMU,,,,,,,,,0,0,-1057,3,3,3,,,,,
1790035443.2016191,ATTITUDE,,,,,,,,,,,,,,,0.0026446091942489147,0.0028405548073351383,0.790097713470459,,
1790035443.201962,RAW_IMU,,,,,,,,,0,0,-1056,3,3,3,,,,,
1790035443.2208836,GLOBAL_POSITION_INT,-35.3629999,149.1655581,583.83,0.024,-0.02,0.0,-0.13,45.26,,,,,,,,,,,
1790035443.2214234,GPS_RAW_INT,,,,,,,,,,,,,,,,,,6,10
1790035443.225416,ATTITUDE,,,,,,,,,,,,,,,0.0026465582195669413,0.002843626542016864,0.7901031374931335,,
1790035443.2258165,RAW_IMU,,,,,,,,,0,0,-1054,3,3,3,,,,,
1790035443.2424793,ATTITUDE,,,,,,,,,,,,,,,0.0026503903791308403,0.0028463013004511595,0.7901101112365723,,
1790035443.242844,RAW_IMU,,,,,,,,,0,0,-1053,3,3,3,,,,,
1790035443.2655692,ATTITUDE,,,,,,,,,,,,,,,0.0026543273124843836,0.002849813085049391,0.7901105284690857,,
1790035443.2661343,RAW_IMU,,,,,,,,,0,0,-1052,3,3,3,,,,,
1790035443.2832148,ATTITUDE,,,,,,,,,,,,,,,0.0026554951909929514,0.002850281773135066,0.7901118397712708,,
1790035443.283432,RAW_IMU,,,,,,,,,0,0,-1052,3,3,3,,,,,
1790035443.300985,ATTITUDE,,,,,,,,,,,,,,,0.0026568418834358454,0.0028515630401670933,0.7901151180267334,,
1790035443.3016415,RAW_IMU,,,,,,,,,0,0,-1052,3,3,3,,,,,
1790035443.3182745,GLOBAL_POSITION_INT,-35.3629999,149.1655581,583.85,0.04,-0.02,0.0,-0.18,45.27,,,,,,,,,,,
1790035443.3186128,GPS_RAW_INT,,,,,,,,,,,,,,,,,,6,10
1790035443.3239014,ATTITUDE,,,,,,,,,,,,,,,0.0026583464350551367,0.002853486454114318,0.7901201248168945,,
1790035443.3243146,RAW_IMU,,,,,,,,,0,0,-1052,3,3,3,,,,,
1790035443.3417716,ATTITUDE,,,,,,,,,,,,,,,0.0026600121054798365,0.0028540492057800293,0.7901273369789124,,
1790035443.3425548,RAW_IMU,,,,,,,,,0,0,-1052,3,3,3,,,,,
1790035443.36508,ATTITUDE,,,,,,,,,,,,,,,0.0026624808087944984,0.002855931641533971,0.7901283502578735,,
1790035443.3657255,RAW_IMU,,,,,,,,,0,0,-1052,3,3,3,,,,,
1790035443.3832304,ATTITUDE,,,,,,,,,,,,,,,0.0026648910716176033,0.0028581058140844107,0.7901326417922974,,
1790035443.3840976,RAW_IMU,,,,,,,,,0,0,-1053,3,3,3,,,,,
1790035443.4009142,ATTITUDE,,,,,,,,,,,,,,,0.002667215885594487,0.0028608073480427265,0.7901378273963928,,
1790035443.4014807,RAW_IMU,,,,,,,,,0,0,-1054,3,3,3,,,,,
1790035443.4183486,GLOBAL_POSITION_INT,-35.3629999,149.1655581,583.87,0.06,-0.02,0.0,-0.23,45.27,,,,,,,,,,,
1790035443.4187007,GPS_RAW_INT,,,,,,,,,,,,,,,,,,6,10
1790035443.4238102,ATTITUDE,,,,,,,,,,,,,,,0.0026695560663938522,0.002863032976165414,0.7901442646980286,,
1790035443.4246876,RAW_IMU,,,,,,,,,0,0,-1054,3,3,3,,,,,
1790035443.4416084,ATTITUDE,,,,,,,,,,,,,,,0.0026728271041065454,0.002867114497348666,0.7901508212089539,,
1790035443.4420822,RAW_IMU,,,,,,,,,0,0,-1055,3,3,3,,,,,
1790035443.4594128,ATTITUDE,,,,,,,,,,,,,,,0.0026761912740767,0.002870680531486869,0.7901521921157837,,
1790035443.45981,RAW_IMU,,,,,,,,,0,0,-1056,3,3,3,,,,,
1790035443.4822845,ATTITUDE,,,,,,,,,,,,,,,0.002678328426554799,0.002872942015528679,0.7901539206504822,,
1790035443.4826896,RAW_IMU,,,,,,,,,0,0,-1056,3,3,3,,,,,
1790035443.4998295,ATTITUDE,,,,,,,,,,,,,,,0.0026790073607116938,0.00287364493124187,0.7901577353477478,,
1790035443.500261,RAW_IMU,,,,,,,,,0,0,-1057,3,3,3,,,,,
1790035443.5173008,GLOBAL_POSITION_INT,-35.3629999,149.1655581,583.89,0.086,-0.02,0.0,-0.29,45.27,,,,,,,,,,,
1790035443.517689,GPS_RAW_INT,,,,,,,,,,,,,,,,,,6,10
1790035443.5229514,ATTITUDE,,,,,,,,,,,,,,,0.0026798322796821594,0.0028739299159497023,0.7901641726493835,,
1790035443.523584,RAW_IMU,,,,,,,,,0,0,-1058,3,3,3,,,,,
1790035443.5406592,ATTITUDE,,,,,,,,,,,,,,,0.002681073034182191,0.002874738769605756,0.7901709675788879,,
1790035443.54112,RAW_IMU,,,,,,,,,0,0,-1059,3,3,3,,,,,
1790035443.563769,ATTITUDE,,,,,,,,,,,,,,,0.0026840968057513237,0.0028766710311174393,0.7901729941368103,,
1790035443.5641785,RAW_IMU,,,,,,,,,0,0,-1060,3,3,3,,,,,
1790035443.5814543,ATTITUDE,,,,,,,,,,,,,,,0.002684954321011901,0.0028783532325178385,0.7901756763458252,,
1790035443.5819461,RAW_IMU,,,,,,,,,0,0,-1060,3,3,3,,,,,
1790035443.5991085,ATTITUDE,,,,,,,,,,,,,,,0.0026861766818910837,0.00288026942871511,0.7901802659034729,,
1790035443.5996077,RAW_IMU,,,,,,,,,0,0,-1061,3,3,3,,,,,
1790035443.6165688,GLOBAL_POSITION_INT,-35.3629999,149.1655581,583.92,0.117,-0.02,0.0,-0.34,45.27,,,,,,,,,,,
1790035443.6170819,GPS_RAW_INT,,,,,,,,,,,,,,,,,,6,10
1790035443.622144,ATTITUDE,,,,,,,,,,,,,,,0.002687278902158141,0.0028829022776335478,0.7901860475540161,,
1790035443.6227572,RAW_IMU,,,,,,,,,0,0,-1062,3,3,3,,,,,
1790035443.639783,ATTITUDE,,,,,,,,,,,,,,,0.0026481770910322666,0.00283761671744287,0.7901926040649414,,
1790035443.6403348,RAW_IMU,,,,,,,,,0,0,-1073,2,1,3,,,,,
1790035443.6630046,ATTITUDE,,,,,,,,,,,,,,,0.0022648556623607874,0.0024031552020460367,0.790187656879425,,
1790035443.6633844,RAW_IMU,,,,,,,,,0,0,-1245,-14,-16,3,,,,,
1790035443.6807714,ATTITUDE,,,,,,,,,,,,,,,0.0018278957577422261,0.001950894366018474,0.7901809215545654,,
1790035443.6811855,RAW_IMU,,,,,,,,,0,0,-1434,-19,-20,2,,,,,
1790035443.7037063,ATTITUDE,,,,,,,,,,,,,,,0.0013595650671049953,0.0014362921938300133,0.7901714444160461,,
1790035443.7041893,RAW_IMU,,,,,,,,,0,0,-1533,-19,-21,2,,,,,
1790035443.7185524,GLOBAL_POSITION_INT,-35.3629999,149.1655581,583.97,0.164,-0.02,0.0,-0.69,45.27,,,,,,,,,,,
1790035443.7192855,GPS_RAW_INT,,,,,,,,,,,,,,,,,,6,10
1790035443.7214398,ATTITUDE,,,,,,,,,,,,,,,0.0008523386786691844,0.0008711197879165411,0.790160596370697,,
1790035443.721826,RAW_IMU,,,,,,,,,0,0,-1560,-22,-25,2,,,,,
1790035443.7392576,ATTITUDE,,,,,,,,,,,,,,,0.0003555747971404344,0.0003521293110679835,0.7901493906974792,,
1790035443.7399118,RAW_IMU,,,,,,,,,0,0,-1544,-21,-22,2,,,,,
1790035443.7622628,ATTITUDE,,,,,,,,,,,,,,,-0.0001435793237760663,-0.00015493566752411425,0.7901315093040466,,
1790035443.7627525,RAW_IMU,,,,,,,,,-1,1,-1504,-21,-21,2,,,,,
1790035443.7798855,ATTITUDE,,,,,,,,,,,,,,,-0.0006160528282634914,-0.0006502086180262268,0.790112316608429,,
1790035443.7802496,RAW_IMU,,,,,,,,,-1,1,-1451,-20,-21,2,,,,,
1790035443.8029606,ATTITUDE,,,,,,,,,,,,,,,-0.0010254191001877189,-0.0010876230662688613,0.7900939583778381,,
1790035443.803397,RAW_IMU,,,,,,,,,-1,1,-1389,-17,-18,2,,,,,
1790035443.8147385,GLOBAL_POSITION_INT,-35.3629999,149.1655581,584.06,0.257,-0.01,0.0,-1.13,45.26,,,,,,,,,,,
1790035443.8150656,GPS_RAW_INT,,,,,,,,,,,,,,,,,,6,10
1790035443.8206205,ATTITUDE,,,,,,,,,,,,,,,-0.0014045311836525798,-0.00148926698602736,0.7900751233100891,,
1790035443.821089,RAW_IMU,,,,,,,,,-2,1,-1324,-15,-16,2,,,,,
1790035443.843643,ATTITUDE,,,,,,,,,,,,,,,-0.0017344047082588077,-0.001831101137213409,0.7900573015213013,,
1790035443.844023,RAW_IMU,,,,,,,,,-2,1,-1260,-13,-14,2,,,,,
1790035443.8613746,ATTITUDE,,,,,,,,,,,,,,,-0.002023590262979269,-0.0021424998994916677,0.7900331616401672,,
1790035443.861948,RAW_IMU,,,,,,,,,-2,1,-1198,-11,-12,2,,,,,
1790035443.878887,ATTITUDE,,,,,,,,,,,,,,,-0.002268965821713209,-0.0024085857439786196,0.7900071740150452,,
1790035443.8792474,RAW_IMU,,,,,,,,,-2,1,-1141,-9,-10,1,,,,,
1790035443.902037,ATTITUDE,,,,,,,,,,,,,,,-0.0024564191699028015,-0.0026439656503498554,0.7899826765060425,,
1790035443.902335,RAW_IMU,,,,,,,,,-1,1,-1090,-6,-8,1,,,,,
1790035443.9138982,GLOBAL_POSITION_INT,-35.3629999,149.1655581,584.18,0.376,-0.01,0.0,-1.28,45.26,,,,,,,,,,,
1790035443.9144328,GPS_RAW_INT,,,,,,,,,,,,,,,,,,6,10
1790035443.9196475,ATTITUDE,,,,,,,,,,,,,,,-0.00264245318248868,-0.0028198014479130507,0.7899609208106995,,
1790035443.9199498,RAW_IMU,,,,,,,,,-1,1,-1047,-6,-5,1,,,,,
1790035443.9429219,ATTITUDE,,,,,,,,,,,,,,,-0.0027532060630619526,-0.0029505318962037563,0.7899407744407654,,
1790035443.9434757,RAW_IMU,,,,,,,,,-1,0,-1011,-2,-3,1,,,,,
1790035443.9606442,ATTITUDE,,,,,,,,,,,,,,,-0.002844251925125718,-0.0030630603432655334,0.7899172902107239,,
1790035443.961162,RAW_IMU,,,,,,,,,-1,0,-983,-1,-2,2,,,,,
1790035443.9835145,ATTITUDE,,,,,,,,,,,,,,,-0.0028957051690667868,-0.003121567191556096,0.7898932099342346,,
1790035443.984111,RAW_IMU,,,,,,,,,0,0,-962,0,0,2,,,,,
1790035444.0011106,ATTITUDE,,,,,,,,,,,,,,,-0.002900119638070464,-0.003116712672635913,0.7898701429367065,,
1790035444.0014467,RAW_IMU,,,,,,,,,0,0,-947,3,3,1,,,,,
1790035444.0185559,GLOBAL_POSITION_INT,-35.3629999,149.1655581,584.3,0.497,0.0,0.0,-1.25,45.25,,,,,,,,,,,
1790035444.0190187,GPS_RAW_INT,,,,,,,,,,,,,,,,,,6,10
1790035444.0195603,ATTITUDE,,,,,,,,,,,,,,,-0.0028645016718655825,-0.0030804933048784733,0.7898516654968262,,
1790035444.0199604,RAW_IMU,,,,,,,,,0,0,-939,4,5,2,,,,,
1790035444.0420377,ATTITUDE,,,,,,,,,,,,,,,-0.0028036092408001423,-0.002993628615513444,0.7898346781730652,,
1790035444.042719,RAW_IMU,,,,,,,,,0,0,-936,6,7,2,,,,,
1790035444.0598402,ATTITUDE,,,,,,,,,,,,,,,-0.0026815389283001423,-0.0028791066724807024,0.7898143529891968,,
1790035444.0606809,RAW_IMU,,,,,,,,,0,0,-939,9,8,2,,,,,
1790035444.0828254,ATTITUDE,,,,,,,,,,,,,,,-0.00255872611887753,-0.002748701721429825,0.7897956371307373,,
1790035444.0834093,RAW_IMU,,,,,,,,,0,0,-945,9,9,2,,,,,
1790035444.1004593,ATTITUDE,,,,,,,,,,,,,,,-0.0024012839421629906,-0.0025689753238111734,0.7897788882255554,,
1790035444.1008809,RAW_IMU,,,,,,,,,0,0,-953,10,12,2,,,,,
1790035444.1179016,GLOBAL_POSITION_INT,-35.3629999,149.1655581,584.42,0.615,0.0,0.0,-1.2,45.25,,,,,,,,,,,
1790035444.1182723,GPS_RAW_INT,,,,,,,,,,,,,,,,,,6,10
1790035444.1234417,ATTITUDE,,,,,,,,,,,,,,,-0.0022193712648004293,-0.0023827296681702137,0.7897664904594421,,
1790035444.1241062,RAW_IMU,,,,,,,,,0,0,-964,12,12,2,,,,,
1790035444.1413279,ATTITUDE,,,,,,,,,,,,,,,-0.0020219157449901104,-0.002160450676456094,0.7897568941116333,,
1790035444.1417139,RAW_IMU,,,,,,,,,0,0,-977,13,14,2,,,,,
1790035444.1589499,ATTITUDE,,,,,,,,,,,,,,,-0.0017964172875508666,-0.0019158050417900085,0.7897418141365051,,
1790035444.1593256,RAW_IMU,,,,,,,,,0,0,-990,14,15,2,,,,,
1790035444.1820667,ATTITUDE,,,,,,,,,,,,,,,-0.0015609187539666891,-0.001629563863389194,0.7897303104400635,,
1790035444.182359,RAW_IMU,,,,,,,,,0,0,-1005,15,17,2,,,,,
1790035444.1997068,ATTITUDE,,,,,,,,,,,,,,,-0.0012959165032953024,-0.001351390266790986,0.7897226810455322,,
1790035444.200254,RAW_IMU,,,,,,,,,0,0,-1018,16,17,2,,,,,
1790035444.2187173,GLOBAL_POSITION_INT,-35.3629999,149.1655581,584.54,0.732,0.0,0.0,-1.2,45.24,,,,,,,,,,,
1790035444.219141,GPS_RAW_INT,,,,,,,,,,,,,,,,,,6,10
1790035444.2226403,ATTITUDE,,,,,,,,,,,,,,,-0.0010166177526116371,-0.0010683494620025158,0.7897176146507263,,
1790035444.2231169,RAW_IMU,,,,,,,,,0,0,-1031,17,17,2,,,,,
1790035444.2404406,ATTITUDE,,,,,,,,,,,,,,,-0.0007510337163694203,-0.0007775326957926154,0.7897155284881592,,
1790035444.240825,RAW_IMU,,,,,,,,,0,0,-1044,16,17,2,,,,,
1790035444.2636738,ATTITUDE,,,,,,,,,,,,,,,-0.00046132528223097324,-0.0004852954880334437,0.7897082567214966,,
1790035444.2642834,RAW_IMU,,,,,,,,,0,0,-1056,17,17,2,,,,,
1790035444.2813272,ATTITUDE,,,,,,,,,,,,,,,-0.00017991606728173792,-0.00015976019494701177,0.7897037267684937,,
1790035444.2816913,RAW_IMU,,,,,,,,,0,0,-1067,15,17,2,,,,,
1790035444.3044186,ATTITUDE,,,,,,,,,,,,,,,4.258395347278565e-05,0.000123368896311149,0.7897013425827026,,
1790035444.3047986,RAW_IMU,,,,,,,,,0,0,-1076,14,17,3,,,,,
1790035444.3162367,GLOBAL_POSITION_INT,-35.3629999,149.1655581,584.66,0.858,0.01,0.0,-1.26,45.24,,,,,,,,,,,
1790035444.316385,GPS_RAW_INT,,,,,,,,,,,,,,,,,,6,10
1790035444.3219569,ATTITUDE,,,,,,,,,,,,,,,0.00025964711676351726,0.0003936362045351416,0.7897012829780579,,
1790035444.3223543,RAW_IMU,,,,,,,,,0,0,-1084,14,16,3,,,,,
1790035444.3452983,ATTITUDE,,,,,,,,,,,,,,,0.0005386549746617675,0.0007003334467299283,0.7897017598152161,,
1790035444.345931,RAW_IMU,,,,,,,,,0,0,-1089,17,18,3,,,,,
1790035444.363477,ATTITUDE,,,,,,,,,,,,,,,0.0007660759729333222,0.0010189310414716601,0.7896981835365295,,
1790035444.3639812,RAW_IMU,,,,,,,,,0,0,-1093,15,19,3,,,,,
1790035444.3813238,ATTITUDE,,,,,,,,,,,,,,,0.0009935189737007022,0.0013213743222877383,0.7896960377693176,,
1790035444.3817708,RAW_IMU,,,,,,,,,0,0,-1098,14,18,3,,,,,
1790035444.404391,ATTITUDE,,,,,,,,,,,,,,,0.0012912224046885967,0.0015739286318421364,0.7896969318389893,,
1790035444.4049852,RAW_IMU,,,,,,,,,0,0,-1100,17,16,3,,,,,
1790035444.4162438,GLOBAL_POSITION_INT,-35.3629999,149.1655581,584.8,0.991,0.01,0.0,-1.35,45.24,,,,,,,,,,,
1790035444.4163918,GPS_RAW_INT,,,,,,,,,,,,,,,,,,6,10
1790035444.4219024,ATTITUDE,,,,,,,,,,,,,,,0.0015790333272889256,0.001813553855754435,0.7896970510482788,,
1790035444.4221911,RAW_IMU,,,,,,,,,0,0,-1103,17,15,3,,,,,
1790035444.4451835,ATTITUDE,,,,,,,,,,,,,,,0.0018213553121313453,0.002052530413493514,0.789699137210846,,
1790035444.4455864,RAW_IMU,,,,,,,,,0,0,-1104,15,15,3,,,,,
1790035444.4633381,ATTITUDE,,,,,,,,,,,,,,,0.0020272007677704096,0.0022881559561938047,0.7896967530250549,,
1790035444.464198,RAW_IMU,,,,,,,,,0,0,-1104,13,15,3,,,,,
1790035444.4813426,ATTITUDE,,,,,,,,,,,,,,,0.0022203826811164618,0.0025106286630034447,0.7896949648857117,,
1790035444.4817307,RAW_IMU,,,,,,,,,0,0,-1104,12,14,3,,,,,
1790035444.5043888,ATTITUDE,,,,,,,,,,,,,,,0.0024030664935708046,0.002721494995057583,0.7896956205368042,,
1790035444.5050173,RAW_IMU,,,,,,,,,0,0,-1105,12,13,3,,,,,
1790035444.516231,GLOBAL_POSITION_INT,-35.3629999,149.1655581,584.94,1.134,0.01,0.0,-1.45,45.24,,,,,,,,,,,
1790035444.5164142,GPS_RAW_INT,,,,,,,,,,,,,,,,,,6,10
1790035444.521958,ATTITUDE,,,,,,,,,,,,,,,0.002576579572632909,0.002922673709690571,0.7896980047225952,,
1790035444.522382,RAW_IMU,,,,,,,,,0,0,-1104,12,13,3,,,,,
1790035444.545166,ATTITUDE,,,,,,,,,,,,,,,0.002742438344284892,0.003114323830232024,0.7897017002105713,,
1790035444.5459166,RAW_IMU,,,,,,,,,0,0,-1103,11,12,3,,,,,
1790035444.5631611,ATTITUDE,,,,,,,,,,,,,,,0.002900277730077505,0.0032968248706310987,0.7896988391876221,,
1790035444.5635865,RAW_IMU,,,,,,,,,0,0,-1101,11,12,3,,,,,
1790035444.5858588,ATTITUDE,,,,,,,,,,,,,,,0.0030853189527988434,0.0034495501313358545,0.7896976470947266,,
1790035444.5862246,RAW_IMU,,,,,,,,,0,0,-1101,12,11,3,,,,,
1790035444.6036952,ATTITUDE,,,,,,,,,,,,,,,0.003283723723143339,0.0035781818442046642,0.789699375629425,,
1790035444.6043792,RAW_IMU,,,,,,,,,0,0,-1101,13,9,3,,,,,
1790035444.620872,GLOBAL_POSITION_INT,-35.3629998,149.1655581,585.09,1.288,0.0,0.0,-1.55,45.24,,,,,,,,,,,
1790035444.6214573,GPS_RAW_INT,,,,,,,,,,,,,,,,,,6,10
1790035444.622033,ATTITUDE,,,,,,,,,,,,,,,0.0034595609176903963,0.003715681144967675,0.7897025346755981,,
1790035444.6222475,RAW_IMU,,,,,,,,,0,0,-1100,12,9,3,,,,,
1790035444.6444006,ATTITUDE,,,,,,,,,,,,,,,0.0036042381543666124,0.0038704087492078543,0.7897083759307861,,
1790035444.6450255,RAW_IMU,,,,,,,,,0,0,-1100,10,11,3,,,,,
1790035444.6622612,ATTITUDE,,,,,,,,,,,,,,,0.0037617022171616554,0.003986237570643425,0.7897067666053772,,
1790035444.662735,RAW_IMU,,,,,,,,,0,0,-1100,10,9,3,,,,,
1790035444.6851017,ATTITUDE,,,,,,,,,,,,,,,0.003924903925508261,0.004066400229930878,0.7897065281867981,,
1790035444.6855237,RAW_IMU,,,,,,,,,0,0,-1099,11,7,3,,,,,
1790035444.7027721,ATTITUDE,,,,,,,,,,,,,,,0.004014407284557819,0.004189270082861185,0.7897089719772339,,
1790035444.703086,RAW_IMU,,,,,,,,,0,0,-1100,8,9,3,,,,,
1790035444.7221825,GLOBAL_POSITION_INT,-35.3629998,149.1655581,585.26,1.452,0.0,0.0,-1.65,45.24,,,,,,,,,,,
1790035444.722678,GPS_RAW_INT,,,,,,,,,,,,,,,,,,6,10
1790035444.7257328,ATTITUDE,,,,,,,,,,,,,,,0.004108756314963102,0.004297194071114063,0.7897118926048279,,
1790035444.7262268,RAW_IMU,,,,,,,,,0,0,-1099,7,9,3,,,,,
1790035444.7436395,ATTITUDE,,,,,,,,,,,,,,,0.004254467319697142,0.0043438756838440895,0.7897160649299622,,
1790035444.7441003,RAW_IMU,,,,,,,,,0,0,-1100,10,5,3,,,,,
1790035444.761403,ATTITUDE,,,,,,,,,,,,,,,0.00434015691280365,0.004454131703823805,0.7897157669067383,,
1790035444.7619514,RAW_IMU,,,,,,,,,0,0,-1100,8,8,3,,,,,
1790035444.784356,ATTITUDE,,,,,,,,,,,,,,,0.004391766618937254,0.004584406036883593,0.7897165417671204,,
1790035444.7847195,RAW_IMU,,,,,,,,,0,0,-1100,5,10,3,,,,,
1790035444.8018935,ATTITUDE,,,,,,,,,,,,,,,0.004525099880993366,0.004628335125744343,0.7897178530693054,,
1790035444.8024118,RAW_IMU,,,,,,,,,0,0,-1101,9,5,3,,,,,
1790035444.819357,GLOBAL_POSITION_INT,-35.3629998,149.1655581,585.43,1.625,0.0,0.0,-1.75,45.24,,,,,,,,,,,
1790035444.8197198,GPS_RAW_INT,,,,,,,,,,,,,,,,,,6,10
1790035444.8250108,ATTITUDE,,,,,,,,,,,,,,,0.004634536802768707,0.004671430215239525,0.7897202372550964,,
1790035444.8254678,RAW_IMU,,,,,,,,,0,0,-1101,9,5,3,,,,,
1790035444.8427346,ATTITUDE,,,,,,,,,,,,,,,0.004722680430859327,0.004791866987943649,0.7897228598594666,,
1790035444.8431485,RAW_IMU,,,,,,,,,0,0,-1102,7,8,3,,,,,
1790035444.8659258,ATTITUDE,,,,,,,,,,,,,,,0.004804409109055996,0.004892379976809025,0.7897189855575562,,
1790035444.8667235,RAW_IMU,,,,,,,,,0,0,-1102,7,8,3,,,,,
1790035444.8834703,ATTITUDE,,,,,,,,,,,,,,,0.004861294757574797,0.004922511056065559,0.7897164225578308,,
1790035444.8838735,RAW_IMU,,,,,,,,,0,0,-1103,6,4,3,,,,,
1790035444.9010568,ATTITUDE,,,,,,,,,,,,,,,0.004911184776574373,0.004993334412574768,0.7897171378135681,,
1790035444.90141,RAW_IMU,,,,,,,,,0,0,-1103,5,6,3,,,,,
1790035444.918529,GLOBAL_POSITION_INT,-35.3629997,149.1655581,585.61,1.808,0.0,0.0,-1.85,45.24,,,,,,,,,,,
1790035444.9187014,GPS_RAW_INT,,,,,,,,,,,,,,,,,,6,10
1790035444.9242473,ATTITUDE,,,,,,,,,,,,,,,0.004959188401699066,0.005012901965528727,0.7897169589996338,,
1790035444.9246469,RAW_IMU,,,,,,,,,0,0,-1104,5,4,3,,,,,
1790035444.9418118,ATTITUDE,,,,,,,,,,,,,,,0.005004790611565113,0.0050024655647575855,0.7897168397903442,,
1790035444.9422443,RAW_IMU,,,,,,,,,0,0,-1105,5,2,3,,,,,
1790035444.9652352,ATTITUDE,,,,,,,,,,,,,,,0.005049555096775293,0.0049975160509347916,0.7897132039070129,,
1790035444.9660041,RAW_IMU,,,,,,,,,0,0,-1104,5,3,3,,,,,
1790035444.9825864,ATTITUDE,,,,,,,,,,,,,,,0.005091436207294464,0.005069177597761154,0.7897093892097473,,
1790035444.9832606,RAW_IMU,,,,,,,,,0,0,-1106,5,6,3,,,,,
1790035445.0057428,ATTITUDE,,,,,,,,,,,,,,,0.005131966434419155,0.0050965906120836735,0.789708137512207,,
1790035445.0061436,RAW_IMU,,,,,,,,,0,0,-1106,5,5,3,,,,,
1790035445.017691,GLOBAL_POSITION_INT,-35.3629997,149.1655581,585.81,2.001,0.0,0.0,-1.95,45.24,,,,,,,,,,,
1790035445.0179968,GPS_RAW_INT,,,,,,,,,,,,,,,,,,6,10
1790035445.023384,ATTITUDE,,,,,,,,,,,,,,,0.0051717679016292095,0.005121744237840176,0.7897089719772339,,
1790035445.023831,RAW_IMU,,,,,,,,,0,0,-1105,5,4,3,,,,,
1790035445.041069,ATTITUDE,,,,,,,,,,,,,,,0.005217400845140219,0.005172504112124443,0.7897092700004578,,
1790035445.0417469,RAW_IMU,,,,,,,,,0,0,-1106,5,5,3,,,,,
1790035445.0643263,ATTITUDE,,,,,,,,,,,,,,,0.005273643881082535,0.005252533126622438,0.7897070646286011,,
1790035445.0649805,RAW_IMU,,,,,,,,,0,0,-1107,6,7,3,,,,,
1790035445.0818796,ATTITUDE,,,,,,,,,,,,,,,0.005320895463228226,0.00532425194978714,0.7897061109542847,,
1790035445.082589,RAW_IMU,,,,,,,,,0,0,-1106,5,7,3,,,,,
1790035445.105727,ATTITUDE,,,,,,,,,,,,,,,0.005364760756492615,0.005387200508266687,0.789707601070404,,
1790035445.1062055,RAW_IMU,,,,,,,,,0,0,-1105,5,6,3,,,,,
1790035445.1175435,GLOBAL_POSITION_INT,-35.3629997,149.1655581,586.01,2.204,0.0,0.0,-2.06,45.24,,,,,,,,,,,
1790035445.1181443,GPS_RAW_INT,,,,,,,,,,,,,,,,,,6,10
1790035445.1232057,ATTITUDE,,,,,,,,,,,,,,,0.005341682117432356,0.005371526814997196,0.7897089719772339,,
1790035445.1237035,RAW_IMU,,,,,,,,,0,0,-1107,2,2,3,,,,,
1790035445.1409974,ATTITUDE,,,,,,,,,,,,,,,0.005309705622494221,0.00538049079477787,0.7897127270698547,,
1790035445.1424172,RAW_IMU,,,,,,,,,0,0,-1107,1,3,3,,,,,
1790035445.164227,ATTITUDE,,,,,,,,,,,,,,,0.0052792988717556,0.005388564895838499,0.7897101640701294,,
1790035445.1647282,RAW_IMU,,,,,,,,,0,0,-1106,1,3,3,,,,,
1790035445.181799,ATTITUDE,,,,,,,,,,,,,,,0.005268596112728119,0.005393856670707464,0.7897091507911682,,
1790035445.18244,RAW_IMU,,,,,,,,,0,0,-1106,2,3,3,,,,,
1790035445.205025,ATTITUDE,,,,,,,,,,,,,,,0.005300625693053007,0.00538316136226058,0.7897109389305115,,
1790035445.2055213,RAW_IMU,,,,,,,,,0,0,-1107,4,2,3,,,,,
1790035445.2168546,GLOBAL_POSITION_INT,-35.3629997,149.1655581,586.22,2.419,-0.01,0.0,-2.16,45.24,,,,,,,,,,,
1790035445.217222,GPS_RAW_INT,,,,,,,,,,,,,,,,,,6,10
1790035445.222451,ATTITUDE,,,,,,,,,,,,,,,0.005330884363502264,0.005374693777412176,0.7897148132324219,,
1790035445.2226355,RAW_IMU,,,,,,,,,0,0,-1107,4,2,3,,,,,
1790035445.2457798,ATTITUDE,,,,,,,,,,,,,,,0.005360905081033707,0.0053677926771342754,0.7897186875343323,,
1790035445.246236,RAW_IMU,,,,,,,,,0,0,-1105,4,2,3,,,,,
1790035445.264316,ATTITUDE,,,,,,,,,,,,,,,0.005334704183042049,0.005343785975128412,0.7897185683250427,,
1790035445.2650263,RAW_IMU,,,,,,,,,0,0,-1106,2,2,3,,,,,
1790035445.2824519,ATTITUDE,,,,,,,,,,,,,,,0.0052770874463021755,0.005296563263982534,0.7897195219993591,,
1790035445.28334,RAW_IMU,,,,,,,,,0,0,-1107,0,1,3,,,,,
1790035445.305987,ATTITUDE,,,,,,,,,,,,,,,0.0052294302731752396,0.00525169912725687,0.7897213697433472,,
1790035445.3067555,RAW_IMU,,,,,,,,,0,0,-1106,1,1,3,,,,,
1790035445.3182924,GLOBAL_POSITION_INT,-35.3629997,149.1655581,586.45,2.643,-0.01,0.0,-2.26,45.24,,,,,,,,,,,
1790035445.3189867,GPS_RAW_INT,,,,,,,,,,,,,,,,,,6,10
1790035445.3244593,ATTITUDE,,,,,,,,,,,,,,,0.005185593385249376,0.005210516974329948,0.7897260189056396,,
1790035445.3257596,RAW_IMU,,,,,,,,,0,0,-1105,1,1,3,,,,,
1790035445.3421786,ATTITUDE,,,,,,,,,,,,,,,0.005142549518495798,0.005191587843000889,0.7897291779518127,,
1790035445.3435686,RAW_IMU,,,,,,,,,0,0,-1104,1,2,3,,,,,
1790035445.365251,ATTITUDE,,,,,,,,,,,,,,,0.005102402064949274,0.005116675514727831,0.7897233963012695,,
1790035445.3658738,RAW_IMU,,,,,,,,,0,0,-1103,1,0,3,,,,,
1790035445.3825383,ATTITUDE,,,,,,,,,,,,,,,0.00506616709753871,0.005103000905364752,0.7897209525108337,,
1790035445.3830612,RAW_IMU,,,,,,,,,0,0,-1099,1,2,3,,,,,
1790035445.4056518,ATTITUDE,,,,,,,,,,,,,,,0.00503115076571703,0.005062471143901348,0.7897193431854248,,
1790035445.4063125,RAW_IMU,,,,,,,,,0,0,-1094,1,1,3,,,,,
1790035445.4175503,GLOBAL_POSITION_INT,-35.3629997,149.1655581,586.68,2.878,-0.02,0.0,-2.36,45.24,,,,,,,,,,,
1790035445.4178352,GPS_RAW_INT,,,,,,,,,,,,,,,,,,6,10
1790035445.4231765,ATTITUDE,,,,,,,,,,,,,,,0.004987743217498064,0.0050397296436131,0.7897183895111084,,
1790035445.423713,RAW_IMU,,,,,,,,,0,0,-1089,1,1,3,,,,,
1790035445.4422836,ATTITUDE,,,,,,,,,,,,,,,0.004951416049152613,0.005018094554543495,0.7717732191085815,,
1790035445.4426484,RAW_IMU,,,,,,,,,0,0,-1083,1,2,3,,,,,
1790035445.4640656,ATTITUDE,,,,,,,,,,,,,,,0.004896036349236965,0.0049794637598097324,0.7717764973640442,,
1790035445.4647226,RAW_IMU,,,,,,,,,0,0,-1079,0,1,3,,,,,
1790035445.4814708,ATTITUDE,,,,,,,,,,,,,,,0.004849713295698166,0.004955830052495003,0.7717810869216919,,
1790035445.481944,RAW_IMU,,,,,,,,,0,0,-1074,0,1,3,,,,,
1790035445.5001254,ATTITUDE,,,,,,,,,,,,,,,0.004793350584805012,0.004928512033075094,0.7717874646186829,,
1790035445.5006495,RAW_IMU,,,,,,,,,0,0,-1069,0,1,3,,,,,
1790035445.5175052,GLOBAL_POSITION_INT,-35.3629997,149.1655581,586.92,3.117,-0.02,0.0,-2.43,44.22,,,,,,,,,,,
1790035445.5180717,GPS_RAW_INT,,,,,,,,,,,,,,,,,,6,10
1790035445.5230753,ATTITUDE,,,,,,,,,,,,,,,0.004740478470921516,0.0048919240944087505,0.7717944979667664,,
1790035445.5238075,RAW_IMU,,,,,,,,,0,0,-1064,0,1,3,,,,,
1790035445.5408785,ATTITUDE,,,,,,,,,,,,,,,0.004691275767982006,0.004858446307480335,0.7718023061752319,,
1790035445.5415373,RAW_IMU,,,,,,,,,0,0,-1060,0,1,3,,,,,
1790035445.5639253,ATTITUDE,,,,,,,,,,,,,,,0.0046471054665744305,0.004822882823646069,0.7722368836402893,,
1790035445.5646658,RAW_IMU,,,,,,,,,0,0,-1056,0,1,3,,,,,
1790035445.5816069,ATTITUDE,,,,,,,,,,,,,,,0.004605140071362257,0.004805673845112324,0.7726749777793884,,
1790035445.5820563,RAW_IMU,,,,,,,,,0,0,-1052,0,2,3,,,,,
1790035445.599345,ATTITUDE,,,,,,,,,,,,,,,0.004565926734358072,0.00477865245193243,0.7731125354766846,,
1790035445.5997028,RAW_IMU,,,,,,,,,0,0,-1048,1,1,3,,,,,
1790035445.6166725,GLOBAL_POSITION_INT,-35.3629997,149.1655581,587.17,3.366,-0.02,0.0,-2.48,44.31,,,,,,,,,,,
1790035445.6170418,GPS_RAW_INT,,,,,,,,,,,,,,,,,,6,10
1790035445.6223826,ATTITUDE,,,,,,,,,,,,,,,0.004530200269073248,0.004748671315610409,0.7735480666160583,,
1790035445.6229153,RAW_IMU,,,,,,,,,0,0,-1044,1,1,2,,,,,
1790035445.6400805,ATTITUDE,,,,,,,,,,,,,,,0.004497383255511522,0.0047211372293531895,0.7739788889884949,,
1790035445.641481,RAW_IMU,,,,,,,,,0,0,-1040,1,1,2,,,,,
1790035445.6632884,ATTITUDE,,,,,,,,,,,,,,,0.004456688649952412,0.004695143084973097,0.7742688655853271,,
1790035445.663718,RAW_IMU,,,,,,,,,0,0,-1037,1,1,2,,,,,
1790035445.6808548,ATTITUDE,,,,,,,,,,,,,,,0.004408386070281267,0.00467017712071538,0.7745117545127869,,
1790035445.6813555,RAW_IMU,,,,,,,,,0,0,-1034,0,2,2,,,,,
1790035445.703966,ATTITUDE,,,,,,,,,,,,,,,0.004351230803877115,0.004629381000995636,0.7747002840042114,,
1790035445.7044675,RAW_IMU,,,,,,,,,0,0,-1030,0,1,1,,,,,
1790035445.7176409,GLOBAL_POSITION_INT,-35.3629997,149.1655581,587.42,3.618,-0.03,0.0,-2.51,44.39,,,,,,,,,,,
1790035445.7179794,GPS_RAW_INT,,,,,,,,,,,,,,,,,,6,10
1790035445.7215178,ATTITUDE,,,,,,,,,,,,,,,0.004289201460778713,0.0046038092114031315,0.7748329043388367,,
1790035445.7220647,RAW_IMU,,,,,,,,,0,0,-1027,0,1,0,,,,,
1790035445.7393842,ATTITUDE,,,,,,,,,,,,,,,0.004230624996125698,0.004570432472974062,0.7749125361442566,,
1790035445.7397768,RAW_IMU,,,,,,,,,0,0,-1024,0,1,0,,,,,
1790035445.7625086,ATTITUDE,,,,,,,,,,,,,,,0.004174818284809589,0.004518022760748863,0.7748904824256897,,
1790035445.7628665,RAW_IMU,,,,,,,,,0,0,-1022,0,0,0,,,,,
1790035445.7800758,ATTITUDE,,,,,,,,,,,,,,,0.0041229031048715115,0.004519182723015547,0.7748283743858337,,
1790035445.7804394,RAW_IMU,,,,,,,,,0,0,-1019,0,2,-1,,,,,
1790035445.8030605,ATTITUDE,,,,,,,,,,,,,,,0.004072918556630611,0.004478764720261097,0.7747277021408081,,
1790035445.8034396,RAW_IMU,,,,,,,,,0,0,-1016,0,1,-1,,,,,
1790035445.8149724,GLOBAL_POSITION_INT,-35.3629997,149.1655581,587.68,3.874,-0.03,0.0,-2.53,44.38,,,,,,,,,,,
1790035445.815503,GPS_RAW_INT,,,,,,,,,,,,,,,,,,6,10
1790035445.8207247,ATTITUDE,,,,,,,,,,,,,,,0.004019901622086763,0.004424279555678368,0.7745944261550903,,
1790035445.82128,RAW_IMU,,,,,,,,,0,0,-1015,0,0,-2,,,,,
1790035445.8437881,ATTITUDE,,,,,,,,,,,,,,,0.00395664107054472,0.00441729323938489,0.7744342088699341,,
1790035445.8442588,RAW_IMU,,,,,,,,,0,0,-1012,0,2,-3,,,,,
1790035445.8616788,ATTITUDE,,,,,,,,,,,,,,,0.0038978876546025276,0.004336628131568432,0.7742305994033813,,
1790035445.8620963,RAW_IMU,,,,,,,,,0,0,-1010,0,0,-3,,,,,
1790035445.8792996,ATTITUDE,,,,,,,,,,,,,,,0.003841628087684512,0.0042829387821257114,0.7740176320075989,,
1790035445.8797307,RAW_IMU,,,,,,,,,0,0,-1008,0,0,-3,,,,,
1790035445.9025657,ATTITUDE,,,,,,,,,,,,,,,0.003768084803596139,0.004278302192687988,0.7737998366355896,,
1790035445.9030628,RAW_IMU,,,,,,,,,0,0,-1006,0,3,-4,,,,,
1790035445.9143035,GLOBAL_POSITION_INT,-35.3629997,149.1655581,587.94,4.13,-0.03,0.0,-2.54,44.32,,,,,,,,,,,
1790035445.914694,GPS_RAW_INT,,,,,,,,,,,,,,,,,,6,10
1790035445.9200187,ATTITUDE,,,,,,,,,,,,,,,0.003680804278701544,0.004197198431938887,0.7735786437988281,,
1790035445.9204133,RAW_IMU,,,,,,,,,0,0,-1004,-1,0,-4,,,,,
1790035445.9431665,ATTITUDE,,,,,,,,,,,,,,,0.0035992981866002083,0.0041292207315564156,0.7733587622642517,,
1790035445.9435859,RAW_IMU,,,,,,,,,0,0,-1003,0,0,-4,,,,,
1790035445.9609582,ATTITUDE,,,,,,,,,,,,,,,0.003567227628082037,0.004123029764741659,0.7731325030326843,,
1790035445.9614964,RAW_IMU,,,,,,,,,0,0,-1001,1,2,-4,,,,,
1790035445.9838672,ATTITUDE,,,,,,,,,,,,,,,0.0035467990674078465,0.004072938580065966,0.7729145884513855,,
1790035445.9849057,RAW_IMU,,,,,,,,,0,0,-1000,2,1,-4,,,,,
1790035446.0017204,ATTITUDE,,,,,,,,,,,,,,,0.0035274194087833166,0.003975711762905121,0.7727093696594238,,
1790035446.0023663,RAW_IMU,,,,,,,,,0,0,-999,2,-1,-4,,,,,
1790035446.0189757,GLOBAL_POSITION_INT,-35.3629997,149.1655581,588.19,4.387,-0.03,0.0,-2.54,44.26,,,,,,,,,,,
1790035446.0196044,GPS_RAW_INT,,,,,,,,,,,,,,,,,,6,10
1790035446.0203955,ATTITUDE,,,,,,,,,,,,,,,0.00349971535615623,0.0039247735403478146,0.7725209593772888,,
1790035446.0210834,RAW_IMU,,,,,,,,,0,0,-998,2,0,-3,,,,,
1790035446.0424297,ATTITUDE,,,,,,,,,,,,,,,0.003428639844059944,0.00389964715577662,0.772345781326294,,
1790035446.0432067,RAW_IMU,,,,,,,,,0,0,-996,0,2,-3,,,,,
1790035446.0603414,ATTITUDE,,,,,,,,,,,,,,,0.0033623501658439636,0.003867953550070524,0.7721726298332214,,
1790035446.0610678,RAW_IMU,,,,,,,,,0,0,-996,0,1,-3,,,,,
1790035446.0835507,ATTITUDE,,,,,,,,,,,,,,,0.003297818824648857,0.003803376806899905,0.7720186114311218,,
1790035446.084244,RAW_IMU,,,,,,,,,0,0,-994,0,0,-2,,,,,
1790035446.1008945,ATTITUDE,,,,,,,,,,,,,,,0.0032357817981392145,0.0037354330997914076,0.7718861699104309,,
1790035446.1011884,RAW_IMU,,,,,,,,,0,0,-994,0,0,-2,,,,,
1790035446.1182091,GLOBAL_POSITION_INT,-35.3629997,149.1655581,588.45,4.644,-0.03,0.0,-2.53,44.22,,,,,,,,,,,
1790035446.1189861,GPS_RAW_INT,,,,,,,,,,,,,,,,,,6,10
1790035446.1238494,ATTITUDE,,,,,,,,,,,,,,,0.0032095552887767553,0.0036729907151311636,0.7717716693878174,,
1790035446.12446,RAW_IMU,,,,,,,,,0,0,-993,2,0,-1,,,,,
1790035446.141704,ATTITUDE,,,,,,,,,,,,,,,0.0031340857967734337,0.0036462380085140467,0.7716716527938843,,
1790035446.1423213,RAW_IMU,,,,,,,,,0,0,-992,0,1,-1,,,,,
1790035446.1595564,ATTITUDE,,,,,,,,,,,,,,,0.003062526462599635,0.003627210855484009,0.7715794444084167,,
1790035446.160429,RAW_IMU,,,,,,,,,0,0,-991,0,2,0,,,,,
1790035446.1822498,ATTITUDE,,,,,,,,,,,,,,,0.0029953245539218187,0.003608033759519458,0.7715030312538147,,
1790035446.1829069,RAW_IMU,,,,,,,,,0,0,-991,0,2,0,,,,,
1790035446.1997333,ATTITUDE,,,,,,,,,,,,,,,0.002932029077783227,0.003590373555198312,0.7714421153068542,,
1790035446.2001612,RAW_IMU,,,,,,,,,0,0,-991,0,2,0,,,,,
1790035446.2172878,GLOBAL_POSITION_INT,-35.3629997,149.1655581,588.7,4.899,-0.03,0.0,-2.52,44.19,,,,,,,,,,,
1790035446.2175007,GPS_RAW_INT,,,,,,,,,,,,,,,,,,6,10
1790035446.2228868,ATTITUDE,,,,,,,,,,,,,,,0.002918320009484887,0.0035701761953532696,0.7713920474052429,,
1790035446.2236538,RAW_IMU,,,,,,,,,0,0,-991,2,2,0,,,,,
1790035446.240608,ATTITUDE,,,,,,,,,,,,,,,0.002858139807358384,0.0035270315129309893,0.7713544964790344,,
1790035446.2411702,RAW_IMU,,,,,,,,,0,0,-990,0,1,1,,,,,
1790035446.2636635,ATTITUDE,,,,,,,,,,,,,,,0.002860153093934059,0.003516311291605234,0.7713214159011841,,
1790035446.2643135,RAW_IMU,,,,,,,,,0,0,-989,2,2,1,,,,,
1790035446.2814677,ATTITUDE,,,,,,,,,,,,,,,0.002858027582988143,0.0034476551227271557,0.7713005542755127,,
1790035446.2819517,RAW_IMU,,,,,,,,,0,0,-989,3,0,1,,,,,
1790035446.299072,ATTITUDE,,,,,,,,,,,,,,,0.0028554517775774,0.0033814297057688236,0.7712917327880859,,
1790035446.2995563,RAW_IMU,,,,,,,,,0,0,-989,3,0,2,,,,,
1790035446.316342,GLOBAL_POSITION_INT,-35.3629997,149.1655581,588.96,5.154,-0.03,0.0,-2.51,44.19,,,,,,,,,,,
1790035446.3168826,GPS_RAW_INT,,,,,,,,,,,,,,,,,,6,10
1790035446.3221095,ATTITUDE,,,,,,,,,,,,,,,0.0028542526997625828,0.0033193870913237333,0.7712924480438232,,
1790035446.3226695,RAW_IMU,,,,,,,,,0,0,-989,3,0,2,,,,,
1790035446.3398948,ATTITUDE,,,,,,,,,,,,,,,0.0028537188190966845,0.0032607708126306534,0.7713025212287903,,
1790035446.3405416,RAW_IMU,,,,,,,,,0,0,-989,3,0,3,,,,,
1790035446.363338,ATTITUDE,,,,,,,,,,,,,,,0.002851863158866763,0.0031988106202334166,0.7713185548782349,,
1790035446.3639953,RAW_IMU,,,,,,,,,0,0,-989,3,0,3,,,,,
1790035446.3817165,ATTITUDE,,,,,,,,,,,,,,,0.0028499888721853495,0.003145401133224368,0.77134108543396,,
1790035446.3828485,RAW_IMU,,,,,,,,,0,0,-989,3,0,4,,,,,
1790035446.406595,ATTITUDE,,,,,,,,,,,,,,,0.002850164892151952,0.0030964643228799105,0.7713717818260193,,
1790035446.4077802,RAW_IMU,,,,,,,,,0,0,-989,3,0,4,,,,,
1790035446.4205124,GLOBAL_POSITION_INT,-35.3629997,149.1655581,589.22,5.414,-0.03,0.0,-2.5,44.19,,,,,,,,,,,
1790035446.421813,GPS_RAW_INT,,,,,,,,,,,,,,,,,,6,10
1790035446.4265912,ATTITUDE,,,,,,,,,,,,,,,0.0028620047960430384,0.003050051163882017,0.771408200263977,,
1790035446.4278946,RAW_IMU,,,,,,,,,0,0,-989,3,0,4,,,,,
1790035446.4465775,ATTITUDE,,,,,,,,,,,,,,,0.0028378756251186132,0.0030074494425207376,0.7714452743530273,,
1790035446.4473257,RAW_IMU,,,,,,,,,0,0,-989,2,1,4,,,,,
1790035446.465914,ATTITUDE,,,,,,,,,,,,,,,0.002858396852388978,0.002967482665553689,0.7714796662330627,,
1790035446.466504,RAW_IMU,,,,,,,,,0,0,-989,3,1,4,,,,,
1790035446.4838133,ATTITUDE,,,,,,,,,,,,,,,0.002811118494719267,0.0029254464898258448,0.7715215086936951,,
1790035446.484203,RAW_IMU,,,,,,,,,0,0,-989,1,1,4,,,,,
1790035446.5013041,ATTITUDE,,,,,,,,,,,,,,,0.002818311331793666,0.0028856415301561356,0.7715664505958557,,
1790035446.5016901,RAW_IMU,,,,,,,,,0,0,-989,3,1,4,,,,,
1790035446.5188646,GLOBAL_POSITION_INT,-35.3629997,149.1655581,589.47,5.667,-0.03,0.0,-2.49,44.2,,,,,,,,,,,
1790035446.5190704,GPS_RAW_INT,,,,,,,,,,,,,,,,,,6,10
1790035446.5246303,ATTITUDE,,,,,,,,,,,,,,,0.002775223460048437,0.0028672441840171814,0.7716118097305298,,
1790035446.5248961,RAW_IMU,,,,,,,,,0,0,-989,1,2,4,,,,,
1790035446.5424135,ATTITUDE,,,,,,,,,,,,,,,0.002792324172332883,0.002848137402907014,0.7716571092605591,,
1790035446.543255,RAW_IMU,,,,,,,,,0,0,-990,3,2,4,,,,,
1790035446.5654984,ATTITUDE,,,,,,,,,,,,,,,0.0027621942572295666,0.0028498535975813866,0.7716964483261108,,
1790035446.565982,RAW_IMU,,,,,,,,,0,0,-990,2,2,4,,,,,
1790035446.5831294,ATTITUDE,,,,,,,,,,,,,,,0.0027792600449174643,0.002851937897503376,0.7717344760894775,,
1790035446.583435,RAW_IMU,,,,,,,,,0,0,-990,3,4,4,,,,,
1790035446.606193,ATTITUDE,,,,,,,,,,,,,,,0.00275018229149282,0.0028550680726766586,0.7717700600624084,,
1790035446.6067662,RAW_IMU,,,,,,,,,0,0,-990,2,3,4,,,,,
1790035446.6180465,GLOBAL_POSITION_INT,-35.3629997,149.1655581,589.72,5.919,-0.03,0.0,-2.48,44.22,,,,,,,,,,,
1790035446.6184285,GPS_RAW_INT,,,,,,,,,,,,,,,,,,6,10
1790035446.6237347,ATTITUDE,,,,,,,,,,,,,,,0.002757835201919079,0.002877703635022044,0.7718024849891663,,
1790035446.6241894,RAW_IMU,,,,,,,,,0,0,-991,2,4,4,,,,,
1790035446.6416028,ATTITUDE,,,,,,,,,,,,,,,0.0027636911254376173,0.002862615277990699,0.7718313932418823,,
1790035446.6421797,RAW_IMU,,,,,,,,,0,0,-991,4,2,4,,,,,
1790035446.6647525,ATTITUDE,,,,,,,,,,,,,,,0.002753894543275237,0.0028488643001765013,0.7718518972396851,,
1790035446.6651607,RAW_IMU,,,,,,,,,0,0,-992,2,2,3,,,,,
1790035446.6821644,ATTITUDE,,,,,,,,,,,,,,,0.0027699002530425787,0.0028306578751653433,0.7718744277954102,,
1790035446.6825569,RAW_IMU,,,,,,,,,0,0,-992,4,2,3,,,,,
1790035446.705277,ATTITUDE,,,,,,,,,,,,,,,0.002721420954912901,0.002813414903357625,0.7718961834907532,,
1790035446.705945,RAW_IMU,,,,,,,,,0,0,-992,1,2,3,,,,,
1790035446.7182853,GLOBAL_POSITION_INT,-35.3629997,149.1655581,589.97,6.169,-0.03,0.0,-2.47,44.22,,,,,,,,,,,
1790035446.7186387,GPS_RAW_INT,,,,,,,,,,,,,,,,,,6,10
1790035446.7229297,ATTITUDE,,,,,,,,,,,,,,,0.0027068224735558033,0.0027973949909210205,0.7719182372093201,,
1790035446.7233708,RAW_IMU,,,,,,,,,0,0,-993,2,2,3,,,,,
1790035446.7460973,ATTITUDE,,,,,,,,,,,,,,,0.0026950868777930737,0.002782797906547785,0.7719391584396362,,
1790035446.7465606,RAW_IMU,,,,,,,,,0,0,-993,2,2,3,,,,,
1790035446.7648058,ATTITUDE,,,,,,,,,,,,,,,0.0026826169341802597,0.002770005725324154,0.7719556093215942,,
1790035446.765114,RAW_IMU,,,,,,,,,0,0,-993,2,2,3,,,,,
1790035446.7814817,ATTITUDE,,,,,,,,,,,,,,,0.0026712429244071245,0.002759387018159032,0.77197265625,,
1790035446.7820077,RAW_IMU,,,,,,,,,0,0,-993,2,2,3,,,,,
1790035446.8046691,ATTITUDE,,,,,,,,,,,,,,,0.0026628002524375916,0.0028036716394126415,0.7719868421554565,,
1790035446.8051345,RAW_IMU,,,,,,,,,0,0,-994,2,5,3,,,,,
1790035446.8164532,GLOBAL_POSITION_INT,-35.3629997,149.1655581,590.22,6.419,-0.03,0.0,-2.47,44.23,,,,,,,,,,,
1790035446.8167849,GPS_RAW_INT,,,,,,,,,,,,,,,,,,6,10
1790035446.8221054,ATTITUDE,,,,,,,,,,,,,,,0.002655531745404005,0.00277459854260087,0.7719987034797668,,
1790035446.8226101,RAW_IMU,,,,,,,,,0,0,-994,2,2,3,,,,,
1790035446.8454,ATTITUDE,,,,,,,,,,,,,,,0.0026489761658012867,0.0028334048110991716,0.7720043659210205,,
1790035446.8458378,RAW_IMU,,,,,,,,,0,0,-994,2,5,3,,,,,
1790035446.863106,ATTITUDE,,,,,,,,,,,,,,,0.002646831562742591,0.0028309484478086233,0.7720032930374146,,
1790035446.8634791,RAW_IMU,,,,,,,,,0,0,-993,3,3,2,,,,,
1790035446.8860872,ATTITUDE,,,,,,,,,,,,,,,0.0026536998338997364,0.002845252398401499,0.7720039486885071,,
1790035446.886629,RAW_IMU,,,,,,,,,0,0,-990,3,3,2,,,,,
1790035446.9037259,ATTITUDE,,,,,,,,,,,,,,,0.0026483815163373947,0.0028441553004086018,0.7720049619674683,,
1790035446.9040854,RAW_IMU,,,,,,,,,0,0,-985,3,3,2,,,,,
1790035446.9210515,GLOBAL_POSITION_INT,-35.3629997,149.1655581,590.47,6.668,-0.03,0.0,-2.46,44.23,,,,,,,,,,,
1790035446.9213686,GPS_RAW_INT,,,,,,,,,,,,,,,,,,6,10
1790035446.922022,ATTITUDE,,,,,,,,,,,,,,,0.002637614496052265,0.0028446782380342484,0.7720054388046265,,
1790035446.9227223,RAW_IMU,,,,,,,,,0,0,-980,2,3,2,,,,,
1790035446.9444792,ATTITUDE,,,,,,,,,,,,,,,0.002640601247549057,0.0028628946747630835,0.7720048427581787,,
1790035446.9450562,RAW_IMU,,,,,,,,,0,0,-975,3,4,2,,,,,
1790035446.9624548,ATTITUDE,,,,,,,,,,,,,,,0.0026496818754822016,0.0028812894597649574,0.7719998955726624,,
1790035446.9627411,RAW_IMU,,,,,,,,,0,0,-970,3,4,2,,,,,
1790035446.9853215,ATTITUDE,,,,,,,,,,,,,,,0.0026729204691946507,0.0029111152980476618,0.7719947695732117,,
1790035446.9861097,RAW_IMU,,,,,,,,,0,0,-966,4,4,2,,,,,
1790035447.0029185,ATTITUDE,,,,,,,,,,,,,,,0.0026986338198184967,0.0029455332551151514,0.7719879150390625,,
1790035447.0033352,RAW_IMU,,,,,,,,,0,0,-962,4,5,2,,,,,
1790035447.020259,GLOBAL_POSITION_INT,-35.3629997,149.1655581,590.72,6.914,-0.03,0.0,-2.42,44.23,,,,,,,,,,,
1790035447.020684,GPS_RAW_INT,,,,,,,,,,,,,,,,,,6,10
1790035447.0259223,ATTITUDE,,,,,,,,,,,,,,,0.0027108618523925543,0.0029684610199183226,0.7719818949699402,,
1790035447.0262353,RAW_IMU,,,,,,,,,0,0,-957,4,4,2,,,,,
1790035447.0435877,ATTITUDE,,,,,,,,,,,,,,,0.002727014711126685,0.0030036193784326315,0.7719748020172119,,
1790035447.0440826,RAW_IMU,,,,,,,,,0,0,-953,4,4,2,,,,,
1790035447.0614777,ATTITUDE,,,,,,,,,,,,,,,0.002739871386438608,0.0030234563164412975,0.7719650864601135,,
1790035447.062383,RAW_IMU,,,,,,,,,0,0,-949,4,4,2,,,,,
1790035447.084635,ATTITUDE,,,,,,,,,,,,,,,0.0027402641717344522,0.003042809432372451,0.7719618082046509,,
1790035447.0850432,RAW_IMU,,,,,,,,,0,0,-945,3,4,2,,,,,
1790035447.1022723,ATTITUDE,,,,,,,,,,,,,,,0.002751908963546157,0.003048497484996915,0.771957516670227,,
1790035447.1026726,RAW_IMU,,,,,,,,,0,0,-941,4,3,2,,,,,
1790035447.1195908,GLOBAL_POSITION_INT,-35.3629997,149.1655581,590.96,7.156,-0.03,0.0,-2.37,44.22,,,,,,,,,,,
1790035447.120093,GPS_RAW_INT,,,,,,,,,,,,,,,,,,6,10
1790035447.1256182,ATTITUDE,,,,,,,,,,,,,,,0.00275734206661582,0.0030550570227205753,0.7719551920890808,,
1790035447.1257918,RAW_IMU,,,,,,,,,0,0,-938,3,3,2,,,,,
1790035447.1444907,ATTITUDE,,,,,,,,,,,,,,,0.0027765838894993067,0.0030738310888409615,0.7719529271125793,,
1790035447.1446574,RAW_IMU,,,,,,,,,0,0,-935,4,4,2,,,,,
1790035447.161426,ATTITUDE,,,,,,,,,,,,,,,0.0027871569618582726,0.003084765048697591,0.7719469666481018,,
1790035447.1621556,RAW_IMU,,,,,,,,,0,0,-931,4,4,2,,,,,
1790035447.1845603,ATTITUDE,,,,,,,,,,,,,,,0.0027972410898655653,0.003107758704572916,0.7719410061836243,,
1790035447.1849813,RAW_IMU,,,,,,,,,0,0,-928,3,4,2,,,,,
1790035447.2021573,ATTITUDE,,,,,,,,,,,,,,,0.0028157876804471016,0.0031312531791627407,0.7719367146492004,,
1790035447.2025862,RAW_IMU,,,,,,,,,0,0,-925,4,4,2,,,,,
1790035447.2206933,GLOBAL_POSITION_INT,-35.3629997,149.1655581,591.2,7.392,-0.03,0.0,-2.3,44.22,,,,,,,,,,,
1790035447.2211406,GPS_RAW_INT,,,,,,,,,,,,,,,,,,6,10
1790035447.2250783,ATTITUDE,,,,,,,,,,,,,,,0.002847778843715787,0.003154020057991147,0.7719323635101318,,
1790035447.2253776,RAW_IMU,,,,,,,,,0,0,-923,4,4,2,,,,,
1790035447.2427251,ATTITUDE,,,,,,,,,,,,,,,0.0028670900501310825,0.003176306141540408,0.771926760673523,,
1790035447.2430146,RAW_IMU,,,,,,,,,0,0,-920,4,4,2,,,,,
1790035447.266069,ATTITUDE,,,,,,,,,,,,,,,0.0028848121874034405,0.003182303858920932,0.7719182968139648,,
1790035447.26656,RAW_IMU,,,,,,,,,0,0,-918,4,3,2,,,,,
1790035447.28352,ATTITUDE,,,,,,,,,,,,,,,0.002896344056352973,0.003197544487193227,0.7719169855117798,,
1790035447.2839334,RAW_IMU,,,,,,,,,0,0,-915,4,4,2,,,,,
1790035447.3028572,ATTITUDE,,,,,,,,,,,,,,,0.00290682096965611,0.003196506528183818,0.7719165682792664,,
1790035447.303548,RAW_IMU,,,,,,,,,0,0,-913,4,3,2,,,,,
1790035447.3186302,GLOBAL_POSITION_INT,-35.3629997,149.1655581,591.43,7.62,-0.02,0.0,-2.22,44.22,,,,,,,,,,,
1790035447.3192418,GPS_RAW_INT,,,,,,,,,,,,,,,,,,6,10
1790035447.3242474,ATTITUDE,,,,,,,,,,,,,,,0.002917494159191847,0.0032109252642840147,0.7719157934188843,,
1790035447.324777,RAW_IMU,,,,,,,,,0,0,-911,4,4,2,,,,,
1790035447.3419154,ATTITUDE,,,,,,,,,,,,,,,0.0029453060124069452,0.003226432716473937,0.7719153165817261,,
1790035447.342584,RAW_IMU,,,,,,,,,0,0,-909,4,4,2,,,,,
1790035447.3654091,ATTITUDE,,,,,,,,,,,,,,,0.002957676537334919,0.0032533889170736074,0.7719125747680664,,
1790035447.3659165,RAW_IMU,,,,,,,,,0,0,-907,4,4,2,,,,,
1790035447.3827662,ATTITUDE,,,,,,,,,,,,,,,0.0029892916791141033,0.003275996306911111,0.7719094753265381,,
1790035447.3830612,RAW_IMU,,,,,,,,,0,0,-905,4,4,2,,,,,
1790035447.4059021,ATTITUDE,,,,,,,,,,,,,,,0.003020202275365591,0.0033031681086868048,0.7719083428382874,,
1790035447.4061882,RAW_IMU,,,,,,,,,0,0,-904,5,4,2,,,,,
1790035447.4177935,GLOBAL_POSITION_INT,-35.3629997,149.1655581,591.64,7.839,-0.02,0.0,-2.12,44.22,,,,,,,,,,,
1790035447.4182365,GPS_RAW_INT,,,,,,,,,,,,,,,,,,6,10
1790035447.4234145,ATTITUDE,,,,,,,,,,,,,,,0.0030325280968099833,0.0033503221347928047,0.7719075679779053,,
1790035447.4237092,RAW_IMU,,,,,,,,,0,0,-902,3,5,2,,,,,
1790035447.441069,ATTITUDE,,,,,,,,,,,,,,,0.003092714585363865,0.0033640232868492603,0.7719066739082336,,
1790035447.4416132,RAW_IMU,,,,,,,,,0,0,-901,6,4,2,,,,,
1790035447.4648285,ATTITUDE,,,,,,,,,,,,,,,0.003098507644608617,0.003413309110328555,0.771902859210968,,
1790035447.4657435,RAW_IMU,,,,,,,,,0,0,-899,3,5,2,,,,,
1790035447.483015,ATTITUDE,,,,,,,,,,,,,,,0.00311996228992939,0.0034432595130056143,0.7719034552574158,,
1790035447.4836009,RAW_IMU,,,,,,,,,0,0,-898,4,5,2,,,,,
1790035447.506082,ATTITUDE,,,,,,,,,,,,,,,0.003185159992426634,0.003412081627175212,0.771904468536377,,
1790035447.5066607,RAW_IMU,,,,,,,,,0,0,-897,6,2,2,,,,,
1790035447.5179682,GLOBAL_POSITION_INT,-35.3629997,149.1655581,591.85,8.049,-0.02,0.0,-2.02,44.22,,,,,,,,,,,
1790035447.5183794,GPS_RAW_INT,,,,,,,,,,,,,,,,,,6,10
1790035447.523575,ATTITUDE,,,,,,,,,,,,,,,0.00317387911491096,0.003452469129115343,0.7719053626060486,,
1790035447.5242827,RAW_IMU,,,,,,,,,0,0,-895,3,5,2,,,,,
1790035447.5468044,ATTITUDE,,,,,,,,,,,,,,,0.0031815359834581614,0.0034898240119218826,0.7719082832336426,,
1790035447.5476754,RAW_IMU,,,,,,,,,0,0,-895,3,5,2,,,,,
1790035447.564325,ATTITUDE,,,,,,,,,,,,,,,0.0032509288284927607,0.0034639344085007906,0.7719070315361023,,
1790035447.564811,RAW_IMU,,,,,,,,,0,0,-894,6,2,2,,,,,
1790035447.5818295,ATTITUDE,,,,,,,,,,,,,,,0.003282521851360798,0.003472286742180586,0.7719066143035889,,
1790035447.58223,RAW_IMU,,,,,,,,,0,0,-893,5,3,2,,,,,
1790035447.5995045,ATTITUDE,,,,,,,,,,,,,,,0.003277389332652092,0.0035407966934144497,0.7719069123268127,,
1790035447.5999293,RAW_IMU,,,,,,,,,0,0,-892,3,6,2,,,,,
1790035447.6169012,GLOBAL_POSITION_INT,-35.3629997,149.1655581,592.05,8.245,-0.02,0.0,-1.92,44.22,,,,,,,,,,,
1790035447.6173532,GPS_RAW_INT,,,,,,,,,,,,,,,,,,6,10
1790035447.622528,ATTITUDE,,,,,,,,,,,,,,,0.003295815084129572,0.0035809797700494528,0.7719070911407471,,
1790035447.6230807,RAW_IMU,,,,,,,,,0,0,-892,3,5,2,,,,,
1790035447.64028,ATTITUDE,,,,,,,,,,,,,,,0.003350675804540515,0.0035755231510847807,0.7719078660011292,,
1790035447.6409426,RAW_IMU,,,,,,,,,0,0,-891,6,3,2,,,,,
1790035447.6634064,ATTITUDE,,,,,,,,,,,,,,,0.003376373555511236,0.0035822864156216383,0.7719051241874695,,
1790035447.6639097,RAW_IMU,,,,,,,,,0,0,-891,4,3,2,,,,,
1790035447.6810782,ATTITUDE,,,,,,,,,,,,,,,0.0033521864097565413,0.003625940764322877,0.7719084620475769,,
1790035447.6815617,RAW_IMU,,,,,,,,,0,0,-890,2,5,2,,,,,
1790035447.7041306,ATTITUDE,,,,,,,,,,,,,,,0.003356945002451539,0.0036668621469289064,0.77191162109375,,
1790035447.7047358,RAW_IMU,,,,,,,,,0,0,-890,3,5,2,,,,,
1790035447.7176757,GLOBAL_POSITION_INT,-35.3629997,149.1655581,592.24,8.434,-0.02,0.0,-1.81,44.22,,,,,,,,,,,
1790035447.71821,GPS_RAW_INT,,,,,,,,,,,,,,,,,,6,10
1790035447.7219608,ATTITUDE,,,,,,,,,,,,,,,0.003379667643457651,0.003663881914690137,0.771914541721344,,
1790035447.722287,RAW_IMU,,,,,,,,,0,0,-889,4,3,2,,,,,
1790035447.7395577,ATTITUDE,,,,,,,,,,,,,,,0.003392627229914069,0.0036524238530546427,0.7719172835350037,,
1790035447.739949,RAW_IMU,,,,,,,,,0,0,-889,4,2,2,,,,,
1790035447.762642,ATTITUDE,,,,,,,,,,,,,,,0.003425738075748086,0.003667216980829835,0.7719162106513977,,
1790035447.7632372,RAW_IMU,,,,,,,,,0,0,-889,4,3,2,,,,,
1790035447.7802439,ATTITUDE,,,,,,,,,,,,,,,0.0034719137474894524,0.0037261617835611105,0.7719171047210693,,
1790035447.780936,RAW_IMU,,,,,,,,,0,0,-888,5,6,2,,,,,
1790035447.8033595,ATTITUDE,,,,,,,,,,,,,,,0.003514847718179226,0.0037821170408278704,0.7719196081161499,,
1790035447.8037407,RAW_IMU,,,,,,,,,0,0,-889,5,6,2,,,,,
1790035447.8151848,GLOBAL_POSITION_INT,-35.3629997,149.1655581,592.42,8.612,-0.02,0.0,-1.7,44.22,,,,,,,,,,,
1790035447.8154433,GPS_RAW_INT,,,,,,,,,,,,,,,,,,6,10
1790035447.8209608,ATTITUDE,,,,,,,,,,,,,,,0.00355812581256032,0.0038068899884819984,0.7719200849533081,,
1790035447.82137,RAW_IMU,,,,,,,,,0,0,-888,5,4,2,,,,,
1790035447.8440888,ATTITUDE,,,,,,,,,,,,,,,0.003600013442337513,0.0038091340102255344,0.7719201445579529,,
1790035447.8444393,RAW_IMU,,,,,,,,,0,0,-888,5,3,2,,,,,
1790035447.8617723,ATTITUDE,,,,,,,,,,,,,,,0.0036406710278242826,0.003811202012002468,0.7719168663024902,,
1790035447.8622644,RAW_IMU,,,,,,,,,0,0,-889,5,3,2,,,,,
1790035447.8793454,ATTITUDE,,,,,,,,,,,,,,,0.0036387809086591005,0.003817345481365919,0.7719182372093201,,
1790035447.879878,RAW_IMU,,,,,,,,,0,0,-888,3,3,2,,,,,
1790035447.9025254,ATTITUDE,,,,,,,,,,,,,,,0.003620751202106476,0.00383123685605824,0.7719206809997559,,
1790035447.9028144,RAW_IMU,,,,,,,,,0,0,-887,2,4,2,,,,,
1790035447.914352,GLOBAL_POSITION_INT,-35.3629997,149.1655581,592.58,8.779,-0.02,0.0,-1.59,44.22,,,,,,,,,,,
1790035447.9147923,GPS_RAW_INT,,,,,,,,,,,,,,,,,,6,10
1790035447.9200144,ATTITUDE,,,,,,,,,,,,,,,0.0036027650348842144,0.0038447841070592403,0.7719244956970215,,
1790035447.920554,RAW_IMU,,,,,,,,,0,0,-888,2,4,2,,,,,
1790035447.9432771,ATTITUDE,,,,,,,,,,,,,,,0.0035928215365856886,0.003859290387481451,0.7719278335571289,,
1790035447.9437969,RAW_IMU,,,,,,,,,0,0,-889,2,4,2,,,,,
1790035447.9609816,ATTITUDE,,,,,,,,,,,,,,,0.0036435765214264393,0.0038864363450556993,0.7719258666038513,,
1790035447.9613135,RAW_IMU,,,,,,,,,0,0,-888,5,4,2,,,,,
1790035447.9843628,ATTITUDE,,,,,,,,,,,,,,,0.0036968879867345095,0.003917265683412552,0.7719253897666931,,
1790035447.9847772,RAW_IMU,,,,,,,,,0,0,-888,6,5,2,,,,,
1790035448.0015802,ATTITUDE,,,,,,,,,,,,,,,0.0037490499671548605,0.003947068937122822,0.771926760673523,,
1790035448.0019026,RAW_IMU,,,,,,,,,0,0,-889,5,4,2,,,,,
1790035448.019134,GLOBAL_POSITION_INT,-35.3629997,149.1655581,592.74,8.935,-0.02,0.0,-1.48,44.22,,,,,,,,,,,
1790035448.01953,GPS_RAW_INT,,,,,,,,,,,,,,,,,,6,10
1790035448.0200183,ATTITUDE,,,,,,,,,,,,,,,0.003797779092565179,0.003977214451879263,0.7719284296035767,,
1790035448.0203166,RAW_IMU,,,,,,,,,0,0,-890,5,4,2,,,,,
1790035448.042417,ATTITUDE,,,,,,,,,,,,,,,0.0037924880161881447,0.003988821059465408,0.7719280123710632,,
1790035448.0428216,RAW_IMU,,,,,,,,,0,0,-889,3,4,2,,,,,
1790035448.060222,ATTITUDE,,,,,,,,,,,,,,,0.003841558936983347,0.003987973555922508,0.771924614906311,,
1790035448.0607216,RAW_IMU,,,,,,,,,0,0,-889,5,3,2,,,,,
1790035448.0832858,ATTITUDE,,,,,,,,,,,,,,,0.0038843562360852957,0.003995182923972607,0.7719255089759827,,
1790035448.0837295,RAW_IMU,,,,,,,,,0,0,-889,5,3,2,,,,,
1790035448.1009629,ATTITUDE,,,,,,,,,,,,,,,0.003925960510969162,0.004000447690486908,0.7719278931617737,,
1790035448.1014504,RAW_IMU,,,,,,,,,0,0,-890,5,3,2,,,,,
1790035448.1182508,GLOBAL_POSITION_INT,-35.3629997,149.1655581,592.89,9.08,-0.02,0.0,-1.38,44.22,,,,,,,,,,,
1790035448.118652,GPS_RAW_INT,,,,,,,,,,,,,,,,,,6,10
1790035448.1239457,ATTITUDE,,,,,,,,,,,,,,,0.003965815529227257,0.004007084760814905,0.771930992603302,,
1790035448.1246884,RAW_IMU,,,,,,,,,0,0,-891,5,3,2,,,,,
1790035448.1415737,ATTITUDE,,,,,,,,,,,,,,,0.003959680907428265,0.004014772363007069,0.7719334959983826,,
1790035448.1419814,RAW_IMU,,,,,,,,,0,0,-891,3,3,2,,,,,
1790035448.1592515,ATTITUDE,,,,,,,,,,,,,,,0.0039889197796583176,0.004047264810651541,0.77193284034729,,
1790035448.1595316,RAW_IMU,,,,,,,,,0,0,-890,4,4,2,,,,,
1790035448.1824439,ATTITUDE,,,,,,,,,,,,,,,0.004027048125863075,0.0040725721046328545,0.7719337344169617,,
1790035448.182811,RAW_IMU,,,,,,,,,0,0,-890,5,4,2,,,,,
1790035448.2000873,ATTITUDE,,,,,,,,,,,,,,,0.004063824657350779,0.004096488002687693,0.7719335556030273,,
1790035448.200315,RAW_IMU,,,,,,,,,0,0,-891,5,4,2,,,,,
1790035448.2190537,GLOBAL_POSITION_INT,-35.3629997,149.1655581,593.02,9.214,-0.02,0.0,-1.27,44.22,,,,,,,,,,,
1790035448.2195885,GPS_RAW_INT,,,,,,,,,,,,,,,,,,6,10
1790035448.2231452,ATTITUDE,,,,,,,,,,,,,,,0.004099739715456963,0.004120516590774059,0.7719334959983826,,
1790035448.2235446,RAW_IMU,,,,,,,,,0,0,-892,5,4,2,,,,,
1790035448.2408886,ATTITUDE,,,,,,,,,,,,,,,0.00413458701223135,0.004143396392464638,0.7719345092773438,,
1790035448.2413807,RAW_IMU,,,,,,,,,0,0,-893,5,4,2,,,,,
1790035448.263976,ATTITUDE,,,,,,,,,,,,,,,0.004107587970793247,0.004165947437286377,0.7719318270683289,,
1790035448.2643623,RAW_IMU,,,,,,,,,0,0,-893,2,4,2,,,,,
1790035448.2816725,ATTITUDE,,,,,,,,,,,,,,,0.0041264635510742664,0.004139341879636049,0.7719289660453796,,
1790035448.2821827,RAW_IMU,,,,,,,,,0,0,-893,3,2,2,,,,,
1790035448.299333,ATTITUDE,,,,,,,,,,,,,,,0.004080452024936676,0.004158603027462959,0.7719295620918274,,
1790035448.300016,RAW_IMU,,,,,,,,,0,0,-893,1,3,2,,,,,
1790035448.3166826,GLOBAL_POSITION_INT,-35.3629997,149.1655581,593.14,9.337,-0.02,0.0,-1.16,44.22,,,,,,,,,,,
1790035448.3172417,GPS_RAW_INT,,,,,,,,,,,,,,,,,,6,10
1790035448.322341,ATTITUDE,,,,,,,,,,,,,,,0.00401026476174593,0.004150914493948221,0.7719294428825378,,
1790035448.3229363,RAW_IMU,,,,,,,,,0,0,-893,0,3,2,,,,,
1790035448.3399785,ATTITUDE,,,,,,,,,,,,,,,0.003941490780562162,0.004135230556130409,0.7719294428825378,,
1790035448.340274,RAW_IMU,,,,,,,,,0,0,-893,0,2,2,,,,,
1790035448.3632212,ATTITUDE,,,,,,,,,,,,,,,0.0038767943624407053,0.00412092637270689,0.7719259858131409,,
1790035448.3636005,RAW_IMU,,,,,,,,,0,0,-894,0,2,2,,,,,
1790035448.3811731,ATTITUDE,,,,,,,,,,,,,,,0.003815285861492157,0.004107512533664703,0.7719247341156006,,
1790035448.3816683,RAW_IMU,,,,,,,,,0,0,-895,0,2,2,,,,,
1790035448.4039366,ATTITUDE,,,,,,,,,,,,,,,0.003775062970817089,0.004094930365681648,0.7719239592552185,,
1790035448.4045317,RAW_IMU,,,,,,,,,0,0,-895,1,2,2,,,,,
1790035448.415912,GLOBAL_POSITION_INT,-35.3629997,149.1655581,593.25,9.449,-0.02,0.0,-1.06,44.22,,,,,,,,,,,
1790035448.41649,GPS_RAW_INT,,,,,,,,,,,,,,,,,,6,10
1790035448.4215236,ATTITUDE,,,,,,,,,,,,,,,0.0037382517475634813,0.0040983958169817924,0.7719219326972961,,
1790035448.422103,RAW_IMU,,,,,,,,,0,0,-895,1,3,2,,,,,
1790035448.4448605,ATTITUDE,,,,,,,,,,,,,,,0.0036788200959563255,0.0040644994005560875,0.7719175815582275,,
1790035448.4455113,RAW_IMU,,,,,,,,,0,0,-894,0,1,2,,,,,
1790035448.4625654,ATTITUDE,,,,,,,,,,,,,,,0.0036300865467637777,0.00408231932669878,0.7719097137451172,,
1790035448.4632275,RAW_IMU,,,,,,,,,0,0,-895,0,3,2,,,,,
1790035448.485627,ATTITUDE,,,,,,,,,,,,,,,0.0035790337715297937,0.0040773809887468815,0.7719048261642456,,
1790035448.486038,RAW_IMU,,,,,,,,,0,0,-896,0,3,2,,,,,
1790035448.503268,ATTITUDE,,,,,,,,,,,,,,,0.0035305600613355637,0.004066544119268656,0.7719003558158875,,
1790035448.5036592,RAW_IMU,,,,,,,,,0,0,-896,0,2,2,,,,,
1790035448.5207107,GLOBAL_POSITION_INT,-35.3629997,149.1655581,593.36,9.553,-0.02,0.0,-0.95,44.22,,,,,,,,,,,
1790035448.5211456,GPS_RAW_INT,,,,,,,,,,,,,,,,,,6,10
1790035448.526289,ATTITUDE,,,,,,,,,,,,,,,0.0034846067428588867,0.004055834375321865,0.7718983292579651,,
1790035448.5268576,RAW_IMU,,,,,,,,,0,0,-897,1,2,2,,,,,
1790035448.5439444,ATTITUDE,,,,,,,,,,,,,,,0.0034412529785186052,0.004045587964355946,0.7718945145606995,,
1790035448.5443435,RAW_IMU,,,,,,,,,0,0,-897,1,2,2,,,,,
1790035448.5615983,ATTITUDE,,,,,,,,,,,,,,,0.0034211832098662853,0.004036848898977041,0.7718892097473145,,
1790035448.5620112,RAW_IMU,,,,,,,,,0,0,-898,2,2,2,,,,,
1790035448.5848475,ATTITUDE,,,,,,,,,,,,,,,0.0034290323965251446,0.004027677234262228,0.7718843221664429,,
1790035448.5852365,RAW_IMU,,,,,,,,,0,0,-897,3,2,2,,,,,
1790035448.6027126,ATTITUDE,,,,,,,,,,,,,,,0.003406602656468749,0.004019047133624554,0.7718802094459534,,
1790035448.6031878,RAW_IMU,,,,,,,,,0,0,-897,2,2,2,,,,,
1790035448.6198177,GLOBAL_POSITION_INT,-35.3629997,149.1655581,593.45,9.644,-0.02,0.0,-0.85,44.22,,,,,,,,,,,
1790035448.620231,GPS_RAW_INT,,,,,,,,,,,,,,,,,,6,10
1790035448.6256018,ATTITUDE,,,,,,,,,,,,,,,0.0034521901980042458,0.0040130275301635265,0.771880030632019,,
1790035448.6257956,RAW_IMU,,,,,,,,,0,0,-897,5,2,2,,,,,
1790035448.6432889,ATTITUDE,,,,,,,,,,,,,,,0.0034829219803214073,0.004006822127848864,0.7718808054924011,,
1790035448.6437936,RAW_IMU,,,,,,,,,0,0,-898,4,2,2,,,,,
1790035448.6664302,ATTITUDE,,,,,,,,,,,,,,,0.003512752242386341,0.00400131568312645,0.7718777060508728,,
1790035448.667007,RAW_IMU,,,,,,,,,0,0,-898,4,2,2,,,,,
1790035448.6840246,ATTITUDE,,,,,,,,,,,,,,,0.003537384094670415,0.00399218313395977,0.7718798518180847,,
1790035448.6845813,RAW_IMU,,,,,,,,,0,0,-899,4,2,2,,,,,
1790035448.7017648,ATTITUDE,,,,,,,,,,,,,,,0.0035619321279227734,0.003984431736171246,0.7718828320503235,,
1790035448.7023544,RAW_IMU,,,,,,,,,0,0,-900,4,3,2,,,,,
1790035448.7207882,GLOBAL_POSITION_INT,-35.3629997,149.1655581,593.53,9.725,-0.02,0.0,-0.75,44.22,,,,,,,,,,,
1790035448.7213693,GPS_RAW_INT,,,,,,,,,,,,,,,,,,6,10
1790035448.7247565,ATTITUDE,,,,,,,,,,,,,,,0.0035717070568352938,0.003977205138653517,0.7718855738639832,,
1790035448.7251,RAW_IMU,,,,,,,,,0,0,-900,3,3,2,,,,,
1790035448.7433639,ATTITUDE,,,,,,,,,,,,,,,0.0036003401037305593,0.003945846576243639,0.7718877792358398,,
1790035448.7436807,RAW_IMU,,,,,,,,,0,0,-899,4,1,2,,,,,
1790035448.7667575,ATTITUDE,,,,,,,,,,,,,,,0.0036062479484826326,0.003941296599805355,0.7718870043754578,,
1790035448.7674923,RAW_IMU,,,,,,,,,0,0,-898,3,3,2,,,,,
1790035448.784867,ATTITUDE,,,,,,,,,,,,,,,0.0036108028143644333,0.003935877233743668,0.7718884944915771,,
1790035448.785441,RAW_IMU,,,,,,,,,0,0,-899,3,3,2,,,,,
1790035448.802543,ATTITUDE,,,,,,,,,,,,,,,0.0036160582676529884,0.003931974060833454,0.7718909382820129,,
1790035448.803204,RAW_IMU,,,,,,,,,0,0,-899,3,3,2,,,,,
1790035448.8199284,GLOBAL_POSITION_INT,-35.3629997,149.1655581,593.6,9.796,-0.02,0.0,-0.65,44.22,,,,,,,,,,,
1790035448.8207138,GPS_RAW_INT,,,,,,,,,,,,,,,,,,6,10
1790035448.825552,ATTITUDE,,,,,,,,,,,,,,,0.0036225852090865374,0.0039302511140704155,0.7718934416770935,,
1790035448.8261883,RAW_IMU,,,,,,,,,0,0,-900,3,3,2,,,,,
1790035448.8433359,ATTITUDE,,,,,,,,,,,,,,,0.003629158716648817,0.003930140286684036,0.7718960642814636,,
1790035448.8438385,RAW_IMU,,,,,,,,,0,0,-901,3,3,2,,,,,
1790035448.8617065,ATTITUDE,,,,,,,,,,,,,,,0.0036254595033824444,0.003929099068045616,0.7718969583511353,,
1790035448.862062,RAW_IMU,,,,,,,,,0,0,-901,3,3,2,,,,,
1790035448.8858635,ATTITUDE,,,,,,,,,,,,,,,0.0036123087629675865,0.0038978811353445053,0.771899402141571,,
1790035448.886803,RAW_IMU,,,,,,,,,0,0,-900,2,1,2,,,,,
1790035448.9034204,ATTITUDE,,,,,,,,,,,,,,,0.0036355003248900175,0.003911902662366629,0.771901547908783,,
1790035448.9041884,RAW_IMU,,,,,,,,,0,0,-900,4,3,2,,,,,
1790035448.9207928,GLOBAL_POSITION_INT,-35.3629997,149.1655581,593.66,9.857,-0.02,0.0,-0.56,44.22,,,,,,,,,,,
1790035448.921233,GPS_RAW_INT,,,,,,,,,,,,,,,,,,6,10
1790035448.9263225,ATTITUDE,,,,,,,,,,,,,,,0.003657422261312604,0.0039247809909284115,0.7719048261642456,,
1790035448.9268596,RAW_IMU,,,,,,,,,0,0,-900,4,4,2,,,,,
1790035448.944253,ATTITUDE,,,,,,,,,,,,,,,0.0036790850572288036,0.003939802758395672,0.7719075679779053,,
1790035448.944911,RAW_IMU,,,,,,,,,0,0,-901,4,4,2,,,,,
1790035448.9626293,ATTITUDE,,,,,,,,,,,,,,,0.003699803724884987,0.003954162821173668,0.7719086408615112,,
1790035448.963437,RAW_IMU,,,,,,,,,0,0,-901,4,4,2,,,,,
1790035448.9813254,ATTITUDE,,,,,,,,,,,,,,,0.0037194755859673023,0.003968493081629276,0.771912157535553,,
1790035448.9819195,RAW_IMU,,,,,,,,,0,0,-902,4,4,2,,,,,
1790035449.00484,ATTITUDE,,,,,,,,,,,,,,,0.003697649110108614,0.0039815413765609264,0.7719139456748962,,
1790035449.0057724,RAW_IMU,,,,,,,,,0,0,-902,2,3,2,,,,,
1790035449.016849,GLOBAL_POSITION_INT,-35.3629997,149.1655581,593.71,9.908,-0.02,0.0,-0.46,44.22,,,,,,,,,,,
1790035449.0173597,GPS_RAW_INT,,,,,,,,,,,,,,,,,,6,10
1790035449.0223382,ATTITUDE,,,,,,,,,,,,,,,0.003727876814082265,0.003940291237086058,0.7719144821166992,,
1790035449.0229094,RAW_IMU,,,,,,,,,0,0,-901,4,1,2,,,,,
1790035449.0456445,ATTITUDE,,,,,,,,,,,,,,,0.003715767990797758,0.003947368822991848,0.7719129920005798,,
1790035449.0463638,RAW_IMU,,,,,,,,,0,0,-901,2,3,2,,,,,
1790035449.063207,ATTITUDE,,,,,,,,,,,,,,,0.0037036375142633915,0.003948348108679056,0.7719098925590515,,
1790035449.0635943,RAW_IMU,,,,,,,,,0,0,-901,2,3,2,,,,,
1790035449.0862796,ATTITUDE,,,,,,,,,,,,,,,0.0036875184159725904,0.003944774623960257,0.7719096541404724,,
1790035449.0868871,RAW_IMU,,,,,,,,,0,0,-901,2,3,2,,,,,
1790035449.1038706,ATTITUDE,,,,,,,,,,,,,,,0.003673313185572624,0.003940308000892401,0.7719113230705261,,
1790035449.104337,RAW_IMU,,,,,,,,,0,0,-902,2,3,2,,,,,
1790035449.1212542,GLOBAL_POSITION_INT,-35.3629997,149.1655581,593.75,9.949,-0.02,0.0,-0.36,44.22,,,,,,,,,,,
1790035449.1218064,GPS_RAW_INT,,,,,,,,,,,,,,,,,,6,10
1790035449.122371,ATTITUDE,,,,,,,,,,,,,,,0.003660535905510187,0.0039369468577206135,0.7719136476516724,,
1790035449.122755,RAW_IMU,,,,,,,,,0,0,-903,2,3,2,,,,,
1790035449.1447742,ATTITUDE,,,,,,,,,,,,,,,0.0036129786167293787,0.0039078122936189175,0.771914541721344,,
1790035449.1452565,RAW_IMU,,,,,,,,,0,0,-902,0,2,2,,,,,
1790035449.1622674,ATTITUDE,,,,,,,,,,,,,,,0.003619343275204301,0.003907905891537666,0.7719117403030396,,
1790035449.1626265,RAW_IMU,,,,,,,,,0,0,-901,3,2,2,,,,,
1790035449.1855233,ATTITUDE,,,,,,,,,,,,,,,0.003626621328294277,0.0038819003384560347,0.7719099521636963,,
1790035449.1861966,RAW_IMU,,,,,,,,,0,0,-901,3,2,2,,,,,
1790035449.203147,ATTITUDE,,,,,,,,,,,,,,,0.0036354330368340015,0.003848666325211525,0.7719089388847351,,
1790035449.203615,RAW_IMU,,,,,,,,,0,0,-902,3,1,2,,,,,
1790035449.2243602,GLOBAL_POSITION_INT,-35.3629997,149.1655581,593.79,9.98,-0.02,0.0,-0.27,44.22,,,,,,,,,,,
1790035449.2246623,GPS_RAW_INT,,,,,,,,,,,,,,,,,,6,10
1790035449.2261162,ATTITUDE,,,,,,,,,,,,,,,0.0036443620920181274,0.0038164453580975533,0.771909236907959,,
1790035449.2266896,RAW_IMU,,,,,,,,,0,0,-902,3,1,2,,,,,
1790035449.243821,ATTITUDE,,,,,,,,,,,,,,,0.0036527556367218494,0.0037870050873607397,0.7719084620475769,,
1790035449.2442472,RAW_IMU,,,,,,,,,0,0,-902,3,1,2,,,,,
1790035449.2614129,ATTITUDE,,,,,,,,,,,,,,,0.0036336909979581833,0.0037589631974697113,0.7719064354896545,,
1790035449.262062,RAW_IMU,,,,,,,,,0,0,-903,2,1,2,,,,,
1790035449.2846847,ATTITUDE,,,,,,,,,,,,,,,0.0035890776198357344,0.0036972181405872107,0.7719050645828247,,
1790035449.2851732,RAW_IMU,,,,,,,,,0,0,-902,0,0,2,,,,,
1790035449.3024027,ATTITUDE,,,,,,,,,,,,,,,0.003562863450497389,0.003669021651148796,0.7719041705131531,,
1790035449.3029306,RAW_IMU,,,,,,,,,0,0,-901,2,1,2,,,,,
1790035449.3197365,GLOBAL_POSITION_INT,-35.3629997,149.1655581,593.81,10.001,-0.02,0.0,-0.17,44.22,,,,,,,,,,,
1790035449.3200307,GPS_RAW_INT,,,,,,,,,,,,,,,,,,6,10
1790035449.3253567,ATTITUDE,,,,,,,,,,,,,,,0.0035375647712498903,0.003642261028289795,0.7719027996063232,,
1790035449.3257468,RAW_IMU,,,,,,,,,0,0,-901,2,2,2,,,,,
1790035449.3431644,ATTITUDE,,,,,,,,,,,,,,,0.0035143543500453234,0.0036177104339003563,0.7719031572341919,,
1790035449.3438325,RAW_IMU,,,,,,,,,0,0,-902,2,2,2,,,,,
1790035449.3661964,ATTITUDE,,,,,,,,,,,,,,,0.0034824644681066275,0.003582425881177187,0.7719004154205322,,
1790035449.3666542,RAW_IMU,,,,,,,,,0,0,-904,1,1,2,,,,,
1790035449.3839307,ATTITUDE,,,,,,,,,,,,,,,0.0034436273854225874,0.0035564773716032505,0.7718985080718994,,
1790035449.384407,RAW_IMU,,,,,,,,,0,0,-908,1,1,2,,,,,
1790035449.401402,ATTITUDE,,,,,,,,,,,,,,,0.0034069244284182787,0.003520047990605235,0.7718967199325562,,
1790035449.4020383,RAW_IMU,,,,,,,,,0,0,-913,1,1,2,,,,,
1790035449.4187577,GLOBAL_POSITION_INT,-35.3629997,149.1655581,593.82,10.013,-0.02,0.0,-0.08,44.22,,,,,,,,,,,
1790035449.4189851,GPS_RAW_INT,,,,,,,,,,,,,,,,,,6,10
1790035449.4245317,ATTITUDE,,,,,,,,,,,,,,,0.003372051753103733,0.0034848120994865894,0.7718951106071472,,
1790035449.4249763,RAW_IMU,,,,,,,,,0,0,-918,1,1,2,,,,,
1790035449.4421835,ATTITUDE,,,,,,,,,,,,,,,0.0033282109070569277,0.003451879136264324,0.771894097328186,,
1790035449.4429436,RAW_IMU,,,,,,,,,0,0,-923,1,1,2,,,,,
1790035449.465457,ATTITUDE,,,,,,,,,,,,,,,0.003297736868262291,0.003419986693188548,0.7718911170959473,,
1790035449.4661515,RAW_IMU,,,,,,,,,0,0,-928,1,1,2,,,,,
1790035449.4830723,ATTITUDE,,,,,,,,,,,,,,,0.0032372588757425547,0.003386428812518716,0.7718901038169861,,
1790035449.4833827,RAW_IMU,,,,,,,,,0,0,-933,0,1,2,,,,,
1790035449.5060697,ATTITUDE,,,,,,,,,,,,,,,0.003190183313563466,0.003365859854966402,0.7718885540962219,,
1790035449.5064557,RAW_IMU,,,,,,,,,0,0,-938,0,2,2,,,,,
1790035449.5180929,GLOBAL_POSITION_INT,-35.3629998,149.1655581,593.82,10.017,-0.02,0.0,-0.01,44.22,,,,,,,,,,,
1790035449.5186827,GPS_RAW_INT,,,,,,,,,,,,,,,,,,6,10
1790035449.523626,ATTITUDE,,,,,,,,,,,,,,,0.0031456840224564075,0.0033191973343491554,0.7718888521194458,,
1790035449.5242136,RAW_IMU,,,,,,,,,0,0,-943,1,1,2,,,,,
1790035449.541242,ATTITUDE,,,,,,,,,,,,,,,0.0031039081513881683,0.0032849605195224285,0.7718887329101562,,
1790035449.5416472,RAW_IMU,,,,,,,,,0,0,-948,1,1,2,,,,,
1790035449.5644531,ATTITUDE,,,,,,,,,,,,,,,0.0030621818732470274,0.0032450128346681595,0.7718867659568787,,
1790035449.5649567,RAW_IMU,,,,,,,,,0,0,-952,1,1,2,,,,,
1790035449.5823734,ATTITUDE,,,,,,,,,,,,,,,0.0030225804075598717,0.0032344681676477194,0.771885097026825,,
1790035449.5827618,RAW_IMU,,,,,,,,,0,0,-956,1,2,2,,,,,
1790035449.605404,ATTITUDE,,,,,,,,,,,,,,,0.002986945677548647,0.0032108528539538383,0.7718846797943115,,
1790035449.6058214,RAW_IMU,,,,,,,,,0,0,-960,1,2,2,,,,,
1790035449.6171093,GLOBAL_POSITION_INT,-35.3629998,149.1655581,593.82,10.015,-0.02,0.0,0.02,44.22,,,,,,,,,,,
1790035449.6175556,GPS_RAW_INT,,,,,,,,,,,,,,,,,,6,10
1790035449.6228652,ATTITUDE,,,,,,,,,,,,,,,0.002952390583232045,0.0031884764321148396,0.7718833684921265,,
1790035449.6232853,RAW_IMU,,,,,,,,,0,0,-964,1,2,2,,,,,
1790035449.6404712,ATTITUDE,,,,,,,,,,,,,,,0.0029155551455914974,0.003168722614645958,0.7718837261199951,,
1790035449.6414669,RAW_IMU,,,,,,,,,0,0,-967,1,2,2,,,,,
1790035449.6636229,ATTITUDE,,,,,,,,,,,,,,,0.0028724069707095623,0.003137588268145919,0.7718802690505981,,
1790035449.6640437,RAW_IMU,,,,,,,,,0,0,-971,1,1,2,,,,,
1790035449.6816058,ATTITUDE,,,,,,,,,,,,,,,0.002829871838912368,0.003108162432909012,0.7718786001205444,,
1790035449.682064,RAW_IMU,,,,,,,,,0,0,-974,1,1,2,,,,,
1790035449.7043445,ATTITUDE,,,,,,,,,,,,,,,0.00278921565040946,0.0030780702363699675,0.7718783617019653,,
1790035449.7048883,RAW_IMU,,,,,,,,,0,0,-977,1,1,2,,,,,
1790035449.7169156,GLOBAL_POSITION_INT,-35.3629998,149.1655581,593.82,10.01,-0.02,0.0,0.05,44.22,,,,,,,,,,,
1790035449.717301,GPS_RAW_INT,,,,,,,,,,,,,,,,,,6,10
1790035449.7219365,ATTITUDE,,,,,,,,,,,,,,,0.002755009103566408,0.003051028586924076,0.7718784809112549,,
1790035449.7223504,RAW_IMU,,,,,,,,,0,0,-980,1,1,2,,,,,
1790035449.7398672,ATTITUDE,,,,,,,,,,,,,,,0.0027131610549986362,0.0030250365380197763,0.7718782424926758,,
1790035449.740261,RAW_IMU,,,,,,,,,0,0,-983,1,2,2,,,,,
1790035449.7627702,ATTITUDE,,,,,,,,,,,,,,,0.0026882938109338284,0.0029774517752230167,0.7718735933303833,,
1790035449.7632322,RAW_IMU,,,,,,,,,0,0,-985,1,0,2,,,,,
1790035449.7805443,ATTITUDE,,,,,,,,,,,,,,,0.002646784530952573,0.0029815570451319218,0.7718708515167236,,
1790035449.7810788,RAW_IMU,,,,,,,,,0,0,-988,1,3,2,,,,,
1790035449.8036237,ATTITUDE,,,,,,,,,,,,,,,0.002632430987432599,0.0029329003300517797,0.7718695998191833,,
1790035449.8042445,RAW_IMU,,,,,,,,,0,0,-991,2,1,2,,,,,
1790035449.8154223,GLOBAL_POSITION_INT,-35.3629998,149.1655581,593.81,10.002,-0.02,0.0,0.06,44.22,,,,,,,,,,,
1790035449.815704,GPS_RAW_INT,,,,,,,,,,,,,,,,,,6,10
1790035449.8211823,ATTITUDE,,,,,,,,,,,,,,,0.0026205277536064386,0.002897802973166108,0.7718679308891296,,
1790035449.8216624,RAW_IMU,,,,,,,,,0,0,-993,2,0,2,,,,,
1790035449.8447793,ATTITUDE,,,,,,,,,,,,,,,0.0025657680816948414,0.0029231866355985403,0.7718667984008789,,
1790035449.8449636,RAW_IMU,,,,,,,,,0,0,-995,0,4,2,,,,,
1790035449.8619123,ATTITUDE,,,,,,,,,,,,,,,0.0025595242623239756,0.00286034750752151,0.7718614935874939,,
1790035449.8622582,RAW_IMU,,,,,,,,,0,0,-997,2,0,2,,,,,
1790035449.8796892,ATTITUDE,,,,,,,,,,,,,,,0.0025747271720319986,0.0027971540112048388,0.7718579769134521,,
1790035449.8801124,RAW_IMU,,,,,,,,,0,0,-999,4,0,2,,,,,
1790035449.9026663,ATTITUDE,,,,,,,,,,,,,,,0.0025115390308201313,0.002813106868416071,0.7718550562858582,,
1790035449.9032958,RAW_IMU,,,,,,,,,0,0,-1001,0,3,2,,,,,
1790035449.914694,GLOBAL_POSITION_INT,-35.3629998,149.1655581,593.8,9.993,-0.02,0.0,0.06,44.22,,,,,,,,,,,
1790035449.915168,GPS_RAW_INT,,,,,,,,,,,,,,,,,,6,10
1790035449.9204152,ATTITUDE,,,,,,,,,,,,,,,0.0024596191942691803,0.002807530341669917,0.7718554735183716,,
1790035449.921021,RAW_IMU,,,,,,,,,0,0,-1002,0,3,2,,,,,
1790035449.9435039,ATTITUDE,,,,,,,,,,,,,,,0.002481234958395362,0.0028020262252539396,0.7718563675880432,,
1790035449.9439611,RAW_IMU,,,,,,,,,0,0,-1004,4,2,2,,,,,
1790035449.961216,ATTITUDE,,,,,,,,,,,,,,,0.0024685536045581102,0.0027971044182777405,0.7718548774719238,,
1790035449.961646,RAW_IMU,,,,,,,,,0,0,-1005,2,3,2,,,,,
1790035449.984374,ATTITUDE,,,,,,,,,,,,,,,0.0024740679655224085,0.0027707356493920088,0.7718544006347656,,
1790035449.98475,RAW_IMU,,,,,,,,,0,0,-1006,3,2,2,,,,,
1790035450.0019436,ATTITUDE,,,,,,,,,,,,,,,0.0024998257867991924,0.0027326932176947594,0.7718549370765686,,
1790035450.0021625,RAW_IMU,,,,,,,,,0,0,-1008,4,1,2,,,,,
1790035450.019237,GLOBAL_POSITION_INT,-35.3629998,149.1655581,593.79,9.985,-0.02,0.0,0.06,44.22,,,,,,,,,,,
1790035450.0196228,GPS_RAW_INT,,,,,,,,,,,,,,,,,,6,10
1790035450.0204222,ATTITUDE,,,,,,,,,,,,,,,0.0025248548481613398,0.0026968526653945446,0.7718560695648193,,
1790035450.0207646,RAW_IMU,,,,,,,,,0,0,-1008,4,1,2,,,,,
1790035450.042625,ATTITUDE,,,,,,,,,,,,,,,0.0024922359734773636,0.002708618761971593,0.7718564867973328,,
1790035450.0432103,RAW_IMU,,,,,,,,,0,0,-1010,1,3,2,,,,,
1790035450.06035,ATTITUDE,,,,,,,,,,,,,,,0.002443397417664528,0.002692663110792637,0.771854817867279,,
1790035450.0607128,RAW_IMU,,,,,,,,,0,0,-1011,0,2,2,,,,,
1790035450.0835369,ATTITUDE,,,,,,,,,,,,,,,0.0023966513108462095,0.0026757814921438694,0.7718551754951477,,
1790035450.0839627,RAW_IMU,,,,,,,,,0,0,-1011,0,2,2,,,,,
1790035450.1012552,ATTITUDE,,,,,,,,,,,,,,,0.002354087308049202,0.0026486527640372515,0.7718559503555298,,
1790035450.1019287,RAW_IMU,,,,,,,,,0,0,-1011,1,2,2,,,,,
1790035450.118531,GLOBAL_POSITION_INT,-35.3629998,149.1655581,593.78,9.977,-0.02,0.0,0.05,44.22,,,,,,,,,,,
1790035450.1188025,GPS_RAW_INT,,,,,,,,,,,,,,,,,,6,10
1790035450.1241014,ATTITUDE,,,,,,,,,,,,,,,0.002332721371203661,0.0025951878633350134,0.7718582153320312,,
1790035450.1244445,RAW_IMU,,,,,,,,,0,0,-1013,2,0,2,,,,,
1790035450.1417572,ATTITUDE,,,,,,,,,,,,,,,0.0023087789304554462,0.002545013092458248,0.7718613743782043,,
1790035450.142301,RAW_IMU,,,,,,,,,0,0,-1014,2,0,2,,,,,
1790035450.1594598,ATTITUDE,,,,,,,,,,,,,,,0.002286014147102833,0.0024966858327388763,0.7718613743782043,,
1790035450.1599898,RAW_IMU,,,,,,,,,0,0,-1014,2,0,2,,,,,
1790035450.1827142,ATTITUDE,,,,,,,,,,,,,,,0.0022630253806710243,0.0024506684858351946,0.7718637585639954,,
1790035450.1832602,RAW_IMU,,,,,,,,,0,0,-1013,2,0,2,,,,,
1790035450.2002566,ATTITUDE,,,,,,,,,,,,,,,0.0022408475633710623,0.0024067102931439877,0.7718659043312073,,
1790035450.200738,RAW_IMU,,,,,,,,,0,0,-1013,2,1,2,,,,,
1790035450.219555,GLOBAL_POSITION_INT,-35.3629998,149.1655581,593.78,9.97,-0.02,0.0,0.04,44.22,,,,,,,,,,,
1790035450.2199528,GPS_RAW_INT,,,,,,,,,,,,,,,,,,6,10
1790035450.2233114,ATTITUDE,,,,,,,,,,,,,,,0.002220835769549012,0.0023703649640083313,0.7718690037727356,,
1790035450.2236373,RAW_IMU,,,,,,,,,0,0,-1013,2,1,2,,,,,
1790035450.2410169,ATTITUDE,,,,,,,,,,,,,,,0.0021838187240064144,0.002358335070312023,0.7718704342842102,,
1790035450.241359,RAW_IMU,,,,,,,,,0,0,-1015,1,2,2,,,,,
1790035450.2641323,ATTITUDE,,,,,,,,,,,,,,,0.0021746912971138954,0.0023249280638992786,0.7718687057495117,,
1790035450.264658,RAW_IMU,,,,,,,,,0,0,-1015,2,1,2,,,,,
1790035450.281981,ATTITUDE,,,,,,,,,,,,,,,0.00211152876727283,0.0023139871191233397,0.7718690037727356,,
1790035450.2823071,RAW_IMU,,,,,,,,,0,0,-1015,0,3,2,,,,,
1790035450.2995152,ATTITUDE,,,,,,,,,,,,,,,0.002108801854774356,0.002275358885526657,0.771869957447052,,
1790035450.2999005,RAW_IMU,,,,,,,,,0,0,-1015,2,1,2,,,,,
1790035450.316818,GLOBAL_POSITION_INT,-35.3629998,149.1655581,593.77,9.965,-0.02,0.0,0.02,44.22,,,,,,,,,,,
1790035450.3172266,GPS_RAW_INT,,,,,,,,,,,,,,,,,,6,10
1790035450.3225353,ATTITUDE,,,,,,,,,,,,,,,0.002061211969703436,0.002271434059366584,0.7718694806098938,,
1790035450.3231683,RAW_IMU,,,,,,,,,0,0,-1015,1,3,2,,,,,
1790035450.340194,ATTITUDE,,,,,,,,,,,,,,,0.002048153430223465,0.002222310286015272,0.7718682289123535,,
1790035450.3406549,RAW_IMU,,,,,,,,,0,0,-1015,1,0,2,,,,,
1790035450.3634071,ATTITUDE,,,,,,,,,,,,,,,0.002018276136368513,0.0022415095008909702,0.771863579750061,,
1790035450.3637323,RAW_IMU,,,,,,,,,0,0,-1015,2,3,2,,,,,
1790035450.3812964,ATTITUDE,,,,,,,,,,,,,,,0.002006754046306014,0.002190302824601531,0.7718603610992432,,
1790035450.3816988,RAW_IMU,,,,,,,,,0,0,-1015,2,0,2,,,,,
1790035450.404145,ATTITUDE,,,,,,,,,,,,,,,0.001979399938136339,0.0022041420452296734,0.7718572020530701,,
1790035450.4047058,RAW_IMU,,,,,,,,,0,0,-1015,2,3,2,,,,,
1790035450.4160786,GLOBAL_POSITION_INT,-35.3629998,149.1655581,593.77,9.96,-0.02,0.0,0.01,44.22,,,,,,,,,,,
1790035450.416349,GPS_RAW_INT,,,,,,,,,,,,,,,,,,6,10
1790035450.4216666,ATTITUDE,,,,,,,,,,,,,,,0.0019553243182599545,0.0021627312526106834,0.7718541622161865,,
1790035450.4221122,RAW_IMU,,,,,,,,,0,0,-1015,1,1,2,,,,,
1790035450.43937,ATTITUDE,,,,,,,,,,,,,,,0.0019462164491415024,0.0021773152984678745,0.7718503475189209,,
1790035450.439636,RAW_IMU,,,,,,,,,0,0,-1014,3,3,2,,,,,
1790035450.4626215,ATTITUDE,,,,,,,,,,,,,,,0.0019053812138736248,0.002131785498932004,0.7718456387519836,,
1790035450.4630442,RAW_IMU,,,,,,,,,0,0,-1014,0,1,2,,,,,
1790035450.4803975,ATTITUDE,,,,,,,,,,,,,,,0.0019109277054667473,0.0021545591298490763,0.7718424201011658,,
1790035450.481439,RAW_IMU,,,,,,,,,0,0,-1014,3,4,2,,,,,
1790035450.5033498,ATTITUDE,,,,,,,,,,,,,,,0.001849590102210641,0.0021097883582115173,0.7718400955200195,,
1790035450.5037377,RAW_IMU,,,,,,,,,0,0,-1013,0,1,2,,,,,
1790035450.5209653,GLOBAL_POSITION_INT,-35.3629998,149.1655581,593.76,9.957,-0.02,0.0,0.0,44.22,,,,,,,,,,,
1790035450.5212514,GPS_RAW_INT,,,,,,,,,,,,,,,,,,6,10
1790035450.5264556,ATTITUDE,,,,,,,,,,,,,,,0.0018632846185937524,0.0021368544548749924,0.7718384265899658,,
1790035450.5268645,RAW_IMU,,,,,,,,,0,0,-1013,4,4,2,,,,,
1790035450.5442064,ATTITUDE,,,,,,,,,,,,,,,0.0018218731274828315,0.0021070416551083326,0.7718362212181091,,
1790035450.5445204,RAW_IMU,,,,,,,,,0,0,-1012,1,2,2,,,,,
1790035450.5618184,ATTITUDE,,,,,,,,,,,,,,,0.0017826324328780174,0.0020780684426426888,0.7718327641487122,,
1790035450.5622165,RAW_IMU,,,,,,,,,0,0,-1012,1,1,2,,,,,
1790035450.5850635,ATTITUDE,,,,,,,,,,,,,,,0.001745046814903617,0.002050924813374877,0.7718322277069092,,
1790035450.5854664,RAW_IMU,,,,,,,,,0,0,-1012,1,1,2,,,,,
1790035450.6027439,ATTITUDE,,,,,,,,,,,,,,,0.0017089457251131535,0.0020255132112652063,0.7718322277069092,,
1790035450.6031303,RAW_IMU,,,,,,,,,0,0,-1012,1,1,2,,,,,
1790035450.6200423,GLOBAL_POSITION_INT,-35.3629999,149.1655581,593.76,9.956,-0.01,0.0,0.0,44.22,,,,,,,,,,,
1790035450.6205788,GPS_RAW_INT,,,,,,,,,,,,,,,,,,6,10
1790035450.625768,ATTITUDE,,,,,,,,,,,,,,,0.001674482598900795,0.002002180553972721,0.7718334197998047,,
1790035450.6264248,RAW_IMU,,,,,,,,,0,0,-1012,1,2,2,,,,,
1790035450.643471,ATTITUDE,,,,,,,,,,,,,,,0.0016425345093011856,0.0019813342951238155,0.7718341946601868,,
1790035450.644143,RAW_IMU,,,,,,,,,0,0,-1012,1,2,2,,,,,
1790035450.666539,ATTITUDE,,,,,,,,,,,,,,,0.0016134545439854264,0.001959654502570629,0.7718328833580017,,
1790035450.6672695,RAW_IMU,,,,,,,,,0,0,-1012,1,2,2,,,,,
1790035450.6842387,ATTITUDE,,,,,,,,,,,,,,,0.0016402271576225758,0.0019724664743989706,0.771832287311554,,
1790035450.6846693,RAW_IMU,,,,,,,,,0,0,-1011,4,3,2,,,,,
1790035450.701819,ATTITUDE,,,,,,,,,,,,,,,0.0016179084777832031,0.0019450867548584938,0.7718330025672913,,
1790035450.7023704,RAW_IMU,,,,,,,,,0,0,-1010,2,2,2,,,,,
1790035450.7198536,GLOBAL_POSITION_INT,-35.3629999,149.1655581,593.76,9.955,-0.01,0.0,-0.01,44.22,,,,,,,,,,,
1790035450.7201083,GPS_RAW_INT,,,,,,,,,,,,,,,,,,6,10
1790035450.7249107,ATTITUDE,,,,,,,,,,,,,,,0.0016780162695795298,0.001986283576115966,0.7718362808227539,,
1790035450.7253704,RAW_IMU,,,,,,,,,0,0,-1010,5,4,2,,,,,
1790035450.7426434,ATTITUDE,,,,,,,,,,,,,,,0.0016929041594266891,0.0019996550399810076,0.7718381881713867,,
1790035450.7430503,RAW_IMU,,,,,,,,,0,0,-1009,4,4,2,,,,,
1790035450.7657619,ATTITUDE,,,,,,,,,,,,,,,0.0016954736784100533,0.0019948636181652546,0.7718381881713867,,
1790035450.7661815,RAW_IMU,,,,,,,,,0,0,-1008,3,2,2,,,,,
1790035450.7835255,ATTITUDE,,,,,,,,,,,,,,,0.0016981702065095305,0.0019910431001335382,0.7718395590782166,,
1790035450.7841854,RAW_IMU,,,,,,,,,0,0,-1008,3,3,2,,,,,
1790035450.8065028,ATTITUDE,,,,,,,,,,,,,,,0.0017021138919517398,0.001989166485145688,0.7718414664268494,,
1790035450.8069682,RAW_IMU,,,,,,,,,0,0,-1008,3,3,2,,,,,
1790035450.8183537,GLOBAL_POSITION_INT,-35.3629999,149.1655581,593.76,9.955,-0.01,0.0,-0.02,44.22,,,,,,,,,,,
1790035450.8187084,GPS_RAW_INT,,,,,,,,,,,,,,,,,,6,10
1790035450.8240852,ATTITUDE,,,,,,,,,,,,,,,0.0017067549051716924,0.001985331764444709,0.7718462944030762,,
1790035450.8245287,RAW_IMU,,,,,,,,,0,0,-1008,3,3,3,,,,,
1790035450.8418813,ATTITUDE,,,,,,,,,,,,,,,0.0017163930460810661,0.0019834626000374556,0.7718496322631836,,
1790035450.8422232,RAW_IMU,,,,,,,,,0,0,-1008,3,3,3,,,,,
1790035450.8649578,ATTITUDE,,,,,,,,,,,,,,,0.0017730967374518514,0.002019535982981324,0.7718504667282104,,
1790035450.8656027,RAW_IMU,,,,,,,,,0,0,-1007,6,4,2,,,,,
1790035450.8826203,ATTITUDE,,,,,,,,,,,,,,,0.0017695528222247958,0.0020232992246747017,0.7718509435653687,,
1790035450.8832488,RAW_IMU,,,,,,,,,0,0,-1007,3,3,2,,,,,
1790035450.905749,ATTITUDE,,,,,,,,,,,,,,,0.0018521711463108659,0.00208216137252748,0.7718527913093567,,
1790035450.9062405,RAW_IMU,,,,,,,,,0,0,-1006,7,5,2,,,,,
1790035450.9175687,GLOBAL_POSITION_INT,-35.3629999,149.1655581,593.76,9.956,-0.01,0.0,-0.03,44.22,,,,,,,,,,,
1790035450.9178097,GPS_RAW_INT,,,,,,,,,,,,,,,,,,6,10
1790035450.9232848,ATTITUDE,,,,,,,,,,,,,,,0.0018723616376519203,0.0021112540271133184,0.771854817867279,,
1790035450.9236975,RAW_IMU,,,,,,,,,0,0,-1006,4,5,2,,,,,
1790035450.9463992,ATTITUDE,,,,,,,,,,,,,,,0.0018878417322412133,0.002122599631547928,0.7718571424484253,,
1790035450.9466918,RAW_IMU,,,,,,,,,0,0,-1005,3,3,2,,,,,
1790035450.9640696,ATTITUDE,,,,,,,,,,,,,,,0.0019028697861358523,0.0021320844534784555,0.7718582153320312,,
1790035450.964356,RAW_IMU,,,,,,,,,0,0,-1005,4,3,3,,,,,
1790035450.9819217,ATTITUDE,,,,,,,,,,,,,,,0.0019184851553291082,0.002141800709068775,0.7718600630760193,,
1790035450.9822507,RAW_IMU,,,,,,,,,0,0,-1005,4,3,2,,,,,
1790035451.0049112,ATTITUDE,,,,,,,,,,,,,,,0.001933428575284779,0.002151645952835679,0.7718623876571655,,
1790035451.0053144,RAW_IMU,,,,,,,,,0,0,-1005,4,3,2,,,,,
1790035451.0166605,GLOBAL_POSITION_INT,-35.3629999,149.1655581,593.76,9.958,-0.01,0.0,-0.03,44.22,,,,,,,,,,,
1790035451.0169973,GPS_RAW_INT,,,,,,,,,,,,,,,,,,6,10
1790035451.0225608,ATTITUDE,,,,,,,,,,,,,,,0.0019494127482175827,0.0021625610534101725,0.7718658447265625,,
1790035451.022975,RAW_IMU,,,,,,,,,0,0,-1005,4,3,2,,,,,
1790035451.0456681,ATTITUDE,,,,,,,,,,,,,,,0.001968666445463896,0.0021740994416177273,0.7718687653541565,,
1790035451.0460563,RAW_IMU,,,,,,,,,0,0,-1005,4,3,3,,,,,
1790035451.0632932,ATTITUDE,,,,,,,,,,,,,,,0.0020337491296231747,0.0022040626499801874,0.7718688249588013,,
1790035451.063821,RAW_IMU,,,,,,,,,0,0,-1004,6,4,2,,,,,
1790035451.0864248,ATTITUDE,,,,,,,,,,,,,,,0.0020282668992877007,0.002229210687801242,0.7718704342842102,,
1790035451.086872,RAW_IMU,,,,,,,,,0,0,-1003,3,4,2,,,,,
1790035451.1041625,ATTITUDE,,,,,,,,,,,,,,,0.0021022253204137087,0.0022726496681571007,0.7718715071678162,,
1790035451.1045427,RAW_IMU,,,,,,,,,0,0,-1003,6,4,2,,,,,
1790035451.1214786,GLOBAL_POSITION_INT,-35.3629999,149.1655581,593.77,9.96,-0.01,0.0,-0.03,44.22,,,,,,,,,,,
1790035451.1216927,GPS_RAW_INT,,,,,,,,,,,,,,,,,,6,10
1790035451.122489,ATTITUDE,,,,,,,,,,,,,,,0.002115025417879224,0.002314003650099039,0.7718726992607117,,
1790035451.1230648,RAW_IMU,,,,,,,,,0,0,-1003,4,5,2,,,,,
1790035451.144872,ATTITUDE,,,,,,,,,,,,,,,0.002121618250384927,0.002340481150895357,0.7718721032142639,,
1790035451.1454287,RAW_IMU,,,,,,,,,0,0,-1002,3,4,2,,,,,
1790035451.1625729,ATTITUDE,,,,,,,,,,,,,,,0.002129361964762211,0.002417324110865593,0.7718683481216431,,
1790035451.1629336,RAW_IMU,,,,,,,,,0,0,-1002,3,7,2,,,,,
1790035451.1856368,ATTITUDE,,,,,,,,,,,,,,,0.002136204158887267,0.0024920289870351553,0.7718667387962341,,
1790035451.1860619,RAW_IMU,,,,,,,,,0,0,-1002,3,7,2,,,,,
1790035451.2033174,ATTITUDE,,,,,,,,,,,,,,,0.0021442470606416464,0.0025637908838689327,0.771865725517273,,
1790035451.2038314,RAW_IMU,,,,,,,,,0,0,-1002,3,6,2,,,,,
1790035451.222238,GLOBAL_POSITION_INT,-35.3629999,149.1655581,593.77,9.962,-0.01,0.0,-0.03,44.22,,,,,,,,,,,
1790035451.2226706,GPS_RAW_INT,,,,,,,,,,,,,,,,,,6,10
1790035451.2262065,ATTITUDE,,,,,,,,,,,,,,,0.002150843385607004,0.002632328774780035,0.7718653678894043,,
1790035451.2265863,RAW_IMU,,,,,,,,,0,0,-1002,3,6,2,,,,,
1790035451.243946,ATTITUDE,,,,,,,,,,,,,,,0.002159829717129469,0.0026990061160176992,0.7718663811683655,,
1790035451.2443147,RAW_IMU,,,,,,,,,0,0,-1002,3,6,2,,,,,
1790035451.2615867,ATTITUDE,,,,,,,,,,,,,,,0.002168974606320262,0.002763274824246764,0.771865963935852,,
1790035451.2620065,RAW_IMU,,,,,,,,,0,0,-1002,3,6,2,,,,,
1790035451.2848864,ATTITUDE,,,,,,,,,,,,,,,0.002173117594793439,0.0028217830695211887,0.7718653678894043,,
1790035451.285217,RAW_IMU,,,,,,,,,0,0,-1002,3,6,2,,,,,
1790035451.3024368,ATTITUDE,,,,,,,,,,,,,,,0.0022129681892693043,0.002853944431990385,0.771867036819458,,
1790035451.3028247,RAW_IMU,,,,,,,,,0,0,-1001,5,5,2,,,,,
1790035451.3198597,GLOBAL_POSITION_INT,-35.3629999,149.1655581,593.77,9.965,-0.01,0.0,-0.03,44.22,,,,,,,,,,,
1790035451.3202496,GPS_RAW_INT,,,,,,,,,,,,,,,,,,6,10
1790035451.3255181,ATTITUDE,,,,,,,,,,,,,,,0.002226154087111354,0.002871972508728504,0.7718678712844849,,
1790035451.3262446,RAW_IMU,,,,,,,,,0,0,-1000,4,3,2,,,,,
1790035451.343278,ATTITUDE,,,,,,,,,,,,,,,0.002300663385540247,0.0028544727247208357,0.7718678116798401,,
1790035451.3437886,RAW_IMU,,,,,,,,,0,0,-1000,6,2,2,,,,,
1790035451.3663287,ATTITUDE,,,,,,,,,,,,,,,0.0023152045905590057,0.0028690341860055923,0.7718653082847595,,
1790035451.3667347,RAW_IMU,,,,,,,,,0,0,-1000,4,3,2,,,,,
1790035451.3840244,ATTITUDE,,,,,,,,,,,,,,,0.0023844698444008827,0.002837259089574218,0.7718615531921387,,
1790035451.3845272,RAW_IMU,,,,,,,,,0,0,-1000,6,2,2,,,,,
1790035451.4024723,ATTITUDE,,,,,,,,,,,,,,,0.0024068213533610106,0.0028362770099192858,0.7718586921691895,,
1790035451.4028397,RAW_IMU,,,,,,,,,0,0,-999,4,2,2,,,,,
1790035451.419792,GLOBAL_POSITION_INT,-35.3629999,149.1655581,593.77,9.968,-0.01,0.0,-0.03,44.22,,,,,,,,,,,
1790035451.420133,GPS_RAW_INT,,,,,,,,,,,,,,,,,,6,10
1790035451.4255326,ATTITUDE,,,,,,,,,,,,,,,0.0024763501714915037,0.002808122895658016,0.7718560099601746,,
1790035451.425926,RAW_IMU,,,,,,,,,0,0,-999,6,2,2,,,,,
1790035451.4431813,ATTITUDE,,,,,,,,,,,,,,,0.0025462592020630836,0.002782516647130251,0.7718527913093567,,
1790035451.4435728,RAW_IMU,,,,,,,,,0,0,-999,6,1,2,,,,,
1790035451.466227,ATTITUDE,,,,,,,,,,,,,,,0.002614513738080859,0.0027976904530078173,0.7718464136123657,,
1790035451.4669008,RAW_IMU,,,,,,,,,0,0,-999,6,4,2,,,,,
1790035451.4840548,ATTITUDE,,,,,,,,,,,,,,,0.0026769284158945084,0.0027391342446208,0.7718378305435181,,
1790035451.4844635,RAW_IMU,,,,,,,,,0,0,-999,6,0,2,,,,,
1790035451.5015182,ATTITUDE,,,,,,,,,,,,,,,0.002735326299443841,0.002743754768744111,0.7718302011489868,,
1790035451.502047,RAW_IMU,,,,,,,,,0,0,-999,6,3,2,,,,,
1790035451.5189395,GLOBAL_POSITION_INT,-35.3629999,149.1655581,593.78,9.971,-0.01,0.0,-0.03,44.22,,,,,,,,,,,
1790035451.519524,GPS_RAW_INT,,,,,,,,,,,,,,,,,,6,10
1790035451.5246973,ATTITUDE,,,,,,,,,,,,,,,0.002792798448354006,0.002749092411249876,0.7718237638473511,,
1790035451.5250738,RAW_IMU,,,,,,,,,0,0,-999,6,3,2,,,,,
1790035451.5423453,ATTITUDE,,,,,,,,,,,,,,,0.002847648924216628,0.002754311077296734,0.7718192338943481,,
1790035451.542718,RAW_IMU,,,,,,,,,0,0,-998,6,3,2,,,,,
1790035451.565469,ATTITUDE,,,,,,,,,,,,,,,0.0029009697027504444,0.0027605739887803793,0.7718132138252258,,
1790035451.5658705,RAW_IMU,,,,,,,,,0,0,-999,6,3,2,,,,,
1790035451.5832357,ATTITUDE,,,,,,,,,,,,,,,0.002952238544821739,0.002766981488093734,0.7718073725700378,,
1790035451.5838282,RAW_IMU,,,,,,,,,0,0,-999,5,3,2,,,,,
1790035451.6062646,ATTITUDE,,,,,,,,,,,,,,,0.0030022969003766775,0.002773587591946125,0.7718027234077454,,
1790035451.6066418,RAW_IMU,,,,,,,,,0,0,-999,5,3,2,,,,,
1790035451.6180923,GLOBAL_POSITION_INT,-35.3629999,149.1655581,593.78,9.974,-0.01,0.0,-0.03,44.22,,,,,,,,,,,
1790035451.618449,GPS_RAW_INT,,,,,,,,,,,,,,,,,,6,10
1790035451.623834,ATTITUDE,,,,,,,,,,,,,,,0.0030513254459947348,0.0027807538863271475,0.7717985510826111,,
1790035451.624266,RAW_IMU,,,,,,,,,0,0,-999,5,3,2,,,,,
1790035451.641835,ATTITUDE,,,,,,,,,,,,,,,0.003099860390648246,0.002787743229418993,0.771796703338623,,
1790035451.6425698,RAW_IMU,,,,,,,,,0,0,-999,5,3,2,,,,,
1790035451.6646404,ATTITUDE,,,,,,,,,,,,,,,0.003144873771816492,0.002794726053252816,0.7717933058738708,,
1790035451.6650038,RAW_IMU,,,,,,,,,0,0,-999,5,3,2,,,,,
1790035451.6823022,ATTITUDE,,,,,,,,,,,,,,,0.0031724409200251102,0.002798659959807992,0.7717897295951843,,
1790035451.6825902,RAW_IMU,,,,,,,,,0,0,-998,4,3,2,,,,,
1790035451.7055004,ATTITUDE,,,,,,,,,,,,,,,0.0031748756300657988,0.002803405513986945,0.771786093711853,,
1790035451.7060096,RAW_IMU,,,,,,,,,0,0,-999,3,3,2,,,,,
1790035451.718234,GLOBAL_POSITION_INT,-35.3629999,149.1655581,593.78,9.976,-0.01,0.0,-0.03,44.22,,,,,,,,,,,
1790035451.7186894,GPS_RAW_INT,,,,,,,,,,,,,,,,,,6,10
1790035451.7229116,ATTITUDE,,,,,,,,,,,,,,,0.003167779417708516,0.002807639306411147,0.7717857360839844,,
1790035451.7234848,RAW_IMU,,,,,,,,,0,0,-998,3,3,2,,,,,
1790035451.740798,ATTITUDE,,,,,,,,,,,,,,,0.003104274393990636,0.0027892603538930416,0.771785318851471,,
1790035451.7413657,RAW_IMU,,,,,,,,,0,0,-998,0,2,2,,,,,
1790035451.7638125,ATTITUDE,,,,,,,,,,,,,,,0.00308849080465734,0.002791399136185646,0.7717823386192322,,
1790035451.764213,RAW_IMU,,,,,,,,,0,0,-998,2,3,2,,,,,
1790035451.7815628,ATTITUDE,,,,,,,,,,,,,,,0.0029971085023134947,0.002733497880399227,0.7717785835266113,,
1790035451.7820144,RAW_IMU,,,,,,,,,0,0,-997,-1,0,2,,,,,
1790035451.8044336,ATTITUDE,,,,,,,,,,,,,,,0.0029888080898672342,0.002756991423666477,0.7717767357826233,,
1790035451.8047042,RAW_IMU,,,,,,,,,0,0,-998,2,3,2,,,,,
1790035451.8164399,GLOBAL_POSITION_INT,-35.3629999,149.1655581,593.78,9.979,-0.01,0.0,-0.02,44.21,,,,,,,,,,,
1790035451.8168702,GPS_RAW_INT,,,,,,,,,,,,,,,,,,6,10
1790035451.822112,ATTITUDE,,,,,,,,,,,,,,,0.0028968616388738155,0.0027075125835835934,0.7717760801315308,,
1790035451.8227797,RAW_IMU,,,,,,,,,0,0,-997,0,1,2,,,,,
1790035451.8398137,ATTITUDE,,,,,,,,,,,,,,,0.002877608872950077,0.0027267150580883026,0.7717769145965576,,
1790035451.8404489,RAW_IMU,,,,,,,,,0,0,-998,1,3,2,,,,,
1790035451.8629484,ATTITUDE,,,,,,,,,,,,,,,0.002810163889080286,0.0026866274420171976,0.7717764377593994,,
1790035451.8632407,RAW_IMU,,,,,,,,,0,0,-998,0,1,2,,,,,
1790035451.8808374,ATTITUDE,,,,,,,,,,,,,,,0.0027630515396595,0.0026736168656498194,0.7717757225036621,,
1790035451.8811839,RAW_IMU,,,,,,,,,0,0,-998,0,2,2,,,,,
1790035451.903734,ATTITUDE,,,,,,,,,,,,,,,0.0027048063930124044,0.0026607022155076265,0.7717760801315308,,
1790035451.9043672,RAW_IMU,,,,,,,,,0,0,-998,1,3,2,,,,,
1790035451.915522,GLOBAL_POSITION_INT,-35.3629999,149.1655581,593.79,9.981,-0.01,0.0,-0.02,44.21,,,,,,,,,,,
1790035451.9158702,GPS_RAW_INT,,,,,,,,,,,,,,,,,,6,10
1790035451.921276,ATTITUDE,,,,,,,,,,,,,,,0.002655002987012267,0.002636415883898735,0.7717804312705994,,
1790035451.9219847,RAW_IMU,,,,,,,,,0,0,-997,0,1,3,,,,,
1790035451.9444222,ATTITUDE,,,,,,,,,,,,,,,0.0026218753773719072,0.0026450769510120153,0.7717849016189575,,
1790035451.945106,RAW_IMU,,,,,,,,,0,0,-998,2,4,3,,,,,
1790035451.962239,ATTITUDE,,,,,,,,,,,,,,,0.00257959496229887,0.0026140681002289057,0.7717867493629456,,
1790035451.96256,RAW_IMU,,,,,,,,,0,0,-998,0,1,3,,,,,
1790035451.9800553,ATTITUDE,,,,,,,,,,,,,,,0.0025488256942480803,0.002644006162881851,0.7717891335487366,,
1790035451.9804332,RAW_IMU,,,,,,,,,0,0,-998,2,4,3,,,,,
1790035452.3822067,GLOBAL_POSITION_INT,-35.3629999,149.1655581,593.79,9.985,-0.01,0.0,-0.01,44.22,,,,,,,,,,,
1790035452.38294,GPS_RAW_INT,,,,,,,,,,,,,,,,,,6,10
1790035452.3834095,RAW_IMU,,,,,,,,,0,0,-999,3,4,3,,,,,
1790035452.3834841,RAW_IMU,,,,,,,,,0,0,-999,3,4,3,,,,,
1790035452.3836327,RAW_IMU,,,,,,,,,0,0,-999,3,4,3,,,,,
1790035452.383722,ATTITUDE,,,,,,,,,,,,,,,0.002427245955914259,0.002876797690987587,0.7718407511711121,,
1790035452.383811,RAW_IMU,,,,,,,,,0,0,-999,3,4,3,,,,,
1790035452.3839397,ATTITUDE,,,,,,,,,,,,,,,0.002424003090709448,0.0028966956306248903,0.771843433380127,,
1790035452.3840644,RAW_IMU,,,,,,,,,0,0,-999,3,4,3,,,,,
1790035452.3841481,ATTITUDE,,,,,,,,,,,,,,,0.0024207420647144318,0.0029168184846639633,0.7718475461006165,,
1790035452.3842556,RAW_IMU,,,,,,,,,0,0,-999,3,4,3,,,,,
1790035452.3843358,ATTITUDE,,,,,,,,,,,,,,,0.0024186065420508385,0.002936884295195341,0.7718537449836731,,
1790035452.384442,RAW_IMU,,,,,,,,,0,0,-999,3,4,3,,,,,
1790035452.3845801,ATTITUDE,,,,,,,,,,,,,,,0.0024168118834495544,0.0029559305403381586,0.7718605995178223,,
1790035452.3846872,RAW_IMU,,,,,,,,,0,0,-999,3,4,3,,,,,
1790035452.3847678,ATTITUDE,,,,,,,,,,,,,,,0.002419940894469619,0.002974860370159149,0.7718653678894043,,
1790035452.384889,RAW_IMU,,,,,,,,,0,0,-999,3,4,3,,,,,
1790035452.3849666,ATTITUDE,,,,,,,,,,,,,,,0.0024370152968913317,0.0029924632981419563,0.7718701958656311,,
1790035452.38507,RAW_IMU,,,,,,,,,0,0,-999,4,4,3,,,,,
1790035452.3851535,GLOBAL_POSITION_INT,-35.3629999,149.1655581,593.79,9.986,-0.01,0.0,-0.01,44.22,,,,,,,,,,,
1790035452.3852592,GPS_RAW_INT,,,,,,,,,,,,,,,,,,6,10
1790035452.4004226,ATTITUDE,,,,,,,,,,,,,,,0.0024542014580219984,0.003010624321177602,0.7718758583068848,,
1790035452.401016,RAW_IMU,,,,,,,,,0,0,-999,4,4,3,,,,,
1790035452.423612,ATTITUDE,,,,,,,,,,,,,,,0.002471278654411435,0.0030293134041130543,0.7718827724456787,,
1790035452.4240787,RAW_IMU,,,,,,,,,0,0,-999,4,4,3,,,,,
1790035452.4411328,ATTITUDE,,,,,,,,,,,,,,,0.0024882270954549313,0.0030489021446555853,0.7718906998634338,,
1790035452.4415445,RAW_IMU,,,,,,,,,0,0,-999,4,4,3,,,,,
1790035452.4642162,ATTITUDE,,,,,,,,,,,,,,,0.002506448421627283,0.0030674918089061975,0.771896243095398,,
1790035452.4647512,RAW_IMU,,,,,,,,,0,0,-999,4,4,3,,,,,
1790035452.481976,ATTITUDE,,,,,,,,,,,,,,,0.002517668530344963,0.00308099202811718,0.7719016671180725,,
1790035452.4824407,RAW_IMU,,,,,,,,,0,0,-999,4,4,3,,,,,
1790035452.4827263,GLOBAL_POSITION_INT,-35.3629999,149.1655581,593.79,9.986,-0.01,0.0,-0.01,44.22,,,,,,,,,,,
1790035452.4832048,GPS_RAW_INT,,,,,,,,,,,,,,,,,,6,10
1790035452.4996047,ATTITUDE,,,,,,,,,,,,,,,0.0025296444073319435,0.003093619830906391,0.7719083428382874,,
1790035452.500106,RAW_IMU,,,,,,,,,0,0,-999,4,4,3,,,,,
1790035452.522696,ATTITUDE,,,,,,,,,,,,,,,0.0025401287712156773,0.003105577314272523,0.7719157934188843,,
1790035452.5230896,RAW_IMU,,,,,,,,,0,0,-999,4,4,3,,,,,
1790035452.5403478,ATTITUDE,,,,,,,,,,,,,,,0.0025516205932945013,0.003117841435596347,0.7719244360923767,,
1790035452.540734,RAW_IMU,,,,,,,,,0,0,-999,4,4,3,,,,,
1790035452.5635676,ATTITUDE,,,,,,,,,,,,,,,0.0025640588719397783,0.0031296408269554377,0.7719331383705139,,
1790035452.5639777,RAW_IMU,,,,,,,,,0,0,-999,4,4,3,,,,,
1790035452.5812702,ATTITUDE,,,,,,,,,,,,,,,0.0025750279892235994,0.0031416353303939104,0.7719398140907288,,
1790035452.5817752,RAW_IMU,,,,,,,,,0,0,-999,4,4,3,,,,,
1790035452.5821662,GLOBAL_POSITION_INT,-35.3629999,149.1655581,593.79,9.986,-0.01,0.0,-0.01,44.22,,,,,,,,,,,
1790035452.5824819,GPS_RAW_INT,,,,,,,,,,,,,,,,,,6,10
1790035452.6046257,ATTITUDE,,,,,,,,,,,,,,,0.002586717950180173,0.0031653253827244043,0.7719500064849854,,
1790035452.6051733,RAW_IMU,,,,,,,,,0,0,-999,3,4,3,,,,,
1790035452.622071,ATTITUDE,,,,,,,,,,,,,,,0.0026366906240582466,0.0031573367305099964,0.771956205368042,,
1790035452.6225214,RAW_IMU,,,,,,,,,0,0,-1000,5,3,3,,,,,
1790035452.6452603,ATTITUDE,,,,,,,,,,,,,,,0.002704615704715252,0.003211601870134473,0.7719600200653076,,
1790035452.6455364,RAW_IMU,,,,,,,,,0,0,-1000,6,5,2,,,,,
1790035452.6627781,ATTITUDE,,,,,,,,,,,,,,,0.0027682834770530462,0.003198642749339342,0.771958589553833,,
1790035452.6631582,RAW_IMU,,,,,,,,,0,0,-1000,6,3,2,,,,,
1790035452.6860008,ATTITUDE,,,,,,,,,,,,,,,0.002825139556080103,0.003232288174331188,0.7719534635543823,,
1790035452.6871798,RAW_IMU,,,,,,,,,0,0,-1000,6,4,2,,,,,
1790035452.6874516,GLOBAL_POSITION_INT,-35.3629999,149.1655581,593.79,9.987,-0.01,0.0,-0.01,44.22,,,,,,,,,,,
1790035452.6876833,GPS_RAW_INT,,,,,,,,,,,,,,,,,,6,10
1790035452.7036445,ATTITUDE,,,,,,,,,,,,,,,0.0028808279894292355,0.0032130104955285788,0.7719459533691406,,
1790035452.70427,RAW_IMU,,,,,,,,,0,0,-1000,6,3,2,,,,,
1790035452.7265906,ATTITUDE,,,,,,,,,,,,,,,0.0029342391062527895,0.003247334621846676,0.7719346284866333,,
1790035452.7271636,RAW_IMU,,,,,,,,,0,0,-1000,6,4,2,,,,,
1790035452.7445154,ATTITUDE,,,,,,,,,,,,,,,0.003020206931978464,0.0032300713937729597,0.7719213366508484,,
1790035452.7452133,RAW_IMU,,,,,,,,,0,0,-1001,7,3,2,,,,,
1790035452.7620792,ATTITUDE,,,,,,,,,,,,,,,0.0030320363584905863,0.0032713438849896193,0.7719058394432068,,
1790035452.7624729,RAW_IMU,,,,,,,,,0,0,-1001,4,4,2,,,,,
1790035452.7852552,ATTITUDE,,,,,,,,,,,,,,,0.0031316792592406273,0.0032653335947543383,0.7718926072120667,,
1790035452.7858775,RAW_IMU,,,,,,,,,0,0,-1001,7,3,2,,,,,
1790035452.786378,GLOBAL_POSITION_INT,-35.3629999,149.1655581,593.79,9.987,-0.01,0.0,-0.01,44.22,,,,,,,,,,,
1790035452.786822,GPS_RAW_INT,,,,,,,,,,,,,,,,,,6,10
1790035452.8029625,ATTITUDE,,,,,,,,,,,,,,,0.003159151878207922,0.0033092587254941463,0.7718786597251892,,
1790035452.8035777,RAW_IMU,,,,,,,,,0,0,-1001,5,4,2,,,,,
1790035452.8260887,ATTITUDE,,,,,,,,,,,,,,,0.003249110421165824,0.003317784983664751,0.7718676924705505,,
1790035452.8265023,RAW_IMU,,,,,,,,,0,0,-1001,7,4,2,,,,,
1790035452.8435955,ATTITUDE,,,,,,,,,,,,,,,0.003264590399339795,0.0033438701648265123,0.7718585133552551,,
1790035452.8441644,RAW_IMU,,,,,,,,,0,0,-1000,4,3,2,,,,,
1790035452.8668005,ATTITUDE,,,,,,,,,,,,,,,0.003343323478475213,0.003351416438817978,0.7718478441238403,,
1790035452.8676467,RAW_IMU,,,,,,,,,0,0,-1001,6,4,2,,,,,
1790035452.8846714,ATTITUDE,,,,,,,,,,,,,,,0.0033399462699890137,0.003354204585775733,0.7718392014503479,,
1790035452.8853815,RAW_IMU,,,,,,,,,0,0,-1001,3,3,2,,,,,
1790035452.8859673,GLOBAL_POSITION_INT,-35.3629999,149.1655581,593.79,9.987,-0.01,0.0,-0.01,44.22,,,,,,,,,,,
1790035452.8875184,GPS_RAW_INT,,,,,,,,,,,,,,,,,,6,10
1790035452.9019868,ATTITUDE,,,,,,,,,,,,,,,0.0034106445964425802,0.0033750361762940884,0.771831214427948,,
1790035452.9025621,RAW_IMU,,,,,,,,,0,0,-1001,6,5,2,,,,,
1790035452.9252963,ATTITUDE,,,,,,,,,,,,,,,0.003398007480427623,0.003348130267113447,0.7718245983123779,,
1790035452.926162,RAW_IMU,,,,,,,,,0,0,-1000,3,1,2,,,,,
1790035452.942745,ATTITUDE,,,,,,,,,,,,,,,0.00346651510335505,0.0033928407356142998,0.7718196511268616,,
1790035452.9434147,RAW_IMU,,,,,,,,,0,0,-1001,6,5,2,,,,,
1790035452.9659474,ATTITUDE,,,,,,,,,,,,,,,0.003450677962973714,0.003363434923812747,0.7718144059181213,,
1790035452.966546,RAW_IMU,,,,,,,,,0,0,-1001,3,2,2,,,,,
1790035452.9838278,ATTITUDE,,,,,,,,,,,,,,,0.0034968529362231493,0.003420983674004674,0.77181077003479,,
1790035452.9844463,RAW_IMU,,,,,,,,,0,0,-1000,4,6,2,,,,,
1790035452.9847753,GLOBAL_POSITION_INT,-35.3629999,149.1655581,593.79,9.988,-0.01,0.0,-0.01,44.22,,,,,,,,,,,
1790035452.985181,GPS_RAW_INT,,,,,,,,,,,,,,,,,,6,10
1790035453.006608,ATTITUDE,,,,,,,,,,,,,,,0.0035094316117465496,0.0034022177569568157,0.7718079090118408,,
1790035453.0070555,RAW_IMU,,,,,,,,,0,0,-1000,4,2,2,,,,,
1790035453.024257,ATTITUDE,,,,,,,,,,,,,,,0.003522950690239668,0.0034581131767481565,0.7718088626861572,,
1790035453.0249176,RAW_IMU,,,,,,,,,0,0,-1000,3,5,2,,,,,
1790035453.0418868,ATTITUDE,,,,,,,,,,,,,,,0.0035704909823834896,0.0034397058188915253,0.7718101739883423,,
1790035453.042516,RAW_IMU,,,,,,,,,0,0,-1001,6,2,2,,,,,
1790035453.0649383,ATTITUDE,,,,,,,,,,,,,,,0.0035542200785130262,0.0034870347008109093,0.7718082070350647,,
1790035453.0655768,RAW_IMU,,,,,,,,,0,0,-1000,2,5,2,,,,,
1790035453.0827637,ATTITUDE,,,,,,,,,,,,,,,0.0036000024992972612,0.0034706362057477236,0.7718102931976318,,
1790035453.0834582,RAW_IMU,,,,,,,,,0,0,-1000,5,3,3,,,,,
1790035453.0837944,GLOBAL_POSITION_INT,-35.3629999,149.1655581,593.79,9.989,-0.01,0.0,-0.01,44.22,,,,,,,,,,,
1790035453.0840611,GPS_RAW_INT,,,,,,,,,,,,,,,,,,6,10
1790035453.1058156,ATTITUDE,,,,,,,,,,,,,,,0.0035613738000392914,0.003502386389300227,0.7718135714530945,,
1790035453.1062593,RAW_IMU,,,,,,,,,0,0,-1000,1,4,3,,,,,
1790035453.1235232,ATTITUDE,,,,,,,,,,,,,,,0.0036095427349209785,0.0035043691750615835,0.7718179821968079,,
1790035453.1237931,RAW_IMU,,,,,,,,,0,0,-1000,5,4,3,,,,,
1790035453.1465764,ATTITUDE,,,,,,,,,,,,,,,0.0035830321721732616,0.0035219434648752213,0.7718219757080078,,
1790035453.1470423,RAW_IMU,,,,,,,,,0,0,-1000,2,3,3,,,,,
1790035453.164163,ATTITUDE,,,,,,,,,,,,,,,0.0036251081619411707,0.003569671418517828,0.7718248963356018,,
1790035453.1647766,RAW_IMU,,,,,,,,,0,0,-1000,5,6,3,,,,,
1790035453.1819046,ATTITUDE,,,,,,,,,,,,,,,0.003605647012591362,0.00355890323407948,0.7718275785446167,,
1790035453.1827698,RAW_IMU,,,,,,,,,0,0,-1000,3,2,3,,,,,
1790035453.1830504,GLOBAL_POSITION_INT,-35.3629999,149.1655581,593.8,9.99,-0.01,0.0,-0.01,44.22,,,,,,,,,,,
1790035453.183453,GPS_RAW_INT,,,,,,,,,,,,,,,,,,6,10
1790035453.2050462,ATTITUDE,,,,,,,,,,,,,,,0.0036392677575349808,0.00361541286110878,0.7718309164047241,,
1790035453.2053788,RAW_IMU,,,,,,,,,0,0,-1000,4,6,3,,,,,
1790035453.223595,ATTITUDE,,,,,,,,,,,,,,,0.003633044194430113,0.0035973049234598875,0.7718352675437927,,
1790035453.2239387,RAW_IMU,,,,,,,,,0,0,-1000,3,2,3,,,,,
1790035453.24579,ATTITUDE,,,,,,,,,,,,,,,0.0036545535549521446,0.0036591249518096447,0.7718397378921509,,
1790035453.2465603,RAW_IMU,,,,,,,,,0,0,-1000,3,6,3,,,,,
1790035453.2633855,ATTITUDE,,,,,,,,,,,,,,,0.0036614921409636736,0.0036225905641913414,0.7718418836593628,,
1790035453.2639687,RAW_IMU,,,,,,,,,0,0,-1000,4,2,3,,,,,
1790035453.287108,ATTITUDE,,,,,,,,,,,,,,,0.0036479400005191565,0.0036575752310454845,0.7718429565429688,,
1790035453.2872982,RAW_IMU,,,,,,,,,0,0,-1000,2,4,2,,,,,
1790035453.2877836,GLOBAL_POSITION_INT,-35.3629999,149.1655581,593.8,9.99,-0.01,0.0,-0.01,44.22,,,,,,,,,,,
1790035453.2882605,GPS_RAW_INT,,,,,,,,,,,,,,,,,,6,10
1790035453.304138,ATTITUDE,,,,,,,,,,,,,,,0.003667611163109541,0.0036337915807962418,0.7718448638916016,,
1790035453.3048286,RAW_IMU,,,,,,,,,0,0,-1000,4,3,3,,,,,
1790035453.3217807,ATTITUDE,,,,,,,,,,,,,,,0.003643481060862541,0.003657031338661909,0.7718452215194702,,
1790035453.3222,RAW_IMU,,,,,,,,,0,0,-1000,2,4,2,,,,,
1790035453.3449519,ATTITUDE,,,,,,,,,,,,,,,0.003682526294142008,0.0036518999841064215,0.7718459367752075,,
1790035453.3453171,RAW_IMU,,,,,,,,,0,0,-1000,5,3,2,,,,,
1790035453.3625124,ATTITUDE,,,,,,,,,,,,,,,0.003719443455338478,0.0036945908796042204,0.7718421220779419,,
1790035453.3628392,RAW_IMU,,,,,,,,,0,0,-1000,5,5,2,,,,,
1790035453.3858757,ATTITUDE,,,,,,,,,,,,,,,0.00375694059766829,0.0037197202909737825,0.7718363404273987,,
1790035453.3865306,RAW_IMU,,,,,,,,,0,0,-1000,5,5,2,,,,,
1790035453.3868117,GLOBAL_POSITION_INT,-35.3629999,149.1655581,593.8,9.991,-0.01,0.0,0.0,44.22,,,,,,,,,,,
1790035453.3870995,GPS_RAW_INT,,,,,,,,,,,,,,,,,,6,10
1790035453.4034266,ATTITUDE,,,,,,,,,,,,,,,0.003793921787291765,0.0037474047858268023,0.7718294858932495,,
1790035453.4037397,RAW_IMU,,,,,,,,,0,0,-1000,5,4,2,,,,,
1790035453.4264874,ATTITUDE,,,,,,,,,,,,,,,0.003830851288512349,0.0038229578640311956,0.7718213796615601,,
1790035453.4269133,RAW_IMU,,,,,,,,,0,0,-1000,5,7,2,,,,,
1790035453.4445634,ATTITUDE,,,,,,,,,,,,,,,0.003845181781798601,0.0038260354194790125,0.7718116641044617,,
1790035453.4447365,RAW_IMU,,,,,,,,,0,0,-1000,4,3,2,,,,,
1790035453.4617195,ATTITUDE,,,,,,,,,,,,,,,0.0038855199236422777,0.0039019668474793434,0.7718003392219543,,
1790035453.4623141,RAW_IMU,,,,,,,,,0,0,-1001,5,7,2,,,,,
1790035453.4849734,ATTITUDE,,,,,,,,,,,,,,,0.0038576212245970964,0.003885995363816619,0.7717891335487366,,
1790035453.4852946,RAW_IMU,,,,,,,,,0,0,-1000,2,3,2,,,,,
1790035453.485592,GLOBAL_POSITION_INT,-35.3629999,149.1655581,593.8,9.991,-0.01,0.0,0.0,44.22,,,,,,,,,,,
1790035453.4859343,GPS_RAW_INT,,,,,,,,,,,,,,,,,,6,10
1790035453.5026805,ATTITUDE,,,,,,,,,,,,,,,0.003901340765878558,0.00395402405411005,0.7717806100845337,,
1790035453.5031219,RAW_IMU,,,,,,,,,0,0,-1000,5,6,2,,,,,
1790035453.5258105,ATTITUDE,,,,,,,,,,,,,,,0.0038678483106195927,0.003951639402657747,0.7717735171318054,,
1790035453.5263002,RAW_IMU,,,,,,,,,0,0,-1000,2,4,2,,,,,
1790035453.5434144,ATTITUDE,,,,,,,,,,,,,,,0.003907626494765282,0.004002700559794903,0.7717688083648682,,
1790035453.5438812,RAW_IMU,,,,,,,,,0,0,-1000,5,5,2,,,,,
1790035453.5664334,ATTITUDE,,,,,,,,,,,,,,,0.0038743859622627497,0.004016404040157795,0.7717636823654175,,
1790035453.5669158,RAW_IMU,,,,,,,,,0,0,-1000,2,4,2,,,,,
1790035453.5841892,ATTITUDE,,,,,,,,,,,,,,,0.003921824973076582,0.004049505107104778,0.7717609405517578,,
1790035453.5847683,RAW_IMU,,,,,,,,,0,0,-1000,5,4,2,,,,,
1790035453.5850716,GLOBAL_POSITION_INT,-35.3629998,149.1655581,593.8,9.991,-0.01,0.0,0.0,44.21,,,,,,,,,,,
1790035453.5853872,GPS_RAW_INT,,,,,,,,,,,,,,,,,,6,10
1790035453.6018019,ATTITUDE,,,,,,,,,,,,,,,0.003888665232807398,0.004077395424246788,0.7717605233192444,,
1790035453.6025884,RAW_IMU,,,,,,,,,0,0,-1000,2,5,2,,,,,
1790035453.6248944,ATTITUDE,,,,,,,,,,,,,,,0.003935725428164005,0.004094620700925589,0.7717612385749817,,
1790035453.6251843,RAW_IMU,,,,,,,,,0,0,-1000,5,3,2,,,,,
1790035453.642575,ATTITUDE,,,,,,,,,,,,,,,0.003910197876393795,0.004157525021582842,0.7717643976211548,,
1790035453.6431067,RAW_IMU,,,,,,,,,0,0,-1001,2,6,2,,,,,
1790035453.6656332,ATTITUDE,,,,,,,,,,,,,,,0.003951235208660364,0.004148387350142002,0.7717660665512085,,
1790035453.6660857,RAW_IMU,,,,,,,,,0,0,-1000,4,2,3,,,,,
1790035453.6834803,ATTITUDE,,,,,,,,,,,,,,,0.003927826415747404,0.004207517486065626,0.7717674970626831,,
1790035453.683741,RAW_IMU,,,,,,,,,0,0,-1000,3,6,3,,,,,
1790035453.6842217,GLOBAL_POSITION_INT,-35.3629998,149.1655581,593.8,9.992,-0.01,0.0,0.0,44.21,,,,,,,,,,,
1790035453.6844745,GPS_RAW_INT,,,,,,,,,,,,,,,,,,6,10
1790035453.706332,ATTITUDE,,,,,,,,,,,,,,,0.003936008550226688,0.004190020728856325,0.7717685699462891,,
1790035453.7067392,RAW_IMU,,,,,,,,,0,0,-1000,3,2,2,,,,,
1790035453.7239141,ATTITUDE,,,,,,,,,,,,,,,0.003943686839193106,0.004241305403411388,0.7717722058296204,,
1790035453.724334,RAW_IMU,,,,,,,,,0,0,-1000,4,5,3,,,,,
1790035453.7418144,ATTITUDE,,,,,,,,,,,,,,,0.00392149155959487,0.0042120665311813354,0.7717778086662292,,
1790035453.7422738,RAW_IMU,,,,,,,,,0,0,-1000,2,2,3,,,,,
1790035453.764887,ATTITUDE,,,,,,,,,,,,,,,0.003956281580030918,0.004262425005435944,0.7717815041542053,,
1790035453.76526,RAW_IMU,,,,,,,,,0,0,-1000,5,5,3,,,,,
1790035453.782684,ATTITUDE,,,,,,,,,,,,,,,0.003940767142921686,0.0042533245868980885,0.7717851996421814,,
1790035453.7832568,RAW_IMU,,,,,,,,,0,0,-1000,2,3,3,,,,,
1790035453.783722,GLOBAL_POSITION_INT,-35.3629998,149.1655581,593.8,9.992,-0.01,0.0,0.0,44.22,,,,,,,,,,,
1790035453.7840126,GPS_RAW_INT,,,,,,,,,,,,,,,,,,6,10
1790035453.8000453,ATTITUDE,,,,,,,,,,,,,,,0.003996464889496565,0.00428655743598938,0.7717896699905396,,
1790035453.8004894,RAW_IMU,,,,,,,,,0,0,-1001,6,4,3,,,,,
1790035453.8231661,ATTITUDE,,,,,,,,,,,,,,,0.00397121487185359,0.004297947511076927,0.7717961668968201,,
1790035453.8233871,RAW_IMU,,,,,,,,,0,0,-1000,2,4,3,,,,,
1790035453.840831,ATTITUDE,,,,,,,,,,,,,,,0.004033702425658703,0.00432666577398777,0.7718028426170349,,
1790035453.8412585,RAW_IMU,,,,,,,,,0,0,-1000,6,4,3,,,,,
1790035453.863954,ATTITUDE,,,,,,,,,,,,,,,0.004010150209069252,0.0043365745805203915,0.7718064188957214,,
1790035453.8645117,RAW_IMU,,,,,,,,,0,0,-1001,3,4,3,,,,,
1790035453.8820975,ATTITUDE,,,,,,,,,,,,,,,0.00402922835201025,0.004342397674918175,0.7718098759651184,,
1790035453.8830779,RAW_IMU,,,,,,,,,0,0,-1001,3,3,3,,,,,
1790035453.8835387,GLOBAL_POSITION_INT,-35.3629998,149.1655581,593.8,9.992,-0.02,0.0,0.0,44.22,,,,,,,,,,,
1790035453.884053,GPS_RAW_INT,,,,,,,,,,,,,,,,,,6,10
1790035453.901314,ATTITUDE,,,,,,,,,,,,,,,0.0040147448889911175,0.004346755333244801,0.7718134522438049,,
1790035453.9022548,RAW_IMU,,,,,,,,,0,0,-1001,3,4,3,,,,,
1790035453.9242759,ATTITUDE,,,,,,,,,,,,,,,0.004020725376904011,0.004353129304945469,0.7718181014060974,,
1790035453.924886,RAW_IMU,,,,,,,,,0,0,-1001,3,3,3,,,,,
1790035453.941908,ATTITUDE,,,,,,,,,,,,,,,0.004026086535304785,0.004358512815088034,0.7718233466148376,,
1790035453.9424934,RAW_IMU,,,,,,,,,0,0,-1001,4,4,3,,,,,
1790035453.9597943,ATTITUDE,,,,,,,,,,,,,,,0.003999795764684677,0.004330373834818602,0.7718257904052734,,
1790035453.9604135,RAW_IMU,,,,,,,,,0,0,-1000,1,1,3,,,,,
1790035453.9831145,ATTITUDE,,,,,,,,,,,,,,,0.004047774709761143,0.004364263266324997,0.7718292474746704,,
1790035453.9836028,RAW_IMU,,,,,,,,,0,0,-1001,6,5,3,,,,,
1790035453.9848201,GLOBAL_POSITION_INT,-35.3629998,149.1655581,593.8,9.992,-0.02,0.0,0.0,44.22,,,,,,,,,,,
1790035453.9851882,GPS_RAW_INT,,,,,,,,,,,,,,,,,,6,10
1790035454.000666,ATTITUDE,,,,,,,,,,,,,,,0.004009375348687172,0.004318548832088709,0.771833062171936,,
1790035454.001063,RAW_IMU,,,,,,,,,0,0,-1001,1,1,3,,,,,
1790035454.024087,ATTITUDE,,,,,,,,,,,,,,,0.004062496591359377,0.004364314954727888,0.7718381285667419,,
1790035454.0244727,RAW_IMU,,,,,,,,,0,0,-1001,5,5,3,,,,,
1790035454.0416992,ATTITUDE,,,,,,,,,,,,,,,0.004029084928333759,0.004328073933720589,0.771844208240509,,
1790035454.0422034,RAW_IMU,,,,,,,,,0,0,-1001,2,2,3,,,,,
1790035454.0645356,ATTITUDE,,,,,,,,,,,,,,,0.004067284520715475,0.004375497344881296,0.7718479633331299,,
1790035454.0649123,RAW_IMU,,,,,,,,,0,0,-1001,4,5,3,,,,,
1790035454.0823479,ATTITUDE,,,,,,,,,,,,,,,0.004038071725517511,0.004335523117333651,0.7718497514724731,,
1790035454.0827384,RAW_IMU,,,,,,,,,0,0,-1001,2,2,3,,,,,
1790035454.0830014,GLOBAL_POSITION_INT,-35.3629998,149.1655581,593.8,9.992,-0.02,0.0,0.0,44.22,,,,,,,,,,,
1790035454.0833669,GPS_RAW_INT,,,,,,,,,,,,,,,,,,6,10
1790035454.0999837,ATTITUDE,,,,,,,,,,,,,,,0.0040228343568742275,0.0043538883328437805,0.7718526124954224,,
1790035454.100436,RAW_IMU,,,,,,,,,0,0,-1001,2,3,3,,,,,
1790035454.1230457,ATTITUDE,,,,,,,,,,,,,,,0.004025440197438002,0.004322619177401066,0.7718555331230164,,
1790035454.1234918,RAW_IMU,,,,,,,,,0,0,-1001,4,2,3,,,,,
1790035454.1405928,ATTITUDE,,,,,,,,,,,,,,,0.003981963265687227,0.0043107555247843266,0.771859347820282,,
1790035454.1409383,RAW_IMU,,,,,,,,,0,0,-1001,1,2,3,,,,,
1790035454.1638517,ATTITUDE,,,,,,,,,,,,,,,0.0040104566141963005,0.0042982096783816814,0.7718607783317566,,
1790035454.1643965,RAW_IMU,,,,,,,,,0,0,-1001,5,3,3,,,,,
1790035454.1816232,ATTITUDE,,,,,,,,,,,,,,,0.003965131007134914,0.00428805872797966,0.7718634009361267,,
1790035454.1823223,RAW_IMU,,,,,,,,,0,0,-1001,1,2,3,,,,,
1790035454.1825948,GLOBAL_POSITION_INT,-35.3629998,149.1655581,593.8,9.992,-0.02,0.0,0.0,44.22,,,,,,,,,,,
1790035454.1832094,GPS_RAW_INT,,,,,,,,,,,,,,,,,,6,10
1790035454.19995,ATTITUDE,,,,,,,,,,,,,,,0.003999612759798765,0.004295623395591974,0.7718638777732849,,
1790035454.2004492,RAW_IMU,,,,,,,,,0,0,-1001,5,4,2,,,,,
1790035454.2231166,ATTITUDE,,,,,,,,,,,,,,,0.003944132477045059,0.004255985375493765,0.7718660831451416,,
1790035454.2237985,RAW_IMU,,,,,,,,,0,0,-1001,1,1,2,,,,,
1790035454.2408006,ATTITUDE,,,,,,,,,,,,,,,0.0039812796749174595,0.004302285145968199,0.7718693017959595,,
1790035454.2415526,RAW_IMU,,,,,,,,,0,0,-1001,4,5,2,,,,,
1790035454.263919,ATTITUDE,,,,,,,,,,,,,,,0.0039588878862559795,0.004258064553141594,0.7718707919120789,,
1790035454.26446,RAW_IMU,,,,,,,,,0,0,-1001,3,1,2,,,,,
1790035454.281803,ATTITUDE,,,,,,,,,,,,,,,0.003966542426496744,0.0042860074900090694,0.7718708515167236,,
1790035454.282283,RAW_IMU,,,,,,,,,0,0,-1001,3,4,2,,,,,
1790035454.282477,GLOBAL_POSITION_INT,-35.3629998,149.1655581,593.8,9.993,-0.02,0.0,0.0,44.22,,,,,,,,,,,
1790035454.2832153,GPS_RAW_INT,,,,,,,,,,,,,,,,,,6,10
1790035454.3000522,ATTITUDE,,,,,,,,,,,,,,,0.0039685871452093124,0.00422795582562685,0.7718706727027893,,
1790035454.3008606,RAW_IMU,,,,,,,,,0,0,-1001,4,1,2,,,,,
1790035454.3231502,ATTITUDE,,,,,,,,,,,,,,,0.003957417793571949,0.004252223763614893,0.7718704342842102,,
1790035454.3236988,RAW_IMU,,,,,,,,,0,0,-1001,2,4,2,,,,,
1790035454.3408108,ATTITUDE,,,,,,,,,,,,,,,0.003959518391638994,0.0042158630676567554,0.7718706727027893,,
1790035454.341426,RAW_IMU,,,,,,,,,0,0,-1000,4,2,2,,,,,
1790035454.363884,ATTITUDE,,,,,,,,,,,,,,,0.0039672572165727615,0.0042527103796601295,0.7718698382377625,,
1790035454.3645742,RAW_IMU,,,,,,,,,0,0,-1001,3,5,2,,,,,
1790035454.3817766,ATTITUDE,,,,,,,,,,,,,,,0.0039725834503769875,0.004216193221509457,0.7718686461448669,,
1790035454.3822706,RAW_IMU,,,,,,,,,0,0,-1000,4,2,2,,,,,
1790035454.38287,GLOBAL_POSITION_INT,-35.3629998,149.1655581,593.8,9.993,-0.02,0.0,0.0,44.22,,,,,,,,,,,
1790035454.3832345,GPS_RAW_INT,,,,,,,,,,,,,,,,,,6,10
1790035454.4045436,ATTITUDE,,,,,,,,,,,,,,,0.003979775123298168,0.004254332277923822,0.7718689441680908,,
1790035454.404921,RAW_IMU,,,,,,,,,0,0,-1000,3,5,2,,,,,
1790035454.4221685,ATTITUDE,,,,,,,,,,,,,,,0.004000497050583363,0.004219836555421352,0.7718690037727356,,
1790035454.4226367,RAW_IMU,,,,,,,,,0,0,-1000,4,2,2,,,,,
1790035454.4397671,ATTITUDE,,,,,,,,,,,,,,,0.003996487706899643,0.004273879807442427,0.771870493888855,,
1790035454.440447,RAW_IMU,,,,,,,,,0,0,-1001,2,5,2,,,,,
1790035454.463012,ATTITUDE,,,,,,,,,,,,,,,0.004018597770482302,0.0042536999098956585,0.7718704342842102,,
1790035454.4636643,RAW_IMU,,,,,,,,,0,0,-1000,4,3,2,,,,,
1790035454.480496,ATTITUDE,,,,,,,,,,,,,,,0.003996283747255802,0.004281097557395697,0.7718676328659058,,
1790035454.4812331,RAW_IMU,,,,,,,,,0,0,-1000,2,4,2,,,,,
1790035454.4814577,GLOBAL_POSITION_INT,-35.3629998,149.1655581,593.8,9.994,-0.02,0.0,0.0,44.22,,,,,,,,,,,
1790035454.4817104,GPS_RAW_INT,,,,,,,,,,,,,,,,,,6,10
1790035454.5037887,ATTITUDE,,,,,,,,,,,,,,,0.004017735831439495,0.004287326708436012,0.7718652486801147,,
1790035454.5043056,RAW_IMU,,,,,,,,,0,0,-1000,4,4,2,,,,,
1790035454.5215466,ATTITUDE,,,,,,,,,,,,,,,0.003977328073233366,0.00427980488166213,0.7718647718429565,,
1790035454.5222945,RAW_IMU,,,,,,,,,0,0,-1000,1,2,2,,,,,
1790035454.5444658,ATTITUDE,,,,,,,,,,,,,,,0.004004699178040028,0.004300150088965893,0.7718658447265625,,
1790035454.54513,RAW_IMU,,,,,,,,,0,0,-1000,4,4,2,,,,,
1790035454.5619924,ATTITUDE,,,,,,,,,,,,,,,0.0039634401910007,0.004275450482964516,0.7718627452850342,,
1790035454.5625165,RAW_IMU,,,,,,,,,0,0,-1000,1,2,2,,,,,
1790035454.5798528,ATTITUDE,,,,,,,,,,,,,,,0.003992167301476002,0.004323193803429604,0.7718595862388611,,
1790035454.580477,RAW_IMU,,,,,,,,,0,0,-1000,4,5,2,,,,,
1790035454.5807884,GLOBAL_POSITION_INT,-35.3629998,149.1655581,593.8,9.994,-0.02,0.0,0.0,44.22,,,,,,,,,,,
1790035454.5811708,GPS_RAW_INT,,,,,,,,,,,,,,,,,,6,10
1790035454.6030996,ATTITUDE,,,,,,,,,,,,,,,0.003970680292695761,0.004289699252694845,0.7718572616577148,,
1790035454.6037388,RAW_IMU,,,,,,,,,0,0,-1000,2,2,2,,,,,
1790035454.62049,ATTITUDE,,,,,,,,,,,,,,,0.003952391445636749,0.004321593325585127,0.7718554735183716,,
1790035454.6210065,RAW_IMU,,,,,,,,,0,0,-1000,2,4,2,,,,,
1790035454.6437316,ATTITUDE,,,,,,,,,,,,,,,0.00394325889647007,0.004290491808205843,0.7718521356582642,,
1790035454.6441743,RAW_IMU,,,,,,,,,0,0,-1000,3,2,2,,,,,
1790035454.6613314,ATTITUDE,,,,,,,,,,,,,,,0.003935874439775944,0.004315790720283985,0.7718448638916016,,
1790035454.661709,RAW_IMU,,,,,,,,,0,0,-1000,3,4,2,,,,,
1790035454.684625,ATTITUDE,,,,,,,,,,,,,,,0.003922915086150169,0.0042741200886666775,0.7718327641487122,,
1790035454.6850984,RAW_IMU,,,,,,,,,0,0,-1000,3,1,2,,,,,
1790035454.685797,GLOBAL_POSITION_INT,-35.3629998,149.1655581,593.8,9.995,-0.02,0.0,0.0,44.22,,,,,,,,,,,
1790035454.6864626,GPS_RAW_INT,,,,,,,,,,,,,,,,,,6,10
1790035454.7022362,ATTITUDE,,,,,,,,,,,,,,,0.003908498212695122,0.004288122523576021,0.7718213200569153,,
1790035454.7028856,RAW_IMU,,,,,,,,,0,0,-1000,3,4,2,,,,,
1790035454.7251534,ATTITUDE,,,,,,,,,,,,,,,0.0039019915275275707,0.0042351484298706055,0.7718106508255005,,
1790035454.726034,RAW_IMU,,,,,,,,,0,0,-1000,3,1,2,,,,,
1790035454.7430854,ATTITUDE,,,,,,,,,,,,,,,0.0038783177733421326,0.004246703814715147,0.7718026638031006,,
1790035454.74359,RAW_IMU,,,,,,,,,0,0,-1001,2,4,2,,,,,
1790035454.7660968,ATTITUDE,,,,,,,,,,,,,,,0.0038938624784350395,0.004200357012450695,0.7717934250831604,,
1790035454.7665389,RAW_IMU,,,,,,,,,0,0,-1000,3,1,2,,,,,
1790035454.783911,ATTITUDE,,,,,,,,,,,,,,,0.003875911235809326,0.004232063423842192,0.7717848420143127,,
1790035454.7845137,RAW_IMU,,,,,,,,,0,0,-1000,3,4,2,,,,,
1790035454.7848327,GLOBAL_POSITION_INT,-35.3629998,149.1655581,593.8,9.995,-0.02,0.0,0.0,44.22,,,,,,,,,,,
1790035454.7851474,GPS_RAW_INT,,,,,,,,,,,,,,,,,,6,10
1790035454.8068447,ATTITUDE,,,,,,,,,,,,,,,0.003903054166585207,0.004191259853541851,0.7717795372009277,,
1790035454.807504,RAW_IMU,,,,,,,,,0,0,-1000,4,1,2,,,,,
1790035454.8246496,ATTITUDE,,,,,,,,,,,,,,,0.0038688478525727987,0.004188476596027613,0.7717764973640442,,
1790035454.8255706,RAW_IMU,,,,,,,,,0,0,-1000,2,2,2,,,,,
1790035454.842314,ATTITUDE,,,,,,,,,,,,,,,0.0038944983389228582,0.0041874730959534645,0.7717759013175964,,
1790035454.8426905,RAW_IMU,,,,,,,,,0,0,-1000,3,3,2,,,,,
1790035454.8653502,ATTITUDE,,,,,,,,,,,,,,,0.0038709305226802826,0.004184762481600046,0.7717772722244263,,
1790035454.8657725,RAW_IMU,,,,,,,,,0,0,-1000,3,3,2,,,,,
1790035454.8831913,ATTITUDE,,,,,,,,,,,,,,,0.0038787496741861105,0.0041776131838560104,0.7717818021774292,,
1790035454.884018,RAW_IMU,,,,,,,,,0,0,-1000,3,3,3,,,,,
1790035454.8844328,GLOBAL_POSITION_INT,-35.3629998,149.1655581,593.8,9.996,-0.03,0.0,0.0,44.21,,,,,,,,,,,
1790035454.8848906,GPS_RAW_INT,,,,,,,,,,,,,,,,,,6,10
1790035454.9061391,ATTITUDE,,,,,,,,,,,,,,,0.0038660061545670033,0.00415881909430027,0.7717900276184082,,
1790035454.9068031,RAW_IMU,,,,,,,,,0,0,-1000,3,2,3,,,,,
1790035454.9238148,ATTITUDE,,,,,,,,,,,,,,,0.0038380443584173918,0.004144493956118822,0.771800696849823,,
1790035454.9243822,RAW_IMU,,,,,,,,,0,0,-1000,1,2,3,,,,,
1790035454.9467824,ATTITUDE,,,,,,,,,,,,,,,0.003845776431262493,0.004136305768042803,0.771812379360199,,
1790035454.9473221,RAW_IMU,,,,,,,,,0,0,-1001,4,3,3,,,,,
1790035454.9644117,ATTITUDE,,,,,,,,,,,,,,,0.0038056790363043547,0.004113408736884594,0.7718222737312317,,
1790035454.9648404,RAW_IMU,,,,,,,,,0,0,-1001,1,2,3,,,,,
1790035454.9821906,ATTITUDE,,,,,,,,,,,,,,,0.0038344990462064743,0.004122461657971144,0.7718319892883301,,
1790035454.982674,RAW_IMU,,,,,,,,,0,0,-1000,5,4,3,,,,,
1790035454.9831905,GLOBAL_POSITION_INT,-35.3629998,149.1655581,593.8,9.996,-0.03,0.0,0.0,44.22,,,,,,,,,,,
1790035454.9836018,GPS_RAW_INT,,,,,,,,,,,,,,,,,,6,10
1790035455.005257,ATTITUDE,,,,,,,,,,,,,,,0.003794309450313449,0.004075757693499327,0.7718431353569031,,
1790035455.0056684,RAW_IMU,,,,,,,,,0,0,-1000,1,1,3,,,,,
1790035455.0227883,ATTITUDE,,,,,,,,,,,,,,,0.0038202875293791294,0.00409592455253005,0.7718539834022522,,
1790035455.0236418,RAW_IMU,,,,,,,,,0,0,-1000,4,4,3,,,,,
1790035455.0461442,ATTITUDE,,,,,,,,,,,,,,,0.003783443244174123,0.004053762182593346,0.7718636989593506,,
1790035455.0466416,RAW_IMU,,,,,,,,,0,0,-1000,2,1,3,,,,,
1790035455.0636597,ATTITUDE,,,,,,,,,,,,,,,0.003774454118683934,0.004076749086380005,0.7718700170516968,,
1790035455.0642912,RAW_IMU,,,,,,,,,0,0,-1000,2,4,3,,,,,
1790035455.0869253,ATTITUDE,,,,,,,,,,,,,,,0.003748653456568718,0.004010217729955912,0.7718737721443176,,
1790035455.0874317,RAW_IMU,,,,,,,,,0,0,-1000,2,0,3,,,,,
1790035455.0879898,GLOBAL_POSITION_INT,-35.3629998,149.1655581,593.8,9.996,-0.03,0.0,0.0,44.22,,,,,,,,,,,
1790035455.088523,GPS_RAW_INT,,,,,,,,,,,,,,,,,,6,10
1790035455.1044283,ATTITUDE,,,,,,,,,,,,,,,0.0037261215038597584,0.004025470465421677,0.7718769311904907,,
1790035455.1048677,RAW_IMU,,,,,,,,,0,0,-1001,2,4,3,,,,,
1790035455.1221378,ATTITUDE,,,,,,,,,,,,,,,0.0037010014057159424,0.003958746790885925,0.7718788981437683,,
1790035455.1229362,RAW_IMU,,,,,,,,,0,0,-1001,2,0,3,,,,,
1790035455.1453905,ATTITUDE,,,,,,,,,,,,,,,0.0036634798161685467,0.003973752725869417,0.771881639957428,,
1790035455.146048,RAW_IMU,,,,,,,,,0,0,-1001,1,3,2,,,,,
1790035455.1628458,ATTITUDE,,,,,,,,,,,,,,,0.0036568802315741777,0.003914118278771639,0.7718823552131653,,
1790035455.1632833,RAW_IMU,,,,,,,,,0,0,-1001,3,1,3,,,,,
1790035455.1863124,ATTITUDE,,,,,,,,,,,,,,,0.0036219062749296427,0.00392561312764883,0.7718827724456787,,
1790035455.1867747,RAW_IMU,,,,,,,,,0,0,-1001,1,3,2,,,,,
1790035455.1871533,GLOBAL_POSITION_INT,-35.3629997,149.1655581,593.8,9.996,-0.03,0.0,0.0,44.22,,,,,,,,,,,
1790035455.1874645,GPS_RAW_INT,,,,,,,,,,,,,,,,,,6,10
1790035455.2036357,ATTITUDE,,,,,,,,,,,,,,,0.003640388837084174,0.0038815645966678858,0.7718819975852966,,
1790035455.2040627,RAW_IMU,,,,,,,,,0,0,-1000,4,1,2,,,,,
1790035455.2266018,ATTITUDE,,,,,,,,,,,,,,,0.0036050970666110516,0.0039029198233038187,0.771881639957428,,
1790035455.2272477,RAW_IMU,,,,,,,,,0,0,-1000,1,3,2,,,,,
1790035455.2443411,ATTITUDE,,,,,,,,,,,,,,,0.003629980143159628,0.0038898109924048185,0.7718815803527832,,
1790035455.244827,RAW_IMU,,,,,,,,,0,0,-1001,4,3,2,,,,,
1790035455.2620215,ATTITUDE,,,,,,,,,,,,,,,0.0035926683340221643,0.0038799915928393602,0.7718788385391235,,
1790035455.2625113,RAW_IMU,,,,,,,,,0,0,-1001,1,2,2,,,,,
1790035455.285281,ATTITUDE,,,,,,,,,,,,,,,0.003624378005042672,0.00386415864340961,0.7718765735626221,,
1790035455.2857242,RAW_IMU,,,,,,,,,0,0,-1001,5,3,2,,,,,
1790035455.286306,GLOBAL_POSITION_INT,-35.3629997,149.1655581,593.8,9.995,-0.03,0.0,0.0,44.22,,,,,,,,,,,
1790035455.2867143,GPS_RAW_INT,,,,,,,,,,,,,,,,,,6,10
1790035455.302831,ATTITUDE,,,,,,,,,,,,,,,0.003575801383703947,0.003813553601503372,0.7718743681907654,,
1790035455.3033886,RAW_IMU,,,,,,,,,0,0,-1001,1,0,2,,,,,
1790035455.3260791,ATTITUDE,,,,,,,,,,,,,,,0.00360065302811563,0.003827391192317009,0.7718735337257385,,
1790035455.3267238,RAW_IMU,,,,,,,,,0,0,-1001,4,4,2,,,,,
1790035455.3437195,ATTITUDE,,,,,,,,,,,,,,,0.0035542200785130262,0.0037865815684199333,0.7718735933303833,,
1790035455.3442163,RAW_IMU,,,,,,,,,0,0,-1001,1,1,2,,,,,
1790035455.3667138,ATTITUDE,,,,,,,,,,,,,,,0.0035795988515019417,0.003801546525210142,0.7718711495399475,,
1790035455.367452,RAW_IMU,,,,,,,,,0,0,-1001,4,4,2,,,,,
1790035455.3845341,ATTITUDE,,,,,,,,,,,,,,,0.003547788131982088,0.0037611264269798994,0.7718678116798401,,
1790035455.3852224,RAW_IMU,,,,,,,,,0,0,-1001,2,1,2,,,,,
1790035455.385923,GLOBAL_POSITION_INT,-35.3629997,149.1655581,593.8,9.995,-0.03,0.0,0.0,44.22,,,,,,,,,,,
1790035455.3863194,GPS_RAW_INT,,,,,,,,,,,,,,,,,,6,10
1790035455.4020348,ATTITUDE,,,,,,,,,,,,,,,0.0035942373797297478,0.0037903033662587404,0.7718667984008789,,
1790035455.4026258,RAW_IMU,,,,,,,,,0,0,-1001,5,4,2,,,,,
1790035455.4251106,ATTITUDE,,,,,,,,,,,,,,,0.0035496531054377556,0.003735253354534507,0.7718656063079834,,
1790035455.4257853,RAW_IMU,,,,,,,,,0,0,-1001,1,0,2,,,,,
1790035455.4428859,ATTITUDE,,,,,,,,,,,,,,,0.0035936590284109116,0.0037739607505500317,0.7718645334243774,,
1790035455.4434726,RAW_IMU,,,,,,,,,0,0,-1001,5,5,2,,,,,
1790035455.466042,ATTITUDE,,,,,,,,,,,,,,,0.003565723542124033,0.0037324626464396715,0.7718607783317566,,
1790035455.4664862,RAW_IMU,,,,,,,,,0,0,-1001,2,1,2,,,,,
1790035455.4837248,ATTITUDE,,,,,,,,,,,,,,,0.0035782826598733664,0.0037565112579613924,0.7718579173088074,,
1790035455.4842584,RAW_IMU,,,,,,,,,0,0,-1001,3,4,2,,,,,
1790035455.4847991,GLOBAL_POSITION_INT,-35.3629997,149.1655581,593.8,9.995,-0.03,0.0,0.0,44.22,,,,,,,,,,,
1790035455.485568,GPS_RAW_INT,,,,,,,,,,,,,,,,,,6,10
1790035455.5068216,ATTITUDE,,,,,,,,,,,,,,,0.0035578818060457706,0.0036962886806577444,0.7718547582626343,,
1790035455.5074184,RAW_IMU,,,,,,,,,0,0,-1001,3,1,2,,,,,
1790035455.5243378,ATTITUDE,,,,,,,,,,,,,,,0.003537690034136176,0.0037032505497336388,0.7718536853790283,,
1790035455.5247293,RAW_IMU,,,,,,,,,0,0,-1001,2,3,2,,,,,
1790035455.5419831,ATTITUDE,,,,,,,,,,,,,,,0.0035525884013623,0.0036925009917467833,0.7718532681465149,,
1790035455.5423563,RAW_IMU,,,,,,,,,0,0,-1001,4,3,2,,,,,
1790035455.5651128,ATTITUDE,,,,,,,,,,,,,,,0.0035211038775742054,0.0036819002125412226,0.7718506455421448,,
1790035455.5654757,RAW_IMU,,,,,,,,,0,0,-1001,1,2,2,,,,,
1790035455.5827496,ATTITUDE,,,,,,,,,,,,,,,0.003562360070645809,0.0036902455613017082,0.7718467712402344,,
1790035455.5832055,RAW_IMU,,,,,,,,,0,0,-1001,5,4,2,,,,,
1790035455.5835712,GLOBAL_POSITION_INT,-35.3629997,149.1655581,593.8,9.995,-0.03,0.0,0.0,44.22,,,,,,,,,,,
1790035455.5838566,GPS_RAW_INT,,,,,,,,,,,,,,,,,,6,10
1790035455.606085,ATTITUDE,,,,,,,,,,,,,,,0.003529205685481429,0.003665788797661662,0.771845817565918,,
1790035455.6063457,RAW_IMU,,,,,,,,,0,0,-1001,2,2,2,,,,,
1790035455.6234992,ATTITUDE,,,,,,,,,,,,,,,0.003565754508599639,0.003691601101309061,0.7718452215194702,,
1790035455.6238487,RAW_IMU,,,,,,,,,0,0,-1001,5,4,2,,,,,
1790035455.646567,ATTITUDE,,,,,,,,,,,,,,,0.003522627055644989,0.00366020854562521,0.771845817565918,,
1790035455.6469104,RAW_IMU,,,,,,,,,0,0,-1001,1,1,2,,,,,
1790035455.6642385,ATTITUDE,,,,,,,,,,,,,,,0.0035728937946259975,0.0036969834472984076,0.7718449831008911,,
1790035455.6646025,RAW_IMU,,,,,,,,,0,0,-1001,5,5,2,,,,,
1790035455.6819959,ATTITUDE,,,,,,,,,,,,,,,0.0035295954439789057,0.0036531344521790743,0.771842360496521,,
1790035455.6825688,RAW_IMU,,,,,,,,,0,0,-1001,2,1,2,,,,,
1790035455.682892,GLOBAL_POSITION_INT,-35.3629997,149.1655581,593.8,9.996,-0.03,0.0,0.0,44.22,,,,,,,,,,,
1790035455.683274,GPS_RAW_INT,,,,,,,,,,,,,,,,,,6,10
1790035455.7050893,ATTITUDE,,,,,,,,,,,,,,,0.003555247327312827,0.0036882979329675436,0.7718425989151001,,
1790035455.705824,RAW_IMU,,,,,,,,,0,0,-1001,4,5,2,,,,,
1790035455.7237866,ATTITUDE,,,,,,,,,,,,,,,0.003521522507071495,0.0036332826130092144,0.7718445658683777,,
1790035455.724523,RAW_IMU,,,,,,,,,0,0,-1001,2,1,2,,,,,
1790035455.7459564,ATTITUDE,,,,,,,,,,,,,,,0.003535154741257429,0.0036605808418244123,0.7718470096588135,,
1790035455.7463183,RAW_IMU,,,,,,,,,0,0,-1001,3,4,2,,,,,
1790035455.7634327,ATTITUDE,,,,,,,,,,,,,,,0.0035016231704503298,0.003612061031162739,0.7718474268913269,,
1790035455.7638295,RAW_IMU,,,,,,,,,0,0,-1001,2,1,3,,,,,
1790035455.7866197,ATTITUDE,,,,,,,,,,,,,,,0.00350224319845438,0.003636660287156701,0.7718491554260254,,
1790035455.7870207,RAW_IMU,,,,,,,,,0,0,-1001,3,4,3,,,,,
1790035455.7873132,GLOBAL_POSITION_INT,-35.3629997,149.1655581,593.8,9.996,-0.03,0.0,0.0,44.22,,,,,,,,,,,
1790035455.787675,GPS_RAW_INT,,,,,,,,,,,,,,,,,,6,10
1790035455.8041797,ATTITUDE,,,,,,,,,,,,,,,0.0035176926758140326,0.003612198866903782,0.7718508839607239,,
1790035455.8045378,RAW_IMU,,,,,,,,,0,0,-1000,4,3,2,,,,,
1790035455.8217535,ATTITUDE,,,,,,,,,,,,,,,0.003493143245577812,0.003608806524425745,0.7718526124954224,,
1790035455.822164,RAW_IMU,,,,,,,,,0,0,-1001,2,2,2,,,,,
1790035455.8450315,ATTITUDE,,,,,,,,,,,,,,,0.003522576065734029,0.0036047438625246286,0.771854817867279,,
1790035455.8453066,RAW_IMU,,,,,,,,,0,0,-1001,4,3,2,,,,,
1790035455.8625126,ATTITUDE,,,,,,,,,,,,,,,0.003491937881335616,0.0035878573544323444,0.7718542814254761,,
1790035455.8629272,RAW_IMU,,,,,,,,,0,0,-1000,1,2,2,,,,,
1790035455.8802276,ATTITUDE,,,,,,,,,,,,,,,0.003528144210577011,0.003616196336224675,0.7718533277511597,,
1790035455.8806663,RAW_IMU,,,,,,,,,0,0,-1001,5,5,2,,,,,
1790035455.8812973,GLOBAL_POSITION_INT,-35.3629997,149.1655581,593.8,9.996,-0.03,0.0,0.0,44.22,,,,,,,,,,,
1790035455.8816218,GPS_RAW_INT,,,,,,,,,,,,,,,,,,6,10
1790035455.9032228,ATTITUDE,,,,,,,,,,,,,,,0.0034851878881454468,0.003581184195354581,0.7718512415885925,,
1790035455.903604,RAW_IMU,,,,,,,,,0,0,-1000,1,2,2,,,,,
1790035455.9209793,ATTITUDE,,,,,,,,,,,,,,,0.0035182044375687838,0.0036187143996357918,0.7718504071235657,,
1790035455.921514,RAW_IMU,,,,,,,,,0,0,-1000,4,5,2,,,,,
1790035455.9440596,ATTITUDE,,,,,,,,,,,,,,,0.003474137745797634,0.0035702669993042946,0.7718508243560791,,
1790035455.9445415,RAW_IMU,,,,,,,,,0,0,-1000,2,1,2,,,,,
1790035455.9617617,ATTITUDE,,,,,,,,,,,,,,,0.0034846633207052946,0.00360375945456326,0.7718486785888672,,
1790035455.9622366,RAW_IMU,,,,,,,,,0,0,-1000,3,4,2,,,,,
1790035455.9849756,ATTITUDE,,,,,,,,,,,,,,,0.0034667234867811203,0.003565502818673849,0.7718467116355896,,
1790035455.9853451,RAW_IMU,,,,,,,,,0,0,-1000,3,2,2,,,,,
1790035455.9856799,GLOBAL_POSITION_INT,-35.3629997,149.1655581,593.8,9.997,-0.03,0.0,0.0,44.22,,,,,,,,,,,
1790035455.9864204,GPS_RAW_INT,,,,,,,,,,,,,,,,,,6,10
1790035456.0029342,ATTITUDE,,,,,,,,,,,,,,,0.0034337269607931376,0.003596181282773614,0.771842896938324,,
1790035456.003488,RAW_IMU,,,,,,,,,0,0,-1000,1,4,2,,,,,
1790035456.0209024,ATTITUDE,,,,,,,,,,,,,,,0.003402440808713436,0.003558626864105463,0.7718387246131897,,
1790035456.0213065,RAW_IMU,,,,,,,,,0,0,-1000,1,2,2,,,,,
1790035456.0441504,ATTITUDE,,,,,,,,,,,,,,,0.0033921790309250355,0.0036109734792262316,0.7718341946601868,,
1790035456.044758,RAW_IMU,,,,,,,,,0,0,-1000,2,5,2,,,,,
1790035456.0617447,ATTITUDE,,,,,,,,,,,,,,,0.003371519735082984,0.003588110441341996,0.7718250155448914,,
1790035456.0621886,RAW_IMU,,,,,,,,,0,0,-1000,2,3,2,,,,,
1790035456.0848563,ATTITUDE,,,,,,,,,,,,,,,0.003360476577654481,0.0035934383049607277,0.7718163728713989,,
1790035456.0851703,RAW_IMU,,,,,,,,,0,0,-1001,2,3,2,,,,,
1790035456.0855875,GLOBAL_POSITION_INT,-35.3629997,149.1655581,593.8,9.997,-0.03,0.0,0.0,44.22,,,,,,,,,,,
1790035456.0860264,GPS_RAW_INT,,,,,,,,,,,,,,,,,,6,10
1790035456.1026373,ATTITUDE,,,,,,,,,,,,,,,0.0033626165241003036,0.003578734816983342,0.7718077898025513,,
1790035456.1029778,RAW_IMU,,,,,,,,,0,0,-1001,4,3,2,,,,,
1790035456.1200066,ATTITUDE,,,,,,,,,,,,,,,0.003335930174216628,0.003566880477592349,0.7718009352684021,,
1790035456.1203072,RAW_IMU,,,,,,,,,0,0,-1001,2,2,2,,,,,
1790035456.143374,ATTITUDE,,,,,,,,,,,,,,,0.0033485780004411936,0.0035862147342413664,0.7717949748039246,,
1790035456.1437082,RAW_IMU,,,,,,,,,0,0,-1001,4,5,2,,,,,
1790035456.1608176,ATTITUDE,,,,,,,,,,,,,,,0.0033181917387992144,0.003554985160008073,0.7717883586883545,,
1790035456.1612117,RAW_IMU,,,,,,,,,0,0,-1000,1,1,2,,,,,
1790035456.184082,ATTITUDE,,,,,,,,,,,,,,,0.003356887958943844,0.0035861642099916935,0.7717835307121277,,
1790035456.1844404,RAW_IMU,,,,,,,,,0,0,-1000,5,5,2,,,,,
1790035456.1850698,GLOBAL_POSITION_INT,-35.3629997,149.1655581,593.8,9.998,-0.03,0.0,0.0,44.21,,,,,,,,,,,
1790035456.1854355,GPS_RAW_INT,,,,,,,,,,,,,,,,,,6,10
1790035456.2017176,ATTITUDE,,,,,,,,,,,,,,,0.0033113944809883833,0.0035468251444399357,0.7717788815498352,,
1790035456.2021854,RAW_IMU,,,,,,,,,0,0,-1000,1,1,2,,,,,
1790035456.2246785,ATTITUDE,,,,,,,,,,,,,,,0.0033569475635886192,0.0035702758468687534,0.7717775106430054,,
1790035456.2249503,RAW_IMU,,,,,,,,,0,0,-1000,5,4,2,,,,,
1790035456.2424088,ATTITUDE,,,,,,,,,,,,,,,0.0033330447040498257,0.00357465329580009,0.7717795372009277,,
1790035456.2427292,RAW_IMU,,,,,,,,,0,0,-1000,3,3,2,,,,,
1790035456.2600944,ATTITUDE,,,,,,,,,,,,,,,0.003341322299093008,0.003565507009625435,0.7717839479446411,,
1790035456.2606547,RAW_IMU,,,,,,,,,0,0,-1000,3,2,3,,,,,
1790035456.2831857,ATTITUDE,,,,,,,,,,,,,,,0.0033463758882135153,0.003554518800228834,0.7717893123626709,,
1790035456.2837925,RAW_IMU,,,,,,,,,0,0,-1000,4,3,3,,,,,
1790035456.284138,GLOBAL_POSITION_INT,-35.3629997,149.1655581,593.8,9.998,-0.03,0.0,0.0,44.22,,,,,,,,,,,
1790035456.2843874,GPS_RAW_INT,,,,,,,,,,,,,,,,,,6,10
1790035456.300846,ATTITUDE,,,,,,,,,,,,,,,0.0033056889660656452,0.0035405599046498537,0.7717974185943604,,
1790035456.3016534,RAW_IMU,,,,,,,,,0,0,-1000,1,3,3,,,,,
1790035456.3240023,ATTITUDE,,,,,,,,,,,,,,,0.0033186529763042927,0.003528171218931675,0.7718098163604736,,
1790035456.3243697,RAW_IMU,,,,,,,,,0,0,-1000,4,3,3,,,,,
1790035456.3416145,ATTITUDE,,,,,,,,,,,,,,,0.0032809111289680004,0.003520210739225149,0.7718250751495361,,
1790035456.3419125,RAW_IMU,,,,,,,,,0,0,-1000,1,3,3,,,,,
1790035456.3647168,ATTITUDE,,,,,,,,,,,,,,,0.0033041806891560555,0.0035188777837902308,0.771838366985321,,
1790035456.3650784,RAW_IMU,,,,,,,,,0,0,-1000,4,3,3,,,,,
1790035456.3823624,ATTITUDE,,,,,,,,,,,,,,,0.00325279263779521,0.0035245276521891356,0.7718519568443298,,
1790035456.3827364,RAW_IMU,,,,,,,,,0,0,-1001,1,4,3,,,,,
1790035456.3830497,GLOBAL_POSITION_INT,-35.3629997,149.1655581,593.8,9.998,-0.03,0.0,0.0,44.22,,,,,,,,,,,
1790035456.3833768,GPS_RAW_INT,,,,,,,,,,,,,,,,,,6,10
1790035456.4000542,ATTITUDE,,,,,,,,,,,,,,,0.0032844997476786375,0.0035338399466127157,0.7718638777732849,,
1790035456.4006822,RAW_IMU,,,,,,,,,0,0,-1000,4,3,3,,,,,
1790035456.4231436,ATTITUDE,,,,,,,,,,,,,,,0.003262175479903817,0.0035246871411800385,0.7718765139579773,,
1790035456.4235916,RAW_IMU,,,,,,,,,0,0,-1000,2,3,3,,,,,
1790035456.4408028,ATTITUDE,,,,,,,,,,,,,,,0.0032363366335630417,0.0035360672045499086,0.7718876004219055,,
1790035456.4413059,RAW_IMU,,,,,,,,,0,0,-1000,2,3,3,,,,,
1790035456.4639866,ATTITUDE,,,,,,,,,,,,,,,0.0032132358755916357,0.0035462118685245514,0.7718930840492249,,
1790035456.4645996,RAW_IMU,,,,,,,,,0,0,-1000,2,4,3,,,,,
1790035456.4815822,ATTITUDE,,,,,,,,,,,,,,,0.0031857562717050314,0.003553135087713599,0.7718949317932129,,
1790035456.481927,RAW_IMU,,,,,,,,,0,0,-1000,2,3,3,,,,,
1790035456.482343,GLOBAL_POSITION_INT,-35.3629997,149.1655581,593.8,9.998,-0.03,0.0,0.0,44.22,,,,,,,,,,,
1790035456.482617,GPS_RAW_INT,,,,,,,,,,,,,,,,,,6,10
1790035456.5047948,ATTITUDE,,,,,,,,,,,,,,,0.0031583996023982763,0.0035574487410485744,0.7718929052352905,,
1790035456.5052574,RAW_IMU,,,,,,,,,0,0,-1000,2,4,2,,,,,
1790035456.522287,ATTITUDE,,,,,,,,,,,,,,,0.003133797785267234,0.0035288918297737837,0.7718904614448547,,
1790035456.5227656,RAW_IMU,,,,,,,,,0,0,-1000,2,1,2,,,,,
1790035456.5399132,ATTITUDE,,,,,,,,,,,,,,,0.0031492921989411116,0.003561920253559947,0.7718865275382996,,
1790035456.5403502,RAW_IMU,,,,,,,,,0,0,-1000,4,5,2,,,,,
1790035456.5631652,ATTITUDE,,,,,,,,,,,,,,,0.00314237829297781,0.0035263316240161657,0.7718770503997803,,
1790035456.5636046,RAW_IMU,,,,,,,,,0,0,-1000,3,1,2,,,,,
1790035456.5807285,ATTITUDE,,,,,,,,,,,,,,,0.003191010095179081,0.003578689182177186,0.7718692421913147,,
1790035456.5812306,RAW_IMU,,,,,,,,,0,0,-1000,6,6,2,,,,,
1790035456.581572,GLOBAL_POSITION_INT,-35.3629997,149.1655581,593.8,9.998,-0.03,0.0,0.0,44.22,,,,,,,,,,,
1790035456.5818777,GPS_RAW_INT,,,,,,,,,,,,,,,,,,6,10
1790035456.6041853,ATTITUDE,,,,,,,,,,,,,,,0.0031716141384094954,0.003547410015016794,0.7718626856803894,,
1790035456.6045814,RAW_IMU,,,,,,,,,0,0,-1001,2,2,2,,,,,
1790035456.622202,ATTITUDE,,,,,,,,,,,,,,,0.0032170219346880913,0.003600702853873372,0.7718570232391357,,
1790035456.6225019,RAW_IMU,,,,,,,,,0,0,-1001,5,5,2,,,,,
1790035456.6399078,ATTITUDE,,,,,,,,,,,,,,,0.0031980141066014767,0.0035683216992765665,0.7718507647514343,,
1790035456.6404862,RAW_IMU,,,,,,,,,0,0,-1000,2,2,2,,,,,
1790035456.6630723,ATTITUDE,,,,,,,,,,,,,,,0.00325760361738503,0.0036002297420054674,0.7718430161476135,,
1790035456.6633835,RAW_IMU,,,,,,,,,0,0,-1001,6,4,2,,,,,
1790035456.6807914,ATTITUDE,,,,,,,,,,,,,,,0.003224253887310624,0.00356091046705842,0.771834671497345,,
1790035456.6811707,RAW_IMU,,,,,,,,,0,0,-1001,2,2,2,,,,,
1790035456.681585,GLOBAL_POSITION_INT,-35.3629997,149.1655581,593.8,9.998,-0.03,0.0,0.0,44.22,,,,,,,,,,,
1790035456.6819038,GPS_RAW_INT,,,,,,,,,,,,,,,,,,6,10
1790035456.703939,ATTITUDE,,,,,,,,,,,,,,,0.0032576299272477627,0.0035770575050264597,0.7718275785446167,,
1790035456.7046633,RAW_IMU,,,,,,,,,0,0,-1001,4,3,2,,,,,
1790035456.721393,ATTITUDE,,,,,,,,,,,,,,,0.0032374393194913864,0.0035484719555824995,0.7718230485916138,,
1790035456.721826,RAW_IMU,,,,,,,,,0,0,-1000,3,2,2,,,,,
1790035456.7446916,ATTITUDE,,,,,,,,,,,,,,,0.0032590252812951803,0.0035532256588339806,0.7718177437782288,,
1790035456.7452264,RAW_IMU,,,,,,,,,0,0,-1000,4,3,2,,,,,
1790035456.762197,ATTITUDE,,,,,,,,,,,,,,,0.0032493392936885357,0.003538980148732662,0.7718116641044617,,
1790035456.7625952,RAW_IMU,,,,,,,,,0,0,-1001,3,3,2,,,,,
1790035456.785555,ATTITUDE,,,,,,,,,,,,,,,0.0032675520051270723,0.003552028676494956,0.771805465221405,,
1790035456.7859929,RAW_IMU,,,,,,,,,0,0,-1001,4,3,2,,,,,
1790035456.7863593,GLOBAL_POSITION_INT,-35.3629997,149.1655581,593.8,9.998,-0.03,0.0,0.0,44.22,,,,,,,,,,,
1790035456.786723,GPS_RAW_INT,,,,,,,,,,,,,,,,,,6,10
1790035456.80319,ATTITUDE,,,,,,,,,,,,,,,0.0032776580192148685,0.0035284962505102158,0.7718021869659424,,
1790035456.803698,RAW_IMU,,,,,,,,,0,0,-1001,4,3,2,,,,,
1790035456.8263366,ATTITUDE,,,,,,,,,,,,,,,0.0032887367997318506,0.0035522321704775095,0.7718001008033752,,
1790035456.8267455,RAW_IMU,,,,,,,,,0,0,-1001,3,3,2,,,,,
1790035456.8439567,ATTITUDE,,,,,,,,,,,,,,,0.003329315222799778,0.0035447997506707907,0.7718005776405334,,
1790035456.8441896,RAW_IMU,,,,,,,,,0,0,-1001,5,3,2,,,,,
1790035456.8670106,ATTITUDE,,,,,,,,,,,,,,,0.003312003333121538,0.003537362441420555,0.7717974781990051,,
1790035456.8675945,RAW_IMU,,,,,,,,,0,0,-1001,2,2,2,,,,,
1790035456.8847182,ATTITUDE,,,,,,,,,,,,,,,0.0033413926139473915,0.0035244470927864313,0.7717958092689514,,
1790035456.8852015,RAW_IMU,,,,,,,,,0,0,-1000,5,3,2,,,,,
1790035456.8857381,GLOBAL_POSITION_INT,-35.3629997,149.1655581,593.8,9.998,-0.03,0.0,0.0,44.22,,,,,,,,,,,
1790035456.8862016,GPS_RAW_INT,,,,,,,,,,,,,,,,,,6,10
1790035456.9022307,ATTITUDE,,,,,,,,,,,,,,,0.0033023471478372812,0.003510829294100404,0.7717944383621216,,
1790035456.90271,RAW_IMU,,,,,,,,,0,0,-1001,1,2,2,,,,,
1790035456.9254608,ATTITUDE,,,,,,,,,,,,,,,0.0033284188248217106,0.003497741185128689,0.7717945575714111,,
1790035456.9259055,RAW_IMU,,,,,,,,,0,0,-1001,4,3,2,,,,,
1790035456.9431012,ATTITUDE,,,,,,,,,,,,,,,0.003291717730462551,0.003487982554361224,0.7717971205711365,,
1790035456.9435875,RAW_IMU,,,,,,,,,0,0,-1001,1,2,3,,,,,
1790035456.9663439,ATTITUDE,,,,,,,,,,,,,,,0.0033303014934062958,0.0034934806171804667,0.7717971801757812,,
1790035456.9668796,RAW_IMU,,,,,,,,,0,0,-1001,5,4,3,,,,,
1790035456.9839115,ATTITUDE,,,,,,,,,,,,,,,0.0033018006943166256,0.003484001848846674,0.7717989683151245,,
1790035456.984328,RAW_IMU,,,,,,,,,0,0,-1001,2,2,3,,,,,
1790035456.9851,GLOBAL_POSITION_INT,-35.3629997,149.1655581,593.8,9.998,-0.03,0.0,0.0,44.22,,,,,,,,,,,
1790035456.9854777,GPS_RAW_INT,,,,,,,,,,,,,,,,,,6,10
1790035457.0070682,ATTITUDE,,,,,,,,,,,,,,,0.0033606162760406733,0.0035086385905742645,0.7718015313148499,,
1790035457.0075083,RAW_IMU,,,,,,,,,0,0,-1001,6,5,3,,,,,
1790035457.0245478,ATTITUDE,,,,,,,,,,,,,,,0.003332893829792738,0.003486341331154108,0.7718032598495483,,
1790035457.024984,RAW_IMU,,,,,,,,,0,0,-1001,2,2,3,,,,,
1790035457.0423303,ATTITUDE,,,,,,,,,,,,,,,0.0033841943368315697,0.0035095850471407175,0.7718077301979065,,
1790035457.0427732,RAW_IMU,,,,,,,,,0,0,-1001,5,4,3,,,,,
1790035457.0653615,ATTITUDE,,,,,,,,,,,,,,,0.003375174943357706,0.003476666985079646,0.7718092203140259,,
1790035457.0659628,RAW_IMU,,,,,,,,,0,0,-1001,3,1,3,,,,,
1790035457.0831976,ATTITUDE,,,,,,,,,,,,,,,0.0033910328056663275,0.003504984313622117,0.7718106508255005,,
1790035457.0839121,RAW_IMU,,,,,,,,,0,0,-1001,3,5,3,,,,,
1790035457.084223,GLOBAL_POSITION_INT,-35.3629997,149.1655581,593.8,9.999,-0.03,0.0,0.0,44.22,,,,,,,,,,,
1790035457.084557,GPS_RAW_INT,,,,,,,,,,,,,,,,,,6,10
1790035457.106292,ATTITUDE,,,,,,,,,,,,,,,0.003375658532604575,0.0034594915341585875,0.771812915802002,,
1790035457.1070347,RAW_IMU,,,,,,,,,0,0,-1001,3,1,3,,,,,
1790035457.1239133,ATTITUDE,,,,,,,,,,,,,,,0.0033912654034793377,0.003492658957839012,0.7718150019645691,,
1790035457.124383,RAW_IMU,,,,,,,,,0,0,-1001,3,5,3,,,,,
1790035457.1470864,ATTITUDE,,,,,,,,,,,,,,,0.003376370994374156,0.0034545836970210075,0.7718179821968079,,
1790035457.148035,RAW_IMU,,,,,,,,,0,0,-1001,3,1,3,,,,,
1790035457.1662812,ATTITUDE,,,,,,,,,,,,,,,0.003391709877178073,0.003514308715239167,0.7718185186386108,,
1790035457.1669292,RAW_IMU,,,,,,,,,0,0,-1001,3,6,3,,,,,
1790035457.1864789,ATTITUDE,,,,,,,,,,,,,,,0.0033778829965740442,0.00348877371288836,0.7718197703361511,,
1790035457.1884496,RAW_IMU,,,,,,,,,0,0,-1001,3,3,3,,,,,
1790035457.1886604,GLOBAL_POSITION_INT,-35.3629997,149.1655581,593.8,9.999,-0.03,0.0,0.0,44.22,,,,,,,,,,,
1790035457.1888852,GPS_RAW_INT,,,,,,,,,,,,,,,,,,6,10
1790035457.2050235,ATTITUDE,,,,,,,,,,,,,,,0.0033934295643121004,0.003511509858071804,0.7718229293823242,,
1790035457.2062538,RAW_IMU,,,,,,,,,0,0,-1001,3,3,3,,,,,
1790035457.2310643,ATTITUDE,,,,,,,,,,,,,,,0.0033990051597356796,0.0035062178503721952,0.7718261480331421,,
1790035457.231966,RAW_IMU,,,,,,,,,0,0,-1000,4,3,3,,,,,
1790035457.2437308,ATTITUDE,,,,,,,,,,,,,,,0.0034026214852929115,0.0035298552829772234,0.7718311548233032,,
1790035457.2450502,RAW_IMU,,,,,,,,,0,0,-1000,3,4,3,,,,,
1790035457.267649,ATTITUDE,,,,,,,,,,,,,,,0.003403515089303255,0.003521020757034421,0.7718319296836853,,
1790035457.2683353,RAW_IMU,,,,,,,,,0,0,-1000,3,3,3,,,,,
1790035457.2851958,ATTITUDE,,,,,,,,,,,,,,,0.003388373414054513,0.0035246526822447777,0.7718324065208435,,
1790035457.2865462,RAW_IMU,,,,,,,,,0,0,-1001,2,3,3,,,,,
1790035457.2871695,GLOBAL_POSITION_INT,-35.3629997,149.1655581,593.8,9.999,-0.03,0.0,0.0,44.22,,,,,,,,,,,
1790035457.2879057,GPS_RAW_INT,,,,,,,,,,,,,,,,,,6,10
1790035457.306904,ATTITUDE,,,,,,,,,,,,,,,0.003383130766451359,0.0035087724681943655,0.7718316912651062,,
1790035457.3077867,RAW_IMU,,,,,,,,,0,0,-1000,3,3,3,,,,,
1790035457.325934,ATTITUDE,,,,,,,,,,,,,,,0.00336864753626287,0.0034964154474437237,0.7718300819396973,,
1790035457.3270316,RAW_IMU,,,,,,,,,0,0,-1001,2,2,2,,,,,
1790035457.3436155,ATTITUDE,,,,,,,,,,,,,,,0.00338360364548862,0.003514399053528905,0.7718312740325928,,
1790035457.3447008,RAW_IMU,,,,,,,,,0,0,-1001,4,4,2,,,,,
1790035457.3621151,ATTITUDE,,,,,,,,,,,,,,,0.00335775432176888,0.003505562199279666,0.771827757358551,,
1790035457.36261,RAW_IMU,,,,,,,,,0,0,-1000,2,2,2,,,,,
1790035457.3854117,ATTITUDE,,,,,,,,,,,,,,,0.0033949753269553185,0.0035414956510066986,0.771825909614563,,
1790035457.3857405,RAW_IMU,,,,,,,,,0,0,-1000,5,5,2,,,,,
1790035457.3863015,GLOBAL_POSITION_INT,-35.3629997,149.1655581,593.8,9.999,-0.03,0.0,0.0,44.22,,,,,,,,,,,
1790035457.3865848,GPS_RAW_INT,,,,,,,,,,,,,,,,,,6,10
1790035457.4031305,ATTITUDE,,,,,,,,,,,,,,,0.0033560548909008503,0.003495885292068124,0.7718236446380615,,
1790035457.4034665,RAW_IMU,,,,,,,,,0,0,-1000,1,1,2,,,,,
1790035457.4261465,ATTITUDE,,,,,,,,,,,,,,,0.003400359768420458,0.0035497620701789856,0.7718235850334167,,
1790035457.4265122,RAW_IMU,,,,,,,,,0,0,-1000,5,5,2,,,,,
1790035457.4437933,ATTITUDE,,,,,,,,,,,,,,,0.003366490127518773,0.003512625116854906,0.7718247175216675,,
1790035457.4441674,RAW_IMU,,,,,,,,,0,0,-1000,2,2,2,,,,,
1790035457.4668536,ATTITUDE,,,,,,,,,,,,,,,0.0033902395516633987,0.0035360415931791067,0.7718225121498108,,
1790035457.467213,RAW_IMU,,,,,,,,,0,0,-1000,4,3,2,,,,,
1790035457.4845197,ATTITUDE,,,,,,,,,,,,,,,0.0033625622745603323,0.0035259120631963015,0.7718195915222168,,
1790035457.4849544,RAW_IMU,,,,,,,,,0,0,-1000,2,3,2,,,,,
1790035457.4852412,GLOBAL_POSITION_INT,-35.3629997,149.1655581,593.81,10.0,-0.03,0.0,0.0,44.22,,,,,,,,,,,
1790035457.4855266,GPS_RAW_INT,,,,,,,,,,,,,,,,,,6,10
1790035457.5022147,ATTITUDE,,,,,,,,,,,,,,,0.0033531475346535444,0.003514140145853162,0.7718182802200317,,
1790035457.5027368,RAW_IMU,,,,,,,,,0,0,-1000,2,2,2,,,,,
1790035457.5253136,ATTITUDE,,,,,,,,,,,,,,,0.0033337646164000034,0.0035317079164087772,0.7718170285224915,,
1790035457.5258856,RAW_IMU,,,,,,,,,0,0,-1000,3,4,2,,,,,
1790035457.5430365,ATTITUDE,,,,,,,,,,,,,,,0.003331518266350031,0.0035228831693530083,0.771816074848175,,
1790035457.543547,RAW_IMU,,,,,,,,,0,0,-1001,3,2,2,,,,,
1790035457.5661159,ATTITUDE,,,,,,,,,,,,,,,0.0033173239789903164,0.0035395242739468813,0.7718111872673035,,
1790035457.5664573,RAW_IMU,,,,,,,,,0,0,-1001,3,4,2,,,,,
1790035457.5837727,ATTITUDE,,,,,,,,,,,,,,,0.0033162643667310476,0.0035299912560731173,0.7718082070350647,,
1790035457.5848129,RAW_IMU,,,,,,,,,0,0,-1001,3,2,2,,,,,
1790035457.585118,GLOBAL_POSITION_INT,-35.3629997,149.1655581,593.81,10.0,-0.03,0.0,0.0,44.22,,,,,,,,,,,
1790035457.5854142,GPS_RAW_INT,,,,,,,,,,,,,,,,,,6,10
1790035457.6068747,ATTITUDE,,,,,,,,,,,,,,,0.0033151323441416025,0.0035619502887129784,0.7718067169189453,,
1790035457.60745,RAW_IMU,,,,,,,,,0,0,-1000,3,5,2,,,,,
1790035457.6244283,ATTITUDE,,,,,,,,,,,,,,,0.0033052361104637384,0.003531214315444231,0.7718073725700378,,
1790035457.6248045,RAW_IMU,,,,,,,,,0,0,-1000,2,1,2,,,,,
1790035457.6423416,ATTITUDE,,,,,,,,,,,,,,,0.0033243203070014715,0.0035799730103462934,0.7718096971511841,,
1790035457.6428237,RAW_IMU,,,,,,,,,0,0,-1000,4,5,3,,,,,
1790035457.665315,ATTITUDE,,,,,,,,,,,,,,,0.0032936143688857555,0.0035447205882519484,0.7718088626861572,,
1790035457.66572,RAW_IMU,,,,,,,,,0,0,-1000,1,2,2,,,,,
1790035457.6829324,ATTITUDE,,,,,,,,,,,,,,,0.0033124734181910753,0.0035799951292574406,0.7718081474304199,,
1790035457.683269,RAW_IMU,,,,,,,,,0,0,-1000,4,4,3,,,,,
1790035457.6837063,GLOBAL_POSITION_INT,-35.3629997,149.1655581,593.81,10.0,-0.03,0.0,0.0,44.22,,,,,,,,,,,
1790035457.6841104,GPS_RAW_INT,,,,,,,,,,,,,,,,,,6,10
1790035457.7061517,ATTITUDE,,,,,,,,,,,,,,,0.0032539861276745796,0.0035428935661911964,0.7718067169189453,,
1790035457.7066674,RAW_IMU,,,,,,,,,0,0,-1000,0,2,2,,,,,
1790035457.723556,ATTITUDE,,,,,,,,,,,,,,,0.003267659107223153,0.003552567446604371,0.7718071341514587,,
1790035457.7242913,RAW_IMU,,,,,,,,,0,0,-1000,4,3,2,,,,,
1790035457.7467737,ATTITUDE,,,,,,,,,,,,,,,0.003224361687898636,0.003527385415509343,0.7718083262443542,,
1790035457.747288,RAW_IMU,,,,,,,,,0,0,-1000,1,2,2,,,,,
1790035457.7643766,ATTITUDE,,,,,,,,,,,,,,,0.0032385888043791056,0.0035447636619210243,0.7718073129653931,,
1790035457.7648628,RAW_IMU,,,,,,,,,0,0,-1000,4,3,3,,,,,
1790035457.7821755,ATTITUDE,,,,,,,,,,,,,,,0.0032034546602517366,0.0035344483330845833,0.771806538105011,,
1790035457.782646,RAW_IMU,,,,,,,,,0,0,-1000,2,3,2,,,,,
1790035457.7830138,GLOBAL_POSITION_INT,-35.3629997,149.1655581,593.81,10.0,-0.03,0.0,0.0,44.22,,,,,,,,,,,
1790035457.7833936,GPS_RAW_INT,,,,,,,,,,,,,,,,,,6,10
1790035457.8052127,ATTITUDE,,,,,,,,,,,,,,,0.003232822986319661,0.0035567020531743765,0.7718061804771423,,
1790035457.8056185,RAW_IMU,,,,,,,,,0,0,-1001,4,4,2,,,,,
1790035457.8227153,ATTITUDE,,,,,,,,,,,,,,,0.0031935113947838545,0.0035626913886517286,0.7718074321746826,,
1790035457.823069,RAW_IMU,,,,,,,,,0,0,-1000,1,4,2,,,,,
1790035457.8461323,ATTITUDE,,,,,,,,,,,,,,,0.0032249558717012405,0.003566945903003216,0.7718096971511841,,
1790035457.846867,RAW_IMU,,,,,,,,,0,0,-1000,4,3,3,,,,,
1790035457.863618,ATTITUDE,,,,,,,,,,,,,,,0.003190260846167803,0.003587940242141485,0.7718096375465393,,
1790035457.8642685,RAW_IMU,,,,,,,,,0,0,-1000,2,4,3,,,,,
1790035457.8867164,ATTITUDE,,,,,,,,,,,,,,,0.003196618054062128,0.003575520822778344,0.7718091011047363,,
1790035457.887121,RAW_IMU,,,,,,,,,0,0,-1000,3,2,2,,,,,
1790035457.8872855,GLOBAL_POSITION_INT,-35.3629997,149.1655581,593.81,10.0,-0.03,0.0,0.0,44.22,,,,,,,,,,,
1790035457.8878262,GPS_RAW_INT,,,,,,,,,,,,,,,,,,6,10
1790035457.9043593,ATTITUDE,,,,,,,,,,,,,,,0.0031633067410439253,0.0035880382638424635,0.7718062400817871,,
1790035457.9047732,RAW_IMU,,,,,,,,,0,0,-1000,2,4,2,,,,,
1790035457.9220364,ATTITUDE,,,,,,,,,,,,,,,0.0031692804768681526,0.0035753657575696707,0.771806001663208,,
1790035457.9224644,RAW_IMU,,,,,,,,,0,0,-1000,3,2,2,,,,,
1790035457.945211,ATTITUDE,,,,,,,,,,,,,,,0.003131700213998556,0.0035895248875021935,0.7718051671981812,,
1790035457.945631,RAW_IMU,,,,,,,,,0,0,-1000,2,4,2,,,,,
1790035457.9628134,ATTITUDE,,,,,,,,,,,,,,,0.003146808361634612,0.003556846408173442,0.7718033790588379,,
1790035457.9631605,RAW_IMU,,,,,,,,,0,0,-1001,3,1,2,,,,,
1790035457.9803681,ATTITUDE,,,,,,,,,,,,,,,0.003129504853859544,0.003596685128286481,0.7718015909194946,,
1790035457.9808042,RAW_IMU,,,,,,,,,0,0,-1001,3,5,2,,,,,
1790035457.9811296,GLOBAL_POSITION_INT,-35.3629997,149.1655581,593.81,10.0,-0.03,0.0,0.0,44.22,,,,,,,,,,,
1790035457.9814653,GPS_RAW_INT,,,,,,,,,,,,,,,,,,6,10
1790035458.0035617,ATTITUDE,,,,,,,,,,,,,,,0.003129133954644203,0.003551923204213381,0.7718000411987305,,
1790035458.0039926,RAW_IMU,,,,,,,,,0,0,-1000,2,1,2,,,,,
1790035458.0210865,ATTITUDE,,,,,,,,,,,,,,,0.003158792620524764,0.003595516085624695,0.7718005776405334,,
1790035458.0213358,RAW_IMU,,,,,,,,,0,0,-1001,5,5,2,,,,,
1790035458.0442867,ATTITUDE,,,,,,,,,,,,,,,0.0031501103658229113,0.0035728486254811287,0.7718031406402588,,
1790035458.0448277,RAW_IMU,,,,,,,,,0,0,-1000,2,2,2,,,,,
1790035458.0619113,ATTITUDE,,,,,,,,,,,,,,,0.0031922394409775734,0.0036170787643641233,0.7718032002449036,,
1790035458.062362,RAW_IMU,,,,,,,,,0,0,-1001,5,5,3,,,,,
1790035458.0850718,ATTITUDE,,,,,,,,,,,,,,,0.0031536980532109737,0.0035790172405540943,0.7718027830123901,,
1790035458.0858228,RAW_IMU,,,,,,,,,0,0,-1000,1,2,3,,,,,
1790035458.0861852,GLOBAL_POSITION_INT,-35.3629997,149.1655581,593.81,10.0,-0.03,0.0,0.0,44.22,,,,,,,,,,,
1790035458.0864744,GPS_RAW_INT,,,,,,,,,,,,,,,,,,6,10
1790035458.1028235,ATTITUDE,,,,,,,,,,,,,,,0.003187431488186121,0.003598247654736042,0.7718034982681274,,
1790035458.1031806,RAW_IMU,,,,,,,,,0,0,-1000,5,3,3,,,,,
1790035458.1207619,ATTITUDE,,,,,,,,,,,,,,,0.0031496689189225435,0.003585985628888011,0.7718043327331543,,
1790035458.1208856,RAW_IMU,,,,,,,,,0,0,-1000,2,3,3,,,,,
1790035458.1434882,ATTITUDE,,,,,,,,,,,,,,,0.003181092208251357,0.0035755024291574955,0.7718043327331543,,
1790035458.1439373,RAW_IMU,,,,,,,,,0,0,-1000,4,2,2,,,,,
1790035458.1611025,ATTITUDE,,,,,,,,,,,,,,,0.0031661640387028456,0.003596576629206538,0.7718031406402588,,
1790035458.1614392,RAW_IMU,,,,,,,,,0,0,-1001,3,5,2,,,,,
1790035458.1843736,ATTITUDE,,,,,,,,,,,,,,,0.0031873842235654593,0.0035717852879315615,0.7718003988265991,,
1790035458.184603,RAW_IMU,,,,,,,,,0,0,-1000,4,2,2,,,,,
1790035458.1851087,GLOBAL_POSITION_INT,-35.3629997,149.1655581,593.81,10.0,-0.03,0.0,0.0,44.22,,,,,,,,,,,
1790035458.1854362,GPS_RAW_INT,,,,,,,,,,,,,,,,,,6,10
1790035458.2019885,ATTITUDE,,,,,,,,,,,,,,,0.00316677987575531,0.0036053203511983156,0.7717993855476379,,
1790035458.2023003,RAW_IMU,,,,,,,,,0,0,-1000,3,5,2,,,,,
1790035458.2248394,ATTITUDE,,,,,,,,,,,,,,,0.003181242849677801,0.0035620243288576603,0.7718005180358887,,
1790035458.2254508,RAW_IMU,,,,,,,,,0,0,-1001,3,1,2,,,,,
1790035458.2425768,ATTITUDE,,,,,,,,,,,,,,,0.0032130221370607615,0.003599050920456648,0.7718024849891663,,
1790035458.2429402,RAW_IMU,,,,,,,,,0,0,-1001,5,5,2,,,,,
1790035458.2602537,ATTITUDE,,,,,,,,,,,,,,,0.003195358905941248,0.003564069513231516,0.7718026638031006,,
1790035458.2607198,RAW_IMU,,,,,,,,,0,0,-1001,2,1,3,,,,,
1790035458.2834742,ATTITUDE,,,,,,,,,,,,,,,0.003246080595999956,0.0035971070174127817,0.7718035578727722,,
1790035458.2840135,RAW_IMU,,,,,,,,,0,0,-1001,6,5,3,,,,,
1790035458.2844026,GLOBAL_POSITION_INT,-35.3629997,149.1655581,593.81,10.0,-0.03,0.0,0.0,44.22,,,,,,,,,,,
1790035458.284756,GPS_RAW_INT,,,,,,,,,,,,,,,,,,6,10
1790035458.3012576,ATTITUDE,,,,,,,,,,,,,,,0.0032134968787431717,0.003547684522345662,0.7718037366867065,,
1790035458.302027,RAW_IMU,,,,,,,,,0,0,-1000,2,1,3,,,,,
1790035458.3242166,ATTITUDE,,,,,,,,,,,,,,,0.00324499374255538,0.0035707377828657627,0.7718060612678528,,
1790035458.3248546,RAW_IMU,,,,,,,,,0,0,-1000,5,4,3,,,,,
1790035458.3418882,ATTITUDE,,,,,,,,,,,,,,,0.003208008361980319,0.0035243802703917027,0.7718088030815125,,
1790035458.3423269,RAW_IMU,,,,,,,,,0,0,-1000,2,1,3,,,,,
1790035458.364918,ATTITUDE,,,,,,,,,,,,,,,0.003252126043662429,0.003558787517249584,0.7718081474304199,,
1790035458.3655405,RAW_IMU,,,,,,,,,0,0,-1001,5,5,3,,,,,
1790035458.3825626,ATTITUDE,,,,,,,,,,,,,,,0.00321667967364192,0.003514942480251193,0.7718091011047363,,
1790035458.3829381,RAW_IMU,,,,,,,,,0,0,-1000,2,1,3,,,,,
1790035458.3835707,GLOBAL_POSITION_INT,-35.3629997,149.1655581,593.81,10.0,-0.03,0.0,0.0,44.22,,,,,,,,,,,
1790035458.384077,GPS_RAW_INT,,,,,,,,,,,,,,,,,,6,10
1790035458.400341,ATTITUDE,,,,,,,,,,,,,,,0.0032417953480035067,0.003547996049746871,0.7718102931976318,,
1790035458.4007509,RAW_IMU,,,,,,,,,0,0,-1001,4,4,3,,,,,
1790035458.423302,ATTITUDE,,,,,,,,,,,,,,,0.0032389850821346045,0.003525014501065016,0.7718130350112915,,
1790035458.4238927,RAW_IMU,,,,,,,,,0,0,-1000,4,2,3,,,,,
1790035458.4409645,ATTITUDE,,,,,,,,,,,,,,,0.0032482612878084183,0.0035768630914390087,0.7718167901039124,,
1790035458.4412568,RAW_IMU,,,,,,,,,0,0,-1001,3,5,3,,,,,
1790035458.4642546,ATTITUDE,,,,,,,,,,,,,,,0.0032278173603117466,0.003555248724296689,0.7718193531036377,,
1790035458.464944,RAW_IMU,,,,,,,,,0,0,-1001,2,3,3,,,,,
1790035458.4820168,ATTITUDE,,,,,,,,,,,,,,,0.003234023926779628,0.0035774025600403547,0.771820068359375,,
1790035458.4825425,RAW_IMU,,,,,,,,,0,0,-1001,3,4,3,,,,,
1790035458.4829676,GLOBAL_POSITION_INT,-35.3629997,149.1655581,593.81,10.0,-0.03,0.0,0.0,44.22,,,,,,,,,,,
1790035458.4831998,GPS_RAW_INT,,,,,,,,,,,,,,,,,,6,10
1790035458.5050325,ATTITUDE,,,,,,,,,,,,,,,0.0032227840274572372,0.003563890466466546,0.7718210816383362,,
1790035458.5055618,RAW_IMU,,,,,,,,,0,0,-1001,3,3,3,,,,,
1790035458.5224924,ATTITUDE,,,,,,,,,,,,,,,0.0032146635930985212,0.003568494925275445,0.7718241214752197,,
1790035458.5230894,RAW_IMU,,,,,,,,,0,0,-1001,2,3,3,,,,,
1790035458.5401363,ATTITUDE,,,,,,,,,,,,,,,0.003220505779609084,0.0035549700260162354,0.7718263268470764,,
1790035458.5406415,RAW_IMU,,,,,,,,,0,0,-1001,4,3,3,,,,,
1790035458.5635276,ATTITUDE,,,,,,,,,,,,,,,0.0031982804648578167,0.003543964819982648,0.7718263268470764,,
1790035458.5641837,RAW_IMU,,,,,,,,,0,0,-1001,2,2,3,,,,,
1790035458.5811064,ATTITUDE,,,,,,,,,,,,,,,0.003206570167094469,0.003549794666469097,0.771827220916748,,
1790035458.581913,RAW_IMU,,,,,,,,,0,0,-1001,4,4,3,,,,,
1790035458.5823448,GLOBAL_POSITION_INT,-35.3629997,149.1655581,593.81,10.0,-0.03,0.0,0.0,44.22,,,,,,,,,,,
1790035458.5828445,GPS_RAW_INT,,,,,,,,,,,,,,,,,,6,10
1790035458.60459,ATTITUDE,,,,,,,,,,,,,,,0.003191867144778371,0.0035265269689261913,0.7718286514282227,,
1790035458.605141,RAW_IMU,,,,,,,,,0,0,-1000,2,2,3,,,,,
1790035458.622066,ATTITUDE,,,,,,,,,,,,,,,0.003212612820789218,0.0035480675287544727,0.7718296051025391,,
1790035458.6226447,RAW_IMU,,,,,,,,,0,0,-1001,4,4,2,,,,,
1790035458.6450808,ATTITUDE,,,,,,,,,,,,,,,0.003170453244820237,0.003498825477436185,0.7718309760093689,,
1790035458.645922,RAW_IMU,,,,,,,,,0,0,-1001,1,1,2,,,,,
1790035458.6626859,ATTITUDE,,,,,,,,,,,,,,,0.0031983505468815565,0.0035267118364572525,0.7718291282653809,,
1790035458.6632361,RAW_IMU,,,,,,,,,0,0,-1000,4,4,2,,,,,
1790035458.6807227,ATTITUDE,,,,,,,,,,,,,,,0.0031500880140811205,0.0034716948866844177,0.771827757358551,,
1790035458.681312,RAW_IMU,,,,,,,,,0,0,-1001,1,1,2,,,,,
1790035458.681818,GLOBAL_POSITION_INT,-35.3629997,149.1655581,593.81,10.0,-0.03,0.0,0.0,44.22,,,,,,,,,,,
1790035458.6826165,GPS_RAW_INT,,,,,,,,,,,,,,,,,,6,10
1790035458.700266,ATTITUDE,,,,,,,,,,,,,,,0.00317715504206717,0.0034966322127729654,0.771828293800354,,
1790035458.7011945,RAW_IMU,,,,,,,,,0,0,-1001,4,4,2,,,,,
1790035458.7261307,ATTITUDE,,,,,,,,,,,,,,,0.003128976561129093,0.00345102371647954,0.7718299627304077,,
1790035458.726954,RAW_IMU,,,,,,,,,0,0,-1000,1,1,3,,,,,
1790035458.7414396,ATTITUDE,,,,,,,,,,,,,,,0.003155649872496724,0.003476920537650585,0.7718326449394226,,
1790035458.7424734,RAW_IMU,,,,,,,,,0,0,-1000,4,4,3,,,,,
1790035458.7644641,ATTITUDE,,,,,,,,,,,,,,,0.0031131033319979906,0.0034340480342507362,0.7718327045440674,,
1790035458.7653441,RAW_IMU,,,,,,,,,0,0,-1000,2,1,3,,,,,
1790035458.7829545,ATTITUDE,,,,,,,,,,,,,,,0.003127198899164796,0.0034715260844677687,0.7718324065208435,,
1790035458.783794,RAW_IMU,,,,,,,,,0,0,-1000,3,5,3,,,,,
1790035458.7848682,GLOBAL_POSITION_INT,-35.3629997,149.1655581,593.81,10.0,-0.03,0.0,0.0,44.22,,,,,,,,,,,
1790035458.7856328,GPS_RAW_INT,,,,,,,,,,,,,,,,,,6,10
1790035458.8023953,ATTITUDE,,,,,,,,,,,,,,,0.003098060842603445,0.0034325518645346165,0.7718315124511719,,
1790035458.8035285,RAW_IMU,,,,,,,,,0,0,-1000,2,2,2,,,,,
1790035458.8213246,ATTITUDE,,,,,,,,,,,,,,,0.003114408813416958,0.0034603984095156193,0.7718325257301331,,
1790035458.8222988,RAW_IMU,,,,,,,,,0,0,-1000,3,4,2,,,,,
1790035458.8445814,ATTITUDE,,,,,,,,,,,,,,,0.0030943492893129587,0.0034221112728118896,0.7718334197998047,,
1790035458.845031,RAW_IMU,,,,,,,,,0,0,-1000,2,2,2,,,,,
1790035458.8638983,ATTITUDE,,,,,,,,,,,,,,,0.0031168065033853054,0.0034527068492025137,0.7718326449394226,,
1790035458.8647075,RAW_IMU,,,,,,,,,0,0,-1000,4,4,2,,,,,
1790035458.8868902,ATTITUDE,,,,,,,,,,,,,,,0.003077918663620949,0.003397830994799733,0.7718319892883301,,
1790035458.8876903,RAW_IMU,,,,,,,,,0,0,-1000,2,1,2,,,,,
1790035458.888268,GLOBAL_POSITION_INT,-35.3629997,149.1655581,593.81,10.001,-0.03,0.0,0.0,44.22,,,,,,,,,,,
1790035458.8887653,GPS_RAW_INT,,,,,,,,,,,,,,,,,,6,10
1790035458.905286,ATTITUDE,,,,,,,,,,,,,,,0.0031091796699911356,0.003424573689699173,0.7718309164047241,,
1790035458.9060035,RAW_IMU,,,,,,,,,0,0,-1001,4,4,2,,,,,
1790035458.9243984,ATTITUDE,,,,,,,,,,,,,,,0.003077900968492031,0.003375590080395341,0.7718297839164734,,
1790035458.925036,RAW_IMU,,,,,,,,,0,0,-1001,2,1,2,,,,,
1790035458.947205,ATTITUDE,,,,,,,,,,,,,,,0.0031003220938146114,0.003395883133634925,0.7718298435211182,,
1790035458.9476793,RAW_IMU,,,,,,,,,0,0,-1001,4,3,2,,,,,
1790035458.9648843,ATTITUDE,,,,,,,,,,,,,,,0.003077018540352583,0.003364760195836425,0.7718279361724854,,
1790035458.9652576,RAW_IMU,,,,,,,,,0,0,-1000,3,2,2,,,,,
1790035458.9829988,ATTITUDE,,,,,,,,,,,,,,,0.003100145608186722,0.003385700983926654,0.7718266248703003,,
1790035458.9844193,RAW_IMU,,,,,,,,,0,0,-1000,4,4,2,,,,,
1790035458.9852026,GLOBAL_POSITION_INT,-35.3629997,149.1655581,593.81,10.001,-0.03,0.0,0.0,44.22,,,,,,,,,,,
1790035458.9857895,GPS_RAW_INT,,,,,,,,,,,,,,,,,,6,10
1790035459.0059185,ATTITUDE,,,,,,,,,,,,,,,0.003082296811044216,0.0033509000204503536,0.7718251347541809,,
1790035459.006349,RAW_IMU,,,,,,,,,0,0,-1001,3,2,2,,,,,
1790035459.0233042,ATTITUDE,,,,,,,,,,,,,,,0.003098356770351529,0.0033660591579973698,0.7718245387077332,,
1790035459.0238507,RAW_IMU,,,,,,,,,0,0,-1001,3,3,2,,,,,
1790035459.0469563,ATTITUDE,,,,,,,,,,,,,,,0.0031154644675552845,0.0033640842884778976,0.7718252539634705,,
1790035459.0479844,RAW_IMU,,,,,,,,,0,0,-1001,4,4,2,,,,,
1790035459.0643425,ATTITUDE,,,,,,,,,,,,,,,0.0031176877673715353,0.0033649096731096506,0.7718227505683899,,
1790035459.0648782,RAW_IMU,,,,,,,,,0,0,-1000,3,2,2,,,,,
1790035459.0872152,ATTITUDE,,,,,,,,,,,,,,,0.003126384923234582,0.0033924190793186426,0.7718218564987183,,
1790035459.087852,RAW_IMU,,,,,,,,,0,0,-1001,4,5,2,,,,,
1790035459.0881443,GLOBAL_POSITION_INT,-35.3629997,149.1655581,593.81,10.001,-0.03,0.0,0.0,44.22,,,,,,,,,,,
1790035459.088397,GPS_RAW_INT,,,,,,,,,,,,,,,,,,6,10
1790035459.1049066,ATTITUDE,,,,,,,,,,,,,,,0.00312399142421782,0.003359895898029208,0.7718216180801392,,
1790035459.1055334,RAW_IMU,,,,,,,,,0,0,-1001,3,1,2,,,,,
1790035459.122429,ATTITUDE,,,,,,,,,,,,,,,0.003148589050397277,0.0033945778850466013,0.7718218564987183,,
1790035459.1230264,RAW_IMU,,,,,,,,,0,0,-1001,5,5,2,,,,,
1790035459.145685,ATTITUDE,,,,,,,,,,,,,,,0.0031167371198534966,0.0033436049707233906,0.7718217372894287,,
1790035459.1462317,RAW_IMU,,,,,,,,,0,0,-1001,1,1,2,,,,,
1790035459.1632435,ATTITUDE,,,,,,,,,,,,,,,0.003146934090182185,0.0033743553794920444,0.7718198299407959,,
1790035459.1636178,RAW_IMU,,,,,,,,,0,0,-1000,5,4,2,,,,,
1790035459.1866353,ATTITUDE,,,,,,,,,,,,,,,0.00311605678871274,0.0033283913508057594,0.7718178629875183,,
1790035459.1871102,RAW_IMU,,,,,,,,,0,0,-1000,2,1,2,,,,,
1790035459.1876407,GLOBAL_POSITION_INT,-35.3629997,149.1655581,593.81,10.001,-0.02,0.0,0.0,44.22,,,,,,,,,,,
1790035459.18794,GPS_RAW_INT,,,,,,,,,,,,,,,,,,6,10
1790035459.204096,ATTITUDE,,,,,,,,,,,,,,,0.0031446274369955063,0.0033587818033993244,0.7718172073364258,,
1790035459.2046213,RAW_IMU,,,,,,,,,0,0,-1001,4,4,2,,,,,
1790035459.227146,ATTITUDE,,,,,,,,,,,,,,,0.003108793403953314,0.0033240667544305325,0.7718176245689392,,
1790035459.2275121,RAW_IMU,,,,,,,,,0,0,-1000,1,2,2,,,,,
1790035459.2447815,ATTITUDE,,,,,,,,,,,,,,,0.0031591232400387526,0.0033634519204497337,0.7718201279640198,,
1790035459.245264,RAW_IMU,,,,,,,,,0,0,-1001,5,4,3,,,,,
1790035459.262434,ATTITUDE,,,,,,,,,,,,,,,0.0031229290179908276,0.003336802590638399,0.7718198895454407,,
1790035459.2631366,RAW_IMU,,,,,,,,,0,0,-1000,2,2,3,,,,,
1790035459.2858799,ATTITUDE,,,,,,,,,,,,,,,0.003157081315293908,0.0033450291957706213,0.7718205451965332,,
1790035459.286437,RAW_IMU,,,,,,,,,0,0,-1001,4,3,3,,,,,
1790035459.2869716,GLOBAL_POSITION_INT,-35.3629997,149.1655581,593.81,10.001,-0.03,0.0,0.0,44.22,,,,,,,,,,,
1790035459.2874842,GPS_RAW_INT,,,,,,,,,,,,,,,,,,6,10
1790035459.3033385,ATTITUDE,,,,,,,,,,,,,,,0.0031214396003633738,0.0033116715494543314,0.771821916103363,,
1790035459.30413,RAW_IMU,,,,,,,,,0,0,-1001,2,2,3,,,,,
1790035459.3263967,ATTITUDE,,,,,,,,,,,,,,,0.0031305712182074785,0.0033238553442060947,0.7718247175216675,,
1790035459.3269155,RAW_IMU,,,,,,,,,0,0,-1000,3,3,3,,,,,
1790035459.343985,ATTITUDE,,,,,,,,,,,,,,,0.003110115649178624,0.0033047690521925688,0.7718300819396973,,
1790035459.3445666,RAW_IMU,,,,,,,,,0,0,-1001,3,3,3,,,,,
1790035459.3670764,ATTITUDE,,,,,,,,,,,,,,,0.003101901849731803,0.0033152822870761156,0.771830677986145,,
1790035459.36751,RAW_IMU,,,,,,,,,0,0,-1000,2,3,3,,,,,
1790035459.3848412,ATTITUDE,,,,,,,,,,,,,,,0.0030930060893297195,0.0032953578047454357,0.7718323469161987,,
1790035459.3852336,RAW_IMU,,,,,,,,,0,0,-1001,3,3,3,,,,,
1790035459.3857522,GLOBAL_POSITION_INT,-35.3629997,149.1655581,593.81,10.001,-0.02,0.0,0.0,44.22,,,,,,,,,,,
1790035459.3861227,GPS_RAW_INT,,,,,,,,,,,,,,,,,,6,10
1790035459.4025798,ATTITUDE,,,,,,,,,,,,,,,0.0030757717322558165,0.003311362350359559,0.7718338966369629,,
1790035459.4031768,RAW_IMU,,,,,,,,,0,0,-1001,2,3,3,,,,,
1790035459.425531,ATTITUDE,,,,,,,,,,,,,,,0.003086367854848504,0.0033088386990129948,0.7718373537063599,,
1790035459.42595,RAW_IMU,,,,,,,,,0,0,-1001,4,4,3,,,,,
1790035459.4431808,ATTITUDE,,,,,,,,,,,,,,,0.0030537480488419533,0.0033090903889387846,0.7718400955200195,,
1790035459.4436,RAW_IMU,,,,,,,,,0,0,-1001,1,2,3,,,,,
1790035459.4664774,ATTITUDE,,,,,,,,,,,,,,,0.0030614829156547785,0.0033097295090556145,0.7718393206596375,,
1790035459.467,RAW_IMU,,,,,,,,,0,0,-1001,4,3,3,,,,,
1790035459.4839525,ATTITUDE,,,,,,,,,,,,,,,0.0030146040953695774,0.003288687439635396,0.7718385457992554,,
1790035459.4842653,RAW_IMU,,,,,,,,,0,0,-1001,1,2,2,,,,,
1790035459.4847195,GLOBAL_POSITION_INT,-35.3629997,149.1655581,593.81,10.0,-0.02,0.0,0.0,44.22,,,,,,,,,,,
1790035459.484996,GPS_RAW_INT,,,,,,,,,,,,,,,,,,6,10
1790035459.5071375,ATTITUDE,,,,,,,,,,,,,,,0.003018696326762438,0.0032839509658515453,0.771838903427124,,
1790035459.5074642,RAW_IMU,,,,,,,,,0,0,-1001,3,3,3,,,,,
1790035459.5250201,ATTITUDE,,,,,,,,,,,,,,,0.002947649685665965,0.0032322751358151436,0.7718408703804016,,
1790035459.5253813,RAW_IMU,,,,,,,,,0,0,-1001,0,0,3,,,,,
1790035459.542433,ATTITUDE,,,,,,,,,,,,,,,0.0029638942796736956,0.00325225992128253,0.7718415260314941,,
1790035459.5428314,RAW_IMU,,,,,,,,,0,0,-1001,4,4,3,,,,,
1790035459.5654924,ATTITUDE,,,,,,,,,,,,,,,0.0028946069069206715,0.003187396563589573,0.7718387246131897,,
1790035459.5660393,RAW_IMU,,,,,,,,,0,0,-1000,0,0,2,,,,,
1790035459.5834782,ATTITUDE,,,,,,,,,,,,,,,0.0028964823577553034,0.003208037232980132,0.7718368172645569,,
1790035459.5836635,RAW_IMU,,,,,,,,,0,0,-1001,3,4,2,,,,,
1790035459.584001,GLOBAL_POSITION_INT,-35.3629997,149.1655581,593.81,10.0,-0.02,0.0,0.0,44.22,,,,,,,,,,,
1790035459.584259,GPS_RAW_INT,,,,,,,,,,,,,,,,,,6,10
1790035459.6065047,ATTITUDE,,,,,,,,,,,,,,,0.002855470171198249,0.003154018661007285,0.771835446357727,,
1790035459.6068916,RAW_IMU,,,,,,,,,0,0,-1001,2,1,2,,,,,
1790035459.6237688,ATTITUDE,,,,,,,,,,,,,,,0.002876311307772994,0.003186193061992526,0.7718338370323181,,
1790035459.624384,RAW_IMU,,,,,,,,,0,0,-1001,4,4,2,,,,,
1790035459.646984,ATTITUDE,,,,,,,,,,,,,,,0.0028321691788733006,0.0031326855532824993,0.7718323469161987,,
1790035459.647627,RAW_IMU,,,,,,,,,0,0,-1001,1,1,2,,,,,
1790035459.6646173,ATTITUDE,,,,,,,,,,,,,,,0.002858244813978672,0.003152170218527317,0.7718292474746704,,
1790035459.6649313,RAW_IMU,,,,,,,,,0,0,-1001,4,3,2,,,,,
1790035459.6822462,ATTITUDE,,,,,,,,,,,,,,,0.0028155094478279352,0.0031176551710814238,0.7718258500099182,,
1790035459.6827447,RAW_IMU,,,,,,,,,0,0,-1001,2,2,2,,,,,
1790035459.6837094,GLOBAL_POSITION_INT,-35.3629997,149.1655581,593.81,10.0,-0.02,0.0,0.0,44.22,,,,,,,,,,,
1790035459.6840534,GPS_RAW_INT,,,,,,,,,,,,,,,,,,6,10
1790035459.7054963,ATTITUDE,,,,,,,,,,,,,,,0.002818997483700514,0.003101698588579893,0.7718238234519958,,
1790035459.7058551,RAW_IMU,,,,,,,,,0,0,-1001,3,2,2,,,,,
1790035459.7232394,ATTITUDE,,,,,,,,,,,,,,,0.0028069226536899805,0.0031043982598930597,0.7718226313591003,,
1790035459.7236888,RAW_IMU,,,,,,,,,0,0,-1001,3,4,2,,,,,
1790035459.7463138,ATTITUDE,,,,,,,,,,,,,,,0.002795679960399866,0.0030754939652979374,0.771821916103363,,
1790035459.746697,RAW_IMU,,,,,,,,,0,0,-1001,2,1,2,,,,,
1790035459.7638614,ATTITUDE,,,,,,,,,,,,,,,0.0028004709165543318,0.0030934270471334457,0.7718191146850586,,
1790035459.764366,RAW_IMU,,,,,,,,,0,0,-1001,4,4,2,,,,,
1790035459.786947,ATTITUDE,,,,,,,,,,,,,,,0.0027743543032556772,0.003039735835045576,0.7718166708946228,,
1790035459.7873523,RAW_IMU,,,,,,,,,0,0,-1001,2,0,2,,,,,
1790035459.7876084,GLOBAL_POSITION_INT,-35.3629997,149.1655581,593.81,10.001,-0.02,0.0,0.0,44.22,,,,,,,,,,,
1790035459.787859,GPS_RAW_INT,,,,,,,,,,,,,,,,,,6,10
1790035459.804687,ATTITUDE,,,,,,,,,,,,,,,0.002808693563565612,0.0030736762564629316,0.7718168497085571,,
1790035459.8052473,RAW_IMU,,,,,,,,,0,0,-1001,5,5,2,,,,,
1790035459.8221602,ATTITUDE,,,,,,,,,,,,,,,0.0027667228132486343,0.003028087317943573,0.7718172073364258,,
1790035459.822456,RAW_IMU,,,,,,,,,0,0,-1000,1,1,2,,,,,
1790035459.8454351,ATTITUDE,,,,,,,,,,,,,,,0.0027989475056529045,0.0030658182222396135,0.7718186974525452,,
1790035459.845931,RAW_IMU,,,,,,,,,0,0,-1001,4,5,2,,,,,
1790035459.8630269,ATTITUDE,,,,,,,,,,,,,,,0.002755659632384777,0.0030306936241686344,0.7718159556388855,,
1790035459.8633196,RAW_IMU,,,,,,,,,0,0,-1001,1,2,2,,,,,
1790035459.8862538,ATTITUDE,,,,,,,,,,,,,,,0.002784176729619503,0.003058707807213068,0.771815836429596,,
1790035459.88664,RAW_IMU,,,,,,,,,0,0,-1000,4,4,3,,,,,
1790035459.8867798,GLOBAL_POSITION_INT,-35.3629997,149.1655581,593.81,10.001,-0.02,0.0,0.0,44.22,,,,,,,,,,,
1790035459.8871195,GPS_RAW_INT,,,,,,,,,,,,,,,,,,6,10
1790035459.9039202,ATTITUDE,,,,,,,,,,,,,,,0.0027357398066669703,0.003012676490470767,0.7718169093132019,,
1790035459.9042442,RAW_IMU,,,,,,,,,0,0,-1000,1,1,3,,,,,
1790035459.9269462,ATTITUDE,,,,,,,,,,,,,,,0.0027517809066921473,0.003041578223928809,0.7718186974525452,,
1790035459.9273741,RAW_IMU,,,,,,,,,0,0,-1001,3,4,3,,,,,
1790035459.9445543,ATTITUDE,,,,,,,,,,,,,,,0.0027151762042194605,0.003007245250046253,0.7718197703361511,,
1790035459.944861,RAW_IMU,,,,,,,,,0,0,-1001,2,2,3,,,,,
1790035459.9622488,ATTITUDE,,,,,,,,,,,,,,,0.0027242933865636587,0.0030341187957674265,0.771819531917572,,
1790035459.962787,RAW_IMU,,,,,,,,,0,0,-1000,3,4,3,,,,,
1790035459.985349,ATTITUDE,,,,,,,,,,,,,,,0.002705709310248494,0.0030163945630192757,0.7718192934989929,,
1790035459.9859514,RAW_IMU,,,,,,,,,0,0,-1000,3,3,3,,,,,
1790035459.9866734,GLOBAL_POSITION_INT,-35.3629997,149.1655581,593.81,10.001,-0.02,0.0,0.0,44.22,,,,,,,,,,,
1790035459.9869623,GPS_RAW_INT,,,,,,,,,,,,,,,,,,6,10
1790035460.0031128,ATTITUDE,,,,,,,,,,,,,,,0.0027077863924205303,0.0030495792161673307,0.771819531917572,,
1790035460.0035768,RAW_IMU,,,,,,,,,0,0,-1000,3,4,2,,,,,
1790035460.0261576,ATTITUDE,,,,,,,,,,,,,,,0.0027013232465833426,0.003025226993486285,0.7718189358711243,,
1790035460.0265784,RAW_IMU,,,,,,,,,0,0,-1001,3,2,2,,,,,
1790035460.0437622,ATTITUDE,,,,,,,,,,,,,,,0.0026940086390823126,0.00304560549557209,0.7718207240104675,,
1790035460.044274,RAW_IMU,,,,,,,,,0,0,-1001,2,3,2,,,,,
1790035460.061242,ATTITUDE,,,,,,,,,,,,,,,0.0027002638671547174,0.003042561234906316,0.7718185186386108,,
1790035460.0617461,RAW_IMU,,,,,,,,,0,0,-1001,4,4,2,,,,,
1790035460.084605,ATTITUDE,,,,,,,,,,,,,,,0.0026701786555349827,0.003035432193428278,0.7718162536621094,,
1790035460.0851169,RAW_IMU,,,,,,,,,0,0,-1001,1,2,2,,,,,
1790035460.085606,GLOBAL_POSITION_INT,-35.3629997,149.1655581,593.81,10.001,-0.02,0.0,0.0,44.22,,,,,,,,,,,
1790035460.0858924,GPS_RAW_INT,,,,,,,,,,,,,,,,,,6,10
1790035460.102343,ATTITUDE,,,,,,,,,,,,,,,0.002686029067263007,0.00305957836098969,0.7718142867088318,,
1790035460.1028683,RAW_IMU,,,,,,,,,0,0,-1000,4,5,2,,,,,
1790035460.125295,ATTITUDE,,,,,,,,,,,,,,,0.002648805733770132,0.003026780439540744,0.7718124985694885,,
1790035460.1255994,RAW_IMU,,,,,,,,,0,0,-1000,1,1,2,,,,,
1790035460.1428225,ATTITUDE,,,,,,,,,,,,,,,0.002681488636881113,0.0030708815902471542,0.771813154220581,,
1790035460.143316,RAW_IMU,,,,,,,,,0,0,-1001,5,5,2,,,,,
1790035460.1605372,ATTITUDE,,,,,,,,,,,,,,,0.002639210084453225,0.003027305006980896,0.7718101143836975,,
1790035460.1610034,RAW_IMU,,,,,,,,,0,0,-1000,1,1,2,,,,,
1790035460.1836672,ATTITUDE,,,,,,,,,,,,,,,0.0026667818892747164,0.003062663832679391,0.7718086242675781,,
1790035460.1840777,RAW_IMU,,,,,,,,,0,0,-1000,4,4,2,,,,,
1790035460.1846116,GLOBAL_POSITION_INT,-35.3629997,149.1655581,593.81,10.001,-0.02,0.0,0.0,44.22,,,,,,,,,,,
1790035460.184959,GPS_RAW_INT,,,,,,,,,,,,,,,,,,6,10
1790035460.201503,ATTITUDE,,,,,,,,,,,,,,,0.0026343953795731068,0.0030246619135141373,0.7718071341514587,,
1790035460.2019641,RAW_IMU,,,,,,,,,0,0,-1000,2,2,2,,,,,
1790035460.2243845,ATTITUDE,,,,,,,,,,,,,,,0.002644796622917056,0.0030577275902032852,0.7718061804771423,,
1790035460.2259028,RAW_IMU,,,,,,,,,0,0,-1000,3,4,2,,,,,
1790035460.2420564,ATTITUDE,,,,,,,,,,,,,,,0.0026274046394973993,0.0030293194577097893,0.7718053460121155,,
1790035460.2422018,RAW_IMU,,,,,,,,,0,0,-1000,2,2,2,,,,,
1790035460.2651563,ATTITUDE,,,,,,,,,,,,,,,0.0026485761627554893,0.00305403140373528,0.7718001008033752,,
1790035460.2657754,RAW_IMU,,,,,,,,,0,0,-1000,4,4,2,,,,,
1790035460.282811,ATTITUDE,,,,,,,,,,,,,,,0.0026215086691081524,0.0030323383398354053,0.7717958688735962,,
1790035460.2833624,RAW_IMU,,,,,,,,,0,0,-1000,2,3,2,,,,,
1790035460.2837,GLOBAL_POSITION_INT,-35.3629998,149.1655581,593.81,10.001,-0.02,0.0,0.0,44.22,,,,,,,,,,,
1790035460.2839112,GPS_RAW_INT,,,,,,,,,,,,,,,,,,6,10
1790035460.3008947,ATTITUDE,,,,,,,,,,,,,,,0.0026360631454735994,0.003038441762328148,0.7717939615249634,,
1790035460.3015826,RAW_IMU,,,,,,,,,0,0,-1001,3,3,2,,,,,
1790035460.3235226,ATTITUDE,,,,,,,,,,,,,,,0.0026200900319963694,0.003031053114682436,0.7717922925949097,,
1790035460.323878,RAW_IMU,,,,,,,,,0,0,-1001,3,3,2,,,,,
1790035460.3412912,ATTITUDE,,,,,,,,,,,,,,,0.0026216276455670595,0.003010219195857644,0.771791934967041,,
1790035460.3416376,RAW_IMU,,,,,,,,,0,0,-1001,3,2,2,,,,,
1790035460.3644428,ATTITUDE,,,,,,,,,,,,,,,0.0026538048405200243,0.0030319623183459044,0.77178955078125,,
1790035460.3647254,RAW_IMU,,,,,,,,,0,0,-1001,5,4,2,,,,,
1790035460.3820686,ATTITUDE,,,,,,,,,,,,,,,0.0026271662209182978,0.0029891275335103273,0.7717894911766052,,
1790035460.3825083,RAW_IMU,,,,,,,,,0,0,-1000,2,1,3,,,,,
1790035460.3828235,GLOBAL_POSITION_INT,-35.3629998,149.1655581,593.81,10.002,-0.02,0.0,0.0,44.22,,,,,,,,,,,
1790035460.3833456,GPS_RAW_INT,,,,,,,,,,,,,,,,,,6,10
1790035460.4051738,ATTITUDE,,,,,,,,,,,,,,,0.0026794448494911194,0.003019168274477124,0.7717910408973694,,
1790035460.4058645,RAW_IMU,,,,,,,,,0,0,-1001,6,4,3,,,,,
1790035460.4227602,ATTITUDE,,,,,,,,,,,,,,,0.0026393989101052284,0.0029752859845757484,0.77179354429245,,
1790035460.4231231,RAW_IMU,,,,,,,,,0,0,-1000,1,1,3,,,,,
1790035460.440453,ATTITUDE,,,,,,,,,,,,,,,0.0026740645989775658,0.003015164053067565,0.7717971801757812,,
1790035460.4409773,RAW_IMU,,,,,,,,,0,0,-1000,4,5,3,,,,,
1790035460.4637218,ATTITUDE,,,,,,,,,,,,,,,0.002638484351336956,0.00298164039850235,0.7717978954315186,,
1790035460.4643464,RAW_IMU,,,,,,,,,0,0,-1000,2,2,3,,,,,
1790035460.481054,ATTITUDE,,,,,,,,,,,,,,,0.0026527063455432653,0.0030206444207578897,0.77180016040802,,
1790035460.4813166,RAW_IMU,,,,,,,,,0,0,-1001,3,5,3,,,,,
1790035460.4817607,GLOBAL_POSITION_INT,-35.3629998,149.1655581,593.81,10.002,-0.02,0.0,0.0,44.22,,,,,,,,,,,
1790035460.4820845,GPS_RAW_INT,,,,,,,,,,,,,,,,,,6,10
1790035460.5043721,ATTITUDE,,,,,,,,,,,,,,,0.002637753961607814,0.002999313874170184,0.7718034982681274,,
1790035460.5049787,RAW_IMU,,,,,,,,,0,0,-1001,3,3,3,,,,,
1790035460.5219433,ATTITUDE,,,,,,,,,,,,,,,0.002634309697896242,0.0030087041668593884,0.7718062996864319,,
1790035460.5223472,RAW_IMU,,,,,,,,,0,0,-1001,3,3,3,,,,,
1790035460.545069,ATTITUDE,,,,,,,,,,,,,,,0.00266311620362103,0.0030067076440900564,0.7718098163604736,,
1790035460.5456417,RAW_IMU,,,,,,,,,0,0,-1000,5,4,3,,,,,
1790035460.5627341,ATTITUDE,,,,,,,,,,,,,,,0.0026794772129505873,0.0030335444025695324,0.7718079686164856,,
1790035460.563412,RAW_IMU,,,,,,,,,0,0,-1000,4,4,2,,,,,
1790035460.580433,ATTITUDE,,,,,,,,,,,,,,,0.002695513656362891,0.003032088978216052,0.7718051075935364,,
1790035460.5808089,RAW_IMU,,,,,,,,,0,0,-1000,4,4,2,,,,,
1790035460.5811605,GLOBAL_POSITION_INT,-35.3629998,149.1655581,593.81,10.002,-0.02,0.0,0.0,44.22,,,,,,,,,,,
1790035460.581759,GPS_RAW_INT,,,,,,,,,,,,,,,,,,6,10
1790035460.6036313,ATTITUDE,,,,,,,,,,,,,,,0.0027117838617414236,0.003063975600525737,0.7718003988265991,,
1790035460.6042647,RAW_IMU,,,,,,,,,0,0,-1000,4,4,2,,,,,
1790035460.6212025,ATTITUDE,,,,,,,,,,,,,,,0.0027342604007571936,0.003077375004068017,0.7717944979667664,,
1790035460.621893,RAW_IMU,,,,,,,,,0,0,-1000,4,4,2,,,,,
1790035460.6443644,ATTITUDE,,,,,,,,,,,,,,,0.0027471014764159918,0.003091613296419382,0.771787166595459,,
1790035460.6448486,RAW_IMU,,,,,,,,,0,0,-1001,4,3,2,,,,,
1790035460.6619759,ATTITUDE,,,,,,,,,,,,,,,0.0028093084692955017,0.0031231094617396593,0.7717775702476501,,
1790035460.6626828,RAW_IMU,,,,,,,,,0,0,-1001,6,5,2,,,,,
1790035460.685024,ATTITUDE,,,,,,,,,,,,,,,0.0027937735430896282,0.003132440382614732,0.7717710137367249,,
1790035460.685501,RAW_IMU,,,,,,,,,0,0,-1001,3,3,2,,,,,
1790035460.6861205,GLOBAL_POSITION_INT,-35.3629998,149.1655581,593.81,10.002,-0.02,0.0,0.0,44.21,,,,,,,,,,,
1790035460.686524,GPS_RAW_INT,,,,,,,,,,,,,,,,,,6,10
1790035460.70275,ATTITUDE,,,,,,,,,,,,,,,0.0028564438689500093,0.0031691042240709066,0.771764874458313,,
1790035460.7033834,RAW_IMU,,,,,,,,,0,0,-1001,6,5,2,,,,,
1790035460.7228205,ATTITUDE,,,,,,,,,,,,,,,0.002838652580976486,0.0031642895191907883,0.7717604041099548,,
1790035460.7231889,RAW_IMU,,,,,,,,,0,0,-1000,3,3,2,,,,,
1790035460.7436419,ATTITUDE,,,,,,,,,,,,,,,0.0028799790889024734,0.0031900431495159864,0.7717594504356384,,
1790035460.7440834,RAW_IMU,,,,,,,,,0,0,-1000,5,5,2,,,,,
1790035460.7611318,ATTITUDE,,,,,,,,,,,,,,,0.0028728109318763018,0.003182152286171913,0.7717567086219788,,
1790035460.7614768,RAW_IMU,,,,,,,,,0,0,-1000,4,3,2,,,,,
1790035460.7844636,ATTITUDE,,,,,,,,,,,,,,,0.0028990530408918858,0.0032063487451523542,0.7717583179473877,,
1790035460.784832,RAW_IMU,,,,,,,,,0,0,-1000,4,4,3,,,,,
1790035460.7851667,GLOBAL_POSITION_INT,-35.3629998,149.1655581,593.81,10.002,-0.02,0.0,0.0,44.21,,,,,,,,,,,
1790035460.7854748,GPS_RAW_INT,,,,,,,,,,,,,,,,,,6,10
1790035460.8020084,ATTITUDE,,,,,,,,,,,,,,,0.002907585585489869,0.003229693742468953,0.7717644572257996,,
1790035460.8025143,RAW_IMU,,,,,,,,,0,0,-1000,4,4,3,,,,,
1790035460.8250654,ATTITUDE,,,,,,,,,,,,,,,0.0029184927698224783,0.003248638706281781,0.7717745900154114,,
1790035460.8254657,RAW_IMU,,,,,,,,,0,0,-1000,3,4,3,,,,,
1790035460.8426828,ATTITUDE,,,,,,,,,,,,,,,0.002927499357610941,0.003291493281722069,0.7717878818511963,,
1790035460.843124,RAW_IMU,,,,,,,,,0,0,-1001,4,5,3,,,,,
1790035460.8603773,ATTITUDE,,,,,,,,,,,,,,,0.00295381061732769,0.0032780098263174295,0.7717972993850708,,
1790035460.860856,RAW_IMU,,,,,,,,,0,0,-1001,4,3,3,,,,,
1790035460.8834705,ATTITUDE,,,,,,,,,,,,,,,0.0029626248870044947,0.0033343567047268152,0.7718061208724976,,
1790035460.8839417,RAW_IMU,,,,,,,,,0,0,-1001,4,6,3,,,,,
1790035460.8842623,GLOBAL_POSITION_INT,-35.3629998,149.1655581,593.81,10.002,-0.02,0.0,0.0,44.22,,,,,,,,,,,
1790035460.8845863,GPS_RAW_INT,,,,,,,,,,,,,,,,,,6,10
1790035460.9013062,ATTITUDE,,,,,,,,,,,,,,,0.002969897584989667,0.0033047255128622055,0.7718155980110168,,
1790035460.9016573,RAW_IMU,,,,,,,,,0,0,-1001,3,2,3,,,,,
1790035460.9242039,ATTITUDE,,,,,,,,,,,,,,,0.0029874921310693026,0.0033495959360152483,0.7718241214752197,,
1790035460.9247057,RAW_IMU,,,,,,,,,0,0,-1001,4,5,3,,,,,
1790035460.9474072,ATTITUDE,,,,,,,,,,,,,,,0.002972082467749715,0.003323428798466921,0.7718340754508972,,
1790035460.9478595,RAW_IMU,,,,,,,,,0,0,-1001,2,2,3,,,,,
1790035460.965094,ATTITUDE,,,,,,,,,,,,,,,0.0029905587434768677,0.003368107369169593,0.7718399167060852,,
1790035460.9657156,RAW_IMU,,,,,,,,,0,0,-1001,4,5,3,,,,,
1790035460.9825692,ATTITUDE,,,,,,,,,,,,,,,0.0029694861732423306,0.00334007921628654,0.7718461155891418,,
1790035460.9830098,RAW_IMU,,,,,,,,,0,0,-1001,2,2,3,,,,,
1790035460.9831834,GLOBAL_POSITION_INT,-35.3629998,149.1655581,593.81,10.002,-0.02,0.0,0.0,44.22,,,,,,,,,,,
1790035460.9837706,GPS_RAW_INT,,,,,,,,,,,,,,,,,,6,10
1790035461.006041,ATTITUDE,,,,,,,,,,,,,,,0.0030017918907105923,0.003396822139620781,0.7718513607978821,,
1790035461.0064712,RAW_IMU,,,,,,,,,0,0,-1000,5,6,3,,,,,
1790035461.023394,ATTITUDE,,,,,,,,,,,,,,,0.0029761572368443012,0.0033617117442190647,0.7718560099601746,,
1790035461.0239897,RAW_IMU,,,,,,,,,0,0,-1000,2,2,3,,,,,
1790035461.046945,ATTITUDE,,,,,,,,,,,,,,,0.0030151265673339367,0.003410791279748082,0.7718605995178223,,
1790035461.0476599,RAW_IMU,,,,,,,,,0,0,-1000,5,5,3,,,,,
1790035461.0644844,ATTITUDE,,,,,,,,,,,,,,,0.002984218066558242,0.0033953918609768152,0.7718599438667297,,
1790035461.065338,RAW_IMU,,,,,,,,,0,0,-1001,2,3,3,,,,,
1790035461.0874462,ATTITUDE,,,,,,,,,,,,,,,0.0030127614736557007,0.0034073079004883766,0.7718597054481506,,
1790035461.0878391,RAW_IMU,,,,,,,,,0,0,-1001,4,3,2,,,,,
1790035461.088527,GLOBAL_POSITION_INT,-35.3629998,149.1655581,593.81,10.002,-0.02,0.0,0.0,44.22,,,,,,,,,,,
1790035461.0887969,GPS_RAW_INT,,,,,,,,,,,,,,,,,,6,10
1790035461.10522,ATTITUDE,,,,,,,,,,,,,,,0.0029877647757530212,0.003384943353012204,0.7718599438667297,,
1790035461.1056616,RAW_IMU,,,,,,,,,0,0,-1001,3,3,2,,,,,
1790035461.122872,ATTITUDE,,,,,,,,,,,,,,,0.0029878250788897276,0.0033819086384028196,0.7718604803085327,,
1790035461.123552,RAW_IMU,,,,,,,,,0,0,-1001,3,2,2,,,,,
1790035461.1458511,ATTITUDE,,,,,,,,,,,,,,,0.0029984500724822283,0.0033970761578530073,0.7718600034713745,,
1790035461.1465096,RAW_IMU,,,,,,,,,0,0,-1001,4,4,2,,,,,
1790035461.1634324,ATTITUDE,,,,,,,,,,,,,,,0.0029754918068647385,0.0033642284106463194,0.7718562483787537,,
1790035461.1640167,RAW_IMU,,,,,,,,,0,0,-1001,2,1,2,,,,,
1790035461.1866803,ATTITUDE,,,,,,,,,,,,,,,0.003015535417944193,0.00340302218683064,0.7718523740768433,,
1790035461.187049,RAW_IMU,,,,,,,,,0,0,-1001,5,5,2,,,,,
1790035461.1874084,GLOBAL_POSITION_INT,-35.3629997,149.1655581,593.81,10.002,-0.02,0.0,0.0,44.22,,,,,,,,,,,
1790035461.1877124,GPS_RAW_INT,,,,,,,,,,,,,,,,,,6,10
1790035461.2043147,ATTITUDE,,,,,,,,,,,,,,,0.002978851553052664,0.0033560716547071934,0.7718492746353149,,
1790035461.2049735,RAW_IMU,,,,,,,,,0,0,-1001,1,1,2,,,,,
1790035461.2272804,ATTITUDE,,,,,,,,,,,,,,,0.003025431651622057,0.0034017041325569153,0.7718490362167358,,
1790035461.2278018,RAW_IMU,,,,,,,,,0,0,-1001,5,5,2,,,,,
1790035461.2449808,ATTITUDE,,,,,,,,,,,,,,,0.002992423251271248,0.0033692705910652876,0.7718477249145508,,
1790035461.2453666,RAW_IMU,,,,,,,,,0,0,-1000,2,2,2,,,,,
1790035461.2626073,ATTITUDE,,,,,,,,,,,,,,,0.003012619912624359,0.0034069998655468225,0.771843433380127,,
1790035461.2633173,RAW_IMU,,,,,,,,,0,0,-1000,3,4,2,,,,,
1790035461.2857673,ATTITUDE,,,,,,,,,,,,,,,0.003013540292158723,0.0033688261173665524,0.7718402743339539,,
1790035461.2861786,RAW_IMU,,,,,,,,,0,0,-1001,4,2,2,,,,,
1790035461.2864864,GLOBAL_POSITION_INT,-35.3629998,149.1655581,593.81,10.002,-0.02,0.0,0.0,44.22,,,,,,,,,,,
1790035461.2869272,GPS_RAW_INT,,,,,,,,,,,,,,,,,,6,10
1790035461.3035882,ATTITUDE,,,,,,,,,,,,,,,0.002982950769364834,0.0033632847480475903,0.7718377709388733,,
1790035461.3039365,RAW_IMU,,,,,,,,,0,0,-1001,1,2,2,,,,,
1790035461.326566,ATTITUDE,,,,,,,,,,,,,,,0.003004443598911166,0.00334186595864594,0.7718362212181091,,
1790035461.3268862,RAW_IMU,,,,,,,,,0,0,-1000,4,3,2,,,,,
1790035461.3441842,ATTITUDE,,,,,,,,,,,,,,,0.002955930307507515,0.003323507495224476,0.7718340754508972,,
1790035461.3445723,RAW_IMU,,,,,,,,,0,0,-1001,1,2,2,,,,,
1790035461.3672569,ATTITUDE,,,,,,,,,,,,,,,0.0029818338807672262,0.0033354475162923336,0.7718290090560913,,
1790035461.367672,RAW_IMU,,,,,,,,,0,0,-1001,4,4,2,,,,,
1790035461.3848763,ATTITUDE,,,,,,,,,,,,,,,0.002934433752670884,0.0032914034090936184,0.7718261480331421,,
1790035461.3852851,RAW_IMU,,,,,,,,,0,0,-1000,1,1,2,,,,,
1790035461.3856394,GLOBAL_POSITION_INT,-35.3629997,149.1655581,593.81,10.002,-0.02,0.0,0.0,44.22,,,,,,,,,,,
1790035461.386009,GPS_RAW_INT,,,,,,,,,,,,,,,,,,6,10
1790035461.4026299,ATTITUDE,,,,,,,,,,,,,,,0.0029638949781656265,0.0033250548876821995,0.771824300289154,,
1790035461.4029357,RAW_IMU,,,,,,,,,0,0,-1000,4,5,2,,,,,
1790035461.425765,ATTITUDE,,,,,,,,,,,,,,,0.0029311110265552998,0.0032824482768774033,0.7718235850334167,,
1790035461.4261563,RAW_IMU,,,,,,,,,0,0,-1001,2,1,2,,,,,
1790035461.4434245,ATTITUDE,,,,,,,,,,,,,,,0.002952767536044121,0.003336347406730056,0.7718217372894287,,
1790035461.4440866,RAW_IMU,,,,,,,,,0,0,-1000,4,5,2,,,,,
1790035461.4665854,ATTITUDE,,,,,,,,,,,,,,,0.0029066733550280333,0.003314350266009569,0.7718176245689392,,
1790035461.4672213,RAW_IMU,,,,,,,,,0,0,-1000,1,3,2,,,,,
1790035461.4846706,ATTITUDE,,,,,,,,,,,,,,,0.0029209079220891,0.003345657140016556,0.7718132734298706,,
1790035461.484839,RAW_IMU,,,,,,,,,0,0,-1001,3,4,2,,,,,
1790035461.4851148,GLOBAL_POSITION_INT,-35.3629998,149.1655581,593.81,10.002,-0.02,0.0,0.0,44.22,,,,,,,,,,,
1790035461.4854891,GPS_RAW_INT,,,,,,,,,,,,,,,,,,6,10
1790035461.507263,ATTITUDE,,,,,,,,,,,,,,,0.002894435077905655,0.0033433062490075827,0.7718106508255005,,
1790035461.5077872,RAW_IMU,,,,,,,,,0,0,-1001,3,4,2,,,,,
1790035461.5248952,ATTITUDE,,,,,,,,,,,,,,,0.002886092523112893,0.003342464566230774,0.7718098163604736,,
1790035461.525363,RAW_IMU,,,,,,,,,0,0,-1001,2,3,2,,,,,
1790035461.542649,ATTITUDE,,,,,,,,,,,,,,,0.0029070512391626835,0.0033711791038513184,0.7718088626861572,,
1790035461.5432212,RAW_IMU,,,,,,,,,0,0,-1001,5,5,2,,,,,
1790035461.565668,ATTITUDE,,,,,,,,,,,,,,,0.002788788639008999,0.0032562974374741316,0.7718044519424438,,
1790035461.566332,RAW_IMU,,,,,,,,,0,0,-1001,-1,-1,2,,,,,
1790035461.5833964,ATTITUDE,,,,,,,,,,,,,,,0.0025351669173687696,0.0029834131710231304,0.7718014121055603,,
1790035461.5838795,RAW_IMU,,,,,,,,,0,0,-1001,-8,-9,2,,,,,
1790035461.5842001,GLOBAL_POSITION_INT,-35.3629997,149.1655581,593.81,10.002,-0.02,0.0,0.0,44.22,,,,,,,,,,,
1790035461.584574,GPS_RAW_INT,,,,,,,,,,,,,,,,,,6,10
1790035461.606605,ATTITUDE,,,,,,,,,,,,,,,0.001947015174664557,0.0023492882028222084,0.7717999219894409,,
1790035461.6072168,RAW_IMU,,,,,,,,,0,0,-1001,-24,-26,3,,,,,
1790035461.6240106,ATTITUDE,,,,,,,,,,,,,,,0.0009412783547304571,0.0012403001310303807,0.7717994451522827,,
1790035461.6243978,RAW_IMU,,,,,,,,,0,0,-1001,-45,-50,3,,,,,
1790035461.647212,ATTITUDE,,,,,,,,,,,,,,,-0.0005792127922177315,-0.0005253632552921772,0.7717995047569275,,
1790035461.6477919,RAW_IMU,,,,,,,,,0,0,-1001,-70,-82,3,,,,,
1790035461.664835,ATTITUDE,,,,,,,,,,,,,,,-0.0026168569456785917,-0.0028811090160161257,0.771801769733429,,
1790035461.665458,RAW_IMU,,,,,,,,,0,0,-1001,-97,-112,3,,,,,
1790035461.6825464,ATTITUDE,,,,,,,,,,,,,,,-0.004768041893839836,-0.005882490426301956,0.7718124389648438,,
1790035461.682874,RAW_IMU,,,,,,,,,0,0,-1001,-105,-144,3,,,,,
1790035461.6832023,GLOBAL_POSITION_INT,-35.3629997,149.1655581,593.81,10.002,-0.02,0.0,0.0,44.22,,,,,,,,,,,
1790035461.6833308,GPS_RAW_INT,,,,,,,,,,,,,,,,,,6,10
1790035461.705749,ATTITUDE,,,,,,,,,,,,,,,-0.006720515433698893,-0.009439365938305855,0.7718342542648315,,
1790035461.7061794,RAW_IMU,,,,,,,,,0,0,-1001,-95,-172,3,,,,,
1790035461.723168,ATTITUDE,,,,,,,,,,,,,,,-0.00838003121316433,-0.013577834703028202,0.7718667984008789,,
1790035461.7234983,RAW_IMU,,,,,,,,,0,0,-1001,-80,-201,3,,,,,
1790035461.7464836,ATTITUDE,,,,,,,,,,,,,,,-0.009656797163188457,-0.018317261710762978,0.7719075083732605,,
1790035461.7469525,RAW_IMU,,,,,,,,,0,0,-1001,-61,-231,2,,,,,
1790035461.7640753,ATTITUDE,,,,,,,,,,,,,,,-0.010538587346673012,-0.02374168671667576,0.7719544768333435,,
1790035461.764559,RAW_IMU,,,,,,,,,0,0,-1001,-41,-265,2,,,,,
1790035461.7872057,ATTITUDE,,,,,,,,,,,,,,,-0.010825012810528278,-0.029834413900971413,0.7720075845718384,,
1790035461.7876883,RAW_IMU,,,,,,,,,0,0,-1001,-12,-299,2,,,,,
1790035461.788144,GLOBAL_POSITION_INT,-35.3629997,149.1655581,593.81,10.002,0.0,0.0,0.0,44.23,,,,,,,,,,,
1790035461.7884433,GPS_RAW_INT,,,,,,,,,,,,,,,,,,6,10
1790035461.8049033,ATTITUDE,,,,,,,,,,,,,,,-0.010542531497776508,-0.03664393723011017,0.772059440612793,,
1790035461.805296,RAW_IMU,,,,,,,,,0,0,-1001,16,-334,2,,,,,
1790035461.8223798,ATTITUDE,,,,,,,,,,,,,,,-0.009817357175052166,-0.04419969394803047,0.772104799747467,,
1790035461.822804,RAW_IMU,,,,,,,,,0,0,-1001,39,-372,1,,,,,
1790035461.8458993,ATTITUDE,,,,,,,,,,,,,,,-0.008680138736963272,-0.05238456279039383,0.7721318006515503,,
1790035461.8460677,RAW_IMU,,,,,,,,,0,0,-1002,59,-404,0,,,,,
1790035461.8632646,ATTITUDE,,,,,,,,,,,,,,,-0.007164694834500551,-0.06127726286649704,0.772135853767395,,
1790035461.863721,RAW_IMU,,,,,,,,,0,0,-1002,78,-439,0,,,,,
1790035461.8864868,ATTITUDE,,,,,,,,,,,,,,,-0.005437605082988739,-0.07082868367433548,0.7721107602119446,,
1790035461.8870158,RAW_IMU,,,,,,,,,-1,0,-1002,89,-472,-1,,,,,
1790035461.8872638,GLOBAL_POSITION_INT,-35.3629997,149.1655581,593.81,10.002,0.04,0.03,0.0,44.23,,,,,,,,,,,
1790035461.8879457,GPS_RAW_INT,,,,,,,,,,,,,,,,,,6,10
1790035461.9042156,ATTITUDE,,,,,,,,,,,,,,,-0.003541145473718643,-0.08090315014123917,0.7720486521720886,,
1790035461.904518,RAW_IMU,,,,,,,,,-1,0,-1003,98,-498,-2,,,,,
1790035461.9271028,ATTITUDE,,,,,,,,,,,,,,,-0.001565601211041212,-0.09156786650419235,0.7719475030899048,,
1790035461.9277432,RAW_IMU,,,,,,,,,-1,0,-1004,102,-527,-3,,,,,
1790035461.9447367,ATTITUDE,,,,,,,,,,,,,,,0.0004553917679004371,-0.10270275175571442,0.771801233291626,,
1790035461.9451137,RAW_IMU,,,,,,,,,-2,0,-1004,104,-552,-4,,,,,
1790035461.9625106,ATTITUDE,,,,,,,,,,,,,,,0.002354598371312022,-0.11425116658210754,0.7716023921966553,,
1790035461.9630766,RAW_IMU,,,,,,,,,-2,0,-1005,98,-572,-5,,,,,
1790035461.9855099,ATTITUDE,,,,,,,,,,,,,,,0.0041910880245268345,-0.12618152797222137,0.7713597416877747,,
1790035461.9861042,RAW_IMU,,,,,,,,,-3,0,-1006,94,-592,-7,,,,,
1790035461.9865708,GLOBAL_POSITION_INT,-35.3629997,149.1655582,593.81,10.002,0.11,0.09,0.0,44.19,,,,,,,,,,,
1790035461.986988,GPS_RAW_INT,,,,,,,,,,,,,,,,,,6,10
1790035462.003226,ATTITUDE,,,,,,,,,,,,,,,0.005908281542360783,-0.13843388855457306,0.7710705399513245,,
1790035462.0038195,RAW_IMU,,,,,,,,,-3,0,-1007,88,-608,-8,,,,,
1790035462.0264766,ATTITUDE,,,,,,,,,,,,,,,0.0074419258162379265,-0.15100891888141632,0.7707368731498718,,
1790035462.0269475,RAW_IMU,,,,,,,,,-4,0,-1009,78,-624,-9,,,,,
1790035462.0439394,ATTITUDE,,,,,,,,,,,,,,,0.008797415532171726,-0.16379974782466888,0.7703590989112854,,
1790035462.0444632,RAW_IMU,,,,,,,,,-5,0,-1010,68,-636,-10,,,,,
1790035462.0669851,ATTITUDE,,,,,,,,,,,,,,,0.009931766428053379,-0.1767074018716812,0.7699291110038757,,
1790035462.0673473,RAW_IMU,,,,,,,,,-6,0,-1012,57,-641,-11,,,,,
1790035462.0847592,ATTITUDE,,,,,,,,,,,,,,,0.010862375609576702,-0.18981985747814178,0.7694424390792847,,
1790035462.0854812,RAW_IMU,,,,,,,,,-7,0,-1014,46,-651,-11,,,,,
1790035462.0857482,GLOBAL_POSITION_INT,-35.3629995,149.1655584,593.81,10.002,0.22,0.21,0.0,44.08,,,,,,,,,,,
1790035462.0859733,GPS_RAW_INT,,,,,,,,,,,,,,,,,,6,10
1790035462.1026292,ATTITUDE,,,,,,,,,,,,,,,0.011600343510508537,-0.20299652218818665,0.7689747214317322,,
1790035462.1030924,RAW_IMU,,,,,,,,,-8,0,-1016,36,-655,-10,,,,,
1790035462.1253793,ATTITUDE,,,,,,,,,,,,,,,0.012145224958658218,-0.21510398387908936,0.7686265110969543,,
1790035462.1258085,RAW_IMU,,,,,,,,,-9,0,-1018,30,-657,-6,,,,,
1790035462.1430342,ATTITUDE,,,,,,,,,,,,,,,0.012588215991854668,-0.228133887052536,0.7684125900268555,,
1790035462.143603,RAW_IMU,,,,,,,,,-10,0,-1021,24,-649,2,,,,,
1790035462.1606143,ATTITUDE,,,,,,,,,,,,,,,0.01283870916813612,-0.24071452021598816,0.7684236764907837,,
1790035462.1611736,RAW_IMU,,,,,,,,,-11,0,-1023,17,-627,14,,,,,
1790035462.1838014,ATTITUDE,,,,,,,,,,,,,,,0.012875543907284737,-0.25276458263397217,0.7687333226203918,,
1790035462.184225,RAW_IMU,,,,,,,,,-12,0,-1026,10,-600,28,,,,,
1790035462.1845093,GLOBAL_POSITION_INT,-35.3629993,149.1655587,593.81,10.001,0.36,0.36,0.0,44.04,,,,,,,,,,,
1790035462.1847582,GPS_RAW_INT,,,,,,,,,,,,,,,,,,6,10
1790035462.2016642,ATTITUDE,,,,,,,,,,,,,,,0.012705732136964798,-0.2640472948551178,0.7693330645561218,,
1790035462.202299,RAW_IMU,,,,,,,,,-13,0,-1029,3,-563,42,,,,,
1790035462.2245567,ATTITUDE,,,,,,,,,,,,,,,0.012368819676339626,-0.274504691362381,0.7701848149299622,,
1790035462.2250118,RAW_IMU,,,,,,,,,-15,0,-1032,0,-521,53,,,,,
1790035462.2422717,ATTITUDE,,,,,,,,,,,,,,,0.011875061318278313,-0.28409773111343384,0.7712274789810181,,
1790035462.2426856,RAW_IMU,,,,,,,,,-16,0,-1035,-5,-478,62,,,,,
1790035462.265315,ATTITUDE,,,,,,,,,,,,,,,0.011268001981079578,-0.2927281856536865,0.7723750472068787,,
1790035462.2658138,RAW_IMU,,,,,,,,,-18,0,-1038,-8,-430,68,,,,,
1790035462.2829597,ATTITUDE,,,,,,,,,,,,,,,0.010592618957161903,-0.30050408840179443,0.7733705639839172,,
1790035462.283285,RAW_IMU,,,,,,,,,-20,0,-1040,-10,-387,71,,,,,
1790035462.283653,GLOBAL_POSITION_INT,-35.3629988,149.1655592,593.81,10.0,0.55,0.55,0.0,44.31,,,,,,,,,,,
1790035462.2839794,GPS_RAW_INT,,,,,,,,,,,,,,,,,,6,10
1790035462.3008258,ATTITUDE,,,,,,,,,,,,,,,0.009857513941824436,-0.30736419558525085,0.7743898630142212,,
1790035462.301477,RAW_IMU,,,,,,,,,-21,0,-1043,-12,-341,73,,,,,
1790035462.3239634,ATTITUDE,,,,,,,,,,,,,,,0.009126488119363785,-0.31334254145622253,0.7754374742507935,,
1790035462.3242788,RAW_IMU,,,,,,,,,-23,0,-1045,-11,-297,73,,,,,
1790035462.341395,ATTITUDE,,,,,,,,,,,,,,,0.008367814123630524,-0.3185035288333893,0.7764750123023987,,
1790035462.3418028,RAW_IMU,,,,,,,,,-25,0,-1046,-12,-256,72,,,,,
1790035462.3646202,ATTITUDE,,,,,,,,,,,,,,,0.007627201732248068,-0.3228853642940521,0.7774545550346375,,
1790035462.3651218,RAW_IMU,,,,,,,,,-26,0,-1048,-12,-217,69,,,,,
1790035462.3821757,ATTITUDE,,,,,,,,,,,,,,,0.006980545353144407,-0.32654431462287903,0.7783973217010498,,
1790035462.382646,RAW_IMU,,,,,,,,,-28,0,-1049,-7,-181,66,,,,,
1790035462.3831768,GLOBAL_POSITION_INT,-35.3629982,149.1655599,593.81,10.0,0.76,0.76,0.0,44.59,,,,,,,,,,,
1790035462.3835819,GPS_RAW_INT,,,,,,,,,,,,,,,,,,6,10
1790035462.4052942,ATTITUDE,,,,,,,,,,,,,,,0.00632356246933341,-0.3295636773109436,0.7793111801147461,,
1790035462.4057107,RAW_IMU,,,,,,,,,-30,0,-1050,-8,-149,63,,,,,
1790035462.4229631,ATTITUDE,,,,,,,,,,,,,,,0.005694282706826925,-0.33198633790016174,0.7801912426948547,,
1790035462.4234133,RAW_IMU,,,,,,,,,-32,0,-1051,-8,-119,59,,,,,
1790035462.4405544,ATTITUDE,,,,,,,,,,,,,,,0.005154214799404144,-0.3339015543460846,0.781022846698761,,
1790035462.441217,RAW_IMU,,,,,,,,,-34,0,-1051,-5,-93,55,,,,,
1790035462.4637804,ATTITUDE,,,,,,,,,,,,,,,0.004664701409637928,-0.3353389799594879,0.7817867398262024,,
1790035462.464171,RAW_IMU,,,,,,,,,-36,0,-1052,-3,-69,51,,,,,
1790035462.4813046,ATTITUDE,,,,,,,,,,,,,,,0.004259897395968437,-0.33639124035835266,0.7820769548416138,,
1790035462.4818099,RAW_IMU,,,,,,,,,-38,0,-1051,-1,-50,46,,,,,
1790035462.4821548,GLOBAL_POSITION_INT,-35.3629975,149.1655609,593.8,9.999,0.97,0.98,0.0,44.8,,,,,,,,,,,
1790035462.4826834,GPS_RAW_INT,,,,,,,,,,,,,,,,,,6,10
1790035462.5045562,ATTITUDE,,,,,,,,,,,,,,,0.003925101365894079,-0.3370334506034851,0.7822580337524414,,
1790035462.5052004,RAW_IMU,,,,,,,,,-40,0,-1051,1,-30,42,,,,,
1790035462.5221114,ATTITUDE,,,,,,,,,,,,,,,0.00364550668746233,-0.3372345268726349,0.7823935151100159,,
1790035462.522444,RAW_IMU,,,,,,,,,-42,0,-1050,2,-8,38,,,,,
1790035462.5451684,ATTITUDE,,,,,,,,,,,,,,,0.0034375563263893127,-0.3367612361907959,0.7824779748916626,,
1790035462.5455797,RAW_IMU,,,,,,,,,-44,0,-1050,5,23,34,,,,,
1790035462.56293,ATTITUDE,,,,,,,,,,,,,,,0.0032578851096332073,-0.33554667234420776,0.7825102806091309,,
1790035462.563341,RAW_IMU,,,,,,,,,-46,0,-1049,5,61,31,,,,,
1790035462.5805001,ATTITUDE,,,,,,,,,,,,,,,0.0031782141886651516,-0.3335120677947998,0.7825038433074951,,
1790035462.5810006,RAW_IMU,,,,,,,,,-48,0,-1048,8,102,27,,,,,
1790035462.5814886,GLOBAL_POSITION_INT,-35.3629965,149.165562,593.8,9.999,1.18,1.19,0.0,44.83,,,,,,,,,,,
1790035462.581798,GPS_RAW_INT,,,,,,,,,,,,,,,,,,6,10
1790035462.603855,ATTITUDE,,,,,,,,,,,,,,,0.0031259567476809025,-0.3306333124637604,0.7824969291687012,,
1790035462.6044085,RAW_IMU,,,,,,,,,-50,0,-1047,9,144,24,,,,,
1790035462.6213033,ATTITUDE,,,,,,,,,,,,,,,0.003158357460051775,-0.3269495964050293,0.7825024724006653,,
1790035462.6216094,RAW_IMU,,,,,,,,,-53,0,-1045,12,185,21,,,,,
1790035462.6445014,ATTITUDE,,,,,,,,,,,,,,,0.003242718754336238,-0.32243993878364563,0.7825170159339905,,
1790035462.6449847,RAW_IMU,,,,,,,,,-55,0,-1044,14,226,19,,,,,
1790035462.6620986,ATTITUDE,,,,,,,,,,,,,,,0.0034037244040519,-0.31720298528671265,0.7825450301170349,,
1790035462.6626534,RAW_IMU,,,,,,,,,-57,0,-1042,17,263,17,,,,,
1790035462.685287,ATTITUDE,,,,,,,,,,,,,,,0.0036012378986924887,-0.3112656772136688,0.782291054725647,,
1790035462.6857529,RAW_IMU,,,,,,,,,-59,0,-1039,19,297,15,,,,,
1790035462.686195,GLOBAL_POSITION_INT,-35.3629953,149.1655634,593.81,10.0,1.38,1.38,0.0,44.82,,,,,,,,,,,
1790035462.686622,GPS_RAW_INT,,,,,,,,,,,,,,,,,,6,10
1790035462.7029426,ATTITUDE,,,,,,,,,,,,,,,0.003800329752266407,-0.3046998977661133,0.7820140719413757,,
1790035462.7033336,RAW_IMU,,,,,,,,,-61,0,-1037,18,329,13,,,,,
1790035462.7222564,ATTITUDE,,,,,,,,,,,,,,,0.00406230241060257,-0.29760709404945374,0.7817621231079102,,
1790035462.7226596,RAW_IMU,,,,,,,,,-63,0,-1034,20,355,12,,,,,
1790035462.7436965,ATTITUDE,,,,,,,,,,,,,,,0.0043252212926745415,-0.2900662124156952,0.78152996301651,,
1790035462.7441258,RAW_IMU,,,,,,,,,-65,0,-1032,20,378,11,,,,,
1790035462.7613745,ATTITUDE,,,,,,,,,,,,,,,0.004595932085067034,-0.28219303488731384,0.7813234925270081,,
1790035462.7620692,RAW_IMU,,,,,,,,,-66,0,-1029,20,395,10,,,,,
1790035462.7844586,ATTITUDE,,,,,,,,,,,,,,,0.004889027681201696,-0.2740378975868225,0.7811411023139954,,
1790035462.7849457,RAW_IMU,,,,,,,,,-68,0,-1026,21,409,9,,,,,
1790035462.7852826,GLOBAL_POSITION_INT,-35.362994,149.165565,593.81,10.001,1.54,1.54,-0.01,44.75,,,,,,,,,,,
1790035462.7856095,GPS_RAW_INT,,,,,,,,,,,,,,,,,,6,10
1790035462.8022828,ATTITUDE,,,,,,,,,,,,,,,0.0051931398920714855,-0.26571547985076904,0.781005322933197,,
1790035462.8026373,RAW_IMU,,,,,,,,,-70,0,-1023,22,418,9,,,,,
1790035462.8252423,ATTITUDE,,,,,,,,,,,,,,,0.005455557722598314,-0.2572815716266632,0.7809230089187622,,
1790035462.8255563,RAW_IMU,,,,,,,,,-72,0,-1020,19,424,9,,,,,
1790035462.842811,ATTITUDE,,,,,,,,,,,,,,,0.0057671102695167065,-0.24880826473236084,0.7808848023414612,,
1790035462.8432014,RAW_IMU,,,,,,,,,-73,0,-1018,21,426,8,,,,,
1790035462.8604763,ATTITUDE,,,,,,,,,,,,,,,0.0060449265874922276,-0.2403571605682373,0.7808989882469177,,
1790035462.8609095,RAW_IMU,,,,,,,,,-75,0,-1016,20,425,8,,,,,
1790035462.8835843,ATTITUDE,,,,,,,,,,,,,,,0.006257099565118551,-0.23195824027061462,0.7807885408401489,,
1790035462.8843296,RAW_IMU,,,,,,,,,-76,0,-1013,16,422,9,,,,,
1790035462.8845801,GLOBAL_POSITION_INT,-35.3629926,149.1655667,593.81,10.002,1.67,1.67,-0.01,44.73,,,,,,,,,,,
1790035462.8848367,GPS_RAW_INT,,,,,,,,,,,,,,,,,,6,10
1790035462.9012883,ATTITUDE,,,,,,,,,,,,,,,0.006525459699332714,-0.2236792892217636,0.7806914448738098,,
1790035462.9017787,RAW_IMU,,,,,,,,,-77,0,-1011,18,416,9,,,,,
1790035462.9243696,ATTITUDE,,,,,,,,,,,,,,,0.006736601237207651,-0.21558894217014313,0.7806339859962463,,
1790035462.9250307,RAW_IMU,,,,,,,,,-79,0,-1009,16,407,9,,,,,
1790035462.9420984,ATTITUDE,,,,,,,,,,,,,,,0.006916949059814215,-0.20771409571170807,0.7806057333946228,,
1790035462.942328,RAW_IMU,,,,,,,,,-80,0,-1007,14,396,9,,,,,
1790035462.9651153,ATTITUDE,,,,,,,,,,,,,,,0.0071778325363993645,-0.20007957518100739,0.7806092500686646,,
1790035462.9654765,RAW_IMU,,,,,,,,,-81,0,-1005,18,384,10,,,,,
1790035462.9826922,ATTITUDE,,,,,,,,,,,,,,,0.007357839960604906,-0.19273614883422852,0.7806404232978821,,
1790035462.9830594,RAW_IMU,,,,,,,,,-82,0,-1003,15,370,10,,,,,
1790035462.9836602,GLOBAL_POSITION_INT,-35.362991,149.1655686,593.81,10.004,1.76,1.76,-0.01,44.72,,,,,,,,,,,
1790035462.9840102,GPS_RAW_INT,,,,,,,,,,,,,,,,,,6,10
1790035463.0006258,ATTITUDE,,,,,,,,,,,,,,,0.007489405572414398,-0.1856534630060196,0.7807052135467529,,
1790035463.0011024,RAW_IMU,,,,,,,,,-83,0,-1002,11,357,10,,,,,
1790035463.0236824,ATTITUDE,,,,,,,,,,,,,,,0.0076608736999332905,-0.17807206511497498,0.7808198928833008,,
1790035463.0240264,RAW_IMU,,,,,,,,,-84,0,-1000,12,340,11,,,,,
1790035463.0472527,ATTITUDE,,,,,,,,,,,,,,,0.007822522893548012,-0.171661376953125,0.7809553742408752,,
1790035463.048356,RAW_IMU,,,,,,,,,-85,0,-999,13,324,11,,,,,
1790035463.066424,ATTITUDE,,,,,,,,,,,,,,,0.007913832552731037,-0.1655612289905548,0.7811225056648254,,
1790035463.066934,RAW_IMU,,,,,,,,,-86,0,-998,10,309,12,,,,,
1790035463.0841649,ATTITUDE,,,,,,,,,,,,,,,0.007970347069203854,-0.159799262881279,0.7812126278877258,,
1790035463.0849178,RAW_IMU,,,,,,,,,-87,0,-997,7,292,12,,,,,
1790035463.085727,GLOBAL_POSITION_INT,-35.3629894,149.1655706,593.81,10.005,1.82,1.83,-0.01,44.76,,,,,,,,,,,
1790035463.0862143,GPS_RAW_INT,,,,,,,,,,,,,,,,,,6,10
1790035463.1031392,ATTITUDE,,,,,,,,,,,,,,,0.00802575796842575,-0.15429501235485077,0.7813253998756409,,
1790035463.1040218,RAW_IMU,,,,,,,,,-87,0,-997,7,279,12,,,,,
1790035463.127218,ATTITUDE,,,,,,,,,,,,,,,0.008078016340732574,-0.14914776384830475,0.7814550399780273,,
1790035463.127972,RAW_IMU,,,,,,,,,-88,0,-995,7,261,13,,,,,
1790035463.1452074,ATTITUDE,,,,,,,,,,,,,,,0.008129006251692772,-0.14434941112995148,0.781599223613739,,
1790035463.1457534,RAW_IMU,,,,,,,,,-88,0,-995,7,244,13,,,,,
1790035463.1629035,ATTITUDE,,,,,,,,,,,,,,,0.008157409727573395,-0.1397944539785385,0.7817586064338684,,
1790035463.163189,RAW_IMU,,,,,,,,,-89,0,-995,6,231,13,,,,,
1790035463.1860416,ATTITUDE,,,,,,,,,,,,,,,0.008129510097205639,-0.13554628193378448,0.7819253206253052,,
1790035463.1865904,RAW_IMU,,,,,,,,,-89,0,-995,3,216,13,,,,,
1790035463.1869028,GLOBAL_POSITION_INT,-35.3629877,149.1655726,593.81,10.006,1.86,1.87,0.0,44.8,,,,,,,,,,,
1790035463.1872108,GPS_RAW_INT,,,,,,,,,,,,,,,,,,6,10
1790035463.2037606,ATTITUDE,,,,,,,,,,,,,,,0.008103211410343647,-0.13154658675193787,0.7821045517921448,,
1790035463.204179,RAW_IMU,,,,,,,,,-90,0,-994,3,204,13,,,,,
1790035463.2267237,ATTITUDE,,,,,,,,,,,,,,,0.008079294115304947,-0.1278596967458725,0.7822954058647156,,
1790035463.2273116,RAW_IMU,,,,,,,,,-90,0,-994,3,188,13,,,,,
1790035463.24438,ATTITUDE,,,,,,,,,,,,,,,0.008027466014027596,-0.12442570179700851,0.7824985384941101,,
1790035463.2448735,RAW_IMU,,,,,,,,,-91,0,-994,2,175,13,,,,,
1790035463.2674887,ATTITUDE,,,,,,,,,,,,,,,0.007977776229381561,-0.12127691507339478,0.7827105522155762,,
1790035463.267904,RAW_IMU,,,,,,,,,-91,0,-993,1,161,13,,,,,
1790035463.2851331,ATTITUDE,,,,,,,,,,,,,,,0.00795681867748499,-0.11836892366409302,0.7828505039215088,,
1790035463.285464,RAW_IMU,,,,,,,,,-91,0,-993,3,149,13,,,,,
1790035463.2858262,GLOBAL_POSITION_INT,-35.3629861,149.1655746,593.81,10.007,1.88,1.9,0.0,44.85,,,,,,,,,,,
1790035463.286098,GPS_RAW_INT,,,,,,,,,,,,,,,,,,6,10
1790035463.3029447,ATTITUDE,,,,,,,,,,,,,,,0.007937244139611721,-0.11570905894041061,0.7829903364181519,,
1790035463.3035188,RAW_IMU,,,,,,,,,-92,0,-993,3,137,12,,,,,
1790035463.3259943,ATTITUDE,,,,,,,,,,,,,,,0.007918529212474823,-0.11325329542160034,0.7831323146820068,,
1790035463.3264503,RAW_IMU,,,,,,,,,-92,0,-994,3,126,12,,,,,
1790035463.343442,ATTITUDE,,,,,,,,,,,,,,,0.007872357033193111,-0.11100377142429352,0.7832739949226379,,
1790035463.3440282,RAW_IMU,,,,,,,,,-92,0,-993,2,117,12,,,,,
1790035463.3668137,ATTITUDE,,,,,,,,,,,,,,,0.007766298484057188,-0.10893342643976212,0.7834155559539795,,
1790035463.3672729,RAW_IMU,,,,,,,,,-92,0,-994,0,107,12,,,,,
1790035463.3843074,ATTITUDE,,,,,,,,,,,,,,,0.007659010123461485,-0.10703908652067184,0.7835561037063599,,
1790035463.3849812,RAW_IMU,,,,,,,,,-92,0,-994,0,99,12,,,,,
1790035463.3854272,GLOBAL_POSITION_INT,-35.3629844,149.1655767,593.81,10.007,1.89,1.91,0.0,44.89,,,,,,,,,,,
1790035463.385737,GPS_RAW_INT,,,,,,,,,,,,,,,,,,6,10
1790035463.4075248,ATTITUDE,,,,,,,,,,,,,,,0.0074986545369029045,-0.10529547929763794,0.783698558807373,,
1790035463.4079242,RAW_IMU,,,,,,,,,-93,0,-994,-3,91,11,,,,,
1790035463.4250884,ATTITUDE,,,,,,,,,,,,,,,0.0073925163596868515,-0.10371334105730057,0.7838394641876221,,
1790035463.4253242,RAW_IMU,,,,,,,,,-93,0,-993,-1,83,11,,,,,
1790035463.4426446,ATTITUDE,,,,,,,,,,,,,,,0.007212030701339245,-0.1022663414478302,0.7839818000793457,,
1790035463.4432275,RAW_IMU,,,,,,,,,-93,0,-994,-4,76,10,,,,,
1790035463.465953,ATTITUDE,,,,,,,,,,,,,,,0.0070921191945672035,-0.1009187325835228,0.7841223478317261,,
1790035463.4666128,RAW_IMU,,,,,,,,,-93,0,-993,-1,71,10,,,,,
1790035463.483498,ATTITUDE,,,,,,,,,,,,,,,0.006886566989123821,-0.09973695874214172,0.784199595451355,,
1790035463.483968,RAW_IMU,,,,,,,,,-93,0,-994,-5,63,10,,,,,
1790035463.4842587,GLOBAL_POSITION_INT,-35.3629826,149.1655788,593.81,10.007,1.9,1.92,0.0,44.93,,,,,,,,,,,
1790035463.4847417,GPS_RAW_INT,,,,,,,,,,,,,,,,,,6,10
1790035463.5068808,ATTITUDE,,,,,,,,,,,,,,,0.006753202993422747,-0.09861142188310623,0.7842711210250854,,
1790035463.5075133,RAW_IMU,,,,,,,,,-93,0,-994,-2,60,9,,,,,
1790035463.524556,ATTITUDE,,,,,,,,,,,,,,,0.006551698781549931,-0.09761816263198853,0.7843407988548279,,
1790035463.524992,RAW_IMU,,,,,,,,,-93,0,-994,-5,54,9,,,,,
1790035463.5475135,ATTITUDE,,,,,,,,,,,,,,,0.006407289300113916,-0.09668134897947311,0.7844070792198181,,
1790035463.547995,RAW_IMU,,,,,,,,,-93,0,-994,-3,50,8,,,,,
1790035463.5651014,ATTITUDE,,,,,,,,,,,,,,,0.006197098642587662,-0.09583403915166855,0.7844722867012024,,
1790035463.5655777,RAW_IMU,,,,,,,,,-93,0,-994,-6,46,8,,,,,
1790035463.5827668,ATTITUDE,,,,,,,,,,,,,,,0.006058751605451107,-0.09505981206893921,0.7845334410667419,,
1790035463.583267,RAW_IMU,,,,,,,,,-94,0,-995,-3,42,8,,,,,
1790035463.5835967,GLOBAL_POSITION_INT,-35.3629809,149.1655809,593.81,10.006,1.9,1.93,0.0,44.95,,,,,,,,,,,
1790035463.5838947,GPS_RAW_INT,,,,,,,,,,,,,,,,,,6,10
1790035463.6061685,ATTITUDE,,,,,,,,,,,,,,,0.005856322590261698,-0.0943446084856987,0.7845953702926636,,
1790035463.6066966,RAW_IMU,,,,,,,,,-94,0,-994,-5,40,7,,,,,
1790035463.6234946,ATTITUDE,,,,,,,,,,,,,,,0.005720253102481365,-0.09371941536664963,0.7846596240997314,,
1790035463.6239073,RAW_IMU,,,,,,,,,-94,0,-995,-3,35,7,,,,,
1790035463.6467197,ATTITUDE,,,,,,,,,,,,,,,0.005529441870748997,-0.09313875436782837,0.7847248911857605,,
1790035463.6472945,RAW_IMU,,,,,,,,,-94,0,-995,-4,33,7,,,,,
1790035463.6643999,ATTITUDE,,,,,,,,,,,,,,,0.00537527771666646,-0.09270259737968445,0.7847944498062134,,
1790035463.6649659,RAW_IMU,,,,,,,,,-94,0,-995,-4,25,7,,,,,
1790035463.6874213,ATTITUDE,,,,,,,,,,,,,,,0.005199941340833902,-0.09229935705661774,0.7848135828971863,,
1790035463.688762,RAW_IMU,,,,,,,,,-94,0,-995,-4,24,6,,,,,
1790035463.6891012,GLOBAL_POSITION_INT,-35.3629792,149.1655831,593.81,10.006,1.9,1.93,0.0,44.96,,,,,,,,,,,
1790035463.689469,GPS_RAW_INT,,,,,,,,,,,,,,,,,,6,10
1790035463.705301,ATTITUDE,,,,,,,,,,,,,,,0.005013762507587671,-0.09197589010000229,0.7848316431045532,,
1790035463.7061808,RAW_IMU,,,,,,,,,-94,0,-996,-5,20,6,,,,,
1790035463.7249472,ATTITUDE,,,,,,,,,,,,,,,0.0048669991083443165,-0.09169287234544754,0.7848504185676575,,
1790035463.7254612,RAW_IMU,,,,,,,,,-94,0,-996,-3,18,6,,,,,
1790035463.7459345,ATTITUDE,,,,,,,,,,,,,,,0.004726820159703493,-0.09141995012760162,0.7848712801933289,,
1790035463.7464814,RAW_IMU,,,,,,,,,-94,0,-996,-3,17,6,,,,,
1790035463.7635164,ATTITUDE,,,,,,,,,,,,,,,0.004590345546603203,-0.09118078649044037,0.784895658493042,,
1790035463.7640586,RAW_IMU,,,,,,,,,-94,0,-996,-3,16,6,,,,,
1790035463.7865984,ATTITUDE,,,,,,,,,,,,,,,0.004461103584617376,-0.09099876880645752,0.7849226593971252,,
1790035463.7869916,RAW_IMU,,,,,,,,,-94,0,-996,-2,13,5,,,,,
1790035463.7873046,GLOBAL_POSITION_INT,-35.3629775,149.1655852,593.81,10.005,1.9,1.94,0.0,44.97,,,,,,,,,,,
1790035463.7875865,GPS_RAW_INT,,,,,,,,,,,,,,,,,,6,10
1790035463.8044279,ATTITUDE,,,,,,,,,,,,,,,0.004337276332080364,-0.09083366394042969,0.7849534153938293,,
1790035463.8048947,RAW_IMU,,,,,,,,,-94,0,-996,-2,12,5,,,,,
1790035463.827406,ATTITUDE,,,,,,,,,,,,,,,0.004219008609652519,-0.09075072407722473,0.7849856615066528,,
1790035463.827785,RAW_IMU,,,,,,,,,-94,0,-996,-2,8,5,,,,,
1790035463.8449965,ATTITUDE,,,,,,,,,,,,,,,0.0041052293963730335,-0.09067437052726746,0.7850224375724792,,
1790035463.845359,RAW_IMU,,,,,,,,,-94,0,-996,-2,7,5,,,,,
1790035463.8626776,ATTITUDE,,,,,,,,,,,,,,,0.003995973151177168,-0.09067125618457794,0.7850596308708191,,
1790035463.8630776,RAW_IMU,,,,,,,,,-94,0,-997,-1,4,5,,,,,
1790035463.885779,ATTITUDE,,,,,,,,,,,,,,,0.0038903288077563047,-0.09071923792362213,0.785062313079834,,
1790035463.8861709,RAW_IMU,,,,,,,,,-94,0,-996,-1,1,5,,,,,
1790035463.8865037,GLOBAL_POSITION_INT,-35.3629757,149.1655874,593.81,10.004,1.9,1.94,0.0,44.98,,,,,,,,,,,
1790035463.8867638,GPS_RAW_INT,,,,,,,,,,,,,,,,,,6,10
1790035463.903493,ATTITUDE,,,,,,,,,,,,,,,0.003789543407037854,-0.09081947803497314,0.7850654721260071,,
1790035463.903828,RAW_IMU,,,,,,,,,-94,0,-996,-1,0,5,,,,,
1790035463.9266047,ATTITUDE,,,,,,,,,,,,,,,0.0036936954129487276,-0.09097014367580414,0.7850706577301025,,
1790035463.9269412,RAW_IMU,,,,,,,,,-94,0,-996,-1,-3,5,,,,,
1790035463.9441874,ATTITUDE,,,,,,,,,,,,,,,0.003601229749619961,-0.09112486988306046,0.7850767970085144,,
1790035463.9447527,RAW_IMU,,,,,,,,,-94,0,-996,0,-3,5,,,,,
1790035463.9673398,ATTITUDE,,,,,,,,,,,,,,,0.0034681670367717743,-0.09134877473115921,0.785087525844574,,
1790035463.9676757,RAW_IMU,,,,,,,,,-94,0,-996,-2,-6,4,,,,,
1790035463.9848564,ATTITUDE,,,,,,,,,,,,,,,0.003329496830701828,-0.09156741946935654,0.7851017713546753,,
1790035463.9852734,RAW_IMU,,,,,,,,,-94,0,-996,-3,-7,4,,,,,
1790035463.9857552,GLOBAL_POSITION_INT,-35.362974,149.1655895,593.81,10.004,1.9,1.94,0.0,44.98,,,,,,,,,,,
1790035463.9863522,GPS_RAW_INT,,,,,,,,,,,,,,,,,,6,10
1790035464.0028815,ATTITUDE,,,,,,,,,,,,,,,0.0031688734889030457,-0.09182776510715485,0.785118579864502,,
1790035464.0032556,RAW_IMU,,,,,,,,,-94,0,-997,-4,-8,4,,,,,
1790035464.0257413,ATTITUDE,,,,,,,,,,,,,,,0.00296979327686131,-0.09205678850412369,0.7851399779319763,,
1790035464.0263288,RAW_IMU,,,,,,,,,-94,0,-997,-6,-7,4,,,,,
1790035464.043398,ATTITUDE,,,,,,,,,,,,,,,0.002779241418465972,-0.09234993904829025,0.7851609587669373,,
1790035464.0439115,RAW_IMU,,,,,,,,,-94,0,-997,-6,-10,4,,,,,
1790035464.0664756,ATTITUDE,,,,,,,,,,,,,,,0.0025710498448461294,-0.0926051214337349,0.7851835489273071,,
1790035464.0668476,RAW_IMU,,,,,,,,,-94,0,-997,-6,-9,4,,,,,
1790035464.0841002,ATTITUDE,,,,,,,,,,,,,,,0.002405993640422821,-0.09292658418416977,0.7851753830909729,,
1790035464.084418,RAW_IMU,,,,,,,,,-94,0,-997,-5,-10,4,,,,,
1790035464.0848937,GLOBAL_POSITION_INT,-35.3629723,149.1655917,593.81,10.003,1.9,1.94,0.0,44.98,,,,,,,,,,,
1790035464.0851307,GPS_RAW_INT,,,,,,,,,,,,,,,,,,6,10
1790035464.1073055,ATTITUDE,,,,,,,,,,,,,,,0.002192535437643528,-0.09321694821119308,0.7851701974868774,,
1790035464.108083,RAW_IMU,,,,,,,,,-94,0,-997,-6,-10,4,,,,,
1790035464.1248837,ATTITUDE,,,,,,,,,,,,,,,0.0020432474557310343,-0.09351204335689545,0.7851656675338745,,
1790035464.1252894,RAW_IMU,,,,,,,,,-94,0,-997,-4,-9,4,,,,,
1790035464.1425605,ATTITUDE,,,,,,,,,,,,,,,0.0018465720349922776,-0.09380919486284256,0.7851636409759521,,
1790035464.1429489,RAW_IMU,,,,,,,,,-94,0,-997,-5,-11,4,,,,,
1790035464.165785,ATTITUDE,,,,,,,,,,,,,,,0.0017105714650824666,-0.09406272321939468,0.7851666808128357,,
1790035464.1662757,RAW_IMU,,,,,,,,,-94,0,-997,-3,-8,4,,,,,
1790035464.1832707,ATTITUDE,,,,,,,,,,,,,,,0.0015246047405526042,-0.09436710178852081,0.7851724624633789,,
1790035464.1838765,RAW_IMU,,,,,,,,,-94,0,-997,-5,-11,4,,,,,
1790035464.1842437,GLOBAL_POSITION_INT,-35.3629705,149.1655939,593.81,10.002,1.9,1.94,0.0,44.98,,,,,,,,,,,
1790035464.184564,GPS_RAW_INT,,,,,,,,,,,,,,,,,,6,10
1790035464.2067413,ATTITUDE,,,,,,,,,,,,,,,0.0014061098918318748,-0.09460202604532242,0.7851814031600952,,
1790035464.2073255,RAW_IMU,,,,,,,,,-94,0,-997,-2,-7,4,,,,,
1790035464.2240596,ATTITUDE,,,,,,,,,,,,,,,0.0012630608398467302,-0.09487974643707275,0.7851942777633667,,
1790035464.2244432,RAW_IMU,,,,,,,,,-94,0,-997,-3,-11,4,,,,,
1790035464.241688,ATTITUDE,,,,,,,,,,,,,,,0.0011373148299753666,-0.09511041641235352,0.7852105498313904,,
1790035464.2421105,RAW_IMU,,,,,,,,,-94,0,-998,-3,-7,4,,,,,
1790035464.264832,ATTITUDE,,,,,,,,,,,,,,,0.001014698063954711,-0.09543023258447647,0.7852320671081543,,
1790035464.265248,RAW_IMU,,,,,,,,,-94,0,-997,-2,-11,4,,,,,
1790035464.2825084,ATTITUDE,,,,,,,,,,,,,,,0.0008814912871457636,-0.09569210559129715,0.7852245569229126,,
1790035464.283044,RAW_IMU,,,,,,,,,-94,0,-997,-3,-9,4,,,,,
1790035464.283374,GLOBAL_POSITION_INT,-35.3629688,149.165596,593.81,10.002,1.91,1.95,0.0,44.99,,,,,,,,,,,
1790035464.2836378,GPS_RAW_INT,,,,,,,,,,,,,,,,,,6,10
1790035464.3056407,ATTITUDE,,,,,,,,,,,,,,,0.0007830719696357846,-0.09601913392543793,0.7852195501327515,,
1790035464.3061113,RAW_IMU,,,,,,,,,-94,0,-998,0,-11,4,,,,,
1790035464.3231645,ATTITUDE,,,,,,,,,,,,,,,0.0006631289725191891,-0.09626060724258423,0.7852142453193665,,
1790035464.3234417,RAW_IMU,,,,,,,,,-94,0,-997,-2,-8,3,,,,,
1790035464.3407497,ATTITUDE,,,,,,,,,,,,,,,0.0006046646740287542,-0.09655245393514633,0.7852111458778381,,
1790035464.3411214,RAW_IMU,,,,,,,,,-94,0,-997,0,-9,3,,,,,
1790035464.3639593,ATTITUDE,,,,,,,,,,,,,,,0.00047311143134720623,-0.09676995873451233,0.7852128148078918,,
1790035464.3643775,RAW_IMU,,,,,,,,,-94,0,-997,-2,-7,4,,,,,
1790035464.3815565,ATTITUDE,,,,,,,,,,,,,,,0.0004377216682769358,-0.09704319387674332,0.7852186560630798,,
1790035464.3819766,RAW_IMU,,,,,,,,,-94,0,-998,1,-8,4,,,,,
1790035464.3823369,GLOBAL_POSITION_INT,-35.3629671,149.1655982,593.81,10.002,1.91,1.95,0.0,44.98,,,,,,,,,,,
1790035464.3829098,GPS_RAW_INT,,,,,,,,,,,,,,,,,,6,10
1790035464.404756,ATTITUDE,,,,,,,,,,,,,,,0.00033186827204190195,-0.0972457304596901,0.78522789478302,,
1790035464.4053826,RAW_IMU,,,,,,,,,-95,0,-997,-1,-6,4,,,,,
1790035464.422612,ATTITUDE,,,,,,,,,,,,,,,0.00029372356948442757,-0.09746704250574112,0.785240113735199,,
1790035464.4231513,RAW_IMU,,,,,,,,,-95,0,-997,1,-6,3,,,,,
1790035464.445633,ATTITUDE,,,,,,,,,,,,,,,0.00019315334793645889,-0.09766662120819092,0.7852554321289062,,
1790035464.4462545,RAW_IMU,,,,,,,,,-95,0,-997,0,-6,4,,,,,
1790035464.4631984,ATTITUDE,,,,,,,,,,,,,,,0.0001607403828529641,-0.09787258505821228,0.7852754592895508,,
1790035464.4638712,RAW_IMU,,,,,,,,,-95,0,-997,1,-6,3,,,,,
1790035464.4807637,ATTITUDE,,,,,,,,,,,,,,,6.486028723884374e-05,-0.09808579087257385,0.7852800488471985,,
1790035464.4813325,RAW_IMU,,,,,,,,,-95,0,-997,0,-6,3,,,,,
1790035464.4816658,GLOBAL_POSITION_INT,-35.3629653,149.1656004,593.81,10.001,1.92,1.95,0.0,44.99,,,,,,,,,,,
1790035464.4820566,GPS_RAW_INT,,,,,,,,,,,,,,,,,,6,10
1790035464.5040073,ATTITUDE,,,,,,,,,,,,,,,4.532828461378813e-05,-0.0983010083436966,0.7852861881256104,,
1790035464.504467,RAW_IMU,,,,,,,,,-95,0,-997,2,-6,3,,,,,
1790035464.5215836,ATTITUDE,,,,,,,,,,,,,,,-3.8518996007042006e-05,-0.09850592166185379,0.7852947115898132,,
1790035464.5223372,RAW_IMU,,,,,,,,,-95,0,-997,0,-6,3,,,,,
1790035464.544651,ATTITUDE,,,,,,,,,,,,,,,-6.090936221880838e-05,-0.09867440909147263,0.7853019833564758,,
1790035464.545009,RAW_IMU,,,,,,,,,-95,0,-997,1,-4,3,,,,,
1790035464.5624254,ATTITUDE,,,,,,,,,,,,,,,-0.00011078915122197941,-0.09884583950042725,0.7853136658668518,,
1790035464.5628216,RAW_IMU,,,,,,,,,-95,0,-997,1,-4,3,,,,,
1790035464.5853724,ATTITUDE,,,,,,,,,,,,,,,-0.00012639706255868077,-0.0989394560456276,0.7853280901908875,,
1790035464.5860672,RAW_IMU,,,,,,,,,-95,0,-997,2,0,3,,,,,
1790035464.5863774,GLOBAL_POSITION_INT,-35.3629636,149.1656026,593.81,10.001,1.93,1.96,0.0,44.99,,,,,,,,,,,
1790035464.586651,GPS_RAW_INT,,,,,,,,,,,,,,,,,,6,10
1790035464.6033912,ATTITUDE,,,,,,,,,,,,,,,-0.00015870569040998816,-0.09908062219619751,0.7853448390960693,,
1790035464.604629,RAW_IMU,,,,,,,,,-95,0,-997,2,-3,3,,,,,
1790035464.620713,ATTITUDE,,,,,,,,,,,,,,,-0.0001880617201095447,-0.0991482064127922,0.7853630781173706,,
1790035464.6210864,RAW_IMU,,,,,,,,,-95,0,-997,1,0,3,,,,,
1790035464.6439557,ATTITUDE,,,,,,,,,,,,,,,-0.00018662132788449526,-0.09927627444267273,0.7853829264640808,,
1790035464.644385,RAW_IMU,,,,,,,,,-95,0,-997,3,-2,3,,,,,
1790035464.6615384,ATTITUDE,,,,,,,,,,,,,,,-0.0002562101581133902,-0.0993335172533989,0.7854073643684387,,
1790035464.6621802,RAW_IMU,,,,,,,,,-95,0,-997,0,0,3,,,,,
1790035464.6847568,ATTITUDE,,,,,,,,,,,,,,,-0.00023957436496857554,-0.09948432445526123,0.7854156494140625,,
1790035464.685271,RAW_IMU,,,,,,,,,-95,0,-997,4,-2,3,,,,,
1790035464.685711,GLOBAL_POSITION_INT,-35.3629618,149.1656048,593.81,10.001,1.94,1.96,0.0,45.0,,,,,,,,,,,
1790035464.6861558,GPS_RAW_INT,,,,,,,,,,,,,,,,,,6,10
1790035464.702568,ATTITUDE,,,,,,,,,,,,,,,-0.0003048948128707707,-0.09955330193042755,0.7854242324829102,,
1790035464.7032075,RAW_IMU,,,,,,,,,-95,0,-997,0,0,3,,,,,
1790035464.7253737,ATTITUDE,,,,,,,,,,,,,,,-0.0002778367488645017,-0.09969563037157059,0.7854322791099548,,
1790035464.7258735,RAW_IMU,,,,,,,,,-95,0,-997,4,-2,3,,,,,
1790035464.7431326,ATTITUDE,,,,,,,,,,,,,,,-0.00033140360028482974,-0.09976814687252045,0.7854412198066711,,
1790035464.7436237,RAW_IMU,,,,,,,,,-95,0,-997,1,0,3,,,,,
1790035464.7608118,ATTITUDE,,,,,,,,,,,,,,,-0.000318727659760043,-0.09987818449735641,0.7854502201080322,,
1790035464.7612891,RAW_IMU,,,,,,,,,-96,0,-997,3,0,3,,,,,
1790035464.7839,ATTITUDE,,,,,,,,,,,,,,,-0.0003251845482736826,-0.0999542623758316,0.7854618430137634,,
1790035464.7845113,RAW_IMU,,,,,,,,,-96,0,-997,3,0,3,,,,,
1790035464.7849743,GLOBAL_POSITION_INT,-35.36296,149.165607,593.81,10.001,1.94,1.96,0.0,45.0,,,,,,,,,,,
1790035464.785369,GPS_RAW_INT,,,,,,,,,,,,,,,,,,6,10
1790035464.8018904,ATTITUDE,,,,,,,,,,,,,,,-0.0003293493064120412,-0.1000407263636589,0.7854734063148499,,
1790035464.8026862,RAW_IMU,,,,,,,,,-96,0,-997,2,0,3,,,,,
1790035464.8247283,ATTITUDE,,,,,,,,,,,,,,,-0.00031733125797472894,-0.10011890530586243,0.7854866981506348,,
1790035464.8250387,RAW_IMU,,,,,,,,,-96,0,-997,4,0,3,,,,,
1790035464.8423686,ATTITUDE,,,,,,,,,,,,,,,-0.00035280207521282136,-0.10017827898263931,0.7855003476142883,,
1790035464.842884,RAW_IMU,,,,,,,,,-96,0,-996,1,1,3,,,,,
1790035464.8653767,ATTITUDE,,,,,,,,,,,,,,,-0.0003293915942776948,-0.10026479512453079,0.7855153679847717,,
1790035464.8657932,RAW_IMU,,,,,,,,,-96,0,-997,4,0,3,,,,,
1790035464.8830686,ATTITUDE,,,,,,,,,,,,,,,-0.0003616082831285894,-0.10033310204744339,0.7855128645896912,,
1790035464.8834677,RAW_IMU,,,,,,,,,-96,0,-997,2,1,3,,,,,
1790035464.8838937,GLOBAL_POSITION_INT,-35.3629582,149.1656092,593.81,10.001,1.95,1.97,0.0,45.0,,,,,,,,,,,
1790035464.8841379,GPS_RAW_INT,,,,,,,,,,,,,,,,,,6,10
1790035464.902492,ATTITUDE,,,,,,,,,,,,,,,-0.00031339636188931763,-0.10042276233434677,0.7855099439620972,,
1790035464.903043,RAW_IMU,,,,,,,,,-96,0,-996,5,0,3,,,,,
1790035464.925382,ATTITUDE,,,,,,,,,,,,,,,-0.00034660976962186396,-0.10048160701990128,0.7855089902877808,,
1790035464.9258983,RAW_IMU,,,,,,,,,-96,0,-996,2,1,3,,,,,
1790035464.9429746,ATTITUDE,,,,,,,,,,,,,,,-0.00028778775595128536,-0.10056410729885101,0.7855046391487122,,
1790035464.9433045,RAW_IMU,,,,,,,,,-96,0,-996,6,0,3,,,,,
1790035464.9606705,ATTITUDE,,,,,,,,,,,,,,,-0.000303062261082232,-0.10059957951307297,0.7855038046836853,,
1790035464.9613967,RAW_IMU,,,,,,,,,-96,0,-996,3,2,3,,,,,
1790035464.983792,ATTITUDE,,,,,,,,,,,,,,,-0.00024060660507529974,-0.10067512094974518,0.785503625869751,,
1790035464.9842126,RAW_IMU,,,,,,,,,-96,0,-996,6,0,2,,,,,
1790035464.9847088,GLOBAL_POSITION_INT,-35.3629564,149.1656114,593.81,10.001,1.96,1.97,0.0,45.0,,,,,,,,,,,
1790035464.9851313,GPS_RAW_INT,,,,,,,,,,,,,,,,,,6,10
1790035465.0017762,ATTITUDE,,,,,,,,,,,,,,,-0.0002482669660821557,-0.10068728774785995,0.7855061888694763,,
1790035465.0023892,RAW_IMU,,,,,,,,,-96,0,-996,3,3,3,,,,,
1790035465.0245697,ATTITUDE,,,,,,,,,,,,,,,-0.00018710964650381356,-0.10075367242097855,0.7855091094970703,,
1790035465.025103,RAW_IMU,,,,,,,,,-96,0,-996,6,0,3,,,,,
1790035465.0422225,ATTITUDE,,,,,,,,,,,,,,,-0.0001740259467624128,-0.10073819756507874,0.7855129837989807,,
1790035465.0428522,RAW_IMU,,,,,,,,,-97,0,-996,4,4,2,,,,,
1790035465.0652895,ATTITUDE,,,,,,,,,,,,,,,-0.00013332371599972248,-0.10079837590456009,0.7855201959609985,,
1790035465.0656774,RAW_IMU,,,,,,,,,-97,0,-996,5,0,2,,,,,
1790035465.0830076,ATTITUDE,,,,,,,,,,,,,,,-0.00010741862934082747,-0.10079634189605713,0.7855173349380493,,
1790035465.0833073,RAW_IMU,,,,,,,,,-97,0,-996,5,4,2,,,,,
1790035465.0838883,GLOBAL_POSITION_INT,-35.3629546,149.1656136,593.81,10.001,1.97,1.98,0.0,45.0,,,,,,,,,,,
1790035465.084327,GPS_RAW_INT,,,,,,,,,,,,,,,,,,6,10
1790035465.106283,ATTITUDE,,,,,,,,,,,,,,,-6.80083830957301e-05,-0.10086656361818314,0.7855134010314941,,
1790035465.1067913,RAW_IMU,,,,,,,,,-97,0,-996,5,1,2,,,,,
1790035465.1239707,ATTITUDE,,,,,,,,,,,,,,,-4.3359807023080066e-05,-0.10085393488407135,0.7855109572410583,,
1790035465.1245153,RAW_IMU,,,,,,,,,-97,0,-996,5,4,2,,,,,
1790035465.1470144,ATTITUDE,,,,,,,,,,,,,,,9.51242236624239e-06,-0.10090955346822739,0.7855094075202942,,
1790035465.147616,RAW_IMU,,,,,,,,,-97,0,-996,5,1,2,,,,,
1790035465.164744,ATTITUDE,,,,,,,,,,,,,,,4.8317717300960794e-05,-0.10085621476173401,0.7855116128921509,,
1790035465.1651266,RAW_IMU,,,,,,,,,-97,0,-996,6,6,2,,,,,
1790035465.1877298,ATTITUDE,,,,,,,,,,,,,,,9.811175550566986e-05,-0.10087395459413528,0.7855137586593628,,
1790035465.188506,RAW_IMU,,,,,,,,,-97,0,-996,5,3,2,,,,,
1790035465.188839,GLOBAL_POSITION_INT,-35.3629528,149.1656158,593.81,10.002,1.97,1.98,0.0,45.0,,,,,,,,,,,
1790035465.1891208,GPS_RAW_INT,,,,,,,,,,,,,,,,,,6,10
1790035465.205551,ATTITUDE,,,,,,,,,,,,,,,0.00013461854541674256,-0.10080977529287338,0.7855174541473389,,
1790035465.206172,RAW_IMU,,,,,,,,,-97,0,-996,5,6,2,,,,,
1790035465.2248943,ATTITUDE,,,,,,,,,,,,,,,0.00019923984655179083,-0.10080452263355255,0.7855202555656433,,
1790035465.2252693,RAW_IMU,,,,,,,,,-97,0,-996,6,4,2,,,,,
1790035465.2465758,ATTITUDE,,,,,,,,,,,,,,,0.0002400517405476421,-0.10074901580810547,0.7855247259140015,,
1790035465.246939,RAW_IMU,,,,,,,,,-97,0,-996,6,5,2,,,,,
1790035465.2648609,ATTITUDE,,,,,,,,,,,,,,,0.00031928811222314835,-0.10071507841348648,0.7855313420295715,,
1790035465.2654603,RAW_IMU,,,,,,,,,-97,0,-996,6,6,2,,,,,
1790035465.2877085,ATTITUDE,,,,,,,,,,,,,,,0.00036174041451886296,-0.1006905809044838,0.785538911819458,,
1790035465.2884004,RAW_IMU,,,,,,,,,-97,0,-996,6,4,2,,,,,
1790035465.2887747,GLOBAL_POSITION_INT,-35.362951,149.1656181,593.81,10.002,1.98,1.99,0.0,45.0,,,,,,,,,,,
1790035465.289118,GPS_RAW_INT,,,,,,,,,,,,,,,,,,6,10
1790035465.3054543,ATTITUDE,,,,,,,,,,,,,,,0.0004039432678837329,-0.1006506010890007,0.7855477929115295,,
1790035465.3061607,RAW_IMU,,,,,,,,,-97,0,-996,5,6,2,,,,,
1790035465.3230526,ATTITUDE,,,,,,,,,,,,,,,0.00046808397746644914,-0.10062578320503235,0.7855558395385742,,
1790035465.323506,RAW_IMU,,,,,,,,,-97,0,-996,7,4,2,,,,,
1790035465.3462234,ATTITUDE,,,,,,,,,,,,,,,0.00048017065273597836,-0.10056887567043304,0.785564124584198,,
1790035465.346692,RAW_IMU,,,,,,,,,-97,0,-996,4,7,2,,,,,
1790035465.363747,ATTITUDE,,,,,,,,,,,,,,,0.0005498298560269177,-0.10054416209459305,0.7855746150016785,,
1790035465.3643,RAW_IMU,,,,,,,,,-97,0,-996,7,5,2,,,,,
1790035465.3869147,ATTITUDE,,,,,,,,,,,,,,,0.0005674294079653919,-0.10044804960489273,0.785586416721344,,
1790035465.3873959,RAW_IMU,,,,,,,,,-97,0,-995,4,8,2,,,,,
1790035465.3877287,GLOBAL_POSITION_INT,-35.3629492,149.1656203,593.81,10.002,1.98,1.99,0.0,45.01,,,,,,,,,,,
1790035465.3880522,GPS_RAW_INT,,,,,,,,,,,,,,,,,,6,10
1790035465.4046068,ATTITUDE,,,,,,,,,,,,,,,0.0006169471307657659,-0.1004493311047554,0.7855948209762573,,
1790035465.4050908,RAW_IMU,,,,,,,,,-97,0,-996,5,4,2,,,,,
1790035465.4277344,ATTITUDE,,,,,,,,,,,,,,,0.0006689789006486535,-0.10035871714353561,0.7856007218360901,,
1790035465.4281185,RAW_IMU,,,,,,,,,-98,0,-996,6,7,2,,,,,
1790035465.445295,ATTITUDE,,,,,,,,,,,,,,,0.0007193946512416005,-0.10034438967704773,0.7856030464172363,,
1790035465.44566,RAW_IMU,,,,,,,,,-98,0,-996,6,5,2,,,,,
1790035465.4629147,ATTITUDE,,,,,,,,,,,,,,,0.0007668135222047567,-0.1002630889415741,0.7856063842773438,,
1790035465.4632826,RAW_IMU,,,,,,,,,-98,0,-996,5,7,2,,,,,
1790035465.486058,ATTITUDE,,,,,,,,,,,,,,,0.0008023426053114235,-0.10025636851787567,0.7856138348579407,,
1790035465.4867017,RAW_IMU,,,,,,,,,-98,0,-996,5,5,1,,,,,
1790035465.4872384,GLOBAL_POSITION_INT,-35.3629474,149.1656225,593.81,10.002,1.99,1.99,0.0,45.01,,,,,,,,,,,
1790035465.4877095,GPS_RAW_INT,,,,,,,,,,,,,,,,,,6,10
1790035465.5036395,ATTITUDE,,,,,,,,,,,,,,,0.0008551566279493272,-0.10021426528692245,0.7856194376945496,,
1790035465.5041525,RAW_IMU,,,,,,,,,-98,0,-996,6,5,1,,,,,
1790035465.5268629,ATTITUDE,,,,,,,,,,,,,,,0.000862600514665246,-0.10015787929296494,0.7856236100196838,,
1790035465.5272248,RAW_IMU,,,,,,,,,-98,0,-996,4,7,1,,,,,
1790035465.5445738,ATTITUDE,,,,,,,,,,,,,,,0.0009305402636528015,-0.10013531893491745,0.7856268286705017,,
1790035465.5451083,RAW_IMU,,,,,,,,,-98,0,-996,6,4,1,,,,,
1790035465.5681925,ATTITUDE,,,,,,,,,,,,,,,0.0009179856278933585,-0.10001686960458755,0.7856353521347046,,
1790035465.5684538,RAW_IMU,,,,,,,,,-98,0,-996,3,9,2,,,,,
1790035465.5853577,ATTITUDE,,,,,,,,,,,,,,,0.0009735986823216081,-0.09997325390577316,0.7856443524360657,,
1790035465.5857856,RAW_IMU,,,,,,,,,-98,0,-996,5,6,2,,,,,
1790035465.5864744,GLOBAL_POSITION_INT,-35.3629455,149.1656247,593.81,10.002,1.99,2.0,0.0,45.01,,,,,,,,,,,
1790035465.5870545,GPS_RAW_INT,,,,,,,,,,,,,,,,,,6,10
1790035465.6033332,ATTITUDE,,,,,,,,,,,,,,,0.0009644980309531093,-0.09983450919389725,0.7856521606445312,,
1790035465.603784,RAW_IMU,,,,,,,,,-98,0,-996,3,10,2,,,,,
1790035465.6261702,ATTITUDE,,,,,,,,,,,,,,,0.0009993737330660224,-0.09976574778556824,0.7856581211090088,,
1790035465.62656,RAW_IMU,,,,,,,,,-98,0,-996,4,7,2,,,,,
1790035465.6439037,ATTITUDE,,,,,,,,,,,,,,,0.0010172653710469604,-0.09962520748376846,0.7856634855270386,,
1790035465.6445012,RAW_IMU,,,,,,,,,-98,0,-996,4,10,2,,,,,
1790035465.666948,ATTITUDE,,,,,,,,,,,,,,,0.0010185359278693795,-0.0995509922504425,0.7856726050376892,,
1790035465.6673892,RAW_IMU,,,,,,,,,-98,0,-996,3,8,2,,,,,
1790035465.6845267,ATTITUDE,,,,,,,,,,,,,,,0.0010520356008782983,-0.09942346066236496,0.7856861352920532,,
1790035465.685076,RAW_IMU,,,,,,,,,-98,0,-996,5,9,2,,,,,
1790035465.6854064,GLOBAL_POSITION_INT,-35.3629437,149.165627,593.81,10.002,2.0,2.0,0.0,45.01,,,,,,,,,,,
1790035465.6857243,GPS_RAW_INT,,,,,,,,,,,,,,,,,,6,10
1790035465.7077115,ATTITUDE,,,,,,,,,,,,,,,0.0010459801414981484,-0.09934192895889282,0.7856982946395874,,
1790035465.7086222,RAW_IMU,,,,,,,,,-98,0,-995,3,8,2,,,,,
1790035465.7252922,ATTITUDE,,,,,,,,,,,,,,,0.001040420145727694,-0.09922982007265091,0.7857083678245544,,
1790035465.7257297,RAW_IMU,,,,,,,,,-98,0,-996,3,8,2,,,,,
1790035465.7430623,ATTITUDE,,,,,,,,,,,,,,,0.0010351423406973481,-0.09912129491567612,0.7857130169868469,,
1790035465.74372,RAW_IMU,,,,,,,,,-98,0,-996,3,10,1,,,,,
1790035465.766132,ATTITUDE,,,,,,,,,,,,,,,0.0010318997083231807,-0.09901869297027588,0.7857182025909424,,
1790035465.7664514,RAW_IMU,,,,,,,,,-98,0,-996,3,8,1,,,,,
1790035465.7835803,ATTITUDE,,,,,,,,,,,,,,,0.0010292857186868787,-0.09885452687740326,0.7857224941253662,,
1790035465.7839227,RAW_IMU,,,,,,,,,-98,0,-996,3,12,1,,,,,
1790035465.784241,GLOBAL_POSITION_INT,-35.3629419,149.1656292,593.81,10.002,2.0,2.0,0.0,45.01,,,,,,,,,,,
1790035465.7845578,GPS_RAW_INT,,,,,,,,,,,,,,,,,,6,10
1790035465.8069177,ATTITUDE,,,,,,,,,,,,,,,0.0010512348962947726,-0.09874983131885529,0.7857218980789185,,
1790035465.8072414,RAW_IMU,,,,,,,,,-98,0,-996,4,9,1,,,,,
1790035465.8245282,ATTITUDE,,,,,,,,,,,,,,,0.0010864388896152377,-0.09854738414287567,0.785717248916626,,
1790035465.8249037,RAW_IMU,,,,,,,,,-98,0,-996,5,13,1,,,,,
1790035465.8475866,ATTITUDE,,,,,,,,,,,,,,,0.0011201556771993637,-0.09842544794082642,0.7857087254524231,,
1790035465.8480103,RAW_IMU,,,,,,,,,-98,0,-996,5,10,1,,,,,
1790035465.8652058,ATTITUDE,,,,,,,,,,,,,,,0.0011527836322784424,-0.09822738170623779,0.7857023477554321,,
1790035465.86559,RAW_IMU,,,,,,,,,-98,0,-996,5,13,1,,,,,
1790035465.8828354,ATTITUDE,,,,,,,,,,,,,,,0.001181609695777297,-0.09813165664672852,0.7857040762901306,,
1790035465.8832293,RAW_IMU,,,,,,,,,-98,0,-995,5,9,1,,,,,
1790035465.883481,GLOBAL_POSITION_INT,-35.3629401,149.1656314,593.81,10.002,2.01,2.01,0.0,45.01,,,,,,,,,,,
1790035465.8838634,GPS_RAW_INT,,,,,,,,,,,,,,,,,,6,10
1790035465.9061174,ATTITUDE,,,,,,,,,,,,,,,0.0012273596366867423,-0.0979677140712738,0.7857027649879456,,
1790035465.9065423,RAW_IMU,,,,,,,,,-98,0,-996,5,11,1,,,,,
1790035465.9237196,ATTITUDE,,,,,,,,,,,,,,,0.0012716557830572128,-0.09785483777523041,0.7856981754302979,,
1790035465.9241948,RAW_IMU,,,,,,,,,-98,0,-996,5,10,1,,,,,
1790035465.9468393,ATTITUDE,,,,,,,,,,,,,,,0.0013158386573195457,-0.09769624471664429,0.7856912612915039,,
1790035465.9472554,RAW_IMU,,,,,,,,,-98,0,-996,5,11,1,,,,,
1790035465.964492,ATTITUDE,,,,,,,,,,,,,,,0.001397927524521947,-0.09755992889404297,0.7856858372688293,,
1790035465.9649274,RAW_IMU,,,,,,,,,-98,0,-996,7,11,1,,,,,
1790035465.987439,ATTITUDE,,,,,,,,,,,,,,,0.0014225789345800877,-0.09741264581680298,0.7856827974319458,,
1790035465.9882534,RAW_IMU,,,,,,,,,-98,0,-996,4,10,1,,,,,
1790035465.9886537,GLOBAL_POSITION_INT,-35.3629382,149.1656337,593.81,10.003,2.01,2.01,0.0,45.01,,,,,,,,,,,
1790035465.9890506,GPS_RAW_INT,,,,,,,,,,,,,,,,,,6,10
1790035466.005292,ATTITUDE,,,,,,,,,,,,,,,0.0015189627883955836,-0.09727080166339874,0.7856776714324951,,
1790035466.0057423,RAW_IMU,,,,,,,,,-99,0,-996,8,11,1,,,,,
1790035466.02276,ATTITUDE,,,,,,,,,,,,,,,0.001538711367174983,-0.09716340154409409,0.7856727838516235,,
1790035466.023208,RAW_IMU,,,,,,,,,-98,0,-996,4,8,1,,,,,
1790035466.0461366,ATTITUDE,,,,,,,,,,,,,,,0.0016372991958633065,-0.0969921424984932,0.7856656908988953,,
1790035466.0466409,RAW_IMU,,,,,,,,,-98,0,-996,7,12,1,,,,,
1790035466.0635052,ATTITUDE,,,,,,,,,,,,,,,0.0016764429165050387,-0.09690887480974197,0.7856643795967102,,
1790035466.063855,RAW_IMU,,,,,,,,,-99,0,-996,6,8,1,,,,,
1790035466.0868995,ATTITUDE,,,,,,,,,,,,,,,0.00173444882966578,-0.09676513820886612,0.7856783866882324,,
1790035466.0873747,RAW_IMU,,,,,,,,,-98,0,-996,6,10,1,,,,,
1790035466.0879443,GLOBAL_POSITION_INT,-35.3629364,149.1656359,593.81,10.003,2.01,2.01,0.0,45.01,,,,,,,,,,,
1790035466.0883553,GPS_RAW_INT,,,,,,,,,,,,,,,,,,6,10
1790035466.1050212,ATTITUDE,,,,,,,,,,,,,,,0.0018034763634204865,-0.09668055176734924,0.7856922149658203,,
1790035466.105341,RAW_IMU,,,,,,,,,-99,0,-996,7,8,1,,,,,
1790035466.1245427,ATTITUDE,,,,,,,,,,,,,,,0.0018236403120681643,-0.09656237065792084,0.7857051491737366,,
1790035466.1262746,RAW_IMU,,,,,,,,,-99,0,-996,4,9,1,,,,,
1790035466.1444788,ATTITUDE,,,,,,,,,,,,,,,0.0018764639971777797,-0.09646060317754745,0.7857169508934021,,
1790035466.1452193,RAW_IMU,,,,,,,,,-98,0,-996,6,9,1,,,,,
1790035466.16472,ATTITUDE,,,,,,,,,,,,,,,0.001931116683408618,-0.09635768085718155,0.7857285141944885,,
1790035466.1657495,RAW_IMU,,,,,,,,,-99,0,-996,6,8,1,,,,,
1790035466.1846237,ATTITUDE,,,,,,,,,,,,,,,0.0019845229107886553,-0.09622828662395477,0.7857382893562317,,
1790035466.1862643,RAW_IMU,,,,,,,,,-99,0,-996,6,10,1,,,,,
1790035466.1872509,GLOBAL_POSITION_INT,-35.3629345,149.1656382,593.81,10.003,2.01,2.01,0.0,45.01,,,,,,,,,,,
1790035466.1879654,GPS_RAW_INT,,,,,,,,,,,,,,,,,,6,10
1790035466.2046921,ATTITUDE,,,,,,,,,,,,,,,0.0020356473978608847,-0.09612935781478882,0.7857438325881958,,
1790035466.2057474,RAW_IMU,,,,,,,,,-98,0,-996,6,8,1,,,,,
1790035466.236601,ATTITUDE,,,,,,,,,,,,,,,0.0020870922598987818,-0.09600578993558884,0.7857456207275391,,
1790035466.237313,RAW_IMU,,,,,,,,,-98,0,-996,6,10,1,,,,,
1790035466.2446249,ATTITUDE,,,,,,,,,,,,,,,0.0021364244166761637,-0.09589965641498566,0.785744309425354,,
1790035466.2454343,RAW_IMU,,,,,,,,,-99,0,-996,5,8,1,,,,,
1790035466.2633657,ATTITUDE,,,,,,,,,,,,,,,0.0021835071966052055,-0.09581465274095535,0.7857437133789062,,
1790035466.2642453,RAW_IMU,,,,,,,,,-99,0,-996,5,8,1,,,,,
1790035466.28326,ATTITUDE,,,,,,,,,,,,,,,0.002225451171398163,-0.09572501480579376,0.785757839679718,,
1790035466.2843986,RAW_IMU,,,,,,,,,-99,0,-996,5,8,1,,,,,
1790035466.2854323,GLOBAL_POSITION_INT,-35.3629327,149.1656404,593.81,10.003,2.01,2.01,0.0,45.02,,,,,,,,,,,
1790035466.2863321,GPS_RAW_INT,,,,,,,,,,,,,,,,,,6,10
1790035466.3031063,ATTITUDE,,,,,,,,,,,,,,,0.0022615145426243544,-0.09563897550106049,0.7857663631439209,,
1790035466.3054612,RAW_IMU,,,,,,,,,-99,0,-996,5,9,1,,,,,
1790035466.322991,ATTITUDE,,,,,,,,,,,,,,,0.00230116187594831,-0.09560360759496689,0.7857738733291626,,
1790035466.3238626,RAW_IMU,,,,,,,,,-99,0,-996,5,5,1,,,,,
1790035466.3413749,ATTITUDE,,,,,,,,,,,,,,,0.0023405561223626137,-0.09549425542354584,0.7857789397239685,,
1790035466.3429205,RAW_IMU,,,,,,,,,-99,0,-996,5,9,1,,,,,
1790035466.3616273,ATTITUDE,,,,,,,,,,,,,,,0.002377393189817667,-0.0954846516251564,0.7857845425605774,,
1790035466.363323,RAW_IMU,,,,,,,,,-98,0,-996,5,4,1,,,,,
1790035466.3859208,ATTITUDE,,,,,,,,,,,,,,,0.00241401931270957,-0.09538627415895462,0.7857885360717773,,
1790035466.3868163,RAW_IMU,,,,,,,,,-99,0,-996,5,8,1,,,,,
1790035466.3871748,GLOBAL_POSITION_INT,-35.3629309,149.1656426,593.81,10.003,2.01,2.01,0.0,45.02,,,,,,,,,,,
1790035466.3875306,GPS_RAW_INT,,,,,,,,,,,,,,,,,,6,10
1790035466.4043572,ATTITUDE,,,,,,,,,,,,,,,0.0024501532316207886,-0.09534873068332672,0.7857876420021057,,
1790035466.4047623,RAW_IMU,,,,,,,,,-99,0,-996,5,6,1,,,,,
1790035466.4219682,ATTITUDE,,,,,,,,,,,,,,,0.0024856021627783775,-0.09527924656867981,0.7857816815376282,,
1790035466.422647,RAW_IMU,,,,,,,,,-99,0,-996,5,6,1,,,,,
1790035466.4451132,ATTITUDE,,,,,,,,,,,,,,,0.0025199863594025373,-0.09519423544406891,0.7857698798179626,,
1790035466.4457052,RAW_IMU,,,,,,,,,-98,0,-996,5,8,0,,,,,
1790035466.462735,ATTITUDE,,,,,,,,,,,,,,,0.0025528466794639826,-0.09515837579965591,0.7857584953308105,,
1790035466.4633634,RAW_IMU,,,,,,,,,-99,0,-996,5,5,0,,,,,
1790035466.48565,ATTITUDE,,,,,,,,,,,,,,,0.002579683670774102,-0.09507757425308228,0.7857702374458313,,
1790035466.486077,RAW_IMU,,,,,,,,,-99,0,-996,5,8,0,,,,,
1790035466.4866505,GLOBAL_POSITION_INT,-35.3629291,149.1656448,593.81,10.003,2.01,2.01,0.0,45.02,,,,,,,,,,,
1790035466.486874,GPS_RAW_INT,,,,,,,,,,,,,,,,,,6,10
1790035466.503437,ATTITUDE,,,,,,,,,,,,,,,0.0026057858485728502,-0.09505974501371384,0.7857782244682312,,
1790035466.5040197,RAW_IMU,,,,,,,,,-99,0,-996,4,4,0,,,,,
1790035466.5212002,ATTITUDE,,,,,,,,,,,,,,,0.002631391864269972,-0.09496749192476273,0.7857825756072998,,
1790035466.521592,RAW_IMU,,,,,,,,,-99,0,-996,4,8,0,,,,,
1790035466.5442417,ATTITUDE,,,,,,,,,,,,,,,0.0026584556326270103,-0.09494033455848694,0.7857847213745117,,
1790035466.5448182,RAW_IMU,,,,,,,,,-98,0,-996,4,5,0,,,,,
1790035466.5618873,ATTITUDE,,,,,,,,,,,,,,,0.0026831075083464384,-0.09479890018701553,0.7857875227928162,,
1790035466.562405,RAW_IMU,,,,,,,,,-99,0,-996,4,10,0,,,,,
1790035466.5849743,ATTITUDE,,,,,,,,,,,,,,,0.0027075610123574734,-0.09444482624530792,0.7857888340950012,,
1790035466.585537,RAW_IMU,,,,,,,,,-99,0,-996,4,20,0,,,,,
1790035466.5861752,GLOBAL_POSITION_INT,-35.3629272,149.1656471,593.81,10.003,2.01,2.01,0.0,45.02,,,,,,,,,,,
1790035466.5864322,GPS_RAW_INT,,,,,,,,,,,,,,,,,,6,10
1790035466.6031642,ATTITUDE,,,,,,,,,,,,,,,0.0027304296381771564,-0.09361309558153152,0.7857869863510132,,
1790035466.6038253,RAW_IMU,,,,,,,,,-99,0,-996,4,43,0,,,,,
1790035466.6210673,ATTITUDE,,,,,,,,,,,,,,,0.0027553497347980738,-0.09212608635425568,0.7857829332351685,,
1790035466.6215246,RAW_IMU,,,,,,,,,-99,0,-996,4,75,0,,,,,
1790035466.6442764,ATTITUDE,,,,,,,,,,,,,,,0.0027797692455351353,-0.08990924805402756,0.7857758402824402,,
1790035466.6447456,RAW_IMU,,,,,,,,,-98,0,-996,4,112,0,,,,,
1790035466.6620183,ATTITUDE,,,,,,,,,,,,,,,0.002803472802042961,-0.0867888554930687,0.7857702970504761,,
1790035466.6626964,RAW_IMU,,,,,,,,,-99,0,-996,4,156,0,,,,,
1790035466.6849976,ATTITUDE,,,,,,,,,,,,,,,0.0028204151894897223,-0.08277440816164017,0.7857910394668579,,
1790035466.6854002,RAW_IMU,,,,,,,,,-99,0,-997,4,202,0,,,,,
1790035466.6859074,GLOBAL_POSITION_INT,-35.3629254,149.1656493,593.81,10.003,2.01,2.01,0.0,45.02,,,,,,,,,,,
1790035466.6866066,GPS_RAW_INT,,,,,,,,,,,,,,,,,,6,10
1790035466.7028513,ATTITUDE,,,,,,,,,,,,,,,0.0028369727078825235,-0.077821284532547,0.7858118414878845,,
1790035466.7034612,RAW_IMU,,,,,,,,,-99,0,-996,4,249,0,,,,,
1790035466.7257867,ATTITUDE,,,,,,,,,,,,,,,0.0028532047290354967,-0.07189754396677017,0.7858334183692932,,
1790035466.7263074,RAW_IMU,,,,,,,,,-99,0,-997,4,297,0,,,,,
1790035466.7435062,ATTITUDE,,,,,,,,,,,,,,,0.0028700351249426603,-0.06503862887620926,0.785858154296875,,
1790035466.744103,RAW_IMU,,,,,,,,,-98,0,-997,4,344,0,,,,,
1790035466.7611244,ATTITUDE,,,,,,,,,,,,,,,0.002895791782066226,-0.05728376284241676,0.7858875393867493,,
1790035466.761606,RAW_IMU,,,,,,,,,-98,0,-997,4,389,1,,,,,
1790035466.7840922,ATTITUDE,,,,,,,,,,,,,,,0.002941529266536236,-0.04866798594594002,0.7859166860580444,,
1790035466.7845712,RAW_IMU,,,,,,,,,-98,0,-997,6,432,0,,,,,
1790035466.7850254,GLOBAL_POSITION_INT,-35.3629236,149.1656515,593.81,10.003,1.99,1.99,0.0,45.02,,,,,,,,,,,
1790035466.7852054,GPS_RAW_INT,,,,,,,,,,,,,,,,,,6,10
1790035466.801785,ATTITUDE,,,,,,,,,,,,,,,0.0029359322506934404,-0.039234459400177,0.7859411835670471,,
1790035466.8023336,RAW_IMU,,,,,,,,,-98,0,-997,3,473,0,,,,,
1790035466.8250132,ATTITUDE,,,,,,,,,,,,,,,0.0029318463057279587,-0.029099930077791214,0.7859597206115723,,
1790035466.8256438,RAW_IMU,,,,,,,,,-97,0,-997,3,509,0,,,,,
1790035466.8425148,ATTITUDE,,,,,,,,,,,,,,,0.002928884234279394,-0.018295081332325935,0.7859760522842407,,
1790035466.842883,RAW_IMU,,,,,,,,,-97,0,-998,3,542,0,,,,,
1790035466.8656397,ATTITUDE,,,,,,,,,,,,,,,0.0029257754795253277,-0.006886047776788473,0.7859910726547241,,
1790035466.8661635,RAW_IMU,,,,,,,,,-96,0,-999,3,572,0,,,,,
1790035466.8832357,ATTITUDE,,,,,,,,,,,,,,,0.002918813843280077,0.005093055311590433,0.7860323190689087,,
1790035466.883566,RAW_IMU,,,,,,,,,-96,0,-1000,3,601,0,,,,,
1790035466.8838437,GLOBAL_POSITION_INT,-35.3629218,149.1656537,593.81,10.003,1.94,1.94,0.0,45.03,,,,,,,,,,,
1790035466.8841267,GPS_RAW_INT,,,,,,,,,,,,,,,,,,6,10
1790035466.9013808,ATTITUDE,,,,,,,,,,,,,,,0.002911962103098631,0.01752845197916031,0.7860693335533142,,
1790035466.9018247,RAW_IMU,,,,,,,,,-95,0,-1000,3,625,0,,,,,
1790035466.9241471,ATTITUDE,,,,,,,,,,,,,,,0.002905611414462328,0.030373482033610344,0.7861055731773376,,
1790035466.924467,RAW_IMU,,,,,,,,,-94,0,-1001,3,645,0,,,,,
1790035466.9416537,ATTITUDE,,,,,,,,,,,,,,,0.002900502411648631,0.04354434087872505,0.7861388921737671,,
1790035466.9420981,RAW_IMU,,,,,,,,,-93,0,-1002,3,662,0,,,,,
1790035466.9650054,ATTITUDE,,,,,,,,,,,,,,,0.002966065891087055,0.05696515738964081,0.7861711382865906,,
1790035466.965514,RAW_IMU,,,,,,,,,-92,0,-1004,6,674,0,,,,,
1790035466.9824817,ATTITUDE,,,,,,,,,,,,,,,0.0030061546713113785,0.07032366842031479,0.7862017750740051,,
1790035466.9828866,RAW_IMU,,,,,,,,,-90,0,-1006,6,673,0,,,,,
1790035466.9832468,GLOBAL_POSITION_INT,-35.36292,149.1656558,593.81,10.004,1.85,1.85,0.0,45.04,,,,,,,,,,,
1790035466.9839106,GPS_RAW_INT,,,,,,,,,,,,,,,,,,6,10
1790035467.00577,ATTITUDE,,,,,,,,,,,,,,,0.0030538516584783792,0.08309036493301392,0.7862255573272705,,
1790035467.0061045,RAW_IMU,,,,,,,,,-89,0,-1008,5,645,0,,,,,
1790035467.40812,GLOBAL_POSITION_INT,-35.3629164,149.1656602,593.81,10.003,1.53,1.53,0.0,45.05,,,,,,,,,,,
1790035467.409224,GPS_RAW_INT,,,,,,,,,,,,,,,,,,6,10
1790035467.4101112,RAW_IMU,,,,,,,,,-70,0,-1021,6,-84,0,,,,,
1790035467.4102533,RAW_IMU,,,,,,,,,-68,0,-1020,6,-139,0,,,,,
1790035467.4104633,RAW_IMU,,,,,,,,,-66,0,-1020,6,-186,0,,,,,
1790035467.4105697,ATTITUDE,,,,,,,,,,,,,,,0.0038856712635606527,0.12788081169128418,0.7863270044326782,,
1790035467.410704,RAW_IMU,,,,,,,,,-65,0,-1019,5,-227,0,,,,,
1790035467.4108894,ATTITUDE,,,,,,,,,,,,,,,0.003916621208190918,0.12256023287773132,0.7863336801528931,,
1790035467.411065,RAW_IMU,,,,,,,,,-63,0,-1018,5,-260,0,,,,,
1790035467.4111693,ATTITUDE,,,,,,,,,,,,,,,0.00394806545227766,0.11674872785806656,0.786339521408081,,
1790035467.4113395,RAW_IMU,,,,,,,,,-62,0,-1017,5,-285,1,,,,,
1790035467.411454,ATTITUDE,,,,,,,,,,,,,,,0.003978522960096598,0.11053114384412766,0.7863454818725586,,
1790035467.4115968,RAW_IMU,,,,,,,,,-61,0,-1016,5,-306,1,,,,,
1790035467.4117622,ATTITUDE,,,,,,,,,,,,,,,0.0040088738314807415,0.10406935214996338,0.7863513827323914,,
1790035467.4119184,RAW_IMU,,,,,,,,,-59,0,-1014,5,-318,1,,,,,
1790035467.4120204,ATTITUDE,,,,,,,,,,,,,,,0.00403663981705904,0.09739366173744202,0.7863529324531555,,
1790035467.4121332,RAW_IMU,,,,,,,,,-58,0,-1013,5,-329,1,,,,,
1790035467.4122183,ATTITUDE,,,,,,,,,,,,,,,0.004064778797328472,0.0906582921743393,0.7863498330116272,,
1790035467.4123294,RAW_IMU,,,,,,,,,-57,0,-1013,5,-332,1,,,,,
1790035467.412419,GLOBAL_POSITION_INT,-35.3629139,149.1656632,593.81,10.003,1.29,1.3,0.0,45.05,,,,,,,,,,,
1790035467.412533,GPS_RAW_INT,,,,,,,,,,,,,,,,,,6,10
1790035467.425884,ATTITUDE,,,,,,,,,,,,,,,0.00407483521848917,0.08412514626979828,0.7863435745239258,,
1790035467.4264026,RAW_IMU,,,,,,,,,-56,0,-1010,4,-336,1,,,,,
1790035467.448992,ATTITUDE,,,,,,,,,,,,,,,0.004088167566806078,0.0773686021566391,0.7863286137580872,,
1790035467.449475,RAW_IMU,,,,,,,,,-55,0,-1009,4,-334,1,,,,,
1790035467.474543,ATTITUDE,,,,,,,,,,,,,,,0.004099598154425621,0.07062428444623947,0.7863255143165588,,
1790035467.474994,RAW_IMU,,,,,,,,,-54,0,-1009,4,-333,1,,,,,
1790035467.4896092,ATTITUDE,,,,,,,,,,,,,,,0.004106317646801472,0.06407085806131363,0.7863577604293823,,
1790035467.4901917,RAW_IMU,,,,,,,,,-53,0,-1008,4,-323,1,,,,,
1790035467.5075235,ATTITUDE,,,,,,,,,,,,,,,0.004114123992621899,0.05764281004667282,0.7863817811012268,,
1790035467.5082242,RAW_IMU,,,,,,,,,-53,0,-1006,4,-316,1,,,,,
1790035467.5084546,GLOBAL_POSITION_INT,-35.3629128,149.1656647,593.81,10.004,1.2,1.21,0.0,45.05,,,,,,,,,,,
1790035467.5087757,GPS_RAW_INT,,,,,,,,,,,,,,,,,,6,10
1790035467.5304356,ATTITUDE,,,,,,,,,,,,,,,0.004122382029891014,0.05142674967646599,0.7864024639129639,,
1790035467.5310628,RAW_IMU,,,,,,,,,-52,0,-1005,4,-307,1,,,,,
1790035467.5480387,ATTITUDE,,,,,,,,,,,,,,,0.004130880814045668,0.0454818531870842,0.7864199280738831,,
1790035467.548357,RAW_IMU,,,,,,,,,-51,0,-1005,4,-292,1,,,,,
1790035467.5658882,ATTITUDE,,,,,,,,,,,,,,,0.004138790536671877,0.039745111018419266,0.7864378690719604,,
1790035467.5663705,RAW_IMU,,,,,,,,,-51,0,-1004,4,-282,1,,,,,
1790035467.5889084,ATTITUDE,,,,,,,,,,,,,,,0.004148359876126051,0.03424758464097977,0.7864528298377991,,
1790035467.5896084,RAW_IMU,,,,,,,,,-50,0,-1004,4,-271,1,,,,,
1790035467.6067202,ATTITUDE,,,,,,,,,,,,,,,0.004142597317695618,0.029033927246928215,0.7864601016044617,,
1790035467.6071002,RAW_IMU,,,,,,,,,-50,0,-1002,3,-257,1,,,,,
1790035467.6076078,GLOBAL_POSITION_INT,-35.3629117,149.165666,593.81,10.004,1.14,1.15,0.0,45.06,,,,,,,,,,,
1790035467.608433,GPS_RAW_INT,,,,,,,,,,,,,,,,,,6,10
1790035467.629704,ATTITUDE,,,,,,,,,,,,,,,0.004135690629482269,0.024099916219711304,0.7864588499069214,,
1790035467.6300135,RAW_IMU,,,,,,,,,-49,0,-1001,3,-243,1,,,,,
1790035467.6475196,ATTITUDE,,,,,,,,,,,,,,,0.004130982328206301,0.019450517371296883,0.7864497303962708,,
1790035467.647957,RAW_IMU,,,,,,,,,-48,0,-1001,3,-229,1,,,,,
1790035467.6704683,ATTITUDE,,,,,,,,,,,,,,,0.004126421641558409,0.015059198252856731,0.7864447832107544,,
1790035467.6712003,RAW_IMU,,,,,,,,,-48,0,-1001,3,-215,1,,,,,
1790035467.6881166,ATTITUDE,,,,,,,,,,,,,,,0.004118799231946468,0.01093234121799469,0.786469042301178,,
1790035467.6886828,RAW_IMU,,,,,,,,,-48,0,-1001,3,-202,1,,,,,
1790035467.70654,ATTITUDE,,,,,,,,,,,,,,,0.004111500922590494,0.007057172246277332,0.7864854335784912,,
1790035467.7067847,RAW_IMU,,,,,,,,,-47,0,-1001,3,-189,0,,,,,
1790035467.7069204,GLOBAL_POSITION_INT,-35.3629106,149.1656673,593.81,10.004,1.1,1.11,0.0,45.06,,,,,,,,,,,
1790035467.707079,GPS_RAW_INT,,,,,,,,,,,,,,,,,,6,10
1790035467.7288036,ATTITUDE,,,,,,,,,,,,,,,0.004104242660105228,0.0034498271998018026,0.7864960432052612,,
1790035467.729214,RAW_IMU,,,,,,,,,-47,0,-1000,3,-176,0,,,,,
1790035467.7464979,ATTITUDE,,,,,,,,,,,,,,,0.0040991827845573425,0.00011734288273146376,0.7865040302276611,,
1790035467.746826,RAW_IMU,,,,,,,,,-47,0,-1000,3,-162,0,,,,,
1790035467.7696068,ATTITUDE,,,,,,,,,,,,,,,0.004094352014362812,-0.002991634653881192,0.7865060567855835,,
1790035467.7699952,RAW_IMU,,,,,,,,,-46,0,-1000,3,-151,0,,,,,
1790035467.787153,ATTITUDE,,,,,,,,,,,,,,,0.004090980160981417,-0.005839651450514793,0.7865042686462402,,
1790035467.7875814,RAW_IMU,,,,,,,,,-46,0,-1000,3,-138,0,,,,,
1790035467.8105578,ATTITUDE,,,,,,,,,,,,,,,0.00408812565729022,-0.008511357940733433,0.7864911556243896,,
1790035467.811454,RAW_IMU,,,,,,,,,-46,0,-1000,3,-129,0,,,,,
1790035467.8118656,GLOBAL_POSITION_INT,-35.3629096,149.1656685,593.81,10.005,1.07,1.08,0.0,45.06,,,,,,,,,,,
1790035467.8122768,GPS_RAW_INT,,,,,,,,,,,,,,,,,,6,10
1790035467.8280933,ATTITUDE,,,,,,,,,,,,,,,0.004086745902895927,-0.010956319980323315,0.7864725589752197,,
1790035467.8285308,RAW_IMU,,,,,,,,,-46,0,-1000,3,-118,0,,,,,
1790035467.8457272,ATTITUDE,,,,,,,,,,,,,,,0.004086789675056934,-0.013347196392714977,0.7864446640014648,,
1790035467.846335,RAW_IMU,,,,,,,,,-45,0,-1000,3,-111,0,,,,,
1790035467.868829,ATTITUDE,,,,,,,,,,,,,,,0.0040873088873922825,-0.015425079502165318,0.7864121198654175,,
1790035467.8694046,RAW_IMU,,,,,,,,,-45,0,-999,3,-101,0,,,,,
1790035467.8864176,ATTITUDE,,,,,,,,,,,,,,,0.004084509797394276,-0.017425604164600372,0.7864060997962952,,
1790035467.886754,RAW_IMU,,,,,,,,,-45,0,-999,3,-95,0,,,,,
1790035467.9096677,ATTITUDE,,,,,,,,,,,,,,,0.00408197334036231,-0.019239133223891258,0.7864058017730713,,
1790035467.9105816,RAW_IMU,,,,,,,,,-45,0,-999,3,-87,0,,,,,
1790035467.911023,GLOBAL_POSITION_INT,-35.3629086,149.1656697,593.81,10.005,1.05,1.07,0.0,45.05,,,,,,,,,,,
1790035467.9114158,GPS_RAW_INT,,,,,,,,,,,,,,,,,,6,10
1790035467.9272885,ATTITUDE,,,,,,,,,,,,,,,0.004079826176166534,-0.020937763154506683,0.7864012122154236,,
1790035467.927757,RAW_IMU,,,,,,,,,-45,0,-999,3,-80,0,,,,,
1790035467.9503562,ATTITUDE,,,,,,,,,,,,,,,0.004078983794897795,-0.022502215579152107,0.7863928079605103,,
1790035467.950742,RAW_IMU,,,,,,,,,-45,0,-999,3,-75,0,,,,,
1790035467.9755692,ATTITUDE,,,,,,,,,,,,,,,0.004076860845088959,-0.023928383365273476,0.7863809466362,,
1790035467.9759986,RAW_IMU,,,,,,,,,-44,0,-999,3,-67,0,,,,,
1790035467.9855587,ATTITUDE,,,,,,,,,,,,,,,0.004074888303875923,-0.025282489135861397,0.7863669395446777,,
1790035467.986148,RAW_IMU,,,,,,,,,-44,0,-999,3,-64,0,,,,,
1790035468.008887,ATTITUDE,,,,,,,,,,,,,,,0.004075543023645878,-0.026494158431887627,0.7863461971282959,,
1790035468.009526,RAW_IMU,,,,,,,,,-44,0,-999,3,-56,0,,,,,
1790035468.0103638,GLOBAL_POSITION_INT,-35.3629076,149.1656709,593.81,10.005,1.04,1.06,0.0,45.05,,,,,,,,,,,
1790035468.0108829,GPS_RAW_INT,,,,,,,,,,,,,,,,,,6,10
1790035468.026645,ATTITUDE,,,,,,,,,,,,,,,0.004077354446053505,-0.027669986709952354,0.7863202095031738,,
1790035468.026853,RAW_IMU,,,,,,,,,-44,0,-999,3,-55,0,,,,,
1790035468.0497963,ATTITUDE,,,,,,,,,,,,,,,0.0040779211558401585,-0.028683604672551155,0.7862884998321533,,
1790035468.0501602,RAW_IMU,,,,,,,,,-44,0,-999,3,-47,0,,,,,
1790035468.0671833,ATTITUDE,,,,,,,,,,,,,,,0.004078859928995371,-0.029708288609981537,0.7862512469291687,,
1790035468.067676,RAW_IMU,,,,,,,,,-44,0,-999,3,-47,0,,,,,
1790035468.090303,ATTITUDE,,,,,,,,,,,,,,,0.004027586430311203,-0.03058481588959694,0.7862381339073181,,
1790035468.090757,RAW_IMU,,,,,,,,,-44,0,-999,1,-40,0,,,,,
1790035468.1080923,ATTITUDE,,,,,,,,,,,,,,,0.0039740209467709064,-0.03145593777298927,0.7862297296524048,,
1790035468.108836,RAW_IMU,,,,,,,,,-44,0,-999,0,-39,0,,,,,
1790035468.1091678,GLOBAL_POSITION_INT,-35.3629067,149.1656721,593.81,10.006,1.03,1.05,0.0,45.04,,,,,,,,,,,
1790035468.1096182,GPS_RAW_INT,,,,,,,,,,,,,,,,,,6,10
1790035468.1256318,ATTITUDE,,,,,,,,,,,,,,,0.0039232042618095875,-0.03220447152853012,0.7862173914909363,,
1790035468.1261373,RAW_IMU,,,,,,,,,-44,0,-999,1,-34,0,,,,,
1790035468.1488912,ATTITUDE,,,,,,,,,,,,,,,0.0038650687783956528,-0.03293440490961075,0.7862025499343872,,
1790035468.1496816,RAW_IMU,,,,,,,,,-44,0,-999,0,-32,0,,,,,
1790035468.166405,ATTITUDE,,,,,,,,,,,,,,,0.0037808900233358145,-0.03358577564358711,0.7861841320991516,,
1790035468.167059,RAW_IMU,,,,,,,,,-43,0,-999,0,-29,0,,,,,
1790035468.189469,ATTITUDE,,,,,,,,,,,,,,,0.003701702691614628,-0.03415101021528244,0.7861635088920593,,
1790035468.1901982,RAW_IMU,,,,,,,,,-43,0,-999,0,-24,0,,,,,
1790035468.2074192,ATTITUDE,,,,,,,,,,,,,,,0.0036266865208745003,-0.03469768166542053,0.786136269569397,,
1790035468.207834,RAW_IMU,,,,,,,,,-43,0,-999,0,-24,0,,,,,
1790035468.2083628,GLOBAL_POSITION_INT,-35.3629057,149.1656733,593.81,10.006,1.02,1.04,0.0,45.04,,,,,,,,,,,
1790035468.2087884,GPS_RAW_INT,,,,,,,,,,,,,,,,,,6,10
1790035468.2303538,ATTITUDE,,,,,,,,,,,,,,,0.003534802235662937,-0.035146377980709076,0.7861044406890869,,
1790035468.2307348,RAW_IMU,,,,,,,,,-43,0,-999,0,-18,0,,,,,
1790035468.2478585,ATTITUDE,,,,,,,,,,,,,,,0.0034756639506667852,-0.03561097010970116,0.7860696315765381,,
1790035468.248315,RAW_IMU,,,,,,,,,-43,0,-999,0,-19,0,,,,,
1790035468.2656333,ATTITUDE,,,,,,,,,,,,,,,0.003354400862008333,-0.03596177697181702,0.786032497882843,,
1790035468.2659996,RAW_IMU,,,,,,,,,-43,0,-1000,-2,-14,0,,,,,
1790035468.288607,ATTITUDE,,,,,,,,,,,,,,,0.0033098391722887754,-0.03635000064969063,0.7860177159309387,,
1790035468.2890596,RAW_IMU,,,,,,,,,-43,0,-1000,1,-15,0,,,,,
1790035468.3065255,ATTITUDE,,,,,,,,,,,,,,,0.0031856687273830175,-0.03662806376814842,0.7860123515129089,,
1790035468.3073153,RAW_IMU,,,,,,,,,-43,0,-999,-2,-10,0,,,,,
1790035468.307669,GLOBAL_POSITION_INT,-35.3629048,149.1656745,593.81,10.006,1.02,1.04,0.0,45.03,,,,,,,,,,,
1790035468.3079545,GPS_RAW_INT,,,,,,,,,,,,,,,,,,6,10
1790035468.3295252,ATTITUDE,,,,,,,,,,,,,,,0.0031370276119560003,-0.036947887390851974,0.7860035300254822,,
1790035468.32983,RAW_IMU,,,,,,,,,-43,0,-999,0,-12,0,,,,,
1790035468.3470173,ATTITUDE,,,,,,,,,,,,,,,0.003020462580025196,-0.03715655580163002,0.7859969735145569,,
1790035468.3473701,RAW_IMU,,,,,,,,,-43,0,-999,-1,-7,0,,,,,
1790035468.3701742,ATTITUDE,,,,,,,,,,,,,,,0.0029874127358198166,-0.037421710789203644,0.7859870195388794,,
1790035468.3705251,RAW_IMU,,,,,,,,,-43,0,-999,1,-9,0,,,,,
1790035468.3878279,ATTITUDE,,,,,,,,,,,,,,,0.0028811718802899122,-0.03757603466510773,0.7859782576560974,,
1790035468.3880982,RAW_IMU,,,,,,,,,-43,0,-999,-1,-4,0,,,,,
1790035468.4111943,ATTITUDE,,,,,,,,,,,,,,,0.002856226870790124,-0.03777323290705681,0.7859669923782349,,
1790035468.4116592,RAW_IMU,,,,,,,,,-43,0,-999,1,-5,0,,,,,
1790035468.412141,GLOBAL_POSITION_INT,-35.3629038,149.1656756,593.81,10.006,1.02,1.04,0.0,45.03,,,,,,,,,,,
1790035468.4124215,GPS_RAW_INT,,,,,,,,,,,,,,,,,,6,10
1790035468.4286394,ATTITUDE,,,,,,,,,,,,,,,0.002765167271718383,-0.03789513185620308,0.7859550714492798,,
1790035468.4292152,RAW_IMU,,,,,,,,,-43,0,-999,0,-3,0,,,,,
1790035468.44626,ATTITUDE,,,,,,,,,,,,,,,0.0027370615862309933,-0.03801412135362625,0.785939633846283,,
1790035468.4466884,RAW_IMU,,,,,,,,,-43,0,-999,1,-1,0,,,,,
1790035468.4711826,ATTITUDE,,,,,,,,,,,,,,,0.002681778511032462,-0.03812633827328682,0.7859210968017578,,
1790035468.4715188,RAW_IMU,,,,,,,,,-43,0,-999,1,-2,0,,,,,
1790035468.4869766,ATTITUDE,,,,,,,,,,,,,,,0.0026407036930322647,-0.03818673640489578,0.7859219312667847,,
1790035468.487566,RAW_IMU,,,,,,,,,-43,0,-999,1,0,0,,,,,
1790035468.510513,ATTITUDE,,,,,,,,,,,,,,,0.0025997445918619633,-0.03830345720052719,0.7859265804290771,,
1790035468.5113382,RAW_IMU,,,,,,,,,-43,0,-999,2,-2,0,,,,,
1790035468.5118916,GLOBAL_POSITION_INT,-35.3629029,149.1656768,593.81,10.006,1.02,1.04,0.0,45.03,,,,,,,,,,,
1790035468.5121849,GPS_RAW_INT,,,,,,,,,,,,,,,,,,6,10
1790035468.5279942,ATTITUDE,,,,,,,,,,,,,,,0.002548441756516695,-0.03832495957612991,0.7859300374984741,,
1790035468.528714,RAW_IMU,,,,,,,,,-43,0,-999,0,2,1,,,,,
1790035468.551038,ATTITUDE,,,,,,,,,,,,,,,0.0025273163337260485,-0.03841608390212059,0.7859328389167786,,
1790035468.551679,RAW_IMU,,,,,,,,,-43,0,-999,2,0,1,,,,,
1790035468.568642,ATTITUDE,,,,,,,,,,,,,,,0.0024791848845779896,-0.038399867713451385,0.7859330773353577,,
1790035468.5691109,RAW_IMU,,,,,,,,,-43,0,-999,0,3,1,,,,,
1790035468.586263,ATTITUDE,,,,,,,,,,,,,,,0.002472060266882181,-0.03845350816845894,0.7859311699867249,,
1790035468.5869284,RAW_IMU,,,,,,,,,-43,0,-999,3,1,1,,,,,
1790035468.6094468,ATTITUDE,,,,,,,,,,,,,,,0.0024309747386723757,-0.03844010829925537,0.7859277129173279,,
1790035468.6099098,RAW_IMU,,,,,,,,,-43,0,-999,1,3,1,,,,,
1790035468.6105738,GLOBAL_POSITION_INT,-35.362902,149.1656779,593.81,10.007,1.02,1.04,0.0,45.03,,,,,,,,,,,
1790035468.6108909,GPS_RAW_INT,,,,,,,,,,,,,,,,,,6,10
1790035468.6272147,ATTITUDE,,,,,,,,,,,,,,,0.0024546675849705935,-0.03844142705202103,0.785919189453125,,
1790035468.627683,RAW_IMU,,,,,,,,,-43,0,-999,4,4,1,,,,,
1790035468.650239,ATTITUDE,,,,,,,,,,,,,,,0.0024109065998345613,-0.03840874508023262,0.785908579826355,,
1790035468.6505759,RAW_IMU,,,,,,,,,-43,0,-999,1,4,1,,,,,
1790035468.6678681,ATTITUDE,,,,,,,,,,,,,,,0.0024333964101970196,-0.03834421560168266,0.7858930826187134,,
1790035468.6684885,RAW_IMU,,,,,,,,,-43,0,-999,4,7,1,,,,,
1790035468.6908753,ATTITUDE,,,,,,,,,,,,,,,0.00238072220236063,-0.03831140324473381,0.785893440246582,,
1790035468.6911929,RAW_IMU,,,,,,,,,-43,0,-999,1,4,1,,,,,
1790035468.7086728,ATTITUDE,,,,,,,,,,,,,,,0.0024052592925727367,-0.038208283483982086,0.7858974933624268,,
1790035468.709308,RAW_IMU,,,,,,,,,-43,0,-999,4,8,1,,,,,
1790035468.7097044,GLOBAL_POSITION_INT,-35.362901,149.1656791,593.81,10.007,1.01,1.03,0.0,45.02,,,,,,,,,,,
1790035468.7101488,GPS_RAW_INT,,,,,,,,,,,,,,,,,,6,10
1790035468.7260342,ATTITUDE,,,,,,,,,,,,,,,0.002353804185986519,-0.03817065432667732,0.7858995199203491,,
1790035468.726898,RAW_IMU,,,,,,,,,-43,0,-999,1,5,1,,,,,
1790035468.7493753,ATTITUDE,,,,,,,,,,,,,,,0.0023777561727911234,-0.03802545741200447,0.7858989238739014,,
1790035468.7496922,RAW_IMU,,,,,,,,,-43,0,-999,4,10,1,,,,,
1790035468.7669702,ATTITUDE,,,,,,,,,,,,,,,0.0023360757622867823,-0.03795040771365166,0.7858965396881104,,
1790035468.7673907,RAW_IMU,,,,,,,,,-43,0,-1000,1,7,1,,,,,
1790035468.7900822,ATTITUDE,,,,,,,,,,,,,,,0.0023654100950807333,-0.03780023008584976,0.7858924269676208,,
1790035468.7904406,RAW_IMU,,,,,,,,,-43,0,-999,4,10,1,,,,,
1790035468.8079188,ATTITUDE,,,,,,,,,,,,,,,0.002339713741093874,-0.03768908232450485,0.7858844995498657,,
1790035468.8084044,RAW_IMU,,,,,,,,,-43,0,-999,2,9,1,,,,,
1790035468.8087072,GLOBAL_POSITION_INT,-35.3629001,149.1656802,593.81,10.007,1.01,1.03,0.0,45.02,,,,,,,,,,,
1790035468.8092082,GPS_RAW_INT,,,,,,,,,,,,,,,,,,6,10
1790035468.8310888,ATTITUDE,,,,,,,,,,,,,,,0.002369015710428357,-0.03752518445253372,0.7858737707138062,,
1790035468.8312285,RAW_IMU,,,,,,,,,-43,0,-999,4,11,1,,,,,
1790035468.8484957,ATTITUDE,,,,,,,,,,,,,,,0.0023453820031136274,-0.03739900887012482,0.7858606576919556,,
1790035468.8490937,RAW_IMU,,,,,,,,,-43,0,-999,2,10,1,,,,,
1790035468.8662183,ATTITUDE,,,,,,,,,,,,,,,0.002384725259616971,-0.03725907951593399,0.7858432531356812,,
1790035468.866682,RAW_IMU,,,,,,,,,-43,0,-999,4,9,1,,,,,
1790035468.8892603,ATTITUDE,,,,,,,,,,,,,,,0.0023612172808498144,-0.03712855651974678,0.7858392000198364,,
1790035468.8896942,RAW_IMU,,,,,,,,,-43,0,-999,3,10,1,,,,,
1790035468.9071426,ATTITUDE,,,,,,,,,,,,,,,0.0023695083800703287,-0.037031661719083786,0.7858391404151917,,
1790035468.9075246,RAW_IMU,,,,,,,,,-43,0,-1000,3,8,1,,,,,
1790035468.9080036,GLOBAL_POSITION_INT,-35.3628992,149.1656814,593.81,10.007,1.01,1.03,0.0,45.02,,,,,,,,,,,
1790035468.90842,GPS_RAW_INT,,,,,,,,,,,,,,,,,,6,10
1790035468.9301527,ATTITUDE,,,,,,,,,,,,,,,0.0023619618732482195,-0.03689565509557724,0.7858380675315857,,
1790035468.9308815,RAW_IMU,,,,,,,,,-43,0,-1000,3,10,1,,,,,
1790035468.947796,ATTITUDE,,,,,,,,,,,,,,,0.002356264041736722,-0.03680705279111862,0.7858352065086365,,
1790035468.9483788,RAW_IMU,,,,,,,,,-42,0,-1000,2,7,1,,,,,
1790035468.9738123,ATTITUDE,,,,,,,,,,,,,,,0.002378958510234952,-0.036651406437158585,0.785830557346344,,
1790035468.974287,RAW_IMU,,,,,,,,,-42,0,-1000,5,11,1,,,,,
1790035468.988545,ATTITUDE,,,,,,,,,,,,,,,0.002358139492571354,-0.03656241297721863,0.7858248949050903,,
1790035468.9891841,RAW_IMU,,,,,,,,,-43,0,-1000,2,8,1,,,,,
1790035469.0063467,ATTITUDE,,,,,,,,,,,,,,,0.002395128831267357,-0.03639175742864609,0.7858179807662964,,
1790035469.007007,RAW_IMU,,,,,,,,,-42,0,-1000,5,11,1,,,,,
1790035469.0075,GLOBAL_POSITION_INT,-35.3628983,149.1656825,593.81,10.007,1.01,1.03,0.0,45.02,,,,,,,,,,,
1790035469.0081024,GPS_RAW_INT,,,,,,,,,,,,,,,,,,6,10
1790035469.029422,ATTITUDE,,,,,,,,,,,,,,,0.0023556998930871487,-0.036299098283052444,0.7858100533485413,,
1790035469.0300395,RAW_IMU,,,,,,,,,-42,0,-999,1,8,1,,,,,
1790035469.0468748,ATTITUDE,,,,,,,,,,,,,,,0.0023827864788472652,-0.03615100681781769,0.7857997417449951,,
1790035469.0475004,RAW_IMU,,,,,,,,,-42,0,-999,4,10,1,,,,,
1790035469.0701606,ATTITUDE,,,,,,,,,,,,,,,0.002343582222238183,-0.03607191890478134,0.785785436630249,,
1790035469.0705593,RAW_IMU,,,,,,,,,-42,0,-1000,1,7,1,,,,,
1790035469.0878968,ATTITUDE,,,,,,,,,,,,,,,0.0023811517748981714,-0.035920266062021255,0.7857820987701416,,
1790035469.0883675,RAW_IMU,,,,,,,,,-42,0,-1000,5,10,1,,,,,
1790035469.1109316,ATTITUDE,,,,,,,,,,,,,,,0.002327684313058853,-0.03587230667471886,0.7857832908630371,,
1790035469.1114452,RAW_IMU,,,,,,,,,-42,0,-1000,1,6,1,,,,,
1790035469.1122022,GLOBAL_POSITION_INT,-35.3628974,149.1656836,593.81,10.007,1.01,1.02,0.0,45.02,,,,,,,,,,,
1790035469.1126714,GPS_RAW_INT,,,,,,,,,,,,,,,,,,6,10
1790035469.1284902,ATTITUDE,,,,,,,,,,,,,,,0.0023551241029053926,-0.03574258089065552,0.7857822179794312,,
1790035469.1290274,RAW_IMU,,,,,,,,,-42,0,-999,4,9,1,,,,,
1790035469.1463425,ATTITUDE,,,,,,,,,,,,,,,0.002317084465175867,-0.0356646403670311,0.7857808470726013,,
1790035469.1471732,RAW_IMU,,,,,,,,,-42,0,-999,2,8,1,,,,,
1790035469.1693163,ATTITUDE,,,,,,,,,,,,,,,0.002344368724152446,-0.03555664047598839,0.7857742309570312,,
1790035469.16993,RAW_IMU,,,,,,,,,-42,0,-1000,4,8,1,,,,,
1790035469.1869652,ATTITUDE,,,,,,,,,,,,,,,0.002298570005223155,-0.03546985611319542,0.7857693433761597,,
1790035469.1874447,RAW_IMU,,,,,,,,,-42,0,-1000,1,8,1,,,,,
1790035469.2106702,ATTITUDE,,,,,,,,,,,,,,,0.0023208395577967167,-0.0353848971426487,0.7857620120048523,,
1790035469.2108755,RAW_IMU,,,,,,,,,-42,0,-1000,4,7,1,,,,,
1790035469.2116427,GLOBAL_POSITION_INT,-35.3628964,149.1656847,593.81,10.006,1.0,1.02,0.0,45.02,,,,,,,,,,,
1790035469.2119837,GPS_RAW_INT,,,,,,,,,,,,,,,,,,6,10
1790035469.2283814,ATTITUDE,,,,,,,,,,,,,,,0.0022849764209240675,-0.03528805077075958,0.7857537865638733,,
1790035469.228843,RAW_IMU,,,,,,,,,-42,0,-1000,2,8,1,,,,,
1790035469.246185,ATTITUDE,,,,,,,,,,,,,,,0.0022979467175900936,-0.03522486239671707,0.7857438921928406,,
1790035469.2466903,RAW_IMU,,,,,,,,,-42,0,-1000,3,6,1,,,,,
1790035469.2691462,ATTITUDE,,,,,,,,,,,,,,,0.0022778345737606287,-0.035106316208839417,0.785731315612793,,
1790035469.2697017,RAW_IMU,,,,,,,,,-42,0,-1000,3,9,1,,,,,
1790035469.2867792,ATTITUDE,,,,,,,,,,,,,,,0.0022724561858922243,-0.035060059279203415,0.7857308983802795,,
1790035469.2872226,RAW_IMU,,,,,,,,,-42,0,-1000,2,5,1,,,,,
1790035469.3103657,ATTITUDE,,,,,,,,,,,,,,,0.0022505461238324642,-0.034954559057950974,0.785736083984375,,
1790035469.3115938,RAW_IMU,,,,,,,,,-42,0,-1000,3,8,1,,,,,
1790035469.3120768,GLOBAL_POSITION_INT,-35.3628955,149.1656859,593.81,10.006,1.0,1.02,0.0,45.01,,,,,,,,,,,
1790035469.3125467,GPS_RAW_INT,,,,,,,,,,,,,,,,,,6,10
1790035469.3285527,ATTITUDE,,,,,,,,,,,,,,,0.0022474732249975204,-0.03492463007569313,0.785740315914154,,
1790035469.3291667,RAW_IMU,,,,,,,,,-42,0,-1000,2,5,1,,,,,
1790035469.346201,ATTITUDE,,,,,,,,,,,,,,,0.002232293365523219,-0.034830909222364426,0.785743772983551,,
1790035469.346599,RAW_IMU,,,,,,,,,-42,0,-1000,3,8,1,,,,,
1790035469.3691506,ATTITUDE,,,,,,,,,,,,,,,0.0022302698343992233,-0.0348176583647728,0.7857421636581421,,
1790035469.3699481,RAW_IMU,,,,,,,,,-42,0,-1000,3,4,1,,,,,
1790035469.3869255,ATTITUDE,,,,,,,,,,,,,,,0.0022121865767985582,-0.03470935299992561,0.7857421040534973,,
1790035469.38753,RAW_IMU,,,,,,,,,-42,0,-1000,3,8,1,,,,,
1790035469.4102407,ATTITUDE,,,,,,,,,,,,,,,0.002213089494034648,-0.03468037769198418,0.7857396602630615,,
1790035469.410966,RAW_IMU,,,,,,,,,-42,0,-1000,3,5,1,,,,,
1790035469.4117584,GLOBAL_POSITION_INT,-35.3628946,149.165687,593.81,10.006,1.0,1.01,0.0,45.01,,,,,,,,,,,
1790035469.412236,GPS_RAW_INT,,,,,,,,,,,,,,,,,,6,10
1790035469.4289205,ATTITUDE,,,,,,,,,,,,,,,0.0021957668941468,-0.034601468592882156,0.7857359647750854,,
1790035469.4294903,RAW_IMU,,,,,,,,,-42,0,-1000,3,6,1,,,,,
1790035469.4462168,ATTITUDE,,,,,,,,,,,,,,,0.002197262132540345,-0.034582093358039856,0.7857301235198975,,
1790035469.4466221,RAW_IMU,,,,,,,,,-42,0,-1000,3,5,1,,,,,
1790035469.4729333,ATTITUDE,,,,,,,,,,,,,,,0.0022165521513670683,-0.03451878949999809,0.7857206463813782,,
1790035469.4734392,RAW_IMU,,,,,,,,,-42,0,-1000,4,6,1,,,,,
1790035469.4869027,ATTITUDE,,,,,,,,,,,,,,,0.0022023837082087994,-0.03450546786189079,0.7857232093811035,,
1790035469.487405,RAW_IMU,,,,,,,,,-42,0,-1000,2,4,1,,,,,
1790035469.5102217,ATTITUDE,,,,,,,,,,,,,,,0.002214329317212105,-0.03446243703365326,0.7857276201248169,,
1790035469.5110142,RAW_IMU,,,,,,,,,-42,0,-1000,4,5,1,,,,,
1790035469.5114126,GLOBAL_POSITION_INT,-35.3628937,149.1656881,593.81,10.006,0.99,1.01,0.0,45.01,,,,,,,,,,,
1790035469.5118103,GPS_RAW_INT,,,,,,,,,,,,,,,,,,6,10
1790035469.5283442,ATTITUDE,,,,,,,,,,,,,,,0.002182743977755308,-0.0344528928399086,0.7857322692871094,,
1790035469.5286572,RAW_IMU,,,,,,,,,-42,0,-1000,1,4,1,,,,,
1790035469.5459685,ATTITUDE,,,,,,,,,,,,,,,0.0022114096209406853,-0.03444883972406387,0.7857343554496765,,
1790035469.5466154,RAW_IMU,,,,,,,,,-42,0,-999,5,3,1,,,,,
1790035469.5690928,ATTITUDE,,,,,,,,,,,,,,,0.0021686323452740908,-0.034436363726854324,0.7857339382171631,,
1790035469.5697515,RAW_IMU,,,,,,,,,-41,0,-1000,1,4,1,,,,,
1790035469.5867817,ATTITUDE,,,,,,,,,,,,,,,0.0022156003396958113,-0.0344325415790081,0.7857325673103333,,
1790035469.5872514,RAW_IMU,,,,,,,,,-41,0,-1000,5,3,1,,,,,
1790035469.6100452,ATTITUDE,,,,,,,,,,,,,,,0.0021891440264880657,-0.034421831369400024,0.7857310175895691,,
1790035469.6104662,RAW_IMU,,,,,,,,,-41,0,-1000,2,4,1,,,,,
1790035469.6113014,GLOBAL_POSITION_INT,-35.3628928,149.1656892,593.81,10.006,0.99,1.0,0.0,45.01,,,,,,,,,,,
1790035469.6116402,GPS_RAW_INT,,,,,,,,,,,,,,,,,,6,10
1790035469.627525,ATTITUDE,,,,,,,,,,,,,,,0.002243488561362028,-0.034435998648405075,0.785726010799408,,
1790035469.6278453,RAW_IMU,,,,,,,,,-42,0,-1000,5,2,1,,,,,
1790035469.6507072,ATTITUDE,,,,,,,,,,,,,,,0.002227883320301771,-0.03444236144423485,0.7857187390327454,,
1790035469.6509957,RAW_IMU,,,,,,,,,-41,0,-1000,3,3,1,,,,,
1790035469.6682074,ATTITUDE,,,,,,,,,,,,,,,0.0022915855515748262,-0.03447401896119118,0.7857072949409485,,
1790035469.6687539,RAW_IMU,,,,,,,,,-41,0,-1000,6,1,1,,,,,
1790035469.6858928,ATTITUDE,,,,,,,,,,,,,,,0.0022779798600822687,-0.03446546569466591,0.7857060432434082,,
1790035469.6866279,RAW_IMU,,,,,,,,,-41,0,-1000,3,4,1,,,,,
1790035469.7091553,ATTITUDE,,,,,,,,,,,,,,,0.0023321991320699453,-0.034521374851465225,0.7857050895690918,,
1790035469.7100003,RAW_IMU,,,,,,,,,-42,0,-1000,5,0,1,,,,,
1790035469.7104273,GLOBAL_POSITION_INT,-35.3628919,149.1656903,593.81,10.006,0.99,1.0,0.0,45.01,,,,,,,,,,,
1790035469.7108583,GPS_RAW_INT,,,,,,,,,,,,,,,,,,6,10
1790035469.7267456,ATTITUDE,,,,,,,,,,,,,,,0.0023238584399223328,-0.03449612855911255,0.7857037782669067,,
1790035469.7272348,RAW_IMU,,,,,,,,,-41,0,-1000,3,4,1,,,,,
1790035469.7499466,ATTITUDE,,,,,,,,,,,,,,,0.0023618661798536777,-0.03455615043640137,0.7856994271278381,,
1790035469.7505527,RAW_IMU,,,,,,,,,-41,0,-1000,4,0,1,,,,,
1790035469.767504,ATTITUDE,,,,,,,,,,,,,,,0.002348142908886075,-0.03453540802001953,0.7856931686401367,,
1790035469.7679183,RAW_IMU,,,,,,,,,-41,0,-1000,3,4,1,,,,,
1790035469.790456,ATTITUDE,,,,,,,,,,,,,,,0.002374994568526745,-0.0345979705452919,0.7856869697570801,,
1790035469.7907462,RAW_IMU,,,,,,,,,-41,0,-1000,4,1,1,,,,,
1790035469.8083375,ATTITUDE,,,,,,,,,,,,,,,0.002393651520833373,-0.03459640219807625,0.7856796383857727,,
1790035469.8089073,RAW_IMU,,,,,,,,,-41,0,-1000,5,3,1,,,,,
1790035469.80936,GLOBAL_POSITION_INT,-35.362891,149.1656914,593.81,10.006,0.98,1.0,0.0,45.01,,,,,,,,,,,
1790035469.8097172,GPS_RAW_INT,,,,,,,,,,,,,,,,,,6,10
1790035469.8259494,ATTITUDE,,,,,,,,,,,,,,,0.00238556950353086,-0.03464512899518013,0.7856712937355042,,
1790035469.8265128,RAW_IMU,,,,,,,,,-41,0,-1000,2,1,1,,,,,
1790035469.849097,ATTITUDE,,,,,,,,,,,,,,,0.0024344101548194885,-0.03465408459305763,0.7856619954109192,,
1790035469.849822,RAW_IMU,,,,,,,,,-41,0,-1000,6,2,2,,,,,
1790035469.866799,ATTITUDE,,,,,,,,,,,,,,,0.0024041240103542805,-0.03468461334705353,0.7856498956680298,,
1790035469.86739,RAW_IMU,,,,,,,,,-41,0,-1000,2,2,2,,,,,
1790035469.8899486,ATTITUDE,,,,,,,,,,,,,,,0.002439147559925914,-0.034726087003946304,0.7856473326683044,,
1790035469.890554,RAW_IMU,,,,,,,,,-41,0,-1000,5,1,1,,,,,
1790035469.9076505,ATTITUDE,,,,,,,,,,,,,,,0.002407267689704895,-0.03474407643079758,0.7856490612030029,,
1790035469.9083345,RAW_IMU,,,,,,,,,-41,0,-1000,2,3,2,,,,,
1790035469.9087226,GLOBAL_POSITION_INT,-35.3628901,149.1656925,593.81,10.006,0.98,0.99,0.0,45.01,,,,,,,,,,,
1790035469.9091709,GPS_RAW_INT,,,,,,,,,,,,,,,,,,6,10
1790035469.930499,ATTITUDE,,,,,,,,,,,,,,,0.0024555260315537453,-0.03479626402258873,0.7856500148773193,,
1790035469.9308805,RAW_IMU,,,,,,,,,-41,0,-1000,5,0,2,,,,,
1790035469.9481144,ATTITUDE,,,,,,,,,,,,,,,0.0024215304292738438,-0.034815266728401184,0.7856504917144775,,
1790035469.9485588,RAW_IMU,,,,,,,,,-41,0,-1000,2,3,2,,,,,
1790035469.9726808,ATTITUDE,,,,,,,,,,,,,,,0.0024672020226716995,-0.03487766534090042,0.7856466174125671,,
1790035469.973105,RAW_IMU,,,,,,,,,-41,0,-1000,5,0,1,,,,,
1790035469.9889116,ATTITUDE,,,,,,,,,,,,,,,0.002442767610773444,-0.034867025911808014,0.7856447100639343,,
1790035469.9893947,RAW_IMU,,,,,,,,,-41,0,-1000,2,4,2,,,,,
1790035470.0070188,ATTITUDE,,,,,,,,,,,,,,,0.0024994707200676203,-0.03491837531328201,0.7856412529945374,,
1790035470.0075824,RAW_IMU,,,,,,,,,-41,0,-1000,6,1,2,,,,,
1790035470.007974,GLOBAL_POSITION_INT,-35.3628892,149.1656936,593.81,10.006,0.98,0.99,0.0,45.01,,,,,,,,,,,
1790035470.008258,GPS_RAW_INT,,,,,,,,,,,,,,,,,,6,10
1790035470.0297263,ATTITUDE,,,,,,,,,,,,,,,0.0024827844463288784,-0.03489358350634575,0.7856369018554688,,
1790035470.030325,RAW_IMU,,,,,,,,,-41,0,-1000,3,4,2,,,,,
1790035470.0473568,ATTITUDE,,,,,,,,,,,,,,,0.0025374768301844597,-0.03495596721768379,0.78562992811203,,
1790035470.0477579,RAW_IMU,,,,,,,,,-41,0,-1000,5,0,2,,,,,
1790035470.0704846,ATTITUDE,,,,,,,,,,,,,,,0.002519954228773713,-0.03493458032608032,0.7856200337409973,,
1790035470.070895,RAW_IMU,,,,,,,,,-41,0,-1000,3,4,2,,,,,
1790035470.088192,ATTITUDE,,,,,,,,,,,,,,,0.0025801316369324923,-0.034993767738342285,0.7856211066246033,,
1790035470.088653,RAW_IMU,,,,,,,,,-41,0,-1000,6,1,2,,,,,
1790035470.1058347,ATTITUDE,,,,,,,,,,,,,,,0.0025626905262470245,-0.03498516604304314,0.7856236100196838,,
1790035470.1063123,RAW_IMU,,,,,,,,,-41,0,-1000,3,3,2,,,,,
1790035470.1066148,GLOBAL_POSITION_INT,-35.3628883,149.1656947,593.81,10.006,0.97,0.99,0.0,45.01,,,,,,,,,,,
1790035470.1071167,GPS_RAW_INT,,,,,,,,,,,,,,,,,,6,10
1790035470.128861,ATTITUDE,,,,,,,,,,,,,,,0.0026092922780662775,-0.03505255654454231,0.7856236696243286,,
1790035470.1292458,RAW_IMU,,,,,,,,,-41,0,-1000,5,0,2,,,,,
1790035470.1464531,ATTITUDE,,,,,,,,,,,,,,,0.0025925152003765106,-0.03506032004952431,0.7856242060661316,,
1790035470.146887,RAW_IMU,,,,,,,,,-41,0,-1000,3,2,2,,,,,
1790035470.1698182,ATTITUDE,,,,,,,,,,,,,,,0.002637074561789632,-0.03511640802025795,0.7856219410896301,,
1790035470.1703024,RAW_IMU,,,,,,,,,-41,0,-1000,5,1,2,,,,,
1790035470.1873772,ATTITUDE,,,,,,,,,,,,,,,0.0026180322747677565,-0.035151492804288864,0.7856210470199585,,
1790035470.1879885,RAW_IMU,,,,,,,,,-41,0,-1000,3,1,2,,,,,
1790035470.2054293,ATTITUDE,,,,,,,,,,,,,,,0.0026720056775957346,-0.03516903147101402,0.7856175303459167,,
1790035470.2057972,RAW_IMU,,,,,,,,,-41,0,-1000,5,3,2,,,,,
1790035470.2060025,GLOBAL_POSITION_INT,-35.3628874,149.1656958,593.81,10.006,0.97,0.98,0.0,45.01,,,,,,,,,,,
1790035470.20658,GPS_RAW_INT,,,,,,,,,,,,,,,,,,6,10
1790035470.2288606,ATTITUDE,,,,,,,,,,,,,,,0.0026764392387121916,-0.035216983407735825,0.7856131792068481,,
1790035470.2294662,RAW_IMU,,,,,,,,,-41,0,-1000,4,0,2,,,,,
1790035470.2465682,ATTITUDE,,,,,,,,,,,,,,,0.0026978335808962584,-0.03526729717850685,0.7856072783470154,,
1790035470.2472308,RAW_IMU,,,,,,,,,-41,0,-1000,3,1,2,,,,,
1790035470.2697725,ATTITUDE,,,,,,,,,,,,,,,0.002700702054426074,-0.03531316667795181,0.7855963706970215,,
1790035470.2704136,RAW_IMU,,,,,,,,,-41,0,-1000,4,0,2,,,,,
1790035470.2873251,ATTITUDE,,,,,,,,,,,,,,,0.0027041947469115257,-0.03537628427147865,0.7855912446975708,,
1790035470.2880292,RAW_IMU,,,,,,,,,-41,0,-999,3,1,2,,,,,
1790035470.310743,ATTITUDE,,,,,,,,,,,,,,,0.002723720856010914,-0.035438165068626404,0.7855851650238037,,
1790035470.3111792,RAW_IMU,,,,,,,,,-41,0,-1000,5,0,2,,,,,
1790035470.31155,GLOBAL_POSITION_INT,-35.3628865,149.1656969,593.81,10.006,0.97,0.98,0.0,45.01,,,,,,,,,,,
1790035470.3119416,GPS_RAW_INT,,,,,,,,,,,,,,,,,,6,10
1790035470.3281164,ATTITUDE,,,,,,,,,,,,,,,0.0027090059593319893,-0.03549906611442566,0.7855783104896545,,
1790035470.3287106,RAW_IMU,,,,,,,,,-41,0,-1000,2,1,2,,,,,
1790035470.3456745,ATTITUDE,,,,,,,,,,,,,,,0.002756895264610648,-0.03557382524013519,0.7855719327926636,,
1790035470.3460412,RAW_IMU,,,,,,,,,-41,0,-1000,6,0,2,,,,,
1790035470.368857,ATTITUDE,,,,,,,,,,,,,,,0.00272259465418756,-0.03564542531967163,0.7855631113052368,,
1790035470.3691137,RAW_IMU,,,,,,,,,-41,0,-1000,2,0,2,,,,,
1790035470.3864305,ATTITUDE,,,,,,,,,,,,,,,0.0027584959752857685,-0.03571399301290512,0.7855541706085205,,
1790035470.3867767,RAW_IMU,,,,,,,,,-41,0,-1000,5,0,2,,,,,
1790035470.4097197,ATTITUDE,,,,,,,,,,,,,,,0.0027139000594615936,-0.03578175976872444,0.7855451703071594,,
1790035470.4102805,RAW_IMU,,,,,,,,,-40,0,-1000,1,0,2,,,,,
1790035470.4109383,GLOBAL_POSITION_INT,-35.3628857,149.165698,593.81,10.006,0.97,0.98,0.0,45.0,,,,,,,,,,,
1790035470.4114103,GPS_RAW_INT,,,,,,,,,,,,,,,,,,6,10
1790035470.4273956,ATTITUDE,,,,,,,,,,,,,,,0.002743795746937394,-0.03586095571517944,0.7855364680290222,,
1790035470.4279335,RAW_IMU,,,,,,,,,-40,0,-1000,4,0,2,,,,,
1790035470.4503777,ATTITUDE,,,,,,,,,,,,,,,0.0027013670187443495,-0.03592251241207123,0.7855260372161865,,
1790035470.4510245,RAW_IMU,,,,,,,,,-40,0,-1000,1,0,2,,,,,
1790035470.47114,ATTITUDE,,,,,,,,,,,,,,,0.002728134859353304,-0.03603312745690346,0.7855120301246643,,
1790035470.471525,RAW_IMU,,,,,,,,,-40,0,-1000,4,-2,2,,,,,
1790035470.4915566,ATTITUDE,,,,,,,,,,,,,,,0.0026956191286444664,-0.0360930897295475,0.7855077981948853,,
1790035470.4917414,RAW_IMU,,,,,,,,,-40,0,-1000,2,0,2,,,,,
1790035470.5090199,ATTITUDE,,,,,,,,,,,,,,,0.0027370050083845854,-0.03622160479426384,0.7855048179626465,,
1790035470.5094209,RAW_IMU,,,,,,,,,-40,0,-1000,5,-2,2,,,,,
1790035470.509999,GLOBAL_POSITION_INT,-35.3628848,149.1656991,593.81,10.006,0.97,0.98,0.0,45.0,,,,,,,,,,,
1790035470.510317,GPS_RAW_INT,,,,,,,,,,,,,,,,,,6,10
1790035470.5265892,ATTITUDE,,,,,,,,,,,,,,,0.0026890006847679615,-0.03628469258546829,0.7855038046836853,,
1790035470.5273523,RAW_IMU,,,,,,,,,-40,0,-1000,1,0,2,,,,,
1790035470.5496268,ATTITUDE,,,,,,,,,,,,,,,0.0027326997369527817,-0.03642863780260086,0.7855019569396973,,
1790035470.5502925,RAW_IMU,,,,,,,,,-40,0,-1000,5,-3,2,,,,,
1790035470.5673046,ATTITUDE,,,,,,,,,,,,,,,0.0026922421529889107,-0.036476533859968185,0.785498321056366,,
1790035470.5677555,RAW_IMU,,,,,,,,,-40,0,-1000,2,0,2,,,,,
1790035470.5904024,ATTITUDE,,,,,,,,,,,,,,,0.0027113519608974457,-0.03660081699490547,0.7854946851730347,,
1790035470.5912223,RAW_IMU,,,,,,,,,-40,0,-1000,3,-2,2,,,,,
1790035470.6081388,ATTITUDE,,,,,,,,,,,,,,,0.0026722245384007692,-0.03664563596248627,0.785490870475769,,
1790035470.608865,RAW_IMU,,,,,,,,,-40,0,-1000,2,0,2,,,,,
1790035470.6093,GLOBAL_POSITION_INT,-35.3628839,149.1657001,593.81,10.006,0.96,0.98,0.0,45.0,,,,,,,,,,,
1790035470.6096435,GPS_RAW_INT,,,,,,,,,,,,,,,,,,6,10
1790035470.631059,ATTITUDE,,,,,,,,,,,,,,,0.0026931625325232744,-0.036751050502061844,0.7854880094528198,,
1790035470.631877,RAW_IMU,,,,,,,,,-40,0,-1000,4,-1,2,,,,,
1790035470.648815,ATTITUDE,,,,,,,,,,,,,,,0.002653933595865965,-0.03678996115922928,0.7854834198951721,,
1790035470.6496422,RAW_IMU,,,,,,,,,-40,0,-1000,2,1,2,,,,,
1790035470.6663651,ATTITUDE,,,,,,,,,,,,,,,0.002663299674168229,-0.0368896946310997,0.785477340221405,,
1790035470.6671767,RAW_IMU,,,,,,,,,-40,0,-1000,3,0,2,,,,,
1790035470.689602,ATTITUDE,,,,,,,,,,,,,,,0.002634783973917365,-0.03692514821887016,0.7854779958724976,,
1790035470.6902795,RAW_IMU,,,,,,,,,-40,0,-1000,3,1,2,,,,,
1790035470.7071805,ATTITUDE,,,,,,,,,,,,,,,0.0026091965846717358,-0.037027422338724136,0.7854803204536438,,
1790035470.7079332,RAW_IMU,,,,,,,,,-40,0,-1000,1,0,2,,,,,
1790035470.7083123,GLOBAL_POSITION_INT,-35.362883,149.1657012,593.81,10.006,0.96,0.98,0.0,45.0,,,,,,,,,,,
1790035470.7092135,GPS_RAW_INT,,,,,,,,,,,,,,,,,,6,10
1790035470.7303004,ATTITUDE,,,,,,,,,,,,,,,0.00260098185390234,-0.03706657141447067,0.7854832410812378,,
1790035470.7307177,RAW_IMU,,,,,,,,,-40,0,-1000,3,0,2,,,,,
1790035470.7481105,ATTITUDE,,,,,,,,,,,,,,,0.002561551984399557,-0.03715069591999054,0.7854850888252258,,
1790035470.7485683,RAW_IMU,,,,,,,,,-40,0,-1000,1,0,2,,,,,
1790035470.7711444,ATTITUDE,,,,,,,,,,,,,,,0.0025687969755381346,-0.03721383959054947,0.7854832410812378,,
1790035470.7718568,RAW_IMU,,,,,,,,,-40,0,-1000,4,0,2,,,,,
1790035470.7886877,ATTITUDE,,,,,,,,,,,,,,,0.002533162711188197,-0.03725764900445938,0.7854828834533691,,
1790035470.7894084,RAW_IMU,,,,,,,,,-40,0,-1000,1,1,2,,,,,
1790035470.8064406,ATTITUDE,,,,,,,,,,,,,,,0.0025582443922758102,-0.03732950985431671,0.7854803204536438,,
1790035470.8076952,RAW_IMU,,,,,,,,,-40,0,-1000,4,0,2,,,,,
1790035470.8080437,GLOBAL_POSITION_INT,-35.3628821,149.1657023,593.81,10.006,0.96,0.98,0.0,45.0,,,,,,,,,,,
1790035470.8086884,GPS_RAW_INT,,,,,,,,,,,,,,,,,,6,10
1790035470.82642,ATTITUDE,,,,,,,,,,,,,,,0.0025276755914092064,-0.03735264390707016,0.7854793071746826,,
1790035470.8270822,RAW_IMU,,,,,,,,,-40,0,-1000,2,2,2,,,,,
1790035470.849574,ATTITUDE,,,,,,,,,,,,,,,0.002554490463808179,-0.03743022307753563,0.7854770421981812,,
1790035470.850124,RAW_IMU,,,,,,,,,-40,0,-1000,4,0,2,,,,,
1790035470.8671365,ATTITUDE,,,,,,,,,,,,,,,0.0025253479834645987,-0.03742996230721474,0.7854729294776917,,
1790035470.8676357,RAW_IMU,,,,,,,,,-40,0,-1000,2,3,2,,,,,
1790035470.8902693,ATTITUDE,,,,,,,,,,,,,,,0.0025618753861635923,-0.03750818595290184,0.7854732871055603,,
1790035470.8908572,RAW_IMU,,,,,,,,,-40,0,-1000,5,0,2,,,,,
1790035470.9080486,ATTITUDE,,,,,,,,,,,,,,,0.0025222974363714457,-0.03751256689429283,0.7854743599891663,,
1790035470.9087536,RAW_IMU,,,,,,,,,-40,0,-1000,1,3,2,,,,,
1790035470.9090405,GLOBAL_POSITION_INT,-35.3628812,149.1657034,593.81,10.006,0.96,0.98,0.0,45.0,,,,,,,,,,,
1790035470.9093158,GPS_RAW_INT,,,,,,,,,,,,,,,,,,6,10
1790035470.932654,ATTITUDE,,,,,,,,,,,,,,,0.0025741690769791603,-0.03760599344968796,0.7854750156402588,,
1790035470.9330935,RAW_IMU,,,,,,,,,-40,0,-1000,6,0,2,,,,,
1790035470.9503725,ATTITUDE,,,,,,,,,,,,,,,0.0025440456811338663,-0.037609949707984924,0.7854764461517334,,
1790035470.950704,RAW_IMU,,,,,,,,,-40,0,-1000,2,2,2,,,,,
1790035470.9687316,ATTITUDE,,,,,,,,,,,,,,,0.0025991445872932673,-0.03768547251820564,0.7854743599891663,,
1790035470.9691346,RAW_IMU,,,,,,,,,-40,0,-999,5,0,2,,,,,
1790035470.9910681,ATTITUDE,,,,,,,,,,,,,,,0.0025801127776503563,-0.037711985409259796,0.7854747772216797,,
1790035470.9920676,RAW_IMU,,,,,,,,,-40,0,-1000,3,1,2,,,,,
1790035471.0097923,ATTITUDE,,,,,,,,,,,,,,,0.0026070447638630867,-0.03776927292346954,0.7854730486869812,,
1790035471.0102222,RAW_IMU,,,,,,,,,-40,0,-1000,4,1,2,,,,,
1790035471.010698,GLOBAL_POSITION_INT,-35.3628804,149.1657045,593.81,10.006,0.96,0.97,0.0,45.0,,,,,,,,,,,
1790035471.0112174,GPS_RAW_INT,,,,,,,,,,,,,,,,,,6,10
1790035471.026244,ATTITUDE,,,,,,,,,,,,,,,0.0025850352831184864,-0.03780636936426163,0.7854717969894409,,
1790035471.0267756,RAW_IMU,,,,,,,,,-40,0,-1000,3,1,2,,,,,
1790035471.0493913,ATTITUDE,,,,,,,,,,,,,,,0.002599279396235943,-0.03785962611436844,0.7854701280593872,,
1790035471.0501006,RAW_IMU,,,,,,,,,-40,0,-1000,3,1,2,,,,,
1790035471.0670662,ATTITUDE,,,,,,,,,,,,,,,0.00259582232683897,-0.037909358739852905,0.7854649424552917,,
1790035471.06775,RAW_IMU,,,,,,,,,-40,0,-1000,4,0,2,,,,,
1790035471.09026,ATTITUDE,,,,,,,,,,,,,,,0.002589682349935174,-0.037963032722473145,0.785463809967041,,
1790035471.0907094,RAW_IMU,,,,,,,,,-40,0,-1000,2,1,2,,,,,
1790035471.1079996,ATTITUDE,,,,,,,,,,,,,,,0.0026020759250968695,-0.03802816569805145,0.7854630947113037,,
1790035471.108456,RAW_IMU,,,,,,,,,-40,0,-999,4,0,2,,,,,
1790035471.1089675,GLOBAL_POSITION_INT,-35.3628795,149.1657055,593.81,10.006,0.96,0.97,0.0,45.0,,,,,,,,,,,
1790035471.1095324,GPS_RAW_INT,,,,,,,,,,,,,,,,,,6,10
1790035471.1309557,ATTITUDE,,,,,,,,,,,,,,,0.002566493581980467,-0.03807578608393669,0.7854630351066589,,
1790035471.131433,RAW_IMU,,,,,,,,,-40,0,-999,1,1,2,,,,,
1790035471.1489203,ATTITUDE,,,,,,,,,,,,,,,0.002590883057564497,-0.03815137594938278,0.7854626178741455,,
1790035471.149092,RAW_IMU,,,,,,,,,-40,0,-1000,4,0,2,,,,,
1790035471.1661842,ATTITUDE,,,,,,,,,,,,,,,0.0025594281032681465,-0.03819606825709343,0.7854595184326172,,
1790035471.166548,RAW_IMU,,,,,,,,,-40,0,-1000,2,1,2,,,,,
1790035471.1893406,ATTITUDE,,,,,,,,,,,,,,,0.0025840396992862225,-0.038266465067863464,0.7854565978050232,,
1790035471.1897295,RAW_IMU,,,,,,,,,-40,0,-1000,4,0,2,,,,,
1790035471.2070265,ATTITUDE,,,,,,,,,,,,,,,0.002552173798903823,-0.038289107382297516,0.7854542136192322,,
1790035471.2072027,RAW_IMU,,,,,,,,,-40,0,-1000,2,2,2,,,,,
1790035471.2075834,GLOBAL_POSITION_INT,-35.3628786,149.1657066,593.81,10.006,0.96,0.97,0.0,45.0,,,,,,,,,,,
1790035471.2077134,GPS_RAW_INT,,,,,,,,,,,,,,,,,,6,10
1790035471.2303746,ATTITUDE,,,,,,,,,,,,,,,0.0025777877308428288,-0.038366395980119705,0.7854502201080322,,
1790035471.2309003,RAW_IMU,,,,,,,,,-40,0,-1000,4,0,2,,,,,
1790035471.2476869,ATTITUDE,,,,,,,,,,,,,,,0.0025489560794085264,-0.03837364912033081,0.7854474186897278,,
1790035471.2480888,RAW_IMU,,,,,,,,,-40,0,-1000,2,3,2,,,,,
1790035471.271008,ATTITUDE,,,,,,,,,,,,,,,0.00260012224316597,-0.03845330327749252,0.7854417562484741,,
1790035471.27149,RAW_IMU,,,,,,,,,-40,0,-1000,6,0,2,,,,,
1790035471.2885652,ATTITUDE,,,,,,,,,,,,,,,0.002556977327913046,-0.03846766799688339,0.7854396104812622,,
1790035471.2888777,RAW_IMU,,,,,,,,,-40,0,-1000,1,2,2,,,,,
1790035471.306292,ATTITUDE,,,,,,,,,,,,,,,0.002598278457298875,-0.038558609783649445,0.7854372262954712,,
1790035471.306509,RAW_IMU,,,,,,,,,-40,0,-1000,5,0,2,,,,,
1790035471.306688,GLOBAL_POSITION_INT,-35.3628777,149.1657077,593.81,10.006,0.96,0.97,0.0,45.0,,,,,,,,,,,
1790035471.3071482,GPS_RAW_INT,,,,,,,,,,,,,,,,,,6,10
1790035471.329377,ATTITUDE,,,,,,,,,,,,,,,0.002559618093073368,-0.038555920124053955,0.7854363322257996,,
1790035471.3297644,RAW_IMU,,,,,,,,,-40,0,-1000,2,3,2,,,,,
1790035471.3470833,ATTITUDE,,,,,,,,,,,,,,,0.0026029758155345917,-0.03862956538796425,0.7854339480400085,,
1790035471.347764,RAW_IMU,,,,,,,,,-40,0,-1000,5,0,2,,,,,
1790035471.3701081,ATTITUDE,,,,,,,,,,,,,,,0.002584222937002778,-0.038635846227407455,0.7854302525520325,,
1790035471.3707592,RAW_IMU,,,,,,,,,-40,0,-1000,3,2,2,,,,,
1790035471.3877528,ATTITUDE,,,,,,,,,,,,,,,0.00261675170622766,-0.03870707377791405,0.7854254841804504,,
1790035471.3882282,RAW_IMU,,,,,,,,,-40,0,-1000,4,0,2,,,,,
1790035471.4109237,ATTITUDE,,,,,,,,,,,,,,,0.0026292947586625814,-0.03870166465640068,0.7854212522506714,,
1790035471.411515,RAW_IMU,,,,,,,,,-40,0,-1000,4,3,2,,,,,
1790035471.4119437,GLOBAL_POSITION_INT,-35.3628768,149.1657088,593.81,10.006,0.96,0.97,0.0,45.0,,,,,,,,,,,
1790035471.4123049,GPS_RAW_INT,,,,,,,,,,,,,,,,,,6,10
1790035471.428512,ATTITUDE,,,,,,,,,,,,,,,0.0026261541061103344,-0.03875826671719551,0.785415768623352,,
1790035471.4292753,RAW_IMU,,,,,,,,,-40,0,-1000,3,1,2,,,,,
1790035471.4461102,ATTITUDE,,,,,,,,,,,,,,,0.0026564528234302998,-0.0387568399310112,0.7854108810424805,,
1790035471.4468458,RAW_IMU,,,,,,,,,-40,0,-1000,5,3,2,,,,,
1790035471.471211,ATTITUDE,,,,,,,,,,,,,,,0.0026229105424135923,-0.038818903267383575,0.7854022979736328,,
1790035471.4718175,RAW_IMU,,,,,,,,,-40,0,-1000,1,0,2,,,,,
1790035471.4868007,ATTITUDE,,,,,,,,,,,,,,,0.0026444103568792343,-0.038818176835775375,0.7853963375091553,,
1790035471.4873106,RAW_IMU,,,,,,,,,-40,0,-1000,4,3,2,,,,,
1790035471.5102363,ATTITUDE,,,,,,,,,,,,,,,0.002608624519780278,-0.0388919860124588,0.7853929996490479,,
1790035471.5107994,RAW_IMU,,,,,,,,,-40,0,-1000,1,0,2,,,,,
1790035471.5113318,GLOBAL_POSITION_INT,-35.362876,149.1657099,593.81,10.006,0.96,0.98,0.0,44.99,,,,,,,,,,,
1790035471.5116332,GPS_RAW_INT,,,,,,,,,,,,,,,,,,6,10
1790035471.5278146,ATTITUDE,,,,,,,,,,,,,,,0.002630320843309164,-0.038898397237062454,0.7853889465332031,,
1790035471.5285757,RAW_IMU,,,,,,,,,-40,0,-1000,4,2,2,,,,,
1790035471.5508304,ATTITUDE,,,,,,,,,,,,,,,0.002596610924229026,-0.03896740823984146,0.7853877544403076,,
1790035471.5515463,RAW_IMU,,,,,,,,,-40,0,-1000,2,0,2,,,,,
1790035471.568398,ATTITUDE,,,,,,,,,,,,,,,0.0026182709261775017,-0.03895512595772743,0.7853819131851196,,
1790035471.568897,RAW_IMU,,,,,,,,,-40,0,-1000,4,3,2,,,,,
1790035471.5861104,ATTITUDE,,,,,,,,,,,,,,,0.0026012815069407225,-0.03872375562787056,0.7853787541389465,,
1790035471.586773,RAW_IMU,,,,,,,,,-40,0,-1000,2,14,2,,,,,
1790035471.6093578,ATTITUDE,,,,,,,,,,,,,,,0.002668066183105111,-0.038043659180402756,0.7853764295578003,,
1790035471.609974,RAW_IMU,,,,,,,,,-40,0,-1000,7,36,2,,,,,
1790035471.6102405,GLOBAL_POSITION_INT,-35.3628751,149.1657109,593.81,10.006,0.96,0.98,0.0,44.99,,,,,,,,,,,
1790035471.6105309,GPS_RAW_INT,,,,,,,,,,,,,,,,,,6,10
1790035471.6270585,ATTITUDE,,,,,,,,,,,,,,,0.0026434743776917458,-0.0366581529378891,0.7853778600692749,,
1790035471.6284702,RAW_IMU,,,,,,,,,-41,0,-1000,2,70,2,,,,,
1790035471.6501155,ATTITUDE,,,,,,,,,,,,,,,0.0027000175323337317,-0.03457246348261833,0.7853792905807495,,
1790035471.6507914,RAW_IMU,,,,,,,,,-40,0,-1000,6,106,2,,,,,
1790035471.6676466,ATTITUDE,,,,,,,,,,,,,,,0.0026722413022071123,-0.031606461852788925,0.7853811383247375,,
1790035471.6680353,RAW_IMU,,,,,,,,,-40,0,-1000,2,149,2,,,,,
1790035471.690864,ATTITUDE,,,,,,,,,,,,,,,0.00270316144451499,-0.02773096039891243,0.7853870391845703,,
1790035471.6916258,RAW_IMU,,,,,,,,,-41,0,-1000,4,195,2,,,,,
1790035471.708491,ATTITUDE,,,,,,,,,,,,,,,0.0026883636601269245,-0.02294124662876129,0.7853965163230896,,
1790035471.7089827,RAW_IMU,,,,,,,,,-41,0,-1000,3,241,2,,,,,
1790035471.7094111,GLOBAL_POSITION_INT,-35.3628742,149.165712,593.81,10.006,0.96,0.97,0.0,44.99,,,,,,,,,,,
1790035471.7097008,GPS_RAW_INT,,,,,,,,,,,,,,,,,,6,10
1790035471.7258713,ATTITUDE,,,,,,,,,,,,,,,0.002701818011701107,-0.01713857613503933,0.7854055166244507,,
1790035471.7264297,RAW_IMU,,,,,,,,,-41,0,-1000,4,291,2,,,,,
1790035471.7492547,ATTITUDE,,,,,,,,,,,,,,,0.0027262605726718903,-0.010444878600537777,0.7854136824607849,,
1790035471.7499676,RAW_IMU,,,,,,,,,-40,0,-1000,5,336,2,,,,,
1790035471.7669919,ATTITUDE,,,,,,,,,,,,,,,0.002715871436521411,-0.0027639952022582293,0.7854203581809998,,
1790035471.7674212,RAW_IMU,,,,,,,,,-40,0,-1000,3,385,2,,,,,
1790035471.7900186,ATTITUDE,,,,,,,,,,,,,,,0.002705204300582409,0.005694571416825056,0.7854264974594116,,
1790035471.790369,RAW_IMU,,,,,,,,,-40,0,-1000,3,425,2,,,,,
1790035471.8077507,ATTITUDE,,,,,,,,,,,,,,,0.0026959250681102276,0.015025225467979908,0.7854326963424683,,
1790035471.808178,RAW_IMU,,,,,,,,,-40,0,-1001,3,468,2,,,,,
1790035471.808596,GLOBAL_POSITION_INT,-35.3628733,149.1657131,593.81,10.006,0.94,0.95,0.0,45.0,,,,,,,,,,,
1790035471.80887,GPS_RAW_INT,,,,,,,,,,,,,,,,,,6,10
1790035471.8308592,ATTITUDE,,,,,,,,,,,,,,,0.0026884276885539293,0.02507137507200241,0.7854399085044861,,
1790035471.831364,RAW_IMU,,,,,,,,,-40,0,-1001,3,505,2,,,,,
1790035471.8483703,ATTITUDE,,,,,,,,,,,,,,,0.0026824655942618847,0.03575031831860542,0.785445511341095,,
1790035471.8488743,RAW_IMU,,,,,,,,,-39,0,-1001,3,536,1,,,,,
1790035471.8660016,ATTITUDE,,,,,,,,,,,,,,,0.002710765926167369,0.04703735560178757,0.7854492664337158,,
1790035471.8664258,RAW_IMU,,,,,,,,,-39,0,-1002,5,566,1,,,,,
1790035471.8900452,ATTITUDE,,,,,,,,,,,,,,,0.002682038117200136,0.05882035568356514,0.7854564785957336,,
1790035471.8906105,RAW_IMU,,,,,,,,,-38,0,-1004,2,592,1,,,,,
1790035471.9075632,ATTITUDE,,,,,,,,,,,,,,,0.002726223086938262,0.0710219144821167,0.7854658365249634,,
1790035471.9081738,RAW_IMU,,,,,,,,,-38,0,-1004,5,613,1,,,,,
1790035471.908416,GLOBAL_POSITION_INT,-35.3628725,149.1657141,593.81,10.006,0.88,0.89,0.0,45.0,,,,,,,,,,,
1790035471.908702,GPS_RAW_INT,,,,,,,,,,,,,,,,,,6,10
1790035471.9308898,ATTITUDE,,,,,,,,,,,,,,,0.0027727193664759398,0.08362540602684021,0.7854791283607483,,
1790035471.9313953,RAW_IMU,,,,,,,,,-37,0,-1005,6,633,1,,,,,
1790035471.9485714,ATTITUDE,,,,,,,,,,,,,,,0.0028180740773677826,0.0965774804353714,0.7854937314987183,,
1790035471.9492173,RAW_IMU,,,,,,,,,-36,0,-1006,5,650,1,,,,,
1790035471.9723513,ATTITUDE,,,,,,,,,,,,,,,0.00282444735057652,0.10976110398769379,0.7855061888694763,,
1790035471.9729776,RAW_IMU,,,,,,,,,-35,0,-1008,4,662,2,,,,,
1790035471.9891367,ATTITUDE,,,,,,,,,,,,,,,0.002814033068716526,0.12290702015161514,0.7855198979377747,,
1790035471.9896765,RAW_IMU,,,,,,,,,-34,0,-1009,2,662,2,,,,,
1790035472.006892,ATTITUDE,,,,,,,,,,,,,,,0.0028173071332275867,0.13547900319099426,0.7855328321456909,,
1790035472.0072548,RAW_IMU,,,,,,,,,-33,0,-1011,3,635,2,,,,,
1790035472.008106,GLOBAL_POSITION_INT,-35.3628717,149.165715,593.81,10.006,0.79,0.8,0.0,45.0,,,,,,,,,,,
1790035472.0084164,GPS_RAW_INT,,,,,,,,,,,,,,,,,,6,10
1790035472.0300384,ATTITUDE,,,,,,,,,,,,,,,0.0028468111995607615,0.14766164124011993,0.7855459451675415,,
1790035472.0307567,RAW_IMU,,,,,,,,,-32,0,-1013,4,592,2,,,,,
1790035472.0475044,ATTITUDE,,,,,,,,,,,,,,,0.0028417385183274746,0.15817037224769592,0.7855538725852966,,
1790035472.0480912,RAW_IMU,,,,,,,,,-31,0,-1015,3,534,2,,,,,
1790035472.0706072,ATTITUDE,,,,,,,,,,,,,,,0.0028174256440252066,0.16736245155334473,0.7855550646781921,,
1790035472.071079,RAW_IMU,,,,,,,,,-30,0,-1017,2,469,2,,,,,
1790035472.08823,ATTITUDE,,,,,,,,,,,,,,,0.002858285792171955,0.1750684380531311,0.7855566143989563,,
1790035472.0886223,RAW_IMU,,,,,,,,,-28,0,-1019,5,395,2,,,,,
1790035472.1059031,ATTITUDE,,,,,,,,,,,,,,,0.0028824203182011843,0.1812794804573059,0.7855580449104309,,
1790035472.106439,RAW_IMU,,,,,,,,,-27,0,-1021,5,320,2,,,,,
1790035472.1067188,GLOBAL_POSITION_INT,-35.3628711,149.1657158,593.81,10.005,0.65,0.66,0.0,45.0,,,,,,,,,,,
1790035472.1069534,GPS_RAW_INT,,,,,,,,,,,,,,,,,,6,10
1790035472.1290846,ATTITUDE,,,,,,,,,,,,,,,0.0028584012761712074,0.18598145246505737,0.7855592370033264,,
1790035472.1295247,RAW_IMU,,,,,,,,,-26,0,-1022,2,244,2,,,,,
1790035472.1466625,ATTITUDE,,,,,,,,,,,,,,,0.0028648492880165577,0.18950490653514862,0.7855571508407593,,
1790035472.1474652,RAW_IMU,,,,,,,,,-24,0,-1023,3,183,2,,,,,
1790035472.169998,ATTITUDE,,,,,,,,,,,,,,,0.0028558087069541216,0.19184346497058868,0.7855494618415833,,
1790035472.1706004,RAW_IMU,,,,,,,,,-23,0,-1024,3,126,2,,,,,
1790035472.1875358,ATTITUDE,,,,,,,,,,,,,,,0.0028255502693355083,0.19277247786521912,0.7855431437492371,,
1790035472.188269,RAW_IMU,,,,,,,,,-22,0,-1025,2,56,2,,,,,
1790035472.21079,ATTITUDE,,,,,,,,,,,,,,,0.0027974876575171947,0.1923302710056305,0.7855371236801147,,
1790035472.2111769,RAW_IMU,,,,,,,,,-20,0,-1025,2,-13,3,,,,,
1790035472.2116923,GLOBAL_POSITION_INT,-35.3628705,149.1657165,593.81,10.005,0.5,0.52,0.0,45.0,,,,,,,,,,,
1790035472.2120156,GPS_RAW_INT,,,,,,,,,,,,,,,,,,6,10
1790035472.2282128,ATTITUDE,,,,,,,,,,,,,,,0.0027722734957933426,0.19062642753124237,0.7855330109596252,,
1790035472.2286198,RAW_IMU,,,,,,,,,-19,0,-1025,2,-77,3,,,,,
1790035472.2459333,ATTITUDE,,,,,,,,,,,,,,,0.0027483205776661634,0.18786045908927917,0.7855271697044373,,
1790035472.2465582,RAW_IMU,,,,,,,,,-18,0,-1025,2,-131,3,,,,,
1790035472.2690716,ATTITUDE,,,,,,,,,,,,,,,0.0027242698706686497,0.18411898612976074,0.7855187058448792,,
1790035472.269752,RAW_IMU,,,,,,,,,-17,0,-1024,2,-180,3,,,,,
1790035472.2866697,ATTITUDE,,,,,,,,,,,,,,,0.0027418446261435747,0.17949992418289185,0.7855186462402344,,
1790035472.28715,RAW_IMU,,,,,,,,,-15,0,-1023,4,-223,3,,,,,
1790035472.309979,ATTITUDE,,,,,,,,,,,,,,,0.0027215532027184963,0.17416994273662567,0.7855199575424194,,
1790035472.310613,RAW_IMU,,,,,,,,,-14,0,-1021,3,-259,3,,,,,
1790035472.3110487,GLOBAL_POSITION_INT,-35.3628701,149.165717,593.81,10.004,0.36,0.38,0.0,45.0,,,,,,,,,,,
1790035472.3113616,GPS_RAW_INT,,,,,,,,,,,,,,,,,,6,10
1790035472.3277755,ATTITUDE,,,,,,,,,,,,,,,0.002697946969419718,0.16830557584762573,0.7855214476585388,,
1790035472.3287773,RAW_IMU,,,,,,,,,-13,0,-1020,2,-287,3,,,,,
1790035472.3505323,ATTITUDE,,,,,,,,,,,,,,,0.0026763903442770243,0.16199016571044922,0.7855256795883179,,
1790035472.350989,RAW_IMU,,,,,,,,,-12,0,-1019,2,-309,3,,,,,
1790035472.368382,ATTITUDE,,,,,,,,,,,,,,,0.0026668705977499485,0.15535490214824677,0.7855360507965088,,
1790035472.3687484,RAW_IMU,,,,,,,,,-11,0,-1018,2,-326,4,,,,,
1790035472.3857884,ATTITUDE,,,,,,,,,,,,,,,0.002703568199649453,0.14853082597255707,0.7855510115623474,,
1790035472.3865237,RAW_IMU,,,,,,,,,-10,0,-1016,5,-336,4,,,,,
1790035472.4090433,ATTITUDE,,,,,,,,,,,,,,,0.0027392571792006493,0.14161087572574615,0.7855715751647949,,
1790035472.4097817,RAW_IMU,,,,,,,,,-9,0,-1015,5,-341,4,,,,,
1790035472.4101849,GLOBAL_POSITION_INT,-35.3628698,149.1657174,593.81,10.004,0.25,0.26,0.0,45.0,,,,,,,,,,,
1790035472.4106877,GPS_RAW_INT,,,,,,,,,,,,,,,,,,6,10
1790035472.426682,ATTITUDE,,,,,,,,,,,,,,,0.0027703375089913607,0.1345738023519516,0.7856024503707886,,
1790035472.4273303,RAW_IMU,,,,,,,,,-9,0,-1014,5,-347,5,,,,,
1790035472.4498048,ATTITUDE,,,,,,,,,,,,,,,0.0027688941918313503,0.12755729258060455,0.7856398820877075,,
1790035472.4504385,RAW_IMU,,,,,,,,,-8,0,-1011,3,-347,5,,,,,
1790035472.47486,ATTITUDE,,,,,,,,,,,,,,,0.0027690331917256117,0.12064645439386368,0.7856836915016174,,
1790035472.4756012,RAW_IMU,,,,,,,,,-7,0,-1010,3,-342,6,,,,,
1790035472.4905314,ATTITUDE,,,,,,,,,,,,,,,0.0027689349371939898,0.11383581906557083,0.785742998123169,,
1790035472.4913306,RAW_IMU,,,,,,,,,-7,0,-1010,3,-335,6,,,,,
1790035472.5082312,ATTITUDE,,,,,,,,,,,,,,,0.002771419705823064,0.10715993493795395,0.7858096957206726,,
1790035472.5088484,RAW_IMU,,,,,,,,,-6,0,-1008,3,-329,6,,,,,
1790035472.5093796,GLOBAL_POSITION_INT,-35.3628696,149.1657177,593.81,10.005,0.16,0.17,0.0,45.02,,,,,,,,,,,
1790035472.5098066,GPS_RAW_INT,,,,,,,,,,,,,,,,,,6,10
1790035472.5258954,ATTITUDE,,,,,,,,,,,,,,,0.002772774314507842,0.10068771988153458,0.785880982875824,,
1790035472.5263324,RAW_IMU,,,,,,,,,-5,0,-1007,3,-319,7,,,,,
1790035472.5488827,ATTITUDE,,,,,,,,,,,,,,,0.0027664965018630028,0.09412986040115356,0.7859636545181274,,
1790035472.5494943,RAW_IMU,,,,,,,,,-5,0,-1006,3,-310,7,,,,,
1790035472.5665972,ATTITUDE,,,,,,,,,,,,,,,0.0027519455179572105,0.08812040090560913,0.7860457897186279,,
1790035472.5670426,RAW_IMU,,,,,,,,,-4,0,-1004,2,-296,7,,,,,
1790035472.5897715,ATTITUDE,,,,,,,,,,,,,,,0.002739461837336421,0.08234909176826477,0.7861341238021851,,
1790035472.5901623,RAW_IMU,,,,,,,,,-4,0,-1004,2,-284,7,,,,,
1790035472.6075556,ATTITUDE,,,,,,,,,,,,,,,0.002727121813222766,0.07680732011795044,0.7862249612808228,,
1790035472.6081889,RAW_IMU,,,,,,,,,-4,0,-1004,2,-273,8,,,,,
1790035472.6085432,GLOBAL_POSITION_INT,-35.3628694,149.1657179,593.81,10.005,0.1,0.11,0.0,45.04,,,,,,,,,,,
1790035472.6088688,GPS_RAW_INT,,,,,,,,,,,,,,,,,,6,10
1790035472.630641,ATTITUDE,,,,,,,,,,,,,,,0.0027152071706950665,0.07157369703054428,0.7863205671310425,,
1790035472.6313756,RAW_IMU,,,,,,,,,-3,0,-1003,2,-258,8,,,,,
1790035472.648248,ATTITUDE,,,,,,,,,,,,,,,0.0027049335185438395,0.0665898397564888,0.7864136099815369,,
1790035472.6488447,RAW_IMU,,,,,,,,,-3,0,-1002,2,-245,8,,,,,
1790035472.6712878,ATTITUDE,,,,,,,,,,,,,,,0.002694186521694064,0.061896681785583496,0.7865021824836731,,
1790035472.6718245,RAW_IMU,,,,,,,,,-3,0,-1002,2,-231,8,,,,,
1790035472.6889138,ATTITUDE,,,,,,,,,,,,,,,0.0026829747948795557,0.05744022876024246,0.7865980267524719,,
1790035472.6894028,RAW_IMU,,,,,,,,,-2,0,-1002,2,-218,8,,,,,
1790035472.706509,ATTITUDE,,,,,,,,,,,,,,,0.0026719355955719948,0.05322236567735672,0.7866942286491394,,
1790035472.7069893,RAW_IMU,,,,,,,,,-2,0,-1002,2,-207,8,,,,,
1790035472.7076497,GLOBAL_POSITION_INT,-35.3628693,149.165718,593.81,10.005,0.05,0.07,0.0,45.07,,,,,,,,,,,
1790035472.7079897,GPS_RAW_INT,,,,,,,,,,,,,,,,,,6,10
1790035472.7296863,ATTITUDE,,,,,,,,,,,,,,,0.002627113601192832,0.04929881915450096,0.786788284778595,,
1790035472.7301052,RAW_IMU,,,,,,,,,-2,0,-1001,1,-192,7,,,,,
1790035472.7472548,ATTITUDE,,,,,,,,,,,,,,,0.00263562286272645,0.04557869955897331,0.786880612373352,,
1790035472.747536,RAW_IMU,,,,,,,,,-2,0,-1000,3,-182,7,,,,,
1790035472.770734,ATTITUDE,,,,,,,,,,,,,,,0.002612481592223048,0.04213640093803406,0.7869645357131958,,
1790035472.7711751,RAW_IMU,,,,,,,,,-1,0,-1000,2,-168,7,,,,,
1790035472.788637,ATTITUDE,,,,,,,,,,,,,,,0.0025858390145003796,0.038899052888154984,0.787045955657959,,
1790035472.7888315,RAW_IMU,,,,,,,,,-1,0,-1000,2,-158,7,,,,,
1790035472.8123846,ATTITUDE,,,,,,,,,,,,,,,0.002559324726462364,0.03591009974479675,0.7871198058128357,,
1790035472.812561,RAW_IMU,,,,,,,,,-1,0,-1000,2,-146,7,,,,,
1790035472.8127027,GLOBAL_POSITION_INT,-35.3628693,149.1657181,593.81,10.006,0.03,0.04,0.0,45.09,,,,,,,,,,,
1790035472.8128366,GPS_RAW_INT,,,,,,,,,,,,,,,,,,6,10
1790035472.8287888,ATTITUDE,,,,,,,,,,,,,,,0.002534930594265461,0.0331110917031765,0.7871909141540527,,
1790035472.8294048,RAW_IMU,,,,,,,,,-1,0,-1000,2,-136,6,,,,,
1790035472.8465421,ATTITUDE,,,,,,,,,,,,,,,0.0025113679002970457,0.030498381704092026,0.787257969379425,,
1790035472.8469512,RAW_IMU,,,,,,,,,-1,0,-1000,2,-127,6,,,,,
1790035472.8697994,ATTITUDE,,,,,,,,,,,,,,,0.0024875998497009277,0.02804168500006199,0.7873181104660034,,
1790035472.8703504,RAW_IMU,,,,,,,,,-1,0,-1000,2,-119,6,,,,,
1790035472.8873384,ATTITUDE,,,,,,,,,,,,,,,0.0024627370294183493,0.025750499218702316,0.7873805165290833,,
1790035472.8878624,RAW_IMU,,,,,,,,,0,0,-1000,2,-111,6,,,,,
1790035472.9106472,ATTITUDE,,,,,,,,,,,,,,,0.0024395890068262815,0.02360513061285019,0.7874406576156616,,
1790035472.9112957,RAW_IMU,,,,,,,,,0,0,-1000,2,-103,6,,,,,
1790035472.9117687,GLOBAL_POSITION_INT,-35.3628692,149.1657182,593.81,10.006,0.01,0.02,0.0,45.11,,,,,,,,,,,
1790035472.9120886,GPS_RAW_INT,,,,,,,,,,,,,,,,,,6,10
1790035472.9284782,ATTITUDE,,,,,,,,,,,,,,,0.002417909447103739,0.021580679342150688,0.7874962091445923,,
1790035472.9294603,RAW_IMU,,,,,,,,,0,0,-1000,2,-97,5,,,,,
1790035472.9514427,ATTITUDE,,,,,,,,,,,,,,,0.002396533265709877,0.019723769277334213,0.7875468730926514,,
1790035472.9521043,RAW_IMU,,,,,,,,,0,0,-1000,2,-89,5,,,,,
1790035472.9766915,ATTITUDE,,,,,,,,,,,,,,,0.002376279793679714,0.017948778346180916,0.7875902652740479,,
1790035472.977942,RAW_IMU,,,,,,,,,0,0,-1000,2,-85,5,,,,,
1790035472.9884434,ATTITUDE,,,,,,,,,,,,,,,0.002357741119340062,0.016368120908737183,0.7876303195953369,,
1790035472.9894178,RAW_IMU,,,,,,,,,0,0,-1000,2,-75,5,,,,,
1790035473.0072083,ATTITUDE,,,,,,,,,,,,,,,0.002340269973501563,0.0148460166528821,0.7876683473587036,,
1790035473.0082269,RAW_IMU,,,,,,,,,0,0,-1000,2,-72,4,,,,,
1790035473.0088294,GLOBAL_POSITION_INT,-35.3628692,149.1657182,593.81,10.006,0.0,0.01,0.0,45.13,,,,,,,,,,,
1790035473.009399,GPS_RAW_INT,,,,,,,,,,,,,,,,,,6,10
1790035473.031537,ATTITUDE,,,,,,,,,,,,,,,0.002324773697182536,0.013487467542290688,0.7877037525177002,,
1790035473.0323377,RAW_IMU,,,,,,,,,0,0,-1000,2,-64,4,,,,,
1790035473.0500045,ATTITUDE,,,,,,,,,,,,,,,0.0023092948831617832,0.012170097790658474,0.7877345085144043,,
1790035473.0508218,RAW_IMU,,,,,,,,,0,0,-1000,2,-61,4,,,,,
1790035473.0677547,ATTITUDE,,,,,,,,,,,,,,,0.0022948812693357468,0.010997472330927849,0.7877586483955383,,
1790035473.068424,RAW_IMU,,,,,,,,,0,0,-1000,2,-55,4,,,,,
1790035473.0904765,ATTITUDE,,,,,,,,,,,,,,,0.0022777130361646414,0.009863259270787239,0.7877881526947021,,
1790035473.0910327,RAW_IMU,,,,,,,,,0,0,-1000,2,-52,4,,,,,
1790035473.108281,ATTITUDE,,,,,,,,,,,,,,,0.0022628658916801214,0.008836975321173668,0.7878140807151794,,
1790035473.1087472,RAW_IMU,,,,,,,,,0,0,-1000,2,-48,4,,,,,
1790035473.109133,GLOBAL_POSITION_INT,-35.3628692,149.1657182,593.81,10.006,0.0,0.01,0.0,45.13,,,,,,,,,,,
1790035473.109645,GPS_RAW_INT,,,,,,,,,,,,,,,,,,6,10
1790035473.1311836,ATTITUDE,,,,,,,,,,,,,,,0.0022484268993139267,0.007873115129768848,0.7878406643867493,,
1790035473.131593,RAW_IMU,,,,,,,,,0,0,-1000,2,-44,4,,,,,
1790035473.1487827,ATTITUDE,,,,,,,,,,,,,,,0.0022346102632582188,0.006998630706220865,0.7878628969192505,,
1790035473.1493096,RAW_IMU,,,,,,,,,0,0,-1000,2,-40,4,,,,,
1790035473.1665535,ATTITUDE,,,,,,,,,,,,,,,0.00222091400064528,0.00619117496535182,0.7878790497779846,,
1790035473.1670682,RAW_IMU,,,,,,,,,0,0,-1000,2,-36,3,,,,,
1790035473.1895556,ATTITUDE,,,,,,,,,,,,,,,0.0022078100591897964,0.0054374500177800655,0.7878932952880859,,
1790035473.1899233,RAW_IMU,,,,,,,,,0,0,-1000,3,-34,3,,,,,
1790035473.20729,ATTITUDE,,,,,,,,,,,,,,,0.0021951196249574423,0.004779038485139608,0.78790283203125,,
1790035473.208081,RAW_IMU,,,,,,,,,0,0,-1000,3,-29,3,,,,,
1790035473.208235,GLOBAL_POSITION_INT,-35.3628691,149.1657183,593.81,10.005,0.0,0.0,0.0,45.14,,,,,,,,,,,
1790035473.2089748,GPS_RAW_INT,,,,,,,,,,,,,,,,,,6,10
1790035473.2304523,ATTITUDE,,,,,,,,,,,,,,,0.002184211043640971,0.00413852883502841,0.787909746170044,,
1790035473.2309706,RAW_IMU,,,,,,,,,0,0,-1000,3,-28,3,,,,,
1790035473.2479646,ATTITUDE,,,,,,,,,,,,,,,0.002174907363951206,0.0036097243428230286,0.7879127860069275,,
1790035473.2483451,RAW_IMU,,,,,,,,,0,0,-1000,3,-22,3,,,,,
1790035473.2711287,ATTITUDE,,,,,,,,,,,,,,,0.002164117293432355,0.0030479414854198694,0.7879106402397156,,
1790035473.2717898,RAW_IMU,,,,,,,,,0,0,-1000,3,-24,3,,,,,
1790035473.289223,ATTITUDE,,,,,,,,,,,,,,,0.0021536480635404587,0.0026097388472408056,0.7879127264022827,,
1790035473.289877,RAW_IMU,,,,,,,,,0,0,-1000,3,-18,3,,,,,
1790035473.307464,ATTITUDE,,,,,,,,,,,,,,,0.0021433981601148844,0.0021352192852646112,0.7879124283790588,,
1790035473.308526,RAW_IMU,,,,,,,,,0,0,-1000,3,-19,2,,,,,
1790035473.30887,GLOBAL_POSITION_INT,-35.3628691,149.1657183,593.81,10.005,0.0,0.0,0.0,45.14,,,,,,,,,,,
1790035473.3091872,GPS_RAW_INT,,,,,,,,,,,,,,,,,,6,10
1790035473.3303568,ATTITUDE,,,,,,,,,,,,,,,0.002134219743311405,0.0017831140430644155,0.7879108190536499,,
1790035473.3309948,RAW_IMU,,,,,,,,,0,0,-1000,3,-14,2,,,,,
1790035473.3481648,ATTITUDE,,,,,,,,,,,,,,,0.0021250350400805473,0.0013968627899885178,0.7879050970077515,,
1790035473.3487186,RAW_IMU,,,,,,,,,0,0,-1000,3,-15,2,,,,,
1790035473.3711374,ATTITUDE,,,,,,,,,,,,,,,0.0021157606970518827,0.0011194458929821849,0.7878929972648621,,
1790035473.3716109,RAW_IMU,,,,,,,,,0,0,-1000,3,-10,2,,,,,
1790035473.388712,ATTITUDE,,,,,,,,,,,,,,,0.002108198357746005,0.0008202443714253604,0.7878798842430115,,
1790035473.3893042,RAW_IMU,,,,,,,,,0,0,-1000,3,-10,2,,,,,
1790035473.406447,ATTITUDE,,,,,,,,,,,,,,,0.00210091401822865,0.0006085101631470025,0.7878654599189758,,
1790035473.4077818,RAW_IMU,,,,,,,,,0,0,-1000,3,-7,2,,,,,
1790035473.4079049,GLOBAL_POSITION_INT,-35.3628691,149.1657183,593.81,10.005,0.0,0.0,0.0,45.14,,,,,,,,,,,
1790035473.4080243,GPS_RAW_INT,,,,,,,,,,,,,,,,,,6,10
1790035473.4297125,ATTITUDE,,,,,,,,,,,,,,,0.0020949875470250845,0.0003934447013307363,0.787850022315979,,
1790035473.4302764,RAW_IMU,,,,,,,,,0,0,-1000,3,-6,2,,,,,
1790035473.4472308,ATTITUDE,,,,,,,,,,,,,,,0.0020889395382255316,0.00023607994080521166,0.7878313064575195,,
1790035473.4477656,RAW_IMU,,,,,,,,,0,0,-1000,3,-4,2,,,,,
1790035473.4727721,ATTITUDE,,,,,,,,,,,,,,,0.002082642400637269,8.682069892529398e-05,0.7878054976463318,,
1790035473.473588,RAW_IMU,,,,,,,,,0,0,-1000,3,-3,2,,,,,
1790035473.488071,ATTITUDE,,,,,,,,,,,,,,,0.0020746299996972084,-2.1649626432918012e-05,0.7877862453460693,,
1790035473.488553,RAW_IMU,,,,,,,,,0,0,-1000,3,-2,1,,,,,
1790035473.511173,ATTITUDE,,,,,,,,,,,,,,,0.0020398383494466543,-0.00012428488116711378,0.787764310836792,,
1790035473.51184,RAW_IMU,,,,,,,,,0,0,-1000,2,-1,1,,,,,
1790035473.5120664,GLOBAL_POSITION_INT,-35.3628691,149.1657183,593.81,10.005,0.0,0.01,0.0,45.13,,,,,,,,,,,
1790035473.5130303,GPS_RAW_INT,,,,,,,,,,,,,,,,,,6,10
1790035473.5288079,ATTITUDE,,,,,,,,,,,,,,,0.001997628714889288,-0.0001886556128738448,0.787741482257843,,
1790035473.5295355,RAW_IMU,,,,,,,,,0,0,-1000,1,0,1,,,,,
1790035473.5464592,ATTITUDE,,,,,,,,,,,,,,,0.001958156004548073,-0.00023325583606492728,0.7877164483070374,,
1790035473.547185,RAW_IMU,,,,,,,,,0,0,-1000,1,1,1,,,,,
1790035473.5696368,ATTITUDE,,,,,,,,,,,,,,,0.0018877560505643487,-0.00027268577832728624,0.787686288356781,,
1790035473.5702336,RAW_IMU,,,,,,,,,0,0,-1000,0,1,1,,,,,
1790035473.5873344,ATTITUDE,,,,,,,,,,,,,,,0.0018158224411308765,-0.00027749125729314983,0.7876561284065247,,
1790035473.5879562,RAW_IMU,,,,,,,,,0,0,-1000,0,3,1,,,,,
1790035473.6105256,ATTITUDE,,,,,,,,,,,,,,,0.001746580470353365,-0.00029650007490999997,0.7876238822937012,,
1790035473.6110764,RAW_IMU,,,,,,,,,0,0,-1000,0,2,1,,,,,
1790035473.6113267,GLOBAL_POSITION_INT,-35.3628691,149.1657183,593.81,10.005,0.0,0.01,0.0,45.12,,,,,,,,,,,
1790035473.6116202,GPS_RAW_INT,,,,,,,,,,,,,,,,,,6,10
1790035473.6280496,ATTITUDE,,,,,,,,,,,,,,,0.0016717383405193686,-0.0002517094835639,0.787591814994812,,
1790035473.6285155,RAW_IMU,,,,,,,,,0,0,-1001,0,5,1,,,,,
1790035473.651387,ATTITUDE,,,,,,,,,,,,,,,0.0016308588674291968,-0.0002483634452801198,0.7875601053237915,,
1790035473.6515746,RAW_IMU,,,,,,,,,0,0,-1001,1,3,1,,,,,
1790035473.668812,ATTITUDE,,,,,,,,,,,,,,,0.001542775658890605,-0.00016357051208615303,0.7875282168388367,,
1790035473.6692855,RAW_IMU,,,,,,,,,0,0,-1001,0,7,1,,,,,
1790035473.6863947,ATTITUDE,,,,,,,,,,,,,,,0.0015144330682232976,-0.0001493291783845052,0.7875050902366638,,
1790035473.686749,RAW_IMU,,,,,,,,,0,0,-1001,2,4,1,,,,,
1790035473.7097456,ATTITUDE,,,,,,,,,,,,,,,0.0014259908348321915,-3.8933343603275716e-05,0.7874833941459656,,
1790035473.7102287,RAW_IMU,,,,,,,,,0,0,-1001,0,8,1,,,,,
1790035473.7107024,GLOBAL_POSITION_INT,-35.3628691,149.1657184,593.81,10.005,0.0,0.01,0.0,45.11,,,,,,,,,,,
1790035473.7111027,GPS_RAW_INT,,,,,,,,,,,,,,,,,,6,10
1790035473.7271647,ATTITUDE,,,,,,,,,,,,,,,0.0014257834991440177,2.0734212739625946e-05,0.7874668836593628,,
1790035473.728217,RAW_IMU,,,,,,,,,0,0,-1001,3,6,2,,,,,
1790035473.750461,ATTITUDE,,,,,,,,,,,,,,,0.001344408025033772,0.0001533333124825731,0.7874508500099182,,
1790035473.7508693,RAW_IMU,,,,,,,,,0,0,-1001,0,9,2,,,,,
1790035473.7680311,ATTITUDE,,,,,,,,,,,,,,,0.0013632912887260318,0.0002487225574441254,0.7874351143836975,,
1790035473.7685456,RAW_IMU,,,,,,,,,0,0,-1000,4,8,2,,,,,
1790035473.7909875,ATTITUDE,,,,,,,,,,,,,,,0.0013107153354212642,0.0003959693422075361,0.787421464920044,,
1790035473.7913864,RAW_IMU,,,,,,,,,0,0,-1001,1,10,2,,,,,
1790035473.8088703,ATTITUDE,,,,,,,,,,,,,,,0.0013234327780082822,0.0005113701336085796,0.7874111533164978,,
1790035473.8095257,RAW_IMU,,,,,,,,,0,0,-1001,3,9,2,,,,,
1790035473.8099196,GLOBAL_POSITION_INT,-35.3628691,149.1657184,593.81,10.004,0.0,0.01,0.0,45.11,,,,,,,,,,,
1790035473.810251,GPS_RAW_INT,,,,,,,,,,,,,,,,,,6,10
1790035473.826422,ATTITUDE,,,,,,,,,,,,,,,0.0012865469325333834,0.0006552910781465471,0.7874045968055725,,
1790035473.8269258,RAW_IMU,,,,,,,,,0,0,-1001,2,10,2,,,,,
1790035473.8495553,ATTITUDE,,,,,,,,,,,,,,,0.0013071016874164343,0.0007908804109320045,0.7873988747596741,,
1790035473.8509285,RAW_IMU,,,,,,,,,0,0,-1001,3,10,2,,,,,
1790035473.8671103,ATTITUDE,,,,,,,,,,,,,,,0.0013015123549848795,0.0009298380464315414,0.7873905897140503,,
1790035473.8673644,RAW_IMU,,,,,,,,,0,0,-1001,4,10,2,,,,,
1790035473.890474,ATTITUDE,,,,,,,,,,,,,,,0.0012823456199839711,0.0010694500524550676,0.7873888611793518,,
1790035473.8909836,RAW_IMU,,,,,,,,,0,0,-1001,2,10,3,,,,,
1790035473.9079874,ATTITUDE,,,,,,,,,,,,,,,0.001309143379330635,0.00119598803576082,0.7873892188072205,,
1790035473.908595,RAW_IMU,,,,,,,,,0,0,-1001,5,9,3,,,,,
1790035473.9089155,GLOBAL_POSITION_INT,-35.3628691,149.1657184,593.81,10.004,0.0,0.01,0.0,45.11,,,,,,,,,,,
1790035473.9094913,GPS_RAW_INT,,,,,,,,,,,,,,,,,,6,10
1790035473.931069,ATTITUDE,,,,,,,,,,,,,,,0.0012808076571673155,0.0013576539931818843,0.787390410900116,,
1790035473.9316,RAW_IMU,,,,,,,,,0,0,-1001,2,11,3,,,,,
1790035473.9486077,ATTITUDE,,,,,,,,,,,,,,,0.0013293816009536386,0.0014782020589336753,0.7873917818069458,,
1790035473.9489923,RAW_IMU,,,,,,,,,0,0,-1001,6,9,3,,,,,
1790035473.9741669,ATTITUDE,,,,,,,,,,,,,,,0.0012989500537514687,0.001659133704379201,0.7873907685279846,,
1790035473.9747586,RAW_IMU,,,,,,,,,0,0,-1001,2,12,3,,,,,
1790035473.989552,ATTITUDE,,,,,,,,,,,,,,,0.0013576550409197807,0.0017771172570064664,0.7873923778533936,,
1790035473.990179,RAW_IMU,,,,,,,,,0,0,-1001,6,9,3,,,,,
1790035474.0071275,ATTITUDE,,,,,,,,,,,,,,,0.001337486901320517,0.0019709996413439512,0.7873955965042114,,
1790035474.0077689,RAW_IMU,,,,,,,,,0,0,-1001,3,13,3,,,,,
1790035474.008233,GLOBAL_POSITION_INT,-35.362869,149.1657184,593.81,10.004,0.0,0.01,0.0,45.11,,,,,,,,,,,
1790035474.0085697,GPS_RAW_INT,,,,,,,,,,,,,,,,,,6,10
1790035474.0302935,ATTITUDE,,,,,,,,,,,,,,,0.0013998749200254679,0.0020775096490979195,0.7873989343643188,,
1790035474.0305738,RAW_IMU,,,,,,,,,0,0,-1001,6,9,3,,,,,
1790035474.0478902,ATTITUDE,,,,,,,,,,,,,,,0.0014000986702740192,0.0022695790976285934,0.7874027490615845,,
1790035474.0485003,RAW_IMU,,,,,,,,,0,0,-1001,4,12,3,,,,,
1790035474.0709286,ATTITUDE,,,,,,,,,,,,,,,0.0014500324614346027,0.0023851143196225166,0.787401020526886,,
1790035474.0713618,RAW_IMU,,,,,,,,,0,0,-1001,5,9,3,,,,,
1790035474.0885785,ATTITUDE,,,,,,,,,,,,,,,0.0014590856153517962,0.0025771961081773043,0.7874042987823486,,
1790035474.0890095,RAW_IMU,,,,,,,,,0,0,-1001,4,12,3,,,,,
1790035474.1063619,ATTITUDE,,,,,,,,,,,,,,,0.0014951819321140647,0.0027063703164458275,0.7874078154563904,,
1790035474.106962,RAW_IMU,,,,,,,,,0,0,-1001,4,10,3,,,,,
1790035474.1075578,GLOBAL_POSITION_INT,-35.362869,149.1657184,593.81,10.004,0.0,0.01,0.0,45.11,,,,,,,,,,,
1790035474.1079857,GPS_RAW_INT,,,,,,,,,,,,,,,,,,6,10
1790035474.129363,ATTITUDE,,,,,,,,,,,,,,,0.0015116401482373476,0.002879847539588809,0.7874133586883545,,
1790035474.1299584,RAW_IMU,,,,,,,,,0,0,-1001,5,11,3,,,,,
1790035474.1471245,ATTITUDE,,,,,,,,,,,,,,,0.0015453299274668097,0.003003608901053667,0.7874188423156738,,
1790035474.1476343,RAW_IMU,,,,,,,,,0,0,-1001,4,10,3,,,,,
1790035474.170262,ATTITUDE,,,,,,,,,,,,,,,0.0015773657942190766,0.0031652620527893305,0.7874212265014648,,
1790035474.170787,RAW_IMU,,,,,,,,,0,0,-1001,6,10,3,,,,,
1790035474.1878908,ATTITUDE,,,,,,,,,,,,,,,0.0015925751067698002,0.003282439662143588,0.787423312664032,,
1790035474.188388,RAW_IMU,,,,,,,,,0,0,-1001,4,10,3,,,,,
1790035474.2109318,ATTITUDE,,,,,,,,,,,,,,,0.0016519055934622884,0.0034468851517885923,0.7874277830123901,,
1790035474.2116604,RAW_IMU,,,,,,,,,0,0,-1001,7,11,3,,,,,
1790035474.2125876,GLOBAL_POSITION_INT,-35.362869,149.1657184,593.81,10.004,0.0,0.01,0.0,45.11,,,,,,,,,,,
1790035474.2130973,GPS_RAW_INT,,,,,,,,,,,,,,,,,,6,10
1790035474.22859,ATTITUDE,,,,,,,,,,,,,,,0.001657383400015533,0.0035486482083797455,0.7874317169189453,,
1790035474.2289786,RAW_IMU,,,,,,,,,0,0,-1001,3,9,3,,,,,
1790035474.2462645,ATTITUDE,,,,,,,,,,,,,,,0.0017235403647646308,0.0036952518858015537,0.7874346375465393,,
1790035474.2466278,RAW_IMU,,,,,,,,,0,0,-1001,7,9,3,,,,,
1790035474.2694612,ATTITUDE,,,,,,,,,,,,,,,0.001717706909403205,0.0038191103376448154,0.7874338626861572,,
1790035474.2701187,RAW_IMU,,,,,,,,,0,0,-1001,3,10,3,,,,,
1790035474.2873926,ATTITUDE,,,,,,,,,,,,,,,0.0017962312558665872,0.00393853010609746,0.7874374985694885,,
1790035474.2880826,RAW_IMU,,,,,,,,,0,0,-1001,7,8,3,,,,,
1790035474.310233,ATTITUDE,,,,,,,,,,,,,,,0.0017920074751600623,0.004069985821843147,0.7874409556388855,,
1790035474.311976,RAW_IMU,,,,,,,,,0,0,-1001,4,10,3,,,,,
1790035474.312123,GLOBAL_POSITION_INT,-35.362869,149.1657184,593.81,10.004,0.0,0.0,0.0,45.11,,,,,,,,,,,
1790035474.3122582,GPS_RAW_INT,,,,,,,,,,,,,,,,,,6,10
1790035474.3282747,ATTITUDE,,,,,,,,,,,,,,,0.0018651868449524045,0.0041479868814349174,0.7874460816383362,,
1790035474.328854,RAW_IMU,,,,,,,,,0,0,-1001,6,7,3,,,,,
1790035474.3463376,ATTITUDE,,,,,,,,,,,,,,,0.00186747161205858,0.004289953038096428,0.7874512672424316,,
1790035474.3469577,RAW_IMU,,,,,,,,,0,0,-1000,4,10,3,,,,,
1790035474.3695154,ATTITUDE,,,,,,,,,,,,,,,0.0019322964362800121,0.004358123987913132,0.7874521613121033,,
1790035474.3703682,RAW_IMU,,,,,,,,,0,0,-1001,6,7,3,,,,,
1790035474.3871233,ATTITUDE,,,,,,,,,,,,,,,0.0019536809995770454,0.004508303944021463,0.7874540090560913,,
1790035474.387581,RAW_IMU,,,,,,,,,0,0,-1001,5,10,3,,,,,
1790035474.4071426,ATTITUDE,,,,,,,,,,,,,,,0.001990917371585965,0.004585276823490858,0.7874568104743958,,
1790035474.407814,RAW_IMU,,,,,,,,,0,0,-1001,4,7,3,,,,,
1790035474.4082894,GLOBAL_POSITION_INT,-35.362869,149.1657184,593.81,10.004,0.0,0.0,0.0,45.11,,,,,,,,,,,
1790035474.408711,GPS_RAW_INT,,,,,,,,,,,,,,,,,,6,10
1790035474.4304318,ATTITUDE,,,,,,,,,,,,,,,0.002056339755654335,0.004729431588202715,0.7874612212181091,,
1790035474.4311025,RAW_IMU,,,,,,,,,0,0,-1001,7,10,3,,,,,
1790035474.447983,ATTITUDE,,,,,,,,,,,,,,,0.0020935432985424995,0.004796760156750679,0.7874652147293091,,
1790035474.4486623,RAW_IMU,,,,,,,,,0,0,-1001,5,7,3,,,,,
1790035474.4793892,ATTITUDE,,,,,,,,,,,,,,,0.0021692533046007156,0.004931278061121702,0.7874661087989807,,
1790035474.479553,RAW_IMU,,,,,,,,,0,0,-1001,7,9,3,,,,,
1790035474.4892182,ATTITUDE,,,,,,,,,,,,,,,0.0021715040784329176,0.004979682620614767,0.7874665260314941,,
1790035474.4896684,RAW_IMU,,,,,,,,,0,0,-1001,3,6,3,,,,,
1790035474.5072637,ATTITUDE,,,,,,,,,,,,,,,0.0022566409315913916,0.005103927571326494,0.7874690294265747,,
1790035474.5078602,RAW_IMU,,,,,,,,,0,0,-1001,7,9,3,,,,,
1790035474.5082498,GLOBAL_POSITION_INT,-35.362869,149.1657185,593.81,10.004,0.0,0.0,0.0,45.11,,,,,,,,,,,
1790035474.5086236,GPS_RAW_INT,,,,,,,,,,,,,,,,,,6,10
1790035474.5302236,ATTITUDE,,,,,,,,,,,,,,,0.0022515463642776012,0.005147084128111601,0.7874736189842224,,
1790035474.5306396,RAW_IMU,,,,,,,,,0,0,-1001,4,6,3,,,,,
1790035474.5476923,ATTITUDE,,,,,,,,,,,,,,,0.0023205820471048355,0.005242484156042337,0.7874763011932373,,
1790035474.5482988,RAW_IMU,,,,,,,,,0,0,-1000,6,7,3,,,,,
1790035474.5709248,ATTITUDE,,,,,,,,,,,,,,,0.002332838950678706,0.005310640670359135,0.7874760627746582,,
1790035474.571623,RAW_IMU,,,,,,,,,0,0,-1000,5,7,3,,,,,
1790035474.5886214,ATTITUDE,,,,,,,,,,,,,,,0.002404877683147788,0.005391301587224007,0.787477970123291,,
1790035474.589164,RAW_IMU,,,,,,,,,0,0,-1001,6,7,3,,,,,
1790035474.6061199,ATTITUDE,,,,,,,,,,,,,,,0.00244214222766459,0.005469105672091246,0.7874801754951477,,
1790035474.6067638,RAW_IMU,,,,,,,,,0,0,-1001,6,8,3,,,,,
1790035474.6080444,GLOBAL_POSITION_INT,-35.362869,149.1657185,593.81,10.004,0.0,0.0,0.0,45.11,,,,,,,,,,,
1790035474.6082022,GPS_RAW_INT,,,,,,,,,,,,,,,,,,6,10
1790035474.6291625,ATTITUDE,,,,,,,,,,,,,,,0.002497598761692643,0.005548121407628059,0.7874858379364014,,
1790035474.6296444,RAW_IMU,,,,,,,,,0,0,-1001,5,7,3,,,,,
1790035474.6469536,ATTITUDE,,,,,,,,,,,,,,,0.0025515835732221603,0.005606964696198702,0.787489116191864,,
1790035474.6474633,RAW_IMU,,,,,,,,,0,0,-1001,6,7,3,,,,,
1790035474.6700764,ATTITUDE,,,,,,,,,,,,,,,0.0025749527849256992,0.005663711111992598,0.7874894738197327,,
1790035474.6706789,RAW_IMU,,,,,,,,,0,0,-1001,4,5,3,,,,,
1790035474.6876702,ATTITUDE,,,,,,,,,,,,,,,0.0026342831552028656,0.005731300450861454,0.7874914407730103,,
1790035474.6883597,RAW_IMU,,,,,,,,,0,0,-1001,7,7,3,,,,,
1790035474.7109861,ATTITUDE,,,,,,,,,,,,,,,0.0026585606392472982,0.005769769661128521,0.7874922156333923,,
1790035474.7114477,RAW_IMU,,,,,,,,,0,0,-1001,4,5,3,,,,,
1790035474.711833,GLOBAL_POSITION_INT,-35.362869,149.1657184,593.81,10.004,0.0,0.0,0.0,45.11,,,,,,,,,,,
1790035474.712529,GPS_RAW_INT,,,,,,,,,,,,,,,,,,6,10
1790035474.72825,ATTITUDE,,,,,,,,,,,,,,,0.0027326398994773626,0.005847090855240822,0.7874971628189087,,
1790035474.7288194,RAW_IMU,,,,,,,,,0,0,-1001,7,7,3,,,,,
1790035474.7515569,ATTITUDE,,,,,,,,,,,,,,,0.0027300729416310787,0.0058596329763531685,0.7875011563301086,,
1790035474.7523441,RAW_IMU,,,,,,,,,0,0,-1000,3,4,3,,,,,
1790035474.7691455,ATTITUDE,,,,,,,,,,,,,,,0.0028106574900448322,0.005940747447311878,0.7875016927719116,,
1790035474.7695653,RAW_IMU,,,,,,,,,0,0,-1001,7,7,3,,,,,
1790035474.7866452,ATTITUDE,,,,,,,,,,,,,,,0.0028216224163770676,0.005945418030023575,0.7875040769577026,,
1790035474.786808,RAW_IMU,,,,,,,,,0,0,-1000,4,4,3,,,,,
1790035474.8100402,ATTITUDE,,,,,,,,,,,,,,,0.0029028155840933323,0.006017877254635096,0.7875096201896667,,
1790035474.8105423,RAW_IMU,,,,,,,,,0,0,-1000,7,6,3,,,,,
1790035474.8109114,GLOBAL_POSITION_INT,-35.362869,149.1657184,593.81,10.004,0.0,0.0,0.0,45.12,,,,,,,,,,,
1790035474.8113654,GPS_RAW_INT,,,,,,,,,,,,,,,,,,6,10
1790035474.827601,ATTITUDE,,,,,,,,,,,,,,,0.002894656965509057,0.006010162178426981,0.7875164151191711,,
1790035474.8279934,RAW_IMU,,,,,,,,,0,0,-1000,3,3,3,,,,,
1790035474.8507948,ATTITUDE,,,,,,,,,,,,,,,0.0029652458615601063,0.006071779411286116,0.7875238656997681,,
1790035474.851207,RAW_IMU,,,,,,,,,0,0,-1000,6,6,3,,,,,
1790035474.8682885,ATTITUDE,,,,,,,,,,,,,,,0.0029915475752204657,0.006068237591534853,0.7875264286994934,,
1790035474.8685787,RAW_IMU,,,,,,,,,0,0,-1001,5,4,3,,,,,
1790035474.8914506,ATTITUDE,,,,,,,,,,,,,,,0.0030277471523731947,0.006103811785578728,0.7875269651412964,,
1790035474.8919926,RAW_IMU,,,,,,,,,0,0,-1001,5,4,3,,,,,
1790035474.9091356,ATTITUDE,,,,,,,,,,,,,,,0.0030482760630548,0.006109449081122875,0.7875294089317322,,
1790035474.9096208,RAW_IMU,,,,,,,,,0,0,-1001,5,4,3,,,,,
1790035474.9101388,GLOBAL_POSITION_INT,-35.3628689,149.1657184,593.81,10.004,-0.01,0.0,0.0,45.12,,,,,,,,,,,
1790035474.910391,GPS_RAW_INT,,,,,,,,,,,,,,,,,,6,10
1790035474.9269085,ATTITUDE,,,,,,,,,,,,,,,0.0030804115813225508,0.006127430126070976,0.7875328660011292,,
1790035474.9274383,RAW_IMU,,,,,,,,,0,0,-1001,4,4,3,,,,,
1790035474.9498663,ATTITUDE,,,,,,,,,,,,,,,0.0031088616233319044,0.006142457481473684,0.7875370979309082,,
1790035474.9504533,RAW_IMU,,,,,,,,,0,0,-1001,5,4,3,,,,,
1790035474.96981,ATTITUDE,,,,,,,,,,,,,,,0.0031108229886740446,0.006130901165306568,0.7875378727912903,,
1790035474.970241,RAW_IMU,,,,,,,,,0,0,-1001,3,2,3,,,,,
1790035474.9907386,ATTITUDE,,,,,,,,,,,,,,,0.003138574305921793,0.006147510837763548,0.7875403761863708,,
1790035474.99125,RAW_IMU,,,,,,,,,0,0,-1001,5,4,3,,,,,
1790035475.0083816,ATTITUDE,,,,,,,,,,,,,,,0.0031387407798320055,0.006123537663370371,0.7875444293022156,,
1790035475.0091636,RAW_IMU,,,,,,,,,0,0,-1001,3,2,3,,,,,
1790035475.0094862,GLOBAL_POSITION_INT,-35.3628689,149.1657184,593.81,10.004,-0.01,0.0,0.0,45.12,,,,,,,,,,,
1790035475.0098186,GPS_RAW_INT,,,,,,,,,,,,,,,,,,6,10
1790035475.0316393,ATTITUDE,,,,,,,,,,,,,,,0.003168177790939808,0.006145646329969168,0.7875503897666931,,
1790035475.0322673,RAW_IMU,,,,,,,,,0,0,-1000,5,4,3,,,,,
1790035475.0491705,ATTITUDE,,,,,,,,,,,,,,,0.003164622001349926,0.006097044330090284,0.7875553965568542,,
1790035475.0497453,RAW_IMU,,,,,,,,,0,0,-1000,3,1,3,,,,,
1790035475.0668046,ATTITUDE,,,,,,,,,,,,,,,0.0032183262519538403,0.006115814205259085,0.7875577211380005,,
1790035475.0673673,RAW_IMU,,,,,,,,,0,0,-1001,6,4,3,,,,,
1790035475.089902,ATTITUDE,,,,,,,,,,,,,,,0.0031950310803949833,0.006045669317245483,0.7875564694404602,,
1790035475.0903134,RAW_IMU,,,,,,,,,0,0,-1001,2,0,3,,,,,
1790035475.1076424,ATTITUDE,,,,,,,,,,,,,,,0.0032449637074023485,0.006054520141333342,0.787557065486908,,
1790035475.1080916,RAW_IMU,,,,,,,,,0,0,-1000,6,3,3,,,,,
1790035475.10845,GLOBAL_POSITION_INT,-35.3628689,149.1657184,593.81,10.004,-0.01,0.0,0.0,45.12,,,,,,,,,,,
1790035475.1088767,GPS_RAW_INT,,,,,,,,,,,,,,,,,,6,10
1790035475.1306345,ATTITUDE,,,,,,,,,,,,,,,0.0032032793387770653,0.005986160598695278,0.7875587344169617,,
1790035475.131277,RAW_IMU,,,,,,,,,0,0,-1001,2,0,3,,,,,
1790035475.1487494,ATTITUDE,,,,,,,,,,,,,,,0.003228114452213049,0.005975736770778894,0.7875624895095825,,
1790035475.1494048,RAW_IMU,,,,,,,,,0,0,-1000,4,2,3,,,,,
1790035475.1713786,ATTITUDE,,,,,,,,,,,,,,,0.003201671177521348,0.005920612718909979,0.78756183385849,,
1790035475.1715934,RAW_IMU,,,,,,,,,0,0,-1000,2,1,3,,,,,
1790035475.1890452,ATTITUDE,,,,,,,,,,,,,,,0.0032396221067756414,0.005905032157897949,0.7875634431838989,,
1790035475.1895382,RAW_IMU,,,,,,,,,0,0,-1000,5,2,3,,,,,
1790035475.206728,ATTITUDE,,,,,,,,,,,,,,,0.00322104268707335,0.005847458727657795,0.7875670790672302,,
1790035475.20717,RAW_IMU,,,,,,,,,0,0,-1000,3,1,3,,,,,
1790035475.207551,GLOBAL_POSITION_INT,-35.362869,149.1657184,593.81,10.004,-0.01,0.0,0.0,45.12,,,,,,,,,,,
1790035475.2081575,GPS_RAW_INT,,,,,,,,,,,,,,,,,,6,10
1790035475.2299411,ATTITUDE,,,,,,,,,,,,,,,0.0032666719052940607,0.005821803584694862,0.7875711917877197,,
1790035475.23038,RAW_IMU,,,,,,,,,0,0,-1001,5,1,3,,,,,
1790035475.2473657,ATTITUDE,,,,,,,,,,,,,,,0.003242335980758071,0.005768380127847195,0.7875745892524719,,
1790035475.24829,RAW_IMU,,,,,,,,,0,0,-1001,2,1,3,,,,,
1790035475.2706096,ATTITUDE,,,,,,,,,,,,,,,0.003273455426096916,0.00572979124262929,0.787575364112854,,
1790035475.2710807,RAW_IMU,,,,,,,,,0,0,-1000,5,1,3,,,,,
1790035475.288633,ATTITUDE,,,,,,,,,,,,,,,0.003233914263546467,0.005676898639649153,0.787573516368866,,
1790035475.2888174,RAW_IMU,,,,,,,,,0,0,-1001,2,1,3,,,,,
1790035475.3113503,ATTITUDE,,,,,,,,,,,,,,,0.003267735941335559,0.005624520592391491,0.7875734567642212,,
1790035475.3118029,RAW_IMU,,,,,,,,,0,0,-1001,5,0,3,,,,,
1790035475.3120706,GLOBAL_POSITION_INT,-35.362869,149.1657184,593.81,10.004,-0.02,-0.01,0.0,45.12,,,,,,,,,,,
1790035475.3123596,GPS_RAW_INT,,,,,,,,,,,,,,,,,,6,10
1790035475.329092,ATTITUDE,,,,,,,,,,,,,,,0.0032213761005550623,0.0055823856964707375,0.7875753045082092,,
1790035475.3296502,RAW_IMU,,,,,,,,,0,0,-1000,1,1,3,,,,,
1790035475.3467212,ATTITUDE,,,,,,,,,,,,,,,0.0032585563603788614,0.005524920299649239,0.7875791788101196,,
1790035475.346959,RAW_IMU,,,,,,,,,0,0,-1001,5,0,3,,,,,
1790035475.3698368,ATTITUDE,,,,,,,,,,,,,,,0.0032071280293166637,0.005492685828357935,0.7875804901123047,,
1790035475.3702772,RAW_IMU,,,,,,,,,0,0,-1001,1,2,4,,,,,
1790035475.3876631,ATTITUDE,,,,,,,,,,,,,,,0.003225327469408512,0.00543377548456192,0.7875834703445435,,
1790035475.388287,RAW_IMU,,,,,,,,,0,0,-1001,4,0,4,,,,,
1790035475.410747,ATTITUDE,,,,,,,,,,,,,,,0.0031855711713433266,0.0054174461401999,0.7875896692276001,,
1790035475.41113,RAW_IMU,,,,,,,,,0,0,-1001,2,3,4,,,,,
1790035475.4114094,GLOBAL_POSITION_INT,-35.362869,149.1657184,593.81,10.004,-0.02,-0.01,0.0,45.12,,,,,,,,,,,
1790035475.411965,GPS_RAW_INT,,,,,,,,,,,,,,,,,,6,10
1790035475.4283836,ATTITUDE,,,,,,,,,,,,,,,0.003192377742379904,0.005357137881219387,0.7875977158546448,,
1790035475.428853,RAW_IMU,,,,,,,,,0,0,-1001,3,0,4,,,,,
1790035475.4512706,ATTITUDE,,,,,,,,,,,,,,,0.003172262804582715,0.005351000465452671,0.7876085042953491,,
1790035475.451853,RAW_IMU,,,,,,,,,0,0,-1000,3,3,4,,,,,
1790035475.4690046,ATTITUDE,,,,,,,,,,,,,,,0.0031692436896264553,0.00528575899079442,0.7876167893409729,,
1790035475.4692664,RAW_IMU,,,,,,,,,0,0,-1000,3,0,4,,,,,
1790035475.486628,ATTITUDE,,,,,,,,,,,,,,,0.003176785074174404,0.005269847810268402,0.7876192331314087,,
1790035475.4871068,RAW_IMU,,,,,,,,,0,0,-1001,4,2,4,,,,,
1790035475.5098653,ATTITUDE,,,,,,,,,,,,,,,0.0031548854894936085,0.005192806012928486,0.7876238226890564,,
1790035475.510375,RAW_IMU,,,,,,,,,0,0,-1001,2,0,4,,,,,
1790035475.5109072,GLOBAL_POSITION_INT,-35.362869,149.1657184,593.81,10.004,-0.02,-0.01,0.0,45.12,,,,,,,,,,,
1790035475.5112283,GPS_RAW_INT,,,,,,,,,,,,,,,,,,6,10
1790035475.5279763,ATTITUDE,,,,,,,,,,,,,,,0.0031610927544534206,0.00518100755289197,0.7876299619674683,,
1790035475.5285892,RAW_IMU,,,,,,,,,0,0,-1001,4,2,4,,,,,
1790035475.5465896,ATTITUDE,,,,,,,,,,,,,,,0.003127107862383127,0.005095035769045353,0.7876357436180115,,
1790035475.547389,RAW_IMU,,,,,,,,,0,0,-1001,2,0,4,,,,,
1790035475.5716302,ATTITUDE,,,,,,,,,,,,,,,0.003145829541608691,0.0050879111513495445,0.7876377701759338,,
1790035475.5723755,RAW_IMU,,,,,,,,,0,0,-1000,4,2,4,,,,,
1790035475.5909634,ATTITUDE,,,,,,,,,,,,,,,0.003083646297454834,0.005013883579522371,0.7876418828964233,,
1790035475.591768,RAW_IMU,,,,,,,,,0,0,-1000,1,0,4,,,,,
1790035475.6105058,ATTITUDE,,,,,,,,,,,,,,,0.003061943920329213,0.0049585215747356415,0.7876480221748352,,
1790035475.6116407,RAW_IMU,,,,,,,,,0,0,-998,2,0,4,,,,,
1790035475.6122177,GLOBAL_POSITION_INT,-35.362869,149.1657184,593.81,10.004,-0.02,-0.01,0.0,45.12,,,,,,,,,,,
1790035475.6128356,GPS_RAW_INT,,,,,,,,,,,,,,,,,,6,10
1790035475.6295478,ATTITUDE,,,,,,,,,,,,,,,0.0030539375729858875,0.004922125488519669,0.7876560091972351,,
1790035475.6305075,RAW_IMU,,,,,,,,,0,0,-994,3,1,4,,,,,
1790035475.6488934,ATTITUDE,,,,,,,,,,,,,,,0.003036131849512458,0.00486657815054059,0.7876644134521484,,
1790035475.6496565,RAW_IMU,,,,,,,,,0,0,-988,2,0,4,,,,,
1790035475.666749,ATTITUDE,,,,,,,,,,,,,,,0.003038982395082712,0.0048304470255970955,0.7876697778701782,,
1790035475.6673703,RAW_IMU,,,,,,,,,0,0,-982,3,1,4,,,,,
1790035475.6899164,ATTITUDE,,,,,,,,,,,,,,,0.0030160201713442802,0.004779276438057423,0.7876678109169006,,
1790035475.6903858,RAW_IMU,,,,,,,,,0,0,-975,2,1,4,,,,,
1790035475.7075653,ATTITUDE,,,,,,,,,,,,,,,0.0029940034728497267,0.004725470673292875,0.7876670956611633,,
1790035475.7081819,RAW_IMU,,,,,,,,,0,0,-967,2,1,4,,,,,
1790035475.7087915,GLOBAL_POSITION_INT,-35.362869,149.1657184,593.81,10.003,-0.03,-0.01,0.02,45.12,,,,,,,,,,,
1790035475.709292,GPS_RAW_INT,,,,,,,,,,,,,,,,,,6,10
1790035475.73131,ATTITUDE,,,,,,,,,,,,,,,0.002985974308103323,0.004686760250478983,0.7876684069633484,,
1790035475.7321842,RAW_IMU,,,,,,,,,0,0,-959,3,1,4,,,,,
1790035475.7505324,ATTITUDE,,,,,,,,,,,,,,,0.0029850017745047808,0.004644492641091347,0.7876696586608887,,
1790035475.751073,RAW_IMU,,,,,,,,,0,0,-951,3,1,4,,,,,
1790035475.7683434,ATTITUDE,,,,,,,,,,,,,,,0.00298601808026433,0.004600839223712683,0.7876668572425842,,
1790035475.7686524,RAW_IMU,,,,,,,,,0,0,-942,3,1,4,,,,,
1790035475.7913065,ATTITUDE,,,,,,,,,,,,,,,0.0030017499811947346,0.004572530742734671,0.7876651287078857,,
1790035475.791841,RAW_IMU,,,,,,,,,0,0,-933,4,2,3,,,,,
1790035475.8099213,ATTITUDE,,,,,,,,,,,,,,,0.002991843270137906,0.004527634475380182,0.7876662015914917,,
1790035475.8107545,RAW_IMU,,,,,,,,,0,0,-927,3,1,3,,,,,
1790035475.8112485,GLOBAL_POSITION_INT,-35.362869,149.1657184,593.8,9.998,-0.03,-0.01,0.07,45.12,,,,,,,,,,,
1790035475.8117552,GPS_RAW_INT,,,,,,,,,,,,,,,,,,6,10
1790035475.8275044,ATTITUDE,,,,,,,,,,,,,,,0.0030017585959285498,0.0045127104967832565,0.7876695394515991,,
1790035475.828191,RAW_IMU,,,,,,,,,0,0,-921,4,2,3,,,,,
1790035475.8505738,ATTITUDE,,,,,,,,,,,,,,,0.002990679582580924,0.0044928607530891895,0.7876737713813782,,
1790035475.8513253,RAW_IMU,,,,,,,,,0,0,-917,3,2,3,,,,,
1790035475.868481,ATTITUDE,,,,,,,,,,,,,,,0.0030034452211111784,0.004470992833375931,0.7876747846603394,,
1790035475.8689897,RAW_IMU,,,,,,,,,0,0,-914,4,2,3,,,,,
1790035475.886525,ATTITUDE,,,,,,,,,,,,,,,0.0029960735701024532,0.004442619625478983,0.7876671552658081,,
1790035475.8872893,RAW_IMU,,,,,,,,,0,0,-911,3,2,3,,,,,
1790035475.910664,ATTITUDE,,,,,,,,,,,,,,,0.0029817812610417604,0.00440410990267992,0.7876617908477783,,
1790035475.9112291,RAW_IMU,,,,,,,,,0,0,-909,3,1,3,,,,,
1790035475.91161,GLOBAL_POSITION_INT,-35.362869,149.1657184,593.79,9.986,-0.03,-0.01,0.16,45.12,,,,,,,,,,,
1790035475.9119518,GPS_RAW_INT,,,,,,,,,,,,,,,,,,6,10
1790035475.9282858,ATTITUDE,,,,,,,,,,,,,,,0.0029943028930574656,0.004383259452879429,0.7876587510108948,,
1790035475.9289477,RAW_IMU,,,,,,,,,0,0,-906,4,2,3,,,,,
1790035475.9514608,ATTITUDE,,,,,,,,,,,,,,,0.0029918442014604807,0.0043648905120790005,0.7876545190811157,,
1790035475.9521005,RAW_IMU,,,,,,,,,0,0,-904,3,2,3,,,,,
1790035475.9783533,ATTITUDE,,,,,,,,,,,,,,,0.0030048226471990347,0.004346220288425684,0.7876477837562561,,
1790035475.9790156,RAW_IMU,,,,,,,,,0,0,-902,4,2,3,,,,,
1790035475.988396,ATTITUDE,,,,,,,,,,,,,,,0.003005129983648658,0.0043289861641824245,0.7876430153846741,,
1790035475.9893034,RAW_IMU,,,,,,,,,0,0,-900,4,2,3,,,,,
1790035476.007743,ATTITUDE,,,,,,,,,,,,,,,0.0030033495277166367,0.004312510136514902,0.7876427173614502,,
1790035476.0082657,RAW_IMU,,,,,,,,,0,0,-899,3,2,3,,,,,
1790035476.009093,GLOBAL_POSITION_INT,-35.362869,149.1657184,593.77,9.965,-0.03,-0.01,0.26,45.12,,,,,,,,,,,
1790035476.0099251,GPS_RAW_INT,,,,,,,,,,,,,,,,,,6,10
1790035476.0271323,ATTITUDE,,,,,,,,,,,,,,,0.003015548689290881,0.004297388251870871,0.7876430153846741,,
1790035476.0278203,RAW_IMU,,,,,,,,,0,0,-902,4,2,3,,,,,
1790035476.0511837,ATTITUDE,,,,,,,,,,,,,,,0.0030431689228862524,0.004282595124095678,0.7876442670822144,,
1790035476.0516236,RAW_IMU,,,,,,,,,0,0,-906,5,2,3,,,,,
1790035476.0689306,ATTITUDE,,,,,,,,,,,,,,,0.003062167437747121,0.004268717486411333,0.7876431941986084,,
1790035476.0696201,RAW_IMU,,,,,,,,,0,0,-910,4,2,3,,,,,
1790035476.0865679,ATTITUDE,,,,,,,,,,,,,,,0.0030874907970428467,0.004252905026078224,0.7876353859901428,,
1790035476.0870552,RAW_IMU,,,,,,,,,0,0,-913,5,3,3,,,,,
1790035476.1099591,ATTITUDE,,,,,,,,,,,,,,,0.0031114399898797274,0.004236977081745863,0.7876284122467041,,
1790035476.1105711,RAW_IMU,,,,,,,,,0,0,-917,5,3,3,,,,,
1790035476.1111434,GLOBAL_POSITION_INT,-35.362869,149.1657184,593.74,9.935,-0.03,-0.01,0.34,45.12,,,,,,,,,,,
1790035476.1116776,GPS_RAW_INT,,,,,,,,,,,,,,,,,,6,10
1790035476.1275916,ATTITUDE,,,,,,,,,,,,,,,0.0031115743331611156,0.004208727274090052,0.7876242399215698,,
1790035476.1280932,RAW_IMU,,,,,,,,,0,0,-921,3,2,3,,,,,
1790035476.1507597,ATTITUDE,,,,,,,,,,,,,,,0.003127454314380884,0.004191242624074221,0.7876212000846863,,
1790035476.1514378,RAW_IMU,,,,,,,,,0,0,-925,4,2,3,,,,,
1790035476.1691163,ATTITUDE,,,,,,,,,,,,,,,0.0031303223222494125,0.004161168355494738,0.7876161336898804,,
1790035476.1699762,RAW_IMU,,,,,,,,,0,0,-929,3,2,3,,,,,
1790035476.187524,ATTITUDE,,,,,,,,,,,,,,,0.0031397934071719646,0.0041318959556519985,0.7876139879226685,,
1790035476.1882586,RAW_IMU,,,,,,,,,0,0,-933,4,2,3,,,,,
1790035476.210654,ATTITUDE,,,,,,,,,,,,,,,0.003162247594445944,0.004104757681488991,0.7876125574111938,,
1790035476.2112644,RAW_IMU,,,,,,,,,0,0,-936,4,2,3,,,,,
1790035476.2117376,GLOBAL_POSITION_INT,-35.362869,149.1657183,593.7,9.897,-0.03,-0.01,0.41,45.12,,,,,,,,,,,
1790035476.2126622,GPS_RAW_INT,,,,,,,,,,,,,,,,,,6,10
1790035476.2297065,ATTITUDE,,,,,,,,,,,,,,,0.0031771063804626465,0.004080139100551605,0.7876150608062744,,
1790035476.2305431,RAW_IMU,,,,,,,,,0,0,-940,4,2,3,,,,,
1790035476.2475288,ATTITUDE,,,,,,,,,,,,,,,0.00319869676604867,0.004055317956954241,0.7876179814338684,,
1790035476.2482452,RAW_IMU,,,,,,,,,0,0,-943,4,2,3,,,,,
1790035476.2707505,ATTITUDE,,,,,,,,,,,,,,,0.0032324278727173805,0.004032515920698643,0.787618100643158,,
1790035476.2713594,RAW_IMU,,,,,,,,,0,0,-946,5,2,3,,,,,
1790035476.2889624,ATTITUDE,,,,,,,,,,,,,,,0.00324392132461071,0.0039969575591385365,0.787610650062561,,
1790035476.2896416,RAW_IMU,,,,,,,,,0,0,-950,4,2,3,,,,,
1790035476.307448,ATTITUDE,,,,,,,,,,,,,,,0.003265030449256301,0.003962978720664978,0.7876054048538208,,
1790035476.3081324,RAW_IMU,,,,,,,,,0,0,-953,4,1,3,,,,,
1790035476.3085546,GLOBAL_POSITION_INT,-35.362869,149.1657183,593.66,9.853,-0.03,-0.01,0.47,45.12,,,,,,,,,,,
1790035476.309011,GPS_RAW_INT,,,,,,,,,,,,,,,,,,6,10
1790035476.3305879,ATTITUDE,,,,,,,,,,,,,,,0.0032861209474503994,0.003934764768928289,0.787601888179779,,
1790035476.3314104,RAW_IMU,,,,,,,,,0,0,-956,5,2,3,,,,,
1790035476.3481867,ATTITUDE,,,,,,,,,,,,,,,0.003280959092080593,0.0038983707781881094,0.7875989675521851,,
1790035476.3486362,RAW_IMU,,,,,,,,,0,0,-959,3,1,3,,,,,
1790035476.3712735,ATTITUDE,,,,,,,,,,,,,,,0.0033192012924700975,0.003879907540977001,0.787594735622406,,
1790035476.3728297,RAW_IMU,,,,,,,,,0,0,-962,5,2,3,,,,,
1790035476.3899875,ATTITUDE,,,,,,,,,,,,,,,0.003321691183373332,0.003831516718491912,0.7875945568084717,,
1790035476.3901603,RAW_IMU,,,,,,,,,0,0,-965,4,1,4,,,,,
1790035476.4068117,ATTITUDE,,,,,,,,,,,,,,,0.0033470888156443834,0.0038115025963634253,0.7875967025756836,,
1790035476.4073727,RAW_IMU,,,,,,,,,0,0,-967,4,2,4,,,,,
1790035476.4078436,GLOBAL_POSITION_INT,-35.362869,149.1657183,593.61,9.805,-0.03,-0.01,0.5,45.12,,,,,,,,,,,
1790035476.4082258,GPS_RAW_INT,,,,,,,,,,,,,,,,,,6,10
1790035476.4300494,ATTITUDE,,,,,,,,,,,,,,,0.0033665033988654613,0.003789405105635524,0.7876020669937134,,
1790035476.430902,RAW_IMU,,,,,,,,,0,0,-970,5,3,4,,,,,
1790035476.4475121,ATTITUDE,,,,,,,,,,,,,,,0.003351719118654728,0.0037239447701722383,0.7876061201095581,,
1790035476.4483032,RAW_IMU,,,,,,,,,0,0,-972,3,0,4,,,,,
1790035476.4711092,ATTITUDE,,,,,,,,,,,,,,,0.003384938696399331,0.0037227035500109196,0.7876079678535461,,
1790035476.4714553,RAW_IMU,,,,,,,,,0,0,-975,5,3,3,,,,,
1790035476.4890466,ATTITUDE,,,,,,,,,,,,,,,0.0033907184842973948,0.003673071973025799,0.7876018285751343,,
1790035476.490096,RAW_IMU,,,,,,,,,0,0,-977,4,2,4,,,,,
1790035476.5064197,ATTITUDE,,,,,,,,,,,,,,,0.0033514334354549646,0.00358191947452724,0.7875972390174866,,
1790035476.5070963,RAW_IMU,,,,,,,,,0,0,-979,1,-1,3,,,,,
1790035476.5074768,GLOBAL_POSITION_INT,-35.362869,149.1657183,593.56,9.754,-0.03,-0.01,0.53,45.12,,,,,,,,,,,
1790035476.5078025,GPS_RAW_INT,,,,,,,,,,,,,,,,,,6,10
1790035476.5295267,ATTITUDE,,,,,,,,,,,,,,,0.0033871398773044348,0.003584418212994933,0.7875936031341553,,
1790035476.5299032,RAW_IMU,,,,,,,,,0,0,-981,5,3,3,,,,,
1790035476.547167,ATTITUDE,,,,,,,,,,,,,,,0.003409783821552992,0.0035683519672602415,0.7875900864601135,,
1790035476.5477128,RAW_IMU,,,,,,,,,0,0,-983,5,3,3,,,,,
1790035476.570332,ATTITUDE,,,,,,,,,,,,,,,0.003375544212758541,0.003519939025864005,0.7875839471817017,,
1790035476.5707474,RAW_IMU,,,,,,,,,0,0,-984,2,1,3,,,,,
1790035476.5879147,ATTITUDE,,,,,,,,,,,,,,,0.003382885828614235,0.0034946727100759745,0.7875813841819763,,
1790035476.588336,RAW_IMU,,,,,,,,,0,0,-986,3,2,3,,,,,
1790035476.6111815,ATTITUDE,,,,,,,,,,,,,,,0.003418396692723036,0.003422776237130165,0.7875806093215942,,
1790035476.6121058,RAW_IMU,,,,,,,,,0,0,-988,5,0,3,,,,,
1790035476.6123796,GLOBAL_POSITION_INT,-35.362869,149.1657182,593.51,9.701,-0.03,-0.01,0.54,45.12,,,,,,,,,,,
1790035476.612791,GPS_RAW_INT,,,,,,,,,,,,,,,,,,6,10
1790035476.6290636,ATTITUDE,,,,,,,,,,,,,,,0.0034444318152964115,0.0033719390630722046,0.7875829935073853,,
1790035476.6295812,RAW_IMU,,,,,,,,,0,0,-989,5,0,3,,,,,
1790035476.6473265,ATTITUDE,,,,,,,,,,,,,,,0.003440580330789089,0.003378341905772686,0.7875856757164001,,
1790035476.6478236,RAW_IMU,,,,,,,,,0,0,-992,3,3,3,,,,,
1790035476.6702125,ATTITUDE,,,,,,,,,,,,,,,0.0034389314241707325,0.003378924448043108,0.7875866889953613,,
1790035476.6704762,RAW_IMU,,,,,,,,,0,0,-992,3,3,3,,,,,
1790035476.6878576,ATTITUDE,,,,,,,,,,,,,,,0.0034322114661335945,0.0032996232621371746,0.7875776290893555,,
1790035476.6880639,RAW_IMU,,,,,,,,,0,0,-994,3,0,3,,,,,
1790035476.7112007,ATTITUDE,,,,,,,,,,,,,,,0.0034265657886862755,0.003209618851542473,0.7875725030899048,,
1790035476.711433,RAW_IMU,,,,,,,,,0,0,-995,3,0,3,,,,,
1790035476.7120433,GLOBAL_POSITION_INT,-35.362869,149.1657182,593.45,9.646,-0.03,-0.01,0.55,45.12,,,,,,,,,,,
1790035476.7123513,GPS_RAW_INT,,,,,,,,,,,,,,,,,,6,10
1790035476.7286718,ATTITUDE,,,,,,,,,,,,,,,0.003434718819335103,0.0031447813380509615,0.7875692248344421,,
1790035476.729033,RAW_IMU,,,,,,,,,0,0,-996,4,0,3,,,,,
1790035476.7518153,ATTITUDE,,,,,,,,,,,,,,,0.003465629881247878,0.0031385209877043962,0.7875649333000183,,
1790035476.7524135,RAW_IMU,,,,,,,,,0,0,-998,5,3,3,,,,,
1790035476.7694948,ATTITUDE,,,,,,,,,,,,,,,0.0034957188181579113,0.0031320161651819944,0.7875598073005676,,
1790035476.7700527,RAW_IMU,,,,,,,,,0,0,-998,5,3,3,,,,,
1790035476.7870803,ATTITUDE,,,,,,,,,,,,,,,0.0035005321260541677,0.00311642955057323,0.7875574827194214,,
1790035476.787597,RAW_IMU,,,,,,,,,0,0,-999,4,3,3,,,,,
1790035476.8102357,ATTITUDE,,,,,,,,,,,,,,,0.0034757298417389393,0.003057676600292325,0.7875583171844482,,
1790035476.810903,RAW_IMU,,,,,,,,,0,0,-1001,2,0,3,,,,,
1790035476.8112297,GLOBAL_POSITION_INT,-35.362869,149.1657182,593.4,9.591,-0.03,-0.01,0.55,45.12,,,,,,,,,,,
1790035476.8115447,GPS_RAW_INT,,,,,,,,,,,,,,,,,,6,10
1790035476.8278701,ATTITUDE,,,,,,,,,,,,,,,0.0034518754109740257,0.0030020351987332106,0.7875627279281616,,
1790035476.8282495,RAW_IMU,,,,,,,,,0,0,-1002,2,0,4,,,,,
1790035476.851036,ATTITUDE,,,,,,,,,,,,,,,0.003429525066167116,0.0029488529544323683,0.7875666618347168,,
1790035476.8514714,RAW_IMU,,,,,,,,,0,0,-1002,2,0,4,,,,,
1790035476.8687496,ATTITUDE,,,,,,,,,,,,,,,0.003446818795055151,0.002916961908340454,0.7875697016716003,,
1790035476.8692522,RAW_IMU,,,,,,,,,0,0,-1003,4,1,4,,,,,
1790035476.8917754,ATTITUDE,,,,,,,,,,,,,,,0.0034765172749757767,0.0029009366407990456,0.7875634431838989,,
1790035476.8921523,RAW_IMU,,,,,,,,,0,0,-1005,5,3,4,,,,,
1790035476.9093552,ATTITUDE,,,,,,,,,,,,,,,0.0035048413556069136,0.002886606613174081,0.787561297416687,,
1790035476.9100063,RAW_IMU,,,,,,,,,0,0,-1005,5,3,4,,,,,
1790035476.9102294,GLOBAL_POSITION_INT,-35.362869,149.1657182,593.34,9.535,-0.03,-0.01,0.55,45.12,,,,,,,,,,,
1790035476.9106493,GPS_RAW_INT,,,,,,,,,,,,,,,,,,6,10
1790035476.9270904,ATTITUDE,,,,,,,,,,,,,,,0.0035335023421794176,0.002872815355658531,0.7875593900680542,,
1790035476.9274018,RAW_IMU,,,,,,,,,0,0,-1005,5,3,4,,,,,
1790035476.950089,ATTITUDE,,,,,,,,,,,,,,,0.0035601728595793247,0.002861791756004095,0.7875580787658691,,
1790035476.9505687,RAW_IMU,,,,,,,,,0,0,-1005,5,3,4,,,,,
1790035476.9678667,ATTITUDE,,,,,,,,,,,,,,,0.0035431156866252422,0.002831988735124469,0.7875542640686035,,
1790035476.9684453,RAW_IMU,,,,,,,,,0,0,-1006,3,2,4,,,,,
1790035476.9909005,ATTITUDE,,,,,,,,,,,,,,,0.0035800740588456392,0.0028004262130707502,0.7875546813011169,,
1790035476.991348,RAW_IMU,,,,,,,,,0,0,-1007,5,1,4,,,,,
1790035477.0085895,ATTITUDE,,,,,,,,,,,,,,,0.0036249361000955105,0.0027936678379774094,0.7875584959983826,,
1790035477.0090125,RAW_IMU,,,,,,,,,0,0,-1007,6,3,4,,,,,
1790035477.0091367,GLOBAL_POSITION_INT,-35.362869,149.1657182,593.29,9.48,-0.03,-0.01,0.55,45.12,,,,,,,,,,,
1790035477.0096254,GPS_RAW_INT,,,,,,,,,,,,,,,,,,6,10
1790035477.0317743,ATTITUDE,,,,,,,,,,,,,,,0.0036690332926809788,0.0027502921875566244,0.787566065788269,,
1790035477.032216,RAW_IMU,,,,,,,,,0,0,-1008,6,1,4,,,,,
1790035477.0493286,ATTITUDE,,,,,,,,,,,,,,,0.003711933037266135,0.002708208514377475,0.7875735759735107,,
1790035477.049953,RAW_IMU,,,,,,,,,0,0,-1008,5,1,4,,,,,
1790035477.066929,ATTITUDE,,,,,,,,,,,,,,,0.0037520858459174633,0.0026676547713577747,0.7875770926475525,,
1790035477.0675364,RAW_IMU,,,,,,,,,0,0,-1008,5,1,4,,,,,
1790035477.0901148,ATTITUDE,,,,,,,,,,,,,,,0.0037874714471399784,0.0026261836756020784,0.7875728011131287,,
1790035477.0906682,RAW_IMU,,,,,,,,,0,0,-1008,5,1,4,,,,,
1790035477.1077485,ATTITUDE,,,,,,,,,,,,,,,0.003820303827524185,0.002586212009191513,0.7875712513923645,,
1790035477.108567,RAW_IMU,,,,,,,,,0,0,-1008,5,1,4,,,,,
1790035477.108852,GLOBAL_POSITION_INT,-35.3628691,149.1657181,593.23,9.425,-0.03,-0.01,0.54,45.12,,,,,,,,,,,
1790035477.1092165,GPS_RAW_INT,,,,,,,,,,,,,,,,,,6,10
1790035477.1314034,ATTITUDE,,,,,,,,,,,,,,,0.00378403184004128,0.00254836562089622,0.7875716090202332,,
1790035477.1319776,RAW_IMU,,,,,,,,,0,0,-1008,2,1,4,,,,,
1790035477.1511824,ATTITUDE,,,,,,,,,,,,,,,0.003808858571574092,0.0025076528545469046,0.7875756025314331,,
1790035477.1524372,RAW_IMU,,,,,,,,,0,0,-1008,4,1,4,,,,,
1790035477.1709342,ATTITUDE,,,,,,,,,,,,,,,0.003745052497833967,0.0024761881213635206,0.7875768542289734,,
1790035477.1725564,RAW_IMU,,,,,,,,,0,0,-1009,1,1,4,,,,,
1790035477.1909068,ATTITUDE,,,,,,,,,,,,,,,0.003748933784663677,0.002428761450573802,0.7875816822052002,,
1790035477.1919355,RAW_IMU,,,,,,,,,0,0,-1009,3,1,4,,,,,
1790035477.2108433,ATTITUDE,,,,,,,,,,,,,,,0.003686528420075774,0.0024132526014000177,0.7875884175300598,,
1790035477.2118802,RAW_IMU,,,,,,,,,0,0,-1010,1,2,4,,,,,
1790035477.2132912,GLOBAL_POSITION_INT,-35.3628691,149.1657181,593.18,9.371,-0.03,-0.01,0.53,45.12,,,,,,,,,,,
1790035477.2141254,GPS_RAW_INT,,,,,,,,,,,,,,,,,,6,10
1790035477.2381968,ATTITUDE,,,,,,,,,,,,,,,0.0036664658691734076,0.002366655971854925,0.7875972390174866,,
1790035477.2391958,RAW_IMU,,,,,,,,,0,0,-1009,2,1,4,,,,,
1790035477.2516477,ATTITUDE,,,,,,,,,,,,,,,0.0035981524270027876,0.0023412725422531366,0.787606418132782,,
1790035477.2527337,RAW_IMU,,,,,,,,,0,0,-1009,1,1,4,,,,,
1790035477.2707138,ATTITUDE,,,,,,,,,,,,,,,0.0035644692834466696,0.00231585162691772,0.7876126766204834,,
1790035477.2722838,RAW_IMU,,,,,,,,,0,0,-1009,1,2,4,,,,,
1790035477.2905908,ATTITUDE,,,,,,,,,,,,,,,0.0034971225541085005,0.0022554155439138412,0.7876104116439819,,
1790035477.2911544,RAW_IMU,,,,,,,,,0,0,-1009,1,0,4,,,,,
1790035477.3086224,ATTITUDE,,,,,,,,,,,,,,,0.0034508330281823874,0.002240703674033284,0.7876093983650208,,
1790035477.3092964,RAW_IMU,,,,,,,,,0,0,-1009,1,3,4,,,,,
1790035477.3097079,GLOBAL_POSITION_INT,-35.3628691,149.1657181,593.12,9.318,-0.03,-0.01,0.52,45.12,,,,,,,,,,,
1790035477.309996,GPS_RAW_INT,,,,,,,,,,,,,,,,,,6,10
1790035477.3316944,ATTITUDE,,,,,,,,,,,,,,,0.0034050901886075735,0.002183860167860985,0.7876098155975342,,
1790035477.332268,RAW_IMU,,,,,,,,,0,0,-1009,2,0,4,,,,,
1790035477.349407,ATTITUDE,,,,,,,,,,,,,,,0.003362060524523258,0.0021878115367144346,0.7876113057136536,,
1790035477.3499362,RAW_IMU,,,,,,,,,0,0,-1009,1,4,4,,,,,
1790035477.3668568,ATTITUDE,,,,,,,,,,,,,,,0.0033199407625943422,0.0021248783450573683,0.7876099348068237,,
1790035477.3673701,RAW_IMU,,,,,,,,,0,0,-1009,2,0,4,,,,,
1790035477.3899636,ATTITUDE,,,,,,,,,,,,,,,0.00328067340888083,0.0021399259567260742,0.7876098155975342,,
1790035477.3906546,RAW_IMU,,,,,,,,,0,0,-1009,1,4,4,,,,,
1790035477.4080105,ATTITUDE,,,,,,,,,,,,,,,0.0032787614036351442,0.002087031025439501,0.7876119613647461,,
1790035477.4084709,RAW_IMU,,,,,,,,,0,0,-1008,4,1,4,,,,,
1790035477.4089327,GLOBAL_POSITION_INT,-35.3628691,149.1657181,593.07,9.265,-0.03,-0.01,0.51,45.12,,,,,,,,,,,
1790035477.4096165,GPS_RAW_INT,,,,,,,,,,,,,,,,,,6,10
1790035477.4309442,ATTITUDE,,,,,,,,,,,,,,,0.0032156133092939854,0.0021259745117276907,0.7876172065734863,,
1790035477.4313822,RAW_IMU,,,,,,,,,0,0,-1008,0,5,4,,,,,
1790035477.4489856,ATTITUDE,,,,,,,,,,,,,,,0.0032336129806935787,0.0020757638849318027,0.7876218557357788,,
1790035477.4493883,RAW_IMU,,,,,,,,,0,0,-1008,4,1,4,,,,,
1790035477.473443,ATTITUDE,,,,,,,,,,,,,,,0.0031591500155627728,0.0020963384304195642,0.7876248359680176,,
1790035477.4747834,RAW_IMU,,,,,,,,,0,0,-1008,0,4,4,,,,,
1790035477.489477,ATTITUDE,,,,,,,,,,,,,,,0.0031507564708590508,0.002056497149169445,0.7876176834106445,,
1790035477.4902308,RAW_IMU,,,,,,,,,0,0,-1007,3,2,4,,,,,
1790035477.5068972,ATTITUDE,,,,,,,,,,,,,,,0.0031087002716958523,0.0020476707722991705,0.7876125574111938,,
1790035477.5071957,RAW_IMU,,,,,,,,,0,0,-1007,2,3,4,,,,,
1790035477.507493,GLOBAL_POSITION_INT,-35.3628691,149.1657181,593.02,9.213,-0.03,0.0,0.51,45.12,,,,,,,,,,,
1790035477.5080328,GPS_RAW_INT,,,,,,,,,,,,,,,,,,6,10
1790035477.5301259,ATTITUDE,,,,,,,,,,,,,,,0.0030577308498322964,0.002066276269033551,0.7876105904579163,,
1790035477.5305579,RAW_IMU,,,,,,,,,0,0,-1006,1,4,4,,,,,
1790035477.5475178,ATTITUDE,,,,,,,,,,,,,,,0.00300981174223125,0.00208490202203393,0.7876068949699402,,
1790035477.5479016,RAW_IMU,,,,,,,,,0,0,-1007,1,4,3,,,,,
1790035477.5707607,ATTITUDE,,,,,,,,,,,,,,,0.002962719649076462,0.0021034455858170986,0.7876017689704895,,
1790035477.5710642,RAW_IMU,,,,,,,,,0,0,-1007,1,4,4,,,,,
1790035477.5885158,ATTITUDE,,,,,,,,,,,,,,,0.002917153062298894,0.0021208436228334904,0.7875987887382507,,
1790035477.5889735,RAW_IMU,,,,,,,,,0,0,-1007,1,4,4,,,,,
1790035477.612168,ATTITUDE,,,,,,,,,,,,,,,0.002876078709959984,0.0021376803051680326,0.7875984907150269,,
1790035477.6126235,RAW_IMU,,,,,,,,,0,0,-1007,1,4,3,,,,,
1790035477.6129575,GLOBAL_POSITION_INT,-35.3628691,149.1657181,592.97,9.162,-0.03,0.0,0.5,45.12,,,,,,,,,,,
1790035477.6134818,GPS_RAW_INT,,,,,,,,,,,,,,,,,,6,10
1790035477.6304445,ATTITUDE,,,,,,,,,,,,,,,0.0028369268402457237,0.0021560119930654764,0.7876005172729492,,
1790035477.6309135,RAW_IMU,,,,,,,,,0,0,-1006,1,4,3,,,,,
1790035477.6485345,ATTITUDE,,,,,,,,,,,,,,,0.002800459275022149,0.0021740382071584463,0.7876020669937134,,
1790035477.6491327,RAW_IMU,,,,,,,,,0,0,-1006,1,4,3,,,,,
1790035477.671632,ATTITUDE,,,,,,,,,,,,,,,0.0027637199964374304,0.0021907049231231213,0.7876023650169373,,
1790035477.67203,RAW_IMU,,,,,,,,,0,0,-1006,1,4,3,,,,,
1790035477.6890771,ATTITUDE,,,,,,,,,,,,,,,0.0027241904754191637,0.002202699426561594,0.7875955700874329,,
1790035477.6897216,RAW_IMU,,,,,,,,,0,0,-1006,2,4,4,,,,,
1790035477.706867,ATTITUDE,,,,,,,,,,,,,,,0.0026875908952206373,0.0022147411946207285,0.7875891327857971,,
1790035477.707603,RAW_IMU,,,,,,,,,0,0,-1006,2,4,3,,,,,
1790035477.7079334,GLOBAL_POSITION_INT,-35.3628691,149.1657181,592.92,9.111,-0.03,0.0,0.5,45.12,,,,,,,,,,,
1790035477.7082841,GPS_RAW_INT,,,,,,,,,,,,,,,,,,6,10
1790035477.727864,ATTITUDE,,,,,,,,,,,,,,,0.0026539266109466553,0.0022279350087046623,0.7875857353210449,,
1790035477.7283237,RAW_IMU,,,,,,,,,0,0,-1006,2,4,3,,,,,
1790035477.7503006,ATTITUDE,,,,,,,,,,,,,,,0.0026592514477670193,0.0022405937779694796,0.7875815629959106,,
1790035477.7510724,RAW_IMU,,,,,,,,,0,0,-1006,4,4,3,,,,,
1790035477.767878,ATTITUDE,,,,,,,,,,,,,,,0.0026448483113199472,0.0022669904865324497,0.7875753045082092,,
1790035477.7684665,RAW_IMU,,,,,,,,,0,0,-1005,3,5,3,,,,,
1790035477.790957,ATTITUDE,,,,,,,,,,,,,,,0.0026941916439682245,0.0022842055186629295,0.787573516368866,,
1790035477.7915492,RAW_IMU,,,,,,,,,0,0,-1004,6,4,4,,,,,
1790035477.809271,ATTITUDE,,,,,,,,,,,,,,,0.002671354915946722,0.0023272221442312002,0.7875744700431824,,
1790035477.8099709,RAW_IMU,,,,,,,,,0,0,-1004,2,6,3,,,,,
1790035477.8108263,GLOBAL_POSITION_INT,-35.3628691,149.1657181,592.87,9.061,-0.03,0.0,0.49,45.12,,,,,,,,,,,
1790035477.8113513,GPS_RAW_INT,,,,,,,,,,,,,,,,,,6,10
1790035477.8267481,ATTITUDE,,,,,,,,,,,,,,,0.0027331188321113586,0.002341921441257,0.7875770926475525,,
1790035477.8275173,RAW_IMU,,,,,,,,,0,0,-1005,6,4,3,,,,,
1790035477.8499098,ATTITUDE,,,,,,,,,,,,,,,0.002719150623306632,0.0023869993165135384,0.7875813841819763,,
1790035477.8503306,RAW_IMU,,,,,,,,,0,0,-1004,3,6,4,,,,,
1790035477.8675354,ATTITUDE,,,,,,,,,,,,,,,0.002779289847239852,0.002369159599766135,0.7875832319259644,,
1790035477.868192,RAW_IMU,,,,,,,,,0,0,-1004,6,2,4,,,,,
1790035477.8906453,ATTITUDE,,,,,,,,,,,,,,,0.0027622522320598364,0.0023942869156599045,0.7875788807868958,,
1790035477.8912125,RAW_IMU,,,,,,,,,0,0,-1003,3,4,4,,,,,
1790035477.9082303,ATTITUDE,,,,,,,,,,,,,,,0.0027672522701323032,0.002418539486825466,0.7875779867172241,,
1790035477.9084885,RAW_IMU,,,,,,,,,0,0,-1003,3,5,4,,,,,
1790035477.9090436,GLOBAL_POSITION_INT,-35.3628691,149.1657181,592.82,9.011,-0.03,0.0,0.49,45.12,,,,,,,,,,,
1790035477.9095087,GPS_RAW_INT,,,,,,,,,,,,,,,,,,6,10
1790035477.9315712,ATTITUDE,,,,,,,,,,,,,,,0.0028032613918185234,0.00244105514138937,0.7875797152519226,,
1790035477.932003,RAW_IMU,,,,,,,,,0,0,-1003,5,4,4,,,,,
1790035477.9490316,ATTITUDE,,,,,,,,,,,,,,,0.0028368805069476366,0.0024648255202919245,0.7875814437866211,,
1790035477.9495203,RAW_IMU,,,,,,,,,0,0,-1003,5,5,4,,,,,
1790035477.9744492,ATTITUDE,,,,,,,,,,,,,,,0.0028703499119728804,0.002487447112798691,0.7875805497169495,,
1790035477.9747663,RAW_IMU,,,,,,,,,0,0,-1003,5,4,4,,,,,
1790035477.9898186,ATTITUDE,,,,,,,,,,,,,,,0.002903108950704336,0.0025106752291321754,0.7875829339027405,,
1790035477.9902387,RAW_IMU,,,,,,,,,0,0,-1003,5,4,4,,,,,
1790035478.0075147,ATTITUDE,,,,,,,,,,,,,,,0.0029368482064455748,0.002532729646191001,0.7875869274139404,,
1790035478.0080225,RAW_IMU,,,,,,,,,0,0,-1003,5,4,4,,,,,
1790035478.0084317,GLOBAL_POSITION_INT,-35.3628691,149.1657181,592.77,8.961,-0.03,0.0,0.49,45.12,,,,,,,,,,,
1790035478.008749,GPS_RAW_INT,,,,,,,,,,,,,,,,,,6,10
1790035478.0309072,ATTITUDE,,,,,,,,,,,,,,,0.002968796528875828,0.0025545277167111635,0.7875922322273254,,
1790035478.0314662,RAW_IMU,,,,,,,,,0,0,-1003,5,4,4,,,,,
1790035478.0483382,ATTITUDE,,,,,,,,,,,,,,,0.0030000710394233465,0.002577090635895729,0.7875989675521851,,
1790035478.0486703,RAW_IMU,,,,,,,,,0,0,-1003,5,4,4,,,,,
1790035478.07146,ATTITUDE,,,,,,,,,,,,,,,0.003028655657544732,0.002598399994894862,0.787603497505188,,
1790035478.0719175,RAW_IMU,,,,,,,,,0,0,-1003,5,4,4,,,,,
1790035478.0890155,ATTITUDE,,,,,,,,,,,,,,,0.0030371020548045635,0.002613410819321871,0.7875995635986328,,
1790035478.089488,RAW_IMU,,,,,,,,,0,0,-1003,4,4,4,,,,,
1790035478.1066647,ATTITUDE,,,,,,,,,,,,,,,0.002979724435135722,0.002584851812571287,0.7875968217849731,,
1790035478.1071706,RAW_IMU,,,,,,,,,0,0,-1002,1,2,4,,,,,
1790035478.1075866,GLOBAL_POSITION_INT,-35.3628692,149.1657181,592.72,8.912,-0.03,0.0,0.48,45.12,,,,,,,,,,,
1790035478.1081762,GPS_RAW_INT,,,,,,,,,,,,,,,,,,6,10
1790035478.1302075,ATTITUDE,,,,,,,,,,,,,,,0.0029622286092489958,0.002587938215583563,0.787595272064209,,
1790035478.1306825,RAW_IMU,,,,,,,,,0,0,-1002,2,3,4,,,,,
1790035478.1475654,ATTITUDE,,,,,,,,,,,,,,,0.0028747126925736666,0.0025531568098813295,0.7875943779945374,,
1790035478.14805,RAW_IMU,,,,,,,,,0,0,-1001,0,2,4,,,,,
1790035478.170572,ATTITUDE,,,,,,,,,,,,,,,0.002868690760806203,0.002555080922320485,0.7875919342041016,,
1790035478.171596,RAW_IMU,,,,,,,,,0,0,-1001,3,4,4,,,,,
1790035478.1883278,ATTITUDE,,,,,,,,,,,,,,,0.0027734118048101664,0.0025175809860229492,0.7875893115997314,,
1790035478.1888068,RAW_IMU,,,,,,,,,0,0,-1001,0,1,3,,,,,
1790035478.2113469,ATTITUDE,,,,,,,,,,,,,,,0.0027698164340108633,0.002537683118134737,0.7875910401344299,,
1790035478.2118824,RAW_IMU,,,,,,,,,0,0,-1001,3,4,3,,,,,
1790035478.2123468,GLOBAL_POSITION_INT,-35.3628692,149.1657181,592.67,8.863,-0.03,0.0,0.48,45.12,,,,,,,,,,,
1790035478.2127757,GPS_RAW_INT,,,,,,,,,,,,,,,,,,6,10
1790035478.2290287,ATTITUDE,,,,,,,,,,,,,,,0.0026913927868008614,0.002493938198313117,0.7875964641571045,,
1790035478.2295547,RAW_IMU,,,,,,,,,0,0,-1001,0,1,4,,,,,
1790035478.2467012,ATTITUDE,,,,,,,,,,,,,,,0.0026632570661604404,0.002523798495531082,0.7876022458076477,,
1790035478.247362,RAW_IMU,,,,,,,,,0,0,-1001,1,5,4,,,,,
1790035478.2698746,ATTITUDE,,,,,,,,,,,,,,,0.0025764075107872486,0.002476258436217904,0.787604033946991,,
1790035478.2702506,RAW_IMU,,,,,,,,,0,0,-1001,0,1,4,,,,,
1790035478.2874093,ATTITUDE,,,,,,,,,,,,,,,0.0025075175799429417,0.002500541741028428,0.7875989079475403,,
1790035478.2876923,RAW_IMU,,,,,,,,,0,0,-1001,0,4,4,,,,,
1790035478.3108656,ATTITUDE,,,,,,,,,,,,,,,0.0024410535115748644,0.0024429846089333296,0.7875965237617493,,
1790035478.311072,RAW_IMU,,,,,,,,,0,0,-1001,1,1,4,,,,,
1790035478.3114154,GLOBAL_POSITION_INT,-35.3628692,149.165718,592.62,8.813,-0.03,0.0,0.48,45.12,,,,,,,,,,,
1790035478.3116424,GPS_RAW_INT,,,,,,,,,,,,,,,,,,6,10
1790035478.3283958,ATTITUDE,,,,,,,,,,,,,,,0.002365277148783207,0.002455379581078887,0.7875964045524597,,
1790035478.3289797,RAW_IMU,,,,,,,,,0,0,-1001,0,3,4,,,,,
1790035478.3512714,ATTITUDE,,,,,,,,,,,,,,,0.0023246994242072105,0.002440001117065549,0.7875968813896179,,
1790035478.351982,RAW_IMU,,,,,,,,,0,0,-1000,2,3,4,,,,,
1790035478.3688886,ATTITUDE,,,,,,,,,,,,,,,0.0022506050299853086,0.0024313628673553467,0.7875955700874329,,
1790035478.3691726,RAW_IMU,,,,,,,,,0,0,-1000,0,3,4,,,,,
1790035478.3866193,ATTITUDE,,,,,,,,,,,,,,,0.0022136159241199493,0.0024366574361920357,0.7875953912734985,,
1790035478.3870327,RAW_IMU,,,,,,,,,0,0,-1000,1,4,4,,,,,
1790035478.4097219,ATTITUDE,,,,,,,,,,,,,,,0.0021798762027174234,0.0024427894968539476,0.7875994443893433,,
1790035478.4101403,RAW_IMU,,,,,,,,,0,0,-1000,2,4,4,,,,,
1790035478.4107912,GLOBAL_POSITION_INT,-35.3628692,149.165718,592.57,8.764,-0.03,0.0,0.48,45.12,,,,,,,,,,,
1790035478.4111285,GPS_RAW_INT,,,,,,,,,,,,,,,,,,6,10
1790035478.4275706,ATTITUDE,,,,,,,,,,,,,,,0.002148066181689501,0.0024505353067070246,0.7876037955284119,,
1790035478.4278698,RAW_IMU,,,,,,,,,0,0,-1000,2,4,4,,,,,
1790035478.450493,ATTITUDE,,,,,,,,,,,,,,,0.002118003787472844,0.0024576953146606684,0.7876125574111938,,
1790035478.4511275,RAW_IMU,,,,,,,,,0,0,-1000,2,4,4,,,,,
1790035478.4745314,ATTITUDE,,,,,,,,,,,,,,,0.002074126387014985,0.0024639724288135767,0.7876157760620117,,
1790035478.475075,RAW_IMU,,,,,,,,,0,0,-1000,1,4,4,,,,,
1790035478.4911513,ATTITUDE,,,,,,,,,,,,,,,0.002058131154626608,0.0024663868825882673,0.787614107131958,,
1790035478.491688,RAW_IMU,,,,,,,,,0,0,-1001,3,4,4,,,,,
1790035478.5088181,ATTITUDE,,,,,,,,,,,,,,,0.002003269735723734,0.0024783574044704437,0.787615954875946,,
1790035478.5095468,RAW_IMU,,,,,,,,,0,0,-1001,1,4,4,,,,,
1790035478.509888,GLOBAL_POSITION_INT,-35.3628692,149.165718,592.52,8.714,-0.03,0.0,0.48,45.12,,,,,,,,,,,
1790035478.510173,GPS_RAW_INT,,,,,,,,,,,,,,,,,,6,10
1790035478.5267878,ATTITUDE,,,,,,,,,,,,,,,0.0020003749523311853,0.0024811967741698027,0.7876219749450684,,
1790035478.5273914,RAW_IMU,,,,,,,,,0,0,-1001,3,4,4,,,,,
1790035478.5496655,ATTITUDE,,,,,,,,,,,,,,,0.0019366933265700936,0.0024726896081119776,0.7876309752464294,,
1790035478.5501616,RAW_IMU,,,,,,,,,0,0,-1000,0,3,4,,,,,
1790035478.5673456,ATTITUDE,,,,,,,,,,,,,,,0.001953359227627516,0.002476014895364642,0.7876386046409607,,
1790035478.5678399,RAW_IMU,,,,,,,,,0,0,-1000,4,3,4,,,,,
1790035478.5904338,ATTITUDE,,,,,,,,,,,,,,,0.0018961939495056868,0.0024802524130791426,0.7876483201980591,,
1790035478.5908122,RAW_IMU,,,,,,,,,0,0,-1000,1,4,4,,,,,
1790035478.6083417,ATTITUDE,,,,,,,,,,,,,,,0.0019102062797173858,0.0024857192765921354,0.7876643538475037,,
1790035478.6089838,RAW_IMU,,,,,,,,,0,0,-1000,3,4,4,,,,,
1790035478.6093466,GLOBAL_POSITION_INT,-35.3628692,149.165718,592.47,8.665,-0.02,0.0,0.48,45.12,,,,,,,,,,,
1790035478.6096156,GPS_RAW_INT,,,,,,,,,,,,,,,,,,6,10
1790035478.6313405,ATTITUDE,,,,,,,,,,,,,,,0.0018977964064106345,0.0024910306092351675,0.7876830697059631,,
1790035478.6317246,RAW_IMU,,,,,,,,,0,0,-1000,3,4,4,,,,,
1790035478.6490483,ATTITUDE,,,,,,,,,,,,,,,0.0018768440932035446,0.0024977033026516438,0.7877036333084106,,
1790035478.6496487,RAW_IMU,,,,,,,,,0,0,-1000,2,4,4,,,,,
1790035478.6664977,ATTITUDE,,,,,,,,,,,,,,,0.0018559724558144808,0.002502183197066188,0.7877170443534851,,
1790035478.6669018,RAW_IMU,,,,,,,,,0,0,-1000,2,3,4,,,,,
1790035478.6897123,ATTITUDE,,,,,,,,,,,,,,,0.0018308735452592373,0.002512573031708598,0.7877227663993835,,
1790035478.6903,RAW_IMU,,,,,,,,,0,0,-1000,2,4,4,,,,,
1790035478.7071977,ATTITUDE,,,,,,,,,,,,,,,0.0018073819810524583,0.0025089154951274395,0.7877289652824402,,
1790035478.7076094,RAW_IMU,,,,,,,,,0,0,-1000,2,4,4,,,,,
1790035478.7078671,GLOBAL_POSITION_INT,-35.3628692,149.165718,592.42,8.615,-0.02,0.0,0.49,45.13,,,,,,,,,,,
1790035478.7081418,GPS_RAW_INT,,,,,,,,,,,,,,,,,,6,10
1790035478.730749,ATTITUDE,,,,,,,,,,,,,,,0.001786057953722775,0.002529081190004945,0.7877333760261536,,
1790035478.7310896,RAW_IMU,,,,,,,,,0,0,-1000,2,4,4,,,,,
1790035478.7482014,ATTITUDE,,,,,,,,,,,,,,,0.001766890287399292,0.0025493325665593147,0.7877370715141296,,
1790035478.7487245,RAW_IMU,,,,,,,,,0,0,-1000,2,5,4,,,,,
1790035478.7711654,ATTITUDE,,,,,,,,,,,,,,,0.0017467130674049258,0.002569847507402301,0.7877355813980103,,
1790035478.7717247,RAW_IMU,,,,,,,,,0,0,-1000,3,4,4,,,,,
1790035478.788869,ATTITUDE,,,,,,,,,,,,,,,0.0017265880014747381,0.0026010642759501934,0.7877322435379028,,
1790035478.789684,RAW_IMU,,,,,,,,,0,0,-1000,2,5,3,,,,,
1790035478.8119538,ATTITUDE,,,,,,,,,,,,,,,0.001710159471258521,0.0026179675478488207,0.7877301573753357,,
1790035478.8125217,RAW_IMU,,,,,,,,,0,0,-1000,3,4,3,,,,,
1790035478.8132129,GLOBAL_POSITION_INT,-35.3628692,149.165718,592.37,8.565,-0.02,0.0,0.49,45.13,,,,,,,,,,,
1790035478.813626,GPS_RAW_INT,,,,,,,,,,,,,,,,,,6,10
1790035478.8298025,ATTITUDE,,,,,,,,,,,,,,,0.0016945099923759699,0.002666545333340764,0.7877280712127686,,
1790035478.8302915,RAW_IMU,,,,,,,,,0,0,-1000,3,6,3,,,,,
1790035478.8472826,ATTITUDE,,,,,,,,,,,,,,,0.0016805267659947276,0.0026594174560159445,0.787728488445282,,
1790035478.8477116,RAW_IMU,,,,,,,,,0,0,-1000,3,3,3,,,,,
1790035478.870407,ATTITUDE,,,,,,,,,,,,,,,0.0016658906824886799,0.0026529142633080482,0.7877240180969238,,
1790035478.870893,RAW_IMU,,,,,,,,,0,0,-1000,3,3,3,,,,,
1790035478.8879685,ATTITUDE,,,,,,,,,,,,,,,0.0016487862449139357,0.0026426182594150305,0.7877129912376404,,
1790035478.888387,RAW_IMU,,,,,,,,,0,0,-1000,3,3,3,,,,,
1790035478.9111605,ATTITUDE,,,,,,,,,,,,,,,0.0016349594807252288,0.002632472198456526,0.7877054214477539,,
1790035478.911688,RAW_IMU,,,,,,,,,0,0,-1000,3,3,3,,,,,
1790035478.9119065,GLOBAL_POSITION_INT,-35.3628692,149.165718,592.32,8.516,-0.02,0.0,0.49,45.13,,,,,,,,,,,
1790035478.9125082,GPS_RAW_INT,,,,,,,,,,,,,,,,,,6,10
1790035478.9289968,ATTITUDE,,,,,,,,,,,,,,,0.001671549049206078,0.002623665379360318,0.787700355052948,,
1790035478.9298053,RAW_IMU,,,,,,,,,0,0,-1000,5,3,3,,,,,
1790035478.9519684,ATTITUDE,,,,,,,,,,,,,,,0.0017112614586949348,0.0026154022198170424,0.7876970767974854,,
1790035478.9525702,RAW_IMU,,,,,,,,,0,0,-1000,6,3,3,,,,,
1790035478.9730582,ATTITUDE,,,,,,,,,,,,,,,0.0017490957397967577,0.0026082638651132584,0.7876917719841003,,
1790035478.9738579,RAW_IMU,,,,,,,,,0,0,-1000,5,3,3,,,,,
1790035478.9871716,ATTITUDE,,,,,,,,,,,,,,,0.001786539563909173,0.0026022049132734537,0.7876866459846497,,
1790035478.9878035,RAW_IMU,,,,,,,,,0,0,-1000,5,3,3,,,,,
1790035479.010311,ATTITUDE,,,,,,,,,,,,,,,0.0018233098089694977,0.0025967531837522984,0.7876860499382019,,
1790035479.0107286,RAW_IMU,,,,,,,,,0,0,-1000,5,3,3,,,,,
1790035479.0110903,GLOBAL_POSITION_INT,-35.3628692,149.165718,592.27,8.466,-0.02,0.0,0.49,45.13,,,,,,,,,,,
1790035479.011727,GPS_RAW_INT,,,,,,,,,,,,,,,,,,6,10
1790035479.0281203,ATTITUDE,,,,,,,,,,,,,,,0.001858638832345605,0.0025922460481524467,0.7876859307289124,,
1790035479.0285616,RAW_IMU,,,,,,,,,0,0,-1000,5,3,3,,,,,
1790035479.051217,ATTITUDE,,,,,,,,,,,,,,,0.0019073464209213853,0.002589493989944458,0.7876900434494019,,
1790035479.0518103,RAW_IMU,,,,,,,,,0,0,-1000,6,3,3,,,,,
1790035479.069006,ATTITUDE,,,,,,,,,,,,,,,0.001977612031623721,0.002585659734904766,0.7876887917518616,,
1790035479.0695531,RAW_IMU,,,,,,,,,0,0,-1000,7,3,3,,,,,
1790035479.0919042,ATTITUDE,,,,,,,,,,,,,,,0.0020403906237334013,0.002577845472842455,0.787682056427002,,
1790035479.0922775,RAW_IMU,,,,,,,,,0,0,-1000,7,3,3,,,,,
1790035479.1095636,ATTITUDE,,,,,,,,,,,,,,,0.0021013254299759865,0.002570495242252946,0.7876783609390259,,
1790035479.110195,RAW_IMU,,,,,,,,,0,0,-1000,7,3,3,,,,,
1790035479.110588,GLOBAL_POSITION_INT,-35.3628692,149.165718,592.22,8.417,-0.02,0.0,0.49,45.13,,,,,,,,,,,
1790035479.1108758,GPS_RAW_INT,,,,,,,,,,,,,,,,,,6,10
1790035479.1273925,ATTITUDE,,,,,,,,,,,,,,,0.0021625165827572346,0.0025646875146776438,0.7876754403114319,,
1790035479.1277575,RAW_IMU,,,,,,,,,0,0,-1000,7,3,3,,,,,
1790035479.1503787,ATTITUDE,,,,,,,,,,,,,,,0.002220289548859,0.0025604392867535353,0.7876738905906677,,
1790035479.1509328,RAW_IMU,,,,,,,,,0,0,-1000,6,3,3,,,,,
1790035479.1682096,ATTITUDE,,,,,,,,,,,,,,,0.002274923026561737,0.0025789053179323673,0.7876698970794678,,
1790035479.1691563,RAW_IMU,,,,,,,,,0,0,-1000,6,4,3,,,,,
1790035479.1912632,ATTITUDE,,,,,,,,,,,,,,,0.002328109461814165,0.002586947986856103,0.7876662015914917,,
1790035479.1918473,RAW_IMU,,,,,,,,,0,0,-1000,6,4,3,,,,,
1790035479.2087283,ATTITUDE,,,,,,,,,,,,,,,0.002379565965384245,0.0026412487495690584,0.7876628041267395,,
1790035479.2094524,RAW_IMU,,,,,,,,,0,0,-1000,6,6,3,,,,,
1790035479.2098675,GLOBAL_POSITION_INT,-35.3628692,149.165718,592.17,8.367,-0.02,0.0,0.49,45.12,,,,,,,,,,,
1790035479.210265,GPS_RAW_INT,,,,,,,,,,,,,,,,,,6,10
1790035479.2320602,ATTITUDE,,,,,,,,,,,,,,,0.0024316119961440563,0.002631245879456401,0.7876588106155396,,
1790035479.2329385,RAW_IMU,,,,,,,,,0,0,-1000,6,3,3,,,,,
1790035479.249473,ATTITUDE,,,,,,,,,,,,,,,0.0024764765985310078,0.0026853831950575113,0.7876551747322083,,
1790035479.2497725,RAW_IMU,,,,,,,,,0,0,-1001,6,5,3,,,,,
1790035479.2671027,ATTITUDE,,,,,,,,,,,,,,,0.0025338574778288603,0.0026787002570927143,0.7876442670822144,,
1790035479.2677023,RAW_IMU,,,,,,,,,0,0,-1001,6,3,3,,,,,
1790035479.2903295,ATTITUDE,,,,,,,,,,,,,,,0.002543272450566292,0.002712339162826538,0.7876282930374146,,
1790035479.290921,RAW_IMU,,,,,,,,,0,0,-1001,4,5,3,,,,,
1790035479.3079062,ATTITUDE,,,,,,,,,,,,,,,0.002606429159641266,0.002721490105614066,0.7876158952713013,,
1790035479.3086367,RAW_IMU,,,,,,,,,0,0,-1001,6,4,3,,,,,
1790035479.3090465,GLOBAL_POSITION_INT,-35.3628692,149.165718,592.12,8.317,-0.02,0.0,0.49,45.12,,,,,,,,,,,
1790035479.309392,GPS_RAW_INT,,,,,,,,,,,,,,,,,,6,10
1790035479.3312063,ATTITUDE,,,,,,,,,,,,,,,0.002616505604237318,0.002728511579334736,0.7876066565513611,,
1790035479.331671,RAW_IMU,,,,,,,,,0,0,-1001,4,3,3,,,,,
1790035479.348687,ATTITUDE,,,,,,,,,,,,,,,0.0026694494299590588,0.002772909589111805,0.7875995635986328,,
1790035479.3490674,RAW_IMU,,,,,,,,,0,0,-1000,6,6,3,,,,,
1790035479.3717856,ATTITUDE,,,,,,,,,,,,,,,0.0026553755160421133,0.002815370913594961,0.7875913381576538,,
1790035479.3724208,RAW_IMU,,,,,,,,,0,0,-1000,3,6,3,,,,,
1790035479.389787,ATTITUDE,,,,,,,,,,,,,,,0.0027087305206805468,0.0028558874037116766,0.7875865697860718,,
1790035479.3902602,RAW_IMU,,,,,,,,,0,0,-1000,6,5,3,,,,,
1790035479.407203,ATTITUDE,,,,,,,,,,,,,,,0.00269164121709764,0.0028964527882635593,0.7875871062278748,,
1790035479.4076846,RAW_IMU,,,,,,,,,0,0,-1000,3,5,3,,,,,
1790035479.4082167,GLOBAL_POSITION_INT,-35.3628692,149.165718,592.07,8.267,-0.02,0.0,0.49,45.12,,,,,,,,,,,
1790035479.4086435,GPS_RAW_INT,,,,,,,,,,,,,,,,,,6,10
1790035479.4305723,ATTITUDE,,,,,,,,,,,,,,,0.0027376352809369564,0.00293541862629354,0.7875916361808777,,
1790035479.4310887,RAW_IMU,,,,,,,,,0,0,-1000,5,5,3,,,,,
1790035479.447848,ATTITUDE,,,,,,,,,,,,,,,0.002730471780523658,0.0029736009892076254,0.7876015305519104,,
1790035479.4484353,RAW_IMU,,,,,,,,,0,0,-1000,4,5,4,,,,,
1790035479.474406,ATTITUDE,,,,,,,,,,,,,,,0.002755881752818823,0.003010097425431013,0.7876094579696655,,
1790035479.4753056,RAW_IMU,,,,,,,,,0,0,-1000,4,5,4,,,,,
1790035479.4903193,ATTITUDE,,,,,,,,,,,,,,,0.0027436385862529278,0.003029812593013048,0.7876125574111938,,
1790035479.4909947,RAW_IMU,,,,,,,,,0,0,-1001,3,5,4,,,,,
1790035479.5079675,ATTITUDE,,,,,,,,,,,,,,,0.0027500081341713667,0.003004662925377488,0.7876181602478027,,
1790035479.5085466,RAW_IMU,,,,,,,,,0,0,-1000,3,2,4,,,,,
1790035479.5089495,GLOBAL_POSITION_INT,-35.3628692,149.165718,592.02,8.217,-0.02,0.0,0.49,45.12,,,,,,,,,,,
1790035479.5093763,GPS_RAW_INT,,,,,,,,,,,,,,,,,,6,10
1790035479.5312474,ATTITUDE,,,,,,,,,,,,,,,0.002746839076280594,0.002980938646942377,0.7876266241073608,,
1790035479.531796,RAW_IMU,,,,,,,,,0,0,-1000,4,2,4,,,,,
1790035479.5488214,ATTITUDE,,,,,,,,,,,,,,,0.0027326226700097322,0.002958762925118208,0.7876380681991577,,
1790035479.5496123,RAW_IMU,,,,,,,,,0,0,-1000,2,2,4,,,,,
1790035479.5717545,ATTITUDE,,,,,,,,,,,,,,,0.0027449526824057102,0.002937937621027231,0.7876467704772949,,
1790035479.5721836,RAW_IMU,,,,,,,,,0,0,-1000,4,2,4,,,,,
1790035479.589379,ATTITUDE,,,,,,,,,,,,,,,0.002742934739217162,0.002918309299275279,0.7876565456390381,,
1790035479.589881,RAW_IMU,,,,,,,,,0,0,-1000,3,2,4,,,,,
1790035479.6077473,ATTITUDE,,,,,,,,,,,,,,,0.002741853939369321,0.0029019101057201624,0.787668764591217,,
1790035479.6079097,RAW_IMU,,,,,,,,,0,0,-1000,3,2,4,,,,,
1790035479.6080768,GLOBAL_POSITION_INT,-35.3628693,149.165718,591.97,8.167,-0.02,0.0,0.49,45.13,,,,,,,,,,,
1790035479.6085222,GPS_RAW_INT,,,,,,,,,,,,,,,,,,6,10
1790035479.630292,ATTITUDE,,,,,,,,,,,,,,,0.002739886287599802,0.002890347968786955,0.7876818180084229,,
1790035479.6311843,RAW_IMU,,,,,,,,,0,0,-1000,3,3,4,,,,,
1790035479.6479807,ATTITUDE,,,,,,,,,,,,,,,0.0027225238736718893,0.0028631563764065504,0.7876924276351929,,
1790035479.648912,RAW_IMU,,,,,,,,,0,0,-1001,3,2,4,,,,,
1790035479.671238,ATTITUDE,,,,,,,,,,,,,,,0.0027038021944463253,0.0028642648831009865,0.7876949906349182,,
1790035479.672099,RAW_IMU,,,,,,,,,0,0,-1001,2,4,3,,,,,
1790035479.688836,ATTITUDE,,,,,,,,,,,,,,,0.002682979218661785,0.002815393963828683,0.7876888513565063,,
1790035479.689496,RAW_IMU,,,,,,,,,0,0,-1001,2,1,3,,,,,
1790035479.7117932,ATTITUDE,,,,,,,,,,,,,,,0.00266275554895401,0.0028241935651749372,0.7876819968223572,,
1790035479.7126298,RAW_IMU,,,,,,,,,0,0,-1001,2,4,3,,,,,
1790035479.713105,GLOBAL_POSITION_INT,-35.3628693,149.165718,591.92,8.118,-0.02,0.0,0.49,45.13,,,,,,,,,,,
1790035479.7139025,GPS_RAW_INT,,,,,,,,,,,,,,,,,,6,10
1790035479.7304142,ATTITUDE,,,,,,,,,,,,,,,0.0026438904460519552,0.002767349360510707,0.7876734137535095,,
1790035479.731222,RAW_IMU,,,,,,,,,0,0,-1001,3,1,3,,,,,
1790035479.7479105,ATTITUDE,,,,,,,,,,,,,,,0.0026255985721945763,0.0027977300342172384,0.7876637578010559,,
1790035479.7484627,RAW_IMU,,,,,,,,,0,0,-1001,3,5,3,,,,,
1790035479.7709658,ATTITUDE,,,,,,,,,,,,,,,0.0026088827289640903,0.002755793510004878,0.7876497507095337,,
1790035479.771259,RAW_IMU,,,,,,,,,0,0,-1000,3,2,3,,,,,
1790035479.7885602,ATTITUDE,,,,,,,,,,,,,,,0.0025928239338099957,0.0027832025662064552,0.7876365780830383,,
1790035479.7888756,RAW_IMU,,,,,,,,,0,0,-1000,3,4,3,,,,,
1790035479.8116837,ATTITUDE,,,,,,,,,,,,,,,0.002578801941126585,0.002747973194345832,0.7876238226890564,,
1790035479.8119767,RAW_IMU,,,,,,,,,0,0,-1000,3,2,3,,,,,
1790035479.812337,GLOBAL_POSITION_INT,-35.3628693,149.165718,591.87,8.068,-0.02,0.0,0.49,45.12,,,,,,,,,,,
1790035479.8126943,GPS_RAW_INT,,,,,,,,,,,,,,,,,,6,10
1790035479.8294666,ATTITUDE,,,,,,,,,,,,,,,0.002565473783761263,0.002782554365694523,0.787610650062561,,
1790035479.8299465,RAW_IMU,,,,,,,,,0,0,-1000,3,5,3,,,,,
1790035479.846808,ATTITUDE,,,,,,,,,,,,,,,0.0025631189346313477,0.002753622131422162,0.7876001000404358,,
1790035479.8472767,RAW_IMU,,,,,,,,,0,0,-1001,3,2,3,,,,,
1790035479.8700387,ATTITUDE,,,,,,,,,,,,,,,0.0025522077921777964,0.0027617064770311117,0.7875863313674927,,
1790035479.8706944,RAW_IMU,,,,,,,,,0,0,-1001,3,3,3,,,,,
1790035479.887764,ATTITUDE,,,,,,,,,,,,,,,0.002553340047597885,0.002782889874652028,0.7875708341598511,,
1790035479.8881035,RAW_IMU,,,,,,,,,0,0,-1001,4,5,3,,,,,
1790035479.9108744,ATTITUDE,,,,,,,,,,,,,,,0.0025401562452316284,0.0028039205353707075,0.7875622510910034,,
1790035479.911218,RAW_IMU,,,,,,,,,0,0,-1001,2,5,3,,,,,
1790035479.9114478,GLOBAL_POSITION_INT,-35.3628693,149.165718,591.82,8.018,-0.02,0.0,0.49,45.12,,,,,,,,,,,
1790035479.9116526,GPS_RAW_INT,,,,,,,,,,,,,,,,,,6,10
1790035479.9286523,ATTITUDE,,,,,,,,,,,,,,,0.0025452047120779753,0.002824308816343546,0.7875579595565796,,
1790035479.9290648,RAW_IMU,,,,,,,,,0,0,-1001,4,5,3,,,,,
1790035479.9516997,ATTITUDE,,,,,,,,,,,,,,,0.002528335666283965,0.0028443874325603247,0.78755784034729,,
1790035479.9521449,RAW_IMU,,,,,,,,,0,0,-1001,2,4,3,,,,,
1790035479.976278,ATTITUDE,,,,,,,,,,,,,,,0.002537279622629285,0.0028654022607952356,0.7875582575798035,,
1790035479.976628,RAW_IMU,,,,,,,,,0,0,-1001,4,4,3,,,,,
1790035479.9867353,ATTITUDE,,,,,,,,,,,,,,,0.0025068342220038176,0.00288440496660769,0.7875624299049377,,
1790035479.987421,RAW_IMU,,,,,,,,,0,0,-1001,2,4,4,,,,,
1790035480.0100157,ATTITUDE,,,,,,,,,,,,,,,0.002541668713092804,0.002903728047385812,0.7875713109970093,,
1790035480.0104613,RAW_IMU,,,,,,,,,0,0,-1001,5,4,4,,,,,
1790035480.010892,GLOBAL_POSITION_INT,-35.3628693,149.165718,591.77,7.968,-0.02,0.0,0.49,45.12,,,,,,,,,,,
1790035480.0113645,GPS_RAW_INT,,,,,,,,,,,,,,,,,,6,10
1790035480.0277197,ATTITUDE,,,,,,,,,,,,,,,0.002509783022105694,0.002923094667494297,0.787583589553833,,
1790035480.0283718,RAW_IMU,,,,,,,,,0,0,-1000,2,4,4,,,,,
1790035480.051033,ATTITUDE,,,,,,,,,,,,,,,0.0025371576193720102,0.0029431141447275877,0.787599503993988,,
1790035480.0519931,RAW_IMU,,,,,,,,,0,0,-1000,5,4,4,,,,,
1790035480.068607,ATTITUDE,,,,,,,,,,,,,,,0.002471860032528639,0.0029612958896905184,0.7876144051551819,,
1790035480.0691726,RAW_IMU,,,,,,,,,0,0,-1000,0,4,4,,,,,
1790035480.0915685,ATTITUDE,,,,,,,,,,,,,,,0.0024825825821608305,0.002975074341520667,0.7876265645027161,,
1790035480.092439,RAW_IMU,,,,,,,,,0,0,-1000,4,4,4,,,,,
1790035480.109265,ATTITUDE,,,,,,,,,,,,,,,0.0024643091019243,0.0029883242677897215,0.787639856338501,,
1790035480.109864,RAW_IMU,,,,,,,,,0,0,-1000,3,4,4,,,,,
1790035480.110956,GLOBAL_POSITION_INT,-35.3628693,149.165718,591.72,7.919,-0.02,0.0,0.49,45.12,,,,,,,,,,,
1790035480.111471,GPS_RAW_INT,,,,,,,,,,,,,,,,,,6,10
1790035480.126927,ATTITUDE,,,,,,,,,,,,,,,0.002435899805277586,0.002989111701026559,0.7876567244529724,,
1790035480.1274269,RAW_IMU,,,,,,,,,0,0,-1000,2,4,4,,,,,
1790035480.1500921,ATTITUDE,,,,,,,,,,,,,,,0.0024071605876088142,0.0029834811575710773,0.7876722812652588,,
1790035480.1506965,RAW_IMU,,,,,,,,,0,0,-1000,2,3,4,,,,,
1790035480.1678379,ATTITUDE,,,,,,,,,,,,,,,0.0023801180068403482,0.0029905815608799458,0.7876830101013184,,
1790035480.1686728,RAW_IMU,,,,,,,,,0,0,-1000,2,4,4,,,,,
1790035480.1908908,ATTITUDE,,,,,,,,,,,,,,,0.002354281721636653,0.002993385773152113,0.787693440914154,,
1790035480.1914198,RAW_IMU,,,,,,,,,0,0,-1001,2,3,4,,,,,
1790035480.208568,ATTITUDE,,,,,,,,,,,,,,,0.0023308538366109133,0.002994953654706478,0.7877039313316345,,
1790035480.2092497,RAW_IMU,,,,,,,,,0,0,-1001,2,4,4,,,,,
1790035480.2097845,GLOBAL_POSITION_INT,-35.3628693,149.165718,591.67,7.869,-0.02,0.0,0.49,45.13,,,,,,,,,,,
1790035480.2102814,GPS_RAW_INT,,,,,,,,,,,,,,,,,,6,10
1790035480.2314107,ATTITUDE,,,,,,,,,,,,,,,0.0023073863703757524,0.0029892560560256243,0.7877128720283508,,
1790035480.2318666,RAW_IMU,,,,,,,,,0,0,-1001,2,3,4,,,,,
1790035480.2490633,ATTITUDE,,,,,,,,,,,,,,,0.002286843955516815,0.0030098441056907177,0.7877197861671448,,
1790035480.2496197,RAW_IMU,,,,,,,,,0,0,-1001,2,5,3,,,,,
1790035480.2666943,ATTITUDE,,,,,,,,,,,,,,,0.002265556249767542,0.002973955124616623,0.7877195477485657,,
1790035480.267277,RAW_IMU,,,,,,,,,0,0,-1001,2,1,3,,,,,
1790035480.2898371,ATTITUDE,,,,,,,,,,,,,,,0.002242225920781493,0.0029966533184051514,0.7877124547958374,,
1790035480.2902706,RAW_IMU,,,,,,,,,0,0,-1001,2,5,3,,,,,
1790035480.3075166,ATTITUDE,,,,,,,,,,,,,,,0.0022205288987606764,0.0029466552659869194,0.7877054214477539,,
1790035480.308073,RAW_IMU,,,,,,,,,0,0,-1000,2,1,3,,,,,
1790035480.3083673,GLOBAL_POSITION_INT,-35.3628693,149.165718,591.62,7.819,-0.02,0.0,0.49,45.13,,,,,,,,,,,
1790035480.3086655,GPS_RAW_INT,,,,,,,,,,,,,,,,,,6,10
1790035480.3309627,ATTITUDE,,,,,,,,,,,,,,,0.002199549227952957,0.002970351604744792,0.7876983284950256,,
1790035480.3316214,RAW_IMU,,,,,,,,,0,0,-1000,2,4,3,,,,,
1790035480.3483727,ATTITUDE,,,,,,,,,,,,,,,0.0021797881927341223,0.002935682889074087,0.7876901030540466,,
1790035480.3486938,RAW_IMU,,,,,,,,,0,0,-1000,2,2,3,,,,,
1790035480.371435,ATTITUDE,,,,,,,,,,,,,,,0.002160650212317705,0.0029591950587928295,0.7876771688461304,,
1790035480.371945,RAW_IMU,,,,,,,,,0,0,-1000,3,4,3,,,,,
1790035480.3890116,ATTITUDE,,,,,,,,,,,,,,,0.0021618835162371397,0.0029307708609849215,0.7876655459403992,,
1790035480.38946,RAW_IMU,,,,,,,,,0,0,-1001,3,2,3,,,,,
1790035480.4067047,ATTITUDE,,,,,,,,,,,,,,,0.0021633801516145468,0.002956226235255599,0.7876582741737366,,
1790035480.4071658,RAW_IMU,,,,,,,,,0,0,-1001,4,4,3,,,,,
1790035480.407553,GLOBAL_POSITION_INT,-35.3628693,149.165718,591.57,7.769,-0.02,0.0,0.49,45.12,,,,,,,,,,,
1790035480.4078877,GPS_RAW_INT,,,,,,,,,,,,,,,,,,6,10
1790035480.4303534,ATTITUDE,,,,,,,,,,,,,,,0.0021916800178587437,0.0029746918007731438,0.7876532673835754,,
1790035480.4308484,RAW_IMU,,,,,,,,,0,0,-1001,4,5,3,,,,,
1790035480.447516,ATTITUDE,,,,,,,,,,,,,,,0.002183639444410801,0.0029734706040471792,0.7876526117324829,,
1790035480.4479334,RAW_IMU,,,,,,,,,0,0,-1001,3,3,3,,,,,
1790035480.4726553,ATTITUDE,,,,,,,,,,,,,,,0.0022179747465997934,0.0029740615282207727,0.7876514196395874,,
1790035480.4733117,RAW_IMU,,,,,,,,,0,0,-1001,4,3,3,,,,,
1790035480.4883354,ATTITUDE,,,,,,,,,,,,,,,0.002220806898549199,0.0029682526364922523,0.787649929523468,,
1790035480.4887688,RAW_IMU,,,,,,,,,0,0,-1001,4,3,3,,,,,
1790035480.5113132,ATTITUDE,,,,,,,,,,,,,,,0.0022617646027356386,0.0029626863542944193,0.7876499891281128,,
1790035480.5119858,RAW_IMU,,,,,,,,,0,0,-1001,5,3,3,,,,,
1790035480.5122645,GLOBAL_POSITION_INT,-35.3628693,149.165718,591.52,7.719,-0.02,0.0,0.49,45.12,,,,,,,,,,,
1790035480.5125165,GPS_RAW_INT,,,,,,,,,,,,,,,,,,6,10
1790035480.5292375,ATTITUDE,,,,,,,,,,,,,,,0.0022503077052533627,0.002958376659080386,0.7876546382904053,,
1790035480.5301015,RAW_IMU,,,,,,,,,0,0,-1001,4,3,4,,,,,
1790035480.5466413,ATTITUDE,,,,,,,,,,,,,,,0.0022823787294328213,0.002954179886728525,0.7876637578010559,,
1790035480.547114,RAW_IMU,,,,,,,,,0,0,-1001,4,3,4,,,,,
1790035480.569882,ATTITUDE,,,,,,,,,,,,,,,0.002313662553206086,0.0029499889351427555,0.787670910358429,,
1790035480.5702605,RAW_IMU,,,,,,,,,0,0,-1001,6,3,4,,,,,
1790035480.587431,ATTITUDE,,,,,,,,,,,,,,,0.002312706084921956,0.0029479272197932005,0.7876821160316467,,
1790035480.587823,RAW_IMU,,,,,,,,,0,0,-1001,3,3,4,,,,,
1790035480.6108696,ATTITUDE,,,,,,,,,,,,,,,0.0023623653687536716,0.0029449639841914177,0.7876969575881958,,
1790035480.6114018,RAW_IMU,,,,,,,,,0,0,-1000,6,3,4,,,,,
1790035480.611844,GLOBAL_POSITION_INT,-35.3628693,149.165718,591.47,7.669,-0.02,0.0,0.49,45.13,,,,,,,,,,,
1790035480.612182,GPS_RAW_INT,,,,,,,,,,,,,,,,,,6,10
1790035480.628367,ATTITUDE,,,,,,,,,,,,,,,0.0023621264845132828,0.002978870179504156,0.7877131700515747,,
1790035480.6288383,RAW_IMU,,,,,,,,,0,0,-1001,3,5,4,,,,,
1790035480.6513617,ATTITUDE,,,,,,,,,,,,,,,0.002409685403108597,0.0029420163482427597,0.7877296805381775,,
1790035480.6518052,RAW_IMU,,,,,,,,,0,0,-1001,5,2,4,,,,,
1790035480.6689699,ATTITUDE,,,,,,,,,,,,,,,0.0024054439272731543,0.0029831305146217346,0.787741482257843,,
1790035480.6692832,RAW_IMU,,,,,,,,,0,0,-1001,4,5,4,,,,,
1790035480.686686,ATTITUDE,,,,,,,,,,,,,,,0.0023951393086463213,0.0029452405869960785,0.7877472043037415,,
1790035480.6873367,RAW_IMU,,,,,,,,,0,0,-1001,3,2,4,,,,,
1790035480.7097058,ATTITUDE,,,,,,,,,,,,,,,0.0023849017452448606,0.0029844860546290874,0.7877500057220459,,
1790035480.710356,RAW_IMU,,,,,,,,,0,0,-1001,3,5,4,,,,,
1790035480.7107382,GLOBAL_POSITION_INT,-35.3628693,149.165718,591.42,7.619,-0.02,0.0,0.49,45.13,,,,,,,,,,,
1790035480.7109988,GPS_RAW_INT,,,,,,,,,,,,,,,,,,6,10
1790035480.7273774,ATTITUDE,,,,,,,,,,,,,,,0.002375949639827013,0.0029639434069395065,0.7877512574195862,,
1790035480.7277684,RAW_IMU,,,,,,,,,0,0,-1001,3,3,3,,,,,
1790035480.7506588,ATTITUDE,,,,,,,,,,,,,,,0.002366964938119054,0.0029759991448372602,0.7877522706985474,,
1790035480.7510011,RAW_IMU,,,,,,,,,0,0,-1001,3,3,3,,,,,
1790035480.7681568,ATTITUDE,,,,,,,,,,,,,,,0.0023580605629831553,0.00298810051754117,0.7877466678619385,,
1790035480.7684739,RAW_IMU,,,,,,,,,0,0,-1001,3,5,3,,,,,
1790035480.7913036,ATTITUDE,,,,,,,,,,,,,,,0.002349098213016987,0.0030015313532203436,0.7877395749092102,,
1790035480.7917016,RAW_IMU,,,,,,,,,0,0,-1001,3,4,3,,,,,
1790035480.8088977,ATTITUDE,,,,,,,,,,,,,,,0.0023413735907524824,0.0030160185415297747,0.7877331972122192,,
1790035480.809177,RAW_IMU,,,,,,,,,0,0,-1001,3,5,3,,,,,
1790035480.8095717,GLOBAL_POSITION_INT,-35.3628693,149.165718,591.37,7.569,-0.02,0.0,0.49,45.13,,,,,,,,,,,
1790035480.8099463,GPS_RAW_INT,,,,,,,,,,,,,,,,,,6,10
1790035480.8266432,ATTITUDE,,,,,,,,,,,,,,,0.0023358906619250774,0.003030960215255618,0.7877246141433716,,
1790035480.827387,RAW_IMU,,,,,,,,,0,0,-1001,3,4,3,,,,,
1790035480.8499098,ATTITUDE,,,,,,,,,,,,,,,0.002331232652068138,0.0030614621937274933,0.7877174615859985,,
1790035480.8506346,RAW_IMU,,,,,,,,,0,0,-1001,3,5,3,,,,,
1790035480.8673046,ATTITUDE,,,,,,,,,,,,,,,0.0023469622246921062,0.003069900441914797,0.7877066731452942,,
1790035480.8676453,RAW_IMU,,,,,,,,,0,0,-1001,4,3,3,,,,,
1790035480.890538,ATTITUDE,,,,,,,,,,,,,,,0.0023662426974624395,0.0030935669783502817,0.787692129611969,,
1790035480.8909247,RAW_IMU,,,,,,,,,0,0,-1001,5,5,3,,,,,
1790035480.9081192,ATTITUDE,,,,,,,,,,,,,,,0.002383952960371971,0.003076881170272827,0.7876777052879333,,
1790035480.9086678,RAW_IMU,,,,,,,,,0,0,-1001,4,3,3,,,,,
1790035480.9089766,GLOBAL_POSITION_INT,-35.3628693,149.165718,591.32,7.518,-0.02,0.0,0.49,45.13,,,,,,,,,,,
1790035480.9092972,GPS_RAW_INT,,,,,,,,,,,,,,,,,,6,10
1790035480.9313734,ATTITUDE,,,,,,,,,,,,,,,0.002407277934253216,0.0030728457495570183,0.7876690030097961,,
1790035480.9319367,RAW_IMU,,,,,,,,,0,0,-1001,5,3,3,,,,,
1790035480.9489508,ATTITUDE,,,,,,,,,,,,,,,0.002435241127386689,0.003070106729865074,0.7876636981964111,,
1790035480.949616,RAW_IMU,,,,,,,,,0,0,-1001,4,3,3,,,,,
1790035480.9742794,ATTITUDE,,,,,,,,,,,,,,,0.00245790951885283,0.003066826146095991,0.7876572012901306,,
1790035480.9748278,RAW_IMU,,,,,,,,,0,0,-1001,5,3,3,,,,,
1790035480.9897013,ATTITUDE,,,,,,,,,,,,,,,0.002465052530169487,0.0030642494093626738,0.787655234336853,,
1790035480.9900837,RAW_IMU,,,,,,,,,0,0,-1001,3,3,3,,,,,
1790035481.007323,ATTITUDE,,,,,,,,,,,,,,,0.002516989829018712,0.0030629124958068132,0.7876572012901306,,
1790035481.007748,RAW_IMU,,,,,,,,,0,0,-1001,6,3,3,,,,,
1790035481.008294,GLOBAL_POSITION_INT,-35.3628693,149.165718,591.27,7.468,-0.02,0.0,0.49,45.12,,,,,,,,,,,
1790035481.008543,GPS_RAW_INT,,,,,,,,,,,,,,,,,,6,10
1790035481.0305567,ATTITUDE,,,,,,,,,,,,,,,0.002516095759347081,0.0030637213494628668,0.7876650094985962,,
1790035481.0310698,RAW_IMU,,,,,,,,,0,0,-1001,3,3,4,,,,,
1790035481.0480313,ATTITUDE,,,,,,,,,,,,,,,0.0025763087905943394,0.0030648973770439625,0.7876750230789185,,
1790035481.0484123,RAW_IMU,,,,,,,,,0,0,-1001,6,3,4,,,,,
1790035481.0712664,ATTITUDE,,,,,,,,,,,,,,,0.002558422740548849,0.003067419631406665,0.7876845598220825,,
1790035481.0716982,RAW_IMU,,,,,,,,,0,0,-1000,3,3,4,,,,,
1790035481.0889754,ATTITUDE,,,,,,,,,,,,,,,0.0026189624331891537,0.0030644466169178486,0.7876948118209839,,
1790035481.0894048,RAW_IMU,,,,,,,,,0,0,-1000,6,3,4,,,,,
1790035481.1119976,ATTITUDE,,,,,,,,,,,,,,,0.002609407063573599,0.0030614258721470833,0.7877064943313599,,
1790035481.1125276,RAW_IMU,,,,,,,,,0,0,-1000,4,3,4,,,,,
1790035481.11291,GLOBAL_POSITION_INT,-35.3628693,149.165718,591.22,7.419,-0.02,0.0,0.49,45.13,,,,,,,,,,,
1790035481.113238,GPS_RAW_INT,,,,,,,,,,,,,,,,,,6,10
1790035481.1299038,ATTITUDE,,,,,,,,,,,,,,,0.0026475475169718266,0.0030578800942748785,0.787720799446106,,
1790035481.1307337,RAW_IMU,,,,,,,,,0,0,-1000,5,3,4,,,,,
1790035481.1473002,ATTITUDE,,,,,,,,,,,,,,,0.0026562015991657972,0.0030719717033207417,0.7877365946769714,,
1790035481.1476784,RAW_IMU,,,,,,,,,0,0,-1001,4,4,4,,,,,
1790035481.1704526,ATTITUDE,,,,,,,,,,,,,,,0.002653840696439147,0.0030831850599497557,0.7877464294433594,,
1790035481.1708431,RAW_IMU,,,,,,,,,0,0,-1001,3,4,4,,,,,
1790035481.188075,ATTITUDE,,,,,,,,,,,,,,,0.0026531966868788004,0.0030810178723186255,0.7877551317214966,,
1790035481.1883953,RAW_IMU,,,,,,,,,0,0,-1001,3,3,4,,,,,
1790035481.2112732,ATTITUDE,,,,,,,,,,,,,,,0.0026528772432357073,0.003128367941826582,0.7877628803253174,,
1790035481.2118707,RAW_IMU,,,,,,,,,0,0,-1001,3,6,4,,,,,
1790035481.2123194,GLOBAL_POSITION_INT,-35.3628693,149.165718,591.17,7.369,-0.02,0.0,0.49,45.13,,,,,,,,,,,
1790035481.2126322,GPS_RAW_INT,,,,,,,,,,,,,,,,,,6,10
1790035481.228977,ATTITUDE,,,,,,,,,,,,,,,0.0026536770164966583,0.003103204071521759,0.7877686023712158,,
1790035481.2294557,RAW_IMU,,,,,,,,,0,0,-1001,3,2,3,,,,,
1790035481.251941,ATTITUDE,,,,,,,,,,,,,,,0.0026553692296147346,0.003165558446198702,0.7877734899520874,,
1790035481.2524407,RAW_IMU,,,,,,,,,0,0,-1001,3,6,3,,,,,
1790035481.2695804,ATTITUDE,,,,,,,,,,,,,,,0.002655177377164364,0.003136760788038373,0.7877712845802307,,
1790035481.269952,RAW_IMU,,,,,,,,,0,0,-1001,3,2,3,,,,,
1790035481.2872868,ATTITUDE,,,,,,,,,,,,,,,0.0026529040187597275,0.0031926538795232773,0.7877636551856995,,
1790035481.2877848,RAW_IMU,,,,,,,,,0,0,-1001,3,6,3,,,,,
1790035481.3104355,ATTITUDE,,,,,,,,,,,,,,,0.002649337751790881,0.003193541429936886,0.7877557873725891,,
1790035481.310817,RAW_IMU,,,,,,,,,0,0,-1001,3,4,3,,,,,
1790035481.31118,GLOBAL_POSITION_INT,-35.3628693,149.165718,591.12,7.319,-0.02,0.0,0.49,45.13,,,,,,,,,,,
1790035481.311796,GPS_RAW_INT,,,,,,,,,,,,,,,,,,6,10
1790035481.3281865,ATTITUDE,,,,,,,,,,,,,,,0.002647442277520895,0.0032217400148510933,0.787746787071228,,
1790035481.3287,RAW_IMU,,,,,,,,,0,0,-1000,3,4,3,,,,,
1790035481.351334,ATTITUDE,,,,,,,,,,,,,,,0.0026453163009136915,0.0032145159784704447,0.7877373695373535,,
1790035481.3518631,RAW_IMU,,,,,,,,,0,0,-1000,3,4,3,,,,,
1790035481.368864,ATTITUDE,,,,,,,,,,,,,,,0.0026432655286043882,0.0032248888164758682,0.787723958492279,,
1790035481.3696332,RAW_IMU,,,,,,,,,0,0,-1001,3,3,3,,,,,
1790035481.391944,ATTITUDE,,,,,,,,,,,,,,,0.0026417619083076715,0.003234595526009798,0.7877100706100464,,
1790035481.3923974,RAW_IMU,,,,,,,,,0,0,-1001,3,4,3,,,,,
1790035481.409597,ATTITUDE,,,,,,,,,,,,,,,0.002642025239765644,0.0032297964207828045,0.7876957058906555,,
1790035481.4101706,RAW_IMU,,,,,,,,,0,0,-1001,3,3,2,,,,,
1790035481.410363,GLOBAL_POSITION_INT,-35.3628693,149.165718,591.07,7.269,-0.02,0.0,0.49,45.13,,,,,,,,,,,
1790035481.410679,GPS_RAW_INT,,,,,,,,,,,,,,,,,,6,10
1790035481.4274817,ATTITUDE,,,,,,,,,,,,,,,0.0026436906773597,0.003260065335780382,0.7876807451248169,,
1790035481.4283128,RAW_IMU,,,,,,,,,0,0,-1000,3,5,2,,,,,
1790035481.4504573,ATTITUDE,,,,,,,,,,,,,,,0.0026886279229074717,0.0032532254699617624,0.7876703143119812,,
1790035481.4509559,RAW_IMU,,,,,,,,,0,0,-1001,6,3,2,,,,,
1790035481.4735591,ATTITUDE,,,,,,,,,,,,,,,0.0026621418073773384,0.0032482482492923737,0.7876601219177246,,
1790035481.4742553,RAW_IMU,,,,,,,,,0,0,-1000,2,3,3,,,,,
1790035481.4915156,ATTITUDE,,,,,,,,,,,,,,,0.00271558272652328,0.0032379822805523872,0.7876527905464172,,
1790035481.491903,RAW_IMU,,,,,,,,,0,0,-1001,6,3,3,,,,,
1790035481.509708,ATTITUDE,,,,,,,,,,,,,,,0.0026833810843527317,0.0032274657860398293,0.7876493334770203,,
1790035481.5105915,RAW_IMU,,,,,,,,,0,0,-1001,2,3,3,,,,,
1790035481.5111184,GLOBAL_POSITION_INT,-35.3628693,149.165718,591.02,7.219,-0.02,0.0,0.49,45.12,,,,,,,,,,,
1790035481.5115345,GPS_RAW_INT,,,,,,,,,,,,,,,,,,6,10
1790035481.5276291,ATTITUDE,,,,,,,,,,,,,,,0.00272579793818295,0.0032178545370697975,0.7876507043838501,,
1790035481.528609,RAW_IMU,,,,,,,,,0,0,-1001,5,3,3,,,,,
1790035481.550576,ATTITUDE,,,,,,,,,,,,,,,0.0026888225693255663,0.003207148751243949,0.7876547574996948,,
1790035481.551265,RAW_IMU,,,,,,,,,0,0,-1001,2,3,3,,,,,
1790035481.5679696,ATTITUDE,,,,,,,,,,,,,,,0.0027250093407928944,0.003198708174750209,0.7876579761505127,,
1790035481.5683684,RAW_IMU,,,,,,,,,0,0,-1001,5,3,3,,,,,
1790035481.591133,ATTITUDE,,,,,,,,,,,,,,,0.0026948072481900454,0.003192076226696372,0.7876663208007812,,
1790035481.5917015,RAW_IMU,,,,,,,,,0,0,-1001,3,3,4,,,,,
1790035481.6088893,ATTITUDE,,,,,,,,,,,,,,,0.002718560164794326,0.003185036825016141,0.7876779437065125,,
1790035481.6095312,RAW_IMU,,,,,,,,,0,0,-1000,4,3,4,,,,,
1790035481.609888,GLOBAL_POSITION_INT,-35.3628693,149.165718,590.97,7.169,-0.02,0.0,0.49,45.13,,,,,,,,,,,
1790035481.610261,GPS_RAW_INT,,,,,,,,,,,,,,,,,,6,10
1790035481.6319368,ATTITUDE,,,,,,,,,,,,,,,0.002700113458558917,0.003183935070410371,0.7876939177513123,,
1790035481.6322956,RAW_IMU,,,,,,,,,0,0,-1001,3,3,4,,,,,
1790035481.6495903,ATTITUDE,,,,,,,,,,,,,,,0.0027133235707879066,0.003207252826541662,0.787710964679718,,
1790035481.6500833,RAW_IMU,,,,,,,,,0,0,-1001,3,4,4,,,,,
1790035481.6671855,ATTITUDE,,,,,,,,,,,,,,,0.0027138974983245134,0.003221280872821808,0.787726104259491,,
1790035481.6676621,RAW_IMU,,,,,,,,,0,0,-1001,4,4,4,,,,,
1790035481.6903577,ATTITUDE,,,,,,,,,,,,,,,0.0027091754600405693,0.0032294958364218473,0.7877411842346191,,
1790035481.6906533,RAW_IMU,,,,,,,,,0,0,-1001,3,4,4,,,,,
1790035481.7078903,ATTITUDE,,,,,,,,,,,,,,,0.002722869860008359,0.003246037755161524,0.7877578735351562,,
1790035481.7082481,RAW_IMU,,,,,,,,,0,0,-1001,4,4,4,,,,,
1790035481.70852,GLOBAL_POSITION_INT,-35.3628693,149.165718,590.92,7.119,-0.02,0.0,0.49,45.13,,,,,,,,,,,
1790035481.7090049,GPS_RAW_INT,,,,,,,,,,,,,,,,,,6,10
1790035481.7311592,ATTITUDE,,,,,,,,,,,,,,,0.0026993746869266033,0.0032260247971862555,0.7877745628356934,,
1790035481.7316122,RAW_IMU,,,,,,,,,0,0,-1001,2,3,4,,,,,
1790035481.7488804,ATTITUDE,,,,,,,,,,,,,,,0.0027327898424118757,0.0032562543638050556,0.7877890467643738,,
1790035481.749326,RAW_IMU,,,,,,,,,0,0,-1001,5,5,4,,,,,
1790035481.771776,ATTITUDE,,,,,,,,,,,,,,,0.0027637232560664415,0.0032238473650068045,0.7877985835075378,,
1790035481.7721033,RAW_IMU,,,,,,,,,0,0,-1001,5,2,4,,,,,
1790035481.7895622,ATTITUDE,,,,,,,,,,,,,,,0.00279419869184494,0.0032587077002972364,0.7878057956695557,,
1790035481.7900128,RAW_IMU,,,,,,,,,0,0,-1000,5,5,4,,,,,
1790035481.807051,ATTITUDE,,,,,,,,,,,,,,,0.0028248389717191458,0.003246653825044632,0.7878115177154541,,
1790035481.8074985,RAW_IMU,,,,,,,,,0,0,-1001,5,3,3,,,,,
1790035481.8079696,GLOBAL_POSITION_INT,-35.3628693,149.165718,590.87,7.069,-0.02,0.0,0.49,45.13,,,,,,,,,,,
1790035481.8082545,GPS_RAW_INT,,,,,,,,,,,,,,,,,,6,10
1790035481.830347,ATTITUDE,,,,,,,,,,,,,,,0.0028528610710054636,0.0032895805779844522,0.7878162860870361,,
1790035481.830553,RAW_IMU,,,,,,,,,0,0,-1001,5,5,3,,,,,
1790035481.8478072,ATTITUDE,,,,,,,,,,,,,,,0.0028816238045692444,0.003265799256041646,0.787819504737854,,
1790035481.848077,RAW_IMU,,,,,,,,,0,0,-1001,5,3,3,,,,,
1790035481.8709965,ATTITUDE,,,,,,,,,,,,,,,0.002910363022238016,0.003309632185846567,0.7878172397613525,,
1790035481.8714647,RAW_IMU,,,,,,,,,0,0,-1001,5,5,3,,,,,
1790035481.8886645,ATTITUDE,,,,,,,,,,,,,,,0.002933753654360771,0.0032731161918491125,0.787810742855072,,
1790035481.889044,RAW_IMU,,,,,,,,,0,0,-1001,5,2,3,,,,,
1790035481.9116602,ATTITUDE,,,,,,,,,,,,,,,0.0029376556631177664,0.0033040184061974287,0.7878026366233826,,
1790035481.912095,RAW_IMU,,,,,,,,,0,0,-1001,4,5,3,,,,,
1790035481.9124537,GLOBAL_POSITION_INT,-35.3628693,149.165718,590.82,7.019,-0.02,0.0,0.49,45.13,,,,,,,,,,,
1790035481.9128535,GPS_RAW_INT,,,,,,,,,,,,,,,,,,6,10
1790035481.9294045,ATTITUDE,,,,,,,,,,,,,,,0.0029227633494883776,0.0032811469864100218,0.7877941131591797,,
1790035481.92979,RAW_IMU,,,,,,,,,0,0,-1001,3,3,3,,,,,
1790035481.9471009,ATTITUDE,,,,,,,,,,,,,,,0.0029104757122695446,0.003294561058282852,0.7877848744392395,,
1790035481.9477022,RAW_IMU,,,,,,,,,0,0,-1001,3,4,3,,,,,
1790035481.9700546,ATTITUDE,,,,,,,,,,,,,,,0.002896641381084919,0.003305833786725998,0.7877718210220337,,
1790035481.9707496,RAW_IMU,,,,,,,,,0,0,-1000,3,4,3,,,,,
1790035481.987763,ATTITUDE,,,,,,,,,,,,,,,0.002885214053094387,0.0032925670966506004,0.7877599596977234,,
1790035481.9881725,RAW_IMU,,,,,,,,,0,0,-1000,3,3,3,,,,,
1790035482.389918,GLOBAL_POSITION_INT,-35.3628693,149.165718,590.67,6.865,-0.02,0.0,0.49,45.13,,,,,,,,,,,
1790035482.3906868,GPS_RAW_INT,,,,,,,,,,,,,,,,,,6,10
1790035482.3912194,RAW_IMU,,,,,,,,,0,0,-1000,3,5,3,,,,,
1790035482.3913445,RAW_IMU,,,,,,,,,0,0,-1000,3,5,3,,,,,
1790035482.3915155,RAW_IMU,,,,,,,,,0,0,-1000,3,5,3,,,,,
1790035482.3916104,ATTITUDE,,,,,,,,,,,,,,,0.0023876226041465998,0.003368094563484192,0.7877436876296997,,
1790035482.3917394,RAW_IMU,,,,,,,,,0,0,-1000,3,5,3,,,,,
1790035482.3918846,ATTITUDE,,,,,,,,,,,,,,,0.0023652417585253716,0.0033558437135070562,0.7877440452575684,,
1790035482.3919938,RAW_IMU,,,,,,,,,0,0,-1001,2,3,3,,,,,
1790035482.3920767,ATTITUDE,,,,,,,,,,,,,,,0.0023540910333395004,0.0033693937584757805,0.7877432107925415,,
1790035482.392192,RAW_IMU,,,,,,,,,0,0,-1001,3,4,3,,,,,
1790035482.392273,ATTITUDE,,,,,,,,,,,,,,,0.0023238034918904305,0.003339849878102541,0.7877421379089355,,
1790035482.3923783,RAW_IMU,,,,,,,,,0,0,-1001,2,2,3,,,,,
1790035482.3925183,ATTITUDE,,,,,,,,,,,,,,,0.00231745932251215,0.003367000725120306,0.7877396941184998,,
1790035482.3926253,RAW_IMU,,,,,,,,,0,0,-1001,3,5,3,,,,,
1790035482.3927047,ATTITUDE,,,,,,,,,,,,,,,0.00232672318816185,0.003333695000037551,0.787733793258667,,
1790035482.3928103,RAW_IMU,,,,,,,,,0,0,-1000,4,2,3,,,,,
1790035482.392909,GLOBAL_POSITION_INT,-35.3628693,149.165718,590.58,6.779,-0.02,0.0,0.49,45.13,,,,,,,,,,,
1790035482.3930144,GPS_RAW_INT,,,,,,,,,,,,,,,,,,6,10
1790035482.3930926,ATTITUDE,,,,,,,,,,,,,,,0.0022926325909793377,0.0033630370162427425,0.7877287268638611,,
1790035482.3931997,RAW_IMU,,,,,,,,,0,0,-1001,2,5,3,,,,,
1790035482.4133813,ATTITUDE,,,,,,,,,,,,,,,0.0023127340245991945,0.0033218390308320522,0.7877256274223328,,
1790035482.4139926,RAW_IMU,,,,,,,,,0,0,-1001,4,2,3,,,,,
1790035482.4310055,ATTITUDE,,,,,,,,,,,,,,,0.002287948038429022,0.0033423921559005976,0.7877242565155029,,
1790035482.4314365,RAW_IMU,,,,,,,,,0,0,-1001,3,4,3,,,,,
1790035482.4541686,ATTITUDE,,,,,,,,,,,,,,,0.0022842695470899343,0.003349549602717161,0.7877237796783447,,
1790035482.4545238,RAW_IMU,,,,,,,,,0,0,-1001,3,4,3,,,,,
1790035482.4728746,ATTITUDE,,,,,,,,,,,,,,,0.0022729416377842426,0.003338306210935116,0.7877203226089478,,
1790035482.4735112,RAW_IMU,,,,,,,,,0,0,-1000,3,3,3,,,,,
1790035482.4892907,GLOBAL_POSITION_INT,-35.3628693,149.165718,590.53,6.729,-0.02,0.0,0.49,45.13,,,,,,,,,,,
1790035482.4899054,GPS_RAW_INT,,,,,,,,,,,,,,,,,,6,10
1790035482.4904027,ATTITUDE,,,,,,,,,,,,,,,0.002265048446133733,0.0033208138775080442,0.7877172827720642,,
1790035482.4910965,RAW_IMU,,,,,,,,,0,0,-1000,3,3,3,,,,,
1790035482.512499,ATTITUDE,,,,,,,,,,,,,,,0.002241132315248251,0.003304607467725873,0.7877181768417358,,
1790035482.512802,RAW_IMU,,,,,,,,,0,0,-1001,3,3,3,,,,,
1790035482.5301967,ATTITUDE,,,,,,,,,,,,,,,0.002249037381261587,0.00328865647315979,0.7877227663993835,,
1790035482.53064,RAW_IMU,,,,,,,,,0,0,-1001,3,3,3,,,,,
1790035482.5533385,ATTITUDE,,,,,,,,,,,,,,,0.0022279415279626846,0.0032746512442827225,0.7877305746078491,,
1790035482.5540016,RAW_IMU,,,,,,,,,0,0,-1001,3,3,3,,,,,
1790035482.5709076,ATTITUDE,,,,,,,,,,,,,,,0.0022403958719223738,0.0032615915406495333,0.787738561630249,,
1790035482.57125,RAW_IMU,,,,,,,,,0,0,-1001,3,3,4,,,,,
1790035482.5885286,GLOBAL_POSITION_INT,-35.3628693,149.165718,590.48,6.679,-0.02,0.0,0.49,45.13,,,,,,,,,,,
1790035482.5889337,GPS_RAW_INT,,,,,,,,,,,,,,,,,,6,10
1790035482.593949,ATTITUDE,,,,,,,,,,,,,,,0.002252165926620364,0.003248813096433878,0.7877500057220459,,
1790035482.5944543,RAW_IMU,,,,,,,,,0,0,-1001,5,3,4,,,,,
1790035482.6118205,ATTITUDE,,,,,,,,,,,,,,,0.002251243218779564,0.003237097756937146,0.7877633571624756,,
1790035482.6122441,RAW_IMU,,,,,,,,,0,0,-1001,3,3,4,,,,,
1790035482.6292927,ATTITUDE,,,,,,,,,,,,,,,0.0022899808827787638,0.0032461683731526136,0.7877800464630127,,
1790035482.6297185,RAW_IMU,,,,,,,,,0,0,-1001,6,4,4,,,,,
1790035482.6524825,ATTITUDE,,,,,,,,,,,,,,,0.0022673807106912136,0.003211038885638118,0.7877966165542603,,
1790035482.652941,RAW_IMU,,,,,,,,,0,0,-1001,2,2,4,,,,,
1790035482.6702156,ATTITUDE,,,,,,,,,,,,,,,0.002327424706891179,0.0032599519472569227,0.787808895111084,,
1790035482.670943,RAW_IMU,,,,,,,,,0,0,-1001,6,6,4,,,,,
1790035482.6875525,GLOBAL_POSITION_INT,-35.3628693,149.165718,590.43,6.629,-0.02,0.0,0.49,45.13,,,,,,,,,,,
1790035482.6879418,GPS_RAW_INT,,,,,,,,,,,,,,,,,,6,10
1790035482.693143,ATTITUDE,,,,,,,,,,,,,,,0.002320424187928438,0.0032243963796645403,0.7878203988075256,,
1790035482.6939545,RAW_IMU,,,,,,,,,0,0,-1001,4,2,4,,,,,
1790035482.7109504,ATTITUDE,,,,,,,,,,,,,,,0.0023102888371795416,0.003250375622883439,0.7878287434577942,,
1790035482.7113101,RAW_IMU,,,,,,,,,0,0,-1000,3,5,4,,,,,
1790035482.734137,ATTITUDE,,,,,,,,,,,,,,,0.0023019479122012854,0.0032046360429376364,0.7878357172012329,,
1790035482.7344859,RAW_IMU,,,,,,,,,0,0,-1001,3,2,3,,,,,
1790035482.751632,ATTITUDE,,,,,,,,,,,,,,,0.002293264726176858,0.0032383091747760773,0.787840723991394,,
1790035482.7520056,RAW_IMU,,,,,,,,,0,0,-1001,3,5,3,,,,,
1790035482.7693844,ATTITUDE,,,,,,,,,,,,,,,0.0022836688440293074,0.00321729457937181,0.7878408432006836,,
1790035482.769919,RAW_IMU,,,,,,,,,0,0,-1001,3,3,3,,,,,
1790035482.7868378,GLOBAL_POSITION_INT,-35.3628693,149.165718,590.38,6.579,-0.02,0.0,0.49,45.13,,,,,,,,,,,
1790035482.7873797,GPS_RAW_INT,,,,,,,,,,,,,,,,,,6,10
1790035482.7923274,ATTITUDE,,,,,,,,,,,,,,,0.0022754441015422344,0.003258064156398177,0.7878402471542358,,
1790035482.7927623,RAW_IMU,,,,,,,,,0,0,-1001,3,5,3,,,,,
1790035482.8100545,ATTITUDE,,,,,,,,,,,,,,,0.0022674568463116884,0.003269058419391513,0.7878375053405762,,
1790035482.8104904,RAW_IMU,,,,,,,,,0,0,-1001,3,5,3,,,,,
1790035482.8332736,ATTITUDE,,,,,,,,,,,,,,,0.0022623538970947266,0.003294518683105707,0.787834644317627,,
1790035482.8338275,RAW_IMU,,,,,,,,,0,0,-1001,3,4,3,,,,,
1790035482.850861,ATTITUDE,,,,,,,,,,,,,,,0.002256328472867608,0.003332961816340685,0.7878288626670837,,
1790035482.851453,RAW_IMU,,,,,,,,,0,0,-1001,3,6,3,,,,,
1790035482.8739495,ATTITUDE,,,,,,,,,,,,,,,0.0022508257534354925,0.0033303657546639442,0.7878193259239197,,
1790035482.874299,RAW_IMU,,,,,,,,,0,0,-1001,3,3,3,,,,,
1790035482.891427,GLOBAL_POSITION_INT,-35.3628693,149.165718,590.33,6.529,-0.02,0.0,0.49,45.13,,,,,,,,,,,
1790035482.8918204,GPS_RAW_INT,,,,,,,,,,,,,,,,,,6,10
1790035482.8921967,ATTITUDE,,,,,,,,,,,,,,,0.0022424678318202496,0.0033676002640277147,0.787807285785675,,
1790035482.8925102,RAW_IMU,,,,,,,,,0,0,-1001,3,6,3,,,,,
1790035482.9091604,ATTITUDE,,,,,,,,,,,,,,,0.0022343581076711416,0.0033408422023057938,0.7877945303916931,,
1790035482.9096866,RAW_IMU,,,,,,,,,0,0,-1001,3,2,3,,,,,
1790035482.9323854,ATTITUDE,,,,,,,,,,,,,,,0.0022274162620306015,0.0033773607574403286,0.7877828478813171,,
1790035482.9327762,RAW_IMU,,,,,,,,,0,0,-1000,3,5,3,,,,,
1790035482.9500973,ATTITUDE,,,,,,,,,,,,,,,0.00224561826325953,0.0033816942013800144,0.7877726554870605,,
1790035482.9505029,RAW_IMU,,,,,,,,,0,0,-1001,4,4,3,,,,,
1790035482.975065,ATTITUDE,,,,,,,,,,,,,,,0.0022928279358893633,0.0033813556656241417,0.7877604961395264,,
1790035482.9756083,RAW_IMU,,,,,,,,,0,0,-1000,6,3,3,,,,,
1790035482.9906712,GLOBAL_POSITION_INT,-35.3628693,149.165718,590.28,6.479,-0.02,0.0,0.49,45.13,,,,,,,,,,,
1790035482.9910808,GPS_RAW_INT,,,,,,,,,,,,,,,,,,6,10
1790035482.9915476,ATTITUDE,,,,,,,,,,,,,,,0.0023401209618896246,0.003381280694156885,0.787750244140625,,
1790035482.9918637,RAW_IMU,,,,,,,,,0,0,-1000,6,3,3,,,,,
1790035483.0140104,ATTITUDE,,,,,,,,,,,,,,,0.0023978939279913902,0.0033826068975031376,0.7877417802810669,,
1790035483.0144334,RAW_IMU,,,,,,,,,0,0,-1000,6,4,3,,,,,
1790035483.031723,ATTITUDE,,,,,,,,,,,,,,,0.00243036774918437,0.00338532286696136,0.7877377867698669,,
1790035483.031964,RAW_IMU,,,,,,,,,0,0,-1001,5,4,3,,,,,
1790035483.0546596,ATTITUDE,,,,,,,,,,,,,,,0.0025026940274983644,0.003388557583093643,0.7877368330955505,,
1790035483.055114,RAW_IMU,,,,,,,,,0,0,-1001,6,4,3,,,,,
1790035483.0723245,ATTITUDE,,,,,,,,,,,,,,,0.002549084136262536,0.0033928602933883667,0.7877366542816162,,
1790035483.0728347,RAW_IMU,,,,,,,,,0,0,-1001,6,4,3,,,,,
1790035483.0899045,GLOBAL_POSITION_INT,-35.3628693,149.165718,590.23,6.429,-0.02,0.0,0.49,45.13,,,,,,,,,,,
1790035483.0904484,GPS_RAW_INT,,,,,,,,,,,,,,,,,,6,10
1790035483.090868,ATTITUDE,,,,,,,,,,,,,,,0.0025805749464780092,0.0033909627236425877,0.7877385020256042,,
1790035483.091332,RAW_IMU,,,,,,,,,0,0,-1001,5,3,3,,,,,
1790035483.1132069,ATTITUDE,,,,,,,,,,,,,,,0.002645820379257202,0.003388988086953759,0.7877434492111206,,
1790035483.1136324,RAW_IMU,,,,,,,,,0,0,-1001,7,4,3,,,,,
1790035483.1308239,ATTITUDE,,,,,,,,,,,,,,,0.0026493454352021217,0.003386787371709943,0.7877516746520996,,
1790035483.1315143,RAW_IMU,,,,,,,,,0,0,-1000,4,3,3,,,,,
1790035483.1541886,ATTITUDE,,,,,,,,,,,,,,,0.002722435398027301,0.0033852551132440567,0.7877620458602905,,
1790035483.1544793,RAW_IMU,,,,,,,,,0,0,-1001,7,3,4,,,,,
1790035483.171494,ATTITUDE,,,,,,,,,,,,,,,0.002720954827964306,0.003384805517271161,0.7877707481384277,,
1790035483.171852,RAW_IMU,,,,,,,,,0,0,-1000,4,3,4,,,,,
1790035483.189082,GLOBAL_POSITION_INT,-35.3628693,149.165718,590.18,6.379,-0.02,0.0,0.49,45.13,,,,,,,,,,,
1790035483.1894903,GPS_RAW_INT,,,,,,,,,,,,,,,,,,6,10
1790035483.194604,ATTITUDE,,,,,,,,,,,,,,,0.0027736686170101166,0.003385215997695923,0.7877820730209351,,
1790035483.1949255,RAW_IMU,,,,,,,,,0,0,-1000,6,3,4,,,,,
1790035483.2123258,ATTITUDE,,,,,,,,,,,,,,,0.002794823842123151,0.003405247814953327,0.7877964973449707,,
1790035483.212695,RAW_IMU,,,,,,,,,0,0,-1001,5,4,4,,,,,
1790035483.2299824,ATTITUDE,,,,,,,,,,,,,,,0.0028157623019069433,0.003413247410207987,0.7878119945526123,,
1790035483.2307215,RAW_IMU,,,,,,,,,0,0,-1001,4,4,4,,,,,
1790035483.2539568,ATTITUDE,,,,,,,,,,,,,,,0.002861867193132639,0.0034434180706739426,0.7878270149230957,,
1790035483.254412,RAW_IMU,,,,,,,,,0,0,-1001,6,5,4,,,,,
1790035483.2715201,ATTITUDE,,,,,,,,,,,,,,,0.002908133901655674,0.003445659764111042,0.7878362536430359,,
1790035483.2721066,RAW_IMU,,,,,,,,,0,0,-1001,6,3,4,,,,,
1790035483.2891405,GLOBAL_POSITION_INT,-35.3628692,149.165718,590.13,6.329,-0.02,0.0,0.49,45.13,,,,,,,,,,,
1790035483.2894907,GPS_RAW_INT,,,,,,,,,,,,,,,,,,6,10
1790035483.2945983,ATTITUDE,,,,,,,,,,,,,,,0.002947753295302391,0.0034901483450084925,0.7878415584564209,,
1790035483.2949536,RAW_IMU,,,,,,,,,0,0,-1001,5,6,3,,,,,
1790035483.3122709,ATTITUDE,,,,,,,,,,,,,,,0.0029856308829039335,0.0034609707072377205,0.7878444194793701,,
1790035483.312657,RAW_IMU,,,,,,,,,0,0,-1001,5,2,3,,,,,
1790035483.329927,ATTITUDE,,,,,,,,,,,,,,,0.0030238002073019743,0.0034954736474901438,0.7878438234329224,,
1790035483.3301885,RAW_IMU,,,,,,,,,0,0,-1001,5,5,3,,,,,
1790035483.3531466,ATTITUDE,,,,,,,,,,,,,,,0.003060366725549102,0.0034676245413720608,0.7878421545028687,,
1790035483.3535314,RAW_IMU,,,,,,,,,0,0,-1001,5,2,3,,,,,
1790035483.37061,ATTITUDE,,,,,,,,,,,,,,,0.0030954349786043167,0.00350359664298594,0.787834107875824,,
1790035483.371217,RAW_IMU,,,,,,,,,0,0,-1001,5,5,3,,,,,
1790035483.3882704,GLOBAL_POSITION_INT,-35.3628692,149.165718,590.08,6.279,-0.02,0.0,0.49,45.13,,,,,,,,,,,
1790035483.388611,GPS_RAW_INT,,,,,,,,,,,,,,,,,,6,10
1790035483.3938127,ATTITUDE,,,,,,,,,,,,,,,0.0031292871572077274,0.0034663344267755747,0.7878255844116211,,
1790035483.3942351,RAW_IMU,,,,,,,,,0,0,-1001,5,2,3,,,,,
1790035483.411476,ATTITUDE,,,,,,,,,,,,,,,0.003162563545629382,0.0035161087289452553,0.7878166437149048,,
1790035483.4118855,RAW_IMU,,,,,,,,,0,0,-1001,5,6,3,,,,,
1790035483.434695,ATTITUDE,,,,,,,,,,,,,,,0.003194524673745036,0.0034896356519311666,0.7878045439720154,,
1790035483.435435,RAW_IMU,,,,,,,,,0,0,-1001,5,3,2,,,,,
1790035483.4523427,ATTITUDE,,,,,,,,,,,,,,,0.003225564258173108,0.0035316762514412403,0.7877945303916931,,
1790035483.4527962,RAW_IMU,,,,,,,,,0,0,-1001,5,5,2,,,,,
1790035483.471246,ATTITUDE,,,,,,,,,,,,,,,0.0032221530564129353,0.0035286792553961277,0.7877796292304993,,
1790035483.4714293,RAW_IMU,,,,,,,,,0,0,-1001,3,4,2,,,,,
1790035483.4873695,GLOBAL_POSITION_INT,-35.3628692,149.165718,590.03,6.229,-0.02,0.0,0.49,45.13,,,,,,,,,,,
1790035483.4878445,GPS_RAW_INT,,,,,,,,,,,,,,,,,,6,10
1790035483.4929597,ATTITUDE,,,,,,,,,,,,,,,0.0032128491438925266,0.003501972183585167,0.7877664566040039,,
1790035483.4935527,RAW_IMU,,,,,,,,,0,0,-1000,3,2,3,,,,,
1790035483.5106878,ATTITUDE,,,,,,,,,,,,,,,0.0031943833455443382,0.00347537687048316,0.787755012512207,,
1790035483.5111244,RAW_IMU,,,,,,,,,0,0,-1000,3,2,3,,,,,
1790035483.5339289,ATTITUDE,,,,,,,,,,,,,,,0.003160281339660287,0.003451398340985179,0.7877487540245056,,
1790035483.5343351,RAW_IMU,,,,,,,,,0,0,-1001,1,2,3,,,,,
1790035483.5516126,ATTITUDE,,,,,,,,,,,,,,,0.003149481024593115,0.00342910410836339,0.7877458930015564,,
1790035483.552152,RAW_IMU,,,,,,,,,0,0,-1001,3,2,3,,,,,
1790035483.574596,ATTITUDE,,,,,,,,,,,,,,,0.0031098229810595512,0.003406768199056387,0.7877417206764221,,
1790035483.5752864,RAW_IMU,,,,,,,,,0,0,-1001,1,2,3,,,,,
1790035483.5921412,GLOBAL_POSITION_INT,-35.3628692,149.165718,589.98,6.179,-0.02,0.0,0.49,45.13,,,,,,,,,,,
1790035483.592602,GPS_RAW_INT,,,,,,,,,,,,,,,,,,6,10
1790035483.5932658,ATTITUDE,,,,,,,,,,,,,,,0.003102052491158247,0.0034031146205961704,0.78774094581604,,
1790035483.5936427,RAW_IMU,,,,,,,,,0,0,-1001,3,3,3,,,,,
1790035483.610234,ATTITUDE,,,,,,,,,,,,,,,0.00303708016872406,0.0034026633948087692,0.7877448201179504,,
1790035483.6107361,RAW_IMU,,,,,,,,,0,0,-1001,0,3,3,,,,,
1790035483.6330016,ATTITUDE,,,,,,,,,,,,,,,0.003036497626453638,0.0034020538441836834,0.7877532839775085,,
1790035483.6334083,RAW_IMU,,,,,,,,,0,0,-1001,3,3,3,,,,,
1790035483.6508732,ATTITUDE,,,,,,,,,,,,,,,0.002969556488096714,0.0034026920329779387,0.7877622246742249,,
1790035483.6514318,RAW_IMU,,,,,,,,,0,0,-1000,0,3,3,,,,,
1790035483.673822,ATTITUDE,,,,,,,,,,,,,,,0.0029688123613595963,0.003404396353289485,0.7877709269523621,,
1790035483.6742752,RAW_IMU,,,,,,,,,0,0,-1000,3,3,4,,,,,
1790035483.6914542,GLOBAL_POSITION_INT,-35.3628692,149.165718,589.93,6.129,-0.02,0.0,0.49,45.13,,,,,,,,,,,
1790035483.6917188,GPS_RAW_INT,,,,,,,,,,,,,,,,,,6,10
1790035483.6925645,ATTITUDE,,,,,,,,,,,,,,,0.0029234488029032946,0.0033999555744230747,0.7877802848815918,,
1790035483.6928833,RAW_IMU,,,,,,,,,0,0,-1000,2,3,4,,,,,
1790035483.7145495,ATTITUDE,,,,,,,,,,,,,,,0.0028697436209768057,0.0033945534378290176,0.7877886891365051,,
1790035483.7150784,RAW_IMU,,,,,,,,,0,0,-1000,1,3,4,,,,,
1790035483.7323656,ATTITUDE,,,,,,,,,,,,,,,0.0028173986356705427,0.003405628027394414,0.7877991795539856,,
1790035483.7328596,RAW_IMU,,,,,,,,,0,0,-1000,1,4,4,,,,,
1790035483.7507129,ATTITUDE,,,,,,,,,,,,,,,0.002769012236967683,0.003414770821109414,0.7878087162971497,,
1790035483.751204,RAW_IMU,,,,,,,,,0,0,-1001,1,4,4,,,,,
1790035483.7737703,ATTITUDE,,,,,,,,,,,,,,,0.0027216048911213875,0.0034546456299722195,0.7878128290176392,,
1790035483.7741563,RAW_IMU,,,,,,,,,0,0,-1001,1,5,3,,,,,
1790035483.7913008,GLOBAL_POSITION_INT,-35.3628692,149.165718,589.88,6.079,-0.02,0.0,0.49,45.13,,,,,,,,,,,
1790035483.7917607,GPS_RAW_INT,,,,,,,,,,,,,,,,,,6,10
1790035483.7921245,ATTITUDE,,,,,,,,,,,,,,,0.0026765537913888693,0.0034464180935174227,0.7878150939941406,,
1790035483.7926145,RAW_IMU,,,,,,,,,0,0,-1001,1,4,3,,,,,
1790035483.8144493,ATTITUDE,,,,,,,,,,,,,,,0.00263518956489861,0.0035053438041359186,0.7878173589706421,,
1790035483.8149962,RAW_IMU,,,,,,,,,0,0,-1001,1,6,3,,,,,
1790035483.8322027,ATTITUDE,,,,,,,,,,,,,,,0.0025946625974029303,0.003510498907417059,0.7878177762031555,,
1790035483.832591,RAW_IMU,,,,,,,,,0,0,-1001,1,4,3,,,,,
1790035483.8498657,ATTITUDE,,,,,,,,,,,,,,,0.0025575407780706882,0.00353569770231843,0.787817656993866,,
1790035483.8503633,RAW_IMU,,,,,,,,,0,0,-1001,2,4,3,,,,,
1790035483.872919,ATTITUDE,,,,,,,,,,,,,,,0.002520821988582611,0.0035592583008110523,0.7878109216690063,,
1790035483.8732693,RAW_IMU,,,,,,,,,0,0,-1001,2,5,3,,,,,
1790035483.8905287,GLOBAL_POSITION_INT,-35.3628692,149.165718,589.83,6.029,-0.02,0.0,0.49,45.13,,,,,,,,,,,
1790035483.890912,GPS_RAW_INT,,,,,,,,,,,,,,,,,,6,10
1790035483.8914914,ATTITUDE,,,,,,,,,,,,,,,0.0024839944671839476,0.003558400087058544,0.7878039479255676,,
1790035483.8919146,RAW_IMU,,,,,,,,,0,0,-1001,2,3,3,,,,,
1790035483.9136918,ATTITUDE,,,,,,,,,,,,,,,0.002446725033223629,0.003593289293348789,0.7877984642982483,,
1790035483.9141548,RAW_IMU,,,,,,,,,0,0,-1000,2,5,3,,,,,
1790035483.931411,ATTITUDE,,,,,,,,,,,,,,,0.0024123936891555786,0.003600195050239563,0.7877930402755737,,
1790035483.931796,RAW_IMU,,,,,,,,,0,0,-1000,2,4,3,,,,,
1790035483.9544744,ATTITUDE,,,,,,,,,,,,,,,0.00238106120377779,0.003606315003708005,0.7877898216247559,,
1790035483.9548552,RAW_IMU,,,,,,,,,0,0,-1000,2,4,3,,,,,
1790035483.9739208,ATTITUDE,,,,,,,,,,,,,,,0.0023990797344595194,0.003613885957747698,0.7877830862998962,,
1790035483.9742482,RAW_IMU,,,,,,,,,0,0,-1000,4,4,3,,,,,
1790035483.9895897,GLOBAL_POSITION_INT,-35.3628692,149.165718,589.79,5.98,-0.02,0.0,0.49,45.13,,,,,,,,,,,
1790035483.9899197,GPS_RAW_INT,,,,,,,,,,,,,,,,,,6,10
1790035483.9905915,ATTITUDE,,,,,,,,,,,,,,,0.0024229742120951414,0.0036207030061632395,0.7877782583236694,,
1790035483.9911115,RAW_IMU,,,,,,,,,0,0,-1000,5,4,3,,,,,
1790035484.0129554,ATTITUDE,,,,,,,,,,,,,,,0.002445812802761793,0.003628803649917245,0.7877741456031799,,
1790035484.013442,RAW_IMU,,,,,,,,,0,0,-1000,5,4,3,,,,,
1790035484.0307014,ATTITUDE,,,,,,,,,,,,,,,0.0024681228678673506,0.003637178335338831,0.7877729535102844,,
1790035484.0311518,RAW_IMU,,,,,,,,,0,0,-1000,5,4,3,,,,,
1790035484.0537865,ATTITUDE,,,,,,,,,,,,,,,0.002490077633410692,0.003646152326837182,0.787771463394165,,
1790035484.0542574,RAW_IMU,,,,,,,,,0,0,-1000,4,4,3,,,,,
1790035484.071311,ATTITUDE,,,,,,,,,,,,,,,0.0025299161206930876,0.0036502419970929623,0.7877682447433472,,
1790035484.0717714,RAW_IMU,,,,,,,,,0,0,-1001,5,4,3,,,,,
1790035484.088811,GLOBAL_POSITION_INT,-35.3628692,149.165718,589.74,5.93,-0.02,0.0,0.49,45.13,,,,,,,,,,,
1790035484.0892336,GPS_RAW_INT,,,,,,,,,,,,,,,,,,6,10
1790035484.0943408,ATTITUDE,,,,,,,,,,,,,,,0.002524537732824683,0.0036410377360880375,0.7877683639526367,,
1790035484.094773,RAW_IMU,,,,,,,,,0,0,-1001,3,3,3,,,,,
1790035484.11207,ATTITUDE,,,,,,,,,,,,,,,0.002568631200119853,0.00361027498729527,0.7877676486968994,,
1790035484.1125588,RAW_IMU,,,,,,,,,0,0,-1001,6,2,3,,,,,
1790035484.1295602,ATTITUDE,,,,,,,,,,,,,,,0.002553241793066263,0.003594202920794487,0.7877691984176636,,
1790035484.1298718,RAW_IMU,,,,,,,,,0,0,-1001,3,2,3,,,,,
1790035484.1529708,ATTITUDE,,,,,,,,,,,,,,,0.002602227497845888,0.0035938736982643604,0.7877718210220337,,
1790035484.1533992,RAW_IMU,,,,,,,,,0,0,-1001,6,4,3,,,,,
1790035484.1705062,ATTITUDE,,,,,,,,,,,,,,,0.0026088454760611057,0.0035644539166241884,0.7877712845802307,,
1790035484.171016,RAW_IMU,,,,,,,,,0,0,-1000,4,2,3,,,,,
1790035484.1880105,GLOBAL_POSITION_INT,-35.3628692,149.165718,589.69,5.88,-0.02,0.0,0.49,45.13,,,,,,,,,,,
1790035484.1883564,GPS_RAW_INT,,,,,,,,,,,,,,,,,,6,10
1790035484.1935894,ATTITUDE,,,,,,,,,,,,,,,0.002608632203191519,0.0035350238904356956,0.7877715826034546,,
1790035484.1940818,RAW_IMU,,,,,,,,,0,0,-1000,3,2,3,,,,,
1790035484.2111814,ATTITUDE,,,,,,,,,,,,,,,0.0026251901872456074,0.003509366186335683,0.7877745032310486,,
1790035484.2115154,RAW_IMU,,,,,,,,,0,0,-1000,4,2,3,,,,,
1790035484.2344644,ATTITUDE,,,,,,,,,,,,,,,0.0026410173159092665,0.003485111054033041,0.7877785563468933,,
1790035484.2352762,RAW_IMU,,,,,,,,,0,0,-1000,4,2,3,,,,,
1790035484.2520008,ATTITUDE,,,,,,,,,,,,,,,0.0026566865853965282,0.0034630252048373222,0.7877829670906067,,
1790035484.2525504,RAW_IMU,,,,,,,,,0,0,-1000,4,2,3,,,,,
1790035484.2695594,ATTITUDE,,,,,,,,,,,,,,,0.002672025002539158,0.0034430501982569695,0.7877828478813171,,
1790035484.2698767,RAW_IMU,,,,,,,,,0,0,-1000,4,2,3,,,,,
1790035484.2871187,GLOBAL_POSITION_INT,-35.3628692,149.165718,589.64,5.83,-0.02,0.0,0.49,45.13,,,,,,,,,,,
1790035484.2875414,GPS_RAW_INT,,,,,,,,,,,,,,,,,,6,10
1790035484.2927372,ATTITUDE,,,,,,,,,,,,,,,0.0026835077442228794,0.0034176690969616175,0.7877839207649231,,
1790035484.2933817,RAW_IMU,,,,,,,,,0,0,-1000,4,2,3,,,,,
1790035484.3113098,ATTITUDE,,,,,,,,,,,,,,,0.002695671282708645,0.00339238322339952,0.7877869009971619,,
1790035484.3119261,RAW_IMU,,,,,,,,,0,0,-1000,4,2,3,,,,,
1790035484.3348248,ATTITUDE,,,,,,,,,,,,,,,0.0027076296973973513,0.003368628676980734,0.787790834903717,,
1790035484.3351867,RAW_IMU,,,,,,,,,0,0,-1000,4,2,3,,,,,
1790035484.3521037,ATTITUDE,,,,,,,,,,,,,,,0.0027188786771148443,0.0033801922108978033,0.7877940535545349,,
1790035484.3526607,RAW_IMU,,,,,,,,,0,0,-1001,4,4,3,,,,,
1790035484.3696558,ATTITUDE,,,,,,,,,,,,,,,0.0027292135637253523,0.003333216067403555,0.7877910733222961,,
1790035484.3701358,RAW_IMU,,,,,,,,,0,0,-1001,4,1,3,,,,,
1790035484.3872175,GLOBAL_POSITION_INT,-35.3628692,149.165718,589.59,5.78,-0.02,0.0,0.49,45.13,,,,,,,,,,,
1790035484.3876855,GPS_RAW_INT,,,,,,,,,,,,,,,,,,6,10
1790035484.392839,ATTITUDE,,,,,,,,,,,,,,,0.0027391978073865175,0.003372340463101864,0.7877870202064514,,
1790035484.3932536,RAW_IMU,,,,,,,,,0,0,-1001,4,5,3,,,,,
1790035484.4103453,ATTITUDE,,,,,,,,,,,,,,,0.0027488660998642445,0.003343884600326419,0.7877810001373291,,
1790035484.4107368,RAW_IMU,,,,,,,,,0,0,-1001,4,3,3,,,,,
1790035484.4336994,ATTITUDE,,,,,,,,,,,,,,,0.0027599195018410683,0.003357273992151022,0.7877761125564575,,
1790035484.434341,RAW_IMU,,,,,,,,,0,0,-1001,4,3,3,,,,,
1790035484.4517336,ATTITUDE,,,,,,,,,,,,,,,0.002769958693534136,0.0033728538546711206,0.7877699732780457,,
1790035484.4519022,RAW_IMU,,,,,,,,,0,0,-1001,4,5,3,,,,,
1790035484.4758296,ATTITUDE,,,,,,,,,,,,,,,0.0027808351442217827,0.0033554655965417624,0.7877581715583801,,
1790035484.4767847,RAW_IMU,,,,,,,,,0,0,-1001,4,2,3,,,,,
1790035484.49179,GLOBAL_POSITION_INT,-35.3628692,149.165718,589.54,5.73,-0.02,0.0,0.49,45.13,,,,,,,,,,,
1790035484.4922338,GPS_RAW_INT,,,,,,,,,,,,,,,,,,6,10
1790035484.4927664,ATTITUDE,,,,,,,,,,,,,,,0.0027876265812665224,0.003368635196238756,0.7877451777458191,,
1790035484.493347,RAW_IMU,,,,,,,,,0,0,-1001,4,4,3,,,,,
1790035484.509631,ATTITUDE,,,,,,,,,,,,,,,0.0027936098631471395,0.0033264574594795704,0.7877321839332581,,
1790035484.5102813,RAW_IMU,,,,,,,,,0,0,-1000,4,2,2,,,,,
1790035484.532766,ATTITUDE,,,,,,,,,,,,,,,0.00279962457716465,0.0033038754481822252,0.7877206802368164,,
1790035484.5332644,RAW_IMU,,,,,,,,,0,0,-1000,4,2,3,,,,,
1790035484.550403,ATTITUDE,,,,,,,,,,,,,,,0.0028052241541445255,0.00328246271237731,0.7877106666564941,,
1790035484.550801,RAW_IMU,,,,,,,,,0,0,-1000,4,3,3,,,,,
1790035484.5742579,ATTITUDE,,,,,,,,,,,,,,,0.002810852834954858,0.003262892598286271,0.7876964211463928,,
1790035484.5748034,RAW_IMU,,,,,,,,,0,0,-1000,4,3,3,,,,,
1790035484.5918515,GLOBAL_POSITION_INT,-35.3628692,149.165718,589.49,5.68,-0.02,0.0,0.49,45.13,,,,,,,,,,,
1790035484.5923846,GPS_RAW_INT,,,,,,,,,,,,,,,,,,6,10
1790035484.5928476,ATTITUDE,,,,,,,,,,,,,,,0.002800063695758581,0.003244902240112424,0.7876859307289124,,
1790035484.5936453,RAW_IMU,,,,,,,,,0,0,-1001,3,3,3,,,,,
1790035484.6099162,ATTITUDE,,,,,,,,,,,,,,,0.0028167583514004946,0.0032283684704452753,0.7876805067062378,,
1790035484.6104083,RAW_IMU,,,,,,,,,0,0,-1001,4,3,3,,,,,
1790035484.632791,ATTITUDE,,,,,,,,,,,,,,,0.002783874049782753,0.0032139220274984837,0.7876791954040527,,
1790035484.6330962,RAW_IMU,,,,,,,,,0,0,-1001,2,3,3,,,,,
1790035484.6504617,ATTITUDE,,,,,,,,,,,,,,,0.0028157804626971483,0.003201170824468136,0.7876813411712646,,
1790035484.6509218,RAW_IMU,,,,,,,,,0,0,-1001,4,3,3,,,,,
1790035484.6735196,ATTITUDE,,,,,,,,,,,,,,,0.0027797480579465628,0.0031913015991449356,0.7876833081245422,,
1790035484.6738603,RAW_IMU,,,,,,,,,0,0,-1001,2,3,3,,,,,
1790035484.6910892,GLOBAL_POSITION_INT,-35.3628692,149.165718,589.44,5.63,-0.02,0.0,0.49,45.13,,,,,,,,,,,
1790035484.6914566,GPS_RAW_INT,,,,,,,,,,,,,,,,,,6,10
1790035484.6921182,ATTITUDE,,,,,,,,,,,,,,,0.0027949532959610224,0.0031739859841763973,0.7876894474029541,,
1790035484.6925783,RAW_IMU,,,,,,,,,0,0,-1001,4,3,4,,,,,
1790035484.714292,ATTITUDE,,,,,,,,,,,,,,,0.0027677130419760942,0.003156673861667514,0.7876991629600525,,
1790035484.7147229,RAW_IMU,,,,,,,,,0,0,-1001,3,3,4,,,,,
1790035484.7322743,ATTITUDE,,,,,,,,,,,,,,,0.0027553944382816553,0.0031424849294126034,0.7877113223075867,,
1790035484.732851,RAW_IMU,,,,,,,,,0,0,-1001,2,3,4,,,,,
1790035484.7495039,ATTITUDE,,,,,,,,,,,,,,,0.0027545513585209846,0.0031281074043363333,0.7877236604690552,,
1790035484.7498372,RAW_IMU,,,,,,,,,0,0,-1001,4,3,4,,,,,
1790035484.7727056,ATTITUDE,,,,,,,,,,,,,,,0.0027253625448793173,0.003119115484878421,0.7877352833747864,,
1790035484.7730906,RAW_IMU,,,,,,,,,0,0,-1001,2,3,4,,,,,
1790035484.7901466,GLOBAL_POSITION_INT,-35.3628692,149.165718,589.39,5.58,-0.02,0.0,0.49,45.13,,,,,,,,,,,
1790035484.7904246,GPS_RAW_INT,,,,,,,,,,,,,,,,,,6,10
1790035484.7911956,ATTITUDE,,,,,,,,,,,,,,,0.0027354357298463583,0.003152233548462391,0.7877472043037415,,
1790035484.791646,RAW_IMU,,,,,,,,,0,0,-1001,4,5,4,,,,,
1790035484.8134794,ATTITUDE,,,,,,,,,,,,,,,0.0027464209124445915,0.003140542423352599,0.7877586483955383,,
1790035484.8139257,RAW_IMU,,,,,,,,,0,0,-1000,4,3,4,,,,,
1790035484.8312643,ATTITUDE,,,,,,,,,,,,,,,0.002757061505690217,0.00315294461324811,0.7877715229988098,,
1790035484.8318672,RAW_IMU,,,,,,,,,0,0,-1000,4,4,4,,,,,
1790035484.8541257,ATTITUDE,,,,,,,,,,,,,,,0.002767407801002264,0.0031836703419685364,0.7877819538116455,,
1790035484.854801,RAW_IMU,,,,,,,,,0,0,-1001,4,5,4,,,,,
1790035484.871882,ATTITUDE,,,,,,,,,,,,,,,0.0027780956588685513,0.0032012846786528826,0.7877878546714783,,
1790035484.8723135,RAW_IMU,,,,,,,,,0,0,-1000,4,4,4,,,,,
1790035484.8893092,GLOBAL_POSITION_INT,-35.3628693,149.165718,589.34,5.531,-0.02,0.0,0.49,45.13,,,,,,,,,,,
1790035484.889742,GPS_RAW_INT,,,,,,,,,,,,,,,,,,6,10
1790035484.890331,ATTITUDE,,,,,,,,,,,,,,,0.0027835355140268803,0.0032269733492285013,0.7877931594848633,,
1790035484.8906527,RAW_IMU,,,,,,,,,0,0,-1001,4,5,3,,,,,
1790035484.912554,ATTITUDE,,,,,,,,,,,,,,,0.0027909500058740377,0.003208601614460349,0.7877967357635498,,
1790035484.9130387,RAW_IMU,,,,,,,,,0,0,-1001,4,3,3,,,,,
1790035484.930426,ATTITUDE,,,,,,,,,,,,,,,0.002797665074467659,0.003244117833673954,0.7878001928329468,,
1790035484.9309785,RAW_IMU,,,,,,,,,0,0,-1001,4,5,3,,,,,
1790035484.953362,ATTITUDE,,,,,,,,,,,,,,,0.002804668853059411,0.003225744469091296,0.787801206111908,,
1790035484.9537911,RAW_IMU,,,,,,,,,0,0,-1001,4,3,3,,,,,
1790035484.9723327,ATTITUDE,,,,,,,,,,,,,,,0.0028106465470045805,0.0032763013150542974,0.7877988219261169,,
1790035484.9726663,RAW_IMU,,,,,,,,,0,0,-1001,4,6,3,,,,,
1790035484.9885435,GLOBAL_POSITION_INT,-35.3628693,149.165718,589.29,5.481,-0.02,0.0,0.49,45.13,,,,,,,,,,,
1790035484.9888675,GPS_RAW_INT,,,,,,,,,,,,,,,,,,6,10
1790035484.9940157,ATTITUDE,,,,,,,,,,,,,,,0.00281728757545352,0.0032764351926743984,0.7877970337867737,,
1790035484.9943647,RAW_IMU,,,,,,,,,0,0,-1000,4,4,3,,,,,
1790035485.0116928,ATTITUDE,,,,,,,,,,,,,,,0.0028240305837243795,0.0032764894422143698,0.78779536485672,,
1790035485.0120819,RAW_IMU,,,,,,,,,0,0,-1000,4,3,3,,,,,
1790035485.0350864,ATTITUDE,,,,,,,,,,,,,,,0.002832378027960658,0.003278633113950491,0.7877951860427856,,
1790035485.0353827,RAW_IMU,,,,,,,,,0,0,-1000,4,4,3,,,,,
1790035485.0526145,ATTITUDE,,,,,,,,,,,,,,,0.002839786931872368,0.0032808189280331135,0.78779536485672,,
1790035485.053134,RAW_IMU,,,,,,,,,0,0,-1000,4,3,3,,,,,
1790035485.070244,ATTITUDE,,,,,,,,,,,,,,,0.002844198839738965,0.0032795709557831287,0.7877946496009827,,
1790035485.0707362,RAW_IMU,,,,,,,,,0,0,-1000,4,3,3,,,,,
1790035485.0877821,GLOBAL_POSITION_INT,-35.3628693,149.165718,589.24,5.431,-0.02,0.0,0.49,45.13,,,,,,,,,,,
1790035485.0882244,GPS_RAW_INT,,,,,,,,,,,,,,,,,,6,10
1790035485.093292,ATTITUDE,,,,,,,,,,,,,,,0.0028478698804974556,0.003276623785495758,0.7877929210662842,,
1790035485.0937157,RAW_IMU,,,,,,,,,0,0,-1000,4,3,3,,,,,
1790035485.11103,ATTITUDE,,,,,,,,,,,,,,,0.002851618453860283,0.0032742151524871588,0.7877929210662842,,
1790035485.111593,RAW_IMU,,,,,,,,,0,0,-1000,4,3,3,,,,,
1790035485.135783,ATTITUDE,,,,,,,,,,,,,,,0.0028552033472806215,0.003272227942943573,0.7877953052520752,,
1790035485.135973,RAW_IMU,,,,,,,,,0,0,-1000,4,3,3,,,,,
1790035485.1518617,ATTITUDE,,,,,,,,,,,,,,,0.0028589460998773575,0.0032698307186365128,0.787796676158905,,
1790035485.152497,RAW_IMU,,,,,,,,,0,0,-1000,4,3,3,,,,,
1790035485.1748645,ATTITUDE,,,,,,,,,,,,,,,0.0028012781403958797,0.0032689119689166546,0.7877957224845886,,
1790035485.1752703,RAW_IMU,,,,,,,,,0,0,-1001,1,3,3,,,,,
1790035485.192486,GLOBAL_POSITION_INT,-35.3628693,149.165718,589.19,5.381,-0.02,0.0,0.49,45.13,,,,,,,,,,,
1790035485.1927235,GPS_RAW_INT,,,,,,,,,,,,,,,,,,6,10
1790035485.1935356,ATTITUDE,,,,,,,,,,,,,,,0.0027783222030848265,0.0032702875323593616,0.7877963185310364,,
1790035485.1942563,RAW_IMU,,,,,,,,,0,0,-1000,2,4,3,,,,,
1790035485.2100394,ATTITUDE,,,,,,,,,,,,,,,0.002725801896303892,0.003271236317232251,0.7878023386001587,,
1790035485.2106483,RAW_IMU,,,,,,,,,0,0,-1000,1,3,3,,,,,
1790035485.2334175,ATTITUDE,,,,,,,,,,,,,,,0.002664722967892885,0.003271948080509901,0.787809431552887,,
1790035485.2339852,RAW_IMU,,,,,,,,,0,0,-1000,0,3,3,,,,,
1790035485.2509198,ATTITUDE,,,,,,,,,,,,,,,0.0026057707145810127,0.003274310613051057,0.7878148555755615,,
1790035485.2513185,RAW_IMU,,,,,,,,,0,0,-1000,0,3,3,,,,,
1790035485.274157,ATTITUDE,,,,,,,,,,,,,,,0.002548294374719262,0.003276871982961893,0.7878186106681824,,
1790035485.2745306,RAW_IMU,,,,,,,,,0,0,-1000,0,3,3,,,,,
1790035485.291608,GLOBAL_POSITION_INT,-35.3628693,149.165718,589.14,5.331,-0.02,0.0,0.49,45.13,,,,,,,,,,,
1790035485.291958,GPS_RAW_INT,,,,,,,,,,,,,,,,,,6,10
1790035485.2926738,ATTITUDE,,,,,,,,,,,,,,,0.0024905288591980934,0.0032729769591242075,0.7878233194351196,,
1790035485.293183,RAW_IMU,,,,,,,,,0,0,-1000,1,3,3,,,,,
1790035485.31481,ATTITUDE,,,,,,,,,,,,,,,0.0024363447446376085,0.003270357381552458,0.787828803062439,,
1790035485.3151062,RAW_IMU,,,,,,,,,0,0,-1000,1,3,3,,,,,
1790035485.332572,ATTITUDE,,,,,,,,,,,,,,,0.0023823941592127085,0.0032685815822333097,0.7878357172012329,,
1790035485.332925,RAW_IMU,,,,,,,,,0,0,-1000,1,3,3,,,,,
1790035485.3502913,ATTITUDE,,,,,,,,,,,,,,,0.0023289339151233435,0.0032699357252568007,0.7878422141075134,,
1790035485.3511527,RAW_IMU,,,,,,,,,0,0,-1001,1,3,3,,,,,
1790035485.3733385,ATTITUDE,,,,,,,,,,,,,,,0.002280573593452573,0.003265396924689412,0.7878427505493164,,
1790035485.3737943,RAW_IMU,,,,,,,,,0,0,-1001,1,3,3,,,,,
1790035485.3908195,GLOBAL_POSITION_INT,-35.3628693,149.165718,589.09,5.281,-0.02,0.0,0.49,45.14,,,,,,,,,,,
1790035485.3913057,GPS_RAW_INT,,,,,,,,,,,,,,,,,,6,10
1790035485.3920107,ATTITUDE,,,,,,,,,,,,,,,0.002234731102362275,0.003276881529018283,0.7878428101539612,,
1790035485.392497,RAW_IMU,,,,,,,,,0,0,-1001,1,4,3,,,,,
1790035485.4141927,ATTITUDE,,,,,,,,,,,,,,,0.002190690953284502,0.003277064301073551,0.7878401875495911,,
1790035485.4146624,RAW_IMU,,,,,,,,,0,0,-1001,1,3,3,,,,,
1790035485.4319031,ATTITUDE,,,,,,,,,,,,,,,0.0021498347632586956,0.00327683100476861,0.7878369092941284,,
1790035485.4324052,RAW_IMU,,,,,,,,,0,0,-1001,1,4,3,,,,,
1790035485.4547794,ATTITUDE,,,,,,,,,,,,,,,0.0021097532007843256,0.003278210759162903,0.7878323197364807,,
1790035485.4552212,RAW_IMU,,,,,,,,,0,0,-1001,1,3,3,,,,,
1790035485.475019,ATTITUDE,,,,,,,,,,,,,,,0.002071121707558632,0.0032831307034939528,0.7878230810165405,,
1790035485.475391,RAW_IMU,,,,,,,,,0,0,-1001,1,4,3,,,,,
1790035485.4900162,GLOBAL_POSITION_INT,-35.3628693,149.165718,589.04,5.231,-0.02,0.0,0.49,45.13,,,,,,,,,,,
1790035485.4905186,GPS_RAW_INT,,,,,,,,,,,,,,,,,,6,10
1790035485.491024,ATTITUDE,,,,,,,,,,,,,,,0.002032241318374872,0.0032745152711868286,0.7878125905990601,,
1790035485.4914634,RAW_IMU,,,,,,,,,0,0,-1001,2,3,3,,,,,
1790035485.5132535,ATTITUDE,,,,,,,,,,,,,,,0.0019949243869632483,0.003289272775873542,0.7878039479255676,,
1790035485.5138144,RAW_IMU,,,,,,,,,0,0,-1000,2,4,3,,,,,
1790035485.5310056,ATTITUDE,,,,,,,,,,,,,,,0.0019602905958890915,0.0033047881443053484,0.7877957224845886,,
1790035485.5313942,RAW_IMU,,,,,,,,,0,0,-1000,2,4,3,,,,,
1790035485.5540566,ATTITUDE,,,,,,,,,,,,,,,0.0019730546046048403,0.0033196667209267616,0.7877891063690186,,
1790035485.5544195,RAW_IMU,,,,,,,,,0,0,-1001,4,4,3,,,,,
1790035485.5716448,ATTITUDE,,,,,,,,,,,,,,,0.001988864503800869,0.00333406706340611,0.7877817153930664,,
1790035485.5719044,RAW_IMU,,,,,,,,,0,0,-1000,5,4,3,,,,,
1790035485.589217,GLOBAL_POSITION_INT,-35.3628693,149.165718,588.99,5.181,-0.02,0.0,0.49,45.13,,,,,,,,,,,
1790035485.5895247,GPS_RAW_INT,,,,,,,,,,,,,,,,,,6,10
1790035485.5946846,ATTITUDE,,,,,,,,,,,,,,,0.0019900230690836906,0.0033488827757537365,0.7877768278121948,,
1790035485.5951312,RAW_IMU,,,,,,,,,0,0,-1000,4,4,3,,,,,
1790035485.6125827,ATTITUDE,,,,,,,,,,,,,,,0.0020070229656994343,0.0033644745126366615,0.7877731323242188,,
1790035485.6128867,RAW_IMU,,,,,,,,,0,0,-1000,4,4,3,,,,,
1790035485.6303403,ATTITUDE,,,,,,,,,,,,,,,0.0020283435005694628,0.0033798227086663246,0.7877717018127441,,
1790035485.6306427,RAW_IMU,,,,,,,,,0,0,-1000,5,4,3,,,,,
1790035485.6532707,ATTITUDE,,,,,,,,,,,,,,,0.0020488521549850702,0.003395568113774061,0.7877700924873352,,
1790035485.653691,RAW_IMU,,,,,,,,,0,0,-1000,4,4,3,,,,,
1790035485.670857,ATTITUDE,,,,,,,,,,,,,,,0.0020681493915617466,0.0033948440104722977,0.787765383720398,,
1790035485.6712158,RAW_IMU,,,,,,,,,0,0,-1000,4,3,3,,,,,
1790035485.6889286,GLOBAL_POSITION_INT,-35.3628693,149.165718,588.94,5.131,-0.02,0.0,0.49,45.13,,,,,,,,,,,
1790035485.6890743,GPS_RAW_INT,,,,,,,,,,,,,,,,,,6,10
1790035485.6939993,ATTITUDE,,,,,,,,,,,,,,,0.0020830000285059214,0.003385659074410796,0.7877610921859741,,
1790035485.6944773,RAW_IMU,,,,,,,,,0,0,-1000,4,3,3,,,,,
1790035485.7115295,ATTITUDE,,,,,,,,,,,,,,,0.00209927000105381,0.0033586525823920965,0.7877573370933533,,
1790035485.7121418,RAW_IMU,,,,,,,,,0,0,-1000,4,2,3,,,,,
1790035485.7349193,ATTITUDE,,,,,,,,,,,,,,,0.0021277694031596184,0.00335958250798285,0.7877554297447205,,
1790035485.7358205,RAW_IMU,,,,,,,,,0,0,-1001,5,3,3,,,,,
1790035485.7525082,ATTITUDE,,,,,,,,,,,,,,,0.002109673572704196,0.003309462685137987,0.7877529263496399,,
1790035485.7529378,RAW_IMU,,,,,,,,,0,0,-1001,3,2,3,,,,,
1790035485.770091,ATTITUDE,,,,,,,,,,,,,,,0.0021527674980461597,0.0033149784430861473,0.7877476811408997,,
1790035485.7703605,RAW_IMU,,,,,,,,,0,0,-1001,5,3,3,,,,,
1790035485.7876124,GLOBAL_POSITION_INT,-35.3628693,149.165718,588.89,5.081,-0.02,0.0,0.49,45.13,,,,,,,,,,,
1790035485.7879474,GPS_RAW_INT,,,,,,,,,,,,,,,,,,6,10
1790035485.7931242,ATTITUDE,,,,,,,,,,,,,,,0.0021664306987076998,0.0032963305711746216,0.7877430319786072,,
1790035485.7938895,RAW_IMU,,,,,,,,,0,0,-1001,4,3,3,,,,,
1790035485.8108084,ATTITUDE,,,,,,,,,,,,,,,0.0021795863285660744,0.003266744315624237,0.7877377271652222,,
1790035485.8112981,RAW_IMU,,,,,,,,,0,0,-1001,4,2,3,,,,,
1790035485.8340564,ATTITUDE,,,,,,,,,,,,,,,0.0021936094854027033,0.0032862110529094934,0.7877339720726013,,
1790035485.8345687,RAW_IMU,,,,,,,,,0,0,-1000,4,4,3,,,,,
1790035485.8517125,ATTITUDE,,,,,,,,,,,,,,,0.002207753714174032,0.0033054344821721315,0.7877288460731506,,
1790035485.8519535,RAW_IMU,,,,,,,,,0,0,-1000,4,4,3,,,,,
1790035485.874679,ATTITUDE,,,,,,,,,,,,,,,0.002221764298155904,0.003324153833091259,0.7877224087715149,,
1790035485.8752768,RAW_IMU,,,,,,,,,0,0,-1000,4,4,3,,,,,
1790035485.8922157,GLOBAL_POSITION_INT,-35.3628693,149.165718,588.84,5.031,-0.02,0.0,0.49,45.13,,,,,,,,,,,
1790035485.8925292,GPS_RAW_INT,,,,,,,,,,,,,,,,,,6,10
1790035485.8932881,ATTITUDE,,,,,,,,,,,,,,,0.0022314349189400673,0.0033367732539772987,0.7877166271209717,,
1790035485.8937895,RAW_IMU,,,,,,,,,0,0,-1000,4,4,3,,,,,
1790035485.9099011,ATTITUDE,,,,,,,,,,,,,,,0.0022412408143281937,0.0033493093214929104,0.7877134084701538,,
1790035485.910304,RAW_IMU,,,,,,,,,0,0,-1000,4,4,3,,,,,
1790035485.9331508,ATTITUDE,,,,,,,,,,,,,,,0.0022514371667057276,0.0033577578142285347,0.7877109050750732,,
1790035485.933597,RAW_IMU,,,,,,,,,0,0,-1000,4,4,3,,,,,
1790035485.950961,ATTITUDE,,,,,,,,,,,,,,,0.002244276460260153,0.003351326799020171,0.787708044052124,,
1790035485.9515584,RAW_IMU,,,,,,,,,0,0,-1000,3,3,3,,,,,
1790035485.9761293,ATTITUDE,,,,,,,,,,,,,,,0.002279269276186824,0.0033459034748375416,0.7877041697502136,,
1790035485.976689,RAW_IMU,,,,,,,,,0,0,-1001,5,3,3,,,,,
1790035485.9913404,GLOBAL_POSITION_INT,-35.3628693,149.165718,588.79,4.981,-0.02,0.0,0.49,45.13,,,,,,,,,,,
1790035485.9917524,GPS_RAW_INT,,,,,,,,,,,,,,,,,,6,10
1790035485.9923072,ATTITUDE,,,,,,,,,,,,,,,0.0022557461634278297,0.0033418857492506504,0.7877040505409241,,
1790035485.9928143,RAW_IMU,,,,,,,,,0,0,-1001,3,3,3,,,,,
1790035486.0146186,ATTITUDE,,,,,,,,,,,,,,,0.0022921147756278515,0.003337552770972252,0.7877074480056763,,
1790035486.015079,RAW_IMU,,,,,,,,,0,0,-1001,5,3,3,,,,,
1790035486.0323315,ATTITUDE,,,,,,,,,,,,,,,0.002274668077006936,0.0033343022223562002,0.7877148389816284,,
1790035486.0326593,RAW_IMU,,,,,,,,,0,0,-1001,3,3,3,,,,,
1790035486.0499732,ATTITUDE,,,,,,,,,,,,,,,0.0022951571736484766,0.0033324905671179295,0.7877227663993835,,
1790035486.0504768,RAW_IMU,,,,,,,,,0,0,-1001,4,3,4,,,,,
1790035486.073066,ATTITUDE,,,,,,,,,,,,,,,0.0022863547783344984,0.0033304609823971987,0.7877272963523865,,
1790035486.0734544,RAW_IMU,,,,,,,,,0,0,-1001,3,3,3,,,,,
1790035486.0905066,GLOBAL_POSITION_INT,-35.3628693,149.165718,588.74,4.931,-0.02,0.0,0.49,45.13,,,,,,,,,,,
1790035486.090883,GPS_RAW_INT,,,,,,,,,,,,,,,,,,6,10
1790035486.0917006,ATTITUDE,,,,,,,,,,,,,,,0.0022888018283993006,0.0033237116876989603,0.787736177444458,,
1790035486.0922723,RAW_IMU,,,,,,,,,0,0,-1001,3,3,4,,,,,
1790035486.113826,ATTITUDE,,,,,,,,,,,,,,,0.0023149801418185234,0.00328733678907156,0.7877457141876221,,
1790035486.1143465,RAW_IMU,,,,,,,,,0,0,-1001,5,2,4,,,,,
1790035486.1315963,ATTITUDE,,,,,,,,,,,,,,,0.00234101596288383,0.003259239951148629,0.787755012512207,,
1790035486.132267,RAW_IMU,,,,,,,,,0,0,-1001,5,2,4,,,,,
1790035486.1546412,ATTITUDE,,,,,,,,,,,,,,,0.0023656522389501333,0.003209236776456237,0.787761390209198,,
1790035486.1552181,RAW_IMU,,,,,,,,,0,0,-1001,5,1,3,,,,,
1790035486.172257,ATTITUDE,,,,,,,,,,,,,,,0.002389689674600959,0.0032051047310233116,0.7877640128135681,,
1790035486.172804,RAW_IMU,,,,,,,,,0,0,-1001,5,3,3,,,,,
1790035486.1898136,GLOBAL_POSITION_INT,-35.3628693,149.165718,588.69,4.882,-0.02,0.0,0.49,45.13,,,,,,,,,,,
1790035486.1903706,GPS_RAW_INT,,,,,,,,,,,,,,,,,,6,10
1790035486.1910381,ATTITUDE,,,,,,,,,,,,,,,0.0024132265243679285,0.003172907279804349,0.7877638339996338,,
1790035486.1916943,RAW_IMU,,,,,,,,,0,0,-1001,5,3,3,,,,,
1790035486.2130184,ATTITUDE,,,,,,,,,,,,,,,0.0024355417117476463,0.0031538091134279966,0.7877634763717651,,
1790035486.2137036,RAW_IMU,,,,,,,,,0,0,-1001,5,2,3,,,,,
1790035486.2308528,ATTITUDE,,,,,,,,,,,,,,,0.0024581816978752613,0.0031585521064698696,0.7877628207206726,,
1790035486.2313378,RAW_IMU,,,,,,,,,0,0,-1001,5,4,3,,,,,
1790035486.253862,ATTITUDE,,,,,,,,,,,,,,,0.0024800740648061037,0.0031187832355499268,0.7877600193023682,,
1790035486.254303,RAW_IMU,,,,,,,,,0,0,-1001,4,1,3,,,,,
1790035486.2713833,ATTITUDE,,,,,,,,,,,,,,,0.0025025359354913235,0.0031260887626558542,0.7877547144889832,,
1790035486.2720609,RAW_IMU,,,,,,,,,0,0,-1000,4,3,3,,,,,
1790035486.2889547,GLOBAL_POSITION_INT,-35.3628693,149.165718,588.64,4.832,-0.02,0.0,0.49,45.13,,,,,,,,,,,
1790035486.2892032,GPS_RAW_INT,,,,,,,,,,,,,,,,,,6,10
1790035486.2944996,ATTITUDE,,,,,,,,,,,,,,,0.0025197812356054783,0.0031285376753658056,0.7877498865127563,,
1790035486.2948244,RAW_IMU,,,,,,,,,0,0,-1000,4,4,3,,,,,
1790035486.3121803,ATTITUDE,,,,,,,,,,,,,,,0.0025373627431690693,0.0031297923997044563,0.7877469062805176,,
1790035486.3126419,RAW_IMU,,,,,,,,,0,0,-1000,4,4,3,,,,,
1790035486.3299758,ATTITUDE,,,,,,,,,,,,,,,0.002554073464125395,0.0031310170888900757,0.7877453565597534,,
1790035486.3303838,RAW_IMU,,,,,,,,,0,0,-1000,4,4,3,,,,,
1790035486.3530037,ATTITUDE,,,,,,,,,,,,,,,0.0025704943109303713,0.00313324062153697,0.7877431511878967,,
1790035486.3534384,RAW_IMU,,,,,,,,,0,0,-1000,4,4,3,,,,,
1790035486.3705645,ATTITUDE,,,,,,,,,,,,,,,0.0025869118981063366,0.003135190112516284,0.7877385020256042,,
1790035486.3708885,RAW_IMU,,,,,,,,,0,0,-1000,4,4,3,,,,,
1790035486.388053,GLOBAL_POSITION_INT,-35.3628693,149.165718,588.59,4.782,-0.02,0.0,0.49,45.13,,,,,,,,,,,
1790035486.3883264,GPS_RAW_INT,,,,,,,,,,,,,,,,,,6,10
1790035486.3936963,ATTITUDE,,,,,,,,,,,,,,,0.002601905958727002,0.0031384865287691355,0.7877362370491028,,
1790035486.3941815,RAW_IMU,,,,,,,,,0,0,-1000,4,4,3,,,,,
1790035486.411335,ATTITUDE,,,,,,,,,,,,,,,0.002617740537971258,0.0031427033245563507,0.7877350449562073,,
1790035486.4117343,RAW_IMU,,,,,,,,,0,0,-1000,4,4,3,,,,,
1790035486.4346573,ATTITUDE,,,,,,,,,,,,,,,0.0026332668494433165,0.003147261682897806,0.787735641002655,,
1790035486.4350398,RAW_IMU,,,,,,,,,0,0,-1000,4,4,3,,,,,
1790035486.4521966,ATTITUDE,,,,,,,,,,,,,,,0.0026492681354284286,0.003152376040816307,0.7877348065376282,,
1790035486.4527385,RAW_IMU,,,,,,,,,0,0,-1000,4,4,3,,,,,
1790035486.477781,ATTITUDE,,,,,,,,,,,,,,,0.00266443332657218,0.003157916245982051,0.7877324223518372,,
1790035486.4782555,RAW_IMU,,,,,,,,,0,0,-1000,4,4,3,,,,,
1790035486.4872665,GLOBAL_POSITION_INT,-35.3628693,149.165718,588.54,4.732,-0.02,0.0,0.49,45.13,,,,,,,,,,,
1790035486.4876313,GPS_RAW_INT,,,,,,,,,,,,,,,,,,6,10
1790035486.492983,ATTITUDE,,,,,,,,,,,,,,,0.0026750536635518074,0.003156803548336029,0.7877316474914551,,
1790035486.4933743,RAW_IMU,,,,,,,,,0,0,-1000,4,4,3,,,,,
1790035486.510631,ATTITUDE,,,,,,,,,,,,,,,0.0026867291890084743,0.003148026531562209,0.7877302169799805,,
1790035486.51103,RAW_IMU,,,,,,,,,0,0,-1001,4,3,3,,,,,
1790035486.5343273,ATTITUDE,,,,,,,,,,,,,,,0.0026978375390172005,0.0031302496790885925,0.7877298593521118,,
1790035486.5353262,RAW_IMU,,,,,,,,,0,0,-1001,4,2,3,,,,,
1790035486.5546458,ATTITUDE,,,,,,,,,,,,,,,0.0027086117770522833,0.003131395671516657,0.7877285480499268,,
1790035486.5551593,RAW_IMU,,,,,,,,,0,0,-1001,4,4,3,,,,,
1790035486.572653,ATTITUDE,,,,,,,,,,,,,,,0.002717997645959258,0.0030977835413068533,0.7877228260040283,,
1790035486.5731938,RAW_IMU,,,,,,,,,0,0,-1001,4,2,3,,,,,
1790035486.5910182,GLOBAL_POSITION_INT,-35.3628693,149.165718,588.49,4.682,-0.02,0.0,0.49,45.13,,,,,,,,,,,
1790035486.592072,GPS_RAW_INT,,,,,,,,,,,,,,,,,,6,10
1790035486.5932152,ATTITUDE,,,,,,,,,,,,,,,0.0027273250743746758,0.0031019900925457478,0.7877170443534851,,
1790035486.5940158,RAW_IMU,,,,,,,,,0,0,-1001,4,4,3,,,,,
1790035486.6100519,ATTITUDE,,,,,,,,,,,,,,,0.0027378788217902184,0.0030613550916314125,0.7877105474472046,,
1790035486.6111503,RAW_IMU,,,,,,,,,0,0,-1001,4,1,3,,,,,
1790035486.6344628,ATTITUDE,,,,,,,,,,,,,,,0.002749005099758506,0.0030682545620948076,0.7877039313316345,,
1790035486.6356242,RAW_IMU,,,,,,,,,0,0,-1000,4,4,3,,,,,
1790035486.6529448,ATTITUDE,,,,,,,,,,,,,,,0.0027584279887378216,0.0030750534497201443,0.7876973152160645,,
1790035486.6532948,RAW_IMU,,,,,,,,,0,0,-1000,4,4,3,,,,,
1790035486.6705854,ATTITUDE,,,,,,,,,,,,,,,0.0027675279416143894,0.003082479815930128,0.7876895666122437,,
1790035486.670997,RAW_IMU,,,,,,,,,0,0,-1000,4,4,3,,,,,
1790035486.6880126,GLOBAL_POSITION_INT,-35.3628693,149.165718,588.44,4.632,-0.02,0.0,0.49,45.13,,,,,,,,,,,
1790035486.688651,GPS_RAW_INT,,,,,,,,,,,,,,,,,,6,10
1790035486.693656,ATTITUDE,,,,,,,,,,,,,,,0.002759365364909172,0.0030845964793115854,0.7876831889152527,,
1790035486.694415,RAW_IMU,,,,,,,,,0,0,-1001,3,4,3,,,,,
1790035486.7112658,ATTITUDE,,,,,,,,,,,,,,,0.002783034695312381,0.003086704295128584,0.7876806855201721,,
1790035486.711704,RAW_IMU,,,,,,,,,0,0,-1001,5,4,3,,,,,
1790035486.7343853,ATTITUDE,,,,,,,,,,,,,,,0.0027392965275794268,0.003088480792939663,0.7876821756362915,,
1790035486.7348273,RAW_IMU,,,,,,,,,0,0,-1001,2,4,3,,,,,
1790035486.7521496,ATTITUDE,,,,,,,,,,,,,,,0.002762496704235673,0.0030901911668479443,0.7876862287521362,,
1790035486.7524867,RAW_IMU,,,,,,,,,0,0,-1001,4,4,3,,,,,
1790035486.7699325,ATTITUDE,,,,,,,,,,,,,,,0.0027185683138668537,0.0030936268158257008,0.7876902222633362,,
1790035486.7704742,RAW_IMU,,,,,,,,,0,0,-1001,2,4,3,,,,,
1790035486.7873454,GLOBAL_POSITION_INT,-35.3628693,149.165718,588.39,4.582,-0.02,0.0,0.49,45.13,,,,,,,,,,,
1790035486.7876635,GPS_RAW_INT,,,,,,,,,,,,,,,,,,6,10
1790035486.7928305,ATTITUDE,,,,,,,,,,,,,,,0.002746223472058773,0.003098374232649803,0.7876977920532227,,
1790035486.7933042,RAW_IMU,,,,,,,,,0,0,-1001,4,4,4,,,,,
1790035486.8105206,ATTITUDE,,,,,,,,,,,,,,,0.002718979259952903,0.003102367976680398,0.7877082228660583,,
1790035486.8112097,RAW_IMU,,,,,,,,,0,0,-1001,3,4,4,,,,,
1790035486.8337624,ATTITUDE,,,,,,,,,,,,,,,0.002712872577831149,0.0031077784951776266,0.7877211570739746,,
1790035486.8342469,RAW_IMU,,,,,,,,,0,0,-1001,3,4,4,,,,,
1790035486.8513877,ATTITUDE,,,,,,,,,,,,,,,0.002724417019635439,0.0031128935515880585,0.7877334356307983,,
1790035486.8518007,RAW_IMU,,,,,,,,,0,0,-1000,4,4,4,,,,,
1790035486.8743384,ATTITUDE,,,,,,,,,,,,,,,0.002735418500378728,0.0031183473765850067,0.7877426147460938,,
1790035486.8748152,RAW_IMU,,,,,,,,,0,0,-1000,4,4,4,,,,,
1790035486.8919,GLOBAL_POSITION_INT,-35.3628693,149.165718,588.34,4.532,-0.02,0.0,0.49,45.13,,,,,,,,,,,
1790035486.8922727,GPS_RAW_INT,,,,,,,,,,,,,,,,,,6,10
1790035486.8930135,ATTITUDE,,,,,,,,,,,,,,,0.002744287019595504,0.0031137780752032995,0.7877527475357056,,
1790035486.8933513,RAW_IMU,,,,,,,,,0,0,-1001,4,4,4,,,,,
1790035486.9095733,ATTITUDE,,,,,,,,,,,,,,,0.0027546158526092768,0.003064591670408845,0.7877619862556458,,
1790035486.9102147,RAW_IMU,,,,,,,,,0,0,-1001,4,1,4,,,,,
1790035486.93286,ATTITUDE,,,,,,,,,,,,,,,0.0027640541084110737,0.0030819519888609648,0.7877698540687561,,
1790035486.9332802,RAW_IMU,,,,,,,,,0,0,-1001,4,4,4,,,,,
1790035486.9506576,ATTITUDE,,,,,,,,,,,,,,,0.0027736567426472902,0.0030356075149029493,0.7877745628356934,,
1790035486.9514432,RAW_IMU,,,,,,,,,0,0,-1001,4,1,3,,,,,
1790035486.9757297,ATTITUDE,,,,,,,,,,,,,,,0.0027823427226394415,0.0030551962554454803,0.7877732515335083,,
1790035486.9763873,RAW_IMU,,,,,,,,,0,0,-1001,4,4,3,,,,,
1790035486.9910862,GLOBAL_POSITION_INT,-35.3628693,149.165718,588.29,4.482,-0.02,0.0,0.49,45.13,,,,,,,,,,,
1790035486.9915128,GPS_RAW_INT,,,,,,,,,,,,,,,,,,6,10
1790035486.9923055,ATTITUDE,,,,,,,,,,,,,,,0.0027916047256439924,0.0030063996091485023,0.7877726554870605,,
1790035486.9927552,RAW_IMU,,,,,,,,,0,0,-1000,4,1,3,,,,,
1790035487.014282,ATTITUDE,,,,,,,,,,,,,,,0.0028015444986522198,0.003004697849974036,0.7877712845802307,,
1790035487.0149922,RAW_IMU,,,,,,,,,0,0,-1001,4,3,3,,,,,
1790035487.0319476,ATTITUDE,,,,,,,,,,,,,,,0.0028028597589582205,0.0030144525226205587,0.7877719402313232,,
1790035487.0322857,RAW_IMU,,,,,,,,,0,0,-1001,4,4,3,,,,,
1790035487.0495355,ATTITUDE,,,,,,,,,,,,,,,0.0027747650165110826,0.0030243215151131153,0.7877719402313232,,
1790035487.050248,RAW_IMU,,,,,,,,,0,0,-1000,2,4,3,,,,,
1790035487.0726693,ATTITUDE,,,,,,,,,,,,,,,0.002747898455709219,0.003034052439033985,0.7877691388130188,,
1790035487.073046,RAW_IMU,,,,,,,,,0,0,-1000,2,4,3,,,,,
1790035487.0901818,GLOBAL_POSITION_INT,-35.3628693,149.165718,588.24,4.432,-0.02,0.0,0.49,45.13,,,,,,,,,,,
1790035487.0905871,GPS_RAW_INT,,,,,,,,,,,,,,,,,,6,10
1790035487.0910063,ATTITUDE,,,,,,,,,,,,,,,0.002719502430409193,0.003038393799215555,0.7877686023712158,,
1790035487.0914373,RAW_IMU,,,,,,,,,0,0,-1000,2,4,3,,,,,
1790035487.113525,ATTITUDE,,,,,,,,,,,,,,,0.0026924924459308386,0.003043508157134056,0.7877704501152039,,
1790035487.1139348,RAW_IMU,,,,,,,,,0,0,-1000,2,4,3,,,,,
1790035487.1314545,ATTITUDE,,,,,,,,,,,,,,,0.0026681721210479736,0.003049531951546669,0.7877716422080994,,
1790035487.1317024,RAW_IMU,,,,,,,,,0,0,-1000,2,4,3,,,,,
1790035487.1545405,ATTITUDE,,,,,,,,,,,,,,,0.0026144124567508698,0.0030555110424757004,0.7877745032310486,,
1790035487.155195,RAW_IMU,,,,,,,,,0,0,-1000,1,4,3,,,,,
1790035487.171967,ATTITUDE,,,,,,,,,,,,,,,0.0025552997831255198,0.0030617108568549156,0.7877740263938904,,
1790035487.1721585,RAW_IMU,,,,,,,,,0,0,-1000,0,4,3,,,,,
1790035487.1895015,GLOBAL_POSITION_INT,-35.3628693,149.165718,588.19,4.381,-0.02,0.0,0.49,45.13,,,,,,,,,,,
1790035487.1896148,GPS_RAW_INT,,,,,,,,,,,,,,,,,,6,10
1790035487.1950028,ATTITUDE,,,,,,,,,,,,,,,0.0024984278716146946,0.003062390722334385,0.7877758145332336,,
1790035487.1953554,RAW_IMU,,,,,,,,,0,0,-1000,1,4,3,,,,,
1790035487.2127063,ATTITUDE,,,,,,,,,,,,,,,0.002444672165438533,0.0030505829490721226,0.7877786755561829,,
1790035487.2132313,RAW_IMU,,,,,,,,,0,0,-1000,1,3,3,,,,,
1790035487.2303483,ATTITUDE,,,,,,,,,,,,,,,0.0023950054310262203,0.003039131872355938,0.7877808809280396,,
1790035487.230892,RAW_IMU,,,,,,,,,0,0,-1000,1,3,3,,,,,
1790035487.2535853,ATTITUDE,,,,,,,,,,,,,,,0.0023463114630430937,0.0030127435456961393,0.7877813577651978,,
1790035487.2539074,RAW_IMU,,,,,,,,,0,0,-1001,1,2,3,,,,,
1790035487.2711205,ATTITUDE,,,,,,,,,,,,,,,0.0023002519737929106,0.002978501608595252,0.7877805233001709,,
1790035487.2714763,RAW_IMU,,,,,,,,,0,0,-1000,1,2,3,,,,,
1790035487.2886393,GLOBAL_POSITION_INT,-35.3628693,149.165718,588.14,4.331,-0.02,0.0,0.49,45.13,,,,,,,,,,,
1790035487.2890148,GPS_RAW_INT,,,,,,,,,,,,,,,,,,6,10
1790035487.294309,ATTITUDE,,,,,,,,,,,,,,,0.0022528360132128,0.0029486645944416523,0.7877806425094604,,
1790035487.2947423,RAW_IMU,,,,,,,,,0,0,-1000,1,2,3,,,,,
1790035487.3119445,ATTITUDE,,,,,,,,,,,,,,,0.002208517398685217,0.002903454937040806,0.7877822518348694,,
1790035487.312363,RAW_IMU,,,,,,,,,0,0,-1000,1,1,3,,,,,
1790035487.3356717,ATTITUDE,,,,,,,,,,,,,,,0.0021653270814567804,0.0028576527256518602,0.7877845168113708,,
1790035487.3358371,RAW_IMU,,,,,,,,,0,0,-1000,1,1,3,,,,,
1790035487.3529027,ATTITUDE,,,,,,,,,,,,,,,0.0021239938214421272,0.002814248437061906,0.7877858877182007,,
1790035487.3536453,RAW_IMU,,,,,,,,,0,0,-1000,1,1,3,,,,,
1790035487.3703418,ATTITUDE,,,,,,,,,,,,,,,0.0020837634801864624,0.0027741841040551662,0.7877843976020813,,
1790035487.3709092,RAW_IMU,,,,,,,,,0,0,-1000,1,2,3,,,,,
1790035487.3878279,GLOBAL_POSITION_INT,-35.3628693,149.165718,588.09,4.281,-0.02,0.0,0.49,45.13,,,,,,,,,,,
1790035487.3883395,GPS_RAW_INT,,,,,,,,,,,,,,,,,,6,10
1790035487.393455,ATTITUDE,,,,,,,,,,,,,,,0.0020450709853321314,0.0027438816614449024,0.7877849340438843,,
1790035487.3939798,RAW_IMU,,,,,,,,,0,0,-1001,2,2,3,,,,,
1790035487.4110696,ATTITUDE,,,,,,,,,,,,,,,0.002010510303080082,0.0027104150503873825,0.7877824902534485,,
1790035487.4113822,RAW_IMU,,,,,,,,,0,0,-1001,2,2,3,,,,,
1790035487.4343789,ATTITUDE,,,,,,,,,,,,,,,0.001976506784558296,0.002689607907086611,0.7877810001373291,,
1790035487.434957,RAW_IMU,,,,,,,,,0,0,-1001,2,2,3,,,,,
1790035487.451956,ATTITUDE,,,,,,,,,,,,,,,0.0019451273838058114,0.0026750152464956045,0.7877756953239441,,
1790035487.4522507,RAW_IMU,,,,,,,,,0,0,-1001,2,3,3,,,,,
1790035487.4748485,ATTITUDE,,,,,,,,,,,,,,,0.0019138235365971923,0.0026482774410396814,0.7877655625343323,,
1790035487.4756997,RAW_IMU,,,,,,,,,0,0,-1001,2,2,3,,,,,
1790035487.4926913,GLOBAL_POSITION_INT,-35.3628693,149.165718,588.04,4.231,-0.02,0.0,0.49,45.13,,,,,,,,,,,
1790035487.4931583,GPS_RAW_INT,,,,,,,,,,,,,,,,,,6,10
1790035487.4939137,ATTITUDE,,,,,,,,,,,,,,,0.0018819773104041815,0.0026576267555356026,0.7877544164657593,,
1790035487.4944038,RAW_IMU,,,,,,,,,0,0,-1001,2,4,3,,,,,
1790035487.5104775,ATTITUDE,,,,,,,,,,,,,,,0.0018519667210057378,0.002614014782011509,0.7877433896064758,,
1790035487.5109715,RAW_IMU,,,,,,,,,0,0,-1001,2,1,3,,,,,
1790035487.5339692,ATTITUDE,,,,,,,,,,,,,,,0.0018228625413030386,0.002617528894916177,0.7877339720726013,,
1790035487.5342531,RAW_IMU,,,,,,,,,0,0,-1000,2,3,3,,,,,
1790035487.5513544,ATTITUDE,,,,,,,,,,,,,,,0.001794549752958119,0.002620479092001915,0.7877231240272522,,
1790035487.5517728,RAW_IMU,,,,,,,,,0,0,-1000,2,4,3,,,,,
1790035487.5744402,ATTITUDE,,,,,,,,,,,,,,,0.0017684240592643619,0.0026235911063849926,0.7877106666564941,,
1790035487.5749004,RAW_IMU,,,,,,,,,0,0,-1000,2,4,3,,,,,
1790035487.5918484,GLOBAL_POSITION_INT,-35.3628693,149.165718,587.99,4.181,-0.02,0.0,0.49,45.13,,,,,,,,,,,
1790035487.5922334,GPS_RAW_INT,,,,,,,,,,,,,,,,,,6,10
1790035487.5929728,ATTITUDE,,,,,,,,,,,,,,,0.0017624034080654383,0.0026289497036486864,0.7877000570297241,,
1790035487.5937772,RAW_IMU,,,,,,,,,0,0,-1001,3,4,3,,,,,
1790035487.6150098,ATTITUDE,,,,,,,,,,,,,,,0.0017386957770213485,0.002632905263453722,0.7876960039138794,,
1790035487.6155827,RAW_IMU,,,,,,,,,0,0,-1001,3,4,3,,,,,
1790035487.6327238,ATTITUDE,,,,,,,,,,,,,,,0.0017341874772682786,0.0026382138021290302,0.7876952290534973,,
1790035487.6332235,RAW_IMU,,,,,,,,,0,0,-1001,2,4,3,,,,,
1790035487.6502743,ATTITUDE,,,,,,,,,,,,,,,0.0017159470589831471,0.0026444485411047935,0.7876966595649719,,
1790035487.651024,RAW_IMU,,,,,,,,,0,0,-1001,3,4,3,,,,,
1790035487.673411,ATTITUDE,,,,,,,,,,,,,,,0.001711939461529255,0.0026494141202419996,0.7876971364021301,,
1790035487.6740592,RAW_IMU,,,,,,,,,0,0,-1001,3,4,3,,,,,
1790035487.6909518,GLOBAL_POSITION_INT,-35.3628693,149.165718,587.94,4.131,-0.02,0.0,0.49,45.13,,,,,,,,,,,
1790035487.6914673,GPS_RAW_INT,,,,,,,,,,,,,,,,,,6,10
1790035487.6919823,ATTITUDE,,,,,,,,,,,,,,,0.0017247743671759963,0.002651602728292346,0.7877017855644226,,
1790035487.692441,RAW_IMU,,,,,,,,,0,0,-1000,4,4,3,,,,,
1790035487.714165,ATTITUDE,,,,,,,,,,,,,,,0.0017381245270371437,0.00265266140922904,0.7877064347267151,,
1790035487.7145128,RAW_IMU,,,,,,,,,0,0,-1000,4,4,3,,,,,
1790035487.7317765,ATTITUDE,,,,,,,,,,,,,,,0.0017512089107185602,0.0026550614275038242,0.7877107262611389,,
1790035487.732434,RAW_IMU,,,,,,,,,0,0,-1000,4,4,3,,,,,
1790035487.754927,ATTITUDE,,,,,,,,,,,,,,,0.0017626720946282148,0.002657869830727577,0.7877145409584045,,
1790035487.7555678,RAW_IMU,,,,,,,,,0,0,-1000,4,4,3,,,,,
1790035487.7725427,ATTITUDE,,,,,,,,,,,,,,,0.0017738911556079984,0.0026592465583235025,0.787716269493103,,
1790035487.772972,RAW_IMU,,,,,,,,,0,0,-1000,4,4,3,,,,,
1790035487.7901285,GLOBAL_POSITION_INT,-35.3628693,149.165718,587.89,4.081,-0.02,0.0,0.49,45.13,,,,,,,,,,,
1790035487.7904873,GPS_RAW_INT,,,,,,,,,,,,,,,,,,6,10
1790035487.7913399,ATTITUDE,,,,,,,,,,,,,,,0.001785649685189128,0.0026624391321092844,0.7877206802368164,,
1790035487.7920291,RAW_IMU,,,,,,,,,0,0,-1000,4,4,3,,,,,
1790035487.8133755,ATTITUDE,,,,,,,,,,,,,,,0.0017973196227103472,0.00266602193005383,0.7877256274223328,,
1790035487.8139188,RAW_IMU,,,,,,,,,0,0,-1000,4,4,3,,,,,
1790035487.8309364,ATTITUDE,,,,,,,,,,,,,,,0.001808960223570466,0.002672792412340641,0.7877317667007446,,
1790035487.8313515,RAW_IMU,,,,,,,,,0,0,-1000,4,4,3,,,,,
1790035487.85423,ATTITUDE,,,,,,,,,,,,,,,0.0018205881351605058,0.002684933366253972,0.7877354621887207,,
1790035487.8545883,RAW_IMU,,,,,,,,,0,0,-1001,4,4,3,,,,,
1790035487.8717766,ATTITUDE,,,,,,,,,,,,,,,0.0018312691245228052,0.0026645134203135967,0.7877351641654968,,
1790035487.8720741,RAW_IMU,,,,,,,,,0,0,-1001,4,2,3,,,,,
1790035487.8892787,GLOBAL_POSITION_INT,-35.3628693,149.165718,587.84,4.031,-0.02,0.0,0.49,45.13,,,,,,,,,,,
1790035487.8897388,GPS_RAW_INT,,,,,,,,,,,,,,,,,,6,10
1790035487.8947883,ATTITUDE,,,,,,,,,,,,,,,0.0018388426396995783,0.0026901306118816137,0.7877320647239685,,
1790035487.8954272,RAW_IMU,,,,,,,,,0,0,-1001,4,5,3,,,,,
1790035487.9124897,ATTITUDE,,,,,,,,,,,,,,,0.0018468748312443495,0.0026388424448668957,0.787729799747467,,
1790035487.9128876,RAW_IMU,,,,,,,,,0,0,-1001,4,1,3,,,,,
1790035487.9301908,ATTITUDE,,,,,,,,,,,,,,,0.0018540894379839301,0.00267244060523808,0.7877265810966492,,
1790035487.9306138,RAW_IMU,,,,,,,,,0,0,-1001,4,5,3,,,,,
1790035487.95328,ATTITUDE,,,,,,,,,,,,,,,0.0018609161488711834,0.002662935294210911,0.7877202033996582,,
1790035487.9536905,RAW_IMU,,,,,,,,,0,0,-1001,4,3,3,,,,,
1790035487.9724262,ATTITUDE,,,,,,,,,,,,,,,0.0018679037457332015,0.002646860433742404,0.7877113819122314,,
1790035487.972821,RAW_IMU,,,,,,,,,0,0,-1000,4,3,3,,,,,
1790035487.988442,GLOBAL_POSITION_INT,-35.3628693,149.165718,587.79,3.981,-0.02,0.0,0.49,45.13,,,,,,,,,,,
1790035487.9889607,GPS_RAW_INT,,,,,,,,,,,,,,,,,,6,10
1790035487.9939673,ATTITUDE,,,,,,,,,,,,,,,0.001875006826594472,0.002632367890328169,0.7877052426338196,,
1790035487.994385,RAW_IMU,,,,,,,,,0,0,-1000,4,3,3,,,,,
1790035488.0117035,ATTITUDE,,,,,,,,,,,,,,,0.0018833300564438105,0.00263719423674047,0.7877011299133301,,
1790035488.0120633,RAW_IMU,,,,,,,,,0,0,-1000,4,4,3,,,,,
1790035488.0348518,ATTITUDE,,,,,,,,,,,,,,,0.0018915401306003332,0.0026429700665175915,0.7876966595649719,,
1790035488.035273,RAW_IMU,,,,,,,,,0,0,-1000,4,4,3,,,,,
1790035488.0525062,ATTITUDE,,,,,,,,,,,,,,,0.001900498173199594,0.002649049973115325,0.787693440914154,,
1790035488.0530124,RAW_IMU,,,,,,,,,0,0,-1000,4,4,3,,,,,
1790035488.070086,ATTITUDE,,,,,,,,,,,,,,,0.0019079868216067553,0.0026553247589617968,0.7876874804496765,,
1790035488.0704138,RAW_IMU,,,,,,,,,0,0,-1000,4,4,3,,,,,
1790035488.0876305,GLOBAL_POSITION_INT,-35.3628693,149.165718,587.74,3.932,-0.02,0.0,0.49,45.13,,,,,,,,,,,
1790035488.0878882,GPS_RAW_INT,,,,,,,,,,,,,,,,,,6,10
1790035488.0931332,ATTITUDE,,,,,,,,,,,,,,,0.0019126281840726733,0.002656649798154831,0.7876833081245422,,
1790035488.0935442,RAW_IMU,,,,,,,,,0,0,-1000,4,4,3,,,,,
1790035488.1108506,ATTITUDE,,,,,,,,,,,,,,,0.001927050994709134,0.002657092409208417,0.7876811623573303,,
1790035488.1113367,RAW_IMU,,,,,,,,,0,0,-1001,4,4,3,,,,,
1790035488.1341336,ATTITUDE,,,,,,,,,,,,,,,0.001899988274089992,0.0026591727510094643,0.787682831287384,,
1790035488.134754,RAW_IMU,,,,,,,,,0,0,-1001,3,4,3,,,,,
1790035488.1518815,ATTITUDE,,,,,,,,,,,,,,,0.0019215393112972379,0.002661771373823285,0.7876867055892944,,
1790035488.1523702,RAW_IMU,,,,,,,,,0,0,-1001,4,4,3,,,,,
1790035488.1748087,ATTITUDE,,,,,,,,,,,,,,,0.001911790226586163,0.0026652675587683916,0.7876918911933899,,
1790035488.175322,RAW_IMU,,,,,,,,,0,0,-1001,4,4,4,,,,,
1790035488.192352,GLOBAL_POSITION_INT,-35.3628693,149.165718,587.69,3.882,-0.02,0.0,0.49,45.13,,,,,,,,,,,
1790035488.1927884,GPS_RAW_INT,,,,,,,,,,,,,,,,,,6,10
1790035488.1930935,ATTITUDE,,,,,,,,,,,,,,,0.0019177667563781142,0.0026671956293284893,0.7876996397972107,,
1790035488.193394,RAW_IMU,,,,,,,,,0,0,-1001,3,4,4,,,,,
1790035488.2099674,ATTITUDE,,,,,,,,,,,,,,,0.0019524919334799051,0.0026715281419456005,0.7877112030982971,,
1790035488.2104185,RAW_IMU,,,,,,,,,0,0,-1001,6,4,4,,,,,
1790035488.2331793,ATTITUDE,,,,,,,,,,,,,,,0.0019402807811275125,0.002675005467608571,0.7877245545387268,,
1790035488.2339814,RAW_IMU,,,,,,,,,0,0,-1001,3,4,4,,,,,
1790035488.250991,ATTITUDE,,,,,,,,,,,,,,,0.0019288419280201197,0.002679636003449559,0.7877357602119446,,
1790035488.2514024,RAW_IMU,,,,,,,,,0,0,-1000,3,4,4,,,,,
1790035488.274077,ATTITUDE,,,,,,,,,,,,,,,0.0019169567385688424,0.0026841412764042616,0.7877442240715027,,
1790035488.2747035,RAW_IMU,,,,,,,,,0,0,-1000,3,4,4,,,,,
1790035488.2916074,GLOBAL_POSITION_INT,-35.3628693,149.165718,587.64,3.832,-0.01,0.0,0.49,45.13,,,,,,,,,,,
1790035488.292238,GPS_RAW_INT,,,,,,,,,,,,,,,,,,6,10
1790035488.29282,ATTITUDE,,,,,,,,,,,,,,,0.0019037278834730387,0.0026840984355658293,0.7877534031867981,,
1790035488.293374,RAW_IMU,,,,,,,,,0,0,-1000,3,4,4,,,,,
1790035488.3146846,ATTITUDE,,,,,,,,,,,,,,,0.0018914646934717894,0.0027301351074129343,0.7877634167671204,,
1790035488.315149,RAW_IMU,,,,,,,,,0,0,-1001,3,6,4,,,,,
1790035488.3323584,ATTITUDE,,,,,,,,,,,,,,,0.0018803656566888094,0.0027393323834985495,0.7877733111381531,,
1790035488.3327956,RAW_IMU,,,,,,,,,0,0,-1001,3,4,4,,,,,
1790035488.3500483,ATTITUDE,,,,,,,,,,,,,,,0.001868676976300776,0.002810250734910369,0.7877804636955261,,
1790035488.3505828,RAW_IMU,,,,,,,,,0,0,-1001,3,7,4,,,,,
1790035488.373054,ATTITUDE,,,,,,,,,,,,,,,0.0018576332367956638,0.0028246433939784765,0.7877820134162903,,
1790035488.37343,RAW_IMU,,,,,,,,,0,0,-1001,3,5,3,,,,,
1790035488.390599,GLOBAL_POSITION_INT,-35.3628693,149.165718,587.59,3.782,-0.01,0.0,0.49,45.13,,,,,,,,,,,
1790035488.3909605,GPS_RAW_INT,,,,,,,,,,,,,,,,,,6,10
1790035488.3915386,ATTITUDE,,,,,,,,,,,,,,,0.0018486790359020233,0.0028845102060586214,0.7877829074859619,,
1790035488.392208,RAW_IMU,,,,,,,,,0,0,-1001,3,6,3,,,,,
1790035488.4139066,ATTITUDE,,,,,,,,,,,,,,,0.0018400471890345216,0.002933527808636427,0.7877833247184753,,
1790035488.4143057,RAW_IMU,,,,,,,,,0,0,-1001,3,6,3,,,,,
1790035488.4316053,ATTITUDE,,,,,,,,,,,,,,,0.0018316186033189297,0.0029453884344547987,0.7877845764160156,,
1790035488.4320023,RAW_IMU,,,,,,,,,0,0,-1000,3,4,3,,,,,
1790035488.4548833,ATTITUDE,,,,,,,,,,,,,,,0.0018240304198116064,0.002958082826808095,0.7877850532531738,,
1790035488.4552813,RAW_IMU,,,,,,,,,0,0,-1000,3,4,3,,,,,
1790035488.4734342,ATTITUDE,,,,,,,,,,,,,,,0.0018162131309509277,0.0029706619679927826,0.7877824902534485,,
1790035488.4736435,RAW_IMU,,,,,,,,,0,0,-1000,3,4,3,,,,,
1790035488.489835,GLOBAL_POSITION_INT,-35.3628693,149.165718,587.54,3.732,-0.01,0.0,0.49,45.13,,,,,,,,,,,
1790035488.490133,GPS_RAW_INT,,,,,,,,,,,,,,,,,,6,10
1790035488.4909847,ATTITUDE,,,,,,,,,,,,,,,0.0018068011850118637,0.0029785365331918,0.7877823710441589,,
1790035488.491622,RAW_IMU,,,,,,,,,0,0,-1000,3,4,3,,,,,
1790035488.513106,ATTITUDE,,,,,,,,,,,,,,,0.0017978218384087086,0.0029859477654099464,0.7877821922302246,,
1790035488.5135036,RAW_IMU,,,,,,,,,0,0,-1000,3,4,3,,,,,
1790035488.530657,ATTITUDE,,,,,,,,,,,,,,,0.0017890968592837453,0.0029933240730315447,0.7877845168113708,,
1790035488.5310695,RAW_IMU,,,,,,,,,0,0,-1000,3,4,3,,,,,
1790035488.553991,ATTITUDE,,,,,,,,,,,,,,,0.0017826539697125554,0.0030010337941348553,0.7877854704856873,,
1790035488.5546637,RAW_IMU,,,,,,,,,0,0,-1000,3,4,3,,,,,
1790035488.5715625,ATTITUDE,,,,,,,,,,,,,,,0.0017761195776984096,0.0030073332600295544,0.7877835035324097,,
1790035488.5720885,RAW_IMU,,,,,,,,,0,0,-1001,3,4,3,,,,,
1790035488.5889623,GLOBAL_POSITION_INT,-35.3628693,149.165718,587.49,3.682,-0.01,0.0,0.49,45.13,,,,,,,,,,,
1790035488.5894105,GPS_RAW_INT,,,,,,,,,,,,,,,,,,6,10
1790035488.5944865,ATTITUDE,,,,,,,,,,,,,,,0.001804152736440301,0.003014947986230254,0.7877838611602783,,
1790035488.5950644,RAW_IMU,,,,,,,,,0,0,-1000,5,4,3,,,,,
1790035488.6123657,ATTITUDE,,,,,,,,,,,,,,,0.0018339650705456734,0.003023018827661872,0.7877863049507141,,
1790035488.612797,RAW_IMU,,,,,,,,,0,0,-1000,5,4,3,,,,,
1790035488.6299255,ATTITUDE,,,,,,,,,,,,,,,0.0018633753061294556,0.0030319185461848974,0.7877895832061768,,
1790035488.630372,RAW_IMU,,,,,,,,,0,0,-1000,5,4,3,,,,,
1790035488.6531756,ATTITUDE,,,,,,,,,,,,,,,0.0018913145177066326,0.003040664130821824,0.7877907752990723,,
1790035488.6535614,RAW_IMU,,,,,,,,,0,0,-1000,5,4,3,,,,,
1790035488.67055,ATTITUDE,,,,,,,,,,,,,,,0.0019181009847670794,0.0030482152942568064,0.7877892851829529,,
1790035488.6710134,RAW_IMU,,,,,,,,,0,0,-1000,5,4,3,,,,,
1790035488.6881273,GLOBAL_POSITION_INT,-35.3628693,149.165718,587.44,3.632,-0.01,0.0,0.49,45.13,,,,,,,,,,,
1790035488.688511,GPS_RAW_INT,,,,,,,,,,,,,,,,,,6,10
1790035488.6937616,ATTITUDE,,,,,,,,,,,,,,,0.0019401516765356064,0.003052440471947193,0.787789523601532,,
1790035488.6943374,RAW_IMU,,,,,,,,,0,0,-1000,5,4,3,,,,,
1790035488.7116365,ATTITUDE,,,,,,,,,,,,,,,0.0019621201790869236,0.0030559333972632885,0.7877911925315857,,
1790035488.7119606,RAW_IMU,,,,,,,,,0,0,-1000,5,4,3,,,,,
1790035488.7347686,ATTITUDE,,,,,,,,,,,,,,,0.0020122018177062273,0.003060478251427412,0.7877944111824036,,
1790035488.735208,RAW_IMU,,,,,,,,,0,0,-1001,6,4,3,,,,,
1790035488.7523532,ATTITUDE,,,,,,,,,,,,,,,0.0020687554497271776,0.003065100172534585,0.7877970337867737,,
1790035488.7528634,RAW_IMU,,,,,,,,,0,0,-1000,6,4,3,,,,,
1790035488.769937,ATTITUDE,,,,,,,,,,,,,,,0.0021236890461295843,0.003069967729970813,0.787796676158905,,
1790035488.770381,RAW_IMU,,,,,,,,,0,0,-1000,6,4,3,,,,,
1790035488.7874415,GLOBAL_POSITION_INT,-35.3628693,149.165718,587.39,3.582,-0.01,0.0,0.49,45.13,,,,,,,,,,,
1790035488.7878034,GPS_RAW_INT,,,,,,,,,,,,,,,,,,6,10
1790035488.7930021,ATTITUDE,,,,,,,,,,,,,,,0.002177156275138259,0.003075486281886697,0.7877976298332214,,
1790035488.793431,RAW_IMU,,,,,,,,,0,0,-1000,6,4,3,,,,,
1790035488.8104928,ATTITUDE,,,,,,,,,,,,,,,0.002229350619018078,0.0030882845167070627,0.7878007292747498,,
1790035488.8108969,RAW_IMU,,,,,,,,,0,0,-1001,6,4,3,,,,,
1790035488.8339815,ATTITUDE,,,,,,,,,,,,,,,0.002278767293319106,0.0031130360439419746,0.7878050804138184,,
1790035488.834368,RAW_IMU,,,,,,,,,0,0,-1000,6,5,3,,,,,
1790035488.8514977,ATTITUDE,,,,,,,,,,,,,,,0.0023272098042070866,0.0031373777892440557,0.7878068089485168,,
1790035488.8520064,RAW_IMU,,,,,,,,,0,0,-1000,6,5,3,,,,,
1790035488.874645,ATTITUDE,,,,,,,,,,,,,,,0.0023743659257888794,0.003160173073410988,0.7878068685531616,,
1790035488.8750396,RAW_IMU,,,,,,,,,0,0,-1000,6,5,3,,,,,
1790035488.892135,GLOBAL_POSITION_INT,-35.3628693,149.165718,587.34,3.532,-0.01,0.0,0.49,45.13,,,,,,,,,,,
1790035488.892593,GPS_RAW_INT,,,,,,,,,,,,,,,,,,6,10
1790035488.8934066,ATTITUDE,,,,,,,,,,,,,,,0.0024173115380108356,0.0031778609845787287,0.7878090143203735,,
1790035488.8939416,RAW_IMU,,,,,,,,,0,0,-1000,6,5,3,,,,,
1790035488.909863,ATTITUDE,,,,,,,,,,,,,,,0.0024584366474300623,0.003196092788130045,0.7878118753433228,,
1790035488.9103272,RAW_IMU,,,,,,,,,0,0,-1000,6,4,3,,,,,
1790035488.9331076,ATTITUDE,,,,,,,,,,,,,,,0.0024975065607577562,0.003212544834241271,0.7878164052963257,,
1790035488.9338355,RAW_IMU,,,,,,,,,0,0,-1000,5,4,3,,,,,
1790035488.9508953,ATTITUDE,,,,,,,,,,,,,,,0.002566450508311391,0.0032484985422343016,0.7878178358078003,,
1790035488.9515793,RAW_IMU,,,,,,,,,0,0,-1001,7,5,3,,,,,
1790035488.9769752,ATTITUDE,,,,,,,,,,,,,,,0.0026396254543215036,0.0032423280645161867,0.7878154516220093,,
1790035488.9780054,RAW_IMU,,,,,,,,,0,0,-1001,7,3,3,,,,,
1790035488.9913998,GLOBAL_POSITION_INT,-35.3628693,149.165718,587.29,3.482,-0.01,0.0,0.49,45.13,,,,,,,,,,,
1790035488.9919434,GPS_RAW_INT,,,,,,,,,,,,,,,,,,6,10
1790035488.9925916,ATTITUDE,,,,,,,,,,,,,,,0.0027102369349449873,0.0032980944961309433,0.7878109216690063,,
1790035488.9933388,RAW_IMU,,,,,,,,,0,0,-1001,7,6,3,,,,,
1790035489.0145352,ATTITUDE,,,,,,,,,,,,,,,0.0027768961153924465,0.0032803399953991175,0.7878047823905945,,
1790035489.0150783,RAW_IMU,,,,,,,,,0,0,-1001,7,3,3,,,,,
1790035489.032276,ATTITUDE,,,,,,,,,,,,,,,0.002841432113200426,0.0033377164509147406,0.7877973318099976,,
1790035489.0326533,RAW_IMU,,,,,,,,,0,0,-1001,7,6,3,,,,,
1790035489.0498059,ATTITUDE,,,,,,,,,,,,,,,0.0029052412137389183,0.0033201007172465324,0.7877867817878723,,
1790035489.0502288,RAW_IMU,,,,,,,,,0,0,-1001,7,3,3,,,,,
1790035489.072966,ATTITUDE,,,,,,,,,,,,,,,0.002965693362057209,0.0033312796149402857,0.7877750992774963,,
1790035489.0734043,RAW_IMU,,,,,,,,,0,0,-1001,7,4,3,,,,,
1790035489.090485,GLOBAL_POSITION_INT,-35.3628693,149.165718,587.24,3.432,-0.01,0.0,0.49,45.13,,,,,,,,,,,
1790035489.0908518,GPS_RAW_INT,,,,,,,,,,,,,,,,,,6,10
1790035489.0916803,ATTITUDE,,,,,,,,,,,,,,,0.003021904733031988,0.0033427614253014326,0.7877649664878845,,
1790035489.092185,RAW_IMU,,,,,,,,,0,0,-1000,6,4,3,,,,,
1790035489.1136534,ATTITUDE,,,,,,,,,,,,,,,0.0030762311071157455,0.003353873733431101,0.7877572178840637,,
1790035489.1140673,RAW_IMU,,,,,,,,,0,0,-1000,6,4,3,,,,,
1790035489.1313055,ATTITUDE,,,,,,,,,,,,,,,0.0031103482469916344,0.0033657716121524572,0.7877504825592041,,
1790035489.131688,RAW_IMU,,,,,,,,,0,0,-1001,5,4,3,,,,,
1790035489.1545362,ATTITUDE,,,,,,,,,,,,,,,0.003124559298157692,0.0033774063922464848,0.7877420783042908,,
1790035489.1549613,RAW_IMU,,,,,,,,,0,0,-1001,4,4,3,,,,,
1790035489.1721373,ATTITUDE,,,,,,,,,,,,,,,0.003138686064630747,0.0033875498920679092,0.7877334356307983,,
1790035489.1725721,RAW_IMU,,,,,,,,,0,0,-1000,4,4,3,,,,,
1790035489.1896331,GLOBAL_POSITION_INT,-35.3628693,149.165718,587.19,3.382,-0.02,0.0,0.49,45.13,,,,,,,,,,,
1790035489.190151,GPS_RAW_INT,,,,,,,,,,,,,,,,,,6,10
1790035489.1907341,ATTITUDE,,,,,,,,,,,,,,,0.0031396178528666496,0.003398924833163619,0.7877262830734253,,
1790035489.1912823,RAW_IMU,,,,,,,,,0,0,-1000,4,4,3,,,,,
1790035489.2128766,ATTITUDE,,,,,,,,,,,,,,,0.0031374997925013304,0.0034111463464796543,0.7877213954925537,,
1790035489.2132661,RAW_IMU,,,,,,,,,0,0,-1000,3,4,3,,,,,
1790035489.2306585,ATTITUDE,,,,,,,,,,,,,,,0.003119654953479767,0.0034221746027469635,0.787719190120697,,
1790035489.2312796,RAW_IMU,,,,,,,,,0,0,-1000,3,4,3,,,,,
1790035489.2540936,ATTITUDE,,,,,,,,,,,,,,,0.003098239889368415,0.003405631287023425,0.7877129316329956,,
1790035489.2549407,RAW_IMU,,,,,,,,,0,0,-1001,2,3,3,,,,,
1790035489.2713666,ATTITUDE,,,,,,,,,,,,,,,0.0030748986173421144,0.0033769637811928988,0.7877052426338196,,
1790035489.2717462,RAW_IMU,,,,,,,,,0,0,-1001,2,2,3,,,,,
1790035489.2889502,GLOBAL_POSITION_INT,-35.3628693,149.165718,587.14,3.331,-0.02,0.0,0.49,45.13,,,,,,,,,,,
1790035489.2893074,GPS_RAW_INT,,,,,,,,,,,,,,,,,,6,10
1790035489.294491,ATTITUDE,,,,,,,,,,,,,,,0.003052524523809552,0.0033597343135625124,0.7876986265182495,,
1790035489.2950232,RAW_IMU,,,,,,,,,0,0,-1001,2,3,3,,,,,
1790035489.3121417,ATTITUDE,,,,,,,,,,,,,,,0.0030140969902276993,0.0033333804458379745,0.787693202495575,,
1790035489.3125825,RAW_IMU,,,,,,,,,0,0,-1000,2,2,3,,,,,
1790035489.3303297,ATTITUDE,,,,,,,,,,,,,,,0.002995201852172613,0.003309388179332018,0.7876905798912048,,
1790035489.330923,RAW_IMU,,,,,,,,,0,0,-1001,2,2,3,,,,,
1790035489.3537438,ATTITUDE,,,,,,,,,,,,,,,0.0029672053642570972,0.0032857502810657024,0.7876870036125183,,
1790035489.354326,RAW_IMU,,,,,,,,,0,0,-1001,2,2,3,,,,,
1790035489.3712814,ATTITUDE,,,,,,,,,,,,,,,0.0029441043734550476,0.0032637473195791245,0.7876830697059631,,
1790035489.3717988,RAW_IMU,,,,,,,,,0,0,-1001,2,2,3,,,,,
1790035489.3888168,GLOBAL_POSITION_INT,-35.3628693,149.165718,587.09,3.281,-0.02,0.0,0.49,45.13,,,,,,,,,,,
1790035489.3893514,GPS_RAW_INT,,,,,,,,,,,,,,,,,,6,10
1790035489.394444,ATTITUDE,,,,,,,,,,,,,,,0.002916064579039812,0.0032429476268589497,0.787679135799408,,
1790035489.3949308,RAW_IMU,,,,,,,,,0,0,-1001,2,2,3,,,,,
1790035489.412138,ATTITUDE,,,,,,,,,,,,,,,0.0029056856874376535,0.003224890911951661,0.7876780033111572,,
1790035489.412671,RAW_IMU,,,,,,,,,0,0,-1001,3,3,3,,,,,
1790035489.4353166,ATTITUDE,,,,,,,,,,,,,,,0.0028622779063880444,0.0032074812334030867,0.7876794934272766,,
1790035489.4358315,RAW_IMU,,,,,,,,,0,0,-1001,1,3,3,,,,,
1790035489.4528012,ATTITUDE,,,,,,,,,,,,,,,0.0028682281263172626,0.0031916259322315454,0.787681519985199,,
1790035489.4535136,RAW_IMU,,,,,,,,,0,0,-1001,3,3,3,,,,,
1790035489.470402,ATTITUDE,,,,,,,,,,,,,,,0.0027984618209302425,0.003176368772983551,0.7876848578453064,,
1790035489.4709074,RAW_IMU,,,,,,,,,0,0,-1001,0,3,4,,,,,
1790035489.4879515,GLOBAL_POSITION_INT,-35.3628693,149.165718,587.04,3.231,-0.02,0.0,0.49,45.13,,,,,,,,,,,
1790035489.4885387,GPS_RAW_INT,,,,,,,,,,,,,,,,,,6,10
1790035489.4935772,ATTITUDE,,,,,,,,,,,,,,,0.0027937714476138353,0.003157933708280325,0.7876917123794556,,
1790035489.4939034,RAW_IMU,,,,,,,,,0,0,-1001,3,3,4,,,,,
1790035489.511217,ATTITUDE,,,,,,,,,,,,,,,0.002747075166553259,0.0031392532400786877,0.7877008318901062,,
1790035489.5115914,RAW_IMU,,,,,,,,,0,0,-1001,2,3,4,,,,,
1790035489.5345259,ATTITUDE,,,,,,,,,,,,,,,0.0026953513734042645,0.0031219772063195705,0.7877112030982971,,
1790035489.5348935,RAW_IMU,,,,,,,,,0,0,-1001,1,3,4,,,,,
1790035489.5520992,ATTITUDE,,,,,,,,,,,,,,,0.0026545303408056498,0.0031067198142409325,0.7877188324928284,,
1790035489.5525804,RAW_IMU,,,,,,,,,0,0,-1001,1,3,4,,,,,
1790035489.5751193,ATTITUDE,,,,,,,,,,,,,,,0.002613645512610674,0.0030916628893464804,0.7877259254455566,,
1790035489.575669,RAW_IMU,,,,,,,,,0,0,-1000,1,3,4,,,,,
1790035489.5927002,GLOBAL_POSITION_INT,-35.3628693,149.165718,586.99,3.181,-0.02,0.0,0.49,45.13,,,,,,,,,,,
1790035489.5931044,GPS_RAW_INT,,,,,,,,,,,,,,,,,,6,10
1790035489.5938196,ATTITUDE,,,,,,,,,,,,,,,0.0025756624527275562,0.003077917732298374,0.7877333164215088,,
1790035489.5946097,RAW_IMU,,,,,,,,,0,0,-1001,2,3,4,,,,,
1790035489.610712,ATTITUDE,,,,,,,,,,,,,,,0.0025394135154783726,0.003067014506086707,0.7877421975135803,,
1790035489.6113994,RAW_IMU,,,,,,,,,0,0,-1001,2,3,4,,,,,
1790035489.6336753,ATTITUDE,,,,,,,,,,,,,,,0.0025053073186427355,0.0030565306078642607,0.7877528071403503,,
1790035489.6343117,RAW_IMU,,,,,,,,,0,0,-1000,2,3,4,,,,,
1790035489.6512525,ATTITUDE,,,,,,,,,,,,,,,0.0024728099815547466,0.003046527039259672,0.7877604365348816,,
1790035489.6517096,RAW_IMU,,,,,,,,,0,0,-1001,2,3,4,,,,,
1790035489.6743572,ATTITUDE,,,,,,,,,,,,,,,0.002440805546939373,0.003036285750567913,0.7877645492553711,,
1790035489.6748354,RAW_IMU,,,,,,,,,0,0,-1000,2,3,4,,,,,
1790035489.6919405,GLOBAL_POSITION_INT,-35.3628693,149.165718,586.94,3.131,-0.02,0.0,0.49,45.13,,,,,,,,,,,
1790035489.692118,GPS_RAW_INT,,,,,,,,,,,,,,,,,,6,10
1790035489.6929245,ATTITUDE,,,,,,,,,,,,,,,0.0024064795579761267,0.0030017655808478594,0.7877706289291382,,
1790035489.6932552,RAW_IMU,,,,,,,,,0,0,-1001,2,2,4,,,,,
1790035489.715696,ATTITUDE,,,,,,,,,,,,,,,0.0023738436866551638,0.002989391563460231,0.7877769470214844,,
1790035489.7163653,RAW_IMU,,,,,,,,,0,0,-1001,2,3,4,,,,,
1790035489.7327588,ATTITUDE,,,,,,,,,,,,,,,0.0023427580017596483,0.002936114789918065,0.7877817153930664,,
1790035489.7330909,RAW_IMU,,,,,,,,,0,0,-1001,2,1,3,,,,,
1790035489.7510674,ATTITUDE,,,,,,,,,,,,,,,0.00231365067884326,0.0029457181226462126,0.7877810001373291,,
1790035489.7512448,RAW_IMU,,,,,,,,,0,0,-1001,2,4,3,,,,,
1790035489.7735834,ATTITUDE,,,,,,,,,,,,,,,0.0022853228729218245,0.0028940457850694656,0.7877781391143799,,
1790035489.7739196,RAW_IMU,,,,,,,,,0,0,-1001,2,1,3,,,,,
1790035489.7910988,GLOBAL_POSITION_INT,-35.3628693,149.165718,586.89,3.081,-0.02,0.0,0.49,45.13,,,,,,,,,,,
1790035489.7915473,GPS_RAW_INT,,,,,,,,,,,,,,,,,,6,10
1790035489.7920737,ATTITUDE,,,,,,,,,,,,,,,0.002258745487779379,0.0029169509653002024,0.7877741456031799,,
1790035489.792654,RAW_IMU,,,,,,,,,0,0,-1001,2,4,3,,,,,
1790035489.8143406,ATTITUDE,,,,,,,,,,,,,,,0.0022337622940540314,0.002879390027374029,0.7877702116966248,,
1790035489.8147683,RAW_IMU,,,,,,,,,0,0,-1001,2,2,3,,,,,
1790035489.8320403,ATTITUDE,,,,,,,,,,,,,,,0.0022106629330664873,0.0028496512677520514,0.787767231464386,,
1790035489.8325024,RAW_IMU,,,,,,,,,0,0,-1001,2,2,3,,,,,
1790035489.85508,ATTITUDE,,,,,,,,,,,,,,,0.0021894113160669804,0.0028288683388382196,0.7877633571624756,,
1790035489.8555152,RAW_IMU,,,,,,,,,0,0,-1000,2,2,3,,,,,
1790035489.8726866,ATTITUDE,,,,,,,,,,,,,,,0.002167831640690565,0.002810240024700761,0.7877570986747742,,
1790035489.873027,RAW_IMU,,,,,,,,,0,0,-1000,2,2,3,,,,,
1790035489.8902888,GLOBAL_POSITION_INT,-35.3628693,149.165718,586.84,3.031,-0.02,0.0,0.49,45.13,,,,,,,,,,,
1790035489.890937,GPS_RAW_INT,,,,,,,,,,,,,,,,,,6,10
1790035489.8913128,ATTITUDE,,,,,,,,,,,,,,,0.0021588988602161407,0.0027876831591129303,0.787753701210022,,
1790035489.8925164,RAW_IMU,,,,,,,,,0,0,-1001,3,2,3,,,,,
1790035489.9133728,ATTITUDE,,,,,,,,,,,,,,,0.0021547942887991667,0.002765960991382599,0.7877512574195862,,
1790035489.913812,RAW_IMU,,,,,,,,,0,0,-1000,3,2,3,,,,,
1790035489.9311447,ATTITUDE,,,,,,,,,,,,,,,0.0021503891330212355,0.002746877260506153,0.7877496480941772,,
1790035489.9316561,RAW_IMU,,,,,,,,,0,0,-1000,3,3,3,,,,,
1790035489.9544299,ATTITUDE,,,,,,,,,,,,,,,0.0021926111076027155,0.002728691091760993,0.7877482175827026,,
1790035489.955221,RAW_IMU,,,,,,,,,0,0,-1001,5,3,3,,,,,
1790035489.9737217,ATTITUDE,,,,,,,,,,,,,,,0.0022111600264906883,0.0027111845556646585,0.7877469062805176,,
1790035489.9742362,RAW_IMU,,,,,,,,,0,0,-1001,5,3,3,,,,,
1790035489.9894457,GLOBAL_POSITION_INT,-35.3628693,149.1657179,586.79,2.981,-0.02,0.0,0.49,45.13,,,,,,,,,,,
1790035489.9900827,GPS_RAW_INT,,,,,,,,,,,,,,,,,,6,10
1790035489.9948392,ATTITUDE,,,,,,,,,,,,,,,0.002263767644762993,0.002694136928766966,0.7877482771873474,,
1790035489.9983642,RAW_IMU,,,,,,,,,0,0,-1001,6,3,3,,,,,
1790035490.0126193,ATTITUDE,,,,,,,,,,,,,,,0.0022757083643227816,0.0026797745376825333,0.787752628326416,,
1790035490.0129995,RAW_IMU,,,,,,,,,0,0,-1001,4,3,3,,,,,
1790035490.0302474,ATTITUDE,,,,,,,,,,,,,,,0.0023324002977460623,0.0026663271710276604,0.7877607941627502,,
1790035490.0306468,RAW_IMU,,,,,,,,,0,0,-1001,6,3,4,,,,,
1790035490.0534787,ATTITUDE,,,,,,,,,,,,,,,0.002360166283324361,0.002653556875884533,0.7877663969993591,,
1790035490.053883,RAW_IMU,,,,,,,,,0,0,-1001,5,3,4,,,,,
1790035490.0709782,ATTITUDE,,,,,,,,,,,,,,,0.0023868924472481012,0.0026423775125294924,0.7877706289291382,,
1790035490.071501,RAW_IMU,,,,,,,,,0,0,-1001,5,3,4,,,,,
1790035490.0885828,GLOBAL_POSITION_INT,-35.3628693,149.1657179,586.74,2.931,-0.02,0.0,0.49,45.13,,,,,,,,,,,
1790035490.088919,GPS_RAW_INT,,,,,,,,,,,,,,,,,,6,10
1790035490.0941606,ATTITUDE,,,,,,,,,,,,,,,0.0024092562962323427,0.0026260423474013805,0.787775456905365,,
1790035490.0946548,RAW_IMU,,,,,,,,,0,0,-1001,5,3,4,,,,,
1790035490.1118636,ATTITUDE,,,,,,,,,,,,,,,0.0024322979152202606,0.0026116089429706335,0.7877828478813171,,
1790035490.1125104,RAW_IMU,,,,,,,,,0,0,-1000,5,3,4,,,,,
1790035490.1351016,ATTITUDE,,,,,,,,,,,,,,,0.0024543527979403734,0.0025981650687754154,0.7877899408340454,,
1790035490.135616,RAW_IMU,,,,,,,,,0,0,-1000,5,3,4,,,,,
1790035490.1526694,ATTITUDE,,,,,,,,,,,,,,,0.002475888468325138,0.002585481619462371,0.7877951860427856,,
1790035490.1531973,RAW_IMU,,,,,,,,,0,0,-1000,5,3,4,,,,,
1790035490.1703272,ATTITUDE,,,,,,,,,,,,,,,0.0024964918848127127,0.002573563251644373,0.7877988219261169,,
1790035490.170962,RAW_IMU,,,,,,,,,0,0,-1000,5,3,4,,,,,
1790035490.1876836,GLOBAL_POSITION_INT,-35.3628693,149.1657179,586.69,2.88,-0.02,0.0,0.49,45.13,,,,,,,,,,,
1790035490.1881733,GPS_RAW_INT,,,,,,,,,,,,,,,,,,6,10
1790035490.193371,ATTITUDE,,,,,,,,,,,,,,,0.002517510438337922,0.0025575703475624323,0.7878027558326721,,
1790035490.1937566,RAW_IMU,,,,,,,,,0,0,-1001,5,3,4,,,,,
1790035490.2110314,ATTITUDE,,,,,,,,,,,,,,,0.002536793239414692,0.0025827307254076004,0.7878044247627258,,
1790035490.2117429,RAW_IMU,,,,,,,,,0,0,-1001,4,4,3,,,,,
1790035490.2343013,ATTITUDE,,,,,,,,,,,,,,,0.0025567589327692986,0.0025731786154210567,0.7878040671348572,,
1790035490.2348838,RAW_IMU,,,,,,,,,0,0,-1001,4,4,3,,,,,
1790035490.2519803,ATTITUDE,,,,,,,,,,,,,,,0.0025755618698894978,0.0025827616918832064,0.7877985835075378,,
1790035490.25256,RAW_IMU,,,,,,,,,0,0,-1001,4,3,3,,,,,
1790035490.2749178,ATTITUDE,,,,,,,,,,,,,,,0.002593603450804949,0.002591086784377694,0.7877880930900574,,
1790035490.2752485,RAW_IMU,,,,,,,,,0,0,-1001,4,4,3,,,,,
1790035490.2924604,GLOBAL_POSITION_INT,-35.3628693,149.1657179,586.64,2.83,-0.02,0.0,0.49,45.13,,,,,,,,,,,
1790035490.292835,GPS_RAW_INT,,,,,,,,,,,,,,,,,,6,10
1790035490.2934043,ATTITUDE,,,,,,,,,,,,,,,0.002608245238661766,0.002568586263805628,0.7877787947654724,,
1790035490.293698,RAW_IMU,,,,,,,,,0,0,-1001,4,2,3,,,,,
1790035490.3101344,ATTITUDE,,,,,,,,,,,,,,,0.002623278181999922,0.0025932560674846172,0.7877697348594666,,
1790035490.3104582,RAW_IMU,,,,,,,,,0,0,-1001,4,5,3,,,,,
1790035490.333432,ATTITUDE,,,,,,,,,,,,,,,0.002638436621055007,0.0026181908324360847,0.7877614498138428,,
1790035490.333827,RAW_IMU,,,,,,,,,0,0,-1000,4,5,3,,,,,
1790035490.3517427,ATTITUDE,,,,,,,,,,,,,,,0.0026515573263168335,0.0026404892560094595,0.7877522706985474,,
1790035490.3523319,RAW_IMU,,,,,,,,,0,0,-1001,4,5,3,,,,,
1790035490.3741438,ATTITUDE,,,,,,,,,,,,,,,0.0026655392721295357,0.002662594662979245,0.7877418398857117,,
1790035490.3747203,RAW_IMU,,,,,,,,,0,0,-1000,4,5,3,,,,,
1790035490.3916633,GLOBAL_POSITION_INT,-35.3628693,149.1657179,586.59,2.781,-0.02,0.0,0.49,45.13,,,,,,,,,,,
1790035490.3919914,GPS_RAW_INT,,,,,,,,,,,,,,,,,,6,10
1790035490.392535,ATTITUDE,,,,,,,,,,,,,,,0.002679460449144244,0.0026843263767659664,0.7877349257469177,,
1790035490.3929331,RAW_IMU,,,,,,,,,0,0,-1000,4,5,3,,,,,
1790035490.414922,ATTITUDE,,,,,,,,,,,,,,,0.002693571150302887,0.0027072587981820107,0.7877286076545715,,
1790035490.4153779,RAW_IMU,,,,,,,,,0,0,-1000,4,5,3,,,,,
1790035490.432571,ATTITUDE,,,,,,,,,,,,,,,0.0027064254973083735,0.002728594234213233,0.7877227663993835,,
1790035490.4329848,RAW_IMU,,,,,,,,,0,0,-1000,4,5,3,,,,,
1790035490.4501827,ATTITUDE,,,,,,,,,,,,,,,0.0027196346782147884,0.002748441183939576,0.787713885307312,,
1790035490.4508417,RAW_IMU,,,,,,,,,0,0,-1001,4,4,3,,,,,
1790035490.4732678,ATTITUDE,,,,,,,,,,,,,,,0.002707785926759243,0.0027257935144007206,0.7877047061920166,,
1790035490.473938,RAW_IMU,,,,,,,,,0,0,-1001,3,3,3,,,,,
1790035490.4907618,GLOBAL_POSITION_INT,-35.3628693,149.1657179,586.54,2.731,-0.02,0.0,0.49,45.13,,,,,,,,,,,
1790035490.490915,GPS_RAW_INT,,,,,,,,,,,,,,,,,,6,10
1790035490.4913738,ATTITUDE,,,,,,,,,,,,,,,0.0027395018842071295,0.002732801018282771,0.7876982092857361,,
1790035490.4917884,RAW_IMU,,,,,,,,,0,0,-1002,5,3,3,,,,,
1790035490.5140975,ATTITUDE,,,,,,,,,,,,,,,0.002713475376367569,0.0027223231736570597,0.7876942753791809,,
1790035490.5146952,RAW_IMU,,,,,,,,,0,0,-1001,3,3,3,,,,,
1790035490.5318112,ATTITUDE,,,,,,,,,,,,,,,0.002743978751823306,0.002686077496036887,0.787693202495575,,
1790035490.5323987,RAW_IMU,,,,,,,,,0,0,-1001,5,2,3,,,,,
1790035490.554843,ATTITUDE,,,,,,,,,,,,,,,0.0027349544689059258,0.002650509588420391,0.7876923084259033,,
1790035490.5552328,RAW_IMU,,,,,,,,,0,0,-1001,4,2,3,,,,,
1790035490.572519,ATTITUDE,,,,,,,,,,,,,,,0.0027218121103942394,0.0026183559093624353,0.7876898646354675,,
1790035490.572966,RAW_IMU,,,,,,,,,0,0,-1001,3,2,3,,,,,
1790035490.5901537,GLOBAL_POSITION_INT,-35.3628693,149.1657179,586.49,2.681,-0.02,0.0,0.49,45.13,,,,,,,,,,,
1790035490.5907247,GPS_RAW_INT,,,,,,,,,,,,,,,,,,6,10
1790035490.5913198,ATTITUDE,,,,,,,,,,,,,,,0.002732646418735385,0.002586330519989133,0.7876903414726257,,
1790035490.591918,RAW_IMU,,,,,,,,,0,0,-1001,4,2,3,,,,,
1790035490.6134021,ATTITUDE,,,,,,,,,,,,,,,0.002744446275755763,0.0025573703460395336,0.7876913547515869,,
1790035490.6140802,RAW_IMU,,,,,,,,,0,0,-1001,4,2,3,,,,,
1790035490.6310282,ATTITUDE,,,,,,,,,,,,,,,0.0027553050313144922,0.002529423451051116,0.7876933813095093,,
1790035490.6314332,RAW_IMU,,,,,,,,,0,0,-1001,4,2,3,,,,,
1790035490.654096,ATTITUDE,,,,,,,,,,,,,,,0.00276748975738883,0.002503539202734828,0.7876939177513123,,
1790035490.6544392,RAW_IMU,,,,,,,,,0,0,-1001,4,2,3,,,,,
1790035490.671659,ATTITUDE,,,,,,,,,,,,,,,0.0027777657378464937,0.002478264970704913,0.7876920700073242,,
1790035490.6721735,RAW_IMU,,,,,,,,,0,0,-1000,4,2,3,,,,,
1790035490.689125,GLOBAL_POSITION_INT,-35.3628693,149.1657179,586.44,2.63,-0.02,0.0,0.49,45.13,,,,,,,,,,,
1790035490.689684,GPS_RAW_INT,,,,,,,,,,,,,,,,,,6,10
1790035490.6946764,ATTITUDE,,,,,,,,,,,,,,,0.0027842603158205748,0.00245169666595757,0.7876917123794556,,
1790035490.6951177,RAW_IMU,,,,,,,,,0,0,-1001,4,2,3,,,,,
1790035490.7123175,ATTITUDE,,,,,,,,,,,,,,,0.0027923728339374065,0.0024251348804682493,0.7876933813095093,,
1790035490.7129145,RAW_IMU,,,,,,,,,0,0,-1001,4,2,3,,,,,
1790035490.7300172,ATTITUDE,,,,,,,,,,,,,,,0.00280043319799006,0.0024000273551791906,0.7876966595649719,,
1790035490.7304018,RAW_IMU,,,,,,,,,0,0,-1001,4,2,3,,,,,
1790035490.7533045,ATTITUDE,,,,,,,,,,,,,,,0.002808032324537635,0.0023773612920194864,0.7876983880996704,,
1790035490.7536795,RAW_IMU,,,,,,,,,0,0,-1001,4,2,3,,,,,
1790035490.7707696,ATTITUDE,,,,,,,,,,,,,,,0.002814745530486107,0.002401981968432665,0.7876968383789062,,
1790035490.771253,RAW_IMU,,,,,,,,,0,0,-1001,4,5,3,,,,,
1790035490.7883317,GLOBAL_POSITION_INT,-35.3628693,149.1657179,586.39,2.58,-0.02,0.0,0.49,45.13,,,,,,,,,,,
1790035490.7888715,GPS_RAW_INT,,,,,,,,,,,,,,,,,,6,10
1790035490.79396,ATTITUDE,,,,,,,,,,,,,,,0.002822049194946885,0.002369582885876298,0.787693202495575,,
1790035490.7944767,RAW_IMU,,,,,,,,,0,0,-1001,4,2,3,,,,,
1790035490.8115764,ATTITUDE,,,,,,,,,,,,,,,0.0028307060711085796,0.0023991791531443596,0.787693202495575,,
1790035490.8119473,RAW_IMU,,,,,,,,,0,0,-1001,4,5,3,,,,,
1790035490.8348212,ATTITUDE,,,,,,,,,,,,,,,0.0028386253397911787,0.0024158789310604334,0.7876925468444824,,
1790035490.8353264,RAW_IMU,,,,,,,,,0,0,-1001,4,5,3,,,,,
1790035490.8525586,ATTITUDE,,,,,,,,,,,,,,,0.0028455115389078856,0.0024311556480824947,0.7876881957054138,,
1790035490.8533337,RAW_IMU,,,,,,,,,0,0,-1001,4,4,3,,,,,
1790035490.8699284,ATTITUDE,,,,,,,,,,,,,,,0.002833303762599826,0.002446384634822607,0.7876855134963989,,
1790035490.8703024,RAW_IMU,,,,,,,,,0,0,-1001,3,4,3,,,,,
1790035490.887448,GLOBAL_POSITION_INT,-35.3628693,149.1657179,586.34,2.53,-0.02,0.0,0.49,45.13,,,,,,,,,,,
1790035490.8880055,GPS_RAW_INT,,,,,,,,,,,,,,,,,,6,10
1790035490.8931396,ATTITUDE,,,,,,,,,,,,,,,0.0028206510469317436,0.0024568059016019106,0.7876830697059631,,
1790035490.893523,RAW_IMU,,,,,,,,,0,0,-1000,3,4,3,,,,,
1790035490.9106405,ATTITUDE,,,,,,,,,,,,,,,0.002809209516271949,0.002467128913849592,0.7876811623573303,,
1790035490.911206,RAW_IMU,,,,,,,,,0,0,-1001,3,4,3,,,,,
1790035490.9341068,ATTITUDE,,,,,,,,,,,,,,,0.0027732152957469225,0.002495420863851905,0.7876799702644348,,
1790035490.9346194,RAW_IMU,,,,,,,,,0,0,-1001,2,5,3,,,,,
1790035490.9517264,ATTITUDE,,,,,,,,,,,,,,,0.002777235582470894,0.002531464444473386,0.7876796722412109,,
1790035490.9520926,RAW_IMU,,,,,,,,,0,0,-1002,3,6,3,,,,,
1790035490.976262,ATTITUDE,,,,,,,,,,,,,,,0.002753100823611021,0.0025446598883718252,0.7876767516136169,,
1790035490.9770384,RAW_IMU,,,,,,,,,0,0,-1002,3,4,3,,,,,
1790035490.9921544,GLOBAL_POSITION_INT,-35.3628693,149.1657179,586.29,2.48,-0.02,0.0,0.49,45.13,,,,,,,,,,,
1790035490.9924846,GPS_RAW_INT,,,,,,,,,,,,,,,,,,6,10
1790035490.9930487,ATTITUDE,,,,,,,,,,,,,,,0.002730011008679867,0.002609193092212081,0.7876762747764587,,
1790035490.9935038,RAW_IMU,,,,,,,,,0,0,-1001,2,7,3,,,,,
1790035491.0099118,ATTITUDE,,,,,,,,,,,,,,,0.0027415247168391943,0.002671770518645644,0.7876800298690796,,
1790035491.0104315,RAW_IMU,,,,,,,,,0,0,-1001,4,7,4,,,,,
1790035491.0331259,ATTITUDE,,,,,,,,,,,,,,,0.0027160407043993473,0.002731521148234606,0.7876852750778198,,
1790035491.033644,RAW_IMU,,,,,,,,,0,0,-1000,2,6,4,,,,,
1790035491.0507884,ATTITUDE,,,,,,,,,,,,,,,0.0026904945261776447,0.002790682017803192,0.7876877188682556,,
1790035491.0511057,RAW_IMU,,,,,,,,,0,0,-1000,2,6,4,,,,,
1790035491.0739238,ATTITUDE,,,,,,,,,,,,,,,0.002666961634531617,0.0028470929246395826,0.7876888513565063,,
1790035491.0744135,RAW_IMU,,,,,,,,,0,0,-1000,2,6,4,,,,,
1790035491.0914617,GLOBAL_POSITION_INT,-35.3628693,149.1657179,586.24,2.43,-0.02,0.0,0.49,45.13,,,,,,,,,,,
1790035491.0917666,GPS_RAW_INT,,,,,,,,,,,,,,,,,,6,10
1790035491.0923243,ATTITUDE,,,,,,,,,,,,,,,0.0026419826317578554,0.0028964360244572163,0.7876915335655212,,
1790035491.0926638,RAW_IMU,,,,,,,,,0,0,-1000,2,6,4,,,,,
1790035491.1146462,ATTITUDE,,,,,,,,,,,,,,,0.002619299804791808,0.002944991923868656,0.7876951098442078,,
1790035491.1149685,RAW_IMU,,,,,,,,,0,0,-1001,2,6,4,,,,,
1790035491.1323445,ATTITUDE,,,,,,,,,,,,,,,0.0025970328133553267,0.002991011133417487,0.7876997590065002,,
1790035491.1328442,RAW_IMU,,,,,,,,,0,0,-1000,2,6,4,,,,,
1790035491.1500053,ATTITUDE,,,,,,,,,,,,,,,0.002575454767793417,0.0030360014643520117,0.7877030372619629,,
1790035491.150665,RAW_IMU,,,,,,,,,0,0,-1001,2,6,4,,,,,
1790035491.1731527,ATTITUDE,,,,,,,,,,,,,,,0.002554715145379305,0.0030351481400430202,0.7877030968666077,,
1790035491.1735203,RAW_IMU,,,,,,,,,0,0,-1001,3,4,3,,,,,
1790035491.190672,GLOBAL_POSITION_INT,-35.3628693,149.1657179,586.19,2.38,-0.02,0.0,0.49,45.13,,,,,,,,,,,
1790035491.1909723,GPS_RAW_INT,,,,,,,,,,,,,,,,,,6,10
1790035491.1914742,ATTITUDE,,,,,,,,,,,,,,,0.0025362130254507065,0.003070245496928692,0.7877033352851868,,
1790035491.1918652,RAW_IMU,,,,,,,,,0,0,-1001,3,5,3,,,,,
1790035491.213835,ATTITUDE,,,,,,,,,,,,,,,0.002517680637538433,0.0030687449034303427,0.7877047061920166,,
1790035491.2141697,RAW_IMU,,,,,,,,,0,0,-1001,3,4,3,,,,,
1790035491.2318273,ATTITUDE,,,,,,,,,,,,,,,0.0025005664210766554,0.0030575660057365894,0.7877054810523987,,
1790035491.2331028,RAW_IMU,,,,,,,,,0,0,-1000,3,3,3,,,,,
1790035491.254772,ATTITUDE,,,,,,,,,,,,,,,0.002484877360984683,0.0030484709423035383,0.7877045273780823,,
1790035491.2554722,RAW_IMU,,,,,,,,,0,0,-1000,3,3,3,,,,,
1790035491.272193,ATTITUDE,,,,,,,,,,,,,,,0.0024818959645926952,0.0030391057953238487,0.7877021431922913,,
1790035491.2727823,RAW_IMU,,,,,,,,,0,0,-1001,3,3,3,,,,,
1790035491.2899988,GLOBAL_POSITION_INT,-35.3628693,149.1657179,586.14,2.33,-0.02,0.0,0.49,45.13,,,,,,,,,,,
1790035491.290295,GPS_RAW_INT,,,,,,,,,,,,,,,,,,6,10
1790035491.2952611,ATTITUDE,,,,,,,,,,,,,,,0.0024841022677719593,0.0030262614600360394,0.787701427936554,,
1790035491.2956853,RAW_IMU,,,,,,,,,0,0,-1000,4,3,3,,,,,
1790035491.3130622,ATTITUDE,,,,,,,,,,,,,,,0.0024859746918082237,0.0030149538069963455,0.7877017259597778,,
1790035491.3134873,RAW_IMU,,,,,,,,,0,0,-1000,4,3,3,,,,,
1790035491.330528,ATTITUDE,,,,,,,,,,,,,,,0.002487834542989731,0.0030040000565350056,0.7877038717269897,,
1790035491.3309371,RAW_IMU,,,,,,,,,0,0,-1000,4,3,3,,,,,
1790035491.353936,ATTITUDE,,,,,,,,,,,,,,,0.0024986695498228073,0.0029949836898595095,0.7877055406570435,,
1790035491.3541884,RAW_IMU,,,,,,,,,0,0,-1001,4,3,3,,,,,
1790035491.3714774,ATTITUDE,,,,,,,,,,,,,,,0.0025106738321483135,0.0029854760505259037,0.7877049446105957,,
1790035491.3718393,RAW_IMU,,,,,,,,,0,0,-1001,4,3,3,,,,,
1790035491.388921,GLOBAL_POSITION_INT,-35.3628693,149.1657179,586.09,2.28,-0.02,0.0,0.49,45.13,,,,,,,,,,,
1790035491.3895292,GPS_RAW_INT,,,,,,,,,,,,,,,,,,6,10
1790035491.394558,ATTITUDE,,,,,,,,,,,,,,,0.0025012812111526728,0.0029775728471577168,0.7877065539360046,,
1790035491.3948567,RAW_IMU,,,,,,,,,0,0,-1001,3,3,3,,,,,
1790035491.4122593,ATTITUDE,,,,,,,,,,,,,,,0.002549662021920085,0.0029701911844313145,0.787712574005127,,
1790035491.4126406,RAW_IMU,,,,,,,,,0,0,-1001,6,3,4,,,,,
1790035491.435372,ATTITUDE,,,,,,,,,,,,,,,0.0025101876817643642,0.00296386843547225,0.787722110748291,,
1790035491.4357085,RAW_IMU,,,,,,,,,0,0,-1001,2,3,4,,,,,
1790035491.4530354,ATTITUDE,,,,,,,,,,,,,,,0.0025438598822802305,0.00295972335152328,0.7877303957939148,,
1790035491.4536574,RAW_IMU,,,,,,,,,0,0,-1001,5,3,4,,,,,
1790035491.4715343,ATTITUDE,,,,,,,,,,,,,,,0.0025198699440807104,0.002953236224129796,0.7877396941184998,,
1790035491.4720821,RAW_IMU,,,,,,,,,0,0,-1001,3,3,4,,,,,
1790035491.4880626,GLOBAL_POSITION_INT,-35.3628693,149.1657179,586.04,2.23,-0.02,0.0,0.49,45.13,,,,,,,,,,,
1790035491.4883606,GPS_RAW_INT,,,,,,,,,,,,,,,,,,6,10
1790035491.493745,ATTITUDE,,,,,,,,,,,,,,,0.00248205685056746,0.0029441413935273886,0.7877495884895325,,
1790035491.494259,RAW_IMU,,,,,,,,,0,0,-1000,2,3,4,,,,,
1790035491.5114596,ATTITUDE,,,,,,,,,,,,,,,0.002446243539452553,0.0029362961649894714,0.7877609133720398,,
1790035491.5118268,RAW_IMU,,,,,,,,,0,0,-1001,2,3,4,,,,,
1790035491.5346162,ATTITUDE,,,,,,,,,,,,,,,0.002413516165688634,0.0029282995965331793,0.7877737283706665,,
1790035491.5349817,RAW_IMU,,,,,,,,,0,0,-1000,2,3,4,,,,,
1790035491.5521786,ATTITUDE,,,,,,,,,,,,,,,0.002380852587521076,0.0029222643934190273,0.7877850532531738,,
1790035491.5525033,RAW_IMU,,,,,,,,,0,0,-1000,2,3,4,,,,,
1790035491.575324,ATTITUDE,,,,,,,,,,,,,,,0.0023497676011174917,0.0029153525829315186,0.7877928018569946,,
1790035491.5757737,RAW_IMU,,,,,,,,,0,0,-1001,2,3,4,,,,,
1790035491.592962,GLOBAL_POSITION_INT,-35.3628693,149.1657179,585.99,2.18,-0.02,0.0,0.49,45.13,,,,,,,,,,,
1790035491.5932572,GPS_RAW_INT,,,,,,,,,,,,,,,,,,6,10
1790035491.594001,ATTITUDE,,,,,,,,,,,,,,,0.002319553168490529,0.002909483388066292,0.7878025770187378,,
1790035491.5944047,RAW_IMU,,,,,,,,,0,0,-1001,2,3,4,,,,,
1790035491.610793,ATTITUDE,,,,,,,,,,,,,,,0.0022916102316230536,0.002905227243900299,0.7878111600875854,,
1790035491.611311,RAW_IMU,,,,,,,,,0,0,-1001,2,3,4,,,,,
1790035491.6337662,ATTITUDE,,,,,,,,,,,,,,,0.0022663697600364685,0.0029021126683801413,0.7878211140632629,,
1790035491.6341553,RAW_IMU,,,,,,,,,0,0,-1000,2,3,4,,,,,
1790035491.6529906,ATTITUDE,,,,,,,,,,,,,,,0.002240728121250868,0.0028994588647037745,0.7878296971321106,,
1790035491.6532393,RAW_IMU,,,,,,,,,0,0,-1000,2,3,4,,,,,
1790035491.670538,ATTITUDE,,,,,,,,,,,,,,,0.0022159276995807886,0.0028972674626857042,0.7878355383872986,,
1790035491.670913,RAW_IMU,,,,,,,,,0,0,-1000,2,3,4,,,,,
1790035491.6881127,GLOBAL_POSITION_INT,-35.3628693,149.1657179,585.94,2.13,-0.02,0.0,0.49,45.13,,,,,,,,,,,
1790035491.6885653,GPS_RAW_INT,,,,,,,,,,,,,,,,,,6,10
1790035491.6938083,ATTITUDE,,,,,,,,,,,,,,,0.002190603641793132,0.002890876727178693,0.7878420352935791,,
1790035491.6942677,RAW_IMU,,,,,,,,,0,0,-1000,2,3,4,,,,,
1790035491.7113843,ATTITUDE,,,,,,,,,,,,,,,0.0021669676061719656,0.00289038079790771,0.7878502607345581,,
1790035491.711824,RAW_IMU,,,,,,,,,0,0,-1001,2,3,4,,,,,
1790035491.7346847,ATTITUDE,,,,,,,,,,,,,,,0.0021449218038469553,0.0028697799425572157,0.7878572344779968,,
1790035491.7352402,RAW_IMU,,,,,,,,,0,0,-1001,2,3,4,,,,,
1790035491.7522318,ATTITUDE,,,,,,,,,,,,,,,0.0021224652882665396,0.0028965945821255445,0.7878600358963013,,
1790035491.7526362,RAW_IMU,,,,,,,,,0,0,-1001,2,4,4,,,,,
1790035491.7752678,ATTITUDE,,,,,,,,,,,,,,,0.0021000916603952646,0.002876883838325739,0.7878577709197998,,
1790035491.7756777,RAW_IMU,,,,,,,,,0,0,-1001,2,3,3,,,,,
1790035491.7927942,GLOBAL_POSITION_INT,-35.3628693,149.1657179,585.89,2.08,-0.02,0.0,0.49,45.14,,,,,,,,,,,
1790035491.793284,GPS_RAW_INT,,,,,,,,,,,,,,,,,,6,10
1790035491.7939365,ATTITUDE,,,,,,,,,,,,,,,0.002081147162243724,0.0028872513212263584,0.7878527641296387,,
1790035491.7947004,RAW_IMU,,,,,,,,,0,0,-1001,3,3,3,,,,,
1790035491.8106153,ATTITUDE,,,,,,,,,,,,,,,0.002063803607597947,0.0029030190780758858,0.787850022315979,,
1790035491.8113637,RAW_IMU,,,,,,,,,0,0,-1001,3,5,3,,,,,
1790035491.833727,ATTITUDE,,,,,,,,,,,,,,,0.0020468716975301504,0.0028820515144616365,0.7878475189208984,,
1790035491.8340428,RAW_IMU,,,,,,,,,0,0,-1001,3,2,3,,,,,
1790035491.851411,ATTITUDE,,,,,,,,,,,,,,,0.0020304329227656126,0.0028621789533644915,0.7878426313400269,,
1790035491.8518615,RAW_IMU,,,,,,,,,0,0,-1000,3,2,3,,,,,
1790035491.8745046,ATTITUDE,,,,,,,,,,,,,,,0.002013807650655508,0.002842323388904333,0.7878357768058777,,
1790035491.8750103,RAW_IMU,,,,,,,,,0,0,-1001,3,2,3,,,,,
1790035491.8920286,GLOBAL_POSITION_INT,-35.3628693,149.1657179,585.84,2.03,-0.02,0.0,0.49,45.13,,,,,,,,,,,
1790035491.8923929,GPS_RAW_INT,,,,,,,,,,,,,,,,,,6,10
1790035491.8931031,ATTITUDE,,,,,,,,,,,,,,,0.001995838712900877,0.0028194396290928125,0.7878307104110718,,
1790035491.8938186,RAW_IMU,,,,,,,,,0,0,-1001,3,2,3,,,,,
1790035491.9151833,ATTITUDE,,,,,,,,,,,,,,,0.0019795752596110106,0.0027970995288342237,0.7878273725509644,,
1790035491.9154837,RAW_IMU,,,,,,,,,0,0,-1000,3,2,3,,,,,
1790035491.9327765,ATTITUDE,,,,,,,,,,,,,,,0.0019645087886601686,0.0027768209110945463,0.7878252267837524,,
1790035491.933163,RAW_IMU,,,,,,,,,0,0,-1001,3,3,3,,,,,
1790035491.950396,ATTITUDE,,,,,,,,,,,,,,,0.00195838650688529,0.0027571283280849457,0.7878212332725525,,
1790035491.9508626,RAW_IMU,,,,,,,,,0,0,-1001,3,3,3,,,,,
1790035491.975015,ATTITUDE,,,,,,,,,,,,,,,0.0019629569724202156,0.0027389703318476677,0.7878157496452332,,
1790035491.9753275,RAW_IMU,,,,,,,,,0,0,-1001,4,3,3,,,,,
1790035491.991183,GLOBAL_POSITION_INT,-35.3628693,149.1657179,585.79,1.98,-0.02,0.0,0.49,45.13,,,,,,,,,,,
1790035491.9915347,GPS_RAW_INT,,,,,,,,,,,,,,,,,,6,10
1790035491.9921625,ATTITUDE,,,,,,,,,,,,,,,0.0019671611953526735,0.0027229776605963707,0.7878122329711914,,
1790035491.9927242,RAW_IMU,,,,,,,,,0,0,-1001,4,3,3,,,,,
1790035492.01448,ATTITUDE,,,,,,,,,,,,,,,0.001972080208361149,0.002707115840166807,0.7878100275993347,,
1790035492.014932,RAW_IMU,,,,,,,,,0,0,-1001,4,3,3,,,,,
1790035492.0319808,ATTITUDE,,,,,,,,,,,,,,,0.0019763873424381018,0.0026932109612971544,0.7878103256225586,,
1790035492.032401,RAW_IMU,,,,,,,,,0,0,-1001,4,3,3,,,,,
1790035492.0552192,ATTITUDE,,,,,,,,,,,,,,,0.0019812334794551134,0.002680274425074458,0.7878082990646362,,
1790035492.0560446,RAW_IMU,,,,,,,,,0,0,-1000,4,3,3,,,,,
1790035492.072772,ATTITUDE,,,,,,,,,,,,,,,0.001985114300623536,0.0026678459253162146,0.787803590297699,,
1790035492.0731974,RAW_IMU,,,,,,,,,0,0,-1001,4,3,3,,,,,
1790035492.0903091,GLOBAL_POSITION_INT,-35.3628693,149.1657179,585.74,1.931,-0.01,0.0,0.49,45.13,,,,,,,,,,,
1790035492.090533,GPS_RAW_INT,,,,,,,,,,,,,,,,,,6,10
1790035492.0912786,ATTITUDE,,,,,,,,,,,,,,,0.001986804651096463,0.0026510953903198242,0.7878013253211975,,
1790035492.0918221,RAW_IMU,,,,,,,,,0,0,-1000,4,3,3,,,,,
1790035492.1136096,ATTITUDE,,,,,,,,,,,,,,,0.001988617004826665,0.0026364410296082497,0.7878010869026184,,
1790035492.1141093,RAW_IMU,,,,,,,,,0,0,-1001,4,3,3,,,,,
1790035492.1311808,ATTITUDE,,,,,,,,,,,,,,,0.0019904065411537886,0.0026227892376482487,0.7878019213676453,,
1790035492.1316304,RAW_IMU,,,,,,,,,0,0,-1001,4,3,3,,,,,
1790035492.1546032,ATTITUDE,,,,,,,,,,,,,,,0.0020100909750908613,0.002609858987852931,0.7877997756004333,,
1790035492.1550424,RAW_IMU,,,,,,,,,0,0,-1001,4,3,3,,,,,
1790035492.17193,ATTITUDE,,,,,,,,,,,,,,,0.0020308324601501226,0.0025979531928896904,0.7877973318099976,,
1790035492.1724155,RAW_IMU,,,,,,,,,0,0,-1001,5,3,3,,,,,
1790035492.1895583,GLOBAL_POSITION_INT,-35.3628693,149.1657179,585.69,1.881,-0.01,0.0,0.49,45.13,,,,,,,,,,,
1790035492.1901512,GPS_RAW_INT,,,,,,,,,,,,,,,,,,6,10
1790035492.1950662,ATTITUDE,,,,,,,,,,,,,,,0.0020517739467322826,0.0025875673163682222,0.7877956032752991,,
1790035492.1955373,RAW_IMU,,,,,,,,,0,0,-1001,5,3,3,,,,,
1790035492.2127173,ATTITUDE,,,,,,,,,,,,,,,0.002072463044896722,0.0025783744640648365,0.7877959609031677,,
1790035492.2131383,RAW_IMU,,,,,,,,,0,0,-1000,5,3,3,,,,,
1790035492.2302434,ATTITUDE,,,,,,,,,,,,,,,0.0020928559824824333,0.0025696968659758568,0.7877971529960632,,
1790035492.2306979,RAW_IMU,,,,,,,,,0,0,-1000,4,3,3,,,,,
1790035492.253571,ATTITUDE,,,,,,,,,,,,,,,0.002112915040925145,0.002563897520303726,0.7877958416938782,,
1790035492.2540407,RAW_IMU,,,,,,,,,0,0,-1001,4,3,3,,,,,
1790035492.271146,ATTITUDE,,,,,,,,,,,,,,,0.0021299568470567465,0.0025554175954312086,0.7877929210662842,,
1790035492.2715573,RAW_IMU,,,,,,,,,0,0,-1001,4,3,3,,,,,
1790035492.2887232,GLOBAL_POSITION_INT,-35.3628693,149.1657179,585.64,1.831,-0.01,0.0,0.49,45.13,,,,,,,,,,,
1790035492.289217,GPS_RAW_INT,,,,,,,,,,,,,,,,,,6,10
1790035492.2943618,ATTITUDE,,,,,,,,,,,,,,,0.0021449336782097816,0.0025441457983106375,0.7877930998802185,,
1790035492.2947114,RAW_IMU,,,,,,,,,0,0,-1001,4,3,3,,,,,
1790035492.3119664,ATTITUDE,,,,,,,,,,,,,,,0.002159377094358206,0.0025335762184113264,0.7877944707870483,,
1790035492.3126469,RAW_IMU,,,,,,,,,0,0,-1001,4,3,3,,,,,
1790035492.3350706,ATTITUDE,,,,,,,,,,,,,,,0.002174999564886093,0.0025237170048058033,0.7877960205078125,,
1790035492.335511,RAW_IMU,,,,,,,,,0,0,-1001,4,3,3,,,,,
1790035492.3527176,ATTITUDE,,,,,,,,,,,,,,,0.002188598969951272,0.0025148068089038134,0.7877950668334961,,
1790035492.3532157,RAW_IMU,,,,,,,,,0,0,-1001,4,3,3,,,,,
1790035492.3704453,ATTITUDE,,,,,,,,,,,,,,,0.002200881950557232,0.0025064414367079735,0.7877933979034424,,
1790035492.370911,RAW_IMU,,,,,,,,,0,0,-1001,4,3,3,,,,,
1790035492.387865,GLOBAL_POSITION_INT,-35.3628693,149.1657179,585.59,1.781,-0.01,0.0,0.49,45.13,,,,,,,,,,,
1790035492.3881881,GPS_RAW_INT,,,,,,,,,,,,,,,,,,6,10
1790035492.3935065,ATTITUDE,,,,,,,,,,,,,,,0.0022190117742866278,0.002499296562746167,0.7877940535545349,,
1790035492.393874,RAW_IMU,,,,,,,,,0,0,-1000,4,3,3,,,,,
1790035492.4111285,ATTITUDE,,,,,,,,,,,,,,,0.002270373282954097,0.0024929498322308064,0.7877953052520752,,
1790035492.4114969,RAW_IMU,,,,,,,,,0,0,-1000,6,3,3,,,,,
1790035492.4343574,ATTITUDE,,,,,,,,,,,,,,,0.0023206425830721855,0.0024877095129340887,0.7877979278564453,,
1790035492.4347115,RAW_IMU,,,,,,,,,0,0,-1000,6,3,3,,,,,
1790035492.451935,ATTITUDE,,,,,,,,,,,,,,,0.002369051333516836,0.002484000287950039,0.7877974510192871,,
1790035492.4522874,RAW_IMU,,,,,,,,,0,0,-1000,6,3,3,,,,,
1790035492.474828,ATTITUDE,,,,,,,,,,,,,,,0.0024137741420418024,0.0024792721960693598,0.7877952456474304,,
1790035492.475467,RAW_IMU,,,,,,,,,0,0,-1001,6,3,3,,,,,
1790035492.4926274,GLOBAL_POSITION_INT,-35.3628693,149.1657179,585.54,1.732,-0.01,0.0,0.49,45.13,,,,,,,,,,,
1790035492.4929235,GPS_RAW_INT,,,,,,,,,,,,,,,,,,6,10
1790035492.493285,ATTITUDE,,,,,,,,,,,,,,,0.00245513953268528,0.002471713814884424,0.7877952456474304,,
1790035492.4939666,RAW_IMU,,,,,,,,,0,0,-1001,6,3,3,,,,,
1790035492.5103369,ATTITUDE,,,,,,,,,,,,,,,0.002495248569175601,0.00246469140984118,0.7877954840660095,,
1790035492.5106432,RAW_IMU,,,,,,,,,0,0,-1001,6,3,3,,,,,
1790035492.5334384,ATTITUDE,,,,,,,,,,,,,,,0.0025332930963486433,0.002461821073666215,0.7877972722053528,,
1790035492.5337498,RAW_IMU,,,,,,,,,0,0,-1001,5,3,3,,,,,
1790035492.5512786,ATTITUDE,,,,,,,,,,,,,,,0.002571436809375882,0.0024920208379626274,0.7877986431121826,,
1790035492.551666,RAW_IMU,,,,,,,,,0,0,-1001,5,5,3,,,,,
1790035492.5742486,ATTITUDE,,,,,,,,,,,,,,,0.0026128054596483707,0.0025211938191205263,0.7877981066703796,,
1790035492.5746496,RAW_IMU,,,,,,,,,0,0,-1000,6,5,4,,,,,
1790035492.5918102,GLOBAL_POSITION_INT,-35.3628693,149.1657179,585.49,1.682,-0.01,0.0,0.49,45.13,,,,,,,,,,,
1790035492.5921652,GPS_RAW_INT,,,,,,,,,,,,,,,,,,6,10
1790035492.5928512,ATTITUDE,,,,,,,,,,,,,,,0.0026659455616027117,0.002550403354689479,0.7877979278564453,,
1790035492.5934093,RAW_IMU,,,,,,,,,0,0,-1000,6,5,3,,,,,
1790035492.6149898,ATTITUDE,,,,,,,,,,,,,,,0.002718329895287752,0.0025795085821300745,0.7877991795539856,,
1790035492.615418,RAW_IMU,,,,,,,,,0,0,-1001,6,5,3,,,,,
1790035492.6325674,ATTITUDE,,,,,,,,,,,,,,,0.0027685239911079407,0.0026263699401170015,0.7878026366233826,,
1790035492.632959,RAW_IMU,,,,,,,,,0,0,-1000,6,6,3,,,,,
1790035492.6513145,ATTITUDE,,,,,,,,,,,,,,,0.00281649362295866,0.002671804279088974,0.7878032326698303,,
1790035492.6521082,RAW_IMU,,,,,,,,,0,0,-1000,6,6,3,,,,,
1790035492.6742609,ATTITUDE,,,,,,,,,,,,,,,0.002862178022041917,0.002714770380407572,0.7878029942512512,,
1790035492.6747758,RAW_IMU,,,,,,,,,0,0,-1001,6,6,4,,,,,
1790035492.6919937,GLOBAL_POSITION_INT,-35.3628693,149.1657179,585.44,1.632,-0.01,0.0,0.49,45.13,,,,,,,,,,,
1790035492.6922834,GPS_RAW_INT,,,,,,,,,,,,,,,,,,6,10
1790035492.6929708,ATTITUDE,,,,,,,,,,,,,,,0.0029048959258943796,0.0027518889401108027,0.7878040671348572,,
1790035492.6933906,RAW_IMU,,,,,,,,,0,0,-1001,6,6,4,,,,,
1790035492.7150192,ATTITUDE,,,,,,,,,,,,,,,0.002945107175037265,0.002789556747302413,0.78780597448349,,
1790035492.7156098,RAW_IMU,,,,,,,,,0,0,-1000,6,5,3,,,,,
1790035492.7328115,ATTITUDE,,,,,,,,,,,,,,,0.002983728889375925,0.0028507171664386988,0.7878101468086243,,
1790035492.7336695,RAW_IMU,,,,,,,,,0,0,-1000,6,6,4,,,,,
1790035492.752337,ATTITUDE,,,,,,,,,,,,,,,0.0030222462955862284,0.002939199563115835,0.7878121137619019,,
1790035492.7535183,RAW_IMU,,,,,,,,,0,0,-1001,5,8,4,,,,,
1790035492.772004,ATTITUDE,,,,,,,,,,,,,,,0.003058393020182848,0.0030242125503718853,0.7878131866455078,,
1790035492.772924,RAW_IMU,,,,,,,,,0,0,-1001,5,8,4,,,,,
1790035492.7917252,GLOBAL_POSITION_INT,-35.3628693,149.1657179,585.39,1.582,-0.01,0.0,0.49,45.13,,,,,,,,,,,
1790035492.7929292,GPS_RAW_INT,,,,,,,,,,,,,,,,,,6,10
1790035492.7944117,ATTITUDE,,,,,,,,,,,,,,,0.0031123943626880646,0.0031074928119778633,0.7878143191337585,,
1790035492.7953463,RAW_IMU,,,,,,,,,0,0,-1000,6,8,4,,,,,
1790035492.811946,ATTITUDE,,,,,,,,,,,,,,,0.0031826389022171497,0.0031882813200354576,0.7878164649009705,,
1790035492.812847,RAW_IMU,,,,,,,,,0,0,-1001,7,8,4,,,,,
1790035492.831921,ATTITUDE,,,,,,,,,,,,,,,0.0032516266219317913,0.003266229061409831,0.7878212332725525,,
1790035492.832707,RAW_IMU,,,,,,,,,0,0,-1001,7,7,4,,,,,
1790035492.855078,ATTITUDE,,,,,,,,,,,,,,,0.0033180948812514544,0.003341478295624256,0.7878224849700928,,
1790035492.8557272,RAW_IMU,,,,,,,,,0,0,-1001,7,7,4,,,,,
1790035492.8727055,ATTITUDE,,,,,,,,,,,,,,,0.003380345646291971,0.0034116089809685946,0.7878206372261047,,
1790035492.8732884,RAW_IMU,,,,,,,,,0,0,-1001,7,7,3,,,,,
1790035492.8902102,GLOBAL_POSITION_INT,-35.3628693,149.1657179,585.34,1.532,-0.01,0.0,0.49,45.13,,,,,,,,,,,
1790035492.8905172,GPS_RAW_INT,,,,,,,,,,,,,,,,,,6,10
1790035492.8911982,ATTITUDE,,,,,,,,,,,,,,,0.0034381705336272717,0.0034764984156936407,0.7878217697143555,,
1790035492.8919647,RAW_IMU,,,,,,,,,0,0,-1001,7,7,4,,,,,
1790035492.9134407,ATTITUDE,,,,,,,,,,,,,,,0.003490027040243149,0.003539265366271138,0.7878249883651733,,
1790035492.9138196,RAW_IMU,,,,,,,,,0,0,-1000,6,7,4,,,,,
1790035492.930979,ATTITUDE,,,,,,,,,,,,,,,0.0035104695707559586,0.003600764088332653,0.7878275513648987,,
1790035492.9314952,RAW_IMU,,,,,,,,,0,0,-1000,5,7,4,,,,,
1790035492.9543517,ATTITUDE,,,,,,,,,,,,,,,0.0035458814818412066,0.0036586252972483635,0.7878304719924927,,
1790035492.9548333,RAW_IMU,,,,,,,,,0,0,-1001,5,7,3,,,,,
1790035492.973039,ATTITUDE,,,,,,,,,,,,,,,0.0035519853699952364,0.0037153707817196846,0.7878285646438599,,
1790035492.9734201,RAW_IMU,,,,,,,,,0,0,-1000,4,6,3,,,,,
1790035492.9893804,GLOBAL_POSITION_INT,-35.3628693,149.1657179,585.29,1.482,-0.02,0.0,0.49,45.13,,,,,,,,,,,
1790035492.9899359,GPS_RAW_INT,,,,,,,,,,,,,,,,,,6,10
1790035492.9948115,ATTITUDE,,,,,,,,,,,,,,,0.00356517406180501,0.0037720301188528538,0.787828266620636,,
1790035492.995549,RAW_IMU,,,,,,,,,0,0,-1000,4,6,3,,,,,
1790035493.0126474,ATTITUDE,,,,,,,,,,,,,,,0.0035728614311665297,0.003827081061899662,0.7878279685974121,,
1790035493.0132618,RAW_IMU,,,,,,,,,0,0,-1000,4,6,3,,,,,
1790035493.030282,ATTITUDE,,,,,,,,,,,,,,,0.003570506116375327,0.00387935945764184,0.7878296971321106,,
1790035493.0308256,RAW_IMU,,,,,,,,,0,0,-1001,3,6,3,,,,,
1790035493.0535343,ATTITUDE,,,,,,,,,,,,,,,0.003563943551853299,0.00393047695979476,0.7878316044807434,,
1790035493.0539584,RAW_IMU,,,,,,,,,0,0,-1001,3,6,3,,,,,
1790035493.0709538,ATTITUDE,,,,,,,,,,,,,,,0.0035258159041404724,0.003979539033025503,0.7878261208534241,,
1790035493.0714638,RAW_IMU,,,,,,,,,0,0,-1000,2,6,3,,,,,
1790035493.08945,GLOBAL_POSITION_INT,-35.3628693,149.1657179,585.24,1.432,-0.02,0.0,0.49,45.13,,,,,,,,,,,
1790035493.090195,GPS_RAW_INT,,,,,,,,,,,,,,,,,,6,10
1790035493.0944753,ATTITUDE,,,,,,,,,,,,,,,0.0034992420114576817,0.004022471606731415,0.7878208160400391,,
1790035493.0952795,RAW_IMU,,,,,,,,,0,0,-1000,3,6,3,,,,,
1790035493.1138186,ATTITUDE,,,,,,,,,,,,,,,0.003447228344157338,0.004063932225108147,0.7878143191337585,,
1790035493.1150227,RAW_IMU,,,,,,,,,0,0,-1000,1,6,3,,,,,
1790035493.1322763,ATTITUDE,,,,,,,,,,,,,,,0.0034302326384931803,0.004103533923625946,0.7878091335296631,,
1790035493.1334295,RAW_IMU,,,,,,,,,0,0,-1000,3,6,3,,,,,
1790035493.155712,ATTITUDE,,,,,,,,,,,,,,,0.003359437920153141,0.004143811296671629,0.7878032326698303,,
1790035493.156555,RAW_IMU,,,,,,,,,0,0,-1001,0,6,3,,,,,
1790035493.1729717,ATTITUDE,,,,,,,,,,,,,,,0.003290102817118168,0.004182999953627586,0.787791907787323,,
1790035493.1747932,RAW_IMU,,,,,,,,,0,0,-1001,0,6,3,,,,,
1790035493.1900177,GLOBAL_POSITION_INT,-35.3628693,149.1657179,585.19,1.382,-0.02,0.0,0.49,45.13,,,,,,,,,,,
1790035493.1903763,GPS_RAW_INT,,,,,,,,,,,,,,,,,,6,10
1790035493.1911864,ATTITUDE,,,,,,,,,,,,,,,0.003225341672077775,0.004220678471028805,0.7877828478813171,,
1790035493.1916018,RAW_IMU,,,,,,,,,0,0,-1001,0,5,3,,,,,
1790035493.2133112,ATTITUDE,,,,,,,,,,,,,,,0.003163279965519905,0.004213288426399231,0.7877764105796814,,
1790035493.213952,RAW_IMU,,,,,,,,,0,0,-1000,0,3,3,,,,,
1790035493.2307801,ATTITUDE,,,,,,,,,,,,,,,0.0031039242167025805,0.004196689929813147,0.7877717614173889,,
1790035493.2311835,RAW_IMU,,,,,,,,,0,0,-1001,1,3,3,,,,,
1790035493.2541714,ATTITUDE,,,,,,,,,,,,,,,0.0030474294908344746,0.004181568045169115,0.7877680659294128,,
1790035493.254651,RAW_IMU,,,,,,,,,0,0,-1001,1,3,3,,,,,
1790035493.27176,ATTITUDE,,,,,,,,,,,,,,,0.002992187859490514,0.004164016805589199,0.78775954246521,,
1790035493.2723584,RAW_IMU,,,,,,,,,0,0,-1001,1,3,3,,,,,
1790035493.2890964,GLOBAL_POSITION_INT,-35.3628693,149.1657179,585.14,1.332,-0.02,0.0,0.49,45.13,,,,,,,,,,,
1790035493.289652,GPS_RAW_INT,,,,,,,,,,,,,,,,,,6,10
1790035493.2946856,ATTITUDE,,,,,,,,,,,,,,,0.0029369115363806486,0.004112070892006159,0.7877547740936279,,
1790035493.2951002,RAW_IMU,,,,,,,,,0,0,-1000,1,1,3,,,,,
1790035493.31252,ATTITUDE,,,,,,,,,,,,,,,0.002884387969970703,0.004058077000081539,0.7877509593963623,,
1790035493.3129556,RAW_IMU,,,,,,,,,0,0,-1001,1,1,3,,,,,
1790035493.3299415,ATTITUDE,,,,,,,,,,,,,,,0.0028335037641227245,0.004007164854556322,0.7877481579780579,,
1790035493.330323,RAW_IMU,,,,,,,,,0,0,-1001,1,1,3,,,,,
1790035493.3535504,ATTITUDE,,,,,,,,,,,,,,,0.0027853483334183693,0.003959450405091047,0.7877461910247803,,
1790035493.3544428,RAW_IMU,,,,,,,,,0,0,-1001,1,1,3,,,,,
1790035493.3714685,ATTITUDE,,,,,,,,,,,,,,,0.0027389568276703358,0.003914560191333294,0.787739098072052,,
1790035493.3724494,RAW_IMU,,,,,,,,,0,0,-1001,1,1,3,,,,,
1790035493.3908749,GLOBAL_POSITION_INT,-35.3628693,149.1657179,585.09,1.281,-0.02,0.0,0.49,45.13,,,,,,,,,,,
1790035493.3915527,GPS_RAW_INT,,,,,,,,,,,,,,,,,,6,10
1790035493.3927443,ATTITUDE,,,,,,,,,,,,,,,0.0026940181851387024,0.003870614105835557,0.787734866142273,,
1790035493.3938787,RAW_IMU,,,,,,,,,0,0,-1001,1,1,3,,,,,
1790035493.4154522,ATTITUDE,,,,,,,,,,,,,,,0.0026524781715124846,0.0038287444040179253,0.7877312302589417,,
1790035493.4164267,RAW_IMU,,,,,,,,,0,0,-1001,1,1,3,,,,,
1790035493.4337893,ATTITUDE,,,,,,,,,,,,,,,0.0026127879973500967,0.0037908374797552824,0.7877290844917297,,
1790035493.4347847,RAW_IMU,,,,,,,,,0,0,-1001,2,2,3,,,,,
1790035493.452029,ATTITUDE,,,,,,,,,,,,,,,0.002575867110863328,0.0037186506669968367,0.7877286672592163,,
1790035493.4524791,RAW_IMU,,,,,,,,,0,0,-1000,2,0,3,,,,,
1790035493.474724,ATTITUDE,,,,,,,,,,,,,,,0.002537921303883195,0.003627142636105418,0.7877245545387268,,
1790035493.4752073,RAW_IMU,,,,,,,,,0,0,-1000,2,0,3,,,,,
1790035493.492401,GLOBAL_POSITION_INT,-35.3628693,149.1657179,585.04,1.231,-0.02,0.0,0.49,45.13,,,,,,,,,,,
1790035493.4928725,GPS_RAW_INT,,,,,,,,,,,,,,,,,,6,10
1790035493.4934163,ATTITUDE,,,,,,,,,,,,,,,0.0025007198564708233,0.0035373333375900984,0.787722647190094,,
1790035493.4938645,RAW_IMU,,,,,,,,,0,0,-1001,2,0,3,,,,,
1790035493.5156138,ATTITUDE,,,,,,,,,,,,,,,0.002465267665684223,0.003451369935646653,0.7877224683761597,,
1790035493.516111,RAW_IMU,,,,,,,,,0,0,-1001,2,0,3,,,,,
1790035493.533213,ATTITUDE,,,,,,,,,,,,,,,0.0024305377155542374,0.003369689453393221,0.7877225279808044,,
1790035493.533566,RAW_IMU,,,,,,,,,0,0,-1001,2,0,3,,,,,
1790035493.5508158,ATTITUDE,,,,,,,,,,,,,,,0.0023975875228643417,0.003290864173322916,0.7877232432365417,,
1790035493.5514615,RAW_IMU,,,,,,,,,0,0,-1001,2,0,3,,,,,
1790035493.5740237,ATTITUDE,,,,,,,,,,,,,,,0.0023653237149119377,0.003215919714421034,0.7877187728881836,,
1790035493.5746098,RAW_IMU,,,,,,,,,0,0,-1001,2,0,3,,,,,
1790035493.591498,GLOBAL_POSITION_INT,-35.3628693,149.1657179,584.99,1.181,-0.02,0.0,0.49,45.13,,,,,,,,,,,
1790035493.5917718,GPS_RAW_INT,,,,,,,,,,,,,,,,,,6,10
1790035493.5923479,ATTITUDE,,,,,,,,,,,,,,,0.0023358191829174757,0.0031442067120224237,0.7877171039581299,,
1790035493.5930412,RAW_IMU,,,,,,,,,0,0,-1001,2,0,3,,,,,
1790035493.6148505,ATTITUDE,,,,,,,,,,,,,,,0.002306561917066574,0.003076462307944894,0.7877162098884583,,
1790035493.6155088,RAW_IMU,,,,,,,,,0,0,-1001,2,0,3,,,,,
1790035493.6322906,ATTITUDE,,,,,,,,,,,,,,,0.0022812853567302227,0.00301187951117754,0.7877172827720642,,
1790035493.6326263,RAW_IMU,,,,,,,,,0,0,-1001,2,0,3,,,,,
1790035493.655544,ATTITUDE,,,,,,,,,,,,,,,0.0022566148545593023,0.0029501914978027344,0.7877194881439209,,
1790035493.6562157,RAW_IMU,,,,,,,,,0,0,-1001,2,0,3,,,,,
1790035493.6731105,ATTITUDE,,,,,,,,,,,,,,,0.002229476347565651,0.00288666901178658,0.7877159714698792,,
1790035493.673517,RAW_IMU,,,,,,,,,0,0,-1001,2,0,3,,,,,
1790035493.6906853,GLOBAL_POSITION_INT,-35.3628693,149.1657179,584.94,1.131,-0.02,0.0,0.49,45.13,,,,,,,,,,,
1790035493.6910684,GPS_RAW_INT,,,,,,,,,,,,,,,,,,6,10
1790035493.6919196,ATTITUDE,,,,,,,,,,,,,,,0.002203206764534116,0.0028248813468962908,0.7877135872840881,,
1790035493.692474,RAW_IMU,,,,,,,,,0,0,-1001,2,1,3,,,,,
1790035493.7138894,ATTITUDE,,,,,,,,,,,,,,,0.002178746275603771,0.0027660015039145947,0.7877135276794434,,
1790035493.7143426,RAW_IMU,,,,,,,,,0,0,-1001,2,1,3,,,,,
1790035493.731385,ATTITUDE,,,,,,,,,,,,,,,0.0021562844049185514,0.0027098895516246557,0.7877140045166016,,
1790035493.7317786,RAW_IMU,,,,,,,,,0,0,-1001,2,1,3,,,,,
1790035493.7549014,ATTITUDE,,,,,,,,,,,,,,,0.0021345773711800575,0.00265694921836257,0.7877163887023926,,
1790035493.7553346,RAW_IMU,,,,,,,,,0,0,-1001,3,1,3,,,,,
1790035493.7724562,ATTITUDE,,,,,,,,,,,,,,,0.002112763002514839,0.0026067469734698534,0.7877146005630493,,
1790035493.7729926,RAW_IMU,,,,,,,,,0,0,-1001,2,1,4,,,,,
1790035493.7898157,GLOBAL_POSITION_INT,-35.3628693,149.1657179,584.89,1.081,-0.02,0.0,0.49,45.13,,,,,,,,,,,
1790035493.7904809,GPS_RAW_INT,,,,,,,,,,,,,,,,,,6,10
1790035493.7953744,ATTITUDE,,,,,,,,,,,,,,,0.0020929689053446054,0.002559143351390958,0.7877128720283508,,
1790035493.7958148,RAW_IMU,,,,,,,,,0,0,-1001,3,1,3,,,,,
1790035493.8132122,ATTITUDE,,,,,,,,,,,,,,,0.0020752199925482273,0.002514192368835211,0.787712812423706,,
1790035493.8136673,RAW_IMU,,,,,,,,,0,0,-1001,3,1,3,,,,,
1790035493.8306112,ATTITUDE,,,,,,,,,,,,,,,0.0020588019397109747,0.002470920328050852,0.7877156734466553,,
1790035493.8309174,RAW_IMU,,,,,,,,,0,0,-1000,3,1,4,,,,,
1790035493.8539999,ATTITUDE,,,,,,,,,,,,,,,0.002043683547526598,0.0024300620425492525,0.7877191305160522,,
1790035493.854546,RAW_IMU,,,,,,,,,0,0,-1001,3,1,4,,,,,
1790035493.871573,ATTITUDE,,,,,,,,,,,,,,,0.002027995651587844,0.002391255460679531,0.7877167463302612,,
1790035493.8718426,RAW_IMU,,,,,,,,,0,0,-1001,3,2,3,,,,,
1790035493.888975,GLOBAL_POSITION_INT,-35.3628693,149.1657179,584.84,1.031,-0.02,0.0,0.49,45.13,,,,,,,,,,,
1790035493.8890855,GPS_RAW_INT,,,,,,,,,,,,,,,,,,6,10
1790035493.8945832,ATTITUDE,,,,,,,,,,,,,,,0.002010619267821312,0.0023501559626311064,0.7877147197723389,,
1790035493.8948994,RAW_IMU,,,,,,,,,0,0,-1001,3,2,3,,,,,
1790035493.9124086,ATTITUDE,,,,,,,,,,,,,,,0.001994237070903182,0.0023124488070607185,0.7877155542373657,,
1790035493.9129992,RAW_IMU,,,,,,,,,0,0,-1001,3,2,4,,,,,
1790035493.9355361,ATTITUDE,,,,,,,,,,,,,,,0.0019781007431447506,0.0022743376903235912,0.7877174019813538,,
1790035493.9358745,RAW_IMU,,,,,,,,,0,0,-1001,3,2,4,,,,,
1790035493.95301,ATTITUDE,,,,,,,,,,,,,,,0.0019634945783764124,0.002238378394395113,0.7877199649810791,,
1790035493.9536595,RAW_IMU,,,,,,,,,0,0,-1001,3,2,4,,,,,
1790035493.9728608,ATTITUDE,,,,,,,,,,,,,,,0.0019485129741951823,0.0022047318052500486,0.7877188324928284,,
1790035493.9731984,RAW_IMU,,,,,,,,,0,0,-1001,3,2,4,,,,,
1790035493.9883487,GLOBAL_POSITION_INT,-35.3628693,149.1657179,584.79,0.981,-0.02,0.0,0.49,45.13,,,,,,,,,,,
1790035493.9886024,GPS_RAW_INT,,,,,,,,,,,,,,,,,,6,10
1790035493.9937308,ATTITUDE,,,,,,,,,,,,,,,0.001936178421601653,0.0021729154977947474,0.7877174615859985,,
1790035493.9943194,RAW_IMU,,,,,,,,,0,0,-1001,3,2,4,,,,,
1790035494.0113823,ATTITUDE,,,,,,,,,,,,,,,0.001924349693581462,0.002142101526260376,0.7877183556556702,,
1790035494.0119076,RAW_IMU,,,,,,,,,0,0,-1001,3,2,4,,,,,
1790035494.0345454,ATTITUDE,,,,,,,,,,,,,,,0.0019133344758301973,0.002114561852067709,0.7877199053764343,,
1790035494.0350332,RAW_IMU,,,,,,,,,0,0,-1001,3,2,3,,,,,
1790035494.0523224,ATTITUDE,,,,,,,,,,,,,,,0.001903367112390697,0.0020867164712399244,0.7877236604690552,,
1790035494.0527434,RAW_IMU,,,,,,,,,0,0,-1001,3,2,4,,,,,
1790035494.0753596,ATTITUDE,,,,,,,,,,,,,,,0.0018920100992545485,0.002058721147477627,0.7877224087715149,,
1790035494.075795,RAW_IMU,,,,,,,,,0,0,-1001,3,2,4,,,,,
1790035494.092825,GLOBAL_POSITION_INT,-35.3628693,149.1657179,584.74,0.931,-0.02,0.0,0.49,45.13,,,,,,,,,,,
1790035494.0934143,GPS_RAW_INT,,,,,,,,,,,,,,,,,,6,10
1790035494.093962,ATTITUDE,,,,,,,,,,,,,,,0.0018805328290909529,0.0020304021891206503,0.7877224683761597,,
1790035494.0943947,RAW_IMU,,,,,,,,,0,0,-1001,3,2,4,,,,,
1790035494.1105871,ATTITUDE,,,,,,,,,,,,,,,0.0018686888506636024,0.0020032767206430435,0.7877237796783447,,
1790035494.1110036,RAW_IMU,,,,,,,,,0,0,-1001,3,2,4,,,,,
1790035494.1337776,ATTITUDE,,,,,,,,,,,,,,,0.00185859645716846,0.001977420412003994,0.7877265214920044,,
1790035494.1342201,RAW_IMU,,,,,,,,,0,0,-1001,3,2,4,,,,,
1790035494.1516871,ATTITUDE,,,,,,,,,,,,,,,0.0018487210618332028,0.0019513082224875689,0.787729024887085,,
1790035494.1518116,RAW_IMU,,,,,,,,,0,0,-1001,3,2,4,,,,,
1790035494.174631,ATTITUDE,,,,,,,,,,,,,,,0.0018394752405583858,0.0019275284139439464,0.7877268195152283,,
1790035494.1749249,RAW_IMU,,,,,,,,,0,0,-1001,3,2,4,,,,,
1790035494.1921349,GLOBAL_POSITION_INT,-35.3628693,149.1657179,584.69,0.881,-0.02,0.0,0.49,45.13,,,,,,,,,,,
1790035494.1925054,GPS_RAW_INT,,,,,,,,,,,,,,,,,,6,10
1790035494.1929216,ATTITUDE,,,,,,,,,,,,,,,0.0018306509591639042,0.0019050812115892768,0.787726104259491,,
1790035494.1934843,RAW_IMU,,,,,,,,,0,0,-1001,3,2,4,,,,,
1790035494.2153332,ATTITUDE,,,,,,,,,,,,,,,0.0018223532242700458,0.0018849076004698873,0.787727952003479,,
1790035494.2158577,RAW_IMU,,,,,,,,,0,0,-1001,3,3,4,,,,,
1790035494.2328682,ATTITUDE,,,,,,,,,,,,,,,0.0018150031100958586,0.0018655931344255805,0.7877298593521118,,
1790035494.233174,RAW_IMU,,,,,,,,,0,0,-1001,3,3,4,,,,,
1790035494.2506232,ATTITUDE,,,,,,,,,,,,,,,0.0018079906003549695,0.0018482205923646688,0.7877337336540222,,
1790035494.2511425,RAW_IMU,,,,,,,,,0,0,-1001,3,3,4,,,,,
1790035494.273745,ATTITUDE,,,,,,,,,,,,,,,0.0017997444374486804,0.0018298111390322447,0.7877312302589417,,
1790035494.274322,RAW_IMU,,,,,,,,,0,0,-1001,3,3,4,,,,,
1790035494.2912378,GLOBAL_POSITION_INT,-35.3628693,149.1657179,584.64,0.831,-0.02,0.0,0.49,45.13,,,,,,,,,,,
1790035494.291716,GPS_RAW_INT,,,,,,,,,,,,,,,,,,6,10
1790035494.2921677,ATTITUDE,,,,,,,,,,,,,,,0.0017902362160384655,0.0018094390397891402,0.7877317070960999,,
1790035494.292716,RAW_IMU,,,,,,,,,0,0,-1001,3,3,4,,,,,
1790035494.3145068,ATTITUDE,,,,,,,,,,,,,,,0.0017825012328103185,0.0017898716032505035,0.7877311706542969,,
1790035494.3148599,RAW_IMU,,,,,,,,,0,0,-1001,3,3,3,,,,,
1790035494.3321178,ATTITUDE,,,,,,,,,,,,,,,0.0017741346964612603,0.00177408114541322,0.7877335548400879,,
1790035494.3324118,RAW_IMU,,,,,,,,,0,0,-1001,3,3,4,,,,,
1790035494.355283,ATTITUDE,,,,,,,,,,,,,,,0.001769006485119462,0.0018292129971086979,0.787737250328064,,
1790035494.3556266,RAW_IMU,,,,,,,,,0,0,-1001,3,6,4,,,,,
1790035494.3729212,ATTITUDE,,,,,,,,,,,,,,,0.0017627904890105128,0.00188322679605335,0.7877362370491028,,
1790035494.3736174,RAW_IMU,,,,,,,,,0,0,-1001,3,6,4,,,,,
1790035494.3903935,GLOBAL_POSITION_INT,-35.3628693,149.1657179,584.59,0.78,-0.01,0.0,0.49,45.13,,,,,,,,,,,
1790035494.3909643,GPS_RAW_INT,,,,,,,,,,,,,,,,,,6,10
1790035494.391554,ATTITUDE,,,,,,,,,,,,,,,0.0017570658819749951,0.001936756307259202,0.7877359986305237,,
1790035494.392094,RAW_IMU,,,,,,,,,0,0,-1001,3,6,4,,,,,
1790035494.4136586,ATTITUDE,,,,,,,,,,,,,,,0.001751322764903307,0.001988454023376107,0.7877376675605774,,
1790035494.4141402,RAW_IMU,,,,,,,,,0,0,-1001,3,6,4,,,,,
1790035494.4313266,ATTITUDE,,,,,,,,,,,,,,,0.0017481184331700206,0.0020381868816912174,0.7877405285835266,,
1790035494.4320767,RAW_IMU,,,,,,,,,0,0,-1001,3,6,4,,,,,
1790035494.4545906,ATTITUDE,,,,,,,,,,,,,,,0.0017452993197366595,0.002088160254061222,0.787744402885437,,
1790035494.4549773,RAW_IMU,,,,,,,,,0,0,-1001,3,6,4,,,,,
1790035494.4740093,ATTITUDE,,,,,,,,,,,,,,,0.0017407650593668222,0.002134548267349601,0.7877423167228699,,
1790035494.474423,RAW_IMU,,,,,,,,,0,0,-1001,3,6,4,,,,,
1790035494.4896393,GLOBAL_POSITION_INT,-35.3628693,149.1657179,584.54,0.73,-0.01,0.0,0.49,45.13,,,,,,,,,,,
1790035494.489885,GPS_RAW_INT,,,,,,,,,,,,,,,,,,6,10
1790035494.495122,ATTITUDE,,,,,,,,,,,,,,,0.0017338973702862859,0.0021755509078502655,0.7877424359321594,,
1790035494.4956558,RAW_IMU,,,,,,,,,0,0,-1001,3,6,4,,,,,
1790035494.5129802,ATTITUDE,,,,,,,,,,,,,,,0.0017296464648097754,0.0022156054619699717,0.7877435684204102,,
1790035494.5137348,RAW_IMU,,,,,,,,,0,0,-1001,3,6,4,,,,,
1790035494.5304615,ATTITUDE,,,,,,,,,,,,,,,0.001729770447127521,0.002254578983411193,0.787745475769043,,
1790035494.5308268,RAW_IMU,,,,,,,,,0,0,-1001,3,6,4,,,,,
1790035494.5536442,ATTITUDE,,,,,,,,,,,,,,,0.0017631998052820563,0.0023043123073875904,0.7877494692802429,,
1790035494.5541863,RAW_IMU,,,,,,,,,0,0,-1001,5,6,4,,,,,
1790035494.5712826,ATTITUDE,,,,,,,,,,,,,,,0.001794740674085915,0.00235919700935483,0.7877485156059265,,
1790035494.5717285,RAW_IMU,,,,,,,,,0,0,-1001,5,6,4,,,,,
1790035494.5888577,GLOBAL_POSITION_INT,-35.3628693,149.1657179,584.49,0.681,-0.01,0.0,0.49,45.13,,,,,,,,,,,
1790035494.5892296,GPS_RAW_INT,,,,,,,,,,,,,,,,,,6,10
1790035494.5943234,ATTITUDE,,,,,,,,,,,,,,,0.001824064995162189,0.002412035595625639,0.7877482771873474,,
1790035494.594614,RAW_IMU,,,,,,,,,0,0,-1001,5,6,4,,,,,
1790035494.612296,ATTITUDE,,,,,,,,,,,,,,,0.0018539794255048037,0.002463992452248931,0.7877495288848877,,
1790035494.6131504,RAW_IMU,,,,,,,,,0,0,-1001,5,6,4,,,,,
1790035494.6351576,ATTITUDE,,,,,,,,,,,,,,,0.0018834308721125126,0.0025149171706289053,0.787753701210022,,
1790035494.6358898,RAW_IMU,,,,,,,,,0,0,-1001,5,6,4,,,,,
1790035494.6528268,ATTITUDE,,,,,,,,,,,,,,,0.0019114154856652021,0.0025634500198066235,0.7877587080001831,,
1790035494.653199,RAW_IMU,,,,,,,,,0,0,-1001,5,6,4,,,,,
1790035494.670333,ATTITUDE,,,,,,,,,,,,,,,0.0019385894993320107,0.0026098291855305433,0.7877579927444458,,
1790035494.6707392,RAW_IMU,,,,,,,,,0,0,-1001,5,6,4,,,,,
1790035494.687941,GLOBAL_POSITION_INT,-35.3628693,149.1657179,584.44,0.631,-0.01,0.0,0.49,45.13,,,,,,,,,,,
1790035494.6882448,GPS_RAW_INT,,,,,,,,,,,,,,,,,,6,10
1790035494.6935458,ATTITUDE,,,,,,,,,,,,,,,0.0019616305362433195,0.002650264650583267,0.7877576351165771,,
1790035494.694137,RAW_IMU,,,,,,,,,0,0,-1001,5,6,4,,,,,
1790035494.7113657,ATTITUDE,,,,,,,,,,,,,,,0.0019840626046061516,0.002690094755962491,0.7877591848373413,,
1790035494.7117589,RAW_IMU,,,,,,,,,0,0,-1001,5,6,4,,,,,
1790035494.7345362,ATTITUDE,,,,,,,,,,,,,,,0.0020082092378288507,0.0027423598803579807,0.7877625226974487,,
1790035494.7349482,RAW_IMU,,,,,,,,,0,0,-1001,5,6,4,,,,,
1790035494.7522812,ATTITUDE,,,,,,,,,,,,,,,0.002030513947829604,0.002815790707245469,0.7877652645111084,,
1790035494.7532346,RAW_IMU,,,,,,,,,0,0,-1001,5,7,4,,,,,
1790035494.7751503,ATTITUDE,,,,,,,,,,,,,,,0.002051912946626544,0.002885666210204363,0.7877622842788696,,
1790035494.7758913,RAW_IMU,,,,,,,,,0,0,-1001,5,7,4,,,,,
1790035494.792665,GLOBAL_POSITION_INT,-35.3628693,149.1657179,584.39,0.581,-0.01,0.0,0.49,45.13,,,,,,,,,,,
1790035494.793237,GPS_RAW_INT,,,,,,,,,,,,,,,,,,6,10
1790035494.7939065,ATTITUDE,,,,,,,,,,,,,,,0.00207160715945065,0.00295390491373837,0.7877621650695801,,
1790035494.7943838,RAW_IMU,,,,,,,,,0,0,-1001,5,7,4,,,,,
1790035494.8105183,ATTITUDE,,,,,,,,,,,,,,,0.002092155860736966,0.0030212579295039177,0.7877631187438965,,
1790035494.8112772,RAW_IMU,,,,,,,,,0,0,-1001,5,7,4,,,,,
1790035494.8335557,ATTITUDE,,,,,,,,,,,,,,,0.0021130789536982775,0.0030861955601722,0.7877653241157532,,
1790035494.8339581,RAW_IMU,,,,,,,,,0,0,-1001,5,7,4,,,,,
1790035494.8512793,ATTITUDE,,,,,,,,,,,,,,,0.002132983645424247,0.0031482509803026915,0.7877686619758606,,
1790035494.8519356,RAW_IMU,,,,,,,,,0,0,-1001,4,7,4,,,,,
1790035494.8744147,ATTITUDE,,,,,,,,,,,,,,,0.0021509798243641853,0.003207850968465209,0.7877665162086487,,
1790035494.8749073,RAW_IMU,,,,,,,,,0,0,-1001,4,7,4,,,,,
1790035494.891842,GLOBAL_POSITION_INT,-35.3628693,149.1657179,584.34,0.531,-0.01,0.0,0.49,45.13,,,,,,,,,,,
1790035494.8921216,GPS_RAW_INT,,,,,,,,,,,,,,,,,,6,10
1790035494.8926063,ATTITUDE,,,,,,,,,,,,,,,0.0021680467762053013,0.003260608995333314,0.7877653241157532,,
1790035494.8928823,RAW_IMU,,,,,,,,,0,0,-1001,4,6,4,,,,,
1790035494.915158,ATTITUDE,,,,,,,,,,,,,,,0.002183884149417281,0.0033130566589534283,0.7877669334411621,,
1790035494.9156334,RAW_IMU,,,,,,,,,0,0,-1001,4,6,4,,,,,
1790035494.9327059,ATTITUDE,,,,,,,,,,,,,,,0.0022103730589151382,0.0033630202524363995,0.7877681851387024,,
1790035494.932982,RAW_IMU,,,,,,,,,0,0,-1001,5,6,4,,,,,
1790035494.9503815,ATTITUDE,,,,,,,,,,,,,,,0.002279685577377677,0.003411358455196023,0.7877698540687561,,
1790035494.950842,RAW_IMU,,,,,,,,,0,0,-1001,7,6,4,,,,,
1790035494.9747465,ATTITUDE,,,,,,,,,,,,,,,0.0023467137943953276,0.0034585921093821526,0.7877689599990845,,
1790035494.9750872,RAW_IMU,,,,,,,,,0,0,-1001,7,6,4,,,,,
1790035494.99098,GLOBAL_POSITION_INT,-35.3628693,149.1657179,584.29,0.48,-0.01,0.0,0.49,45.13,,,,,,,,,,,
1790035494.9912558,GPS_RAW_INT,,,,,,,,,,,,,,,,,,6,10
1790035494.9918616,ATTITUDE,,,,,,,,,,,,,,,0.0024119988083839417,0.003503723070025444,0.7877697348594666,,
1790035494.9922318,RAW_IMU,,,,,,,,,0,0,-1001,7,6,4,,,,,
1790035495.014396,ATTITUDE,,,,,,,,,,,,,,,0.002475369954481721,0.0035479175858199596,0.7877714037895203,,
1790035495.0148382,RAW_IMU,,,,,,,,,0,0,-1001,7,6,4,,,,,
1790035495.031988,ATTITUDE,,,,,,,,,,,,,,,0.002535561565309763,0.0035906326957046986,0.7877752780914307,,
1790035495.0325763,RAW_IMU,,,,,,,,,0,0,-1001,7,6,4,,,,,
1790035495.0551374,ATTITUDE,,,,,,,,,,,,,,,0.002594497287645936,0.003632783191278577,0.7877780795097351,,
1790035495.0555336,RAW_IMU,,,,,,,,,0,0,-1001,6,6,4,,,,,
1790035495.072703,ATTITUDE,,,,,,,,,,,,,,,0.002650829264894128,0.0036747839767485857,0.7877763509750366,,
1790035495.0729444,RAW_IMU,,,,,,,,,0,0,-1001,6,6,4,,,,,
1790035495.0903013,GLOBAL_POSITION_INT,-35.3628693,149.1657179,584.24,0.43,-0.01,0.0,0.49,45.13,,,,,,,,,,,
1790035495.0906198,GPS_RAW_INT,,,,,,,,,,,,,,,,,,6,10
1790035495.0912921,ATTITUDE,,,,,,,,,,,,,,,0.002702270867303014,0.0037101663183420897,0.7877768874168396,,
1790035495.0916831,RAW_IMU,,,,,,,,,0,0,-1001,6,5,4,,,,,
1790035495.1135693,ATTITUDE,,,,,,,,,,,,,,,0.002752950182184577,0.003743656212463975,0.7877786755561829,,
1790035495.114238,RAW_IMU,,,,,,,,,0,0,-1001,6,5,4,,,,,
1790035495.1311996,ATTITUDE,,,,,,,,,,,,,,,0.002800919348374009,0.0037776585668325424,0.7877813577651978,,
1790035495.131594,RAW_IMU,,,,,,,,,0,0,-1001,6,5,4,,,,,
1790035495.154368,ATTITUDE,,,,,,,,,,,,,,,0.0028477206360548735,0.0038097407668828964,0.7877854704856873,,
1790035495.1553195,RAW_IMU,,,,,,,,,0,0,-1001,6,5,4,,,,,
1790035495.1719606,ATTITUDE,,,,,,,,,,,,,,,0.0028923889622092247,0.00384199945256114,0.7877848744392395,,
1790035495.1723344,RAW_IMU,,,,,,,,,0,0,-1001,6,5,4,,,,,
1790035495.1895025,GLOBAL_POSITION_INT,-35.3628693,149.1657179,584.19,0.38,-0.01,0.0,0.49,45.13,,,,,,,,,,,
1790035495.1899533,GPS_RAW_INT,,,,,,,,,,,,,,,,,,6,10
1790035495.1948771,ATTITUDE,,,,,,,,,,,,,,,0.0029351506382226944,0.0038733724504709244,0.7877843976020813,,
1790035495.1954346,RAW_IMU,,,,,,,,,0,0,-1001,6,5,4,,,,,
1790035495.2127705,ATTITUDE,,,,,,,,,,,,,,,0.0029764599166810513,0.003903428791090846,0.7877861261367798,,
1790035495.213408,RAW_IMU,,,,,,,,,0,0,-1001,6,5,4,,,,,
1790035495.2303264,ATTITUDE,,,,,,,,,,,,,,,0.0030178523156791925,0.003933651838451624,0.7877897620201111,,
1790035495.2310524,RAW_IMU,,,,,,,,,0,0,-1001,6,5,4,,,,,
1790035495.2544007,ATTITUDE,,,,,,,,,,,,,,,0.00305837276391685,0.00396210141479969,0.7877928018569946,,
1790035495.255018,RAW_IMU,,,,,,,,,0,0,-1001,6,5,4,,,,,
1790035495.2718756,ATTITUDE,,,,,,,,,,,,,,,0.003097462235018611,0.0039915363304317,0.7877917885780334,,
1790035495.272651,RAW_IMU,,,,,,,,,0,0,-1001,5,5,4,,,,,
1790035495.289531,GLOBAL_POSITION_INT,-35.3628693,149.1657179,584.14,0.33,-0.02,0.0,0.49,45.13,,,,,,,,,,,
1790035495.2901015,GPS_RAW_INT,,,,,,,,,,,,,,,,,,6,10
1790035495.2948923,ATTITUDE,,,,,,,,,,,,,,,0.0031326685566455126,0.004014886450022459,0.7877911329269409,,
1790035495.2954867,RAW_IMU,,,,,,,,,0,0,-1001,5,5,4,,,,,
1790035495.3126798,ATTITUDE,,,,,,,,,,,,,,,0.0031655076891183853,0.004036215133965015,0.7877930998802185,,
1790035495.3132777,RAW_IMU,,,,,,,,,0,0,-1001,5,5,4,,,,,
1790035495.3302786,ATTITUDE,,,,,,,,,,,,,,,0.0031966455280780792,0.004059024155139923,0.7877961993217468,,
1790035495.3307705,RAW_IMU,,,,,,,,,0,0,-1001,5,5,4,,,,,
1790035495.3535898,ATTITUDE,,,,,,,,,,,,,,,0.0032281894236803055,0.004080445040017366,0.7877992391586304,,
1790035495.3542454,RAW_IMU,,,,,,,,,0,0,-1001,5,5,4,,,,,
1790035495.3710883,ATTITUDE,,,,,,,,,,,,,,,0.0032586511224508286,0.004100870341062546,0.7877978682518005,,
1790035495.371754,RAW_IMU,,,,,,,,,0,0,-1001,5,5,4,,,,,
1790035495.3886185,GLOBAL_POSITION_INT,-35.3628693,149.1657179,584.09,0.28,-0.02,0.0,0.49,45.13,,,,,,,,,,,
1790035495.3888862,GPS_RAW_INT,,,,,,,,,,,,,,,,,,6,10
1790035495.3941329,ATTITUDE,,,,,,,,,,,,,,,0.003286537015810609,0.004120426252484322,0.7877988815307617,,
1790035495.3945014,RAW_IMU,,,,,,,,,0,0,-1001,5,5,4,,,,,
1790035495.411809,ATTITUDE,,,,,,,,,,,,,,,0.0033159705344587564,0.004140362609177828,0.7878011465072632,,
1790035495.4122407,RAW_IMU,,,,,,,,,0,0,-1001,5,5,4,,,,,
1790035495.4349356,ATTITUDE,,,,,,,,,,,,,,,0.003343242919072509,0.0041595809161663055,0.7878035306930542,,
1790035495.4355574,RAW_IMU,,,,,,,,,0,0,-1001,5,5,4,,,,,
1790035495.4528143,ATTITUDE,,,,,,,,,,,,,,,0.0033700070343911648,0.004179761745035648,0.7878077626228333,,
1790035495.4533358,RAW_IMU,,,,,,,,,0,0,-1001,5,5,4,,,,,
1790035495.4756474,ATTITUDE,,,,,,,,,,,,,,,0.003396611427888274,0.004200919531285763,0.7878060936927795,,
1790035495.4760053,RAW_IMU,,,,,,,,,0,0,-1001,5,5,4,,,,,
1790035495.4932806,GLOBAL_POSITION_INT,-35.3628693,149.1657179,584.04,0.23,-0.02,0.0,0.49,45.13,,,,,,,,,,,
1790035495.4936008,GPS_RAW_INT,,,,,,,,,,,,,,,,,,6,10
1790035495.494079,ATTITUDE,,,,,,,,,,,,,,,0.0034191706217825413,0.00421659043058753,0.7878069281578064,,
1790035495.4945014,RAW_IMU,,,,,,,,,0,0,-1001,5,4,4,,,,,
1790035495.5110214,ATTITUDE,,,,,,,,,,,,,,,0.0034409239888191223,0.004230608697980642,0.7878071665763855,,
1790035495.5114224,RAW_IMU,,,,,,,,,0,0,-1001,5,4,4,,,,,
1790035495.53427,ATTITUDE,,,,,,,,,,,,,,,0.0034628568682819605,0.004243312403559685,0.7878106832504272,,
1790035495.534753,RAW_IMU,,,,,,,,,0,0,-1001,5,4,4,,,,,
1790035495.5519412,ATTITUDE,,,,,,,,,,,,,,,0.0034836267586797476,0.004257574677467346,0.7878131866455078,,
1790035495.552314,RAW_IMU,,,,,,,,,0,0,-1001,5,4,4,,,,,
1790035495.5749764,ATTITUDE,,,,,,,,,,,,,,,0.003477555001154542,0.004272148944437504,0.787811815738678,,
1790035495.5753515,RAW_IMU,,,,,,,,,0,0,-1001,3,4,4,,,,,
1790035495.5925453,GLOBAL_POSITION_INT,-35.3628693,149.1657179,583.99,0.18,-0.02,0.0,0.49,45.13,,,,,,,,,,,
1790035495.5929494,GPS_RAW_INT,,,,,,,,,,,,,,,,,,6,10
1790035495.5934522,ATTITUDE,,,,,,,,,,,,,,,0.003460695268586278,0.004285614471882582,0.7878120541572571,,
1790035495.5937645,RAW_IMU,,,,,,,,,0,0,-1001,3,4,4,,,,,
1790035495.6157067,ATTITUDE,,,,,,,,,,,,,,,0.003445928916335106,0.004300584085285664,0.787813663482666,,
1790035495.6163616,RAW_IMU,,,,,,,,,0,0,-1001,3,4,4,,,,,
1790035495.6333568,ATTITUDE,,,,,,,,,,,,,,,0.0034321609418839216,0.0043138302862644196,0.7878172397613525,,
1790035495.6338584,RAW_IMU,,,,,,,,,0,0,-1001,3,4,4,,,,,
1790035495.6511145,ATTITUDE,,,,,,,,,,,,,,,0.00341914058662951,0.004327899310737848,0.7878207564353943,,
1790035495.651867,RAW_IMU,,,,,,,,,0,0,-1001,3,4,4,,,,,
1790035495.6742702,ATTITUDE,,,,,,,,,,,,,,,0.0033945548348128796,0.004313725978136063,0.7878186702728271,,
1790035495.6748154,RAW_IMU,,,,,,,,,0,0,-1001,2,3,4,,,,,
1790035495.6917338,GLOBAL_POSITION_INT,-35.3628693,149.1657179,583.94,0.13,-0.02,0.0,0.49,45.13,,,,,,,,,,,
1790035495.692245,GPS_RAW_INT,,,,,,,,,,,,,,,,,,6,10
1790035495.6929173,ATTITUDE,,,,,,,,,,,,,,,0.0033434161450713873,0.0042685773223638535,0.7878182530403137,,
1790035495.6933804,RAW_IMU,,,,,,,,,0,0,-1001,1,1,4,,,,,
1790035495.7149687,ATTITUDE,,,,,,,,,,,,,,,0.003293932182714343,0.004225480370223522,0.7878207564353943,,
1790035495.715532,RAW_IMU,,,,,,,,,0,0,-1001,1,2,4,,,,,
1790035495.7327058,ATTITUDE,,,,,,,,,,,,,,,0.003247275250032544,0.004183585289865732,0.7878236770629883,,
1790035495.7331293,RAW_IMU,,,,,,,,,0,0,-1001,1,2,4,,,,,
1790035495.7556775,ATTITUDE,,,,,,,,,,,,,,,0.00320105766877532,0.0041424669325351715,0.7878261804580688,,
1790035495.7561193,RAW_IMU,,,,,,,,,0,0,-1001,1,2,4,,,,,
1790035495.77336,ATTITUDE,,,,,,,,,,,,,,,0.0031576640903949738,0.0041049267165362835,0.7878252863883972,,
1790035495.7738357,RAW_IMU,,,,,,,,,0,0,-1001,1,2,4,,,,,
1790035495.7908053,GLOBAL_POSITION_INT,-35.3628693,149.1657179,583.89,0.08,-0.02,0.0,0.49,45.13,,,,,,,,,,,
1790035495.7911596,GPS_RAW_INT,,,,,,,,,,,,,,,,,,6,10
1790035495.7918198,ATTITUDE,,,,,,,,,,,,,,,0.0031164432875812054,0.004069872200489044,0.7878251075744629,,
1790035495.7923818,RAW_IMU,,,,,,,,,0,0,-1001,2,2,4,,,,,
1790035495.814141,ATTITUDE,,,,,,,,,,,,,,,0.0030775985214859247,0.0040364651940763,0.7878272533416748,,
1790035495.8145387,RAW_IMU,,,,,,,,,0,0,-1001,2,2,4,,,,,
1790035495.8316743,ATTITUDE,,,,,,,,,,,,,,,0.003038784023374319,0.0040054540149867535,0.7878310084342957,,
1790035495.832067,RAW_IMU,,,,,,,,,0,0,-1001,2,2,4,,,,,
1790035495.855102,ATTITUDE,,,,,,,,,,,,,,,0.002986422972753644,0.003976518288254738,0.7878350019454956,,
1790035495.8556218,RAW_IMU,,,,,,,,,0,0,-1001,1,2,4,,,,,
1790035495.8724694,ATTITUDE,,,,,,,,,,,,,,,0.002936024684458971,0.003945823293179274,0.7878339290618896,,
1790035495.8728898,RAW_IMU,,,,,,,,,0,0,-1001,1,2,4,,,,,
1790035495.890066,GLOBAL_POSITION_INT,-35.3628693,149.1657179,583.84,0.03,-0.02,0.0,0.49,45.13,,,,,,,,,,,
1790035495.8903813,GPS_RAW_INT,,,,,,,,,,,,,,,,,,6,10
1790035495.8955154,ATTITUDE,,,,,,,,,,,,,,,0.0028832051903009415,0.0038793038111180067,0.7878327369689941,,
1790035495.8960485,RAW_IMU,,,,,,,,,0,0,-1001,1,1,4,,,,,
1790035495.9133642,ATTITUDE,,,,,,,,,,,,,,,0.0027991640381515026,0.0038149268366396427,0.7878338694572449,,
1790035495.9138925,RAW_IMU,,,,,,,,,0,0,-1001,0,0,4,,,,,
1790035495.9308522,ATTITUDE,,,,,,,,,,,,,,,0.0027164805214852095,0.0037522600032389164,0.7878363728523254,,
1790035495.931462,RAW_IMU,,,,,,,,,0,0,-1001,0,1,4,,,,,
1790035495.9542716,ATTITUDE,,,,,,,,,,,,,,,0.002637570258229971,0.0036939894780516624,0.7878392338752747,,
1790035495.9550073,RAW_IMU,,,,,,,,,0,0,-1001,0,1,4,,,,,
1790035495.9741778,ATTITUDE,,,,,,,,,,,,,,,0.002561884932219982,0.003637754125520587,0.787837564945221,,
1790035495.9748323,RAW_IMU,,,,,,,,,0,0,-1001,0,1,4,,,,,
1790035495.9891782,GLOBAL_POSITION_INT,-35.3628693,149.1657179,583.79,-0.019,-0.02,0.0,0.49,45.13,,,,,,,,,,,
1790035495.9895039,GPS_RAW_INT,,,,,,,,,,,,,,,,,,6,10
1790035495.9947376,ATTITUDE,,,,,,,,,,,,,,,0.0024891719222068787,0.00358409876935184,0.7878386974334717,,
1790035495.9952044,RAW_IMU,,,,,,,,,0,0,-1001,0,1,4,,,,,
1790035496.012458,ATTITUDE,,,,,,,,,,,,,,,0.0024203499779105186,0.0035329062957316637,0.7878395915031433,,
1790035496.0127602,RAW_IMU,,,,,,,,,0,0,-1001,0,1,4,,,,,
1790035496.0354898,ATTITUDE,,,,,,,,,,,,,,,0.0023536148946732283,0.003484116867184639,0.7878430485725403,,
1790035496.0359366,RAW_IMU,,,,,,,,,0,0,-1001,0,1,4,,,,,
1790035496.05337,ATTITUDE,,,,,,,,,,,,,,,0.002291157143190503,0.003438123967498541,0.7878463268280029,,
1790035496.053732,RAW_IMU,,,,,,,,,0,0,-1001,0,1,4,,,,,
1790035496.0711768,ATTITUDE,,,,,,,,,,,,,,,0.0022298982366919518,0.0033952516969293356,0.7878448367118835,,
1790035496.0716283,RAW_IMU,,,,,,,,,0,0,-1001,0,1,4,,,,,
1790035496.0886047,GLOBAL_POSITION_INT,-35.3628693,149.1657179,583.74,-0.069,-0.02,0.0,0.49,45.14,,,,,,,,,,,
1790035496.0890133,GPS_RAW_INT,,,,,,,,,,,,,,,,,,6,10
1790035496.094013,ATTITUDE,,,,,,,,,,,,,,,0.002167387632653117,0.0033490867353975773,0.7878444790840149,,
1790035496.094478,RAW_IMU,,,,,,,,,0,0,-1001,1,1,4,,,,,
1790035496.111867,ATTITUDE,,,,,,,,,,,,,,,0.0021092670504003763,0.0033045755699276924,0.7878466248512268,,
1790035496.1126728,RAW_IMU,,,,,,,,,0,0,-1001,1,2,4,,,,,
1790035496.1348715,ATTITUDE,,,,,,,,,,,,,,,0.0020542130805552006,0.0032616371754556894,0.7878503203392029,,
1790035496.13552,RAW_IMU,,,,,,,,,0,0,-1001,1,2,4,,,,,
1790035496.1526897,ATTITUDE,,,,,,,,,,,,,,,0.002001324202865362,0.0032208736520260572,0.7878545522689819,,
1790035496.1535785,RAW_IMU,,,,,,,,,0,0,-1001,1,2,4,,,,,
1790035496.1755548,ATTITUDE,,,,,,,,,,,,,,,0.0019489420810714364,0.0031821446027606726,0.787851870059967,,
1790035496.1762052,RAW_IMU,,,,,,,,,0,0,-1001,1,2,4,,,,,
1790035496.1930337,GLOBAL_POSITION_INT,-35.3628693,149.1657179,583.69,-0.119,-0.02,0.0,0.49,45.14,,,,,,,,,,,
1790035496.1933236,GPS_RAW_INT,,,,,,,,,,,,,,,,,,6,10
1790035496.1938124,ATTITUDE,,,,,,,,,,,,,,,0.0019002268090844154,0.0031455536372959614,0.7878523468971252,,
1790035496.1945364,RAW_IMU,,,,,,,,,0,0,-1001,1,2,4,,,,,
1790035496.2107341,ATTITUDE,,,,,,,,,,,,,,,0.0018530228408053517,0.0031121266074478626,0.7878528833389282,,
1790035496.211232,RAW_IMU,,,,,,,,,0,0,-1001,1,2,4,,,,,
1790035496.2339013,ATTITUDE,,,,,,,,,,,,,,,0.0018085871124640107,0.003079559886828065,0.787855863571167,,
1790035496.234333,RAW_IMU,,,,,,,,,0,0,-1001,1,2,4,,,,,
1790035496.2518775,ATTITUDE,,,,,,,,,,,,,,,0.0017670568777248263,0.003049322869628668,0.7878588438034058,,
1790035496.2523375,RAW_IMU,,,,,,,,,0,0,-1001,1,2,4,,,,,
1790035496.2748199,ATTITUDE,,,,,,,,,,,,,,,0.0017266771756112576,0.003021319629624486,0.787857174873352,,
1790035496.2751493,RAW_IMU,,,,,,,,,0,0,-1001,2,2,4,,,,,
1790035496.2923853,GLOBAL_POSITION_INT,-35.3628693,149.1657179,583.64,-0.169,-0.02,0.0,0.48,45.14,,,,,,,,,,,
1790035496.2928255,GPS_RAW_INT,,,,,,,,,,,,,,,,,,6,10
1790035496.2940965,ATTITUDE,,,,,,,,,,,,,,,0.001727071707136929,0.0029961131513118744,0.7878565192222595,,
1790035496.294576,RAW_IMU,,,,,,,,,0,0,-1062,3,2,4,,,,,
1790035496.3155231,ATTITUDE,,,,,,,,,,,,,,,0.0018496769480407238,0.0029954949859529734,0.7878572940826416,,
1790035496.3160117,RAW_IMU,,,,,,,,,4,-2,-1484,10,4,4,,,,,
1790035496.3335419,ATTITUDE,,,,,,,,,,,,,,,0.0019513785373419523,0.0029939129017293453,0.7878594398498535,,
1790035496.334535,RAW_IMU,,,,,,,,,4,-2,-1493,9,4,4,,,,,
1790035496.3516455,ATTITUDE,,,,,,,,,,,,,,,0.00203492003493011,0.002994067966938019,0.7878619432449341,,
1790035496.3522506,RAW_IMU,,,,,,,,,3,-2,-1445,8,4,4,,,,,
1790035496.375095,ATTITUDE,,,,,,,,,,,,,,,0.002101622289046645,0.002994716167449951,0.7878599166870117,,
1790035496.3759599,RAW_IMU,,,,,,,,,3,-2,-1402,7,4,4,,,,,
1790035496.3925385,GLOBAL_POSITION_INT,-35.3628693,149.1657179,583.61,-0.195,-0.02,0.0,0.05,45.14,,,,,,,,,,,
1790035496.3931036,GPS_RAW_INT,,,,,,,,,,,,,,,,,,6,10
1790035496.3940187,ATTITUDE,,,,,,,,,,,,,,,0.0021568858064711094,0.0029956090729683638,0.7878598570823669,,
1790035496.3945634,RAW_IMU,,,,,,,,,3,-2,-1353,6,4,4,,,,,
1790035496.4157274,ATTITUDE,,,,,,,,,,,,,,,0.002202671952545643,0.002996079856529832,0.7878620028495789,,
1790035496.4164371,RAW_IMU,,,,,,,,,2,-2,-1299,6,4,4,,,,,
1790035496.434302,ATTITUDE,,,,,,,,,,,,,,,0.0022418254520744085,0.0029967257287353277,0.7878648042678833,,
1790035496.4351318,RAW_IMU,,,,,,,,,1,-1,-1244,6,4,4,,,,,
1790035496.452444,ATTITUDE,,,,,,,,,,,,,,,0.002274460159242153,0.002998995129019022,0.7878667712211609,,
1790035496.4529216,RAW_IMU,,,,,,,,,1,-1,-1191,5,4,4,,,,,
1790035496.4766142,ATTITUDE,,,,,,,,,,,,,,,0.0023016356863081455,0.003002633573487401,0.7878652811050415,,
1790035496.477048,RAW_IMU,,,,,,,,,1,0,-1140,5,4,4,,,,,
1790035496.4929156,GLOBAL_POSITION_INT,-35.3628693,149.1657179,583.61,-0.19,-0.02,0.0,-0.13,45.14,,,,,,,,,,,
1790035496.4932234,GPS_RAW_INT,,,,,,,,,,,,,,,,,,6,10
1790035496.4939244,ATTITUDE,,,,,,,,,,,,,,,0.0023210609797388315,0.0029997488018125296,0.7878654599189758,,
1790035496.49434,RAW_IMU,,,,,,,,,0,0,-1094,5,4,4,,,,,
1790035496.5106173,ATTITUDE,,,,,,,,,,,,,,,0.002335676457732916,0.002997336909174919,0.7878666520118713,,
1790035496.5110068,RAW_IMU,,,,,,,,,0,0,-1052,4,4,4,,,,,
1790035496.5338306,ATTITUDE,,,,,,,,,,,,,,,0.0023490784224122763,0.002994614653289318,0.7878695726394653,,
1790035496.534355,RAW_IMU,,,,,,,,,0,0,-1016,4,4,4,,,,,
1790035496.551658,ATTITUDE,,,,,,,,,,,,,,,0.002359087811782956,0.002993019064888358,0.7878733277320862,,
1790035496.5520294,RAW_IMU,,,,,,,,,0,0,-986,4,4,4,,,,,
1790035496.5746467,ATTITUDE,,,,,,,,,,,,,,,0.002367759123444557,0.0029928258154541254,0.7878711819648743,,
1790035496.5750244,RAW_IMU,,,,,,,,,0,0,-963,4,4,4,,,,,
1790035496.592315,GLOBAL_POSITION_INT,-35.3628693,149.1657179,583.62,-0.18,-0.02,0.0,-0.12,45.14,,,,,,,,,,,
1790035496.5930047,GPS_RAW_INT,,,,,,,,,,,,,,,,,,6,10
1790035496.593398,ATTITUDE,,,,,,,,,,,,,,,0.0023737968876957893,0.0029917173087596893,0.7878700494766235,,
1790035496.5938148,RAW_IMU,,,,,,,,,0,0,-944,4,4,4,,,,,
1790035496.6155007,ATTITUDE,,,,,,,,,,,,,,,0.002380804158747196,0.002991090063005686,0.7878710031509399,,
1790035496.6158473,RAW_IMU,,,,,,,,,0,0,-931,4,4,4,,,,,
1790035496.6331565,ATTITUDE,,,,,,,,,,,,,,,0.002387042623013258,0.0029920353554189205,0.7878745794296265,,
1790035496.6337848,RAW_IMU,,,,,,,,,0,0,-924,4,4,4,,,,,
1790035496.6509376,ATTITUDE,,,,,,,,,,,,,,,0.0023921423126012087,0.002994412323459983,0.7878772020339966,,
1790035496.651769,RAW_IMU,,,,,,,,,0,0,-920,4,4,4,,,,,
1790035496.6739497,ATTITUDE,,,,,,,,,,,,,,,0.0023975539952516556,0.002996666356921196,0.7878745794296265,,
1790035496.674486,RAW_IMU,,,,,,,,,0,0,-920,4,4,4,,,,,
1790035496.6914537,GLOBAL_POSITION_INT,-35.3628693,149.1657179,583.63,-0.174,-0.02,0.0,-0.04,45.14,,,,,,,,,,,
1790035496.6919904,GPS_RAW_INT,,,,,,,,,,,,,,,,,,6,10
1790035496.692867,ATTITUDE,,,,,,,,,,,,,,,0.002397956559434533,0.0029942630790174007,0.787874162197113,,
1790035496.6932998,RAW_IMU,,,,,,,,,0,0,-923,4,4,4,,,,,
1790035496.7147717,ATTITUDE,,,,,,,,,,,,,,,0.0023976806551218033,0.0029907396528869867,0.7878759503364563,,
1790035496.7154078,RAW_IMU,,,,,,,,,0,0,-928,4,4,4,,,,,
1790035496.732198,ATTITUDE,,,,,,,,,,,,,,,0.0023990680929273367,0.002989125670865178,0.7878783345222473,,
1790035496.7327118,RAW_IMU,,,,,,,,,0,0,-935,4,4,4,,,,,
1790035496.7554305,ATTITUDE,,,,,,,,,,,,,,,0.0024000718258321285,0.0029865906108170748,0.7878803014755249,,
1790035496.7559435,RAW_IMU,,,,,,,,,0,0,-942,4,4,4,,,,,
1790035496.7729316,ATTITUDE,,,,,,,,,,,,,,,0.002399560995399952,0.0029864832758903503,0.7878795266151428,,
1790035496.7732365,RAW_IMU,,,,,,,,,0,0,-951,4,4,4,,,,,
1790035496.790583,GLOBAL_POSITION_INT,-35.3628693,149.1657179,583.63,-0.176,-0.02,0.0,0.0,45.14,,,,,,,,,,,
1790035496.7909877,GPS_RAW_INT,,,,,,,,,,,,,,,,,,6,10
1790035496.7916236,ATTITUDE,,,,,,,,,,,,,,,0.002401003148406744,0.002986578270792961,0.787878692150116,,
1790035496.7921977,RAW_IMU,,,,,,,,,0,0,-960,4,4,4,,,,,
1790035496.8137383,ATTITUDE,,,,,,,,,,,,,,,0.0024025666061788797,0.0029855782631784678,0.7878789901733398,,
1790035496.8140354,RAW_IMU,,,,,,,,,0,0,-969,4,4,4,,,,,
1790035496.831379,ATTITUDE,,,,,,,,,,,,,,,0.002403966151177883,0.0029865556862205267,0.7878808975219727,,
1790035496.831872,RAW_IMU,,,,,,,,,0,0,-977,4,4,4,,,,,
1790035496.8547795,ATTITUDE,,,,,,,,,,,,,,,0.002406109357252717,0.002987172920256853,0.7878833413124084,,
1790035496.855373,RAW_IMU,,,,,,,,,0,0,-985,4,4,4,,,,,
1790035496.8722637,ATTITUDE,,,,,,,,,,,,,,,0.0024072639644145966,0.002989577827975154,0.7878807783126831,,
1790035496.8726335,RAW_IMU,,,,,,,,,0,0,-991,4,4,4,,,,,
1790035496.8897457,GLOBAL_POSITION_INT,-35.3628693,149.1657179,583.62,-0.18,-0.02,0.0,0.02,45.14,,,,,,,,,,,
1790035496.8902404,GPS_RAW_INT,,,,,,,,,,,,,,,,,,6,10
1790035496.8951268,ATTITUDE,,,,,,,,,,,,,,,0.0024058842100203037,0.0029880336951464415,0.7878798842430115,,
1790035496.8955579,RAW_IMU,,,,,,,,,0,0,-997,4,4,4,,,,,
1790035496.9130564,ATTITUDE,,,,,,,,,,,,,,,0.0024043924640864134,0.002984382910653949,0.7878797054290771,,
1790035496.9133506,RAW_IMU,,,,,,,,,0,0,-1002,4,4,4,,,,,
1790035496.9305906,ATTITUDE,,,,,,,,,,,,,,,0.0024038266856223345,0.002982240403071046,0.7878824472427368,,
1790035496.9310844,RAW_IMU,,,,,,,,,0,0,-1006,4,4,4,,,,,
1790035496.9538128,ATTITUDE,,,,,,,,,,,,,,,0.002404250204563141,0.002980442950502038,0.7878854274749756,,
1790035496.9545016,RAW_IMU,,,,,,,,,0,0,-1009,4,4,4,,,,,
1790035496.973317,ATTITUDE,,,,,,,,,,,,,,,0.0024026997853070498,0.0029785519000142813,0.7878836989402771,,
1790035496.9738743,RAW_IMU,,,,,,,,,0,0,-1012,4,4,4,,,,,
1790035496.98894,GLOBAL_POSITION_INT,-35.3628693,149.1657179,583.62,-0.183,-0.02,0.0,0.01,45.14,,,,,,,,,,,
1790035496.9892466,GPS_RAW_INT,,,,,,,,,,,,,,,,,,6,10
1790035496.9944537,ATTITUDE,,,,,,,,,,,,,,,0.002401789417490363,0.0029775805305689573,0.787883460521698,,
1790035496.9949167,RAW_IMU,,,,,,,,,0,0,-1013,4,4,4,,,,,
1790035497.0121698,ATTITUDE,,,,,,,,,,,,,,,0.0024028525222092867,0.002977319760248065,0.7878856658935547,,
1790035497.012513,RAW_IMU,,,,,,,,,0,0,-1014,4,4,4,,,,,
1790035497.4142115,GLOBAL_POSITION_INT,-35.3628693,149.1657179,583.62,-0.184,-0.02,0.0,0.0,45.14,,,,,,,,,,,
1790035497.414824,GPS_RAW_INT,,,,,,,,,,,,,,,,,,6,10
1790035497.415258,RAW_IMU,,,,,,,,,0,0,-1002,4,4,4,,,,,
1790035497.4153285,RAW_IMU,,,,,,,,,0,0,-1001,4,4,4,,,,,
1790035497.4154315,RAW_IMU,,,,,,,,,0,0,-1000,4,4,4,,,,,
1790035497.415485,ATTITUDE,,,,,,,,,,,,,,,0.0023915704805403948,0.0029743299819529057,0.7878867387771606,,
1790035497.4155543,RAW_IMU,,,,,,,,,0,0,-1000,4,4,4,,,,,
1790035497.4156387,ATTITUDE,,,,,,,,,,,,,,,0.0023896570783108473,0.0029715525452047586,0.7878873348236084,,
1790035497.4157052,RAW_IMU,,,,,,,,,0,0,-999,4,4,4,,,,,
1790035497.4157548,ATTITUDE,,,,,,,,,,,,,,,0.0023896540515124798,0.002969142282381654,0.787889838218689,,
1790035497.4158201,RAW_IMU,,,,,,,,,0,0,-999,4,4,4,,,,,
1790035497.415869,ATTITUDE,,,,,,,,,,,,,,,0.002389558358117938,0.0029679369181394577,0.7878906726837158,,
1790035497.4159324,RAW_IMU,,,,,,,,,0,0,-999,4,4,4,,,,,
1790035497.4160168,ATTITUDE,,,,,,,,,,,,,,,0.002389022847637534,0.0029666200280189514,0.7878884077072144,,
1790035497.416083,RAW_IMU,,,,,,,,,0,0,-998,4,4,4,,,,,
1790035497.4161305,ATTITUDE,,,,,,,,,,,,,,,0.002388115506619215,0.0029666346963495016,0.7878879308700562,,
1790035497.416196,RAW_IMU,,,,,,,,,0,0,-998,4,4,4,,,,,
1790035497.4169104,ATTITUDE,,,,,,,,,,,,,,,0.0023885618429630995,0.0029653289820998907,0.7878888249397278,,
1790035497.4173324,RAW_IMU,,,,,,,,,0,0,-999,4,4,4,,,,,
1790035497.417716,GLOBAL_POSITION_INT,-35.3628693,149.1657179,583.62,-0.183,-0.02,0.0,0.0,45.14,,,,,,,,,,,
1790035497.4181182,GPS_RAW_INT,,,,,,,,,,,,,,,,,,6,10
1790035497.4344022,ATTITUDE,,,,,,,,,,,,,,,0.002389616332948208,0.0029661378357559443,0.7878900170326233,,
1790035497.4347138,RAW_IMU,,,,,,,,,0,0,-999,4,4,4,,,,,
1790035497.4577053,ATTITUDE,,,,,,,,,,,,,,,0.0023912028409540653,0.002968947868794203,0.787890613079071,,
1790035497.4584196,RAW_IMU,,,,,,,,,0,0,-999,4,4,4,,,,,
1790035497.4786067,ATTITUDE,,,,,,,,,,,,,,,0.002391952322795987,0.0029712175019085407,0.7878894805908203,,
1790035497.4790442,RAW_IMU,,,,,,,,,0,0,-999,4,4,4,,,,,
1790035497.4928849,ATTITUDE,,,,,,,,,,,,,,,0.0023894193582236767,0.0029683690518140793,0.7878893613815308,,
1790035497.4932468,RAW_IMU,,,,,,,,,0,0,-999,4,4,4,,,,,
1790035497.516026,ATTITUDE,,,,,,,,,,,,,,,0.002388191409409046,0.00296582980081439,0.7878897786140442,,
1790035497.516407,RAW_IMU,,,,,,,,,0,0,-999,4,4,4,,,,,
1790035497.516738,GLOBAL_POSITION_INT,-35.3628693,149.1657179,583.62,-0.183,-0.02,0.0,0.0,45.14,,,,,,,,,,,
1790035497.5172021,GPS_RAW_INT,,,,,,,,,,,,,,,,,,6,10
1790035497.5337365,ATTITUDE,,,,,,,,,,,,,,,0.0023880591616034508,0.002963459584861994,0.7878923416137695,,
1790035497.5351386,RAW_IMU,,,,,,,,,0,0,-1000,4,4,4,,,,,
1790035497.557029,ATTITUDE,,,,,,,,,,,,,,,0.0023876260966062546,0.0029619536362588406,0.7878926992416382,,
1790035497.5575995,RAW_IMU,,,,,,,,,0,0,-1000,4,4,4,,,,,
1790035497.5749195,ATTITUDE,,,,,,,,,,,,,,,0.0023875669576227665,0.0029604253359138966,0.7878922820091248,,
1790035497.575229,RAW_IMU,,,,,,,,,0,0,-1000,4,4,4,,,,,
1790035497.5979006,ATTITUDE,,,,,,,,,,,,,,,0.002387532265856862,0.0029608425684273243,0.7878923416137695,,
1790035497.5983925,RAW_IMU,,,,,,,,,0,0,-1000,4,4,4,,,,,
1790035497.615633,ATTITUDE,,,,,,,,,,,,,,,0.0023877371568232775,0.0029613454826176167,0.787894070148468,,
1790035497.6160812,RAW_IMU,,,,,,,,,0,0,-1000,4,4,4,,,,,
1790035497.61673,GLOBAL_POSITION_INT,-35.3628693,149.1657179,583.62,-0.182,-0.02,0.0,0.0,45.14,,,,,,,,,,,
1790035497.6170292,GPS_RAW_INT,,,,,,,,,,,,,,,,,,6,10
1790035497.638471,ATTITUDE,,,,,,,,,,,,,,,0.002389077330008149,0.0029624816961586475,0.7878963947296143,,
1790035497.6391876,RAW_IMU,,,,,,,,,0,0,-1001,4,4,4,,,,,
1790035497.6561868,ATTITUDE,,,,,,,,,,,,,,,0.002390775829553604,0.0029647371266037226,0.7878975868225098,,
1790035497.6566203,RAW_IMU,,,,,,,,,0,0,-1001,4,4,4,,,,,
1790035497.6739395,ATTITUDE,,,,,,,,,,,,,,,0.002391534624621272,0.002967157633975148,0.787895679473877,,
1790035497.6745148,RAW_IMU,,,,,,,,,0,0,-1001,4,4,4,,,,,
1790035497.696843,ATTITUDE,,,,,,,,,,,,,,,0.002389394212514162,0.0029645971953868866,0.7878955602645874,,
1790035497.6972613,RAW_IMU,,,,,,,,,0,0,-1001,4,4,4,,,,,
1790035497.7145433,ATTITUDE,,,,,,,,,,,,,,,0.0023881052620708942,0.0029619459528476,0.7878972291946411,,
1790035497.7150707,RAW_IMU,,,,,,,,,0,0,-1001,4,4,4,,,,,
1790035497.7155108,GLOBAL_POSITION_INT,-35.3628693,149.1657179,583.62,-0.182,-0.02,0.0,0.0,45.14,,,,,,,,,,,
1790035497.7158651,GPS_RAW_INT,,,,,,,,,,,,,,,,,,6,10
1790035497.737675,ATTITUDE,,,,,,,,,,,,,,,0.0023873362224549055,0.0029595422092825174,0.7878984808921814,,
1790035497.7381072,RAW_IMU,,,,,,,,,0,0,-1001,4,4,4,,,,,
1790035497.7553842,ATTITUDE,,,,,,,,,,,,,,,0.0023877029307186604,0.0029581598937511444,0.787899374961853,,
1790035497.755947,RAW_IMU,,,,,,,,,0,0,-1001,4,4,4,,,,,
1790035497.7788162,ATTITUDE,,,,,,,,,,,,,,,0.002387819578871131,0.002957055112347007,0.7878977656364441,,
1790035497.7789714,RAW_IMU,,,,,,,,,0,0,-1001,4,4,4,,,,,
1790035497.7959664,ATTITUDE,,,,,,,,,,,,,,,0.0023870666045695543,0.002957905177026987,0.787896454334259,,
1790035497.7964325,RAW_IMU,,,,,,,,,0,0,-1001,4,4,4,,,,,
1790035497.8136013,ATTITUDE,,,,,,,,,,,,,,,0.002387839602306485,0.0029586046002805233,0.7878972291946411,,
1790035497.81414,RAW_IMU,,,,,,,,,0,0,-1001,4,4,4,,,,,
1790035497.8144827,GLOBAL_POSITION_INT,-35.3628693,149.1657179,583.62,-0.182,-0.02,0.0,0.0,45.14,,,,,,,,,,,
1790035497.8147926,GPS_RAW_INT,,,,,,,,,,,,,,,,,,6,10
1790035497.83679,ATTITUDE,,,,,,,,,,,,,,,0.0023900375235825777,0.0029599128756672144,0.7878997921943665,,
1790035497.8372512,RAW_IMU,,,,,,,,,0,0,-1001,4,4,4,,,,,
1790035497.8545535,ATTITUDE,,,,,,,,,,,,,,,0.0023913863115012646,0.002960884477943182,0.7879000902175903,,
1790035497.855156,RAW_IMU,,,,,,,,,0,0,-1001,4,4,4,,,,,
1790035497.8776612,ATTITUDE,,,,,,,,,,,,,,,0.0023915665224194527,0.0029626626055687666,0.7878981232643127,,
1790035497.8781235,RAW_IMU,,,,,,,,,0,0,-1001,4,4,4,,,,,
1790035497.8951833,ATTITUDE,,,,,,,,,,,,,,,0.00238936860114336,0.002960086101666093,0.7878971695899963,,
1790035497.8955517,RAW_IMU,,,,,,,,,0,0,-1001,4,4,4,,,,,
1790035497.9182682,ATTITUDE,,,,,,,,,,,,,,,0.0023880198132246733,0.0029578565154224634,0.7878980040550232,,
1790035497.9185882,RAW_IMU,,,,,,,,,0,0,-1001,4,4,4,,,,,
1790035497.919072,GLOBAL_POSITION_INT,-35.3628693,149.1657179,583.62,-0.181,-0.02,0.0,0.0,45.14,,,,,,,,,,,
1790035497.9194365,GPS_RAW_INT,,,,,,,,,,,,,,,,,,6,10
1790035497.9360147,ATTITUDE,,,,,,,,,,,,,,,0.002385989995673299,0.0029560993425548077,0.7879005074501038,,
1790035497.9365342,RAW_IMU,,,,,,,,,0,0,-1001,4,4,4,,,,,
1790035497.9535975,ATTITUDE,,,,,,,,,,,,,,,0.002385683124884963,0.0029545819852501154,0.7879011034965515,,
1790035497.9539154,RAW_IMU,,,,,,,,,0,0,-1001,4,4,4,,,,,
1790035497.9766417,ATTITUDE,,,,,,,,,,,,,,,0.0023848209530115128,0.002954191295430064,0.7878988981246948,,
1790035497.9774246,RAW_IMU,,,,,,,,,0,0,-1001,4,4,4,,,,,
1790035497.9944186,ATTITUDE,,,,,,,,,,,,,,,0.002384979510679841,0.002954366384074092,0.7878983616828918,,
1790035497.994938,RAW_IMU,,,,,,,,,0,0,-1001,4,4,4,,,,,
1790035498.017508,ATTITUDE,,,,,,,,,,,,,,,0.0023847713600844145,0.0029556071385741234,0.7878999710083008,,
1790035498.017876,RAW_IMU,,,,,,,,,0,0,-1001,4,4,4,,,,,
1790035498.0182698,GLOBAL_POSITION_INT,-35.3628693,149.1657179,583.62,-0.181,-0.02,0.0,0.0,45.14,,,,,,,,,,,
1790035498.0185325,GPS_RAW_INT,,,,,,,,,,,,,,,,,,6,10
1790035498.0352957,ATTITUDE,,,,,,,,,,,,,,,0.002385697327554226,0.002956863958388567,0.7879024744033813,,
1790035498.035647,RAW_IMU,,,,,,,,,0,0,-1001,4,4,4,,,,,
1790035498.058468,ATTITUDE,,,,,,,,,,,,,,,0.00238718930631876,0.0029582681600004435,0.7879037857055664,,
1790035498.0588741,RAW_IMU,,,,,,,,,0,0,-1001,4,4,4,,,,,
1790035498.0760043,ATTITUDE,,,,,,,,,,,,,,,0.002388203516602516,0.002959971083328128,0.7879018187522888,,
1790035498.076665,RAW_IMU,,,,,,,,,0,0,-1000,4,4,4,,,,,
1790035498.0934289,ATTITUDE,,,,,,,,,,,,,,,0.002386202570050955,0.002957132877781987,0.7879019379615784,,
1790035498.093926,RAW_IMU,,,,,,,,,0,0,-1001,4,4,4,,,,,
1790035498.1167095,ATTITUDE,,,,,,,,,,,,,,,0.002384600229561329,0.002954483265057206,0.7879025936126709,,
1790035498.117081,RAW_IMU,,,,,,,,,0,0,-1001,4,4,4,,,,,
1790035498.1174257,GLOBAL_POSITION_INT,-35.3628693,149.1657179,583.62,-0.18,-0.02,0.0,0.0,45.14,,,,,,,,,,,
1790035498.117751,GPS_RAW_INT,,,,,,,,,,,,,,,,,,6,10
1790035498.134398,ATTITUDE,,,,,,,,,,,,,,,0.002382725477218628,0.0029537833761423826,0.7879050374031067,,
1790035498.13502,RAW_IMU,,,,,,,,,0,0,-1001,4,4,4,,,,,
1790035498.1577203,ATTITUDE,,,,,,,,,,,,,,,0.0023817853070795536,0.002954058116301894,0.7879055738449097,,
1790035498.1580472,RAW_IMU,,,,,,,,,0,0,-1001,4,4,4,,,,,
1790035498.1753085,ATTITUDE,,,,,,,,,,,,,,,0.0023799845948815346,0.0029536918736994267,0.7879034280776978,,
1790035498.175819,RAW_IMU,,,,,,,,,0,0,-1000,4,4,4,,,,,
1790035498.1982775,ATTITUDE,,,,,,,,,,,,,,,0.002379367360845208,0.00295412284322083,0.787903368473053,,
1790035498.1988559,RAW_IMU,,,,,,,,,0,0,-1001,4,4,4,,,,,
1790035498.215877,ATTITUDE,,,,,,,,,,,,,,,0.00238031311891973,0.0029546308796852827,0.7879047393798828,,
1790035498.2165508,RAW_IMU,,,,,,,,,0,0,-1001,4,4,4,,,,,
1790035498.2169242,GLOBAL_POSITION_INT,-35.3628693,149.1657179,583.62,-0.18,-0.02,0.0,0.0,45.14,,,,,,,,,,,
1790035498.2172773,GPS_RAW_INT,,,,,,,,,,,,,,,,,,6,10
1790035498.2334456,ATTITUDE,,,,,,,,,,,,,,,0.0023805873934179544,0.0029566187877207994,0.7879056930541992,,
1790035498.233823,RAW_IMU,,,,,,,,,0,0,-1001,4,4,4,,,,,
1790035498.2568264,ATTITUDE,,,,,,,,,,,,,,,0.0023829222191125154,0.002958982717245817,0.7879073619842529,,
1790035498.2573082,RAW_IMU,,,,,,,,,0,0,-1000,4,4,4,,,,,
1790035498.2743568,ATTITUDE,,,,,,,,,,,,,,,0.002384389052167535,0.0029612064827233553,0.7879050970077515,,
1790035498.2749648,RAW_IMU,,,,,,,,,0,0,-1001,4,4,4,,,,,
1790035498.2982435,ATTITUDE,,,,,,,,,,,,,,,0.0023820914793759584,0.0029592958744615316,0.7879050374031067,,
1790035498.2985113,RAW_IMU,,,,,,,,,0,0,-1001,4,4,4,,,,,
1790035498.3158252,ATTITUDE,,,,,,,,,,,,,,,0.0023810516577214003,0.0029576406814157963,0.7879064083099365,,
1790035498.3162382,RAW_IMU,,,,,,,,,0,0,-1001,4,4,4,,,,,
1790035498.3165734,GLOBAL_POSITION_INT,-35.3628693,149.1657179,583.62,-0.18,-0.02,0.0,0.0,45.14,,,,,,,,,,,
1790035498.316894,GPS_RAW_INT,,,,,,,,,,,,,,,,,,6,10
1790035498.3333592,ATTITUDE,,,,,,,,,,,,,,,0.0023807534016668797,0.002955725882202387,0.7879077196121216,,
1790035498.3338556,RAW_IMU,,,,,,,,,0,0,-1000,4,4,4,,,,,
1790035498.356769,ATTITUDE,,,,,,,,,,,,,,,0.002380354329943657,0.002954233204945922,0.7879082560539246,,
1790035498.3570998,RAW_IMU,,,,,,,,,0,0,-1000,4,4,4,,,,,
1790035498.374361,ATTITUDE,,,,,,,,,,,,,,,0.0023798830807209015,0.0029532606713473797,0.7879056334495544,,
1790035498.3749945,RAW_IMU,,,,,,,,,0,0,-1001,4,4,4,,,,,
1790035498.3981416,ATTITUDE,,,,,,,,,,,,,,,0.0023801289498806,0.0029528439044952393,0.7879056930541992,,
1790035498.3986437,RAW_IMU,,,,,,,,,0,0,-1001,4,4,4,,,,,
1790035498.415645,ATTITUDE,,,,,,,,,,,,,,,0.0023807603865861893,0.0029539349488914013,0.7879066467285156,,
1790035498.416195,RAW_IMU,,,,,,,,,0,0,-1001,4,4,4,,,,,
1790035498.4164221,GLOBAL_POSITION_INT,-35.3628693,149.1657179,583.63,-0.179,-0.02,0.0,0.0,45.14,,,,,,,,,,,
1790035498.416663,GPS_RAW_INT,,,,,,,,,,,,,,,,,,6,10
1790035498.43347,ATTITUDE,,,,,,,,,,,,,,,0.0023805005475878716,0.002955698175355792,0.7879098057746887,,
1790035498.4338264,RAW_IMU,,,,,,,,,0,0,-1001,4,4,4,,,,,
1790035498.4566727,ATTITUDE,,,,,,,,,,,,,,,0.0023824041709303856,0.0029594548977911472,0.787910521030426,,
1790035498.4570553,RAW_IMU,,,,,,,,,0,0,-1001,4,4,4,,,,,
1790035498.4761455,ATTITUDE,,,,,,,,,,,,,,,0.002383545506745577,0.002961758989840746,0.7879048585891724,,
1790035498.4765215,RAW_IMU,,,,,,,,,0,0,-1001,4,4,4,,,,,
1790035498.4979851,ATTITUDE,,,,,,,,,,,,,,,0.0023822435177862644,0.002957718912512064,0.7879001498222351,,
1790035498.4981554,RAW_IMU,,,,,,,,,0,0,-1001,4,4,4,,,,,
1790035498.5150144,ATTITUDE,,,,,,,,,,,,,,,0.002381511963903904,0.002956818323582411,0.7878983616828918,,
1790035498.5156384,RAW_IMU,,,,,,,,,0,0,-1001,4,4,4,,,,,
1790035498.5160563,GLOBAL_POSITION_INT,-35.3628693,149.1657179,583.63,-0.179,-0.02,0.0,0.0,45.14,,,,,,,,,,,
1790035498.516363,GPS_RAW_INT,,,,,,,,,,,,,,,,,,6,10
1790035498.5382025,ATTITUDE,,,,,,,,,,,,,,,0.0023816924076527357,0.0029554369393736124,0.7878991365432739,,
1790035498.5384758,RAW_IMU,,,,,,,,,0,0,-1001,4,4,4,,,,,
1790035498.5558782,ATTITUDE,,,,,,,,,,,,,,,0.002382483799010515,0.0029540574178099632,0.7878965735435486,,
1790035498.5564144,RAW_IMU,,,,,,,,,0,0,-1001,4,4,4,,,,,
1790035498.573413,ATTITUDE,,,,,,,,,,,,,,,0.002384382765740156,0.0029519787058234215,0.7878894209861755,,
1790035498.5740519,RAW_IMU,,,,,,,,,0,0,-1000,4,4,4,,,,,
1790035498.5964885,ATTITUDE,,,,,,,,,,,,,,,0.002386028878390789,0.002951790811493993,0.787883996963501,,
1790035498.5968792,RAW_IMU,,,,,,,,,0,0,-1001,4,4,4,,,,,
1790035498.6143107,ATTITUDE,,,,,,,,,,,,,,,0.0023885094560682774,0.0029515426140278578,0.7878801226615906,,
1790035498.6148179,RAW_IMU,,,,,,,,,0,0,-1001,4,4,4,,,,,
1790035498.6151175,GLOBAL_POSITION_INT,-35.3628693,149.1657179,583.63,-0.178,-0.02,0.0,0.0,45.14,,,,,,,,,,,
1790035498.6154056,GPS_RAW_INT,,,,,,,,,,,,,,,,,,6,10
1790035498.6372848,ATTITUDE,,,,,,,,,,,,,,,0.002390994457527995,0.0029521090909838676,0.7878785133361816,,
1790035498.6376195,RAW_IMU,,,,,,,,,0,0,-1001,4,4,4,,,,,
1790035498.6551344,ATTITUDE,,,,,,,,,,,,,,,0.0023939497768878937,0.002953885355964303,0.7878745198249817,,
1790035498.655755,RAW_IMU,,,,,,,,,0,0,-1001,4,4,4,,,,,
1790035498.678082,ATTITUDE,,,,,,,,,,,,,,,0.0023969882167875767,0.00295481039211154,0.7878656387329102,,
1790035498.6787102,RAW_IMU,,,,,,,,,0,0,-1001,4,4,4,,,,,
1790035498.695659,ATTITUDE,,,,,,,,,,,,,,,0.0023966613225638866,0.002951459027826786,0.7878594398498535,,
1790035498.6961796,RAW_IMU,,,,,,,,,0,0,-1001,4,4,4,,,,,
1790035498.7133555,ATTITUDE,,,,,,,,,,,,,,,0.002396808937191963,0.0029488257132470608,0.7878549695014954,,
1790035498.7139316,RAW_IMU,,,,,,,,,0,0,-1001,4,4,4,,,,,
1790035498.7142122,GLOBAL_POSITION_INT,-35.3628693,149.1657179,583.63,-0.177,-0.02,0.0,0.0,45.14,,,,,,,,,,,
1790035498.7143939,GPS_RAW_INT,,,,,,,,,,,,,,,,,,6,10
1790035498.7364175,ATTITUDE,,,,,,,,,,,,,,,0.0023974778596311808,0.0029479889199137688,0.7878537178039551,,
1790035498.7368495,RAW_IMU,,,,,,,,,0,0,-1001,4,4,4,,,,,
1790035498.754473,ATTITUDE,,,,,,,,,,,,,,,0.0023977963719516993,0.0029462696984410286,0.787850558757782,,
1790035498.7551682,RAW_IMU,,,,,,,,,0,0,-1001,4,4,4,,,,,
1790035498.777318,ATTITUDE,,,,,,,,,,,,,,,0.0023978932294994593,0.002944910665974021,0.7878431677818298,,
1790035498.7777307,RAW_IMU,,,,,,,,,0,0,-1001,4,4,4,,,,,
1790035498.7950032,ATTITUDE,,,,,,,,,,,,,,,0.0024002809077501297,0.0029438487254083157,0.7878386974334717,,
1790035498.795607,RAW_IMU,,,,,,,,,0,0,-1001,4,4,4,,,,,
1790035498.8180804,ATTITUDE,,,,,,,,,,,,,,,0.0024024362210184336,0.002945100888609886,0.7878345251083374,,
1790035498.8187773,RAW_IMU,,,,,,,,,0,0,-1000,4,4,4,,,,,
1790035498.819128,GLOBAL_POSITION_INT,-35.3628693,149.1657179,583.63,-0.176,-0.02,0.0,0.0,45.13,,,,,,,,,,,
1790035498.8194463,GPS_RAW_INT,,,,,,,,,,,,,,,,,,6,10
1790035498.8357544,ATTITUDE,,,,,,,,,,,,,,,0.0024052502121776342,0.002947236644104123,0.787833034992218,,
1790035498.8362863,RAW_IMU,,,,,,,,,0,0,-1001,4,4,4,,,,,
1790035498.8534234,ATTITUDE,,,,,,,,,,,,,,,0.002408050699159503,0.0029481477104127407,0.787830114364624,,
1790035498.8538222,RAW_IMU,,,,,,,,,0,0,-1001,4,4,4,,,,,
1790035498.8765664,ATTITUDE,,,,,,,,,,,,,,,0.0024100220762193203,0.002948532346636057,0.7878220081329346,,
1790035498.876977,RAW_IMU,,,,,,,,,0,0,-1001,4,4,4,,,,,
1790035498.8940337,ATTITUDE,,,,,,,,,,,,,,,0.0024106642231345177,0.0029453348834067583,0.7878164052963257,,
1790035498.8944578,RAW_IMU,,,,,,,,,0,0,-1001,4,4,4,,,,,
1790035498.9172506,ATTITUDE,,,,,,,,,,,,,,,0.002411507535725832,0.0029402521904557943,0.7878122925758362,,
1790035498.917646,RAW_IMU,,,,,,,,,0,0,-1001,4,4,4,,,,,
1790035498.9179463,GLOBAL_POSITION_INT,-35.3628693,149.1657179,583.63,-0.175,-0.02,0.0,0.0,45.13,,,,,,,,,,,
1790035498.918237,GPS_RAW_INT,,,,,,,,,,,,,,,,,,6,10
1790035498.9349554,ATTITUDE,,,,,,,,,,,,,,,0.0024124295450747013,0.0029374449513852596,0.7878103256225586,,
1790035498.9355109,RAW_IMU,,,,,,,,,0,0,-1001,4,4,4,,,,,
1790035498.9580314,ATTITUDE,,,,,,,,,,,,,,,0.002413079608231783,0.0029358421452343464,0.7878072261810303,,
1790035498.9584281,RAW_IMU,,,,,,,,,0,0,-1001,4,4,4,,,,,
1790035498.9754407,ATTITUDE,,,,,,,,,,,,,,,0.002413177629932761,0.002933920593932271,0.7877981662750244,,
1790035498.976194,RAW_IMU,,,,,,,,,0,0,-1001,4,4,4,,,,,
1790035498.993222,ATTITUDE,,,,,,,,,,,,,,,0.002412451896816492,0.0029336584266275167,0.7877931594848633,,
1790035498.9937923,RAW_IMU,,,,,,,,,0,0,-1001,4,4,4,,,,,
1790035499.016363,ATTITUDE,,,,,,,,,,,,,,,0.002414299175143242,0.0029345122165977955,0.7877911329269409,,
1790035499.0167906,RAW_IMU,,,,,,,,,0,0,-1001,4,4,4,,,,,
1790035499.017017,GLOBAL_POSITION_INT,-35.3628693,149.1657179,583.63,-0.173,-0.02,0.0,0.0,45.13,,,,,,,,,,,
1790035499.0173829,GPS_RAW_INT,,,,,,,,,,,,,,,,,,6,10
1790035499.0340302,ATTITUDE,,,,,,,,,,,,,,,0.002418278716504574,0.0029355003498494625,0.787789523601532,,
1790035499.034326,RAW_IMU,,,,,,,,,0,0,-1001,4,4,4,,,,,
1790035499.0573437,ATTITUDE,,,,,,,,,,,,,,,0.0024208517279475927,0.002938591642305255,0.787786602973938,,
1790035499.0578635,RAW_IMU,,,,,,,,,0,0,-1001,4,4,4,,,,,
1790035499.0748293,ATTITUDE,,,,,,,,,,,,,,,0.002423045225441456,0.0029406221583485603,0.7877787947654724,,
1790035499.075086,RAW_IMU,,,,,,,,,0,0,-1001,4,4,4,,,,,
1790035499.0980263,ATTITUDE,,,,,,,,,,,,,,,0.002422978403046727,0.002936907112598419,0.7877749800682068,,
1790035499.098484,RAW_IMU,,,,,,,,,0,0,-1001,4,4,4,,,,,
1790035499.1156092,ATTITUDE,,,,,,,,,,,,,,,0.0024223991204053164,0.0029331082478165627,0.7877700328826904,,
1790035499.1160836,RAW_IMU,,,,,,,,,0,0,-1001,4,4,4,,,,,
1790035499.1164782,GLOBAL_POSITION_INT,-35.3628693,149.1657179,583.63,-0.172,-0.02,0.0,0.0,45.13,,,,,,,,,,,
1790035499.1168346,GPS_RAW_INT,,,,,,,,,,,,,,,,,,6,10
1790035499.1330898,ATTITUDE,,,,,,,,,,,,,,,0.0024222075007855892,0.002929248381406069,0.7877679467201233,,
1790035499.1336026,RAW_IMU,,,,,,,,,0,0,-1000,4,4,4,,,,,
1790035499.1564355,ATTITUDE,,,,,,,,,,,,,,,0.0024224980734288692,0.002929125213995576,0.7877639532089233,,
1790035499.1568532,RAW_IMU,,,,,,,,,0,0,-1001,4,4,4,,,,,
1790035499.1739917,ATTITUDE,,,,,,,,,,,,,,,0.0024236473254859447,0.0029266218189150095,0.7877569198608398,,
1790035499.1743941,RAW_IMU,,,,,,,,,0,0,-1001,4,4,4,,,,,
1790035499.1971872,ATTITUDE,,,,,,,,,,,,,,,0.0024233455769717693,0.002925080480054021,0.7877529263496399,,
1790035499.1975908,RAW_IMU,,,,,,,,,0,0,-1001,4,4,4,,,,,
1790035499.214764,ATTITUDE,,,,,,,,,,,,,,,0.0024231639690697193,0.002925488166511059,0.7877507209777832,,
1790035499.215275,RAW_IMU,,,,,,,,,0,0,-1001,4,4,4,,,,,
1790035499.2157266,GLOBAL_POSITION_INT,-35.3628693,149.1657179,583.63,-0.172,-0.02,0.0,0.0,45.13,,,,,,,,,,,
1790035499.2159922,GPS_RAW_INT,,,,,,,,,,,,,,,,,,6,10
1790035499.237827,ATTITUDE,,,,,,,,,,,,,,,0.0024246759712696075,0.0029251317027956247,0.787747859954834,,
1790035499.2385228,RAW_IMU,,,,,,,,,0,0,-1001,4,4,4,,,,,
1790035499.2557461,ATTITUDE,,,,,,,,,,,,,,,0.0024270787835121155,0.002925277454778552,0.7877452373504639,,
1790035499.2561896,RAW_IMU,,,,,,,,,0,0,-1001,4,4,4,,,,,
1790035499.27318,ATTITUDE,,,,,,,,,,,,,,,0.002428925596177578,0.0029274316038936377,0.787738561630249,,
1790035499.2736983,RAW_IMU,,,,,,,,,0,0,-1001,4,4,4,,,,,
1790035499.2962961,ATTITUDE,,,,,,,,,,,,,,,0.002427475294098258,0.002922758227214217,0.7877327799797058,,
1790035499.2967198,RAW_IMU,,,,,,,,,0,0,-1001,4,4,4,,,,,
1790035499.3139033,ATTITUDE,,,,,,,,,,,,,,,0.0024266294203698635,0.0029180978890508413,0.7877299785614014,,
1790035499.31434,RAW_IMU,,,,,,,,,0,0,-1000,4,4,4,,,,,
1790035499.3146074,GLOBAL_POSITION_INT,-35.3628693,149.1657179,583.63,-0.171,-0.02,0.0,0.0,45.13,,,,,,,,,,,
1790035499.3151147,GPS_RAW_INT,,,,,,,,,,,,,,,,,,6,10
1790035499.3374019,ATTITUDE,,,,,,,,,,,,,,,0.002426018938422203,0.0029144510626792908,0.7877283692359924,,
1790035499.3381472,RAW_IMU,,,,,,,,,0,0,-1000,4,4,4,,,,,
1790035499.3549712,ATTITUDE,,,,,,,,,,,,,,,0.002425648272037506,0.0029120612889528275,0.7877243161201477,,
1790035499.355616,RAW_IMU,,,,,,,,,0,0,-1001,4,4,4,,,,,
1790035499.3779356,ATTITUDE,,,,,,,,,,,,,,,0.0024251719005405903,0.002908840775489807,0.7877184748649597,,
1790035499.378468,RAW_IMU,,,,,,,,,0,0,-1001,4,4,4,,,,,
1790035499.3954973,ATTITUDE,,,,,,,,,,,,,,,0.002423721831291914,0.002908458700403571,0.7877121567726135,,
1790035499.395939,RAW_IMU,,,,,,,,,0,0,-1001,4,4,4,,,,,
1790035499.4133556,ATTITUDE,,,,,,,,,,,,,,,0.0024257281329482794,0.0029085937421768904,0.7877100706100464,,
1790035499.414076,RAW_IMU,,,,,,,,,0,0,-1001,4,4,4,,,,,
1790035499.41446,GLOBAL_POSITION_INT,-35.3628693,149.1657179,583.63,-0.17,-0.02,0.0,0.0,45.13,,,,,,,,,,,
1790035499.4149442,GPS_RAW_INT,,,,,,,,,,,,,,,,,,6,10
1790035499.4362385,ATTITUDE,,,,,,,,,,,,,,,0.0024269402492791414,0.002908536000177264,0.7877093553543091,,
1790035499.4366105,RAW_IMU,,,,,,,,,0,0,-1001,4,4,4,,,,,
1790035499.45403,ATTITUDE,,,,,,,,,,,,,,,0.002430947497487068,0.002907593036070466,0.7877073884010315,,
1790035499.4543972,RAW_IMU,,,,,,,,,0,0,-1001,4,4,4,,,,,
1790035499.477466,ATTITUDE,,,,,,,,,,,,,,,0.0024336911737918854,0.0029085001442581415,0.7877010107040405,,
1790035499.4781892,RAW_IMU,,,,,,,,,0,0,-1001,4,4,4,,,,,
1790035499.494612,ATTITUDE,,,,,,,,,,,,,,,0.002430235967040062,0.0029033999890089035,0.7876967787742615,,
1790035499.495068,RAW_IMU,,,,,,,,,0,0,-1001,4,4,4,,,,,
1790035499.5178063,ATTITUDE,,,,,,,,,,,,,,,0.0024286704137921333,0.0028985554818063974,0.7876943945884705,,
1790035499.518239,RAW_IMU,,,,,,,,,0,0,-1001,4,4,4,,,,,
1790035499.5187006,GLOBAL_POSITION_INT,-35.3628693,149.1657179,583.64,-0.169,-0.02,0.0,0.0,45.13,,,,,,,,,,,
1790035499.5191715,GPS_RAW_INT,,,,,,,,,,,,,,,,,,6,10
1790035499.5354376,ATTITUDE,,,,,,,,,,,,,,,0.002428625477477908,0.002896861871704459,0.7876929044723511,,
1790035499.5358195,RAW_IMU,,,,,,,,,0,0,-1001,4,4,4,,,,,
1790035499.553025,ATTITUDE,,,,,,,,,,,,,,,0.002428050385788083,0.0028945503290742636,0.7876904010772705,,
1790035499.553558,RAW_IMU,,,,,,,,,0,0,-1001,4,4,4,,,,,
1790035499.576279,ATTITUDE,,,,,,,,,,,,,,,0.002427624771371484,0.0028921840712428093,0.7876841425895691,,
1790035499.5766265,RAW_IMU,,,,,,,,,0,0,-1001,4,4,4,,,,,
1790035499.5938828,ATTITUDE,,,,,,,,,,,,,,,0.002428231993690133,0.0028918476309627295,0.7876800894737244,,
1790035499.5944602,RAW_IMU,,,,,,,,,0,0,-1001,4,4,4,,,,,
1790035499.617105,ATTITUDE,,,,,,,,,,,,,,,0.0024293106980621815,0.0028912900015711784,0.7876784801483154,,
1790035499.6175585,RAW_IMU,,,,,,,,,0,0,-1001,4,4,4,,,,,
1790035499.6178281,GLOBAL_POSITION_INT,-35.3628693,149.1657179,583.64,-0.168,-0.02,0.0,0.0,45.13,,,,,,,,,,,
1790035499.618481,GPS_RAW_INT,,,,,,,,,,,,,,,,,,6,10
1790035499.6346104,ATTITUDE,,,,,,,,,,,,,,,0.002430479973554611,0.0028913826681673527,0.7876768112182617,,
1790035499.6352372,RAW_IMU,,,,,,,,,0,0,-1001,4,4,4,,,,,
1790035499.658629,ATTITUDE,,,,,,,,,,,,,,,0.0024293870665133,0.0028891994152218103,0.7876754999160767,,
1790035499.659186,RAW_IMU,,,,,,,,,0,0,-1001,4,4,4,,,,,
1790035499.676219,ATTITUDE,,,,,,,,,,,,,,,0.0024264685343950987,0.0028838312719017267,0.787668764591217,,
1790035499.676781,RAW_IMU,,,,,,,,,0,0,-1001,4,4,4,,,,,
1790035499.6939056,ATTITUDE,,,,,,,,,,,,,,,0.0024238433688879013,0.00288017513230443,0.7876647114753723,,
1790035499.694623,RAW_IMU,,,,,,,,,0,0,-1001,4,4,4,,,,,
1790035499.7170706,ATTITUDE,,,,,,,,,,,,,,,0.002422329969704151,0.0028770773205906153,0.7876609563827515,,
1790035499.7176244,RAW_IMU,,,,,,,,,0,0,-1000,4,4,4,,,,,
1790035499.717972,GLOBAL_POSITION_INT,-35.3628693,149.1657179,583.64,-0.168,-0.02,0.0,0.0,45.12,,,,,,,,,,,
1790035499.7184482,GPS_RAW_INT,,,,,,,,,,,,,,,,,,6,10
1790035499.7346146,ATTITUDE,,,,,,,,,,,,,,,0.0024207010865211487,0.0028737152460962534,0.7876612544059753,,
1790035499.7349808,RAW_IMU,,,,,,,,,0,0,-1001,4,4,4,,,,,
1790035499.758001,ATTITUDE,,,,,,,,,,,,,,,0.002422631485387683,0.00286975409835577,0.7876588702201843,,
1790035499.7586548,RAW_IMU,,,,,,,,,0,0,-1001,4,4,4,,,,,
1790035499.7754,ATTITUDE,,,,,,,,,,,,,,,0.0024248561821877956,0.0028699361719191074,0.7876532673835754,,
1790035499.7758534,RAW_IMU,,,,,,,,,0,0,-1001,4,4,4,,,,,
1790035499.7985737,ATTITUDE,,,,,,,,,,,,,,,0.0024269488640129566,0.0028705988079309464,0.7876489162445068,,
1790035499.7992518,RAW_IMU,,,,,,,,,0,0,-1001,4,4,4,,,,,
1790035499.8161414,ATTITUDE,,,,,,,,,,,,,,,0.0024282759986817837,0.002870722208172083,0.7876470685005188,,
1790035499.816514,RAW_IMU,,,,,,,,,0,0,-1001,4,4,4,,,,,
1790035499.8171027,GLOBAL_POSITION_INT,-35.3628693,149.1657179,583.64,-0.167,-0.02,0.0,0.0,45.12,,,,,,,,,,,
1790035499.8174744,GPS_RAW_INT,,,,,,,,,,,,,,,,,,6,10
1790035499.8337936,ATTITUDE,,,,,,,,,,,,,,,0.0024297302588820457,0.0028717138338834047,0.7876467108726501,,
1790035499.8341916,RAW_IMU,,,,,,,,,0,0,-1001,4,4,4,,,,,
1790035499.857027,ATTITUDE,,,,,,,,,,,,,,,0.002434009686112404,0.002874721772968769,0.7876434922218323,,
1790035499.8575583,RAW_IMU,,,,,,,,,0,0,-1001,4,4,4,,,,,
1790035499.8746417,ATTITUDE,,,,,,,,,,,,,,,0.002436187118291855,0.0028768719639629126,0.7876402735710144,,
1790035499.8750317,RAW_IMU,,,,,,,,,0,0,-1001,4,4,4,,,,,
1790035499.8978531,ATTITUDE,,,,,,,,,,,,,,,0.002434082329273224,0.002873153192922473,0.7876374125480652,,
1790035499.8982625,RAW_IMU,,,,,,,,,0,0,-1001,4,4,4,,,,,
1790035499.9153883,ATTITUDE,,,,,,,,,,,,,,,0.002432149136438966,0.0028713310603052378,0.7876343727111816,,
1790035499.9157698,RAW_IMU,,,,,,,,,0,0,-1001,4,4,4,,,,,
1790035499.9160337,GLOBAL_POSITION_INT,-35.3628693,149.1657179,583.64,-0.167,-0.02,0.0,0.0,45.12,,,,,,,,,,,
1790035499.9162903,GPS_RAW_INT,,,,,,,,,,,,,,,,,,6,10
1790035499.9384289,ATTITUDE,,,,,,,,,,,,,,,0.0024307463318109512,0.002869427902624011,0.7876352667808533,,
1790035499.938857,RAW_IMU,,,,,,,,,0,0,-1001,4,4,4,,,,,
1790035499.9562628,ATTITUDE,,,,,,,,,,,,,,,0.002431989647448063,0.0028679065871983767,0.7876331210136414,,
1790035499.9567745,RAW_IMU,,,,,,,,,0,0,-1001,4,4,4,,,,,
1790035499.9753945,ATTITUDE,,,,,,,,,,,,,,,0.0024328974541276693,0.0028667135629802942,0.7876275181770325,,
1790035499.975814,RAW_IMU,,,,,,,,,0,0,-1001,4,4,4,,,,,
1790035499.996934,ATTITUDE,,,,,,,,,,,,,,,0.0024328751023858786,0.0028649542946368456,0.7876266837120056,,
1790035499.9971561,RAW_IMU,,,,,,,,,0,0,-1001,4,4,4,,,,,
1790035500.0145943,ATTITUDE,,,,,,,,,,,,,,,0.002433724468573928,0.002865517046302557,0.7876222729682922,,
1790035500.0147827,RAW_IMU,,,,,,,,,0,0,-1001,4,4,4,,,,,
1790035500.014971,GLOBAL_POSITION_INT,-35.3628693,149.1657179,583.64,-0.166,-0.02,0.0,0.0,45.12,,,,,,,,,,,
1790035500.0151339,GPS_RAW_INT,,,,,,,,,,,,,,,,,,6,10
1790035500.037744,ATTITUDE,,,,,,,,,,,,,,,0.002433347050100565,0.0028645992279052734,0.7876231670379639,,
1790035500.0381114,RAW_IMU,,,,,,,,,0,0,-1001,4,4,4,,,,,
1790035500.0554883,ATTITUDE,,,,,,,,,,,,,,,0.002435831818729639,0.0028657305520027876,0.7876205444335938,,
1790035500.055937,RAW_IMU,,,,,,,,,0,0,-1001,4,4,4,,,,,
1790035500.0785968,ATTITUDE,,,,,,,,,,,,,,,0.0024382283445447683,0.002867323812097311,0.7876145839691162,,
1790035500.0789247,RAW_IMU,,,,,,,,,0,0,-1001,4,4,4,,,,,
1790035500.096048,ATTITUDE,,,,,,,,,,,,,,,0.002436418551951647,0.002864477690309286,0.7876100540161133,,
1790035500.096468,RAW_IMU,,,,,,,,,0,0,-1001,4,4,4,,,,,
1790035500.1137667,ATTITUDE,,,,,,,,,,,,,,,0.0024353070184588432,0.002861744025722146,0.7876083254814148,,
1790035500.114482,RAW_IMU,,,,,,,,,0,0,-1001,4,4,4,,,,,
1790035500.114882,GLOBAL_POSITION_INT,-35.3628693,149.1657179,583.64,-0.165,-0.02,0.0,0.0,45.12,,,,,,,,,,,
1790035500.1151726,GPS_RAW_INT,,,,,,,,,,,,,,,,,,6,10
1790035500.1368935,ATTITUDE,,,,,,,,,,,,,,,0.002436166862025857,0.002859214087948203,0.7876083850860596,,
1790035500.1372461,RAW_IMU,,,,,,,,,0,0,-1000,4,4,4,,,,,
1790035500.1545448,ATTITUDE,,,,,,,,,,,,,,,0.002436565002426505,0.002856906969100237,0.7876051664352417,,
1790035500.1549435,RAW_IMU,,,,,,,,,0,0,-1001,4,4,4,,,,,
1790035500.1780438,ATTITUDE,,,,,,,,,,,,,,,0.002437100512906909,0.0028548494447022676,0.7875990867614746,,
1790035500.178266,RAW_IMU,,,,,,,,,0,0,-1001,4,4,4,,,,,
1790035500.1953213,ATTITUDE,,,,,,,,,,,,,,,0.0024381685070693493,0.0028534887824207544,0.7875949144363403,,
1790035500.1958916,RAW_IMU,,,,,,,,,0,0,-1001,4,4,4,,,,,
1790035500.2184205,ATTITUDE,,,,,,,,,,,,,,,0.002438873052597046,0.002852874342352152,0.7875933647155762,,
1790035500.2190294,RAW_IMU,,,,,,,,,0,0,-1001,4,4,4,,,,,
1790035500.2192895,GLOBAL_POSITION_INT,-35.3628693,149.1657179,583.64,-0.165,-0.02,0.0,0.0,45.12,,,,,,,,,,,
1790035500.219555,GPS_RAW_INT,,,,,,,,,,,,,,,,,,6,10
1790035500.235985,ATTITUDE,,,,,,,,,,,,,,,0.002439401112496853,0.0028518512845039368,0.7875930070877075,,
1790035500.2363842,RAW_IMU,,,,,,,,,0,0,-1001,4,4,4,,,,,
1790035500.253728,ATTITUDE,,,,,,,,,,,,,,,0.0024398397654294968,0.002853503916412592,0.7875924706459045,,
1790035500.2541525,RAW_IMU,,,,,,,,,0,0,-1001,4,4,4,,,,,
1790035500.2769403,ATTITUDE,,,,,,,,,,,,,,,0.002442886820062995,0.0028555102180689573,0.7875857353210449,,
1790035500.2779057,RAW_IMU,,,,,,,,,0,0,-1001,4,4,4,,,,,
1790035500.294801,ATTITUDE,,,,,,,,,,,,,,,0.0024405517615377903,0.002851244993507862,0.7875804901123047,,
1790035500.2956505,RAW_IMU,,,,,,,,,0,0,-1001,4,4,4,,,,,
1790035500.3135035,ATTITUDE,,,,,,,,,,,,,,,0.0024387461598962545,0.002847769297659397,0.7875779271125793,,
1790035500.3140593,RAW_IMU,,,,,,,,,0,0,-1001,4,4,4,,,,,
1790035500.3149548,GLOBAL_POSITION_INT,-35.3628693,149.1657179,583.64,-0.165,-0.02,0.0,0.0,45.12,,,,,,,,,,,
1790035500.3153749,GPS_RAW_INT,,,,,,,,,,,,,,,,,,6,10
1790035500.3372517,ATTITUDE,,,,,,,,,,,,,,,0.002437711227685213,0.002846552524715662,0.7875772714614868,,
1790035500.338079,RAW_IMU,,,,,,,,,0,0,-1001,4,4,4,,,,,
1790035500.3559296,ATTITUDE,,,,,,,,,,,,,,,0.0024370993487536907,0.0028445704374462366,0.7875763773918152,,
1790035500.3568249,RAW_IMU,,,,,,,,,0,0,-1001,4,4,4,,,,,
1790035500.375198,ATTITUDE,,,,,,,,,,,,,,,0.002436332870274782,0.002842229325324297,0.7875717282295227,,
1790035500.3758907,RAW_IMU,,,,,,,,,0,0,-1001,4,4,4,,,,,
1790035500.3983052,ATTITUDE,,,,,,,,,,,,,,,0.0024358616210520267,0.0028408861253410578,0.7875679731369019,,
1790035500.3989005,RAW_IMU,,,,,,,,,0,0,-1001,4,4,4,,,,,
1790035500.416009,ATTITUDE,,,,,,,,,,,,,,,0.0024356169160455465,0.0028405399061739445,0.7875650525093079,,
1790035500.4166565,RAW_IMU,,,,,,,,,0,0,-1001,4,4,4,,,,,
1790035500.4170246,GLOBAL_POSITION_INT,-35.3628693,149.1657179,583.64,-0.164,-0.02,0.0,0.0,45.12,,,,,,,,,,,
1790035500.417377,GPS_RAW_INT,,,,,,,,,,,,,,,,,,6,10
1790035500.4336367,ATTITUDE,,,,,,,,,,,,,,,0.002436602720990777,0.0028406160417944193,0.7875632047653198,,
1790035500.4341686,RAW_IMU,,,,,,,,,0,0,-1001,4,4,4,,,,,
1790035500.4568942,ATTITUDE,,,,,,,,,,,,,,,0.002438959199935198,0.0028414810076355934,0.7875604033470154,,
1790035500.4573672,RAW_IMU,,,,,,,,,0,0,-1001,4,4,4,,,,,
1790035500.475269,ATTITUDE,,,,,,,,,,,,,,,0.0024410253390669823,0.0028423508629202843,0.7875537872314453,,
1790035500.4756672,RAW_IMU,,,,,,,,,0,0,-1001,4,4,4,,,,,
1790035500.4976337,ATTITUDE,,,,,,,,,,,,,,,0.002439945936203003,0.0028374684043228626,0.7875489592552185,,
1790035500.4979815,RAW_IMU,,,,,,,,,0,0,-1001,4,4,4,,,,,
1790035500.5151975,ATTITUDE,,,,,,,,,,,,,,,0.0024386399891227484,0.0028348348569124937,0.7875465750694275,,
1790035500.5157642,RAW_IMU,,,,,,,,,0,0,-1001,4,4,4,,,,,
1790035500.5161107,GLOBAL_POSITION_INT,-35.3628693,149.1657179,583.64,-0.164,-0.02,0.0,0.0,45.12,,,,,,,,,,,
1790035500.5164592,GPS_RAW_INT,,,,,,,,,,,,,,,,,,6,10
1790035500.5382848,ATTITUDE,,,,,,,,,,,,,,,0.00243832147680223,0.002831568941473961,0.7875452637672424,,
1790035500.5386631,RAW_IMU,,,,,,,,,0,0,-1001,4,4,4,,,,,
1790035500.556006,ATTITUDE,,,,,,,,,,,,,,,0.0024377903901040554,0.0028283658903092146,0.7875446081161499,,
1790035500.5566034,RAW_IMU,,,,,,,,,0,0,-1001,4,4,4,,,,,
1790035500.5737035,ATTITUDE,,,,,,,,,,,,,,,0.002436912152916193,0.0028268517926335335,0.7875377535820007,,
1790035500.5743084,RAW_IMU,,,,,,,,,0,0,-1001,4,4,4,,,,,
1790035500.5967722,ATTITUDE,,,,,,,,,,,,,,,0.002435932168737054,0.0028252541087567806,0.7875348925590515,,
1790035500.597332,RAW_IMU,,,,,,,,,0,0,-1001,4,4,4,,,,,
1790035500.6145785,ATTITUDE,,,,,,,,,,,,,,,0.002436918206512928,0.0028251465409994125,0.7875329256057739,,
1790035500.6150327,RAW_IMU,,,,,,,,,0,0,-1001,4,4,4,,,,,
1790035500.6155674,GLOBAL_POSITION_INT,-35.3628693,149.1657179,583.64,-0.163,-0.02,0.0,0.0,45.12,,,,,,,,,,,
1790035500.6160367,GPS_RAW_INT,,,,,,,,,,,,,,,,,,6,10
1790035500.6375787,ATTITUDE,,,,,,,,,,,,,,,0.002436775481328368,0.002825519535690546,0.787531852722168,,
1790035500.6380951,RAW_IMU,,,,,,,,,0,0,-1001,4,4,4,,,,,
1790035500.6551852,ATTITUDE,,,,,,,,,,,,,,,0.0024394243955612183,0.002827246906235814,0.7875300645828247,,
1790035500.6558247,RAW_IMU,,,,,,,,,0,0,-1001,4,4,4,,,,,
1790035500.67841,ATTITUDE,,,,,,,,,,,,,,,0.0024436486419290304,0.002828966360539198,0.7875235080718994,,
1790035500.6788678,RAW_IMU,,,,,,,,,0,0,-1001,4,4,4,,,,,
1790035500.695848,ATTITUDE,,,,,,,,,,,,,,,0.002440930576995015,0.0028256590012460947,0.7875192165374756,,
1790035500.6961796,RAW_IMU,,,,,,,,,0,0,-1001,4,4,4,,,,,
1790035500.7135925,ATTITUDE,,,,,,,,,,,,,,,0.0024399515241384506,0.0028234748169779778,0.7875182628631592,,
