timestamp,msg_type,lat,lon,alt,relative_alt,vx,vy,vz,hdg,xacc,yacc,zacc,xgyro,ygyro,zgyro,roll,pitch,yaw,fix_type,satellites_visible
1790036360.5170295,GLOBAL_POSITION_INT,-35.361131,149.1678505,581.21,-0.503,-0.02,0.0,0.0,45.35,,,,,,,,,,,
1790036360.5187707,GPS_RAW_INT,,,,,,,,,,,,,,,,,,6,10
1790036360.5199726,ATTITUDE,,,,,,,,,,,,,,,0.0021983033511787653,0.0018499884754419327,0.7916033864021301,,
1790036360.520216,RAW_IMU,,,,,,,,,0,0,-1001,2,2,2,,,,,
1790036360.5203753,ATTITUDE,,,,,,,,,,,,,,,0.0021968442015349865,0.0018494098912924528,0.7916049361228943,,
1790036360.520582,RAW_IMU,,,,,,,,,0,0,-1001,2,2,2,,,,,
1790036360.520836,ATTITUDE,,,,,,,,,,,,,,,0.002197863766923547,0.0018486089538782835,0.7916078567504883,,
1790036360.521051,RAW_IMU,,,,,,,,,0,0,-1001,2,2,2,,,,,
1790036360.5211978,ATTITUDE,,,,,,,,,,,,,,,0.0022004274651408195,0.0018486770568415523,0.7916110157966614,,
1790036360.521423,RAW_IMU,,,,,,,,,0,0,-1001,2,2,2,,,,,
1790036360.521583,ATTITUDE,,,,,,,,,,,,,,,0.0022026696242392063,0.0018509889487177134,0.7916164994239807,,
1790036360.521777,RAW_IMU,,,,,,,,,0,0,-1001,2,2,2,,,,,
1790036360.5220208,ATTITUDE,,,,,,,,,,,,,,,0.002203703857958317,0.0018534109694883227,0.7916183471679688,,
1790036360.5222805,RAW_IMU,,,,,,,,,0,0,-1001,2,2,2,,,,,
1790036360.5225294,ATTITUDE,,,,,,,,,,,,,,,0.002201636089012027,0.0018524139886721969,0.7916197776794434,,
1790036360.522885,RAW_IMU,,,,,,,,,0,0,-1001,2,2,2,,,,,
1790036360.5231519,ATTITUDE,,,,,,,,,,,,,,,0.0021986705251038074,0.0018482290906831622,0.7916231751441956,,
1790036360.5242186,RAW_IMU,,,,,,,,,0,0,-1001,2,2,2,,,,,
1790036360.5258443,GLOBAL_POSITION_INT,-35.361131,149.1678505,581.21,-0.503,-0.02,0.0,0.0,45.35,,,,,,,,,,,
1790036360.5268567,GPS_RAW_INT,,,,,,,,,,,,,,,,,,6,10
1790036360.5433133,ATTITUDE,,,,,,,,,,,,,,,0.0021969908848404884,0.001845385879278183,0.7916281819343567,,
1790036360.5445163,RAW_IMU,,,,,,,,,0,0,-1001,2,2,2,,,,,
1790036360.5582092,ATTITUDE,,,,,,,,,,,,,,,0.0021976029966026545,0.0018437965773046017,0.791632354259491,,
1790036360.5594578,RAW_IMU,,,,,,,,,0,0,-1001,2,2,2,,,,,
1790036360.5787911,ATTITUDE,,,,,,,,,,,,,,,0.002198762260377407,0.0018419325351715088,0.7916338443756104,,
1790036360.5801504,RAW_IMU,,,,,,,,,0,0,-1001,2,2,2,,,,,
1790036360.5990143,ATTITUDE,,,,,,,,,,,,,,,0.0021987769287079573,0.0018422739813104272,0.791633665561676,,
1790036360.5999458,RAW_IMU,,,,,,,,,0,0,-1000,2,2,2,,,,,
1790036360.6186967,ATTITUDE,,,,,,,,,,,,,,,0.0022006339859217405,0.0018423192668706179,0.7916358113288879,,
1790036360.6199822,RAW_IMU,,,,,,,,,0,0,-1001,2,2,2,,,,,
1790036360.6214833,GLOBAL_POSITION_INT,-35.361131,149.1678505,581.21,-0.503,-0.02,0.0,0.0,45.35,,,,,,,,,,,
1790036360.6224692,GPS_RAW_INT,,,,,,,,,,,,,,,,,,6,10
1790036360.6499422,ATTITUDE,,,,,,,,,,,,,,,0.0022019664756953716,0.0018427136819809675,0.7916392683982849,,
1790036360.650711,RAW_IMU,,,,,,,,,0,0,-1001,2,2,2,,,,,
1790036360.6587152,ATTITUDE,,,,,,,,,,,,,,,0.002202952280640602,0.001845884253270924,0.7916452288627625,,
1790036360.6598701,RAW_IMU,,,,,,,,,0,0,-1001,2,2,2,,,,,
1790036360.6796157,ATTITUDE,,,,,,,,,,,,,,,0.0022044521756470203,0.0018479858990758657,0.791646420955658,,
1790036360.681165,RAW_IMU,,,,,,,,,0,0,-1001,2,2,2,,,,,
1790036360.6997497,ATTITUDE,,,,,,,,,,,,,,,0.002203697571530938,0.0018478258280083537,0.7916476130485535,,
1790036360.7009695,RAW_IMU,,,,,,,,,0,0,-1001,2,2,2,,,,,
1790036360.719381,ATTITUDE,,,,,,,,,,,,,,,0.0022010751999914646,0.0018451347714290023,0.7916499972343445,,
1790036360.7203417,RAW_IMU,,,,,,,,,0,0,-1001,2,2,2,,,,,
1790036360.7213988,GLOBAL_POSITION_INT,-35.361131,149.1678505,581.21,-0.503,-0.02,0.0,0.0,45.35,,,,,,,,,,,
1790036360.7225864,GPS_RAW_INT,,,,,,,,,,,,,,,,,,6,10
1790036360.7387705,ATTITUDE,,,,,,,,,,,,,,,0.0022008856758475304,0.0018433775985613465,0.791654646396637,,
1790036360.740203,RAW_IMU,,,,,,,,,0,0,-1001,2,2,2,,,,,
1790036360.7634058,ATTITUDE,,,,,,,,,,,,,,,0.002199840499088168,0.0018429610645398498,0.7916608452796936,,
1790036360.7641542,RAW_IMU,,,,,,,,,0,0,-1001,2,2,2,,,,,
1790036360.7834227,ATTITUDE,,,,,,,,,,,,,,,0.002200259594246745,0.0018418221734464169,0.7916624546051025,,
1790036360.784302,RAW_IMU,,,,,,,,,0,0,-1001,2,2,2,,,,,
1790036360.8038118,ATTITUDE,,,,,,,,,,,,,,,0.002200772287324071,0.0018432015785947442,0.791663646697998,,
1790036360.804945,RAW_IMU,,,,,,,,,0,0,-1001,2,2,2,,,,,
1790036360.823702,ATTITUDE,,,,,,,,,,,,,,,0.002201253781095147,0.0018433151999488473,0.7916667461395264,,
1790036360.825402,RAW_IMU,,,,,,,,,0,0,-1001,2,2,2,,,,,
1790036360.8261442,GLOBAL_POSITION_INT,-35.361131,149.1678505,581.21,-0.503,-0.02,0.0,0.0,45.35,,,,,,,,,,,
1790036360.8265183,GPS_RAW_INT,,,,,,,,,,,,,,,,,,6,10
1790036360.8438466,ATTITUDE,,,,,,,,,,,,,,,0.0022009231615811586,0.0018438025144860148,0.7916702032089233,,
1790036360.8452127,RAW_IMU,,,,,,,,,0,0,-1001,2,2,2,,,,,
1790036360.8586311,ATTITUDE,,,,,,,,,,,,,,,0.002202383941039443,0.0018453763332217932,0.7916772961616516,,
1790036360.8597019,RAW_IMU,,,,,,,,,0,0,-1001,2,2,2,,,,,
1790036360.898938,ATTITUDE,,,,,,,,,,,,,,,0.002204339951276779,0.0018462095176801085,0.7916768789291382,,
1790036360.9001095,RAW_IMU,,,,,,,,,0,0,-1001,2,2,2,,,,,
1790036360.9017107,ATTITUDE,,,,,,,,,,,,,,,0.0022028491366654634,0.0018458602717146277,0.7916778326034546,,
1790036360.903132,RAW_IMU,,,,,,,,,0,0,-1001,2,2,2,,,,,
1790036360.9196455,ATTITUDE,,,,,,,,,,,,,,,0.002202075207605958,0.0018423199653625488,0.7916806936264038,,
1790036360.9202266,RAW_IMU,,,,,,,,,0,0,-1001,2,2,2,,,,,
1790036360.9210105,GLOBAL_POSITION_INT,-35.361131,149.1678505,581.21,-0.503,-0.02,0.0,0.0,45.35,,,,,,,,,,,
1790036360.9219244,GPS_RAW_INT,,,,,,,,,,,,,,,,,,6,10
1790036360.9388156,ATTITUDE,,,,,,,,,,,,,,,0.0022000286262482405,0.001840820419602096,0.7916838526725769,,
1790036360.939616,RAW_IMU,,,,,,,,,0,0,-1001,2,2,2,,,,,
1790036360.9637246,ATTITUDE,,,,,,,,,,,,,,,0.0021998921874910593,0.0018388646421954036,0.7916886210441589,,
1790036360.964817,RAW_IMU,,,,,,,,,0,0,-1001,2,2,2,,,,,
1790036360.984445,ATTITUDE,,,,,,,,,,,,,,,0.0021989133674651384,0.0018362250411882997,0.7916905283927917,,
1790036360.986397,RAW_IMU,,,,,,,,,0,0,-1001,2,2,2,,,,,
1790036361.0037556,ATTITUDE,,,,,,,,,,,,,,,0.002199480077251792,0.0018353704363107681,0.7916921377182007,,
1790036361.0045636,RAW_IMU,,,,,,,,,0,0,-1001,2,2,2,,,,,
1790036361.0237799,ATTITUDE,,,,,,,,,,,,,,,0.002199278213083744,0.0018363452982157469,0.7916960716247559,,
1790036361.024639,RAW_IMU,,,,,,,,,0,0,-1001,2,2,2,,,,,
1790036361.0256495,GLOBAL_POSITION_INT,-35.361131,149.1678505,581.21,-0.503,-0.02,0.0,0.0,45.36,,,,,,,,,,,
1790036361.026048,GPS_RAW_INT,,,,,,,,,,,,,,,,,,6,10
1790036361.0437694,ATTITUDE,,,,,,,,,,,,,,,0.00220037205144763,0.0018371646292507648,0.7917003035545349,,
1790036361.045242,RAW_IMU,,,,,,,,,0,0,-1001,2,2,2,,,,,
1790036361.063712,ATTITUDE,,,,,,,,,,,,,,,0.0022013788111507893,0.0018396039959043264,0.7917067408561707,,
1790036361.0649436,RAW_IMU,,,,,,,,,0,0,-1001,2,2,2,,,,,
1790036361.0787497,ATTITUDE,,,,,,,,,,,,,,,0.002206321805715561,0.0018425937741994858,0.7917067408561707,,
1790036361.0797143,RAW_IMU,,,,,,,,,0,0,-1001,2,2,2,,,,,
1790036361.0993664,ATTITUDE,,,,,,,,,,,,,,,0.0022056123707443476,0.0018411482451483607,0.7917068600654602,,
1790036361.100318,RAW_IMU,,,,,,,,,0,0,-1001,2,2,2,,,,,
1790036361.1189897,ATTITUDE,,,,,,,,,,,,,,,0.0022033199202269316,0.0018390149343758821,0.7917104959487915,,
1790036361.120688,RAW_IMU,,,,,,,,,0,0,-1001,2,2,2,,,,,
1790036361.121787,GLOBAL_POSITION_INT,-35.361131,149.1678505,581.21,-0.503,-0.02,0.0,0.0,45.36,,,,,,,,,,,
1790036361.1226566,GPS_RAW_INT,,,,,,,,,,,,,,,,,,6,10
1790036361.1483703,ATTITUDE,,,,,,,,,,,,,,,0.002202576957643032,0.001837673014961183,0.7917144894599915,,
1790036361.1499274,RAW_IMU,,,,,,,,,0,0,-1001,2,2,2,,,,,
1790036361.159304,ATTITUDE,,,,,,,,,,,,,,,0.0022022195626050234,0.0018362891860306263,0.7917191982269287,,
1790036361.160258,RAW_IMU,,,,,,,,,0,0,-1001,2,2,2,,,,,
1790036361.1803768,ATTITUDE,,,,,,,,,,,,,,,0.002200325485318899,0.0018348454032093287,0.791718602180481,,
1790036361.1822512,RAW_IMU,,,,,,,,,0,0,-1001,2,2,2,,,,,
1790036361.1996987,ATTITUDE,,,,,,,,,,,,,,,0.0021989329252392054,0.0018331313040107489,0.7917202115058899,,
1790036361.20076,RAW_IMU,,,,,,,,,0,0,-1001,2,2,2,,,,,
1790036361.2191336,ATTITUDE,,,,,,,,,,,,,,,0.002199589041993022,0.001833575195632875,0.7917216420173645,,
1790036361.2200432,RAW_IMU,,,,,,,,,0,0,-1001,2,2,2,,,,,
1790036361.2208807,GLOBAL_POSITION_INT,-35.361131,149.1678505,581.21,-0.503,-0.02,0.0,0.0,45.36,,,,,,,,,,,
1790036361.22159,GPS_RAW_INT,,,,,,,,,,,,,,,,,,6,10
1790036361.2395797,ATTITUDE,,,,,,,,,,,,,,,0.0022008903324604034,0.0018358423840254545,0.791725218296051,,
1790036361.2407408,RAW_IMU,,,,,,,,,0,0,-1001,2,2,2,,,,,
1790036361.2597916,ATTITUDE,,,,,,,,,,,,,,,0.002202141797170043,0.0018384704599156976,0.7917315363883972,,
1790036361.2614348,RAW_IMU,,,,,,,,,0,0,-1001,2,2,2,,,,,
1790036361.2798786,ATTITUDE,,,,,,,,,,,,,,,0.0022059937473386526,0.001841777004301548,0.791731595993042,,
1790036361.2819357,RAW_IMU,,,,,,,,,0,0,-1001,2,2,2,,,,,
1790036361.3002434,ATTITUDE,,,,,,,,,,,,,,,0.0022039650939404964,0.0018399117980152369,0.7917333841323853,,
1790036361.3015635,RAW_IMU,,,,,,,,,0,0,-1001,2,2,2,,,,,
1790036361.3202538,ATTITUDE,,,,,,,,,,,,,,,0.0022027376107871532,0.0018380251713097095,0.791736364364624,,
1790036361.3212383,RAW_IMU,,,,,,,,,0,0,-1001,2,2,2,,,,,
1790036361.3223352,GLOBAL_POSITION_INT,-35.361131,149.1678505,581.21,-0.503,-0.02,0.0,0.0,45.36,,,,,,,,,,,
1790036361.323162,GPS_RAW_INT,,,,,,,,,,,,,,,,,,6,10
1790036361.3404105,ATTITUDE,,,,,,,,,,,,,,,0.002200471004471183,0.001836974872276187,0.7917408347129822,,
1790036361.3416255,RAW_IMU,,,,,,,,,0,0,-1001,2,2,2,,,,,
1790036361.3603632,ATTITUDE,,,,,,,,,,,,,,,0.0021985264029353857,0.001834814203903079,0.7917482852935791,,
1790036361.3613842,RAW_IMU,,,,,,,,,0,0,-1001,2,2,2,,,,,
1790036361.4027019,ATTITUDE,,,,,,,,,,,,,,,0.0021975284907966852,0.001835056347772479,0.7917482852935791,,
1790036361.4040954,RAW_IMU,,,,,,,,,0,0,-1001,2,2,2,,,,,
1790036361.4054644,ATTITUDE,,,,,,,,,,,,,,,0.0021962805185467005,0.001834518974646926,0.7917494773864746,,
1790036361.4063494,RAW_IMU,,,,,,,,,0,0,-1001,2,2,2,,,,,
1790036361.4221804,ATTITUDE,,,,,,,,,,,,,,,0.002198039321228862,0.001832617330364883,0.791753351688385,,
1790036361.4235952,RAW_IMU,,,,,,,,,0,0,-1001,2,2,2,,,,,
1790036361.424335,GLOBAL_POSITION_INT,-35.361131,149.1678505,581.21,-0.503,-0.02,0.0,0.0,45.36,,,,,,,,,,,
1790036361.4250677,GPS_RAW_INT,,,,,,,,,,,,,,,,,,6,10
1790036361.4424286,ATTITUDE,,,,,,,,,,,,,,,0.0021997003350406885,0.0018341465620324016,0.7917590141296387,,
1790036361.4432662,RAW_IMU,,,,,,,,,0,0,-1000,2,2,2,,,,,
1790036361.4627585,ATTITUDE,,,,,,,,,,,,,,,0.0022020034957677126,0.001836292678490281,0.7917645573616028,,
1790036361.464101,RAW_IMU,,,,,,,,,0,0,-1001,2,2,2,,,,,
1790036361.4855196,ATTITUDE,,,,,,,,,,,,,,,0.0022052417043596506,0.0018375045619904995,0.791763961315155,,
1790036361.4861262,RAW_IMU,,,,,,,,,0,0,-1001,2,2,2,,,,,
1790036361.503877,ATTITUDE,,,,,,,,,,,,,,,0.002204060321673751,0.0018359608948230743,0.7917649149894714,,
1790036361.505162,RAW_IMU,,,,,,,,,0,0,-1001,2,2,2,,,,,
1790036361.5237517,ATTITUDE,,,,,,,,,,,,,,,0.002204290824010968,0.0018337613437324762,0.7917664051055908,,
1790036361.5246098,RAW_IMU,,,,,,,,,0,0,-1001,2,2,2,,,,,
1790036361.5258737,GLOBAL_POSITION_INT,-35.361131,149.1678505,581.21,-0.503,-0.02,0.0,0.0,45.36,,,,,,,,,,,
1790036361.526263,GPS_RAW_INT,,,,,,,,,,,,,,,,,,6,10
1790036361.543889,ATTITUDE,,,,,,,,,,,,,,,0.002203144133090973,0.0018331840401515365,0.7917693853378296,,
1790036361.545186,RAW_IMU,,,,,,,,,0,0,-1001,2,2,2,,,,,
1790036361.5596094,ATTITUDE,,,,,,,,,,,,,,,0.0022010989487171173,0.0018328636651858687,0.7917737364768982,,
1790036361.5611982,RAW_IMU,,,,,,,,,0,0,-1001,2,2,2,,,,,
1790036361.579536,ATTITUDE,,,,,,,,,,,,,,,0.002200490329414606,0.0018328968435525894,0.7917734980583191,,
1790036361.5811687,RAW_IMU,,,,,,,,,0,0,-1001,2,2,2,,,,,
1790036361.5994918,ATTITUDE,,,,,,,,,,,,,,,0.0021984598133713007,0.0018318539950996637,0.7917754054069519,,
1790036361.600768,RAW_IMU,,,,,,,,,0,0,-1001,2,2,2,,,,,
1790036361.6191444,ATTITUDE,,,,,,,,,,,,,,,0.002199589041993022,0.0018314950866624713,0.791778028011322,,
1790036361.6198747,RAW_IMU,,,,,,,,,0,0,-1001,2,2,2,,,,,
1790036361.6211333,GLOBAL_POSITION_INT,-35.361131,149.1678505,581.21,-0.503,-0.02,0.0,0.0,45.36,,,,,,,,,,,
1790036361.6219592,GPS_RAW_INT,,,,,,,,,,,,,,,,,,6,10
1790036361.6529968,ATTITUDE,,,,,,,,,,,,,,,0.0022001841571182013,0.0018319401424378157,0.7917805314064026,,
1790036361.6540043,RAW_IMU,,,,,,,,,0,0,-1001,2,2,2,,,,,
1790036361.660375,ATTITUDE,,,,,,,,,,,,,,,0.002201889408752322,0.0018332288600504398,0.791785717010498,,
1790036361.6613626,RAW_IMU,,,,,,,,,0,0,-1001,2,2,2,,,,,
1790036361.6817865,ATTITUDE,,,,,,,,,,,,,,,0.002204512245953083,0.0018355901120230556,0.791785478591919,,
1790036361.6826499,RAW_IMU,,,,,,,,,0,0,-1001,2,2,2,,,,,
1790036361.7015529,ATTITUDE,,,,,,,,,,,,,,,0.0022041364572942257,0.0018331038299947977,0.7917869091033936,,
1790036361.702824,RAW_IMU,,,,,,,,,0,0,-1001,2,2,2,,,,,
1790036361.7223787,ATTITUDE,,,,,,,,,,,,,,,0.002203181153163314,0.001830554916523397,0.7917891144752502,,
1790036361.7234569,RAW_IMU,,,,,,,,,0,0,-1001,2,2,2,,,,,
1790036361.724159,GLOBAL_POSITION_INT,-35.361131,149.1678505,581.21,-0.503,-0.02,0.0,0.0,45.36,,,,,,,,,,,
1790036361.724833,GPS_RAW_INT,,,,,,,,,,,,,,,,,,6,10
1790036361.7421699,ATTITUDE,,,,,,,,,,,,,,,0.0021998677402734756,0.0018296496709808707,0.7917922735214233,,
1790036361.743132,RAW_IMU,,,,,,,,,0,0,-1001,2,2,2,,,,,
1790036361.7622457,ATTITUDE,,,,,,,,,,,,,,,0.0021984505001455545,0.001829562010243535,0.7917971611022949,,
1790036361.7632942,RAW_IMU,,,,,,,,,0,0,-1001,2,2,2,,,,,
1790036361.782695,ATTITUDE,,,,,,,,,,,,,,,0.0021979273296892643,0.001830221270211041,0.7917953133583069,,
1790036361.784455,RAW_IMU,,,,,,,,,0,0,-1001,2,2,2,,,,,
1790036361.8030374,ATTITUDE,,,,,,,,,,,,,,,0.002197002526372671,0.0018290014704689384,0.7917967438697815,,
1790036361.805033,RAW_IMU,,,,,,,,,0,0,-1001,2,2,2,,,,,
1790036361.8231168,ATTITUDE,,,,,,,,,,,,,,,0.0021955131087452173,0.0018282978562638164,0.791797935962677,,
1790036361.8241994,RAW_IMU,,,,,,,,,0,0,-1001,2,2,2,,,,,
1790036361.8248925,GLOBAL_POSITION_INT,-35.361131,149.1678505,581.21,-0.503,-0.02,0.0,0.0,45.36,,,,,,,,,,,
1790036361.8256152,GPS_RAW_INT,,,,,,,,,,,,,,,,,,6,10
1790036361.84295,ATTITUDE,,,,,,,,,,,,,,,0.0021960909944027662,0.0018288751598447561,0.7918012738227844,,
1790036361.8445854,RAW_IMU,,,,,,,,,0,0,-1001,2,2,2,,,,,
1790036361.8631089,ATTITUDE,,,,,,,,,,,,,,,0.0021976311691105366,0.0018302889075130224,0.7918067574501038,,
1790036361.8651705,RAW_IMU,,,,,,,,,0,0,-1000,2,2,2,,,,,
1790036361.905446,ATTITUDE,,,,,,,,,,,,,,,0.0021986004430800676,0.0018329034792259336,0.7918059825897217,,
1790036361.90697,RAW_IMU,,,,,,,,,0,0,-1001,2,2,2,,,,,
1790036361.9086628,ATTITUDE,,,,,,,,,,,,,,,0.0021959333680570126,0.0018322233809158206,0.7918069958686829,,
1790036361.911319,RAW_IMU,,,,,,,,,0,0,-1001,2,2,2,,,,,
1790036361.9241705,ATTITUDE,,,,,,,,,,,,,,,0.0021957054268568754,0.0018303088145330548,0.7918093204498291,,
1790036361.9257584,RAW_IMU,,,,,,,,,0,0,-1001,2,2,2,,,,,
1790036361.9264994,GLOBAL_POSITION_INT,-35.361131,149.1678505,581.21,-0.503,-0.02,0.0,0.0,45.36,,,,,,,,,,,
1790036361.9271088,GPS_RAW_INT,,,,,,,,,,,,,,,,,,6,10
1790036361.9435148,ATTITUDE,,,,,,,,,,,,,,,0.0021948565263301134,0.0018285118276253343,0.7918137311935425,,
1790036361.9451032,RAW_IMU,,,,,,,,,0,0,-1001,2,2,2,,,,,
1790036361.9635632,ATTITUDE,,,,,,,,,,,,,,,0.002193068154156208,0.001828378182835877,0.7918187975883484,,
1790036361.9651418,RAW_IMU,,,,,,,,,0,0,-1001,2,2,2,,,,,
1790036361.9838543,ATTITUDE,,,,,,,,,,,,,,,0.0021923899184912443,0.0018266573315486312,0.7918182611465454,,
1790036361.9849114,RAW_IMU,,,,,,,,,0,0,-1001,2,2,2,,,,,
1790036362.0037034,ATTITUDE,,,,,,,,,,,,,,,0.002192617394030094,0.001826562569476664,0.7918200492858887,,
1790036362.0047953,RAW_IMU,,,,,,,,,0,0,-1001,2,2,2,,,,,
1790036362.023658,ATTITUDE,,,,,,,,,,,,,,,0.002192568266764283,0.001827195635996759,0.7918221950531006,,
1790036362.025269,RAW_IMU,,,,,,,,,0,0,-1001,2,2,2,,,,,
1790036362.026414,GLOBAL_POSITION_INT,-35.361131,149.1678505,581.21,-0.503,-0.02,0.0,0.0,45.36,,,,,,,,,,,
1790036362.027085,GPS_RAW_INT,,,,,,,,,,,,,,,,,,6,10
1790036362.0436056,ATTITUDE,,,,,,,,,,,,,,,0.002192422281950712,0.0018269593128934503,0.7918246984481812,,
1790036362.0446057,RAW_IMU,,,,,,,,,0,0,-1001,2,2,2,,,,,
1790036362.0634606,ATTITUDE,,,,,,,,,,,,,,,0.0021942793391644955,0.0018299405928701162,0.7918300032615662,,
1790036362.064174,RAW_IMU,,,,,,,,,0,0,-1001,2,2,2,,,,,
1790036362.0784812,ATTITUDE,,,,,,,,,,,,,,,0.0021972216200083494,0.0018327947473153472,0.7918297052383423,,
1790036362.0797546,RAW_IMU,,,,,,,,,0,0,-1001,2,2,2,,,,,
1790036362.0993528,ATTITUDE,,,,,,,,,,,,,,,0.002197467489168048,0.0018306783167645335,0.7918309569358826,,
1790036362.101011,RAW_IMU,,,,,,,,,0,0,-1001,2,2,2,,,,,
1790036362.1192284,ATTITUDE,,,,,,,,,,,,,,,0.0021958001889288425,0.001830224646255374,0.7918351888656616,,
1790036362.1207685,RAW_IMU,,,,,,,,,0,0,-1001,2,2,2,,,,,
1790036362.1218529,GLOBAL_POSITION_INT,-35.361131,149.1678505,581.21,-0.503,-0.02,0.0,0.0,45.36,,,,,,,,,,,
1790036362.1228116,GPS_RAW_INT,,,,,,,,,,,,,,,,,,6,10
1790036362.152813,ATTITUDE,,,,,,,,,,,,,,,0.0021936793345957994,0.0018280567601323128,0.7918387651443481,,
1790036362.1534534,RAW_IMU,,,,,,,,,0,0,-1001,2,2,2,,,,,
1790036362.1600394,ATTITUDE,,,,,,,,,,,,,,,0.002192525425925851,0.0018269680440425873,0.7918431758880615,,
1790036362.1617165,RAW_IMU,,,,,,,,,0,0,-1001,2,2,2,,,,,
1790036362.1802497,ATTITUDE,,,,,,,,,,,,,,,0.0021905747707933187,0.0018261969089508057,0.7918424010276794,,
1790036362.1815524,RAW_IMU,,,,,,,,,0,0,-1001,2,2,2,,,,,
1790036362.2000535,ATTITUDE,,,,,,,,,,,,,,,0.0021901202853769064,0.0018256737384945154,0.7918437123298645,,
1790036362.2015843,RAW_IMU,,,,,,,,,0,0,-1001,2,2,2,,,,,
1790036362.2199512,ATTITUDE,,,,,,,,,,,,,,,0.0021898727864027023,0.0018246216932311654,0.7918462157249451,,
1790036362.221,RAW_IMU,,,,,,,,,0,0,-1001,2,2,2,,,,,
1790036362.2223895,GLOBAL_POSITION_INT,-35.361131,149.1678505,581.21,-0.503,-0.02,0.0,0.0,45.36,,,,,,,,,,,
1790036362.2234297,GPS_RAW_INT,,,,,,,,,,,,,,,,,,6,10
1790036362.2408376,ATTITUDE,,,,,,,,,,,,,,,0.002192097483202815,0.0018267037812620401,0.7918499112129211,,
1790036362.2423675,RAW_IMU,,,,,,,,,0,0,-1001,2,2,2,,,,,
1790036362.261197,ATTITUDE,,,,,,,,,,,,,,,0.002194782253354788,0.001826636609621346,0.7918543815612793,,
1790036362.2631621,RAW_IMU,,,,,,,,,0,0,-1001,2,2,2,,,,,
1790036362.2832396,ATTITUDE,,,,,,,,,,,,,,,0.0021953892428427935,0.0018287431448698044,0.7918542623519897,,
1790036362.2853487,RAW_IMU,,,,,,,,,0,0,-1001,2,2,2,,,,,
1790036362.3035998,ATTITUDE,,,,,,,,,,,,,,,0.00219380808994174,0.0018273387104272842,0.7918551564216614,,
1790036362.3049536,RAW_IMU,,,,,,,,,0,0,-1001,2,2,2,,,,,
1790036362.3189197,ATTITUDE,,,,,,,,,,,,,,,0.002191630657762289,0.0018248717533424497,0.7918569445610046,,
1790036362.3207092,RAW_IMU,,,,,,,,,0,0,-1001,2,2,2,,,,,
1790036362.3220112,GLOBAL_POSITION_INT,-35.361131,149.1678505,581.21,-0.503,-0.02,0.0,0.0,45.37,,,,,,,,,,,
1790036362.3230958,GPS_RAW_INT,,,,,,,,,,,,,,,,,,6,10
1790036362.3392675,ATTITUDE,,,,,,,,,,,,,,,0.002190885366871953,0.0018224085215479136,0.7918595671653748,,
1790036362.3410642,RAW_IMU,,,,,,,,,0,0,-1001,2,2,2,,,,,
1790036362.3601758,ATTITUDE,,,,,,,,,,,,,,,0.002189322840422392,0.0018209702102467418,0.7918652892112732,,
1790036362.3622975,RAW_IMU,,,,,,,,,0,0,-1001,2,2,2,,,,,
1790036362.403182,ATTITUDE,,,,,,,,,,,,,,,0.0021879097912460566,0.0018203502986580133,0.7918651700019836,,
1790036362.4042547,RAW_IMU,,,,,,,,,0,0,-1001,2,2,2,,,,,
1790036362.4060266,ATTITUDE,,,,,,,,,,,,,,,0.002186163794249296,0.001819116179831326,0.7918658256530762,,
1790036362.407358,RAW_IMU,,,,,,,,,0,0,-1001,2,2,2,,,,,
1790036362.4217706,ATTITUDE,,,,,,,,,,,,,,,0.0021866075694561005,0.0018201401690021157,0.7918685078620911,,
1790036362.4233398,RAW_IMU,,,,,,,,,0,0,-1001,2,2,2,,,,,
1790036362.4246254,GLOBAL_POSITION_INT,-35.361131,149.1678505,581.21,-0.503,-0.02,0.0,0.0,45.37,,,,,,,,,,,
1790036362.4257188,GPS_RAW_INT,,,,,,,,,,,,,,,,,,6,10
1790036362.4431973,ATTITUDE,,,,,,,,,,,,,,,0.0021862389985471964,0.0018226952524855733,0.7918717265129089,,
1790036362.4442537,RAW_IMU,,,,,,,,,0,0,-1001,2,2,2,,,,,
1790036362.4642625,ATTITUDE,,,,,,,,,,,,,,,0.002189797814935446,0.001825616229325533,0.7918767333030701,,
1790036362.4651918,RAW_IMU,,,,,,,,,0,0,-1001,2,2,2,,,,,
1790036362.479194,ATTITUDE,,,,,,,,,,,,,,,0.0021923475433140993,0.0018309730803593993,0.7918757200241089,,
1790036362.4806607,RAW_IMU,,,,,,,,,0,0,-1001,2,2,2,,,,,
1790036362.503753,ATTITUDE,,,,,,,,,,,,,,,0.0021911782678216696,0.001829984481446445,0.7918756008148193,,
1790036362.5052338,RAW_IMU,,,,,,,,,0,0,-1001,2,2,2,,,,,
1790036362.5234857,ATTITUDE,,,,,,,,,,,,,,,0.002190597588196397,0.0018276722403243184,0.7918774485588074,,
1790036362.5244749,RAW_IMU,,,,,,,,,0,0,-1001,2,2,2,,,,,
1790036362.5253336,GLOBAL_POSITION_INT,-35.361131,149.1678505,581.21,-0.503,-0.02,0.0,0.0,45.37,,,,,,,,,,,
1790036362.5261743,GPS_RAW_INT,,,,,,,,,,,,,,,,,,6,10
1790036362.5436654,ATTITUDE,,,,,,,,,,,,,,,0.0021914246026426554,0.0018269922584295273,0.7918822765350342,,
1790036362.544846,RAW_IMU,,,,,,,,,0,0,-1001,2,2,2,,,,,
1790036362.5636466,ATTITUDE,,,,,,,,,,,,,,,0.002191353589296341,0.001826295629143715,0.7918886542320251,,
1790036362.564542,RAW_IMU,,,,,,,,,0,0,-1001,2,2,2,,,,,
1790036362.5837212,ATTITUDE,,,,,,,,,,,,,,,0.00219113496132195,0.0018257010960951447,0.7918894290924072,,
1790036362.585497,RAW_IMU,,,,,,,,,0,0,-1000,2,2,2,,,,,
1790036362.6033447,ATTITUDE,,,,,,,,,,,,,,,0.00219177408143878,0.0018264424288645387,0.7918909192085266,,
1790036362.6043365,RAW_IMU,,,,,,,,,0,0,-1001,2,2,2,,,,,
1790036362.6233823,ATTITUDE,,,,,,,,,,,,,,,0.002192963846027851,0.0018272108864039183,0.7918931841850281,,
1790036362.6243384,RAW_IMU,,,,,,,,,0,0,-1001,2,2,2,,,,,
1790036362.625677,GLOBAL_POSITION_INT,-35.361131,149.1678505,581.21,-0.503,-0.02,0.0,0.0,45.37,,,,,,,,,,,
1790036362.6266246,GPS_RAW_INT,,,,,,,,,,,,,,,,,,6,10
1790036362.6492646,ATTITUDE,,,,,,,,,,,,,,,0.0021938877180218697,0.001828238251619041,0.7918974757194519,,
1790036362.651032,RAW_IMU,,,,,,,,,0,0,-1001,2,2,2,,,,,
1790036362.6637018,ATTITUDE,,,,,,,,,,,,,,,0.0021946681663393974,0.0018301409436389804,0.7919018864631653,,
1790036362.6650267,RAW_IMU,,,,,,,,,0,0,-1001,2,2,2,,,,,
1790036362.683593,ATTITUDE,,,,,,,,,,,,,,,0.002197177615016699,0.0018333571497350931,0.7919021248817444,,
1790036362.6853452,RAW_IMU,,,,,,,,,0,0,-1001,2,2,2,,,,,
1790036362.7033875,ATTITUDE,,,,,,,,,,,,,,,0.0021958923898637295,0.0018308806465938687,0.7919039726257324,,
1790036362.7038581,RAW_IMU,,,,,,,,,0,0,-1001,2,2,2,,,,,
1790036362.7234592,ATTITUDE,,,,,,,,,,,,,,,0.0021920492872595787,0.0018295111367478967,0.7919057011604309,,
1790036362.724381,RAW_IMU,,,,,,,,,0,0,-1001,2,2,2,,,,,
1790036362.7257323,GLOBAL_POSITION_INT,-35.361131,149.1678505,581.21,-0.503,-0.02,0.0,0.0,45.37,,,,,,,,,,,
1790036362.7262056,GPS_RAW_INT,,,,,,,,,,,,,,,,,,6,10
1790036362.73886,ATTITUDE,,,,,,,,,,,,,,,0.0021906117908656597,0.0018276793416589499,0.7919091582298279,,
1790036362.7406228,RAW_IMU,,,,,,,,,0,0,-1001,2,2,2,,,,,
1790036362.764456,ATTITUDE,,,,,,,,,,,,,,,0.0021892241202294827,0.0018259765347465873,0.791913628578186,,
1790036362.7655983,RAW_IMU,,,,,,,,,0,0,-1001,2,2,2,,,,,
1790036362.7848918,ATTITUDE,,,,,,,,,,,,,,,0.0021881971042603254,0.0018252339214086533,0.7919138669967651,,
1790036362.7862678,RAW_IMU,,,,,,,,,0,0,-1001,2,2,2,,,,,
1790036362.8044462,ATTITUDE,,,,,,,,,,,,,,,0.002188031794503331,0.0018257516203448176,0.7919158935546875,,
1790036362.8058023,RAW_IMU,,,,,,,,,0,0,-1001,2,2,2,,,,,
1790036362.8243487,ATTITUDE,,,,,,,,,,,,,,,0.002186594530940056,0.0018253334565088153,0.7919192910194397,,
1790036362.8260112,RAW_IMU,,,,,,,,,0,0,-1001,2,2,2,,,,,
1790036362.8270326,GLOBAL_POSITION_INT,-35.361131,149.1678505,581.21,-0.503,-0.02,0.0,0.0,45.37,,,,,,,,,,,
1790036362.8279078,GPS_RAW_INT,,,,,,,,,,,,,,,,,,6,10
1790036362.8443732,ATTITUDE,,,,,,,,,,,,,,,0.0021881884895265102,0.0018272165907546878,0.791923463344574,,
1790036362.845957,RAW_IMU,,,,,,,,,0,0,-1001,2,2,2,,,,,
1790036362.864418,ATTITUDE,,,,,,,,,,,,,,,0.0021910639479756355,0.0018298953073099256,0.7919268608093262,,
1790036362.8658736,RAW_IMU,,,,,,,,,0,0,-1001,2,2,2,,,,,
1790036362.904325,ATTITUDE,,,,,,,,,,,,,,,0.002194387372583151,0.0018339152447879314,0.791927695274353,,
1790036362.9056523,RAW_IMU,,,,,,,,,0,0,-1001,2,2,2,,,,,
1790036362.9074473,ATTITUDE,,,,,,,,,,,,,,,0.002191302366554737,0.0018321763491258025,0.791930079460144,,
1790036362.9085133,RAW_IMU,,,,,,,,,0,0,-1001,2,2,2,,,,,
1790036362.9198527,ATTITUDE,,,,,,,,,,,,,,,0.002188719343394041,0.0018295381451025605,0.7919332385063171,,
1790036362.9207532,RAW_IMU,,,,,,,,,0,0,-1001,2,2,2,,,,,
1790036362.922024,GLOBAL_POSITION_INT,-35.361131,149.1678505,581.21,-0.503,-0.02,0.0,0.0,45.37,,,,,,,,,,,
1790036362.9233382,GPS_RAW_INT,,,,,,,,,,,,,,,,,,6,10
1790036362.9400153,ATTITUDE,,,,,,,,,,,,,,,0.0021886592730879784,0.0018270269501954317,0.7919371724128723,,
1790036362.9414277,RAW_IMU,,,,,,,,,0,0,-1001,2,2,2,,,,,
1790036362.964016,ATTITUDE,,,,,,,,,,,,,,,0.0021872473880648613,0.001826007734052837,0.7919418215751648,,
1790036362.965056,RAW_IMU,,,,,,,,,0,0,-1001,2,2,2,,,,,
1790036362.9832282,ATTITUDE,,,,,,,,,,,,,,,0.0021865065209567547,0.00182588049210608,0.7919405102729797,,
1790036362.9839294,RAW_IMU,,,,,,,,,0,0,-1001,2,2,2,,,,,
1790036363.001539,ATTITUDE,,,,,,,,,,,,,,,0.002186634810641408,0.0018247447442263365,0.7919427156448364,,
1790036363.002753,RAW_IMU,,,,,,,,,0,0,-1001,2,2,2,,,,,
1790036363.0215545,ATTITUDE,,,,,,,,,,,,,,,0.00218756846152246,0.0018237830372527242,0.7919439673423767,,
1790036363.0226297,RAW_IMU,,,,,,,,,0,0,-1001,2,2,2,,,,,
1790036363.0236852,GLOBAL_POSITION_INT,-35.361131,149.1678505,581.21,-0.503,-0.02,0.0,0.0,45.37,,,,,,,,,,,
1790036363.024558,GPS_RAW_INT,,,,,,,,,,,,,,,,,,6,10
1790036363.0414584,ATTITUDE,,,,,,,,,,,,,,,0.0021887437906116247,0.0018248300766572356,0.7919480800628662,,
1790036363.0425208,RAW_IMU,,,,,,,,,0,0,-1001,2,2,2,,,,,
1790036363.0617206,ATTITUDE,,,,,,,,,,,,,,,0.002190726576372981,0.0018260783981531858,0.791953444480896,,
1790036363.0633001,RAW_IMU,,,,,,,,,0,0,-1001,2,2,2,,,,,
1790036363.0823684,ATTITUDE,,,,,,,,,,,,,,,0.0021919042337685823,0.0018295691115781665,0.791954517364502,,
1790036363.0833292,RAW_IMU,,,,,,,,,0,0,-1001,2,2,2,,,,,
1790036363.1021476,ATTITUDE,,,,,,,,,,,,,,,0.002190512605011463,0.001827963162213564,0.7919527888298035,,
1790036363.1037312,RAW_IMU,,,,,,,,,0,0,-1001,2,2,2,,,,,
1790036363.1222005,ATTITUDE,,,,,,,,,,,,,,,0.002188545884564519,0.0018249046988785267,0.7919557690620422,,
1790036363.1235218,RAW_IMU,,,,,,,,,0,0,-1001,2,2,2,,,,,
1790036363.1241424,GLOBAL_POSITION_INT,-35.361131,149.1678505,581.21,-0.503,-0.02,0.0,0.0,45.37,,,,,,,,,,,
1790036363.1251166,GPS_RAW_INT,,,,,,,,,,,,,,,,,,6,10
1790036363.1478755,ATTITUDE,,,,,,,,,,,,,,,0.0021866089664399624,0.001824424834921956,0.7919595241546631,,
1790036363.148853,RAW_IMU,,,,,,,,,0,0,-1001,2,2,2,,,,,
1790036363.1626904,ATTITUDE,,,,,,,,,,,,,,,0.002186813624575734,0.001823277911171317,0.7919638752937317,,
1790036363.1644864,RAW_IMU,,,,,,,,,0,0,-1001,2,2,2,,,,,
1790036363.1831684,ATTITUDE,,,,,,,,,,,,,,,0.002186802914366126,0.0018222106155008078,0.7919636964797974,,
1790036363.1841507,RAW_IMU,,,,,,,,,0,0,-1001,2,2,2,,,,,
1790036363.2036238,ATTITUDE,,,,,,,,,,,,,,,0.0021883007138967514,0.0018226346001029015,0.7919638156890869,,
1790036363.2051418,RAW_IMU,,,,,,,,,0,0,-1001,2,2,2,,,,,
1790036363.2237208,ATTITUDE,,,,,,,,,,,,,,,0.0021894187666475773,0.0018224416999146342,0.7919666767120361,,
1790036363.2249877,RAW_IMU,,,,,,,,,0,0,-1001,2,2,2,,,,,
1790036363.2259552,GLOBAL_POSITION_INT,-35.361131,149.1678505,581.21,-0.503,-0.02,0.0,0.0,45.37,,,,,,,,,,,
1790036363.226742,GPS_RAW_INT,,,,,,,,,,,,,,,,,,6,10
1790036363.2437196,ATTITUDE,,,,,,,,,,,,,,,0.0021917212288826704,0.0018245213432237506,0.791970431804657,,
1790036363.2446773,RAW_IMU,,,,,,,,,0,0,-1001,2,2,2,,,,,
1790036363.2636025,ATTITUDE,,,,,,,,,,,,,,,0.002194102620705962,0.0018255558097735047,0.7919726371765137,,
1790036363.2646887,RAW_IMU,,,,,,,,,0,0,-1001,2,2,2,,,,,
1790036363.2836165,ATTITUDE,,,,,,,,,,,,,,,0.0021969948429614305,0.0018280004151165485,0.7919713258743286,,
1790036363.2846718,RAW_IMU,,,,,,,,,0,0,-1001,2,2,2,,,,,
1790036363.3037546,ATTITUDE,,,,,,,,,,,,,,,0.0021944213658571243,0.001825673971325159,0.7919735312461853,,
1790036363.3046966,RAW_IMU,,,,,,,,,0,0,-1001,2,2,2,,,,,
1790036363.3234906,ATTITUDE,,,,,,,,,,,,,,,0.002193274674937129,0.0018246787367388606,0.7919775247573853,,
1790036363.3251367,RAW_IMU,,,,,,,,,0,0,-1001,2,2,2,,,,,
1790036363.3262906,GLOBAL_POSITION_INT,-35.361131,149.1678505,581.21,-0.503,-0.02,0.0,0.0,45.37,,,,,,,,,,,
1790036363.327329,GPS_RAW_INT,,,,,,,,,,,,,,,,,,6,10
1790036363.3435473,ATTITUDE,,,,,,,,,,,,,,,0.0021929980721324682,0.001822745194658637,0.791979968547821,,
1790036363.3454485,RAW_IMU,,,,,,,,,0,0,-1001,2,2,2,,,,,
1790036363.3636935,ATTITUDE,,,,,,,,,,,,,,,0.0021922006271779537,0.0018221585778519511,0.7919847965240479,,
1790036363.3651702,RAW_IMU,,,,,,,,,0,0,-1001,2,2,2,,,,,
1790036363.4000359,ATTITUDE,,,,,,,,,,,,,,,0.002191623207181692,0.0018210617126896977,0.7919841408729553,,
1790036363.4008567,RAW_IMU,,,,,,,,,0,0,-1001,2,2,2,,,,,
1790036363.4030871,ATTITUDE,,,,,,,,,,,,,,,0.002193138701841235,0.0018206783570349216,0.7919848561286926,,
1790036363.4048002,RAW_IMU,,,,,,,,,0,0,-1001,2,2,2,,,,,
1790036363.420884,ATTITUDE,,,,,,,,,,,,,,,0.0021926984190940857,0.0018217586912214756,0.7919871807098389,,
1790036363.4224865,RAW_IMU,,,,,,,,,0,0,-1001,2,2,2,,,,,
1790036363.423259,GLOBAL_POSITION_INT,-35.361131,149.1678505,581.21,-0.503,-0.02,0.0,0.0,45.37,,,,,,,,,,,
1790036363.4240332,GPS_RAW_INT,,,,,,,,,,,,,,,,,,6,10
1790036363.4406562,ATTITUDE,,,,,,,,,,,,,,,0.002193928463384509,0.0018242084188386798,0.7919910550117493,,
1790036363.4422297,RAW_IMU,,,,,,,,,0,0,-1001,2,2,2,,,,,
1790036363.4612548,ATTITUDE,,,,,,,,,,,,,,,0.0021949191577732563,0.0018267629202455282,0.7919960618019104,,
1790036363.463794,RAW_IMU,,,,,,,,,0,0,-1001,2,2,2,,,,,
1790036363.4821012,ATTITUDE,,,,,,,,,,,,,,,0.0021980004385113716,0.0018283321987837553,0.7919961810112,,
1790036363.483926,RAW_IMU,,,,,,,,,0,0,-1001,2,2,2,,,,,
1790036363.5022247,ATTITUDE,,,,,,,,,,,,,,,0.0021965024061501026,0.0018255469622090459,0.7919992208480835,,
1790036363.5041943,RAW_IMU,,,,,,,,,0,0,-1001,2,2,2,,,,,
1790036363.5221944,ATTITUDE,,,,,,,,,,,,,,,0.002194296568632126,0.0018236750038340688,0.7920023202896118,,
1790036363.5230823,RAW_IMU,,,,,,,,,0,0,-1001,2,2,2,,,,,
1790036363.523498,GLOBAL_POSITION_INT,-35.361131,149.1678505,581.21,-0.503,-0.02,0.0,0.0,45.37,,,,,,,,,,,
1790036363.5239472,GPS_RAW_INT,,,,,,,,,,,,,,,,,,6,10
1790036363.5420213,ATTITUDE,,,,,,,,,,,,,,,0.002192565705627203,0.0018239134224131703,0.7920075058937073,,
1790036363.5429158,RAW_IMU,,,,,,,,,0,0,-1001,2,2,2,,,,,
1790036363.5627804,ATTITUDE,,,,,,,,,,,,,,,0.0021909333299845457,0.0018220435595139861,0.7920114398002625,,
1790036363.5644116,RAW_IMU,,,,,,,,,0,0,-1001,2,2,2,,,,,
1790036363.5831604,ATTITUDE,,,,,,,,,,,,,,,0.0021905533503741026,0.0018211124697700143,0.7920107841491699,,
1790036363.5845044,RAW_IMU,,,,,,,,,0,0,-1001,2,2,2,,,,,
1790036363.6038318,ATTITUDE,,,,,,,,,,,,,,,0.002191836480051279,0.0018221307545900345,0.7920125722885132,,
1790036363.6049464,RAW_IMU,,,,,,,,,0,0,-1001,2,2,2,,,,,
1790036363.6240072,ATTITUDE,,,,,,,,,,,,,,,0.0021907873451709747,0.0018219111952930689,0.7920152544975281,,
1790036363.625233,RAW_IMU,,,,,,,,,0,0,-1001,2,2,2,,,,,
1790036363.626042,GLOBAL_POSITION_INT,-35.361131,149.1678505,581.21,-0.503,-0.02,0.0,0.0,45.37,,,,,,,,,,,
1790036363.6266816,GPS_RAW_INT,,,,,,,,,,,,,,,,,,6,10
1790036363.6499023,ATTITUDE,,,,,,,,,,,,,,,0.0021920716390013695,0.001822462072595954,0.7920178174972534,,
1790036363.6510842,RAW_IMU,,,,,,,,,0,0,-1001,2,2,2,,,,,
1790036363.6597192,ATTITUDE,,,,,,,,,,,,,,,0.0021930525545030832,0.0018249668646603823,0.7920222878456116,,
1790036363.6605988,RAW_IMU,,,,,,,,,0,0,-1001,2,2,2,,,,,
1790036363.6811514,ATTITUDE,,,,,,,,,,,,,,,0.0021965480409562588,0.0018281793454661965,0.7920207977294922,,
1790036363.6834967,RAW_IMU,,,,,,,,,0,0,-1001,2,2,2,,,,,
1790036363.7012768,ATTITUDE,,,,,,,,,,,,,,,0.00219501624815166,0.001827243366278708,0.7920210361480713,,
1790036363.7026978,RAW_IMU,,,,,,,,,0,0,-1001,2,2,2,,,,,
1790036363.7215114,ATTITUDE,,,,,,,,,,,,,,,0.0021927880588918924,0.0018255130853503942,0.792025625705719,,
1790036363.723184,RAW_IMU,,,,,,,,,0,0,-1001,2,2,2,,,,,
1790036363.723884,GLOBAL_POSITION_INT,-35.361131,149.1678505,581.21,-0.503,-0.02,0.0,0.0,45.37,,,,,,,,,,,
1790036363.724543,GPS_RAW_INT,,,,,,,,,,,,,,,,,,6,10
1790036363.741576,ATTITUDE,,,,,,,,,,,,,,,0.0021918928250670433,0.0018248046981170774,0.7920299172401428,,
1790036363.742888,RAW_IMU,,,,,,,,,0,0,-1001,2,2,2,,,,,
1790036363.7620685,ATTITUDE,,,,,,,,,,,,,,,0.00219077174551785,0.0018229682464152575,0.7920336127281189,,
1790036363.7636209,RAW_IMU,,,,,,,,,0,0,-1001,2,2,2,,,,,
1790036363.7821763,ATTITUDE,,,,,,,,,,,,,,,0.002192023443058133,0.0018239892087876797,0.7920337319374084,,
1790036363.784014,RAW_IMU,,,,,,,,,0,0,-1001,2,2,2,,,,,
1790036363.801981,ATTITUDE,,,,,,,,,,,,,,,0.002192246960476041,0.0018241385696455836,0.7920345664024353,,
1790036363.8032217,RAW_IMU,,,,,,,,,0,0,-1001,2,2,2,,,,,
1790036363.8219235,ATTITUDE,,,,,,,,,,,,,,,0.0021929056383669376,0.0018234926974400878,0.7920376062393188,,
1790036363.8228588,RAW_IMU,,,,,,,,,0,0,-1001,2,2,2,,,,,
1790036363.8239875,GLOBAL_POSITION_INT,-35.361131,149.1678505,581.21,-0.503,-0.02,0.0,0.0,45.38,,,,,,,,,,,
1790036363.8249922,GPS_RAW_INT,,,,,,,,,,,,,,,,,,6,10
1790036363.8420014,ATTITUDE,,,,,,,,,,,,,,,0.0021925412584096193,0.0018243505619466305,0.7920404672622681,,
1790036363.8428528,RAW_IMU,,,,,,,,,0,0,-1001,2,2,2,,,,,
1790036363.8618119,ATTITUDE,,,,,,,,,,,,,,,0.002194928005337715,0.0018273916793987155,0.7920451164245605,,
1790036363.8628023,RAW_IMU,,,,,,,,,0,0,-1001,2,2,2,,,,,
1790036363.9000442,ATTITUDE,,,,,,,,,,,,,,,0.0021968644578009844,0.001830528606660664,0.7920442223548889,,
1790036363.9006076,RAW_IMU,,,,,,,,,0,0,-1001,2,2,2,,,,,
1790036363.9026847,ATTITUDE,,,,,,,,,,,,,,,0.0021957512944936752,0.0018280749209225178,0.7920440435409546,,
1790036363.9038734,RAW_IMU,,,,,,,,,0,0,-1001,2,2,2,,,,,
1790036363.923488,ATTITUDE,,,,,,,,,,,,,,,0.0021923831664025784,0.001826672232709825,0.7920478582382202,,
1790036363.9246364,RAW_IMU,,,,,,,,,0,0,-1001,2,2,2,,,,,
1790036363.925408,GLOBAL_POSITION_INT,-35.361131,149.1678505,581.21,-0.503,-0.02,0.0,0.0,45.38,,,,,,,,,,,
1790036363.925878,GPS_RAW_INT,,,,,,,,,,,,,,,,,,6,10
1790036363.9434311,ATTITUDE,,,,,,,,,,,,,,,0.0021915012039244175,0.0018256672192364931,0.7920530438423157,,
1790036363.944909,RAW_IMU,,,,,,,,,0,0,-1001,2,2,2,,,,,
1790036363.9636219,ATTITUDE,,,,,,,,,,,,,,,0.0021913342643529177,0.001824627281166613,0.7920571565628052,,
1790036363.964934,RAW_IMU,,,,,,,,,0,0,-1001,2,2,2,,,,,
1790036363.9836996,ATTITUDE,,,,,,,,,,,,,,,0.0021916688419878483,0.0018249296117573977,0.7920565605163574,,
1790036363.985068,RAW_IMU,,,,,,,,,0,0,-1001,2,2,2,,,,,
1790036364.004013,ATTITUDE,,,,,,,,,,,,,,,0.0021921428851783276,0.0018241661600768566,0.7920584082603455,,
1790036364.005772,RAW_IMU,,,,,,,,,0,0,-1001,2,2,2,,,,,
1790036364.0240252,ATTITUDE,,,,,,,,,,,,,,,0.0021921731531620026,0.0018257744377478957,0.7920618653297424,,
1790036364.0255537,RAW_IMU,,,,,,,,,0,0,-1001,2,2,2,,,,,
1790036364.0266886,GLOBAL_POSITION_INT,-35.361131,149.1678505,581.21,-0.503,-0.02,0.0,0.0,45.38,,,,,,,,,,,
1790036364.0277398,GPS_RAW_INT,,,,,,,,,,,,,,,,,,6,10
1790036364.043939,ATTITUDE,,,,,,,,,,,,,,,0.002193076303228736,0.0018282313831150532,0.7920663952827454,,
1790036364.0448353,RAW_IMU,,,,,,,,,0,0,-1001,2,2,2,,,,,
1790036364.0599198,ATTITUDE,,,,,,,,,,,,,,,0.002195602748543024,0.0018286278937011957,0.7920700311660767,,
1790036364.0616333,RAW_IMU,,,,,,,,,0,0,-1001,2,2,2,,,,,
1790036364.0817332,ATTITUDE,,,,,,,,,,,,,,,0.002198170404881239,0.001833090209402144,0.792070209980011,,
1790036364.0829442,RAW_IMU,,,,,,,,,0,0,-1001,2,2,2,,,,,
1790036364.1029694,ATTITUDE,,,,,,,,,,,,,,,0.002197335474193096,0.001832330017350614,0.7920722961425781,,
1790036364.1043372,RAW_IMU,,,,,,,,,0,0,-1001,2,2,2,,,,,
1790036364.123101,ATTITUDE,,,,,,,,,,,,,,,0.002194531261920929,0.0018312819302082062,0.7920781373977661,,
1790036364.1244934,RAW_IMU,,,,,,,,,0,0,-1001,2,2,2,,,,,
1790036364.125746,GLOBAL_POSITION_INT,-35.361131,149.1678505,581.21,-0.503,-0.02,0.0,0.0,45.38,,,,,,,,,,,
1790036364.1264758,GPS_RAW_INT,,,,,,,,,,,,,,,,,,6,10
1790036364.155492,ATTITUDE,,,,,,,,,,,,,,,0.00219369656406343,0.001829763874411583,0.7920828461647034,,
1790036364.156749,RAW_IMU,,,,,,,,,0,0,-1001,2,2,2,,,,,
1790036364.1590078,ATTITUDE,,,,,,,,,,,,,,,0.0021934916730970144,0.0018294119508937001,0.7920868396759033,,
1790036364.1603746,RAW_IMU,,,,,,,,,0,0,-1001,2,2,2,,,,,
1790036364.179506,ATTITUDE,,,,,,,,,,,,,,,0.00219197035767138,0.0018298802897334099,0.7920863628387451,,
1790036364.1812022,RAW_IMU,,,,,,,,,0,0,-1001,2,2,2,,,,,
1790036364.1992402,ATTITUDE,,,,,,,,,,,,,,,0.0021910497453063726,0.0018303801771253347,0.7920883893966675,,
1790036364.2011092,RAW_IMU,,,,,,,,,0,0,-1001,2,2,2,,,,,
1790036364.2244475,ATTITUDE,,,,,,,,,,,,,,,0.0021923971362411976,0.0018299930961802602,0.7920914888381958,,
1790036364.2258859,RAW_IMU,,,,,,,,,0,0,-1001,2,2,2,,,,,
1790036364.2267454,GLOBAL_POSITION_INT,-35.361131,149.1678505,581.21,-0.503,-0.02,0.0,0.0,45.38,,,,,,,,,,,
1790036364.2275329,GPS_RAW_INT,,,,,,,,,,,,,,,,,,6,10
1790036364.2436197,ATTITUDE,,,,,,,,,,,,,,,0.0021951282396912575,0.0018301596865057945,0.7920952439308167,,
1790036364.2445946,RAW_IMU,,,,,,,,,0,0,-1001,2,2,2,,,,,
1790036364.2610278,ATTITUDE,,,,,,,,,,,,,,,0.0021975459530949593,0.0018337098881602287,0.7920997142791748,,
1790036364.2615294,RAW_IMU,,,,,,,,,0,0,-1001,2,2,2,,,,,
1790036364.279364,ATTITUDE,,,,,,,,,,,,,,,0.0022026814986020327,0.0018352237530052662,0.7920994758605957,,
1790036364.2797565,RAW_IMU,,,,,,,,,0,0,-1001,2,2,2,,,,,
1790036364.3018296,ATTITUDE,,,,,,,,,,,,,,,0.0022024796344339848,0.001834316411986947,0.7921006083488464,,
1790036364.3021982,RAW_IMU,,,,,,,,,0,0,-1001,2,2,2,,,,,
1790036364.3192933,ATTITUDE,,,,,,,,,,,,,,,0.002200633054599166,0.0018313577165827155,0.7921031713485718,,
1790036364.3199933,RAW_IMU,,,,,,,,,0,0,-1001,2,2,2,,,,,
1790036364.3203208,GLOBAL_POSITION_INT,-35.361131,149.1678505,581.21,-0.503,-0.02,0.0,0.0,45.38,,,,,,,,,,,
1790036364.320713,GPS_RAW_INT,,,,,,,,,,,,,,,,,,6,10
1790036364.342527,ATTITUDE,,,,,,,,,,,,,,,0.00220095063559711,0.0018297981005162,0.7921076416969299,,
1790036364.342982,RAW_IMU,,,,,,,,,0,0,-1001,2,2,2,,,,,
1790036364.360211,ATTITUDE,,,,,,,,,,,,,,,0.0021997031290084124,0.0018285216065123677,0.7921112775802612,,
1790036364.3607364,RAW_IMU,,,,,,,,,0,0,-1001,2,2,2,,,,,
1790036364.391332,ATTITUDE,,,,,,,,,,,,,,,0.0021978369913995266,0.0018275958718732,0.7921102046966553,,
1790036364.3917117,RAW_IMU,,,,,,,,,0,0,-1001,2,2,2,,,,,
1790036364.4010944,ATTITUDE,,,,,,,,,,,,,,,0.0021975459530949593,0.0018277284689247608,0.7921118140220642,,
1790036364.4018953,RAW_IMU,,,,,,,,,0,0,-1001,2,2,2,,,,,
1790036364.4187474,ATTITUDE,,,,,,,,,,,,,,,0.002197244670242071,0.0018281356897205114,0.7921146750450134,,
1790036364.4191277,RAW_IMU,,,,,,,,,0,0,-1001,2,2,2,,,,,
1790036364.4195766,GLOBAL_POSITION_INT,-35.361131,149.1678505,581.21,-0.503,-0.02,0.0,0.0,45.38,,,,,,,,,,,
1790036364.4198923,GPS_RAW_INT,,,,,,,,,,,,,,,,,,6,10
1790036364.4418626,ATTITUDE,,,,,,,,,,,,,,,0.002198874717578292,0.0018285864498466253,0.792117714881897,,
1790036364.4425666,RAW_IMU,,,,,,,,,0,0,-1001,2,2,2,,,,,
1790036364.45949,ATTITUDE,,,,,,,,,,,,,,,0.002201362047344446,0.001831559231504798,0.7921233773231506,,
1790036364.4602027,RAW_IMU,,,,,,,,,0,0,-1001,2,2,2,,,,,
1790036364.4791324,ATTITUDE,,,,,,,,,,,,,,,0.002203654032200575,0.0018340093083679676,0.7921244502067566,,
1790036364.4798048,RAW_IMU,,,,,,,,,0,0,-1001,2,2,2,,,,,
1790036364.5025814,ATTITUDE,,,,,,,,,,,,,,,0.002201537601649761,0.0018326909048482776,0.7921247482299805,,
1790036364.5032659,RAW_IMU,,,,,,,,,0,0,-1001,2,2,2,,,,,
1790036364.520246,ATTITUDE,,,,,,,,,,,,,,,0.002199912443757057,0.0018319293158128858,0.7921261191368103,,
1790036364.5209346,RAW_IMU,,,,,,,,,0,0,-1001,2,2,2,,,,,
1790036364.5212796,GLOBAL_POSITION_INT,-35.361131,149.1678505,581.21,-0.503,-0.02,0.0,0.0,45.38,,,,,,,,,,,
1790036364.5218308,GPS_RAW_INT,,,,,,,,,,,,,,,,,,6,10
1790036364.5436752,ATTITUDE,,,,,,,,,,,,,,,0.002198345260694623,0.0018305067205801606,0.7921299338340759,,
1790036364.5447028,RAW_IMU,,,,,,,,,0,0,-1001,2,2,2,,,,,
1790036364.5613472,ATTITUDE,,,,,,,,,,,,,,,0.002195919631049037,0.0018297018250450492,0.7921316623687744,,
1790036364.562668,RAW_IMU,,,,,,,,,0,0,-1001,2,2,2,,,,,
1790036364.580692,ATTITUDE,,,,,,,,,,,,,,,0.0021953661926090717,0.0018293374450877309,0.792131781578064,,
1790036364.5819428,RAW_IMU,,,,,,,,,0,0,-1001,2,2,2,,,,,
1790036364.6000917,ATTITUDE,,,,,,,,,,,,,,,0.002194069791585207,0.001828624401241541,0.7921323180198669,,
1790036364.6009388,RAW_IMU,,,,,,,,,0,0,-1001,2,2,2,,,,,
1790036364.6202636,ATTITUDE,,,,,,,,,,,,,,,0.002193717285990715,0.001830015447922051,0.7921346426010132,,
1790036364.6218266,RAW_IMU,,,,,,,,,0,0,-1001,2,2,2,,,,,
1790036364.6227865,GLOBAL_POSITION_INT,-35.361131,149.1678505,581.21,-0.503,-0.02,0.0,0.0,45.38,,,,,,,,,,,
1790036364.6237686,GPS_RAW_INT,,,,,,,,,,,,,,,,,,6,10
1790036364.652636,ATTITUDE,,,,,,,,,,,,,,,0.002194702159613371,0.0018321997486054897,0.7921388149261475,,
1790036364.6534505,RAW_IMU,,,,,,,,,0,0,-1001,2,2,2,,,,,
1790036364.6601782,ATTITUDE,,,,,,,,,,,,,,,0.002196765970438719,0.001834403956308961,0.7921434044837952,,
1790036364.6616669,RAW_IMU,,,,,,,,,0,0,-1001,2,2,2,,,,,
1790036364.680368,ATTITUDE,,,,,,,,,,,,,,,0.0021988884545862675,0.00183689477853477,0.7921416759490967,,
1790036364.6816397,RAW_IMU,,,,,,,,,0,0,-1001,2,2,2,,,,,
1790036364.7005382,ATTITUDE,,,,,,,,,,,,,,,0.002197744557633996,0.0018360482063144445,0.7921436429023743,,
1790036364.7017572,RAW_IMU,,,,,,,,,0,0,-1001,2,2,2,,,,,
1790036364.7213972,ATTITUDE,,,,,,,,,,,,,,,0.0021960092708468437,0.001833540853112936,0.7921454906463623,,
1790036364.7228258,RAW_IMU,,,,,,,,,0,0,-1001,2,2,2,,,,,
1790036364.7237577,GLOBAL_POSITION_INT,-35.361131,149.1678505,581.21,-0.503,-0.02,0.0,0.0,45.38,,,,,,,,,,,
1790036364.7245054,GPS_RAW_INT,,,,,,,,,,,,,,,,,,6,10
1790036364.7410448,ATTITUDE,,,,,,,,,,,,,,,0.002195974811911583,0.0018322475953027606,0.792148768901825,,
1790036364.7426872,RAW_IMU,,,,,,,,,0,0,-1001,2,2,2,,,,,
1790036364.7611353,ATTITUDE,,,,,,,,,,,,,,,0.0021957065910100937,0.001831559813581407,0.792153000831604,,
1790036364.7625258,RAW_IMU,,,,,,,,,0,0,-1001,2,2,2,,,,,
1790036364.7818816,ATTITUDE,,,,,,,,,,,,,,,0.0021958553697913885,0.001831092988140881,0.7921541333198547,,
1790036364.7834148,RAW_IMU,,,,,,,,,0,0,-1001,2,2,2,,,,,
1790036364.801762,ATTITUDE,,,,,,,,,,,,,,,0.0021963007748126984,0.0018319487571716309,0.7921553254127502,,
1790036364.8027935,RAW_IMU,,,,,,,,,0,0,-1001,2,2,2,,,,,
1790036364.8216786,ATTITUDE,,,,,,,,,,,,,,,0.0021975392010062933,0.0018343826523050666,0.7921574711799622,,
1790036364.822774,RAW_IMU,,,,,,,,,0,0,-1001,2,2,2,,,,,
1790036364.8237677,GLOBAL_POSITION_INT,-35.361131,149.1678505,581.21,-0.503,-0.02,0.0,0.0,45.38,,,,,,,,,,,
1790036364.8244352,GPS_RAW_INT,,,,,,,,,,,,,,,,,,6,10
1790036364.8418753,ATTITUDE,,,,,,,,,,,,,,,0.0021986679639667273,0.0018355100182816386,0.7921626567840576,,
1790036364.8425758,RAW_IMU,,,,,,,,,0,0,-1001,2,2,2,,,,,
1790036364.8619897,ATTITUDE,,,,,,,,,,,,,,,0.002200562972575426,0.001836553099565208,0.7921674251556396,,
1790036364.8636136,RAW_IMU,,,,,,,,,0,0,-1001,2,2,2,,,,,
1790036364.901184,ATTITUDE,,,,,,,,,,,,,,,0.0021993021946400404,0.0018336100038141012,0.7921640276908875,,
1790036364.9019833,RAW_IMU,,,,,,,,,0,0,-1001,2,2,2,,,,,
1790036364.9032946,ATTITUDE,,,,,,,,,,,,,,,0.0021968469955027103,0.001832558773458004,0.7921653985977173,,
1790036364.9040883,RAW_IMU,,,,,,,,,0,0,-1001,2,2,2,,,,,
1790036364.9247642,ATTITUDE,,,,,,,,,,,,,,,0.00219552218914032,0.0018321425886824727,0.7921697497367859,,
1790036364.9262893,RAW_IMU,,,,,,,,,0,0,-1001,2,2,2,,,,,
1790036364.9273303,GLOBAL_POSITION_INT,-35.361131,149.1678505,581.21,-0.503,-0.02,0.0,0.0,45.38,,,,,,,,,,,
1790036364.9282384,GPS_RAW_INT,,,,,,,,,,,,,,,,,,6,10
1790036364.9447207,ATTITUDE,,,,,,,,,,,,,,,0.0021942502353340387,0.0018323363037779927,0.7921749353408813,,
1790036364.946288,RAW_IMU,,,,,,,,,0,0,-1001,2,2,2,,,,,
1790036364.9645853,ATTITUDE,,,,,,,,,,,,,,,0.002194963861256838,0.0018324929988011718,0.792180597782135,,
1790036364.965597,RAW_IMU,,,,,,,,,0,0,-1001,2,2,2,,,,,
1790036364.9847617,ATTITUDE,,,,,,,,,,,,,,,0.0021921894513070583,0.0018333375919610262,0.7921813726425171,,
1790036364.9859514,RAW_IMU,,,,,,,,,0,0,-1001,2,2,2,,,,,
1790036365.004963,ATTITUDE,,,,,,,,,,,,,,,0.002191003644838929,0.001833776943385601,0.7921842932701111,,
1790036365.0063982,RAW_IMU,,,,,,,,,0,0,-1001,2,2,2,,,,,
1790036365.019605,ATTITUDE,,,,,,,,,,,,,,,0.002192845568060875,0.001835484872572124,0.7921856045722961,,
1790036365.0209603,RAW_IMU,,,,,,,,,0,0,-1001,2,2,2,,,,,
1790036365.0218632,GLOBAL_POSITION_INT,-35.361131,149.1678505,581.21,-0.503,-0.02,0.0,0.0,45.38,,,,,,,,,,,
1790036365.022529,GPS_RAW_INT,,,,,,,,,,,,,,,,,,6,10
1790036365.0399752,ATTITUDE,,,,,,,,,,,,,,,0.00219477666541934,0.0018382796552032232,0.7921897172927856,,
1790036365.0409544,RAW_IMU,,,,,,,,,0,0,-1001,2,2,2,,,,,
1790036365.0600443,ATTITUDE,,,,,,,,,,,,,,,0.0021993222180753946,0.0018397149397060275,0.7921936511993408,,
1790036365.0606937,RAW_IMU,,,,,,,,,0,0,-1001,2,2,2,,,,,
1790036365.081486,ATTITUDE,,,,,,,,,,,,,,,0.0022011303808540106,0.0018439198611304164,0.792192280292511,,
1790036365.083001,RAW_IMU,,,,,,,,,0,0,-1001,2,2,2,,,,,
1790036365.1027436,ATTITUDE,,,,,,,,,,,,,,,0.002201975090429187,0.0018425123998895288,0.7921926379203796,,
1790036365.1037643,RAW_IMU,,,,,,,,,0,0,-1000,2,2,2,,,,,
1790036365.1225681,ATTITUDE,,,,,,,,,,,,,,,0.002201477065682411,0.0018431138014420867,0.7921938300132751,,
1790036365.1237044,RAW_IMU,,,,,,,,,0,0,-1001,2,2,2,,,,,
1790036365.124958,GLOBAL_POSITION_INT,-35.361131,149.1678505,581.21,-0.503,-0.02,0.0,0.0,45.38,,,,,,,,,,,
1790036365.1267445,GPS_RAW_INT,,,,,,,,,,,,,,,,,,6,10
1790036365.1520834,ATTITUDE,,,,,,,,,,,,,,,0.00220156810246408,0.0018422851571813226,0.792201042175293,,
1790036365.1537771,RAW_IMU,,,,,,,,,0,0,-1001,2,2,2,,,,,
1790036365.1626227,ATTITUDE,,,,,,,,,,,,,,,0.002202535979449749,0.001840759301558137,0.7922040820121765,,
1790036365.163542,RAW_IMU,,,,,,,,,0,0,-1001,2,2,2,,,,,
1790036365.1826437,ATTITUDE,,,,,,,,,,,,,,,0.0022026856895536184,0.0018417774699628353,0.7922043800354004,,
1790036365.1837375,RAW_IMU,,,,,,,,,0,0,-1001,2,2,2,,,,,
1790036365.2025435,ATTITUDE,,,,,,,,,,,,,,,0.002200223272666335,0.0018412000499665737,0.7922049164772034,,
1790036365.2040193,RAW_IMU,,,,,,,,,0,0,-1001,2,2,2,,,,,
1790036365.2226682,ATTITUDE,,,,,,,,,,,,,,,0.0022010887041687965,0.0018408914329484105,0.7922094464302063,,
1790036365.224195,RAW_IMU,,,,,,,,,0,0,-1001,2,2,2,,,,,
1790036365.2248695,GLOBAL_POSITION_INT,-35.361131,149.1678505,581.21,-0.503,-0.02,0.0,0.0,45.39,,,,,,,,,,,
1790036365.2258234,GPS_RAW_INT,,,,,,,,,,,,,,,,,,6,10
1790036365.242454,ATTITUDE,,,,,,,,,,,,,,,0.0022014379501342773,0.0018422123976051807,0.7922133207321167,,
1790036365.2430816,RAW_IMU,,,,,,,,,0,0,-1001,2,2,2,,,,,
1790036365.2624784,ATTITUDE,,,,,,,,,,,,,,,0.002203624462708831,0.001843503094278276,0.792218804359436,,
1790036365.2631903,RAW_IMU,,,,,,,,,0,0,-1001,2,2,2,,,,,
1790036365.2824733,ATTITUDE,,,,,,,,,,,,,,,0.002205436583608389,0.001847058185376227,0.7922182083129883,,
1790036365.284535,RAW_IMU,,,,,,,,,0,0,-1000,2,2,2,,,,,
1790036365.3026838,ATTITUDE,,,,,,,,,,,,,,,0.002202494302764535,0.0018457878613844514,0.7922190427780151,,
1790036365.3039138,RAW_IMU,,,,,,,,,0,0,-1001,2,2,2,,,,,
1790036365.3231857,ATTITUDE,,,,,,,,,,,,,,,0.002201388357207179,0.0018440401181578636,0.7922220826148987,,
1790036365.3244781,RAW_IMU,,,,,,,,,0,0,-1001,2,2,2,,,,,
1790036365.325472,GLOBAL_POSITION_INT,-35.361131,149.1678505,581.21,-0.503,-0.02,0.0,0.0,45.39,,,,,,,,,,,
1790036365.3261967,GPS_RAW_INT,,,,,,,,,,,,,,,,,,6,10
1790036365.343059,ATTITUDE,,,,,,,,,,,,,,,0.0022010330576449633,0.001844245009124279,0.792226254940033,,
1790036365.3440363,RAW_IMU,,,,,,,,,0,0,-1001,2,2,2,,,,,
1790036365.3631318,ATTITUDE,,,,,,,,,,,,,,,0.0022017438896000385,0.0018434413941577077,0.7922291159629822,,
1790036365.3643851,RAW_IMU,,,,,,,,,0,0,-1001,2,2,2,,,,,
1790036365.4004211,ATTITUDE,,,,,,,,,,,,,,,0.0022026067599654198,0.0018422553548589349,0.7922288775444031,,
1790036365.4019468,RAW_IMU,,,,,,,,,0,0,-1001,2,2,2,,,,,
1790036365.404517,ATTITUDE,,,,,,,,,,,,,,,0.0022014002315700054,0.0018417802639305592,0.7922303676605225,,
1790036365.4071276,RAW_IMU,,,,,,,,,0,0,-1001,2,2,2,,,,,
1790036365.4241261,ATTITUDE,,,,,,,,,,,,,,,0.0022021972108632326,0.0018430701456964016,0.7922317385673523,,
1790036365.425692,RAW_IMU,,,,,,,,,0,0,-1001,2,2,2,,,,,
1790036365.4264414,GLOBAL_POSITION_INT,-35.361131,149.1678505,581.21,-0.503,-0.02,0.0,0.0,45.39,,,,,,,,,,,
1790036365.4271932,GPS_RAW_INT,,,,,,,,,,,,,,,,,,6,10
1790036365.443866,ATTITUDE,,,,,,,,,,,,,,,0.002203677548095584,0.0018436649115756154,0.7922346591949463,,
1790036365.446128,RAW_IMU,,,,,,,,,0,0,-1001,2,2,2,,,,,
1790036365.4643414,ATTITUDE,,,,,,,,,,,,,,,0.002207135083153844,0.0018466892652213573,0.7922398447990417,,
1790036365.4658926,RAW_IMU,,,,,,,,,0,0,-1001,2,2,2,,,,,
1790036365.4807765,ATTITUDE,,,,,,,,,,,,,,,0.0022104931995272636,0.0018472366500645876,0.7922401428222656,,
1790036365.482131,RAW_IMU,,,,,,,,,0,0,-1001,2,2,2,,,,,
1790036365.5019336,ATTITUDE,,,,,,,,,,,,,,,0.002208423800766468,0.0018449757480993867,0.7922404408454895,,
1790036365.5028312,RAW_IMU,,,,,,,,,0,0,-1001,2,2,2,,,,,
1790036365.5218194,ATTITUDE,,,,,,,,,,,,,,,0.0022065951488912106,0.001844362006522715,0.7922422885894775,,
1790036365.52288,RAW_IMU,,,,,,,,,0,0,-1000,2,2,2,,,,,
1790036365.5237267,GLOBAL_POSITION_INT,-35.361131,149.1678505,581.21,-0.503,-0.02,0.0,0.0,45.39,,,,,,,,,,,
1790036365.524571,GPS_RAW_INT,,,,,,,,,,,,,,,,,,6,10
1790036365.5421052,ATTITUDE,,,,,,,,,,,,,,,0.0022057644091546535,0.00184289098251611,0.7922461032867432,,
1790036365.543384,RAW_IMU,,,,,,,,,0,0,-1001,2,2,2,,,,,
1790036365.5626638,ATTITUDE,,,,,,,,,,,,,,,0.0022047609090805054,0.001841942430473864,0.7922516465187073,,
1790036365.563615,RAW_IMU,,,,,,,,,0,0,-1001,2,2,2,,,,,
1790036365.5830219,ATTITUDE,,,,,,,,,,,,,,,0.002203864511102438,0.0018417882965877652,0.7922528386116028,,
1790036365.5850282,RAW_IMU,,,,,,,,,0,0,-1001,2,2,2,,,,,
1790036365.6032588,ATTITUDE,,,,,,,,,,,,,,,0.0022032009437680244,0.0018420836422592402,0.7922530770301819,,
1790036365.6044915,RAW_IMU,,,,,,,,,0,0,-1001,2,2,2,,,,,
1790036365.6231735,ATTITUDE,,,,,,,,,,,,,,,0.0022040437906980515,0.0018438189290463924,0.7922570109367371,,
1790036365.6240177,RAW_IMU,,,,,,,,,0,0,-1001,2,2,2,,,,,
1790036365.6244347,GLOBAL_POSITION_INT,-35.361131,149.1678505,581.21,-0.503,-0.02,0.0,0.0,45.39,,,,,,,,,,,
1790036365.6256638,GPS_RAW_INT,,,,,,,,,,,,,,,,,,6,10
1790036365.6533396,ATTITUDE,,,,,,,,,,,,,,,0.00220501609146595,0.0018453574739396572,0.7922610640525818,,
1790036365.6551304,RAW_IMU,,,,,,,,,0,0,-1001,2,2,2,,,,,
1790036365.663862,ATTITUDE,,,,,,,,,,,,,,,0.0022091343998908997,0.0018469508504495025,0.7922661900520325,,
1790036365.6652505,RAW_IMU,,,,,,,,,0,0,-1001,2,2,2,,,,,
1790036365.683879,ATTITUDE,,,,,,,,,,,,,,,0.002209826372563839,0.0018484770553186536,0.7922665476799011,,
1790036365.6854792,RAW_IMU,,,,,,,,,0,0,-1001,2,2,2,,,,,
1790036365.7039611,ATTITUDE,,,,,,,,,,,,,,,0.0022068668622523546,0.0018462418811395764,0.7922669649124146,,
1790036365.7055695,RAW_IMU,,,,,,,,,0,0,-1001,2,2,2,,,,,
1790036365.7238967,ATTITUDE,,,,,,,,,,,,,,,0.0022048833779990673,0.001847274019382894,0.7922699451446533,,
1790036365.7248912,RAW_IMU,,,,,,,,,0,0,-1001,2,2,2,,,,,
1790036365.7257361,GLOBAL_POSITION_INT,-35.361131,149.1678505,581.21,-0.503,-0.02,0.0,0.0,45.39,,,,,,,,,,,
1790036365.7264135,GPS_RAW_INT,,,,,,,,,,,,,,,,,,6,10
1790036365.7438579,ATTITUDE,,,,,,,,,,,,,,,0.002203510608524084,0.001846274477429688,0.7922730445861816,,
1790036365.7451036,RAW_IMU,,,,,,,,,0,0,-1001,2,2,2,,,,,
1790036365.7643728,ATTITUDE,,,,,,,,,,,,,,,0.002203156938776374,0.0018450150964781642,0.7922778129577637,,
1790036365.7658565,RAW_IMU,,,,,,,,,0,0,-1001,2,2,2,,,,,
1790036365.784621,ATTITUDE,,,,,,,,,,,,,,,0.0022029594983905554,0.0018435963429510593,0.7922772765159607,,
1790036365.7857356,RAW_IMU,,,,,,,,,0,0,-1001,2,2,2,,,,,
1790036365.8044372,ATTITUDE,,,,,,,,,,,,,,,0.0022027886006981134,0.0018435955280438066,0.7922777533531189,,
1790036365.8060129,RAW_IMU,,,,,,,,,0,0,-1001,2,2,2,,,,,
1790036365.8244362,ATTITUDE,,,,,,,,,,,,,,,0.0022019315510988235,0.0018452373333275318,0.7922787666320801,,
1790036365.8253675,RAW_IMU,,,,,,,,,0,0,-1001,2,2,2,,,,,
1790036365.8261547,GLOBAL_POSITION_INT,-35.361131,149.1678505,581.21,-0.503,-0.02,0.0,0.0,45.39,,,,,,,,,,,
1790036365.8266153,GPS_RAW_INT,,,,,,,,,,,,,,,,,,6,10
1790036365.8443453,ATTITUDE,,,,,,,,,,,,,,,0.0022029962856322527,0.001846895320340991,0.7922828197479248,,
1790036365.8456697,RAW_IMU,,,,,,,,,0,0,-1001,2,2,2,,,,,
1790036365.8643997,ATTITUDE,,,,,,,,,,,,,,,0.002204698044806719,0.0018491367809474468,0.7922865748405457,,
1790036365.865351,RAW_IMU,,,,,,,,,0,0,-1001,2,2,2,,,,,
1790036365.900794,ATTITUDE,,,,,,,,,,,,,,,0.0022071022540330887,0.0018532067770138383,0.7922871708869934,,
1790036365.9019847,RAW_IMU,,,,,,,,,0,0,-1001,2,2,2,,,,,
1790036365.9035678,ATTITUDE,,,,,,,,,,,,,,,0.002205794444307685,0.0018505501793697476,0.7922883033752441,,
1790036365.904684,RAW_IMU,,,,,,,,,0,0,-1001,2,2,2,,,,,
1790036365.9200096,ATTITUDE,,,,,,,,,,,,,,,0.0022052903659641743,0.001847822219133377,0.7922903895378113,,
1790036365.9216335,RAW_IMU,,,,,,,,,0,0,-1001,2,2,2,,,,,
1790036365.9224148,GLOBAL_POSITION_INT,-35.361131,149.1678505,581.21,-0.503,-0.02,0.0,0.0,45.39,,,,,,,,,,,
1790036365.9231825,GPS_RAW_INT,,,,,,,,,,,,,,,,,,6,10
1790036365.940373,ATTITUDE,,,,,,,,,,,,,,,0.002204198157414794,0.0018462772713974118,0.7922951579093933,,
1790036365.942027,RAW_IMU,,,,,,,,,0,0,-1001,2,2,2,,,,,
1790036365.9603364,ATTITUDE,,,,,,,,,,,,,,,0.0022033648565411568,0.0018457523547112942,0.7922980785369873,,
1790036365.9621744,RAW_IMU,,,,,,,,,0,0,-1001,2,2,2,,,,,
1790036365.9814441,ATTITUDE,,,,,,,,,,,,,,,0.002203363925218582,0.0018456644611433148,0.792296826839447,,
1790036365.98295,RAW_IMU,,,,,,,,,0,0,-1001,2,2,2,,,,,
1790036366.0018506,ATTITUDE,,,,,,,,,,,,,,,0.0022018703166395426,0.0018441311549395323,0.7922989130020142,,
1790036366.0031633,RAW_IMU,,,,,,,,,0,0,-1001,2,2,2,,,,,
1790036366.0209618,ATTITUDE,,,,,,,,,,,,,,,0.002202651696279645,0.0018447402399033308,0.7923017144203186,,
1790036366.0220013,RAW_IMU,,,,,,,,,0,0,-1001,2,2,2,,,,,
1790036366.023707,GLOBAL_POSITION_INT,-35.361131,149.1678505,581.21,-0.503,-0.02,0.0,0.0,45.39,,,,,,,,,,,
1790036366.024653,GPS_RAW_INT,,,,,,,,,,,,,,,,,,6,10
1790036366.0406625,ATTITUDE,,,,,,,,,,,,,,,0.0022036044392734766,0.0018456930993124843,0.792306125164032,,
1790036366.0421457,RAW_IMU,,,,,,,,,0,0,-1001,2,2,2,,,,,
1790036366.0609088,ATTITUDE,,,,,,,,,,,,,,,0.0022055262234061956,0.0018470477079972625,0.7923104166984558,,
1790036366.062183,RAW_IMU,,,,,,,,,0,0,-1001,2,2,2,,,,,
1790036366.0808513,ATTITUDE,,,,,,,,,,,,,,,0.0022099195048213005,0.0018495264230296016,0.7923109531402588,,
1790036366.082123,RAW_IMU,,,,,,,,,0,0,-1001,2,2,2,,,,,
1790036366.1017156,ATTITUDE,,,,,,,,,,,,,,,0.0022090133279561996,0.0018471693620085716,0.7923120260238647,,
1790036366.1030529,RAW_IMU,,,,,,,,,0,0,-1001,2,2,2,,,,,
1790036366.122125,ATTITUDE,,,,,,,,,,,,,,,0.0022089737467467785,0.001845129649154842,0.7923163175582886,,
1790036366.1235936,RAW_IMU,,,,,,,,,0,0,-1001,2,2,2,,,,,
1790036366.1250706,GLOBAL_POSITION_INT,-35.361131,149.1678505,581.21,-0.503,-0.02,0.0,0.0,45.39,,,,,,,,,,,
1790036366.1260958,GPS_RAW_INT,,,,,,,,,,,,,,,,,,6,10
1790036366.152018,ATTITUDE,,,,,,,,,,,,,,,0.002209464320912957,0.00184431835077703,0.7923216223716736,,
1790036366.1543179,RAW_IMU,,,,,,,,,0,0,-1001,2,2,2,,,,,
1790036366.164019,ATTITUDE,,,,,,,,,,,,,,,0.0022098557092249393,0.0018441248685121536,0.7923262715339661,,
1790036366.16568,RAW_IMU,,,,,,,,,0,0,-1001,2,2,2,,,,,
1790036366.1842117,ATTITUDE,,,,,,,,,,,,,,,0.002210178878158331,0.0018427850445732474,0.7923257946968079,,
1790036366.1856165,RAW_IMU,,,,,,,,,0,0,-1001,2,2,2,,,,,
1790036366.2001364,ATTITUDE,,,,,,,,,,,,,,,0.0022114499006420374,0.0018427785253152251,0.7923267483711243,,
1790036366.2017484,RAW_IMU,,,,,,,,,0,0,-1001,2,2,2,,,,,
1790036366.2194006,ATTITUDE,,,,,,,,,,,,,,,0.0022125740069895983,0.0018424249719828367,0.7923277020454407,,
1790036366.2205906,RAW_IMU,,,,,,,,,0,0,-1001,2,2,2,,,,,
1790036366.2220552,GLOBAL_POSITION_INT,-35.361131,149.1678505,581.21,-0.503,-0.02,0.0,0.0,45.39,,,,,,,,,,,
1790036366.2230182,GPS_RAW_INT,,,,,,,,,,,,,,,,,,6,10
1790036366.2397838,ATTITUDE,,,,,,,,,,,,,,,0.0022142117377370596,0.0018436816753819585,0.7923317551612854,,
1790036366.2411876,RAW_IMU,,,,,,,,,0,0,-1001,2,2,2,,,,,
1790036366.2643583,ATTITUDE,,,,,,,,,,,,,,,0.002214637817814946,0.0018471721559762955,0.7923341989517212,,
1790036366.266084,RAW_IMU,,,,,,,,,0,0,-1001,2,2,2,,,,,
1790036366.2842646,ATTITUDE,,,,,,,,,,,,,,,0.002216873224824667,0.0018497261917218566,0.7923340201377869,,
1790036366.2853816,RAW_IMU,,,,,,,,,0,0,-1001,2,2,2,,,,,
1790036366.3044264,ATTITUDE,,,,,,,,,,,,,,,0.00221625785343349,0.0018472883384674788,0.7923354506492615,,
1790036366.3062077,RAW_IMU,,,,,,,,,0,0,-1001,2,2,2,,,,,
1790036366.3191323,ATTITUDE,,,,,,,,,,,,,,,0.0022137919440865517,0.0018455525860190392,0.7923381328582764,,
1790036366.320062,RAW_IMU,,,,,,,,,0,0,-1001,2,2,2,,,,,
1790036366.320717,GLOBAL_POSITION_INT,-35.361131,149.1678505,581.21,-0.503,-0.02,0.0,0.0,45.39,,,,,,,,,,,
1790036366.321211,GPS_RAW_INT,,,,,,,,,,,,,,,,,,6,10
1790036366.3395116,ATTITUDE,,,,,,,,,,,,,,,0.002211423823609948,0.001845149789005518,0.7923428416252136,,
1790036366.3404465,RAW_IMU,,,,,,,,,0,0,-1001,2,2,2,,,,,
1790036366.359754,ATTITUDE,,,,,,,,,,,,,,,0.0022101919166743755,0.0018422675784677267,0.7923470139503479,,
1790036366.3609211,RAW_IMU,,,,,,,,,0,0,-1001,2,2,2,,,,,
1790036366.400933,ATTITUDE,,,,,,,,,,,,,,,0.002209798665717244,0.001841827412135899,0.7923460602760315,,
1790036366.4021459,RAW_IMU,,,,,,,,,0,0,-1001,2,2,2,,,,,
1790036366.4032257,ATTITUDE,,,,,,,,,,,,,,,0.002208141842857003,0.001841993653215468,0.792346715927124,,
1790036366.4039772,RAW_IMU,,,,,,,,,0,0,-1001,2,2,2,,,,,
1790036366.4203606,ATTITUDE,,,,,,,,,,,,,,,0.0022105788812041283,0.0018421659478917718,0.7923495769500732,,
1790036366.4218733,RAW_IMU,,,,,,,,,0,0,-1001,2,2,2,,,,,
1790036366.4227471,GLOBAL_POSITION_INT,-35.361131,149.1678505,581.21,-0.503,-0.02,0.0,0.0,45.39,,,,,,,,,,,
1790036366.4235828,GPS_RAW_INT,,,,,,,,,,,,,,,,,,6,10
1790036366.4399874,ATTITUDE,,,,,,,,,,,,,,,0.002213264349848032,0.0018443389562889934,0.7923523783683777,,
1790036366.4408507,RAW_IMU,,,,,,,,,0,0,-1001,2,2,2,,,,,
1790036366.8331015,GLOBAL_POSITION_INT,-35.361131,149.1678505,581.21,0.006,-0.02,0.0,0.0,45.39,,,,,,,,,,,
1790036366.8349915,RAW_IMU,,,,,,,,,0,0,-1001,2,2,2,,,,,
1790036366.8359854,GPS_RAW_INT,,,,,,,,,,,,,,,,,,6,10
1790036366.906169,ATTITUDE,,,,,,,,,,,,,,,0.0022098973859101534,0.0018407233292236924,0.792391836643219,,
1790036366.90713,RAW_IMU,,,,,,,,,0,0,-1001,2,2,2,,,,,
1790036366.9079025,GLOBAL_POSITION_INT,-35.361131,149.1678505,581.21,0.006,-0.02,0.0,0.0,45.4,,,,,,,,,,,
1790036366.9086182,GPS_RAW_INT,,,,,,,,,,,,,,,,,,6,10
1790036366.9099305,ATTITUDE,,,,,,,,,,,,,,,0.002207254059612751,0.0018379316898062825,0.7923916578292847,,
1790036366.9111123,RAW_IMU,,,,,,,,,0,0,-1001,2,2,2,,,,,
1790036366.9244792,ATTITUDE,,,,,,,,,,,,,,,0.0022050703410059214,0.001835786853916943,0.7923940420150757,,
1790036366.9260914,RAW_IMU,,,,,,,,,0,0,-1001,2,2,2,,,,,
1790036366.9382734,GLOBAL_POSITION_INT,-35.361131,149.1678505,581.21,0.006,-0.02,0.0,0.0,45.4,,,,,,,,,,,
1790036366.9395645,GPS_RAW_INT,,,,,,,,,,,,,,,,,,6,10
1790036366.9445827,ATTITUDE,,,,,,,,,,,,,,,0.002203508513048291,0.0018360071117058396,0.7923983335494995,,
1790036366.9463809,RAW_IMU,,,,,,,,,0,0,-1001,2,2,2,,,,,
1790036366.9647138,ATTITUDE,,,,,,,,,,,,,,,0.0022036691661924124,0.0018358845263719559,0.7924013137817383,,
1790036366.9667578,RAW_IMU,,,,,,,,,0,0,-1001,2,2,2,,,,,
1790036366.9810236,ATTITUDE,,,,,,,,,,,,,,,0.002203238196671009,0.00183523865416646,0.7923992276191711,,
1790036366.9823334,RAW_IMU,,,,,,,,,0,0,-1001,2,2,2,,,,,
1790036367.0011635,ATTITUDE,,,,,,,,,,,,,,,0.0022027993109077215,0.001836497220210731,0.7923985719680786,,
1790036367.002577,RAW_IMU,,,,,,,,,0,0,-1001,2,2,2,,,,,
1790036367.0219731,ATTITUDE,,,,,,,,,,,,,,,0.0022044391371309757,0.0018380387919023633,0.7924005389213562,,
1790036367.0232773,RAW_IMU,,,,,,,,,0,0,-1001,2,2,2,,,,,
1790036367.0355668,GLOBAL_POSITION_INT,-35.361131,149.1678505,581.21,0.006,-0.02,0.0,0.0,45.4,,,,,,,,,,,
1790036367.0369434,GPS_RAW_INT,,,,,,,,,,,,,,,,,,6,10
1790036367.0412831,ATTITUDE,,,,,,,,,,,,,,,0.002205907367169857,0.0018381128320470452,0.7924039959907532,,
1790036367.0425487,RAW_IMU,,,,,,,,,0,0,-1000,2,2,2,,,,,
1790036367.0617762,ATTITUDE,,,,,,,,,,,,,,,0.0022083513904362917,0.001839007600210607,0.7924068570137024,,
1790036367.0634007,RAW_IMU,,,,,,,,,0,0,-1000,2,2,2,,,,,
1790036367.0827334,ATTITUDE,,,,,,,,,,,,,,,0.002210375852882862,0.0018409739714115858,0.7924061417579651,,
1790036367.083957,RAW_IMU,,,,,,,,,0,0,-1001,2,2,2,,,,,
1790036367.103173,ATTITUDE,,,,,,,,,,,,,,,0.0022084377706050873,0.0018381145782768726,0.7924070954322815,,
1790036367.1041565,RAW_IMU,,,,,,,,,0,0,-1001,2,2,2,,,,,
1790036367.1237931,ATTITUDE,,,,,,,,,,,,,,,0.0022078445181250572,0.00183499651029706,0.7924099564552307,,
1790036367.124641,RAW_IMU,,,,,,,,,0,0,-1000,2,2,2,,,,,
1790036367.1485152,GLOBAL_POSITION_INT,-35.361131,149.1678505,581.21,0.006,-0.02,0.0,0.0,45.4,,,,,,,,,,,
1790036367.1522987,GPS_RAW_INT,,,,,,,,,,,,,,,,,,6,10
1790036367.1531098,ATTITUDE,,,,,,,,,,,,,,,0.0022066489327698946,0.0018337403889745474,0.7924133539199829,,
1790036367.1540878,RAW_IMU,,,,,,,,,0,0,-1001,2,2,2,,,,,
1790036367.1649036,ATTITUDE,,,,,,,,,,,,,,,0.0022054167930036783,0.001833034330047667,0.7924155592918396,,
1790036367.166092,RAW_IMU,,,,,,,,,0,0,-1001,2,2,2,,,,,
1790036367.184953,ATTITUDE,,,,,,,,,,,,,,,0.0022026796359568834,0.001832994050346315,0.7924148440361023,,
1790036367.186307,RAW_IMU,,,,,,,,,0,0,-1001,2,2,2,,,,,
1790036367.2003827,ATTITUDE,,,,,,,,,,,,,,,0.0022024400532245636,0.001832399982959032,0.7924160957336426,,
1790036367.201651,RAW_IMU,,,,,,,,,0,0,-1001,2,2,2,,,,,
1790036367.2206075,ATTITUDE,,,,,,,,,,,,,,,0.002202669158577919,0.001832641544751823,0.7924177646636963,,
1790036367.2215004,RAW_IMU,,,,,,,,,0,0,-1001,2,2,2,,,,,
1790036367.2400055,GLOBAL_POSITION_INT,-35.361131,149.1678505,581.21,0.006,-0.02,0.0,0.0,45.4,,,,,,,,,,,
1790036367.2416432,GPS_RAW_INT,,,,,,,,,,,,,,,,,,6,10
1790036367.242792,ATTITUDE,,,,,,,,,,,,,,,0.0022032547276467085,0.0018313232576474547,0.7924221754074097,,
1790036367.2440562,RAW_IMU,,,,,,,,,0,0,-1001,2,2,2,,,,,
1790036367.261046,ATTITUDE,,,,,,,,,,,,,,,0.00220469874329865,0.0018339344533160329,0.7924277186393738,,
1790036367.2621393,RAW_IMU,,,,,,,,,0,0,-1001,2,2,2,,,,,
1790036367.2807238,ATTITUDE,,,,,,,,,,,,,,,0.002208516001701355,0.0018343382980674505,0.792426586151123,,
1790036367.2825403,RAW_IMU,,,,,,,,,0,0,-1001,2,2,2,,,,,
1790036367.3012857,ATTITUDE,,,,,,,,,,,,,,,0.002205725060775876,0.0018319229129701853,0.7924267053604126,,
1790036367.3028417,RAW_IMU,,,,,,,,,0,0,-1001,2,2,2,,,,,
1790036367.3206623,ATTITUDE,,,,,,,,,,,,,,,0.002204212127253413,0.0018295503687113523,0.7924293875694275,,
1790036367.3213985,RAW_IMU,,,,,,,,,0,0,-1001,2,2,2,,,,,
1790036367.3401203,GLOBAL_POSITION_INT,-35.361131,149.1678505,581.21,0.006,-0.02,0.0,0.0,45.4,,,,,,,,,,,
1790036367.3409128,GPS_RAW_INT,,,,,,,,,,,,,,,,,,6,10
1790036367.3417065,ATTITUDE,,,,,,,,,,,,,,,0.002204087795689702,0.001828421838581562,0.7924351096153259,,
1790036367.3421917,RAW_IMU,,,,,,,,,0,0,-1001,2,2,2,,,,,
1790036367.3605828,ATTITUDE,,,,,,,,,,,,,,,0.002204015851020813,0.0018278919160366058,0.7924392819404602,,
1790036367.361987,RAW_IMU,,,,,,,,,0,0,-1001,2,2,2,,,,,
1790036367.403524,ATTITUDE,,,,,,,,,,,,,,,0.0022049013059586287,0.001827057683840394,0.7924396991729736,,
1790036367.4046888,RAW_IMU,,,,,,,,,0,0,-1001,2,2,2,,,,,
1790036367.405607,ATTITUDE,,,,,,,,,,,,,,,0.002206598874181509,0.0018270584987476468,0.792439877986908,,
1790036367.4065356,RAW_IMU,,,,,,,,,0,0,-1001,2,2,2,,,,,
1790036367.42227,ATTITUDE,,,,,,,,,,,,,,,0.002208304824307561,0.001826899591833353,0.7924431562423706,,
1790036367.4234552,RAW_IMU,,,,,,,,,0,0,-1001,2,2,2,,,,,
1790036367.435992,GLOBAL_POSITION_INT,-35.361131,149.1678505,581.21,0.006,-0.02,0.0,0.0,45.4,,,,,,,,,,,
1790036367.437025,GPS_RAW_INT,,,,,,,,,,,,,,,,,,6,10
1790036367.4421046,ATTITUDE,,,,,,,,,,,,,,,0.002207771874964237,0.001829292275942862,0.7924457788467407,,
1790036367.4438853,RAW_IMU,,,,,,,,,0,0,-1000,2,2,2,,,,,
1790036367.4630408,ATTITUDE,,,,,,,,,,,,,,,0.002210741862654686,0.001833055168390274,0.792449951171875,,
1790036367.4648993,RAW_IMU,,,,,,,,,0,0,-1001,2,2,2,,,,,
1790036367.4845903,ATTITUDE,,,,,,,,,,,,,,,0.002213693456724286,0.0018365081632509828,0.7924498319625854,,
1790036367.4865224,RAW_IMU,,,,,,,,,0,0,-1001,2,2,2,,,,,
1790036367.5044713,ATTITUDE,,,,,,,,,,,,,,,0.002211768878623843,0.0018346101278439164,0.7924518585205078,,
1790036367.505647,RAW_IMU,,,,,,,,,0,0,-1000,2,2,2,,,,,
1790036367.5248065,ATTITUDE,,,,,,,,,,,,,,,0.0022101441863924265,0.0018322851974517107,0.7924531698226929,,
1790036367.526752,RAW_IMU,,,,,,,,,0,0,-1001,2,2,2,,,,,
1790036367.5388546,GLOBAL_POSITION_INT,-35.361131,149.1678505,581.21,0.006,-0.02,0.0,0.0,45.4,,,,,,,,,,,
1790036367.539691,GPS_RAW_INT,,,,,,,,,,,,,,,,,,6,10
1790036367.544923,ATTITUDE,,,,,,,,,,,,,,,0.0022102012299001217,0.0018313447944819927,0.7924566864967346,,
1790036367.5460248,RAW_IMU,,,,,,,,,0,0,-1001,2,2,2,,,,,
1790036367.5651095,ATTITUDE,,,,,,,,,,,,,,,0.0022086207754909992,0.0018313272157683969,0.7924595475196838,,
1790036367.5667453,RAW_IMU,,,,,,,,,0,0,-1001,2,2,2,,,,,
1790036367.5803185,ATTITUDE,,,,,,,,,,,,,,,0.002207913901656866,0.0018317817011848092,0.7924600839614868,,
1790036367.581731,RAW_IMU,,,,,,,,,0,0,-1001,2,2,2,,,,,
1790036367.6027946,ATTITUDE,,,,,,,,,,,,,,,0.0022064584773033857,0.001829718821682036,0.7924611568450928,,
1790036367.6039557,RAW_IMU,,,,,,,,,0,0,-1001,2,2,2,,,,,
1790036367.6242557,ATTITUDE,,,,,,,,,,,,,,,0.0022075586020946503,0.0018319765804335475,0.7924634218215942,,
1790036367.6259305,RAW_IMU,,,,,,,,,0,0,-1001,2,2,2,,,,,
1790036367.6545947,GLOBAL_POSITION_INT,-35.361131,149.1678505,581.21,0.006,-0.02,0.0,0.0,45.4,,,,,,,,,,,
1790036367.6562636,GPS_RAW_INT,,,,,,,,,,,,,,,,,,6,10
1790036367.6577835,ATTITUDE,,,,,,,,,,,,,,,0.0022094841115176678,0.0018341884715482593,0.7924677133560181,,
1790036367.659489,RAW_IMU,,,,,,,,,0,0,-1001,2,2,2,,,,,
1790036367.6621566,ATTITUDE,,,,,,,,,,,,,,,0.002212472725659609,0.001837842515669763,0.7924707531929016,,
1790036367.665244,RAW_IMU,,,,,,,,,0,0,-1001,2,2,2,,,,,
1790036367.6828568,ATTITUDE,,,,,,,,,,,,,,,0.0022134825121611357,0.0018403606954962015,0.7924705743789673,,
1790036367.6847968,RAW_IMU,,,,,,,,,0,0,-1000,2,2,2,,,,,
1790036367.7030897,ATTITUDE,,,,,,,,,,,,,,,0.0022127660922706127,0.001837633433751762,0.7924720048904419,,
1790036367.704992,RAW_IMU,,,,,,,,,0,0,-1001,2,2,2,,,,,
1790036367.722865,ATTITUDE,,,,,,,,,,,,,,,0.0022124184761196375,0.0018370551988482475,0.7924752831459045,,
1790036367.7242603,RAW_IMU,,,,,,,,,0,0,-1001,2,2,2,,,,,
1790036367.736598,GLOBAL_POSITION_INT,-35.361131,149.1678505,581.21,0.006,-0.02,0.0,0.0,45.4,,,,,,,,,,,
1790036367.7379138,GPS_RAW_INT,,,,,,,,,,,,,,,,,,6,10
1790036367.742838,ATTITUDE,,,,,,,,,,,,,,,0.0022119388449937105,0.0018372939666733146,0.7924790978431702,,
1790036367.744755,RAW_IMU,,,,,,,,,0,0,-1001,2,2,2,,,,,
1790036367.762884,ATTITUDE,,,,,,,,,,,,,,,0.0022103148512542248,0.0018378098029643297,0.7924818992614746,,
1790036367.7642608,RAW_IMU,,,,,,,,,0,0,-1001,2,2,2,,,,,
1790036367.78171,ATTITUDE,,,,,,,,,,,,,,,0.0022102189250290394,0.0018384703435003757,0.7924807071685791,,
1790036367.7829237,RAW_IMU,,,,,,,,,0,0,-1001,2,2,2,,,,,
1790036367.8003407,ATTITUDE,,,,,,,,,,,,,,,0.002211308805271983,0.001838894677348435,0.7924824357032776,,
1790036367.8018067,RAW_IMU,,,,,,,,,0,0,-1001,2,2,2,,,,,
1790036367.8217585,ATTITUDE,,,,,,,,,,,,,,,0.002211647341027856,0.001840359647758305,0.7924849390983582,,
1790036367.8229303,RAW_IMU,,,,,,,,,0,0,-1001,2,2,2,,,,,
1790036367.8351538,GLOBAL_POSITION_INT,-35.361131,149.1678505,581.21,0.006,-0.02,0.0,0.0,45.4,,,,,,,,,,,
1790036367.8362732,GPS_RAW_INT,,,,,,,,,,,,,,,,,,6,10
1790036367.841534,ATTITUDE,,,,,,,,,,,,,,,0.0022136270999908447,0.0018438204424455762,0.792490541934967,,
1790036367.8431742,RAW_IMU,,,,,,,,,0,0,-1001,2,2,2,,,,,
1790036367.8623714,ATTITUDE,,,,,,,,,,,,,,,0.002216516062617302,0.0018458599224686623,0.7924948334693909,,
1790036367.8634434,RAW_IMU,,,,,,,,,0,0,-1001,2,2,2,,,,,
1790036367.9034557,ATTITUDE,,,,,,,,,,,,,,,0.002221193863078952,0.0018482201267033815,0.792493999004364,,
1790036367.9042256,RAW_IMU,,,,,,,,,0,0,-1001,2,2,2,,,,,
1790036367.9053376,ATTITUDE,,,,,,,,,,,,,,,0.0022194376215338707,0.0018464978784322739,0.7924944162368774,,
1790036367.9061675,RAW_IMU,,,,,,,,,0,0,-1001,2,2,2,,,,,
1790036367.9222236,ATTITUDE,,,,,,,,,,,,,,,0.002217851346358657,0.0018464182503521442,0.7924968004226685,,
1790036367.923312,RAW_IMU,,,,,,,,,0,0,-1001,2,2,2,,,,,
1790036367.9356973,GLOBAL_POSITION_INT,-35.361131,149.1678505,581.21,0.006,-0.02,0.0,0.0,45.4,,,,,,,,,,,
1790036367.9373198,GPS_RAW_INT,,,,,,,,,,,,,,,,,,6,10
1790036367.9422123,ATTITUDE,,,,,,,,,,,,,,,0.002216712571680546,0.001846209284849465,0.7925000190734863,,
1790036367.9442065,RAW_IMU,,,,,,,,,0,0,-1001,2,2,2,,,,,
1790036367.9629984,ATTITUDE,,,,,,,,,,,,,,,0.0022144115064293146,0.001845022663474083,0.7925041913986206,,
1790036367.9649315,RAW_IMU,,,,,,,,,0,0,-1001,2,2,2,,,,,
1790036367.9838846,ATTITUDE,,,,,,,,,,,,,,,0.002213840140029788,0.0018448582850396633,0.7925029993057251,,
1790036367.9858708,RAW_IMU,,,,,,,,,0,0,-1001,2,2,2,,,,,
1790036368.0045066,ATTITUDE,,,,,,,,,,,,,,,0.0022137698251754045,0.0018451621290296316,0.792504608631134,,
1790036368.005373,RAW_IMU,,,,,,,,,0,0,-1001,2,2,2,,,,,
1790036368.0243092,ATTITUDE,,,,,,,,,,,,,,,0.0022146187257021666,0.0018443999579176307,0.792506992816925,,
1790036368.0265806,RAW_IMU,,,,,,,,,0,0,-1001,2,2,2,,,,,
1790036368.0380406,GLOBAL_POSITION_INT,-35.361131,149.1678505,581.21,0.006,-0.02,0.0,0.0,45.4,,,,,,,,,,,
1790036368.0391583,GPS_RAW_INT,,,,,,,,,,,,,,,,,,6,10
1790036368.0443861,ATTITUDE,,,,,,,,,,,,,,,0.0022160992957651615,0.001846004743129015,0.7925110459327698,,
1790036368.0460086,RAW_IMU,,,,,,,,,0,0,-1001,2,2,2,,,,,
1790036368.0597398,ATTITUDE,,,,,,,,,,,,,,,0.0022194981575012207,0.001848477404564619,0.7925153970718384,,
1790036368.0618677,RAW_IMU,,,,,,,,,0,0,-1000,2,2,2,,,,,
1790036368.080717,ATTITUDE,,,,,,,,,,,,,,,0.0022217000368982553,0.0018528635846450925,0.7925146222114563,,
1790036368.0813618,RAW_IMU,,,,,,,,,0,0,-1001,2,2,2,,,,,
1790036368.1012628,ATTITUDE,,,,,,,,,,,,,,,0.002220398746430874,0.001849889406003058,0.792517364025116,,
1790036368.1027796,RAW_IMU,,,,,,,,,0,0,-1001,2,2,2,,,,,
1790036368.120481,ATTITUDE,,,,,,,,,,,,,,,0.0022204448468983173,0.0018496018601581454,0.7925204038619995,,
1790036368.1222599,RAW_IMU,,,,,,,,,0,0,-1001,2,2,2,,,,,
1790036368.1564236,GLOBAL_POSITION_INT,-35.361131,149.1678505,581.21,0.006,-0.02,0.0,0.0,45.4,,,,,,,,,,,
1790036368.1581407,GPS_RAW_INT,,,,,,,,,,,,,,,,,,6,10
1790036368.159115,ATTITUDE,,,,,,,,,,,,,,,0.0022198574151843786,0.0018486472545191646,0.7925235629081726,,
1790036368.1599298,RAW_IMU,,,,,,,,,0,0,-1001,2,2,2,,,,,
1790036368.1623857,ATTITUDE,,,,,,,,,,,,,,,0.0022194453049451113,0.0018487066263332963,0.7925275564193726,,
1790036368.1630971,RAW_IMU,,,,,,,,,0,0,-1001,2,2,2,,,,,
1790036368.182262,ATTITUDE,,,,,,,,,,,,,,,0.0022185458801686764,0.0018491663504391909,0.7925263047218323,,
1790036368.1831396,RAW_IMU,,,,,,,,,0,0,-1001,2,2,2,,,,,
1790036368.2024114,ATTITUDE,,,,,,,,,,,,,,,0.00221958477050066,0.001848588464781642,0.7925252318382263,,
1790036368.2038496,RAW_IMU,,,,,,,,,0,0,-1001,2,2,2,,,,,
1790036368.2242193,ATTITUDE,,,,,,,,,,,,,,,0.002220077207311988,0.0018496804405003786,0.7925271987915039,,
1790036368.2250383,RAW_IMU,,,,,,,,,0,0,-1001,2,2,2,,,,,
1790036368.2378986,GLOBAL_POSITION_INT,-35.361131,149.1678505,581.21,0.006,-0.02,0.0,0.0,45.4,,,,,,,,,,,
1790036368.238447,GPS_RAW_INT,,,,,,,,,,,,,,,,,,6,10
1790036368.2443228,ATTITUDE,,,,,,,,,,,,,,,0.002221660688519478,0.0018506249180063605,0.7925320863723755,,
1790036368.245449,RAW_IMU,,,,,,,,,0,0,-1001,2,2,2,,,,,
1790036368.264607,ATTITUDE,,,,,,,,,,,,,,,0.002224651165306568,0.0018522684695199132,0.7925358414649963,,
1790036368.2653565,RAW_IMU,,,,,,,,,0,0,-1001,2,2,2,,,,,
1790036368.2798498,ATTITUDE,,,,,,,,,,,,,,,0.0022275971714407206,0.0018533813999965787,0.7925368547439575,,
1790036368.281088,RAW_IMU,,,,,,,,,0,0,-1001,2,2,2,,,,,
1790036368.3009682,ATTITUDE,,,,,,,,,,,,,,,0.002225060947239399,0.0018526905914768577,0.7925392389297485,,
1790036368.3022869,RAW_IMU,,,,,,,,,0,0,-1001,2,2,2,,,,,
1790036368.321441,ATTITUDE,,,,,,,,,,,,,,,0.0022249408066272736,0.0018506707856431603,0.7925422191619873,,
1790036368.3222394,RAW_IMU,,,,,,,,,0,0,-1001,2,2,2,,,,,
1790036368.3355377,GLOBAL_POSITION_INT,-35.361131,149.1678505,581.21,0.006,-0.02,0.0,0.0,45.4,,,,,,,,,,,
1790036368.3368871,GPS_RAW_INT,,,,,,,,,,,,,,,,,,6,10
1790036368.3420675,ATTITUDE,,,,,,,,,,,,,,,0.002224188996478915,0.0018503478495404124,0.7925455570220947,,
1790036368.3427339,RAW_IMU,,,,,,,,,0,0,-1001,2,2,2,,,,,
1790036368.3622122,ATTITUDE,,,,,,,,,,,,,,,0.0022241324186325073,0.0018508491339161992,0.7925491333007812,,
1790036368.3631372,RAW_IMU,,,,,,,,,0,0,-1001,2,2,2,,,,,
1790036368.4036381,ATTITUDE,,,,,,,,,,,,,,,0.0022243079729378223,0.0018514496041461825,0.7925484776496887,,
1790036368.4047,RAW_IMU,,,,,,,,,0,0,-1001,2,2,2,,,,,
1790036368.4063792,ATTITUDE,,,,,,,,,,,,,,,0.0022254404611885548,0.0018514235271140933,0.7925490736961365,,
1790036368.4076097,RAW_IMU,,,,,,,,,0,0,-1001,2,2,2,,,,,
1790036368.4234574,ATTITUDE,,,,,,,,,,,,,,,0.002226963872089982,0.0018535105045884848,0.7925520539283752,,
1790036368.4245799,RAW_IMU,,,,,,,,,0,0,-1001,2,2,2,,,,,
1790036368.4373417,GLOBAL_POSITION_INT,-35.361131,149.1678505,581.21,0.006,-0.02,0.0,0.0,45.4,,,,,,,,,,,
1790036368.4381437,GPS_RAW_INT,,,,,,,,,,,,,,,,,,6,10
1790036368.443375,ATTITUDE,,,,,,,,,,,,,,,0.0022280386183410883,0.0018551424145698547,0.7925542593002319,,
1790036368.4451272,RAW_IMU,,,,,,,,,0,0,-1001,2,2,2,,,,,
1790036368.464475,ATTITUDE,,,,,,,,,,,,,,,0.002230304991826415,0.0018583027413114905,0.7925581932067871,,
1790036368.4663978,RAW_IMU,,,,,,,,,0,0,-1001,2,2,2,,,,,
1790036368.4848278,ATTITUDE,,,,,,,,,,,,,,,0.0022325085010379553,0.0018606072990223765,0.7925580739974976,,
1790036368.4863636,RAW_IMU,,,,,,,,,0,0,-1001,2,2,2,,,,,
1790036368.5005593,ATTITUDE,,,,,,,,,,,,,,,0.002231549471616745,0.001858652918599546,0.7925599813461304,,
1790036368.5016968,RAW_IMU,,,,,,,,,0,0,-1001,2,2,2,,,,,
1790036368.5211108,ATTITUDE,,,,,,,,,,,,,,,0.002229968085885048,0.0018566269427537918,0.7925618290901184,,
1790036368.5216923,RAW_IMU,,,,,,,,,0,0,-1000,2,2,2,,,,,
1790036368.5347872,GLOBAL_POSITION_INT,-35.361131,149.1678505,581.21,0.006,-0.02,0.0,0.0,45.41,,,,,,,,,,,
1790036368.5354114,GPS_RAW_INT,,,,,,,,,,,,,,,,,,6,10
1790036368.5409582,ATTITUDE,,,,,,,,,,,,,,,0.0022293583024293184,0.0018561752513051033,0.7925640344619751,,
1790036368.5423334,RAW_IMU,,,,,,,,,0,0,-1001,2,2,2,,,,,
1790036368.5616908,ATTITUDE,,,,,,,,,,,,,,,0.0022289615590125322,0.001856351620517671,0.7925693988800049,,
1790036368.5632803,RAW_IMU,,,,,,,,,0,0,-1001,2,2,2,,,,,
1790036368.581464,ATTITUDE,,,,,,,,,,,,,,,0.002228716155514121,0.001857107155956328,0.7925707101821899,,
1790036368.5822928,RAW_IMU,,,,,,,,,0,0,-1001,2,2,2,,,,,
1790036368.6012046,ATTITUDE,,,,,,,,,,,,,,,0.002229413017630577,0.001859787735156715,0.7925724387168884,,
1790036368.6026275,RAW_IMU,,,,,,,,,0,0,-1001,2,2,2,,,,,
1790036368.62242,ATTITUDE,,,,,,,,,,,,,,,0.002231070538982749,0.0018617457244545221,0.7925736308097839,,
1790036368.6236644,RAW_IMU,,,,,,,,,0,0,-1001,2,2,2,,,,,
1790036368.655585,GLOBAL_POSITION_INT,-35.361131,149.1678505,581.21,0.006,-0.02,0.0,0.0,45.41,,,,,,,,,,,
1790036368.6559463,GPS_RAW_INT,,,,,,,,,,,,,,,,,,6,10
1790036368.6566558,ATTITUDE,,,,,,,,,,,,,,,0.002232623053714633,0.0018640538910403848,0.7925768494606018,,
1790036368.6575067,RAW_IMU,,,,,,,,,0,0,-1001,2,2,2,,,,,
1790036368.6628313,ATTITUDE,,,,,,,,,,,,,,,0.002235120628029108,0.0018668939592316747,0.7925806045532227,,
1790036368.6640518,RAW_IMU,,,,,,,,,0,0,-1001,2,2,2,,,,,
1790036368.6831188,ATTITUDE,,,,,,,,,,,,,,,0.0022375197149813175,0.0018682166701182723,0.7925819754600525,,
1790036368.684035,RAW_IMU,,,,,,,,,0,0,-1001,2,2,2,,,,,
1790036368.7034812,ATTITUDE,,,,,,,,,,,,,,,0.0022369513753801584,0.0018669248092919588,0.7925816178321838,,
1790036368.705111,RAW_IMU,,,,,,,,,0,0,-1001,2,2,2,,,,,
1790036368.7235618,ATTITUDE,,,,,,,,,,,,,,,0.0022359248250722885,0.0018682570662349463,0.7925841808319092,,
1790036368.725009,RAW_IMU,,,,,,,,,0,0,-1000,2,2,2,,,,,
1790036368.7371862,GLOBAL_POSITION_INT,-35.361131,149.1678505,581.21,0.006,-0.02,0.0,0.0,45.41,,,,,,,,,,,
1790036368.7387877,GPS_RAW_INT,,,,,,,,,,,,,,,,,,6,10
1790036368.7433186,ATTITUDE,,,,,,,,,,,,,,,0.0022336372639983892,0.0018690983997657895,0.7925875782966614,,
1790036368.7442439,RAW_IMU,,,,,,,,,0,0,-1001,2,2,2,,,,,
1790036368.7632875,ATTITUDE,,,,,,,,,,,,,,,0.0022335313260555267,0.001870033680461347,0.7925909161567688,,
1790036368.764165,RAW_IMU,,,,,,,,,0,0,-1001,2,2,2,,,,,
1790036368.7841103,ATTITUDE,,,,,,,,,,,,,,,0.002233483362942934,0.0018712308956310153,0.7925924062728882,,
1790036368.7858584,RAW_IMU,,,,,,,,,0,0,-1001,2,2,2,,,,,
1790036368.8043823,ATTITUDE,,,,,,,,,,,,,,,0.00223556999117136,0.0018734863260760903,0.7925930619239807,,
1790036368.8060105,RAW_IMU,,,,,,,,,0,0,-1001,2,2,2,,,,,
1790036368.819837,ATTITUDE,,,,,,,,,,,,,,,0.002237557666376233,0.0018752062460407615,0.792595624923706,,
1790036368.8210983,RAW_IMU,,,,,,,,,0,0,-1001,2,2,2,,,,,
1790036368.8391442,GLOBAL_POSITION_INT,-35.361131,149.1678505,581.21,0.006,-0.02,0.0,0.0,45.41,,,,,,,,,,,
1790036368.8410397,GPS_RAW_INT,,,,,,,,,,,,,,,,,,6,10
1790036368.8427355,ATTITUDE,,,,,,,,,,,,,,,0.0022402217146009207,0.0018760430393740535,0.7925999760627747,,
1790036368.8444443,RAW_IMU,,,,,,,,,0,0,-1001,2,2,2,,,,,
1790036368.8603084,ATTITUDE,,,,,,,,,,,,,,,0.0022431807592511177,0.0018783286213874817,0.7926044464111328,,
1790036368.8613997,RAW_IMU,,,,,,,,,0,0,-1001,2,2,2,,,,,
1790036368.899888,ATTITUDE,,,,,,,,,,,,,,,0.002246435498818755,0.0018796876538544893,0.7926042675971985,,
1790036368.900678,RAW_IMU,,,,,,,,,0,0,-1001,2,2,2,,,,,
1790036368.9018471,ATTITUDE,,,,,,,,,,,,,,,0.0022465577349066734,0.001878706505522132,0.7926043272018433,,
1790036368.903228,RAW_IMU,,,,,,,,,0,0,-1001,2,2,2,,,,,
1790036368.9214425,ATTITUDE,,,,,,,,,,,,,,,0.0022462380584329367,0.0018788700690492988,0.7926062941551208,,
1790036368.9224045,RAW_IMU,,,,,,,,,0,0,-1001,2,2,2,,,,,
1790036368.9354217,GLOBAL_POSITION_INT,-35.361131,149.1678505,581.21,0.006,-0.02,0.0,0.0,45.41,,,,,,,,,,,
1790036368.9369628,GPS_RAW_INT,,,,,,,,,,,,,,,,,,6,10
1790036368.9425,ATTITUDE,,,,,,,,,,,,,,,0.002245187060907483,0.0018798988312482834,0.7926093339920044,,
1790036368.9444985,RAW_IMU,,,,,,,,,0,0,-1001,2,2,2,,,,,
1790036368.9635596,ATTITUDE,,,,,,,,,,,,,,,0.002243316499516368,0.0018801428377628326,0.7926125526428223,,
1790036368.964521,RAW_IMU,,,,,,,,,0,0,-1001,2,2,2,,,,,
1790036368.9833498,ATTITUDE,,,,,,,,,,,,,,,0.00224427692592144,0.0018809321336448193,0.7926128506660461,,
1790036368.9843714,RAW_IMU,,,,,,,,,0,0,-1001,2,2,2,,,,,
1790036369.0035512,ATTITUDE,,,,,,,,,,,,,,,0.002244798932224512,0.0018815204966813326,0.79261314868927,,
1790036369.0049698,RAW_IMU,,,,,,,,,0,0,-1001,2,2,2,,,,,
1790036369.024171,ATTITUDE,,,,,,,,,,,,,,,0.0022458164021372795,0.0018822858110070229,0.7926158308982849,,
1790036369.0249083,RAW_IMU,,,,,,,,,0,0,-1001,2,2,2,,,,,
1790036369.038,GLOBAL_POSITION_INT,-35.361131,149.1678505,581.21,0.006,-0.02,0.0,0.0,45.41,,,,,,,,,,,
1790036369.0390763,GPS_RAW_INT,,,,,,,,,,,,,,,,,,6,10
1790036369.044842,ATTITUDE,,,,,,,,,,,,,,,0.0022477898746728897,0.0018844152800738811,0.7926176190376282,,
1790036369.0458717,RAW_IMU,,,,,,,,,0,0,-1001,2,2,2,,,,,
1790036369.064761,ATTITUDE,,,,,,,,,,,,,,,0.0022503521759063005,0.0018873537192121148,0.7926220893859863,,
1790036369.065925,RAW_IMU,,,,,,,,,0,0,-1001,2,2,2,,,,,
1790036369.0850718,ATTITUDE,,,,,,,,,,,,,,,0.002252699341624975,0.0018904759781435132,0.7926221489906311,,
1790036369.0867727,RAW_IMU,,,,,,,,,0,0,-1001,2,2,2,,,,,
1790036369.1051295,ATTITUDE,,,,,,,,,,,,,,,0.0022509153932332993,0.0018901864532381296,0.7926228046417236,,
1790036369.1067324,RAW_IMU,,,,,,,,,0,0,-1001,2,2,2,,,,,
1790036369.1254249,ATTITUDE,,,,,,,,,,,,,,,0.002250066725537181,0.00189027632586658,0.7926228046417236,,
1790036369.1271195,RAW_IMU,,,,,,,,,0,0,-1001,2,2,2,,,,,
1790036369.155771,GLOBAL_POSITION_INT,-35.361131,149.1678505,581.21,0.006,-0.02,0.0,0.0,45.41,,,,,,,,,,,
1790036369.1566226,GPS_RAW_INT,,,,,,,,,,,,,,,,,,6,10
1790036369.1573887,ATTITUDE,,,,,,,,,,,,,,,0.002250761492177844,0.001889645354822278,0.7926266193389893,,
1790036369.1583195,RAW_IMU,,,,,,,,,0,0,-1001,2,2,2,,,,,
1790036369.1653316,ATTITUDE,,,,,,,,,,,,,,,0.0022533670999109745,0.0018908519996330142,0.792630672454834,,
1790036369.1665516,RAW_IMU,,,,,,,,,0,0,-1001,2,2,2,,,,,
1790036369.1855898,ATTITUDE,,,,,,,,,,,,,,,0.002253759652376175,0.0018924166215583682,0.792628824710846,,
1790036369.1868656,RAW_IMU,,,,,,,,,0,0,-1001,2,2,2,,,,,
1790036369.200429,ATTITUDE,,,,,,,,,,,,,,,0.0022550004068762064,0.0018916875123977661,0.7926289439201355,,
1790036369.2020433,RAW_IMU,,,,,,,,,0,0,-1001,2,2,2,,,,,
1790036369.2216434,ATTITUDE,,,,,,,,,,,,,,,0.0022568972781300545,0.00189426657743752,0.7926322221755981,,
1790036369.2227838,RAW_IMU,,,,,,,,,0,0,-1001,2,2,2,,,,,
1790036369.240507,GLOBAL_POSITION_INT,-35.361131,149.1678505,581.21,0.006,-0.02,0.0,0.0,45.41,,,,,,,,,,,
1790036369.2412224,GPS_RAW_INT,,,,,,,,,,,,,,,,,,6,10
1790036369.2434583,ATTITUDE,,,,,,,,,,,,,,,0.0022596230264753103,0.0018960068700835109,0.7926356792449951,,
1790036369.2444537,RAW_IMU,,,,,,,,,0,0,-1001,2,2,2,,,,,
1790036369.2613435,ATTITUDE,,,,,,,,,,,,,,,0.002262589056044817,0.0018988456577062607,0.7926400899887085,,
1790036369.2628722,RAW_IMU,,,,,,,,,0,0,-1001,2,2,2,,,,,
1790036369.282288,ATTITUDE,,,,,,,,,,,,,,,0.002264541806653142,0.0019018127350136638,0.7926403880119324,,
1790036369.283225,RAW_IMU,,,,,,,,,0,0,-1001,2,2,2,,,,,
1790036369.3029683,ATTITUDE,,,,,,,,,,,,,,,0.0022637085057795048,0.0019009117968380451,0.7926408648490906,,
1790036369.304936,RAW_IMU,,,,,,,,,0,0,-1001,2,2,2,,,,,
1790036369.3228135,ATTITUDE,,,,,,,,,,,,,,,0.002263070084154606,0.0019002256449311972,0.7926425933837891,,
1790036369.3241334,RAW_IMU,,,,,,,,,0,0,-1001,2,2,2,,,,,
1790036369.3371232,GLOBAL_POSITION_INT,-35.361131,149.1678505,581.21,0.006,-0.02,0.0,0.0,45.41,,,,,,,,,,,
1790036369.3379898,GPS_RAW_INT,,,,,,,,,,,,,,,,,,6,10
1790036369.343397,ATTITUDE,,,,,,,,,,,,,,,0.0022632533218711615,0.0018997081788256764,0.7926463484764099,,
1790036369.344729,RAW_IMU,,,,,,,,,0,0,-1001,2,2,2,,,,,
1790036369.363274,ATTITUDE,,,,,,,,,,,,,,,0.0022632472682744265,0.0019006157526746392,0.7926497459411621,,
1790036369.3644829,RAW_IMU,,,,,,,,,0,0,-1001,2,2,2,,,,,
1790036369.4039466,ATTITUDE,,,,,,,,,,,,,,,0.002263780450448394,0.0019021985353901982,0.7926501631736755,,
1790036369.4052646,RAW_IMU,,,,,,,,,0,0,-1001,2,2,2,,,,,
1790036369.407376,ATTITUDE,,,,,,,,,,,,,,,0.002263871021568775,0.0019045457011088729,0.7926496863365173,,
1790036369.4083679,RAW_IMU,,,,,,,,,0,0,-1001,2,2,2,,,,,
1790036369.4248528,ATTITUDE,,,,,,,,,,,,,,,0.002264825627207756,0.0019074276788160205,0.7926523685455322,,
1790036369.4262633,RAW_IMU,,,,,,,,,0,0,-1001,2,2,2,,,,,
1790036369.4386916,GLOBAL_POSITION_INT,-35.361131,149.1678505,581.21,0.006,-0.02,0.0,0.0,45.41,,,,,,,,,,,
1790036369.439792,GPS_RAW_INT,,,,,,,,,,,,,,,,,,6,10
1790036369.4447007,ATTITUDE,,,,,,,,,,,,,,,0.002265642397105694,0.001908373087644577,0.7926561832427979,,
1790036369.4464073,RAW_IMU,,,,,,,,,0,0,-1001,2,2,2,,,,,
1790036369.4644513,ATTITUDE,,,,,,,,,,,,,,,0.002269408665597439,0.0019102705409750342,0.7926598787307739,,
1790036369.4660096,RAW_IMU,,,,,,,,,0,0,-1001,2,2,2,,,,,
1790036369.4858174,ATTITUDE,,,,,,,,,,,,,,,0.002272317884489894,0.0019136661430820823,0.7926608324050903,,
1790036369.4878352,RAW_IMU,,,,,,,,,0,0,-1001,2,2,2,,,,,
1790036369.505589,ATTITUDE,,,,,,,,,,,,,,,0.002271960722282529,0.0019120395882055163,0.7926605343818665,,
1790036369.5066245,RAW_IMU,,,,,,,,,0,0,-1001,2,2,2,,,,,
1790036369.5255692,ATTITUDE,,,,,,,,,,,,,,,0.0022729083430022,0.0019107997650280595,0.7926612496376038,,
1790036369.5266771,RAW_IMU,,,,,,,,,0,0,-1001,2,2,2,,,,,
1790036369.53913,GLOBAL_POSITION_INT,-35.361131,149.1678505,581.21,0.006,-0.02,0.0,0.0,45.41,,,,,,,,,,,
1790036369.5405226,GPS_RAW_INT,,,,,,,,,,,,,,,,,,6,10
1790036369.5453832,ATTITUDE,,,,,,,,,,,,,,,0.002274471800774336,0.001908753765746951,0.7926623821258545,,
1790036369.5466719,RAW_IMU,,,,,,,,,0,0,-1001,2,2,2,,,,,
1790036369.5663695,ATTITUDE,,,,,,,,,,,,,,,0.002277319086715579,0.0019092446891590953,0.7926671504974365,,
1790036369.5671973,RAW_IMU,,,,,,,,,0,0,-1001,2,2,2,,,,,
1790036369.5809386,ATTITUDE,,,,,,,,,,,,,,,0.0022791933733969927,0.0019087176769971848,0.7926665544509888,,
1790036369.582164,RAW_IMU,,,,,,,,,0,0,-1001,2,2,2,,,,,
1790036369.6022375,ATTITUDE,,,,,,,,,,,,,,,0.0022808013018220663,0.0019104689126834273,0.7926667928695679,,
1790036369.6040852,RAW_IMU,,,,,,,,,0,0,-1001,2,2,2,,,,,
1790036369.6222956,ATTITUDE,,,,,,,,,,,,,,,0.002284473739564419,0.0019127040868625045,0.7926685810089111,,
1790036369.623908,RAW_IMU,,,,,,,,,0,0,-1001,2,2,2,,,,,
1790036369.6495056,GLOBAL_POSITION_INT,-35.361131,149.1678505,581.21,0.006,-0.02,0.0,0.0,45.41,,,,,,,,,,,
1790036369.6502142,GPS_RAW_INT,,,,,,,,,,,,,,,,,,6,10
1790036369.651086,ATTITUDE,,,,,,,,,,,,,,,0.0022859624586999416,0.001915393047966063,0.792670488357544,,
1790036369.6526845,RAW_IMU,,,,,,,,,0,0,-1001,2,2,2,,,,,
1790036369.6647198,ATTITUDE,,,,,,,,,,,,,,,0.002287660026922822,0.0019181270617991686,0.7926750779151917,,
1790036369.6656804,RAW_IMU,,,,,,,,,0,0,-1001,2,2,2,,,,,
1790036369.6849947,ATTITUDE,,,,,,,,,,,,,,,0.0022910567931830883,0.0019212269689887762,0.7926754951477051,,
1790036369.6861048,RAW_IMU,,,,,,,,,0,0,-1001,2,2,2,,,,,
1790036369.7057562,ATTITUDE,,,,,,,,,,,,,,,0.0022927746176719666,0.0019202976254746318,0.7926756739616394,,
1790036369.707727,RAW_IMU,,,,,,,,,0,0,-1001,2,2,2,,,,,
1790036369.7205617,ATTITUDE,,,,,,,,,,,,,,,0.00229299976490438,0.0019200581591576338,0.792677104473114,,
1790036369.7221513,RAW_IMU,,,,,,,,,0,0,-1001,2,2,2,,,,,
1790036369.7399108,GLOBAL_POSITION_INT,-35.361131,149.1678505,581.21,0.006,-0.02,0.0,0.0,45.41,,,,,,,,,,,
1790036369.7407696,GPS_RAW_INT,,,,,,,,,,,,,,,,,,6,10
1790036369.7427175,ATTITUDE,,,,,,,,,,,,,,,0.002293866127729416,0.0019203691044822335,0.7926816940307617,,
1790036369.7437148,RAW_IMU,,,,,,,,,0,0,-1001,2,2,2,,,,,
1790036369.7605274,ATTITUDE,,,,,,,,,,,,,,,0.0022939923219382763,0.001920480513945222,0.7926865816116333,,
1790036369.7615073,RAW_IMU,,,,,,,,,0,0,-1001,2,2,2,,,,,
1790036369.7803779,ATTITUDE,,,,,,,,,,,,,,,0.002296952297911048,0.001922053867019713,0.7926866412162781,,
1790036369.7815976,RAW_IMU,,,,,,,,,0,0,-1001,2,2,2,,,,,
1790036369.8011203,ATTITUDE,,,,,,,,,,,,,,,0.002298208884894848,0.0019232170889154077,0.7926862239837646,,
1790036369.8022647,RAW_IMU,,,,,,,,,0,0,-1000,2,2,2,,,,,
1790036369.8218663,ATTITUDE,,,,,,,,,,,,,,,0.0023004033137112856,0.0019263644935563207,0.79268878698349,,
1790036369.8231323,RAW_IMU,,,,,,,,,0,0,-1001,2,2,2,,,,,
1790036369.835828,GLOBAL_POSITION_INT,-35.361131,149.1678505,581.21,0.006,-0.02,0.0,0.0,45.41,,,,,,,,,,,
1790036369.837489,GPS_RAW_INT,,,,,,,,,,,,,,,,,,6,10
1790036369.841523,ATTITUDE,,,,,,,,,,,,,,,0.002302926266565919,0.0019288714975118637,0.7926926016807556,,
1790036369.842659,RAW_IMU,,,,,,,,,0,0,-1001,2,2,2,,,,,
1790036369.8618987,ATTITUDE,,,,,,,,,,,,,,,0.002305044559761882,0.0019323237938806415,0.7926977276802063,,
1790036369.8629005,RAW_IMU,,,,,,,,,0,0,-1001,2,2,2,,,,,
1790036369.9045527,ATTITUDE,,,,,,,,,,,,,,,0.0023078101221472025,0.001936528249643743,0.7926985025405884,,
1790036369.9056795,RAW_IMU,,,,,,,,,0,0,-1001,2,2,2,,,,,
1790036369.9068375,ATTITUDE,,,,,,,,,,,,,,,0.002307072514668107,0.0019362509483471513,0.7926982641220093,,
1790036369.909664,RAW_IMU,,,,,,,,,0,0,-1001,2,2,2,,,,,
1790036369.9231262,ATTITUDE,,,,,,,,,,,,,,,0.002308201976120472,0.001936286804266274,0.7926994562149048,,
1790036369.9243748,RAW_IMU,,,,,,,,,0,0,-1001,2,2,2,,,,,
1790036369.9369628,GLOBAL_POSITION_INT,-35.361131,149.1678505,581.21,0.006,-0.02,0.0,0.0,45.41,,,,,,,,,,,
1790036369.9378388,GPS_RAW_INT,,,,,,,,,,,,,,,,,,6,10
1790036369.9432821,ATTITUDE,,,,,,,,,,,,,,,0.0023085635621100664,0.0019372227834537625,0.7927029728889465,,
1790036369.944447,RAW_IMU,,,,,,,,,0,0,-1001,2,2,2,,,,,
1790036369.9632027,ATTITUDE,,,,,,,,,,,,,,,0.0023105903528630733,0.001937235938385129,0.792708158493042,,
1790036369.9641314,RAW_IMU,,,,,,,,,0,0,-1001,2,2,2,,,,,
1790036369.9830961,ATTITUDE,,,,,,,,,,,,,,,0.002311530988663435,0.001938698347657919,0.792708694934845,,
1790036369.984737,RAW_IMU,,,,,,,,,0,0,-1000,2,2,2,,,,,
1790036370.0037062,ATTITUDE,,,,,,,,,,,,,,,0.002312714233994484,0.001942482776939869,0.792709231376648,,
1790036370.0051112,RAW_IMU,,,,,,,,,0,0,-1001,2,2,2,,,,,
1790036370.0230727,ATTITUDE,,,,,,,,,,,,,,,0.0023150162305682898,0.0019443073542788625,0.7927117347717285,,
1790036370.0240324,RAW_IMU,,,,,,,,,0,0,-1001,2,2,2,,,,,
1790036370.036781,GLOBAL_POSITION_INT,-35.361131,149.1678505,581.21,0.006,-0.02,0.0,0.0,45.41,,,,,,,,,,,
1790036370.0381482,GPS_RAW_INT,,,,,,,,,,,,,,,,,,6,10
1790036370.0433047,ATTITUDE,,,,,,,,,,,,,,,0.0023178807459771633,0.0019461512565612793,0.7927136421203613,,
1790036370.0443966,RAW_IMU,,,,,,,,,0,0,-1001,2,2,2,,,,,
1790036370.0631855,ATTITUDE,,,,,,,,,,,,,,,0.002320090075954795,0.0019492171704769135,0.7927188277244568,,
1790036370.0643945,RAW_IMU,,,,,,,,,0,0,-1000,2,2,2,,,,,
1790036370.0856519,ATTITUDE,,,,,,,,,,,,,,,0.0023234703112393618,0.0019526506075635552,0.7927182912826538,,
1790036370.0871334,RAW_IMU,,,,,,,,,0,0,-1001,2,2,2,,,,,
1790036370.105029,ATTITUDE,,,,,,,,,,,,,,,0.0023225469049066305,0.001951155485585332,0.7927180528640747,,
1790036370.1063318,RAW_IMU,,,,,,,,,0,0,-1001,2,2,2,,,,,
1790036370.1202836,ATTITUDE,,,,,,,,,,,,,,,0.0023222649469971657,0.0019520021742209792,0.7927201986312866,,
1790036370.1214924,RAW_IMU,,,,,,,,,0,0,-1001,2,2,2,,,,,
1790036370.1560657,GLOBAL_POSITION_INT,-35.361131,149.1678505,581.21,0.006,-0.02,0.0,0.0,45.41,,,,,,,,,,,
1790036370.15704,GPS_RAW_INT,,,,,,,,,,,,,,,,,,6,10
1790036370.1585956,ATTITUDE,,,,,,,,,,,,,,,0.0023236111737787724,0.0019524820381775498,0.7927234172821045,,
1790036370.1596682,RAW_IMU,,,,,,,,,0,0,-1001,2,2,2,,,,,
1790036370.1615703,ATTITUDE,,,,,,,,,,,,,,,0.002325216308236122,0.001953462604433298,0.7927280068397522,,
1790036370.1630533,RAW_IMU,,,,,,,,,0,0,-1001,2,2,2,,,,,
1790036370.180913,ATTITUDE,,,,,,,,,,,,,,,0.002325239824131131,0.001953904516994953,0.7927280068397522,,
1790036370.182131,RAW_IMU,,,,,,,,,0,0,-1001,2,2,2,,,,,
1790036370.202378,ATTITUDE,,,,,,,,,,,,,,,0.0023283192422240973,0.0019558852072805166,0.7927281856536865,,
1790036370.2045164,RAW_IMU,,,,,,,,,0,0,-1001,2,2,2,,,,,
1790036370.2227173,ATTITUDE,,,,,,,,,,,,,,,0.0023299993481487036,0.001956901978701353,0.7927291989326477,,
1790036370.2245543,RAW_IMU,,,,,,,,,0,0,-1001,2,2,2,,,,,
1790036370.236193,GLOBAL_POSITION_INT,-35.361131,149.1678505,581.21,0.006,-0.02,0.0,0.0,45.42,,,,,,,,,,,
1790036370.236698,GPS_RAW_INT,,,,,,,,,,,,,,,,,,6,10
1790036370.2425818,ATTITUDE,,,,,,,,,,,,,,,0.0023343598004430532,0.0019588645081967115,0.7927322387695312,,
1790036370.2443094,RAW_IMU,,,,,,,,,0,0,-1001,2,2,2,,,,,
1790036370.262381,ATTITUDE,,,,,,,,,,,,,,,0.0023373791482299566,0.0019621062092483044,0.7927350401878357,,
1790036370.2638817,RAW_IMU,,,,,,,,,0,0,-1001,2,2,2,,,,,
1790036370.2826226,ATTITUDE,,,,,,,,,,,,,,,0.002340298378840089,0.0019654782954603434,0.7927356362342834,,
1790036370.2839186,RAW_IMU,,,,,,,,,0,0,-1001,2,2,2,,,,,
1790036370.3028636,ATTITUDE,,,,,,,,,,,,,,,0.0023406154941767454,0.0019654366187751293,0.7927364706993103,,
1790036370.304415,RAW_IMU,,,,,,,,,0,0,-1001,2,2,2,,,,,
1790036370.3224766,ATTITUDE,,,,,,,,,,,,,,,0.002340023871511221,0.001965598203241825,0.792738676071167,,
1790036370.3238351,RAW_IMU,,,,,,,,,0,0,-1001,2,2,2,,,,,
1790036370.3361726,GLOBAL_POSITION_INT,-35.361131,149.1678505,581.21,0.006,-0.02,0.0,0.0,45.42,,,,,,,,,,,
1790036370.3371456,GPS_RAW_INT,,,,,,,,,,,,,,,,,,6,10
1790036370.342633,ATTITUDE,,,,,,,,,,,,,,,0.00234190933406353,0.001966515788808465,0.7927420735359192,,
1790036370.3440788,RAW_IMU,,,,,,,,,0,0,-1001,2,2,2,,,,,
1790036370.3630512,ATTITUDE,,,,,,,,,,,,,,,0.0023425298277288675,0.0019670554902404547,0.7927452921867371,,
1790036370.3639975,RAW_IMU,,,,,,,,,0,0,-1001,2,2,2,,,,,
1790036370.4057517,ATTITUDE,,,,,,,,,,,,,,,0.0023434958420693874,0.0019687367603182793,0.7927447557449341,,
1790036370.4071844,RAW_IMU,,,,,,,,,0,0,-1001,2,2,2,,,,,
1790036370.4085445,ATTITUDE,,,,,,,,,,,,,,,0.0023447233252227306,0.0019708757754415274,0.7927459478378296,,
1790036370.410299,RAW_IMU,,,,,,,,,0,0,-1001,2,2,2,,,,,
1790036370.4244912,ATTITUDE,,,,,,,,,,,,,,,0.002346412744373083,0.0019738373812288046,0.792747974395752,,
1790036370.426218,RAW_IMU,,,,,,,,,0,0,-1001,2,2,2,,,,,
1790036370.4386158,GLOBAL_POSITION_INT,-35.361131,149.1678505,581.21,0.006,-0.02,0.0,0.0,45.42,,,,,,,,,,,
1790036370.439554,GPS_RAW_INT,,,,,,,,,,,,,,,,,,6,10
1790036370.4445655,ATTITUDE,,,,,,,,,,,,,,,0.0023488944862037897,0.0019757593981921673,0.79274982213974,,
1790036370.4457529,RAW_IMU,,,,,,,,,0,0,-1001,2,2,2,,,,,
1790036370.4651914,ATTITUDE,,,,,,,,,,,,,,,0.0023518214002251625,0.0019799417350441217,0.7927538156509399,,
1790036370.4664602,RAW_IMU,,,,,,,,,0,0,-1001,2,2,2,,,,,
1790036370.4803157,ATTITUDE,,,,,,,,,,,,,,,0.0023551760241389275,0.0019828795921057463,0.7927543520927429,,
1790036370.4816651,RAW_IMU,,,,,,,,,0,0,-1001,2,2,2,,,,,
1790036370.5021977,ATTITUDE,,,,,,,,,,,,,,,0.0023557411041110754,0.0019828430376946926,0.7927542924880981,,
1790036370.5036922,RAW_IMU,,,,,,,,,0,0,-1001,2,2,2,,,,,
1790036370.5226097,ATTITUDE,,,,,,,,,,,,,,,0.0023564600851386786,0.001982929650694132,0.7927554249763489,,
1790036370.5241277,RAW_IMU,,,,,,,,,0,0,-1001,2,2,2,,,,,
1790036370.5362127,GLOBAL_POSITION_INT,-35.361131,149.1678505,581.21,0.006,-0.02,0.0,0.0,45.42,,,,,,,,,,,
1790036370.5370278,GPS_RAW_INT,,,,,,,,,,,,,,,,,,6,10
1790036370.5427613,ATTITUDE,,,,,,,,,,,,,,,0.0023570642806589603,0.0019838192965835333,0.7927591800689697,,
1790036370.544241,RAW_IMU,,,,,,,,,0,0,-1001,2,2,2,,,,,
1790036370.563615,ATTITUDE,,,,,,,,,,,,,,,0.0023587087634950876,0.001985203940421343,0.7927632927894592,,
1790036370.565949,RAW_IMU,,,,,,,,,0,0,-1001,2,2,2,,,,,
1790036370.5832486,ATTITUDE,,,,,,,,,,,,,,,0.00236020190641284,0.0019866798538714647,0.7927623391151428,,
1790036370.5847135,RAW_IMU,,,,,,,,,0,0,-1001,2,2,2,,,,,
1790036370.6033576,ATTITUDE,,,,,,,,,,,,,,,0.002362750470638275,0.0019876027945429087,0.7927624583244324,,
1790036370.6050982,RAW_IMU,,,,,,,,,0,0,-1001,2,2,2,,,,,
1790036370.6230006,ATTITUDE,,,,,,,,,,,,,,,0.0023651381488889456,0.0019903862848877907,0.7927644848823547,,
1790036370.624869,RAW_IMU,,,,,,,,,0,0,-1001,2,2,2,,,,,
1790036370.6527216,GLOBAL_POSITION_INT,-35.361131,149.1678505,581.21,0.006,-0.02,0.0,0.0,45.42,,,,,,,,,,,
1790036370.6539438,GPS_RAW_INT,,,,,,,,,,,,,,,,,,6,10
1790036370.6545622,ATTITUDE,,,,,,,,,,,,,,,0.002368334447965026,0.001993053127080202,0.7927677035331726,,
1790036370.655737,RAW_IMU,,,,,,,,,0,0,-1001,2,2,2,,,,,
1790036370.6644523,ATTITUDE,,,,,,,,,,,,,,,0.0023712380789220333,0.0019953004084527493,0.792772114276886,,
1790036370.665209,RAW_IMU,,,,,,,,,0,0,-1001,2,2,2,,,,,
1790036370.6847131,ATTITUDE,,,,,,,,,,,,,,,0.002374536357820034,0.001998468767851591,0.7927713394165039,,
1790036370.6859677,RAW_IMU,,,,,,,,,0,0,-1001,2,2,2,,,,,
1790036370.7061183,ATTITUDE,,,,,,,,,,,,,,,0.002376409713178873,0.0019995991606265306,0.7927711606025696,,
1790036370.7082295,RAW_IMU,,,,,,,,,0,0,-1001,2,2,2,,,,,
1790036370.7204657,ATTITUDE,,,,,,,,,,,,,,,0.002376704476773739,0.002001286717131734,0.7927719950675964,,
1790036370.7221794,RAW_IMU,,,,,,,,,0,0,-1001,2,2,2,,,,,
1790036370.738968,GLOBAL_POSITION_INT,-35.361131,149.1678505,581.21,0.006,-0.02,0.0,0.0,45.42,,,,,,,,,,,
1790036370.7401454,GPS_RAW_INT,,,,,,,,,,,,,,,,,,6,10
1790036370.7449877,ATTITUDE,,,,,,,,,,,,,,,0.0023782842326909304,0.0020023861434310675,0.7927754521369934,,
1790036370.74675,RAW_IMU,,,,,,,,,0,0,-1001,2,2,2,,,,,
1790036370.7650235,ATTITUDE,,,,,,,,,,,,,,,0.0023787706159055233,0.0020028853323310614,0.7927793860435486,,
1790036370.7666354,RAW_IMU,,,,,,,,,0,0,-1001,2,2,2,,,,,
1790036370.7851472,ATTITUDE,,,,,,,,,,,,,,,0.002380355028435588,0.0020036878995597363,0.7927789092063904,,
1790036370.7864885,RAW_IMU,,,,,,,,,0,0,-1000,2,2,2,,,,,
1790036370.8053894,ATTITUDE,,,,,,,,,,,,,,,0.002381849568337202,0.002005053451284766,0.7927786111831665,,
1790036370.8067865,RAW_IMU,,,,,,,,,0,0,-1001,2,2,2,,,,,
1790036370.8250604,ATTITUDE,,,,,,,,,,,,,,,0.0023837389890104532,0.0020064928103238344,0.7927794456481934,,
1790036370.8262904,RAW_IMU,,,,,,,,,0,0,-1001,2,2,2,,,,,
1790036370.839191,GLOBAL_POSITION_INT,-35.361131,149.1678505,581.21,0.006,-0.02,0.0,0.0,45.42,,,,,,,,,,,
1790036370.8405693,GPS_RAW_INT,,,,,,,,,,,,,,,,,,6,10
1790036370.8417861,ATTITUDE,,,,,,,,,,,,,,,0.002385623985901475,0.0020095582585781813,0.7927836179733276,,
1790036370.8436716,RAW_IMU,,,,,,,,,0,0,-1001,2,2,2,,,,,
1790036370.8601246,ATTITUDE,,,,,,,,,,,,,,,0.002388831926509738,0.0020130781922489405,0.792787492275238,,
1790036370.8611252,RAW_IMU,,,,,,,,,0,0,-1001,2,2,2,,,,,
1790036370.9012198,ATTITUDE,,,,,,,,,,,,,,,0.0023913970217108727,0.002016613958403468,0.7927870750427246,,
1790036370.9027698,RAW_IMU,,,,,,,,,0,0,-1001,2,2,2,,,,,
1790036370.9057941,ATTITUDE,,,,,,,,,,,,,,,0.0023928775917738676,0.0020175958052277565,0.7927861213684082,,
1790036370.9078777,RAW_IMU,,,,,,,,,0,0,-1001,2,2,2,,,,,
1790036370.9216583,ATTITUDE,,,,,,,,,,,,,,,0.002392290160059929,0.0020175136160105467,0.7927877902984619,,
1790036370.9233449,RAW_IMU,,,,,,,,,0,0,-1001,2,2,2,,,,,
1790036370.9354024,GLOBAL_POSITION_INT,-35.361131,149.1678505,581.21,0.006,-0.02,0.0,0.0,45.42,,,,,,,,,,,
1790036370.9362445,GPS_RAW_INT,,,,,,,,,,,,,,,,,,6,10
1790036370.9417415,ATTITUDE,,,,,,,,,,,,,,,0.0023924806155264378,0.002018387895077467,0.7927906513214111,,
1790036370.9427989,RAW_IMU,,,,,,,,,0,0,-1000,2,2,2,,,,,
1790036370.9605937,ATTITUDE,,,,,,,,,,,,,,,0.002392400288954377,0.0020188724156469107,0.792794942855835,,
1790036370.9620516,RAW_IMU,,,,,,,,,0,0,-1001,2,2,2,,,,,
1790036370.982727,ATTITUDE,,,,,,,,,,,,,,,0.0023938368540257215,0.002020094310864806,0.7927933931350708,,
1790036370.9837754,RAW_IMU,,,,,,,,,0,0,-1001,2,2,2,,,,,
1790036371.0012414,ATTITUDE,,,,,,,,,,,,,,,0.0023959330283105373,0.0020210768561810255,0.7927928566932678,,
1790036371.0025415,RAW_IMU,,,,,,,,,0,0,-1001,2,2,2,,,,,
1790036371.0222619,ATTITUDE,,,,,,,,,,,,,,,0.002398185431957245,0.00202197371982038,0.7927939891815186,,
1790036371.022812,RAW_IMU,,,,,,,,,0,0,-1002,2,2,2,,,,,
1790036371.0360823,GLOBAL_POSITION_INT,-35.361131,149.1678505,581.21,0.006,-0.02,0.0,0.0,45.42,,,,,,,,,,,
1790036371.0373821,GPS_RAW_INT,,,,,,,,,,,,,,,,,,6,10
1790036371.0425434,ATTITUDE,,,,,,,,,,,,,,,0.0023996259551495314,0.0020242840982973576,0.7927961945533752,,
1790036371.0436094,RAW_IMU,,,,,,,,,0,0,-1021,2,2,2,,,,,
1790036371.0622814,ATTITUDE,,,,,,,,,,,,,,,0.002402867889031768,0.0020268645603209734,0.7928014993667603,,
1790036371.0636764,RAW_IMU,,,,,,,,,0,0,-1047,2,2,2,,,,,
1790036371.082501,ATTITUDE,,,,,,,,,,,,,,,0.002406358253210783,0.0020308324601501226,0.792801558971405,,
1790036371.0843997,RAW_IMU,,,,,,,,,0,0,-1068,2,2,2,,,,,
1790036371.1029334,ATTITUDE,,,,,,,,,,,,,,,0.002409222535789013,0.0020322133786976337,0.7928024530410767,,
1790036371.1047032,RAW_IMU,,,,,,,,,0,0,-1065,2,2,2,,,,,
1790036371.1225123,ATTITUDE,,,,,,,,,,,,,,,0.0024103540927171707,0.002032384742051363,0.7928036451339722,,
1790036371.1239986,RAW_IMU,,,,,,,,,0,0,-1057,2,2,2,,,,,
1790036371.1454484,GLOBAL_POSITION_INT,-35.361131,149.1678505,581.21,0.009,-0.02,0.0,-0.05,45.42,,,,,,,,,,,
1790036371.1464498,GPS_RAW_INT,,,,,,,,,,,,,,,,,,6,10
1790036371.1473627,ATTITUDE,,,,,,,,,,,,,,,0.002411218825727701,0.0020333873108029366,0.7928070425987244,,
1790036371.1484032,RAW_IMU,,,,,,,,,0,0,-1055,2,2,2,,,,,
1790036371.1631072,ATTITUDE,,,,,,,,,,,,,,,0.0024123266339302063,0.002034260891377926,0.7928113341331482,,
1790036371.1642144,RAW_IMU,,,,,,,,,0,0,-1055,2,2,2,,,,,
1790036371.1843407,ATTITUDE,,,,,,,,,,,,,,,0.0024135082494467497,0.0020356690511107445,0.7928087711334229,,
1790036371.1854017,RAW_IMU,,,,,,,,,0,0,-1057,2,2,2,,,,,
1790036371.2062497,ATTITUDE,,,,,,,,,,,,,,,0.0024150116369128227,0.002036401769146323,0.7928088903427124,,
1790036371.2068398,RAW_IMU,,,,,,,,,0,0,-1058,2,2,2,,,,,
1790036371.2237823,ATTITUDE,,,,,,,,,,,,,,,0.0024169988464564085,0.002039064886048436,0.792810320854187,,
1790036371.2248874,RAW_IMU,,,,,,,,,0,0,-1058,2,2,2,,,,,
1790036371.2375982,GLOBAL_POSITION_INT,-35.361131,149.1678505,581.22,0.018,-0.02,0.0,-0.11,45.42,,,,,,,,,,,
1790036371.2390392,GPS_RAW_INT,,,,,,,,,,,,,,,,,,6,10
1790036371.243656,ATTITUDE,,,,,,,,,,,,,,,0.002420073375105858,0.002040384104475379,0.7928133606910706,,
1790036371.2446868,RAW_IMU,,,,,,,,,0,0,-1057,2,2,2,,,,,
1790036371.263614,ATTITUDE,,,,,,,,,,,,,,,0.002423188416287303,0.0020433522295206785,0.7928163409233093,,
1790036371.2649052,RAW_IMU,,,,,,,,,0,0,-1056,2,2,2,,,,,
1790036371.285242,ATTITUDE,,,,,,,,,,,,,,,0.002427385887131095,0.0020471736788749695,0.7928159832954407,,
1790036371.2862024,RAW_IMU,,,,,,,,,0,0,-1054,2,2,2,,,,,
1790036371.3052316,ATTITUDE,,,,,,,,,,,,,,,0.0024285351391881704,0.0020475187338888645,0.7928169369697571,,
1790036371.3066611,RAW_IMU,,,,,,,,,0,0,-1053,2,2,2,,,,,
1790036371.3244932,ATTITUDE,,,,,,,,,,,,,,,0.00242845481261611,0.002046598121523857,0.7928186655044556,,
1790036371.3260403,RAW_IMU,,,,,,,,,0,0,-1053,2,2,2,,,,,
1790036371.33852,GLOBAL_POSITION_INT,-35.361131,149.1678505,581.24,0.032,-0.02,0.0,-0.16,45.42,,,,,,,,,,,
1790036371.339793,GPS_RAW_INT,,,,,,,,,,,,,,,,,,6,10
1790036371.3443596,ATTITUDE,,,,,,,,,,,,,,,0.0024296629708260298,0.002047356218099594,0.7928213477134705,,
1790036371.3460283,RAW_IMU,,,,,,,,,0,0,-1052,2,2,2,,,,,
1790036371.3643234,ATTITUDE,,,,,,,,,,,,,,,0.0024315027985721827,0.00204796576872468,0.792824923992157,,
1790036371.3654897,RAW_IMU,,,,,,,,,0,0,-1052,2,2,2,,,,,
1790036371.3982563,ATTITUDE,,,,,,,,,,,,,,,0.0024324848782271147,0.0020497574005275965,0.7928245663642883,,
1790036371.3988988,RAW_IMU,,,,,,,,,0,0,-1052,2,2,2,,,,,
1790036371.4046466,ATTITUDE,,,,,,,,,,,,,,,0.002433667192235589,0.002050970681011677,0.7928252816200256,,
1790036371.4062576,RAW_IMU,,,,,,,,,0,0,-1052,2,2,2,,,,,
1790036371.42452,ATTITUDE,,,,,,,,,,,,,,,0.00243693171069026,0.002052613068372011,0.792826771736145,,
1790036371.4264064,RAW_IMU,,,,,,,,,0,0,-1053,2,2,2,,,,,
1790036371.438346,GLOBAL_POSITION_INT,-35.361131,149.1678505,581.26,0.051,-0.02,0.0,-0.21,45.42,,,,,,,,,,,
1790036371.43938,GPS_RAW_INT,,,,,,,,,,,,,,,,,,6,10
1790036371.4452813,ATTITUDE,,,,,,,,,,,,,,,0.0024402018170803785,0.002054514829069376,0.7928299307823181,,
1790036371.446506,RAW_IMU,,,,,,,,,0,0,-1053,2,2,2,,,,,
1790036371.4663115,ATTITUDE,,,,,,,,,,,,,,,0.002443566219881177,0.002057694597169757,0.7928348779678345,,
1790036371.4676619,RAW_IMU,,,,,,,,,0,0,-1054,2,2,2,,,,,
1790036371.4823718,ATTITUDE,,,,,,,,,,,,,,,0.0024467427283525467,0.0020608685445040464,0.7928356528282166,,
1790036371.4839146,RAW_IMU,,,,,,,,,0,0,-1055,2,2,2,,,,,
1790036371.5029948,ATTITUDE,,,,,,,,,,,,,,,0.002448058919981122,0.0020607842598110437,0.7928351163864136,,
1790036371.50419,RAW_IMU,,,,,,,,,0,0,-1055,2,2,2,,,,,
1790036371.5234237,ATTITUDE,,,,,,,,,,,,,,,0.002448601182550192,0.0020605430472642183,0.7928376793861389,,
1790036371.525157,RAW_IMU,,,,,,,,,0,0,-1056,2,2,2,,,,,
1790036371.5369368,GLOBAL_POSITION_INT,-35.361131,149.1678505,581.28,0.074,-0.02,0.0,-0.27,45.42,,,,,,,,,,,
1790036371.5383136,GPS_RAW_INT,,,,,,,,,,,,,,,,,,6,10
1790036371.5434582,ATTITUDE,,,,,,,,,,,,,,,0.002448000479489565,0.0020615484099835157,0.792840838432312,,
1790036371.5449696,RAW_IMU,,,,,,,,,0,0,-1057,2,2,2,,,,,
1790036371.5640678,ATTITUDE,,,,,,,,,,,,,,,0.0024488065391778946,0.0020628899801522493,0.7928435802459717,,
1790036371.5659149,RAW_IMU,,,,,,,,,0,0,-1057,2,2,2,,,,,
1790036371.5837848,ATTITUDE,,,,,,,,,,,,,,,0.0024497557897120714,0.002064279979094863,0.7928417921066284,,
1790036371.5854478,RAW_IMU,,,,,,,,,0,0,-1058,2,2,2,,,,,
1790036371.6041224,ATTITUDE,,,,,,,,,,,,,,,0.002451476640999317,0.002067005494609475,0.7928413152694702,,
1790036371.6054606,RAW_IMU,,,,,,,,,0,0,-1059,2,2,2,,,,,
1790036371.6245985,ATTITUDE,,,,,,,,,,,,,,,0.0024528070352971554,0.0020681193564087152,0.7928422093391418,,
1790036371.6265893,RAW_IMU,,,,,,,,,0,0,-1060,2,2,2,,,,,
1790036371.6526413,GLOBAL_POSITION_INT,-35.361131,149.1678505,581.31,0.103,-0.02,0.0,-0.32,45.42,,,,,,,,,,,
1790036371.6540072,GPS_RAW_INT,,,,,,,,,,,,,,,,,,6,10
1790036371.65439,ATTITUDE,,,,,,,,,,,,,,,0.0024545369669795036,0.0020701494067907333,0.7928458452224731,,
1790036371.6549885,RAW_IMU,,,,,,,,,0,0,-1060,2,2,2,,,,,
1790036371.6605752,ATTITUDE,,,,,,,,,,,,,,,0.0024580913595855236,0.002072870498523116,0.7928498387336731,,
1790036371.6616802,RAW_IMU,,,,,,,,,0,0,-1062,2,2,2,,,,,
1790036371.6818602,ATTITUDE,,,,,,,,,,,,,,,0.002461153082549572,0.002077136654406786,0.7928494811058044,,
1790036371.6833055,RAW_IMU,,,,,,,,,0,0,-1062,2,2,2,,,,,
1790036371.7012677,ATTITUDE,,,,,,,,,,,,,,,0.002353973686695099,0.001976818311959505,0.7928481698036194,,
1790036371.7032454,RAW_IMU,,,,,,,,,0,0,-1096,-1,-1,2,,,,,
1790036371.7209294,ATTITUDE,,,,,,,,,,,,,,,0.001935227308422327,0.0015956180868670344,0.7928456664085388,,
1790036371.722364,RAW_IMU,,,,,,,,,0,0,-1295,-17,-15,2,,,,,
1790036371.7404735,GLOBAL_POSITION_INT,-35.361131,149.1678505,581.35,0.14,-0.02,0.0,-0.5,45.42,,,,,,,,,,,
1790036371.7416518,GPS_RAW_INT,,,,,,,,,,,,,,,,,,6,10
1790036371.7432957,ATTITUDE,,,,,,,,,,,,,,,0.0015230488497763872,0.0012226420221850276,0.7928438782691956,,
1790036371.744885,RAW_IMU,,,,,,,,,0,0,-1464,-18,-16,2,,,,,
1790036371.761097,ATTITUDE,,,,,,,,,,,,,,,0.0010584212141111493,0.0007931137224659324,0.7928387522697449,,
1790036371.762018,RAW_IMU,,,,,,,,,0,0,-1543,-20,-18,2,,,,,
1790036371.780694,ATTITUDE,,,,,,,,,,,,,,,0.0005725197261199355,0.00034338838304392993,0.7928276062011719,,
1790036371.7822897,RAW_IMU,,,,,,,,,0,0,-1558,-22,-20,1,,,,,
1790036371.8014135,ATTITUDE,,,,,,,,,,,,,,,0.00011110438936157152,-7.876822928665206e-05,0.7928160429000854,,
1790036371.8026953,RAW_IMU,,,,,,,,,0,0,-1536,-20,-18,1,,,,,
1790036371.8215754,ATTITUDE,,,,,,,,,,,,,,,-0.0003277259529568255,-0.0005046402802690864,0.7928052544593811,,
1790036371.822671,RAW_IMU,,,,,,,,,-1,1,-1493,-19,-18,1,,,,,
1790036371.841003,GLOBAL_POSITION_INT,-35.361131,149.1678505,581.42,0.216,-0.02,0.0,-1.01,45.42,,,,,,,,,,,
1790036371.8422487,GPS_RAW_INT,,,,,,,,,,,,,,,,,,6,10
1790036371.8438635,ATTITUDE,,,,,,,,,,,,,,,-0.0007441255729645491,-0.0009010809008032084,0.7927931547164917,,
1790036371.8452172,RAW_IMU,,,,,,,,,-1,1,-1437,-18,-17,1,,,,,
1790036371.8616266,ATTITUDE,,,,,,,,,,,,,,,-0.00112343009095639,-0.0012686304980888963,0.7927835583686829,,
1790036371.8634489,RAW_IMU,,,,,,,,,-1,1,-1374,-16,-16,1,,,,,
1790036371.90452,ATTITUDE,,,,,,,,,,,,,,,-0.0014513918431475759,-0.0016035536536946893,0.7927688360214233,,
1790036371.9055493,RAW_IMU,,,,,,,,,-1,1,-1309,-14,-14,1,,,,,
1790036371.906457,ATTITUDE,,,,,,,,,,,,,,,-0.0017489888705313206,-0.001891536288894713,0.7927539944648743,,
1790036371.9076078,RAW_IMU,,,,,,,,,-1,1,-1245,-12,-12,1,,,,,
1790036371.9230227,ATTITUDE,,,,,,,,,,,,,,,-0.002003283938392997,-0.0021541640162467957,0.7927402853965759,,
1790036371.9242072,RAW_IMU,,,,,,,,,-1,1,-1185,-10,-10,1,,,,,
1790036371.936285,GLOBAL_POSITION_INT,-35.361131,149.1678505,581.54,0.33,-0.01,0.0,-1.26,45.42,,,,,,,,,,,
1790036371.9379277,GPS_RAW_INT,,,,,,,,,,,,,,,,,,6,10
1790036371.9423084,ATTITUDE,,,,,,,,,,,,,,,-0.002246137475594878,-0.0023709475062787533,0.7927265167236328,,
1790036371.9438403,RAW_IMU,,,,,,,,,-1,1,-1129,-9,-8,1,,,,,
1790036371.9620514,ATTITUDE,,,,,,,,,,,,,,,-0.0024404164869338274,-0.0025454764254391193,0.7927147746086121,,
1790036371.963595,RAW_IMU,,,,,,,,,-1,1,-1080,-7,-6,1,,,,,
1790036371.981202,ATTITUDE,,,,,,,,,,,,,,,-0.002581138862296939,-0.002677308162674308,0.7926976680755615,,
1790036371.9820423,RAW_IMU,,,,,,,,,-1,1,-1038,-4,-4,1,,,,,
1790036372.001795,ATTITUDE,,,,,,,,,,,,,,,-0.002702621975913644,-0.002771771512925625,0.7926807403564453,,
1790036372.0029922,RAW_IMU,,,,,,,,,-1,0,-1004,-3,-2,1,,,,,
1790036372.0222428,ATTITUDE,,,,,,,,,,,,,,,-0.002813223982229829,-0.0028595244511961937,0.7926660180091858,,
1790036372.0244856,RAW_IMU,,,,,,,,,0,0,-977,-3,-2,1,,,,,
1790036372.0358832,GLOBAL_POSITION_INT,-35.361131,149.1678505,581.66,0.456,-0.01,0.0,-1.27,45.41,,,,,,,,,,,
1790036372.0365694,GPS_RAW_INT,,,,,,,,,,,,,,,,,,6,10
1790036372.0423627,ATTITUDE,,,,,,,,,,,,,,,-0.0028436053544282913,-0.002865377813577652,0.7926535606384277,,
1790036372.0438502,RAW_IMU,,,,,,,,,0,0,-957,0,1,1,,,,,
1790036372.062191,ATTITUDE,,,,,,,,,,,,,,,-0.002845844952389598,-0.0028557926416397095,0.7926425933837891,,
1790036372.063418,RAW_IMU,,,,,,,,,0,0,-944,2,3,1,,,,,
1790036372.0812562,ATTITUDE,,,,,,,,,,,,,,,-0.0028145485557615757,-0.0028091592248529196,0.7926285266876221,,
1790036372.0822418,RAW_IMU,,,,,,,,,0,0,-937,3,4,1,,,,,
1790036372.1015885,ATTITUDE,,,,,,,,,,,,,,,-0.002734202891588211,-0.0027267502155154943,0.7926151156425476,,
1790036372.103332,RAW_IMU,,,,,,,,,0,0,-935,6,6,1,,,,,
1790036372.122665,ATTITUDE,,,,,,,,,,,,,,,-0.002655219519510865,-0.002644894877448678,0.7926047444343567,,
1790036372.124326,RAW_IMU,,,,,,,,,0,0,-937,6,6,1,,,,,
1790036372.159143,GLOBAL_POSITION_INT,-35.361131,149.1678505,581.78,0.576,0.0,0.0,-1.21,45.41,,,,,,,,,,,
1790036372.1600544,GPS_RAW_INT,,,,,,,,,,,,,,,,,,6,10
1790036372.1609674,ATTITUDE,,,,,,,,,,,,,,,-0.0025754766538739204,-0.0025607270654290915,0.7925969362258911,,
1790036372.162036,RAW_IMU,,,,,,,,,0,0,-944,6,6,1,,,,,
1790036372.1640482,ATTITUDE,,,,,,,,,,,,,,,-0.0024183737114071846,-0.002416281495243311,0.7925902605056763,,
1790036372.1650279,RAW_IMU,,,,,,,,,0,0,-954,9,9,1,,,,,
1790036372.1840427,ATTITUDE,,,,,,,,,,,,,,,-0.0022553885355591774,-0.002253396436572075,0.7925800085067749,,
1790036372.1857054,RAW_IMU,,,,,,,,,0,0,-965,10,10,1,,,,,
1790036372.2038093,ATTITUDE,,,,,,,,,,,,,,,-0.0020606140606105328,-0.002053451258689165,0.7925705909729004,,
1790036372.2049663,RAW_IMU,,,,,,,,,0,0,-978,11,12,2,,,,,
1790036372.2236805,ATTITUDE,,,,,,,,,,,,,,,-0.001822998863644898,-0.0018301161471754313,0.7925630807876587,,
1790036372.224753,RAW_IMU,,,,,,,,,0,0,-992,14,13,2,,,,,
1790036372.2374454,GLOBAL_POSITION_INT,-35.361131,149.1678505,581.9,0.693,0.0,0.0,-1.19,45.41,,,,,,,,,,,
1790036372.238149,GPS_RAW_INT,,,,,,,,,,,,,,,,,,6,10
1790036372.2443311,ATTITUDE,,,,,,,,,,,,,,,-0.001578649622388184,-0.001600677496753633,0.7925567030906677,,
1790036372.2450867,RAW_IMU,,,,,,,,,0,0,-1006,14,13,1,,,,,
1790036372.2641647,ATTITUDE,,,,,,,,,,,,,,,-0.0013302023289725184,-0.00135254324413836,0.7925545573234558,,
1790036372.2658238,RAW_IMU,,,,,,,,,0,0,-1020,14,14,2,,,,,
1790036372.2850914,ATTITUDE,,,,,,,,,,,,,,,-0.0010666565503925085,-0.0011069831671193242,0.7925475239753723,,
1790036372.2862473,RAW_IMU,,,,,,,,,0,0,-1033,15,14,2,,,,,
1790036372.3051867,ATTITUDE,,,,,,,,,,,,,,,-0.0008014055201783776,-0.0008657093858346343,0.7925423979759216,,
1790036372.306344,RAW_IMU,,,,,,,,,0,0,-1046,15,14,2,,,,,
1790036372.3252678,ATTITUDE,,,,,,,,,,,,,,,-0.0005313985166139901,-0.0006192860309965909,0.7925406694412231,,
1790036372.3262122,RAW_IMU,,,,,,,,,0,0,-1057,15,14,2,,,,,
1790036372.3386686,GLOBAL_POSITION_INT,-35.361131,149.1678505,582.02,0.813,0.0,0.0,-1.23,45.4,,,,,,,,,,,
1790036372.339331,GPS_RAW_INT,,,,,,,,,,,,,,,,,,6,10
1790036372.3449805,ATTITUDE,,,,,,,,,,,,,,,-0.0002550646604504436,-0.0003738125669769943,0.7925390601158142,,
1790036372.3462133,RAW_IMU,,,,,,,,,0,0,-1067,16,14,2,,,,,
1790036372.365147,ATTITUDE,,,,,,,,,,,,,,,7.20734215065022e-06,-0.00013939001655671746,0.7925408482551575,,
1790036372.3671355,RAW_IMU,,,,,,,,,0,0,-1075,15,14,2,,,,,
1790036372.403664,ATTITUDE,,,,,,,,,,,,,,,0.00025888654636219144,8.402714593103155e-05,0.7925373315811157,,
1790036372.404827,RAW_IMU,,,,,,,,,0,0,-1082,14,13,2,,,,,
1790036372.4063928,ATTITUDE,,,,,,,,,,,,,,,0.0004986639251001179,0.0002965983876492828,0.792533278465271,,
1790036372.4078786,RAW_IMU,,,,,,,,,0,0,-1089,14,13,2,,,,,
1790036372.4207811,ATTITUDE,,,,,,,,,,,,,,,0.000727078237105161,0.0005049554165452719,0.7925312519073486,,
1790036372.422524,RAW_IMU,,,,,,,,,0,0,-1094,13,12,2,,,,,
1790036372.441396,GLOBAL_POSITION_INT,-35.361131,149.1678505,582.15,0.943,0.0,0.0,-1.31,45.4,,,,,,,,,,,
1790036372.442973,GPS_RAW_INT,,,,,,,,,,,,,,,,,,6,10
1790036372.4443512,ATTITUDE,,,,,,,,,,,,,,,0.0010110926814377308,0.000770268146879971,0.7925326824188232,,
1790036372.4458132,RAW_IMU,,,,,,,,,0,0,-1097,16,15,2,,,,,
1790036372.4620075,ATTITUDE,,,,,,,,,,,,,,,0.0012911147205159068,0.0010269386693835258,0.7925349473953247,,
1790036372.463907,RAW_IMU,,,,,,,,,0,0,-1100,16,15,2,,,,,
1790036372.4837015,ATTITUDE,,,,,,,,,,,,,,,0.0014923542039468884,0.001220145495608449,0.7925338745117188,,
1790036372.4847686,RAW_IMU,,,,,,,,,0,0,-1101,12,12,2,,,,,
1790036372.5060325,ATTITUDE,,,,,,,,,,,,,,,0.0016725920140743256,0.0013966059777885675,0.7925347685813904,,
1790036372.5078034,RAW_IMU,,,,,,,,,0,0,-1103,11,11,2,,,,,
1790036372.520906,ATTITUDE,,,,,,,,,,,,,,,0.0018412228673696518,0.0015640718629583716,0.7925352454185486,,
1790036372.522772,RAW_IMU,,,,,,,,,0,0,-1104,10,10,2,,,,,
1790036372.5412028,GLOBAL_POSITION_INT,-35.361131,149.1678505,582.29,1.082,0.0,0.0,-1.41,45.4,,,,,,,,,,,
1790036372.542453,GPS_RAW_INT,,,,,,,,,,,,,,,,,,6,10
1790036372.5444567,ATTITUDE,,,,,,,,,,,,,,,0.0020533278584480286,0.0017614328535273671,0.792536735534668,,
1790036372.5460901,RAW_IMU,,,,,,,,,0,0,-1104,12,12,2,,,,,
1790036372.5670269,ATTITUDE,,,,,,,,,,,,,,,0.0022105094976723194,0.0019121798686683178,0.7925412058830261,,
1790036372.5678802,RAW_IMU,,,,,,,,,0,0,-1103,10,10,2,,,,,
1790036372.582309,ATTITUDE,,,,,,,,,,,,,,,0.002435849979519844,0.002117186551913619,0.7925400137901306,,
1790036372.5835125,RAW_IMU,,,,,,,,,0,0,-1102,13,12,2,,,,,
1790036372.6027794,ATTITUDE,,,,,,,,,,,,,,,0.0025794743560254574,0.0022509463597089052,0.7925390005111694,,
1790036372.604566,RAW_IMU,,,,,,,,,0,0,-1102,10,9,2,,,,,
1790036372.6232116,ATTITUDE,,,,,,,,,,,,,,,0.002734767273068428,0.0023929018061608076,0.7925395965576172,,
1790036372.6254892,RAW_IMU,,,,,,,,,0,0,-1102,9,9,2,,,,,
1790036372.6645615,GLOBAL_POSITION_INT,-35.361131,149.1678505,582.44,1.232,0.0,0.0,-1.51,45.4,,,,,,,,,,,
1790036372.6659038,GPS_RAW_INT,,,,,,,,,,,,,,,,,,6,10
1790036372.667155,ATTITUDE,,,,,,,,,,,,,,,0.0028930234257131815,0.002532381797209382,0.7925413250923157,,
1790036372.668766,RAW_IMU,,,,,,,,,0,0,-1100,10,9,2,,,,,
1790036372.669368,ATTITUDE,,,,,,,,,,,,,,,0.0030310251750051975,0.0026791803538799286,0.7925447225570679,,
1790036372.6708078,RAW_IMU,,,,,,,,,0,0,-1100,9,9,2,,,,,
1790036372.6851172,ATTITUDE,,,,,,,,,,,,,,,0.003157541621476412,0.0028252911288291216,0.7925429940223694,,
1790036372.6870937,RAW_IMU,,,,,,,,,0,0,-1100,8,9,2,,,,,
1790036372.7052102,ATTITUDE,,,,,,,,,,,,,,,0.003297731513157487,0.0029374423902481794,0.7925412058830261,,
1790036372.7070103,RAW_IMU,,,,,,,,,0,0,-1099,9,8,2,,,,,
1790036372.7251484,ATTITUDE,,,,,,,,,,,,,,,0.0034445372875779867,0.003029040526598692,0.7925413846969604,,
1790036372.7262666,RAW_IMU,,,,,,,,,0,0,-1098,9,7,2,,,,,
1790036372.7388313,GLOBAL_POSITION_INT,-35.3611309,149.1678505,582.6,1.391,0.0,0.0,-1.61,45.4,,,,,,,,,,,
1790036372.7392607,GPS_RAW_INT,,,,,,,,,,,,,,,,,,6,10
1790036372.7449806,ATTITUDE,,,,,,,,,,,,,,,0.003531763330101967,0.0031502919737249613,0.7925435900688171,,
1790036372.7458487,RAW_IMU,,,,,,,,,0,0,-1099,7,8,2,,,,,
1790036372.7651134,ATTITUDE,,,,,,,,,,,,,,,0.003629491198807955,0.003259402234107256,0.7925477027893066,,
1790036372.766471,RAW_IMU,,,,,,,,,0,0,-1098,6,8,2,,,,,
1790036372.7849154,ATTITUDE,,,,,,,,,,,,,,,0.003778076497837901,0.0033165784552693367,0.7925480008125305,,
1790036372.7865958,RAW_IMU,,,,,,,,,0,0,-1099,9,5,2,,,,,
1790036372.8055022,ATTITUDE,,,,,,,,,,,,,,,0.003845129394903779,0.003419326152652502,0.7925485372543335,,
1790036372.8070877,RAW_IMU,,,,,,,,,0,0,-1099,6,7,2,,,,,
1790036372.8251927,ATTITUDE,,,,,,,,,,,,,,,0.003901229240000248,0.0035360369365662336,0.7925516366958618,,
1790036372.8265054,RAW_IMU,,,,,,,,,0,0,-1099,4,8,2,,,,,
1790036372.8388457,GLOBAL_POSITION_INT,-35.3611309,149.1678505,582.77,1.56,0.0,0.0,-1.7,45.41,,,,,,,,,,,
1790036372.8392773,GPS_RAW_INT,,,,,,,,,,,,,,,,,,6,10
1790036372.8450177,ATTITUDE,,,,,,,,,,,,,,,0.004036596976220608,0.003565850667655468,0.792556643486023,,
1790036372.8458843,RAW_IMU,,,,,,,,,0,0,-1100,8,4,2,,,,,
1790036372.8650234,ATTITUDE,,,,,,,,,,,,,,,0.004125493112951517,0.003634099382907152,0.7925630807876587,,
1790036372.8663688,RAW_IMU,,,,,,,,,0,0,-1100,7,5,2,,,,,
1790036372.9064224,ATTITUDE,,,,,,,,,,,,,,,0.004138570744544268,0.0037384643219411373,0.792563796043396,,
1790036372.9075484,RAW_IMU,,,,,,,,,0,0,-1101,2,7,2,,,,,
1790036372.9092453,ATTITUDE,,,,,,,,,,,,,,,0.0042031509801745415,0.0037996028549969196,0.7925659418106079,,
1790036372.911379,RAW_IMU,,,,,,,,,0,0,-1101,5,5,2,,,,,
1790036372.9256408,ATTITUDE,,,,,,,,,,,,,,,0.0042518689297139645,0.0038083496037870646,0.7925679087638855,,
1790036372.9272296,RAW_IMU,,,,,,,,,0,0,-1102,5,2,2,,,,,
1790036372.9393904,GLOBAL_POSITION_INT,-35.3611309,149.1678505,582.94,1.739,0.0,0.0,-1.8,45.41,,,,,,,,,,,
1790036372.9404278,GPS_RAW_INT,,,,,,,,,,,,,,,,,,6,10
1790036372.9453518,ATTITUDE,,,,,,,,,,,,,,,0.0042979479767382145,0.003837359370663762,0.7925722599029541,,
1790036372.9469514,RAW_IMU,,,,,,,,,0,0,-1102,4,3,2,,,,,
1790036372.9656746,ATTITUDE,,,,,,,,,,,,,,,0.004376818425953388,0.0039038383401930332,0.7925770878791809,,
1790036372.9667933,RAW_IMU,,,,,,,,,0,0,-1104,6,5,2,,,,,
1790036372.9859812,ATTITUDE,,,,,,,,,,,,,,,0.004449507687240839,0.003965137526392937,0.7925755977630615,,
1790036372.9870434,RAW_IMU,,,,,,,,,0,0,-1103,6,5,2,,,,,
1790036373.005665,ATTITUDE,,,,,,,,,,,,,,,0.004454911220818758,0.003973953891545534,0.7925744652748108,,
1790036373.0068202,RAW_IMU,,,,,,,,,0,0,-1105,3,3,2,,,,,
1790036373.0207126,ATTITUDE,,,,,,,,,,,,,,,0.004450267646461725,0.0039768218994140625,0.7925748229026794,,
1790036373.021794,RAW_IMU,,,,,,,,,0,0,-1105,2,2,2,,,,,
1790036373.0403602,GLOBAL_POSITION_INT,-35.3611309,149.1678505,583.13,1.927,0.0,0.0,-1.9,45.41,,,,,,,,,,,
1790036373.0417001,GPS_RAW_INT,,,,,,,,,,,,,,,,,,6,10
1790036373.0427752,ATTITUDE,,,,,,,,,,,,,,,0.004458189010620117,0.003984635695815086,0.7925758957862854,,
1790036373.0443559,RAW_IMU,,,,,,,,,0,0,-1104,2,2,2,,,,,
1790036373.061155,ATTITUDE,,,,,,,,,,,,,,,0.004511578474193811,0.004007821902632713,0.7925788760185242,,
1790036373.0621872,RAW_IMU,,,,,,,,,0,0,-1106,4,3,2,,,,,
1790036373.0818102,ATTITUDE,,,,,,,,,,,,,,,0.004563916940242052,0.004030017647892237,0.7925771474838257,,
1790036373.083433,RAW_IMU,,,,,,,,,0,0,-1106,5,3,2,,,,,
1790036373.1028337,ATTITUDE,,,,,,,,,,,,,,,0.00458023464307189,0.004028845578432083,0.7925752997398376,,
1790036373.1042225,RAW_IMU,,,,,,,,,0,0,-1106,3,2,2,,,,,
1790036373.1231554,ATTITUDE,,,,,,,,,,,,,,,0.004560730420053005,0.003978049382567406,0.7925763726234436,,
1790036373.1245441,RAW_IMU,,,,,,,,,0,0,-1107,1,0,2,,,,,
1790036373.155198,GLOBAL_POSITION_INT,-35.3611309,149.1678505,583.33,2.126,-0.01,0.0,-2.01,45.41,,,,,,,,,,,
1790036373.156137,GPS_RAW_INT,,,,,,,,,,,,,,,,,,6,10
1790036373.1575618,ATTITUDE,,,,,,,,,,,,,,,0.004568710923194885,0.003940352238714695,0.792577862739563,,
1790036373.158844,RAW_IMU,,,,,,,,,0,0,-1107,2,0,2,,,,,
1790036373.1641576,ATTITUDE,,,,,,,,,,,,,,,0.004575589206069708,0.003904434386640787,0.7925812005996704,,
1790036373.164849,RAW_IMU,,,,,,,,,0,0,-1106,2,0,2,,,,,
1790036373.1842272,ATTITUDE,,,,,,,,,,,,,,,0.00454431539401412,0.003909033257514238,0.792579710483551,,
1790036373.185834,RAW_IMU,,,,,,,,,0,0,-1107,1,2,2,,,,,
1790036373.204451,ATTITUDE,,,,,,,,,,,,,,,0.004495503380894661,0.00393343111500144,0.7925774455070496,,
1790036373.2054722,RAW_IMU,,,,,,,,,0,0,-1108,0,3,2,,,,,
1790036373.2245095,ATTITUDE,,,,,,,,,,,,,,,0.004450500477105379,0.003959712106734514,0.7925779819488525,,
1790036373.2260697,RAW_IMU,,,,,,,,,0,0,-1107,0,3,2,,,,,
1790036373.238236,GLOBAL_POSITION_INT,-35.3611309,149.1678505,583.54,2.336,-0.01,0.0,-2.11,45.41,,,,,,,,,,,
1790036373.2398114,GPS_RAW_INT,,,,,,,,,,,,,,,,,,6,10
1790036373.244243,ATTITUDE,,,,,,,,,,,,,,,0.004422676749527454,0.00394823681563139,0.792578399181366,,
1790036373.2454355,RAW_IMU,,,,,,,,,0,0,-1107,0,2,2,,,,,
1790036373.264195,ATTITUDE,,,,,,,,,,,,,,,0.0044207447208464146,0.003895527683198452,0.7925810813903809,,
1790036373.2654748,RAW_IMU,,,,,,,,,0,0,-1108,2,0,2,,,,,
1790036373.284328,ATTITUDE,,,,,,,,,,,,,,,0.004420513287186623,0.003848262829706073,0.7925776839256287,,
1790036373.2860613,RAW_IMU,,,,,,,,,0,0,-1107,2,0,2,,,,,
1790036373.3045478,ATTITUDE,,,,,,,,,,,,,,,0.004416190087795258,0.003798490157350898,0.792575478553772,,
1790036373.306182,RAW_IMU,,,,,,,,,0,0,-1106,2,0,2,,,,,
1790036373.324265,ATTITUDE,,,,,,,,,,,,,,,0.004345672205090523,0.0037829403299838305,0.7925750613212585,,
1790036373.3254154,RAW_IMU,,,,,,,,,0,0,-1108,0,1,2,,,,,
1790036373.338109,GLOBAL_POSITION_INT,-35.3611309,149.1678505,583.76,2.556,-0.01,0.0,-2.22,45.41,,,,,,,,,,,
1790036373.3389904,GPS_RAW_INT,,,,,,,,,,,,,,,,,,6,10
1790036373.3441293,ATTITUDE,,,,,,,,,,,,,,,0.004267162177711725,0.003774117212742567,0.7925763726234436,,
1790036373.3457074,RAW_IMU,,,,,,,,,0,0,-1107,-1,2,2,,,,,
1790036373.364129,ATTITUDE,,,,,,,,,,,,,,,0.00419402401894331,0.003766017034649849,0.7925772666931152,,
1790036373.3651376,RAW_IMU,,,,,,,,,0,0,-1106,-1,2,2,,,,,
1790036373.4034882,ATTITUDE,,,,,,,,,,,,,,,0.004164391662925482,0.0037544812075793743,0.792573869228363,,
1790036373.4046838,RAW_IMU,,,,,,,,,0,0,-1106,0,2,2,,,,,
1790036373.4069035,ATTITUDE,,,,,,,,,,,,,,,0.004139533266425133,0.0037327203899621964,0.792571485042572,,
1790036373.4088855,RAW_IMU,,,,,,,,,0,0,-1107,1,1,2,,,,,
1790036373.4259129,ATTITUDE,,,,,,,,,,,,,,,0.0040744696743786335,0.003747958457097411,0.7925718426704407,,
1790036373.427274,RAW_IMU,,,,,,,,,0,0,-1103,0,3,2,,,,,
1790036373.439164,GLOBAL_POSITION_INT,-35.3611308,149.1678505,583.99,2.786,-0.01,0.0,-2.32,45.41,,,,,,,,,,,
1790036373.4401815,GPS_RAW_INT,,,,,,,,,,,,,,,,,,6,10
1790036373.4457815,ATTITUDE,,,,,,,,,,,,,,,0.00409527774900198,0.003735989099368453,0.7925702929496765,,
1790036373.4468439,RAW_IMU,,,,,,,,,0,0,-1100,3,2,2,,,,,
1790036373.4651604,ATTITUDE,,,,,,,,,,,,,,,0.004079886246472597,0.003731549484655261,0.7925714254379272,,
1790036373.4670312,RAW_IMU,,,,,,,,,0,0,-1095,2,2,2,,,,,
1790036373.4865613,ATTITUDE,,,,,,,,,,,,,,,0.0040787747129797935,0.0037232732865959406,0.7730549573898315,,
1790036373.4875233,RAW_IMU,,,,,,,,,0,0,-1089,2,2,2,,,,,
1790036373.501502,ATTITUDE,,,,,,,,,,,,,,,0.004067025147378445,0.0037036375142633915,0.7730604410171509,,
1790036373.5026321,RAW_IMU,,,,,,,,,0,0,-1084,1,1,2,,,,,
1790036373.5217173,ATTITUDE,,,,,,,,,,,,,,,0.004048566799610853,0.0036855197977274656,0.7730678915977478,,
1790036373.5231082,RAW_IMU,,,,,,,,,0,0,-1079,1,1,2,,,,,
1790036373.5410156,GLOBAL_POSITION_INT,-35.3611308,149.1678505,584.23,3.028,-0.02,0.0,-2.4,44.29,,,,,,,,,,,
1790036373.5421817,GPS_RAW_INT,,,,,,,,,,,,,,,,,,6,10
1790036373.5439188,ATTITUDE,,,,,,,,,,,,,,,0.004026610869914293,0.0036699697375297546,0.7730761170387268,,
1790036373.545619,RAW_IMU,,,,,,,,,0,0,-1074,1,1,2,,,,,
1790036373.563224,ATTITUDE,,,,,,,,,,,,,,,0.004012966062873602,0.0036547111812978983,0.7730855941772461,,
1790036373.5649211,RAW_IMU,,,,,,,,,0,0,-1069,1,1,2,,,,,
1790036373.5815725,ATTITUDE,,,,,,,,,,,,,,,0.004006999544799328,0.003653791267424822,0.773308515548706,,
1790036373.5823293,RAW_IMU,,,,,,,,,0,0,-1064,1,2,2,,,,,
1790036373.6063693,ATTITUDE,,,,,,,,,,,,,,,0.003995961043983698,0.0036439395043998957,0.7735605239868164,,
1790036373.6080763,RAW_IMU,,,,,,,,,0,0,-1060,1,1,2,,,,,
1790036373.621554,ATTITUDE,,,,,,,,,,,,,,,0.004000751301646233,0.003648750949651003,0.7738131284713745,,
1790036373.6231854,RAW_IMU,,,,,,,,,0,0,-1055,2,2,2,,,,,
1790036373.6556933,GLOBAL_POSITION_INT,-35.3611308,149.1678505,584.48,3.274,-0.02,0.0,-2.46,44.34,,,,,,,,,,,
1790036373.6565988,GPS_RAW_INT,,,,,,,,,,,,,,,,,,6,10
1790036373.6580017,ATTITUDE,,,,,,,,,,,,,,,0.003991210367530584,0.003654159838333726,0.7740643620491028,,
1790036373.6590853,RAW_IMU,,,,,,,,,0,0,-1051,1,2,2,,,,,
1790036373.6624775,ATTITUDE,,,,,,,,,,,,,,,0.003981939982622862,0.0036424058489501476,0.7743135094642639,,
1790036373.6635582,RAW_IMU,,,,,,,,,0,0,-1047,1,1,2,,,,,
1790036373.682164,ATTITUDE,,,,,,,,,,,,,,,0.003964685369282961,0.00363161345012486,0.7745221853256226,,
1790036373.6834269,RAW_IMU,,,,,,,,,0,0,-1043,1,1,1,,,,,
1790036373.7021134,ATTITUDE,,,,,,,,,,,,,,,0.003938079345971346,0.0036206659860908985,0.7747014760971069,,
1790036373.7035542,RAW_IMU,,,,,,,,,0,0,-1040,0,1,1,,,,,
1790036373.7225487,ATTITUDE,,,,,,,,,,,,,,,0.003913077060133219,0.0035945496056228876,0.7748488783836365,,
1790036373.724581,RAW_IMU,,,,,,,,,0,0,-1036,0,1,1,,,,,
1790036373.7366805,GLOBAL_POSITION_INT,-35.3611308,149.1678505,584.73,3.526,-0.02,0.0,-2.5,44.4,,,,,,,,,,,
1790036373.7376657,GPS_RAW_INT,,,,,,,,,,,,,,,,,,6,10
1790036373.7432184,ATTITUDE,,,,,,,,,,,,,,,0.003888872917741537,0.0035675554536283016,0.7749657034873962,,
1790036373.7441964,RAW_IMU,,,,,,,,,0,0,-1033,0,0,0,,,,,
1790036373.7634876,ATTITUDE,,,,,,,,,,,,,,,0.0038545315619558096,0.003541793907061219,0.7750503420829773,,
1790036373.7644932,RAW_IMU,,,,,,,,,0,0,-1030,0,0,0,,,,,
1790036373.7837498,ATTITUDE,,,,,,,,,,,,,,,0.0038265797775238752,0.0035183050204068422,0.7750896215438843,,
1790036373.7851508,RAW_IMU,,,,,,,,,0,0,-1027,0,1,0,,,,,
1790036373.8035724,ATTITUDE,,,,,,,,,,,,,,,0.003806784050539136,0.0034963013604283333,0.775100827217102,,
1790036373.8051682,RAW_IMU,,,,,,,,,0,0,-1024,1,1,0,,,,,
1790036373.8236094,ATTITUDE,,,,,,,,,,,,,,,0.003790578804910183,0.003476728219538927,0.7750845551490784,,
1790036373.8244903,RAW_IMU,,,,,,,,,0,0,-1021,1,1,0,,,,,
1790036373.8362918,GLOBAL_POSITION_INT,-35.3611308,149.1678505,584.99,3.781,-0.02,0.0,-2.52,44.4,,,,,,,,,,,
1790036373.8369818,GPS_RAW_INT,,,,,,,,,,,,,,,,,,6,10
1790036373.8426344,ATTITUDE,,,,,,,,,,,,,,,0.0037753379438072443,0.003459180472418666,0.7750440239906311,,
1790036373.8440104,RAW_IMU,,,,,,,,,0,0,-1018,1,1,-1,,,,,
1790036373.8611703,ATTITUDE,,,,,,,,,,,,,,,0.003760840045288205,0.0034425489138811827,0.7749834656715393,,
1790036373.862334,RAW_IMU,,,,,,,,,0,0,-1016,1,1,-1,,,,,
1790036373.900209,ATTITUDE,,,,,,,,,,,,,,,0.0037429616786539555,0.00342750851996243,0.7748984694480896,,
1790036373.902101,RAW_IMU,,,,,,,,,0,0,-1014,1,1,-1,,,,,
1790036373.9036589,ATTITUDE,,,,,,,,,,,,,,,0.003710953053086996,0.003383317729458213,0.774800181388855,,
1790036373.9049563,RAW_IMU,,,,,,,,,0,0,-1011,0,0,-2,,,,,
1790036373.922231,ATTITUDE,,,,,,,,,,,,,,,0.0036709094420075417,0.0033413120545446873,0.7746938467025757,,
1790036373.9236066,RAW_IMU,,,,,,,,,0,0,-1010,0,0,-2,,,,,
1790036373.9407346,GLOBAL_POSITION_INT,-35.3611308,149.1678505,585.24,4.038,-0.03,0.0,-2.53,44.38,,,,,,,,,,,
1790036373.942093,GPS_RAW_INT,,,,,,,,,,,,,,,,,,6,10
1790036373.9432714,ATTITUDE,,,,,,,,,,,,,,,0.003622785210609436,0.0033294144086539745,0.7745802998542786,,
1790036373.9446173,RAW_IMU,,,,,,,,,0,0,-1007,0,1,-2,,,,,
1790036373.9612706,ATTITUDE,,,,,,,,,,,,,,,0.0035960120148956776,0.0032807448878884315,0.7744614481925964,,
1790036373.9621334,RAW_IMU,,,,,,,,,0,0,-1006,0,0,-2,,,,,
1790036373.9811368,ATTITUDE,,,,,,,,,,,,,,,0.0035891698207706213,0.00322789722122252,0.7743356227874756,,
1790036373.9821537,RAW_IMU,,,,,,,,,0,0,-1004,2,0,-3,,,,,
1790036374.001282,ATTITUDE,,,,,,,,,,,,,,,0.0035789923276752234,0.0032405077945441008,0.7742123603820801,,
1790036374.0028908,RAW_IMU,,,,,,,,,0,0,-1002,1,2,-2,,,,,
1790036374.021448,ATTITUDE,,,,,,,,,,,,,,,0.0035388607066124678,0.003235028823837638,0.7740902900695801,,
1790036374.0225534,RAW_IMU,,,,,,,,,0,0,-1001,0,2,-2,,,,,
1790036374.0410151,GLOBAL_POSITION_INT,-35.3611308,149.1678505,585.5,4.295,-0.03,0.0,-2.54,44.34,,,,,,,,,,,
1790036374.0424473,GPS_RAW_INT,,,,,,,,,,,,,,,,,,6,10
1790036374.044177,ATTITUDE,,,,,,,,,,,,,,,0.003501506522297859,0.0031754551455378532,0.7739741802215576,,
1790036374.0460198,RAW_IMU,,,,,,,,,0,0,-999,0,0,-2,,,,,
1790036374.0619097,ATTITUDE,,,,,,,,,,,,,,,0.003474836703389883,0.0031200810335576534,0.7738633751869202,,
1790036374.0629282,RAW_IMU,,,,,,,,,0,0,-999,0,0,-2,,,,,
1790036374.082923,ATTITUDE,,,,,,,,,,,,,,,0.003477261168882251,0.0031170917209237814,0.7737532258033752,,
1790036374.0843406,RAW_IMU,,,,,,,,,0,0,-996,2,1,-2,,,,,
1790036374.103563,ATTITUDE,,,,,,,,,,,,,,,0.003478043247014284,0.0031175329349935055,0.7736518383026123,,
1790036374.1057587,RAW_IMU,,,,,,,,,0,0,-996,2,2,-2,,,,,
1790036374.1242487,ATTITUDE,,,,,,,,,,,,,,,0.0034671928733587265,0.003070998704060912,0.7735602855682373,,
1790036374.1250494,RAW_IMU,,,,,,,,,0,0,-995,2,0,-2,,,,,
1790036374.14826,GLOBAL_POSITION_INT,-35.3611308,149.1678505,585.76,4.553,-0.03,0.0,-2.53,44.31,,,,,,,,,,,
1790036374.1500616,GPS_RAW_INT,,,,,,,,,,,,,,,,,,6,10
1790036374.151575,ATTITUDE,,,,,,,,,,,,,,,0.0034006363712251186,0.0030146525241434574,0.7734767198562622,,
1790036374.15263,RAW_IMU,,,,,,,,,0,0,-993,0,0,-1,,,,,
1790036374.1646838,ATTITUDE,,,,,,,,,,,,,,,0.0033489223569631577,0.002964896149933338,0.7734006643295288,,
1790036374.1658149,RAW_IMU,,,,,,,,,0,0,-993,0,0,-1,,,,,
1790036374.1840441,ATTITUDE,,,,,,,,,,,,,,,0.003302723402157426,0.002927843015640974,0.7733267545700073,,
1790036374.1850252,RAW_IMU,,,,,,,,,0,0,-993,0,0,-1,,,,,
1790036374.2043967,ATTITUDE,,,,,,,,,,,,,,,0.003259626217186451,0.0029212008230388165,0.7732628583908081,,
1790036374.2056735,RAW_IMU,,,,,,,,,0,0,-992,0,1,-1,,,,,
1790036374.2240667,ATTITUDE,,,,,,,,,,,,,,,0.0032583323772996664,0.0029140328988432884,0.7732097506523132,,
1790036374.2248175,RAW_IMU,,,,,,,,,0,0,-991,2,2,0,,,,,
1790036374.2379553,GLOBAL_POSITION_INT,-35.3611308,149.1678505,586.02,4.81,-0.03,0.0,-2.52,44.29,,,,,,,,,,,
1790036374.2386987,GPS_RAW_INT,,,,,,,,,,,,,,,,,,6,10
1790036374.2447402,ATTITUDE,,,,,,,,,,,,,,,0.0032163977157324553,0.002908390946686268,0.773160994052887,,
1790036374.2463138,RAW_IMU,,,,,,,,,0,0,-990,0,2,0,,,,,
1790036374.2647545,ATTITUDE,,,,,,,,,,,,,,,0.003177295671775937,0.0029022793751209974,0.7731161713600159,,
1790036374.2660358,RAW_IMU,,,,,,,,,0,0,-990,0,2,0,,,,,
1790036374.2856112,ATTITUDE,,,,,,,,,,,,,,,0.003140714019536972,0.0028765429742634296,0.7730738520622253,,
1790036374.2871094,RAW_IMU,,,,,,,,,0,0,-990,0,0,0,,,,,
1790036374.3061185,ATTITUDE,,,,,,,,,,,,,,,0.003104358445852995,0.0028911763802170753,0.7730423212051392,,
1790036374.308403,RAW_IMU,,,,,,,,,0,0,-989,0,3,0,,,,,
1790036374.3217912,ATTITUDE,,,,,,,,,,,,,,,0.0030683453660458326,0.0029040509834885597,0.7730231285095215,,
1790036374.3232021,RAW_IMU,,,,,,,,,0,0,-989,0,3,0,,,,,
1790036374.3410094,GLOBAL_POSITION_INT,-35.3611308,149.1678505,586.27,5.066,-0.03,0.0,-2.51,44.29,,,,,,,,,,,
1790036374.3426924,GPS_RAW_INT,,,,,,,,,,,,,,,,,,6,10
1790036374.343829,ATTITUDE,,,,,,,,,,,,,,,0.00302060111425817,0.002916086232289672,0.7730115652084351,,
1790036374.344622,RAW_IMU,,,,,,,,,0,0,-989,0,3,1,,,,,
1790036374.3618476,ATTITUDE,,,,,,,,,,,,,,,0.0029879948124289513,0.0029263836331665516,0.7730063796043396,,
1790036374.3634837,RAW_IMU,,,,,,,,,0,0,-988,0,2,1,,,,,
1790036374.3981018,ATTITUDE,,,,,,,,,,,,,,,0.0029684402979910374,0.0029374072328209877,0.7730000615119934,,
1790036374.399195,RAW_IMU,,,,,,,,,0,0,-988,1,2,1,,,,,
1790036374.401237,ATTITUDE,,,,,,,,,,,,,,,0.0029151199851185083,0.002948192646726966,0.7729973793029785,,
1790036374.4024184,RAW_IMU,,,,,,,,,0,0,-988,0,2,1,,,,,
1790036374.4222808,ATTITUDE,,,,,,,,,,,,,,,0.0029105262365192175,0.0029588863253593445,0.7729958891868591,,
1790036374.4236035,RAW_IMU,,,,,,,,,0,0,-988,1,2,1,,,,,
1790036374.440573,GLOBAL_POSITION_INT,-35.3611308,149.1678505,586.53,5.321,-0.03,0.0,-2.5,44.28,,,,,,,,,,,
1790036374.442197,GPS_RAW_INT,,,,,,,,,,,,,,,,,,6,10
1790036374.4431977,ATTITUDE,,,,,,,,,,,,,,,0.0029070463497191668,0.0029691748786717653,0.7729954123497009,,
1790036374.4445043,RAW_IMU,,,,,,,,,0,0,-988,2,2,1,,,,,
1790036374.4615073,ATTITUDE,,,,,,,,,,,,,,,0.002904823049902916,0.002979589393362403,0.7729950547218323,,
1790036374.46278,RAW_IMU,,,,,,,,,0,0,-988,2,2,1,,,,,
1790036374.4822705,ATTITUDE,,,,,,,,,,,,,,,0.0029029918368905783,0.002990809502080083,0.7729934453964233,,
1790036374.483552,RAW_IMU,,,,,,,,,0,0,-988,2,2,1,,,,,
1790036374.504183,ATTITUDE,,,,,,,,,,,,,,,0.0028965945821255445,0.0029976307414472103,0.7729939222335815,,
1790036374.5063498,RAW_IMU,,,,,,,,,0,0,-989,2,2,1,,,,,
1790036374.525015,ATTITUDE,,,,,,,,,,,,,,,0.0028898795135319233,0.003003012156113982,0.7729981541633606,,
1790036374.5268006,RAW_IMU,,,,,,,,,0,0,-989,2,2,1,,,,,
1790036374.5389037,GLOBAL_POSITION_INT,-35.3611308,149.1678505,586.78,5.574,-0.03,0.0,-2.49,44.28,,,,,,,,,,,
1790036374.5408528,GPS_RAW_INT,,,,,,,,,,,,,,,,,,6,10
1790036374.545111,ATTITUDE,,,,,,,,,,,,,,,0.0028860887978225946,0.0030089125502854586,0.7730018496513367,,
1790036374.54617,RAW_IMU,,,,,,,,,0,0,-989,2,2,1,,,,,
1790036374.565878,ATTITUDE,,,,,,,,,,,,,,,0.0028823018074035645,0.003015192924067378,0.7730082869529724,,
1790036374.5671413,RAW_IMU,,,,,,,,,0,0,-989,2,2,1,,,,,
1790036374.5862472,ATTITUDE,,,,,,,,,,,,,,,0.0028780940920114517,0.003021152224391699,0.7730101346969604,,
1790036374.5875254,RAW_IMU,,,,,,,,,0,0,-989,2,2,1,,,,,
1790036374.6064708,ATTITUDE,,,,,,,,,,,,,,,0.002874512691050768,0.0030273636803030968,0.7730118632316589,,
1790036374.608564,RAW_IMU,,,,,,,,,0,0,-989,2,2,1,,,,,
1790036374.6218135,ATTITUDE,,,,,,,,,,,,,,,0.0028708595782518387,0.003033722285181284,0.7730146050453186,,
1790036374.6232486,RAW_IMU,,,,,,,,,0,0,-989,2,2,1,,,,,
1790036374.656947,GLOBAL_POSITION_INT,-35.3611308,149.1678505,587.03,5.827,-0.03,0.0,-2.48,44.29,,,,,,,,,,,
1790036374.658843,GPS_RAW_INT,,,,,,,,,,,,,,,,,,6,10
1790036374.659596,ATTITUDE,,,,,,,,,,,,,,,0.0028681058902293444,0.003039750037714839,0.7730191349983215,,
1790036374.6605902,RAW_IMU,,,,,,,,,0,0,-989,2,2,2,,,,,
1790036374.661941,ATTITUDE,,,,,,,,,,,,,,,0.002867035800591111,0.003045966848731041,0.7730229496955872,,
1790036374.6629653,RAW_IMU,,,,,,,,,0,0,-989,2,2,1,,,,,
1790036374.683649,ATTITUDE,,,,,,,,,,,,,,,0.0028664490673691034,0.0030070729553699493,0.7730227708816528,,
1790036374.685112,RAW_IMU,,,,,,,,,0,0,-990,2,0,1,,,,,
1790036374.704405,ATTITUDE,,,,,,,,,,,,,,,0.0028629263397306204,0.0029407707042992115,0.7730276584625244,,
1790036374.7059903,RAW_IMU,,,,,,,,,0,0,-990,2,0,1,,,,,
1790036374.7251937,ATTITUDE,,,,,,,,,,,,,,,0.002820573514327407,0.002855851547792554,0.7730350494384766,,
1790036374.726491,RAW_IMU,,,,,,,,,0,0,-990,0,-1,2,,,,,
1790036374.7392027,GLOBAL_POSITION_INT,-35.3611308,149.1678505,587.28,6.079,-0.03,0.0,-2.47,44.29,,,,,,,,,,,
1790036374.740893,GPS_RAW_INT,,,,,,,,,,,,,,,,,,6,10
1790036374.745481,ATTITUDE,,,,,,,,,,,,,,,0.0028106144163757563,0.002723089186474681,0.7730428576469421,,
1790036374.7471342,RAW_IMU,,,,,,,,,0,0,-991,1,-4,2,,,,,
1790036374.765675,ATTITUDE,,,,,,,,,,,,,,,0.002743598073720932,0.0026394235901534557,0.7730527520179749,,
1790036374.7673082,RAW_IMU,,,,,,,,,0,0,-991,0,-1,2,,,,,
1790036374.785492,ATTITUDE,,,,,,,,,,,,,,,0.0027406446170061827,0.0024963251780718565,0.7730610370635986,,
1790036374.7873619,RAW_IMU,,,,,,,,,0,0,-992,1,-4,2,,,,,
1790036374.8058925,ATTITUDE,,,,,,,,,,,,,,,0.002692276146262884,0.002434447640553117,0.7730705142021179,,
1790036374.8067484,RAW_IMU,,,,,,,,,0,0,-992,0,0,2,,,,,
1790036374.825559,ATTITUDE,,,,,,,,,,,,,,,0.00267538009211421,0.002307094866409898,0.7730811834335327,,
1790036374.826277,RAW_IMU,,,,,,,,,0,0,-992,1,-3,2,,,,,
1790036374.8374825,GLOBAL_POSITION_INT,-35.3611308,149.1678505,587.53,6.329,-0.03,0.0,-2.46,44.29,,,,,,,,,,,
1790036374.838151,GPS_RAW_INT,,,,,,,,,,,,,,,,,,6,10
1790036374.8430583,ATTITUDE,,,,,,,,,,,,,,,0.0026488800067454576,0.0022630360908806324,0.7730919718742371,,
1790036374.8435087,RAW_IMU,,,,,,,,,0,0,-992,1,0,2,,,,,
1790036374.8607821,ATTITUDE,,,,,,,,,,,,,,,0.0026127626188099384,0.002148408442735672,0.773102343082428,,
1790036374.861217,RAW_IMU,,,,,,,,,0,0,-993,0,-2,2,,,,,
1790036374.8946226,ATTITUDE,,,,,,,,,,,,,,,0.0026245438493788242,0.0020541625563055277,0.7731094360351562,,
1790036374.8952138,RAW_IMU,,,,,,,,,0,0,-994,2,-2,2,,,,,
1790036374.9021788,ATTITUDE,,,,,,,,,,,,,,,0.0026219822466373444,0.001961936242878437,0.7731228470802307,,
1790036374.903512,RAW_IMU,,,,,,,,,0,0,-994,2,-2,2,,,,,
1790036374.9226258,ATTITUDE,,,,,,,,,,,,,,,0.002557113068178296,0.0018747288268059492,0.7731356024742126,,
1790036374.9241467,RAW_IMU,,,,,,,,,0,0,-991,0,-1,2,,,,,
1790036374.935978,GLOBAL_POSITION_INT,-35.3611308,149.1678505,587.78,6.578,-0.03,0.0,-2.45,44.29,,,,,,,,,,,
1790036374.9371758,GPS_RAW_INT,,,,,,,,,,,,,,,,,,6,10
1790036374.9423559,ATTITUDE,,,,,,,,,,,,,,,0.0025574732571840286,0.0017914751078933477,0.7731486558914185,,
1790036374.9437444,RAW_IMU,,,,,,,,,0,0,-988,2,-1,2,,,,,
1790036374.9624128,ATTITUDE,,,,,,,,,,,,,,,0.002527482807636261,0.0017303357599303126,0.7731606960296631,,
1790036374.9642253,RAW_IMU,,,,,,,,,0,0,-984,1,0,2,,,,,
1790036374.98273,ATTITUDE,,,,,,,,,,,,,,,0.0025004663038998842,0.0016730711795389652,0.7731698155403137,,
1790036374.9841447,RAW_IMU,,,,,,,,,0,0,-979,1,0,2,,,,,
1790036375.0038877,ATTITUDE,,,,,,,,,,,,,,,0.002488794270902872,0.0016200131503865123,0.7731789946556091,,
1790036375.0054858,RAW_IMU,,,,,,,,,0,0,-974,1,0,2,,,,,
1790036375.0233893,ATTITUDE,,,,,,,,,,,,,,,0.0024698213674128056,0.0015843966975808144,0.7731862664222717,,
1790036375.024456,RAW_IMU,,,,,,,,,0,0,-970,1,0,2,,,,,
1790036375.0369341,GLOBAL_POSITION_INT,-35.3611308,149.1678505,588.03,6.824,-0.03,0.0,-2.43,44.3,,,,,,,,,,,
1790036375.0374346,GPS_RAW_INT,,,,,,,,,,,,,,,,,,6,10
1790036375.0431983,ATTITUDE,,,,,,,,,,,,,,,0.0024697291664779186,0.0015744534321129322,0.7731943726539612,,
1790036375.0438488,RAW_IMU,,,,,,,,,0,0,-965,2,1,2,,,,,
1790036375.063187,ATTITUDE,,,,,,,,,,,,,,,0.0024684614036232233,0.0015527337091043591,0.7732031345367432,,
1790036375.0647914,RAW_IMU,,,,,,,,,0,0,-961,2,1,2,,,,,
1790036375.0831828,ATTITUDE,,,,,,,,,,,,,,,0.00245803059078753,0.0015327802393585443,0.7732078433036804,,
1790036375.0841563,RAW_IMU,,,,,,,,,0,0,-957,1,1,2,,,,,
1790036375.1032646,ATTITUDE,,,,,,,,,,,,,,,0.0024552952963858843,0.0015226064715534449,0.7732188701629639,,
1790036375.1048725,RAW_IMU,,,,,,,,,0,0,-953,2,2,2,,,,,
1790036375.1234672,ATTITUDE,,,,,,,,,,,,,,,0.002452789107337594,0.001511675538495183,0.7732287049293518,,
1790036375.1251256,RAW_IMU,,,,,,,,,0,0,-949,2,2,2,,,,,
1790036375.153071,GLOBAL_POSITION_INT,-35.3611308,149.1678505,588.27,7.067,-0.03,0.0,-2.38,44.3,,,,,,,,,,,
1790036375.154641,GPS_RAW_INT,,,,,,,,,,,,,,,,,,6,10
1790036375.1564596,ATTITUDE,,,,,,,,,,,,,,,0.0024502845481038094,0.00150267593562603,0.773239016532898,,
1790036375.1575813,RAW_IMU,,,,,,,,,0,0,-945,2,2,2,,,,,
1790036375.1622849,ATTITUDE,,,,,,,,,,,,,,,0.0024481171276420355,0.0015035879332572222,0.7732475996017456,,
1790036375.1632278,RAW_IMU,,,,,,,,,0,0,-942,2,2,1,,,,,
1790036375.1825206,ATTITUDE,,,,,,,,,,,,,,,0.0024628136307001114,0.0015274817124009132,0.773252546787262,,
1790036375.1843553,RAW_IMU,,,,,,,,,0,0,-938,3,3,1,,,,,
1790036375.2028985,ATTITUDE,,,,,,,,,,,,,,,0.0024786198046058416,0.0015533098485320807,0.7732570171356201,,
1790036375.2043853,RAW_IMU,,,,,,,,,0,0,-935,3,3,1,,,,,
1790036375.2235289,ATTITUDE,,,,,,,,,,,,,,,0.0024942278396338224,0.0015925512416288257,0.7732609510421753,,
1790036375.2250109,RAW_IMU,,,,,,,,,0,0,-932,3,4,1,,,,,
1790036375.2366688,GLOBAL_POSITION_INT,-35.3611308,149.1678505,588.51,7.303,-0.03,0.0,-2.32,44.3,,,,,,,,,,,
1790036375.237415,GPS_RAW_INT,,,,,,,,,,,,,,,,,,6,10
1790036375.2433932,ATTITUDE,,,,,,,,,,,,,,,0.0025105096865445375,0.001634631771594286,0.773264467716217,,
1790036375.2446735,RAW_IMU,,,,,,,,,0,0,-929,3,4,1,,,,,
1790036375.2632792,ATTITUDE,,,,,,,,,,,,,,,0.002526432741433382,0.0016781773883849382,0.7732664942741394,,
1790036375.2639582,RAW_IMU,,,,,,,,,0,0,-926,3,4,1,,,,,
1790036375.2825155,ATTITUDE,,,,,,,,,,,,,,,0.0025399373844265938,0.001721627777442336,0.7732661366462708,,
1790036375.2830498,RAW_IMU,,,,,,,,,0,0,-924,3,4,1,,,,,
1790036375.3025556,ATTITUDE,,,,,,,,,,,,,,,0.0025656113866716623,0.001767124398611486,0.7732689380645752,,
1790036375.30426,RAW_IMU,,,,,,,,,0,0,-921,3,4,1,,,,,
1790036375.3236933,ATTITUDE,,,,,,,,,,,,,,,0.0025753136724233627,0.0018006053287535906,0.7732709646224976,,
1790036375.3245463,RAW_IMU,,,,,,,,,0,0,-919,3,4,1,,,,,
1790036375.3374321,GLOBAL_POSITION_INT,-35.3611308,149.1678505,588.74,7.533,-0.02,0.0,-2.24,44.3,,,,,,,,,,,
1790036375.3379192,GPS_RAW_INT,,,,,,,,,,,,,,,,,,6,10
1790036375.344178,ATTITUDE,,,,,,,,,,,,,,,0.002613851334899664,0.001854399684816599,0.7732739448547363,,
1790036375.3452551,RAW_IMU,,,,,,,,,0,0,-917,4,5,1,,,,,
1790036375.3642206,ATTITUDE,,,,,,,,,,,,,,,0.002626170637086034,0.0019048042595386505,0.7732759118080139,,
1790036375.3657532,RAW_IMU,,,,,,,,,0,0,-914,3,5,1,,,,,
1790036375.4024258,ATTITUDE,,,,,,,,,,,,,,,0.002657719887793064,0.001967624993994832,0.7732734084129333,,
1790036375.404198,RAW_IMU,,,,,,,,,0,0,-912,3,5,1,,,,,
1790036375.4072368,ATTITUDE,,,,,,,,,,,,,,,0.0026775049045681953,0.002024569548666477,0.7732710838317871,,
1790036375.4094965,RAW_IMU,,,,,,,,,0,0,-910,3,5,1,,,,,
1790036375.4240823,ATTITUDE,,,,,,,,,,,,,,,0.002703964477404952,0.0020762141793966293,0.7732685804367065,,
1790036375.425542,RAW_IMU,,,,,,,,,0,0,-909,3,4,1,,,,,
1790036375.4375098,GLOBAL_POSITION_INT,-35.3611308,149.1678505,588.96,7.754,-0.02,0.0,-2.15,44.3,,,,,,,,,,,
1790036375.438647,GPS_RAW_INT,,,,,,,,,,,,,,,,,,6,10
1790036375.4440165,ATTITUDE,,,,,,,,,,,,,,,0.002753986744210124,0.002156750997528434,0.7732656002044678,,
1790036375.445793,RAW_IMU,,,,,,,,,0,0,-907,5,6,1,,,,,
1790036375.4645958,ATTITUDE,,,,,,,,,,,,,,,0.0027604447677731514,0.0021745851263403893,0.7732637524604797,,
1790036375.4668255,RAW_IMU,,,,,,,,,0,0,-905,2,3,1,,,,,
1790036375.485168,ATTITUDE,,,,,,,,,,,,,,,0.0028294576331973076,0.002247608033940196,0.7732594013214111,,
1790036375.4870746,RAW_IMU,,,,,,,,,0,0,-904,5,5,1,,,,,
1790036375.5050056,ATTITUDE,,,,,,,,,,,,,,,0.002838726621121168,0.0022922952193766832,0.7732576727867126,,
1790036375.5070617,RAW_IMU,,,,,,,,,0,0,-902,3,5,1,,,,,
1790036375.5248322,ATTITUDE,,,,,,,,,,,,,,,0.0028408218640834093,0.002299373969435692,0.7732565402984619,,
1790036375.525852,RAW_IMU,,,,,,,,,0,0,-901,2,2,1,,,,,
1790036375.538514,GLOBAL_POSITION_INT,-35.3611308,149.1678505,589.17,7.966,-0.02,0.0,-2.06,44.3,,,,,,,,,,,
1790036375.5393357,GPS_RAW_INT,,,,,,,,,,,,,,,,,,6,10
1790036375.5447888,ATTITUDE,,,,,,,,,,,,,,,0.00290578487329185,0.0023680340964347124,0.7732551693916321,,
1790036375.5457954,RAW_IMU,,,,,,,,,0,0,-900,5,5,1,,,,,
1790036375.5663953,ATTITUDE,,,,,,,,,,,,,,,0.002912129508331418,0.0023917981889098883,0.7732539772987366,,
1790036375.5674284,RAW_IMU,,,,,,,,,0,0,-899,3,4,1,,,,,
1790036375.5869071,ATTITUDE,,,,,,,,,,,,,,,0.0029051057063043118,0.002384616294875741,0.7732506394386292,,
1790036375.5880022,RAW_IMU,,,,,,,,,0,0,-898,1,1,1,,,,,
1790036375.6069512,ATTITUDE,,,,,,,,,,,,,,,0.0029814844019711018,0.002463830402120948,0.7732477784156799,,
1790036375.6081324,RAW_IMU,,,,,,,,,0,0,-897,6,6,1,,,,,
1790036375.6220722,ATTITUDE,,,,,,,,,,,,,,,0.003006468992680311,0.0025224443525075912,0.7732449769973755,,
1790036375.6230214,RAW_IMU,,,,,,,,,0,0,-896,4,6,1,,,,,
1790036375.6575272,GLOBAL_POSITION_INT,-35.3611308,149.1678505,589.37,8.169,-0.02,0.0,-1.96,44.3,,,,,,,,,,,
1790036375.6590755,GPS_RAW_INT,,,,,,,,,,,,,,,,,,6,10
1790036375.6597984,ATTITUDE,,,,,,,,,,,,,,,0.0030154790729284286,0.002516786567866802,0.773243248462677,,
1790036375.6611497,RAW_IMU,,,,,,,,,0,0,-895,2,2,1,,,,,
1790036375.6621723,ATTITUDE,,,,,,,,,,,,,,,0.003036330919712782,0.0025515276938676834,0.7732425332069397,,
1790036375.663257,RAW_IMU,,,,,,,,,0,0,-895,3,3,1,,,,,
1790036375.6828659,ATTITUDE,,,,,,,,,,,,,,,0.003043670207262039,0.0026344654615968466,0.7732393741607666,,
1790036375.683974,RAW_IMU,,,,,,,,,0,0,-894,2,6,1,,,,,
1790036375.702941,ATTITUDE,,,,,,,,,,,,,,,0.0030649795662611723,0.0026470881421118975,0.773241400718689,,
1790036375.7039971,RAW_IMU,,,,,,,,,0,0,-893,3,3,1,,,,,
1790036375.7227826,ATTITUDE,,,,,,,,,,,,,,,0.00310138170607388,0.0026935229543596506,0.7732436656951904,,
1790036375.7245948,RAW_IMU,,,,,,,,,0,0,-893,4,4,1,,,,,
1790036375.7417974,GLOBAL_POSITION_INT,-35.3611308,149.1678505,589.57,8.361,-0.02,0.0,-1.85,44.3,,,,,,,,,,,
1790036375.7422805,GPS_RAW_INT,,,,,,,,,,,,,,,,,,6,10
1790036375.7441916,ATTITUDE,,,,,,,,,,,,,,,0.0031229043379426003,0.002720538293942809,0.7732471823692322,,
1790036375.745557,RAW_IMU,,,,,,,,,0,0,-892,3,4,1,,,,,
1790036375.7625883,ATTITUDE,,,,,,,,,,,,,,,0.0031227688305079937,0.002691156230866909,0.7732495665550232,,
1790036375.7633464,RAW_IMU,,,,,,,,,0,0,-891,2,1,1,,,,,
1790036375.7826676,ATTITUDE,,,,,,,,,,,,,,,0.003123511793091893,0.0026770883705466986,0.7732486128807068,,
1790036375.7833598,RAW_IMU,,,,,,,,,0,0,-892,2,1,1,,,,,
1790036375.802736,ATTITUDE,,,,,,,,,,,,,,,0.003172778058797121,0.002716678660362959,0.7732482552528381,,
1790036375.8035748,RAW_IMU,,,,,,,,,0,0,-891,4,4,1,,,,,
1790036375.823398,ATTITUDE,,,,,,,,,,,,,,,0.0032244280446320772,0.0027725896798074245,0.7732473611831665,,
1790036375.8242996,RAW_IMU,,,,,,,,,0,0,-891,5,5,1,,,,,
1790036375.836814,GLOBAL_POSITION_INT,-35.3611308,149.1678505,589.75,8.542,-0.02,0.0,-1.75,44.3,,,,,,,,,,,
1790036375.8376453,GPS_RAW_INT,,,,,,,,,,,,,,,,,,6,10
1790036375.8431466,ATTITUDE,,,,,,,,,,,,,,,0.003257764969021082,0.0028257279191166162,0.7732470035552979,,
1790036375.8448067,RAW_IMU,,,,,,,,,0,0,-891,4,5,1,,,,,
1790036375.8629222,ATTITUDE,,,,,,,,,,,,,,,0.003254751907661557,0.0028431753162294626,0.7732453346252441,,
1790036375.8639805,RAW_IMU,,,,,,,,,0,0,-890,2,3,1,,,,,
1790036375.9097996,ATTITUDE,,,,,,,,,,,,,,,0.0032524708658456802,0.002860428998246789,0.7732402086257935,,
1790036375.9106038,RAW_IMU,,,,,,,,,0,0,-890,2,3,1,,,,,
1790036375.9111328,ATTITUDE,,,,,,,,,,,,,,,0.0032598560210317373,0.002876488957554102,0.7732400298118591,,
1790036375.9120667,RAW_IMU,,,,,,,,,0,0,-891,2,3,1,,,,,
1790036375.9231548,ATTITUDE,,,,,,,,,,,,,,,0.0032873176969587803,0.002921701641753316,0.7732406258583069,,
1790036375.9245257,RAW_IMU,,,,,,,,,0,0,-889,4,4,1,,,,,
1790036375.9371684,GLOBAL_POSITION_INT,-35.3611308,149.1678505,589.92,8.712,-0.02,0.0,-1.64,44.3,,,,,,,,,,,
1790036375.9384863,GPS_RAW_INT,,,,,,,,,,,,,,,,,,6,10
1790036375.9429939,ATTITUDE,,,,,,,,,,,,,,,0.003313693217933178,0.0029650735668838024,0.7732422351837158,,
1790036375.9439466,RAW_IMU,,,,,,,,,0,0,-890,3,4,1,,,,,
1790036375.963053,ATTITUDE,,,,,,,,,,,,,,,0.0033391686156392097,0.003007279708981514,0.7732449173927307,,
1790036375.9645417,RAW_IMU,,,,,,,,,0,0,-891,3,4,1,,,,,
1790036375.9829879,ATTITUDE,,,,,,,,,,,,,,,0.00334860198199749,0.0030031155329197645,0.7732437252998352,,
1790036375.9838407,RAW_IMU,,,,,,,,,0,0,-890,3,2,1,,,,,
1790036376.0034604,ATTITUDE,,,,,,,,,,,,,,,0.0033566344063729048,0.0030003227293491364,0.7732404470443726,,
1790036376.0048797,RAW_IMU,,,,,,,,,0,0,-890,2,2,1,,,,,
1790036376.0228076,ATTITUDE,,,,,,,,,,,,,,,0.0033655925653874874,0.0030075456015765667,0.773239016532898,,
1790036376.0247447,RAW_IMU,,,,,,,,,0,0,-890,2,2,1,,,,,
1790036376.036784,GLOBAL_POSITION_INT,-35.3611308,149.1678505,590.08,8.871,-0.02,0.0,-1.53,44.3,,,,,,,,,,,
1790036376.0372036,GPS_RAW_INT,,,,,,,,,,,,,,,,,,6,10
1790036376.042904,ATTITUDE,,,,,,,,,,,,,,,0.0033832232002168894,0.0030157410074025393,0.7732378840446472,,
1790036376.0440226,RAW_IMU,,,,,,,,,0,0,-891,3,2,1,,,,,
1790036376.0623877,ATTITUDE,,,,,,,,,,,,,,,0.0034258675295859575,0.003048679558560252,0.7732367515563965,,
1790036376.0629826,RAW_IMU,,,,,,,,,0,0,-890,4,4,1,,,,,
1790036376.0825045,ATTITUDE,,,,,,,,,,,,,,,0.0034682934638112783,0.0030560651794075966,0.773230791091919,,
1790036376.0842745,RAW_IMU,,,,,,,,,0,0,-890,4,2,1,,,,,
1790036376.102145,ATTITUDE,,,,,,,,,,,,,,,0.003505734261125326,0.0030592286493629217,0.7732285261154175,,
1790036376.1035867,RAW_IMU,,,,,,,,,0,0,-891,4,2,1,,,,,
1790036376.1226752,ATTITUDE,,,,,,,,,,,,,,,0.0035402788780629635,0.003060800489038229,0.7732290029525757,,
1790036376.1244419,RAW_IMU,,,,,,,,,0,0,-892,4,2,1,,,,,
1790036376.151563,GLOBAL_POSITION_INT,-35.3611308,149.1678505,590.23,9.02,-0.02,0.0,-1.42,44.3,,,,,,,,,,,
1790036376.152017,GPS_RAW_INT,,,,,,,,,,,,,,,,,,6,10
1790036376.1539235,ATTITUDE,,,,,,,,,,,,,,,0.003522222163155675,0.0030550973024219275,0.7732277512550354,,
1790036376.1551325,RAW_IMU,,,,,,,,,0,0,-891,1,2,1,,,,,
1790036376.1628957,ATTITUDE,,,,,,,,,,,,,,,0.0035340648610144854,0.003040144219994545,0.7732287049293518,,
1790036376.1642082,RAW_IMU,,,,,,,,,0,0,-890,2,1,1,,,,,
1790036376.1830947,ATTITUDE,,,,,,,,,,,,,,,0.003549883607774973,0.003025778802111745,0.7732274532318115,,
1790036376.1838877,RAW_IMU,,,,,,,,,0,0,-891,3,1,1,,,,,
1790036376.203552,ATTITUDE,,,,,,,,,,,,,,,0.0035661631263792515,0.0030131610110402107,0.7732281684875488,,
1790036376.2048028,RAW_IMU,,,,,,,,,0,0,-892,3,1,1,,,,,
1790036376.2240734,ATTITUDE,,,,,,,,,,,,,,,0.003582066623494029,0.003001748351380229,0.7732282280921936,,
1790036376.2250698,RAW_IMU,,,,,,,,,0,0,-893,3,1,1,,,,,
1790036376.2377365,GLOBAL_POSITION_INT,-35.3611308,149.1678505,590.36,9.157,-0.02,0.0,-1.32,44.3,,,,,,,,,,,
1790036376.2391067,GPS_RAW_INT,,,,,,,,,,,,,,,,,,6,10
1790036376.2439523,ATTITUDE,,,,,,,,,,,,,,,0.0035819774493575096,0.0029997003730386496,0.77322918176651,,
1790036376.2448213,RAW_IMU,,,,,,,,,0,0,-893,2,2,1,,,,,
1790036376.2637227,ATTITUDE,,,,,,,,,,,,,,,0.0035566296428442,0.0030406564474105835,0.7732303142547607,,
1790036376.2649484,RAW_IMU,,,,,,,,,0,0,-892,1,4,1,,,,,
1790036376.2839153,ATTITUDE,,,,,,,,,,,,,,,0.0035410139244049788,0.003066015662625432,0.7732265591621399,,
1790036376.2855415,RAW_IMU,,,,,,,,,0,0,-892,1,3,1,,,,,
1790036376.3041525,ATTITUDE,,,,,,,,,,,,,,,0.0035215988755226135,0.003086800454184413,0.7732279896736145,,
1790036376.3054314,RAW_IMU,,,,,,,,,0,0,-893,1,3,1,,,,,
1790036376.3239803,ATTITUDE,,,,,,,,,,,,,,,0.0035035149194300175,0.0031066688243299723,0.7732304930686951,,
1790036376.3254948,RAW_IMU,,,,,,,,,0,0,-893,1,3,1,,,,,
1790036376.337565,GLOBAL_POSITION_INT,-35.3611308,149.1678505,590.49,9.284,-0.02,0.0,-1.21,44.3,,,,,,,,,,,
1790036376.3390863,GPS_RAW_INT,,,,,,,,,,,,,,,,,,6,10
1790036376.3435805,ATTITUDE,,,,,,,,,,,,,,,0.003487151814624667,0.0031252524349838495,0.7732329368591309,,
1790036376.3447647,RAW_IMU,,,,,,,,,0,0,-894,1,3,1,,,,,
1790036376.3639903,ATTITUDE,,,,,,,,,,,,,,,0.003488226095214486,0.003142210189253092,0.7732374668121338,,
1790036376.3650947,RAW_IMU,,,,,,,,,0,0,-895,2,3,1,,,,,
1790036376.4061475,ATTITUDE,,,,,,,,,,,,,,,0.0034723144490271807,0.003118046559393406,0.7732368111610413,,
1790036376.4070385,RAW_IMU,,,,,,,,,0,0,-894,2,1,1,,,,,
1790036376.408521,ATTITUDE,,,,,,,,,,,,,,,0.0034405330661684275,0.0031499662436544895,0.7732356786727905,,
1790036376.4103217,RAW_IMU,,,,,,,,,0,0,-894,0,3,1,,,,,
1790036376.425341,ATTITUDE,,,,,,,,,,,,,,,0.0034098930191248655,0.003185971174389124,0.7732349038124084,,
1790036376.4263966,RAW_IMU,,,,,,,,,0,0,-894,0,4,1,,,,,
1790036376.4389412,GLOBAL_POSITION_INT,-35.3611308,149.1678505,590.61,9.4,-0.02,0.0,-1.11,44.3,,,,,,,,,,,
1790036376.4397013,GPS_RAW_INT,,,,,,,,,,,,,,,,,,6,10
1790036376.4451919,ATTITUDE,,,,,,,,,,,,,,,0.003382741240784526,0.0032217197585850954,0.7732349038124084,,
1790036376.4464188,RAW_IMU,,,,,,,,,0,0,-895,1,4,1,,,,,
1790036376.465624,ATTITUDE,,,,,,,,,,,,,,,0.0033558313734829426,0.003256606636568904,0.7732346057891846,,
1790036376.467642,RAW_IMU,,,,,,,,,0,0,-896,1,4,1,,,,,
1790036376.4859812,ATTITUDE,,,,,,,,,,,,,,,0.003342751180753112,0.00328945554792881,0.7732314467430115,,
1790036376.4877079,RAW_IMU,,,,,,,,,0,0,-896,1,3,1,,,,,
1790036376.506243,ATTITUDE,,,,,,,,,,,,,,,0.0033593715634196997,0.003300873562693596,0.7732301950454712,,
1790036376.5079193,RAW_IMU,,,,,,,,,0,0,-896,3,3,1,,,,,
1790036376.521852,ATTITUDE,,,,,,,,,,,,,,,0.003331288695335388,0.003297683084383607,0.7732300758361816,,
1790036376.522759,RAW_IMU,,,,,,,,,0,0,-896,1,2,1,,,,,
1790036376.54058,GLOBAL_POSITION_INT,-35.3611308,149.1678505,590.71,9.506,-0.02,0.0,-1.0,44.3,,,,,,,,,,,
1790036376.5415509,GPS_RAW_INT,,,,,,,,,,,,,,,,,,6,10
1790036376.5462487,ATTITUDE,,,,,,,,,,,,,,,0.003357734763994813,0.0033179996535182,0.7732285857200623,,
1790036376.5476096,RAW_IMU,,,,,,,,,0,0,-896,3,3,1,,,,,
1790036376.562196,ATTITUDE,,,,,,,,,,,,,,,0.00338375149294734,0.003293464658781886,0.773228108882904,,
1790036376.5631106,RAW_IMU,,,,,,,,,0,0,-896,3,1,1,,,,,
1790036376.5865338,ATTITUDE,,,,,,,,,,,,,,,0.0034087682142853737,0.0032692926470190287,0.7732260823249817,,
1790036376.587784,RAW_IMU,,,,,,,,,0,0,-897,3,1,1,,,,,
1790036376.6074011,ATTITUDE,,,,,,,,,,,,,,,0.003432313445955515,0.0032481106463819742,0.7732225060462952,,
1790036376.6083484,RAW_IMU,,,,,,,,,0,0,-897,3,1,1,,,,,
1790036376.621985,ATTITUDE,,,,,,,,,,,,,,,0.0034561369102448225,0.0032278508879244328,0.7732219099998474,,
1790036376.623336,RAW_IMU,,,,,,,,,0,0,-898,3,1,1,,,,,
1790036376.650534,GLOBAL_POSITION_INT,-35.3611308,149.1678505,590.81,9.602,-0.02,0.0,-0.9,44.3,,,,,,,,,,,
1790036376.6512454,GPS_RAW_INT,,,,,,,,,,,,,,,,,,6,10
1790036376.652408,ATTITUDE,,,,,,,,,,,,,,,0.003484420944005251,0.003235062351450324,0.7732222080230713,,
1790036376.6532784,RAW_IMU,,,,,,,,,0,0,-898,3,2,1,,,,,
1790036376.6660154,ATTITUDE,,,,,,,,,,,,,,,0.0034729738254100084,0.003203111933544278,0.7732207179069519,,
1790036376.6673353,RAW_IMU,,,,,,,,,0,0,-897,1,1,1,,,,,
1790036376.686184,ATTITUDE,,,,,,,,,,,,,,,0.0034623327665030956,0.003184000262990594,0.7732164263725281,,
1790036376.6881948,RAW_IMU,,,,,,,,,0,0,-897,1,1,1,,,,,
1790036376.7065697,ATTITUDE,,,,,,,,,,,,,,,0.0034488674718886614,0.0031649514567106962,0.7732173204421997,,
1790036376.7075505,RAW_IMU,,,,,,,,,0,0,-898,1,1,1,,,,,
1790036376.7272706,ATTITUDE,,,,,,,,,,,,,,,0.0034355970565229654,0.0031454432755708694,0.773219645023346,,
1790036376.7284303,RAW_IMU,,,,,,,,,0,0,-898,1,1,1,,,,,
1790036376.7411351,GLOBAL_POSITION_INT,-35.3611308,149.1678505,590.89,9.687,-0.02,0.0,-0.8,44.3,,,,,,,,,,,
1790036376.7422466,GPS_RAW_INT,,,,,,,,,,,,,,,,,,6,10
1790036376.7442849,ATTITUDE,,,,,,,,,,,,,,,0.0034225371200591326,0.003129212185740471,0.7732220888137817,,
1790036376.7452767,RAW_IMU,,,,,,,,,0,0,-899,1,1,1,,,,,
1790036376.7615023,ATTITUDE,,,,,,,,,,,,,,,0.0034106250386685133,0.003111547091975808,0.7732258439064026,,
1790036376.7626398,RAW_IMU,,,,,,,,,0,0,-900,1,1,1,,,,,
1790036376.785879,ATTITUDE,,,,,,,,,,,,,,,0.003436149563640356,0.0031236857175827026,0.7732247710227966,,
1790036376.7875772,RAW_IMU,,,,,,,,,0,0,-899,3,2,1,,,,,
1790036376.8049276,ATTITUDE,,,,,,,,,,,,,,,0.003415836254134774,0.003112360369414091,0.7732250690460205,,
1790036376.807076,RAW_IMU,,,,,,,,,0,0,-899,1,2,1,,,,,
1790036376.8257222,ATTITUDE,,,,,,,,,,,,,,,0.003387932665646076,0.00311292614787817,0.773223340511322,,
1790036376.8277664,RAW_IMU,,,,,,,,,0,0,-899,0,2,1,,,,,
1790036376.8390567,GLOBAL_POSITION_INT,-35.3611308,149.1678505,590.97,9.763,-0.02,0.0,-0.7,44.3,,,,,,,,,,,
1790036376.8402462,GPS_RAW_INT,,,,,,,,,,,,,,,,,,6,10
1790036376.8450253,ATTITUDE,,,,,,,,,,,,,,,0.0033612826373428106,0.0031523865181952715,0.7732234001159668,,
1790036376.8456607,RAW_IMU,,,,,,,,,0,0,-899,1,4,1,,,,,
1790036376.8643208,ATTITUDE,,,,,,,,,,,,,,,0.0033372128382325172,0.0031912745907902718,0.7732227444648743,,
1790036376.8661013,RAW_IMU,,,,,,,,,0,0,-900,1,4,1,,,,,
1790036376.9052634,ATTITUDE,,,,,,,,,,,,,,,0.003315370064228773,0.0032286380883306265,0.7732182145118713,,
1790036376.906795,RAW_IMU,,,,,,,,,0,0,-900,1,4,1,,,,,
1790036376.908057,ATTITUDE,,,,,,,,,,,,,,,0.003317498369142413,0.0032614506781101227,0.7732179760932922,,
1790036376.909401,RAW_IMU,,,,,,,,,0,0,-900,2,4,1,,,,,
1790036376.9264061,ATTITUDE,,,,,,,,,,,,,,,0.003315342590212822,0.0032359876204282045,0.7732189297676086,,
1790036376.9275239,RAW_IMU,,,,,,,,,0,0,-900,2,1,1,,,,,
1790036376.939436,GLOBAL_POSITION_INT,-35.3611308,149.1678505,591.03,9.828,-0.02,0.0,-0.6,44.3,,,,,,,,,,,
1790036376.9401693,GPS_RAW_INT,,,,,,,,,,,,,,,,,,6,10
1790036376.945826,ATTITUDE,,,,,,,,,,,,,,,0.0033098638523370028,0.0032670481596142054,0.7732185125350952,,
1790036376.9473348,RAW_IMU,,,,,,,,,0,0,-900,1,3,1,,,,,
1790036376.9658875,ATTITUDE,,,,,,,,,,,,,,,0.003339579328894615,0.003246371867135167,0.7732170820236206,,
1790036376.9667816,RAW_IMU,,,,,,,,,0,0,-900,3,1,1,,,,,
1790036376.9859993,ATTITUDE,,,,,,,,,,,,,,,0.0033673003781586885,0.0032098384108394384,0.7732139229774475,,
1790036376.9874563,RAW_IMU,,,,,,,,,0,0,-900,3,0,1,,,,,
1790036377.0060153,ATTITUDE,,,,,,,,,,,,,,,0.003396187210455537,0.0031739622354507446,0.7732117772102356,,
1790036377.007147,RAW_IMU,,,,,,,,,0,0,-901,3,0,1,,,,,
1790036377.0264745,ATTITUDE,,,,,,,,,,,,,,,0.003423642599955201,0.003142070025205612,0.7732105851173401,,
1790036377.0277076,RAW_IMU,,,,,,,,,0,0,-901,3,0,1,,,,,
1790036377.0404477,GLOBAL_POSITION_INT,-35.3611308,149.1678505,591.09,9.883,-0.02,0.0,-0.51,44.3,,,,,,,,,,,
1790036377.0414882,GPS_RAW_INT,,,,,,,,,,,,,,,,,,6,10
1790036377.0463483,ATTITUDE,,,,,,,,,,,,,,,0.0034261441323906183,0.0031093112193048,0.7732081413269043,,
1790036377.048262,RAW_IMU,,,,,,,,,0,0,-901,2,0,1,,,,,
1790036377.0664332,ATTITUDE,,,,,,,,,,,,,,,0.0034532910212874413,0.003104639705270529,0.7732042670249939,,
1790036377.0678794,RAW_IMU,,,,,,,,,0,0,-900,3,2,1,,,,,
1790036377.0859454,ATTITUDE,,,,,,,,,,,,,,,0.0034802311565726995,0.0030632116831839085,0.7731965780258179,,
1790036377.0873165,RAW_IMU,,,,,,,,,0,0,-900,3,0,1,,,,,
1790036377.1050417,ATTITUDE,,,,,,,,,,,,,,,0.0035039219073951244,0.003016407135874033,0.7731927633285522,,
1790036377.1069324,RAW_IMU,,,,,,,,,0,0,-900,3,0,1,,,,,
1790036377.125566,ATTITUDE,,,,,,,,,,,,,,,0.003526628715917468,0.002972020534798503,0.7731905579566956,,
1790036377.127268,RAW_IMU,,,,,,,,,0,0,-901,3,0,1,,,,,
1790036377.1555946,GLOBAL_POSITION_INT,-35.3611308,149.1678505,591.13,9.928,-0.02,0.0,-0.41,44.3,,,,,,,,,,,
1790036377.1566124,GPS_RAW_INT,,,,,,,,,,,,,,,,,,6,10
1790036377.1575494,ATTITUDE,,,,,,,,,,,,,,,0.003548534819856286,0.002929285168647766,0.7731888294219971,,
1790036377.1602051,RAW_IMU,,,,,,,,,0,0,-902,3,0,1,,,,,
1790036377.1648455,ATTITUDE,,,,,,,,,,,,,,,0.0035599221009761095,0.0028878203593194485,0.7731878161430359,,
1790036377.1660838,RAW_IMU,,,,,,,,,0,0,-902,3,0,1,,,,,
1790036377.1849382,ATTITUDE,,,,,,,,,,,,,,,0.0035126192960888147,0.00284099904820323,0.7731824517250061,,
1790036377.185954,RAW_IMU,,,,,,,,,0,0,-901,0,0,1,,,,,
1790036377.2043228,ATTITUDE,,,,,,,,,,,,,,,0.003518624696880579,0.0027871530037373304,0.7731782793998718,,
1790036377.2061467,RAW_IMU,,,,,,,,,0,0,-900,2,0,1,,,,,
1790036377.2245688,ATTITUDE,,,,,,,,,,,,,,,0.0034927264787256718,0.0027353486511856318,0.7731765508651733,,
1790036377.2255683,RAW_IMU,,,,,,,,,0,0,-901,1,0,1,,,,,
1790036377.238083,GLOBAL_POSITION_INT,-35.3611308,149.1678505,591.17,9.964,-0.02,0.0,-0.31,44.29,,,,,,,,,,,
1790036377.2391894,GPS_RAW_INT,,,,,,,,,,,,,,,,,,6,10
1790036377.2443507,ATTITUDE,,,,,,,,,,,,,,,0.0034655809868127108,0.0026864956598728895,0.7731753587722778,,
1790036377.2455704,RAW_IMU,,,,,,,,,0,0,-901,0,0,1,,,,,
1790036377.2642834,ATTITUDE,,,,,,,,,,,,,,,0.0034405633341521025,0.002640319522470236,0.7731742262840271,,
1790036377.2657144,RAW_IMU,,,,,,,,,0,0,-902,1,0,1,,,,,
1790036377.2841945,ATTITUDE,,,,,,,,,,,,,,,0.003416579682379961,0.0025964011438190937,0.7731717824935913,,
1790036377.2851481,RAW_IMU,,,,,,,,,0,0,-902,1,0,1,,,,,
1790036377.304288,ATTITUDE,,,,,,,,,,,,,,,0.003351890482008457,0.0025559922214597464,0.7731715440750122,,
1790036377.3059907,RAW_IMU,,,,,,,,,0,0,-902,0,0,1,,,,,
1790036377.3252373,ATTITUDE,,,,,,,,,,,,,,,0.0032897652126848698,0.00252731516957283,0.7731729745864868,,
1790036377.3264227,RAW_IMU,,,,,,,,,0,0,-901,-1,0,1,,,,,
1790036377.3391838,GLOBAL_POSITION_INT,-35.3611309,149.1678505,591.2,9.99,-0.02,0.0,-0.21,44.29,,,,,,,,,,,
1790036377.339918,GPS_RAW_INT,,,,,,,,,,,,,,,,,,6,10
1790036377.345044,ATTITUDE,,,,,,,,,,,,,,,0.003253513714298606,0.0024859043769538403,0.7731761336326599,,
1790036377.3466094,RAW_IMU,,,,,,,,,0,0,-901,0,0,1,,,,,
1790036377.3650255,ATTITUDE,,,,,,,,,,,,,,,0.0031989524140954018,0.002445588819682598,0.7731795907020569,,
1790036377.365546,RAW_IMU,,,,,,,,,0,0,-901,0,0,1,,,,,
1790036377.404402,ATTITUDE,,,,,,,,,,,,,,,0.0031483168713748455,0.0024064364843070507,0.7731795907020569,,
1790036377.4064565,RAW_IMU,,,,,,,,,0,0,-902,0,0,1,,,,,
1790036377.4085288,ATTITUDE,,,,,,,,,,,,,,,0.0030992734245955944,0.002369518391788006,0.7731825113296509,,
1790036377.409974,RAW_IMU,,,,,,,,,0,0,-902,0,0,2,,,,,
1790036377.4253535,ATTITUDE,,,,,,,,,,,,,,,0.0030401411931961775,0.00234348070807755,0.7731850147247314,,
1790036377.4263859,RAW_IMU,,,,,,,,,0,0,-903,0,0,2,,,,,
1790036377.4387784,GLOBAL_POSITION_INT,-35.3611309,149.1678505,591.21,10.005,-0.02,0.0,-0.12,44.3,,,,,,,,,,,
1790036377.4399598,GPS_RAW_INT,,,,,,,,,,,,,,,,,,6,10
1790036377.4448998,ATTITUDE,,,,,,,,,,,,,,,0.0029683576431125402,0.0023190125357359648,0.773186981678009,,
1790036377.4456675,RAW_IMU,,,,,,,,,0,0,-907,-1,1,1,,,,,
1790036377.4654152,ATTITUDE,,,,,,,,,,,,,,,0.002910673152655363,0.0023010072764009237,0.7731897830963135,,
1790036377.4670422,RAW_IMU,,,,,,,,,0,0,-912,0,1,2,,,,,
1790036377.485208,ATTITUDE,,,,,,,,,,,,,,,0.002855959115549922,0.0022793388925492764,0.7731881141662598,,
1790036377.48626,RAW_IMU,,,,,,,,,0,0,-917,0,1,2,,,,,
1790036377.5055826,ATTITUDE,,,,,,,,,,,,,,,0.0028019757010042667,0.0022359073627740145,0.7731910943984985,,
1790036377.5067828,RAW_IMU,,,,,,,,,0,0,-923,0,0,2,,,,,
1790036377.5253968,ATTITUDE,,,,,,,,,,,,,,,0.0027391721960157156,0.002205141121521592,0.7731941342353821,,
1790036377.5275497,RAW_IMU,,,,,,,,,0,0,-928,0,0,2,,,,,
1790036377.5390818,GLOBAL_POSITION_INT,-35.3611309,149.1678505,591.22,10.012,-0.02,0.0,-0.04,44.3,,,,,,,,,,,
1790036377.5409,GPS_RAW_INT,,,,,,,,,,,,,,,,,,6,10
1790036377.545982,ATTITUDE,,,,,,,,,,,,,,,0.0026700745802372694,0.0021719548385590315,0.7731971740722656,,
1790036377.547805,RAW_IMU,,,,,,,,,0,0,-933,-1,0,1,,,,,
1790036377.566106,ATTITUDE,,,,,,,,,,,,,,,0.0026140057016164064,0.002127631101757288,0.7731996178627014,,
1790036377.5672202,RAW_IMU,,,,,,,,,0,0,-938,0,0,1,,,,,
1790036377.58611,ATTITUDE,,,,,,,,,,,,,,,0.002554270438849926,0.0021011843346059322,0.7731981873512268,,
1790036377.5871308,RAW_IMU,,,,,,,,,0,0,-943,0,1,1,,,,,
1790036377.6061673,ATTITUDE,,,,,,,,,,,,,,,0.0024998122826218605,0.002071469323709607,0.7731977701187134,,
1790036377.6082408,RAW_IMU,,,,,,,,,0,0,-947,0,0,1,,,,,
1790036377.6276987,ATTITUDE,,,,,,,,,,,,,,,0.0024384907446801662,0.002044036751613021,0.7731981873512268,,
1790036377.6288505,RAW_IMU,,,,,,,,,0,0,-952,0,0,1,,,,,
1790036377.6556385,GLOBAL_POSITION_INT,-35.3611309,149.1678505,591.22,10.013,-0.02,0.0,0.0,44.3,,,,,,,,,,,
1790036377.6564927,GPS_RAW_INT,,,,,,,,,,,,,,,,,,6,10
1790036377.6574523,ATTITUDE,,,,,,,,,,,,,,,0.002376921707764268,0.0020221720915287733,0.7731994390487671,,
1790036377.6611738,RAW_IMU,,,,,,,,,0,0,-956,0,1,1,,,,,
1790036377.6668653,ATTITUDE,,,,,,,,,,,,,,,0.0023241331800818443,0.0019854255951941013,0.7731994390487671,,
1790036377.6684387,RAW_IMU,,,,,,,,,0,0,-960,0,0,1,,,,,
1790036377.6870172,ATTITUDE,,,,,,,,,,,,,,,0.002268729265779257,0.00195965520106256,0.7731964588165283,,
1790036377.6882322,RAW_IMU,,,,,,,,,0,0,-963,0,0,1,,,,,
1790036377.7067866,ATTITUDE,,,,,,,,,,,,,,,0.0022080959752202034,0.001924283104017377,0.7731955051422119,,
1790036377.707938,RAW_IMU,,,,,,,,,0,0,-967,0,0,1,,,,,
1790036377.7277858,ATTITUDE,,,,,,,,,,,,,,,0.002152265515178442,0.0018897081026807427,0.7731948494911194,,
1790036377.7288,RAW_IMU,,,,,,,,,0,0,-971,0,0,1,,,,,
1790036377.7409167,GLOBAL_POSITION_INT,-35.3611309,149.1678505,591.21,10.009,-0.02,0.0,0.04,44.3,,,,,,,,,,,
1790036377.741925,GPS_RAW_INT,,,,,,,,,,,,,,,,,,6,10
1790036377.7471735,ATTITUDE,,,,,,,,,,,,,,,0.002097797580063343,0.0018647186225280166,0.773196280002594,,
1790036377.7481277,RAW_IMU,,,,,,,,,0,0,-974,0,1,1,,,,,
1790036377.7671516,ATTITUDE,,,,,,,,,,,,,,,0.00204665120691061,0.001833142712712288,0.7731962203979492,,
1790036377.768253,RAW_IMU,,,,,,,,,0,0,-977,0,0,1,,,,,
1790036377.7870877,ATTITUDE,,,,,,,,,,,,,,,0.0019939264748245478,0.0018110469682142138,0.7731930613517761,,
1790036377.7879002,RAW_IMU,,,,,,,,,0,0,-980,0,1,1,,,,,
1790036377.8072972,ATTITUDE,,,,,,,,,,,,,,,0.0019581476226449013,0.0017942150589078665,0.7731902599334717,,
1790036377.8084626,RAW_IMU,,,,,,,,,0,0,-983,0,1,1,,,,,
1790036377.8229556,ATTITUDE,,,,,,,,,,,,,,,0.001940540038049221,0.0017652006354182959,0.7731876969337463,,
1790036377.8247507,RAW_IMU,,,,,,,,,0,0,-985,1,0,1,,,,,
1790036377.84213,GLOBAL_POSITION_INT,-35.3611309,149.1678505,591.21,10.002,-0.02,0.0,0.06,44.3,,,,,,,,,,,
1790036377.8436697,GPS_RAW_INT,,,,,,,,,,,,,,,,,,6,10
1790036377.845983,ATTITUDE,,,,,,,,,,,,,,,0.0018919054418802261,0.00175652711186558,0.7731857299804688,,
1790036377.8472083,RAW_IMU,,,,,,,,,0,0,-988,0,1,1,,,,,
1790036377.8647,ATTITUDE,,,,,,,,,,,,,,,0.001873012981377542,0.0017258062725886703,0.7731848359107971,,
1790036377.8658483,RAW_IMU,,,,,,,,,0,0,-990,1,0,1,,,,,
1790036377.9076986,ATTITUDE,,,,,,,,,,,,,,,0.0018685504328459501,0.0017013822216540575,0.7731805443763733,,
1790036377.9096513,RAW_IMU,,,,,,,,,0,0,-993,2,0,1,,,,,
1790036377.9108438,ATTITUDE,,,,,,,,,,,,,,,0.00181762280408293,0.0017138997791334987,0.7731786966323853,,
1790036377.9120786,RAW_IMU,,,,,,,,,0,0,-995,0,3,1,,,,,
1790036377.9267037,ATTITUDE,,,,,,,,,,,,,,,0.0018146573565900326,0.0016791881062090397,0.7731767892837524,,
1790036377.92825,RAW_IMU,,,,,,,,,0,0,-997,1,1,1,,,,,
1790036377.9404397,GLOBAL_POSITION_INT,-35.3611309,149.1678505,591.2,9.994,-0.02,0.0,0.06,44.29,,,,,,,,,,,
1790036377.9420683,GPS_RAW_INT,,,,,,,,,,,,,,,,,,6,10
1790036377.9469833,ATTITUDE,,,,,,,,,,,,,,,0.0018397571984678507,0.001624023774638772,0.773176908493042,,
1790036377.9477863,RAW_IMU,,,,,,,,,0,0,-999,3,0,1,,,,,
1790036377.9666455,ATTITUDE,,,,,,,,,,,,,,,0.0018083853647112846,0.0016480679623782635,0.7731757164001465,,
1790036377.9679224,RAW_IMU,,,,,,,,,0,0,-1001,1,3,1,,,,,
1790036377.9865508,ATTITUDE,,,,,,,,,,,,,,,0.0017607304034754634,0.0016714974772185087,0.7731727957725525,,
1790036377.9880028,RAW_IMU,,,,,,,,,0,0,-1002,0,4,1,,,,,
1790036378.007085,ATTITUDE,,,,,,,,,,,,,,,0.0017791928257793188,0.0016344228060916066,0.7731690406799316,,
1790036378.0093603,RAW_IMU,,,,,,,,,0,0,-1003,2,0,1,,,,,
1790036378.0233712,ATTITUDE,,,,,,,,,,,,,,,0.0018095821142196655,0.001651475322432816,0.7731682062149048,,
1790036378.024097,RAW_IMU,,,,,,,,,0,0,-1005,4,2,1,,,,,
1790036378.0388193,GLOBAL_POSITION_INT,-35.3611309,149.1678505,591.19,9.985,-0.02,0.0,0.06,44.29,,,,,,,,,,,
1790036378.0405624,GPS_RAW_INT,,,,,,,,,,,,,,,,,,6,10
1790036378.0459628,ATTITUDE,,,,,,,,,,,,,,,0.0018272134475409985,0.0016145341796800494,0.7731672525405884,,
1790036378.0471761,RAW_IMU,,,,,,,,,0,0,-1006,3,1,1,,,,,
1790036378.0660648,ATTITUDE,,,,,,,,,,,,,,,0.0018171160481870174,0.0015863717999309301,0.7731659412384033,,
1790036378.0669932,RAW_IMU,,,,,,,,,0,0,-1008,1,0,1,,,,,
1790036378.0864964,ATTITUDE,,,,,,,,,,,,,,,0.0018077846616506577,0.0015699297655373812,0.7731633186340332,,
1790036378.0879645,RAW_IMU,,,,,,,,,0,0,-1008,1,1,1,,,,,
1790036378.1067367,ATTITUDE,,,,,,,,,,,,,,,0.0017885238630697131,0.001528484164737165,0.773162841796875,,
1790036378.1084375,RAW_IMU,,,,,,,,,0,0,-1009,1,0,1,,,,,
1790036378.1277192,ATTITUDE,,,,,,,,,,,,,,,0.0017599130515009165,0.0014744785148650408,0.7731641530990601,,
1790036378.1289709,RAW_IMU,,,,,,,,,0,0,-1011,0,0,1,,,,,
1790036378.1534183,GLOBAL_POSITION_INT,-35.3611309,149.1678505,591.18,9.977,-0.02,0.0,0.05,44.29,,,,,,,,,,,
1790036378.1542387,GPS_RAW_INT,,,,,,,,,,,,,,,,,,6,10
1790036378.1558297,ATTITUDE,,,,,,,,,,,,,,,0.0017332590650767088,0.0014236676506698132,0.773165225982666,,
1790036378.1565545,RAW_IMU,,,,,,,,,0,0,-1011,1,0,1,,,,,
1790036378.1627905,ATTITUDE,,,,,,,,,,,,,,,0.001707233372144401,0.0013762903399765491,0.773166835308075,,
1790036378.163797,RAW_IMU,,,,,,,,,0,0,-1011,1,0,1,,,,,
1790036378.182893,ATTITUDE,,,,,,,,,,,,,,,0.0017040270613506436,0.0013761048903688788,0.7731661796569824,,
1790036378.1838236,RAW_IMU,,,,,,,,,0,0,-1012,2,2,1,,,,,
1790036378.20264,ATTITUDE,,,,,,,,,,,,,,,0.0016809622757136822,0.0013474433217197657,0.7731674909591675,,
1790036378.2041624,RAW_IMU,,,,,,,,,0,0,-1014,1,1,2,,,,,
1790036378.2233438,ATTITUDE,,,,,,,,,,,,,,,0.0016589127480983734,0.0013213069178164005,0.7731673121452332,,
1790036378.2252648,RAW_IMU,,,,,,,,,0,0,-1014,1,0,1,,,,,
1790036378.2372327,GLOBAL_POSITION_INT,-35.361131,149.1678505,591.18,9.97,-0.02,0.0,0.04,44.29,,,,,,,,,,,
1790036378.238602,GPS_RAW_INT,,,,,,,,,,,,,,,,,,6,10
1790036378.2433717,ATTITUDE,,,,,,,,,,,,,,,0.0016380369197577238,0.001295867725275457,0.7731680870056152,,
1790036378.2439966,RAW_IMU,,,,,,,,,0,0,-1014,1,1,1,,,,,
1790036378.2630477,ATTITUDE,,,,,,,,,,,,,,,0.0016185286222025752,0.0012733619660139084,0.7731707692146301,,
1790036378.2638993,RAW_IMU,,,,,,,,,0,0,-1014,1,1,2,,,,,
1790036378.2831097,ATTITUDE,,,,,,,,,,,,,,,0.001599894487299025,0.0012520059244707227,0.7731708884239197,,
1790036378.285168,RAW_IMU,,,,,,,,,0,0,-1014,1,1,2,,,,,
1790036378.302767,ATTITUDE,,,,,,,,,,,,,,,0.0015782990958541632,0.0012391990749165416,0.7731720209121704,,
1790036378.3041005,RAW_IMU,,,,,,,,,0,0,-1014,1,1,1,,,,,
1790036378.324268,ATTITUDE,,,,,,,,,,,,,,,0.0016041708877310157,0.0012368323514238,0.7731744050979614,,
1790036378.3256836,RAW_IMU,,,,,,,,,0,0,-1015,3,2,2,,,,,
1790036378.3381767,GLOBAL_POSITION_INT,-35.361131,149.1678505,591.17,9.964,-0.02,0.0,0.03,44.29,,,,,,,,,,,
1790036378.3396285,GPS_RAW_INT,,,,,,,,,,,,,,,,,,6,10
1790036378.3443193,ATTITUDE,,,,,,,,,,,,,,,0.0015758542576804757,0.0012517048744484782,0.7731761932373047,,
1790036378.3450575,RAW_IMU,,,,,,,,,0,0,-1015,1,2,1,,,,,
1790036378.3645399,ATTITUDE,,,,,,,,,,,,,,,0.0016290934290736914,0.0012642486253753304,0.7731794118881226,,
1790036378.365429,RAW_IMU,,,,,,,,,0,0,-1015,4,3,1,,,,,
1790036378.4049776,ATTITUDE,,,,,,,,,,,,,,,0.0016008277889341116,0.0012797049712389708,0.7731778025627136,,
1790036378.406154,RAW_IMU,,,,,,,,,0,0,-1015,1,2,1,,,,,
1790036378.4076679,ATTITUDE,,,,,,,,,,,,,,,0.0016536912880837917,0.0012937854044139385,0.7731776833534241,,
1790036378.409476,RAW_IMU,,,,,,,,,0,0,-1015,4,3,1,,,,,
1790036378.4252517,ATTITUDE,,,,,,,,,,,,,,,0.0016277366084977984,0.0012925151968374848,0.7731758952140808,,
1790036378.4271061,RAW_IMU,,,,,,,,,0,0,-1015,1,1,1,,,,,
1790036378.4392529,GLOBAL_POSITION_INT,-35.361131,149.1678505,591.16,9.959,-0.01,0.0,0.01,44.29,,,,,,,,,,,
1790036378.440432,GPS_RAW_INT,,,,,,,,,,,,,,,,,,6,10
1790036378.445547,ATTITUDE,,,,,,,,,,,,,,,0.0016777957789599895,0.001332955900579691,0.7731760144233704,,
1790036378.4470894,RAW_IMU,,,,,,,,,0,0,-1015,4,4,1,,,,,
1790036378.465146,ATTITUDE,,,,,,,,,,,,,,,0.0016774729592725635,0.0013210397446528077,0.7731757760047913,,
1790036378.4665053,RAW_IMU,,,,,,,,,0,0,-1015,3,1,1,,,,,
1790036378.4848168,ATTITUDE,,,,,,,,,,,,,,,0.0017131359782069921,0.0013591402675956488,0.7731712460517883,,
1790036378.4869146,RAW_IMU,,,,,,,,,0,0,-1015,3,4,1,,,,,
1790036378.5052793,ATTITUDE,,,,,,,,,,,,,,,0.0017435220070183277,0.0013424612116068602,0.7731702923774719,,
1790036378.506971,RAW_IMU,,,,,,,,,0,0,-1014,4,1,1,,,,,
1790036378.5254052,ATTITUDE,,,,,,,,,,,,,,,0.0017568072071298957,0.0013927434338256717,0.7731704115867615,,
1790036378.5266993,RAW_IMU,,,,,,,,,0,0,-1014,2,5,1,,,,,
1790036378.539249,GLOBAL_POSITION_INT,-35.361131,149.1678505,591.16,9.956,-0.01,0.0,0.0,44.29,,,,,,,,,,,
1790036378.54042,GPS_RAW_INT,,,,,,,,,,,,,,,,,,6,10
1790036378.5448704,ATTITUDE,,,,,,,,,,,,,,,0.0017837344203144312,0.0013559114886447787,0.7731715440750122,,
1790036378.5468261,RAW_IMU,,,,,,,,,0,0,-1014,4,0,1,,,,,
1790036378.5651019,ATTITUDE,,,,,,,,,,,,,,,0.0017682320903986692,0.0014170557260513306,0.7731720209121704,,
1790036378.5672092,RAW_IMU,,,,,,,,,0,0,-1014,1,5,1,,,,,
1790036378.5848973,ATTITUDE,,,,,,,,,,,,,,,0.0018160679610446095,0.0014063804410398006,0.7731702327728271,,
1790036378.586826,RAW_IMU,,,,,,,,,0,0,-1013,4,2,1,,,,,
1790036378.6050198,ATTITUDE,,,,,,,,,,,,,,,0.0018630611011758447,0.0014106050366535783,0.7731678485870361,,
1790036378.607147,RAW_IMU,,,,,,,,,0,0,-1013,4,2,1,,,,,
1790036378.6251047,ATTITUDE,,,,,,,,,,,,,,,0.0019089855486527085,0.001437471597455442,0.7731665968894958,,
1790036378.6271956,RAW_IMU,,,,,,,,,0,0,-1012,4,3,1,,,,,
1790036378.6518433,GLOBAL_POSITION_INT,-35.361131,149.1678505,591.16,9.954,-0.01,0.0,0.0,44.29,,,,,,,,,,,
1790036378.6526556,GPS_RAW_INT,,,,,,,,,,,,,,,,,,6,10
1790036378.6534503,ATTITUDE,,,,,,,,,,,,,,,0.0019525218522176147,0.0014665991766378284,0.7731657028198242,,
1790036378.6544383,RAW_IMU,,,,,,,,,0,0,-1012,4,3,1,,,,,
1790036378.6655042,ATTITUDE,,,,,,,,,,,,,,,0.00199585547670722,0.001494676573202014,0.773165225982666,,
1790036378.6666324,RAW_IMU,,,,,,,,,0,0,-1012,4,3,1,,,,,
1790036378.685692,ATTITUDE,,,,,,,,,,,,,,,0.002037316793575883,0.001521898782812059,0.7731633186340332,,
1790036378.6869671,RAW_IMU,,,,,,,,,0,0,-1012,4,3,1,,,,,
1790036378.7053668,ATTITUDE,,,,,,,,,,,,,,,0.0020749762188643217,0.0015441819559782743,0.7731640338897705,,
1790036378.706837,RAW_IMU,,,,,,,,,0,0,-1012,4,3,1,,,,,
1790036378.7267156,ATTITUDE,,,,,,,,,,,,,,,0.002085856394842267,0.0015657454496249557,0.7731654047966003,,
1790036378.727712,RAW_IMU,,,,,,,,,0,0,-1012,3,3,1,,,,,
1790036378.739782,GLOBAL_POSITION_INT,-35.361131,149.1678505,591.16,9.952,-0.01,0.0,-0.01,44.29,,,,,,,,,,,
1790036378.7407672,GPS_RAW_INT,,,,,,,,,,,,,,,,,,6,10
1790036378.7463894,ATTITUDE,,,,,,,,,,,,,,,0.0021252217702567577,0.0015664527891203761,0.7731659412384033,,
1790036378.748141,RAW_IMU,,,,,,,,,0,0,-1011,4,2,1,,,,,
1790036378.7663925,ATTITUDE,,,,,,,,,,,,,,,0.0021046700421720743,0.001620177528820932,0.7731667757034302,,
1790036378.7673934,RAW_IMU,,,,,,,,,0,0,-1010,1,4,1,,,,,
1790036378.7863886,ATTITUDE,,,,,,,,,,,,,,,0.002122455043718219,0.0016033018473535776,0.7731644511222839,,
1790036378.7876105,RAW_IMU,,,,,,,,,0,0,-1010,2,2,1,,,,,
1790036378.805853,ATTITUDE,,,,,,,,,,,,,,,0.002157878130674362,0.0016254123765975237,0.7731618285179138,,
1790036378.8073308,RAW_IMU,,,,,,,,,0,0,-1009,4,3,1,,,,,
1790036378.8250377,ATTITUDE,,,,,,,,,,,,,,,0.0021942032035440207,0.0016647892771288753,0.7731595635414124,,
1790036378.8265283,RAW_IMU,,,,,,,,,0,0,-1009,4,4,1,,,,,
1790036378.8389955,GLOBAL_POSITION_INT,-35.361131,149.1678505,591.16,9.952,-0.01,0.0,-0.02,44.29,,,,,,,,,,,
1790036378.8403215,GPS_RAW_INT,,,,,,,,,,,,,,,,,,6,10
1790036378.8456063,ATTITUDE,,,,,,,,,,,,,,,0.002228583674877882,0.0017027006251737475,0.7731581926345825,,
1790036378.8466778,RAW_IMU,,,,,,,,,0,0,-1009,4,4,1,,,,,
1790036378.8664353,ATTITUDE,,,,,,,,,,,,,,,0.0022613301407545805,0.0017394570168107748,0.7731574177742004,,
1790036378.8673105,RAW_IMU,,,,,,,,,0,0,-1009,3,4,1,,,,,
1790036378.9058607,ATTITUDE,,,,,,,,,,,,,,,0.0022932318970561028,0.0017757242312654853,0.7731557488441467,,
1790036378.9070833,RAW_IMU,,,,,,,,,0,0,-1009,3,4,1,,,,,
1790036378.9088542,ATTITUDE,,,,,,,,,,,,,,,0.0023215364199131727,0.0018073433311656117,0.7731566429138184,,
1790036378.9100206,RAW_IMU,,,,,,,,,0,0,-1009,3,4,1,,,,,
1790036378.9275315,ATTITUDE,,,,,,,,,,,,,,,0.0023068273440003395,0.001819883706048131,0.7731563448905945,,
1790036378.9288857,RAW_IMU,,,,,,,,,0,0,-1007,1,3,1,,,,,
1790036378.9414887,GLOBAL_POSITION_INT,-35.361131,149.1678505,591.16,9.953,-0.01,0.0,-0.03,44.29,,,,,,,,,,,
1790036378.9427085,GPS_RAW_INT,,,,,,,,,,,,,,,,,,6,10
1790036378.943791,ATTITUDE,,,,,,,,,,,,,,,0.002338270889595151,0.0018499185098335147,0.7731573581695557,,
1790036378.945269,RAW_IMU,,,,,,,,,0,0,-1006,3,3,1,,,,,
1790036378.962013,ATTITUDE,,,,,,,,,,,,,,,0.002314614597707987,0.001843022182583809,0.7731579542160034,,
1790036378.9632533,RAW_IMU,,,,,,,,,0,0,-1006,1,2,1,,,,,
1790036378.986352,ATTITUDE,,,,,,,,,,,,,,,0.0022875992581248283,0.0018733734032139182,0.7731544971466064,,
1790036378.987988,RAW_IMU,,,,,,,,,0,0,-1006,1,3,1,,,,,
1790036379.005814,ATTITUDE,,,,,,,,,,,,,,,0.002262326655909419,0.0019026577938348055,0.7731527090072632,,
1790036379.0075912,RAW_IMU,,,,,,,,,0,0,-1006,1,4,1,,,,,
1790036379.0251405,ATTITUDE,,,,,,,,,,,,,,,0.0022392109967768192,0.0018757523503154516,0.7731503844261169,,
1790036379.0278099,RAW_IMU,,,,,,,,,0,0,-1005,1,1,1,,,,,
1790036379.0389032,GLOBAL_POSITION_INT,-35.361131,149.1678505,591.16,9.954,-0.01,0.0,-0.03,44.29,,,,,,,,,,,
1790036379.039809,GPS_RAW_INT,,,,,,,,,,,,,,,,,,6,10
1790036379.0459964,ATTITUDE,,,,,,,,,,,,,,,0.002215428277850151,0.0018510252702981234,0.7731490731239319,,
1790036379.0471416,RAW_IMU,,,,,,,,,0,0,-1005,1,1,1,,,,,
1790036379.0664651,ATTITUDE,,,,,,,,,,,,,,,0.002194078639149666,0.0018271894659847021,0.7731474041938782,,
1790036379.0673223,RAW_IMU,,,,,,,,,0,0,-1005,1,1,1,,,,,
1790036379.0864506,ATTITUDE,,,,,,,,,,,,,,,0.002173979766666889,0.001804314088076353,0.773144543170929,,
1790036379.0879295,RAW_IMU,,,,,,,,,0,0,-1005,1,1,1,,,,,
1790036379.1056945,ATTITUDE,,,,,,,,,,,,,,,0.002151338616386056,0.0017810638528317213,0.7731444835662842,,
1790036379.1068363,RAW_IMU,,,,,,,,,0,0,-1005,1,1,1,,,,,
1790036379.1270623,ATTITUDE,,,,,,,,,,,,,,,0.002148397034034133,0.0017775502055883408,0.7731429934501648,,
1790036379.1281831,RAW_IMU,,,,,,,,,0,0,-1004,2,2,1,,,,,
1790036379.1514657,GLOBAL_POSITION_INT,-35.361131,149.1678505,591.16,9.956,-0.01,0.0,-0.04,44.29,,,,,,,,,,,
1790036379.1519256,GPS_RAW_INT,,,,,,,,,,,,,,,,,,6,10
1790036379.152282,ATTITUDE,,,,,,,,,,,,,,,0.002144909230992198,0.0017906888388097286,0.7731414437294006,,
1790036379.1529806,RAW_IMU,,,,,,,,,0,0,-1003,2,3,1,,,,,
1790036379.1665823,ATTITUDE,,,,,,,,,,,,,,,0.0021445020101964474,0.001791921560652554,0.7731377482414246,,
1790036379.167648,RAW_IMU,,,,,,,,,0,0,-1002,2,2,1,,,,,
1790036379.186705,ATTITUDE,,,,,,,,,,,,,,,0.002156265312805772,0.0018203728832304478,0.7731295228004456,,
1790036379.1878247,RAW_IMU,,,,,,,,,0,0,-1002,3,4,1,,,,,
1790036379.2062397,ATTITUDE,,,,,,,,,,,,,,,0.002173444489017129,0.0018372884951531887,0.7731224894523621,,
1790036379.2072556,RAW_IMU,,,,,,,,,0,0,-1002,3,2,1,,,,,
1790036379.22666,ATTITUDE,,,,,,,,,,,,,,,0.002190761035308242,0.0018881832947954535,0.773114800453186,,
1790036379.2280228,RAW_IMU,,,,,,,,,0,0,-1002,3,5,1,,,,,
1790036379.2397745,GLOBAL_POSITION_INT,-35.361131,149.1678505,591.16,9.958,-0.01,0.0,-0.04,44.29,,,,,,,,,,,
1790036379.240762,GPS_RAW_INT,,,,,,,,,,,,,,,,,,6,10
1790036379.2462516,ATTITUDE,,,,,,,,,,,,,,,0.0022082508075982332,0.0019001595210283995,0.7731072306632996,,
1790036379.2473707,RAW_IMU,,,,,,,,,0,0,-1002,3,3,1,,,,,
1790036379.265441,ATTITUDE,,,,,,,,,,,,,,,0.0022259638644754887,0.0019133654423058033,0.773100733757019,,
1790036379.266518,RAW_IMU,,,,,,,,,0,0,-1002,3,2,1,,,,,
1790036379.285613,ATTITUDE,,,,,,,,,,,,,,,0.00224154070019722,0.0019260271219536662,0.7730907797813416,,
1790036379.2865133,RAW_IMU,,,,,,,,,0,0,-1002,3,2,1,,,,,
1790036379.3056204,ATTITUDE,,,,,,,,,,,,,,,0.0022545999381691217,0.0019344360334798694,0.7730851769447327,,
1790036379.3070877,RAW_IMU,,,,,,,,,0,0,-1002,3,2,1,,,,,
1790036379.3247242,ATTITUDE,,,,,,,,,,,,,,,0.002266782568767667,0.0019431373802945018,0.7730810642242432,,
1790036379.32613,RAW_IMU,,,,,,,,,0,0,-1002,3,2,1,,,,,
1790036379.3385377,GLOBAL_POSITION_INT,-35.361131,149.1678505,591.17,9.96,-0.01,0.0,-0.04,44.29,,,,,,,,,,,
1790036379.3393822,GPS_RAW_INT,,,,,,,,,,,,,,,,,,6,10
1790036379.3445094,ATTITUDE,,,,,,,,,,,,,,,0.002278338884934783,0.0019526126561686397,0.7730768918991089,,
1790036379.345867,RAW_IMU,,,,,,,,,0,0,-1002,3,2,1,,,,,
1790036379.364624,ATTITUDE,,,,,,,,,,,,,,,0.002290206030011177,0.001960054039955139,0.7730728387832642,,
1790036379.365677,RAW_IMU,,,,,,,,,0,0,-1002,3,2,1,,,,,
1790036379.4040465,ATTITUDE,,,,,,,,,,,,,,,0.0023315446451306343,0.0019946300890296698,0.7730687856674194,,
1790036379.4051788,RAW_IMU,,,,,,,,,0,0,-1001,4,4,1,,,,,
1790036379.4065216,ATTITUDE,,,,,,,,,,,,,,,0.002360053826123476,0.0019955795723944902,0.7730658650398254,,
1790036379.4070766,RAW_IMU,,,,,,,,,0,0,-1000,4,2,1,,,,,
1790036379.4240928,ATTITUDE,,,,,,,,,,,,,,,0.0023893474135547876,0.002060879021883011,0.773065447807312,,
1790036379.4249005,RAW_IMU,,,,,,,,,0,0,-1000,3,5,1,,,,,
1790036379.4377284,GLOBAL_POSITION_INT,-35.361131,149.1678505,591.17,9.963,-0.01,0.0,-0.04,44.29,,,,,,,,,,,
1790036379.4390657,GPS_RAW_INT,,,,,,,,,,,,,,,,,,6,10
1790036379.4438393,ATTITUDE,,,,,,,,,,,,,,,0.002445463091135025,0.0020525846630334854,0.7730675935745239,,
1790036379.4449308,RAW_IMU,,,,,,,,,0,0,-1000,5,2,2,,,,,
1790036379.465106,ATTITUDE,,,,,,,,,,,,,,,0.0024434500373899937,0.0021181509364396334,0.7730708718299866,,
1790036379.4661493,RAW_IMU,,,,,,,,,0,0,-1000,2,5,2,,,,,
1790036379.4860406,ATTITUDE,,,,,,,,,,,,,,,0.0025246322620660067,0.002108511282131076,0.7730743288993835,,
1790036379.4877782,RAW_IMU,,,,,,,,,0,0,-999,6,2,2,,,,,
1790036379.505979,ATTITUDE,,,,,,,,,,,,,,,0.0025221521500498056,0.0021278297062963247,0.7730793952941895,,
1790036379.5074577,RAW_IMU,,,,,,,,,0,0,-999,2,3,2,,,,,
1790036379.5256693,ATTITUDE,,,,,,,,,,,,,,,0.0025652837939560413,0.0021657622419297695,0.7730874419212341,,
1790036379.5266967,RAW_IMU,,,,,,,,,0,0,-999,4,4,2,,,,,
1790036379.5393229,GLOBAL_POSITION_INT,-35.361131,149.1678505,591.17,9.966,-0.01,0.0,-0.04,44.29,,,,,,,,,,,
1790036379.5403826,GPS_RAW_INT,,,,,,,,,,,,,,,,,,6,10
1790036379.545464,ATTITUDE,,,,,,,,,,,,,,,0.002609081333503127,0.0022032922133803368,0.77309650182724,,
1790036379.546574,RAW_IMU,,,,,,,,,0,0,-999,4,4,2,,,,,
1790036379.5655713,ATTITUDE,,,,,,,,,,,,,,,0.002652313094586134,0.0022397174034267664,0.7731042504310608,,
1790036379.5670893,RAW_IMU,,,,,,,,,0,0,-999,4,4,2,,,,,
1790036379.585581,ATTITUDE,,,,,,,,,,,,,,,0.002693170215934515,0.0022746038157492876,0.7731090784072876,,
1790036379.586578,RAW_IMU,,,,,,,,,0,0,-999,4,4,2,,,,,
1790036379.6056037,ATTITUDE,,,,,,,,,,,,,,,0.0027330713346600533,0.002308720024302602,0.773115873336792,,
1790036379.6069274,RAW_IMU,,,,,,,,,0,0,-999,4,4,2,,,,,
1790036379.625736,ATTITUDE,,,,,,,,,,,,,,,0.0027717468328773975,0.0023427088744938374,0.7731223106384277,,
1790036379.627179,RAW_IMU,,,,,,,,,0,0,-999,4,4,2,,,,,
1790036379.646367,GLOBAL_POSITION_INT,-35.361131,149.1678505,591.18,9.97,-0.01,0.0,-0.03,44.29,,,,,,,,,,,
1790036379.647973,GPS_RAW_INT,,,,,,,,,,,,,,,,,,6,10
1790036379.648795,ATTITUDE,,,,,,,,,,,,,,,0.0028107566758990288,0.0023753000423312187,0.7731313705444336,,
1790036379.6500025,RAW_IMU,,,,,,,,,0,0,-999,4,4,2,,,,,
1790036379.6654391,ATTITUDE,,,,,,,,,,,,,,,0.0028479888569563627,0.002407713560387492,0.7731395959854126,,
1790036379.6668668,RAW_IMU,,,,,,,,,0,0,-999,4,3,2,,,,,
1790036379.6854997,ATTITUDE,,,,,,,,,,,,,,,0.0028849230147898197,0.0024402085691690445,0.7731455564498901,,
1790036379.6863375,RAW_IMU,,,,,,,,,0,0,-999,4,3,2,,,,,
1790036379.705752,ATTITUDE,,,,,,,,,,,,,,,0.002916195197030902,0.002467177342623472,0.7731534838676453,,
1790036379.7068076,RAW_IMU,,,,,,,,,0,0,-999,4,3,2,,,,,
1790036379.7257154,ATTITUDE,,,,,,,,,,,,,,,0.002948429901152849,0.002493666484951973,0.7731618881225586,,
1790036379.7273602,RAW_IMU,,,,,,,,,0,0,-999,4,3,2,,,,,
1790036379.7397268,GLOBAL_POSITION_INT,-35.361131,149.1678505,591.18,9.973,-0.01,0.0,-0.03,44.29,,,,,,,,,,,
1790036379.7410882,GPS_RAW_INT,,,,,,,,,,,,,,,,,,6,10
1790036379.7454498,ATTITUDE,,,,,,,,,,,,,,,0.002978584496304393,0.0025187574792653322,0.7731706500053406,,
1790036379.7471535,RAW_IMU,,,,,,,,,0,0,-999,4,3,2,,,,,
1790036379.7654266,ATTITUDE,,,,,,,,,,,,,,,0.0029976849909871817,0.0025437523145228624,0.7731789946556091,,
1790036379.7670817,RAW_IMU,,,,,,,,,0,0,-999,3,3,2,,,,,
1790036379.785342,ATTITUDE,,,,,,,,,,,,,,,0.0030174735002219677,0.002566501498222351,0.7731853723526001,,
1790036379.7867126,RAW_IMU,,,,,,,,,0,0,-998,3,3,2,,,,,
1790036379.805615,ATTITUDE,,,,,,,,,,,,,,,0.0030312032904475927,0.00254481821320951,0.7731876373291016,,
1790036379.8072765,RAW_IMU,,,,,,,,,0,0,-997,3,1,2,,,,,
1790036379.825922,ATTITUDE,,,,,,,,,,,,,,,0.003017774550244212,0.0025913326535373926,0.7731891870498657,,
1790036379.8272183,RAW_IMU,,,,,,,,,0,0,-997,1,4,2,,,,,
1790036379.8394897,GLOBAL_POSITION_INT,-35.361131,149.1678505,591.18,9.976,-0.01,0.0,-0.03,44.3,,,,,,,,,,,
1790036379.840488,GPS_RAW_INT,,,,,,,,,,,,,,,,,,6,10
1790036379.845388,ATTITUDE,,,,,,,,,,,,,,,0.0030649842228740454,0.00256283744238317,0.7731899619102478,,
1790036379.84644,RAW_IMU,,,,,,,,,0,0,-997,4,1,1,,,,,
1790036379.865474,ATTITUDE,,,,,,,,,,,,,,,0.0030338610522449017,0.002603873610496521,0.7731890082359314,,
1790036379.8660464,RAW_IMU,,,,,,,,,0,0,-998,1,4,1,,,,,
1790036379.9015102,ATTITUDE,,,,,,,,,,,,,,,0.003067991230636835,0.002558028092607856,0.7731866836547852,,
1790036379.9025583,RAW_IMU,,,,,,,,,0,0,-998,3,0,1,,,,,
1790036379.9074998,ATTITUDE,,,,,,,,,,,,,,,0.003032813547179103,0.0025794797111302614,0.7731868624687195,,
1790036379.9085326,RAW_IMU,,,,,,,,,0,0,-998,1,2,1,,,,,
1790036379.9228146,ATTITUDE,,,,,,,,,,,,,,,0.0030691195279359818,0.0025332861114293337,0.7731866836547852,,
1790036379.9243822,RAW_IMU,,,,,,,,,0,0,-998,3,1,1,,,,,
1790036379.9423852,GLOBAL_POSITION_INT,-35.361131,149.1678505,591.18,9.978,-0.01,0.0,-0.03,44.3,,,,,,,,,,,
1790036379.944027,GPS_RAW_INT,,,,,,,,,,,,,,,,,,6,10
1790036379.9456966,ATTITUDE,,,,,,,,,,,,,,,0.003042046446353197,0.002503263531252742,0.7731862664222717,,
1790036379.9472346,RAW_IMU,,,,,,,,,0,0,-997,2,0,1,,,,,
1790036379.9627957,ATTITUDE,,,,,,,,,,,,,,,0.003048747079446912,0.002505949465557933,0.7731861472129822,,
1790036379.963896,RAW_IMU,,,,,,,,,0,0,-997,1,3,1,,,,,
1790036379.986992,ATTITUDE,,,,,,,,,,,,,,,0.0030387851875275373,0.0024515800178050995,0.7731834053993225,,
1790036379.9878414,RAW_IMU,,,,,,,,,0,0,-998,2,0,1,,,,,
1790036380.0062344,ATTITUDE,,,,,,,,,,,,,,,0.003030595136806369,0.0024746377021074295,0.773182213306427,,
1790036380.007459,RAW_IMU,,,,,,,,,0,0,-998,1,3,1,,,,,
1790036380.0264387,ATTITUDE,,,,,,,,,,,,,,,0.0030403153505176306,0.002422948135063052,0.7731806635856628,,
1790036380.0275614,RAW_IMU,,,,,,,,,0,0,-998,3,0,1,,,,,
1790036380.0398316,GLOBAL_POSITION_INT,-35.361131,149.1678505,591.19,9.98,-0.01,0.0,-0.02,44.29,,,,,,,,,,,
1790036380.0408764,GPS_RAW_INT,,,,,,,,,,,,,,,,,,6,10
1790036380.0466776,ATTITUDE,,,,,,,,,,,,,,,0.003019141498953104,0.0024501706939190626,0.7731799483299255,,
1790036380.0484807,RAW_IMU,,,,,,,,,0,0,-998,0,3,1,,,,,
1790036380.066983,ATTITUDE,,,,,,,,,,,,,,,0.0030282954685389996,0.002409291686490178,0.7731775045394897,,
1790036380.0681324,RAW_IMU,,,,,,,,,0,0,-998,3,0,1,,,,,
1790036380.0869598,ATTITUDE,,,,,,,,,,,,,,,0.0030073418747633696,0.002440763171762228,0.7731725573539734,,
1790036380.0879872,RAW_IMU,,,,,,,,,0,0,-998,0,3,1,,,,,
1790036380.107022,ATTITUDE,,,,,,,,,,,,,,,0.0030287064146250486,0.0023971989285200834,0.7731698155403137,,
1790036380.1083124,RAW_IMU,,,,,,,,,0,0,-998,3,0,1,,,,,
1790036380.1227372,ATTITUDE,,,,,,,,,,,,,,,0.003006611717864871,0.002430098596960306,0.7731680274009705,,
1790036380.1248,RAW_IMU,,,,,,,,,0,0,-998,1,3,1,,,,,
1790036380.1511397,GLOBAL_POSITION_INT,-35.361131,149.1678505,591.19,9.982,-0.01,0.0,-0.02,44.29,,,,,,,,,,,
1790036380.1516159,GPS_RAW_INT,,,,,,,,,,,,,,,,,,6,10
1790036380.1523557,ATTITUDE,,,,,,,,,,,,,,,0.0030101302545517683,0.0023863590322434902,0.7731667160987854,,
1790036380.1529686,RAW_IMU,,,,,,,,,0,0,-998,3,0,1,,,,,
1790036380.162636,ATTITUDE,,,,,,,,,,,,,,,0.002989271655678749,0.002408661413937807,0.7731666564941406,,
1790036380.163745,RAW_IMU,,,,,,,,,0,0,-998,1,2,1,,,,,
1790036380.1868465,ATTITUDE,,,,,,,,,,,,,,,0.0029950474854558706,0.0023934401106089354,0.7731636762619019,,
1790036380.1881135,RAW_IMU,,,,,,,,,0,0,-998,3,2,1,,,,,
1790036380.2061882,ATTITUDE,,,,,,,,,,,,,,,0.002973472699522972,0.002381922211498022,0.7731612920761108,,
1790036380.2072551,RAW_IMU,,,,,,,,,0,0,-998,1,1,1,,,,,
1790036380.2266161,ATTITUDE,,,,,,,,,,,,,,,0.002986140316352248,0.0023968147579580545,0.77315753698349,,
1790036380.2281525,RAW_IMU,,,,,,,,,0,0,-999,3,3,1,,,,,
1790036380.2404864,GLOBAL_POSITION_INT,-35.361131,149.1678505,591.19,9.983,-0.01,0.0,-0.02,44.29,,,,,,,,,,,
1790036380.2412515,GPS_RAW_INT,,,,,,,,,,,,,,,,,,6,10
1790036380.2468963,ATTITUDE,,,,,,,,,,,,,,,0.002954307245090604,0.002411450492218137,0.7731537222862244,,
1790036380.2483196,RAW_IMU,,,,,,,,,0,0,-999,0,3,1,,,,,
1790036380.2660935,ATTITUDE,,,,,,,,,,,,,,,0.002976064570248127,0.0024259411729872227,0.7731487154960632,,
1790036380.2676153,RAW_IMU,,,,,,,,,0,0,-999,3,3,1,,,,,
1790036380.2862103,ATTITUDE,,,,,,,,,,,,,,,0.002947000088170171,0.0024406537413597107,0.7731400728225708,,
1790036380.2874463,RAW_IMU,,,,,,,,,0,0,-999,1,3,1,,,,,
1790036380.3061485,ATTITUDE,,,,,,,,,,,,,,,0.002968474989756942,0.0024501921143382788,0.7731316685676575,,
1790036380.3079534,RAW_IMU,,,,,,,,,0,0,-999,3,3,1,,,,,
1790036380.3270102,ATTITUDE,,,,,,,,,,,,,,,0.002930193906649947,0.002459530718624592,0.7731239199638367,,
1790036380.3281784,RAW_IMU,,,,,,,,,0,0,-999,1,3,1,,,,,
1790036380.3404481,GLOBAL_POSITION_INT,-35.361131,149.1678505,591.19,9.984,-0.01,0.0,-0.01,44.29,,,,,,,,,,,
1790036380.341829,GPS_RAW_INT,,,,,,,,,,,,,,,,,,6,10
1790036380.346689,ATTITUDE,,,,,,,,,,,,,,,0.0029507421422749758,0.0024693943560123444,0.7731157541275024,,
1790036380.3481107,RAW_IMU,,,,,,,,,0,0,-999,3,3,1,,,,,
1790036380.3661833,ATTITUDE,,,,,,,,,,,,,,,0.002918030833825469,0.0024793162010610104,0.7731069326400757,,
1790036380.3675592,RAW_IMU,,,,,,,,,0,0,-999,1,3,1,,,,,
1790036380.4037154,ATTITUDE,,,,,,,,,,,,,,,0.002878333441913128,0.0024890219792723656,0.7730960845947266,,
1790036380.4046733,RAW_IMU,,,,,,,,,0,0,-999,0,3,1,,,,,
1790036380.4060469,ATTITUDE,,,,,,,,,,,,,,,0.002840670058503747,0.0024992346297949553,0.7730860114097595,,
1790036380.4071004,RAW_IMU,,,,,,,,,0,0,-999,0,3,1,,,,,
1790036380.4272122,ATTITUDE,,,,,,,,,,,,,,,0.00280414498411119,0.0025083364453166723,0.7730773687362671,,
1790036380.4286528,RAW_IMU,,,,,,,,,0,0,-999,0,2,1,,,,,
1790036380.4415178,GLOBAL_POSITION_INT,-35.361131,149.1678505,591.19,9.984,-0.01,0.0,-0.01,44.29,,,,,,,,,,,
1790036380.44234,GPS_RAW_INT,,,,,,,,,,,,,,,,,,6,10
1790036380.4473023,ATTITUDE,,,,,,,,,,,,,,,0.0027699703350663185,0.0025180380325764418,0.7730717062950134,,
1790036380.448801,RAW_IMU,,,,,,,,,0,0,-999,0,2,1,,,,,
1790036380.4675512,ATTITUDE,,,,,,,,,,,,,,,0.002737581031396985,0.0025305962190032005,0.7730648517608643,,
1790036380.4683635,RAW_IMU,,,,,,,,,0,0,-999,0,3,1,,,,,
1790036380.487762,ATTITUDE,,,,,,,,,,,,,,,0.002707059495151043,0.00254199281334877,0.7730568647384644,,
1790036380.4890187,RAW_IMU,,,,,,,,,0,0,-999,0,2,1,,,,,
1790036380.5076432,ATTITUDE,,,,,,,,,,,,,,,0.0026722715701907873,0.002548367250710726,0.7730501294136047,,
1790036380.5091403,RAW_IMU,,,,,,,,,0,0,-999,0,2,1,,,,,
1790036380.52754,ATTITUDE,,,,,,,,,,,,,,,0.002640169346705079,0.002555232495069504,0.77304607629776,,
1790036380.5295763,RAW_IMU,,,,,,,,,0,0,-999,0,2,1,,,,,
1790036380.5420322,GLOBAL_POSITION_INT,-35.361131,149.1678505,591.19,9.985,-0.01,0.0,-0.01,44.29,,,,,,,,,,,
1790036380.5424068,GPS_RAW_INT,,,,,,,,,,,,,,,,,,6,10
1790036380.5442948,ATTITUDE,,,,,,,,,,,,,,,0.002609929535537958,0.0025619082152843475,0.7730433940887451,,
1790036380.5465038,RAW_IMU,,,,,,,,,0,0,-999,1,2,1,,,,,
1790036380.5633435,ATTITUDE,,,,,,,,,,,,,,,0.002580826636403799,0.0025690696202218533,0.7730398774147034,,
1790036380.5651622,RAW_IMU,,,,,,,,,0,0,-999,1,2,1,,,,,
1790036380.5840557,ATTITUDE,,,,,,,,,,,,,,,0.0025540583301335573,0.002575575141236186,0.7730363011360168,,
1790036380.5847645,RAW_IMU,,,,,,,,,0,0,-999,1,2,1,,,,,
1790036380.6039627,ATTITUDE,,,,,,,,,,,,,,,0.002528150100260973,0.002582510933279991,0.7730348110198975,,
1790036380.6053329,RAW_IMU,,,,,,,,,0,0,-999,1,2,1,,,,,
1790036380.6232488,ATTITUDE,,,,,,,,,,,,,,,0.002504227450117469,0.0025888809468597174,0.7730346322059631,,
1790036380.6247218,RAW_IMU,,,,,,,,,0,0,-999,1,2,1,,,,,
1790036380.660457,GLOBAL_POSITION_INT,-35.361131,149.1678505,591.19,9.985,-0.01,0.0,-0.01,44.29,,,,,,,,,,,
1790036380.6620107,GPS_RAW_INT,,,,,,,,,,,,,,,,,,6,10
1790036380.6631784,ATTITUDE,,,,,,,,,,,,,,,0.002481770236045122,0.0025970502756536007,0.7730340957641602,,
1790036380.664069,RAW_IMU,,,,,,,,,0,0,-999,1,2,1,,,,,
1790036380.6653821,ATTITUDE,,,,,,,,,,,,,,,0.0024607290979474783,0.0026056950446218252,0.7730324864387512,,
1790036380.6670132,RAW_IMU,,,,,,,,,0,0,-999,1,2,1,,,,,
1790036380.6835213,ATTITUDE,,,,,,,,,,,,,,,0.0024415464140474796,0.002614996861666441,0.7730302810668945,,
1790036380.6847577,RAW_IMU,,,,,,,,,0,0,-999,1,2,1,,,,,
1790036380.702756,ATTITUDE,,,,,,,,,,,,,,,0.0024183914065361023,0.0026184143498539925,0.7730305790901184,,
1790036380.7046845,RAW_IMU,,,,,,,,,0,0,-999,1,2,2,,,,,
1790036380.7228649,ATTITUDE,,,,,,,,,,,,,,,0.0024077792186290026,0.002622338244691491,0.7730317711830139,,
1790036380.7240543,RAW_IMU,,,,,,,,,0,0,-1000,1,2,2,,,,,
1790036380.7420793,GLOBAL_POSITION_INT,-35.361131,149.1678505,591.19,9.986,-0.01,0.0,-0.01,44.29,,,,,,,,,,,
1790036380.743431,GPS_RAW_INT,,,,,,,,,,,,,,,,,,6,10
1790036380.7446349,ATTITUDE,,,,,,,,,,,,,,,0.0024431515485048294,0.0026268973015248775,0.7730349898338318,,
1790036380.7463188,RAW_IMU,,,,,,,,,0,0,-999,4,2,2,,,,,
1790036380.762368,ATTITUDE,,,,,,,,,,,,,,,0.0024757194332778454,0.002631508046761155,0.7730375528335571,,
1790036380.7629743,RAW_IMU,,,,,,,,,0,0,-999,4,2,2,,,,,
1790036380.7824404,ATTITUDE,,,,,,,,,,,,,,,0.0025081736966967583,0.0026324321515858173,0.7730386853218079,,
1790036380.7838054,RAW_IMU,,,,,,,,,0,0,-999,4,2,2,,,,,
1790036380.8022277,ATTITUDE,,,,,,,,,,,,,,,0.0025765113532543182,0.0025994067545980215,0.7730405926704407,,
1790036380.8035693,RAW_IMU,,,,,,,,,0,0,-1000,5,1,2,,,,,
1790036380.8228621,ATTITUDE,,,,,,,,,,,,,,,0.0026029536966234446,0.002569390693679452,0.7730476260185242,,
1790036380.824644,RAW_IMU,,,,,,,,,0,0,-1000,4,0,2,,,,,
1790036380.8421092,GLOBAL_POSITION_INT,-35.361131,149.1678505,591.19,9.986,-0.01,0.0,-0.01,44.29,,,,,,,,,,,
1790036380.8429592,GPS_RAW_INT,,,,,,,,,,,,,,,,,,6,10
1790036380.8447335,ATTITUDE,,,,,,,,,,,,,,,0.0026973963249474764,0.0025345501489937305,0.7730593681335449,,
1790036380.8459547,RAW_IMU,,,,,,,,,0,0,-1000,6,0,2,,,,,
1790036380.8630843,ATTITUDE,,,,,,,,,,,,,,,0.0027237834874540567,0.002517890650779009,0.7730715870857239,,
1790036380.8641853,RAW_IMU,,,,,,,,,0,0,-1001,4,1,2,,,,,
1790036380.9005306,ATTITUDE,,,,,,,,,,,,,,,0.0027687891852110624,0.0024748723953962326,0.7730822563171387,,
1790036380.9015017,RAW_IMU,,,,,,,,,0,0,-1001,3,0,2,,,,,
1790036380.9027162,ATTITUDE,,,,,,,,,,,,,,,0.0028381815645843744,0.002412241417914629,0.7730947732925415,,
1790036380.903678,RAW_IMU,,,,,,,,,0,0,-1001,6,0,2,,,,,
1790036380.922817,ATTITUDE,,,,,,,,,,,,,,,0.002836502157151699,0.0023817119654268026,0.7731066942214966,,
1790036380.9240735,RAW_IMU,,,,,,,,,0,0,-1000,2,1,2,,,,,
1790036380.9413872,GLOBAL_POSITION_INT,-35.361131,149.1678505,591.19,9.987,-0.01,0.0,-0.01,44.29,,,,,,,,,,,
1790036380.9424021,GPS_RAW_INT,,,,,,,,,,,,,,,,,,6,10
1790036380.9473133,ATTITUDE,,,,,,,,,,,,,,,0.002880858024582267,0.0023275066632777452,0.7731171250343323,,
1790036380.94883,RAW_IMU,,,,,,,,,0,0,-1000,4,0,2,,,,,
1790036380.96727,ATTITUDE,,,,,,,,,,,,,,,0.0029052922036498785,0.002300847787410021,0.7731258869171143,,
1790036380.968267,RAW_IMU,,,,,,,,,0,0,-1000,4,1,2,,,,,
1790036380.9873357,ATTITUDE,,,,,,,,,,,,,,,0.0029212054796516895,0.0022324004676193,0.773129403591156,,
1790036380.9887867,RAW_IMU,,,,,,,,,0,0,-1000,3,-1,2,,,,,
1790036381.0072494,ATTITUDE,,,,,,,,,,,,,,,0.0029349245596677065,0.002237317617982626,0.7731319665908813,,
1790036381.0082333,RAW_IMU,,,,,,,,,0,0,-1000,3,2,2,,,,,
1790036381.0225708,ATTITUDE,,,,,,,,,,,,,,,0.0029504590202122927,0.0021689042914658785,0.7731316089630127,,
1790036381.0242841,RAW_IMU,,,,,,,,,0,0,-1000,3,0,1,,,,,
1790036381.0424147,GLOBAL_POSITION_INT,-35.361131,149.1678505,591.19,9.988,-0.01,0.0,-0.01,44.29,,,,,,,,,,,
1790036381.043536,GPS_RAW_INT,,,,,,,,,,,,,,,,,,6,10
1790036381.0453596,ATTITUDE,,,,,,,,,,,,,,,0.002965494990348816,0.0021832366473972797,0.7731298208236694,,
1790036381.0463653,RAW_IMU,,,,,,,,,0,0,-1000,3,2,1,,,,,
1790036381.063558,ATTITUDE,,,,,,,,,,,,,,,0.0029806620441377163,0.002115935552865267,0.7731247544288635,,
1790036381.0650334,RAW_IMU,,,,,,,,,0,0,-1000,3,0,1,,,,,
1790036381.0835183,ATTITUDE,,,,,,,,,,,,,,,0.0029973750934004784,0.0021331424359232187,0.7731145024299622,,
1790036381.0850103,RAW_IMU,,,,,,,,,0,0,-1000,3,2,1,,,,,
1790036381.1032994,ATTITUDE,,,,,,,,,,,,,,,0.003007827792316675,0.002074286574497819,0.7731043100357056,,
1790036381.1051311,RAW_IMU,,,,,,,,,0,0,-1000,3,0,1,,,,,
1790036381.1232765,ATTITUDE,,,,,,,,,,,,,,,0.0030123619362711906,0.0020892356988042593,0.7730951905250549,,
1790036381.1245506,RAW_IMU,,,,,,,,,0,0,-1001,3,3,1,,,,,
1790036381.1539721,GLOBAL_POSITION_INT,-35.361131,149.1678505,591.19,9.989,-0.01,0.0,-0.01,44.29,,,,,,,,,,,
1790036381.1555839,GPS_RAW_INT,,,,,,,,,,,,,,,,,,6,10
1790036381.1559184,ATTITUDE,,,,,,,,,,,,,,,0.0030223517678678036,0.002026468748226762,0.7730878591537476,,
1790036381.1572058,RAW_IMU,,,,,,,,,0,0,-1001,2,0,1,,,,,
1790036381.1635523,ATTITUDE,,,,,,,,,,,,,,,0.0030154590494930744,0.0020359919872134924,0.7730813026428223,,
1790036381.1644304,RAW_IMU,,,,,,,,,0,0,-1000,2,2,1,,,,,
1790036381.1838086,ATTITUDE,,,,,,,,,,,,,,,0.003026176244020462,0.0019909385591745377,0.7730736136436462,,
1790036381.1843495,RAW_IMU,,,,,,,,,0,0,-1000,2,0,1,,,,,
1790036381.2037282,ATTITUDE,,,,,,,,,,,,,,,0.0030374161433428526,0.001973818289116025,0.7730681896209717,,
1790036381.204268,RAW_IMU,,,,,,,,,0,0,-1000,3,1,1,,,,,
1790036381.22407,ATTITUDE,,,,,,,,,,,,,,,0.003034650580957532,0.0019873667042702436,0.7730655074119568,,
1790036381.2251797,RAW_IMU,,,,,,,,,0,0,-1000,1,3,1,,,,,
1790036381.2377095,GLOBAL_POSITION_INT,-35.361131,149.1678505,591.19,9.989,-0.01,0.0,-0.01,44.29,,,,,,,,,,,
1790036381.2393856,GPS_RAW_INT,,,,,,,,,,,,,,,,,,6,10
1790036381.243879,ATTITUDE,,,,,,,,,,,,,,,0.0030598670709878206,0.002001760993152857,0.7730666399002075,,
1790036381.2458963,RAW_IMU,,,,,,,,,0,0,-1000,4,3,1,,,,,
1790036381.2636878,ATTITUDE,,,,,,,,,,,,,,,0.0030573962721973658,0.0020156220998615026,0.7730706334114075,,
1790036381.2648234,RAW_IMU,,,,,,,,,0,0,-1000,2,3,2,,,,,
1790036381.2838113,ATTITUDE,,,,,,,,,,,,,,,0.0030826861038804054,0.0020287567749619484,0.7730751037597656,,
1790036381.285007,RAW_IMU,,,,,,,,,0,0,-1000,3,3,2,,,,,
1790036381.3037407,ATTITUDE,,,,,,,,,,,,,,,0.003075049025937915,0.0020371088758111,0.7730837464332581,,
1790036381.3047671,RAW_IMU,,,,,,,,,0,0,-1000,2,3,2,,,,,
1790036381.3249383,ATTITUDE,,,,,,,,,,,,,,,0.0030964312609285116,0.002045295899733901,0.77309650182724,,
1790036381.326557,RAW_IMU,,,,,,,,,0,0,-1000,4,3,2,,,,,
1790036381.3384721,GLOBAL_POSITION_INT,-35.361131,149.1678505,591.2,9.99,-0.01,0.0,0.0,44.29,,,,,,,,,,,
1790036381.3394804,GPS_RAW_INT,,,,,,,,,,,,,,,,,,6,10
1790036381.3444135,ATTITUDE,,,,,,,,,,,,,,,0.0030764699913561344,0.002052498748525977,0.7731114625930786,,
1790036381.3457122,RAW_IMU,,,,,,,,,0,0,-1000,1,3,2,,,,,
1790036381.3636744,ATTITUDE,,,,,,,,,,,,,,,0.0031022457405924797,0.0020809995476156473,0.7731274366378784,,
1790036381.3646033,RAW_IMU,,,,,,,,,0,0,-1000,4,3,2,,,,,
1790036381.406397,ATTITUDE,,,,,,,,,,,,,,,0.0030741761438548565,0.002084199571982026,0.7731409072875977,,
1790036381.4076016,RAW_IMU,,,,,,,,,0,0,-1000,1,2,2,,,,,
1790036381.4092453,ATTITUDE,,,,,,,,,,,,,,,0.003114000428467989,0.0021545214112848043,0.7731557488441467,,
1790036381.4106119,RAW_IMU,,,,,,,,,0,0,-1000,4,5,2,,,,,
1790036381.4239995,ATTITUDE,,,,,,,,,,,,,,,0.0031039214227348566,0.0021454745437949896,0.7731690406799316,,
1790036381.4254403,RAW_IMU,,,,,,,,,0,0,-1000,2,2,2,,,,,
1790036381.4385033,GLOBAL_POSITION_INT,-35.361131,149.1678505,591.2,9.991,-0.01,0.0,0.0,44.29,,,,,,,,,,,
1790036381.4404821,GPS_RAW_INT,,,,,,,,,,,,,,,,,,6,10
1790036381.4444747,ATTITUDE,,,,,,,,,,,,,,,0.0030943683814257383,0.00221124361269176,0.7731808423995972,,
1790036381.4452205,RAW_IMU,,,,,,,,,0,0,-1000,1,5,2,,,,,
1790036381.8365831,GLOBAL_POSITION_INT,-35.361131,149.1678505,591.2,9.991,-0.01,0.0,0.0,44.29,,,,,,,,,,,
1790036381.8390377,RAW_IMU,,,,,,,,,0,0,-1000,2,3,1,,,,,
1790036381.8400054,GPS_RAW_INT,,,,,,,,,,,,,,,,,,6,10
1790036381.9133859,ATTITUDE,,,,,,,,,,,,,,,0.0031652087345719337,0.002815130865201354,0.7730422616004944,,
1790036381.9139285,RAW_IMU,,,,,,,,,0,0,-1001,3,5,1,,,,,
1790036381.914755,GLOBAL_POSITION_INT,-35.361131,149.1678505,591.2,9.991,-0.02,0.0,0.0,44.29,,,,,,,,,,,
1790036381.9164119,GPS_RAW_INT,,,,,,,,,,,,,,,,,,6,10
1790036381.9180684,ATTITUDE,,,,,,,,,,,,,,,0.0031678008381277323,0.0027865369338542223,0.7730427980422974,,
1790036381.921181,RAW_IMU,,,,,,,,,0,0,-1001,3,1,2,,,,,
1790036381.9259572,ATTITUDE,,,,,,,,,,,,,,,0.0031886412762105465,0.0028272769413888454,0.7730439901351929,,
1790036381.9273498,RAW_IMU,,,,,,,,,0,0,-1001,3,4,2,,,,,
1790036381.936792,GLOBAL_POSITION_INT,-35.361131,149.1678505,591.2,9.991,-0.02,0.0,0.0,44.29,,,,,,,,,,,
1790036381.9386406,GPS_RAW_INT,,,,,,,,,,,,,,,,,,6,10
1790036381.9457135,ATTITUDE,,,,,,,,,,,,,,,0.0032073527108877897,0.0027824300341308117,0.7730463743209839,,
1790036381.9462836,RAW_IMU,,,,,,,,,0,0,-1001,4,0,2,,,,,
1790036381.9654331,ATTITUDE,,,,,,,,,,,,,,,0.0032103389967232943,0.002832740545272827,0.7730500102043152,,
1790036381.9667833,RAW_IMU,,,,,,,,,0,0,-1001,2,4,2,,,,,
1790036381.986104,ATTITUDE,,,,,,,,,,,,,,,0.0032439122442156076,0.002809419296681881,0.7730515599250793,,
1790036381.988089,RAW_IMU,,,,,,,,,0,0,-1001,4,2,2,,,,,
1790036382.0008671,ATTITUDE,,,,,,,,,,,,,,,0.0032320022583007812,0.0028336928226053715,0.7730547785758972,,
1790036382.0016212,RAW_IMU,,,,,,,,,0,0,-1001,1,3,2,,,,,
1790036382.0255487,ATTITUDE,,,,,,,,,,,,,,,0.003280454082414508,0.0028238841332495213,0.7730605602264404,,
1790036382.0265622,RAW_IMU,,,,,,,,,0,0,-1001,5,2,2,,,,,
1790036382.0394866,GLOBAL_POSITION_INT,-35.361131,149.1678505,591.2,9.991,-0.02,0.0,0.0,44.29,,,,,,,,,,,
1790036382.040217,GPS_RAW_INT,,,,,,,,,,,,,,,,,,6,10
1790036382.0454903,ATTITUDE,,,,,,,,,,,,,,,0.003260136814787984,0.002833520295098424,0.7730672955513,,
1790036382.0466363,RAW_IMU,,,,,,,,,0,0,-1001,1,2,2,,,,,
1790036382.0655737,ATTITUDE,,,,,,,,,,,,,,,0.0033126631751656532,0.0028258648235350847,0.7730732560157776,,
1790036382.0675614,RAW_IMU,,,,,,,,,0,0,-1001,5,2,2,,,,,
1790036382.085598,ATTITUDE,,,,,,,,,,,,,,,0.003286871360614896,0.0028391587547957897,0.7730774283409119,,
1790036382.086747,RAW_IMU,,,,,,,,,0,0,-1001,1,2,2,,,,,
1790036382.105851,ATTITUDE,,,,,,,,,,,,,,,0.003328222781419754,0.002862041350454092,0.7730823159217834,,
1790036382.1078718,RAW_IMU,,,,,,,,,0,0,-1001,4,4,2,,,,,
1790036382.1256025,ATTITUDE,,,,,,,,,,,,,,,0.003276849864050746,0.0028359885327517986,0.7730883955955505,,
1790036382.1267715,RAW_IMU,,,,,,,,,0,0,-1001,0,1,2,,,,,
1790036382.1529408,GLOBAL_POSITION_INT,-35.361131,149.1678505,591.2,9.991,-0.02,0.0,0.0,44.29,,,,,,,,,,,
1790036382.1552703,GPS_RAW_INT,,,,,,,,,,,,,,,,,,6,10
1790036382.156372,ATTITUDE,,,,,,,,,,,,,,,0.0033066626638174057,0.0028819143772125244,0.773095428943634,,
1790036382.1576767,RAW_IMU,,,,,,,,,0,0,-1001,3,4,2,,,,,
1790036382.1612222,ATTITUDE,,,,,,,,,,,,,,,0.0032683617901057005,0.0028655859641730785,0.7731027603149414,,
1790036382.1629555,RAW_IMU,,,,,,,,,0,0,-1001,1,1,2,,,,,
1790036382.1815572,ATTITUDE,,,,,,,,,,,,,,,0.0033063548617064953,0.0029117194935679436,0.7731072306632996,,
1790036382.1827214,RAW_IMU,,,,,,,,,0,0,-1001,4,4,2,,,,,
1790036382.2026927,ATTITUDE,,,,,,,,,,,,,,,0.0032809083350002766,0.0028938078321516514,0.7731122374534607,,
1790036382.2048461,RAW_IMU,,,,,,,,,0,0,-1001,1,1,2,,,,,
1790036382.222462,ATTITUDE,,,,,,,,,,,,,,,0.0033234329894185066,0.002963238162919879,0.773118257522583,,
1790036382.2240453,RAW_IMU,,,,,,,,,0,0,-1001,4,5,2,,,,,
1790036382.2406921,GLOBAL_POSITION_INT,-35.361131,149.1678505,591.2,9.991,-0.02,0.0,0.0,44.29,,,,,,,,,,,
1790036382.2418823,GPS_RAW_INT,,,,,,,,,,,,,,,,,,6,10
1790036382.2435803,ATTITUDE,,,,,,,,,,,,,,,0.003311217064037919,0.0029512830078601837,0.7731242179870605,,
1790036382.244721,RAW_IMU,,,,,,,,,0,0,-1000,2,2,2,,,,,
1790036382.2616265,ATTITUDE,,,,,,,,,,,,,,,0.0033444040454924107,0.0030206600204110146,0.773131251335144,,
1790036382.2627375,RAW_IMU,,,,,,,,,0,0,-1001,3,5,2,,,,,
1790036382.2813606,ATTITUDE,,,,,,,,,,,,,,,0.003347456920892,0.00300232763402164,0.7731354832649231,,
1790036382.2825208,RAW_IMU,,,,,,,,,0,0,-1001,3,2,2,,,,,
1790036382.3009992,ATTITUDE,,,,,,,,,,,,,,,0.003354893997311592,0.003040453651919961,0.7731399536132812,,
1790036382.3021123,RAW_IMU,,,,,,,,,0,0,-1001,2,4,2,,,,,
1790036382.3221495,ATTITUDE,,,,,,,,,,,,,,,0.0033610148821026087,0.003013973357155919,0.773144543170929,,
1790036382.3227744,RAW_IMU,,,,,,,,,0,0,-1001,3,1,2,,,,,
1790036382.3407466,GLOBAL_POSITION_INT,-35.3611309,149.1678505,591.2,9.992,-0.02,0.0,0.0,44.29,,,,,,,,,,,
1790036382.3417764,GPS_RAW_INT,,,,,,,,,,,,,,,,,,6,10
1790036382.3437383,ATTITUDE,,,,,,,,,,,,,,,0.003356842091307044,0.0030522667802870274,0.7731473445892334,,
1790036382.3451915,RAW_IMU,,,,,,,,,0,0,-1000,2,4,2,,,,,
1790036382.3625488,ATTITUDE,,,,,,,,,,,,,,,0.0033767595887184143,0.0030352298635989428,0.7731499075889587,,
1790036382.3636444,RAW_IMU,,,,,,,,,0,0,-1001,4,2,2,,,,,
1790036382.3832114,ATTITUDE,,,,,,,,,,,,,,,0.0033782366663217545,0.003092364640906453,0.7731518149375916,,
1790036382.3843355,RAW_IMU,,,,,,,,,0,0,-1001,2,5,2,,,,,
1790036382.4065526,ATTITUDE,,,,,,,,,,,,,,,0.0034251119941473007,0.003085310570895672,0.7731519937515259,,
1790036382.4077008,RAW_IMU,,,,,,,,,0,0,-1000,4,2,2,,,,,
1790036382.4230838,ATTITUDE,,,,,,,,,,,,,,,0.0034530172124505043,0.0031454828567802906,0.7731509208679199,,
1790036382.424592,RAW_IMU,,,,,,,,,0,0,-1000,4,5,1,,,,,
1790036382.4427607,GLOBAL_POSITION_INT,-35.3611309,149.1678505,591.2,9.993,-0.02,0.0,0.0,44.29,,,,,,,,,,,
1790036382.4442208,GPS_RAW_INT,,,,,,,,,,,,,,,,,,6,10
1790036382.4479034,ATTITUDE,,,,,,,,,,,,,,,0.0034813990350812674,0.003143834648653865,0.7731481194496155,,
1790036382.449472,RAW_IMU,,,,,,,,,0,0,-1000,3,2,1,,,,,
1790036382.4635506,ATTITUDE,,,,,,,,,,,,,,,0.0035100728273391724,0.003223351901397109,0.7731414437294006,,
1790036382.4653976,RAW_IMU,,,,,,,,,0,0,-1000,3,6,1,,,,,
1790036382.484557,ATTITUDE,,,,,,,,,,,,,,,0.0035380059853196144,0.003220680635422468,0.7731310129165649,,
1790036382.4872484,RAW_IMU,,,,,,,,,0,0,-1000,3,2,1,,,,,
1790036382.5033793,ATTITUDE,,,,,,,,,,,,,,,0.00355833419598639,0.0032785856164991856,0.7731194496154785,,
1790036382.50472,RAW_IMU,,,,,,,,,0,0,-1000,3,5,1,,,,,
1790036382.5231922,ATTITUDE,,,,,,,,,,,,,,,0.0035780942998826504,0.003258041338995099,0.7731053829193115,,
1790036382.5242121,RAW_IMU,,,,,,,,,0,0,-1000,3,2,1,,,,,
1790036382.5425606,GLOBAL_POSITION_INT,-35.3611309,149.1678505,591.2,9.993,-0.02,0.0,0.0,44.29,,,,,,,,,,,
1790036382.5437515,GPS_RAW_INT,,,,,,,,,,,,,,,,,,6,10
1790036382.545656,ATTITUDE,,,,,,,,,,,,,,,0.0035912005696445704,0.0032955401111394167,0.7730927467346191,,
1790036382.5471737,RAW_IMU,,,,,,,,,0,0,-1000,3,3,1,,,,,
1790036382.563639,ATTITUDE,,,,,,,,,,,,,,,0.0035930133890360594,0.003292001085355878,0.7730792760848999,,
1790036382.5652378,RAW_IMU,,,,,,,,,0,0,-1001,3,3,1,,,,,
1790036382.5846086,ATTITUDE,,,,,,,,,,,,,,,0.0036268921103328466,0.003325975500047207,0.7730661630630493,,
1790036382.5868852,RAW_IMU,,,,,,,,,0,0,-1001,3,3,1,,,,,
1790036382.604375,ATTITUDE,,,,,,,,,,,,,,,0.0036204394418746233,0.0033469446934759617,0.7730565071105957,,
1790036382.605192,RAW_IMU,,,,,,,,,0,0,-1000,2,4,1,,,,,
1790036382.6244652,ATTITUDE,,,,,,,,,,,,,,,0.003666406497359276,0.0033523719757795334,0.7730501890182495,,
1790036382.6256273,RAW_IMU,,,,,,,,,0,0,-1000,4,2,1,,,,,
1790036382.6605153,GLOBAL_POSITION_INT,-35.3611309,149.1678505,591.2,9.994,-0.02,0.0,0.0,44.29,,,,,,,,,,,
1790036382.6619604,GPS_RAW_INT,,,,,,,,,,,,,,,,,,6,10
1790036382.6628501,ATTITUDE,,,,,,,,,,,,,,,0.003654991742223501,0.003358243964612484,0.7730473279953003,,
1790036382.6638408,RAW_IMU,,,,,,,,,0,0,-1000,2,2,1,,,,,
1790036382.665864,ATTITUDE,,,,,,,,,,,,,,,0.00368897570297122,0.0033657921012490988,0.7730481028556824,,
1790036382.6668637,RAW_IMU,,,,,,,,,0,0,-1000,3,2,2,,,,,
1790036382.6866658,ATTITUDE,,,,,,,,,,,,,,,0.0036915773525834084,0.003373979590833187,0.7730506062507629,,
1790036382.6886058,RAW_IMU,,,,,,,,,0,0,-1000,3,2,2,,,,,
1790036382.7078228,ATTITUDE,,,,,,,,,,,,,,,0.003705499228090048,0.003375269705429673,0.77305668592453,,
1790036382.7094245,RAW_IMU,,,,,,,,,0,0,-1000,2,2,2,,,,,
1790036382.7232544,ATTITUDE,,,,,,,,,,,,,,,0.0037174345925450325,0.0033771852031350136,0.7730657458305359,,
1790036382.7251215,RAW_IMU,,,,,,,,,0,0,-1000,3,2,2,,,,,
1790036382.7425802,GLOBAL_POSITION_INT,-35.3611309,149.1678505,591.2,9.994,-0.02,0.0,0.0,44.29,,,,,,,,,,,
1790036382.7446167,GPS_RAW_INT,,,,,,,,,,,,,,,,,,6,10
1790036382.746867,ATTITUDE,,,,,,,,,,,,,,,0.0036982560995966196,0.0033775281626731157,0.7730791568756104,,
1790036382.748442,RAW_IMU,,,,,,,,,0,0,-1000,1,2,2,,,,,
1790036382.7677054,ATTITUDE,,,,,,,,,,,,,,,0.0037380224093794823,0.003379873000085354,0.7730950117111206,,
1790036382.7698853,RAW_IMU,,,,,,,,,0,0,-1000,4,2,2,,,,,
1790036382.7879574,ATTITUDE,,,,,,,,,,,,,,,0.003716448787599802,0.003382427617907524,0.7731105089187622,,
1790036382.7897968,RAW_IMU,,,,,,,,,0,0,-1000,1,2,2,,,,,
1790036382.8077796,ATTITUDE,,,,,,,,,,,,,,,0.0037769644986838102,0.0034370440989732742,0.7731279730796814,,
1790036382.8098078,RAW_IMU,,,,,,,,,0,0,-1000,5,5,2,,,,,
1790036382.8279374,ATTITUDE,,,,,,,,,,,,,,,0.003763728542253375,0.003424458671361208,0.7731450200080872,,
1790036382.8299043,RAW_IMU,,,,,,,,,0,0,-1000,2,2,2,,,,,
1790036382.8419552,GLOBAL_POSITION_INT,-35.3611309,149.1678505,591.2,9.995,-0.02,0.0,0.0,44.29,,,,,,,,,,,
1790036382.8434954,GPS_RAW_INT,,,,,,,,,,,,,,,,,,6,10
1790036382.8451028,ATTITUDE,,,,,,,,,,,,,,,0.003772035241127014,0.0034816444385796785,0.7731616497039795,,
1790036382.8460424,RAW_IMU,,,,,,,,,0,0,-1000,2,4,2,,,,,
1790036382.863887,ATTITUDE,,,,,,,,,,,,,,,0.003788082394748926,0.0034760453272610903,0.7731760144233704,,
1790036382.8661828,RAW_IMU,,,,,,,,,0,0,-1000,3,2,2,,,,,
1790036382.8866115,ATTITUDE,,,,,,,,,,,,,,,0.0038033463060855865,0.0035228191409260035,0.7731849551200867,,
1790036382.888619,RAW_IMU,,,,,,,,,0,0,-1000,3,4,2,,,,,
1790036382.911785,ATTITUDE,,,,,,,,,,,,,,,0.0038126828148961067,0.0035038625355809927,0.7731914520263672,,
1790036382.9130776,RAW_IMU,,,,,,,,,0,0,-1000,3,2,2,,,,,
1790036382.9261775,ATTITUDE,,,,,,,,,,,,,,,0.0038209997583180666,0.003532557049766183,0.773196280002594,,
1790036382.9276788,RAW_IMU,,,,,,,,,0,0,-1000,3,3,2,,,,,
1790036382.9396334,GLOBAL_POSITION_INT,-35.3611309,149.1678505,591.2,9.995,-0.02,0.0,0.0,44.3,,,,,,,,,,,
1790036382.940756,GPS_RAW_INT,,,,,,,,,,,,,,,,,,6,10
1790036382.946361,ATTITUDE,,,,,,,,,,,,,,,0.003829394234344363,0.0035286182537674904,0.7731990814208984,,
1790036382.9478316,RAW_IMU,,,,,,,,,0,0,-1000,3,3,2,,,,,
1790036382.9666846,ATTITUDE,,,,,,,,,,,,,,,0.003838596399873495,0.0035405815578997135,0.7731987833976746,,
1790036382.9677176,RAW_IMU,,,,,,,,,0,0,-1000,3,2,2,,,,,
1790036382.9858627,ATTITUDE,,,,,,,,,,,,,,,0.003848036052659154,0.00355812581256032,0.7731955647468567,,
1790036382.987354,RAW_IMU,,,,,,,,,0,0,-1000,3,3,1,,,,,
1790036383.0048685,ATTITUDE,,,,,,,,,,,,,,,0.0038565366994589567,0.003552789567038417,0.7731911540031433,,
1790036383.0056975,RAW_IMU,,,,,,,,,0,0,-1000,3,2,1,,,,,
1790036383.0242338,ATTITUDE,,,,,,,,,,,,,,,0.0038648415356874466,0.0036031517665833235,0.7731862664222717,,
1790036383.0254893,RAW_IMU,,,,,,,,,0,0,-1000,3,5,1,,,,,
1790036383.0380087,GLOBAL_POSITION_INT,-35.3611309,149.1678505,591.2,9.996,-0.02,0.0,0.0,44.3,,,,,,,,,,,
1790036383.0390654,GPS_RAW_INT,,,,,,,,,,,,,,,,,,6,10
1790036383.044432,ATTITUDE,,,,,,,,,,,,,,,0.0038748648948967457,0.0035848652478307486,0.7731805443763733,,
1790036383.045732,RAW_IMU,,,,,,,,,0,0,-1000,3,1,1,,,,,
1790036383.0642807,ATTITUDE,,,,,,,,,,,,,,,0.0038860405329614878,0.003632997628301382,0.7731715440750122,,
1790036383.0650887,RAW_IMU,,,,,,,,,0,0,-1000,3,4,1,,,,,
1790036383.0843272,ATTITUDE,,,,,,,,,,,,,,,0.0038949516601860523,0.0036017512902617455,0.7731596827507019,,
1790036383.0864623,RAW_IMU,,,,,,,,,0,0,-1000,3,1,1,,,,,
1790036383.1040509,ATTITUDE,,,,,,,,,,,,,,,0.0038986015133559704,0.003624141216278076,0.7731456756591797,,
1790036383.105005,RAW_IMU,,,,,,,,,0,0,-1000,3,3,1,,,,,
1790036383.124176,ATTITUDE,,,,,,,,,,,,,,,0.003903397126123309,0.0035695594269782305,0.7731313109397888,,
1790036383.1257718,RAW_IMU,,,,,,,,,0,0,-1000,3,0,1,,,,,
1790036383.163647,GLOBAL_POSITION_INT,-35.3611309,149.1678505,591.2,9.996,-0.02,0.0,0.0,44.29,,,,,,,,,,,
1790036383.1646883,GPS_RAW_INT,,,,,,,,,,,,,,,,,,6,10
1790036383.165872,ATTITUDE,,,,,,,,,,,,,,,0.0038995458744466305,0.003588577266782522,0.7731158137321472,,
1790036383.1674206,RAW_IMU,,,,,,,,,0,0,-1000,2,3,1,,,,,
1790036383.1702044,ATTITUDE,,,,,,,,,,,,,,,0.003903766628354788,0.003528687171638012,0.7730996012687683,,
1790036383.1718605,RAW_IMU,,,,,,,,,0,0,-1000,2,0,1,,,,,
1790036383.185015,ATTITUDE,,,,,,,,,,,,,,,0.0038718427531421185,0.0035464768297970295,0.7730821371078491,,
1790036383.186732,RAW_IMU,,,,,,,,,0,0,-1001,1,3,1,,,,,
1790036383.2050486,ATTITUDE,,,,,,,,,,,,,,,0.003904717741534114,0.003497071797028184,0.7730674743652344,,
1790036383.2060492,RAW_IMU,,,,,,,,,0,0,-1000,4,0,1,,,,,
1790036383.2251585,ATTITUDE,,,,,,,,,,,,,,,0.003855351358652115,0.0035031794104725122,0.7730562090873718,,
1790036383.226037,RAW_IMU,,,,,,,,,0,0,-1001,0,2,1,,,,,
1790036383.2388983,GLOBAL_POSITION_INT,-35.3611309,149.1678505,591.2,9.996,-0.03,0.0,0.0,44.29,,,,,,,,,,,
1790036383.2395403,GPS_RAW_INT,,,,,,,,,,,,,,,,,,6,10
1790036383.2450566,ATTITUDE,,,,,,,,,,,,,,,0.0038920962251722813,0.003519671503454447,0.7730494737625122,,
1790036383.2465417,RAW_IMU,,,,,,,,,0,0,-1000,4,3,1,,,,,
1790036383.264342,ATTITUDE,,,,,,,,,,,,,,,0.0038422895595431328,0.0035366376396268606,0.773046612739563,,
1790036383.2659295,RAW_IMU,,,,,,,,,0,0,-1000,0,3,1,,,,,
1790036383.284332,ATTITUDE,,,,,,,,,,,,,,,0.0038629104383289814,0.0035524708218872547,0.7730457186698914,,
1790036383.285245,RAW_IMU,,,,,,,,,0,0,-1000,2,3,2,,,,,
1790036383.304157,ATTITUDE,,,,,,,,,,,,,,,0.003817563410848379,0.003543948521837592,0.7730472683906555,,
1790036383.3054535,RAW_IMU,,,,,,,,,0,0,-1000,1,2,2,,,,,
1790036383.3241582,ATTITUDE,,,,,,,,,,,,,,,0.0038236824329942465,0.0035359999164938927,0.7730535268783569,,
1790036383.3254943,RAW_IMU,,,,,,,,,0,0,-1000,2,2,2,,,,,
1790036383.3385618,GLOBAL_POSITION_INT,-35.3611309,149.1678505,591.2,9.995,-0.03,0.0,0.0,44.29,,,,,,,,,,,
1790036383.339457,GPS_RAW_INT,,,,,,,,,,,,,,,,,,6,10
1790036383.3453612,ATTITUDE,,,,,,,,,,,,,,,0.003794055664911866,0.003513454692438245,0.7730639576911926,,
1790036383.347495,RAW_IMU,,,,,,,,,0,0,-1000,2,1,2,,,,,
1790036383.3660414,ATTITUDE,,,,,,,,,,,,,,,0.003767607966437936,0.0035034981556236744,0.773077666759491,,
1790036383.367487,RAW_IMU,,,,,,,,,0,0,-1001,0,2,2,,,,,
1790036383.3869228,ATTITUDE,,,,,,,,,,,,,,,0.0037594535388052464,0.0034549341071397066,0.7730913162231445,,
1790036383.3882513,RAW_IMU,,,,,,,,,0,0,-1001,2,0,2,,,,,
1790036383.4112904,ATTITUDE,,,,,,,,,,,,,,,0.0037182283122092485,0.0034709360916167498,0.7731039524078369,,
1790036383.4125202,RAW_IMU,,,,,,,,,0,0,-1001,0,3,2,,,,,
1790036383.4235697,ATTITUDE,,,,,,,,,,,,,,,0.003725498914718628,0.0034144327510148287,0.7731167674064636,,
1790036383.4249513,RAW_IMU,,,,,,,,,0,0,-1001,3,0,2,,,,,
1790036383.4431434,GLOBAL_POSITION_INT,-35.3611309,149.1678505,591.2,9.995,-0.03,0.0,0.0,44.29,,,,,,,,,,,
1790036383.4451194,GPS_RAW_INT,,,,,,,,,,,,,,,,,,6,10
1790036383.4469106,ATTITUDE,,,,,,,,,,,,,,,0.003690721234306693,0.003433670848608017,0.7731297612190247,,
1790036383.4480486,RAW_IMU,,,,,,,,,0,0,-1001,0,3,2,,,,,
1790036383.4634914,ATTITUDE,,,,,,,,,,,,,,,0.0036971468944102526,0.0033728438429534435,0.7731436491012573,,
1790036383.4651494,RAW_IMU,,,,,,,,,0,0,-1001,2,0,2,,,,,
1790036383.4853644,ATTITUDE,,,,,,,,,,,,,,,0.0036514252424240112,0.0033788771834224463,0.7731530070304871,,
1790036383.4880168,RAW_IMU,,,,,,,,,0,0,-1001,0,2,2,,,,,
1790036383.5052764,ATTITUDE,,,,,,,,,,,,,,,0.0036515595857053995,0.0033036479726433754,0.7731601595878601,,
1790036383.5065405,RAW_IMU,,,,,,,,,0,0,-1001,2,0,2,,,,,
1790036383.524995,ATTITUDE,,,,,,,,,,,,,,,0.0035915642511099577,0.003305730875581503,0.7731691598892212,,
1790036383.5263295,RAW_IMU,,,,,,,,,0,0,-1001,0,2,2,,,,,
1790036383.5385323,GLOBAL_POSITION_INT,-35.3611309,149.1678505,591.2,9.995,-0.03,0.0,0.0,44.29,,,,,,,,,,,
1790036383.5401742,GPS_RAW_INT,,,,,,,,,,,,,,,,,,6,10
1790036383.5445857,ATTITUDE,,,,,,,,,,,,,,,0.003611162072047591,0.0032349200919270515,0.773176908493042,,
1790036383.5466518,RAW_IMU,,,,,,,,,0,0,-1001,3,0,2,,,,,
1790036383.5651581,ATTITUDE,,,,,,,,,,,,,,,0.003549021203070879,0.003241403726860881,0.7731840014457703,,
1790036383.5662076,RAW_IMU,,,,,,,,,0,0,-1001,0,2,2,,,,,
1790036383.585105,ATTITUDE,,,,,,,,,,,,,,,0.0035642385482788086,0.0031770856585353613,0.7731879353523254,,
1790036383.5863962,RAW_IMU,,,,,,,,,0,0,-1001,2,0,2,,,,,
1790036383.6042097,ATTITUDE,,,,,,,,,,,,,,,0.003530660877004266,0.003190457122400403,0.7731906771659851,,
1790036383.6053789,RAW_IMU,,,,,,,,,0,0,-1001,1,2,2,,,,,
1790036383.6237018,ATTITUDE,,,,,,,,,,,,,,,0.003527576569467783,0.0031238985247910023,0.7731945514678955,,
1790036383.6250348,RAW_IMU,,,,,,,,,0,0,-1001,1,0,2,,,,,
1790036383.6521535,GLOBAL_POSITION_INT,-35.3611308,149.1678505,591.2,9.995,-0.03,0.0,0.0,44.3,,,,,,,,,,,
1790036383.653062,GPS_RAW_INT,,,,,,,,,,,,,,,,,,6,10
1790036383.6539578,ATTITUDE,,,,,,,,,,,,,,,0.003514657961204648,0.003122359048575163,0.7731974124908447,,
1790036383.6548798,RAW_IMU,,,,,,,,,0,0,-1001,2,1,2,,,,,
1790036383.6638095,ATTITUDE,,,,,,,,,,,,,,,0.0035060325171798468,0.003087293589487672,0.773200273513794,,
1790036383.6654897,RAW_IMU,,,,,,,,,0,0,-1001,1,1,2,,,,,
1790036383.6841273,ATTITUDE,,,,,,,,,,,,,,,0.0035250603687018156,0.0030557874124497175,0.773200511932373,,
1790036383.6846397,RAW_IMU,,,,,,,,,0,0,-1001,3,0,2,,,,,
1790036383.704746,ATTITUDE,,,,,,,,,,,,,,,0.003469255520030856,0.003016950096935034,0.7732000350952148,,
1790036383.7063928,RAW_IMU,,,,,,,,,0,0,-1001,0,1,2,,,,,
1790036383.7247887,ATTITUDE,,,,,,,,,,,,,,,0.0034840707667171955,0.002980610355734825,0.7731993794441223,,
1790036383.7259867,RAW_IMU,,,,,,,,,0,0,-1001,3,0,2,,,,,
1790036383.7389214,GLOBAL_POSITION_INT,-35.3611308,149.1678505,591.2,9.995,-0.03,0.0,0.0,44.3,,,,,,,,,,,
1790036383.7402291,GPS_RAW_INT,,,,,,,,,,,,,,,,,,6,10
1790036383.7458415,ATTITUDE,,,,,,,,,,,,,,,0.003426659619435668,0.0029459085781127214,0.773198664188385,,
1790036383.747848,RAW_IMU,,,,,,,,,0,0,-1001,0,1,2,,,,,
1790036383.765611,ATTITUDE,,,,,,,,,,,,,,,0.0034529396798461676,0.002914280164986849,0.7731989026069641,,
1790036383.767565,RAW_IMU,,,,,,,,,0,0,-1001,3,0,2,,,,,
1790036383.786166,ATTITUDE,,,,,,,,,,,,,,,0.003401472233235836,0.0028987890109419823,0.7731969356536865,,
1790036383.7873142,RAW_IMU,,,,,,,,,0,0,-1001,0,2,2,,,,,
1790036383.805373,ATTITUDE,,,,,,,,,,,,,,,0.003413599682971835,0.0028696272056549788,0.7731943130493164,,
1790036383.806649,RAW_IMU,,,,,,,,,0,0,-1001,2,0,1,,,,,
1790036383.825446,ATTITUDE,,,,,,,,,,,,,,,0.0034041788894683123,0.0028909866232424974,0.7731913924217224,,
1790036383.8271194,RAW_IMU,,,,,,,,,0,0,-1001,2,3,1,,,,,
1790036383.8396163,GLOBAL_POSITION_INT,-35.3611308,149.1678505,591.2,9.996,-0.03,0.0,0.0,44.3,,,,,,,,,,,
1790036383.8414924,GPS_RAW_INT,,,,,,,,,,,,,,,,,,6,10
1790036383.8455465,ATTITUDE,,,,,,,,,,,,,,,0.0033839629031717777,0.0028430186212062836,0.7731894254684448,,
1790036383.8467073,RAW_IMU,,,,,,,,,0,0,-1001,1,0,1,,,,,
1790036383.8657258,ATTITUDE,,,,,,,,,,,,,,,0.003400546032935381,0.0028682639822363853,0.7731873989105225,,
1790036383.867397,RAW_IMU,,,,,,,,,0,0,-1001,3,3,1,,,,,
1790036383.886065,ATTITUDE,,,,,,,,,,,,,,,0.003371725557371974,0.002829564968124032,0.7731835246086121,,
1790036383.8871381,RAW_IMU,,,,,,,,,0,0,-1000,0,0,1,,,,,
1790036383.911065,ATTITUDE,,,,,,,,,,,,,,,0.0033755158074200153,0.002850466873496771,0.7731756567955017,,
1790036383.9122465,RAW_IMU,,,,,,,,,0,0,-1000,2,3,1,,,,,
1790036383.925978,ATTITUDE,,,,,,,,,,,,,,,0.003361764131113887,0.0027929171919822693,0.7731674313545227,,
1790036383.927229,RAW_IMU,,,,,,,,,0,0,-1000,2,0,1,,,,,
1790036383.9398043,GLOBAL_POSITION_INT,-35.3611308,149.1678505,591.2,9.996,-0.03,0.0,0.0,44.29,,,,,,,,,,,
1790036383.9405653,GPS_RAW_INT,,,,,,,,,,,,,,,,,,6,10
1790036383.942904,ATTITUDE,,,,,,,,,,,,,,,0.003347315127030015,0.002809645840898156,0.7731586694717407,,
1790036383.9445043,RAW_IMU,,,,,,,,,0,0,-1000,2,3,1,,,,,
1790036383.9611976,ATTITUDE,,,,,,,,,,,,,,,0.0033357555512338877,0.002754445420578122,0.77314692735672,,
1790036383.9623487,RAW_IMU,,,,,,,,,0,0,-1000,2,0,1,,,,,
1790036383.985945,ATTITUDE,,,,,,,,,,,,,,,0.0033239780459553003,0.0027925041504204273,0.7731314897537231,,
1790036383.9870532,RAW_IMU,,,,,,,,,0,0,-1000,2,4,1,,,,,
1790036384.005753,ATTITUDE,,,,,,,,,,,,,,,0.0033258143812417984,0.002758092014119029,0.7731155157089233,,
1790036384.006895,RAW_IMU,,,,,,,,,0,0,-1000,2,1,1,,,,,
1790036384.025933,ATTITUDE,,,,,,,,,,,,,,,0.0032977485097944736,0.0028036462608724833,0.7731010317802429,,
1790036384.027035,RAW_IMU,,,,,,,,,0,0,-1001,1,4,1,,,,,
1790036384.039771,GLOBAL_POSITION_INT,-35.3611308,149.1678505,591.2,9.996,-0.03,0.0,0.0,44.29,,,,,,,,,,,
1790036384.041028,GPS_RAW_INT,,,,,,,,,,,,,,,,,,6,10
1790036384.0461504,ATTITUDE,,,,,,,,,,,,,,,0.003325121011584997,0.0027706387918442488,0.7730883955955505,,
1790036384.0471613,RAW_IMU,,,,,,,,,0,0,-1001,3,1,1,,,,,
1790036384.066108,ATTITUDE,,,,,,,,,,,,,,,0.003285861574113369,0.0027807033620774746,0.7730777859687805,,
1790036384.0673244,RAW_IMU,,,,,,,,,0,0,-1001,0,2,1,,,,,
1790036384.0859077,ATTITUDE,,,,,,,,,,,,,,,0.0033125104382634163,0.002779819071292877,0.7730666995048523,,
1790036384.0873768,RAW_IMU,,,,,,,,,0,0,-1001,3,2,1,,,,,
1790036384.1062298,ATTITUDE,,,,,,,,,,,,,,,0.0032535663340240717,0.0027459384873509407,0.7730569839477539,,
1790036384.1079743,RAW_IMU,,,,,,,,,0,0,-1000,0,0,1,,,,,
1790036384.1261356,ATTITUDE,,,,,,,,,,,,,,,0.0032713364344090223,0.0027367358561605215,0.7730503082275391,,
1790036384.1271496,RAW_IMU,,,,,,,,,0,0,-1000,3,2,1,,,,,
1790036384.1574676,GLOBAL_POSITION_INT,-35.3611308,149.1678505,591.2,9.997,-0.03,0.0,0.0,44.29,,,,,,,,,,,
1790036384.1589656,GPS_RAW_INT,,,,,,,,,,,,,,,,,,6,10
1790036384.1601477,ATTITUDE,,,,,,,,,,,,,,,0.0032081615645438433,0.0027288056444376707,0.7730478644371033,,
1790036384.1610928,RAW_IMU,,,,,,,,,0,0,-1000,0,2,1,,,,,
1790036384.165559,ATTITUDE,,,,,,,,,,,,,,,0.0032273191027343273,0.0027221462223678827,0.7730503082275391,,
1790036384.1675367,RAW_IMU,,,,,,,,,0,0,-1000,3,2,2,,,,,
1790036384.185635,ATTITUDE,,,,,,,,,,,,,,,0.0031682972330600023,0.00271478365175426,0.7730545997619629,,
1790036384.1870215,RAW_IMU,,,,,,,,,0,0,-1000,0,2,2,,,,,
1790036384.2059712,ATTITUDE,,,,,,,,,,,,,,,0.003177667735144496,0.0027089270297437906,0.7730610966682434,,
1790036384.206776,RAW_IMU,,,,,,,,,0,0,-1000,2,2,2,,,,,
1790036384.2260535,ATTITUDE,,,,,,,,,,,,,,,0.0031325186137109995,0.002703666454181075,0.773069441318512,,
1790036384.2271645,RAW_IMU,,,,,,,,,0,0,-1000,0,2,2,,,,,
1790036384.2394936,GLOBAL_POSITION_INT,-35.3611308,149.1678505,591.2,9.997,-0.03,0.0,0.0,44.29,,,,,,,,,,,
1790036384.2408476,GPS_RAW_INT,,,,,,,,,,,,,,,,,,6,10
1790036384.24593,ATTITUDE,,,,,,,,,,,,,,,0.0031621078960597515,0.0027002892456948757,0.7730813026428223,,
1790036384.2477455,RAW_IMU,,,,,,,,,0,0,-1000,3,2,2,,,,,
1790036384.2659233,ATTITUDE,,,,,,,,,,,,,,,0.003127865493297577,0.002698959782719612,0.7730998992919922,,
1790036384.2675426,RAW_IMU,,,,,,,,,0,0,-1000,1,2,2,,,,,
1790036384.2859547,ATTITUDE,,,,,,,,,,,,,,,0.0031495625153183937,0.0026699851732701063,0.7731160521507263,,
1790036384.286889,RAW_IMU,,,,,,,,,0,0,-1000,3,1,2,,,,,
1790036384.3059664,ATTITUDE,,,,,,,,,,,,,,,0.0030985663179308176,0.0026900575030595064,0.773129403591156,,
1790036384.3070667,RAW_IMU,,,,,,,,,0,0,-1000,0,3,2,,,,,
1790036384.3213665,ATTITUDE,,,,,,,,,,,,,,,0.0030832416377961636,0.0026279587764292955,0.7731409668922424,,
1790036384.3227198,RAW_IMU,,,,,,,,,0,0,-1001,1,0,2,,,,,
1790036384.3402724,GLOBAL_POSITION_INT,-35.3611308,149.1678505,591.2,9.998,-0.03,0.0,0.0,44.29,,,,,,,,,,,
1790036384.3415785,GPS_RAW_INT,,,,,,,,,,,,,,,,,,6,10
1790036384.3428288,ATTITUDE,,,,,,,,,,,,,,,0.0030791054014116526,0.0026651083026081324,0.7731503844261169,,
1790036384.3441637,RAW_IMU,,,,,,,,,0,0,-1000,2,4,2,,,,,
1790036384.3620467,ATTITUDE,,,,,,,,,,,,,,,0.003076819470152259,0.002631796756759286,0.7731562852859497,,
1790036384.363265,RAW_IMU,,,,,,,,,0,0,-1000,2,1,2,,,,,
1790036384.3809006,ATTITUDE,,,,,,,,,,,,,,,0.003073830157518387,0.0026551419869065285,0.7731590867042542,,
1790036384.381962,RAW_IMU,,,,,,,,,0,0,-1000,2,3,2,,,,,
1790036384.4059207,ATTITUDE,,,,,,,,,,,,,,,0.003071347950026393,0.002623117296025157,0.7731595039367676,,
1790036384.4075336,RAW_IMU,,,,,,,,,0,0,-1000,2,1,2,,,,,
1790036384.4256978,ATTITUDE,,,,,,,,,,,,,,,0.0030702564399689436,0.002652606926858425,0.7731577754020691,,
1790036384.4269996,RAW_IMU,,,,,,,,,0,0,-1000,2,3,2,,,,,
1790036384.4397333,GLOBAL_POSITION_INT,-35.3611308,149.1678505,591.2,9.998,-0.03,0.0,0.0,44.29,,,,,,,,,,,
1790036384.4410427,GPS_RAW_INT,,,,,,,,,,,,,,,,,,6,10
1790036384.4458673,ATTITUDE,,,,,,,,,,,,,,,0.0030702550429850817,0.0026373029686510563,0.7731528878211975,,
1790036384.4481952,RAW_IMU,,,,,,,,,0,0,-1000,2,2,1,,,,,
1790036384.4661102,ATTITUDE,,,,,,,,,,,,,,,0.0030708236154168844,0.0026511247269809246,0.7731478214263916,,
1790036384.46741,RAW_IMU,,,,,,,,,0,0,-1000,2,2,1,,,,,
1790036384.4866092,ATTITUDE,,,,,,,,,,,,,,,0.0030709682032465935,0.002629724098369479,0.7731379866600037,,
1790036384.488383,RAW_IMU,,,,,,,,,0,0,-1000,2,1,1,,,,,
1790036384.5059838,ATTITUDE,,,,,,,,,,,,,,,0.0030656165909022093,0.002655341988429427,0.7731258869171143,,
1790036384.5077958,RAW_IMU,,,,,,,,,0,0,-1000,2,3,1,,,,,
1790036384.5258818,ATTITUDE,,,,,,,,,,,,,,,0.003061494557186961,0.002631008392199874,0.7731115221977234,,
1790036384.5275974,RAW_IMU,,,,,,,,,0,0,-1000,2,2,1,,,,,
1790036384.5395315,GLOBAL_POSITION_INT,-35.3611308,149.1678505,591.2,9.998,-0.03,0.0,0.0,44.29,,,,,,,,,,,
1790036384.5411322,GPS_RAW_INT,,,,,,,,,,,,,,,,,,6,10
1790036384.546239,ATTITUDE,,,,,,,,,,,,,,,0.0030583913903683424,0.0026261534076184034,0.7730958461761475,,
1790036384.5481493,RAW_IMU,,,,,,,,,0,0,-1000,2,1,1,,,,,
1790036384.5674512,ATTITUDE,,,,,,,,,,,,,,,0.003061775816604495,0.002620049985125661,0.7730812430381775,,
1790036384.5683148,RAW_IMU,,,,,,,,,0,0,-1001,2,3,1,,,,,
1790036384.5871356,ATTITUDE,,,,,,,,,,,,,,,0.0030309308785945177,0.002599576022475958,0.7730666995048523,,
1790036384.588658,RAW_IMU,,,,,,,,,0,0,-1001,1,1,1,,,,,
1790036384.6071184,ATTITUDE,,,,,,,,,,,,,,,0.00305607495829463,0.002622920088469982,0.7730537056922913,,
1790036384.6091878,RAW_IMU,,,,,,,,,0,0,-1001,3,4,1,,,,,
1790036384.6280313,ATTITUDE,,,,,,,,,,,,,,,0.0030293057207018137,0.002601403510197997,0.7730441093444824,,
1790036384.6289825,RAW_IMU,,,,,,,,,0,0,-1001,1,1,1,,,,,
1790036384.6556048,GLOBAL_POSITION_INT,-35.3611308,149.1678505,591.2,9.998,-0.03,0.0,0.0,44.29,,,,,,,,,,,
1790036384.657438,GPS_RAW_INT,,,,,,,,,,,,,,,,,,6,10
1790036384.6581633,ATTITUDE,,,,,,,,,,,,,,,0.003055014181882143,0.0026200530119240284,0.7730375528335571,,
1790036384.6601727,RAW_IMU,,,,,,,,,0,0,-1000,3,3,1,,,,,
1790036384.6686063,ATTITUDE,,,,,,,,,,,,,,,0.0030237226746976376,0.0026388410478830338,0.7730358242988586,,
1790036384.6695232,RAW_IMU,,,,,,,,,0,0,-1000,1,3,1,,,,,
1790036384.6832983,ATTITUDE,,,,,,,,,,,,,,,0.0030377076473087072,0.002656544093042612,0.7730344533920288,,
1790036384.6840577,RAW_IMU,,,,,,,,,0,0,-1000,2,3,2,,,,,
1790036384.7036347,ATTITUDE,,,,,,,,,,,,,,,0.002999022835865617,0.002668127417564392,0.77303546667099,,
1790036384.7045257,RAW_IMU,,,,,,,,,0,0,-1000,1,3,2,,,,,
1790036384.723948,ATTITUDE,,,,,,,,,,,,,,,0.002997330389916897,0.002657847013324499,0.7730386257171631,,
1790036384.7249382,RAW_IMU,,,,,,,,,0,0,-1001,1,2,2,,,,,
1790036384.7441134,GLOBAL_POSITION_INT,-35.3611308,149.1678505,591.2,9.998,-0.03,0.0,0.0,44.29,,,,,,,,,,,
1790036384.7457852,GPS_RAW_INT,,,,,,,,,,,,,,,,,,6,10
1790036384.747536,ATTITUDE,,,,,,,,,,,,,,,0.0029949331656098366,0.00267613073810935,0.7730452418327332,,
1790036384.750542,RAW_IMU,,,,,,,,,0,0,-1001,3,3,2,,,,,
1790036384.7658017,ATTITUDE,,,,,,,,,,,,,,,0.002960236044600606,0.002657450968399644,0.7730518579483032,,
1790036384.7672424,RAW_IMU,,,,,,,,,0,0,-1001,0,1,2,,,,,
1790036384.7862067,ATTITUDE,,,,,,,,,,,,,,,0.003000003984197974,0.002708833897486329,0.7730576992034912,,
1790036384.7869194,RAW_IMU,,,,,,,,,0,0,-1001,4,5,2,,,,,
1790036384.8047838,ATTITUDE,,,,,,,,,,,,,,,0.0029548800084739923,0.0026880542282015085,0.773063063621521,,
1790036384.8062232,RAW_IMU,,,,,,,,,0,0,-1001,0,1,2,,,,,
1790036384.8247461,ATTITUDE,,,,,,,,,,,,,,,0.0030076648108661175,0.00273305200971663,0.7730708122253418,,
1790036384.8261323,RAW_IMU,,,,,,,,,0,0,-1001,4,4,2,,,,,
1790036384.8388755,GLOBAL_POSITION_INT,-35.3611308,149.1678505,591.2,9.998,-0.03,0.0,0.0,44.29,,,,,,,,,,,
1790036384.8397455,GPS_RAW_INT,,,,,,,,,,,,,,,,,,6,10
1790036384.8456595,ATTITUDE,,,,,,,,,,,,,,,0.002990460256114602,0.002705556806176901,0.7730791568756104,,
1790036384.8469465,RAW_IMU,,,,,,,,,0,0,-1000,2,1,2,,,,,
1790036384.8665102,ATTITUDE,,,,,,,,,,,,,,,0.003008693689480424,0.0027472584042698145,0.773088276386261,,
1790036384.8681586,RAW_IMU,,,,,,,,,0,0,-1000,2,4,2,,,,,
1790036384.8863027,ATTITUDE,,,,,,,,,,,,,,,0.0030090101063251495,0.0027135934215039015,0.773094654083252,,
1790036384.887779,RAW_IMU,,,,,,,,,0,0,-1001,3,1,2,,,,,
1790036384.9073372,ATTITUDE,,,,,,,,,,,,,,,0.002992379479110241,0.002747539896517992,0.7731000781059265,,
1790036384.9090302,RAW_IMU,,,,,,,,,0,0,-1001,1,4,2,,,,,
1790036384.926982,ATTITUDE,,,,,,,,,,,,,,,0.0030169954989105463,0.002709625754505396,0.7731050848960876,,
1790036384.9295886,RAW_IMU,,,,,,,,,0,0,-1001,4,1,2,,,,,
1790036384.9405608,GLOBAL_POSITION_INT,-35.3611308,149.1678505,591.2,9.997,-0.03,0.0,0.0,44.29,,,,,,,,,,,
1790036384.9411855,GPS_RAW_INT,,,,,,,,,,,,,,,,,,6,10
1790036384.9471092,ATTITUDE,,,,,,,,,,,,,,,0.0029790045227855444,0.0027444730512797832,0.7731106877326965,,
1790036384.948572,RAW_IMU,,,,,,,,,0,0,-1001,0,4,2,,,,,
1790036384.9672074,ATTITUDE,,,,,,,,,,,,,,,0.0030027120374143124,0.002700960962101817,0.7731161713600159,,
1790036384.9683852,RAW_IMU,,,,,,,,,0,0,-1001,3,1,2,,,,,
1790036384.9875238,ATTITUDE,,,,,,,,,,,,,,,0.0029552923515439034,0.0027334210462868214,0.7731198668479919,,
1790036384.9890413,RAW_IMU,,,,,,,,,0,0,-1001,0,3,2,,,,,
1790036385.0077932,ATTITUDE,,,,,,,,,,,,,,,0.0029700498562306166,0.0026929087471216917,0.7731214165687561,,
1790036385.009037,RAW_IMU,,,,,,,,,0,0,-1000,3,1,2,,,,,
1790036385.0277178,ATTITUDE,,,,,,,,,,,,,,,0.0029727572109550238,0.002701002638787031,0.7731228470802307,,
1790036385.0287511,RAW_IMU,,,,,,,,,0,0,-1000,3,2,2,,,,,
1790036385.0412664,GLOBAL_POSITION_INT,-35.3611308,149.1678505,591.2,9.997,-0.03,0.0,0.0,44.29,,,,,,,,,,,
1790036385.0423665,GPS_RAW_INT,,,,,,,,,,,,,,,,,,6,10
1790036385.0477958,ATTITUDE,,,,,,,,,,,,,,,0.002974321134388447,0.0026811021380126476,0.7731226682662964,,
1790036385.0494316,RAW_IMU,,,,,,,,,0,0,-1000,2,2,2,,,,,
1790036385.0677145,ATTITUDE,,,,,,,,,,,,,,,0.002976084128022194,0.0026966652367264032,0.7731215953826904,,
1790036385.0690286,RAW_IMU,,,,,,,,,0,0,-1000,2,2,2,,,,,
1790036385.0875125,ATTITUDE,,,,,,,,,,,,,,,0.0029737064614892006,0.0027092730160802603,0.773114800453186,,
1790036385.0887845,RAW_IMU,,,,,,,,,0,0,-1001,2,3,1,,,,,
1790036385.1077127,ATTITUDE,,,,,,,,,,,,,,,0.0029455379117280245,0.0026836437173187733,0.7731049060821533,,
1790036385.1093605,RAW_IMU,,,,,,,,,0,0,-1001,1,1,1,,,,,
1790036385.1277864,ATTITUDE,,,,,,,,,,,,,,,0.0029442680533975363,0.002704625716432929,0.7730970978736877,,
1790036385.1285927,RAW_IMU,,,,,,,,,0,0,-1001,2,4,1,,,,,
1790036385.1572034,GLOBAL_POSITION_INT,-35.3611308,149.1678505,591.2,9.997,-0.03,0.0,0.0,44.29,,,,,,,,,,,
1790036385.1587114,GPS_RAW_INT,,,,,,,,,,,,,,,,,,6,10
1790036385.1608608,ATTITUDE,,,,,,,,,,,,,,,0.002943906933069229,0.0026834679301828146,0.7730921506881714,,
1790036385.1643732,RAW_IMU,,,,,,,,,0,0,-1001,3,1,1,,,,,
1790036385.1658363,ATTITUDE,,,,,,,,,,,,,,,0.0029274558182805777,0.0027335660997778177,0.773087739944458,,
1790036385.1668506,RAW_IMU,,,,,,,,,0,0,-1001,1,5,1,,,,,
1790036385.1832714,ATTITUDE,,,,,,,,,,,,,,,0.002942235441878438,0.002710256027057767,0.7730808258056641,,
1790036385.184407,RAW_IMU,,,,,,,,,0,0,-1001,3,1,1,,,,,
1790036385.2074225,ATTITUDE,,,,,,,,,,,,,,,0.002946085063740611,0.0027521306183189154,0.7730746865272522,,
1790036385.2086267,RAW_IMU,,,,,,,,,0,0,-1001,2,4,1,,,,,
1790036385.2276042,ATTITUDE,,,,,,,,,,,,,,,0.002960247453302145,0.0027298247441649437,0.7730700969696045,,
1790036385.2286885,RAW_IMU,,,,,,,,,0,0,-1001,3,1,1,,,,,
1790036385.2413318,GLOBAL_POSITION_INT,-35.3611308,149.1678505,591.2,9.997,-0.03,0.0,0.0,44.29,,,,,,,,,,,
1790036385.2422528,GPS_RAW_INT,,,,,,,,,,,,,,,,,,6,10
1790036385.247829,ATTITUDE,,,,,,,,,,,,,,,0.002963077509775758,0.0027729214634746313,0.7730669379234314,,
1790036385.249418,RAW_IMU,,,,,,,,,0,0,-1001,2,4,1,,,,,
1790036385.268216,ATTITUDE,,,,,,,,,,,,,,,0.002996403258293867,0.002742321230471134,0.7730652093887329,,
1790036385.2702863,RAW_IMU,,,,,,,,,0,0,-1001,4,1,1,,,,,
1790036385.288161,ATTITUDE,,,,,,,,,,,,,,,0.0029854311142116785,0.0027826298028230667,0.7730642557144165,,
1790036385.2900116,RAW_IMU,,,,,,,,,0,0,-1001,1,4,2,,,,,
1790036385.3076391,ATTITUDE,,,,,,,,,,,,,,,0.003027273342013359,0.0027452525682747364,0.7730629444122314,,
1790036385.3088334,RAW_IMU,,,,,,,,,0,0,-1000,4,1,2,,,,,
1790036385.3275151,ATTITUDE,,,,,,,,,,,,,,,0.0029901082161813974,0.002770239720121026,0.7730633616447449,,
1790036385.3294823,RAW_IMU,,,,,,,,,0,0,-1001,1,3,2,,,,,
1790036385.3413506,GLOBAL_POSITION_INT,-35.3611308,149.1678505,591.2,9.998,-0.03,0.0,0.0,44.29,,,,,,,,,,,
1790036385.3427274,GPS_RAW_INT,,,,,,,,,,,,,,,,,,6,10
1790036385.3479452,ATTITUDE,,,,,,,,,,,,,,,0.00302090123295784,0.002732823835685849,0.7730656862258911,,
1790036385.3490653,RAW_IMU,,,,,,,,,0,0,-1001,4,1,2,,,,,
1790036385.363226,ATTITUDE,,,,,,,,,,,,,,,0.0029765835497528315,0.0027486891485750675,0.773067831993103,,
1790036385.3644004,RAW_IMU,,,,,,,,,0,0,-1000,0,2,2,,,,,
1790036385.383487,ATTITUDE,,,,,,,,,,,,,,,0.0030209976248443127,0.0027230067644268274,0.7730686068534851,,
1790036385.3848245,RAW_IMU,,,,,,,,,0,0,-1001,4,2,2,,,,,
1790036385.4033945,ATTITUDE,,,,,,,,,,,,,,,0.0029844839591532946,0.00272762100212276,0.7730699181556702,,
1790036385.4045053,RAW_IMU,,,,,,,,,0,0,-1001,1,2,2,,,,,
1790036385.423314,ATTITUDE,,,,,,,,,,,,,,,0.003020787611603737,0.0027213634457439184,0.7730741500854492,,
1790036385.4245126,RAW_IMU,,,,,,,,,0,0,-1000,3,2,2,,,,,
1790036385.4428935,GLOBAL_POSITION_INT,-35.3611308,149.1678505,591.2,9.998,-0.03,0.0,0.0,44.29,,,,,,,,,,,
1790036385.4432473,GPS_RAW_INT,,,,,,,,,,,,,,,,,,6,10
1790036385.4445155,ATTITUDE,,,,,,,,,,,,,,,0.0030122019816190004,0.002729320665821433,0.7730792164802551,,
1790036385.4464154,RAW_IMU,,,,,,,,,0,0,-1000,2,2,2,,,,,
1790036385.4650278,ATTITUDE,,,,,,,,,,,,,,,0.003007124876603484,0.0027254633605480194,0.7730838060379028,,
1790036385.4670315,RAW_IMU,,,,,,,,,0,0,-1000,2,2,2,,,,,
1790036385.4848135,ATTITUDE,,,,,,,,,,,,,,,0.003016424598172307,0.0027232749853283167,0.7730858325958252,,
1790036385.4866393,RAW_IMU,,,,,,,,,0,0,-1000,3,2,2,,,,,
1790036385.5046923,ATTITUDE,,,,,,,,,,,,,,,0.002998584881424904,0.002726042177528143,0.7730867266654968,,
1790036385.5062895,RAW_IMU,,,,,,,,,0,0,-1000,1,3,2,,,,,
1790036385.525658,ATTITUDE,,,,,,,,,,,,,,,0.002993831178173423,0.0027005295269191265,0.7730854153633118,,
1790036385.5269356,RAW_IMU,,,,,,,,,0,0,-1000,2,1,2,,,,,
1790036385.539062,GLOBAL_POSITION_INT,-35.3611308,149.1678505,591.2,9.998,-0.03,0.0,0.0,44.29,,,,,,,,,,,
1790036385.5402937,GPS_RAW_INT,,,,,,,,,,,,,,,,,,6,10
1790036385.5454469,ATTITUDE,,,,,,,,,,,,,,,0.0029908830765634775,0.0027035290841013193,0.7730825543403625,,
1790036385.5471582,RAW_IMU,,,,,,,,,0,0,-1000,2,3,1,,,,,
1790036385.5665245,ATTITUDE,,,,,,,,,,,,,,,0.0029888134449720383,0.0026637064293026924,0.773078441619873,,
1790036385.5681982,RAW_IMU,,,,,,,,,0,0,-1000,2,0,1,,,,,
1790036385.5860264,ATTITUDE,,,,,,,,,,,,,,,0.003003543708473444,0.0026817081961780787,0.7730703949928284,,
1790036385.5875137,RAW_IMU,,,,,,,,,0,0,-1000,3,3,1,,,,,
1790036385.6062233,ATTITUDE,,,,,,,,,,,,,,,0.0029833894222974777,0.0026614409871399403,0.7730631232261658,,
1790036385.607117,RAW_IMU,,,,,,,,,0,0,-1001,1,1,1,,,,,
1790036385.6269443,ATTITUDE,,,,,,,,,,,,,,,0.003009180538356304,0.0026698752772063017,0.7730581164360046,,
1790036385.6283724,RAW_IMU,,,,,,,,,0,0,-1001,3,3,1,,,,,
1790036385.6593466,GLOBAL_POSITION_INT,-35.3611308,149.1678505,591.2,9.998,-0.03,0.0,0.0,44.29,,,,,,,,,,,
1790036385.660486,GPS_RAW_INT,,,,,,,,,,,,,,,,,,6,10
1790036385.6620154,ATTITUDE,,,,,,,,,,,,,,,0.002975133014842868,0.002668155590072274,0.7730560302734375,,
1790036385.6634579,RAW_IMU,,,,,,,,,0,0,-1001,1,2,1,,,,,
1790036385.666727,ATTITUDE,,,,,,,,,,,,,,,0.0030094445683062077,0.002681658836081624,0.773054838180542,,
1790036385.6677604,RAW_IMU,,,,,,,,,0,0,-1001,4,3,1,,,,,
1790036385.6814911,ATTITUDE,,,,,,,,,,,,,,,0.0029689231887459755,0.0026522045955061913,0.7730538249015808,,
1790036385.6821728,RAW_IMU,,,,,,,,,0,0,-1000,0,0,2,,,,,
1790036385.7063646,ATTITUDE,,,,,,,,,,,,,,,0.00300264498218894,0.002675167750567198,0.7730533480644226,,
1790036385.7074828,RAW_IMU,,,,,,,,,0,0,-1000,3,3,2,,,,,
1790036385.7211518,ATTITUDE,,,,,,,,,,,,,,,0.0029592281207442284,0.002660509664565325,0.7730555534362793,,
1790036385.7227478,RAW_IMU,,,,,,,,,0,0,-1000,1,2,2,,,,,
1790036385.7411697,GLOBAL_POSITION_INT,-35.3611308,149.1678505,591.2,9.999,-0.03,0.0,0.0,44.29,,,,,,,,,,,
1790036385.742181,GPS_RAW_INT,,,,,,,,,,,,,,,,,,6,10
1790036385.7445846,ATTITUDE,,,,,,,,,,,,,,,0.002985520288348198,0.002645926084369421,0.7730612754821777,,
1790036385.7460344,RAW_IMU,,,,,,,,,0,0,-1000,3,1,2,,,,,
1790036385.7627714,ATTITUDE,,,,,,,,,,,,,,,0.002950702328234911,0.002632411662489176,0.7730695009231567,,
1790036385.7642972,RAW_IMU,,,,,,,,,0,0,-1000,1,2,2,,,,,
1790036385.7816477,ATTITUDE,,,,,,,,,,,,,,,0.002968979999423027,0.0026188672054558992,0.7730778455734253,,
1790036385.7829776,RAW_IMU,,,,,,,,,0,0,-1000,3,2,2,,,,,
1790036385.8018017,ATTITUDE,,,,,,,,,,,,,,,0.002933647483587265,0.0026067174039781094,0.7730900049209595,,
1790036385.8034503,RAW_IMU,,,,,,,,,0,0,-1000,1,2,2,,,,,
1790036385.821785,ATTITUDE,,,,,,,,,,,,,,,0.002941899001598358,0.0025961517821997404,0.7731044888496399,,
1790036385.8223813,RAW_IMU,,,,,,,,,0,0,-1000,2,2,2,,,,,
1790036385.8413496,GLOBAL_POSITION_INT,-35.3611308,149.1678505,591.2,9.999,-0.03,0.0,0.0,44.29,,,,,,,,,,,
1790036385.8424616,GPS_RAW_INT,,,,,,,,,,,,,,,,,,6,10
1790036385.844684,ATTITUDE,,,,,,,,,,,,,,,0.0029358563479036093,0.0026026489213109016,0.7731202840805054,,
1790036385.8470483,RAW_IMU,,,,,,,,,0,0,-1001,2,3,2,,,,,
1790036385.862731,ATTITUDE,,,,,,,,,,,,,,,0.0029326933436095715,0.00258523877710104,0.7731375694274902,,
1790036385.8652835,RAW_IMU,,,,,,,,,0,0,-1001,1,1,2,,,,,
1790036385.8816745,ATTITUDE,,,,,,,,,,,,,,,0.002955638337880373,0.002608124166727066,0.7731515765190125,,
1790036385.8827198,RAW_IMU,,,,,,,,,0,0,-1001,4,3,2,,,,,
1790036385.9073253,ATTITUDE,,,,,,,,,,,,,,,0.002929969457909465,0.0026025257539004087,0.7731637954711914,,
1790036385.9087195,RAW_IMU,,,,,,,,,0,0,-1000,1,2,2,,,,,
1790036385.9215484,ATTITUDE,,,,,,,,,,,,,,,0.002902526641264558,0.0026371257845312357,0.7731722593307495,,
1790036385.9229124,RAW_IMU,,,,,,,,,0,0,-1000,1,4,2,,,,,
1790036385.9402986,GLOBAL_POSITION_INT,-35.3611308,149.1678505,591.2,9.999,-0.03,0.0,0.0,44.29,,,,,,,,,,,
1790036385.9416144,GPS_RAW_INT,,,,,,,,,,,,,,,,,,6,10
1790036385.946865,ATTITUDE,,,,,,,,,,,,,,,0.002877402352169156,0.00261380965821445,0.7731795907020569,,
1790036385.9482896,RAW_IMU,,,,,,,,,0,0,-1000,1,1,2,,,,,
1790036385.967754,ATTITUDE,,,,,,,,,,,,,,,0.00285337190143764,0.002658277517184615,0.7731850743293762,,
1790036385.968793,RAW_IMU,,,,,,,,,0,0,-1000,1,4,2,,,,,
1790036385.9819696,ATTITUDE,,,,,,,,,,,,,,,0.0028292431961745024,0.002616677898913622,0.7731848359107971,,
1790036385.98327,RAW_IMU,,,,,,,,,0,0,-1000,1,0,2,,,,,
1790036386.001575,ATTITUDE,,,,,,,,,,,,,,,0.002806686796247959,0.0026584614533931017,0.773181676864624,,
1790036386.002732,RAW_IMU,,,,,,,,,0,0,-1000,1,4,2,,,,,
1790036386.0219314,ATTITUDE,,,,,,,,,,,,,,,0.0027873399667441845,0.002618311205878854,0.7731752395629883,,
1790036386.023125,RAW_IMU,,,,,,,,,0,0,-1000,1,1,1,,,,,
1790036386.0418904,GLOBAL_POSITION_INT,-35.3611308,149.1678505,591.2,9.999,-0.03,0.0,0.0,44.29,,,,,,,,,,,
1790036386.0438802,GPS_RAW_INT,,,,,,,,,,,,,,,,,,6,10
1790036386.0469885,ATTITUDE,,,,,,,,,,,,,,,0.002768251346424222,0.002665779320523143,0.7731679677963257,,
1790036386.0480623,RAW_IMU,,,,,,,,,0,0,-1000,1,4,1,,,,,
1790036386.0635402,ATTITUDE,,,,,,,,,,,,,,,0.002756889909505844,0.002641181694343686,0.773158609867096,,
1790036386.0651054,RAW_IMU,,,,,,,,,0,0,-1000,1,2,1,,,,,
1790036386.0845835,ATTITUDE,,,,,,,,,,,,,,,0.002759259659796953,0.002662651240825653,0.7731471657752991,,
1790036386.086258,RAW_IMU,,,,,,,,,0,0,-1000,2,2,1,,,,,
1790036386.1044564,ATTITUDE,,,,,,,,,,,,,,,0.0027604757342487574,0.0026491645257920027,0.77313232421875,,
1790036386.1054838,RAW_IMU,,,,,,,,,0,0,-1000,2,2,1,,,,,
1790036386.1247723,ATTITUDE,,,,,,,,,,,,,,,0.002782210474833846,0.002652173861861229,0.7731158137321472,,
1790036386.126095,RAW_IMU,,,,,,,,,0,0,-1001,3,2,1,,,,,
1790036386.1545253,GLOBAL_POSITION_INT,-35.3611308,149.1678505,591.2,9.999,-0.03,0.0,0.0,44.29,,,,,,,,,,,
1790036386.1568604,GPS_RAW_INT,,,,,,,,,,,,,,,,,,6,10
1790036386.158134,ATTITUDE,,,,,,,,,,,,,,,0.002764660632237792,0.0026716545689851046,0.7731014490127563,,
1790036386.1598408,RAW_IMU,,,,,,,,,0,0,-1001,2,4,1,,,,,
1790036386.16237,ATTITUDE,,,,,,,,,,,,,,,0.0027993321418762207,0.0026604069862514734,0.7730894684791565,,
1790036386.1640055,RAW_IMU,,,,,,,,,0,0,-1001,3,1,1,,,,,
1790036386.1825988,ATTITUDE,,,,,,,,,,,,,,,0.0028143206145614386,0.002700510434806347,0.7730768918991089,,
1790036386.184369,RAW_IMU,,,,,,,,,0,0,-1001,4,4,1,,,,,
1790036386.2037876,ATTITUDE,,,,,,,,,,,,,,,0.00284851947799325,0.0026775822043418884,0.7730656266212463,,
1790036386.204863,RAW_IMU,,,,,,,,,0,0,-1001,3,1,1,,,,,
1790036386.2254462,ATTITUDE,,,,,,,,,,,,,,,0.0029135376680642366,0.002717650029808283,0.7730582356452942,,
1790036386.2264857,RAW_IMU,,,,,,,,,0,0,-1000,6,4,1,,,,,
1790036386.2395399,GLOBAL_POSITION_INT,-35.3611308,149.1678505,591.2,9.999,-0.03,0.0,0.0,44.29,,,,,,,,,,,
1790036386.2406938,GPS_RAW_INT,,,,,,,,,,,,,,,,,,6,10
1790036386.2460723,ATTITUDE,,,,,,,,,,,,,,,0.00295052258297801,0.00272904965095222,0.7730546593666077,,
1790036386.247022,RAW_IMU,,,,,,,,,0,0,-1000,4,3,1,,,,,
1790036386.2620938,ATTITUDE,,,,,,,,,,,,,,,0.0030303867533802986,0.002733551198616624,0.7730550765991211,,
1790036386.2641232,RAW_IMU,,,,,,,,,0,0,-1000,6,2,2,,,,,
1790036386.2824621,ATTITUDE,,,,,,,,,,,,,,,0.0030649807304143906,0.0027369323652237654,0.773057222366333,,
1790036386.2835019,RAW_IMU,,,,,,,,,0,0,-1000,4,2,2,,,,,
1790036386.3025541,ATTITUDE,,,,,,,,,,,,,,,0.003105842974036932,0.0027375672943890095,0.773061215877533,,
1790036386.3037999,RAW_IMU,,,,,,,,,0,0,-1000,5,2,2,,,,,
1790036386.3234258,ATTITUDE,,,,,,,,,,,,,,,0.00309509364888072,0.0027351800817996264,0.7730689644813538,,
1790036386.325115,RAW_IMU,,,,,,,,,0,0,-1000,2,2,2,,,,,
1790036386.3372529,GLOBAL_POSITION_INT,-35.3611308,149.1678505,591.2,9.999,-0.03,0.0,0.0,44.29,,,,,,,,,,,
1790036386.3384051,GPS_RAW_INT,,,,,,,,,,,,,,,,,,6,10
1790036386.3431175,ATTITUDE,,,,,,,,,,,,,,,0.0031690928153693676,0.002724200952798128,0.7730813026428223,,
1790036386.3441854,RAW_IMU,,,,,,,,,0,0,-1001,6,2,2,,,,,
1790036386.3631377,ATTITUDE,,,,,,,,,,,,,,,0.003150053322315216,0.0027244538068771362,0.7730964422225952,,
1790036386.3647501,RAW_IMU,,,,,,,,,0,0,-1001,2,2,2,,,,,
1790036386.38323,ATTITUDE,,,,,,,,,,,,,,,0.0032054048497229815,0.002705492079257965,0.7731078863143921,,
1790036386.3852463,RAW_IMU,,,,,,,,,0,0,-1001,5,2,2,,,,,
1790036386.4065797,ATTITUDE,,,,,,,,,,,,,,,0.0031825623009353876,0.002706322818994522,0.7731197476387024,,
1790036386.4071085,RAW_IMU,,,,,,,,,0,0,-1001,2,2,2,,,,,
1790036386.423772,ATTITUDE,,,,,,,,,,,,,,,0.003227336099371314,0.0026905161794275045,0.7731319069862366,,
1790036386.4248796,RAW_IMU,,,,,,,,,0,0,-1000,4,2,2,,,,,
1790036386.4381478,GLOBAL_POSITION_INT,-35.3611308,149.1678505,591.2,9.999,-0.03,0.0,0.0,44.29,,,,,,,,,,,
1790036386.4391143,GPS_RAW_INT,,,,,,,,,,,,,,,,,,6,10
1790036386.443946,ATTITUDE,,,,,,,,,,,,,,,0.0032273984979838133,0.002695093397051096,0.77314293384552,,
1790036386.4453473,RAW_IMU,,,,,,,,,0,0,-1001,3,2,2,,,,,
1790036386.4659464,ATTITUDE,,,,,,,,,,,,,,,0.003228428540751338,0.0026817182078957558,0.7731504440307617,,
1790036386.4674797,RAW_IMU,,,,,,,,,0,0,-1000,2,2,2,,,,,
1790036386.4864156,ATTITUDE,,,,,,,,,,,,,,,0.0032475730404257774,0.0026877347845584154,0.7731550335884094,,
1790036386.4870884,RAW_IMU,,,,,,,,,0,0,-1000,3,2,2,,,,,
1790036386.5061154,ATTITUDE,,,,,,,,,,,,,,,0.0032645126339048147,0.002691123401746154,0.7731558084487915,,
1790036386.5082324,RAW_IMU,,,,,,,,,0,0,-1000,3,3,2,,,,,
1790036386.5266352,ATTITUDE,,,,,,,,,,,,,,,0.003278040559962392,0.00265713082626462,0.7731537222862244,,
1790036386.5277984,RAW_IMU,,,,,,,,,0,0,-1000,3,0,2,,,,,
1790036386.5392623,GLOBAL_POSITION_INT,-35.3611308,149.1678505,591.2,9.999,-0.03,0.0,0.0,44.29,,,,,,,,,,,
1790036386.5401978,GPS_RAW_INT,,,,,,,,,,,,,,,,,,6,10
1790036386.5460923,ATTITUDE,,,,,,,,,,,,,,,0.00329178711399436,0.0026714501436799765,0.7731484770774841,,
1790036386.5472426,RAW_IMU,,,,,,,,,0,0,-1000,3,3,1,,,,,
1790036386.5676754,ATTITUDE,,,,,,,,,,,,,,,0.003284607781097293,0.0026313720736652613,0.7731418013572693,,
1790036386.5689604,RAW_IMU,,,,,,,,,0,0,-1001,2,0,1,,,,,
1790036386.5883608,ATTITUDE,,,,,,,,,,,,,,,0.0033142571337521076,0.0026610747445374727,0.7731326222419739,,
1790036386.5900135,RAW_IMU,,,,,,,,,0,0,-1001,4,4,1,,,,,
1790036386.6077394,ATTITUDE,,,,,,,,,,,,,,,0.0032823269721120596,0.002623678185045719,0.7731232047080994,,
1790036386.6094885,RAW_IMU,,,,,,,,,0,0,-1001,1,0,1,,,,,
1790036386.6276002,ATTITUDE,,,,,,,,,,,,,,,0.0033249645493924618,0.0026498313527554274,0.7731157541275024,,
1790036386.62948,RAW_IMU,,,,,,,,,0,0,-1001,4,3,1,,,,,
1790036386.6567218,GLOBAL_POSITION_INT,-35.3611308,149.1678505,591.2,9.999,-0.03,0.0,0.0,44.29,,,,,,,,,,,
1790036386.6581616,GPS_RAW_INT,,,,,,,,,,,,,,,,,,6,10
1790036386.659542,ATTITUDE,,,,,,,,,,,,,,,0.003285305807366967,0.0026034489274024963,0.7731105089187622,,
1790036386.6611547,RAW_IMU,,,,,,,,,0,0,-1001,1,0,1,,,,,
1790036386.667724,ATTITUDE,,,,,,,,,,,,,,,0.0033176103606820107,0.002645079977810383,0.7731069326400757,,
1790036386.6694517,RAW_IMU,,,,,,,,,0,0,-1001,3,4,1,,,,,
1790036386.6884017,ATTITUDE,,,,,,,,,,,,,,,0.0032744905911386013,0.002611459931358695,0.7731003165245056,,
1790036386.6902962,RAW_IMU,,,,,,,,,0,0,-1000,0,1,1,,,,,
1790036386.7083507,ATTITUDE,,,,,,,,,,,,,,,0.003293125657364726,0.0026305741630494595,0.7730942964553833,,
1790036386.7095332,RAW_IMU,,,,,,,,,0,0,-1000,3,3,1,,,,,
1790036386.7274902,ATTITUDE,,,,,,,,,,,,,,,0.0032439827919006348,0.0026033034082502127,0.7730913758277893,,
1790036386.728329,RAW_IMU,,,,,,,,,0,0,-1000,0,1,1,,,,,
1790036386.7418146,GLOBAL_POSITION_INT,-35.3611308,149.1678505,591.21,10.0,-0.03,0.0,0.0,44.29,,,,,,,,,,,
1790036386.7428017,GPS_RAW_INT,,,,,,,,,,,,,,,,,,6,10
1790036386.7482214,ATTITUDE,,,,,,,,,,,,,,,0.0032552939373999834,0.0025979310739785433,0.7730886340141296,,
1790036386.7498617,RAW_IMU,,,,,,,,,0,0,-1000,2,2,1,,,,,
1790036386.7696016,ATTITUDE,,,,,,,,,,,,,,,0.003203506348654628,0.0025935473386198282,0.7730897068977356,,
1790036386.7715065,RAW_IMU,,,,,,,,,0,0,-1001,0,2,2,,,,,
1790036386.7846243,ATTITUDE,,,,,,,,,,,,,,,0.003217335557565093,0.0025835263077169657,0.7730879783630371,,
1790036386.7865121,RAW_IMU,,,,,,,,,0,0,-1001,2,1,2,,,,,
1790036386.804843,ATTITUDE,,,,,,,,,,,,,,,0.0031668529845774174,0.002584373578429222,0.7730872631072998,,
1790036386.8062453,RAW_IMU,,,,,,,,,0,0,-1001,0,3,2,,,,,
1790036386.8257596,ATTITUDE,,,,,,,,,,,,,,,0.0031831017695367336,0.0025592001620680094,0.7730885148048401,,
1790036386.8265955,RAW_IMU,,,,,,,,,0,0,-1001,3,1,2,,,,,
1790036386.8391113,GLOBAL_POSITION_INT,-35.3611308,149.1678505,591.21,10.0,-0.03,0.0,0.0,44.29,,,,,,,,,,,
1790036386.839896,GPS_RAW_INT,,,,,,,,,,,,,,,,,,6,10
1790036386.8454847,ATTITUDE,,,,,,,,,,,,,,,0.0031310860067605972,0.0025928483810275793,0.773091733455658,,
1790036386.8464599,RAW_IMU,,,,,,,,,0,0,-1001,0,4,2,,,,,
1790036386.8657465,ATTITUDE,,,,,,,,,,,,,,,0.0031434735283255577,0.0025654402561485767,0.7730952501296997,,
1790036386.8678486,RAW_IMU,,,,,,,,,0,0,-1001,2,1,2,,,,,
1790036386.8866525,ATTITUDE,,,,,,,,,,,,,,,0.0031157932244241238,0.0025894322898238897,0.773097038269043,,
1790036386.887784,RAW_IMU,,,,,,,,,0,0,-1000,1,3,2,,,,,
1790036386.9071133,ATTITUDE,,,,,,,,,,,,,,,0.003082942683249712,0.0025465190410614014,0.7730979323387146,,
1790036386.9106758,RAW_IMU,,,,,,,,,0,0,-1000,0,0,2,,,,,
1790036386.9280913,ATTITUDE,,,,,,,,,,,,,,,0.0030589483212679625,0.002546964678913355,0.773101806640625,,
1790036386.9290953,RAW_IMU,,,,,,,,,0,0,-1000,1,2,2,,,,,
1790036386.9428675,GLOBAL_POSITION_INT,-35.3611308,149.1678505,591.21,10.0,-0.03,0.0,0.0,44.29,,,,,,,,,,,
1790036386.9441395,GPS_RAW_INT,,,,,,,,,,,,,,,,,,6,10
1790036386.949717,ATTITUDE,,,,,,,,,,,,,,,0.0030149572994560003,0.002501995302736759,0.77310711145401,,
1790036386.9518702,RAW_IMU,,,,,,,,,0,0,-1000,0,0,2,,,,,
1790036386.9654322,ATTITUDE,,,,,,,,,,,,,,,0.002998968819156289,0.0024995971471071243,0.7731134295463562,,
1790036386.9669466,RAW_IMU,,,,,,,,,0,0,-1000,1,2,2,,,,,
1790036386.9868314,ATTITUDE,,,,,,,,,,,,,,,0.0029514641501009464,0.0024509718641638756,0.7731161713600159,,
1790036386.9880064,RAW_IMU,,,,,,,,,0,0,-1000,0,0,2,,,,,
1790036387.0073092,ATTITUDE,,,,,,,,,,,,,,,0.002906814683228731,0.0024616869632154703,0.7731161117553711,,
1790036387.0086722,RAW_IMU,,,,,,,,,0,0,-1000,0,2,2,,,,,
1790036387.0286613,ATTITUDE,,,,,,,,,,,,,,,0.0028646651189774275,0.002400667406618595,0.7731137871742249,,
1790036387.030109,RAW_IMU,,,,,,,,,0,0,-1000,0,0,2,,,,,
1790036387.0426877,GLOBAL_POSITION_INT,-35.3611308,149.1678505,591.21,10.0,-0.03,0.0,0.0,44.29,,,,,,,,,,,
1790036387.043391,GPS_RAW_INT,,,,,,,,,,,,,,,,,,6,10
1790036387.0454123,ATTITUDE,,,,,,,,,,,,,,,0.002831273479387164,0.0024240631610155106,0.7731109261512756,,
1790036387.0464995,RAW_IMU,,,,,,,,,0,0,-1000,0,3,1,,,,,
1790036387.070055,ATTITUDE,,,,,,,,,,,,,,,0.002786757191643119,0.0023622706066817045,0.7731060981750488,,
1790036387.071738,RAW_IMU,,,,,,,,,0,0,-1001,0,0,1,,,,,
1790036387.085167,ATTITUDE,,,,,,,,,,,,,,,0.0027672359719872475,0.002366534434258938,0.7730994820594788,,
1790036387.0860162,RAW_IMU,,,,,,,,,0,0,-1001,1,2,1,,,,,
1790036387.1057312,ATTITUDE,,,,,,,,,,,,,,,0.002715714043006301,0.0023004203103482723,0.7730924487113953,,
1790036387.10647,RAW_IMU,,,,,,,,,0,0,-1001,0,0,1,,,,,
1790036387.1264193,ATTITUDE,,,,,,,,,,,,,,,0.0026921830140054226,0.002275601727887988,0.7730870842933655,,
1790036387.1278815,RAW_IMU,,,,,,,,,0,0,-1001,1,0,1,,,,,
1790036387.162859,GLOBAL_POSITION_INT,-35.3611308,149.1678505,591.21,10.0,-0.03,0.0,0.0,44.29,,,,,,,,,,,
1790036387.16557,GPS_RAW_INT,,,,,,,,,,,,,,,,,,6,10
1790036387.1666188,ATTITUDE,,,,,,,,,,,,,,,0.0026414080057293177,0.0022233694326132536,0.7730835676193237,,
1790036387.167473,RAW_IMU,,,,,,,,,0,0,-1001,0,0,1,,,,,
1790036387.1699808,ATTITUDE,,,,,,,,,,,,,,,0.00260557746514678,0.0021876352839171886,0.7730813026428223,,
1790036387.1710231,RAW_IMU,,,,,,,,,0,0,-1001,0,0,1,,,,,
1790036387.1867988,ATTITUDE,,,,,,,,,,,,,,,0.0025708882603794336,0.002168122911825776,0.7730754017829895,,
1790036387.1883109,RAW_IMU,,,,,,,,,0,0,-1001,1,2,1,,,,,
1790036387.206867,ATTITUDE,,,,,,,,,,,,,,,0.00252690352499485,0.00210918253287673,0.7730711102485657,,
1790036387.2083442,RAW_IMU,,,,,,,,,0,0,-1001,0,0,1,,,,,
1790036387.2276762,ATTITUDE,,,,,,,,,,,,,,,0.002512065228074789,0.0021147115621715784,0.7730692028999329,,
1790036387.2291605,RAW_IMU,,,,,,,,,0,0,-1001,2,2,2,,,,,
1790036387.2420194,GLOBAL_POSITION_INT,-35.3611309,149.1678505,591.21,10.0,-0.03,0.0,0.0,44.29,,,,,,,,,,,
1790036387.2435946,GPS_RAW_INT,,,,,,,,,,,,,,,,,,6,10
1790036387.2475207,ATTITUDE,,,,,,,,,,,,,,,0.002449125051498413,0.002053476870059967,0.7730676531791687,,
1790036387.2491734,RAW_IMU,,,,,,,,,0,0,-1000,0,0,2,,,,,
1790036387.2681653,ATTITUDE,,,,,,,,,,,,,,,0.0024511381052434444,0.0020601896103471518,0.7730687856674194,,
1790036387.2705705,RAW_IMU,,,,,,,,,0,0,-1000,2,2,2,,,,,
1790036387.2885349,ATTITUDE,,,,,,,,,,,,,,,0.0023820640053600073,0.00202055461704731,0.7730680108070374,,
1790036387.290711,RAW_IMU,,,,,,,,,0,0,-1000,0,0,2,,,,,
1790036387.303774,ATTITUDE,,,,,,,,,,,,,,,0.0023802686482667923,0.001975179184228182,0.773068904876709,,
1790036387.3056326,RAW_IMU,,,,,,,,,0,0,-1000,2,0,2,,,,,
1790036387.3247366,ATTITUDE,,,,,,,,,,,,,,,0.0023057914804667234,0.0019300467101857066,0.7730724811553955,,
1790036387.3263323,RAW_IMU,,,,,,,,,0,0,-1000,0,0,2,,,,,
1790036387.3396955,GLOBAL_POSITION_INT,-35.3611309,149.1678505,591.21,10.0,-0.03,0.0,0.0,44.29,,,,,,,,,,,
1790036387.3408346,GPS_RAW_INT,,,,,,,,,,,,,,,,,,6,10
1790036387.346724,ATTITUDE,,,,,,,,,,,,,,,0.0023060801904648542,0.0018903641030192375,0.7730798721313477,,
1790036387.3490229,RAW_IMU,,,,,,,,,0,0,-1000,2,0,2,,,,,
1790036387.368006,ATTITUDE,,,,,,,,,,,,,,,0.002242966555058956,0.0018741487292572856,0.7730908393859863,,
1790036387.3696294,RAW_IMU,,,,,,,,,0,0,-1001,0,2,2,,,,,
1790036387.3885794,ATTITUDE,,,,,,,,,,,,,,,0.002238723449409008,0.0018387110903859138,0.7730993032455444,,
1790036387.3906016,RAW_IMU,,,,,,,,,0,0,-1001,1,0,2,,,,,
1790036387.4111407,ATTITUDE,,,,,,,,,,,,,,,0.0022055988665670156,0.0018311113817617297,0.7731074094772339,,
1790036387.412234,RAW_IMU,,,,,,,,,0,0,-1001,1,2,2,,,,,
1790036387.4288037,ATTITUDE,,,,,,,,,,,,,,,0.0021756691858172417,0.0017991354689002037,0.7731162905693054,,
1790036387.4304094,RAW_IMU,,,,,,,,,0,0,-1001,0,0,2,,,,,
1790036387.4434383,GLOBAL_POSITION_INT,-35.3611309,149.1678505,591.21,10.0,-0.02,0.0,0.0,44.29,,,,,,,,,,,
1790036387.445326,GPS_RAW_INT,,,,,,,,,,,,,,,,,,6,10
1790036387.4472072,ATTITUDE,,,,,,,,,,,,,,,0.0021696407347917557,0.0018125821370631456,0.7731250524520874,,
1790036387.4484563,RAW_IMU,,,,,,,,,0,0,-1001,2,3,2,,,,,
1790036387.4651232,ATTITUDE,,,,,,,,,,,,,,,0.0021190254483371973,0.0017845692345872521,0.7731323838233948,,
1790036387.4667866,RAW_IMU,,,,,,,,,0,0,-1001,0,1,2,,,,,
1790036387.4851377,ATTITUDE,,,,,,,,,,,,,,,0.0021266320254653692,0.0017830036813393235,0.7731359601020813,,
1790036387.4862304,RAW_IMU,,,,,,,,,0,0,-1000,2,2,2,,,,,
1790036387.5056956,ATTITUDE,,,,,,,,,,,,,,,0.0021183998323976994,0.001750997151248157,0.7731390595436096,,
1790036387.5076675,RAW_IMU,,,,,,,,,0,0,-1000,2,0,2,,,,,
1790036387.5252082,ATTITUDE,,,,,,,,,,,,,,,0.002104509621858597,0.001745545188896358,0.773139238357544,,
1790036387.5270894,RAW_IMU,,,,,,,,,0,0,-1000,2,2,2,,,,,
1790036387.5397816,GLOBAL_POSITION_INT,-35.3611309,149.1678505,591.21,10.0,-0.02,0.0,0.0,44.29,,,,,,,,,,,
1790036387.5416992,GPS_RAW_INT,,,,,,,,,,,,,,,,,,6,10
1790036387.5468535,ATTITUDE,,,,,,,,,,,,,,,0.002092111622914672,0.001713683595880866,0.7731395363807678,,
1790036387.5481913,RAW_IMU,,,,,,,,,0,0,-1000,2,0,2,,,,,
1790036387.5692303,ATTITUDE,,,,,,,,,,,,,,,0.002078578807413578,0.0017137194517999887,0.7731358408927917,,
1790036387.570956,RAW_IMU,,,,,,,,,0,0,-1000,2,2,1,,,,,
1790036387.5844657,ATTITUDE,,,,,,,,,,,,,,,0.0020657626446336508,0.0016822642646729946,0.7731282711029053,,
1790036387.5859027,RAW_IMU,,,,,,,,,0,0,-1001,2,0,1,,,,,
1790036387.6056142,ATTITUDE,,,,,,,,,,,,,,,0.002054199343547225,0.0017135796369984746,0.7731181383132935,,
1790036387.6072197,RAW_IMU,,,,,,,,,0,0,-1000,2,4,1,,,,,
1790036387.6261487,ATTITUDE,,,,,,,,,,,,,,,0.0020439294166862965,0.0016647782176733017,0.7731059789657593,,
1790036387.6273463,RAW_IMU,,,,,,,,,0,0,-1000,2,0,1,,,,,
1790036387.6538346,GLOBAL_POSITION_INT,-35.3611309,149.1678505,591.21,10.0,-0.02,0.0,0.0,44.29,,,,,,,,,,,
1790036387.65501,GPS_RAW_INT,,,,,,,,,,,,,,,,,,6,10
1790036387.6560407,ATTITUDE,,,,,,,,,,,,,,,0.0020430968143045902,0.0016979094361886382,0.77309250831604,,
1790036387.6575527,RAW_IMU,,,,,,,,,0,0,-1001,2,4,1,,,,,
1790036387.6679296,ATTITUDE,,,,,,,,,,,,,,,0.0020510689355432987,0.0016491689020767808,0.7730811238288879,,
1790036387.6691685,RAW_IMU,,,,,,,,,0,0,-1001,3,0,1,,,,,
1790036387.6883698,ATTITUDE,,,,,,,,,,,,,,,0.002026170026510954,0.0016850164392963052,0.7730682492256165,,
1790036387.6908352,RAW_IMU,,,,,,,,,0,0,-1001,1,3,1,,,,,
1790036387.7074208,ATTITUDE,,,,,,,,,,,,,,,0.0020470290910452604,0.001645923126488924,0.7730568647384644,,
1790036387.7084277,RAW_IMU,,,,,,,,,0,0,-1001,3,1,1,,,,,
1790036387.7272267,ATTITUDE,,,,,,,,,,,,,,,0.002007043221965432,0.0016829277155920863,0.7730476260185242,,
1790036387.7281752,RAW_IMU,,,,,,,,,0,0,-1001,0,4,1,,,,,
1790036387.7412791,GLOBAL_POSITION_INT,-35.3611309,149.1678505,591.21,10.0,-0.02,0.0,0.0,44.29,,,,,,,,,,,
1790036387.7423642,GPS_RAW_INT,,,,,,,,,,,,,,,,,,6,10
1790036387.7474504,ATTITUDE,,,,,,,,,,,,,,,0.0020364869851619005,0.001658990397118032,0.773039698600769,,
1790036387.7486715,RAW_IMU,,,,,,,,,0,0,-1001,4,2,1,,,,,
1790036387.7672508,ATTITUDE,,,,,,,,,,,,,,,0.001996101113036275,0.0016831139801070094,0.773036777973175,,
1790036387.768897,RAW_IMU,,,,,,,,,0,0,-1001,0,3,1,,,,,
1790036387.7829683,ATTITUDE,,,,,,,,,,,,,,,0.0020269283559173346,0.0017012831522151828,0.7730327248573303,,
1790036387.7842567,RAW_IMU,,,,,,,,,0,0,-1001,4,4,2,,,,,
1790036387.803156,ATTITUDE,,,,,,,,,,,,,,,0.001976268133148551,0.0016857613809406757,0.7730299234390259,,
1790036387.80428,RAW_IMU,,,,,,,,,0,0,-1001,0,1,2,,,,,
1790036387.8234644,ATTITUDE,,,,,,,,,,,,,,,0.002013820456340909,0.0017401821678504348,0.7730290293693542,,
1790036387.8251276,RAW_IMU,,,,,,,,,0,0,-1000,4,5,2,,,,,
1790036387.8421688,GLOBAL_POSITION_INT,-35.3611309,149.1678505,591.21,10.0,-0.02,0.0,0.0,44.29,,,,,,,,,,,
1790036387.843197,GPS_RAW_INT,,,,,,,,,,,,,,,,,,6,10
1790036387.8447008,ATTITUDE,,,,,,,,,,,,,,,0.0019749777857214212,0.001729666138999164,0.773032009601593,,
1790036387.8458185,RAW_IMU,,,,,,,,,0,0,-1001,1,2,2,,,,,
1790036387.8632934,ATTITUDE,,,,,,,,,,,,,,,0.0019962540827691555,0.0017785618547350168,0.7730365991592407,,
1790036387.8648186,RAW_IMU,,,,,,,,,0,0,-1001,2,4,2,,,,,
1790036387.8839254,ATTITUDE,,,,,,,,,,,,,,,0.001983986236155033,0.0017865299014374614,0.7730399370193481,,
1790036387.8855834,RAW_IMU,,,,,,,,,0,0,-1001,2,3,2,,,,,
1790036387.9083154,ATTITUDE,,,,,,,,,,,,,,,0.001970343291759491,0.001805578824132681,0.7730412483215332,,
1790036387.9093847,RAW_IMU,,,,,,,,,0,0,-1001,1,3,2,,,,,
1790036387.9249732,ATTITUDE,,,,,,,,,,,,,,,0.0019865683279931545,0.0018346620490774512,0.7730475068092346,,
1790036387.9260135,RAW_IMU,,,,,,,,,0,0,-1001,3,4,2,,,,,
1790036387.9390106,GLOBAL_POSITION_INT,-35.3611309,149.1678505,591.21,10.0,-0.02,0.0,0.0,44.29,,,,,,,,,,,
1790036387.9401052,GPS_RAW_INT,,,,,,,,,,,,,,,,,,6,10
1790036387.9446304,ATTITUDE,,,,,,,,,,,,,,,0.0019526596879586577,0.0018130133394151926,0.773053765296936,,
1790036387.946194,RAW_IMU,,,,,,,,,0,0,-1000,0,1,2,,,,,
1790036387.9655557,ATTITUDE,,,,,,,,,,,,,,,0.001982201589271426,0.0018435738747939467,0.7730618119239807,,
1790036387.9666407,RAW_IMU,,,,,,,,,0,0,-1000,4,4,2,,,,,
1790036387.9861684,ATTITUDE,,,,,,,,,,,,,,,0.001938859117217362,0.0018136308062821627,0.7730660438537598,,
1790036387.9876957,RAW_IMU,,,,,,,,,0,0,-1000,0,1,2,,,,,
1790036388.0059788,ATTITUDE,,,,,,,,,,,,,,,0.001979911932721734,0.0018513754475861788,0.7730721235275269,,
1790036388.0079634,RAW_IMU,,,,,,,,,0,0,-1000,4,4,2,,,,,
1790036388.0258236,ATTITUDE,,,,,,,,,,,,,,,0.00197572261095047,0.0018344754353165627,0.7730786204338074,,
1790036388.0268137,RAW_IMU,,,,,,,,,0,0,-1000,3,2,2,,,,,
1790036388.0394444,GLOBAL_POSITION_INT,-35.3611309,149.1678505,591.21,10.0,-0.02,0.0,0.0,44.29,,,,,,,,,,,
1790036388.040814,GPS_RAW_INT,,,,,,,,,,,,,,,,,,6,10
1790036388.045863,ATTITUDE,,,,,,,,,,,,,,,0.0019962654914706945,0.0018774487543851137,0.7730866074562073,,
1790036388.0478632,RAW_IMU,,,,,,,,,0,0,-1001,3,4,2,,,,,
1790036388.0669827,ATTITUDE,,,,,,,,,,,,,,,0.0020155005622655153,0.001867623650468886,0.7730956077575684,,
1790036388.0686493,RAW_IMU,,,,,,,,,0,0,-1001,4,2,2,,,,,
1790036388.0830183,ATTITUDE,,,,,,,,,,,,,,,0.0020200801081955433,0.0019004691857844591,0.7731008529663086,,
1790036388.0842834,RAW_IMU,,,,,,,,,0,0,-1001,2,3,2,,,,,
1790036388.1063383,ATTITUDE,,,,,,,,,,,,,,,0.002057763049378991,0.0018994531128555536,0.7731044888496399,,
1790036388.1085272,RAW_IMU,,,,,,,,,0,0,-1000,4,3,2,,,,,
1790036388.1267438,ATTITUDE,,,,,,,,,,,,,,,0.0020934578496962786,0.0019126847619190812,0.7731079459190369,,
1790036388.1279356,RAW_IMU,,,,,,,,,0,0,-1000,4,2,2,,,,,
1790036388.160436,GLOBAL_POSITION_INT,-35.3611309,149.1678505,591.21,10.001,-0.02,0.0,0.0,44.29,,,,,,,,,,,
1790036388.1612108,GPS_RAW_INT,,,,,,,,,,,,,,,,,,6,10
1790036388.1622221,ATTITUDE,,,,,,,,,,,,,,,0.002128763822838664,0.00192298146430403,0.7731108665466309,,
1790036388.163237,RAW_IMU,,,,,,,,,0,0,-1000,4,3,2,,,,,
1790036388.1666634,ATTITUDE,,,,,,,,,,,,,,,0.0021637112367898226,0.0019179659429937601,0.7731113433837891,,
1790036388.1676846,RAW_IMU,,,,,,,,,0,0,-1000,4,2,2,,,,,
1790036388.187268,ATTITUDE,,,,,,,,,,,,,,,0.0021967575885355473,0.0019436629954725504,0.7731071710586548,,
1790036388.1889064,RAW_IMU,,,,,,,,,0,0,-1000,4,4,1,,,,,
1790036388.2095826,ATTITUDE,,,,,,,,,,,,,,,0.0022280968260020018,0.0019428449450060725,0.7731002569198608,,
1790036388.2100592,RAW_IMU,,,,,,,,,0,0,-1000,4,2,1,,,,,
1790036388.2273831,ATTITUDE,,,,,,,,,,,,,,,0.002259723609313369,0.0019999011419713497,0.7730934023857117,,
1790036388.2290003,RAW_IMU,,,,,,,,,0,0,-1000,4,5,1,,,,,
1790036388.2419696,GLOBAL_POSITION_INT,-35.3611309,149.1678505,591.21,10.001,-0.02,0.0,0.0,44.29,,,,,,,,,,,
1790036388.2430077,GPS_RAW_INT,,,,,,,,,,,,,,,,,,6,10
1790036388.247063,ATTITUDE,,,,,,,,,,,,,,,0.0022913748398423195,0.001978436717763543,0.7730844020843506,,
1790036388.2502296,RAW_IMU,,,,,,,,,0,0,-1000,4,1,1,,,,,
1790036388.2631,ATTITUDE,,,,,,,,,,,,,,,0.002299605868756771,0.0020366208627820015,0.7730748653411865,,
1790036388.2668583,RAW_IMU,,,,,,,,,0,0,-1001,2,5,1,,,,,
1790036388.2852767,ATTITUDE,,,,,,,,,,,,,,,0.0023231336381286383,0.0020219364669173956,0.773061990737915,,
1790036388.2874289,RAW_IMU,,,,,,,,,0,0,-1001,3,2,1,,,,,
1790036388.3070822,ATTITUDE,,,,,,,,,,,,,,,0.0023180225398391485,0.002077290788292885,0.7730528712272644,,
1790036388.309962,RAW_IMU,,,,,,,,,0,0,-1001,2,5,1,,,,,
1790036388.326825,ATTITUDE,,,,,,,,,,,,,,,0.0023392061702907085,0.002054640557616949,0.773045003414154,,
1790036388.3280811,RAW_IMU,,,,,,,,,0,0,-1001,4,2,1,,,,,
1790036388.3422332,GLOBAL_POSITION_INT,-35.3611309,149.1678505,591.21,10.001,-0.02,0.0,0.0,44.29,,,,,,,,,,,
1790036388.343285,GPS_RAW_INT,,,,,,,,,,,,,,,,,,6,10
1790036388.34444,ATTITUDE,,,,,,,,,,,,,,,0.002315396908670664,0.0020685726776719093,0.7730405926704407,,
1790036388.3460524,RAW_IMU,,,,,,,,,0,0,-1001,1,3,1,,,,,
1790036388.362702,ATTITUDE,,,,,,,,,,,,,,,0.002348491922020912,0.0020926930010318756,0.7730409502983093,,
1790036388.3638117,RAW_IMU,,,,,,,,,0,0,-1000,4,4,2,,,,,
1790036388.3828683,ATTITUDE,,,,,,,,,,,,,,,0.002314893761649728,0.002116021467372775,0.7730406522750854,,
1790036388.3843465,RAW_IMU,,,,,,,,,0,0,-1000,1,3,2,,,,,
1790036388.404406,ATTITUDE,,,,,,,,,,,,,,,0.0023556449450552464,0.0021396405063569546,0.7730445265769958,,
1790036388.4049897,RAW_IMU,,,,,,,,,0,0,-1000,4,3,2,,,,,
1790036388.4226768,ATTITUDE,,,,,,,,,,,,,,,0.0023316028527915478,0.0021631650160998106,0.773051381111145,,
1790036388.423719,RAW_IMU,,,,,,,,,0,0,-1000,1,3,2,,,,,
1790036388.441432,GLOBAL_POSITION_INT,-35.3611309,149.1678505,591.21,10.001,-0.02,0.0,0.0,44.29,,,,,,,,,,,
1790036388.442639,GPS_RAW_INT,,,,,,,,,,,,,,,,,,6,10
1790036388.4440343,ATTITUDE,,,,,,,,,,,,,,,0.0023855799809098244,0.0021857020910829306,0.7730631828308105,,
1790036388.4451792,RAW_IMU,,,,,,,,,0,0,-1000,5,3,2,,,,,
1790036388.4636285,ATTITUDE,,,,,,,,,,,,,,,0.0023673532996326685,0.0022087814286351204,0.7730787992477417,,
1790036388.4649682,RAW_IMU,,,,,,,,,0,0,-1000,1,3,2,,,,,
1790036388.484668,ATTITUDE,,,,,,,,,,,,,,,0.0024093168321996927,0.0022272879723459482,0.7730931639671326,,
1790036388.4855936,RAW_IMU,,,,,,,,,0,0,-1000,4,3,2,,,,,
1790036388.5052843,ATTITUDE,,,,,,,,,,,,,,,0.0023831967264413834,0.002233967650681734,0.7731096744537354,,
1790036388.5066128,RAW_IMU,,,,,,,,,0,0,-1001,1,2,2,,,,,
1790036388.5250793,ATTITUDE,,,,,,,,,,,,,,,0.002420114353299141,0.002231825375929475,0.7731252312660217,,
1790036388.5263467,RAW_IMU,,,,,,,,,0,0,-1001,4,3,2,,,,,
1790036388.5385358,GLOBAL_POSITION_INT,-35.3611309,149.1678505,591.21,10.001,-0.02,0.0,0.0,44.29,,,,,,,,,,,
1790036388.5392911,GPS_RAW_INT,,,,,,,,,,,,,,,,,,6,10
1790036388.5446138,ATTITUDE,,,,,,,,,,,,,,,0.002377039287239313,0.0022310565691441298,0.7731417417526245,,
1790036388.5463116,RAW_IMU,,,,,,,,,0,0,-1001,0,2,2,,,,,
1790036388.5698078,ATTITUDE,,,,,,,,,,,,,,,0.0023965330328792334,0.00224646320566535,0.7731553316116333,,
1790036388.5703542,RAW_IMU,,,,,,,,,0,0,-1001,3,3,2,,,,,
1790036388.582107,ATTITUDE,,,,,,,,,,,,,,,0.002419986529275775,0.0022466324735432863,0.7731640934944153,,
1790036388.5836365,RAW_IMU,,,,,,,,,0,0,-1000,4,2,2,,,,,
1790036388.6027107,ATTITUDE,,,,,,,,,,,,,,,0.002443344332277775,0.0022593943867832422,0.7731702923774719,,
1790036388.6041656,RAW_IMU,,,,,,,,,0,0,-1000,3,3,2,,,,,
1790036388.6232066,ATTITUDE,,,,,,,,,,,,,,,0.0024661703500896692,0.002261466346681118,0.7731744647026062,,
1790036388.6245604,RAW_IMU,,,,,,,,,0,0,-1000,3,2,2,,,,,
1790036388.662722,GLOBAL_POSITION_INT,-35.3611309,149.1678505,591.21,10.001,-0.02,0.0,0.0,44.29,,,,,,,,,,,
1790036388.6652021,GPS_RAW_INT,,,,,,,,,,,,,,,,,,6,10
1790036388.6663582,ATTITUDE,,,,,,,,,,,,,,,0.0024909996427595615,0.0022731435019522905,0.7731784582138062,,
1790036388.6676679,RAW_IMU,,,,,,,,,0,0,-1000,3,3,2,,,,,
1790036388.669211,ATTITUDE,,,,,,,,,,,,,,,0.002512939739972353,0.0022913911379873753,0.7731785178184509,,
1790036388.6712875,RAW_IMU,,,,,,,,,0,0,-1000,3,2,2,,,,,
1790036388.6868422,ATTITUDE,,,,,,,,,,,,,,,0.002533607417717576,0.0023098643869161606,0.7731727957725525,,
1790036388.6876636,RAW_IMU,,,,,,,,,0,0,-1000,3,4,1,,,,,
1790036388.7072186,ATTITUDE,,,,,,,,,,,,,,,0.0025506336241960526,0.002291679149493575,0.7731661796569824,,
1790036388.7086124,RAW_IMU,,,,,,,,,0,0,-1000,3,1,1,,,,,
1790036388.7290587,ATTITUDE,,,,,,,,,,,,,,,0.0025667506270110607,0.002304417546838522,0.7731572985649109,,
1790036388.7302253,RAW_IMU,,,,,,,,,0,0,-1000,3,3,1,,,,,
1790036388.743252,GLOBAL_POSITION_INT,-35.3611309,149.1678505,591.21,10.001,-0.02,0.0,0.0,44.29,,,,,,,,,,,
1790036388.7447066,GPS_RAW_INT,,,,,,,,,,,,,,,,,,6,10
1790036388.7495167,ATTITUDE,,,,,,,,,,,,,,,0.002583479741588235,0.002285062102600932,0.7731472253799438,,
1790036388.75125,RAW_IMU,,,,,,,,,0,0,-1000,3,1,1,,,,,
1790036388.769695,ATTITUDE,,,,,,,,,,,,,,,0.0025991243310272694,0.0023125929292291403,0.773137092590332,,
1790036388.7717214,RAW_IMU,,,,,,,,,0,0,-1000,3,4,1,,,,,
1790036388.7845051,ATTITUDE,,,,,,,,,,,,,,,0.002592586912214756,0.0022688196040689945,0.7731214165687561,,
1790036388.7861934,RAW_IMU,,,,,,,,,0,0,-1001,2,0,1,,,,,
1790036388.8055196,ATTITUDE,,,,,,,,,,,,,,,0.002629214199259877,0.0023124502040445805,0.7731062173843384,,
1790036388.8065956,RAW_IMU,,,,,,,,,0,0,-1001,4,4,1,,,,,
1790036388.825256,ATTITUDE,,,,,,,,,,,,,,,0.0026047592982649803,0.0022822243627160788,0.7730925679206848,,
1790036388.8261514,RAW_IMU,,,,,,,,,0,0,-1001,1,1,1,,,,,
1790036388.8445232,GLOBAL_POSITION_INT,-35.3611309,149.1678505,591.21,10.001,-0.02,0.0,0.0,44.29,,,,,,,,,,,
1790036388.8456438,GPS_RAW_INT,,,,,,,,,,,,,,,,,,6,10
1790036388.847795,ATTITUDE,,,,,,,,,,,,,,,0.0026430452708154917,0.0023279893212020397,0.7730814218521118,,
1790036388.8488667,RAW_IMU,,,,,,,,,0,0,-1001,4,4,1,,,,,
1790036388.8651698,ATTITUDE,,,,,,,,,,,,,,,0.0026091195177286863,0.0023004976101219654,0.7730730175971985,,
1790036388.8666055,RAW_IMU,,,,,,,,,0,0,-1001,1,1,1,,,,,
1790036388.8856294,ATTITUDE,,,,,,,,,,,,,,,0.0026611145585775375,0.002320515923202038,0.773064374923706,,
1790036388.8866148,RAW_IMU,,,,,,,,,0,0,-1001,4,3,1,,,,,
1790036388.9059508,ATTITUDE,,,,,,,,,,,,,,,0.002622004831209779,0.0023219678550958633,0.7730581760406494,,
1790036388.9075935,RAW_IMU,,,,,,,,,0,0,-1000,1,3,1,,,,,
1790036388.9263024,ATTITUDE,,,,,,,,,,,,,,,0.0026613331865519285,0.002325642155483365,0.7730556726455688,,
1790036388.9281006,RAW_IMU,,,,,,,,,0,0,-1001,4,2,1,,,,,
1790036388.9404533,GLOBAL_POSITION_INT,-35.3611309,149.1678505,591.21,10.001,-0.02,0.0,0.0,44.29,,,,,,,,,,,
1790036388.9421735,GPS_RAW_INT,,,,,,,,,,,,,,,,,,6,10
1790036388.9466898,ATTITUDE,,,,,,,,,,,,,,,0.0026407630648463964,0.002356270095333457,0.7730556726455688,,
1790036388.9486217,RAW_IMU,,,,,,,,,0,0,-1001,2,4,2,,,,,
1790036388.9673207,ATTITUDE,,,,,,,,,,,,,,,0.002650298411026597,0.002332699950784445,0.7730571627616882,,
1790036388.9693544,RAW_IMU,,,,,,,,,0,0,-1000,2,1,2,,,,,
1790036388.987156,ATTITUDE,,,,,,,,,,,,,,,0.0026301261968910694,0.002338798949494958,0.773057758808136,,
1790036388.9883144,RAW_IMU,,,,,,,,,0,0,-1000,2,2,2,,,,,
1790036389.0071545,ATTITUDE,,,,,,,,,,,,,,,0.0026406084652990103,0.0023521531838923693,0.7730629444122314,,
1790036389.0084364,RAW_IMU,,,,,,,,,0,0,-1000,2,3,2,,,,,
1790036389.0271487,ATTITUDE,,,,,,,,,,,,,,,0.0026176327373832464,0.002365548862144351,0.773071825504303,,
1790036389.0285273,RAW_IMU,,,,,,,,,0,0,-1000,2,3,2,,,,,
1790036389.0409653,GLOBAL_POSITION_INT,-35.3611309,149.1678505,591.21,10.001,-0.02,0.0,0.0,44.29,,,,,,,,,,,
1790036389.041657,GPS_RAW_INT,,,,,,,,,,,,,,,,,,6,10
1790036389.0472543,ATTITUDE,,,,,,,,,,,,,,,0.002614294644445181,0.0023805091623216867,0.7730836868286133,,
1790036389.0481105,RAW_IMU,,,,,,,,,0,0,-1000,1,3,2,,,,,
1790036389.0674858,ATTITUDE,,,,,,,,,,,,,,,0.002610869472846389,0.002386045642197132,0.7730991840362549,,
1790036389.0684557,RAW_IMU,,,,,,,,,0,0,-1001,2,3,2,,,,,
1790036389.088087,ATTITUDE,,,,,,,,,,,,,,,0.0025931422132998705,0.0024042523000389338,0.7731112837791443,,
1790036389.0900364,RAW_IMU,,,,,,,,,0,0,-1001,1,3,2,,,,,
1790036389.1084857,ATTITUDE,,,,,,,,,,,,,,,0.002602900378406048,0.002382563194260001,0.7731245160102844,,
1790036389.1104972,RAW_IMU,,,,,,,,,0,0,-1001,3,2,2,,,,,
1790036389.1291127,ATTITUDE,,,,,,,,,,,,,,,0.0025609880685806274,0.0024063412565737963,0.7731384038925171,,
1790036389.1302042,RAW_IMU,,,,,,,,,0,0,-1001,0,3,2,,,,,
1790036389.1585886,GLOBAL_POSITION_INT,-35.3611309,149.1678505,591.21,10.001,-0.02,0.0,0.0,44.29,,,,,,,,,,,
1790036389.160375,GPS_RAW_INT,,,,,,,,,,,,,,,,,,6,10
1790036389.1618757,ATTITUDE,,,,,,,,,,,,,,,0.0025830608792603016,0.0023829725105315447,0.7731516361236572,,
1790036389.1634243,RAW_IMU,,,,,,,,,0,0,-1001,3,2,2,,,,,
1790036389.1653187,ATTITUDE,,,,,,,,,,,,,,,0.002544472925364971,0.0023932086769491434,0.7731647491455078,,
1790036389.1672707,RAW_IMU,,,,,,,,,0,0,-1001,1,2,2,,,,,
1790036389.18475,ATTITUDE,,,,,,,,,,,,,,,0.002506731078028679,0.002385398605838418,0.7731696367263794,,
1790036389.186114,RAW_IMU,,,,,,,,,0,0,-1000,0,3,2,,,,,
1790036389.2106998,ATTITUDE,,,,,,,,,,,,,,,0.00246990192681551,0.002378123113885522,0.7731733918190002,,
1790036389.2112062,RAW_IMU,,,,,,,,,0,0,-1000,0,1,2,,,,,
1790036389.224468,ATTITUDE,,,,,,,,,,,,,,,0.0024358259979635477,0.002390205394476652,0.7731752991676331,,
1790036389.2260735,RAW_IMU,,,,,,,,,0,0,-1000,0,3,2,,,,,
1790036389.2442942,GLOBAL_POSITION_INT,-35.3611309,149.1678505,591.21,10.001,-0.02,0.0,0.0,44.29,,,,,,,,,,,
1790036389.245518,GPS_RAW_INT,,,,,,,,,,,,,,,,,,6,10
1790036389.2476618,ATTITUDE,,,,,,,,,,,,,,,0.0024055661633610725,0.0023696538992226124,0.7731739282608032,,
1790036389.248951,RAW_IMU,,,,,,,,,0,0,-1000,1,1,2,,,,,
1790036389.2653668,ATTITUDE,,,,,,,,,,,,,,,0.0024337167851626873,0.0024107624776661396,0.7731728553771973,,
1790036389.2666698,RAW_IMU,,,,,,,,,0,0,-1001,3,4,1,,,,,
1790036389.2867866,ATTITUDE,,,,,,,,,,,,,,,0.0023886668495833874,0.0023718285374343395,0.7731674313545227,,
1790036389.2877374,RAW_IMU,,,,,,,,,0,0,-1001,0,0,1,,,,,
1790036389.3076966,ATTITUDE,,,,,,,,,,,,,,,0.002410943852737546,0.002409696113318205,0.7731621861457825,,
1790036389.3095436,RAW_IMU,,,,,,,,,0,0,-1001,3,4,1,,,,,
1790036389.3278394,ATTITUDE,,,,,,,,,,,,,,,0.0023777701426297426,0.0023658298887312412,0.7731581926345825,,
1790036389.3291645,RAW_IMU,,,,,,,,,0,0,-1001,1,0,1,,,,,
1790036389.341806,GLOBAL_POSITION_INT,-35.3611309,149.1678505,591.21,10.001,-0.02,0.0,0.0,44.29,,,,,,,,,,,
1790036389.3426998,GPS_RAW_INT,,,,,,,,,,,,,,,,,,6,10
1790036389.347762,ATTITUDE,,,,,,,,,,,,,,,0.002382091246545315,0.0023981479462236166,0.7731544375419617,,
1790036389.3488097,RAW_IMU,,,,,,,,,0,0,-1000,2,4,1,,,,,
1790036389.3687236,ATTITUDE,,,,,,,,,,,,,,,0.0024068623315542936,0.002357094781473279,0.7731486558914185,,
1790036389.3695722,RAW_IMU,,,,,,,,,0,0,-1000,4,1,1,,,,,
1790036389.389422,ATTITUDE,,,,,,,,,,,,,,,0.0024289360735565424,0.0023903106339275837,0.7731390595436096,,
1790036389.3907418,RAW_IMU,,,,,,,,,0,0,-1000,3,3,1,,,,,
1790036389.414523,ATTITUDE,,,,,,,,,,,,,,,0.002451525069773197,0.0023611444048583508,0.7731282711029053,,
1790036389.4153528,RAW_IMU,,,,,,,,,0,0,-1000,3,1,1,,,,,
1790036389.4294624,ATTITUDE,,,,,,,,,,,,,,,0.002479217480868101,0.002397052478045225,0.7731148600578308,,
1790036389.4316137,RAW_IMU,,,,,,,,,0,0,-1000,3,3,1,,,,,
1790036389.4432545,GLOBAL_POSITION_INT,-35.3611309,149.1678505,591.21,10.001,-0.02,0.0,0.0,44.29,,,,,,,,,,,
1790036389.4456053,GPS_RAW_INT,,,,,,,,,,,,,,,,,,6,10
1790036389.449478,ATTITUDE,,,,,,,,,,,,,,,0.0024903954472392797,0.0023689442314207554,0.7731015086174011,,
1790036389.4520457,RAW_IMU,,,,,,,,,0,0,-1001,3,1,1,,,,,
1790036389.4649932,ATTITUDE,,,,,,,,,,,,,,,0.0025317519903182983,0.002408592263236642,0.7730912566184998,,
1790036389.4662626,RAW_IMU,,,,,,,,,0,0,-1001,4,4,1,,,,,
1790036389.4865103,ATTITUDE,,,,,,,,,,,,,,,0.002569186734035611,0.002394314156845212,0.7730786204338074,,
1790036389.4878306,RAW_IMU,,,,,,,,,0,0,-1001,5,2,1,,,,,
1790036389.5071557,ATTITUDE,,,,,,,,,,,,,,,0.0025724179577082396,0.002411680528894067,0.7730681896209717,,
1790036389.5092382,RAW_IMU,,,,,,,,,0,0,-1001,2,3,1,,,,,
1790036389.5273252,ATTITUDE,,,,,,,,,,,,,,,0.0026205808389931917,0.0024035396054387093,0.7730604410171509,,
1790036389.52886,RAW_IMU,,,,,,,,,0,0,-1001,5,2,1,,,,,
1790036389.5413835,GLOBAL_POSITION_INT,-35.3611309,149.1678505,591.21,10.001,-0.02,0.0,0.0,44.29,,,,,,,,,,,
1790036389.542331,GPS_RAW_INT,,,,,,,,,,,,,,,,,,6,10
1790036389.547113,ATTITUDE,,,,,,,,,,,,,,,0.0025953075382858515,0.0023978545796126127,0.7730541825294495,,
1790036389.5490284,RAW_IMU,,,,,,,,,0,0,-1001,1,2,1,,,,,
1790036389.5674844,ATTITUDE,,,,,,,,,,,,,,,0.0026430131401866674,0.0024157033767551184,0.7730494737625122,,
1790036389.5686963,RAW_IMU,,,,,,,,,0,0,-1001,4,4,1,,,,,
1790036389.5880456,ATTITUDE,,,,,,,,,,,,,,,0.002624854911118746,0.0024057780392467976,0.7730442881584167,,
1790036389.589248,RAW_IMU,,,,,,,,,0,0,-1001,1,2,2,,,,,
1790036389.6090894,ATTITUDE,,,,,,,,,,,,,,,0.002671735128387809,0.002432301640510559,0.7730432152748108,,
1790036389.610649,RAW_IMU,,,,,,,,,0,0,-1000,4,4,2,,,,,
1790036389.6248446,ATTITUDE,,,,,,,,,,,,,,,0.0026588742621243,0.0024595248978585005,0.7730441093444824,,
1790036389.6259186,RAW_IMU,,,,,,,,,0,0,-1000,2,4,2,,,,,
1790036389.6602366,GLOBAL_POSITION_INT,-35.3611309,149.1678505,591.21,10.001,-0.02,0.0,0.0,44.29,,,,,,,,,,,
1790036389.661656,GPS_RAW_INT,,,,,,,,,,,,,,,,,,6,10
1790036389.662643,ATTITUDE,,,,,,,,,,,,,,,0.0026965816505253315,0.002477225149050355,0.7730491161346436,,
1790036389.6633866,RAW_IMU,,,,,,,,,0,0,-1000,4,3,2,,,,,
1790036389.6665697,ATTITUDE,,,,,,,,,,,,,,,0.002599863102659583,0.0023747144732624292,0.7730556130409241,,
1790036389.6671443,RAW_IMU,,,,,,,,,0,0,-1001,-1,-1,2,,,,,
1790036389.6879618,ATTITUDE,,,,,,,,,,,,,,,0.0022734147496521473,0.001999055966734886,0.7730583548545837,,
1790036389.6899114,RAW_IMU,,,,,,,,,0,0,-1001,-12,-14,2,,,,,
1790036389.7079086,ATTITUDE,,,,,,,,,,,,,,,0.0015254052123054862,0.0011903427075594664,0.7730615735054016,,
1790036389.709148,RAW_IMU,,,,,,,,,0,0,-1001,-33,-36,2,,,,,
1790036389.7285602,ATTITUDE,,,,,,,,,,,,,,,0.0003577741445042193,-0.0002129251224687323,0.7730652689933777,,
1790036389.7297485,RAW_IMU,,,,,,,,,0,0,-1001,-54,-65,2,,,,,
1790036389.7423043,GLOBAL_POSITION_INT,-35.3611309,149.1678505,591.21,10.001,-0.01,0.0,0.0,44.29,,,,,,,,,,,
1790036389.7434034,GPS_RAW_INT,,,,,,,,,,,,,,,,,,6,10
1790036389.7485855,ATTITUDE,,,,,,,,,,,,,,,-0.0014023565454408526,-0.002254732884466648,0.7730730772018433,,
1790036389.7498024,RAW_IMU,,,,,,,,,0,0,-1001,-83,-97,2,,,,,
1790036389.7689657,ATTITUDE,,,,,,,,,,,,,,,-0.003768524155020714,-0.0049184998497366905,0.7730885148048401,,
1790036389.770756,RAW_IMU,,,,,,,,,0,0,-1001,-114,-128,2,,,,,
1790036389.789325,ATTITUDE,,,,,,,,,,,,,,,-0.006763768382370472,-0.008214046247303486,0.773110032081604,,
1790036389.7908921,RAW_IMU,,,,,,,,,0,0,-1001,-145,-160,2,,,,,
1790036389.809363,ATTITUDE,,,,,,,,,,,,,,,-0.01040154043585062,-0.012131275609135628,0.773150622844696,,
1790036389.8104084,RAW_IMU,,,,,,,,,0,0,-1001,-177,-191,2,,,,,
1790036389.8290915,ATTITUDE,,,,,,,,,,,,,,,-0.014745163731276989,-0.016699228435754776,0.7732182145118713,,
1790036389.8299685,RAW_IMU,,,,,,,,,0,0,-1001,-212,-224,2,,,,,
1790036389.8426511,GLOBAL_POSITION_INT,-35.3611309,149.1678505,591.21,10.001,0.0,0.0,0.0,44.3,,,,,,,,,,,
1790036389.84416,GPS_RAW_INT,,,,,,,,,,,,,,,,,,6,10
1790036389.8456511,ATTITUDE,,,,,,,,,,,,,,,-0.01929318532347679,-0.02143106237053871,0.7733127474784851,,
1790036389.8471975,RAW_IMU,,,,,,,,,0,0,-1001,-242,-252,2,,,,,
1790036389.8640227,ATTITUDE,,,,,,,,,,,,,,,-0.024907836690545082,-0.027199985459446907,0.7734606862068176,,
1790036389.8656375,RAW_IMU,,,,,,,,,0,0,-1001,-275,-284,3,,,,,
1790036389.8855155,ATTITUDE,,,,,,,,,,,,,,,-0.03118438832461834,-0.033522170037031174,0.7736600637435913,,
1790036389.8872964,RAW_IMU,,,,,,,,,0,0,-1002,-309,-312,3,,,,,
1790036389.9080215,ATTITUDE,,,,,,,,,,,,,,,-0.03799634799361229,-0.04039313271641731,0.7739289402961731,,
1790036389.9088008,RAW_IMU,,,,,,,,,0,0,-1002,-336,-339,3,,,,,
1790036389.92521,ATTITUDE,,,,,,,,,,,,,,,-0.04529128968715668,-0.04769665747880936,0.7742772698402405,,
1790036389.9268441,RAW_IMU,,,,,,,,,0,0,-1001,-359,-361,4,,,,,
1790036389.9390268,GLOBAL_POSITION_INT,-35.3611309,149.1678505,591.21,10.001,0.04,0.0,0.0,44.38,,,,,,,,,,,
1790036389.939934,GPS_RAW_INT,,,,,,,,,,,,,,,,,,6,10
1790036389.9452298,ATTITUDE,,,,,,,,,,,,,,,-0.053101588040590286,-0.05543496087193489,0.7747213840484619,,
1790036389.9462605,RAW_IMU,,,,,,,,,0,0,-1002,-385,-383,5,,,,,
1790036389.966565,ATTITUDE,,,,,,,,,,,,,,,-0.06126880645751953,-0.06348905712366104,0.775270938873291,,
1790036389.9682968,RAW_IMU,,,,,,,,,-1,0,-1003,-403,-400,6,,,,,
1790036389.987585,ATTITUDE,,,,,,,,,,,,,,,-0.0697963535785675,-0.07188920676708221,0.775939404964447,,
1790036389.9889724,RAW_IMU,,,,,,,,,-1,1,-1003,-420,-417,7,,,,,
1790036390.007514,ATTITUDE,,,,,,,,,,,,,,,-0.0786227211356163,-0.080568328499794,0.7767474055290222,,
1790036390.009031,RAW_IMU,,,,,,,,,-1,1,-1005,-435,-432,10,,,,,
1790036390.0273838,ATTITUDE,,,,,,,,,,,,,,,-0.08768199384212494,-0.08941161632537842,0.7777041792869568,,
1790036390.0292594,RAW_IMU,,,,,,,,,-2,1,-1006,-445,-441,12,,,,,
1790036390.0413291,GLOBAL_POSITION_INT,-35.3611308,149.1678505,591.21,10.001,0.15,0.0,0.0,44.6,,,,,,,,,,,
1790036390.0421772,GPS_RAW_INT,,,,,,,,,,,,,,,,,,6,10
1790036390.0474784,ATTITUDE,,,,,,,,,,,,,,,-0.09696368873119354,-0.0984940379858017,0.7788390517234802,,
1790036390.0491345,RAW_IMU,,,,,,,,,-2,2,-1007,-455,-454,16,,,,,
1790036390.0676386,ATTITUDE,,,,,,,,,,,,,,,-0.1064077690243721,-0.10768703371286392,0.7801652550697327,,
1790036390.0700192,RAW_IMU,,,,,,,,,-2,2,-1009,-462,-461,20,,,,,
1790036390.0876145,ATTITUDE,,,,,,,,,,,,,,,-0.11599788814783096,-0.11699308454990387,0.7817091345787048,,
1790036390.0890317,RAW_IMU,,,,,,,,,-3,3,-1010,-467,-467,26,,,,,
1790036390.1032028,ATTITUDE,,,,,,,,,,,,,,,-0.1257241815328598,-0.12639547884464264,0.7834933400154114,,
1790036390.1044436,RAW_IMU,,,,,,,,,-4,3,-1012,-472,-474,32,,,,,
1790036390.1244178,ATTITUDE,,,,,,,,,,,,,,,-0.13552488386631012,-0.13582541048526764,0.7855398654937744,,
1790036390.1262522,RAW_IMU,,,,,,,,,-4,4,-1015,-474,-478,40,,,,,
1790036390.1594453,GLOBAL_POSITION_INT,-35.3611306,149.1678505,591.21,10.001,0.31,0.0,0.0,45.1,,,,,,,,,,,
1790036390.1611936,GPS_RAW_INT,,,,,,,,,,,,,,,,,,6,10
1790036390.162041,ATTITUDE,,,,,,,,,,,,,,,-0.14538069069385529,-0.14525243639945984,0.7878487706184387,,
1790036390.163579,RAW_IMU,,,,,,,,,-5,5,-1016,-473,-480,48,,,,,
1790036390.1663609,ATTITUDE,,,,,,,,,,,,,,,-0.15522731840610504,-0.15455782413482666,0.7903745770454407,,
1790036390.1682386,RAW_IMU,,,,,,,,,-6,5,-1019,-471,-476,55,,,,,
1790036390.1870458,ATTITUDE,,,,,,,,,,,,,,,-0.16488267481327057,-0.16353540122509003,0.7930100560188293,,
1790036390.188264,RAW_IMU,,,,,,,,,-7,6,-1022,-460,-462,58,,,,,
1790036390.2076082,ATTITUDE,,,,,,,,,,,,,,,-0.17420709133148193,-0.17211571335792542,0.7956296801567078,,
1790036390.208952,RAW_IMU,,,,,,,,,-7,7,-1024,-443,-443,57,,,,,
1790036390.2228024,ATTITUDE,,,,,,,,,,,,,,,-0.1830630600452423,-0.18020394444465637,0.798073947429657,,
1790036390.2244363,RAW_IMU,,,,,,,,,-8,8,-1027,-420,-418,49,,,,,
1790036390.2425854,GLOBAL_POSITION_INT,-35.3611302,149.1678505,591.21,10.0,0.54,0.0,0.0,45.81,,,,,,,,,,,
1790036390.2431846,GPS_RAW_INT,,,,,,,,,,,,,,,,,,6,10
1790036390.2441232,ATTITUDE,,,,,,,,,,,,,,,-0.19132012128829956,-0.18771982192993164,0.8001689314842224,,
1790036390.2448328,RAW_IMU,,,,,,,,,-9,9,-1030,-392,-387,34,,,,,
1790036390.2656436,ATTITUDE,,,,,,,,,,,,,,,-0.1989116221666336,-0.19469960033893585,0.8017475605010986,,
1790036390.2673488,RAW_IMU,,,,,,,,,-10,10,-1033,-363,-356,11,,,,,
1790036390.2859688,ATTITUDE,,,,,,,,,,,,,,,-0.20574866235256195,-0.20113100111484528,0.802630603313446,,
1790036390.2872343,RAW_IMU,,,,,,,,,-11,11,-1036,-332,-323,-18,,,,,
1790036390.3070328,ATTITUDE,,,,,,,,,,,,,,,-0.2117692530155182,-0.20704278349876404,0.8026283979415894,,
1790036390.3087277,RAW_IMU,,,,,,,,,-12,12,-1039,-300,-288,-56,,,,,
1790036390.323558,ATTITUDE,,,,,,,,,,,,,,,-0.2169385850429535,-0.2125283181667328,0.8015850186347961,,
1790036390.324592,RAW_IMU,,,,,,,,,-13,13,-1041,-268,-256,-102,,,,,
1790036390.342457,GLOBAL_POSITION_INT,-35.3611296,149.1678505,591.21,10.0,0.81,0.0,0.0,45.83,,,,,,,,,,,
1790036390.343469,GPS_RAW_INT,,,,,,,,,,,,,,,,,,6,10
1790036390.34534,ATTITUDE,,,,,,,,,,,,,,,-0.22122567892074585,-0.21761566400527954,0.7993336319923401,,
1790036390.3476393,RAW_IMU,,,,,,,,,-14,14,-1044,-237,-223,-156,,,,,
1790036390.3636847,ATTITUDE,,,,,,,,,,,,,,,-0.22458416223526,-0.22239556908607483,0.7957298159599304,,
1790036390.3649771,RAW_IMU,,,,,,,,,-16,15,-1046,-206,-193,-218,,,,,
1790036390.3844006,ATTITUDE,,,,,,,,,,,,,,,-0.22700235247612,-0.22694991528987885,0.790645956993103,,
1790036390.385475,RAW_IMU,,,,,,,,,-17,16,-1047,-176,-165,-286,,,,,
1790036390.4068642,ATTITUDE,,,,,,,,,,,,,,,-0.22847934067249298,-0.23133637011051178,0.7839806079864502,,
1790036390.408615,RAW_IMU,,,,,,,,,-18,17,-1049,-148,-139,-359,,,,,
1790036390.427333,ATTITUDE,,,,,,,,,,,,,,,-0.2290365993976593,-0.23564133048057556,0.7756854891777039,,
1790036390.428842,RAW_IMU,,,,,,,,,-20,18,-1050,-122,-116,-435,,,,,
1790036390.4422514,GLOBAL_POSITION_INT,-35.3611287,149.1678505,591.2,9.999,1.12,0.0,0.0,44.02,,,,,,,,,,,
1790036390.4435751,GPS_RAW_INT,,,,,,,,,,,,,,,,,,6,10
1790036390.4448469,ATTITUDE,,,,,,,,,,,,,,,-0.2286658138036728,-0.23988547921180725,0.7657394409179688,,
1790036390.4466412,RAW_IMU,,,,,,,,,-21,19,-1051,-97,-95,-512,,,,,
1790036390.4657087,ATTITUDE,,,,,,,,,,,,,,,-0.22744640707969666,-0.2441018670797348,0.7541602253913879,,
1790036390.4661922,RAW_IMU,,,,,,,,,-22,20,-1051,-76,-76,-589,,,,,
1790036390.4850528,ATTITUDE,,,,,,,,,,,,,,,-0.2254020720720291,-0.2482779324054718,0.7409875988960266,,
1790036390.4872582,RAW_IMU,,,,,,,,,-24,21,-1051,-56,-58,-663,,,,,
1790036390.506744,ATTITUDE,,,,,,,,,,,,,,,-0.22261351346969604,-0.25246405601501465,0.7262236475944519,,
1790036390.5084183,RAW_IMU,,,,,,,,,-26,22,-1052,-40,-44,-734,,,,,
1790036390.527099,ATTITUDE,,,,,,,,,,,,,,,-0.21915291249752045,-0.2566458284854889,0.7099842429161072,,
1790036390.5282583,RAW_IMU,,,,,,,,,-28,22,-1052,-28,-32,-801,,,,,
1790036390.5414271,GLOBAL_POSITION_INT,-35.3611276,149.1678505,591.2,9.999,1.42,0.0,0.0,39.93,,,,,,,,,,,
1790036390.5426824,GPS_RAW_INT,,,,,,,,,,,,,,,,,,6,10
1790036390.543758,ATTITUDE,,,,,,,,,,,,,,,-0.21504002809524536,-0.2607978582382202,0.692412793636322,,
1790036390.5449789,RAW_IMU,,,,,,,,,-30,23,-1051,-16,-19,-863,,,,,
1790036390.5633702,ATTITUDE,,,,,,,,,,,,,,,-0.21033379435539246,-0.2649855315685272,0.6736268401145935,,
1790036390.5654554,RAW_IMU,,,,,,,,,-32,24,-1051,-5,-13,-920,,,,,
1790036390.5849793,ATTITUDE,,,,,,,,,,,,,,,-0.20505516231060028,-0.2691449224948883,0.6537198424339294,,
1790036390.5867865,RAW_IMU,,,,,,,,,-34,24,-1050,4,-5,-972,,,,,
1790036390.6064334,ATTITUDE,,,,,,,,,,,,,,,-0.19926628470420837,-0.27334001660346985,0.6328269243240356,,
1790036390.6078656,RAW_IMU,,,,,,,,,-36,25,-1049,13,-3,-1018,,,,,
1790036390.6267672,ATTITUDE,,,,,,,,,,,,,,,-0.19303344190120697,-0.2774939239025116,0.6110550761222839,,
1790036390.6287353,RAW_IMU,,,,,,,,,-38,25,-1048,19,0,-1059,,,,,
1790036390.6540658,GLOBAL_POSITION_INT,-35.3611262,149.1678505,591.2,9.999,1.72,-0.01,0.0,34.04,,,,,,,,,,,
1790036390.654897,GPS_RAW_INT,,,,,,,,,,,,,,,,,,6,10
1790036390.6557665,ATTITUDE,,,,,,,,,,,,,,,-0.18639717996120453,-0.2815321385860443,0.5884976983070374,,
1790036390.6566353,RAW_IMU,,,,,,,,,-40,25,-1047,24,6,-1094,,,,,
1790036390.6630125,ATTITUDE,,,,,,,,,,,,,,,-0.1794154942035675,-0.2854861617088318,0.565265417098999,,
1790036390.6638556,RAW_IMU,,,,,,,,,-43,25,-1047,27,9,-1125,,,,,
1790036390.6835968,ATTITUDE,,,,,,,,,,,,,,,-0.1721208244562149,-0.28930923342704773,0.5414266586303711,,
1790036390.6846986,RAW_IMU,,,,,,,,,-45,25,-1045,30,12,-1151,,,,,
1790036390.7031236,ATTITUDE,,,,,,,,,,,,,,,-0.16456566751003265,-0.2929719090461731,0.5169803500175476,,
1790036390.7038522,RAW_IMU,,,,,,,,,-48,24,-1044,31,15,-1173,,,,,
1790036390.7294228,ATTITUDE,,,,,,,,,,,,,,,-0.15579819679260254,-0.29691264033317566,0.4889184236526489,,
1790036390.7308774,RAW_IMU,,,,,,,,,-50,24,-1043,32,16,-1192,,,,,
1790036390.7428236,GLOBAL_POSITION_INT,-35.3611245,149.1678505,591.2,9.999,2.02,-0.01,0.0,26.92,,,,,,,,,,,
1790036390.743627,GPS_RAW_INT,,,,,,,,,,,,,,,,,,6,10
1790036390.7492356,ATTITUDE,,,,,,,,,,,,,,,-0.14783473312854767,-0.30025309324264526,0.4636205732822418,,
1790036390.7506857,RAW_IMU,,,,,,,,,-53,24,-1042,31,17,-1206,,,,,
1790036390.7699993,ATTITUDE,,,,,,,,,,,,,,,-0.13971853256225586,-0.30346643924713135,0.43806374073028564,,
1790036390.7718928,RAW_IMU,,,,,,,,,-55,23,-1041,31,15,-1217,,,,,
1790036390.785015,ATTITUDE,,,,,,,,,,,,,,,-0.13148115575313568,-0.3065260052680969,0.4122771620750427,,
1790036390.7862546,RAW_IMU,,,,,,,,,-58,22,-1040,30,14,-1225,,,,,
1790036390.8047972,ATTITUDE,,,,,,,,,,,,,,,-0.12314678728580475,-0.30945366621017456,0.38635140657424927,,
1790036390.8066356,RAW_IMU,,,,,,,,,-61,22,-1039,29,11,-1231,,,,,
1790036390.8254178,ATTITUDE,,,,,,,,,,,,,,,-0.11473558098077774,-0.31222277879714966,0.36034339666366577,,
1790036390.826177,RAW_IMU,,,,,,,,,-63,21,-1038,28,9,-1234,,,,,
1790036390.845137,GLOBAL_POSITION_INT,-35.3611225,149.1678505,591.21,10.0,2.29,-0.02,0.0,19.52,,,,,,,,,,,
1790036390.846348,GPS_RAW_INT,,,,,,,,,,,,,,,,,,6,10
1790036390.8487916,ATTITUDE,,,,,,,,,,,,,,,-0.10629715770483017,-0.31485381722450256,0.3343003988265991,,
1790036390.8507802,RAW_IMU,,,,,,,,,-66,20,-1037,25,6,-1235,,,,,
1790036390.867125,ATTITUDE,,,,,,,,,,,,,,,-0.09781616181135178,-0.31734445691108704,0.30825844407081604,,
1790036390.8682368,RAW_IMU,,,,,,,,,-68,19,-1036,24,3,-1234,,,,,
1790036390.8887377,ATTITUDE,,,,,,,,,,,,,,,-0.08929524570703506,-0.31969618797302246,0.28220003843307495,,
1790036390.8901236,RAW_IMU,,,,,,,,,-71,18,-1035,23,0,-1232,,,,,
1790036390.9092126,ATTITUDE,,,,,,,,,,,,,,,-0.08077000081539154,-0.3218936622142792,0.2561294436454773,,
1790036390.9108777,RAW_IMU,,,,,,,,,-74,16,-1034,21,-3,-1229,,,,,
1790036390.9295874,ATTITUDE,,,,,,,,,,,,,,,-0.07223817706108093,-0.3239542841911316,0.23014356195926666,,
1790036390.9310021,RAW_IMU,,,,,,,,,-76,15,-1033,20,-7,-1224,,,,,
1790036390.9438877,GLOBAL_POSITION_INT,-35.3611204,149.1678505,591.21,10.0,2.55,-0.02,0.0,12.07,,,,,,,,,,,
1790036390.945591,GPS_RAW_INT,,,,,,,,,,,,,,,,,,6,10
1790036390.949704,ATTITUDE,,,,,,,,,,,,,,,-0.0637156218290329,-0.32588741183280945,0.20433679223060608,,
1790036390.9510112,RAW_IMU,,,,,,,,,-79,14,-1032,20,-12,-1215,,,,,
1790036390.9700751,ATTITUDE,,,,,,,,,,,,,,,-0.05526622012257576,-0.32767239212989807,0.17879416048526764,,
1790036390.9713771,RAW_IMU,,,,,,,,,-81,12,-1031,18,-16,-1202,,,,,
1790036390.9900012,ATTITUDE,,,,,,,,,,,,,,,-0.04687787964940071,-0.329304039478302,0.15359151363372803,,
1790036390.9915452,RAW_IMU,,,,,,,,,-84,11,-1030,18,-19,-1184,,,,,
1790036391.0099256,ATTITUDE,,,,,,,,,,,,,,,-0.03864045441150665,-0.3308801054954529,0.12890546023845673,,
1790036391.0114124,RAW_IMU,,,,,,,,,-86,9,-1029,17,-26,-1160,,,,,
1790036391.024596,ATTITUDE,,,,,,,,,,,,,,,-0.03059171698987484,-0.3323341906070709,0.10488413274288177,,
1790036391.026603,RAW_IMU,,,,,,,,,-89,8,-1028,16,-31,-1129,,,,,
1790036391.0444324,GLOBAL_POSITION_INT,-35.361118,149.1678505,591.21,10.001,2.79,-0.02,0.0,5.0,,,,,,,,,,,
1790036391.0463407,GPS_RAW_INT,,,,,,,,,,,,,,,,,,6,10
1790036391.0478995,ATTITUDE,,,,,,,,,,,,,,,-0.02275167591869831,-0.3337125778198242,0.08167954534292221,,
1790036391.0499954,RAW_IMU,,,,,,,,,-91,6,-1028,17,-37,-1091,,,,,
1790036391.065628,ATTITUDE,,,,,,,,,,,,,,,-0.015200899913907051,-0.33498674631118774,0.05944482982158661,,
1790036391.0673728,RAW_IMU,,,,,,,,,-93,5,-1027,17,-41,-1046,,,,,
1790036391.0855782,ATTITUDE,,,,,,,,,,,,,,,-0.007985463365912437,-0.33616650104522705,0.038287967443466187,,
1790036391.087012,RAW_IMU,,,,,,,,,-95,4,-1026,17,-45,-993,,,,,
1790036391.1055074,ATTITUDE,,,,,,,,,,,,,,,-0.0011613421374931931,-0.3372614085674286,0.018391625955700874,,
1790036391.106922,RAW_IMU,,,,,,,,,-97,2,-1026,17,-48,-934,,,,,
1790036391.1243796,ATTITUDE,,,,,,,,,,,,,,,0.005211683921515942,-0.33829763531684875,-8.279252506326884e-05,,
1790036391.1251316,RAW_IMU,,,,,,,,,-99,1,-1025,17,-51,-867,,,,,
1790036391.1490602,GLOBAL_POSITION_INT,-35.3611155,149.1678505,591.21,10.002,3.04,-0.02,0.0,359.26,,,,,,,,,,,
1790036391.149757,GPS_RAW_INT,,,,,,,,,,,,,,,,,,6,10
1790036391.1503196,ATTITUDE,,,,,,,,,,,,,,,0.01110842451453209,-0.33931830525398254,-0.0170071329921484,,
1790036391.1509027,RAW_IMU,,,,,,,,,-101,0,-1025,18,-55,-794,,,,,
1790036391.1673977,ATTITUDE,,,,,,,,,,,,,,,0.016464777290821075,-0.3403414189815521,-0.0322924442589283,,
1790036391.1683636,RAW_IMU,,,,,,,,,-103,-1,-1025,17,-58,-717,,,,,
1790036391.1862693,ATTITUDE,,,,,,,,,,,,,,,0.021287279203534126,-0.3413848280906677,-0.045919742435216904,,
1790036391.187811,RAW_IMU,,,,,,,,,-105,-2,-1024,17,-61,-638,,,,,
1790036391.20681,ATTITUDE,,,,,,,,,,,,,,,0.025554601103067398,-0.3424292504787445,-0.05783628299832344,,
1790036391.20859,RAW_IMU,,,,,,,,,-107,-3,-1023,18,-62,-557,,,,,
1790036391.2262979,ATTITUDE,,,,,,,,,,,,,,,0.02925337851047516,-0.34354740381240845,-0.0680558905005455,,
1790036391.2272727,RAW_IMU,,,,,,,,,-109,-4,-1023,17,-66,-477,,,,,
1790036391.240154,GLOBAL_POSITION_INT,-35.3611126,149.1678504,591.21,10.002,3.27,-0.02,0.0,355.73,,,,,,,,,,,
1790036391.2415998,GPS_RAW_INT,,,,,,,,,,,,,,,,,,6,10
1790036391.2461207,ATTITUDE,,,,,,,,,,,,,,,0.032408688217401505,-0.3446909487247467,-0.07661844044923782,,
1790036391.2470565,RAW_IMU,,,,,,,,,-111,-4,-1023,17,-67,-399,,,,,
1790036391.26673,ATTITUDE,,,,,,,,,,,,,,,0.034993987530469894,-0.34590935707092285,-0.08358901739120483,,
1790036391.2684555,RAW_IMU,,,,,,,,,-113,-5,-1022,15,-68,-324,,,,,
1790036391.2877278,ATTITUDE,,,,,,,,,,,,,,,0.03707936406135559,-0.34724125266075134,-0.08907603472471237,,
1790036391.2890294,RAW_IMU,,,,,,,,,-115,-6,-1022,14,-73,-253,,,,,
1790036391.3074903,ATTITUDE,,,,,,,,,,,,,,,0.03867992386221886,-0.3486238718032837,-0.09314526617527008,,
1790036391.3085892,RAW_IMU,,,,,,,,,-117,-6,-1022,14,-73,-186,,,,,
1790036391.3274102,ATTITUDE,,,,,,,,,,,,,,,0.039823129773139954,-0.3500968813896179,-0.0958954393863678,,
1790036391.328484,RAW_IMU,,,,,,,,,-119,-7,-1021,13,-75,-124,,,,,
1790036391.3412442,GLOBAL_POSITION_INT,-35.3611096,149.1678504,591.21,10.003,3.51,-0.01,0.0,354.44,,,,,,,,,,,
1790036391.3428435,GPS_RAW_INT,,,,,,,,,,,,,,,,,,6,10
1790036391.3474746,ATTITUDE,,,,,,,,,,,,,,,0.0405258946120739,-0.35164645314216614,-0.09743080288171768,,
1790036391.3486357,RAW_IMU,,,,,,,,,-121,-7,-1021,12,-77,-67,,,,,
1790036391.3678534,ATTITUDE,,,,,,,,,,,,,,,0.04085427150130272,-0.35328009724617004,-0.09786532819271088,,
1790036391.3686938,RAW_IMU,,,,,,,,,-123,-7,-1020,12,-79,-15,,,,,
1790036391.3884284,ATTITUDE,,,,,,,,,,,,,,,0.04080292582511902,-0.35498231649398804,-0.09732324630022049,,
1790036391.390127,RAW_IMU,,,,,,,,,-125,-8,-1020,10,-81,31,,,,,
1790036391.4147923,ATTITUDE,,,,,,,,,,,,,,,0.04043165221810341,-0.3567517101764679,-0.09590169787406921,,
1790036391.4163568,RAW_IMU,,,,,,,,,-127,-7,-1020,9,-83,73,,,,,
1790036391.4298046,ATTITUDE,,,,,,,,,,,,,,,0.03975604847073555,-0.35844093561172485,-0.09370239824056625,,
1790036391.431727,RAW_IMU,,,,,,,,,-129,-7,-1019,8,-78,109,,,,,
1790036391.443933,GLOBAL_POSITION_INT,-35.3611064,149.1678504,591.21,10.003,3.74,0.0,0.0,354.76,,,,,,,,,,,
1790036391.4444492,GPS_RAW_INT,,,,,,,,,,,,,,,,,,6,10
1790036391.4501505,ATTITUDE,,,,,,,,,,,,,,,0.03880142793059349,-0.35983631014823914,-0.09082430601119995,,
1790036391.4507637,RAW_IMU,,,,,,,,,-132,-8,-1019,6,-63,139,,,,,
1790036391.4660807,ATTITUDE,,,,,,,,,,,,,,,0.037595994770526886,-0.3609231412410736,-0.08737486600875854,,
1790036391.467559,RAW_IMU,,,,,,,,,-134,-7,-1019,3,-46,166,,,,,
1790036391.4868317,ATTITUDE,,,,,,,,,,,,,,,0.03616022318601608,-0.361516535282135,-0.08345923572778702,,
1790036391.4891286,RAW_IMU,,,,,,,,,-136,-7,-1018,0,-22,187,,,,,
1790036391.5071511,ATTITUDE,,,,,,,,,,,,,,,0.0345185287296772,-0.36141666769981384,-0.07914741337299347,,
1790036391.5082788,RAW_IMU,,,,,,,,,-138,-7,-1018,-2,12,204,,,,,
1790036391.5269158,ATTITUDE,,,,,,,,,,,,,,,0.03271615505218506,-0.3606330454349518,-0.07453524321317673,,
1790036391.5280523,RAW_IMU,,,,,,,,,-141,-7,-1017,-5,47,217,,,,,
1790036391.540366,GLOBAL_POSITION_INT,-35.3611029,149.1678504,591.21,10.003,3.97,0.0,0.0,355.94,,,,,,,,,,,
1790036391.541903,GPS_RAW_INT,,,,,,,,,,,,,,,,,,6,10
1790036391.5467982,ATTITUDE,,,,,,,,,,,,,,,0.03079504892230034,-0.359145849943161,-0.06970766186714172,,
1790036391.5480669,RAW_IMU,,,,,,,,,-143,-6,-1017,-8,82,226,,,,,
1790036391.5664256,ATTITUDE,,,,,,,,,,,,,,,0.028771383687853813,-0.35694149136543274,-0.06474433094263077,,
1790036391.56735,RAW_IMU,,,,,,,,,-146,-6,-1016,-11,117,231,,,,,
1790036391.5873592,ATTITUDE,,,,,,,,,,,,,,,0.026683717966079712,-0.35407936573028564,-0.05971978232264519,,
1790036391.58856,RAW_IMU,,,,,,,,,-148,-6,-1015,-14,150,234,,,,,
1790036391.6073396,ATTITUDE,,,,,,,,,,,,,,,0.024613024666905403,-0.3505938947200775,-0.054695580154657364,,
1790036391.608754,RAW_IMU,,,,,,,,,-150,-5,-1014,-14,181,233,,,,,
1790036391.6273303,ATTITUDE,,,,,,,,,,,,,,,0.02255396358668804,-0.34655696153640747,-0.049730196595191956,,
1790036391.6294072,RAW_IMU,,,,,,,,,-153,-5,-1012,-15,208,231,,,,,
1790036391.6558383,GLOBAL_POSITION_INT,-35.3610993,149.1678504,591.21,10.004,4.17,0.0,0.0,357.36,,,,,,,,,,,
1790036391.6567624,GPS_RAW_INT,,,,,,,,,,,,,,,,,,6,10
1790036391.6580956,ATTITUDE,,,,,,,,,,,,,,,0.020544374361634254,-0.3420366942882538,-0.0448753796517849,,
1790036391.660192,RAW_IMU,,,,,,,,,-155,-5,-1011,-15,232,226,,,,,
1790036391.6687346,ATTITUDE,,,,,,,,,,,,,,,0.018607012927532196,-0.3371008336544037,-0.040170084685087204,,
1790036391.6704228,RAW_IMU,,,,,,,,,-157,-4,-1009,-16,252,219,,,,,
1790036391.689212,ATTITUDE,,,,,,,,,,,,,,,0.01676926761865616,-0.33182868361473083,-0.035644304007291794,,
1790036391.6901374,RAW_IMU,,,,,,,,,-159,-4,-1008,-15,269,211,,,,,
1790036391.7091136,ATTITUDE,,,,,,,,,,,,,,,0.015027971006929874,-0.3262772262096405,-0.03133363649249077,,
1790036391.7102175,RAW_IMU,,,,,,,,,-161,-4,-1006,-15,282,201,,,,,
1790036391.729125,ATTITUDE,,,,,,,,,,,,,,,0.01341979019343853,-0.32053160667419434,-0.02726028300821781,,
1790036391.7302434,RAW_IMU,,,,,,,,,-163,-3,-1004,-13,292,190,,,,,
1790036391.7426798,GLOBAL_POSITION_INT,-35.3610955,149.1678504,591.21,10.004,4.34,0.0,0.0,358.61,,,,,,,,,,,
1790036391.7436173,GPS_RAW_INT,,,,,,,,,,,,,,,,,,6,10
1790036391.7491815,ATTITUDE,,,,,,,,,,,,,,,0.011913135647773743,-0.3146378993988037,-0.023440584540367126,,
1790036391.7511208,RAW_IMU,,,,,,,,,-165,-3,-1002,-13,299,179,,,,,
1790036391.7692235,ATTITUDE,,,,,,,,,,,,,,,0.01053050346672535,-0.308695524930954,-0.019883310422301292,,
1790036391.7704058,RAW_IMU,,,,,,,,,-167,-2,-1000,-12,301,167,,,,,
1790036391.7891715,ATTITUDE,,,,,,,,,,,,,,,0.009274072013795376,-0.3026750385761261,-0.016591127961874008,,
1790036391.7906392,RAW_IMU,,,,,,,,,-169,-2,-998,-11,305,155,,,,,
1790036391.8053696,ATTITUDE,,,,,,,,,,,,,,,0.008130049332976341,-0.29675498604774475,-0.013573437929153442,,
1790036391.807305,RAW_IMU,,,,,,,,,-171,-2,-997,-10,300,142,,,,,
1790036391.8264792,ATTITUDE,,,,,,,,,,,,,,,0.007115204818546772,-0.2908738851547241,-0.010830068029463291,,
1790036391.8277082,RAW_IMU,,,,,,,,,-173,-2,-995,-9,297,130,,,,,
1790036391.8396175,GLOBAL_POSITION_INT,-35.3610915,149.1678504,591.21,10.005,4.47,0.01,0.0,359.49,,,,,,,,,,,
1790036391.840322,GPS_RAW_INT,,,,,,,,,,,,,,,,,,6,10
1790036391.8463438,ATTITUDE,,,,,,,,,,,,,,,0.006219498813152313,-0.2851094603538513,-0.008357238955795765,,
1790036391.8472407,RAW_IMU,,,,,,,,,-174,-1,-993,-7,292,118,,,,,
1790036391.866233,ATTITUDE,,,,,,,,,,,,,,,0.00543238315731287,-0.2795359790325165,-0.006147726904600859,,
1790036391.8681624,RAW_IMU,,,,,,,,,-176,-1,-992,-6,282,105,,,,,
1790036391.8876004,ATTITUDE,,,,,,,,,,,,,,,0.00475617591291666,-0.27411743998527527,-0.0041865999810397625,,
1790036391.8894618,RAW_IMU,,,,,,,,,-177,-1,-990,-4,274,94,,,,,
1790036391.9086435,ATTITUDE,,,,,,,,,,,,,,,0.0041620503179728985,-0.26890090107917786,-0.0024569923989474773,,
1790036391.9099393,RAW_IMU,,,,,,,,,-178,-1,-989,-4,264,82,,,,,
1790036391.927312,ATTITUDE,,,,,,,,,,,,,,,0.003694684011861682,-0.2643498182296753,-0.0010779529111459851,,
1790036391.9287355,RAW_IMU,,,,,,,,,-180,-1,-988,-3,252,72,,,,,
1790036391.9413314,GLOBAL_POSITION_INT,-35.3610875,149.1678504,591.21,10.005,4.57,0.01,0.0,0.0,,,,,,,,,,,
1790036391.9427676,GPS_RAW_INT,,,,,,,,,,,,,,,,,,6,10
1790036391.9474742,ATTITUDE,,,,,,,,,,,,,,,0.003293532645329833,-0.2596100866794586,0.00021399027900770307,,
1790036391.9493961,RAW_IMU,,,,,,,,,-181,0,-987,-1,240,62,,,,,
1790036391.967597,ATTITUDE,,,,,,,,,,,,,,,0.0029538862872868776,-0.25510433316230774,0.0012970049865543842,,
1790036391.9695199,RAW_IMU,,,,,,,,,-182,0,-986,-1,229,52,,,,,
1790036391.9877107,ATTITUDE,,,,,,,,,,,,,,,0.002670524176210165,-0.2508834898471832,0.002186128403991461,,
1790036391.989377,RAW_IMU,,,,,,,,,-183,0,-985,0,214,43,,,,,
1790036392.0080056,ATTITUDE,,,,,,,,,,,,,,,0.0024374830536544323,-0.24693487584590912,0.0028952970169484615,,
1790036392.0097322,RAW_IMU,,,,,,,,,-184,0,-985,0,201,34,,,,,
1790036392.027917,ATTITUDE,,,,,,,,,,,,,,,0.002248759614303708,-0.24322375655174255,0.0034386676270514727,,
1790036392.0290596,RAW_IMU,,,,,,,,,-185,0,-984,0,188,26,,,,,
1790036392.0419302,GLOBAL_POSITION_INT,-35.3610834,149.1678504,591.21,10.006,4.63,0.01,0.0,0.21,,,,,,,,,,,
1790036392.043154,GPS_RAW_INT,,,,,,,,,,,,,,,,,,6,10
1790036392.0478165,ATTITUDE,,,,,,,,,,,,,,,0.0021010469645261765,-0.23975643515586853,0.0038260698784142733,,
1790036392.0489929,RAW_IMU,,,,,,,,,-185,0,-983,0,177,19,,,,,
1790036392.0680678,ATTITUDE,,,,,,,,,,,,,,,0.001991481287404895,-0.23657144606113434,0.004074149299412966,,
1790036392.0694482,RAW_IMU,,,,,,,,,-186,0,-982,0,162,12,,,,,
1790036392.0833497,ATTITUDE,,,,,,,,,,,,,,,0.0018572296248748899,-0.2335890382528305,0.00419630017131567,,
1790036392.0844066,RAW_IMU,,,,,,,,,-187,0,-982,-2,152,7,,,,,
1790036392.1034832,ATTITUDE,,,,,,,,,,,,,,,0.0017520623514428735,-0.2308938205242157,0.004223523195832968,,
1790036392.104473,RAW_IMU,,,,,,,,,-188,0,-982,-2,139,1,,,,,
1790036392.1236725,ATTITUDE,,,,,,,,,,,,,,,0.0016722787404432893,-0.22843769192695618,0.0041554169729352,,
1790036392.12509,RAW_IMU,,,,,,,,,-188,0,-981,-2,126,-2,,,,,
1790036392.1546621,GLOBAL_POSITION_INT,-35.3610792,149.1678504,591.21,10.006,4.68,0.01,0.0,0.23,,,,,,,,,,,
1790036392.1563444,GPS_RAW_INT,,,,,,,,,,,,,,,,,,6,10
1790036392.157688,ATTITUDE,,,,,,,,,,,,,,,0.001604688004590571,-0.2261507511138916,0.003999003209173679,,
1790036392.1591876,RAW_IMU,,,,,,,,,-189,0,-981,-2,118,-7,,,,,
1790036392.163968,ATTITUDE,,,,,,,,,,,,,,,0.0015523381298407912,-0.2240799218416214,0.0037695742212235928,,
1790036392.1656399,RAW_IMU,,,,,,,,,-189,0,-981,-2,107,-10,,,,,
1790036392.1838412,ATTITUDE,,,,,,,,,,,,,,,0.001528946217149496,-0.22217486798763275,0.00347340595908463,,
1790036392.1862435,RAW_IMU,,,,,,,,,-190,0,-980,-2,98,-13,,,,,
1790036392.2046654,ATTITUDE,,,,,,,,,,,,,,,0.0015466207405552268,-0.2204410582780838,0.0031238803640007973,,
1790036392.205872,RAW_IMU,,,,,,,,,-190,0,-981,0,90,-16,,,,,
1790036392.224913,ATTITUDE,,,,,,,,,,,,,,,0.0015761067625135183,-0.21886643767356873,0.0027296566404402256,,
1790036392.2259707,RAW_IMU,,,,,,,,,-191,0,-980,0,82,-18,,,,,
1790036392.2389457,GLOBAL_POSITION_INT,-35.3610749,149.1678504,591.21,10.006,4.71,0.01,0.0,0.13,,,,,,,,,,,
1790036392.2400184,GPS_RAW_INT,,,,,,,,,,,,,,,,,,6,10
1790036392.2449484,ATTITUDE,,,,,,,,,,,,,,,0.0015815355582162738,-0.2174287736415863,0.0023012335877865553,,
1790036392.2465556,RAW_IMU,,,,,,,,,-191,0,-980,-1,75,-19,,,,,
1790036392.2646928,ATTITUDE,,,,,,,,,,,,,,,0.0015925033949315548,-0.2161431610584259,0.0018485207110643387,,
1790036392.2665665,RAW_IMU,,,,,,,,,-191,0,-980,-1,67,-20,,,,,
1790036392.284829,ATTITUDE,,,,,,,,,,,,,,,0.0016261506825685501,-0.2149694561958313,0.001370315090753138,,
1790036392.2867858,RAW_IMU,,,,,,,,,-192,-1,-980,-1,61,-21,,,,,
1790036392.3044524,ATTITUDE,,,,,,,,,,,,,,,0.0016827026847749949,-0.21395452320575714,0.0009002044680528343,,
1790036392.3057072,RAW_IMU,,,,,,,,,-192,-1,-980,0,55,-22,,,,,
1790036392.3247366,ATTITUDE,,,,,,,,,,,,,,,0.0017408806597813964,-0.21306189894676208,0.0004311947850510478,,
1790036392.3257704,RAW_IMU,,,,,,,,,-192,-1,-980,0,48,-22,,,,,
1790036392.33914,GLOBAL_POSITION_INT,-35.3610707,149.1678504,591.21,10.006,4.73,0.01,0.0,0.0,,,,,,,,,,,
1790036392.3401117,GPS_RAW_INT,,,,,,,,,,,,,,,,,,6,10
1790036392.3451521,ATTITUDE,,,,,,,,,,,,,,,0.0017695074202492833,-0.21226420998573303,-3.807470420724712e-05,,
1790036392.3466232,RAW_IMU,,,,,,,,,-193,-1,-980,0,44,-22,,,,,
1790036392.3659728,ATTITUDE,,,,,,,,,,,,,,,0.0017764433287084103,-0.21160434186458588,-0.0004981464589945972,,
1790036392.3676631,RAW_IMU,,,,,,,,,-193,-1,-980,-2,36,-21,,,,,
1790036392.3865674,ATTITUDE,,,,,,,,,,,,,,,0.0017839412903413177,-0.210978701710701,-0.0009505266207270324,,
1790036392.3878603,RAW_IMU,,,,,,,,,-193,-1,-980,-1,34,-21,,,,,
1790036392.4084628,ATTITUDE,,,,,,,,,,,,,,,0.001798373181372881,-0.21047106385231018,-0.0013898112811148167,,
1790036392.4098718,RAW_IMU,,,,,,,,,-193,-1,-979,-1,29,-20,,,,,
1790036392.4245243,ATTITUDE,,,,,,,,,,,,,,,0.0018631457351148129,-0.21003150939941406,-0.0018148921662941575,,
1790036392.4263074,RAW_IMU,,,,,,,,,-194,-1,-981,1,25,-19,,,,,
1790036392.438683,GLOBAL_POSITION_INT,-35.3610664,149.1678504,591.21,10.005,4.75,0.01,0.0,359.88,,,,,,,,,,,
1790036392.4401164,GPS_RAW_INT,,,,,,,,,,,,,,,,,,6,10
1790036392.4464602,ATTITUDE,,,,,,,,,,,,,,,0.0019251116318628192,-0.20966970920562744,-0.0022186508867889643,,
1790036392.4480543,RAW_IMU,,,,,,,,,-194,-1,-981,1,22,-18,,,,,
1790036392.466399,ATTITUDE,,,,,,,,,,,,,,,0.001984101952984929,-0.20939521491527557,-0.0026036181952804327,,
1790036392.4679286,RAW_IMU,,,,,,,,,-194,-1,-980,1,16,-17,,,,,
1790036392.4895816,ATTITUDE,,,,,,,,,,,,,,,0.002038245787844062,-0.20913435518741608,-0.002972167916595936,,
1790036392.4907658,RAW_IMU,,,,,,,,,-194,-1,-980,1,16,-16,,,,,
1790036392.5077696,ATTITUDE,,,,,,,,,,,,,,,0.002068782225251198,-0.2089863419532776,-0.0032980337273329496,,
1790036392.5093994,RAW_IMU,,,,,,,,,-195,-1,-980,0,11,-15,,,,,
1790036392.527826,ATTITUDE,,,,,,,,,,,,,,,0.0020782980136573315,-0.20886699855327606,-0.0035936476197093725,,
1790036392.5286968,RAW_IMU,,,,,,,,,-195,-1,-981,0,9,-13,,,,,
1790036392.541628,GLOBAL_POSITION_INT,-35.361062,149.1678504,591.21,10.004,4.77,0.01,0.0,359.79,,,,,,,,,,,
1790036392.5428748,GPS_RAW_INT,,,,,,,,,,,,,,,,,,6,10
1790036392.547829,ATTITUDE,,,,,,,,,,,,,,,0.0020961069967597723,-0.20878086984157562,-0.003864357713609934,,
1790036392.5487194,RAW_IMU,,,,,,,,,-195,-1,-981,0,8,-12,,,,,
1790036392.5626347,ATTITUDE,,,,,,,,,,,,,,,0.002060197526589036,-0.2087617665529251,-0.004108907654881477,,
1790036392.563683,RAW_IMU,,,,,,,,,-195,-1,-981,-2,4,-11,,,,,
1790036392.5838053,ATTITUDE,,,,,,,,,,,,,,,0.0020803133957087994,-0.20875176787376404,-0.004335769452154636,,
1790036392.5857937,RAW_IMU,,,,,,,,,-195,-1,-982,0,4,-10,,,,,
1790036392.605084,ATTITUDE,,,,,,,,,,,,,,,0.0020953314378857613,-0.20882901549339294,-0.004536675289273262,,
1790036392.606943,RAW_IMU,,,,,,,,,-196,-1,-981,1,0,-8,,,,,
1790036392.62544,ATTITUDE,,,,,,,,,,,,,,,0.0021077629644423723,-0.20891226828098297,-0.004714597016572952,,
1790036392.626891,RAW_IMU,,,,,,,,,-196,-1,-982,1,0,-7,,,,,
1790036392.655823,GLOBAL_POSITION_INT,-35.3610577,149.1678504,591.21,10.003,4.79,0.01,0.0,359.73,,,,,,,,,,,
1790036392.6574705,GPS_RAW_INT,,,,,,,,,,,,,,,,,,6,10
1790036392.658341,ATTITUDE,,,,,,,,,,,,,,,0.002116013551130891,-0.20904019474983215,-0.004871532320976257,,
1790036392.659387,RAW_IMU,,,,,,,,,-196,-1,-981,1,-2,-6,,,,,
1790036392.666521,ATTITUDE,,,,,,,,,,,,,,,0.0021218592301011086,-0.20919911563396454,-0.005007639527320862,,
1790036392.6676908,RAW_IMU,,,,,,,,,-196,-1,-982,1,-4,-5,,,,,
1790036392.687747,ATTITUDE,,,,,,,,,,,,,,,0.0021256604231894016,-0.20934966206550598,-0.00513278366997838,,
1790036392.689102,RAW_IMU,,,,,,,,,-196,-1,-982,1,-4,-4,,,,,
1790036392.7075968,ATTITUDE,,,,,,,,,,,,,,,0.0021244001109153032,-0.20955906808376312,-0.0052167316898703575,,
1790036392.708861,RAW_IMU,,,,,,,,,-196,-2,-981,1,-6,-3,,,,,
1790036392.7277734,ATTITUDE,,,,,,,,,,,,,,,0.0021181993652135134,-0.20976948738098145,-0.005274324212223291,,
1790036392.728818,RAW_IMU,,,,,,,,,-197,-1,-981,1,-6,-2,,,,,
1790036392.7416468,GLOBAL_POSITION_INT,-35.3610533,149.1678505,591.21,10.002,4.8,0.01,0.0,359.7,,,,,,,,,,,
1790036392.7429001,GPS_RAW_INT,,,,,,,,,,,,,,,,,,6,10
1790036392.7439737,ATTITUDE,,,,,,,,,,,,,,,0.0021093026734888554,-0.20996950566768646,-0.005314923822879791,,
1790036392.745193,RAW_IMU,,,,,,,,,-197,-1,-982,1,-5,-1,,,,,
1790036392.763388,ATTITUDE,,,,,,,,,,,,,,,0.0020984774455428123,-0.2101643681526184,-0.005339364986866713,,
1790036392.765284,RAW_IMU,,,,,,,,,-197,-1,-982,1,-5,0,,,,,
1790036392.7847152,ATTITUDE,,,,,,,,,,,,,,,0.002085888059809804,-0.21039925515651703,-0.005353579297661781,,
1790036392.7858796,RAW_IMU,,,,,,,,,-197,-1,-981,1,-7,0,,,,,
1790036392.8097017,ATTITUDE,,,,,,,,,,,,,,,0.002069866983219981,-0.21066151559352875,-0.005349352024495602,,
1790036392.8106954,RAW_IMU,,,,,,,,,-197,-2,-981,1,-7,1,,,,,
1790036392.8299727,ATTITUDE,,,,,,,,,,,,,,,0.0020535483490675688,-0.2109294831752777,-0.005335028283298016,,
1790036392.831645,RAW_IMU,,,,,,,,,-198,-2,-982,1,-9,1,,,,,
1790036392.843094,GLOBAL_POSITION_INT,-35.3610488,149.1678505,591.21,10.001,4.82,0.0,0.0,359.7,,,,,,,,,,,
1790036392.8454702,GPS_RAW_INT,,,,,,,,,,,,,,,,,,6,10
1790036392.8488014,ATTITUDE,,,,,,,,,,,,,,,0.0020375207532197237,-0.21115387976169586,-0.005313584581017494,,
1790036392.8501632,RAW_IMU,,,,,,,,,-198,-1,-982,1,-7,2,,,,,
1790036392.8701408,ATTITUDE,,,,,,,,,,,,,,,0.002001255052164197,-0.21144463121891022,-0.005286340601742268,,
1790036392.8716927,RAW_IMU,,,,,,,,,-198,-1,-982,1,-10,2,,,,,
1790036392.887073,ATTITUDE,,,,,,,,,,,,,,,0.0019487353274598718,-0.21172115206718445,-0.005257998593151569,,
1790036392.8882651,RAW_IMU,,,,,,,,,-198,-1,-983,0,-10,3,,,,,
1790036392.9160945,ATTITUDE,,,,,,,,,,,,,,,0.0018658010521903634,-0.2120039314031601,-0.005205092485994101,,
1790036392.917983,RAW_IMU,,,,,,,,,-198,-2,-982,0,-10,3,,,,,
1790036392.9305074,ATTITUDE,,,,,,,,,,,,,,,0.0017398048657923937,-0.2122741937637329,-0.005143950693309307,,
1790036392.9325328,RAW_IMU,,,,,,,,,-198,-1,-982,-3,-9,3,,,,,
1790036392.9441073,GLOBAL_POSITION_INT,-35.3610444,149.1678505,591.21,10.0,4.84,0.0,0.0,359.71,,,,,,,,,,,
1790036392.945151,GPS_RAW_INT,,,,,,,,,,,,,,,,,,6,10
1790036392.9504375,ATTITUDE,,,,,,,,,,,,,,,0.0016174835618585348,-0.21253366768360138,-0.005078393500298262,,
1790036392.9517086,RAW_IMU,,,,,,,,,-199,-1,-982,-3,-8,3,,,,,
1790036392.9705884,ATTITUDE,,,,,,,,,,,,,,,0.001489795744419098,-0.2127794474363327,-0.005009317304939032,,
1790036392.9728167,RAW_IMU,,,,,,,,,-199,-1,-982,-2,-8,4,,,,,
1790036392.9859457,ATTITUDE,,,,,,,,,,,,,,,0.0013637669617310166,-0.2130151391029358,-0.004940979648381472,,
1790036392.987298,RAW_IMU,,,,,,,,,-199,-2,-982,-3,-7,4,,,,,
1790036393.0059962,ATTITUDE,,,,,,,,,,,,,,,0.0012202456127852201,-0.21323895454406738,-0.004869024734944105,,
1790036393.0074582,RAW_IMU,,,,,,,,,-199,-2,-981,-3,-7,4,,,,,
1790036393.0262578,ATTITUDE,,,,,,,,,,,,,,,0.001099455519579351,-0.21345943212509155,-0.004797750618308783,,
1790036393.0277774,RAW_IMU,,,,,,,,,-199,-2,-982,-3,-7,4,,,,,
1790036393.045198,GLOBAL_POSITION_INT,-35.36104,149.1678505,591.2,9.999,4.86,0.0,0.0,359.73,,,,,,,,,,,
1790036393.0470772,GPS_RAW_INT,,,,,,,,,,,,,,,,,,6,10
1790036393.0484884,ATTITUDE,,,,,,,,,,,,,,,0.0009838197147473693,-0.21367481350898743,-0.0047279600985348225,,
1790036393.0498018,RAW_IMU,,,,,,,,,-199,-1,-982,-2,-7,4,,,,,
1790036393.0658827,ATTITUDE,,,,,,,,,,,,,,,0.0008765985257923603,-0.213880717754364,-0.00466262549161911,,
1790036393.067085,RAW_IMU,,,,,,,,,-200,-1,-982,-2,-6,4,,,,,
1790036393.0862813,ATTITUDE,,,,,,,,,,,,,,,0.0007911989814601839,-0.2141394317150116,-0.0046069202944636345,,
1790036393.0874765,RAW_IMU,,,,,,,,,-200,-1,-982,0,-9,4,,,,,
1790036393.1069398,ATTITUDE,,,,,,,,,,,,,,,0.0006922713364474475,-0.21439380943775177,-0.004539035260677338,,
1790036393.1081812,RAW_IMU,,,,,,,,,-200,-1,-983,-2,-8,4,,,,,
1790036393.1284015,ATTITUDE,,,,,,,,,,,,,,,0.0006285739946179092,-0.2146388441324234,-0.004475884605199099,,
1790036393.1317084,RAW_IMU,,,,,,,,,-200,-2,-982,0,-8,3,,,,,
1790036393.1621284,GLOBAL_POSITION_INT,-35.3610355,149.1678505,591.2,9.999,4.88,0.0,0.0,359.75,,,,,,,,,,,
1790036393.165159,GPS_RAW_INT,,,,,,,,,,,,,,,,,,6,10
1790036393.1663241,ATTITUDE,,,,,,,,,,,,,,,0.0005419609369710088,-0.21487081050872803,-0.004418128170073032,,
1790036393.1674929,RAW_IMU,,,,,,,,,-200,-1,-982,-1,-7,3,,,,,
1790036393.1687744,ATTITUDE,,,,,,,,,,,,,,,0.0004992365720681846,-0.21509329974651337,-0.004367298446595669,,
1790036393.1707182,RAW_IMU,,,,,,,,,-200,-2,-982,1,-7,3,,,,,
1790036393.1862266,ATTITUDE,,,,,,,,,,,,,,,0.000410224252846092,-0.21530529856681824,-0.0043256101198494434,,
1790036393.1871212,RAW_IMU,,,,,,,,,-201,-1,-982,-1,-6,3,,,,,
1790036393.206544,ATTITUDE,,,,,,,,,,,,,,,0.0004003577632829547,-0.21550682187080383,-0.004290815908461809,,
1790036393.2075262,RAW_IMU,,,,,,,,,-201,-1,-982,2,-6,2,,,,,
1790036393.2259607,ATTITUDE,,,,,,,,,,,,,,,0.00031612394377589226,-0.21569709479808807,-0.004259726032614708,,
1790036393.2268429,RAW_IMU,,,,,,,,,-201,-1,-982,-1,-5,2,,,,,
1790036393.2451553,GLOBAL_POSITION_INT,-35.3610311,149.1678506,591.2,9.998,4.9,0.0,0.0,359.76,,,,,,,,,,,
1790036393.2460847,GPS_RAW_INT,,,,,,,,,,,,,,,,,,6,10
1790036393.2488527,ATTITUDE,,,,,,,,,,,,,,,0.00032637082040309906,-0.21587499976158142,-0.004236950539052486,,
1790036393.2500393,RAW_IMU,,,,,,,,,-201,-1,-982,2,-5,2,,,,,
1790036393.2667212,ATTITUDE,,,,,,,,,,,,,,,0.00025166248087771237,-0.21604353189468384,-0.0042163534089922905,,
1790036393.267544,RAW_IMU,,,,,,,,,-201,-1,-982,0,-5,2,,,,,
1790036393.2876098,ATTITUDE,,,,,,,,,,,,,,,0.0002539374982006848,-0.21620194613933563,-0.004208493512123823,,
1790036393.2888868,RAW_IMU,,,,,,,,,-201,-1,-982,1,-4,2,,,,,
1790036393.3085012,ATTITUDE,,,,,,,,,,,,,,,0.00020464835688471794,-0.21637049317359924,-0.0041855452582240105,,
1790036393.3109243,RAW_IMU,,,,,,,,,-202,-1,-982,1,-4,2,,,,,
1790036393.3291686,ATTITUDE,,,,,,,,,,,,,,,0.00017811745055951178,-0.2165347784757614,-0.004167339764535427,,
1790036393.3300815,RAW_IMU,,,,,,,,,-202,-1,-982,0,-4,1,,,,,
1790036393.343527,GLOBAL_POSITION_INT,-35.3610266,149.1678506,591.2,9.997,4.91,0.0,0.0,359.77,,,,,,,,,,,
1790036393.344978,GPS_RAW_INT,,,,,,,,,,,,,,,,,,6,10
1790036393.3500822,ATTITUDE,,,,,,,,,,,,,,,0.00015196064487099648,-0.21669010818004608,-0.004153038375079632,,
1790036393.3514836,RAW_IMU,,,,,,,,,-202,-1,-982,1,-3,1,,,,,
1790036393.370758,ATTITUDE,,,,,,,,,,,,,,,0.00012978160521015525,-0.2168380171060562,-0.004142338410019875,,
1790036393.3727536,RAW_IMU,,,,,,,,,-202,-1,-982,0,-3,1,,,,,
1790036393.3903992,ATTITUDE,,,,,,,,,,,,,,,0.00010858707537408918,-0.21697762608528137,-0.004137498326599598,,
1790036393.3923216,RAW_IMU,,,,,,,,,-202,-2,-982,1,-3,1,,,,,
1790036393.415906,ATTITUDE,,,,,,,,,,,,,,,8.836710185278207e-05,-0.2170778065919876,-0.004133314359933138,,
1790036393.4170015,RAW_IMU,,,,,,,,,-203,-1,-981,0,-1,1,,,,,
1790036393.4283369,ATTITUDE,,,,,,,,,,,,,,,8.750595588935539e-05,-0.2171679586172104,-0.00413460424169898,,
1790036393.4299889,RAW_IMU,,,,,,,,,-203,-1,-982,2,0,1,,,,,
1790036393.4419737,GLOBAL_POSITION_INT,-35.3610221,149.1678506,591.2,9.997,4.93,0.0,0.0,359.77,,,,,,,,,,,
1790036393.4438117,GPS_RAW_INT,,,,,,,,,,,,,,,,,,6,10
1790036393.4474711,ATTITUDE,,,,,,,,,,,,,,,3.856515832012519e-05,-0.2172379195690155,-0.004138180986046791,,
1790036393.4499586,RAW_IMU,,,,,,,,,-203,-1,-981,0,0,1,,,,,
1790036393.4682288,ATTITUDE,,,,,,,,,,,,,,,6.418027624022216e-05,-0.21727973222732544,-0.004148286767303944,,
1790036393.469686,RAW_IMU,,,,,,,,,-203,-1,-981,3,1,0,,,,,
1790036393.489934,ATTITUDE,,,,,,,,,,,,,,,2.9139095204300247e-05,-0.21731798350811005,-0.004162325523793697,,
1790036393.4925694,RAW_IMU,,,,,,,,,-203,-1,-981,0,1,0,,,,,
1790036393.5098846,ATTITUDE,,,,,,,,,,,,,,,7.911686407169327e-05,-0.21732117235660553,-0.00416724756360054,,
1790036393.5118833,RAW_IMU,,,,,,,,,-203,-1,-981,4,3,0,,,,,
1790036393.530273,ATTITUDE,,,,,,,,,,,,,,,4.645649460144341e-05,-0.21730554103851318,-0.00417332025244832,,
1790036393.5316205,RAW_IMU,,,,,,,,,-204,-1,-981,1,5,0,,,,,
1790036393.5440547,GLOBAL_POSITION_INT,-35.3610176,149.1678506,591.2,9.997,4.95,0.0,0.0,359.77,,,,,,,,,,,
1790036393.5456882,GPS_RAW_INT,,,,,,,,,,,,,,,,,,6,10
1790036393.5474176,ATTITUDE,,,,,,,,,,,,,,,9.624322410672903e-05,-0.21722102165222168,-0.004182514268904924,,
1790036393.549456,RAW_IMU,,,,,,,,,-204,-1,-981,4,7,0,,,,,
1790036393.5657089,ATTITUDE,,,,,,,,,,,,,,,5.8834390074480325e-05,-0.2171303927898407,-0.004190023522824049,,
1790036393.5675871,RAW_IMU,,,,,,,,,-204,-1,-981,1,8,0,,,,,
1790036393.5860496,ATTITUDE,,,,,,,,,,,,,,,9.542100451653823e-05,-0.21699294447898865,-0.004203487653285265,,
1790036393.5881917,RAW_IMU,,,,,,,,,-204,-1,-981,3,10,0,,,,,
1790036393.60725,ATTITUDE,,,,,,,,,,,,,,,8.5359817603603e-05,-0.21684597432613373,-0.004212919156998396,,
1790036393.6089935,RAW_IMU,,,,,,,,,-204,-1,-981,2,11,0,,,,,
1790036393.627872,ATTITUDE,,,,,,,,,,,,,,,0.00010834488784894347,-0.21670041978359222,-0.004221913870424032,,
1790036393.6295714,RAW_IMU,,,,,,,,,-204,-1,-981,2,10,1,,,,,
1790036393.6552966,GLOBAL_POSITION_INT,-35.3610131,149.1678506,591.2,9.996,4.97,0.0,0.0,359.76,,,,,,,,,,,
1790036393.6556962,GPS_RAW_INT,,,,,,,,,,,,,,,,,,6,10
1790036393.6566885,ATTITUDE,,,,,,,,,,,,,,,0.00011349646956659853,-0.2165435254573822,-0.004230772610753775,,
1790036393.658272,RAW_IMU,,,,,,,,,-205,-1,-981,3,11,1,,,,,
1790036393.6697392,ATTITUDE,,,,,,,,,,,,,,,0.00013785877672489733,-0.21640585362911224,-0.004241507966071367,,
1790036393.6704688,RAW_IMU,,,,,,,,,-205,-1,-981,2,9,1,,,,,
1790036393.6855555,ATTITUDE,,,,,,,,,,,,,,,0.00015934718248900026,-0.21625883877277374,-0.004252455662935972,,
1790036393.686905,RAW_IMU,,,,,,,,,-205,-1,-981,3,10,1,,,,,
1790036393.7069948,ATTITUDE,,,,,,,,,,,,,,,0.00018192185962107033,-0.21617066860198975,-0.004256009124219418,,
1790036393.708588,RAW_IMU,,,,,,,,,-205,-1,-981,3,8,1,,,,,
1790036393.7267435,ATTITUDE,,,,,,,,,,,,,,,0.00020117488747928292,-0.2160390317440033,-0.004257443360984325,,
1790036393.7286363,RAW_IMU,,,,,,,,,-205,-2,-980,3,10,1,,,,,
1790036393.7403755,GLOBAL_POSITION_INT,-35.3610086,149.1678506,591.2,9.996,4.98,0.0,0.0,359.76,,,,,,,,,,,
1790036393.7418578,GPS_RAW_INT,,,,,,,,,,,,,,,,,,6,10
1790036393.7466226,ATTITUDE,,,,,,,,,,,,,,,0.000203168616280891,-0.21597060561180115,-0.004257210996001959,,
1790036393.7483861,RAW_IMU,,,,,,,,,-205,-1,-980,2,7,1,,,,,
1790036393.7678843,ATTITUDE,,,,,,,,,,,,,,,0.00023574542137794197,-0.21580620110034943,-0.004258803091943264,,
1790036393.769084,RAW_IMU,,,,,,,,,-206,-1,-980,4,11,1,,,,,
1790036393.7892168,ATTITUDE,,,,,,,,,,,,,,,0.00019537143816705793,-0.21571768820285797,-0.004258439410477877,,
1790036393.790325,RAW_IMU,,,,,,,,,-206,-1,-980,0,8,1,,,,,
1790036393.8097367,ATTITUDE,,,,,,,,,,,,,,,0.00022903694480191916,-0.21553553640842438,-0.004258965607732534,,
1790036393.8110871,RAW_IMU,,,,,,,,,-206,-1,-980,4,12,1,,,,,
1790036393.829738,ATTITUDE,,,,,,,,,,,,,,,0.00018781398830469698,-0.2153865396976471,-0.004255144391208887,,
1790036393.831898,RAW_IMU,,,,,,,,,-206,-1,-980,0,11,1,,,,,
1790036393.843056,GLOBAL_POSITION_INT,-35.361004,149.1678506,591.2,9.996,5.0,0.0,0.0,359.76,,,,,,,,,,,
1790036393.8444629,GPS_RAW_INT,,,,,,,,,,,,,,,,,,6,10
1790036393.8494751,ATTITUDE,,,,,,,,,,,,,,,0.00023011463053990155,-0.21519704163074493,-0.004254608880728483,,
1790036393.850938,RAW_IMU,,,,,,,,,-206,-1,-980,4,12,1,,,,,
1790036393.8698306,ATTITUDE,,,,,,,,,,,,,,,0.0002046703884843737,-0.215030238032341,-0.00425292132422328,,
1790036393.8714256,RAW_IMU,,,,,,,,,-206,-1,-980,1,11,1,,,,,
1790036393.8900287,ATTITUDE,,,,,,,,,,,,,,,0.00024305879196617752,-0.2148744910955429,-0.004253447987139225,,
1790036393.8914285,RAW_IMU,,,,,,,,,-206,-1,-980,3,10,1,,,,,
1790036393.91572,ATTITUDE,,,,,,,,,,,,,,,0.000234817955060862,-0.21473070979118347,-0.004248268436640501,,
1790036393.9168637,RAW_IMU,,,,,,,,,-206,-1,-979,2,11,1,,,,,
1790036393.925642,ATTITUDE,,,,,,,,,,,,,,,0.00025350379291921854,-0.21459229290485382,-0.0042414115741848946,,
1790036393.927113,RAW_IMU,,,,,,,,,-206,-1,-979,3,10,2,,,,,
1790036393.9452744,GLOBAL_POSITION_INT,-35.3609995,149.1678507,591.2,9.996,5.01,0.0,0.0,359.76,,,,,,,,,,,
1790036393.9471178,GPS_RAW_INT,,,,,,,,,,,,,,,,,,6,10
1790036393.9489274,ATTITUDE,,,,,,,,,,,,,,,0.0002902340784203261,-0.2144598811864853,-0.004235429689288139,,
1790036393.9504955,RAW_IMU,,,,,,,,,-207,-1,-979,4,10,2,,,,,
1790036393.967266,ATTITUDE,,,,,,,,,,,,,,,0.0003255423507653177,-0.21427670121192932,-0.004230394493788481,,
1790036393.9688995,RAW_IMU,,,,,,,,,-207,-1,-979,4,12,2,,,,,
1790036393.9875224,ATTITUDE,,,,,,,,,,,,,,,0.00035860989009961486,-0.21410955488681793,-0.004226917866617441,,
1790036393.989829,RAW_IMU,,,,,,,,,-207,-1,-979,4,12,2,,,,,
1790036394.0074468,ATTITUDE,,,,,,,,,,,,,,,0.0003883453318849206,-0.21392551064491272,-0.004225580953061581,,
1790036394.0087185,RAW_IMU,,,,,,,,,-207,-1,-979,4,13,1,,,,,
1790036394.027326,ATTITUDE,,,,,,,,,,,,,,,0.00041937525384128094,-0.2137276828289032,-0.004222920164465904,,
1790036394.0285177,RAW_IMU,,,,,,,,,-207,-1,-979,4,13,1,,,,,
1790036394.0409222,GLOBAL_POSITION_INT,-35.360995,149.1678507,591.2,9.997,5.02,-0.01,0.0,359.76,,,,,,,,,,,
1790036394.0421038,GPS_RAW_INT,,,,,,,,,,,,,,,,,,6,10
1790036394.0472004,ATTITUDE,,,,,,,,,,,,,,,0.0004492807202041149,-0.21353603899478912,-0.004219343885779381,,
1790036394.0485055,RAW_IMU,,,,,,,,,-207,-1,-979,3,12,2,,,,,
1790036394.068327,ATTITUDE,,,,,,,,,,,,,,,0.000477896595839411,-0.2133704125881195,-0.004216357599943876,,
1790036394.0696008,RAW_IMU,,,,,,,,,-207,-1,-979,3,11,2,,,,,
1790036394.083444,ATTITUDE,,,,,,,,,,,,,,,0.000505505595356226,-0.2132268249988556,-0.004214769694954157,,
1790036394.0842505,RAW_IMU,,,,,,,,,-207,-1,-979,3,10,2,,,,,
1790036394.103528,ATTITUDE,,,,,,,,,,,,,,,0.0005328899715095758,-0.2131066471338272,-0.004212628118693829,,
1790036394.1049025,RAW_IMU,,,,,,,,,-207,-1,-979,3,9,2,,,,,
1790036394.1239707,ATTITUDE,,,,,,,,,,,,,,,0.0005603301106020808,-0.21299254894256592,-0.004211828578263521,,
1790036394.1251884,RAW_IMU,,,,,,,,,-207,-1,-979,3,9,2,,,,,
1790036394.1572335,GLOBAL_POSITION_INT,-35.3609904,149.1678507,591.2,9.997,5.03,-0.01,0.0,359.76,,,,,,,,,,,
1790036394.1584554,GPS_RAW_INT,,,,,,,,,,,,,,,,,,6,10
1790036394.1599314,ATTITUDE,,,,,,,,,,,,,,,0.0005866706487722695,-0.21288207173347473,-0.004208398051559925,,
1790036394.1611478,RAW_IMU,,,,,,,,,-207,-1,-979,3,9,2,,,,,
1790036394.1655345,ATTITUDE,,,,,,,,,,,,,,,0.0006117635639384389,-0.2127743661403656,-0.004205415956676006,,
1790036394.1667202,RAW_IMU,,,,,,,,,-208,-1,-979,3,9,2,,,,,
1790036394.1860063,ATTITUDE,,,,,,,,,,,,,,,0.0006359128747135401,-0.21263788640499115,-0.004202683921903372,,
1790036394.1882029,RAW_IMU,,,,,,,,,-208,-1,-979,3,10,2,,,,,
1790036394.20592,ATTITUDE,,,,,,,,,,,,,,,0.0006589670083485544,-0.21250629425048828,-0.004200098104774952,,
1790036394.2074943,RAW_IMU,,,,,,,,,-208,-1,-979,3,10,2,,,,,
1790036394.2271984,ATTITUDE,,,,,,,,,,,,,,,0.0006805624580010772,-0.2123788595199585,-0.004196555353701115,,
1790036394.228724,RAW_IMU,,,,,,,,,-208,-1,-979,3,9,2,,,,,
1790036394.241027,GLOBAL_POSITION_INT,-35.3609858,149.1678507,591.2,9.997,5.04,-0.01,0.0,359.76,,,,,,,,,,,
1790036394.2422261,GPS_RAW_INT,,,,,,,,,,,,,,,,,,6,10
1790036394.24718,ATTITUDE,,,,,,,,,,,,,,,0.0007007537060417235,-0.21223051846027374,-0.004192474763840437,,
1790036394.2488177,RAW_IMU,,,,,,,,,-208,-1,-980,3,10,2,,,,,
1790036394.268068,ATTITUDE,,,,,,,,,,,,,,,0.0007205794681794941,-0.2120567262172699,-0.004188165534287691,,
1790036394.270341,RAW_IMU,,,,,,,,,-208,-1,-979,3,11,2,,,,,
1790036394.2838829,ATTITUDE,,,,,,,,,,,,,,,0.0007390854880213737,-0.21188776195049286,-0.00418468052521348,,
1790036394.2851548,RAW_IMU,,,,,,,,,-208,-1,-979,3,11,2,,,,,
1790036394.3036356,ATTITUDE,,,,,,,,,,,,,,,0.0007597350631840527,-0.21174302697181702,-0.00418544327840209,,
1790036394.304841,RAW_IMU,,,,,,,,,-208,-1,-979,3,11,2,,,,,
1790036394.3265004,ATTITUDE,,,,,,,,,,,,,,,0.000779602793045342,-0.21160565316677094,-0.004186700098216534,,
1790036394.3281045,RAW_IMU,,,,,,,,,-208,-1,-979,3,10,2,,,,,
1790036394.3385348,GLOBAL_POSITION_INT,-35.3609812,149.1678507,591.2,9.997,5.04,-0.01,0.0,359.77,,,,,,,,,,,
1790036394.3393404,GPS_RAW_INT,,,,,,,,,,,,,,,,,,6,10
1790036394.3446395,ATTITUDE,,,,,,,,,,,,,,,0.0007985499687492847,-0.21146295964717865,-0.004186654929071665,,
1790036394.3459074,RAW_IMU,,,,,,,,,-208,-1,-979,3,10,2,,,,,
1790036394.36573,ATTITUDE,,,,,,,,,,,,,,,0.0008161079604178667,-0.21125191450119019,-0.00418414082378149,,
1790036394.366957,RAW_IMU,,,,,,,,,-208,-1,-979,3,14,2,,,,,
1790036394.3862665,ATTITUDE,,,,,,,,,,,,,,,0.0008326773531734943,-0.21103781461715698,-0.0041818805038928986,,
1790036394.388482,RAW_IMU,,,,,,,,,-208,-1,-979,3,14,2,,,,,
1790036394.408858,ATTITUDE,,,,,,,,,,,,,,,0.000830784672871232,-0.21075789630413055,-0.0041772713884711266,,
1790036394.410699,RAW_IMU,,,,,,,,,-208,-1,-979,2,17,2,,,,,
1790036394.4255426,ATTITUDE,,,,,,,,,,,,,,,0.0007910077110864222,-0.21047988533973694,-0.004171021748334169,,
1790036394.4270217,RAW_IMU,,,,,,,,,-208,-1,-979,0,17,2,,,,,
1790036394.4389236,GLOBAL_POSITION_INT,-35.3609766,149.1678507,591.2,9.998,5.05,-0.01,0.0,359.77,,,,,,,,,,,
1790036394.4402266,GPS_RAW_INT,,,,,,,,,,,,,,,,,,6,10
1790036394.4456074,ATTITUDE,,,,,,,,,,,,,,,0.0007536210468970239,-0.21019324660301208,-0.004163424484431744,,
1790036394.446922,RAW_IMU,,,,,,,,,-208,-1,-979,0,17,2,,,,,
1790036394.4661903,ATTITUDE,,,,,,,,,,,,,,,0.000693040550686419,-0.2098669707775116,-0.004152990411967039,,
1790036394.467434,RAW_IMU,,,,,,,,,-208,-1,-979,0,19,2,,,,,
1790036394.4909978,ATTITUDE,,,,,,,,,,,,,,,0.0006419815472327173,-0.20958541333675385,-0.0041413260623812675,,
1790036394.492292,RAW_IMU,,,,,,,,,-208,-1,-979,0,17,2,,,,,
1790036394.5057476,ATTITUDE,,,,,,,,,,,,,,,0.0005603398312814534,-0.20928780734539032,-0.004138024058192968,,
1790036394.5067773,RAW_IMU,,,,,,,,,-208,-1,-978,-1,18,2,,,,,
1790036394.5259306,ATTITUDE,,,,,,,,,,,,,,,0.0005170396179892123,-0.20905548334121704,-0.004136685747653246,,
1790036394.5267162,RAW_IMU,,,,,,,,,-208,-1,-978,0,15,2,,,,,
1790036394.540291,GLOBAL_POSITION_INT,-35.360972,149.1678507,591.2,9.998,5.05,-0.01,0.0,359.77,,,,,,,,,,,
1790036394.5411406,GPS_RAW_INT,,,,,,,,,,,,,,,,,,6,10
1790036394.547342,ATTITUDE,,,,,,,,,,,,,,,0.0004576744104269892,-0.20878192782402039,-0.004135885275900364,,
1790036394.5487473,RAW_IMU,,,,,,,,,-209,-1,-978,0,17,2,,,,,
1790036394.5678966,ATTITUDE,,,,,,,,,,,,,,,0.00040342219290323555,-0.20855653285980225,-0.00413473229855299,,
1790036394.5694675,RAW_IMU,,,,,,,,,-209,-1,-978,0,14,2,,,,,
1790036394.588092,ATTITUDE,,,,,,,,,,,,,,,0.0003497085999697447,-0.2082872837781906,-0.004135176073759794,,
1790036394.589749,RAW_IMU,,,,,,,,,-209,-1,-978,0,17,2,,,,,
1790036394.6033041,ATTITUDE,,,,,,,,,,,,,,,0.000299364939564839,-0.2080806940793991,-0.00413475139066577,,
1790036394.6042793,RAW_IMU,,,,,,,,,-209,-1,-978,0,13,2,,,,,
1790036394.6232421,ATTITUDE,,,,,,,,,,,,,,,0.000249910750426352,-0.20780202746391296,-0.004131505265831947,,
1790036394.6243598,RAW_IMU,,,,,,,,,-209,-1,-978,0,17,2,,,,,
1790036394.6520014,GLOBAL_POSITION_INT,-35.3609674,149.1678508,591.2,9.999,5.06,-0.01,0.0,359.77,,,,,,,,,,,
1790036394.6531978,GPS_RAW_INT,,,,,,,,,,,,,,,,,,6,10
1790036394.653969,ATTITUDE,,,,,,,,,,,,,,,0.00018704103422351182,-0.20762275159358978,-0.004126525484025478,,
1790036394.655377,RAW_IMU,,,,,,,,,-209,-1,-978,-1,12,2,,,,,
1790036394.6630418,ATTITUDE,,,,,,,,,,,,,,,0.000157219881657511,-0.20736944675445557,-0.004122130107134581,,
1790036394.6638563,RAW_IMU,,,,,,,,,-209,-1,-978,1,15,2,,,,,
1790036394.6835065,ATTITUDE,,,,,,,,,,,,,,,0.00010207310697296634,-0.20720982551574707,-0.004116368945688009,,
1790036394.6842444,RAW_IMU,,,,,,,,,-209,-1,-978,0,11,2,,,,,
1790036394.7036226,ATTITUDE,,,,,,,,,,,,,,,0.00011971549974987283,-0.20700661838054657,-0.004127009306102991,,
1790036394.705007,RAW_IMU,,,,,,,,,-209,-1,-978,3,13,2,,,,,
1790036394.7267134,ATTITUDE,,,,,,,,,,,,,,,7.020046177785844e-05,-0.20687678456306458,-0.004136018920689821,,
1790036394.727227,RAW_IMU,,,,,,,,,-209,-1,-978,0,10,2,,,,,
1790036394.742723,GLOBAL_POSITION_INT,-35.3609628,149.1678508,591.2,9.999,5.06,-0.01,0.0,359.77,,,,,,,,,,,
1790036394.7441728,GPS_RAW_INT,,,,,,,,,,,,,,,,,,6,10
1790036394.7455592,ATTITUDE,,,,,,,,,,,,,,,0.00010079640196636319,-0.20669424533843994,-0.004146174527704716,,
1790036394.7466772,RAW_IMU,,,,,,,,,-209,-1,-978,3,12,2,,,,,
1790036394.768109,ATTITUDE,,,,,,,,,,,,,,,6.263454997679219e-05,-0.20656666159629822,-0.004151911474764347,,
1790036394.7692304,RAW_IMU,,,,,,,,,-209,-1,-978,0,10,2,,,,,
1790036394.7886007,ATTITUDE,,,,,,,,,,,,,,,8.826189878163859e-05,-0.2063818722963333,-0.004161469172686338,,
1790036394.7903366,RAW_IMU,,,,,,,,,-209,-1,-978,3,12,2,,,,,
1790036394.8036373,ATTITUDE,,,,,,,,,,,,,,,5.9650566981872544e-05,-0.2062724381685257,-0.0041683209128677845,,
1790036394.8054354,RAW_IMU,,,,,,,,,-209,-1,-978,1,9,2,,,,,
1790036394.8280804,ATTITUDE,,,,,,,,,,,,,,,4.6235167246777564e-05,-0.20610404014587402,-0.004175671376287937,,
1790036394.8294687,RAW_IMU,,,,,,,,,-209,-1,-978,1,11,2,,,,,
1790036394.8416607,GLOBAL_POSITION_INT,-35.3609582,149.1678508,591.21,10.0,5.06,-0.01,0.0,359.77,,,,,,,,,,,
1790036394.842647,GPS_RAW_INT,,,,,,,,,,,,,,,,,,6,10
1790036394.8474243,ATTITUDE,,,,,,,,,,,,,,,5.0911432481370866e-05,-0.20597712695598602,-0.004181258380413055,,
1790036394.8485963,RAW_IMU,,,,,,,,,-209,-1,-978,2,10,2,,,,,
1790036394.8678155,ATTITUDE,,,,,,,,,,,,,,,5.447357034427114e-05,-0.2058374434709549,-0.004186062142252922,,
1790036394.8697903,RAW_IMU,,,,,,,,,-209,-1,-978,2,9,2,,,,,
1790036394.8887672,ATTITUDE,,,,,,,,,,,,,,,7.496448961319402e-05,-0.2057362049818039,-0.004194010514765978,,
1790036394.890537,RAW_IMU,,,,,,,,,-208,-1,-978,3,7,2,,,,,
1790036394.9095125,ATTITUDE,,,,,,,,,,,,,,,6.987162487348542e-05,-0.20562148094177246,-0.004216600209474564,,
1790036394.910997,RAW_IMU,,,,,,,,,-208,-1,-978,1,8,2,,,,,
1790036394.9296396,ATTITUDE,,,,,,,,,,,,,,,0.00011380170326447114,-0.20556408166885376,-0.004238563124090433,,
1790036394.9316127,RAW_IMU,,,,,,,,,-208,-1,-978,4,7,2,,,,,
1790036394.9441357,GLOBAL_POSITION_INT,-35.3609535,149.1678508,591.21,10.0,5.06,-0.01,0.0,359.76,,,,,,,,,,,
1790036394.9455595,GPS_RAW_INT,,,,,,,,,,,,,,,,,,6,10
1790036394.950086,ATTITUDE,,,,,,,,,,,,,,,0.0001025378005579114,-0.20547328889369965,-0.004256307613104582,,
1790036394.9509969,RAW_IMU,,,,,,,,,-208,-1,-978,1,7,2,,,,,
1790036394.9708626,ATTITUDE,,,,,,,,,,,,,,,0.00015901941515039653,-0.2053571194410324,-0.004271984100341797,,
1790036394.9720178,RAW_IMU,,,,,,,,,-208,-1,-978,5,9,2,,,,,
1790036394.9908395,ATTITUDE,,,,,,,,,,,,,,,0.00013981260417494923,-0.20524626970291138,-0.004283676855266094,,
1790036394.9925125,RAW_IMU,,,,,,,,,-208,-1,-978,1,9,2,,,,,
1790036395.0107155,ATTITUDE,,,,,,,,,,,,,,,0.0001956617197720334,-0.2051391452550888,-0.004292497877031565,,
1790036395.012502,RAW_IMU,,,,,,,,,-208,-1,-978,4,8,2,,,,,
1790036395.030647,ATTITUDE,,,,,,,,,,,,,,,0.00016941061767283827,-0.20503579080104828,-0.004292088095098734,,
1790036395.0323975,RAW_IMU,,,,,,,,,-208,-1,-978,1,8,2,,,,,
1790036395.0442078,GLOBAL_POSITION_INT,-35.3609489,149.1678508,591.21,10.0,5.06,-0.01,0.0,359.76,,,,,,,,,,,
1790036395.0457594,GPS_RAW_INT,,,,,,,,,,,,,,,,,,6,10
1790036395.0505233,ATTITUDE,,,,,,,,,,,,,,,0.00022356475528795272,-0.20493511855602264,-0.004287603311240673,,
1790036395.0515425,RAW_IMU,,,,,,,,,-208,-1,-978,4,8,2,,,,,
1790036395.07054,ATTITUDE,,,,,,,,,,,,,,,0.00019843240443151444,-0.2048376053571701,-0.004276427906006575,,
1790036395.0720897,RAW_IMU,,,,,,,,,-208,-1,-978,1,7,2,,,,,
1790036395.0858579,ATTITUDE,,,,,,,,,,,,,,,0.00024647399550303817,-0.20474232733249664,-0.004264241550117731,,
1790036395.0872545,RAW_IMU,,,,,,,,,-208,-1,-978,4,7,3,,,,,
1790036395.1057951,ATTITUDE,,,,,,,,,,,,,,,0.0002668067463673651,-0.2046646624803543,-0.0042649926617741585,,
1790036395.1070492,RAW_IMU,,,,,,,,,-208,-1,-978,4,7,3,,,,,
1790036395.1254952,ATTITUDE,,,,,,,,,,,,,,,0.0003029372019227594,-0.20459051430225372,-0.00426312442868948,,
1790036395.1263409,RAW_IMU,,,,,,,,,-208,-1,-978,3,7,3,,,,,
1790036395.1578252,GLOBAL_POSITION_INT,-35.3609443,149.1678508,591.21,10.001,5.05,-0.02,0.0,359.76,,,,,,,,,,,
1790036395.1586742,GPS_RAW_INT,,,,,,,,,,,,,,,,,,6,10
1790036395.1594355,ATTITUDE,,,,,,,,,,,,,,,0.000366112042684108,-0.20451819896697998,-0.004257559776306152,,
1790036395.1602283,RAW_IMU,,,,,,,,,-208,-1,-978,6,7,3,,,,,
1790036395.1659033,ATTITUDE,,,,,,,,,,,,,,,0.00038923067040741444,-0.2044478952884674,-0.004248250741511583,,
1790036395.1670089,RAW_IMU,,,,,,,,,-208,-1,-978,3,6,3,,,,,
1790036395.190801,ATTITUDE,,,,,,,,,,,,,,,0.00044127798173576593,-0.20438072085380554,-0.004236386623233557,,
1790036395.1919086,RAW_IMU,,,,,,,,,-208,-1,-978,5,6,3,,,,,
1790036395.2105033,ATTITUDE,,,,,,,,,,,,,,,0.00044808207894675434,-0.20431634783744812,-0.004221601877361536,,
1790036395.21162,RAW_IMU,,,,,,,,,-208,-1,-978,2,6,3,,,,,
1790036395.2304451,ATTITUDE,,,,,,,,,,,,,,,0.000490112230181694,-0.204267680644989,-0.004202940501272678,,
1790036395.2311106,RAW_IMU,,,,,,,,,-208,-1,-978,4,5,3,,,,,
1790036395.2447193,GLOBAL_POSITION_INT,-35.3609397,149.1678508,591.21,10.001,5.05,-0.02,0.0,359.77,,,,,,,,,,,
1790036395.2461672,GPS_RAW_INT,,,,,,,,,,,,,,,,,,6,10
1790036395.2476988,ATTITUDE,,,,,,,,,,,,,,,0.0005124372546561062,-0.20418338477611542,-0.004183355253189802,,
1790036395.248617,RAW_IMU,,,,,,,,,-208,-1,-979,3,7,3,,,,,
1790036395.2655623,ATTITUDE,,,,,,,,,,,,,,,0.0005602352321147919,-0.20416276156902313,-0.004162695724517107,,
1790036395.2664337,RAW_IMU,,,,,,,,,-208,-1,-979,5,4,3,,,,,
1790036395.2864995,ATTITUDE,,,,,,,,,,,,,,,0.0005593760870397091,-0.2040799856185913,-0.0041427877731621265,,
1790036395.2878284,RAW_IMU,,,,,,,,,-208,-1,-978,2,6,3,,,,,
1790036395.3057086,ATTITUDE,,,,,,,,,,,,,,,0.0006099672173149884,-0.20408011972904205,-0.0041480762884020805,,
1790036395.307236,RAW_IMU,,,,,,,,,-208,-1,-979,4,4,3,,,,,
1790036395.3304255,ATTITUDE,,,,,,,,,,,,,,,0.0006685889093205333,-0.2040204107761383,-0.00415536155924201,,
1790036395.3319514,RAW_IMU,,,,,,,,,-208,-1,-979,5,5,3,,,,,
1790036395.344466,GLOBAL_POSITION_INT,-35.3609352,149.1678508,591.21,10.001,5.05,-0.02,0.0,359.77,,,,,,,,,,,
1790036395.3453481,GPS_RAW_INT,,,,,,,,,,,,,,,,,,6,10
1790036395.3505294,ATTITUDE,,,,,,,,,,,,,,,0.0007252860232256353,-0.20399346947669983,-0.004164495039731264,,
1790036395.3518498,RAW_IMU,,,,,,,,,-208,-1,-979,5,5,2,,,,,
1790036395.3708122,ATTITUDE,,,,,,,,,,,,,,,0.0007797245634719729,-0.2039497047662735,-0.004174991510808468,,
1790036395.37204,RAW_IMU,,,,,,,,,-208,-1,-979,5,4,2,,,,,
1790036395.3856213,ATTITUDE,,,,,,,,,,,,,,,0.0008314120350405574,-0.20387649536132812,-0.004188305698335171,,
1790036395.3875935,RAW_IMU,,,,,,,,,-208,-1,-979,4,7,2,,,,,
1790036395.4086251,ATTITUDE,,,,,,,,,,,,,,,0.000882602937053889,-0.20383362472057343,-0.004201987292617559,,
1790036395.4105551,RAW_IMU,,,,,,,,,-208,-1,-979,4,5,2,,,,,
1790036395.4257476,ATTITUDE,,,,,,,,,,,,,,,0.0009287375141866505,-0.20372499525547028,-0.004214452113956213,,
1790036395.426744,RAW_IMU,,,,,,,,,-208,-1,-979,4,8,2,,,,,
1790036395.4443173,GLOBAL_POSITION_INT,-35.3609306,149.1678508,591.21,10.001,5.05,-0.02,0.0,359.76,,,,,,,,,,,
1790036395.4454138,GPS_RAW_INT,,,,,,,,,,,,,,,,,,6,10
1790036395.4500425,ATTITUDE,,,,,,,,,,,,,,,0.0009268697467632592,-0.20369315147399902,-0.004220687318593264,,
1790036395.4512222,RAW_IMU,,,,,,,,,-208,-1,-979,2,4,2,,,,,
1790036395.4657965,ATTITUDE,,,,,,,,,,,,,,,0.0009896946139633656,-0.20358246564865112,-0.004227014724165201,,
1790036395.4671757,RAW_IMU,,,,,,,,,-208,-1,-979,5,8,2,,,,,
1790036395.4863412,ATTITUDE,,,,,,,,,,,,,,,0.0009843717562034726,-0.20354218780994415,-0.004228417295962572,,
1790036395.4873867,RAW_IMU,,,,,,,,,-208,-1,-979,2,5,2,,,,,
1790036395.5067394,ATTITUDE,,,,,,,,,,,,,,,0.001037854002788663,-0.20351168513298035,-0.004252188373357058,,
1790036395.5078542,RAW_IMU,,,,,,,,,-207,-1,-978,4,4,2,,,,,
1790036395.5265684,ATTITUDE,,,,,,,,,,,,,,,0.0010327354539185762,-0.20347584784030914,-0.004269390366971493,,
1790036395.528186,RAW_IMU,,,,,,,,,-207,-1,-978,2,5,2,,,,,
1790036395.5457985,GLOBAL_POSITION_INT,-35.360926,149.1678508,591.21,10.001,5.05,-0.02,0.0,359.76,,,,,,,,,,,
1790036395.547455,GPS_RAW_INT,,,,,,,,,,,,,,,,,,6,10
1790036395.5494795,ATTITUDE,,,,,,,,,,,,,,,0.0010913371806964278,-0.20344221591949463,-0.00428286287933588,,
1790036395.5510297,RAW_IMU,,,,,,,,,-207,-1,-979,4,5,2,,,,,
1790036395.5673075,ATTITUDE,,,,,,,,,,,,,,,0.0010745362378656864,-0.20340903103351593,-0.004288924392312765,,
1790036395.5688498,RAW_IMU,,,,,,,,,-207,-1,-979,2,4,2,,,,,
1790036395.586712,ATTITUDE,,,,,,,,,,,,,,,0.0011263005435466766,-0.2033495455980301,-0.004295045509934425,,
1790036395.5884323,RAW_IMU,,,,,,,,,-207,-1,-979,4,6,2,,,,,
1790036395.60731,ATTITUDE,,,,,,,,,,,,,,,0.0011142196599394083,-0.2032778561115265,-0.004293056670576334,,
1790036395.608523,RAW_IMU,,,,,,,,,-207,-1,-979,2,6,3,,,,,
1790036395.6271996,ATTITUDE,,,,,,,,,,,,,,,0.0011340475175529718,-0.20319513976573944,-0.004287217743694782,,
1790036395.6284766,RAW_IMU,,,,,,,,,-207,-1,-979,2,7,3,,,,,
1790036395.663781,GLOBAL_POSITION_INT,-35.3609214,149.1678508,591.21,10.002,5.05,-0.02,0.0,359.76,,,,,,,,,,,
1790036395.6650221,GPS_RAW_INT,,,,,,,,,,,,,,,,,,6,10
1790036395.6659868,ATTITUDE,,,,,,,,,,,,,,,0.001134730177000165,-0.20310792326927185,-0.0042750537395477295,,
1790036395.6669374,RAW_IMU,,,,,,,,,-207,-1,-979,3,7,3,,,,,
1790036395.668256,ATTITUDE,,,,,,,,,,,,,,,0.0011350023560225964,-0.20291964709758759,-0.004258631728589535,,
1790036395.6691234,RAW_IMU,,,,,,,,,-207,-1,-980,2,11,3,,,,,
1790036395.6883228,ATTITUDE,,,,,,,,,,,,,,,0.001165341236628592,-0.20246107876300812,-0.004244540352374315,,
1790036395.690428,RAW_IMU,,,,,,,,,-207,-1,-979,4,24,3,,,,,
1790036395.7071128,ATTITUDE,,,,,,,,,,,,,,,0.0011503288988023996,-0.20150843262672424,-0.004246133379638195,,
1790036395.7081058,RAW_IMU,,,,,,,,,-207,-1,-979,1,49,3,,,,,
1790036395.7270012,ATTITUDE,,,,,,,,,,,,,,,0.0011908903252333403,-0.1999492049217224,-0.00424577109515667,,
1790036395.7280169,RAW_IMU,,,,,,,,,-207,-1,-979,4,79,3,,,,,
1790036395.7407365,GLOBAL_POSITION_INT,-35.3609169,149.1678508,591.21,10.002,5.04,-0.02,0.0,359.76,,,,,,,,,,,
1790036395.7419467,GPS_RAW_INT,,,,,,,,,,,,,,,,,,6,10
1790036395.7474818,ATTITUDE,,,,,,,,,,,,,,,0.0012276119086891413,-0.19760848581790924,-0.004243012052029371,,
1790036395.7486753,RAW_IMU,,,,,,,,,-207,-1,-979,4,117,3,,,,,
1790036395.767794,ATTITUDE,,,,,,,,,,,,,,,0.0012639702763408422,-0.19440628588199615,-0.004239518661051989,,
1790036395.7690744,RAW_IMU,,,,,,,,,-207,-1,-980,4,160,3,,,,,
1790036395.788433,ATTITUDE,,,,,,,,,,,,,,,0.0012976868310943246,-0.19023554027080536,-0.0042360625229775906,,
1790036395.7902172,RAW_IMU,,,,,,,,,-207,-1,-980,4,209,3,,,,,
1790036395.8086956,ATTITUDE,,,,,,,,,,,,,,,0.0013288274640217423,-0.18515273928642273,-0.00422701146453619,,
1790036395.8097553,RAW_IMU,,,,,,,,,-207,-1,-980,4,255,3,,,,,
1790036395.828491,ATTITUDE,,,,,,,,,,,,,,,0.0012818966060876846,-0.1791210025548935,-0.004213565029203892,,
1790036395.8296947,RAW_IMU,,,,,,,,,-208,-1,-980,0,302,3,,,,,
1790036395.8421843,GLOBAL_POSITION_INT,-35.3609123,149.1678508,591.21,10.002,5.02,-0.02,0.0,359.76,,,,,,,,,,,
1790036395.8432472,GPS_RAW_INT,,,,,,,,,,,,,,,,,,6,10
1790036395.8483248,ATTITUDE,,,,,,,,,,,,,,,0.0012859759153798223,-0.17215189337730408,-0.004195752087980509,,
1790036395.8495042,RAW_IMU,,,,,,,,,-208,-1,-980,2,349,3,,,,,
1790036395.8682814,ATTITUDE,,,,,,,,,,,,,,,0.0012989247916266322,-0.16432902216911316,-0.004175604786723852,,
1790036395.8695836,RAW_IMU,,,,,,,,,-208,-1,-981,3,392,3,,,,,
1790036395.8886068,ATTITUDE,,,,,,,,,,,,,,,0.001242982572875917,-0.15565769374370575,-0.004151652101427317,,
1790036395.8897762,RAW_IMU,,,,,,,,,-208,-1,-981,0,434,3,,,,,
1790036395.911512,ATTITUDE,,,,,,,,,,,,,,,0.001214255578815937,-0.14622685313224792,-0.004144754260778427,,
1790036395.9138598,RAW_IMU,,,,,,,,,-207,-1,-981,0,473,3,,,,,
1790036395.9304922,ATTITUDE,,,,,,,,,,,,,,,0.0011933839414268732,-0.13605165481567383,-0.004135825205594301,,
1790036395.9321425,RAW_IMU,,,,,,,,,-207,-1,-982,1,510,3,,,,,
1790036395.9445891,GLOBAL_POSITION_INT,-35.3609078,149.1678508,591.21,10.003,4.97,-0.02,0.0,359.77,,,,,,,,,,,
1790036395.945437,GPS_RAW_INT,,,,,,,,,,,,,,,,,,6,10
1790036395.9504054,ATTITUDE,,,,,,,,,,,,,,,0.001104844850488007,-0.12525199353694916,-0.004123658407479525,,
1790036395.9518814,RAW_IMU,,,,,,,,,-207,-1,-982,-1,542,3,,,,,
1790036395.970573,ATTITUDE,,,,,,,,,,,,,,,0.0010564557742327452,-0.11380866914987564,-0.0041122580878436565,,
1790036395.971494,RAW_IMU,,,,,,,,,-206,-1,-982,0,573,2,,,,,
1790036395.9907677,ATTITUDE,,,,,,,,,,,,,,,0.0010005519725382328,-0.10182653367519379,-0.004097338300198317,,
1790036395.9927354,RAW_IMU,,,,,,,,,-206,-1,-983,0,601,3,,,,,
1790036396.0105593,ATTITUDE,,,,,,,,,,,,,,,0.0008980478742159903,-0.08934783190488815,-0.004080002661794424,,
1790036396.0114222,RAW_IMU,,,,,,,,,-205,-1,-984,-2,626,3,,,,,
1790036396.0306633,ATTITUDE,,,,,,,,,,,,,,,0.0008421959355473518,-0.07647208869457245,-0.004061054438352585,,
1790036396.031869,RAW_IMU,,,,,,,,,-204,-1,-985,0,646,3,,,,,
1790036396.0443146,GLOBAL_POSITION_INT,-35.3609033,149.1678508,591.21,10.004,4.87,-0.01,0.0,359.77,,,,,,,,,,,
1790036396.0454252,GPS_RAW_INT,,,,,,,,,,,,,,,,,,6,10
1790036396.0505214,ATTITUDE,,,,,,,,,,,,,,,0.0007885374361649156,-0.0632518008351326,-0.0040411874651908875,,
1790036396.052697,RAW_IMU,,,,,,,,,-203,-1,-987,0,663,3,,,,,
1790036396.0704172,ATTITUDE,,,,,,,,,,,,,,,0.0007367279031313956,-0.049714650958776474,-0.004018132574856281,,
1790036396.0713334,RAW_IMU,,,,,,,,,-201,-1,-988,0,679,3,,,,,
1790036396.0847144,ATTITUDE,,,,,,,,,,,,,,,0.0006344259600155056,-0.037123993039131165,-0.003994228318333626,,
1790036396.086671,RAW_IMU,,,,,,,,,-200,-1,-989,-2,689,3,,,,,
1790036396.1044302,ATTITUDE,,,,,,,,,,,,,,,0.000596982950810343,-0.023149648681282997,-0.003991927485913038,,
1790036396.1052556,RAW_IMU,,,,,,,,,-198,-1,-990,0,701,3,,,,,
1790036396.1247494,ATTITUDE,,,,,,,,,,,,,,,0.00047677967813797295,-0.008989905007183552,-0.00398610346019268,,
1790036396.1257715,RAW_IMU,,,,,,,,,-196,-1,-992,-3,711,3,,,,,
1790036396.1531599,GLOBAL_POSITION_INT,-35.3608991,149.1678508,591.21,10.004,4.71,-0.01,0.0,359.78,,,,,,,,,,,
1790036396.154204,GPS_RAW_INT,,,,,,,,,,,,,,,,,,6,10
1790036396.1550446,ATTITUDE,,,,,,,,,,,,,,,0.00042009472963400185,0.005329884588718414,-0.003982100635766983,,
1790036396.15596,RAW_IMU,,,,,,,,,-194,-1,-995,-1,719,3,,,,,
1790036396.1660724,ATTITUDE,,,,,,,,,,,,,,,0.00038538427907042205,0.019688518717885017,-0.003977023996412754,,
1790036396.1672835,RAW_IMU,,,,,,,,,-192,-1,-997,0,721,3,,,,,
1790036396.1866071,ATTITUDE,,,,,,,,,,,,,,,0.00035170806222595274,0.03384790197014809,-0.003972205333411694,,
1790036396.1882954,RAW_IMU,,,,,,,,,-190,-1,-999,0,712,3,,,,,
1790036396.2066627,ATTITUDE,,,,,,,,,,,,,,,0.00027994756237603724,0.047594983130693436,-0.003967812284827232,,
1790036396.2073083,RAW_IMU,,,,,,,,,-187,-1,-1002,-1,692,3,,,,,
1790036396.2267606,ATTITUDE,,,,,,,,,,,,,,,0.000160534109454602,0.06070825830101967,-0.003958914428949356,,
1790036396.227902,RAW_IMU,,,,,,,,,-185,-1,-1005,-3,661,3,,,,,
1790036396.2405188,GLOBAL_POSITION_INT,-35.3608949,149.1678508,591.21,10.004,4.49,-0.01,0.01,359.78,,,,,,,,,,,
1790036396.2420225,GPS_RAW_INT,,,,,,,,,,,,,,,,,,6,10
1790036396.246601,ATTITUDE,,,,,,,,,,,,,,,7.437650492647663e-05,0.07308722287416458,-0.003948984667658806,,
1790036396.2475502,RAW_IMU,,,,,,,,,-182,-1,-1008,-2,624,3,,,,,
1790036396.2666938,ATTITUDE,,,,,,,,,,,,,,,3.7247620639391243e-05,0.08459772169589996,-0.003937001805752516,,
1790036396.2680185,RAW_IMU,,,,,,,,,-179,-1,-1011,0,581,3,,,,,
1790036396.2873,ATTITUDE,,,,,,,,,,,,,,,-2.2547248590853997e-05,0.09524739533662796,-0.003924360498785973,,
1790036396.288513,RAW_IMU,,,,,,,,,-176,-1,-1014,0,538,3,,,,,
1790036396.3075042,ATTITUDE,,,,,,,,,,,,,,,-0.00010679563274607062,0.10488083958625793,-0.003936108201742172,,
1790036396.3086882,RAW_IMU,,,,,,,,,-173,-1,-1017,-2,488,3,,,,,
1790036396.328075,ATTITUDE,,,,,,,,,,,,,,,-0.00013892519928049296,0.1135990172624588,-0.003947148565202951,,
1790036396.329619,RAW_IMU,,,,,,,,,-170,-1,-1020,0,441,3,,,,,
1790036396.3410096,GLOBAL_POSITION_INT,-35.3608909,149.1678508,591.21,10.003,4.23,-0.01,0.01,359.78,,,,,,,,,,,
1790036396.3431003,GPS_RAW_INT,,,,,,,,,,,,,,,,,,6,10
1790036396.3472166,ATTITUDE,,,,,,,,,,,,,,,-0.00014241947792470455,0.12143469601869583,-0.0039565968327224255,,
1790036396.348408,RAW_IMU,,,,,,,,,-167,-1,-1023,1,398,3,,,,,
1790036396.3658652,ATTITUDE,,,,,,,,,,,,,,,-0.00020998362742830068,0.12833702564239502,-0.003961601760238409,,
1790036396.3672957,RAW_IMU,,,,,,,,,-164,-1,-1025,0,351,3,,,,,
1790036396.3871124,ATTITUDE,,,,,,,,,,,,,,,-0.0002839575463440269,0.1344185322523117,-0.0039662946946918964,,
1790036396.3891397,RAW_IMU,,,,,,,,,-160,-1,-1027,-2,309,3,,,,,
1790036396.4110465,ATTITUDE,,,,,,,,,,,,,,,-0.0003286750870756805,0.13973382115364075,-0.003972478210926056,,
1790036396.412458,RAW_IMU,,,,,,,,,-157,-1,-1029,0,271,3,,,,,
1790036396.4285214,ATTITUDE,,,,,,,,,,,,,,,-0.0003406843461561948,0.14434750378131866,-0.003972979262471199,,
1790036396.429563,RAW_IMU,,,,,,,,,-154,-1,-1031,1,235,3,,,,,
1790036396.4424627,GLOBAL_POSITION_INT,-35.3608872,149.1678508,591.21,10.002,3.94,-0.01,0.01,359.78,,,,,,,,,,,
1790036396.444159,GPS_RAW_INT,,,,,,,,,,,,,,,,,,6,10
1790036396.4485407,ATTITUDE,,,,,,,,,,,,,,,-0.0003524246858432889,0.14828991889953613,-0.003971445374190807,,
1790036396.4502046,RAW_IMU,,,,,,,,,-151,-1,-1032,1,201,3,,,,,
1790036396.8408756,GLOBAL_POSITION_INT,-35.3608807,149.1678508,591.21,10.0,3.38,-0.01,0.01,359.77,,,,,,,,,,,
1790036396.84232,RAW_IMU,,,,,,,,,-123,0,-1037,0,48,3,,,,,
1790036396.8429458,GPS_RAW_INT,,,,,,,,,,,,,,,,,,6,10
1790036396.9110472,ATTITUDE,,,,,,,,,,,,,,,0.012080970220267773,0.1735871285200119,-0.00257174507714808,,
1790036396.9119844,RAW_IMU,,,,,,,,,-92,0,-1035,206,24,37,,,,,
1790036396.9128509,GLOBAL_POSITION_INT,-35.3608737,149.1678508,591.2,9.998,2.71,-0.01,0.0,359.86,,,,,,,,,,,
1790036396.9137115,GPS_RAW_INT,,,,,,,,,,,,,,,,,,6,10
1790036396.9157655,ATTITUDE,,,,,,,,,,,,,,,0.017343146726489067,0.17385567724704742,-0.0015237361658364534,,
1790036396.9170942,RAW_IMU,,,,,,,,,-90,0,-1034,253,18,55,,,,,
1790036396.923734,ATTITUDE,,,,,,,,,,,,,,,0.023570649325847626,0.1738949567079544,-3.412049409234896e-05,,
1790036396.9248521,RAW_IMU,,,,,,,,,-87,0,-1034,298,8,76,,,,,
1790036396.9435298,GLOBAL_POSITION_INT,-35.3608723,149.1678508,591.2,9.998,2.56,0.0,0.0,0.09,,,,,,,,,,,
1790036396.944966,GPS_RAW_INT,,,,,,,,,,,,,,,,,,6,10
1790036396.9460764,ATTITUDE,,,,,,,,,,,,,,,0.030765756964683533,0.17371146380901337,0.001975516090169549,,
1790036396.947356,RAW_IMU,,,,,,,,,-85,0,-1034,342,-1,102,,,,,
1790036396.9685478,ATTITUDE,,,,,,,,,,,,,,,0.03884882852435112,0.17322233319282532,0.004582530818879604,,
1790036396.9707508,RAW_IMU,,,,,,,,,-83,0,-1033,381,-15,131,,,,,
1790036396.989564,ATTITUDE,,,,,,,,,,,,,,,0.04897083342075348,0.17230187356472015,0.008322030305862427,,
1790036396.9904025,RAW_IMU,,,,,,,,,-81,0,-1033,423,-29,169,,,,,
1790036397.0090737,ATTITUDE,,,,,,,,,,,,,,,0.05879202485084534,0.17110495269298553,0.012441572733223438,,
1790036397.0100038,RAW_IMU,,,,,,,,,-79,0,-1033,455,-43,206,,,,,
1790036397.0303044,ATTITUDE,,,,,,,,,,,,,,,0.06931471079587936,0.1694449484348297,0.01737886667251587,,
1790036397.0322437,RAW_IMU,,,,,,,,,-77,0,-1033,484,-62,248,,,,,
1790036397.0440936,GLOBAL_POSITION_INT,-35.3608701,149.1678508,591.2,9.998,2.32,0.05,0.0,1.24,,,,,,,,,,,
1790036397.0453737,GPS_RAW_INT,,,,,,,,,,,,,,,,,,6,10
1790036397.0507672,ATTITUDE,,,,,,,,,,,,,,,0.08049867302179337,0.1672835797071457,0.023193536326289177,,
1790036397.0533724,RAW_IMU,,,,,,,,,-75,-1,-1032,511,-81,293,,,,,
1790036397.0710309,ATTITUDE,,,,,,,,,,,,,,,0.09221243858337402,0.16456642746925354,0.029942940920591354,,
1790036397.0719316,RAW_IMU,,,,,,,,,-73,-1,-1032,531,-101,342,,,,,
1790036397.091346,ATTITUDE,,,,,,,,,,,,,,,0.10441253334283829,0.16126322746276855,0.03766712173819542,,
1790036397.0928147,RAW_IMU,,,,,,,,,-71,-1,-1032,548,-121,394,,,,,
1790036397.10664,ATTITUDE,,,,,,,,,,,,,,,0.11701415479183197,0.15722426772117615,0.046353381127119064,,
1790036397.108367,RAW_IMU,,,,,,,,,-69,-1,-1032,562,-146,450,,,,,
1790036397.1277962,ATTITUDE,,,,,,,,,,,,,,,0.12987852096557617,0.15245603024959564,0.0560939684510231,,
1790036397.1294053,RAW_IMU,,,,,,,,,-67,-1,-1032,569,-171,508,,,,,
1790036397.161825,GLOBAL_POSITION_INT,-35.360868,149.1678509,591.2,9.998,2.09,0.15,0.0,3.67,,,,,,,,,,,
1790036397.1632032,GPS_RAW_INT,,,,,,,,,,,,,,,,,,6,10
1790036397.1639266,ATTITUDE,,,,,,,,,,,,,,,0.1429424285888672,0.14693143963813782,0.06690891832113266,,
1790036397.1655443,RAW_IMU,,,,,,,,,-65,-1,-1032,574,-194,568,,,,,
1790036397.168726,ATTITUDE,,,,,,,,,,,,,,,0.1560736745595932,0.14056919515132904,0.0787864550948143,,
1790036397.170462,RAW_IMU,,,,,,,,,-64,-1,-1032,573,-221,629,,,,,
1790036397.1878667,ATTITUDE,,,,,,,,,,,,,,,0.16919273138046265,0.13334815204143524,0.09169674664735794,,
1790036397.1895647,RAW_IMU,,,,,,,,,-62,-2,-1032,570,-246,690,,,,,
1790036397.2080867,ATTITUDE,,,,,,,,,,,,,,,0.1821444183588028,0.1252230852842331,0.10558275133371353,,
1790036397.2099643,RAW_IMU,,,,,,,,,-61,-2,-1032,561,-273,749,,,,,
1790036397.2290204,ATTITUDE,,,,,,,,,,,,,,,0.19485563039779663,0.11615952849388123,0.12037567049264908,,
1790036397.2303333,RAW_IMU,,,,,,,,,-60,-2,-1033,549,-301,807,,,,,
1790036397.2431538,GLOBAL_POSITION_INT,-35.3608662,149.1678512,591.2,9.999,1.89,0.3,0.0,7.56,,,,,,,,,,,
1790036397.2446837,GPS_RAW_INT,,,,,,,,,,,,,,,,,,6,10
1790036397.2491393,ATTITUDE,,,,,,,,,,,,,,,0.20725631713867188,0.10613986104726791,0.1359902322292328,,
1790036397.2506313,RAW_IMU,,,,,,,,,-59,-2,-1034,536,-330,861,,,,,
1790036397.2695763,ATTITUDE,,,,,,,,,,,,,,,0.21919648349285126,0.09518174082040787,0.15234148502349854,,
1790036397.270945,RAW_IMU,,,,,,,,,-57,-2,-1034,518,-357,912,,,,,
1790036397.2900944,ATTITUDE,,,,,,,,,,,,,,,0.23057937622070312,0.08326373249292374,0.16932424902915955,,
1790036397.2917879,RAW_IMU,,,,,,,,,-57,-3,-1035,497,-386,958,,,,,
1790036397.3102267,ATTITUDE,,,,,,,,,,,,,,,0.2412842959165573,0.0704410970211029,0.18684259057044983,,
1790036397.3115323,RAW_IMU,,,,,,,,,-56,-3,-1035,472,-413,1001,,,,,
1790036397.3306198,ATTITUDE,,,,,,,,,,,,,,,0.2512262761592865,0.056753017008304596,0.20482876896858215,,
1790036397.3316288,RAW_IMU,,,,,,,,,-55,-3,-1036,444,-439,1039,,,,,
1790036397.344818,GLOBAL_POSITION_INT,-35.3608645,149.1678516,591.2,9.999,1.73,0.51,0.0,12.52,,,,,,,,,,,
1790036397.3460915,GPS_RAW_INT,,,,,,,,,,,,,,,,,,6,10
1790036397.3504798,ATTITUDE,,,,,,,,,,,,,,,0.2603001296520233,0.04242672771215439,0.22325147688388824,,
1790036397.3517406,RAW_IMU,,,,,,,,,-54,-3,-1036,412,-456,1073,,,,,
1790036397.3707676,ATTITUDE,,,,,,,,,,,,,,,0.2683391869068146,0.02791656367480755,0.24215762317180634,,
1790036397.372577,RAW_IMU,,,,,,,,,-54,-4,-1037,374,-451,1103,,,,,
1790036397.3909278,ATTITUDE,,,,,,,,,,,,,,,0.2752903997898102,0.013584846630692482,0.2615756690502167,,
1790036397.392191,RAW_IMU,,,,,,,,,-54,-4,-1038,332,-428,1129,,,,,
1790036397.4159174,ATTITUDE,,,,,,,,,,,,,,,0.28111717104911804,-0.00029259719303809106,0.2815278470516205,,
1790036397.417134,RAW_IMU,,,,,,,,,-53,-4,-1039,290,-392,1152,,,,,
1790036397.4277453,ATTITUDE,,,,,,,,,,,,,,,0.2858072519302368,-0.013459691777825356,0.3020413815975189,,
1790036397.429045,RAW_IMU,,,,,,,,,-53,-5,-1040,246,-345,1171,,,,,
1790036397.4421647,GLOBAL_POSITION_INT,-35.360863,149.1678523,591.21,10.0,1.6,0.76,0.0,18.2,,,,,,,,,,,
1790036397.4439352,GPS_RAW_INT,,,,,,,,,,,,,,,,,,6,10
1790036397.4474134,ATTITUDE,,,,,,,,,,,,,,,0.2894112765789032,-0.025733212009072304,0.323117196559906,,
1790036397.449011,RAW_IMU,,,,,,,,,-53,-5,-1041,206,-289,1186,,,,,
1790036397.4690053,ATTITUDE,,,,,,,,,,,,,,,0.29197028279304504,-0.03693590685725212,0.344766765832901,,
1790036397.4703903,RAW_IMU,,,,,,,,,-53,-6,-1041,167,-227,1199,,,,,
1790036397.4904997,ATTITUDE,,,,,,,,,,,,,,,0.29357752203941345,-0.04709010198712349,0.3669394552707672,,
1790036397.491556,RAW_IMU,,,,,,,,,-53,-6,-1042,131,-166,1209,,,,,
1790036397.5106292,ATTITUDE,,,,,,,,,,,,,,,0.2943742871284485,-0.056349340826272964,0.3895759880542755,,
1790036397.5117257,RAW_IMU,,,,,,,,,-54,-6,-1042,103,-115,1216,,,,,
1790036397.5312548,ATTITUDE,,,,,,,,,,,,,,,0.29440730810165405,-0.06439132243394852,0.41269928216934204,,
1790036397.5323753,RAW_IMU,,,,,,,,,-54,-7,-1043,76,-52,1221,,,,,
1790036397.5450962,GLOBAL_POSITION_INT,-35.3608615,149.1678533,591.21,10.0,1.49,1.02,0.0,24.65,,,,,,,,,,,
1790036397.5463626,GPS_RAW_INT,,,,,,,,,,,,,,,,,,6,10
1790036397.5510752,ATTITUDE,,,,,,,,,,,,,,,0.29374563694000244,-0.07103152573108673,0.4363233149051666,,
1790036397.552588,RAW_IMU,,,,,,,,,-55,-7,-1043,51,22,1224,,,,,
1790036397.5668604,ATTITUDE,,,,,,,,,,,,,,,0.2925524115562439,-0.07637500017881393,0.4603760242462158,,
1790036397.5679832,RAW_IMU,,,,,,,,,-55,-7,-1043,32,89,1226,,,,,
1790036397.5888946,ATTITUDE,,,,,,,,,,,,,,,0.29092130064964294,-0.08042427897453308,0.4848138689994812,,
1790036397.5906765,RAW_IMU,,,,,,,,,-56,-8,-1043,18,155,1225,,,,,
1790036397.6102686,ATTITUDE,,,,,,,,,,,,,,,0.28895649313926697,-0.08328776061534882,0.5095710158348083,,
1790036397.6117082,RAW_IMU,,,,,,,,,-56,-8,-1042,6,214,1224,,,,,
1790036397.6308658,ATTITUDE,,,,,,,,,,,,,,,0.2867853343486786,-0.085054412484169,0.5345847606658936,,
1790036397.6324644,RAW_IMU,,,,,,,,,-57,-8,-1042,0,268,1221,,,,,
1790036397.658304,GLOBAL_POSITION_INT,-35.3608602,149.1678546,591.21,10.001,1.38,1.28,0.0,31.71,,,,,,,,,,,
1790036397.659475,GPS_RAW_INT,,,,,,,,,,,,,,,,,,6,10
1790036397.6604671,ATTITUDE,,,,,,,,,,,,,,,0.28447750210762024,-0.08580168336629868,0.5598031282424927,,
1790036397.6628568,RAW_IMU,,,,,,,,,-57,-8,-1041,-4,318,1217,,,,,
1790036397.6668787,ATTITUDE,,,,,,,,,,,,,,,0.2821175456047058,-0.08567491918802261,0.5851596593856812,,
1790036397.6698508,RAW_IMU,,,,,,,,,-58,-9,-1040,-6,360,1212,,,,,
1790036397.6864743,ATTITUDE,,,,,,,,,,,,,,,0.2797496020793915,-0.08474451303482056,0.6106199026107788,,
1790036397.688757,RAW_IMU,,,,,,,,,-59,-9,-1039,-7,396,1207,,,,,
1790036397.7086694,ATTITUDE,,,,,,,,,,,,,,,0.27743589878082275,-0.08311347663402557,0.6362091898918152,,
1790036397.7096226,RAW_IMU,,,,,,,,,-59,-9,-1038,-5,428,1201,,,,,
1790036397.7290754,ATTITUDE,,,,,,,,,,,,,,,0.27524831891059875,-0.08085501194000244,0.6618114709854126,,
1790036397.7307274,RAW_IMU,,,,,,,,,-60,-9,-1038,-1,456,1194,,,,,
1790036397.7431834,GLOBAL_POSITION_INT,-35.360859,149.1678562,591.21,10.002,1.25,1.52,0.0,39.01,,,,,,,,,,,
1790036397.745076,GPS_RAW_INT,,,,,,,,,,,,,,,,,,6,10
1790036397.7487302,ATTITUDE,,,,,,,,,,,,,,,0.2732188403606415,-0.07811721414327621,0.6873766183853149,,
1790036397.7501185,RAW_IMU,,,,,,,,,-61,-10,-1037,2,477,1187,,,,,
1790036397.768889,ATTITUDE,,,,,,,,,,,,,,,0.27141380310058594,-0.07498188316822052,0.7128768563270569,,
1790036397.77046,RAW_IMU,,,,,,,,,-61,-9,-1035,9,493,1180,,,,,
1790036397.7891603,ATTITUDE,,,,,,,,,,,,,,,0.2698152959346771,-0.0715314969420433,0.7382826805114746,,
1790036397.7901733,RAW_IMU,,,,,,,,,-62,-10,-1034,15,505,1173,,,,,
1790036397.809145,ATTITUDE,,,,,,,,,,,,,,,0.2684801518917084,-0.06784749031066895,0.7635718584060669,,
1790036397.8110986,RAW_IMU,,,,,,,,,-62,-10,-1033,23,513,1165,,,,,
1790036397.8289983,ATTITUDE,,,,,,,,,,,,,,,0.26738715171813965,-0.06397895514965057,0.7887284159660339,,
1790036397.8311963,RAW_IMU,,,,,,,,,-62,-10,-1033,30,520,1158,,,,,
1790036397.8431747,GLOBAL_POSITION_INT,-35.3608579,149.1678579,591.21,10.003,1.08,1.71,0.0,46.26,,,,,,,,,,,
1790036397.844207,GPS_RAW_INT,,,,,,,,,,,,,,,,,,6,10
1790036397.8497183,ATTITUDE,,,,,,,,,,,,,,,0.26650628447532654,-0.060026541352272034,0.8137271404266357,,
1790036397.851235,RAW_IMU,,,,,,,,,-63,-10,-1032,35,521,1150,,,,,
1790036397.8697774,ATTITUDE,,,,,,,,,,,,,,,0.2658744156360626,-0.05599870905280113,0.838569164276123,,
1790036397.871121,RAW_IMU,,,,,,,,,-63,-10,-1032,42,522,1143,,,,,
1790036397.8903253,ATTITUDE,,,,,,,,,,,,,,,0.26548635959625244,-0.051902174949645996,0.8632619380950928,,
1790036397.8917975,RAW_IMU,,,,,,,,,-64,-10,-1031,49,523,1136,,,,,
1790036397.9241025,ATTITUDE,,,,,,,,,,,,,,,0.26531660556793213,-0.04775645583868027,0.8878679871559143,,
1790036397.9261668,RAW_IMU,,,,,,,,,-64,-10,-1031,55,523,1128,,,,,
1790036397.9296787,ATTITUDE,,,,,,,,,,,,,,,0.2652759850025177,-0.043689560145139694,0.9122963547706604,,
1790036397.931941,RAW_IMU,,,,,,,,,-64,-10,-1030,57,517,1122,,,,,
1790036397.9433937,GLOBAL_POSITION_INT,-35.360857,149.1678599,591.21,10.004,0.88,1.86,0.0,53.31,,,,,,,,,,,
1790036397.944332,GPS_RAW_INT,,,,,,,,,,,,,,,,,,6,10
1790036397.9499357,ATTITUDE,,,,,,,,,,,,,,,0.2654639780521393,-0.03964433819055557,0.9365679621696472,,
1790036397.9516106,RAW_IMU,,,,,,,,,-64,-10,-1030,62,514,1115,,,,,
1790036397.9710846,ATTITUDE,,,,,,,,,,,,,,,0.26577112078666687,-0.035760022699832916,0.9606560468673706,,
1790036397.9735916,RAW_IMU,,,,,,,,,-65,-11,-1030,64,505,1108,,,,,
1790036397.9868019,ATTITUDE,,,,,,,,,,,,,,,0.2662811577320099,-0.03209584578871727,0.9845476746559143,,
1790036397.9885082,RAW_IMU,,,,,,,,,-65,-11,-1030,68,493,1102,,,,,
1790036398.0078218,ATTITUDE,,,,,,,,,,,,,,,0.2670181691646576,-0.029136231169104576,1.0081197023391724,,
1790036398.0100288,RAW_IMU,,,,,,,,,-65,-11,-1030,75,458,1096,,,,,
1790036398.0279622,ATTITUDE,,,,,,,,,,,,,,,0.2679111957550049,-0.027167893946170807,1.031299114227295,,
1790036398.02954,RAW_IMU,,,,,,,,,-65,-11,-1030,79,406,1091,,,,,
1790036398.042103,GLOBAL_POSITION_INT,-35.3608563,149.1678619,591.21,10.005,0.65,1.97,0.0,60.06,,,,,,,,,,,
1790036398.0444646,GPS_RAW_INT,,,,,,,,,,,,,,,,,,6,10
1790036398.0487857,ATTITUDE,,,,,,,,,,,,,,,0.268929660320282,-0.02639888785779476,1.0540409088134766,,
1790036398.0508611,RAW_IMU,,,,,,,,,-65,-11,-1030,84,344,1086,,,,,
1790036398.06849,ATTITUDE,,,,,,,,,,,,,,,0.2699354887008667,-0.027033044025301933,1.0762945413589478,,
1790036398.069648,RAW_IMU,,,,,,,,,-65,-11,-1031,82,271,1081,,,,,
1790036398.088552,ATTITUDE,,,,,,,,,,,,,,,0.27086666226387024,-0.02895209938287735,1.09809410572052,,
1790036398.0896606,RAW_IMU,,,,,,,,,-65,-11,-1031,80,202,1076,,,,,
1790036398.1101418,ATTITUDE,,,,,,,,,,,,,,,0.2715218961238861,-0.03209805116057396,1.1194782257080078,,
1790036398.1136293,RAW_IMU,,,,,,,,,-65,-11,-1030,69,140,1072,,,,,
1790036398.1304405,ATTITUDE,,,,,,,,,,,,,,,0.27189901471138,-0.03688717260956764,1.1403250694274902,,
1790036398.132425,RAW_IMU,,,,,,,,,-65,-12,-1031,58,55,1069,,,,,
1790036398.1502252,GLOBAL_POSITION_INT,-35.3608558,149.1678641,591.21,10.006,0.4,2.06,0.0,66.21,,,,,,,,,,,
1790036398.150967,GPS_RAW_INT,,,,,,,,,,,,,,,,,,6,10
1790036398.1512842,ATTITUDE,,,,,,,,,,,,,,,0.2719686031341553,-0.04327942058444023,1.1606571674346924,,
1790036398.1517239,RAW_IMU,,,,,,,,,-65,-12,-1031,47,-29,1065,,,,,
1790036398.1662424,ATTITUDE,,,,,,,,,,,,,,,0.27153852581977844,-0.05047547444701195,1.1788712739944458,,
1790036398.1666794,RAW_IMU,,,,,,,,,-65,-12,-1030,29,-101,1063,,,,,
1790036398.1840181,ATTITUDE,,,,,,,,,,,,,,,0.2703988254070282,-0.0597558319568634,1.198296070098877,,
1790036398.1847382,RAW_IMU,,,,,,,,,-66,-12,-1030,1,-180,1060,,,,,
1790036398.208104,ATTITUDE,,,,,,,,,,,,,,,0.26850733160972595,-0.07033570855855942,1.2173264026641846,,
1790036398.2088406,RAW_IMU,,,,,,,,,-66,-12,-1030,-28,-251,1058,,,,,
1790036398.2257648,ATTITUDE,,,,,,,,,,,,,,,0.2657577395439148,-0.08205089718103409,1.2360327243804932,,
1790036398.2264636,RAW_IMU,,,,,,,,,-66,-13,-1029,-60,-313,1056,,,,,
1790036398.2431004,GLOBAL_POSITION_INT,-35.3608555,149.1678664,591.21,10.007,0.17,2.15,0.0,71.7,,,,,,,,,,,
1790036398.243484,GPS_RAW_INT,,,,,,,,,,,,,,,,,,6,10
1790036398.2484624,ATTITUDE,,,,,,,,,,,,,,,0.2621513307094574,-0.09472288936376572,1.2544827461242676,,
1790036398.2490137,RAW_IMU,,,,,,,,,-66,-13,-1029,-94,-366,1054,,,,,
1790036398.2662468,ATTITUDE,,,,,,,,,,,,,,,0.25756406784057617,-0.10816045105457306,1.2727524042129517,,
1790036398.266693,RAW_IMU,,,,,,,,,-67,-13,-1028,-131,-411,1053,,,,,
1790036398.2839265,ATTITUDE,,,,,,,,,,,,,,,0.2520020604133606,-0.12222248315811157,1.2909014225006104,,
1790036398.2844284,RAW_IMU,,,,,,,,,-67,-13,-1028,-169,-448,1052,,,,,
1790036398.308176,ATTITUDE,,,,,,,,,,,,,,,0.2454627901315689,-0.13675689697265625,1.3089498281478882,,
1790036398.3087535,RAW_IMU,,,,,,,,,-68,-13,-1027,-204,-479,1051,,,,,
1790036398.3273053,ATTITUDE,,,,,,,,,,,,,,,0.2378380447626114,-0.15150760114192963,1.3270386457443237,,
1790036398.3279736,RAW_IMU,,,,,,,,,-69,-14,-1026,-245,-497,1050,,,,,
1790036398.3446798,GLOBAL_POSITION_INT,-35.3608554,149.1678688,591.21,10.007,-0.03,2.27,0.0,76.9,,,,,,,,,,,
1790036398.3450913,GPS_RAW_INT,,,,,,,,,,,,,,,,,,6,10
1790036398.3459914,ATTITUDE,,,,,,,,,,,,,,,0.22923403978347778,-0.16638968884944916,1.3452107906341553,,
1790036398.3467371,RAW_IMU,,,,,,,,,-70,-13,-1025,-281,-511,1050,,,,,
1790036398.368138,ATTITUDE,,,,,,,,,,,,,,,0.2196454256772995,-0.18128006160259247,1.3635164499282837,,
1790036398.368953,RAW_IMU,,,,,,,,,-70,-13,-1024,-315,-521,1049,,,,,
1790036398.386621,ATTITUDE,,,,,,,,,,,,,,,0.20905712246894836,-0.19598577916622162,1.3820098638534546,,
1790036398.3871987,RAW_IMU,,,,,,,,,-71,-14,-1024,-350,-522,1049,,,,,
1790036398.404002,ATTITUDE,,,,,,,,,,,,,,,0.19751736521720886,-0.21037550270557404,1.400743842124939,,
1790036398.405104,RAW_IMU,,,,,,,,,-73,-13,-1023,-382,-516,1049,,,,,
1790036398.4278572,ATTITUDE,,,,,,,,,,,,,,,0.18506363034248352,-0.22441351413726807,1.4197419881820679,,
1790036398.4283028,RAW_IMU,,,,,,,,,-74,-13,-1023,-412,-509,1049,,,,,
1790036398.4454098,GLOBAL_POSITION_INT,-35.3608555,149.1678714,591.21,10.007,-0.19,2.43,0.0,82.26,,,,,,,,,,,
1790036398.4461088,GPS_RAW_INT,,,,,,,,,,,,,,,,,,6,10
1790036398.4467258,ATTITUDE,,,,,,,,,,,,,,,0.1717214286327362,-0.23802372813224792,1.4390250444412231,,
1790036398.4471908,RAW_IMU,,,,,,,,,-75,-13,-1022,-441,-500,1049,,,,,
1790036398.4686332,ATTITUDE,,,,,,,,,,,,,,,0.15749835968017578,-0.25104889273643494,1.4586138725280762,,
1790036398.46906,RAW_IMU,,,,,,,,,-77,-13,-1022,-469,-484,1048,,,,,
1790036398.4875472,ATTITUDE,,,,,,,,,,,,,,,0.14247414469718933,-0.26343777775764465,1.4784643650054932,,
1790036398.488223,RAW_IMU,,,,,,,,,-78,-12,-1022,-494,-467,1046,,,,,
1790036398.5076904,ATTITUDE,,,,,,,,,,,,,,,0.12672202289104462,-0.2750513553619385,1.498477578163147,,
1790036398.5089955,RAW_IMU,,,,,,,,,-80,-12,-1021,-516,-444,1040,,,,,
1790036398.528679,ATTITUDE,,,,,,,,,,,,,,,0.1102859377861023,-0.28585565090179443,1.5185818672180176,,
1790036398.5298421,RAW_IMU,,,,,,,,,-82,-11,-1021,-538,-420,1029,,,,,
1790036398.5426373,GLOBAL_POSITION_INT,-35.3608557,149.1678742,591.21,10.007,-0.3,2.63,0.0,88.01,,,,,,,,,,,
1790036398.544112,GPS_RAW_INT,,,,,,,,,,,,,,,,,,6,10
1790036398.548639,ATTITUDE,,,,,,,,,,,,,,,0.0933091789484024,-0.2958270311355591,1.538634181022644,,
1790036398.5501442,RAW_IMU,,,,,,,,,-84,-11,-1022,-556,-396,1013,,,,,
1790036398.569389,ATTITUDE,,,,,,,,,,,,,,,0.07590389996767044,-0.3048996329307556,1.5584763288497925,,
1790036398.571531,RAW_IMU,,,,,,,,,-85,-10,-1022,-571,-370,989,,,,,
1790036398.5848181,ATTITUDE,,,,,,,,,,,,,,,0.05816977843642235,-0.3131136894226074,1.5779201984405518,,
1790036398.5861475,RAW_IMU,,,,,,,,,-87,-9,-1022,-586,-346,959,,,,,
1790036398.6048143,ATTITUDE,,,,,,,,,,,,,,,0.040242910385131836,-0.32043731212615967,1.5967882871627808,,
1790036398.6068661,RAW_IMU,,,,,,,,,-89,-8,-1023,-598,-320,921,,,,,
1790036398.6262014,ATTITUDE,,,,,,,,,,,,,,,0.022377293556928635,-0.3269207775592804,1.6148979663848877,,
1790036398.628136,RAW_IMU,,,,,,,,,-91,-7,-1023,-602,-295,876,,,,,
1790036398.6587398,GLOBAL_POSITION_INT,-35.3608559,149.1678772,591.21,10.007,-0.34,2.85,0.0,93.39,,,,,,,,,,,
1790036398.6601098,GPS_RAW_INT,,,,,,,,,,,,,,,,,,6,10
1790036398.6609867,ATTITUDE,,,,,,,,,,,,,,,0.004943237639963627,-0.33255764842033386,1.6320545673370361,,
1790036398.6619005,RAW_IMU,,,,,,,,,-93,-6,-1024,-591,-269,823,,,,,
1790036398.666626,ATTITUDE,,,,,,,,,,,,,,,-0.011742576025426388,-0.3373662531375885,1.6480687856674194,,
1790036398.6675477,RAW_IMU,,,,,,,,,-95,-6,-1025,-569,-242,763,,,,,
1790036398.6868308,ATTITUDE,,,,,,,,,,,,,,,-0.027457013726234436,-0.3414286673069,1.662751317024231,,
1790036398.6886957,RAW_IMU,,,,,,,,,-97,-5,-1026,-539,-215,696,,,,,
1790036398.708241,ATTITUDE,,,,,,,,,,,,,,,-0.04193612560629845,-0.34487923979759216,1.675950288772583,,
1790036398.7102947,RAW_IMU,,,,,,,,,-99,-4,-1026,-501,-193,622,,,,,
1790036398.7284858,ATTITUDE,,,,,,,,,,,,,,,-0.05500412732362747,-0.3477824926376343,1.6875028610229492,,
1790036398.7300704,RAW_IMU,,,,,,,,,-101,-3,-1028,-456,-170,543,,,,,
1790036398.7429655,GLOBAL_POSITION_INT,-35.3608562,149.1678805,591.21,10.007,-0.33,3.1,0.0,97.18,,,,,,,,,,,
1790036398.7438247,GPS_RAW_INT,,,,,,,,,,,,,,,,,,6,10
1790036398.749819,ATTITUDE,,,,,,,,,,,,,,,-0.06653943657875061,-0.3502904772758484,1.6972829103469849,,
1790036398.7519572,RAW_IMU,,,,,,,,,-103,-2,-1029,-408,-151,458,,,,,
1790036398.764582,ATTITUDE,,,,,,,,,,,,,,,-0.07646986842155457,-0.35246703028678894,1.7052024602890015,,
1790036398.7673934,RAW_IMU,,,,,,,,,-105,-1,-1030,-359,-134,370,,,,,
1790036398.7863958,ATTITUDE,,,,,,,,,,,,,,,-0.08475752919912338,-0.35448896884918213,1.7112449407577515,,
1790036398.788846,RAW_IMU,,,,,,,,,-107,0,-1031,-309,-122,281,,,,,
1790036398.807545,ATTITUDE,,,,,,,,,,,,,,,-0.09142675250768661,-0.3563889265060425,1.7154746055603027,,
1790036398.8105714,RAW_IMU,,,,,,,,,-109,0,-1031,-259,-110,195,,,,,
1790036398.825159,ATTITUDE,,,,,,,,,,,,,,,-0.09657583385705948,-0.3582608103752136,1.718011498451233,,
1790036398.8278518,RAW_IMU,,,,,,,,,-111,0,-1031,-212,-102,115,,,,,
1790036398.8456812,GLOBAL_POSITION_INT,-35.3608564,149.1678841,591.21,10.006,-0.27,3.36,0.0,98.48,,,,,,,,,,,
1790036398.8473372,GPS_RAW_INT,,,,,,,,,,,,,,,,,,6,10
1790036398.8489263,ATTITUDE,,,,,,,,,,,,,,,-0.10025836527347565,-0.36010876297950745,1.7189838886260986,,
1790036398.8512893,RAW_IMU,,,,,,,,,-113,0,-1032,-166,-94,41,,,,,
1790036398.8660784,ATTITUDE,,,,,,,,,,,,,,,-0.10259481519460678,-0.3620072603225708,1.7185429334640503,,
1790036398.8670104,RAW_IMU,,,,,,,,,-115,1,-1032,-123,-90,-24,,,,,
1790036398.8876157,ATTITUDE,,,,,,,,,,,,,,,-0.1038585752248764,-0.36393576860427856,1.716831922531128,,
1790036398.8885381,RAW_IMU,,,,,,,,,-118,1,-1032,-91,-86,-84,,,,,
1790036398.9144716,ATTITUDE,,,,,,,,,,,,,,,-0.10415291786193848,-0.3658806085586548,1.714050531387329,,
1790036398.9163642,RAW_IMU,,,,,,,,,-120,1,-1032,-63,-81,-137,,,,,
1790036398.929618,ATTITUDE,,,,,,,,,,,,,,,-0.10347054898738861,-0.36785754561424255,1.7102946043014526,,
1790036398.9313118,RAW_IMU,,,,,,,,,-122,2,-1032,-33,-78,-183,,,,,
1790036398.9425912,GLOBAL_POSITION_INT,-35.3608566,149.1678879,591.21,10.006,-0.2,3.63,0.0,97.76,,,,,,,,,,,
1790036398.944452,GPS_RAW_INT,,,,,,,,,,,,,,,,,,6,10
1790036398.948574,ATTITUDE,,,,,,,,,,,,,,,-0.10182986408472061,-0.36978694796562195,1.7056902647018433,,
1790036398.950429,RAW_IMU,,,,,,,,,-124,2,-1031,0,-72,-222,,,,,
1790036398.9687963,ATTITUDE,,,,,,,,,,,,,,,-0.09936188161373138,-0.37145090103149414,1.700354814529419,,
1790036398.9704194,RAW_IMU,,,,,,,,,-127,2,-1031,27,-56,-254,,,,,
1790036398.984477,ATTITUDE,,,,,,,,,,,,,,,-0.09616691619157791,-0.37282174825668335,1.6944105625152588,,
1790036398.9857097,RAW_IMU,,,,,,,,,-129,2,-1031,52,-40,-281,,,,,
1790036399.0046444,ATTITUDE,,,,,,,,,,,,,,,-0.09234403073787689,-0.37363243103027344,1.6879608631134033,,
1790036399.0066688,RAW_IMU,,,,,,,,,-132,2,-1030,74,-12,-302,,,,,
1790036399.024874,ATTITUDE,,,,,,,,,,,,,,,-0.08800432831048965,-0.3737681806087494,1.6811165809631348,,
1790036399.0261195,RAW_IMU,,,,,,,,,-134,2,-1029,93,22,-317,,,,,
1790036399.046234,GLOBAL_POSITION_INT,-35.3608568,149.167892,591.21,10.006,-0.14,3.88,0.0,95.96,,,,,,,,,,,
1790036399.047304,GPS_RAW_INT,,,,,,,,,,,,,,,,,,6,10
1790036399.0481374,ATTITUDE,,,,,,,,,,,,,,,-0.0832684338092804,-0.37316736578941345,1.6739915609359741,,
1790036399.0494218,RAW_IMU,,,,,,,,,-136,2,-1028,108,58,-327,,,,,
1790036399.0670176,ATTITUDE,,,,,,,,,,,,,,,-0.07757501304149628,-0.3715628981590271,1.6657698154449463,,
1790036399.0679932,RAW_IMU,,,,,,,,,-139,2,-1027,122,100,-333,,,,,
1790036399.0869584,ATTITUDE,,,,,,,,,,,,,,,-0.07233481854200363,-0.36933982372283936,1.6583950519561768,,
1790036399.0874965,RAW_IMU,,,,,,,,,-141,1,-1026,130,136,-333,,,,,
1790036399.1070206,ATTITUDE,,,,,,,,,,,,,,,-0.06697605550289154,-0.3663874566555023,1.6511056423187256,,
1790036399.108495,RAW_IMU,,,,,,,,,-144,1,-1024,137,170,-331,,,,,
1790036399.1271536,ATTITUDE,,,,,,,,,,,,,,,-0.06162248179316521,-0.3627864122390747,1.6439310312271118,,
1790036399.1281013,RAW_IMU,,,,,,,,,-146,1,-1022,140,201,-325,,,,,
1790036399.1580677,GLOBAL_POSITION_INT,-35.3608569,149.1678964,591.21,10.006,-0.09,4.11,0.0,93.88,,,,,,,,,,,
1790036399.1589887,GPS_RAW_INT,,,,,,,,,,,,,,,,,,6,10
1790036399.1604922,ATTITUDE,,,,,,,,,,,,,,,-0.05632330849766731,-0.35854822397232056,1.6369359493255615,,
1790036399.1623976,RAW_IMU,,,,,,,,,-148,1,-1020,142,231,-316,,,,,
1790036399.1681573,ATTITUDE,,,,,,,,,,,,,,,-0.05117843300104141,-0.35384052991867065,1.6301888227462769,,
1790036399.169259,RAW_IMU,,,,,,,,,-151,0,-1018,140,253,-305,,,,,
1790036399.1887608,ATTITUDE,,,,,,,,,,,,,,,-0.046216048300266266,-0.348682701587677,1.6237318515777588,,
1790036399.1899817,RAW_IMU,,,,,,,,,-153,0,-1016,138,273,-292,,,,,
1790036399.2104516,ATTITUDE,,,,,,,,,,,,,,,-0.041482988744974136,-0.34314727783203125,1.6176037788391113,,
1790036399.2122424,RAW_IMU,,,,,,,,,-155,0,-1014,134,290,-277,,,,,
1790036399.2311788,ATTITUDE,,,,,,,,,,,,,,,-0.036997247487306595,-0.337322473526001,1.6118322610855103,,
1790036399.232856,RAW_IMU,,,,,,,,,-157,0,-1011,129,303,-261,,,,,
1790036399.2443748,GLOBAL_POSITION_INT,-35.360857,149.167901,591.21,10.007,-0.06,4.31,0.0,92.11,,,,,,,,,,,
1790036399.2457943,GPS_RAW_INT,,,,,,,,,,,,,,,,,,6,10
1790036399.2511573,ATTITUDE,,,,,,,,,,,,,,,-0.032783158123493195,-0.3312884271144867,1.606439232826233,,
1790036399.2522197,RAW_IMU,,,,,,,,,-160,0,-1009,123,312,-245,,,,,
1790036399.2671437,ATTITUDE,,,,,,,,,,,,,,,-0.02881753072142601,-0.3250916004180908,1.6014342308044434,,
1790036399.2681756,RAW_IMU,,,,,,,,,-162,0,-1007,119,319,-228,,,,,
1790036399.2874572,ATTITUDE,,,,,,,,,,,,,,,-0.025122079998254776,-0.31879884004592896,1.5968267917633057,,
1790036399.288855,RAW_IMU,,,,,,,,,-164,0,-1004,114,322,-210,,,,,
1790036399.309381,ATTITUDE,,,,,,,,,,,,,,,-0.021727796643972397,-0.31245625019073486,1.592658519744873,,
1790036399.3109128,RAW_IMU,,,,,,,,,-165,-1,-1002,106,323,-193,,,,,
1790036399.3304732,ATTITUDE,,,,,,,,,,,,,,,-0.018588680773973465,-0.30614450573921204,1.5888811349868774,,
1790036399.331915,RAW_IMU,,,,,,,,,-167,-1,-999,100,321,-175,,,,,
1790036399.3443656,GLOBAL_POSITION_INT,-35.360857,149.1679058,591.21,10.008,-0.04,4.46,0.0,90.88,,,,,,,,,,,
1790036399.346105,GPS_RAW_INT,,,,,,,,,,,,,,,,,,6,10
1790036399.3513534,ATTITUDE,,,,,,,,,,,,,,,-0.015693575143814087,-0.2999592125415802,1.585487961769104,,
1790036399.352734,RAW_IMU,,,,,,,,,-169,-1,-998,95,314,-158,,,,,
1790036399.3665943,ATTITUDE,,,,,,,,,,,,,,,-0.013121090829372406,-0.2939113676548004,1.582468032836914,,
1790036399.3681107,RAW_IMU,,,,,,,,,-171,-1,-996,86,306,-141,,,,,
1790036399.388221,ATTITUDE,,,,,,,,,,,,,,,-0.010758432559669018,-0.2880512475967407,1.5798020362854004,,
1790036399.3901176,RAW_IMU,,,,,,,,,-172,-2,-994,81,297,-125,,,,,
1790036399.4147735,ATTITUDE,,,,,,,,,,,,,,,-0.008601655252277851,-0.28240126371383667,1.5774734020233154,,
1790036399.4162817,RAW_IMU,,,,,,,,,-174,-2,-992,77,286,-110,,,,,
1790036399.42877,ATTITUDE,,,,,,,,,,,,,,,-0.006699428893625736,-0.2769593596458435,1.5754636526107788,,
1790036399.430335,RAW_IMU,,,,,,,,,-175,-2,-991,69,275,-95,,,,,
1790036399.4427102,GLOBAL_POSITION_INT,-35.3608571,149.1679107,591.22,10.01,-0.03,4.57,0.0,90.19,,,,,,,,,,,
1790036399.4431794,GPS_RAW_INT,,,,,,,,,,,,,,,,,,6,10
1790036399.4490278,ATTITUDE,,,,,,,,,,,,,,,-0.0049638147465884686,-0.2717509865760803,1.5737528800964355,,
1790036399.4502115,RAW_IMU,,,,,,,,,-176,-2,-989,65,263,-81,,,,,
1790036399.4693458,ATTITUDE,,,,,,,,,,,,,,,-0.0034232204779982567,-0.2667747437953949,1.5723191499710083,,
1790036399.4705067,RAW_IMU,,,,,,,,,-178,-2,-988,60,251,-68,,,,,
1790036399.489173,ATTITUDE,,,,,,,,,,,,,,,-0.0020485096611082554,-0.26203733682632446,1.5711404085159302,,
1790036399.4918451,RAW_IMU,,,,,,,,,-178,-2,-987,55,240,-55,,,,,
1790036399.5091062,ATTITUDE,,,,,,,,,,,,,,,-0.0008311123237945139,-0.25754451751708984,1.5702170133590698,,
1790036399.5108862,RAW_IMU,,,,,,,,,-180,-2,-986,51,227,-44,,,,,
1790036399.5290341,ATTITUDE,,,,,,,,,,,,,,,0.0002623703039716929,-0.2533424496650696,1.5695081949234009,,
1790036399.5307462,RAW_IMU,,,,,,,,,-181,-2,-985,47,213,-34,,,,,
1790036399.543446,GLOBAL_POSITION_INT,-35.3608571,149.1679158,591.22,10.011,-0.03,4.64,0.0,89.9,,,,,,,,,,,
1790036399.544196,GPS_RAW_INT,,,,,,,,,,,,,,,,,,6,10
1790036399.5493228,ATTITUDE,,,,,,,,,,,,,,,0.0012230044230818748,-0.2494712769985199,1.5689924955368042,,
1790036399.5511906,RAW_IMU,,,,,,,,,-182,-2,-984,44,196,-25,,,,,
1790036399.5695484,ATTITUDE,,,,,,,,,,,,,,,0.0020785126835107803,-0.24584436416625977,1.5686508417129517,,
1790036399.5710943,RAW_IMU,,,,,,,,,-182,-2,-983,40,183,-16,,,,,
1790036399.5895956,ATTITUDE,,,,,,,,,,,,,,,0.0028502480126917362,-0.2424515336751938,1.5684608221054077,,
1790036399.5911274,RAW_IMU,,,,,,,,,-183,-2,-982,38,172,-9,,,,,
1790036399.6102955,ATTITUDE,,,,,,,,,,,,,,,0.003528247820213437,-0.23936176300048828,1.5684062242507935,,
1790036399.611373,RAW_IMU,,,,,,,,,-184,-2,-982,35,157,-2,,,,,
1790036399.6304715,ATTITUDE,,,,,,,,,,,,,,,0.004138309042900801,-0.23645690083503723,1.5684715509414673,,
1790036399.6325521,RAW_IMU,,,,,,,,,-185,-2,-981,33,147,3,,,,,
1790036399.6583552,GLOBAL_POSITION_INT,-35.3608572,149.1679209,591.22,10.012,-0.03,4.7,0.0,89.87,,,,,,,,,,,
1790036399.6593416,GPS_RAW_INT,,,,,,,,,,,,,,,,,,6,10
1790036399.6605432,ATTITUDE,,,,,,,,,,,,,,,0.004679226316511631,-0.23380841314792633,1.5686396360397339,,
1790036399.6614425,RAW_IMU,,,,,,,,,-185,-2,-981,31,135,8,,,,,
1790036399.6718652,ATTITUDE,,,,,,,,,,,,,,,0.005162850022315979,-0.23136718571186066,1.5688965320587158,,
1790036399.6730542,RAW_IMU,,,,,,,,,-186,-2,-980,29,124,13,,,,,
1790036399.6868844,ATTITUDE,,,,,,,,,,,,,,,0.0056009795516729355,-0.2291574627161026,1.5692230463027954,,
1790036399.6883516,RAW_IMU,,,,,,,,,-187,-2,-980,28,113,16,,,,,
1790036399.707666,ATTITUDE,,,,,,,,,,,,,,,0.005991443060338497,-0.22714276611804962,1.569614291191101,,
1790036399.7089045,RAW_IMU,,,,,,,,,-187,-2,-980,26,103,19,,,,,
1790036399.7297604,ATTITUDE,,,,,,,,,,,,,,,0.006351683288812637,-0.22534257173538208,1.5700538158416748,,
1790036399.730944,RAW_IMU,,,,,,,,,-188,-2,-980,25,92,22,,,,,
1790036399.743354,GLOBAL_POSITION_INT,-35.3608572,149.1679261,591.22,10.012,-0.03,4.73,0.0,89.97,,,,,,,,,,,
1790036399.7440975,GPS_RAW_INT,,,,,,,,,,,,,,,,,,6,10
1790036399.7495573,ATTITUDE,,,,,,,,,,,,,,,0.006650517228990793,-0.22368179261684418,1.5705300569534302,,
1790036399.7512455,RAW_IMU,,,,,,,,,-188,-2,-980,22,85,24,,,,,
1790036399.769213,ATTITUDE,,,,,,,,,,,,,,,0.006932413205504417,-0.2222173511981964,1.5710318088531494,,
1790036399.770659,RAW_IMU,,,,,,,,,-188,-2,-979,21,76,25,,,,,
1790036399.790561,ATTITUDE,,,,,,,,,,,,,,,0.007197823375463486,-0.22085388004779816,1.571545124053955,,
1790036399.7919927,RAW_IMU,,,,,,,,,-189,-2,-979,21,70,26,,,,,
1790036399.8107104,ATTITUDE,,,,,,,,,,,,,,,0.007381451781839132,-0.21966882050037384,1.5720694065093994,,
1790036399.811096,RAW_IMU,,,,,,,,,-189,-2,-979,17,62,27,,,,,
1790036399.831209,ATTITUDE,,,,,,,,,,,,,,,0.007566437590867281,-0.2185739278793335,1.572593092918396,,
1790036399.8329198,RAW_IMU,,,,,,,,,-190,-2,-979,16,57,27,,,,,
1790036399.8442945,GLOBAL_POSITION_INT,-35.3608572,149.1679313,591.22,10.013,-0.04,4.76,0.0,90.12,,,,,,,,,,,
1790036399.8458505,GPS_RAW_INT,,,,,,,,,,,,,,,,,,6,10
1790036399.8509367,ATTITUDE,,,,,,,,,,,,,,,0.007796545512974262,-0.21764540672302246,1.5731070041656494,,
1790036399.852995,RAW_IMU,,,,,,,,,-190,-2,-979,19,49,26,,,,,
1790036399.8708434,ATTITUDE,,,,,,,,,,,,,,,0.007995710708200932,-0.21682927012443542,1.5736089944839478,,
1790036399.8718362,RAW_IMU,,,,,,,,,-190,-2,-979,18,43,26,,,,,
1790036399.89092,ATTITUDE,,,,,,,,,,,,,,,0.008140250109136105,-0.21607732772827148,1.5740928649902344,,
1790036399.892482,RAW_IMU,,,,,,,,,-191,-2,-980,14,40,25,,,,,
1790036399.9189746,ATTITUDE,,,,,,,,,,,,,,,0.008325552567839622,-0.215492844581604,1.5745614767074585,,
1790036399.919736,RAW_IMU,,,,,,,,,-191,-2,-979,16,32,24,,,,,
1790036399.9306664,ATTITUDE,,,,,,,,,,,,,,,0.008474071510136127,-0.21499323844909668,1.5750107765197754,,
1790036399.932557,RAW_IMU,,,,,,,,,-191,-2,-980,15,27,23,,,,,
1790036399.944969,GLOBAL_POSITION_INT,-35.3608573,149.1679365,591.22,10.013,-0.04,4.79,0.0,90.25,,,,,,,,,,,
1790036399.9471185,GPS_RAW_INT,,,,,,,,,,,,,,,,,,6,10
1790036399.9569564,ATTITUDE,,,,,,,,,,,,,,,0.008595517836511135,-0.2145639806985855,1.575435996055603,,
1790036399.9592137,RAW_IMU,,,,,,,,,-191,-2,-979,12,24,22,,,,,
1790036399.9709575,ATTITUDE,,,,,,,,,,,,,,,0.008692099712789059,-0.21420791745185852,1.5758360624313354,,
1790036399.9721844,RAW_IMU,,,,,,,,,-192,-2,-979,11,20,21,,,,,
1790036399.991199,ATTITUDE,,,,,,,,,,,,,,,0.008732398971915245,-0.21395736932754517,1.5762039422988892,,
1790036399.9921157,RAW_IMU,,,,,,,,,-192,-1,-979,8,15,19,,,,,
1790036400.0126147,ATTITUDE,,,,,,,,,,,,,,,0.00877569243311882,-0.2138187736272812,1.576540231704712,,
1790036400.0138988,RAW_IMU,,,,,,,,,-192,-2,-979,8,9,18,,,,,
1790036400.0266438,ATTITUDE,,,,,,,,,,,,,,,0.008819648064672947,-0.21374401450157166,1.5768471956253052,,
1790036400.0274112,RAW_IMU,,,,,,,,,-192,-1,-979,7,6,16,,,,,
1790036400.0465426,GLOBAL_POSITION_INT,-35.3608574,149.1679418,591.22,10.013,-0.05,4.8,0.0,90.35,,,,,,,,,,,
1790036400.048072,GPS_RAW_INT,,,,,,,,,,,,,,,,,,6,10
1790036400.049605,ATTITUDE,,,,,,,,,,,,,,,0.00886570941656828,-0.21371258795261383,1.5771209001541138,,
1790036400.0515614,RAW_IMU,,,,,,,,,-193,-2,-980,7,3,15,,,,,
1790036400.066933,ATTITUDE,,,,,,,,,,,,,,,0.008914528414607048,-0.2137104868888855,1.5773634910583496,,
1790036400.0681095,RAW_IMU,,,,,,,,,-193,-2,-980,7,2,13,,,,,
1790036400.088279,ATTITUDE,,,,,,,,,,,,,,,0.008965987712144852,-0.21376951038837433,1.5775728225708008,,
1790036400.0903456,RAW_IMU,,,,,,,,,-193,-1,-980,7,0,12,,,,,
1790036400.108413,ATTITUDE,,,,,,,,,,,,,,,0.009019779041409492,-0.21383555233478546,1.577756643295288,,
1790036400.110321,RAW_IMU,,,,,,,,,-193,-2,-980,7,0,10,,,,,
1790036400.129181,ATTITUDE,,,,,,,,,,,,,,,0.009076248854398727,-0.2139739990234375,1.5779169797897339,,
1790036400.1301014,RAW_IMU,,,,,,,,,-194,-2,-980,6,-4,9,,,,,
1790036400.154284,GLOBAL_POSITION_INT,-35.3608574,149.167947,591.22,10.012,-0.06,4.82,0.01,90.41,,,,,,,,,,,
1790036400.1550825,GPS_RAW_INT,,,,,,,,,,,,,,,,,,6,10
1790036400.1563194,ATTITUDE,,,,,,,,,,,,,,,0.009134759195148945,-0.21411117911338806,1.5780494213104248,,
1790036400.1573486,RAW_IMU,,,,,,,,,-194,-2,-980,6,-4,8,,,,,
1790036400.1705873,ATTITUDE,,,,,,,,,,,,,,,0.009194014593958855,-0.21428774297237396,1.578157663345337,,
1790036400.17204,RAW_IMU,,,,,,,,,-194,-2,-980,6,-6,7,,,,,
1790036400.190798,ATTITUDE,,,,,,,,,,,,,,,0.009199975989758968,-0.21448321640491486,1.5782415866851807,,
1790036400.1920817,RAW_IMU,,,,,,,,,-194,-2,-980,3,-7,6,,,,,
1790036400.211178,ATTITUDE,,,,,,,,,,,,,,,0.009211485274136066,-0.21470390260219574,1.578299641609192,,
1790036400.2132726,RAW_IMU,,,,,,,,,-194,-2,-980,3,-8,4,,,,,
1790036400.2314312,ATTITUDE,,,,,,,,,,,,,,,0.009157474152743816,-0.21498891711235046,1.5783416032791138,,
1790036400.2335525,RAW_IMU,,,,,,,,,-195,-2,-981,0,-11,4,,,,,
1790036400.2455215,GLOBAL_POSITION_INT,-35.3608575,149.1679523,591.22,10.012,-0.06,4.84,0.01,90.43,,,,,,,,,,,
1790036400.2471387,GPS_RAW_INT,,,,,,,,,,,,,,,,,,6,10
1790036400.2490854,ATTITUDE,,,,,,,,,,,,,,,0.009165502153337002,-0.21523882448673248,1.5783618688583374,,
1790036400.2505352,RAW_IMU,,,,,,,,,-195,-2,-981,2,-11,3,,,,,
1790036400.265524,ATTITUDE,,,,,,,,,,,,,,,0.009108701720833778,-0.21553967893123627,1.5783709287643433,,
1790036400.2666104,RAW_IMU,,,,,,,,,-195,-2,-980,0,-12,2,,,,,
1790036400.2868092,ATTITUDE,,,,,,,,,,,,,,,0.00902814231812954,-0.2158951759338379,1.5783640146255493,,
1790036400.2887478,RAW_IMU,,,,,,,,,-195,-2,-981,-1,-15,1,,,,,
1790036400.3074481,ATTITUDE,,,,,,,,,,,,,,,0.008957387879490852,-0.21624897420406342,1.5783404111862183,,
1790036400.3091908,RAW_IMU,,,,,,,,,-195,-2,-981,-1,-14,1,,,,,
1790036400.3281934,ATTITUDE,,,,,,,,,,,,,,,0.008893092162907124,-0.21666257083415985,1.5783047676086426,,
1790036400.3296912,RAW_IMU,,,,,,,,,-196,-2,-981,-1,-17,0,,,,,
1790036400.3427372,GLOBAL_POSITION_INT,-35.3608576,149.1679577,591.22,10.011,-0.07,4.86,0.01,90.42,,,,,,,,,,,
1790036400.3447256,GPS_RAW_INT,,,,,,,,,,,,,,,,,,6,10
1790036400.3484025,ATTITUDE,,,,,,,,,,,,,,,0.008833611384034157,-0.21706213057041168,1.5782579183578491,,
1790036400.349608,RAW_IMU,,,,,,,,,-196,-2,-981,-1,-17,0,,,,,
1790036400.3676684,ATTITUDE,,,,,,,,,,,,,,,0.008780835196375847,-0.2174433022737503,1.5781983137130737,,
1790036400.3685317,RAW_IMU,,,,,,,,,-196,-2,-981,0,-16,0,,,,,
1790036400.3882535,ATTITUDE,,,,,,,,,,,,,,,0.008698070421814919,-0.21780584752559662,1.578126072883606,,
1790036400.3893776,RAW_IMU,,,,,,,,,-196,-2,-981,-2,-15,0,,,,,
1790036400.4138675,ATTITUDE,,,,,,,,,,,,,,,0.008653844706714153,-0.2181522697210312,1.5780432224273682,,
1790036400.4159281,RAW_IMU,,,,,,,,,-196,-2,-982,-1,-14,-1,,,,,
1790036400.428287,ATTITUDE,,,,,,,,,,,,,,,0.008544838055968285,-0.21848313510417938,1.577958345413208,,
1790036400.4291213,RAW_IMU,,,,,,,,,-196,-2,-982,-3,-13,-1,,,,,
1790036400.442639,GLOBAL_POSITION_INT,-35.3608576,149.1679631,591.22,10.01,-0.08,4.88,0.01,90.4,,,,,,,,,,,
1790036400.4438188,GPS_RAW_INT,,,,,,,,,,,,,,,,,,6,10
1790036400.4486625,ATTITUDE,,,,,,,,,,,,,,,0.008436130359768867,-0.21879714727401733,1.577871322631836,,
1790036400.4502084,RAW_IMU,,,,,,,,,-197,-2,-982,-4,-13,-1,,,,,
1790036400.4687686,ATTITUDE,,,,,,,,,,,,,,,0.008339780382812023,-0.2191237360239029,1.5777827501296997,,
1790036400.4703019,RAW_IMU,,,,,,,,,-197,-2,-982,-3,-13,-1,,,,,
1790036400.4894772,ATTITUDE,,,,,,,,,,,,,,,0.008248789235949516,-0.21937720477581024,1.5776944160461426,,
1790036400.4921157,RAW_IMU,,,,,,,,,-197,-2,-981,-3,-10,-1,,,,,
1790036400.5099618,ATTITUDE,,,,,,,,,,,,,,,0.008162643760442734,-0.21969400346279144,1.5776084661483765,,
1790036400.5113058,RAW_IMU,,,,,,,,,-197,-2,-981,-2,-13,-1,,,,,
1790036400.5253916,ATTITUDE,,,,,,,,,,,,,,,0.008081621490418911,-0.2199072688817978,1.577528476715088,,
1790036400.527408,RAW_IMU,,,,,,,,,-198,-2,-981,-2,-8,-1,,,,,
1790036400.5454566,GLOBAL_POSITION_INT,-35.3608577,149.1679684,591.22,10.01,-0.08,4.9,0.01,90.38,,,,,,,,,,,
1790036400.5461981,GPS_RAW_INT,,,,,,,,,,,,,,,,,,6,10
1790036400.5477557,ATTITUDE,,,,,,,,,,,,,,,0.008004184812307358,-0.22019441425800323,1.5774493217468262,,
1790036400.5499504,RAW_IMU,,,,,,,,,-198,-2,-981,-2,-11,-1,,,,,
1790036400.5670133,ATTITUDE,,,,,,,,,,,,,,,0.00787583738565445,-0.22039955854415894,1.5773766040802002,,
1790036400.5681825,RAW_IMU,,,,,,,,,-198,-2,-981,-4,-8,-1,,,,,
1790036400.5878203,ATTITUDE,,,,,,,,,,,,,,,0.007790917996317148,-0.22065047919750214,1.577302098274231,,
1790036400.589537,RAW_IMU,,,,,,,,,-198,-2,-982,-2,-9,-1,,,,,
1790036400.6089246,ATTITUDE,,,,,,,,,,,,,,,0.007627017330378294,-0.220827117562294,1.577235221862793,,
1790036400.6116502,RAW_IMU,,,,,,,,,-198,-2,-982,-6,-7,-1,,,,,
1790036400.6247282,ATTITUDE,,,,,,,,,,,,,,,0.007541623432189226,-0.2210121899843216,1.5771697759628296,,
1790036400.6264355,RAW_IMU,,,,,,,,,-199,-2,-981,-2,-6,-1,,,,,
1790036400.6587794,GLOBAL_POSITION_INT,-35.3608578,149.1679739,591.21,10.009,-0.09,4.92,0.01,90.36,,,,,,,,,,,
1790036400.659696,GPS_RAW_INT,,,,,,,,,,,,,,,,,,6,10
1790036400.6611593,ATTITUDE,,,,,,,,,,,,,,,0.007373533211648464,-0.22116945683956146,1.5771123170852661,,
1790036400.6619937,RAW_IMU,,,,,,,,,-199,-3,-981,-5,-6,0,,,,,
1790036400.6676526,ATTITUDE,,,,,,,,,,,,,,,0.00726246926933527,-0.22132159769535065,1.5770580768585205,,
1790036400.668951,RAW_IMU,,,,,,,,,-199,-3,-982,-4,-4,0,,,,,
1790036400.6877072,ATTITUDE,,,,,,,,,,,,,,,0.007116981782019138,-0.2214822620153427,1.5770049095153809,,
1790036400.688826,RAW_IMU,,,,,,,,,-199,-3,-981,-4,-5,0,,,,,
1790036400.7085803,ATTITUDE,,,,,,,,,,,,,,,0.006967451423406601,-0.22161979973316193,1.5769591331481934,,
1790036400.7101266,RAW_IMU,,,,,,,,,-200,-3,-982,-5,-4,0,,,,,
1790036400.7247741,ATTITUDE,,,,,,,,,,,,,,,0.006844724994152784,-0.2217816561460495,1.576922059059143,,
1790036400.7259986,RAW_IMU,,,,,,,,,-200,-3,-982,-3,-5,0,,,,,
1790036400.7451158,GLOBAL_POSITION_INT,-35.3608579,149.1679793,591.21,10.009,-0.09,4.95,0.01,90.34,,,,,,,,,,,
1790036400.746162,GPS_RAW_INT,,,,,,,,,,,,,,,,,,6,10
1790036400.747408,ATTITUDE,,,,,,,,,,,,,,,0.006692729890346527,-0.22189199924468994,1.5768918991088867,,
1790036400.74849,RAW_IMU,,,,,,,,,-200,-3,-982,-5,-2,0,,,,,
1790036400.7652578,ATTITUDE,,,,,,,,,,,,,,,0.006548258941620588,-0.22207805514335632,1.5768682956695557,,
1790036400.7660675,RAW_IMU,,,,,,,,,-200,-3,-982,-5,-6,0,,,,,
1790036400.7862725,ATTITUDE,,,,,,,,,,,,,,,0.006410215515643358,-0.22218210995197296,1.576849341392517,,
1790036400.787808,RAW_IMU,,,,,,,,,-201,-3,-981,-4,-2,1,,,,,
1790036400.8060794,ATTITUDE,,,,,,,,,,,,,,,0.006277431268244982,-0.22234876453876495,1.5768349170684814,,
1790036400.8072042,RAW_IMU,,,,,,,,,-201,-3,-982,-4,-5,1,,,,,
1790036400.826398,ATTITUDE,,,,,,,,,,,,,,,0.006104966625571251,-0.22244255244731903,1.576826810836792,,
1790036400.827846,RAW_IMU,,,,,,,,,-201,-3,-981,-6,-2,1,,,,,
1790036400.845887,GLOBAL_POSITION_INT,-35.360858,149.1679848,591.21,10.008,-0.09,4.97,0.0,90.34,,,,,,,,,,,
1790036400.847155,GPS_RAW_INT,,,,,,,,,,,,,,,,,,6,10
1790036400.8480544,ATTITUDE,,,,,,,,,,,,,,,0.005930086597800255,-0.22262006998062134,1.5768229961395264,,
1790036400.8494287,RAW_IMU,,,,,,,,,-201,-3,-981,-6,-5,1,,,,,
1790036400.8668299,ATTITUDE,,,,,,,,,,,,,,,0.005762055516242981,-0.22271236777305603,1.5768251419067383,,
1790036400.8686717,RAW_IMU,,,,,,,,,-201,-3,-981,-5,-2,2,,,,,
1790036400.8874993,ATTITUDE,,,,,,,,,,,,,,,0.005565495230257511,-0.22285602986812592,1.5768295526504517,,
1790036400.8888469,RAW_IMU,,,,,,,,,-202,-3,-981,-7,-4,2,,,,,
1790036400.9123628,ATTITUDE,,,,,,,,,,,,,,,0.005422126967459917,-0.22293590009212494,1.5768357515335083,,
1790036400.9135134,RAW_IMU,,,,,,,,,-202,-3,-981,-4,-2,2,,,,,
1790036400.928582,ATTITUDE,,,,,,,,,,,,,,,0.005194515455514193,-0.22306737303733826,1.5768483877182007,,
1790036400.9299958,RAW_IMU,,,,,,,,,-202,-3,-981,-8,-3,2,,,,,
1790036400.9427857,GLOBAL_POSITION_INT,-35.3608581,149.1679902,591.21,10.008,-0.1,4.99,0.0,90.34,,,,,,,,,,,
1790036400.9437282,GPS_RAW_INT,,,,,,,,,,,,,,,,,,6,10
1790036400.948259,ATTITUDE,,,,,,,,,,,,,,,0.005049513187259436,-0.22313420474529266,1.5768585205078125,,
1790036400.9491036,RAW_IMU,,,,,,,,,-202,-3,-981,-5,-1,2,,,,,
1790036400.9683008,ATTITUDE,,,,,,,,,,,,,,,0.004830406047403812,-0.22323715686798096,1.5768707990646362,,
1790036400.9697542,RAW_IMU,,,,,,,,,-202,-3,-981,-7,-2,2,,,,,
1790036400.987203,ATTITUDE,,,,,,,,,,,,,,,0.0046706595458090305,-0.22329404950141907,1.5768800973892212,,
1790036400.9892418,RAW_IMU,,,,,,,,,-203,-3,-981,-5,0,2,,,,,
1790036401.0094438,ATTITUDE,,,,,,,,,,,,,,,0.0044505540281534195,-0.22337740659713745,1.5768914222717285,,
1790036401.010904,RAW_IMU,,,,,,,,,-203,-3,-981,-7,-1,2,,,,,
1790036401.0294309,ATTITUDE,,,,,,,,,,,,,,,0.004291912075132132,-0.22344039380550385,1.576901912689209,,
1790036401.0306728,RAW_IMU,,,,,,,,,-203,-3,-981,-5,-1,2,,,,,
1790036401.0439594,GLOBAL_POSITION_INT,-35.3608582,149.1679957,591.21,10.007,-0.1,5.0,0.0,90.35,,,,,,,,,,,
1790036401.0452478,GPS_RAW_INT,,,,,,,,,,,,,,,,,,6,10
1790036401.0461571,ATTITUDE,,,,,,,,,,,,,,,0.004066758789122105,-0.2234703004360199,1.5769147872924805,,
1790036401.0473115,RAW_IMU,,,,,,,,,-203,-3,-980,-8,1,2,,,,,
1790036401.0650191,ATTITUDE,,,,,,,,,,,,,,,0.003914779517799616,-0.22353847324848175,1.5769245624542236,,
1790036401.0656312,RAW_IMU,,,,,,,,,-203,-3,-981,-5,-1,2,,,,,
1790036401.0859194,ATTITUDE,,,,,,,,,,,,,,,0.0036972644738852978,-0.22352837026119232,1.5769329071044922,,
1790036401.0871944,RAW_IMU,,,,,,,,,-204,-3,-981,-7,2,2,,,,,
1790036401.1067197,ATTITUDE,,,,,,,,,,,,,,,0.003536197589710355,-0.2235475331544876,1.576938271522522,,
1790036401.1098785,RAW_IMU,,,,,,,,,-204,-3,-981,-6,1,2,,,,,
1790036401.1258752,ATTITUDE,,,,,,,,,,,,,,,0.0033332910388708115,-0.22354872524738312,1.5769457817077637,,
1790036401.1278324,RAW_IMU,,,,,,,,,-204,-3,-981,-6,2,2,,,,,
1790036401.1636298,GLOBAL_POSITION_INT,-35.3608583,149.1680012,591.21,10.007,-0.1,5.02,0.0,90.35,,,,,,,,,,,
1790036401.1649299,GPS_RAW_INT,,,,,,,,,,,,,,,,,,6,10
1790036401.1660423,ATTITUDE,,,,,,,,,,,,,,,0.003165613394230604,-0.22351610660552979,1.5769506692886353,,
1790036401.1677492,RAW_IMU,,,,,,,,,-204,-3,-980,-5,4,2,,,,,
1790036401.1708152,ATTITUDE,,,,,,,,,,,,,,,0.002997992094606161,-0.2234954982995987,1.5769537687301636,,
1790036401.1728463,RAW_IMU,,,,,,,,,-204,-3,-980,-4,3,2,,,,,
1790036401.187665,ATTITUDE,,,,,,,,,,,,,,,0.0028387843631207943,-0.223446324467659,1.57695472240448,,
1790036401.188311,RAW_IMU,,,,,,,,,-205,-3,-980,-6,5,2,,,,,
1790036401.2076738,ATTITUDE,,,,,,,,,,,,,,,0.002686642576009035,-0.22339586913585663,1.5769554376602173,,
1790036401.2094991,RAW_IMU,,,,,,,,,-205,-3,-980,-4,4,2,,,,,
1790036401.2296472,ATTITUDE,,,,,,,,,,,,,,,0.0025254450738430023,-0.22333312034606934,1.576956033706665,,
1790036401.230626,RAW_IMU,,,,,,,,,-205,-3,-980,-6,6,2,,,,,
1790036401.2431347,GLOBAL_POSITION_INT,-35.3608584,149.1680068,591.21,10.006,-0.1,5.04,0.0,90.35,,,,,,,,,,,
1790036401.2442443,GPS_RAW_INT,,,,,,,,,,,,,,,,,,6,10
1790036401.2496488,ATTITUDE,,,,,,,,,,,,,,,0.002386506414040923,-0.22326849400997162,1.5769555568695068,,
1790036401.2507257,RAW_IMU,,,,,,,,,-205,-3,-980,-4,5,2,,,,,
1790036401.2700744,ATTITUDE,,,,,,,,,,,,,,,0.002221558475866914,-0.2231767773628235,1.5769559144973755,,
1790036401.2714906,RAW_IMU,,,,,,,,,-205,-3,-980,-6,7,2,,,,,
1790036401.2899892,ATTITUDE,,,,,,,,,,,,,,,0.002096882788464427,-0.22310012578964233,1.5769529342651367,,
1790036401.2905645,RAW_IMU,,,,,,,,,-206,-3,-980,-3,5,2,,,,,
1790036401.31055,ATTITUDE,,,,,,,,,,,,,,,0.001932907267473638,-0.2229798138141632,1.5769530534744263,,
1790036401.3121722,RAW_IMU,,,,,,,,,-206,-3,-980,-5,8,2,,,,,
1790036401.3306592,ATTITUDE,,,,,,,,,,,,,,,0.0018317800713703036,-0.2228919118642807,1.5769541263580322,,
1790036401.3321989,RAW_IMU,,,,,,,,,-206,-3,-980,-2,6,2,,,,,
1790036401.3445687,GLOBAL_POSITION_INT,-35.3608584,149.1680123,591.21,10.006,-0.09,5.06,0.0,90.35,,,,,,,,,,,
1790036401.345471,GPS_RAW_INT,,,,,,,,,,,,,,,,,,6,10
1790036401.350827,ATTITUDE,,,,,,,,,,,,,,,0.001685698633082211,-0.22274699807167053,1.5769561529159546,,
1790036401.3520215,RAW_IMU,,,,,,,,,-206,-3,-980,-4,9,2,,,,,
1790036401.3707218,ATTITUDE,,,,,,,,,,,,,,,0.0015824889997020364,-0.22266173362731934,1.5769585371017456,,
1790036401.371944,RAW_IMU,,,,,,,,,-206,-3,-980,-2,6,2,,,,,
1790036401.3916245,ATTITUDE,,,,,,,,,,,,,,,0.0014303887728601694,-0.22250044345855713,1.5769596099853516,,
1790036401.3928995,RAW_IMU,,,,,,,,,-206,-3,-980,-5,10,2,,,,,
1790036401.4145195,ATTITUDE,,,,,,,,,,,,,,,0.0013353409012779593,-0.22242550551891327,1.5769582986831665,,
1790036401.415654,RAW_IMU,,,,,,,,,-207,-3,-980,-2,6,2,,,,,
1790036401.427441,ATTITUDE,,,,,,,,,,,,,,,0.0011692807311192155,-0.22226594388484955,1.5769596099853516,,
1790036401.428785,RAW_IMU,,,,,,,,,-207,-3,-980,-5,10,2,,,,,
1790036401.4464703,GLOBAL_POSITION_INT,-35.3608585,149.1680179,591.21,10.006,-0.09,5.07,0.0,90.35,,,,,,,,,,,
1790036401.44743,GPS_RAW_INT,,,,,,,,,,,,,,,,,,6,10
1790036401.4489005,ATTITUDE,,,,,,,,,,,,,,,0.001082147820852697,-0.22219635546207428,1.5769596099853516,,
1790036401.4501166,RAW_IMU,,,,,,,,,-207,-3,-979,-2,6,2,,,,,
1790036401.4687235,ATTITUDE,,,,,,,,,,,,,,,0.000920722377486527,-0.22206437587738037,1.5769609212875366,,
1790036401.469738,RAW_IMU,,,,,,,,,-207,-3,-979,-5,8,2,,,,,
1790036401.48761,ATTITUDE,,,,,,,,,,,,,,,0.000832448888104409,-0.2219887673854828,1.5769593715667725,,
1790036401.488508,RAW_IMU,,,,,,,,,-207,-3,-979,-2,6,2,,,,,
1790036401.5083966,ATTITUDE,,,,,,,,,,,,,,,0.0006955211283639073,-0.2218586504459381,1.576959490776062,,
1790036401.5102508,RAW_IMU,,,,,,,,,-207,-3,-979,-3,8,2,,,,,
1790036401.527929,ATTITUDE,,,,,,,,,,,,,,,0.0005923256976529956,-0.22176381945610046,1.5769596099853516,,
1790036401.5298784,RAW_IMU,,,,,,,,,-208,-3,-979,-3,7,2,,,,,
1790036401.5472226,GLOBAL_POSITION_INT,-35.3608586,149.1680235,591.21,10.006,-0.09,5.08,0.0,90.35,,,,,,,,,,,
1790036401.5482872,GPS_RAW_INT,,,,,,,,,,,,,,,,,,6,10
1790036401.550071,ATTITUDE,,,,,,,,,,,,,,,0.0004816915316041559,-0.22163844108581543,1.576959490776062,,
1790036401.551415,RAW_IMU,,,,,,,,,-208,-3,-979,-2,8,2,,,,,
1790036401.5679338,ATTITUDE,,,,,,,,,,,,,,,0.00035288999788463116,-0.22148771584033966,1.5769606828689575,,
1790036401.5690892,RAW_IMU,,,,,,,,,-208,-3,-979,-4,10,2,,,,,
1790036401.587955,ATTITUDE,,,,,,,,,,,,,,,0.0002299343323102221,-0.2213527262210846,1.5769579410552979,,
1790036401.5894542,RAW_IMU,,,,,,,,,-208,-3,-979,-3,8,2,,,,,
1790036401.608247,ATTITUDE,,,,,,,,,,,,,,,0.00011329021072015166,-0.22115588188171387,1.5769522190093994,,
1790036401.6100767,RAW_IMU,,,,,,,,,-208,-3,-979,-3,12,1,,,,,
1790036401.6281273,ATTITUDE,,,,,,,,,,,,,,,3.3040262223948957e-06,-0.22100898623466492,1.576945185661316,,
1790036401.6290724,RAW_IMU,,,,,,,,,-208,-3,-979,-3,9,1,,,,,
1790036401.6637692,GLOBAL_POSITION_INT,-35.3608587,149.1680291,591.21,10.006,-0.09,5.1,0.0,90.35,,,,,,,,,,,
1790036401.6651673,GPS_RAW_INT,,,,,,,,,,,,,,,,,,6,10
1790036401.665897,ATTITUDE,,,,,,,,,,,,,,,-9.959583258023486e-05,-0.22078129649162292,1.5769366025924683,,
1790036401.66791,RAW_IMU,,,,,,,,,-208,-3,-979,-2,13,1,,,,,
1790036401.6701863,ATTITUDE,,,,,,,,,,,,,,,-0.00019971573783550411,-0.22061921656131744,1.5769281387329102,,
1790036401.6712337,RAW_IMU,,,,,,,,,-209,-3,-979,-2,11,1,,,,,
1790036401.6891272,ATTITUDE,,,,,,,,,,,,,,,-0.0002937667886726558,-0.22037240862846375,1.5769153833389282,,
1790036401.6907985,RAW_IMU,,,,,,,,,-209,-3,-979,-2,14,1,,,,,
1790036401.7094145,ATTITUDE,,,,,,,,,,,,,,,-0.00038294855039566755,-0.22005517780780792,1.5769039392471313,,
1790036401.7105348,RAW_IMU,,,,,,,,,-209,-3,-979,-2,17,1,,,,,
1790036401.72993,ATTITUDE,,,,,,,,,,,,,,,-0.0004668251203838736,-0.21937431395053864,1.5768910646438599,,
1790036401.7312546,RAW_IMU,,,,,,,,,-209,-3,-979,-1,34,1,,,,,
1790036401.7436483,GLOBAL_POSITION_INT,-35.3608588,149.1680347,591.21,10.006,-0.08,5.11,0.0,90.34,,,,,,,,,,,
1790036401.744686,GPS_RAW_INT,,,,,,,,,,,,,,,,,,6,10
1790036401.7497323,ATTITUDE,,,,,,,,,,,,,,,-0.0005467027076520026,-0.2181498110294342,1.5768791437149048,,
1790036401.7510371,RAW_IMU,,,,,,,,,-209,-3,-978,-1,61,1,,,,,
1790036401.7698138,ATTITUDE,,,,,,,,,,,,,,,-0.0006213952437974513,-0.21627844870090485,1.576866865158081,,
1790036401.7711158,RAW_IMU,,,,,,,,,-209,-3,-979,-1,93,1,,,,,
1790036401.7911422,ATTITUDE,,,,,,,,,,,,,,,-0.0006921286694705486,-0.21359431743621826,1.5768508911132812,,
1790036401.7929673,RAW_IMU,,,,,,,,,-210,-3,-980,-1,133,1,,,,,
1790036401.8110883,ATTITUDE,,,,,,,,,,,,,,,-0.0007584196282550693,-0.2100333273410797,1.57683265209198,,
1790036401.812066,RAW_IMU,,,,,,,,,-210,-3,-980,-1,177,1,,,,,
1790036401.8268096,ATTITUDE,,,,,,,,,,,,,,,-0.0008237932925112545,-0.2055375725030899,1.5768147706985474,,
1790036401.8279636,RAW_IMU,,,,,,,,,-210,-3,-980,0,224,1,,,,,
1790036401.8465507,GLOBAL_POSITION_INT,-35.3608589,149.1680403,591.21,10.006,-0.08,5.11,0.0,90.34,,,,,,,,,,,
1790036401.8476598,GPS_RAW_INT,,,,,,,,,,,,,,,,,,6,10
1790036401.8497214,ATTITUDE,,,,,,,,,,,,,,,-0.0008802837110124528,-0.20008859038352966,1.5767987966537476,,
1790036401.8524141,RAW_IMU,,,,,,,,,-210,-3,-981,0,272,1,,,,,
1790036401.8674603,ATTITUDE,,,,,,,,,,,,,,,-0.0008838644716888666,-0.19366943836212158,1.5767822265625,,
1790036401.8683202,RAW_IMU,,,,,,,,,-211,-3,-979,1,321,1,,,,,
1790036401.8876302,ATTITUDE,,,,,,,,,,,,,,,-0.0008867929573170841,-0.18636664748191833,1.5767614841461182,,
1790036401.8888612,RAW_IMU,,,,,,,,,-211,-3,-980,2,365,1,,,,,
1790036401.915096,ATTITUDE,,,,,,,,,,,,,,,-0.0008909349562600255,-0.17812524735927582,1.5767438411712646,,
1790036401.916122,RAW_IMU,,,,,,,,,-211,-3,-981,2,412,1,,,,,
1790036401.9284172,ATTITUDE,,,,,,,,,,,,,,,-0.0009113841224461794,-0.1690724492073059,1.576727032661438,,
1790036401.9301245,RAW_IMU,,,,,,,,,-211,-3,-980,1,453,1,,,,,
1790036401.9425,GLOBAL_POSITION_INT,-35.360859,149.1680459,591.21,10.006,-0.08,5.08,0.0,90.33,,,,,,,,,,,
1790036401.9435241,GPS_RAW_INT,,,,,,,,,,,,,,,,,,6,10
1790036401.9490092,ATTITUDE,,,,,,,,,,,,,,,-0.0009301464888267219,-0.1592531055212021,1.5767098665237427,,
1790036401.9503682,RAW_IMU,,,,,,,,,-211,-2,-981,1,491,1,,,,,
1790036401.9682822,ATTITUDE,,,,,,,,,,,,,,,-0.0009168243268504739,-0.1487075835466385,1.576691746711731,,
1790036401.9690428,RAW_IMU,,,,,,,,,-211,-2,-981,2,528,1,,,,,
1790036401.9894786,ATTITUDE,,,,,,,,,,,,,,,-0.0009002034785225987,-0.13750092685222626,1.5766688585281372,,
1790036401.9903715,RAW_IMU,,,,,,,,,-210,-2,-981,3,561,1,,,,,
1790036402.0118847,ATTITUDE,,,,,,,,,,,,,,,-0.0008963379077613354,-0.12574413418769836,1.5766485929489136,,
1790036402.0140395,RAW_IMU,,,,,,,,,-210,-2,-982,2,589,1,,,,,
1790036402.031665,ATTITUDE,,,,,,,,,,,,,,,-0.0008975508972071111,-0.11342095583677292,1.576628565788269,,
1790036402.033705,RAW_IMU,,,,,,,,,-210,-2,-982,2,617,1,,,,,
1790036402.0458717,GLOBAL_POSITION_INT,-35.360859,149.1680515,591.21,10.006,-0.07,5.0,0.0,90.33,,,,,,,,,,,
1790036402.0471442,GPS_RAW_INT,,,,,,,,,,,,,,,,,,6,10
1790036402.0514255,ATTITUDE,,,,,,,,,,,,,,,-0.000879768340382725,-0.10064247995615005,1.5766099691390991,,
1790036402.0522497,RAW_IMU,,,,,,,,,-209,-2,-984,3,640,1,,,,,
1790036402.0718374,ATTITUDE,,,,,,,,,,,,,,,-0.000825626018922776,-0.08746075630187988,1.5765902996063232,,
1790036402.0735264,RAW_IMU,,,,,,,,,-208,-2,-983,5,661,1,,,,,
1790036402.0920238,ATTITUDE,,,,,,,,,,,,,,,-0.0007738593849353492,-0.07395045459270477,1.5765652656555176,,
1790036402.0937433,RAW_IMU,,,,,,,,,-207,-2,-985,5,677,1,,,,,
1790036402.1121817,ATTITUDE,,,,,,,,,,,,,,,-0.0007243757136166096,-0.060138631612062454,1.5765435695648193,,
1790036402.113993,RAW_IMU,,,,,,,,,-206,-2,-987,4,692,1,,,,,
1790036402.1268754,ATTITUDE,,,,,,,,,,,,,,,-0.0006682143430225551,-0.04613347724080086,1.5765255689620972,,
1790036402.1277354,RAW_IMU,,,,,,,,,-204,-2,-988,5,702,2,,,,,
1790036402.1568906,GLOBAL_POSITION_INT,-35.3608591,149.168057,591.21,10.006,-0.07,4.87,0.0,90.32,,,,,,,,,,,
1790036402.158595,GPS_RAW_INT,,,,,,,,,,,,,,,,,,6,10
1790036402.1595254,ATTITUDE,,,,,,,,,,,,,,,-0.0006026568007655442,-0.03186425566673279,1.5765095949172974,,
1790036402.1608214,RAW_IMU,,,,,,,,,-203,-2,-988,5,715,2,,,,,
1790036402.167367,ATTITUDE,,,,,,,,,,,,,,,-0.0005599045543931425,-0.0174163319170475,1.576493263244629,,
1790036402.1686666,RAW_IMU,,,,,,,,,-201,-2,-991,4,725,1,,,,,
1790036402.187615,ATTITUDE,,,,,,,,,,,,,,,-0.0004665842861868441,-0.002810850040987134,1.576469898223877,,
1790036402.1885536,RAW_IMU,,,,,,,,,-199,-2,-994,6,732,1,,,,,
1790036402.2076924,ATTITUDE,,,,,,,,,,,,,,,-0.00043518198071978986,0.011783376336097717,1.5764508247375488,,
1790036402.2095962,RAW_IMU,,,,,,,,,-197,-2,-996,4,733,1,,,,,
1790036402.2279756,ATTITUDE,,,,,,,,,,,,,,,-0.0004144374397583306,0.02611752226948738,1.5764368772506714,,
1790036402.228613,RAW_IMU,,,,,,,,,-194,-2,-998,3,720,2,,,,,
1790036402.246904,GLOBAL_POSITION_INT,-35.3608592,149.1680622,591.21,10.006,-0.06,4.68,0.0,90.32,,,,,,,,,,,
1790036402.2481008,GPS_RAW_INT,,,,,,,,,,,,,,,,,,6,10
1790036402.2490275,ATTITUDE,,,,,,,,,,,,,,,-0.00039335552719421685,0.039938535541296005,1.57642662525177,,
1790036402.2499015,RAW_IMU,,,,,,,,,-192,-2,-1000,3,695,2,,,,,
1790036402.2674778,ATTITUDE,,,,,,,,,,,,,,,-0.00032305673812516034,0.05314015969634056,1.5764186382293701,,
1790036402.2683275,RAW_IMU,,,,,,,,,-189,-2,-1004,5,664,2,,,,,
1790036402.2888258,ATTITUDE,,,,,,,,,,,,,,,-0.0002501601411495358,0.06558036804199219,1.5764060020446777,,
1790036402.2901273,RAW_IMU,,,,,,,,,-186,-2,-1007,6,626,2,,,,,
1790036402.3095164,ATTITUDE,,,,,,,,,,,,,,,-0.00022323701705317944,0.07712384313344955,1.576403260231018,,
1790036402.3110542,RAW_IMU,,,,,,,,,-184,-2,-1010,3,582,2,,,,,
1790036402.330012,ATTITUDE,,,,,,,,,,,,,,,-0.00020828803826589137,0.08689942210912704,1.5764079093933105,,
1790036402.3309424,RAW_IMU,,,,,,,,,-181,-2,-1012,2,541,2,,,,,
1790036402.3447192,GLOBAL_POSITION_INT,-35.3608592,149.1680673,591.21,10.005,-0.06,4.43,0.01,90.32,,,,,,,,,,,
1790036402.345927,GPS_RAW_INT,,,,,,,,,,,,,,,,,,6,10
1790036402.3502128,ATTITUDE,,,,,,,,,,,,,,,-0.00015315157361328602,0.09668082743883133,1.5764119625091553,,
1790036402.3521235,RAW_IMU,,,,,,,,,-178,-2,-1016,4,495,2,,,,,
1790036402.370041,ATTITUDE,,,,,,,,,,,,,,,-8.18184926174581e-05,0.10550402104854584,1.5764186382293701,,
1790036402.3715954,RAW_IMU,,,,,,,,,-175,-2,-1018,5,447,2,,,,,
1790036402.3902998,ATTITUDE,,,,,,,,,,,,,,,-6.695613410556689e-05,0.11341802030801773,1.576422929763794,,
1790036402.391483,RAW_IMU,,,,,,,,,-171,-2,-1021,3,401,2,,,,,
1790036402.4134817,ATTITUDE,,,,,,,,,,,,,,,-7.020545308478177e-05,0.12043719738721848,1.5764299631118774,,
1790036402.4152858,RAW_IMU,,,,,,,,,-168,-2,-1023,1,356,2,,,,,
1790036402.425732,ATTITUDE,,,,,,,,,,,,,,,-9.219278581440449e-06,0.1266564279794693,1.5764368772506714,,
1790036402.4268534,RAW_IMU,,,,,,,,,-165,-2,-1026,4,316,2,,,,,
1790036402.4458187,GLOBAL_POSITION_INT,-35.3608593,149.168072,591.21,10.003,-0.05,4.15,0.01,90.32,,,,,,,,,,,
1790036402.4467762,GPS_RAW_INT,,,,,,,,,,,,,,,,,,6,10
1790036402.447823,ATTITUDE,,,,,,,,,,,,,,,5.992075602989644e-05,0.1320720762014389,1.5764445066452026,,
1790036402.4495275,RAW_IMU,,,,,,,,,-162,-2,-1028,5,276,2,,,,,
1790036402.4663863,ATTITUDE,,,,,,,,,,,,,,,8.712953422218561e-05,0.13679775595664978,1.5764527320861816,,
1790036402.468086,RAW_IMU,,,,,,,,,-159,-2,-1029,3,240,2,,,,,
1790036402.486938,ATTITUDE,,,,,,,,,,,,,,,7.812422700226307e-05,0.14089033007621765,1.5764591693878174,,
1790036402.4879296,RAW_IMU,,,,,,,,,-156,-2,-1031,1,209,2,,,,,
1790036402.5073647,ATTITUDE,,,,,,,,,,,,,,,7.428188837366179e-05,0.1444009691476822,1.5764752626419067,,
1790036402.509137,RAW_IMU,,,,,,,,,-153,-2,-1032,1,180,2,,,,,
1790036402.527763,ATTITUDE,,,,,,,,,,,,,,,9.697613859316334e-05,0.14736363291740417,1.576495885848999,,
1790036402.528725,RAW_IMU,,,,,,,,,-150,-2,-1033,2,153,2,,,,,
1790036402.5466456,GLOBAL_POSITION_INT,-35.3608594,149.1680764,591.21,10.002,-0.05,3.86,0.01,90.32,,,,,,,,,,,
1790036402.5478392,GPS_RAW_INT,,,,,,,,,,,,,,,,,,6,10
1790036402.5499625,ATTITUDE,,,,,,,,,,,,,,,0.00013762395246885717,0.1499159336090088,1.5765166282653809,,
1790036402.5512087,RAW_IMU,,,,,,,,,-146,-2,-1035,4,132,2,,,,,
1790036402.5668652,ATTITUDE,,,,,,,,,,,,,,,0.00017083808779716492,0.15208305418491364,1.5765372514724731,,
1790036402.5678434,RAW_IMU,,,,,,,,,-143,-2,-1035,3,112,2,,,,,
1790036402.5875356,ATTITUDE,,,,,,,,,,,,,,,0.0002046641893684864,0.15398739278316498,1.5765515565872192,,
1790036402.5886495,RAW_IMU,,,,,,,,,-140,-2,-1035,3,99,2,,,,,
1790036402.6080647,ATTITUDE,,,,,,,,,,,,,,,0.00023632333613932133,0.1556682139635086,1.5765630006790161,,
1790036402.6098278,RAW_IMU,,,,,,,,,-138,-2,-1035,3,88,2,,,,,
1790036402.6293335,ATTITUDE,,,,,,,,,,,,,,,0.00026055402122437954,0.1571384221315384,1.5765719413757324,,
1790036402.6311262,RAW_IMU,,,,,,,,,-135,-2,-1035,3,77,2,,,,,
1790036402.6549408,GLOBAL_POSITION_INT,-35.3608594,149.1680806,591.21,10.0,-0.05,3.58,0.01,90.33,,,,,,,,,,,
1790036402.657096,GPS_RAW_INT,,,,,,,,,,,,,,,,,,6,10
1790036402.658808,ATTITUDE,,,,,,,,,,,,,,,0.0002658362500369549,0.15844665467739105,1.576578974723816,,
1790036402.6599064,RAW_IMU,,,,,,,,,-132,-2,-1037,2,68,2,,,,,
1790036402.6708226,ATTITUDE,,,,,,,,,,,,,,,0.0002934683579951525,0.15967212617397308,1.5765869617462158,,
1790036402.6723533,RAW_IMU,,,,,,,,,-129,-2,-1037,3,64,2,,,,,
1790036402.6901615,ATTITUDE,,,,,,,,,,,,,,,0.00031983660301193595,0.16075211763381958,1.5765876770019531,,
1790036402.6918125,RAW_IMU,,,,,,,,,-126,-2,-1037,3,57,2,,,,,
1790036402.7101486,ATTITUDE,,,,,,,,,,,,,,,0.0003510136448312551,0.16177895665168762,1.5766009092330933,,
1790036402.7116325,RAW_IMU,,,,,,,,,-124,-2,-1037,3,54,2,,,,,
1790036402.7302036,ATTITUDE,,,,,,,,,,,,,,,0.00038311423850245774,0.1627596616744995,1.5766197443008423,,
1790036402.7312093,RAW_IMU,,,,,,,,,-121,-2,-1037,3,53,2,,,,,
1790036402.7445252,GLOBAL_POSITION_INT,-35.3608594,149.1680845,591.2,9.999,-0.04,3.3,0.01,90.33,,,,,,,,,,,
1790036402.7463684,GPS_RAW_INT,,,,,,,,,,,,,,,,,,6,10
1790036402.750555,ATTITUDE,,,,,,,,,,,,,,,0.0004132254689466208,0.16370345652103424,1.5766382217407227,,
1790036402.7522087,RAW_IMU,,,,,,,,,-118,-2,-1037,3,51,2,,,,,
1790036402.7652836,ATTITUDE,,,,,,,,,,,,,,,0.00044247048208490014,0.16461695730686188,1.576656460762024,,
1790036402.7667906,RAW_IMU,,,,,,,,,-116,-2,-1037,3,49,2,,,,,
1790036402.785201,ATTITUDE,,,,,,,,,,,,,,,0.000471183069748804,0.1655929535627365,1.5766679048538208,,
1790036402.786748,RAW_IMU,,,,,,,,,-113,-2,-1037,3,52,2,,,,,
1790036402.8052657,ATTITUDE,,,,,,,,,,,,,,,0.0004988349974155426,0.1665712296962738,1.5766780376434326,,
1790036402.8066256,RAW_IMU,,,,,,,,,-110,-2,-1036,3,52,2,,,,,
1790036402.8258595,ATTITUDE,,,,,,,,,,,,,,,0.0005256867152638733,0.1676335483789444,1.5766865015029907,,
1790036402.8267004,RAW_IMU,,,,,,,,,-108,-2,-1037,3,56,2,,,,,
1790036402.8456616,GLOBAL_POSITION_INT,-35.3608595,149.168088,591.2,9.998,-0.04,3.03,0.01,90.33,,,,,,,,,,,
1790036402.8464258,GPS_RAW_INT,,,,,,,,,,,,,,,,,,6,10
1790036402.8484223,ATTITUDE,,,,,,,,,,,,,,,0.000550860189832747,0.16873367130756378,1.57669198513031,,
1790036402.849123,RAW_IMU,,,,,,,,,-106,-2,-1036,3,58,1,,,,,
1790036402.8657691,ATTITUDE,,,,,,,,,,,,,,,0.0005740045453421772,0.16990303993225098,1.5766937732696533,,
1790036402.8667262,RAW_IMU,,,,,,,,,-103,-2,-1036,3,61,1,,,,,
1790036402.88602,ATTITUDE,,,,,,,,,,,,,,,0.0005964614101685584,0.17112387716770172,1.576687216758728,,
1790036402.8875809,RAW_IMU,,,,,,,,,-101,-2,-1036,3,64,1,,,,,
1790036402.9064457,ATTITUDE,,,,,,,,,,,,,,,0.0006233309395611286,0.1723606437444687,1.5766841173171997,,
1790036402.9081697,RAW_IMU,,,,,,,,,-99,-2,-1036,3,65,1,,,,,
1790036402.9266167,ATTITUDE,,,,,,,,,,,,,,,0.0006498621660284698,0.17368733882904053,1.576680302619934,,
1790036402.9278734,RAW_IMU,,,,,,,,,-96,-2,-1036,3,69,1,,,,,
1790036402.9466467,GLOBAL_POSITION_INT,-35.3608595,149.1680913,591.2,9.997,-0.04,2.76,0.0,90.33,,,,,,,,,,,
1790036402.9477587,GPS_RAW_INT,,,,,,,,,,,,,,,,,,6,10
1790036402.949235,ATTITUDE,,,,,,,,,,,,,,,0.000675435527227819,0.17502807080745697,1.5766736268997192,,
1790036402.9507473,RAW_IMU,,,,,,,,,-94,-2,-1036,3,70,1,,,,,
1790036402.9672697,ATTITUDE,,,,,,,,,,,,,,,0.0006999741890467703,0.17646090686321259,1.5766630172729492,,
1790036402.9681537,RAW_IMU,,,,,,,,,-91,-2,-1036,3,74,1,,,,,
1790036402.9872663,ATTITUDE,,,,,,,,,,,,,,,0.0007235071389004588,0.1779685914516449,1.576643705368042,,
1790036402.9881566,RAW_IMU,,,,,,,,,-89,-2,-1036,3,79,1,,,,,
1790036403.0067968,ATTITUDE,,,,,,,,,,,,,,,0.0007444125367328525,0.17952975630760193,1.5766215324401855,,
1790036403.008467,RAW_IMU,,,,,,,,,-87,-2,-1035,3,81,0,,,,,
1790036403.0274599,ATTITUDE,,,,,,,,,,,,,,,0.0007251357310451567,0.18114762008190155,1.5765982866287231,,
1790036403.0286136,RAW_IMU,,,,,,,,,-85,-2,-1036,1,84,0,,,,,
1790036403.0472357,GLOBAL_POSITION_INT,-35.3608596,149.1680942,591.2,9.996,-0.03,2.5,0.0,90.33,,,,,,,,,,,
1790036403.0484354,GPS_RAW_INT,,,,,,,,,,,,,,,,,,6,10
1790036403.049689,ATTITUDE,,,,,,,,,,,,,,,0.0006897730636410415,0.18279168009757996,1.5765727758407593,,
1790036403.0516887,RAW_IMU,,,,,,,,,-82,-2,-1035,0,85,0,,,,,
1790036403.0667326,ATTITUDE,,,,,,,,,,,,,,,0.0006486997008323669,0.18450284004211426,1.5765434503555298,,
1790036403.0682318,RAW_IMU,,,,,,,,,-80,-2,-1035,0,88,0,,,,,
1790036403.0874434,ATTITUDE,,,,,,,,,,,,,,,0.0005863898550160229,0.18619607388973236,1.5765076875686646,,
1790036403.089424,RAW_IMU,,,,,,,,,-78,-2,-1036,0,87,0,,,,,
1790036403.1069598,ATTITUDE,,,,,,,,,,,,,,,0.0005383524694480002,0.18794912099838257,1.5764737129211426,,
1790036403.1082506,RAW_IMU,,,,,,,,,-76,-2,-1035,0,90,0,,,,,
1790036403.1267476,ATTITUDE,,,,,,,,,,,,,,,0.00048035153304226696,0.18968042731285095,1.5764402151107788,,
1790036403.1279073,RAW_IMU,,,,,,,,,-74,-2,-1036,-1,90,0,,,,,
1790036403.165501,GLOBAL_POSITION_INT,-35.3608596,149.1680969,591.2,9.996,-0.03,2.25,0.0,90.32,,,,,,,,,,,
1790036403.1687312,GPS_RAW_INT,,,,,,,,,,,,,,,,,,6,10
1790036403.1697981,ATTITUDE,,,,,,,,,,,,,,,0.00045486880117096007,0.19146540760993958,1.576409101486206,,
1790036403.1707609,RAW_IMU,,,,,,,,,-72,-2,-1035,1,92,0,,,,,
1790036403.1717927,ATTITUDE,,,,,,,,,,,,,,,0.00036354156327433884,0.193258598446846,1.5763808488845825,,
1790036403.1725879,RAW_IMU,,,,,,,,,-70,-2,-1035,-2,93,0,,,,,
1790036403.190087,ATTITUDE,,,,,,,,,,,,,,,0.00034405814949423075,0.19509108364582062,1.5763492584228516,,
1790036403.1920764,RAW_IMU,,,,,,,,,-68,-2,-1035,0,94,0,,,,,
1790036403.21128,ATTITUDE,,,,,,,,,,,,,,,0.00026111051556654274,0.19694150984287262,1.5763204097747803,,
1790036403.2125654,RAW_IMU,,,,,,,,,-66,-2,-1036,-1,96,1,,,,,
1790036403.2314522,ATTITUDE,,,,,,,,,,,,,,,0.00016606954159215093,0.19907529652118683,1.5762913227081299,,
1790036403.2330244,RAW_IMU,,,,,,,,,-63,-2,-1036,-2,97,1,,,,,
1790036403.2458313,GLOBAL_POSITION_INT,-35.3608597,149.1680993,591.2,9.996,-0.03,1.99,0.0,90.31,,,,,,,,,,,
1790036403.2470963,GPS_RAW_INT,,,,,,,,,,,,,,,,,,6,10
1790036403.2521267,ATTITUDE,,,,,,,,,,,,,,,8.467109000775963e-05,0.2009783387184143,1.5762678384780884,,
1790036403.2540286,RAW_IMU,,,,,,,,,-61,-1,-1036,-1,98,1,,,,,
1790036403.2722104,ATTITUDE,,,,,,,,,,,,,,,6.684278105240082e-06,0.2029181271791458,1.5762461423873901,,
1790036403.2734752,RAW_IMU,,,,,,,,,-59,-2,-1035,-1,99,1,,,,,
1790036403.2925286,ATTITUDE,,,,,,,,,,,,,,,-6.853068043710664e-05,0.2048947960138321,1.5762217044830322,,
1790036403.2945058,RAW_IMU,,,,,,,,,-58,-2,-1035,-1,102,1,,,,,
1790036403.3127048,ATTITUDE,,,,,,,,,,,,,,,-0.00013457570457831025,0.20682811737060547,1.5761933326721191,,
1790036403.3143196,RAW_IMU,,,,,,,,,-56,-1,-1035,-1,99,1,,,,,
1790036403.3327894,ATTITUDE,,,,,,,,,,,,,,,-0.00019727549806702882,0.208797886967659,1.5761635303497314,,
1790036403.334957,RAW_IMU,,,,,,,,,-54,-1,-1035,-1,101,1,,,,,
1790036403.3479416,GLOBAL_POSITION_INT,-35.3608597,149.1681015,591.2,9.997,-0.03,1.73,0.0,90.3,,,,,,,,,,,
1790036403.3500843,GPS_RAW_INT,,,,,,,,,,,,,,,,,,6,10
1790036403.3521054,ATTITUDE,,,,,,,,,,,,,,,-0.0002567637129686773,0.21075855195522308,1.5761346817016602,,
1790036403.3541374,RAW_IMU,,,,,,,,,-52,-1,-1035,0,101,1,,,,,
1790036403.3694458,ATTITUDE,,,,,,,,,,,,,,,-0.00031386699993163347,0.21278496086597443,1.5761055946350098,,
1790036403.3704755,RAW_IMU,,,,,,,,,-50,-1,-1035,0,104,1,,,,,
1790036403.3899553,ATTITUDE,,,,,,,,,,,,,,,-0.00036961756995879114,0.21479326486587524,1.5760709047317505,,
1790036403.3910513,RAW_IMU,,,,,,,,,-48,-1,-1034,0,103,1,,,,,
1790036403.4138184,ATTITUDE,,,,,,,,,,,,,,,-0.00042281943024136126,0.21685272455215454,1.5760364532470703,,
1790036403.4154854,RAW_IMU,,,,,,,,,-46,-1,-1035,0,105,1,,,,,
1790036403.4316,ATTITUDE,,,,,,,,,,,,,,,-0.0004749011422973126,0.21892289817333221,1.576006293296814,,
1790036403.4329605,RAW_IMU,,,,,,,,,-44,-1,-1037,0,106,1,,,,,
1790036403.4456594,GLOBAL_POSITION_INT,-35.3608598,149.1681033,591.2,9.997,-0.02,1.48,0.0,90.29,,,,,,,,,,,
1790036403.4463296,GPS_RAW_INT,,,,,,,,,,,,,,,,,,6,10
1790036403.451923,ATTITUDE,,,,,,,,,,,,,,,-0.0005257908487692475,0.2209886759519577,1.5759801864624023,,
1790036403.452541,RAW_IMU,,,,,,,,,-43,-1,-1036,0,106,1,,,,,
1790036403.4721823,ATTITUDE,,,,,,,,,,,,,,,-0.0005727878888137639,0.22306497395038605,1.5759598016738892,,
1790036403.4730053,RAW_IMU,,,,,,,,,-41,-1,-1036,0,107,1,,,,,
1790036403.4935176,ATTITUDE,,,,,,,,,,,,,,,-0.0006183290388435125,0.22509720921516418,1.5759366750717163,,
1790036403.4945302,RAW_IMU,,,,,,,,,-39,-1,-1036,0,104,1,,,,,
1790036403.5075402,ATTITUDE,,,,,,,,,,,,,,,-0.0006573231075890362,0.22708679735660553,1.5759114027023315,,
1790036403.5084019,RAW_IMU,,,,,,,,,-37,-1,-1036,0,102,1,,,,,
1790036403.528182,ATTITUDE,,,,,,,,,,,,,,,-0.0006916497950442135,0.2290603071451187,1.5758864879608154,,
1790036403.5292265,RAW_IMU,,,,,,,,,-35,-1,-1035,0,101,1,,,,,
1790036403.5475435,GLOBAL_POSITION_INT,-35.3608598,149.1681048,591.2,9.998,-0.02,1.22,0.0,90.29,,,,,,,,,,,
1790036403.5481963,GPS_RAW_INT,,,,,,,,,,,,,,,,,,6,10
1790036403.5492432,ATTITUDE,,,,,,,,,,,,,,,-0.0007239096448756754,0.2309902459383011,1.5758644342422485,,
1790036403.5500636,RAW_IMU,,,,,,,,,-34,-1,-1035,0,99,1,,,,,
1790036403.5680635,ATTITUDE,,,,,,,,,,,,,,,-0.0007540440419688821,0.23294322192668915,1.575844407081604,,
1790036403.5689619,RAW_IMU,,,,,,,,,-32,-1,-1035,0,100,1,,,,,
1790036403.5881464,ATTITUDE,,,,,,,,,,,,,,,-0.0007834947318769991,0.23487858474254608,1.5758185386657715,,
1790036403.5893378,RAW_IMU,,,,,,,,,-30,-1,-1035,0,99,1,,,,,
1790036403.6088116,ATTITUDE,,,,,,,,,,,,,,,-0.0008130978094413877,0.23687058687210083,1.575791835784912,,
1790036403.6101482,RAW_IMU,,,,,,,,,-29,-1,-1035,0,102,1,,,,,
1790036403.628255,ATTITUDE,,,,,,,,,,,,,,,-0.000863298773765564,0.2387913018465042,1.5757683515548706,,
1790036403.6296167,RAW_IMU,,,,,,,,,-27,-1,-1036,0,99,1,,,,,
1790036403.6628625,GLOBAL_POSITION_INT,-35.3608599,149.1681061,591.2,9.998,-0.02,0.96,0.0,90.28,,,,,,,,,,,
1790036403.6642365,GPS_RAW_INT,,,,,,,,,,,,,,,,,,6,10
1790036403.6654694,ATTITUDE,,,,,,,,,,,,,,,-0.0008818777278065681,0.24075762927532196,1.5757473707199097,,
1790036403.6668317,RAW_IMU,,,,,,,,,-25,-1,-1036,1,101,1,,,,,
1790036403.6692357,ATTITUDE,,,,,,,,,,,,,,,-0.0009641273063607514,0.2426653504371643,1.5757293701171875,,
1790036403.6716568,RAW_IMU,,,,,,,,,-24,-1,-1037,-1,98,1,,,,,
1790036403.6883214,ATTITUDE,,,,,,,,,,,,,,,-0.001043366501107812,0.24455532431602478,1.5757101774215698,,
1790036403.6892722,RAW_IMU,,,,,,,,,-22,-1,-1036,-1,97,1,,,,,
1790036403.7085671,ATTITUDE,,,,,,,,,,,,,,,-0.0011124663287773728,0.24642056226730347,1.5756853818893433,,
1790036403.710267,RAW_IMU,,,,,,,,,-21,-1,-1036,-1,96,2,,,,,
1790036403.728479,ATTITUDE,,,,,,,,,,,,,,,-0.0011768190888687968,0.2482093721628189,1.5756611824035645,,
1790036403.7298374,RAW_IMU,,,,,,,,,-19,-1,-1036,-1,92,2,,,,,
1790036403.7474666,GLOBAL_POSITION_INT,-35.3608599,149.1681071,591.2,9.999,-0.02,0.69,0.0,90.27,,,,,,,,,,,
1790036403.748396,GPS_RAW_INT,,,,,,,,,,,,,,,,,,6,10
1790036403.7499955,ATTITUDE,,,,,,,,,,,,,,,-0.0012389003532007337,0.24999813735485077,1.5756357908248901,,
1790036403.7511373,RAW_IMU,,,,,,,,,-18,-1,-1036,-1,92,2,,,,,
1790036403.7679486,ATTITUDE,,,,,,,,,,,,,,,-0.0012984417844563723,0.2517760992050171,1.5756113529205322,,
1790036403.7692294,RAW_IMU,,,,,,,,,-16,-1,-1036,-1,92,1,,,,,
1790036403.7883313,ATTITUDE,,,,,,,,,,,,,,,-0.0013574096374213696,0.25358718633651733,1.5755823850631714,,
1790036403.7904778,RAW_IMU,,,,,,,,,-15,-1,-1037,0,93,1,,,,,
1790036403.8087654,ATTITUDE,,,,,,,,,,,,,,,-0.0014148189220577478,0.2553369998931885,1.5755479335784912,,
1790036403.8102963,RAW_IMU,,,,,,,,,-13,-1,-1036,0,90,1,,,,,
1790036403.8289742,ATTITUDE,,,,,,,,,,,,,,,-0.0014714058488607407,0.2570614814758301,1.575508713722229,,
1790036403.8300235,RAW_IMU,,,,,,,,,-11,-1,-1037,0,88,1,,,,,
1790036403.8429015,GLOBAL_POSITION_INT,-35.3608599,149.1681077,591.2,9.999,-0.01,0.43,0.0,90.26,,,,,,,,,,,
1790036403.8441916,GPS_RAW_INT,,,,,,,,,,,,,,,,,,6,10
1790036403.8490007,ATTITUDE,,,,,,,,,,,,,,,-0.0015292299212887883,0.2588084936141968,1.5754632949829102,,
1790036403.8503234,RAW_IMU,,,,,,,,,-10,-1,-1036,0,90,0,,,,,
1790036403.869044,ATTITUDE,,,,,,,,,,,,,,,-0.0015885310713201761,0.2604890763759613,1.575408697128296,,
1790036403.8700516,RAW_IMU,,,,,,,,,-9,-1,-1036,0,86,0,,,,,
1790036403.891024,ATTITUDE,,,,,,,,,,,,,,,-0.0016481013735756278,0.2621740400791168,1.575342059135437,,
1790036403.8930116,RAW_IMU,,,,,,,,,-7,-1,-1037,0,87,0,,,,,
1790036403.9149637,ATTITUDE,,,,,,,,,,,,,,,-0.0017013328615576029,0.2637866735458374,1.5752521753311157,,
1790036403.916181,RAW_IMU,,,,,,,,,-6,-1,-1037,0,83,0,,,,,
1790036403.932126,ATTITUDE,,,,,,,,,,,,,,,-0.0017117740353569388,0.26536357402801514,1.575149655342102,,
1790036403.933486,RAW_IMU,,,,,,,,,-4,-1,-1037,2,81,-1,,,,,
1790036403.9461067,GLOBAL_POSITION_INT,-35.36086,149.1681081,591.21,10.0,-0.01,0.16,0.0,90.24,,,,,,,,,,,
1790036403.9470363,GPS_RAW_INT,,,,,,,,,,,,,,,,,,6,10
1790036403.9524453,ATTITUDE,,,,,,,,,,,,,,,-0.0017422281671315432,0.26694050431251526,1.5750396251678467,,
1790036403.9541,RAW_IMU,,,,,,,,,-3,-1,-1037,1,82,-1,,,,,
1790036403.972381,ATTITUDE,,,,,,,,,,,,,,,-0.0015761771937832236,0.2683142125606537,1.5749224424362183,,
1790036403.9735575,RAW_IMU,,,,,,,,,-2,-1,-1037,10,72,-2,,,,,
1790036403.9925852,ATTITUDE,,,,,,,,,,,,,,,-0.0011088605970144272,0.26938217878341675,1.574800968170166,,
1790036403.9934475,RAW_IMU,,,,,,,,,0,-1,-1037,25,57,-2,,,,,
1790036404.0126183,ATTITUDE,,,,,,,,,,,,,,,-0.00023080316896084696,0.270115464925766,1.5746973752975464,,
1790036404.0147471,RAW_IMU,,,,,,,,,0,-1,-1037,45,40,-1,,,,,
1790036404.0326636,ATTITUDE,,,,,,,,,,,,,,,0.0011948645114898682,0.2703186869621277,1.5746313333511353,,
1790036404.0338907,RAW_IMU,,,,,,,,,1,-1,-1037,72,15,0,,,,,
1790036404.0468163,GLOBAL_POSITION_INT,-35.36086,149.1681082,591.21,10.0,-0.01,-0.09,0.0,90.21,,,,,,,,,,,
1790036404.0479107,GPS_RAW_INT,,,,,,,,,,,,,,,,,,6,10
1790036404.0508814,ATTITUDE,,,,,,,,,,,,,,,0.003197095822542906,0.2698719799518585,1.5746299028396606,,
1790036404.052075,RAW_IMU,,,,,,,,,3,-1,-1037,100,-17,2,,,,,
1790036404.067472,ATTITUDE,,,,,,,,,,,,,,,0.005827996879816055,0.2687337100505829,1.5747240781784058,,
1790036404.0686827,RAW_IMU,,,,,,,,,4,-1,-1036,130,-52,7,,,,,
1790036404.0889902,ATTITUDE,,,,,,,,,,,,,,,0.009139318950474262,0.26687607169151306,1.5749439001083374,,
1790036404.090188,RAW_IMU,,,,,,,,,5,0,-1036,162,-87,13,,,,,
1790036404.10994,ATTITUDE,,,,,,,,,,,,,,,0.013143990188837051,0.2642715871334076,1.5753098726272583,,
1790036404.111914,RAW_IMU,,,,,,,,,7,0,-1035,195,-125,21,,,,,
1790036404.131636,ATTITUDE,,,,,,,,,,,,,,,0.017804492264986038,0.2609655559062958,1.575868844985962,,
1790036404.1329784,RAW_IMU,,,,,,,,,8,0,-1034,225,-160,32,,,,,
1790036404.1578815,GLOBAL_POSITION_INT,-35.36086,149.168108,591.21,10.0,-0.02,-0.35,0.0,90.32,,,,,,,,,,,
1790036404.1589007,GPS_RAW_INT,,,,,,,,,,,,,,,,,,6,10
1790036404.159791,ATTITUDE,,,,,,,,,,,,,,,0.023102659732103348,0.2569694221019745,1.5766485929489136,,
1790036404.1606345,RAW_IMU,,,,,,,,,10,-1,-1033,255,-194,44,,,,,
1790036404.1671772,ATTITUDE,,,,,,,,,,,,,,,0.02900482900440693,0.25227221846580505,1.5776761770248413,,
1790036404.168032,RAW_IMU,,,,,,,,,11,0,-1032,282,-228,58,,,,,
1790036404.1922026,ATTITUDE,,,,,,,,,,,,,,,0.03546200320124626,0.24696029722690582,1.5789698362350464,,
1790036404.1930285,RAW_IMU,,,,,,,,,12,-1,-1031,307,-259,73,,,,,
1790036404.2123637,ATTITUDE,,,,,,,,,,,,,,,0.04240633174777031,0.24102875590324402,1.5805379152297974,,
1790036404.2137816,RAW_IMU,,,,,,,,,14,-1,-1029,329,-289,89,,,,,
1790036404.2279766,ATTITUDE,,,,,,,,,,,,,,,0.04980158433318138,0.23450972139835358,1.5823591947555542,,
1790036404.229194,RAW_IMU,,,,,,,,,15,-1,-1027,349,-317,105,,,,,
1790036404.2473335,GLOBAL_POSITION_INT,-35.3608601,149.1681075,591.21,10.001,-0.06,-0.58,0.0,90.74,,,,,,,,,,,
1790036404.248264,GPS_RAW_INT,,,,,,,,,,,,,,,,,,6,10
1790036404.250558,ATTITUDE,,,,,,,,,,,,,,,0.05755939707159996,0.2274274080991745,1.5843766927719116,,
1790036404.251559,RAW_IMU,,,,,,,,,16,-1,-1026,366,-344,119,,,,,
1790036404.2683418,ATTITUDE,,,,,,,,,,,,,,,0.0656072199344635,0.21983850002288818,1.5865180492401123,,
1790036404.2692723,RAW_IMU,,,,,,,,,18,-1,-1025,380,-368,130,,,,,
1790036404.2880306,ATTITUDE,,,,,,,,,,,,,,,0.07384948432445526,0.21174336969852448,1.588701844215393,,
1790036404.2895722,RAW_IMU,,,,,,,,,19,-2,-1023,390,-392,137,,,,,
1790036404.3080695,ATTITUDE,,,,,,,,,,,,,,,0.08225593715906143,0.20320580899715424,1.5908372402191162,,
1790036404.3094776,RAW_IMU,,,,,,,,,20,-2,-1021,399,-413,141,,,,,
1790036404.328676,ATTITUDE,,,,,,,,,,,,,,,0.09073140472173691,0.19426478445529938,1.5928601026535034,,
1790036404.3296473,RAW_IMU,,,,,,,,,21,-2,-1020,405,-433,141,,,,,
1790036404.3426297,GLOBAL_POSITION_INT,-35.3608602,149.1681068,591.21,10.001,-0.13,-0.76,0.0,91.34,,,,,,,,,,,
1790036404.3436503,GPS_RAW_INT,,,,,,,,,,,,,,,,,,6,10
1790036404.3490877,ATTITUDE,,,,,,,,,,,,,,,0.09921622276306152,0.18496519327163696,1.5947054624557495,,
1790036404.350836,RAW_IMU,,,,,,,,,22,-3,-1019,408,-450,138,,,,,
1790036404.3692212,ATTITUDE,,,,,,,,,,,,,,,0.10771600157022476,0.17541149258613586,1.596308708190918,,
1790036404.3703861,RAW_IMU,,,,,,,,,23,-3,-1017,412,-463,131,,,,,
1790036404.3888552,ATTITUDE,,,,,,,,,,,,,,,0.11624583601951599,0.16571049392223358,1.5976097583770752,,
1790036404.3906424,RAW_IMU,,,,,,,,,24,-4,-1016,417,-471,121,,,,,
1790036404.4116108,ATTITUDE,,,,,,,,,,,,,,,0.12484163045883179,0.15596546232700348,1.5985527038574219,,
1790036404.4125671,RAW_IMU,,,,,,,,,25,-4,-1015,423,-475,108,,,,,
1790036404.430308,ATTITUDE,,,,,,,,,,,,,,,0.1328209638595581,0.14710569381713867,1.5990577936172485,,
1790036404.4313903,RAW_IMU,,,,,,,,,26,-5,-1014,432,-473,94,,,,,
1790036404.4450107,GLOBAL_POSITION_INT,-35.3608604,149.1681059,591.21,10.002,-0.24,-0.9,0.0,91.62,,,,,,,,,,,
1790036404.445456,GPS_RAW_INT,,,,,,,,,,,,,,,,,,6,10
1790036404.4504566,ATTITUDE,,,,,,,,,,,,,,,0.14168165624141693,0.13766978681087494,1.5991710424423218,,
1790036404.4514675,RAW_IMU,,,,,,,,,26,-5,-1014,443,-465,74,,,,,
1790036404.4708211,ATTITUDE,,,,,,,,,,,,,,,0.1507507562637329,0.12862490117549896,1.5987929105758667,,
1790036404.472577,RAW_IMU,,,,,,,,,27,-6,-1013,457,-448,51,,,,,
1790036404.4913218,ATTITUDE,,,,,,,,,,,,,,,0.16006624698638916,0.12017524242401123,1.5978971719741821,,
1790036404.4932115,RAW_IMU,,,,,,,,,28,-7,-1013,472,-424,26,,,,,
1790036404.5106704,ATTITUDE,,,,,,,,,,,,,,,0.16961772739887238,0.11255788803100586,1.5964877605438232,,
1790036404.5119145,RAW_IMU,,,,,,,,,28,-8,-1013,486,-387,-1,,,,,
1790036404.5262454,ATTITUDE,,,,,,,,,,,,,,,0.17939049005508423,0.10591357946395874,1.5946009159088135,,
1790036404.5277958,RAW_IMU,,,,,,,,,29,-8,-1013,500,-344,-29,,,,,
1790036404.5458033,GLOBAL_POSITION_INT,-35.3608607,149.1681048,591.21,10.002,-0.39,-0.99,0.0,91.25,,,,,,,,,,,
1790036404.5468814,GPS_RAW_INT,,,,,,,,,,,,,,,,,,6,10
1790036404.5489054,ATTITUDE,,,,,,,,,,,,,,,0.1892762929201126,0.10053902119398117,1.5923210382461548,,
1790036404.5501726,RAW_IMU,,,,,,,,,29,-9,-1014,508,-286,-57,,,,,
1790036404.5658154,ATTITUDE,,,,,,,,,,,,,,,0.1991521716117859,0.09649328887462616,1.5897338390350342,,
1790036404.5677552,RAW_IMU,,,,,,,,,30,-10,-1015,509,-224,-82,,,,,
1790036404.5857894,ATTITUDE,,,,,,,,,,,,,,,0.20882214605808258,0.09366124123334885,1.5869280099868774,,
1790036404.5869832,RAW_IMU,,,,,,,,,30,-11,-1016,500,-167,-103,,,,,
1790036404.6058397,ATTITUDE,,,,,,,,,,,,,,,0.21812784671783447,0.09233562648296356,1.5841153860092163,,
1790036404.6077256,RAW_IMU,,,,,,,,,31,-12,-1018,482,-97,-119,,,,,
1790036404.6270757,ATTITUDE,,,,,,,,,,,,,,,0.22687944769859314,0.0927630364894867,1.5815269947052002,,
1790036404.629112,RAW_IMU,,,,,,,,,31,-13,-1019,454,-10,-127,,,,,
1790036404.653232,GLOBAL_POSITION_INT,-35.3608612,149.1681038,591.21,10.003,-0.59,-1.05,0.0,90.5,,,,,,,,,,,
1790036404.6539683,GPS_RAW_INT,,,,,,,,,,,,,,,,,,6,10
1790036404.65495,ATTITUDE,,,,,,,,,,,,,,,0.2349042147397995,0.09479564428329468,1.579327940940857,,
1790036404.6555855,RAW_IMU,,,,,,,,,31,-14,-1021,416,72,-127,,,,,
1790036404.667128,ATTITUDE,,,,,,,,,,,,,,,0.24206146597862244,0.09835264831781387,1.5776996612548828,,
1790036404.6688266,RAW_IMU,,,,,,,,,32,-15,-1023,371,151,-119,,,,,
1790036404.687107,ATTITUDE,,,,,,,,,,,,,,,0.24832135438919067,0.10317037254571915,1.5767847299575806,,
1790036404.688789,RAW_IMU,,,,,,,,,32,-16,-1024,323,222,-101,,,,,
1790036404.707439,ATTITUDE,,,,,,,,,,,,,,,0.2536638081073761,0.10887569189071655,1.5767053365707397,,
1790036404.7086697,RAW_IMU,,,,,,,,,32,-18,-1026,273,275,-74,,,,,
1790036404.729259,ATTITUDE,,,,,,,,,,,,,,,0.2581239938735962,0.11524773389101028,1.5775941610336304,,
1790036404.7312462,RAW_IMU,,,,,,,,,33,-19,-1028,223,319,-38,,,,,
1790036404.7483187,GLOBAL_POSITION_INT,-35.3608618,149.1681026,591.21,10.002,-0.83,-1.12,0.0,90.48,,,,,,,,,,,
1790036404.749275,GPS_RAW_INT,,,,,,,,,,,,,,,,,,6,10
1790036404.7512622,ATTITUDE,,,,,,,,,,,,,,,0.2618100941181183,0.12197162955999374,1.5795481204986572,,
1790036404.7524745,RAW_IMU,,,,,,,,,33,-20,-1030,177,351,6,,,,,
1790036404.7678368,ATTITUDE,,,,,,,,,,,,,,,0.26478374004364014,0.12879878282546997,1.582662582397461,,
1790036404.7690423,RAW_IMU,,,,,,,,,34,-22,-1032,134,371,58,,,,,
1790036404.7877717,ATTITUDE,,,,,,,,,,,,,,,0.26717713475227356,0.13552643358707428,1.5870120525360107,,
1790036404.7895892,RAW_IMU,,,,,,,,,34,-23,-1033,95,383,118,,,,,
1790036404.8074436,ATTITUDE,,,,,,,,,,,,,,,0.26911264657974243,0.14199115335941315,1.5926547050476074,,
1790036404.8089426,RAW_IMU,,,,,,,,,34,-24,-1034,61,388,182,,,,,
1790036404.8273897,ATTITUDE,,,,,,,,,,,,,,,0.27069297432899475,0.14798587560653687,1.599607229232788,,
1790036404.828232,RAW_IMU,,,,,,,,,35,-26,-1036,32,383,249,,,,,
1790036404.8485637,GLOBAL_POSITION_INT,-35.3608627,149.1681013,591.21,10.002,-1.07,-1.23,0.0,92.06,,,,,,,,,,,
1790036404.8500106,GPS_RAW_INT,,,,,,,,,,,,,,,,,,6,10
1790036404.8519828,ATTITUDE,,,,,,,,,,,,,,,0.27207744121551514,0.1535160392522812,1.6079140901565552,,
1790036404.853548,RAW_IMU,,,,,,,,,35,-28,-1036,10,379,319,,,,,
1790036404.8736942,ATTITUDE,,,,,,,,,,,,,,,0.27340883016586304,0.15844391286373138,1.6175575256347656,,
1790036404.8741672,RAW_IMU,,,,,,,,,36,-29,-1037,-5,369,390,,,,,
1790036404.8907452,ATTITUDE,,,,,,,,,,,,,,,0.2746764123439789,0.16270501911640167,1.628514289855957,,
1790036404.8916717,RAW_IMU,,,,,,,,,36,-31,-1037,-20,354,461,,,,,
1790036404.9172106,ATTITUDE,,,,,,,,,,,,,,,0.27596139907836914,0.166286900639534,1.640783667564392,,
1790036404.9189992,RAW_IMU,,,,,,,,,36,-33,-1038,-32,339,531,,,,,
1790036404.927023,ATTITUDE,,,,,,,,,,,,,,,0.27730849385261536,0.16914673149585724,1.654294490814209,,
1790036404.9281833,RAW_IMU,,,,,,,,,37,-35,-1039,-41,322,598,,,,,
1790036404.9481692,GLOBAL_POSITION_INT,-35.3608638,149.1680999,591.21,10.002,-1.3,-1.37,0.0,95.51,,,,,,,,,,,
1790036404.949447,GPS_RAW_INT,,,,,,,,,,,,,,,,,,6,10
1790036404.9518664,ATTITUDE,,,,,,,,,,,,,,,0.2787259519100189,0.1712530255317688,1.6689722537994385,,
1790036404.9539244,RAW_IMU,,,,,,,,,37,-37,-1039,-49,302,664,,,,,
1790036404.9694688,ATTITUDE,,,,,,,,,,,,,,,0.2802868187427521,0.17263543605804443,1.6847505569458008,,
1790036404.971586,RAW_IMU,,,,,,,,,37,-39,-1039,-53,283,725,,,,,
1790036404.9907398,ATTITUDE,,,,,,,,,,,,,,,0.28198590874671936,0.17330580949783325,1.7015492916107178,,
1790036404.9920197,RAW_IMU,,,,,,,,,37,-42,-1039,-56,264,783,,,,,
1790036405.0056884,ATTITUDE,,,,,,,,,,,,,,,0.28387337923049927,0.17325598001480103,1.7192800045013428,,
1790036405.0074584,RAW_IMU,,,,,,,,,37,-44,-1039,-55,244,837,,,,,
1790036405.0266743,ATTITUDE,,,,,,,,,,,,,,,0.28594714403152466,0.17257378995418549,1.7378720045089722,,
1790036405.0284178,RAW_IMU,,,,,,,,,37,-47,-1039,-53,227,887,,,,,
1790036405.0497901,GLOBAL_POSITION_INT,-35.360865,149.1680982,591.21,10.002,-1.52,-1.54,0.0,100.54,,,,,,,,,,,
1790036405.0510573,GPS_RAW_INT,,,,,,,,,,,,,,,,,,6,10
1790036405.0536907,ATTITUDE,,,,,,,,,,,,,,,0.2882239818572998,0.17125728726387024,1.757228970527649,,
1790036405.0549734,RAW_IMU,,,,,,,,,37,-49,-1039,-48,209,932,,,,,
1790036405.0694509,ATTITUDE,,,,,,,,,,,,,,,0.2906402349472046,0.16932280361652374,1.7772608995437622,,
1790036405.0707645,RAW_IMU,,,,,,,,,37,-52,-1038,-46,191,973,,,,,
1790036405.0902514,ATTITUDE,,,,,,,,,,,,,,,0.29322853684425354,0.16684317588806152,1.7978967428207397,,
1790036405.0921102,RAW_IMU,,,,,,,,,37,-54,-1038,-40,176,1009,,,,,
1790036405.1101336,ATTITUDE,,,,,,,,,,,,,,,0.2959545850753784,0.1638217717409134,1.819070816040039,,
1790036405.1112945,RAW_IMU,,,,,,,,,36,-57,-1038,-34,161,1042,,,,,
1790036405.130444,ATTITUDE,,,,,,,,,,,,,,,0.29879799485206604,0.16033010184764862,1.8407024145126343,,
1790036405.1318877,RAW_IMU,,,,,,,,,36,-60,-1037,-29,148,1070,,,,,
1790036405.1569471,GLOBAL_POSITION_INT,-35.3608665,149.1680964,591.21,10.002,-1.72,-1.72,0.0,106.56,,,,,,,,,,,
1790036405.1579802,GPS_RAW_INT,,,,,,,,,,,,,,,,,,6,10
1790036405.1594293,ATTITUDE,,,,,,,,,,,,,,,0.3017745614051819,0.15635301172733307,1.8626973628997803,,
1790036405.1606913,RAW_IMU,,,,,,,,,35,-62,-1037,-21,133,1095,,,,,
1790036405.165773,ATTITUDE,,,,,,,,,,,,,,,0.3048408627510071,0.15198266506195068,1.8850047588348389,,
1790036405.166613,RAW_IMU,,,,,,,,,35,-65,-1036,-14,122,1117,,,,,
1790036405.186187,ATTITUDE,,,,,,,,,,,,,,,0.3079885244369507,0.1472320407629013,1.9075593948364258,,
1790036405.1882973,RAW_IMU,,,,,,,,,34,-68,-1036,-7,112,1135,,,,,
1790036405.2060611,ATTITUDE,,,,,,,,,,,,,,,0.3112131655216217,0.14210696518421173,1.9302984476089478,,
1790036405.208236,RAW_IMU,,,,,,,,,33,-71,-1035,0,101,1150,,,,,
1790036405.226524,ATTITUDE,,,,,,,,,,,,,,,0.3144448697566986,0.13665884733200073,1.953175663948059,,
1790036405.2284296,RAW_IMU,,,,,,,,,32,-74,-1035,5,91,1162,,,,,
1790036405.2444553,GLOBAL_POSITION_INT,-35.3608681,149.1680944,591.21,10.002,-1.91,-1.9,0.0,113.05,,,,,,,,,,,
1790036405.2446449,GPS_RAW_INT,,,,,,,,,,,,,,,,,,6,10
1790036405.2498572,ATTITUDE,,,,,,,,,,,,,,,0.3177099823951721,0.13090075552463531,1.9761395454406738,,
1790036405.250417,RAW_IMU,,,,,,,,,31,-77,-1034,12,82,1172,,,,,
1790036405.2675724,ATTITUDE,,,,,,,,,,,,,,,0.3209789991378784,0.12487374246120453,1.9991565942764282,,
1790036405.2680097,RAW_IMU,,,,,,,,,30,-80,-1033,19,74,1179,,,,,
1790036405.2851825,ATTITUDE,,,,,,,,,,,,,,,0.32421809434890747,0.11859717965126038,2.022183656692505,,
1790036405.2856958,RAW_IMU,,,,,,,,,28,-82,-1032,24,67,1184,,,,,
1790036405.3110168,ATTITUDE,,,,,,,,,,,,,,,0.3278014659881592,0.11126963794231415,2.048085927963257,,
1790036405.3126094,RAW_IMU,,,,,,,,,27,-86,-1032,30,59,1188,,,,,
1790036405.3317106,ATTITUDE,,,,,,,,,,,,,,,0.33092549443244934,0.10454174131155014,2.0710630416870117,,
1790036405.3327436,RAW_IMU,,,,,,,,,25,-88,-1031,35,53,1190,,,,,
1790036405.3454988,GLOBAL_POSITION_INT,-35.3608698,149.1680922,591.21,10.002,-2.09,-2.09,0.0,119.64,,,,,,,,,,,
1790036405.346682,GPS_RAW_INT,,,,,,,,,,,,,,,,,,6,10
1790036405.3515356,ATTITUDE,,,,,,,,,,,,,,,0.3339265286922455,0.09760487824678421,2.0939605236053467,,
1790036405.35248,RAW_IMU,,,,,,,,,24,-91,-1031,37,46,1191,,,,,
1790036405.371587,ATTITUDE,,,,,,,,,,,,,,,0.33661893010139465,0.09045165032148361,2.1167492866516113,,
1790036405.3727589,RAW_IMU,,,,,,,,,22,-94,-1030,31,38,1190,,,,,
1790036405.3917325,ATTITUDE,,,,,,,,,,,,,,,0.338871031999588,0.08306920528411865,2.139401435852051,,
1790036405.3931246,RAW_IMU,,,,,,,,,21,-97,-1029,18,28,1188,,,,,
1790036405.4210496,ATTITUDE,,,,,,,,,,,,,,,0.3404470384120941,0.07548492401838303,2.1619057655334473,,
1790036405.4230702,RAW_IMU,,,,,,,,,19,-100,-1029,-5,18,1185,,,,,
1790036405.4329376,ATTITUDE,,,,,,,,,,,,,,,0.34125033020973206,0.0677390918135643,2.184260606765747,,
1790036405.4349563,RAW_IMU,,,,,,,,,18,-103,-1028,-34,10,1182,,,,,
1790036405.447039,GLOBAL_POSITION_INT,-35.3608718,149.1680898,591.21,10.003,-2.26,-2.27,0.0,126.1,,,,,,,,,,,
1790036405.4479444,GPS_RAW_INT,,,,,,,,,,,,,,,,,,6,10
1790036405.4528756,ATTITUDE,,,,,,,,,,,,,,,0.3412395119667053,0.05986537039279938,2.206463098526001,,
1790036405.453806,RAW_IMU,,,,,,,,,16,-105,-1027,-66,2,1177,,,,,
1790036405.4679425,ATTITUDE,,,,,,,,,,,,,,,0.34038951992988586,0.05189111828804016,2.228515625,,
1790036405.4692752,RAW_IMU,,,,,,,,,14,-108,-1026,-99,-4,1173,,,,,
1790036405.489088,ATTITUDE,,,,,,,,,,,,,,,0.3386874794960022,0.043883658945560455,2.2504310607910156,,
1790036405.4904382,RAW_IMU,,,,,,,,,12,-111,-1025,-132,-10,1167,,,,,
1790036405.5107841,ATTITUDE,,,,,,,,,,,,,,,0.33615797758102417,0.03591178357601166,2.272238254547119,,
1790036405.5122283,RAW_IMU,,,,,,,,,10,-113,-1024,-165,-12,1162,,,,,
1790036405.5309584,ATTITUDE,,,,,,,,,,,,,,,0.3328761160373688,0.027964645996689796,2.2939229011535645,,
1790036405.532037,RAW_IMU,,,,,,,,,8,-116,-1022,-194,-17,1156,,,,,
1790036405.5453377,GLOBAL_POSITION_INT,-35.3608738,149.1680872,591.21,10.004,-2.41,-2.43,0.0,132.36,,,,,,,,,,,
1790036405.5463626,GPS_RAW_INT,,,,,,,,,,,,,,,,,,6,10
1790036405.5518444,ATTITUDE,,,,,,,,,,,,,,,0.3288666605949402,0.02020392194390297,2.3155336380004883,,
1790036405.5536382,RAW_IMU,,,,,,,,,6,-118,-1021,-221,-13,1149,,,,,
1790036405.5718195,ATTITUDE,,,,,,,,,,,,,,,0.32419297099113464,0.012553239241242409,2.3370444774627686,,
1790036405.5736341,RAW_IMU,,,,,,,,,5,-121,-1019,-247,-14,1143,,,,,
1790036405.5935695,ATTITUDE,,,,,,,,,,,,,,,0.3189559578895569,0.005173846147954464,2.3585076332092285,,
1790036405.5948665,RAW_IMU,,,,,,,,,3,-123,-1017,-267,-9,1136,,,,,
1790036405.6126363,ATTITUDE,,,,,,,,,,,,,,,0.3132561445236206,-0.001987566938623786,2.3799073696136475,,
1790036405.6147437,RAW_IMU,,,,,,,,,1,-125,-1015,-283,-5,1130,,,,,
1790036405.6283793,ATTITUDE,,,,,,,,,,,,,,,0.3071548044681549,-0.008831297978758812,2.4012742042541504,,
1790036405.6297889,RAW_IMU,,,,,,,,,0,-127,-1012,-296,1,1124,,,,,
1790036405.6612794,GLOBAL_POSITION_INT,-35.360876,149.1680844,591.21,10.005,-2.55,-2.57,0.0,138.5,,,,,,,,,,,
1790036405.6620302,GPS_RAW_INT,,,,,,,,,,,,,,,,,,6,10
1790036405.6623087,ATTITUDE,,,,,,,,,,,,,,,0.30074766278266907,-0.015317716635763645,2.4226205348968506,,
1790036405.6629736,RAW_IMU,,,,,,,,,-2,-129,-1010,-304,12,1117,,,,,
1790036405.6695633,ATTITUDE,,,,,,,,,,,,,,,0.29407835006713867,-0.02148459292948246,2.4439358711242676,,
1790036405.6709743,RAW_IMU,,,,,,,,,-4,-131,-1009,-311,19,1111,,,,,
1790036405.6904118,ATTITUDE,,,,,,,,,,,,,,,0.2871954143047333,-0.02730477973818779,2.4652292728424072,,
1790036405.692243,RAW_IMU,,,,,,,,,-7,-132,-1006,-315,28,1105,,,,,
1790036405.711015,ATTITUDE,,,,,,,,,,,,,,,0.2801293730735779,-0.03275413066148758,2.4865143299102783,,
1790036405.7119966,RAW_IMU,,,,,,,,,-9,-133,-1005,-318,37,1099,,,,,
1790036405.7316542,ATTITUDE,,,,,,,,,,,,,,,0.27281293272972107,-0.03782423958182335,2.507789373397827,,
1790036405.7329679,RAW_IMU,,,,,,,,,-11,-135,-1003,-324,48,1093,,,,,
1790036405.7452533,GLOBAL_POSITION_INT,-35.3608784,149.1680815,591.21,10.006,-2.65,-2.68,-0.01,144.59,,,,,,,,,,,
1790036405.746116,GPS_RAW_INT,,,,,,,,,,,,,,,,,,6,10
1790036405.7514143,ATTITUDE,,,,,,,,,,,,,,,0.2652355432510376,-0.042496077716350555,2.52905535697937,,
1790036405.752701,RAW_IMU,,,,,,,,,-13,-135,-1001,-332,58,1088,,,,,
1790036405.7714946,ATTITUDE,,,,,,,,,,,,,,,0.2573072016239166,-0.04673667997121811,2.5503270626068115,,
1790036405.7727659,RAW_IMU,,,,,,,,,-16,-136,-1000,-345,71,1083,,,,,
1790036405.7913806,ATTITUDE,,,,,,,,,,,,,,,0.24909257888793945,-0.050550226122140884,2.5715994834899902,,
1790036405.7924664,RAW_IMU,,,,,,,,,-18,-137,-998,-355,83,1078,,,,,
1790036405.8119273,ATTITUDE,,,,,,,,,,,,,,,0.24051888287067413,-0.05389006808400154,2.5928850173950195,,
1790036405.8138134,RAW_IMU,,,,,,,,,-21,-138,-997,-369,97,1073,,,,,
1790036405.8318775,ATTITUDE,,,,,,,,,,,,,,,0.2315523773431778,-0.05673645809292793,2.6141865253448486,,
1790036405.8337872,RAW_IMU,,,,,,,,,-24,-138,-995,-385,111,1069,,,,,
1790036405.8454173,GLOBAL_POSITION_INT,-35.3608808,149.1680786,591.21,10.007,-2.74,-2.75,-0.01,150.69,,,,,,,,,,,
1790036405.846891,GPS_RAW_INT,,,,,,,,,,,,,,,,,,6,10
1790036405.8514225,ATTITUDE,,,,,,,,,,,,,,,0.2222672700881958,-0.05907509848475456,2.6355035305023193,,
1790036405.8524384,RAW_IMU,,,,,,,,,-26,-138,-994,-399,127,1065,,,,,
1790036405.8721864,ATTITUDE,,,,,,,,,,,,,,,0.2126343548297882,-0.06089230254292488,2.6568405628204346,,
1790036405.873369,RAW_IMU,,,,,,,,,-29,-138,-993,-414,142,1061,,,,,
1790036405.891682,ATTITUDE,,,,,,,,,,,,,,,0.20269030332565308,-0.06217820942401886,2.678194761276245,,
1790036405.8926842,RAW_IMU,,,,,,,,,-32,-138,-991,-428,158,1058,,,,,
1790036405.9148617,ATTITUDE,,,,,,,,,,,,,,,0.1924986094236374,-0.06291293352842331,2.6995744705200195,,
1790036405.9159443,RAW_IMU,,,,,,,,,-34,-138,-991,-439,174,1055,,,,,
1790036405.9327486,ATTITUDE,,,,,,,,,,,,,,,0.18206605315208435,-0.063100665807724,2.7209677696228027,,
1790036405.9337301,RAW_IMU,,,,,,,,,-37,-137,-989,-451,191,1052,,,,,
1790036405.9467719,GLOBAL_POSITION_INT,-35.3608832,149.1680755,591.21,10.009,-2.79,-2.79,0.0,156.81,,,,,,,,,,,
1790036405.9477909,GPS_RAW_INT,,,,,,,,,,,,,,,,,,6,10
1790036405.9494865,ATTITUDE,,,,,,,,,,,,,,,0.17142607271671295,-0.06273442506790161,2.7423694133758545,,
1790036405.9511888,RAW_IMU,,,,,,,,,-40,-136,-989,-461,207,1050,,,,,
1790036405.9728057,ATTITUDE,,,,,,,,,,,,,,,0.16062340140342712,-0.0618012472987175,2.763777494430542,,
1790036405.9743624,RAW_IMU,,,,,,,,,-43,-136,-988,-470,224,1047,,,,,
1790036405.9927588,ATTITUDE,,,,,,,,,,,,,,,0.1497873216867447,-0.06033633276820183,2.7851815223693848,,
1790036405.9940767,RAW_IMU,,,,,,,,,-46,-135,-988,-474,239,1045,,,,,
1790036406.0131152,ATTITUDE,,,,,,,,,,,,,,,0.13884100317955017,-0.05830303579568863,2.806579828262329,,
1790036406.0147157,RAW_IMU,,,,,,,,,-48,-133,-987,-480,255,1044,,,,,
1790036406.0283585,ATTITUDE,,,,,,,,,,,,,,,0.1278228461742401,-0.05571502819657326,2.827965259552002,,
1790036406.0298216,RAW_IMU,,,,,,,,,-51,-132,-987,-487,271,1042,,,,,
1790036406.0477035,GLOBAL_POSITION_INT,-35.3608857,149.1680724,591.22,10.01,-2.8,-2.79,0.0,162.94,,,,,,,,,,,
1790036406.049019,GPS_RAW_INT,,,,,,,,,,,,,,,,,,6,10
1790036406.0511765,ATTITUDE,,,,,,,,,,,,,,,0.11681575328111649,-0.0526108480989933,2.8493282794952393,,
1790036406.0525515,RAW_IMU,,,,,,,,,-54,-130,-987,-489,286,1041,,,,,
1790036406.068228,ATTITUDE,,,,,,,,,,,,,,,0.10579707473516464,-0.04895723983645439,2.87066650390625,,
1790036406.0703335,RAW_IMU,,,,,,,,,-57,-128,-987,-494,301,1040,,,,,
1790036406.089671,ATTITUDE,,,,,,,,,,,,,,,0.09483662247657776,-0.04477323591709137,2.8919765949249268,,
1790036406.0915596,RAW_IMU,,,,,,,,,-60,-126,-987,-495,316,1040,,,,,
1790036406.1096659,ATTITUDE,,,,,,,,,,,,,,,0.08395267277956009,-0.04009387269616127,2.9132564067840576,,
1790036406.1117775,RAW_IMU,,,,,,,,,-62,-124,-987,-496,329,1039,,,,,
1790036406.1309474,ATTITUDE,,,,,,,,,,,,,,,0.07325001060962677,-0.03488697484135628,2.934494733810425,,
1790036406.1332767,RAW_IMU,,,,,,,,,-65,-122,-987,-493,344,1039,,,,,
1790036406.1581218,GLOBAL_POSITION_INT,-35.3608882,149.1680694,591.22,10.01,-2.77,-2.76,0.0,169.04,,,,,,,,,,,
1790036406.1593223,GPS_RAW_INT,,,,,,,,,,,,,,,,,,6,10
1790036406.160082,ATTITUDE,,,,,,,,,,,,,,,0.06267254054546356,-0.029175391420722008,2.955690622329712,,
1790036406.160888,RAW_IMU,,,,,,,,,-67,-120,-988,-492,358,1039,,,,,
1790036406.170557,ATTITUDE,,,,,,,,,,,,,,,0.052308786660432816,-0.02305230312049389,2.9768311977386475,,
1790036406.1722806,RAW_IMU,,,,,,,,,-70,-117,-988,-489,368,1039,,,,,
1790036406.1907375,ATTITUDE,,,,,,,,,,,,,,,0.042137034237384796,-0.01646706461906433,2.9979207515716553,,
1790036406.1919835,RAW_IMU,,,,,,,,,-72,-115,-989,-485,380,1039,,,,,
1790036406.210989,ATTITUDE,,,,,,,,,,,,,,,0.03222666680812836,-0.00942819844931364,3.0189528465270996,,
1790036406.2119155,RAW_IMU,,,,,,,,,-74,-112,-991,-480,392,1039,,,,,
1790036406.2316768,ATTITUDE,,,,,,,,,,,,,,,0.022508999332785606,-0.002012477954849601,3.0399281978607178,,
1790036406.2328558,RAW_IMU,,,,,,,,,-77,-109,-992,-477,401,1039,,,,,
1790036406.2455485,GLOBAL_POSITION_INT,-35.3608907,149.1680663,591.22,10.01,-2.7,-2.7,0.0,175.07,,,,,,,,,,,
1790036406.2462249,GPS_RAW_INT,,,,,,,,,,,,,,,,,,6,10
1790036406.2515316,ATTITUDE,,,,,,,,,,,,,,,0.013108955696225166,0.005876633338630199,3.0608456134796143,,
1790036406.253088,RAW_IMU,,,,,,,,,-78,-106,-993,-470,414,1040,,,,,
1790036406.2714043,ATTITUDE,,,,,,,,,,,,,,,0.0040087890811264515,0.014126344583928585,3.0817031860351562,,
1790036406.2725313,RAW_IMU,,,,,,,,,-80,-103,-995,-463,423,1041,,,,,
1790036406.2913268,ATTITUDE,,,,,,,,,,,,,,,-0.004830607213079929,0.022788777947425842,3.1025028228759766,,
1790036406.2925029,RAW_IMU,,,,,,,,,-82,-100,-996,-459,434,1041,,,,,
1790036406.3116946,ATTITUDE,,,,,,,,,,,,,,,-0.013288721442222595,0.031793151050806046,3.1232516765594482,,
1790036406.3131387,RAW_IMU,,,,,,,,,-84,-96,-998,-450,443,1042,,,,,
1790036406.332823,ATTITUDE,,,,,,,,,,,,,,,-0.021410882472991943,0.04114356264472008,-3.1392385959625244,,
1790036406.3339212,RAW_IMU,,,,,,,,,-85,-93,-1001,-442,451,1043,,,,,
1790036406.3465993,GLOBAL_POSITION_INT,-35.360893,149.1680634,591.21,10.009,-2.59,-2.6,0.01,181.03,,,,,,,,,,,
1790036406.3473718,GPS_RAW_INT,,,,,,,,,,,,,,,,,,6,10
1790036406.3527846,ATTITUDE,,,,,,,,,,,,,,,-0.02925846539437771,0.05084297060966492,-3.118597984313965,,
1790036406.3543508,RAW_IMU,,,,,,,,,-86,-90,-1002,-438,461,1044,,,,,
1790036406.3727975,ATTITUDE,,,,,,,,,,,,,,,-0.036707803606987,0.060860488563776016,-3.0980091094970703,,
1790036406.3740861,RAW_IMU,,,,,,,,,-88,-87,-1005,-429,468,1045,,,,,
1790036406.392898,ATTITUDE,,,,,,,,,,,,,,,-0.04382387548685074,0.07119493186473846,-3.077467203140259,,
1790036406.3939664,RAW_IMU,,,,,,,,,-89,-83,-1007,-421,477,1046,,,,,
1790036406.4134326,ATTITUDE,,,,,,,,,,,,,,,-0.05060720816254616,0.08179447799921036,-3.0569701194763184,,
1790036406.4151633,RAW_IMU,,,,,,,,,-89,-80,-1010,-416,483,1047,,,,,
1790036406.4284487,ATTITUDE,,,,,,,,,,,,,,,-0.05698029696941376,0.09269754588603973,-3.0365183353424072,,
1790036406.4299312,RAW_IMU,,,,,,,,,-90,-76,-1012,-406,492,1048,,,,,
1790036406.447527,GLOBAL_POSITION_INT,-35.3608953,149.1680606,591.21,10.008,-2.44,-2.47,0.01,186.9,,,,,,,,,,,
1790036406.4484894,GPS_RAW_INT,,,,,,,,,,,,,,,,,,6,10
1790036406.450357,ATTITUDE,,,,,,,,,,,,,,,-0.06293797492980957,0.10379836708307266,-3.016098737716675,,
1790036406.451034,RAW_IMU,,,,,,,,,-90,-73,-1015,-396,496,1049,,,,,
1790036406.468443,ATTITUDE,,,,,,,,,,,,,,,-0.06827599555253983,0.11491125077009201,-2.9956955909729004,,
1790036406.469951,RAW_IMU,,,,,,,,,-90,-69,-1018,-377,491,1050,,,,,
1790036406.489554,ATTITUDE,,,,,,,,,,,,,,,-0.07294915616512299,0.12586195766925812,-2.9752840995788574,,
1790036406.491497,RAW_IMU,,,,,,,,,-90,-66,-1022,-355,478,1051,,,,,
1790036406.509821,ATTITUDE,,,,,,,,,,,,,,,-0.07650056481361389,0.1356714516878128,-2.9565439224243164,,
1790036406.5107858,RAW_IMU,,,,,,,,,-90,-63,-1025,-329,463,1052,,,,,
1790036406.5299678,ATTITUDE,,,,,,,,,,,,,,,-0.07958216220140457,0.1459513008594513,-2.936051607131958,,
1790036406.5312066,RAW_IMU,,,,,,,,,-90,-60,-1028,-298,438,1052,,,,,
1790036406.5452354,GLOBAL_POSITION_INT,-35.3608974,149.1680579,591.21,10.006,-2.26,-2.3,0.01,192.76,,,,,,,,,,,
1790036406.5464225,GPS_RAW_INT,,,,,,,,,,,,,,,,,,6,10
1790036406.5496762,ATTITUDE,,,,,,,,,,,,,,,-0.0818239375948906,0.15564841032028198,-2.9154863357543945,,
1790036406.550752,RAW_IMU,,,,,,,,,-89,-57,-1030,-267,406,1053,,,,,
1790036406.5701256,ATTITUDE,,,,,,,,,,,,,,,-0.08323653042316437,0.16474950313568115,-2.8948371410369873,,
1790036406.5713377,RAW_IMU,,,,,,,,,-89,-54,-1033,-235,374,1054,,,,,
1790036406.5899396,ATTITUDE,,,,,,,,,,,,,,,-0.08383315801620483,0.17315535247325897,-2.8740878105163574,,
1790036406.5915282,RAW_IMU,,,,,,,,,-88,-51,-1036,-204,338,1055,,,,,
1790036406.6098292,ATTITUDE,,,,,,,,,,,,,,,-0.08369145542383194,0.18085917830467224,-2.8532347679138184,,
1790036406.6107268,RAW_IMU,,,,,,,,,-87,-48,-1038,-176,303,1056,,,,,
1790036406.6308784,ATTITUDE,,,,,,,,,,,,,,,-0.08279652893543243,0.1878461390733719,-2.832275390625,,
1790036406.6325305,RAW_IMU,,,,,,,,,-86,-45,-1041,-147,267,1057,,,,,
1790036406.660313,GLOBAL_POSITION_INT,-35.3608993,149.1680555,591.21,10.004,-2.04,-2.1,0.02,198.73,,,,,,,,,,,
1790036406.6621428,GPS_RAW_INT,,,,,,,,,,,,,,,,,,6,10
1790036406.663184,ATTITUDE,,,,,,,,,,,,,,,-0.08127743750810623,0.19411598145961761,-2.8112080097198486,,
1790036406.6645553,RAW_IMU,,,,,,,,,-85,-42,-1042,-123,232,1058,,,,,
1790036406.6671653,ATTITUDE,,,,,,,,,,,,,,,-0.0791364386677742,0.19966979324817657,-2.7900400161743164,,
1790036406.668079,RAW_IMU,,,,,,,,,-84,-39,-1044,-99,198,1058,,,,,
1790036406.6875887,ATTITUDE,,,,,,,,,,,,,,,-0.07647238671779633,0.20455241203308105,-2.7687771320343018,,
1790036406.6887307,RAW_IMU,,,,,,,,,-83,-37,-1046,-79,167,1059,,,,,
1790036406.7076564,ATTITUDE,,,,,,,,,,,,,,,-0.07330892980098724,0.20875227451324463,-2.747413158416748,,
1790036406.708402,RAW_IMU,,,,,,,,,-81,-34,-1047,-60,136,1059,,,,,
1790036406.7276056,ATTITUDE,,,,,,,,,,,,,,,-0.06978552788496017,0.21235501766204834,-2.725966691970825,,
1790036406.7282844,RAW_IMU,,,,,,,,,-80,-32,-1048,-47,109,1060,,,,,
1790036406.7475288,GLOBAL_POSITION_INT,-35.3609011,149.1680532,591.21,10.002,-1.82,-1.9,0.01,204.85,,,,,,,,,,,
1790036406.7487333,GPS_RAW_INT,,,,,,,,,,,,,,,,,,6,10
1790036406.7501428,ATTITUDE,,,,,,,,,,,,,,,-0.06597520411014557,0.21534627676010132,-2.7044477462768555,,
1790036406.7511015,RAW_IMU,,,,,,,,,-79,-29,-1048,-37,82,1060,,,,,
1790036406.7676845,ATTITUDE,,,,,,,,,,,,,,,-0.061902109533548355,0.21783217787742615,-2.6828713417053223,,
1790036406.7699413,RAW_IMU,,,,,,,,,-77,-27,-1048,-27,61,1061,,,,,
1790036406.7883456,ATTITUDE,,,,,,,,,,,,,,,-0.05758686736226082,0.21986444294452667,-2.6612536907196045,,
1790036406.7894695,RAW_IMU,,,,,,,,,-75,-25,-1049,-18,42,1061,,,,,
1790036406.8081567,ATTITUDE,,,,,,,,,,,,,,,-0.053158603608608246,0.22150957584381104,-2.6396002769470215,,
1790036406.8092299,RAW_IMU,,,,,,,,,-74,-23,-1049,-13,27,1061,,,,,
1790036406.8300896,ATTITUDE,,,,,,,,,,,,,,,-0.04859432205557823,0.22287046909332275,-2.6179282665252686,,
1790036406.8323843,RAW_IMU,,,,,,,,,-72,-21,-1049,-9,17,1060,,,,,
1790036406.846535,GLOBAL_POSITION_INT,-35.3609026,149.1680512,591.21,10.0,-1.6,-1.69,0.01,211.1,,,,,,,,,,,
1790036406.8478746,GPS_RAW_INT,,,,,,,,,,,,,,,,,,6,10
1790036406.8494856,ATTITUDE,,,,,,,,,,,,,,,-0.0440032072365284,0.22392845153808594,-2.596238136291504,,
1790036406.85053,RAW_IMU,,,,,,,,,-70,-20,-1048,-8,8,1060,,,,,
1790036406.867938,ATTITUDE,,,,,,,,,,,,,,,-0.03933779522776604,0.22465965151786804,-2.5745348930358887,,
1790036406.8694682,RAW_IMU,,,,,,,,,-69,-18,-1048,-6,-3,1060,,,,,
1790036406.888998,ATTITUDE,,,,,,,,,,,,,,,-0.03462112322449684,0.22509121894836426,-2.5528295040130615,,
1790036406.8898723,RAW_IMU,,,,,,,,,-67,-16,-1048,-3,-13,1060,,,,,
1790036406.9152427,ATTITUDE,,,,,,,,,,,,,,,-0.02992246486246586,0.22525806725025177,-2.5311343669891357,,
1790036406.916213,RAW_IMU,,,,,,,,,-65,-15,-1047,-6,-21,1059,,,,,
1790036406.9263752,ATTITUDE,,,,,,,,,,,,,,,-0.025218689814209938,0.22521771490573883,-2.509502649307251,,
1790036406.927695,RAW_IMU,,,,,,,,,-63,-13,-1047,-5,-27,1056,,,,,
1790036406.9464707,GLOBAL_POSITION_INT,-35.360904,149.1680493,591.2,9.998,-1.39,-1.49,0.01,217.3,,,,,,,,,,,
1790036406.9480634,GPS_RAW_INT,,,,,,,,,,,,,,,,,,6,10
1790036406.9504359,ATTITUDE,,,,,,,,,,,,,,,-0.02058066427707672,0.22501376271247864,-2.488006591796875,,
1790036406.9523177,RAW_IMU,,,,,,,,,-61,-12,-1046,-6,-30,1049,,,,,
1790036406.9678006,ATTITUDE,,,,,,,,,,,,,,,-0.01601162552833557,0.22469541430473328,-2.4667465686798096,,
1790036406.969873,RAW_IMU,,,,,,,,,-60,-10,-1045,-7,-31,1038,,,,,
1790036406.9887555,ATTITUDE,,,,,,,,,,,,,,,-0.011584564112126827,0.22427888214588165,-2.445841073989868,,
1790036406.9906063,RAW_IMU,,,,,,,,,-58,-9,-1044,-9,-31,1022,,,,,
1790036407.0093417,ATTITUDE,,,,,,,,,,,,,,,-0.007318152114748955,0.22379915416240692,-2.425417900085449,,
1790036407.0113857,RAW_IMU,,,,,,,,,-56,-8,-1044,-12,-29,999,,,,,
1790036407.0294828,ATTITUDE,,,,,,,,,,,,,,,-0.003224293701350689,0.22329527139663696,-2.40561842918396,,
1790036407.0309017,RAW_IMU,,,,,,,,,-54,-7,-1043,-13,-26,969,,,,,
1790036407.0489104,GLOBAL_POSITION_INT,-35.3609052,149.1680477,591.2,9.997,-1.19,-1.3,0.0,223.13,,,,,,,,,,,
1790036407.0506043,GPS_RAW_INT,,,,,,,,,,,,,,,,,,6,10
1790036407.0528984,ATTITUDE,,,,,,,,,,,,,,,0.0006511356332339346,0.22278434038162231,-2.386587381362915,,
1790036407.0552785,RAW_IMU,,,,,,,,,-53,-6,-1042,-15,-23,932,,,,,
1790036407.0717483,ATTITUDE,,,,,,,,,,,,,,,0.004301465582102537,0.2222580909729004,-2.368469715118408,,
1790036407.0723784,RAW_IMU,,,,,,,,,-51,-5,-1042,-15,-20,888,,,,,
1790036407.086446,ATTITUDE,,,,,,,,,,,,,,,0.007685831282287836,0.22176410257816315,-2.3514134883880615,,
1790036407.0881054,RAW_IMU,,,,,,,,,-49,-5,-1041,-16,-16,837,,,,,
1790036407.1072068,ATTITUDE,,,,,,,,,,,,,,,0.010811751708388329,0.2212681919336319,-2.33555269241333,,
1790036407.1082416,RAW_IMU,,,,,,,,,-47,-4,-1040,-16,-13,779,,,,,
1790036407.1279023,ATTITUDE,,,,,,,,,,,,,,,0.013628528453409672,0.22083210945129395,-2.3210084438323975,,
1790036407.13116,RAW_IMU,,,,,,,,,-45,-3,-1039,-17,-9,716,,,,,
1790036407.1611857,GLOBAL_POSITION_INT,-35.3609061,149.1680463,591.2,9.996,-1.0,-1.11,0.0,227.68,,,,,,,,,,,
1790036407.161859,GPS_RAW_INT,,,,,,,,,,,,,,,,,,6,10
1790036407.1626594,ATTITUDE,,,,,,,,,,,,,,,0.016119379550218582,0.22051270306110382,-2.307868719100952,,
1790036407.1638682,RAW_IMU,,,,,,,,,-44,-3,-1039,-18,-2,647,,,,,
1790036407.1673756,ATTITUDE,,,,,,,,,,,,,,,0.018278036266565323,0.22025692462921143,-2.296187400817871,,
1790036407.1683817,RAW_IMU,,,,,,,,,-42,-2,-1038,-18,0,576,,,,,
1790036407.1871219,ATTITUDE,,,,,,,,,,,,,,,0.02007269114255905,0.22011056542396545,-2.2859909534454346,,
1790036407.1879363,RAW_IMU,,,,,,,,,-40,-2,-1038,-20,5,504,,,,,
1790036407.2064013,ATTITUDE,,,,,,,,,,,,,,,0.021559687331318855,0.22007709741592407,-2.277268648147583,,
1790036407.207671,RAW_IMU,,,,,,,,,-38,-2,-1037,-19,10,431,,,,,
1790036407.2258286,ATTITUDE,,,,,,,,,,,,,,,0.022678326815366745,0.21999385952949524,-2.2699925899505615,,
1790036407.2268093,RAW_IMU,,,,,,,,,-36,-2,-1037,-21,8,360,,,,,
1790036407.2447867,GLOBAL_POSITION_INT,-35.360907,149.1680451,591.2,9.995,-0.81,-0.94,0.0,230.24,,,,,,,,,,,
1790036407.2459068,GPS_RAW_INT,,,,,,,,,,,,,,,,,,6,10
1790036407.250885,ATTITUDE,,,,,,,,,,,,,,,0.02347267046570778,0.21958164870738983,-2.264119863510132,,
1790036407.251864,RAW_IMU,,,,,,,,,-35,-2,-1036,-22,-9,292,,,,,
1790036407.27025,ATTITUDE,,,,,,,,,,,,,,,0.023926129564642906,0.21874187886714935,-2.2595813274383545,,
1790036407.2716365,RAW_IMU,,,,,,,,,-33,-2,-1036,-24,-32,227,,,,,
1790036407.2894936,ATTITUDE,,,,,,,,,,,,,,,0.02403765544295311,0.21731680631637573,-2.256308078765869,,
1790036407.2905078,RAW_IMU,,,,,,,,,-32,-2,-1035,-27,-62,166,,,,,
1790036407.3096786,ATTITUDE,,,,,,,,,,,,,,,0.023849353194236755,0.2152511179447174,-2.254215955734253,,
1790036407.3104844,RAW_IMU,,,,,,,,,-30,-1,-1034,-30,-95,109,,,,,
1790036407.329482,ATTITUDE,,,,,,,,,,,,,,,0.02337723784148693,0.21254342794418335,-2.253202438354492,,
1790036407.330273,RAW_IMU,,,,,,,,,-28,-2,-1033,-33,-129,57,,,,,
1790036407.3482804,GLOBAL_POSITION_INT,-35.3609076,149.1680441,591.2,9.994,-0.64,-0.77,0.0,230.91,,,,,,,,,,,
1790036407.349142,GPS_RAW_INT,,,,,,,,,,,,,,,,,,6,10
1790036407.3502803,ATTITUDE,,,,,,,,,,,,,,,0.022608831524848938,0.20913662016391754,-2.2531659603118896,,
1790036407.3512404,RAW_IMU,,,,,,,,,-27,-2,-1032,-37,-165,10,,,,,
1790036407.3685489,ATTITUDE,,,,,,,,,,,,,,,0.021580372005701065,0.20507574081420898,-2.254002571105957,,
1790036407.3693953,RAW_IMU,,,,,,,,,-25,-2,-1031,-41,-199,-31,,,,,
1790036407.3890154,ATTITUDE,,,,,,,,,,,,,,,0.020165035501122475,0.1997402012348175,-2.2558634281158447,,
1790036407.3898265,RAW_IMU,,,,,,,,,-24,-2,-1030,-45,-235,-72,,,,,
1790036407.4090552,ATTITUDE,,,,,,,,,,,,,,,0.018714534118771553,0.19440196454524994,-2.2582173347473145,,
1790036407.410443,RAW_IMU,,,,,,,,,-22,-2,-1028,-48,-264,-105,,,,,
1790036407.4288223,ATTITUDE,,,,,,,,,,,,,,,0.017119422554969788,0.18852129578590393,-2.261127471923828,,
1790036407.430267,RAW_IMU,,,,,,,,,-21,-2,-1027,-50,-291,-133,,,,,
1790036407.4478111,GLOBAL_POSITION_INT,-35.3609082,149.1680432,591.2,9.994,-0.49,-0.61,0.0,230.31,,,,,,,,,,,
1790036407.4492233,GPS_RAW_INT,,,,,,,,,,,,,,,,,,6,10
1790036407.4506369,ATTITUDE,,,,,,,,,,,,,,,0.015416603535413742,0.1822318732738495,-2.2644970417022705,,
1790036407.452225,RAW_IMU,,,,,,,,,-20,-2,-1025,-52,-312,-156,,,,,
1790036407.4732466,ATTITUDE,,,,,,,,,,,,,,,0.013671272434294224,0.1755422055721283,-2.268239736557007,,
1790036407.474204,RAW_IMU,,,,,,,,,-19,-3,-1023,-52,-332,-175,,,,,
1790036407.49738,ATTITUDE,,,,,,,,,,,,,,,0.01190202683210373,0.16853538155555725,-2.2722747325897217,,
1790036407.4986157,RAW_IMU,,,,,,,,,-18,-3,-1021,-52,-349,-190,,,,,
1790036407.51111,ATTITUDE,,,,,,,,,,,,,,,0.010186830535531044,0.16128835082054138,-2.2765419483184814,,
1790036407.5130055,RAW_IMU,,,,,,,,,-16,-3,-1020,-50,-361,-202,,,,,
1790036407.5301206,ATTITUDE,,,,,,,,,,,,,,,0.00847757700830698,0.15385664999485016,-2.2809531688690186,,
1790036407.531406,RAW_IMU,,,,,,,,,-15,-3,-1018,-50,-370,-210,,,,,
1790036407.543546,GLOBAL_POSITION_INT,-35.3609085,149.1680425,591.2,9.994,-0.37,-0.49,0.0,229.12,,,,,,,,,,,
1790036407.5442824,GPS_RAW_INT,,,,,,,,,,,,,,,,,,6,10
1790036407.549868,ATTITUDE,,,,,,,,,,,,,,,0.006828485522419214,0.1463315784931183,-2.2854421138763428,,
1790036407.5517309,RAW_IMU,,,,,,,,,-14,-3,-1016,-48,-375,-215,,,,,
1790036407.5702472,ATTITUDE,,,,,,,,,,,,,,,0.005228637717664242,0.1388007551431656,-2.289954900741577,,
1790036407.5717988,RAW_IMU,,,,,,,,,-13,-3,-1015,-47,-375,-217,,,,,
1790036407.5901344,ATTITUDE,,,,,,,,,,,,,,,0.0036934567615389824,0.1312769204378128,-2.2944443225860596,,
1790036407.5910628,RAW_IMU,,,,,,,,,-13,-3,-1013,-46,-374,-217,,,,,
1790036407.609109,ATTITUDE,,,,,,,,,,,,,,,0.002235190710052848,0.12380527704954147,-2.298863172531128,,
1790036407.6102493,RAW_IMU,,,,,,,,,-12,-3,-1011,-44,-371,-214,,,,,
1790036407.6290402,ATTITUDE,,,,,,,,,,,,,,,0.0008645955822430551,0.11646974831819534,-2.3031725883483887,,
1790036407.630086,RAW_IMU,,,,,,,,,-11,-3,-1010,-41,-364,-210,,,,,
1790036407.6644034,GLOBAL_POSITION_INT,-35.3609088,149.168042,591.2,9.994,-0.27,-0.39,-0.01,227.86,,,,,,,,,,,
1790036407.6661115,GPS_RAW_INT,,,,,,,,,,,,,,,,,,6,10
1790036407.6701,ATTITUDE,,,,,,,,,,,,,,,-0.0004009236581623554,0.10926193743944168,-2.3073413372039795,,
1790036407.6714256,RAW_IMU,,,,,,,,,-10,-3,-1009,-38,-358,-204,,,,,
1790036407.6727612,ATTITUDE,,,,,,,,,,,,,,,-0.0015747934812679887,0.10223960131406784,-2.31134295463562,,
1790036407.6740005,RAW_IMU,,,,,,,,,-10,-3,-1008,-36,-349,-196,,,,,
1790036407.6901865,ATTITUDE,,,,,,,,,,,,,,,-0.002640418941155076,0.0954369306564331,-2.3151605129241943,,
1790036407.6909738,RAW_IMU,,,,,,,,,-9,-3,-1006,-33,-337,-188,,,,,
1790036407.7108917,ATTITUDE,,,,,,,,,,,,,,,-0.0036091820802539587,0.088860422372818,-2.3188061714172363,,
1790036407.7115636,RAW_IMU,,,,,,,,,-8,-3,-1006,-31,-326,-178,,,,,
1790036407.731046,ATTITUDE,,,,,,,,,,,,,,,-0.004474442917853594,0.08254055678844452,-2.322244644165039,,
1790036407.7324042,RAW_IMU,,,,,,,,,-8,-3,-1004,-28,-313,-168,,,,,
1790036407.7450814,GLOBAL_POSITION_INT,-35.360909,149.1680415,591.2,9.994,-0.21,-0.31,-0.01,226.81,,,,,,,,,,,
1790036407.7455683,GPS_RAW_INT,,,,,,,,,,,,,,,,,,6,10
1790036407.7512288,ATTITUDE,,,,,,,,,,,,,,,-0.00526162376627326,0.07649298012256622,-2.3254644870758057,,
1790036407.7521996,RAW_IMU,,,,,,,,,-7,-3,-1004,-25,-300,-158,,,,,
1790036407.771789,ATTITUDE,,,,,,,,,,,,,,,-0.0059927040711045265,0.07070548832416534,-2.328463315963745,,
1790036407.77424,RAW_IMU,,,,,,,,,-7,-3,-1004,-24,-286,-147,,,,,
1790036407.7911863,ATTITUDE,,,,,,,,,,,,,,,-0.0066702584736049175,0.06521736830472946,-2.331242084503174,,
1790036407.792439,RAW_IMU,,,,,,,,,-7,-3,-1003,-23,-272,-136,,,,,
1790036407.8112664,ATTITUDE,,,,,,,,,,,,,,,-0.0072664134204387665,0.0600031279027462,-2.333798408508301,,
1790036407.8121748,RAW_IMU,,,,,,,,,-6,-3,-1003,-21,-258,-125,,,,,
1790036407.8311145,ATTITUDE,,,,,,,,,,,,,,,-0.007820645347237587,0.055049117654561996,-2.3361308574676514,,
1790036407.8322687,RAW_IMU,,,,,,,,,-6,-3,-1002,-19,-245,-115,,,,,
1790036407.8446991,GLOBAL_POSITION_INT,-35.3609092,149.1680411,591.2,9.995,-0.17,-0.26,0.0,226.06,,,,,,,,,,,
1790036407.8458507,GPS_RAW_INT,,,,,,,,,,,,,,,,,,6,10
1790036407.8511677,ATTITUDE,,,,,,,,,,,,,,,-0.008338767103850842,0.05040812864899635,-2.3382441997528076,,
1790036407.8520827,RAW_IMU,,,,,,,,,-6,-3,-1001,-18,-229,-104,,,,,
1790036407.8712535,ATTITUDE,,,,,,,,,,,,,,,-0.008797626942396164,0.04598764330148697,-2.340143918991089,,
1790036407.8731048,RAW_IMU,,,,,,,,,-5,-3,-1001,-17,-218,-93,,,,,
1790036407.892211,ATTITUDE,,,,,,,,,,,,,,,-0.00924683641642332,0.04188515618443489,-2.3418378829956055,,
1790036407.893893,RAW_IMU,,,,,,,,,-5,-3,-1001,-16,-203,-83,,,,,
1790036407.9156063,ATTITUDE,,,,,,,,,,,,,,,-0.009577471762895584,0.03805293142795563,-2.3433620929718018,,
1790036407.916579,RAW_IMU,,,,,,,,,-5,-3,-1001,-13,-189,-73,,,,,
1790036407.9327512,ATTITUDE,,,,,,,,,,,,,,,-0.009949641302227974,0.03447618708014488,-2.344698429107666,,
1790036407.9341872,RAW_IMU,,,,,,,,,-4,-3,-1000,-14,-177,-64,,,,,
1790036407.9458365,GLOBAL_POSITION_INT,-35.3609093,149.1680408,591.2,9.994,-0.14,-0.23,0.0,225.61,,,,,,,,,,,
1790036407.9472222,GPS_RAW_INT,,,,,,,,,,,,,,,,,,6,10
1790036407.9517462,ATTITUDE,,,,,,,,,,,,,,,-0.010255345143377781,0.031142467632889748,-2.345848798751831,,
1790036407.9527297,RAW_IMU,,,,,,,,,-4,-3,-1000,-12,-164,-54,,,,,
1790036407.9721887,ATTITUDE,,,,,,,,,,,,,,,-0.010523658245801926,0.027983292937278748,-2.346830129623413,,
1790036407.9737756,RAW_IMU,,,,,,,,,-4,-3,-1000,-10,-156,-46,,,,,
1790036407.992005,ATTITUDE,,,,,,,,,,,,,,,-0.010793590918183327,0.025123434141278267,-2.3476531505584717,,
1790036407.9937992,RAW_IMU,,,,,,,,,-4,-3,-1001,-10,-141,-38,,,,,
1790036408.0122962,ATTITUDE,,,,,,,,,,,,,,,-0.011090059764683247,0.022463005036115646,-2.3483259677886963,,
1790036408.014206,RAW_IMU,,,,,,,,,-4,-2,-1000,-12,-131,-31,,,,,
1790036408.0319047,ATTITUDE,,,,,,,,,,,,,,,-0.011349715292453766,0.019953379407525063,-2.3488574028015137,,
1790036408.0332193,RAW_IMU,,,,,,,,,-4,-2,-1000,-10,-123,-24,,,,,
1790036408.0458493,GLOBAL_POSITION_INT,-35.3609094,149.1680405,591.2,9.994,-0.13,-0.2,0.0,225.41,,,,,,,,,,,
1790036408.0473864,GPS_RAW_INT,,,,,,,,,,,,,,,,,,6,10
1790036408.0518882,ATTITUDE,,,,,,,,,,,,,,,-0.011605777777731419,0.01769731193780899,-2.3492579460144043,,
1790036408.05328,RAW_IMU,,,,,,,,,-3,-2,-1000,-10,-111,-17,,,,,
1790036408.07256,ATTITUDE,,,,,,,,,,,,,,,-0.011862585321068764,0.015598583035171032,-2.3495373725891113,,
1790036408.0746775,RAW_IMU,,,,,,,,,-3,-2,-1000,-10,-102,-11,,,,,
1790036408.0883746,ATTITUDE,,,,,,,,,,,,,,,-0.012077892199158669,0.013635927811264992,-2.349712371826172,,
1790036408.0897164,RAW_IMU,,,,,,,,,-3,-2,-1000,-9,-96,-6,,,,,
1790036408.108406,ATTITUDE,,,,,,,,,,,,,,,-0.012205892242491245,0.011897431686520576,-2.3498291969299316,,
1790036408.1096814,RAW_IMU,,,,,,,,,-3,-2,-1000,-5,-86,-1,,,,,
1790036408.1282644,ATTITUDE,,,,,,,,,,,,,,,-0.012330638244748116,0.010285250842571259,-2.3498570919036865,,
1790036408.1303718,RAW_IMU,,,,,,,,,-3,-2,-1001,-4,-79,2,,,,,
1790036408.1601589,GLOBAL_POSITION_INT,-35.3609094,149.1680402,591.2,9.994,-0.13,-0.18,0.0,225.37,,,,,,,,,,,
1790036408.1611717,GPS_RAW_INT,,,,,,,,,,,,,,,,,,6,10
1790036408.162146,ATTITUDE,,,,,,,,,,,,,,,-0.012498969212174416,0.008850169368088245,-2.349806308746338,,
1790036408.1631649,RAW_IMU,,,,,,,,,-3,-2,-1000,-6,-70,6,,,,,
1790036408.1690624,ATTITUDE,,,,,,,,,,,,,,,-0.012666411697864532,0.007508148904889822,-2.349687099456787,,
1790036408.1702764,RAW_IMU,,,,,,,,,-3,-2,-1000,-7,-66,9,,,,,
1790036408.1900957,ATTITUDE,,,,,,,,,,,,,,,-0.012788535095751286,0.006313868332654238,-2.3495121002197266,,
1790036408.191842,RAW_IMU,,,,,,,,,-3,-2,-1000,-4,-58,12,,,,,
1790036408.2097065,ATTITUDE,,,,,,,,,,,,,,,-0.012888982892036438,0.005188811104744673,-2.3492860794067383,,
1790036408.2105188,RAW_IMU,,,,,,,,,-3,-2,-1000,-3,-55,14,,,,,
1790036408.2298841,ATTITUDE,,,,,,,,,,,,,,,-0.013015145435929298,0.004205587785691023,-2.3490145206451416,,
1790036408.2307427,RAW_IMU,,,,,,,,,-3,-2,-1001,-4,-48,16,,,,,
1790036408.243429,GLOBAL_POSITION_INT,-35.3609095,149.16804,591.2,9.994,-0.13,-0.17,0.0,225.43,,,,,,,,,,,
1790036408.2442884,GPS_RAW_INT,,,,,,,,,,,,,,,,,,6,10
1790036408.2496552,ATTITUDE,,,,,,,,,,,,,,,-0.013170607388019562,0.0032793974969536066,-2.348705768585205,,
1790036408.25078,RAW_IMU,,,,,,,,,-3,-2,-1000,-6,-44,18,,,,,
1790036408.2698634,ATTITUDE,,,,,,,,,,,,,,,-0.013313771225512028,0.0024941766168922186,-2.348367929458618,,
1790036408.270985,RAW_IMU,,,,,,,,,-3,-1,-1001,-5,-38,19,,,,,
1790036408.2898805,ATTITUDE,,,,,,,,,,,,,,,-0.013379992917180061,0.001767603913322091,-2.348007917404175,,
1790036408.2914994,RAW_IMU,,,,,,,,,-3,-1,-1000,-1,-34,20,,,,,
1790036408.3099096,ATTITUDE,,,,,,,,,,,,,,,-0.013415333814918995,0.0011649662628769875,-2.347669839859009,,
1790036408.3109274,RAW_IMU,,,,,,,,,-3,-1,-1001,0,-29,21,,,,,
1790036408.331058,ATTITUDE,,,,,,,,,,,,,,,-0.0134501364082098,0.0006576415034942329,-2.347320079803467,,
1790036408.3326573,RAW_IMU,,,,,,,,,-3,-1,-1001,0,-24,21,,,,,
1790036408.3462315,GLOBAL_POSITION_INT,-35.3609096,149.1680398,591.2,9.994,-0.13,-0.15,0.0,225.53,,,,,,,,,,,
1790036408.3482547,GPS_RAW_INT,,,,,,,,,,,,,,,,,,6,10
1790036408.3538663,ATTITUDE,,,,,,,,,,,,,,,-0.013466187752783298,0.00017013370234053582,-2.346961736679077,,
1790036408.354641,RAW_IMU,,,,,,,,,-3,-1,-1001,0,-23,22,,,,,
1790036408.3737807,ATTITUDE,,,,,,,,,,,,,,,-0.013462603092193604,-0.00022344663739204407,-2.3466038703918457,,
1790036408.3754492,RAW_IMU,,,,,,,,,-3,-1,-1000,2,-19,22,,,,,
1790036408.3911438,ATTITUDE,,,,,,,,,,,,,,,-0.013460373505949974,-0.0005933493957854807,-2.346250295639038,,
1790036408.3978477,RAW_IMU,,,,,,,,,-2,-1,-1001,1,-17,21,,,,,
1790036408.4187407,ATTITUDE,,,,,,,,,,,,,,,-0.013458062894642353,-0.0009772945195436478,-2.3458993434906006,,
1790036408.4207108,RAW_IMU,,,,,,,,,-2,-1,-1002,2,-18,21,,,,,
1790036408.434175,ATTITUDE,,,,,,,,,,,,,,,-0.01346032228320837,-0.001275926479138434,-2.345555067062378,,
1790036408.4345953,RAW_IMU,,,,,,,,,-2,-1,-1002,1,-14,20,,,,,
1790036408.4487486,GLOBAL_POSITION_INT,-35.3609096,149.1680396,591.2,9.993,-0.13,-0.14,0.0,225.63,,,,,,,,,,,
1790036408.4491792,GPS_RAW_INT,,,,,,,,,,,,,,,,,,6,10
1790036408.4520288,ATTITUDE,,,,,,,,,,,,,,,-0.0134786581620574,-0.0015423063887283206,-2.34521746635437,,
1790036408.4546854,RAW_IMU,,,,,,,,,-2,-1,-1000,1,-11,20,,,,,
1790036408.4704828,ATTITUDE,,,,,,,,,,,,,,,-0.013495354913175106,-0.0017051403410732746,-2.344893455505371,,
1790036408.4732459,RAW_IMU,,,,,,,,,-2,-1,-1001,1,-6,19,,,,,
1790036408.4929879,ATTITUDE,,,,,,,,,,,,,,,-0.01351261418312788,-0.0018350982572883368,-2.3445863723754883,,
1790036408.4947555,RAW_IMU,,,,,,,,,-2,-1,-1001,1,-4,18,,,,,
1790036408.509879,ATTITUDE,,,,,,,,,,,,,,,-0.013521418906748295,-0.0019374177791178226,-2.344326972961426,,
1790036408.5120559,RAW_IMU,,,,,,,,,-2,-1,-1002,1,-4,17,,,,,
1790036408.5307128,ATTITUDE,,,,,,,,,,,,,,,-0.013505957089364529,-0.002037987345829606,-2.344083309173584,,
1790036408.5326521,RAW_IMU,,,,,,,,,-2,-1,-1001,2,-4,16,,,,,
1790036408.5485277,GLOBAL_POSITION_INT,-35.3609097,149.1680394,591.2,9.993,-0.14,-0.13,0.0,225.71,,,,,,,,,,,
1790036408.5496151,GPS_RAW_INT,,,,,,,,,,,,,,,,,,6,10
1790036408.552226,ATTITUDE,,,,,,,,,,,,,,,-0.01345980167388916,-0.002134062582626939,-2.3438541889190674,,
1790036408.5540307,RAW_IMU,,,,,,,,,-2,0,-1001,4,-3,15,,,,,
1790036408.5721395,ATTITUDE,,,,,,,,,,,,,,,-0.013411834836006165,-0.0021897051483392715,-2.3436405658721924,,
1790036408.5742216,RAW_IMU,,,,,,,,,-2,0,-1002,4,-1,14,,,,,
1790036408.5922697,ATTITUDE,,,,,,,,,,,,,,,-0.013307186774909496,-0.0022235962096601725,-2.343459129333496,,
1790036408.5945032,RAW_IMU,,,,,,,,,-2,0,-1001,7,0,13,,,,,
1790036408.6070983,ATTITUDE,,,,,,,,,,,,,,,-0.013188268058001995,-0.002249723067507148,-2.343275308609009,,
1790036408.6084034,RAW_IMU,,,,,,,,,-2,0,-1002,8,0,13,,,,,
1790036408.6276574,ATTITUDE,,,,,,,,,,,,,,,-0.01307364460080862,-0.0021982660982757807,-2.3431038856506348,,
1790036408.6299794,RAW_IMU,,,,,,,,,-2,0,-1002,7,3,12,,,,,
1790036408.6513546,GLOBAL_POSITION_INT,-35.3609097,149.1680393,591.2,9.993,-0.14,-0.13,0.0,225.76,,,,,,,,,,,
1790036408.6520748,GPS_RAW_INT,,,,,,,,,,,,,,,,,,6,10
1790036408.6526203,ATTITUDE,,,,,,,,,,,,,,,-0.012920315377414227,-0.002147485502064228,-2.3429434299468994,,
1790036408.6539907,RAW_IMU,,,,,,,,,-2,0,-1001,9,4,11,,,,,
1790036408.6711361,ATTITUDE,,,,,,,,,,,,,,,-0.012788067571818829,-0.002047478687018156,-2.342796564102173,,
1790036408.671814,RAW_IMU,,,,,,,,,-2,0,-1001,8,6,10,,,,,
1790036408.6890333,ATTITUDE,,,,,,,,,,,,,,,-0.012587093748152256,-0.0019159148214384913,-2.3426642417907715,,
1790036408.689675,RAW_IMU,,,,,,,,,-2,0,-1001,12,8,9,,,,,
1790036408.7072425,ATTITUDE,,,,,,,,,,,,,,,-0.012437891215085983,-0.001728444709442556,-2.3425686359405518,,
1790036408.7079258,RAW_IMU,,,,,,,,,-2,0,-1001,9,10,9,,,,,
1790036408.7305334,ATTITUDE,,,,,,,,,,,,,,,-0.01219913363456726,-0.0014955351362004876,-2.3424906730651855,,
1790036408.7312102,RAW_IMU,,,,,,,,,-2,0,-1001,13,12,8,,,,,
1790036408.7495072,GLOBAL_POSITION_INT,-35.3609098,149.1680392,591.2,9.993,-0.15,-0.12,0.0,225.79,,,,,,,,,,,
1790036408.7508826,GPS_RAW_INT,,,,,,,,,,,,,,,,,,6,10
1790036408.752538,ATTITUDE,,,,,,,,,,,,,,,-0.012033028528094292,-0.001298709074035287,-2.3424229621887207,,
1790036408.7546654,RAW_IMU,,,,,,,,,-2,0,-1002,10,10,7,,,,,
1790036408.7694583,ATTITUDE,,,,,,,,,,,,,,,-0.011806908994913101,-0.0010481801582500339,-2.342369318008423,,
1790036408.7714763,RAW_IMU,,,,,,,,,-2,0,-1002,12,13,6,,,,,
1790036408.7901564,ATTITUDE,,,,,,,,,,,,,,,-0.01163390465080738,-0.0008694956777617335,-2.3423261642456055,,
1790036408.7915783,RAW_IMU,,,,,,,,,-2,0,-1001,11,10,6,,,,,
1790036408.8104417,ATTITUDE,,,,,,,,,,,,,,,-0.01145301666110754,-0.0006224673124961555,-2.3422932624816895,,
1790036408.8121767,RAW_IMU,,,,,,,,,-2,0,-1001,10,13,5,,,,,
1790036408.8306615,ATTITUDE,,,,,,,,,,,,,,,-0.011256599798798561,-0.0004000589542556554,-2.3422658443450928,,
1790036408.8315275,RAW_IMU,,,,,,,,,-2,0,-1001,12,13,5,,,,,
1790036408.8448696,GLOBAL_POSITION_INT,-35.3609099,149.168039,591.2,9.992,-0.15,-0.11,0.0,225.8,,,,,,,,,,,
1790036408.84614,GPS_RAW_INT,,,,,,,,,,,,,,,,,,6,10
1790036408.85124,ATTITUDE,,,,,,,,,,,,,,,-0.011068232357501984,-0.0001899655326269567,-2.342242956161499,,
1790036408.8526573,RAW_IMU,,,,,,,,,-2,0,-1001,11,12,4,,,,,
1790036408.8667371,ATTITUDE,,,,,,,,,,,,,,,-0.010888422839343548,9.370797670271713e-06,-2.3422257900238037,,
1790036408.868267,RAW_IMU,,,,,,,,,-2,0,-1001,11,11,4,,,,,
1790036408.88705,ATTITUDE,,,,,,,,,,,,,,,-0.010715104639530182,0.00020064161799382418,-2.3422131538391113,,
1790036408.8883765,RAW_IMU,,,,,,,,,-2,0,-1001,10,11,3,,,,,
1790036408.911762,ATTITUDE,,,,,,,,,,,,,,,-0.010545057244598866,0.0004005815426353365,-2.342226505279541,,
1790036408.9139557,RAW_IMU,,,,,,,,,-2,0,-1001,10,11,3,,,,,
1790036408.9292126,ATTITUDE,,,,,,,,,,,,,,,-0.010381071828305721,0.0005944850854575634,-2.3422465324401855,,
1790036408.9310808,RAW_IMU,,,,,,,,,-2,0,-1001,10,10,3,,,,,
1790036408.9492042,GLOBAL_POSITION_INT,-35.3609099,149.1680389,591.2,9.992,-0.15,-0.1,0.0,225.8,,,,,,,,,,,
1790036408.9510212,GPS_RAW_INT,,,,,,,,,,,,,,,,,,6,10
1790036408.9529748,ATTITUDE,,,,,,,,,,,,,,,-0.01022468414157629,0.0007809035014361143,-2.3422696590423584,,
1790036408.9544919,RAW_IMU,,,,,,,,,-2,0,-1001,10,10,2,,,,,
1790036408.9705324,ATTITUDE,,,,,,,,,,,,,,,-0.010073632933199406,0.0009591423440724611,-2.3422980308532715,,
1790036408.9726202,RAW_IMU,,,,,,,,,-2,0,-1001,9,10,2,,,,,
1790036408.9864376,ATTITUDE,,,,,,,,,,,,,,,-0.009929362684488297,0.0011302269995212555,-2.342331886291504,,
1790036408.9882865,RAW_IMU,,,,,,,,,-2,0,-1001,9,9,2,,,,,
1790036409.0075893,ATTITUDE,,,,,,,,,,,,,,,-0.009781109169125557,0.0012934396509081125,-2.342369794845581,,
1790036409.009791,RAW_IMU,,,,,,,,,-2,0,-1002,9,9,1,,,,,
1790036409.0285716,ATTITUDE,,,,,,,,,,,,,,,-0.009592026472091675,0.0014488139422610402,-2.342409133911133,,
1790036409.0302844,RAW_IMU,,,,,,,,,-2,0,-1001,11,9,1,,,,,
1790036409.0492709,GLOBAL_POSITION_INT,-35.36091,149.1680389,591.2,9.992,-0.15,-0.09,0.0,225.79,,,,,,,,,,,
1790036409.0502758,GPS_RAW_INT,,,,,,,,,,,,,,,,,,6,10
1790036409.0523329,ATTITUDE,,,,,,,,,,,,,,,-0.009409865364432335,0.0015964299673214555,-2.3424489498138428,,
1790036409.0548646,RAW_IMU,,,,,,,,,-2,0,-1001,11,9,1,,,,,
1790036409.0704775,ATTITUDE,,,,,,,,,,,,,,,-0.009179823100566864,0.0017542027635499835,-2.34248948097229,,
1790036409.071785,RAW_IMU,,,,,,,,,-2,0,-1001,13,9,1,,,,,
1790036409.0909407,ATTITUDE,,,,,,,,,,,,,,,-0.008940976113080978,0.001960997935384512,-2.342534303665161,,
1790036409.0930395,RAW_IMU,,,,,,,,,-2,0,-1001,14,12,0,,,,,
1790036409.1103094,ATTITUDE,,,,,,,,,,,,,,,-0.008672934025526047,0.0021794282365590334,-2.342597246170044,,
1790036409.111323,RAW_IMU,,,,,,,,,-2,0,-1002,15,12,0,,,,,
1790036409.131199,ATTITUDE,,,,,,,,,,,,,,,-0.008379715494811535,0.002456109505146742,-2.342663526535034,,
1790036409.1325972,RAW_IMU,,,,,,,,,-2,0,-1001,17,14,0,,,,,
1790036409.1603217,GLOBAL_POSITION_INT,-35.3609101,149.1680388,591.2,9.992,-0.15,-0.08,0.0,225.78,,,,,,,,,,,
1790036409.1612768,GPS_RAW_INT,,,,,,,,,,,,,,,,,,6,10
1790036409.1619911,ATTITUDE,,,,,,,,,,,,,,,-0.00809240248054266,0.0027257991023361683,-2.3427326679229736,,
1790036409.1639297,RAW_IMU,,,,,,,,,-2,1,-1001,16,15,0,,,,,
1790036409.1675482,ATTITUDE,,,,,,,,,,,,,,,-0.007770049385726452,0.0029834522865712643,-2.3428003787994385,,
1790036409.1687229,RAW_IMU,,,,,,,,,-2,1,-1002,18,14,0,,,,,
1790036409.1875834,ATTITUDE,,,,,,,,,,,,,,,-0.007498486898839474,0.003229757770895958,-2.3428702354431152,,
1790036409.1886125,RAW_IMU,,,,,,,,,-2,1,-1002,15,13,0,,,,,
1790036409.2073116,ATTITUDE,,,,,,,,,,,,,,,-0.007161884102970362,0.0034404974430799484,-2.3429388999938965,,
1790036409.2082813,RAW_IMU,,,,,,,,,-2,0,-1002,19,12,0,,,,,
1790036409.2282882,ATTITUDE,,,,,,,,,,,,,,,-0.006904529873281717,0.0036767020355910063,-2.343003273010254,,
1790036409.2299721,RAW_IMU,,,,,,,,,-2,1,-1001,15,13,0,,,,,
1790036409.2478154,GLOBAL_POSITION_INT,-35.3609101,149.1680387,591.2,9.992,-0.14,-0.07,0.0,225.76,,,,,,,,,,,
1790036409.24915,GPS_RAW_INT,,,,,,,,,,,,,,,,,,6,10
1790036409.2514422,ATTITUDE,,,,,,,,,,,,,,,-0.0065668607130646706,0.003841813886538148,-2.34306263923645,,
1790036409.2522829,RAW_IMU,,,,,,,,,-1,1,-1001,19,10,0,,,,,
1790036409.2670262,ATTITUDE,,,,,,,,,,,,,,,-0.006318146362900734,0.004075067583471537,-2.3431167602539062,,
1790036409.268044,RAW_IMU,,,,,,,,,-1,1,-1001,15,13,0,,,,,
1790036409.2911956,ATTITUDE,,,,,,,,,,,,,,,-0.005981337744742632,0.004229014739394188,-2.3431646823883057,,
1790036409.2922156,RAW_IMU,,,,,,,,,-1,1,-1001,18,10,0,,,,,
1790036409.3109603,ATTITUDE,,,,,,,,,,,,,,,-0.005720943212509155,0.004480093717575073,-2.343223810195923,,
1790036409.3121414,RAW_IMU,,,,,,,,,-1,1,-1001,16,13,0,,,,,
1790036409.330631,ATTITUDE,,,,,,,,,,,,,,,-0.005397934466600418,0.004646816290915012,-2.3432793617248535,,
1790036409.3314574,RAW_IMU,,,,,,,,,-1,1,-1001,18,10,0,,,,,
1790036409.3487053,GLOBAL_POSITION_INT,-35.3609102,149.1680387,591.2,9.992,-0.14,-0.06,0.0,225.74,,,,,,,,,,,
1790036409.349793,GPS_RAW_INT,,,,,,,,,,,,,,,,,,6,10
1790036409.3508012,ATTITUDE,,,,,,,,,,,,,,,-0.005130125675350428,0.0048712436109781265,-2.3433291912078857,,
1790036409.3515284,RAW_IMU,,,,,,,,,-1,1,-1001,16,12,0,,,,,
1790036409.3689713,ATTITUDE,,,,,,,,,,,,,,,-0.004817616660147905,0.005008480977267027,-2.3433754444122314,,
1790036409.3698478,RAW_IMU,,,,,,,,,-1,1,-1001,17,9,0,,,,,
1790036409.3892639,ATTITUDE,,,,,,,,,,,,,,,-0.004571978002786636,0.005191660951822996,-2.3434176445007324,,
1790036409.3902776,RAW_IMU,,,,,,,,,-1,1,-1001,15,10,1,,,,,
1790036409.4093328,ATTITUDE,,,,,,,,,,,,,,,-0.004275353625416756,0.005307926330715418,-2.343456983566284,,
1790036409.410859,RAW_IMU,,,,,,,,,-1,1,-1001,16,8,1,,,,,
1790036409.4298813,ATTITUDE,,,,,,,,,,,,,,,-0.004030679818242788,0.005447187926620245,-2.3434901237487793,,
1790036409.4311407,RAW_IMU,,,,,,,,,-1,1,-1001,15,8,1,,,,,
1790036409.4489434,GLOBAL_POSITION_INT,-35.3609103,149.1680387,591.2,9.992,-0.13,-0.05,0.0,225.73,,,,,,,,,,,
1790036409.4495904,GPS_RAW_INT,,,,,,,,,,,,,,,,,,6,10
1790036409.4515738,ATTITUDE,,,,,,,,,,,,,,,-0.003732441458851099,0.00554939778521657,-2.343518018722534,,
1790036409.4522324,RAW_IMU,,,,,,,,,-1,1,-1001,16,7,1,,,,,
1790036409.4698992,ATTITUDE,,,,,,,,,,,,,,,-0.0034385276958346367,0.005666695535182953,-2.3435451984405518,,
1790036409.47173,RAW_IMU,,,,,,,,,-1,1,-1001,15,6,1,,,,,
1790036409.4897792,ATTITUDE,,,,,,,,,,,,,,,-0.0031603153329342604,0.00575694115832448,-2.34356689453125,,
1790036409.4914112,RAW_IMU,,,,,,,,,-1,1,-1001,15,7,1,,,,,
1790036409.511322,ATTITUDE,,,,,,,,,,,,,,,-0.0028963759541511536,0.005861626006662846,-2.343599319458008,,
1790036409.5131612,RAW_IMU,,,,,,,,,-1,1,-1001,16,6,1,,,,,
1790036409.5310764,ATTITUDE,,,,,,,,,,,,,,,-0.00263950414955616,0.005975230596959591,-2.3436279296875,,
1790036409.5321517,RAW_IMU,,,,,,,,,-1,1,-1001,14,7,1,,,,,
1790036409.5438871,GLOBAL_POSITION_INT,-35.3609103,149.1680387,591.2,9.992,-0.13,-0.04,0.0,225.72,,,,,,,,,,,
1790036409.544702,GPS_RAW_INT,,,,,,,,,,,,,,,,,,6,10
1790036409.549949,ATTITUDE,,,,,,,,,,,,,,,-0.0023604959715157747,0.006054406054317951,-2.3436543941497803,,
1790036409.5506864,RAW_IMU,,,,,,,,,-1,1,-1001,16,5,1,,,,,
1790036409.5692809,ATTITUDE,,,,,,,,,,,,,,,-0.0021236592438071966,0.006157595664262772,-2.3436763286590576,,
1790036409.5700245,RAW_IMU,,,,,,,,,-1,1,-1001,14,7,2,,,,,
1790036409.5892792,ATTITUDE,,,,,,,,,,,,,,,-0.0018335074419155717,0.006185497157275677,-2.3436970710754395,,
1790036409.5908017,RAW_IMU,,,,,,,,,-1,1,-1001,17,2,2,,,,,
1790036409.6097603,ATTITUDE,,,,,,,,,,,,,,,-0.0016223733546212316,0.006271909922361374,-2.3437156677246094,,
1790036409.610798,RAW_IMU,,,,,,,,,-1,1,-1001,13,6,2,,,,,
1790036409.6295066,ATTITUDE,,,,,,,,,,,,,,,-0.0013446592492982745,0.006269555073231459,-2.3437302112579346,,
1790036409.6302845,RAW_IMU,,,,,,,,,-1,1,-1001,16,1,2,,,,,
1790036409.6622732,GLOBAL_POSITION_INT,-35.3609104,149.1680387,591.2,9.992,-0.12,-0.04,0.0,225.72,,,,,,,,,,,
1790036409.6633205,GPS_RAW_INT,,,,,,,,,,,,,,,,,,6,10
1790036409.6653752,ATTITUDE,,,,,,,,,,,,,,,-0.0011572125367820263,0.00634590070694685,-2.3437411785125732,,
1790036409.666929,RAW_IMU,,,,,,,,,-1,1,-1001,12,5,2,,,,,
1790036409.669613,ATTITUDE,,,,,,,,,,,,,,,-0.0008855516789481044,0.006323244422674179,-2.3437507152557373,,
1790036409.6712012,RAW_IMU,,,,,,,,,-1,1,-1001,15,1,2,,,,,
1790036409.6902328,ATTITUDE,,,,,,,,,,,,,,,-0.0007015721057541668,0.00636628083884716,-2.343759298324585,,
1790036409.6911814,RAW_IMU,,,,,,,,,-1,1,-1001,12,3,2,,,,,
1790036409.710605,ATTITUDE,,,,,,,,,,,,,,,-0.0004499802307691425,0.006370282266288996,-2.3437774181365967,,
1790036409.7115817,RAW_IMU,,,,,,,,,-1,1,-1001,14,2,2,,,,,
1790036409.7306473,ATTITUDE,,,,,,,,,,,,,,,-0.00025288763572461903,0.006390038412064314,-2.343791961669922,,
1790036409.7322402,RAW_IMU,,,,,,,,,-1,1,-1000,13,2,2,,,,,
1790036409.7444844,GLOBAL_POSITION_INT,-35.3609105,149.1680387,591.2,9.992,-0.11,-0.03,0.0,225.72,,,,,,,,,,,
1790036409.7452652,GPS_RAW_INT,,,,,,,,,,,,,,,,,,6,10
1790036409.7502878,ATTITUDE,,,,,,,,,,,,,,,-5.0995993660762906e-05,0.006401313468813896,-2.3438053131103516,,
1790036409.7512994,RAW_IMU,,,,,,,,,-1,1,-998,12,2,2,,,,,
1790036409.7704878,ATTITUDE,,,,,,,,,,,,,,,0.000165295583428815,0.006378789898008108,-2.3438174724578857,,
1790036409.7713234,RAW_IMU,,,,,,,,,-1,1,-994,13,0,2,,,,,
1790036409.7933307,ATTITUDE,,,,,,,,,,,,,,,0.00034949122346006334,0.006349862087517977,-2.3438291549682617,,
1790036409.794257,RAW_IMU,,,,,,,,,0,1,-988,11,0,2,,,,,
1790036409.8110604,ATTITUDE,,,,,,,,,,,,,,,0.0005537297111004591,0.0062935370951890945,-2.343839645385742,,
1790036409.8121026,RAW_IMU,,,,,,,,,0,1,-981,12,0,2,,,,,
1790036409.829405,ATTITUDE,,,,,,,,,,,,,,,0.0007594300550408661,0.006233000662177801,-2.3438475131988525,,
1790036409.8298233,RAW_IMU,,,,,,,,,0,1,-974,13,-1,2,,,,,
1790036409.8469105,GLOBAL_POSITION_INT,-35.3609105,149.1680387,591.2,9.991,-0.1,-0.02,0.01,225.71,,,,,,,,,,,
1790036409.8477957,GPS_RAW_INT,,,,,,,,,,,,,,,,,,6,10
1790036409.8525789,ATTITUDE,,,,,,,,,,,,,,,0.0009342886041849852,0.006159638520330191,-2.3438546657562256,,
1790036409.8533354,RAW_IMU,,,,,,,,,0,1,-966,11,-1,2,,,,,
1790036409.8710983,ATTITUDE,,,,,,,,,,,,,,,0.001132295117713511,0.006073692813515663,-2.343859910964966,,
1790036409.8724742,RAW_IMU,,,,,,,,,0,1,-958,12,-2,2,,,,,
1790036409.891216,ATTITUDE,,,,,,,,,,,,,,,0.0013271761126816273,0.006022994872182608,-2.343867540359497,,
1790036409.8918061,RAW_IMU,,,,,,,,,0,1,-950,12,0,2,,,,,
1790036409.9109058,ATTITUDE,,,,,,,,,,,,,,,0.0015117423608899117,0.005972725339233875,-2.3438832759857178,,
1790036409.9122965,RAW_IMU,,,,,,,,,0,1,-941,11,0,2,,,,,
1790036409.931744,ATTITUDE,,,,,,,,,,,,,,,0.001689476310275495,0.005946678575128317,-2.343897581100464,,
1790036409.9331234,RAW_IMU,,,,,,,,,0,1,-932,11,0,2,,,,,
1790036409.944676,GLOBAL_POSITION_INT,-35.3609106,149.1680387,591.19,9.987,-0.09,-0.02,0.06,225.71,,,,,,,,,,,
1790036409.9457822,GPS_RAW_INT,,,,,,,,,,,,,,,,,,6,10
1790036409.9511063,ATTITUDE,,,,,,,,,,,,,,,0.0018603247590363026,0.005896314512938261,-2.343909978866577,,
1790036409.9522822,RAW_IMU,,,,,,,,,0,1,-926,11,0,2,,,,,
1790036409.9708538,ATTITUDE,,,,,,,,,,,,,,,0.002025201451033354,0.005839991383254528,-2.343923807144165,,
1790036409.9717145,RAW_IMU,,,,,,,,,0,1,-921,10,-1,2,,,,,
1790036409.9910874,ATTITUDE,,,,,,,,,,,,,,,0.0021856746170669794,0.005770462565124035,-2.343935966491699,,
1790036409.9921834,RAW_IMU,,,,,,,,,0,1,-917,10,-1,2,,,,,
1790036410.011693,ATTITUDE,,,,,,,,,,,,,,,0.0023458716459572315,0.005684299860149622,-2.34394907951355,,
1790036410.0137682,RAW_IMU,,,,,,,,,0,1,-914,10,-2,2,,,,,
1790036410.0319488,ATTITUDE,,,,,,,,,,,,,,,0.0025002399925142527,0.005596773698925972,-2.3439605236053467,,
1790036410.0331507,RAW_IMU,,,,,,,,,0,1,-911,10,-2,2,,,,,
1790036410.0458832,GLOBAL_POSITION_INT,-35.3609106,149.1680387,591.18,9.975,-0.08,-0.02,0.15,225.71,,,,,,,,,,,
1790036410.0466032,GPS_RAW_INT,,,,,,,,,,,,,,,,,,6,10
1790036410.0519714,ATTITUDE,,,,,,,,,,,,,,,0.002639656187966466,0.005497644189745188,-2.3439724445343018,,
1790036410.0537872,RAW_IMU,,,,,,,,,0,1,-909,9,-2,2,,,,,
1790036410.0724227,ATTITUDE,,,,,,,,,,,,,,,0.0027895369566977024,0.005402281414717436,-2.3439836502075195,,
1790036410.073194,RAW_IMU,,,,,,,,,0,1,-906,10,-2,2,,,,,
1790036410.0927975,ATTITUDE,,,,,,,,,,,,,,,0.0029267386998981237,0.005325855687260628,-2.3439953327178955,,
1790036410.0938299,RAW_IMU,,,,,,,,,0,1,-904,9,-1,2,,,,,
1790036410.112558,ATTITUDE,,,,,,,,,,,,,,,0.003069787984713912,0.005248939618468285,-2.344015121459961,,
1790036410.1135375,RAW_IMU,,,,,,,,,0,1,-902,9,-2,2,,,,,
1790036410.1353042,ATTITUDE,,,,,,,,,,,,,,,0.0031929193064570427,0.00522648636251688,-2.34403395652771,,
1790036410.1357799,RAW_IMU,,,,,,,,,0,1,-900,9,0,2,,,,,
1790036410.1689045,GLOBAL_POSITION_INT,-35.3609106,149.1680388,591.16,9.954,-0.07,-0.01,0.24,225.7,,,,,,,,,,,
1790036410.1695848,GPS_RAW_INT,,,,,,,,,,,,,,,,,,6,10
1790036410.1706192,ATTITUDE,,,,,,,,,,,,,,,0.003310037776827812,0.005154401995241642,-2.344052791595459,,
1790036410.173583,RAW_IMU,,,,,,,,,0,1,-900,8,-1,1,,,,,
1790036410.1760113,ATTITUDE,,,,,,,,,,,,,,,0.003439110703766346,0.005055346991866827,-2.3440728187561035,,
1790036410.1769855,RAW_IMU,,,,,,,,,0,1,-903,9,-3,1,,,,,
1790036410.192142,ATTITUDE,,,,,,,,,,,,,,,0.00355018163099885,0.0050153895281255245,-2.3440942764282227,,
1790036410.1938133,RAW_IMU,,,,,,,,,0,1,-907,8,0,1,,,,,
1790036410.2122195,ATTITUDE,,,,,,,,,,,,,,,0.0036700672935694456,0.004919484723359346,-2.3441150188446045,,
1790036410.2158377,RAW_IMU,,,,,,,,,0,1,-910,8,-2,1,,,,,
1790036410.2347665,ATTITUDE,,,,,,,,,,,,,,,0.0037730159237980843,0.0048455544747412205,-2.344132900238037,,
1790036410.2367172,RAW_IMU,,,,,,,,,0,1,-914,7,-1,1,,,,,
1790036410.247939,GLOBAL_POSITION_INT,-35.3609107,149.1680388,591.13,9.924,-0.07,-0.01,0.33,225.7,,,,,,,,,,,
1790036410.250143,GPS_RAW_INT,,,,,,,,,,,,,,,,,,6,10
1790036410.2536685,ATTITUDE,,,,,,,,,,,,,,,0.0038708930369466543,0.0047462740913033485,-2.3441503047943115,,
1790036410.2577906,RAW_IMU,,,,,,,,,0,1,-918,7,-2,1,,,,,
1790036410.2691798,ATTITUDE,,,,,,,,,,,,,,,0.003965328447520733,0.00466650677844882,-2.344165563583374,,
1790036410.2703617,RAW_IMU,,,,,,,,,0,1,-922,7,-1,1,,,,,
1790036410.29015,ATTITUDE,,,,,,,,,,,,,,,0.004056848585605621,0.004598219878971577,-2.3441836833953857,,
1790036410.2918725,RAW_IMU,,,,,,,,,0,1,-926,7,-1,1,,,,,
1790036410.310198,ATTITUDE,,,,,,,,,,,,,,,0.004142099060118198,0.004534921608865261,-2.344205856323242,,
1790036410.3124213,RAW_IMU,,,,,,,,,0,1,-930,7,-1,1,,,,,
1790036410.330028,ATTITUDE,,,,,,,,,,,,,,,0.004214530345052481,0.004486783407628536,-2.3442280292510986,,
1790036410.3316343,RAW_IMU,,,,,,,,,0,1,-934,6,0,1,,,,,
1790036410.3439183,GLOBAL_POSITION_INT,-35.3609107,149.1680388,591.09,9.887,-0.06,-0.01,0.4,225.69,,,,,,,,,,,
1790036410.3457925,GPS_RAW_INT,,,,,,,,,,,,,,,,,,6,10
1790036410.3502097,ATTITUDE,,,,,,,,,,,,,,,0.004289638716727495,0.004416876472532749,-2.3442490100860596,,
1790036410.3519177,RAW_IMU,,,,,,,,,0,1,-937,6,-1,1,,,,,
1790036410.3694034,ATTITUDE,,,,,,,,,,,,,,,0.0043555619195103645,0.004326454363763332,-2.344269037246704,,
1790036410.370399,RAW_IMU,,,,,,,,,0,1,-941,6,-2,1,,,,,
1790036410.3895173,ATTITUDE,,,,,,,,,,,,,,,0.004426450002938509,0.0042676473967731,-2.344289541244507,,
1790036410.390841,RAW_IMU,,,,,,,,,0,1,-944,6,-1,1,,,,,
1790036410.4106526,ATTITUDE,,,,,,,,,,,,,,,0.004477871116250753,0.004160785116255283,-2.3443095684051514,,
1790036410.412991,RAW_IMU,,,,,,,,,0,1,-947,5,-2,1,,,,,
1790036410.4302208,ATTITUDE,,,,,,,,,,,,,,,0.004533370491117239,0.004077573772519827,-2.3443284034729004,,
1790036410.431065,RAW_IMU,,,,,,,,,0,1,-950,5,-2,1,,,,,
1790036410.443925,GLOBAL_POSITION_INT,-35.3609107,149.1680388,591.05,9.843,-0.05,-0.01,0.46,225.68,,,,,,,,,,,
1790036410.4444008,GPS_RAW_INT,,,,,,,,,,,,,,,,,,6,10
1790036410.450691,ATTITUDE,,,,,,,,,,,,,,,0.004580650478601456,0.003966904245316982,-2.3443453311920166,,
1790036410.4522529,RAW_IMU,,,,,,,,,0,1,-953,5,-2,1,,,,,
1790036410.4719858,ATTITUDE,,,,,,,,,,,,,,,0.0046144332736730576,0.0038691298104822636,-2.344360828399658,,
1790036410.473258,RAW_IMU,,,,,,,,,0,1,-956,4,-2,1,,,,,
1790036410.4931893,ATTITUDE,,,,,,,,,,,,,,,0.004673512652516365,0.00379411643370986,-2.3443775177001953,,
1790036410.495317,RAW_IMU,,,,,,,,,0,1,-959,5,-1,1,,,,,
1790036410.5136855,ATTITUDE,,,,,,,,,,,,,,,0.004682735074311495,0.0037000360898673534,-2.344399929046631,,
1790036410.5156145,RAW_IMU,,,,,,,,,0,1,-962,3,-2,1,,,,,
1790036410.5293536,ATTITUDE,,,,,,,,,,,,,,,0.004741944372653961,0.0036575673148036003,-2.3444204330444336,,
1790036410.5305693,RAW_IMU,,,,,,,,,0,1,-965,5,0,1,,,,,
1790036410.548952,GLOBAL_POSITION_INT,-35.3609107,149.1680388,591.0,9.796,-0.04,-0.01,0.49,225.68,,,,,,,,,,,
1790036410.5501888,GPS_RAW_INT,,,,,,,,,,,,,,,,,,6,10
1790036410.5513816,ATTITUDE,,,,,,,,,,,,,,,0.004750253167003393,0.0035722246393561363,-2.3444395065307617,,
1790036410.5521872,RAW_IMU,,,,,,,,,0,1,-968,3,-1,1,,,,,
1790036410.5691621,ATTITUDE,,,,,,,,,,,,,,,0.004767295904457569,0.003503707703202963,-2.3444576263427734,,
1790036410.5702672,RAW_IMU,,,,,,,,,0,1,-970,3,-1,1,,,,,
1790036410.5891562,ATTITUDE,,,,,,,,,,,,,,,0.004824879113584757,0.003432045690715313,-2.3444766998291016,,
1790036410.5897608,RAW_IMU,,,,,,,,,0,1,-973,5,-1,1,,,,,
1790036410.6096427,ATTITUDE,,,,,,,,,,,,,,,0.00480406591668725,0.003291987581178546,-2.344496011734009,,
1790036410.610816,RAW_IMU,,,,,,,,,0,1,-975,2,-4,1,,,,,
1790036410.6308422,ATTITUDE,,,,,,,,,,,,,,,0.0048164683394134045,0.0031852086540311575,-2.344512939453125,,
1790036410.6320474,RAW_IMU,,,,,,,,,0,1,-977,2,-3,1,,,,,
1790036410.6601694,GLOBAL_POSITION_INT,-35.3609107,149.1680388,590.95,9.745,-0.04,-0.01,0.52,225.67,,,,,,,,,,,
1790036410.6612377,GPS_RAW_INT,,,,,,,,,,,,,,,,,,6,10
1790036410.662599,ATTITUDE,,,,,,,,,,,,,,,0.0048688058741390705,0.0030870442278683186,-2.3445303440093994,,
1790036410.6636896,RAW_IMU,,,,,,,,,0,1,-979,5,-2,1,,,,,
1790036410.6717656,ATTITUDE,,,,,,,,,,,,,,,0.004833677783608437,0.002934756688773632,-2.34454345703125,,
1790036410.672795,RAW_IMU,,,,,,,,,0,1,-981,1,-5,1,,,,,
1790036410.6921992,ATTITUDE,,,,,,,,,,,,,,,0.004810044541954994,0.0028280713595449924,-2.3445587158203125,,
1790036410.6935894,RAW_IMU,,,,,,,,,0,0,-983,0,-3,1,,,,,
1790036410.7121956,ATTITUDE,,,,,,,,,,,,,,,0.004841738846153021,0.00279004848562181,-2.344581365585327,,
1790036410.7143612,RAW_IMU,,,,,,,,,0,0,-985,4,0,1,,,,,
1790036410.7276216,ATTITUDE,,,,,,,,,,,,,,,0.0048402114771306515,0.00270103826187551,-2.3446052074432373,,
1790036410.7298148,RAW_IMU,,,,,,,,,0,0,-986,3,-2,1,,,,,
1790036410.7474737,GLOBAL_POSITION_INT,-35.3609107,149.1680389,590.9,9.692,-0.03,-0.01,0.54,225.67,,,,,,,,,,,
1790036410.749091,GPS_RAW_INT,,,,,,,,,,,,,,,,,,6,10
1790036410.750437,ATTITUDE,,,,,,,,,,,,,,,0.004837550222873688,0.002577203093096614,-2.344627857208252,,
1790036410.7518516,RAW_IMU,,,,,,,,,0,0,-988,2,-4,1,,,,,
1790036410.7678447,ATTITUDE,,,,,,,,,,,,,,,0.004836336709558964,0.002472699386999011,-2.34464955329895,,
1790036410.7686987,RAW_IMU,,,,,,,,,0,0,-989,2,-3,1,,,,,
1790036410.7874572,ATTITUDE,,,,,,,,,,,,,,,0.004835977219045162,0.0024122819304466248,-2.3446731567382812,,
1790036410.789137,RAW_IMU,,,,,,,,,0,0,-992,2,0,1,,,,,
1790036410.8081763,ATTITUDE,,,,,,,,,,,,,,,0.004837249871343374,0.0022911590058356524,-2.344696044921875,,
1790036410.809996,RAW_IMU,,,,,,,,,0,0,-993,2,-3,1,,,,,
1790036410.8288696,ATTITUDE,,,,,,,,,,,,,,,0.004793358035385609,0.002208281774073839,-2.3447182178497314,,
1790036410.8302486,RAW_IMU,,,,,,,,,0,0,-995,0,-2,1,,,,,
1790036410.8490791,GLOBAL_POSITION_INT,-35.3609107,149.1680389,590.84,9.637,-0.02,-0.01,0.54,225.66,,,,,,,,,,,
1790036410.8503935,GPS_RAW_INT,,,,,,,,,,,,,,,,,,6,10
1790036410.8520737,ATTITUDE,,,,,,,,,,,,,,,0.004743213765323162,0.002132219262421131,-2.3447375297546387,,
1790036410.854276,RAW_IMU,,,,,,,,,0,0,-996,0,-1,1,,,,,
1790036410.8693788,ATTITUDE,,,,,,,,,,,,,,,0.004705216269940138,0.0019896042067557573,-2.3447563648223877,,
1790036410.8713007,RAW_IMU,,,,,,,,,0,0,-996,0,-4,1,,,,,
1790036410.889461,ATTITUDE,,,,,,,,,,,,,,,0.004714572802186012,0.0019214903004467487,-2.3447747230529785,,
1790036410.8905609,RAW_IMU,,,,,,,,,0,0,-998,3,-1,1,,,,,
1790036410.9129856,ATTITUDE,,,,,,,,,,,,,,,0.004717678762972355,0.0018665216630324721,-2.3447976112365723,,
1790036410.9147177,RAW_IMU,,,,,,,,,0,0,-999,3,0,1,,,,,
1790036410.9300191,ATTITUDE,,,,,,,,,,,,,,,0.00469221081584692,0.0017612689407542348,-2.3448197841644287,,
1790036410.9308336,RAW_IMU,,,,,,,,,0,0,-1000,2,-3,1,,,,,
1790036410.9495173,GLOBAL_POSITION_INT,-35.3609107,149.1680389,590.79,9.582,-0.02,-0.01,0.54,225.66,,,,,,,,,,,
1790036410.9500952,GPS_RAW_INT,,,,,,,,,,,,,,,,,,6,10
1790036410.9520028,ATTITUDE,,,,,,,,,,,,,,,0.004656848963350058,0.0017146992031484842,-2.344841480255127,,
1790036410.9531403,RAW_IMU,,,,,,,,,0,0,-1001,0,0,1,,,,,
1790036410.969908,ATTITUDE,,,,,,,,,,,,,,,0.0046640317887067795,0.0016717405524104834,-2.3448619842529297,,
1790036410.9709935,RAW_IMU,,,,,,,,,0,0,-1002,3,0,1,,,,,
1790036410.9899256,ATTITUDE,,,,,,,,,,,,,,,0.004670308902859688,0.0015600108308717608,-2.344883918762207,,
1790036410.9908054,RAW_IMU,,,,,,,,,0,0,-1002,3,-3,1,,,,,
1790036411.0101776,ATTITUDE,,,,,,,,,,,,,,,0.004629714880138636,0.0014740116894245148,-2.3449058532714844,,
1790036411.0111685,RAW_IMU,,,,,,,,,0,0,-1003,1,-2,1,,,,,
1790036411.0300853,ATTITUDE,,,,,,,,,,,,,,,0.004628490190953016,0.0013631777837872505,-2.3449251651763916,,
1790036411.0316718,RAW_IMU,,,,,,,,,0,0,-1004,2,-2,1,,,,,
1790036411.0494306,GLOBAL_POSITION_INT,-35.3609107,149.1680389,590.73,9.526,-0.01,-0.01,0.54,225.65,,,,,,,,,,,
1790036411.0509243,GPS_RAW_INT,,,,,,,,,,,,,,,,,,6,10
1790036411.0523674,ATTITUDE,,,,,,,,,,,,,,,0.004639091435819864,0.0012395046651363373,-2.3449435234069824,,
1790036411.0537546,RAW_IMU,,,,,,,,,0,0,-1005,3,-4,1,,,,,
1790036411.0699155,ATTITUDE,,,,,,,,,,,,,,,0.004650257993489504,0.0011191704543307424,-2.344959259033203,,
1790036411.0713809,RAW_IMU,,,,,,,,,0,0,-1005,3,-3,1,,,,,
1790036411.0908413,ATTITUDE,,,,,,,,,,,,,,,0.004642854444682598,0.0010039383778348565,-2.3449742794036865,,
1790036411.0927083,RAW_IMU,,,,,,,,,0,0,-1005,2,-3,1,,,,,
1790036411.1116521,ATTITUDE,,,,,,,,,,,,,,,0.0045858402736485004,0.0009367475868202746,-2.3449952602386475,,
1790036411.1129518,RAW_IMU,,,,,,,,,0,0,-1007,0,-1,1,,,,,
1790036411.1268697,ATTITUDE,,,,,,,,,,,,,,,0.004552797880023718,0.0008729827823117375,-2.3450160026550293,,
1790036411.128527,RAW_IMU,,,,,,,,,0,0,-1007,1,-1,1,,,,,
1790036411.1601963,GLOBAL_POSITION_INT,-35.3609107,149.168039,590.68,9.471,-0.01,-0.01,0.54,225.64,,,,,,,,,,,
1790036411.1620176,GPS_RAW_INT,,,,,,,,,,,,,,,,,,6,10
1790036411.1629584,ATTITUDE,,,,,,,,,,,,,,,0.0044717369601130486,0.0008116928511299193,-2.345036506652832,,
1790036411.1637282,RAW_IMU,,,,,,,,,0,0,-1007,-1,0,1,,,,,
1790036411.1673915,ATTITUDE,,,,,,,,,,,,,,,0.004449422936886549,0.0007541189552284777,-2.3450562953948975,,
1790036411.1684592,RAW_IMU,,,,,,,,,0,0,-1008,1,0,1,,,,,
1790036411.187478,ATTITUDE,,,,,,,,,,,,,,,0.004427953623235226,0.0006968799862079322,-2.3450772762298584,,
1790036411.188055,RAW_IMU,,,,,,,,,0,0,-1008,1,0,1,,,,,
1790036411.2082708,ATTITUDE,,,,,,,,,,,,,,,0.004407729487866163,0.0006417983095161617,-2.3450961112976074,,
1790036411.210367,RAW_IMU,,,,,,,,,0,0,-1008,1,0,1,,,,,
1790036411.2277818,ATTITUDE,,,,,,,,,,,,,,,0.0043882825411856174,0.0005893053021281958,-2.3451128005981445,,
1790036411.2287242,RAW_IMU,,,,,,,,,0,0,-1008,1,0,1,,,,,
1790036411.2474217,GLOBAL_POSITION_INT,-35.3609107,149.168039,590.62,9.417,0.0,-0.01,0.53,225.64,,,,,,,,,,,
1790036411.2485356,GPS_RAW_INT,,,,,,,,,,,,,,,,,,6,10
1790036411.2503262,ATTITUDE,,,,,,,,,,,,,,,0.004372240975499153,0.0004818583547603339,-2.3451285362243652,,
1790036411.2511938,RAW_IMU,,,,,,,,,0,0,-1008,2,-2,1,,,,,
1790036411.2669299,ATTITUDE,,,,,,,,,,,,,,,0.004357201512902975,0.00041093138861469924,-2.345144033432007,,
1790036411.2679656,RAW_IMU,,,,,,,,,0,0,-1008,2,-1,1,,,,,
1790036411.2871692,ATTITUDE,,,,,,,,,,,,,,,0.0043062446638941765,0.00026922786491923034,-2.3451614379882812,,
1790036411.2882211,RAW_IMU,,,,,,,,,0,0,-1009,0,-4,1,,,,,
1790036411.3071613,ATTITUDE,,,,,,,,,,,,,,,0.004278117790818214,0.00021194042346905917,-2.345183849334717,,
1790036411.3089943,RAW_IMU,,,,,,,,,0,0,-1009,1,-1,1,,,,,
1790036411.3286393,ATTITUDE,,,,,,,,,,,,,,,0.004178807605057955,0.00011132144572911784,-2.3452060222625732,,
1790036411.3299646,RAW_IMU,,,,,,,,,0,0,-1009,-1,-2,1,,,,,
1790036411.3466003,GLOBAL_POSITION_INT,-35.3609107,149.168039,590.57,9.363,0.0,-0.01,0.52,225.63,,,,,,,,,,,
1790036411.347394,GPS_RAW_INT,,,,,,,,,,,,,,,,,,6,10
1790036411.3489366,ATTITUDE,,,,,,,,,,,,,,,0.004166526719927788,4.3150521378265694e-05,-2.345227003097534,,
1790036411.3502803,RAW_IMU,,,,,,,,,0,0,-1009,2,-1,1,,,,,
1790036411.3669024,ATTITUDE,,,,,,,,,,,,,,,0.004073332063853741,-5.211202005739324e-05,-2.3452465534210205,,
1790036411.3676157,RAW_IMU,,,,,,,,,0,0,-1009,-1,-1,1,,,,,
1790036411.387402,ATTITUDE,,,,,,,,,,,,,,,0.0040755062364041805,-0.0001464758679503575,-2.3452682495117188,,
1790036411.3886776,RAW_IMU,,,,,,,,,0,0,-1009,2,-2,1,,,,,
1790036411.4075234,ATTITUDE,,,,,,,,,,,,,,,0.004015898797661066,-0.000204664800548926,-2.3452887535095215,,
1790036411.408138,RAW_IMU,,,,,,,,,0,0,-1009,0,0,1,,,,,
1790036411.4275346,ATTITUDE,,,,,,,,,,,,,,,0.003994907718151808,-0.0003341664851177484,-2.3453078269958496,,
1790036411.4286964,RAW_IMU,,,,,,,,,0,0,-1009,1,-4,1,,,,,
1790036411.4472086,GLOBAL_POSITION_INT,-35.3609107,149.1680391,590.52,9.31,0.0,-0.01,0.51,225.63,,,,,,,,,,,
1790036411.4482172,GPS_RAW_INT,,,,,,,,,,,,,,,,,,6,10
1790036411.4491959,ATTITUDE,,,,,,,,,,,,,,,0.00397468963637948,-0.0003852226072922349,-2.345324993133545,,
1790036411.451208,RAW_IMU,,,,,,,,,0,0,-1009,2,0,1,,,,,
1790036411.8468904,GLOBAL_POSITION_INT,-35.3609107,149.1680391,590.41,9.208,0.0,-0.02,0.5,225.62,,,,,,,,,,,
1790036411.8492646,RAW_IMU,,,,,,,,,0,0,-1007,3,0,1,,,,,
1790036411.8504815,GPS_RAW_INT,,,,,,,,,,,,,,,,,,6,10
1790036411.916101,ATTITUDE,,,,,,,,,,,,,,,0.0037299974355846643,-0.0010305558098480105,-2.3457677364349365,,
1790036411.917273,RAW_IMU,,,,,,,,,0,0,-1005,1,2,1,,,,,
1790036411.918313,GLOBAL_POSITION_INT,-35.3609108,149.1680392,590.29,9.081,0.0,-0.02,0.49,225.6,,,,,,,,,,,
1790036411.919353,GPS_RAW_INT,,,,,,,,,,,,,,,,,,6,10
1790036411.9222703,ATTITUDE,,,,,,,,,,,,,,,0.0036798971705138683,-0.0010364118497818708,-2.345791816711426,,
1790036411.9239304,RAW_IMU,,,,,,,,,0,0,-1004,0,2,1,,,,,
1790036411.934141,ATTITUDE,,,,,,,,,,,,,,,0.0036311661824584007,-0.0010266182944178581,-2.3458125591278076,,
1790036411.93516,RAW_IMU,,,,,,,,,0,0,-1004,1,2,1,,,,,
1790036411.9488335,GLOBAL_POSITION_INT,-35.3609108,149.1680392,590.26,9.053,0.0,-0.02,0.48,225.6,,,,,,,,,,,
1790036411.9501016,GPS_RAW_INT,,,,,,,,,,,,,,,,,,6,10
1790036411.9514108,ATTITUDE,,,,,,,,,,,,,,,0.003557788673788309,-0.0010321896988898516,-2.345832586288452,,
1790036411.9535558,RAW_IMU,,,,,,,,,0,0,-1004,0,2,1,,,,,
1790036411.9708173,ATTITUDE,,,,,,,,,,,,,,,0.003530125832185149,-0.0010388841619715095,-2.3458516597747803,,
1790036411.9724956,RAW_IMU,,,,,,,,,0,0,-1004,1,1,1,,,,,
1790036411.9910994,ATTITUDE,,,,,,,,,,,,,,,0.003489644266664982,-0.001046774792484939,-2.3458733558654785,,
1790036411.9929824,RAW_IMU,,,,,,,,,0,0,-1003,1,2,1,,,,,
1790036412.0115275,ATTITUDE,,,,,,,,,,,,,,,0.0034520605113357306,-0.0010651255724951625,-2.345893621444702,,
1790036412.0134838,RAW_IMU,,,,,,,,,0,0,-1004,1,1,1,,,,,
1790036412.033419,ATTITUDE,,,,,,,,,,,,,,,0.003416814375668764,-0.001051145140081644,-2.345914125442505,,
1790036412.0354247,RAW_IMU,,,,,,,,,0,0,-1004,1,3,1,,,,,
1790036412.0477629,GLOBAL_POSITION_INT,-35.3609108,149.1680392,590.21,9.003,0.0,-0.02,0.48,225.59,,,,,,,,,,,
1790036412.048563,GPS_RAW_INT,,,,,,,,,,,,,,,,,,6,10
1790036412.0536702,ATTITUDE,,,,,,,,,,,,,,,0.003382839960977435,-0.0010929600102826953,-2.3459343910217285,,
1790036412.0553505,RAW_IMU,,,,,,,,,0,0,-1003,1,0,1,,,,,
1790036412.0742607,ATTITUDE,,,,,,,,,,,,,,,0.0033521009609103203,-0.0011331344721838832,-2.345951557159424,,
1790036412.0754015,RAW_IMU,,,,,,,,,0,0,-1003,1,0,1,,,,,
1790036412.0946164,ATTITUDE,,,,,,,,,,,,,,,0.00332238944247365,-0.0011723372153937817,-2.3459689617156982,,
1790036412.0957863,RAW_IMU,,,,,,,,,0,0,-1003,1,0,1,,,,,
1790036412.110187,ATTITUDE,,,,,,,,,,,,,,,0.003286448074504733,-0.0012064456241205335,-2.3459906578063965,,
1790036412.1120021,RAW_IMU,,,,,,,,,0,0,-1003,1,0,1,,,,,
1790036412.131031,ATTITUDE,,,,,,,,,,,,,,,0.00325356749817729,-0.001238323049619794,-2.3460099697113037,,
1790036412.1322207,RAW_IMU,,,,,,,,,0,0,-1003,1,0,1,,,,,
1790036412.1650765,GLOBAL_POSITION_INT,-35.3609108,149.1680392,590.16,8.953,0.0,-0.02,0.48,225.59,,,,,,,,,,,
1790036412.166428,GPS_RAW_INT,,,,,,,,,,,,,,,,,,6,10
1790036412.1671553,ATTITUDE,,,,,,,,,,,,,,,0.0032223535235971212,-0.001268749008886516,-2.3460280895233154,,
1790036412.168153,RAW_IMU,,,,,,,,,0,0,-1003,1,0,1,,,,,
1790036412.1714916,ATTITUDE,,,,,,,,,,,,,,,0.0031936203595250845,-0.001298054470680654,-2.346043586730957,,
1790036412.1728292,RAW_IMU,,,,,,,,,0,0,-1003,1,0,1,,,,,
1790036412.1916792,ATTITUDE,,,,,,,,,,,,,,,0.0031653677579015493,-0.001325570628978312,-2.3460593223571777,,
1790036412.1931784,RAW_IMU,,,,,,,,,0,0,-1003,1,1,1,,,,,
1790036412.2119374,ATTITUDE,,,,,,,,,,,,,,,0.0031388397328555584,-0.0013222942361608148,-2.346073865890503,,
1790036412.2141168,RAW_IMU,,,,,,,,,0,0,-1003,1,2,1,,,,,
1790036412.2320979,ATTITUDE,,,,,,,,,,,,,,,0.0031056671869009733,-0.0012944138143211603,-2.346086263656616,,
1790036412.2342844,RAW_IMU,,,,,,,,,0,0,-1003,1,3,2,,,,,
1790036412.2521727,GLOBAL_POSITION_INT,-35.3609108,149.1680392,590.11,8.904,0.01,-0.03,0.48,225.58,,,,,,,,,,,
1790036412.253507,GPS_RAW_INT,,,,,,,,,,,,,,,,,,6,10
1790036412.2561104,ATTITUDE,,,,,,,,,,,,,,,0.003102322341874242,-0.0012327809818089008,-2.3460967540740967,,
1790036412.257876,RAW_IMU,,,,,,,,,0,0,-1001,2,5,2,,,,,
1790036412.2741637,ATTITUDE,,,,,,,,,,,,,,,0.003049597144126892,-0.001211394090205431,-2.3461079597473145,,
1790036412.2761407,RAW_IMU,,,,,,,,,0,0,-1001,0,3,1,,,,,
1790036412.294741,ATTITUDE,,,,,,,,,,,,,,,0.003064483869820833,-0.0011213767575100064,-2.3461220264434814,,
1790036412.2961,RAW_IMU,,,,,,,,,0,0,-1001,3,6,1,,,,,
1790036412.3099532,ATTITUDE,,,,,,,,,,,,,,,0.003000838914886117,-0.0010776323033496737,-2.346139907836914,,
1790036412.3117645,RAW_IMU,,,,,,,,,0,0,-1001,0,5,1,,,,,
1790036412.3310025,ATTITUDE,,,,,,,,,,,,,,,0.002991925459355116,-0.0009821943240240216,-2.3461577892303467,,
1790036412.3324673,RAW_IMU,,,,,,,,,0,0,-1001,2,6,1,,,,,
1790036412.3521392,GLOBAL_POSITION_INT,-35.3609108,149.1680392,590.06,8.854,0.01,-0.03,0.48,225.58,,,,,,,,,,,
1790036412.353186,GPS_RAW_INT,,,,,,,,,,,,,,,,,,6,10
1790036412.355025,ATTITUDE,,,,,,,,,,,,,,,0.0029178624972701073,-0.000891654344741255,-2.346175193786621,,
1790036412.3567042,RAW_IMU,,,,,,,,,0,0,-1001,0,7,1,,,,,
1790036412.3721602,ATTITUDE,,,,,,,,,,,,,,,0.0029154005460441113,-0.0008033487829379737,-2.346191883087158,,
1790036412.3731835,RAW_IMU,,,,,,,,,0,0,-1001,2,6,1,,,,,
1790036412.4130182,ATTITUDE,,,,,,,,,,,,,,,0.002861129119992256,-0.0007031088462099433,-2.34621000289917,,
1790036412.4140532,RAW_IMU,,,,,,,,,0,0,-1001,0,7,1,,,,,
1790036412.4153638,ATTITUDE,,,,,,,,,,,,,,,0.0028467646334320307,-0.0006528623052872717,-2.3462283611297607,,
1790036412.4171958,RAW_IMU,,,,,,,,,0,0,-1001,1,4,1,,,,,
1790036412.429396,ATTITUDE,,,,,,,,,,,,,,,0.0028510726988315582,-0.0005347783444449306,-2.346245765686035,,
1790036412.4305332,RAW_IMU,,,,,,,,,0,0,-1001,3,8,1,,,,,
1790036412.4494107,GLOBAL_POSITION_INT,-35.3609108,149.1680392,590.01,8.805,0.01,-0.03,0.48,225.57,,,,,,,,,,,
1790036412.451104,GPS_RAW_INT,,,,,,,,,,,,,,,,,,6,10
1790036412.453078,ATTITUDE,,,,,,,,,,,,,,,0.002857445040717721,-0.0004933993332087994,-2.3462634086608887,,
1790036412.4547296,RAW_IMU,,,,,,,,,0,0,-1000,3,4,1,,,,,
1790036412.4724505,ATTITUDE,,,,,,,,,,,,,,,0.002864228095859289,-0.0003886489139404148,-2.3462812900543213,,
1790036412.4740257,RAW_IMU,,,,,,,,,0,0,-1000,3,7,1,,,,,
1790036412.4940877,ATTITUDE,,,,,,,,,,,,,,,0.002871985314413905,-0.0003526841464918107,-2.346303939819336,,
1790036412.4958518,RAW_IMU,,,,,,,,,0,0,-1000,3,4,1,,,,,
1790036412.5098677,ATTITUDE,,,,,,,,,,,,,,,0.002875042613595724,-0.00024297529307659715,-2.346329689025879,,
1790036412.5115466,RAW_IMU,,,,,,,,,0,0,-1000,3,7,1,,,,,
1790036412.5303273,ATTITUDE,,,,,,,,,,,,,,,0.002873942255973816,-0.00019891619740519673,-2.346358060836792,,
1790036412.5316103,RAW_IMU,,,,,,,,,0,0,-1000,3,4,1,,,,,
1790036412.5481546,GLOBAL_POSITION_INT,-35.3609108,149.1680392,589.96,8.756,0.01,-0.03,0.48,225.57,,,,,,,,,,,
1790036412.548514,GPS_RAW_INT,,,,,,,,,,,,,,,,,,6,10
1790036412.5534775,ATTITUDE,,,,,,,,,,,,,,,0.0028731736820191145,-8.850812446326017e-05,-2.346386432647705,,
1790036412.5539267,RAW_IMU,,,,,,,,,0,0,-1000,3,7,1,,,,,
1790036412.571285,ATTITUDE,,,,,,,,,,,,,,,0.002874337835237384,-5.51183802599553e-05,-2.3464138507843018,,
1790036412.5718236,RAW_IMU,,,,,,,,,0,0,-1000,3,4,1,,,,,
1790036412.5888615,ATTITUDE,,,,,,,,,,,,,,,0.0028745217714458704,1.28609190142015e-05,-2.3464436531066895,,
1790036412.589224,RAW_IMU,,,,,,,,,0,0,-1000,3,5,1,,,,,
1790036412.612226,ATTITUDE,,,,,,,,,,,,,,,0.0028761259745806456,8.850417361827567e-05,-2.3464720249176025,,
1790036412.6126783,RAW_IMU,,,,,,,,,0,0,-1000,3,6,1,,,,,
1790036412.6295962,ATTITUDE,,,,,,,,,,,,,,,0.0028784426394850016,0.00016053924628067762,-2.346496820449829,,
1790036412.6301148,RAW_IMU,,,,,,,,,0,0,-1000,3,6,1,,,,,
1790036412.6496887,GLOBAL_POSITION_INT,-35.3609108,149.1680392,589.91,8.707,0.01,-0.03,0.48,225.56,,,,,,,,,,,
1790036412.6499777,GPS_RAW_INT,,,,,,,,,,,,,,,,,,6,10
1790036412.652777,ATTITUDE,,,,,,,,,,,,,,,0.0028821693267673254,0.00022988695127423853,-2.3465185165405273,,
1790036412.6532693,RAW_IMU,,,,,,,,,0,0,-1000,3,6,1,,,,,
1790036412.670834,ATTITUDE,,,,,,,,,,,,,,,0.002886870875954628,0.00029825977981090546,-2.3465375900268555,,
1790036412.671486,RAW_IMU,,,,,,,,,0,0,-1000,3,5,1,,,,,
1790036412.688807,ATTITUDE,,,,,,,,,,,,,,,0.0028931794222444296,0.0003614033048506826,-2.346557378768921,,
1790036412.6892703,RAW_IMU,,,,,,,,,0,0,-1000,3,5,1,,,,,
1790036412.7124245,ATTITUDE,,,,,,,,,,,,,,,0.0028931538108736277,0.00042425852734595537,-2.346578598022461,,
1790036412.71326,RAW_IMU,,,,,,,,,0,0,-1000,3,5,1,,,,,
1790036412.729583,ATTITUDE,,,,,,,,,,,,,,,0.0028907698579132557,0.0004871827841270715,-2.346601724624634,,
1790036412.730307,RAW_IMU,,,,,,,,,0,0,-1000,3,5,1,,,,,
1790036412.747008,GLOBAL_POSITION_INT,-35.3609108,149.1680393,589.86,8.658,0.01,-0.03,0.48,225.55,,,,,,,,,,,
1790036412.7471225,GPS_RAW_INT,,,,,,,,,,,,,,,,,,6,10
1790036412.752729,ATTITUDE,,,,,,,,,,,,,,,0.002888804068788886,0.0005473113851621747,-2.346622943878174,,
1790036412.7533205,RAW_IMU,,,,,,,,,0,0,-1000,3,5,1,,,,,
1790036412.7704358,ATTITUDE,,,,,,,,,,,,,,,0.002887536771595478,0.0005758467013947666,-2.346642255783081,,
1790036412.7711325,RAW_IMU,,,,,,,,,0,0,-1000,3,4,1,,,,,
1790036412.793717,ATTITUDE,,,,,,,,,,,,,,,0.00288692326284945,0.0005781058571301401,-2.3466622829437256,,
1790036412.7944655,RAW_IMU,,,,,,,,,0,0,-1000,3,2,1,,,,,
1790036412.8124797,ATTITUDE,,,,,,,,,,,,,,,0.0028863060288131237,0.0005802864907309413,-2.3466808795928955,,
1790036412.813132,RAW_IMU,,,,,,,,,0,0,-1000,3,2,1,,,,,
1790036412.8296626,ATTITUDE,,,,,,,,,,,,,,,0.002887576352804899,0.0005800844519399107,-2.346696615219116,,
1790036412.8303795,RAW_IMU,,,,,,,,,0,0,-1000,3,2,1,,,,,
1790036412.8472123,GLOBAL_POSITION_INT,-35.3609108,149.1680393,589.81,8.608,0.01,-0.03,0.48,225.55,,,,,,,,,,,
1790036412.8476913,GPS_RAW_INT,,,,,,,,,,,,,,,,,,6,10
1790036412.85258,ATTITUDE,,,,,,,,,,,,,,,0.0028900967445224524,0.000581821717787534,-2.3467094898223877,,
1790036412.8531132,RAW_IMU,,,,,,,,,0,0,-1000,3,2,2,,,,,
1790036412.8704243,ATTITUDE,,,,,,,,,,,,,,,0.002894076518714428,0.0005830813315697014,-2.346721649169922,,
1790036412.870851,RAW_IMU,,,,,,,,,0,0,-1000,3,2,1,,,,,
1790036412.8949516,ATTITUDE,,,,,,,,,,,,,,,0.0029006970580667257,0.0005852319882251322,-2.3467328548431396,,
1790036412.8952022,RAW_IMU,,,,,,,,,0,0,-1000,3,2,2,,,,,
1790036412.9113111,ATTITUDE,,,,,,,,,,,,,,,0.0029003715608268976,0.0005874662892892957,-2.3467483520507812,,
1790036412.9116826,RAW_IMU,,,,,,,,,0,0,-1000,3,2,2,,,,,
1790036412.9342947,ATTITUDE,,,,,,,,,,,,,,,0.002896985039114952,0.0005917084636166692,-2.3467636108398438,,
1790036412.934841,RAW_IMU,,,,,,,,,0,0,-1000,3,2,2,,,,,
1790036412.9518147,GLOBAL_POSITION_INT,-35.3609108,149.1680393,589.76,8.559,0.01,-0.03,0.48,225.54,,,,,,,,,,,
1790036412.9522076,GPS_RAW_INT,,,,,,,,,,,,,,,,,,6,10
1790036412.9530299,ATTITUDE,,,,,,,,,,,,,,,0.0028934036381542683,0.0005964568117633462,-2.3467776775360107,,
1790036412.9535024,RAW_IMU,,,,,,,,,0,0,-1000,3,2,2,,,,,
1790036412.969565,ATTITUDE,,,,,,,,,,,,,,,0.002890836913138628,0.0006010717479512095,-2.346790313720703,,
1790036412.9701543,RAW_IMU,,,,,,,,,0,0,-1000,3,2,2,,,,,
1790036412.99267,ATTITUDE,,,,,,,,,,,,,,,0.0028896424919366837,0.0006054089171811938,-2.346803903579712,,
1790036412.9931679,RAW_IMU,,,,,,,,,0,0,-1000,3,2,2,,,,,
1790036413.010554,ATTITUDE,,,,,,,,,,,,,,,0.0028877900913357735,0.0006088818772695959,-2.346815586090088,,
1790036413.0114238,RAW_IMU,,,,,,,,,0,0,-1000,3,2,2,,,,,
1790036413.0333986,ATTITUDE,,,,,,,,,,,,,,,0.002889554714784026,0.0006126011139713228,-2.3468258380889893,,
1790036413.0338957,RAW_IMU,,,,,,,,,0,0,-1000,3,2,2,,,,,
1790036413.050987,GLOBAL_POSITION_INT,-35.3609108,149.1680393,589.72,8.51,0.01,-0.03,0.48,225.54,,,,,,,,,,,
1790036413.0515504,GPS_RAW_INT,,,,,,,,,,,,,,,,,,6,10
1790036413.0520966,ATTITUDE,,,,,,,,,,,,,,,0.0028918611351400614,0.0006169676198624074,-2.346832513809204,,
1790036413.0525224,RAW_IMU,,,,,,,,,0,0,-1000,3,2,2,,,,,
1790036413.0741167,ATTITUDE,,,,,,,,,,,,,,,0.0028948993422091007,0.0006209606071934104,-2.3468384742736816,,
1790036413.0745957,RAW_IMU,,,,,,,,,0,0,-1000,3,2,2,,,,,
1790036413.0926847,ATTITUDE,,,,,,,,,,,,,,,0.0028990735299885273,0.000623151718173176,-2.346843957901001,,
1790036413.0935767,RAW_IMU,,,,,,,,,0,0,-1000,3,2,2,,,,,
1790036413.1099007,ATTITUDE,,,,,,,,,,,,,,,0.0028972576837986708,0.0006286310963332653,-2.346853733062744,,
1790036413.1108532,RAW_IMU,,,,,,,,,0,0,-1000,3,2,2,,,,,
1790036413.133494,ATTITUDE,,,,,,,,,,,,,,,0.002891024574637413,0.0006330892792902887,-2.3468639850616455,,
1790036413.134048,RAW_IMU,,,,,,,,,0,0,-1000,3,2,2,,,,,
1790036413.1508524,GLOBAL_POSITION_INT,-35.3609108,149.1680393,589.67,8.46,0.01,-0.03,0.48,225.54,,,,,,,,,,,
1790036413.1515417,GPS_RAW_INT,,,,,,,,,,,,,,,,,,6,10
1790036413.152108,ATTITUDE,,,,,,,,,,,,,,,0.002886696718633175,0.0006384340231306851,-2.346871852874756,,
1790036413.1530323,RAW_IMU,,,,,,,,,0,0,-1000,3,2,2,,,,,
1790036413.1741204,ATTITUDE,,,,,,,,,,,,,,,0.0028827269561588764,0.0006447090418078005,-2.3468801975250244,,
1790036413.174781,RAW_IMU,,,,,,,,,0,0,-1000,3,2,2,,,,,
1790036413.1918597,ATTITUDE,,,,,,,,,,,,,,,0.002880579326301813,0.000648198532871902,-2.346888303756714,,
1790036413.1925883,RAW_IMU,,,,,,,,,0,0,-1000,3,2,2,,,,,
1790036413.2098272,ATTITUDE,,,,,,,,,,,,,,,0.0028785632457584143,0.0006524487398564816,-2.3468942642211914,,
1790036413.2103462,RAW_IMU,,,,,,,,,0,0,-1000,3,2,2,,,,,
1790036413.2325697,ATTITUDE,,,,,,,,,,,,,,,0.002877967432141304,0.0006569206598214805,-2.3468985557556152,,
1790036413.233282,RAW_IMU,,,,,,,,,0,0,-1000,3,2,2,,,,,
1790036413.2501066,GLOBAL_POSITION_INT,-35.3609108,149.1680393,589.62,8.411,0.01,-0.03,0.48,225.54,,,,,,,,,,,
1790036413.250692,GPS_RAW_INT,,,,,,,,,,,,,,,,,,6,10
1790036413.2516272,ATTITUDE,,,,,,,,,,,,,,,0.002877878025174141,0.0006624826928600669,-2.3469014167785645,,
1790036413.252243,RAW_IMU,,,,,,,,,0,0,-1000,3,2,2,,,,,
1790036413.2737436,ATTITUDE,,,,,,,,,,,,,,,0.0028798484709113836,0.0006672411691397429,-2.3469018936157227,,
1790036413.2746983,RAW_IMU,,,,,,,,,0,0,-1000,3,2,2,,,,,
1790036413.2922084,ATTITUDE,,,,,,,,,,,,,,,0.00288422335870564,0.00067207618849352,-2.346902847290039,,
1790036413.2932646,RAW_IMU,,,,,,,,,0,0,-1000,3,2,2,,,,,
1790036413.310873,ATTITUDE,,,,,,,,,,,,,,,0.0028813774697482586,0.0006772164488211274,-2.3469078540802,,
1790036413.3120067,RAW_IMU,,,,,,,,,0,0,-1000,3,2,2,,,,,
1790036413.3292468,ATTITUDE,,,,,,,,,,,,,,,0.002875556703656912,0.0006826309836469591,-2.3469138145446777,,
1790036413.3299139,RAW_IMU,,,,,,,,,0,0,-1000,3,2,2,,,,,
1790036413.3473642,GLOBAL_POSITION_INT,-35.3609108,149.1680393,589.57,8.361,0.01,-0.03,0.48,225.54,,,,,,,,,,,
1790036413.3481836,GPS_RAW_INT,,,,,,,,,,,,,,,,,,6,10
1790036413.3532593,ATTITUDE,,,,,,,,,,,,,,,0.0028709981124848127,0.0006884860340505838,-2.3469202518463135,,
1790036413.3541808,RAW_IMU,,,,,,,,,0,0,-1000,3,2,2,,,,,
1790036413.3731077,ATTITUDE,,,,,,,,,,,,,,,0.002867436269298196,0.0006937356665730476,-2.3469228744506836,,
1790036413.374538,RAW_IMU,,,,,,,,,0,0,-1000,3,2,2,,,,,
1790036413.4028065,ATTITUDE,,,,,,,,,,,,,,,0.0028644378762692213,0.0006986669613979757,-2.3469274044036865,,
1790036413.4032168,RAW_IMU,,,,,,,,,0,0,-1000,3,2,2,,,,,
1790036413.414366,ATTITUDE,,,,,,,,,,,,,,,0.0028626041021198034,0.0007226396119222045,-2.346931219100952,,
1790036413.4148993,RAW_IMU,,,,,,,,,0,0,-1000,3,3,2,,,,,
1790036413.4322128,ATTITUDE,,,,,,,,,,,,,,,0.0028613524045795202,0.0007268816698342562,-2.3469340801239014,,
1790036413.4327133,RAW_IMU,,,,,,,,,0,0,-1000,3,3,2,,,,,
1790036413.4504676,GLOBAL_POSITION_INT,-35.3609108,149.1680393,589.52,8.312,0.01,-0.03,0.48,225.54,,,,,,,,,,,
1790036413.4510562,GPS_RAW_INT,,,,,,,,,,,,,,,,,,6,10
1790036413.4541895,ATTITUDE,,,,,,,,,,,,,,,0.002862157765775919,0.0007830109097994864,-2.3469367027282715,,
1790036413.4547193,RAW_IMU,,,,,,,,,0,0,-1001,3,5,2,,,,,
1790036413.4689748,ATTITUDE,,,,,,,,,,,,,,,0.002864772453904152,0.0007710317149758339,-2.3469414710998535,,
1790036413.469534,RAW_IMU,,,,,,,,,0,0,-1001,3,2,2,,,,,
1790036413.4945858,ATTITUDE,,,,,,,,,,,,,,,0.0028673785272985697,0.0008279014728032053,-2.3469479084014893,,
1790036413.494887,RAW_IMU,,,,,,,,,0,0,-1000,3,4,2,,,,,
1790036413.5113459,ATTITUDE,,,,,,,,,,,,,,,0.002865228336304426,0.0008399095968343318,-2.34696102142334,,
1790036413.5121107,RAW_IMU,,,,,,,,,0,0,-1000,3,3,2,,,,,
1790036413.5299234,ATTITUDE,,,,,,,,,,,,,,,0.0028597174677997828,0.000880578940268606,-2.3469748497009277,,
1790036413.5305145,RAW_IMU,,,,,,,,,0,0,-1000,3,4,2,,,,,
1790036413.5497115,GLOBAL_POSITION_INT,-35.3609108,149.1680393,589.47,8.262,0.02,-0.03,0.48,225.53,,,,,,,,,,,
1790036413.5508208,GPS_RAW_INT,,,,,,,,,,,,,,,,,,6,10
1790036413.5531297,ATTITUDE,,,,,,,,,,,,,,,0.0028549497947096825,0.0009359799441881478,-2.346987724304199,,
1790036413.554357,RAW_IMU,,,,,,,,,0,0,-1000,3,5,2,,,,,
1790036413.5697372,ATTITUDE,,,,,,,,,,,,,,,0.00285109574906528,0.0009892383823171258,-2.3470003604888916,,
1790036413.5709827,RAW_IMU,,,,,,,,,0,0,-1000,3,5,2,,,,,
1790036413.5897615,ATTITUDE,,,,,,,,,,,,,,,0.002847293857485056,0.001039318973198533,-2.347013235092163,,
1790036413.5908499,RAW_IMU,,,,,,,,,0,0,-1000,3,5,2,,,,,
1790036413.6119318,ATTITUDE,,,,,,,,,,,,,,,0.0028450917452573776,0.0010895263403654099,-2.3470242023468018,,
1790036413.6128604,RAW_IMU,,,,,,,,,0,0,-1000,3,5,2,,,,,
1790036413.632537,ATTITUDE,,,,,,,,,,,,,,,0.002843378111720085,0.0011370833963155746,-2.3470330238342285,,
1790036413.6343625,RAW_IMU,,,,,,,,,0,0,-1000,3,5,2,,,,,
1790036413.6649282,GLOBAL_POSITION_INT,-35.3609108,149.1680393,589.42,8.212,0.02,-0.03,0.48,225.53,,,,,,,,,,,
1790036413.667784,GPS_RAW_INT,,,,,,,,,,,,,,,,,,6,10
1790036413.6728861,ATTITUDE,,,,,,,,,,,,,,,0.002843289403244853,0.0011830090079456568,-2.3470394611358643,,
1790036413.6740866,RAW_IMU,,,,,,,,,0,0,-1000,3,4,2,,,,,
1790036413.6774952,ATTITUDE,,,,,,,,,,,,,,,0.002845608163625002,0.0012272995663806796,-2.347043514251709,,
1790036413.6780882,RAW_IMU,,,,,,,,,0,0,-1000,3,4,2,,,,,
1790036413.6949704,ATTITUDE,,,,,,,,,,,,,,,0.0028491229750216007,0.0012703222455456853,-2.3470489978790283,,
1790036413.69662,RAW_IMU,,,,,,,,,0,0,-1000,3,4,2,,,,,
1790036413.7147295,ATTITUDE,,,,,,,,,,,,,,,0.002846735529601574,0.0013107932172715664,-2.347057819366455,,
1790036413.717075,RAW_IMU,,,,,,,,,0,0,-1000,3,4,2,,,,,
1790036413.7299216,ATTITUDE,,,,,,,,,,,,,,,0.002842295914888382,0.0013420673785731196,-2.3470687866210938,,
1790036413.7316957,RAW_IMU,,,,,,,,,0,0,-1000,3,4,2,,,,,
1790036413.7499256,GLOBAL_POSITION_INT,-35.3609108,149.1680393,589.37,8.163,0.02,-0.03,0.49,225.53,,,,,,,,,,,
1790036413.7511368,GPS_RAW_INT,,,,,,,,,,,,,,,,,,6,10
1790036413.7535415,ATTITUDE,,,,,,,,,,,,,,,0.0028367144986987114,0.001390982186421752,-2.347078561782837,,
1790036413.7547586,RAW_IMU,,,,,,,,,0,0,-1001,3,5,2,,,,,
1790036413.7708786,ATTITUDE,,,,,,,,,,,,,,,0.0028332199435681105,0.0013825123896822333,-2.3470892906188965,,
1790036413.7720869,RAW_IMU,,,,,,,,,0,0,-1001,3,2,2,,,,,
1790036413.7919016,ATTITUDE,,,,,,,,,,,,,,,0.0028301936108618975,0.0014473370974883437,-2.3471035957336426,,
1790036413.793771,RAW_IMU,,,,,,,,,0,0,-1001,3,5,2,,,,,
1790036413.8138616,ATTITUDE,,,,,,,,,,,,,,,0.002827221294865012,0.0014293158892542124,-2.347118377685547,,
1790036413.815157,RAW_IMU,,,,,,,,,0,0,-1001,3,2,2,,,,,
1790036413.8366978,ATTITUDE,,,,,,,,,,,,,,,0.002825689036399126,0.0014883847907185555,-2.3471336364746094,,
1790036413.8386495,RAW_IMU,,,,,,,,,0,0,-1000,3,5,2,,,,,
1790036413.8496048,GLOBAL_POSITION_INT,-35.3609108,149.1680393,589.32,8.113,0.02,-0.03,0.49,225.52,,,,,,,,,,,
1790036413.850608,GPS_RAW_INT,,,,,,,,,,,,,,,,,,6,10
1790036413.852903,ATTITUDE,,,,,,,,,,,,,,,0.0028263607528060675,0.0014790651621297002,-2.3471503257751465,,
1790036413.8554616,RAW_IMU,,,,,,,,,0,0,-1000,3,2,1,,,,,
1790036413.869852,ATTITUDE,,,,,,,,,,,,,,,0.002827412448823452,0.001523478887975216,-2.3471648693084717,,
1790036413.8712473,RAW_IMU,,,,,,,,,0,0,-1000,3,4,1,,,,,
1790036413.9096339,ATTITUDE,,,,,,,,,,,,,,,0.0028300608973950148,0.0015378643292933702,-2.3471806049346924,,
1790036413.9106865,RAW_IMU,,,,,,,,,0,0,-1000,3,3,1,,,,,
1790036413.9118605,ATTITUDE,,,,,,,,,,,,,,,0.002827305579558015,0.0015342237893491983,-2.3471994400024414,,
1790036413.9136264,RAW_IMU,,,,,,,,,0,0,-1000,3,2,1,,,,,
1790036413.932,ATTITUDE,,,,,,,,,,,,,,,0.0028209404554218054,0.001529857749119401,-2.347219944000244,,
1790036413.9328656,RAW_IMU,,,,,,,,,0,0,-1000,3,2,1,,,,,
1790036413.9517286,GLOBAL_POSITION_INT,-35.3609108,149.1680393,589.27,8.064,0.02,-0.02,0.49,225.52,,,,,,,,,,,
1790036413.952654,GPS_RAW_INT,,,,,,,,,,,,,,,,,,6,10
1790036413.9542553,ATTITUDE,,,,,,,,,,,,,,,0.0028152032755315304,0.0015259847277775407,-2.347238063812256,,
1790036413.9560199,RAW_IMU,,,,,,,,,0,0,-1000,3,2,2,,,,,
1790036413.9720213,ATTITUDE,,,,,,,,,,,,,,,0.0028107487596571445,0.0015231012366712093,-2.3472535610198975,,
1790036413.9738374,RAW_IMU,,,,,,,,,0,0,-1000,3,2,2,,,,,
1790036413.991807,ATTITUDE,,,,,,,,,,,,,,,0.0028069240506738424,0.0015190214617177844,-2.347270965576172,,
1790036413.992711,RAW_IMU,,,,,,,,,0,0,-1000,3,2,2,,,,,
1790036414.0127378,ATTITUDE,,,,,,,,,,,,,,,0.0028037119191139936,0.0015159075846895576,-2.3472864627838135,,
1790036414.0136704,RAW_IMU,,,,,,,,,0,0,-1000,3,2,2,,,,,
1790036414.0319877,ATTITUDE,,,,,,,,,,,,,,,0.002802664414048195,0.0015193154104053974,-2.347299575805664,,
1790036414.0333374,RAW_IMU,,,,,,,,,0,0,-1000,3,2,2,,,,,
1790036414.0518239,GLOBAL_POSITION_INT,-35.3609108,149.1680393,589.22,8.014,0.02,-0.02,0.49,225.51,,,,,,,,,,,
1790036414.0532634,GPS_RAW_INT,,,,,,,,,,,,,,,,,,6,10
1790036414.0543313,ATTITUDE,,,,,,,,,,,,,,,0.0028024183120578527,0.0015548919327557087,-2.3473105430603027,,
1790036414.0555239,RAW_IMU,,,,,,,,,0,0,-1000,3,4,2,,,,,
1790036414.0718896,ATTITUDE,,,,,,,,,,,,,,,0.0028033596463501453,0.0015889302594587207,-2.347320079803467,,
1790036414.0726864,RAW_IMU,,,,,,,,,0,0,-1000,3,4,2,,,,,
1790036414.0918472,ATTITUDE,,,,,,,,,,,,,,,0.002807023236528039,0.0016211156034842134,-2.34732985496521,,
1790036414.093554,RAW_IMU,,,,,,,,,0,0,-1000,3,4,2,,,,,
1790036414.112143,ATTITUDE,,,,,,,,,,,,,,,0.002803137991577387,0.0016521078068763018,-2.3473427295684814,,
1790036414.1129065,RAW_IMU,,,,,,,,,0,0,-1000,3,4,2,,,,,
1790036414.1323085,ATTITUDE,,,,,,,,,,,,,,,0.0027961016166955233,0.0016906613018363714,-2.3473572731018066,,
1790036414.1340141,RAW_IMU,,,,,,,,,0,0,-1000,3,4,2,,,,,
1790036414.1592522,GLOBAL_POSITION_INT,-35.3609108,149.1680393,589.17,7.964,0.02,-0.02,0.49,225.51,,,,,,,,,,,
1790036414.1627574,GPS_RAW_INT,,,,,,,,,,,,,,,,,,6,10
1790036414.163344,ATTITUDE,,,,,,,,,,,,,,,0.002789604477584362,0.0017188958590850234,-2.3473706245422363,,
1790036414.164029,RAW_IMU,,,,,,,,,0,0,-1001,3,4,2,,,,,
1790036414.1723104,ATTITUDE,,,,,,,,,,,,,,,0.00278390571475029,0.0017784455558285117,-2.347383737564087,,
1790036414.173083,RAW_IMU,,,,,,,,,0,0,-1001,3,5,2,,,,,
1790036414.192397,ATTITUDE,,,,,,,,,,,,,,,0.0027800456155091524,0.0018076967680826783,-2.347403049468994,,
1790036414.193633,RAW_IMU,,,,,,,,,0,0,-1001,3,4,1,,,,,
1790036414.2125657,ATTITUDE,,,,,,,,,,,,,,,0.0027759368531405926,0.0018654180457815528,-2.347421884536743,,
1790036414.2135885,RAW_IMU,,,,,,,,,0,0,-1001,3,5,1,,,,,
1790036414.2326467,ATTITUDE,,,,,,,,,,,,,,,0.0027745815459638834,0.0019096719333902001,-2.3474414348602295,,
1790036414.2336981,RAW_IMU,,,,,,,,,0,0,-1001,3,5,1,,,,,
1790036414.2522302,GLOBAL_POSITION_INT,-35.3609108,149.1680393,589.12,7.914,0.02,-0.02,0.49,225.51,,,,,,,,,,,
1790036414.2528746,GPS_RAW_INT,,,,,,,,,,,,,,,,,,6,10
1790036414.2552636,ATTITUDE,,,,,,,,,,,,,,,0.00277280667796731,0.0019500236958265305,-2.347458600997925,,
1790036414.2564034,RAW_IMU,,,,,,,,,0,0,-1001,3,4,1,,,,,
1790036414.2728126,ATTITUDE,,,,,,,,,,,,,,,0.0027903318405151367,0.0020077829249203205,-2.347475290298462,,
1790036414.2740834,RAW_IMU,,,,,,,,,0,0,-1000,3,5,1,,,,,
1790036414.2945752,ATTITUDE,,,,,,,,,,,,,,,0.0028109755367040634,0.002026280853897333,-2.3474931716918945,,
1790036414.2959516,RAW_IMU,,,,,,,,,0,0,-1000,4,3,1,,,,,
1790036414.3106766,ATTITUDE,,,,,,,,,,,,,,,0.002824100200086832,0.002043426036834717,-2.34751296043396,,
1790036414.3124347,RAW_IMU,,,,,,,,,0,0,-1000,3,3,1,,,,,
1790036414.330249,ATTITUDE,,,,,,,,,,,,,,,0.0028321407735347748,0.0020593663211911917,-2.347533941268921,,
1790036414.331431,RAW_IMU,,,,,,,,,0,0,-1000,3,3,1,,,,,
1790036414.3514712,GLOBAL_POSITION_INT,-35.3609108,149.1680393,589.07,7.864,0.02,-0.02,0.49,225.5,,,,,,,,,,,
1790036414.3535495,GPS_RAW_INT,,,,,,,,,,,,,,,,,,6,10
1790036414.3552866,ATTITUDE,,,,,,,,,,,,,,,0.00284216389991343,0.0020749447867274284,-2.347553014755249,,
1790036414.356549,RAW_IMU,,,,,,,,,0,0,-1000,3,3,1,,,,,
1790036414.3720906,ATTITUDE,,,,,,,,,,,,,,,0.0028513313736766577,0.002090444788336754,-2.3475708961486816,,
1790036414.3732853,RAW_IMU,,,,,,,,,0,0,-1000,3,3,1,,,,,
1790036414.4128585,ATTITUDE,,,,,,,,,,,,,,,0.0028607104904949665,0.0021054018288850784,-2.3475887775421143,,
1790036414.4139051,RAW_IMU,,,,,,,,,0,0,-1000,3,3,2,,,,,
1790036414.4156213,ATTITUDE,,,,,,,,,,,,,,,0.0028700558468699455,0.002124565187841654,-2.3476057052612305,,
1790036414.4168248,RAW_IMU,,,,,,,,,0,0,-1000,3,3,2,,,,,
1790036414.432217,ATTITUDE,,,,,,,,,,,,,,,0.0028821281157433987,0.002134944312274456,-2.3476219177246094,,
1790036414.4340672,RAW_IMU,,,,,,,,,0,0,-1001,3,3,2,,,,,
1790036414.4522073,GLOBAL_POSITION_INT,-35.3609108,149.1680393,589.02,7.814,0.02,-0.02,0.49,225.5,,,,,,,,,,,
1790036414.4537163,GPS_RAW_INT,,,,,,,,,,,,,,,,,,6,10
1790036414.4548912,ATTITUDE,,,,,,,,,,,,,,,0.0028938984032720327,0.0021678118500858545,-2.347639560699463,,
1790036414.4565306,RAW_IMU,,,,,,,,,0,0,-1001,3,3,1,,,,,
1790036414.4717782,ATTITUDE,,,,,,,,,,,,,,,0.002906771842390299,0.0021818485110998154,-2.347656726837158,,
1790036414.4727247,RAW_IMU,,,,,,,,,0,0,-1001,3,4,1,,,,,
1790036414.4925375,ATTITUDE,,,,,,,,,,,,,,,0.002920929342508316,0.002211547689512372,-2.34767746925354,,
1790036414.49357,RAW_IMU,,,,,,,,,0,0,-1001,3,3,1,,,,,
1790036414.5144753,ATTITUDE,,,,,,,,,,,,,,,0.0029270488303154707,0.0022405905183404684,-2.347702980041504,,
1790036414.515845,RAW_IMU,,,,,,,,,0,0,-1001,3,4,1,,,,,
1790036414.5345829,ATTITUDE,,,,,,,,,,,,,,,0.0029302260372787714,0.002253783866763115,-2.3477301597595215,,
1790036414.5364153,RAW_IMU,,,,,,,,,0,0,-1001,3,3,1,,,,,
1790036414.548639,GLOBAL_POSITION_INT,-35.3609108,149.1680393,588.97,7.765,0.02,-0.02,0.49,225.49,,,,,,,,,,,
1790036414.5495934,GPS_RAW_INT,,,,,,,,,,,,,,,,,,6,10
1790036414.5544724,ATTITUDE,,,,,,,,,,,,,,,0.002934711519628763,0.0022900616750121117,-2.3477563858032227,,
1790036414.556324,RAW_IMU,,,,,,,,,0,0,-1001,3,4,1,,,,,
1790036414.5739698,ATTITUDE,,,,,,,,,,,,,,,0.0029393138829618692,0.002280221553519368,-2.347783327102661,,
1790036414.5757246,RAW_IMU,,,,,,,,,0,0,-1001,3,2,1,,,,,
1790036414.5930486,ATTITUDE,,,,,,,,,,,,,,,0.002946471329778433,0.002321407198905945,-2.347811460494995,,
1790036414.5940824,RAW_IMU,,,,,,,,,0,0,-1000,3,4,1,,,,,
1790036414.6131434,ATTITUDE,,,,,,,,,,,,,,,0.0029518462251871824,0.0023108478635549545,-2.34783935546875,,
1790036414.6142254,RAW_IMU,,,,,,,,,0,0,-1000,3,2,1,,,,,
1790036414.6340716,ATTITUDE,,,,,,,,,,,,,,,0.002957721706479788,0.002299751155078411,-2.3478641510009766,,
1790036414.6361127,RAW_IMU,,,,,,,,,0,0,-1000,3,2,1,,,,,
1790036414.6649628,GLOBAL_POSITION_INT,-35.3609108,149.1680393,588.92,7.715,0.03,-0.02,0.49,225.48,,,,,,,,,,,
1790036414.6668103,GPS_RAW_INT,,,,,,,,,,,,,,,,,,6,10
1790036414.6675935,ATTITUDE,,,,,,,,,,,,,,,0.0029638197738677263,0.0022901026532053947,-2.347886323928833,,
1790036414.668778,RAW_IMU,,,,,,,,,0,0,-1000,3,2,1,,,,,
1790036414.6743004,ATTITUDE,,,,,,,,,,,,,,,0.002972693182528019,0.0022813198156654835,-2.3479065895080566,,
1790036414.675792,RAW_IMU,,,,,,,,,0,0,-1000,3,2,1,,,,,
1790036414.694629,ATTITUDE,,,,,,,,,,,,,,,0.0029826441314071417,0.00227373163215816,-2.347925901412964,,
1790036414.6962767,RAW_IMU,,,,,,,,,0,0,-1000,3,2,1,,,,,
1790036414.710194,ATTITUDE,,,,,,,,,,,,,,,0.0029856993351131678,0.0022647713776677847,-2.347947597503662,,
1790036414.7120874,RAW_IMU,,,,,,,,,0,0,-1000,3,2,1,,,,,
1790036414.731255,ATTITUDE,,,,,,,,,,,,,,,0.0029852630104869604,0.0022613797336816788,-2.347970724105835,,
1790036414.7320194,RAW_IMU,,,,,,,,,0,0,-1000,3,2,1,,,,,
1790036414.7515805,GLOBAL_POSITION_INT,-35.3609109,149.1680393,588.87,7.665,0.03,-0.02,0.49,225.48,,,,,,,,,,,
1790036414.7529767,GPS_RAW_INT,,,,,,,,,,,,,,,,,,6,10
1790036414.75464,ATTITUDE,,,,,,,,,,,,,,,0.0029864427633583546,0.002248893491923809,-2.3479931354522705,,
1790036414.7562659,RAW_IMU,,,,,,,,,0,0,-1001,3,2,1,,,,,
1790036414.7721643,ATTITUDE,,,,,,,,,,,,,,,0.0029873426537960768,0.0022592770401388407,-2.3480165004730225,,
1790036414.7735693,RAW_IMU,,,,,,,,,0,0,-1001,3,2,1,,,,,
1790036414.7924147,ATTITUDE,,,,,,,,,,,,,,,0.0029893540777266026,0.002252548933029175,-2.3480429649353027,,
1790036414.7937677,RAW_IMU,,,,,,,,,0,0,-1001,3,3,1,,,,,
1790036414.8127966,ATTITUDE,,,,,,,,,,,,,,,0.002991251414641738,0.0022628542501479387,-2.3480706214904785,,
1790036414.8142517,RAW_IMU,,,,,,,,,0,0,-1001,3,2,1,,,,,
1790036414.8327837,ATTITUDE,,,,,,,,,,,,,,,0.002994377398863435,0.002273865742608905,-2.348097801208496,,
1790036414.8343844,RAW_IMU,,,,,,,,,0,0,-1001,3,3,1,,,,,
1790036414.8523946,GLOBAL_POSITION_INT,-35.3609109,149.1680393,588.82,7.614,0.03,-0.02,0.49,225.47,,,,,,,,,,,
1790036414.8538353,GPS_RAW_INT,,,,,,,,,,,,,,,,,,6,10
1790036414.854959,ATTITUDE,,,,,,,,,,,,,,,0.003000482451170683,0.002261585555970669,-2.348125696182251,,
1790036414.8564868,RAW_IMU,,,,,,,,,0,0,-1001,3,1,1,,,,,
1790036414.872601,ATTITUDE,,,,,,,,,,,,,,,0.0030061581637710333,0.0022903592325747013,-2.348151922225952,,
1790036414.8742688,RAW_IMU,,,,,,,,,0,0,-1001,3,4,1,,,,,
1790036414.9114897,ATTITUDE,,,,,,,,,,,,,,,0.0030109856743365526,0.002261379500851035,-2.3481805324554443,,
1790036414.9124813,RAW_IMU,,,,,,,,,0,0,-1000,3,1,1,,,,,
1790036414.915557,ATTITUDE,,,,,,,,,,,,,,,0.003007384017109871,0.0022830069065093994,-2.3482143878936768,,
1790036414.9168937,RAW_IMU,,,,,,,,,0,0,-1000,3,3,1,,,,,
1790036414.9327166,ATTITUDE,,,,,,,,,,,,,,,0.0030053453519940376,0.002306586829945445,-2.3482439517974854,,
1790036414.9340858,RAW_IMU,,,,,,,,,0,0,-1000,3,4,1,,,,,
1790036414.952305,GLOBAL_POSITION_INT,-35.3609109,149.1680393,588.77,7.564,0.03,-0.02,0.49,225.46,,,,,,,,,,,
1790036414.953612,GPS_RAW_INT,,,,,,,,,,,,,,,,,,6,10
1790036414.9548888,ATTITUDE,,,,,,,,,,,,,,,0.003018646966665983,0.0023294584825634956,-2.3482706546783447,,
1790036414.9561439,RAW_IMU,,,,,,,,,0,0,-1001,3,4,1,,,,,
1790036414.971405,ATTITUDE,,,,,,,,,,,,,,,0.0030736313201487064,0.002351011848077178,-2.3482954502105713,,
1790036414.9730263,RAW_IMU,,,,,,,,,0,0,-1000,6,3,1,,,,,
1790036414.9916842,ATTITUDE,,,,,,,,,,,,,,,0.0031262037809938192,0.0023718869779258966,-2.348318576812744,,
1790036414.993265,RAW_IMU,,,,,,,,,0,0,-1000,5,3,1,,,,,
1790036415.011932,ATTITUDE,,,,,,,,,,,,,,,0.0031779075507074594,0.002391722286120057,-2.3483407497406006,,
1790036415.0127275,RAW_IMU,,,,,,,,,0,0,-1000,5,3,1,,,,,
1790036415.0327334,ATTITUDE,,,,,,,,,,,,,,,0.00322881736792624,0.002403995953500271,-2.348360776901245,,
1790036415.034363,RAW_IMU,,,,,,,,,0,0,-1000,5,3,1,,,,,
1790036415.0522375,GLOBAL_POSITION_INT,-35.3609109,149.1680393,588.72,7.515,0.03,-0.02,0.49,225.45,,,,,,,,,,,
1790036415.0535119,GPS_RAW_INT,,,,,,,,,,,,,,,,,,6,10
1790036415.0550325,ATTITUDE,,,,,,,,,,,,,,,0.0032794554717838764,0.0024055473040789366,-2.3483786582946777,,
1790036415.056796,RAW_IMU,,,,,,,,,0,0,-1000,5,2,1,,,,,
1790036415.0723794,ATTITUDE,,,,,,,,,,,,,,,0.003329227678477764,0.002400052035227418,-2.3483941555023193,,
1790036415.0736113,RAW_IMU,,,,,,,,,0,0,-1000,5,2,1,,,,,
1790036415.0927162,ATTITUDE,,,,,,,,,,,,,,,0.003379559377208352,0.0023685467895120382,-2.348412036895752,,
1790036415.0941179,RAW_IMU,,,,,,,,,0,0,-1001,5,1,1,,,,,
1790036415.1120486,ATTITUDE,,,,,,,,,,,,,,,0.0034194705076515675,0.0023559071123600006,-2.348435640335083,,
1790036415.1135433,RAW_IMU,,,,,,,,,0,0,-1001,5,2,1,,,,,
1790036415.132035,ATTITUDE,,,,,,,,,,,,,,,0.00345762656070292,0.0022865182254463434,-2.348463296890259,,
1790036415.1337256,RAW_IMU,,,,,,,,,0,0,-1001,5,0,1,,,,,
1790036415.1597266,GLOBAL_POSITION_INT,-35.3609109,149.1680393,588.67,7.465,0.03,-0.02,0.49,225.45,,,,,,,,,,,
1790036415.1607625,GPS_RAW_INT,,,,,,,,,,,,,,,,,,6,10
1790036415.1626966,ATTITUDE,,,,,,,,,,,,,,,0.0034923122730106115,0.00228111888282001,-2.3484911918640137,,
1790036415.1639245,RAW_IMU,,,,,,,,,0,0,-1001,5,2,1,,,,,
1790036415.1722364,ATTITUDE,,,,,,,,,,,,,,,0.003526350948959589,0.002206249861046672,-2.3485183715820312,,
1790036415.1737132,RAW_IMU,,,,,,,,,0,0,-1001,5,0,1,,,,,
1790036415.1926122,ATTITUDE,,,,,,,,,,,,,,,0.0035604971926659346,0.0022142210509628057,-2.3485488891601562,,
1790036415.193979,RAW_IMU,,,,,,,,,0,0,-1001,4,2,1,,,,,
1790036415.212692,ATTITUDE,,,,,,,,,,,,,,,0.0035933339968323708,0.00214636093005538,-2.3485794067382812,,
1790036415.2136946,RAW_IMU,,,,,,,,,0,0,-1001,4,0,1,,,,,
1790036415.23404,ATTITUDE,,,,,,,,,,,,,,,0.003624889999628067,0.002155403606593609,-2.3486099243164062,,
1790036415.2354596,RAW_IMU,,,,,,,,,0,0,-1001,4,2,1,,,,,
1790036415.2482696,GLOBAL_POSITION_INT,-35.3609109,149.1680393,588.62,7.415,0.03,-0.02,0.49,225.44,,,,,,,,,,,
1790036415.2491965,GPS_RAW_INT,,,,,,,,,,,,,,,,,,6,10
1790036415.2545757,ATTITUDE,,,,,,,,,,,,,,,0.0036571950186043978,0.0020942511036992073,-2.3486385345458984,,
1790036415.2555676,RAW_IMU,,,,,,,,,0,0,-1001,4,0,1,,,,,
1790036415.2747266,ATTITUDE,,,,,,,,,,,,,,,0.003648871323093772,0.002091450383886695,-2.348667860031128,,
1790036415.2758758,RAW_IMU,,,,,,,,,0,0,-1001,2,2,1,,,,,
1790036415.2948282,ATTITUDE,,,,,,,,,,,,,,,0.003687141463160515,0.002050800248980522,-2.348695993423462,,
1790036415.2963033,RAW_IMU,,,,,,,,,0,0,-1001,4,1,1,,,,,
1790036415.3153427,ATTITUDE,,,,,,,,,,,,,,,0.0036496559623628855,0.0019920954946428537,-2.3487226963043213,,
1790036415.317079,RAW_IMU,,,,,,,,,0,0,-1001,2,0,1,,,,,
1790036415.3301907,ATTITUDE,,,,,,,,,,,,,,,0.0036278455518186092,0.0019363185856491327,-2.3487489223480225,,
1790036415.3311448,RAW_IMU,,,,,,,,,0,0,-1001,1,0,1,,,,,
1790036415.3500893,GLOBAL_POSITION_INT,-35.3609109,149.1680393,588.57,7.365,0.03,-0.02,0.49,225.43,,,,,,,,,,,
1790036415.3510683,GPS_RAW_INT,,,,,,,,,,,,,,,,,,6,10
1790036415.352471,ATTITUDE,,,,,,,,,,,,,,,0.003553876420482993,0.001882679294794798,-2.3487701416015625,,
1790036415.3534596,RAW_IMU,,,,,,,,,0,0,-1001,0,0,1,,,,,
1790036415.3706923,ATTITUDE,,,,,,,,,,,,,,,0.003535780357196927,0.0018311673775315285,-2.348787307739258,,
1790036415.3725164,RAW_IMU,,,,,,,,,0,0,-1001,1,0,1,,,,,
1790036415.4108243,ATTITUDE,,,,,,,,,,,,,,,0.003466850845143199,0.0017820503562688828,-2.348802089691162,,
1790036415.4148784,RAW_IMU,,,,,,,,,0,0,-1001,0,0,2,,,,,
1790036415.4164174,ATTITUDE,,,,,,,,,,,,,,,0.0034549764823168516,0.0017346014501526952,-2.3488123416900635,,
1790036415.4177089,RAW_IMU,,,,,,,,,0,0,-1001,1,0,2,,,,,
1790036415.4317942,ATTITUDE,,,,,,,,,,,,,,,0.0034038454759866,0.001688844757154584,-2.348817825317383,,
1790036415.4333644,RAW_IMU,,,,,,,,,0,0,-1001,1,0,2,,,,,
1790036415.4507666,GLOBAL_POSITION_INT,-35.3609109,149.1680393,588.52,7.315,0.03,-0.02,0.49,225.43,,,,,,,,,,,
1790036415.452282,GPS_RAW_INT,,,,,,,,,,,,,,,,,,6,10
1790036415.4538786,ATTITUDE,,,,,,,,,,,,,,,0.0033847021404653788,0.0016687933821231127,-2.3488190174102783,,
1790036415.4545321,RAW_IMU,,,,,,,,,0,0,-1001,1,1,2,,,,,
1790036415.4719365,ATTITUDE,,,,,,,,,,,,,,,0.003353071864694357,0.0016651477199047804,-2.3488168716430664,,
1790036415.472778,RAW_IMU,,,,,,,,,0,0,-1001,2,2,2,,,,,
1790036415.4921896,ATTITUDE,,,,,,,,,,,,,,,0.003296487731859088,0.0016604805132374167,-2.3488152027130127,,
1790036415.4934618,RAW_IMU,,,,,,,,,0,0,-1001,0,2,2,,,,,
1790036415.512149,ATTITUDE,,,,,,,,,,,,,,,0.0032521814573556185,0.0016551577718928456,-2.3488123416900635,,
1790036415.513544,RAW_IMU,,,,,,,,,0,0,-1001,1,2,2,,,,,
1790036415.5326507,ATTITUDE,,,,,,,,,,,,,,,0.003154090140014887,0.0016492072027176619,-2.3488101959228516,,
1790036415.534591,RAW_IMU,,,,,,,,,0,0,-1000,-1,2,3,,,,,
1790036415.5520809,GLOBAL_POSITION_INT,-35.3609109,149.1680392,588.47,7.265,0.03,-0.02,0.49,225.43,,,,,,,,,,,
1790036415.553248,GPS_RAW_INT,,,,,,,,,,,,,,,,,,6,10
1790036415.554431,ATTITUDE,,,,,,,,,,,,,,,0.003105320269241929,0.0016499431803822517,-2.348806858062744,,
1790036415.555235,RAW_IMU,,,,,,,,,0,0,-1001,0,3,3,,,,,
1790036415.5729115,ATTITUDE,,,,,,,,,,,,,,,0.0030586065258830786,0.0016642153495922685,-2.3488054275512695,,
1790036415.5742052,RAW_IMU,,,,,,,,,0,0,-1001,1,3,2,,,,,
1790036415.593035,ATTITUDE,,,,,,,,,,,,,,,0.0030149666126817465,0.0016599773662164807,-2.3488073348999023,,
1790036415.5945816,RAW_IMU,,,,,,,,,0,0,-1001,1,3,2,,,,,
1790036415.613135,ATTITUDE,,,,,,,,,,,,,,,0.0029746415093541145,0.00169008644297719,-2.348813533782959,,
1790036415.614209,RAW_IMU,,,,,,,,,0,0,-1001,1,3,2,,,,,
1790036415.63409,ATTITUDE,,,,,,,,,,,,,,,0.0029366426169872284,0.0017027537105605006,-2.348820924758911,,
1790036415.6353588,RAW_IMU,,,,,,,,,0,0,-1001,1,4,2,,,,,
1790036415.6602528,GLOBAL_POSITION_INT,-35.3609109,149.1680392,588.42,7.215,0.03,-0.02,0.49,225.43,,,,,,,,,,,
1790036415.66172,GPS_RAW_INT,,,,,,,,,,,,,,,,,,6,10
1790036415.6632764,ATTITUDE,,,,,,,,,,,,,,,0.00290047493763268,0.001715563121251762,-2.348828077316284,,
1790036415.6643891,RAW_IMU,,,,,,,,,0,0,-1001,1,3,2,,,,,
1790036415.6749682,ATTITUDE,,,,,,,,,,,,,,,0.0028682926204055548,0.0017279256135225296,-2.3488361835479736,,
1790036415.6765544,RAW_IMU,,,,,,,,,0,0,-1001,1,4,2,,,,,
1790036415.6903012,ATTITUDE,,,,,,,,,,,,,,,0.00283830682747066,0.0017411670414730906,-2.348846912384033,,
1790036415.6921575,RAW_IMU,,,,,,,,,0,0,-1001,1,3,2,,,,,
1790036415.7103815,ATTITUDE,,,,,,,,,,,,,,,0.002804545685648918,0.0017505089053884149,-2.348862886428833,,
1790036415.7119286,RAW_IMU,,,,,,,,,0,0,-1001,1,4,2,,,,,
1790036415.7307682,ATTITUDE,,,,,,,,,,,,,,,0.002768484642729163,0.001744649256579578,-2.348881244659424,,
1790036415.7326417,RAW_IMU,,,,,,,,,0,0,-1001,1,2,1,,,,,
1790036415.7507432,GLOBAL_POSITION_INT,-35.3609109,149.1680392,588.37,7.165,0.03,-0.02,0.49,225.42,,,,,,,,,,,
1790036415.752213,GPS_RAW_INT,,,,,,,,,,,,,,,,,,6,10
1790036415.7536836,ATTITUDE,,,,,,,,,,,,,,,0.00273282453417778,0.0017670871457085013,-2.3488996028900146,,
1790036415.7544327,RAW_IMU,,,,,,,,,0,0,-1001,1,4,1,,,,,
1790036415.7707853,ATTITUDE,,,,,,,,,,,,,,,0.0027011451311409473,0.00174985290504992,-2.348919630050659,,
1790036415.772141,RAW_IMU,,,,,,,,,0,0,-1001,1,1,1,,,,,
1790036415.790642,ATTITUDE,,,,,,,,,,,,,,,0.0026711993850767612,0.0017844121903181076,-2.348940134048462,,
1790036415.792357,RAW_IMU,,,,,,,,,0,0,-1000,1,4,1,,,,,
1790036415.8108783,ATTITUDE,,,,,,,,,,,,,,,0.002642557257786393,0.0017678642179816961,-2.3489627838134766,,
1790036415.8125,RAW_IMU,,,,,,,,,0,0,-1001,1,2,1,,,,,
1790036415.8314192,ATTITUDE,,,,,,,,,,,,,,,0.002616733545437455,0.0018091454403474927,-2.348982810974121,,
1790036415.8324246,RAW_IMU,,,,,,,,,0,0,-1000,1,4,1,,,,,
1790036415.8507473,GLOBAL_POSITION_INT,-35.3609109,149.1680392,588.32,7.115,0.04,-0.02,0.49,225.42,,,,,,,,,,,
1790036415.8519576,GPS_RAW_INT,,,,,,,,,,,,,,,,,,6,10
1790036415.853111,ATTITUDE,,,,,,,,,,,,,,,0.0025931030977517366,0.0018001362914219499,-2.349003314971924,,
1790036415.854073,RAW_IMU,,,,,,,,,0,0,-1000,1,2,1,,,,,
1790036415.8706012,ATTITUDE,,,,,,,,,,,,,,,0.0025725453160703182,0.0017910770839080215,-2.3490211963653564,,
1790036415.8719466,RAW_IMU,,,,,,,,,0,0,-1000,2,2,1,,,,,
1790036415.9141784,ATTITUDE,,,,,,,,,,,,,,,0.0025530015118420124,0.0017823863308876753,-2.3490378856658936,,
1790036415.9151568,RAW_IMU,,,,,,,,,0,0,-1000,2,2,1,,,,,
1790036415.9166803,ATTITUDE,,,,,,,,,,,,,,,0.00250542932190001,0.0017728866077959538,-2.3490562438964844,,
1790036415.9182205,RAW_IMU,,,,,,,,,0,0,-1001,1,2,1,,,,,
1790036415.9307802,ATTITUDE,,,,,,,,,,,,,,,0.002424621256068349,0.0017612839583307505,-2.349074363708496,,
1790036415.9317954,RAW_IMU,,,,,,,,,0,0,-1000,0,2,1,,,,,
1790036415.9516857,GLOBAL_POSITION_INT,-35.3609109,149.1680392,588.27,7.065,0.04,-0.02,0.49,225.41,,,,,,,,,,,
1790036415.953088,GPS_RAW_INT,,,,,,,,,,,,,,,,,,6,10
1790036415.9545968,ATTITUDE,,,,,,,,,,,,,,,0.0023492383770644665,0.001750810886733234,-2.349090576171875,,
1790036415.955723,RAW_IMU,,,,,,,,,0,0,-1000,0,2,2,,,,,
1790036415.9714067,ATTITUDE,,,,,,,,,,,,,,,0.002275669015944004,0.0017652773531153798,-2.3491055965423584,,
1790036415.9725575,RAW_IMU,,,,,,,,,0,0,-1000,0,3,2,,,,,
1790036415.9917293,ATTITUDE,,,,,,,,,,,,,,,0.002205135300755501,0.0017574584344401956,-2.3491220474243164,,
1790036415.9929264,RAW_IMU,,,,,,,,,0,0,-1001,0,2,2,,,,,
1790036416.0117986,ATTITUDE,,,,,,,,,,,,,,,0.0021381357219070196,0.0018123934278264642,-2.3491404056549072,,
1790036416.0134776,RAW_IMU,,,,,,,,,0,0,-1001,0,5,1,,,,,
1790036416.0328505,ATTITUDE,,,,,,,,,,,,,,,0.0020743946079164743,0.001798607292585075,-2.3491592407226562,,
1790036416.0351434,RAW_IMU,,,,,,,,,0,0,-1001,0,2,1,,,,,
1790036416.0522287,GLOBAL_POSITION_INT,-35.3609108,149.1680392,588.22,7.016,0.03,-0.02,0.49,225.41,,,,,,,,,,,
1790036416.0529754,GPS_RAW_INT,,,,,,,,,,,,,,,,,,6,10
1790036416.0547504,ATTITUDE,,,,,,,,,,,,,,,0.0020142775028944016,0.0018631702987477183,-2.3491785526275635,,
1790036416.0558527,RAW_IMU,,,,,,,,,0,0,-1001,0,5,1,,,,,
1790036416.0723064,ATTITUDE,,,,,,,,,,,,,,,0.0019579308573156595,0.0018700908403843641,-2.3491978645324707,,
1790036416.0736368,RAW_IMU,,,,,,,,,0,0,-1001,0,3,1,,,,,
1790036416.0923471,ATTITUDE,,,,,,,,,,,,,,,0.0019059053156524897,0.0018955819541588426,-2.349217176437378,,
1790036416.0937383,RAW_IMU,,,,,,,,,0,0,-1001,0,3,1,,,,,
1790036416.1116967,ATTITUDE,,,,,,,,,,,,,,,0.0018501162994652987,0.0019297886174172163,-2.34924054145813,,
1790036416.1126938,RAW_IMU,,,,,,,,,0,0,-1001,0,5,1,,,,,
1790036416.1315768,ATTITUDE,,,,,,,,,,,,,,,0.0017939622048288584,0.0019303456647321582,-2.349264621734619,,
1790036416.133281,RAW_IMU,,,,,,,,,0,0,-1000,0,3,1,,,,,
1790036416.1620746,GLOBAL_POSITION_INT,-35.3609108,149.1680392,588.17,6.966,0.03,-0.02,0.49,225.4,,,,,,,,,,,
1790036416.163108,GPS_RAW_INT,,,,,,,,,,,,,,,,,,6,10
1790036416.1640563,ATTITUDE,,,,,,,,,,,,,,,0.0017405508551746607,0.0019328368362039328,-2.349285840988159,,
1790036416.1651382,RAW_IMU,,,,,,,,,0,0,-1000,0,3,1,,,,,
1790036416.1727145,ATTITUDE,,,,,,,,,,,,,,,0.0016890158876776695,0.0019351562950760126,-2.3493053913116455,,
1790036416.174082,RAW_IMU,,,,,,,,,0,0,-1000,0,3,1,,,,,
1790036416.193072,ATTITUDE,,,,,,,,,,,,,,,0.0016388361109420657,0.0019366719061508775,-2.349325180053711,,
1790036416.1942787,RAW_IMU,,,,,,,,,0,0,-1000,0,3,1,,,,,
1790036416.2129915,ATTITUDE,,,,,,,,,,,,,,,0.0016314624808728695,0.0019387977663427591,-2.3493425846099854,,
1790036416.2145565,RAW_IMU,,,,,,,,,0,0,-1001,2,3,1,,,,,
1790036416.2346861,ATTITUDE,,,,,,,,,,,,,,,0.0016054646112024784,0.001942043541930616,-2.349356174468994,,
1790036416.2356274,RAW_IMU,,,,,,,,,0,0,-1001,2,3,2,,,,,
1790036416.2478197,GLOBAL_POSITION_INT,-35.3609108,149.1680392,588.12,6.916,0.03,-0.01,0.49,225.4,,,,,,,,,,,
1790036416.2482202,GPS_RAW_INT,,,,,,,,,,,,,,,,,,6,10
1790036416.2536707,ATTITUDE,,,,,,,,,,,,,,,0.0015969573287293315,0.0019449908286333084,-2.3493661880493164,,
1790036416.2545533,RAW_IMU,,,,,,,,,0,0,-1001,2,3,2,,,,,
1790036416.2736409,ATTITUDE,,,,,,,,,,,,,,,0.0016117242630571127,0.0019502796931192279,-2.3493738174438477,,
1790036416.275102,RAW_IMU,,,,,,,,,0,0,-1001,4,3,2,,,,,
1790036416.2936332,ATTITUDE,,,,,,,,,,,,,,,0.0015898965066298842,0.001954493811354041,-2.349379539489746,,
1790036416.295306,RAW_IMU,,,,,,,,,0,0,-1000,1,3,2,,,,,
1790036416.3137162,ATTITUDE,,,,,,,,,,,,,,,0.0015632909489795566,0.0019558221101760864,-2.3493874073028564,,
1790036416.3153186,RAW_IMU,,,,,,,,,0,0,-1000,1,3,2,,,,,
1790036416.3355532,ATTITUDE,,,,,,,,,,,,,,,0.001535216928459704,0.0019561275839805603,-2.3493945598602295,,
1790036416.3366446,RAW_IMU,,,,,,,,,0,0,-1000,2,3,2,,,,,
1790036416.34949,GLOBAL_POSITION_INT,-35.3609108,149.1680392,588.07,6.866,0.03,-0.01,0.49,225.39,,,,,,,,,,,
1790036416.3503149,GPS_RAW_INT,,,,,,,,,,,,,,,,,,6,10
1790036416.3548598,ATTITUDE,,,,,,,,,,,,,,,0.001508013461716473,0.0019559834618121386,-2.3494017124176025,,
1790036416.3557518,RAW_IMU,,,,,,,,,0,0,-1000,2,3,2,,,,,
1790036416.3750095,ATTITUDE,,,,,,,,,,,,,,,0.0014833265449851751,0.0019612167961895466,-2.3494067192077637,,
1790036416.3760474,RAW_IMU,,,,,,,,,0,0,-1000,2,3,2,,,,,
1790036416.4126067,ATTITUDE,,,,,,,,,,,,,,,0.0014600728172808886,0.0020041405223309994,-2.3494155406951904,,
1790036416.4135833,RAW_IMU,,,,,,,,,0,0,-1001,2,5,2,,,,,
1790036416.4146414,ATTITUDE,,,,,,,,,,,,,,,0.0014386909315362573,0.0020069715101271868,-2.349423408508301,,
1790036416.4153786,RAW_IMU,,,,,,,,,0,0,-1000,2,3,2,,,,,
1790036416.4350343,ATTITUDE,,,,,,,,,,,,,,,0.0014180360594764352,0.0020562259014695883,-2.3494300842285156,,
1790036416.4366674,RAW_IMU,,,,,,,,,0,0,-1000,2,5,2,,,,,
1790036416.4491122,GLOBAL_POSITION_INT,-35.3609108,149.1680392,588.02,6.816,0.03,-0.01,0.49,225.39,,,,,,,,,,,
1790036416.450806,GPS_RAW_INT,,,,,,,,,,,,,,,,,,6,10
1790036416.4547126,ATTITUDE,,,,,,,,,,,,,,,0.0013997993664816022,0.002051095711067319,-2.3494374752044678,,
1790036416.4558196,RAW_IMU,,,,,,,,,0,0,-1001,2,2,2,,,,,
1790036416.4749434,ATTITUDE,,,,,,,,,,,,,,,0.0013832551194354892,0.0021380155812948942,-2.3494455814361572,,
1790036416.4761655,RAW_IMU,,,,,,,,,0,0,-1001,2,6,2,,,,,
1790036416.4909363,ATTITUDE,,,,,,,,,,,,,,,0.0013686453457921743,0.0021528734359890223,-2.349457025527954,,
1790036416.492788,RAW_IMU,,,,,,,,,0,0,-1001,2,4,2,,,,,
1790036416.5119522,ATTITUDE,,,,,,,,,,,,,,,0.0013491272693499923,0.0022176248021423817,-2.349473476409912,,
1790036416.5135753,RAW_IMU,,,,,,,,,0,0,-1001,2,5,2,,,,,
1790036416.5316353,ATTITUDE,,,,,,,,,,,,,,,0.001328710583038628,0.00222293334081769,-2.349492073059082,,
1790036416.5328074,RAW_IMU,,,,,,,,,0,0,-1001,2,4,1,,,,,
1790036416.551192,GLOBAL_POSITION_INT,-35.3609108,149.1680392,587.97,6.766,0.03,-0.01,0.49,225.39,,,,,,,,,,,
1790036416.552256,GPS_RAW_INT,,,,,,,,,,,,,,,,,,6,10
1790036416.5532498,ATTITUDE,,,,,,,,,,,,,,,0.001308982609771192,0.0022497158497571945,-2.3495092391967773,,
1790036416.5545304,RAW_IMU,,,,,,,,,0,0,-1001,2,4,1,,,,,
1790036416.5713866,ATTITUDE,,,,,,,,,,,,,,,0.0012897199485450983,0.002294661710038781,-2.3495237827301025,,
1790036416.5730028,RAW_IMU,,,,,,,,,0,0,-1000,2,5,1,,,,,
1790036416.5914426,ATTITUDE,,,,,,,,,,,,,,,0.001279898569919169,0.0023363891523331404,-2.3495404720306396,,
1790036416.593127,RAW_IMU,,,,,,,,,0,0,-1000,2,5,2,,,,,
1790036416.611313,ATTITUDE,,,,,,,,,,,,,,,0.0012822016142308712,0.0023763913195580244,-2.349555492401123,,
1790036416.612284,RAW_IMU,,,,,,,,,0,0,-1000,3,5,2,,,,,
1790036416.6325462,ATTITUDE,,,,,,,,,,,,,,,0.0012856742832809687,0.002416579518467188,-2.3495686054229736,,
1790036416.6346753,RAW_IMU,,,,,,,,,0,0,-1000,3,5,2,,,,,
1790036416.6623032,GLOBAL_POSITION_INT,-35.3609108,149.1680392,587.92,6.716,0.03,-0.01,0.49,225.38,,,,,,,,,,,
1790036416.6632693,GPS_RAW_INT,,,,,,,,,,,,,,,,,,6,10
1790036416.664185,ATTITUDE,,,,,,,,,,,,,,,0.0013191584730520844,0.0024560638703405857,-2.349579334259033,,
1790036416.6652758,RAW_IMU,,,,,,,,,0,0,-1001,4,5,2,,,,,
1790036416.6721206,ATTITUDE,,,,,,,,,,,,,,,0.0013604523846879601,0.0024957405403256416,-2.3495874404907227,,
1790036416.6731362,RAW_IMU,,,,,,,,,0,0,-1000,5,4,2,,,,,
1790036416.6925747,ATTITUDE,,,,,,,,,,,,,,,0.0014018515357747674,0.002533703576773405,-2.3495969772338867,,
1790036416.694325,RAW_IMU,,,,,,,,,0,0,-1000,5,4,2,,,,,
1790036416.712347,ATTITUDE,,,,,,,,,,,,,,,0.0014358469052240252,0.002564691938459873,-2.3496079444885254,,
1790036416.713456,RAW_IMU,,,,,,,,,0,0,-1000,5,4,2,,,,,
1790036416.7323763,ATTITUDE,,,,,,,,,,,,,,,0.0014661138411611319,0.0025696633383631706,-2.3496181964874268,,
1790036416.7337584,RAW_IMU,,,,,,,,,0,0,-1000,4,3,2,,,,,
1790036416.751956,GLOBAL_POSITION_INT,-35.3609108,149.1680391,587.87,6.667,0.03,-0.01,0.49,225.38,,,,,,,,,,,
1790036416.7531734,GPS_RAW_INT,,,,,,,,,,,,,,,,,,6,10
1790036416.7549834,ATTITUDE,,,,,,,,,,,,,,,0.0014954613288864493,0.0026126308366656303,-2.3496267795562744,,
1790036416.7568574,RAW_IMU,,,,,,,,,0,0,-1001,4,5,2,,,,,
1790036416.7721872,ATTITUDE,,,,,,,,,,,,,,,0.0015239983331412077,0.0025897996965795755,-2.3496387004852295,,
1790036416.7727618,RAW_IMU,,,,,,,,,0,0,-1001,4,2,2,,,,,
1790036416.7922454,ATTITUDE,,,,,,,,,,,,,,,0.001551477238535881,0.0026330628897994757,-2.3496553897857666,,
1790036416.7939904,RAW_IMU,,,,,,,,,0,0,-1001,4,4,1,,,,,
1790036416.8111713,ATTITUDE,,,,,,,,,,,,,,,0.0015796213410794735,0.002606990747153759,-2.3496716022491455,,
1790036416.8128712,RAW_IMU,,,,,,,,,0,0,-1001,4,2,1,,,,,
1790036416.831935,ATTITUDE,,,,,,,,,,,,,,,0.0016087834956124425,0.0026379525661468506,-2.349686861038208,,
1790036416.8335466,RAW_IMU,,,,,,,,,0,0,-1001,4,4,1,,,,,
1790036416.8519814,GLOBAL_POSITION_INT,-35.3609108,149.1680391,587.82,6.617,0.03,-0.01,0.49,225.38,,,,,,,,,,,
1790036416.8531568,GPS_RAW_INT,,,,,,,,,,,,,,,,,,6,10
1790036416.854843,ATTITUDE,,,,,,,,,,,,,,,0.0016363811446353793,0.002655531046912074,-2.3497023582458496,,
1790036416.8564045,RAW_IMU,,,,,,,,,0,0,-1001,4,4,1,,,,,
1790036416.872104,ATTITUDE,,,,,,,,,,,,,,,0.0016657705418765545,0.002649005502462387,-2.3497159481048584,,
1790036416.8730423,RAW_IMU,,,,,,,,,0,0,-1000,4,2,1,,,,,
1790036416.9140315,ATTITUDE,,,,,,,,,,,,,,,0.0016939566703513265,0.0026430808939039707,-2.349730968475342,,
1790036416.9145675,RAW_IMU,,,,,,,,,0,0,-1000,4,2,1,,,,,
1790036416.915379,ATTITUDE,,,,,,,,,,,,,,,0.0017147717298939824,0.002634345553815365,-2.3497474193573,,
1790036416.9160485,RAW_IMU,,,,,,,,,0,0,-1000,4,2,1,,,,,
1790036416.9324026,ATTITUDE,,,,,,,,,,,,,,,0.001734046614728868,0.0026232325471937656,-2.3497612476348877,,
1790036416.9346678,RAW_IMU,,,,,,,,,0,0,-1000,4,2,2,,,,,
1790036416.9521272,GLOBAL_POSITION_INT,-35.3609108,149.1680391,587.77,6.567,0.03,-0.01,0.49,225.37,,,,,,,,,,,
1790036416.9528213,GPS_RAW_INT,,,,,,,,,,,,,,,,,,6,10
1790036416.9547253,ATTITUDE,,,,,,,,,,,,,,,0.001752444775775075,0.0026123381685465574,-2.349773406982422,,
1790036416.9553502,RAW_IMU,,,,,,,,,0,0,-1000,4,2,2,,,,,
1790036416.9722276,ATTITUDE,,,,,,,,,,,,,,,0.0017716415459290147,0.0026032142341136932,-2.349783420562744,,
1790036416.9739802,RAW_IMU,,,,,,,,,0,0,-1000,4,2,2,,,,,
1790036416.9920425,ATTITUDE,,,,,,,,,,,,,,,0.0017904565902426839,0.0025940476916730404,-2.349797010421753,,
1790036416.9932313,RAW_IMU,,,,,,,,,0,0,-1000,4,2,2,,,,,
1790036417.0123768,ATTITUDE,,,,,,,,,,,,,,,0.0018079789588227868,0.002586397109553218,-2.349809408187866,,
1790036417.0135202,RAW_IMU,,,,,,,,,0,0,-1000,4,2,2,,,,,
1790036417.0324688,ATTITUDE,,,,,,,,,,,,,,,0.0018281585071235895,0.002610313007608056,-2.3498198986053467,,
1790036417.033653,RAW_IMU,,,,,,,,,0,0,-1000,4,4,2,,,,,
1790036417.0526285,GLOBAL_POSITION_INT,-35.3609108,149.1680391,587.72,6.517,0.03,-0.01,0.49,225.37,,,,,,,,,,,
1790036417.0535817,GPS_RAW_INT,,,,,,,,,,,,,,,,,,6,10
1790036417.0562506,ATTITUDE,,,,,,,,,,,,,,,0.0018474318785592914,0.002640502993017435,-2.3498289585113525,,
1790036417.0572796,RAW_IMU,,,,,,,,,0,0,-1000,4,4,2,,,,,
1790036417.0734987,ATTITUDE,,,,,,,,,,,,,,,0.0018675347091630101,0.0026713195256888866,-2.349834442138672,,
1790036417.0746653,RAW_IMU,,,,,,,,,0,0,-1000,4,4,2,,,,,
1790036417.0943944,ATTITUDE,,,,,,,,,,,,,,,0.0018884839955717325,0.0027006829623132944,-2.3498425483703613,,
1790036417.0952995,RAW_IMU,,,,,,,,,0,0,-1000,4,4,2,,,,,
1790036417.1144373,ATTITUDE,,,,,,,,,,,,,,,0.0019012269331142306,0.0027243751101195812,-2.3498525619506836,,
1790036417.115317,RAW_IMU,,,,,,,,,0,0,-1000,3,4,2,,,,,
1790036417.1340544,ATTITUDE,,,,,,,,,,,,,,,0.001878236886113882,0.0027469720225781202,-2.3498599529266357,,
1790036417.135495,RAW_IMU,,,,,,,,,0,0,-1000,2,4,2,,,,,
1790036417.161472,GLOBAL_POSITION_INT,-35.3609108,149.1680391,587.67,6.467,0.03,-0.01,0.49,225.37,,,,,,,,,,,
1790036417.1630535,GPS_RAW_INT,,,,,,,,,,,,,,,,,,6,10
1790036417.163759,ATTITUDE,,,,,,,,,,,,,,,0.0018541193567216396,0.0027696937322616577,-2.349865674972534,,
1790036417.164566,RAW_IMU,,,,,,,,,0,0,-1000,2,4,2,,,,,
1790036417.1734,ATTITUDE,,,,,,,,,,,,,,,0.001831542351283133,0.002791200764477253,-2.349869966506958,,
1790036417.1748629,RAW_IMU,,,,,,,,,0,0,-1000,2,4,2,,,,,
1790036417.1935518,ATTITUDE,,,,,,,,,,,,,,,0.0018095826962962747,0.002810940844938159,-2.3498761653900146,,
1790036417.1950696,RAW_IMU,,,,,,,,,0,0,-1000,2,4,2,,,,,
1790036417.2135386,ATTITUDE,,,,,,,,,,,,,,,0.001789018977433443,0.00283112283796072,-2.349881887435913,,
1790036417.2151551,RAW_IMU,,,,,,,,,0,0,-1000,2,4,2,,,,,
1790036417.234583,ATTITUDE,,,,,,,,,,,,,,,0.0017709281528368592,0.0028527802787721157,-2.349886178970337,,
1790036417.2363658,RAW_IMU,,,,,,,,,0,0,-1000,2,4,2,,,,,
1790036417.2491264,GLOBAL_POSITION_INT,-35.3609108,149.1680391,587.62,6.417,0.03,-0.01,0.49,225.37,,,,,,,,,,,
1790036417.249952,GPS_RAW_INT,,,,,,,,,,,,,,,,,,6,10
1790036417.2548301,ATTITUDE,,,,,,,,,,,,,,,0.001754604745656252,0.002903116401284933,-2.3498904705047607,,
1790036417.2558591,RAW_IMU,,,,,,,,,0,0,-1001,2,5,2,,,,,
1790036417.27519,ATTITUDE,,,,,,,,,,,,,,,0.001739731291308999,0.0029000856447964907,-2.3498940467834473,,
1790036417.2763479,RAW_IMU,,,,,,,,,0,0,-1001,2,3,2,,,,,
1790036417.294209,ATTITUDE,,,,,,,,,,,,,,,0.0017277330625802279,0.0029640160501003265,-2.3499011993408203,,
1790036417.2955356,RAW_IMU,,,,,,,,,0,0,-1001,2,5,2,,,,,
1790036417.314248,ATTITUDE,,,,,,,,,,,,,,,0.0017098051030188799,0.0029698102734982967,-2.349911689758301,,
1790036417.3156075,RAW_IMU,,,,,,,,,0,0,-1001,2,4,2,,,,,
1790036417.3353386,ATTITUDE,,,,,,,,,,,,,,,0.0016908998368307948,0.0029977085068821907,-2.3499245643615723,,
1790036417.3369882,RAW_IMU,,,,,,,,,0,0,-1001,2,4,2,,,,,
1790036417.3498695,GLOBAL_POSITION_INT,-35.3609108,149.1680391,587.57,6.368,0.03,0.0,0.49,225.36,,,,,,,,,,,
1790036417.3514743,GPS_RAW_INT,,,,,,,,,,,,,,,,,,6,10
1790036417.3554788,ATTITUDE,,,,,,,,,,,,,,,0.0016731603536754847,0.003011697670444846,-2.3499367237091064,,
1790036417.3564444,RAW_IMU,,,,,,,,,0,0,-1001,2,4,2,,,,,
1790036417.3750849,ATTITUDE,,,,,,,,,,,,,,,0.0016565799014642835,0.003014583606272936,-2.3499503135681152,,
1790036417.3768163,RAW_IMU,,,,,,,,,0,0,-1001,2,2,2,,,,,
1790036417.4058166,ATTITUDE,,,,,,,,,,,,,,,0.0016426497604697943,0.003052130341529846,-2.349965810775757,,
1790036417.407733,RAW_IMU,,,,,,,,,0,0,-1001,2,5,2,,,,,
1790036417.414833,ATTITUDE,,,,,,,,,,,,,,,0.0016280794516205788,0.003044112352654338,-2.3499815464019775,,
1790036417.4164996,RAW_IMU,,,,,,,,,0,0,-1000,2,3,1,,,,,
1790036417.435263,ATTITUDE,,,,,,,,,,,,,,,0.0016159795923158526,0.0030369707383215427,-2.3499948978424072,,
1790036417.436859,RAW_IMU,,,,,,,,,0,0,-1000,2,2,2,,,,,
1790036417.4490948,GLOBAL_POSITION_INT,-35.3609108,149.1680391,587.52,6.318,0.03,0.0,0.49,225.36,,,,,,,,,,,
1790036417.4501061,GPS_RAW_INT,,,,,,,,,,,,,,,,,,6,10
1790036417.4548876,ATTITUDE,,,,,,,,,,,,,,,0.0016056509921327233,0.003030619118362665,-2.3500053882598877,,
1790036417.4561412,RAW_IMU,,,,,,,,,0,0,-1000,2,2,2,,,,,
1790036417.4750152,ATTITUDE,,,,,,,,,,,,,,,0.0015964636113494635,0.0030258605256676674,-2.35001540184021,,
1790036417.4761875,RAW_IMU,,,,,,,,,0,0,-1000,2,2,2,,,,,
1790036417.4905524,ATTITUDE,,,,,,,,,,,,,,,0.0015891132643446326,0.003022456308826804,-2.3500256538391113,,
1790036417.491654,RAW_IMU,,,,,,,,,0,0,-1000,2,2,2,,,,,
1790036417.511093,ATTITUDE,,,,,,,,,,,,,,,0.0015765042044222355,0.0030137512367218733,-2.3500373363494873,,
1790036417.5126595,RAW_IMU,,,,,,,,,0,0,-1000,2,2,2,,,,,
1790036417.5309045,ATTITUDE,,,,,,,,,,,,,,,0.0015616031596437097,0.0030056519899517298,-2.3500478267669678,,
1790036417.5317473,RAW_IMU,,,,,,,,,0,0,-1000,2,2,2,,,,,
1790036417.549894,GLOBAL_POSITION_INT,-35.3609108,149.1680391,587.47,6.268,0.03,0.0,0.49,225.36,,,,,,,,,,,
1790036417.5506134,GPS_RAW_INT,,,,,,,,,,,,,,,,,,6,10
1790036417.5554988,ATTITUDE,,,,,,,,,,,,,,,0.0015483375173062086,0.002998479874804616,-2.350058078765869,,
1790036417.55703,RAW_IMU,,,,,,,,,0,0,-1000,2,2,2,,,,,
1790036417.5753982,ATTITUDE,,,,,,,,,,,,,,,0.0015357938827946782,0.002991756424307823,-2.3500659465789795,,
1790036417.5763593,RAW_IMU,,,,,,,,,0,0,-1000,2,2,2,,,,,
1790036417.5957956,ATTITUDE,,,,,,,,,,,,,,,0.0015246807597577572,0.0029846762772649527,-2.3500750064849854,,
1790036417.5979908,RAW_IMU,,,,,,,,,0,0,-1000,2,2,2,,,,,
1790036417.6157095,ATTITUDE,,,,,,,,,,,,,,,0.001513819326646626,0.0029784422367811203,-2.350083112716675,,
1790036417.6169043,RAW_IMU,,,,,,,,,0,0,-1000,2,2,2,,,,,
1790036417.6357176,ATTITUDE,,,,,,,,,,,,,,,0.0015048449859023094,0.0029741611797362566,-2.3500890731811523,,
1790036417.6372473,RAW_IMU,,,,,,,,,0,0,-1000,2,2,2,,,,,
1790036417.6616628,GLOBAL_POSITION_INT,-35.3609108,149.1680391,587.42,6.218,0.03,0.0,0.49,225.35,,,,,,,,,,,
1790036417.6626945,GPS_RAW_INT,,,,,,,,,,,,,,,,,,6,10
1790036417.6635635,ATTITUDE,,,,,,,,,,,,,,,0.0014973105862736702,0.0029710927046835423,-2.350092887878418,,
1790036417.6643589,RAW_IMU,,,,,,,,,0,0,-1000,2,2,2,,,,,
1790036417.6753392,ATTITUDE,,,,,,,,,,,,,,,0.0014903524424880743,0.0029726175125688314,-2.350097417831421,,
1790036417.676668,RAW_IMU,,,,,,,,,0,0,-1000,2,2,2,,,,,
1790036417.695746,ATTITUDE,,,,,,,,,,,,,,,0.0014852893073111773,0.0029885731637477875,-2.3501033782958984,,
1790036417.6977801,RAW_IMU,,,,,,,,,0,0,-1001,2,4,2,,,,,
1790036417.7156289,ATTITUDE,,,,,,,,,,,,,,,0.001475464436225593,0.002985704690217972,-2.3501126766204834,,
1790036417.7169342,RAW_IMU,,,,,,,,,0,0,-1001,2,2,2,,,,,
1790036417.735537,ATTITUDE,,,,,,,,,,,,,,,0.0014637700514867902,0.003009130945429206,-2.350123643875122,,
1790036417.7372715,RAW_IMU,,,,,,,,,0,0,-1001,2,4,2,,,,,
1790036417.749887,GLOBAL_POSITION_INT,-35.3609108,149.168039,587.37,6.168,0.03,0.0,0.49,225.35,,,,,,,,,,,
1790036417.7510114,GPS_RAW_INT,,,,,,,,,,,,,,,,,,6,10
1790036417.7526963,ATTITUDE,,,,,,,,,,,,,,,0.0014542050193995237,0.0029926258139312267,-2.3501358032226562,,
1790036417.7538164,RAW_IMU,,,,,,,,,0,0,-1001,2,2,2,,,,,
1790036417.775408,ATTITUDE,,,,,,,,,,,,,,,0.0014452743344008923,0.0030472215730696917,-2.3501477241516113,,
1790036417.7759435,RAW_IMU,,,,,,,,,0,0,-1001,2,5,2,,,,,
1790036417.7955973,ATTITUDE,,,,,,,,,,,,,,,0.0014363701920956373,0.003038139780983329,-2.3501627445220947,,
1790036417.7973783,RAW_IMU,,,,,,,,,0,0,-1001,2,3,2,,,,,
1790036417.8155625,ATTITUDE,,,,,,,,,,,,,,,0.001428656978532672,0.0030426892917603254,-2.3501763343811035,,
1790036417.8169045,RAW_IMU,,,,,,,,,0,0,-1001,2,3,2,,,,,
1790036417.8307166,ATTITUDE,,,,,,,,,,,,,,,0.0014213762478902936,0.003053444204851985,-2.3501877784729004,,
1790036417.8320103,RAW_IMU,,,,,,,,,0,0,-1000,2,3,2,,,,,
1790036417.850777,GLOBAL_POSITION_INT,-35.3609108,149.168039,587.32,6.118,0.03,0.0,0.49,225.35,,,,,,,,,,,
1790036417.8515818,GPS_RAW_INT,,,,,,,,,,,,,,,,,,6,10
1790036417.8523781,ATTITUDE,,,,,,,,,,,,,,,0.001416840124875307,0.0030641125049442053,-2.35019850730896,,
1790036417.852966,RAW_IMU,,,,,,,,,0,0,-1000,2,3,2,,,,,
1790036417.871301,ATTITUDE,,,,,,,,,,,,,,,0.001414888072758913,0.0030750161968171597,-2.350205898284912,,
1790036417.8723016,RAW_IMU,,,,,,,,,0,0,-1000,2,3,2,,,,,
1790036417.9048145,ATTITUDE,,,,,,,,,,,,,,,0.001413249410688877,0.003086008131504059,-2.3502156734466553,,
1790036417.90519,RAW_IMU,,,,,,,,,0,0,-1000,2,3,2,,,,,
1790036417.911024,ATTITUDE,,,,,,,,,,,,,,,0.0014054077910259366,0.0030924640595912933,-2.350226879119873,,
1790036417.9119778,RAW_IMU,,,,,,,,,0,0,-1000,2,3,2,,,,,
1790036417.9323385,ATTITUDE,,,,,,,,,,,,,,,0.0013972851447761059,0.003096780739724636,-2.3502368927001953,,
1790036417.9333773,RAW_IMU,,,,,,,,,0,0,-1000,2,3,2,,,,,
1790036417.9525554,GLOBAL_POSITION_INT,-35.3609108,149.168039,587.27,6.068,0.03,0.0,0.49,225.35,,,,,,,,,,,
1790036417.9535403,GPS_RAW_INT,,,,,,,,,,,,,,,,,,6,10
1790036417.9547696,ATTITUDE,,,,,,,,,,,,,,,0.0013889484107494354,0.0031011372338980436,-2.3502447605133057,,
1790036417.9553814,RAW_IMU,,,,,,,,,0,0,-1000,2,3,2,,,,,
1790036417.9728107,ATTITUDE,,,,,,,,,,,,,,,0.0013834311394020915,0.003106110729277134,-2.3502511978149414,,
1790036417.9745057,RAW_IMU,,,,,,,,,0,0,-1000,2,3,2,,,,,
1790036417.992682,ATTITUDE,,,,,,,,,,,,,,,0.0013776832493022084,0.003111232304945588,-2.3502590656280518,,
1790036417.9938784,RAW_IMU,,,,,,,,,0,0,-1000,2,3,2,,,,,
1790036418.0126426,ATTITUDE,,,,,,,,,,,,,,,0.0013723034644499421,0.0031184989493340254,-2.3502655029296875,,
1790036418.0138123,RAW_IMU,,,,,,,,,0,0,-1000,2,3,2,,,,,
1790036418.0328302,ATTITUDE,,,,,,,,,,,,,,,0.0013683170545846224,0.0031248677987605333,-2.350271224975586,,
1790036418.0340948,RAW_IMU,,,,,,,,,0,0,-1000,2,3,2,,,,,
1790036418.052977,GLOBAL_POSITION_INT,-35.3609108,149.168039,587.22,6.019,0.03,0.0,0.49,225.34,,,,,,,,,,,
1790036418.0537305,GPS_RAW_INT,,,,,,,,,,,,,,,,,,6,10
1790036418.0553508,ATTITUDE,,,,,,,,,,,,,,,0.0013659050455316901,0.003132487880066037,-2.3502743244171143,,
1790036418.0563936,RAW_IMU,,,,,,,,,0,0,-1000,2,3,2,,,,,
1790036418.0731597,ATTITUDE,,,,,,,,,,,,,,,0.001363561488687992,0.003141694236546755,-2.3502769470214844,,
1790036418.074793,RAW_IMU,,,,,,,,,0,0,-1000,2,3,2,,,,,
1790036418.0934846,ATTITUDE,,,,,,,,,,,,,,,0.0013628124725073576,0.0031498342286795378,-2.3502819538116455,,
1790036418.0942764,RAW_IMU,,,,,,,,,0,0,-1000,2,3,2,,,,,
1790036418.1133614,ATTITUDE,,,,,,,,,,,,,,,0.0013565534027293324,0.003152367426082492,-2.3502869606018066,,
1790036418.1148252,RAW_IMU,,,,,,,,,0,0,-1000,2,3,2,,,,,
1790036418.13361,ATTITUDE,,,,,,,,,,,,,,,0.0013482184149324894,0.003153812140226364,-2.3502910137176514,,
1790036418.1355467,RAW_IMU,,,,,,,,,0,0,-1000,2,3,2,,,,,
1790036418.1607063,GLOBAL_POSITION_INT,-35.3609108,149.168039,587.17,5.969,0.03,0.0,0.49,225.34,,,,,,,,,,,
1790036418.1632066,GPS_RAW_INT,,,,,,,,,,,,,,,,,,6,10
1790036418.1645837,ATTITUDE,,,,,,,,,,,,,,,0.0013408235972747207,0.003156773280352354,-2.3502931594848633,,
1790036418.1664634,RAW_IMU,,,,,,,,,0,0,-1000,2,3,2,,,,,
1790036418.1750126,ATTITUDE,,,,,,,,,,,,,,,0.0013338380958884954,0.003159451764076948,-2.350294589996338,,
1790036418.176207,RAW_IMU,,,,,,,,,0,0,-1000,2,3,2,,,,,
1790036418.194908,ATTITUDE,,,,,,,,,,,,,,,0.0013285214081406593,0.0031616967171430588,-2.3502981662750244,,
1790036418.196302,RAW_IMU,,,,,,,,,0,0,-1000,2,3,2,,,,,
1790036418.2149396,ATTITUDE,,,,,,,,,,,,,,,0.0013238047249615192,0.003150113159790635,-2.3503012657165527,,
1790036418.2167625,RAW_IMU,,,,,,,,,0,0,-1001,2,2,2,,,,,
1790036418.235273,ATTITUDE,,,,,,,,,,,,,,,0.0013204916613176465,0.0031812654342502356,-2.350304365158081,,
1790036418.2365525,RAW_IMU,,,,,,,,,0,0,-1001,2,4,2,,,,,
1790036418.2494278,GLOBAL_POSITION_INT,-35.3609108,149.168039,587.12,5.919,0.03,0.0,0.49,225.34,,,,,,,,,,,
1790036418.2507288,GPS_RAW_INT,,,,,,,,,,,,,,,,,,6,10
1790036418.255345,ATTITUDE,,,,,,,,,,,,,,,0.001318655675277114,0.003141136607155204,-2.3503098487854004,,
1790036418.256619,RAW_IMU,,,,,,,,,0,0,-1001,3,1,2,,,,,
1790036418.2753215,ATTITUDE,,,,,,,,,,,,,,,0.0013177205109968781,0.0031824465841054916,-2.350315809249878,,
1790036418.2767372,RAW_IMU,,,,,,,,,0,0,-1001,3,4,2,,,,,
1790036418.295426,ATTITUDE,,,,,,,,,,,,,,,0.0013183184200897813,0.003136485116556287,-2.350327730178833,,
1790036418.296633,RAW_IMU,,,,,,,,,0,0,-1001,3,1,2,,,,,
1790036418.3157315,ATTITUDE,,,,,,,,,,,,,,,0.0013131501618772745,0.0031560573261231184,-2.3503410816192627,,
1790036418.316995,RAW_IMU,,,,,,,,,0,0,-1001,3,3,2,,,,,
1790036418.3303936,ATTITUDE,,,,,,,,,,,,,,,0.0013065313687548041,0.0031118011102080345,-2.350355863571167,,
1790036418.3323414,RAW_IMU,,,,,,,,,0,0,-1001,3,1,2,,,,,
1790036418.350583,GLOBAL_POSITION_INT,-35.3609108,149.168039,587.07,5.869,0.03,0.0,0.49,225.34,,,,,,,,,,,
1790036418.3520555,GPS_RAW_INT,,,,,,,,,,,,,,,,,,6,10
1790036418.3530307,ATTITUDE,,,,,,,,,,,,,,,0.001299395808018744,0.0030884339939802885,-2.3503713607788086,,
1790036418.3546247,RAW_IMU,,,,,,,,,0,0,-1001,3,1,1,,,,,
1790036418.3710148,ATTITUDE,,,,,,,,,,,,,,,0.001293784473091364,0.00309201143682003,-2.350385904312134,,
1790036418.3726926,RAW_IMU,,,,,,,,,0,0,-1000,2,3,1,,,,,
1790036418.409819,ATTITUDE,,,,,,,,,,,,,,,0.001290200394578278,0.003096461994573474,-2.3504021167755127,,
1790036418.4107118,RAW_IMU,,,,,,,,,0,0,-1000,3,3,2,,,,,
1790036418.4119256,ATTITUDE,,,,,,,,,,,,,,,0.0012852656655013561,0.003101413371041417,-2.350414514541626,,
1790036418.4126902,RAW_IMU,,,,,,,,,0,0,-1000,2,3,2,,,,,
1790036418.431202,ATTITUDE,,,,,,,,,,,,,,,0.0012810130137950182,0.0031062564812600613,-2.350425958633423,,
1790036418.432493,RAW_IMU,,,,,,,,,0,0,-1000,2,3,2,,,,,
1790036418.451112,GLOBAL_POSITION_INT,-35.3609108,149.168039,587.02,5.819,0.03,0.0,0.49,225.33,,,,,,,,,,,
1790036418.4523332,GPS_RAW_INT,,,,,,,,,,,,,,,,,,6,10
1790036418.4541674,ATTITUDE,,,,,,,,,,,,,,,0.0012804105645045638,0.003112481441348791,-2.3504369258880615,,
1790036418.4558914,RAW_IMU,,,,,,,,,0,0,-1000,3,3,2,,,,,
1790036418.4713054,ATTITUDE,,,,,,,,,,,,,,,0.0012794536305591464,0.003119016531854868,-2.350445508956909,,
1790036418.4718692,RAW_IMU,,,,,,,,,0,0,-1000,3,3,2,,,,,
1790036418.4913027,ATTITUDE,,,,,,,,,,,,,,,0.0012813052162528038,0.003125379327684641,-2.3504559993743896,,
1790036418.492988,RAW_IMU,,,,,,,,,0,0,-1000,3,3,2,,,,,
1790036418.5130208,ATTITUDE,,,,,,,,,,,,,,,0.0012754161143675447,0.0031259164679795504,-2.350466012954712,,
1790036418.514281,RAW_IMU,,,,,,,,,0,0,-1000,3,3,2,,,,,
1790036418.5331962,ATTITUDE,,,,,,,,,,,,,,,0.0012694259639829397,0.003126206574961543,-2.350475788116455,,
1790036418.5350997,RAW_IMU,,,,,,,,,0,0,-1000,3,3,2,,,,,
1790036418.5480402,GLOBAL_POSITION_INT,-35.3609108,149.168039,586.97,5.769,0.03,0.0,0.49,225.33,,,,,,,,,,,
1790036418.5490696,GPS_RAW_INT,,,,,,,,,,,,,,,,,,6,10
1790036418.5537865,ATTITUDE,,,,,,,,,,,,,,,0.0012633436126634479,0.003114360151812434,-2.3504831790924072,,
1790036418.5552046,RAW_IMU,,,,,,,,,0,0,-1001,3,2,2,,,,,
1790036418.5741706,ATTITUDE,,,,,,,,,,,,,,,0.0012571116676554084,0.0030805605929344893,-2.350489854812622,,
1790036418.5749953,RAW_IMU,,,,,,,,,0,0,-1000,2,1,2,,,,,
1790036418.594067,ATTITUDE,,,,,,,,,,,,,,,0.001253231312148273,0.003047741251066327,-2.350499153137207,,
1790036418.5949862,RAW_IMU,,,,,,,,,0,0,-1000,3,1,2,,,,,
1790036418.614745,ATTITUDE,,,,,,,,,,,,,,,0.0012490624794736505,0.00301671982742846,-2.3505072593688965,,
1790036418.616456,RAW_IMU,,,,,,,,,0,0,-1000,3,1,2,,,,,
1790036418.6350923,ATTITUDE,,,,,,,,,,,,,,,0.0012474097311496735,0.0029874276369810104,-2.350512981414795,,
1790036418.63671,RAW_IMU,,,,,,,,,0,0,-1000,3,1,2,,,,,
1790036418.6657355,GLOBAL_POSITION_INT,-35.3609108,149.168039,586.92,5.719,0.03,0.0,0.49,225.33,,,,,,,,,,,
1790036418.6685872,GPS_RAW_INT,,,,,,,,,,,,,,,,,,6,10
1790036418.6708531,ATTITUDE,,,,,,,,,,,,,,,0.0012464388273656368,0.002960360608994961,-2.350518226623535,,
1790036418.6728413,RAW_IMU,,,,,,,,,0,0,-1000,3,1,2,,,,,
1790036418.6753025,ATTITUDE,,,,,,,,,,,,,,,0.0012462395243346691,0.0029252530075609684,-2.350522041320801,,
1790036418.678537,RAW_IMU,,,,,,,,,0,0,-1001,3,1,2,,,,,
1790036418.6928906,ATTITUDE,,,,,,,,,,,,,,,0.0012476558331400156,0.002895212033763528,-2.350529909133911,,
1790036418.6951287,RAW_IMU,,,,,,,,,0,0,-1001,3,1,2,,,,,
1790036418.7144966,ATTITUDE,,,,,,,,,,,,,,,0.0012421103892847896,0.002850415650755167,-2.350541353225708,,
1790036418.7170358,RAW_IMU,,,,,,,,,0,0,-1001,3,0,2,,,,,
1790036418.7352793,ATTITUDE,,,,,,,,,,,,,,,0.0012359465472400188,0.0028219774831086397,-2.350555419921875,,
1790036418.7375174,RAW_IMU,,,,,,,,,0,0,-1001,3,2,2,,,,,
1790036418.7508717,GLOBAL_POSITION_INT,-35.3609108,149.168039,586.87,5.669,0.03,0.0,0.49,225.33,,,,,,,,,,,
1790036418.7519135,GPS_RAW_INT,,,,,,,,,,,,,,,,,,6,10
1790036418.7544153,ATTITUDE,,,,,,,,,,,,,,,0.0012313643237575889,0.002766787074506283,-2.350569009780884,,
1790036418.756304,RAW_IMU,,,,,,,,,0,0,-1001,3,0,1,,,,,
1790036418.7723448,ATTITUDE,,,,,,,,,,,,,,,0.0012278866488486528,0.002762876683846116,-2.3505845069885254,,
1790036418.7736816,RAW_IMU,,,,,,,,,0,0,-1001,3,3,1,,,,,
1790036418.792865,ATTITUDE,,,,,,,,,,,,,,,0.001224712934345007,0.0027047728653997183,-2.350602149963379,,
1790036418.794449,RAW_IMU,,,,,,,,,0,0,-1001,3,0,1,,,,,
1790036418.8125932,ATTITUDE,,,,,,,,,,,,,,,0.0012215919559821486,0.0026502746623009443,-2.350616216659546,,
1790036418.8135982,RAW_IMU,,,,,,,,,0,0,-1000,3,0,2,,,,,
1790036418.8332355,ATTITUDE,,,,,,,,,,,,,,,0.0012216437608003616,0.0025978481862694025,-2.3506293296813965,,
1790036418.8352518,RAW_IMU,,,,,,,,,0,0,-1000,3,0,2,,,,,
1790036418.8482704,GLOBAL_POSITION_INT,-35.3609108,149.168039,586.82,5.619,0.03,0.0,0.49,225.32,,,,,,,,,,,
1790036418.8500934,GPS_RAW_INT,,,,,,,,,,,,,,,,,,6,10
1790036418.8540597,ATTITUDE,,,,,,,,,,,,,,,0.0012208690168336034,0.0025487400125712156,-2.3506414890289307,,
1790036418.8554883,RAW_IMU,,,,,,,,,0,0,-1000,3,0,2,,,,,
1790036418.8741727,ATTITUDE,,,,,,,,,,,,,,,0.0012203215155750513,0.002503226511180401,-2.350651264190674,,
1790036418.8759491,RAW_IMU,,,,,,,,,0,0,-1000,3,0,2,,,,,
1790036418.91945,ATTITUDE,,,,,,,,,,,,,,,0.0012224509846419096,0.002459678566083312,-2.350663900375366,,
1790036418.9204834,RAW_IMU,,,,,,,,,0,0,-1000,3,0,2,,,,,
1790036418.9219217,ATTITUDE,,,,,,,,,,,,,,,0.0012173120630905032,0.0024199315812438726,-2.350675106048584,,
1790036418.9253657,RAW_IMU,,,,,,,,,0,0,-1000,3,1,2,,,,,
1790036418.9334075,ATTITUDE,,,,,,,,,,,,,,,0.0012113036355003715,0.0023905588313937187,-2.3506855964660645,,
1790036418.9344504,RAW_IMU,,,,,,,,,0,0,-1000,3,1,2,,,,,
1790036418.9482524,GLOBAL_POSITION_INT,-35.3609108,149.168039,586.77,5.569,0.03,0.0,0.49,225.32,,,,,,,,,,,
1790036418.9494464,GPS_RAW_INT,,,,,,,,,,,,,,,,,,6,10
1790036418.9545512,ATTITUDE,,,,,,,,,,,,,,,0.001207187189720571,0.002374693751335144,-2.3506953716278076,,
1790036418.956164,RAW_IMU,,,,,,,,,0,0,-1001,3,2,2,,,,,
1790036418.9746993,ATTITUDE,,,,,,,,,,,,,,,0.0012041280278936028,0.0023862316738814116,-2.3507044315338135,,
1790036418.9760957,RAW_IMU,,,,,,,,,0,0,-1000,3,3,2,,,,,
1790036418.9947634,ATTITUDE,,,,,,,,,,,,,,,0.0012009456986561418,0.002346185501664877,-2.350715160369873,,
1790036418.9965606,RAW_IMU,,,,,,,,,0,0,-1001,3,1,2,,,,,
1790036419.0147955,ATTITUDE,,,,,,,,,,,,,,,0.0011999696725979447,0.0023800337221473455,-2.3507285118103027,,
1790036419.0163815,RAW_IMU,,,,,,,,,0,0,-1001,3,4,2,,,,,
1790036419.0351396,ATTITUDE,,,,,,,,,,,,,,,0.0011995519744232297,0.0023579758126288652,-2.3507418632507324,,
1790036419.036096,RAW_IMU,,,,,,,,,0,0,-1001,3,2,2,,,,,
1790036419.049353,GLOBAL_POSITION_INT,-35.3609108,149.168039,586.72,5.518,0.03,0.0,0.49,225.32,,,,,,,,,,,
1790036419.0501537,GPS_RAW_INT,,,,,,,,,,,,,,,,,,6,10
1790036419.0546815,ATTITUDE,,,,,,,,,,,,,,,0.0011984541779384017,0.0023831818252801895,-2.3507537841796875,,
1790036419.0557733,RAW_IMU,,,,,,,,,0,0,-1001,3,3,2,,,,,
1790036419.0747163,ATTITUDE,,,,,,,,,,,,,,,0.0011992532527074218,0.0023928021546453238,-2.350768566131592,,
1790036419.0756583,RAW_IMU,,,,,,,,,0,0,-1001,3,4,1,,,,,
1790036419.0947764,ATTITUDE,,,,,,,,,,,,,,,0.0012017593253403902,0.00238088914193213,-2.350785970687866,,
1790036419.0957215,RAW_IMU,,,,,,,,,0,0,-1001,3,2,1,,,,,
1790036419.1149006,ATTITUDE,,,,,,,,,,,,,,,0.0011973869986832142,0.002397748874500394,-2.350803852081299,,
1790036419.1160545,RAW_IMU,,,,,,,,,0,0,-1000,3,4,1,,,,,
1790036419.1342912,ATTITUDE,,,,,,,,,,,,,,,0.0011929417960345745,0.002412178320810199,-2.350820541381836,,
1790036419.1353931,RAW_IMU,,,,,,,,,0,0,-1000,3,4,1,,,,,
1790036419.161823,GLOBAL_POSITION_INT,-35.3609108,149.168039,586.67,5.468,0.03,0.0,0.49,225.31,,,,,,,,,,,
1790036419.1631548,GPS_RAW_INT,,,,,,,,,,,,,,,,,,6,10
1790036419.1643674,ATTITUDE,,,,,,,,,,,,,,,0.0011900336248800159,0.002427077619358897,-2.3508355617523193,,
1790036419.165799,RAW_IMU,,,,,,,,,0,0,-1000,3,4,1,,,,,
1790036419.1751735,ATTITUDE,,,,,,,,,,,,,,,0.001187648973427713,0.0024425049778074026,-2.350848436355591,,
1790036419.1764092,RAW_IMU,,,,,,,,,0,0,-1000,3,4,2,,,,,
1790036419.1956532,ATTITUDE,,,,,,,,,,,,,,,0.0011859723599627614,0.0024570634122937918,-2.3508636951446533,,
1790036419.1973665,RAW_IMU,,,,,,,,,0,0,-1000,3,4,2,,,,,
1790036419.2156754,ATTITUDE,,,,,,,,,,,,,,,0.0011839170474559069,0.002470806473866105,-2.350876569747925,,
1790036419.2167726,RAW_IMU,,,,,,,,,0,0,-1000,3,3,2,,,,,
1790036419.2358248,ATTITUDE,,,,,,,,,,,,,,,0.0011836853809654713,0.00248559913598001,-2.3508877754211426,,
1790036419.2368891,RAW_IMU,,,,,,,,,0,0,-1000,3,3,2,,,,,
1790036419.24957,GLOBAL_POSITION_INT,-35.3609108,149.168039,586.62,5.418,0.03,0.0,0.49,225.31,,,,,,,,,,,
1790036419.2508101,GPS_RAW_INT,,,,,,,,,,,,,,,,,,6,10
1790036419.2553325,ATTITUDE,,,,,,,,,,,,,,,0.001184311811812222,0.002500964095816016,-2.3508963584899902,,
1790036419.2571464,RAW_IMU,,,,,,,,,0,0,-1001,3,3,2,,,,,
1790036419.2754352,ATTITUDE,,,,,,,,,,,,,,,0.0011852277675643563,0.0025162892416119576,-2.350904703140259,,
1790036419.2765238,RAW_IMU,,,,,,,,,0,0,-1001,3,3,2,,,,,
1790036419.295523,ATTITUDE,,,,,,,,,,,,,,,0.0011876685312017798,0.0025317140389233828,-2.3509151935577393,,
1790036419.2965112,RAW_IMU,,,,,,,,,0,0,-1000,3,3,2,,,,,
1790036419.315612,ATTITUDE,,,,,,,,,,,,,,,0.0011843923712149262,0.0025422433391213417,-2.350924491882324,,
1790036419.3168507,RAW_IMU,,,,,,,,,0,0,-1001,3,3,2,,,,,
1790036419.3357782,ATTITUDE,,,,,,,,,,,,,,,0.0011806160910055041,0.0025498527102172375,-2.3509323596954346,,
1790036419.3368893,RAW_IMU,,,,,,,,,0,0,-1001,3,3,2,,,,,
1790036419.3505037,GLOBAL_POSITION_INT,-35.3609108,149.168039,586.57,5.368,0.03,0.0,0.49,225.31,,,,,,,,,,,
1790036419.3517652,GPS_RAW_INT,,,,,,,,,,,,,,,,,,6,10
1790036419.3560305,ATTITUDE,,,,,,,,,,,,,,,0.0011779636843129992,0.002524316543713212,-2.350940704345703,,
1790036419.3574393,RAW_IMU,,,,,,,,,0,0,-1001,3,2,2,,,,,
1790036419.376167,ATTITUDE,,,,,,,,,,,,,,,0.0011749719269573689,0.0024977237917482853,-2.3509461879730225,,
1790036419.3777378,RAW_IMU,,,,,,,,,0,0,-1001,3,1,2,,,,,
1790036419.4085906,ATTITUDE,,,,,,,,,,,,,,,0.0011738779721781611,0.002472321270033717,-2.350954294204712,,
1790036419.4097059,RAW_IMU,,,,,,,,,0,0,-1000,3,1,2,,,,,
1790036419.4107592,ATTITUDE,,,,,,,,,,,,,,,0.0011710551334545016,0.0024483664892613888,-2.3509609699249268,,
1790036419.4114919,RAW_IMU,,,,,,,,,0,0,-1000,3,2,2,,,,,
1790036419.4318798,ATTITUDE,,,,,,,,,,,,,,,0.0011707235826179385,0.002446619560942054,-2.3509669303894043,,
1790036419.433193,RAW_IMU,,,,,,,,,0,0,-1001,3,3,2,,,,,
1790036419.4524138,GLOBAL_POSITION_INT,-35.3609108,149.168039,586.52,5.318,0.03,0.0,0.49,225.3,,,,,,,,,,,
1790036419.4534576,GPS_RAW_INT,,,,,,,,,,,,,,,,,,6,10
1790036419.4550147,ATTITUDE,,,,,,,,,,,,,,,0.0011714580468833447,0.0024190291296690702,-2.350973606109619,,
1790036419.4560666,RAW_IMU,,,,,,,,,0,0,-1001,3,1,2,,,,,
1790036419.472709,ATTITUDE,,,,,,,,,,,,,,,0.0011727219680324197,0.002430622698739171,-2.3509817123413086,,
1790036419.47422,RAW_IMU,,,,,,,,,0,0,-1001,3,3,2,,,,,
1790036419.4927967,ATTITUDE,,,,,,,,,,,,,,,0.0011747812386602163,0.002386704320088029,-2.350994110107422,,
1790036419.4937716,RAW_IMU,,,,,,,,,0,0,-1001,3,0,2,,,,,
1790036419.5126603,ATTITUDE,,,,,,,,,,,,,,,0.0011707146186381578,0.0024002057034522295,-2.3510091304779053,,
1790036419.5140214,RAW_IMU,,,,,,,,,0,0,-1001,3,3,2,,,,,
1790036419.5337498,ATTITUDE,,,,,,,,,,,,,,,0.001166301779448986,0.0023516921792179346,-2.3510241508483887,,
1790036419.5350702,RAW_IMU,,,,,,,,,0,0,-1001,3,1,1,,,,,
1790036419.5532494,GLOBAL_POSITION_INT,-35.3609108,149.168039,586.47,5.268,0.03,0.0,0.49,225.3,,,,,,,,,,,
1790036419.554222,GPS_RAW_INT,,,,,,,,,,,,,,,,,,6,10
1790036419.5565856,ATTITUDE,,,,,,,,,,,,,,,0.0011631319066509604,0.002365637570619583,-2.351039409637451,,
1790036419.5575914,RAW_IMU,,,,,,,,,0,0,-1000,3,3,1,,,,,
1790036419.5740528,ATTITUDE,,,,,,,,,,,,,,,0.001159563777036965,0.002381699625402689,-2.3510544300079346,,
1790036419.575206,RAW_IMU,,,,,,,,,0,0,-1000,3,4,1,,,,,
1790036419.593879,ATTITUDE,,,,,,,,,,,,,,,0.0011565996101126075,0.0023978883400559425,-2.351071357727051,,
1790036419.5944865,RAW_IMU,,,,,,,,,0,0,-1000,3,4,1,,,,,
1790036419.6139016,ATTITUDE,,,,,,,,,,,,,,,0.0011559742270037532,0.0024133874103426933,-2.3510849475860596,,
1790036419.6153133,RAW_IMU,,,,,,,,,0,0,-1000,3,4,2,,,,,
1790036419.6340365,ATTITUDE,,,,,,,,,,,,,,,0.0011556954123079777,0.0024288450367748737,-2.3510963916778564,,
1790036419.6356995,RAW_IMU,,,,,,,,,0,0,-1000,3,3,2,,,,,
1790036419.6624534,GLOBAL_POSITION_INT,-35.3609108,149.168039,586.42,5.218,0.03,0.0,0.49,225.3,,,,,,,,,,,
1790036419.66329,GPS_RAW_INT,,,,,,,,,,,,,,,,,,6,10
1790036419.6641502,ATTITUDE,,,,,,,,,,,,,,,0.001155000296421349,0.002445647493004799,-2.351106643676758,,
1790036419.6659124,RAW_IMU,,,,,,,,,0,0,-1000,3,3,2,,,,,
1790036419.674634,ATTITUDE,,,,,,,,,,,,,,,0.0011568695772439241,0.002461642725393176,-2.3511159420013428,,
1790036419.6764107,RAW_IMU,,,,,,,,,0,0,-1001,3,3,2,,,,,
1790036419.6949518,ATTITUDE,,,,,,,,,,,,,,,0.0011601975420489907,0.0024692893493920565,-2.3511273860931396,,
1790036419.6960638,RAW_IMU,,,,,,,,,0,0,-1001,3,3,2,,,,,
1790036419.714703,ATTITUDE,,,,,,,,,,,,,,,0.001156006008386612,0.002462065080180764,-2.35113787651062,,
1790036419.7157493,RAW_IMU,,,,,,,,,0,0,-1000,3,2,2,,,,,
1790036419.735789,ATTITUDE,,,,,,,,,,,,,,,0.001151577103883028,0.0024544631596654654,-2.351146936416626,,
1790036419.7370355,RAW_IMU,,,,,,,,,0,0,-1000,3,2,2,,,,,
1790036419.7491174,GLOBAL_POSITION_INT,-35.3609108,149.168039,586.37,5.168,0.03,0.0,0.49,225.29,,,,,,,,,,,
1790036419.750035,GPS_RAW_INT,,,,,,,,,,,,,,,,,,6,10
1790036419.7554877,ATTITUDE,,,,,,,,,,,,,,,0.0011483995476737618,0.0024464246816933155,-2.3511531352996826,,
1790036419.7571914,RAW_IMU,,,,,,,,,0,0,-1000,3,2,2,,,,,
1790036419.77553,ATTITUDE,,,,,,,,,,,,,,,0.0011467566946521401,0.0024383869022130966,-2.3511602878570557,,
1790036419.7766526,RAW_IMU,,,,,,,,,0,0,-1001,3,2,2,,,,,
1790036419.795478,ATTITUDE,,,,,,,,,,,,,,,0.0011449484154582024,0.002432682318612933,-2.351168394088745,,
1790036419.7967005,RAW_IMU,,,,,,,,,0,0,-1001,3,2,2,,,,,
1790036419.8153033,ATTITUDE,,,,,,,,,,,,,,,0.0011448073200881481,0.002427451778203249,-2.351175308227539,,
1790036419.8164277,RAW_IMU,,,,,,,,,0,0,-1000,3,2,2,,,,,
1790036419.8358572,ATTITUDE,,,,,,,,,,,,,,,0.0011722095077857375,0.0024114917032420635,-2.351179599761963,,
1790036419.837234,RAW_IMU,,,,,,,,,0,0,-1001,4,2,2,,,,,
1790036419.8500602,GLOBAL_POSITION_INT,-35.3609108,149.168039,586.32,5.118,0.03,0.0,0.49,225.29,,,,,,,,,,,
1790036419.8511062,GPS_RAW_INT,,,,,,,,,,,,,,,,,,6,10
1790036419.8560755,ATTITUDE,,,,,,,,,,,,,,,0.0012097745202481747,0.0024367107544094324,-2.351186752319336,,
1790036419.8574905,RAW_IMU,,,,,,,,,0,0,-1001,5,4,2,,,,,
1790036419.8759232,ATTITUDE,,,,,,,,,,,,,,,0.001245031482540071,0.002387402579188347,-2.3511946201324463,,
1790036419.877062,RAW_IMU,,,,,,,,,0,0,-1001,4,1,2,,,,,
1790036419.908786,ATTITUDE,,,,,,,,,,,,,,,0.0012812785571441054,0.0024144058115780354,-2.3512063026428223,,
1790036419.9097183,RAW_IMU,,,,,,,,,0,0,-1001,4,3,2,,,,,
1790036419.915745,ATTITUDE,,,,,,,,,,,,,,,0.0013096497859805822,0.002352896612137556,-2.3512210845947266,,
1790036419.91685,RAW_IMU,,,,,,,,,0,0,-1001,4,0,2,,,,,
1790036419.9362679,ATTITUDE,,,,,,,,,,,,,,,0.0013427382800728083,0.002357764169573784,-2.3512370586395264,,
1790036419.9375885,RAW_IMU,,,,,,,,,0,0,-1001,4,2,1,,,,,
1790036419.9499748,GLOBAL_POSITION_INT,-35.3609108,149.168039,586.27,5.068,0.03,0.0,0.49,225.29,,,,,,,,,,,
1790036419.950371,GPS_RAW_INT,,,,,,,,,,,,,,,,,,6,10
1790036419.9558632,ATTITUDE,,,,,,,,,,,,,,,0.0013874578289687634,0.0023275006096810102,-2.3512535095214844,,
1790036419.9575095,RAW_IMU,,,,,,,,,0,0,-1001,5,2,1,,,,,
1790036419.9759023,ATTITUDE,,,,,,,,,,,,,,,0.0014318573521450162,0.0023067002184689045,-2.3512701988220215,,
1790036419.9775982,RAW_IMU,,,,,,,,,0,0,-1001,5,1,1,,,,,
1790036419.9960568,ATTITUDE,,,,,,,,,,,,,,,0.00150953175034374,0.002323976717889309,-2.351289987564087,,
1790036419.9969864,RAW_IMU,,,,,,,,,0,0,-1000,6,4,1,,,,,
1790036420.0159686,ATTITUDE,,,,,,,,,,,,,,,0.0015866736648604274,0.0023402615915983915,-2.3513071537017822,,
1790036420.0169647,RAW_IMU,,,,,,,,,0,0,-1000,7,4,1,,,,,
1790036420.031064,ATTITUDE,,,,,,,,,,,,,,,0.0016599757364019752,0.002356692450121045,-2.351323127746582,,
1790036420.0326574,RAW_IMU,,,,,,,,,0,0,-1000,6,4,1,,,,,
1790036420.0510187,GLOBAL_POSITION_INT,-35.3609108,149.168039,586.22,5.018,0.03,0.0,0.49,225.28,,,,,,,,,,,
1790036420.0516775,GPS_RAW_INT,,,,,,,,,,,,,,,,,,6,10
1790036420.053284,ATTITUDE,,,,,,,,,,,,,,,0.0017335209995508194,0.002375035546720028,-2.3513379096984863,,
1790036420.0554917,RAW_IMU,,,,,,,,,0,0,-1000,6,4,1,,,,,
1790036420.0714796,ATTITUDE,,,,,,,,,,,,,,,0.0018045901088044047,0.0023922892287373543,-2.351351261138916,,
1790036420.0729144,RAW_IMU,,,,,,,,,0,0,-1001,6,3,1,,,,,
1790036420.0917876,ATTITUDE,,,,,,,,,,,,,,,0.001872291904874146,0.002409124979749322,-2.351365566253662,,
1790036420.092918,RAW_IMU,,,,,,,,,0,0,-1000,6,3,2,,,,,
1790036420.1118748,ATTITUDE,,,,,,,,,,,,,,,0.0019316732650622725,0.0024207860697060823,-2.3513786792755127,,
1790036420.1127684,RAW_IMU,,,,,,,,,0,0,-1000,6,3,2,,,,,
1790036420.1319351,ATTITUDE,,,,,,,,,,,,,,,0.0019882714841514826,0.0024313577450811863,-2.3513903617858887,,
1790036420.1336882,RAW_IMU,,,,,,,,,0,0,-1000,6,3,2,,,,,
1790036420.164743,GLOBAL_POSITION_INT,-35.3609108,149.168039,586.17,4.969,0.03,0.0,0.49,225.28,,,,,,,,,,,
1790036420.1664608,GPS_RAW_INT,,,,,,,,,,,,,,,,,,6,10
1790036420.167353,ATTITUDE,,,,,,,,,,,,,,,0.002043884014710784,0.0024426502641290426,-2.35140061378479,,
1790036420.1688442,RAW_IMU,,,,,,,,,0,0,-1000,6,3,2,,,,,
1790036420.1733806,ATTITUDE,,,,,,,,,,,,,,,0.0020977796521037817,0.002442489378154278,-2.3514108657836914,,
1790036420.175029,RAW_IMU,,,,,,,,,0,0,-1001,5,3,2,,,,,
1790036420.1933818,ATTITUDE,,,,,,,,,,,,,,,0.002149652224034071,0.0024346380960196257,-2.3514230251312256,,
1790036420.1951714,RAW_IMU,,,,,,,,,0,0,-1000,5,2,2,,,,,
1790036420.2131052,ATTITUDE,,,,,,,,,,,,,,,0.0021998470183461905,0.002427262719720602,-2.3514320850372314,,
1790036420.2144284,RAW_IMU,,,,,,,,,0,0,-1000,5,2,2,,,,,
1790036420.233658,ATTITUDE,,,,,,,,,,,,,,,0.002249509561806917,0.002422129036858678,-2.3514387607574463,,
1790036420.2357786,RAW_IMU,,,,,,,,,0,0,-1000,5,2,2,,,,,
1790036420.2537832,GLOBAL_POSITION_INT,-35.3609108,149.168039,586.12,4.919,0.03,0.0,0.49,225.28,,,,,,,,,,,
1790036420.254602,GPS_RAW_INT,,,,,,,,,,,,,,,,,,6,10
1790036420.2559893,ATTITUDE,,,,,,,,,,,,,,,0.0022986559197306633,0.002417713636532426,-2.351444959640503,,
1790036420.2568994,RAW_IMU,,,,,,,,,0,0,-1000,5,2,2,,,,,
1790036420.2740018,ATTITUDE,,,,,,,,,,,,,,,0.0023465545382350683,0.0024155520368367434,-2.3514506816864014,,
1790036420.2750714,RAW_IMU,,,,,,,,,0,0,-1000,5,2,2,,,,,
1790036420.2939522,ATTITUDE,,,,,,,,,,,,,,,0.0023932321928441525,0.002412153175100684,-2.3514575958251953,,
1790036420.295158,RAW_IMU,,,,,,,,,0,0,-1001,5,2,2,,,,,
1790036420.3138745,ATTITUDE,,,,,,,,,,,,,,,0.0024328636936843395,0.002385550644248724,-2.3514654636383057,,
1790036420.3156629,RAW_IMU,,,,,,,,,0,0,-1001,5,2,2,,,,,
1790036420.3348396,ATTITUDE,,,,,,,,,,,,,,,0.0024702877271920443,0.0023597278632223606,-2.3514726161956787,,
1790036420.3363876,RAW_IMU,,,,,,,,,0,0,-1001,5,1,2,,,,,
1790036420.3489034,GLOBAL_POSITION_INT,-35.3609108,149.168039,586.07,4.869,0.03,0.0,0.49,225.28,,,,,,,,,,,
1790036420.3506768,GPS_RAW_INT,,,,,,,,,,,,,,,,,,6,10
1790036420.3545597,ATTITUDE,,,,,,,,,,,,,,,0.0025077108293771744,0.0023226949851959944,-2.3514792919158936,,
1790036420.3561597,RAW_IMU,,,,,,,,,0,0,-1001,5,1,2,,,,,
1790036420.375234,ATTITUDE,,,,,,,,,,,,,,,0.0025419227313250303,0.002310512587428093,-2.3514859676361084,,
1790036420.3761976,RAW_IMU,,,,,,,,,0,0,-1001,5,2,2,,,,,
1790036420.412946,ATTITUDE,,,,,,,,,,,,,,,0.002577683422714472,0.002273940248414874,-2.3514974117279053,,
1790036420.413843,RAW_IMU,,,,,,,,,0,0,-1001,4,1,2,,,,,
1790036420.415106,ATTITUDE,,,,,,,,,,,,,,,0.0026117521338164806,0.002251357538625598,-2.3515090942382812,,
1790036420.4161203,RAW_IMU,,,,,,,,,0,0,-1001,4,1,2,,,,,
1790036420.4355395,ATTITUDE,,,,,,,,,,,,,,,0.0026447062846273184,0.0022456664592027664,-2.3515212535858154,,
1790036420.436406,RAW_IMU,,,,,,,,,0,0,-1001,4,3,2,,,,,
1790036420.449472,GLOBAL_POSITION_INT,-35.3609108,149.168039,586.02,4.819,0.03,0.0,0.49,225.27,,,,,,,,,,,
1790036420.4506557,GPS_RAW_INT,,,,,,,,,,,,,,,,,,6,10
1790036420.4552596,ATTITUDE,,,,,,,,,,,,,,,0.0026782057248055935,0.002209858037531376,-2.351531744003296,,
1790036420.4571288,RAW_IMU,,,,,,,,,0,0,-1001,4,1,2,,,,,
1790036420.47592,ATTITUDE,,,,,,,,,,,,,,,0.0027103512547910213,0.0021775043569505215,-2.3515408039093018,,
1790036420.476889,RAW_IMU,,,,,,,,,0,0,-1001,4,1,2,,,,,
1790036420.4960012,ATTITUDE,,,,,,,,,,,,,,,0.0027416201774030924,0.002146777929738164,-2.351550579071045,,
1790036420.497576,RAW_IMU,,,,,,,,,0,0,-1000,4,1,2,,,,,
1790036420.51612,ATTITUDE,,,,,,,,,,,,,,,0.0027669998817145824,0.0021114496048539877,-2.351560115814209,,
1790036420.5180883,RAW_IMU,,,,,,,,,0,0,-1001,4,1,2,,,,,
1790036420.5309954,ATTITUDE,,,,,,,,,,,,,,,0.0027907933108508587,0.0020781164057552814,-2.3515689373016357,,
1790036420.5322495,RAW_IMU,,,,,,,,,0,0,-1000,4,1,2,,,,,
1790036420.5508423,GLOBAL_POSITION_INT,-35.3609108,149.168039,585.97,4.769,0.03,0.0,0.49,225.27,,,,,,,,,,,
1790036420.551873,GPS_RAW_INT,,,,,,,,,,,,,,,,,,6,10
1790036420.5541425,ATTITUDE,,,,,,,,,,,,,,,0.0028140153735876083,0.002046397188678384,-2.351576328277588,,
1790036420.5551069,RAW_IMU,,,,,,,,,0,0,-1000,4,1,2,,,,,
1790036420.5758882,ATTITUDE,,,,,,,,,,,,,,,0.0028364050667732954,0.0020157662220299244,-2.35158371925354,,
1790036420.5775793,RAW_IMU,,,,,,,,,0,0,-1000,4,1,2,,,,,
1790036420.5957136,ATTITUDE,,,,,,,,,,,,,,,0.002858782187104225,0.001986398594453931,-2.351593494415283,,
1790036420.5972102,RAW_IMU,,,,,,,,,0,0,-1000,4,1,2,,,,,
1790036420.615832,ATTITUDE,,,,,,,,,,,,,,,0.002880239626392722,0.0019598451908677816,-2.3516018390655518,,
1790036420.6170526,RAW_IMU,,,,,,,,,0,0,-1001,4,1,2,,,,,
1790036420.636061,ATTITUDE,,,,,,,,,,,,,,,0.0029031967278569937,0.001983719179406762,-2.3516082763671875,,
1790036420.6380885,RAW_IMU,,,,,,,,,0,0,-1001,4,4,2,,,,,
1790036420.66433,GLOBAL_POSITION_INT,-35.3609108,149.168039,585.92,4.719,0.03,0.0,0.49,225.27,,,,,,,,,,,
1790036420.6658676,GPS_RAW_INT,,,,,,,,,,,,,,,,,,6,10
1790036420.6670432,ATTITUDE,,,,,,,,,,,,,,,0.0029255016706883907,0.002013884950429201,-2.351613759994507,,
1790036420.6678631,RAW_IMU,,,,,,,,,0,0,-1000,4,4,2,,,,,
1790036420.6722765,ATTITUDE,,,,,,,,,,,,,,,0.0029480308294296265,0.0020444276742637157,-2.351619243621826,,
1790036420.673792,RAW_IMU,,,,,,,,,0,0,-1001,4,4,2,,,,,
1790036420.6927924,ATTITUDE,,,,,,,,,,,,,,,0.0029709436930716038,0.0020728413946926594,-2.351625442504883,,
1790036420.694143,RAW_IMU,,,,,,,,,0,0,-1000,4,4,2,,,,,
1790036420.712267,ATTITUDE,,,,,,,,,,,,,,,0.0029856800101697445,0.002095314674079418,-2.3516314029693604,,
1790036420.7129762,RAW_IMU,,,,,,,,,0,0,-1000,4,4,2,,,,,
1790036420.7338297,ATTITUDE,,,,,,,,,,,,,,,0.003001144155859947,0.002116262447088957,-2.3516359329223633,,
1790036420.7352629,RAW_IMU,,,,,,,,,0,0,-1000,4,4,2,,,,,
1790036420.753079,GLOBAL_POSITION_INT,-35.3609108,149.168039,585.87,4.669,0.03,0.0,0.49,225.27,,,,,,,,,,,
1790036420.7540934,GPS_RAW_INT,,,,,,,,,,,,,,,,,,6,10
1790036420.7556193,ATTITUDE,,,,,,,,,,,,,,,0.0030170960817486048,0.002137996954843402,-2.351639747619629,,
1790036420.7562351,RAW_IMU,,,,,,,,,0,0,-1001,4,4,2,,,,,
1790036420.7737148,ATTITUDE,,,,,,,,,,,,,,,0.003031510394066572,0.0021589030511677265,-2.351641893386841,,
1790036420.775142,RAW_IMU,,,,,,,,,0,0,-1001,3,4,2,,,,,
1790036420.7937882,ATTITUDE,,,,,,,,,,,,,,,0.0030399509705603123,0.0021782757248729467,-2.3516485691070557,,
1790036420.7953086,RAW_IMU,,,,,,,,,0,0,-1000,3,4,2,,,,,
1790036420.8135915,ATTITUDE,,,,,,,,,,,,,,,0.003037011483684182,0.002196992514654994,-2.351651668548584,,
1790036420.8148067,RAW_IMU,,,,,,,,,0,0,-1000,3,4,2,,,,,
1790036420.8341532,ATTITUDE,,,,,,,,,,,,,,,0.0030344787519425154,0.0022176022175699472,-2.3516533374786377,,
1790036420.8354385,RAW_IMU,,,,,,,,,0,0,-1000,3,4,2,,,,,
1790036420.8484483,GLOBAL_POSITION_INT,-35.3609108,149.168039,585.82,4.619,0.03,0.0,0.49,225.27,,,,,,,,,,,
1790036420.84987,GPS_RAW_INT,,,,,,,,,,,,,,,,,,6,10
1790036420.8544996,ATTITUDE,,,,,,,,,,,,,,,0.003001635195687413,0.00223752879537642,-2.351654529571533,,
1790036420.8560798,RAW_IMU,,,,,,,,,0,0,-1000,1,4,2,,,,,
1790036420.874353,ATTITUDE,,,,,,,,,,,,,,,0.0029479586519300938,0.002257694723084569,-2.3516550064086914,,
1790036420.8760743,RAW_IMU,,,,,,,,,0,0,-1001,0,4,2,,,,,
1790036420.9141715,ATTITUDE,,,,,,,,,,,,,,,0.0028971887659281492,0.002277704421430826,-2.3516578674316406,,
1790036420.9150915,RAW_IMU,,,,,,,,,0,0,-1000,0,4,2,,,,,
1790036420.9167237,ATTITUDE,,,,,,,,,,,,,,,0.0028413664549589157,0.002291017211973667,-2.35166072845459,,
1790036420.9179022,RAW_IMU,,,,,,,,,0,0,-1001,0,4,2,,,,,
1790036420.9347808,ATTITUDE,,,,,,,,,,,,,,,0.002779945032671094,0.0023033940233290195,-2.3516628742218018,,
1790036420.9359171,RAW_IMU,,,,,,,,,0,0,-1000,0,3,2,,,,,
1790036420.9489305,GLOBAL_POSITION_INT,-35.3609108,149.168039,585.78,4.57,0.03,0.0,0.49,225.26,,,,,,,,,,,
1790036420.9502733,GPS_RAW_INT,,,,,,,,,,,,,,,,,,6,10
1790036420.9550357,ATTITUDE,,,,,,,,,,,,,,,0.0027119796723127365,0.00231676222756505,-2.351663827896118,,
1790036420.9564345,RAW_IMU,,,,,,,,,0,0,-1000,0,3,2,,,,,
1790036420.9750893,ATTITUDE,,,,,,,,,,,,,,,0.002646507229655981,0.0023301553446799517,-2.3516645431518555,,
1790036420.9760904,RAW_IMU,,,,,,,,,0,0,-1000,0,3,2,,,,,
1790036420.995022,ATTITUDE,,,,,,,,,,,,,,,0.002585155889391899,0.002341941464692354,-2.351667642593384,,
1790036420.9962509,RAW_IMU,,,,,,,,,0,0,-1001,0,3,2,,,,,
1790036421.0151153,ATTITUDE,,,,,,,,,,,,,,,0.0025258315727114677,0.002355432603508234,-2.3516690731048584,,
1790036421.016083,RAW_IMU,,,,,,,,,0,0,-1001,0,3,2,,,,,
1790036421.0355096,ATTITUDE,,,,,,,,,,,,,,,0.0024698602501302958,0.002369966823607683,-2.3516697883605957,,
1790036421.036492,RAW_IMU,,,,,,,,,0,0,-1001,0,3,2,,,,,
1790036421.0499682,GLOBAL_POSITION_INT,-35.3609108,149.168039,585.73,4.52,0.03,0.0,0.49,225.26,,,,,,,,,,,
1790036421.0514567,GPS_RAW_INT,,,,,,,,,,,,,,,,,,6,10
1790036421.0557654,ATTITUDE,,,,,,,,,,,,,,,0.002384929219260812,0.002383343642577529,-2.351670026779175,,
1790036421.0575695,RAW_IMU,,,,,,,,,0,0,-1000,-1,3,2,,,,,
1790036421.0759072,ATTITUDE,,,,,,,,,,,,,,,0.0023000603541731834,0.0023967749439179897,-2.351670026779175,,
1790036421.0771334,RAW_IMU,,,,,,,,,0,0,-1000,-1,3,2,,,,,
1790036421.0959997,ATTITUDE,,,,,,,,,,,,,,,0.0022184608969837427,0.002409785520285368,-2.351670742034912,,
1790036421.0973787,RAW_IMU,,,,,,,,,0,0,-1000,-1,3,2,,,,,
1790036421.1159272,ATTITUDE,,,,,,,,,,,,,,,0.002132950583472848,0.00241726147942245,-2.351672649383545,,
1790036421.1173806,RAW_IMU,,,,,,,,,0,0,-1000,0,3,2,,,,,
1790036421.1360312,ATTITUDE,,,,,,,,,,,,,,,0.0020355447195470333,0.0024249712005257607,-2.3516721725463867,,
1790036421.137876,RAW_IMU,,,,,,,,,0,0,-1000,-1,3,2,,,,,
1790036421.1640687,GLOBAL_POSITION_INT,-35.3609108,149.168039,585.67,4.469,0.03,0.0,0.49,225.26,,,,,,,,,,,
1790036421.1670682,GPS_RAW_INT,,,,,,,,,,,,,,,,,,6,10
1790036421.1683207,ATTITUDE,,,,,,,,,,,,,,,0.0019217347726225853,0.0024335014168173075,-2.351672410964966,,
1790036421.1698043,RAW_IMU,,,,,,,,,0,0,-1000,-2,3,2,,,,,
1790036421.1759365,ATTITUDE,,,,,,,,,,,,,,,0.0018139284802600741,0.0024416211526840925,-2.3516719341278076,,
1790036421.1767502,RAW_IMU,,,,,,,,,0,0,-1001,-2,3,2,,,,,
1790036421.1960604,ATTITUDE,,,,,,,,,,,,,,,0.0017093498026952147,0.002449324354529381,-2.3516738414764404,,
1790036421.1973677,RAW_IMU,,,,,,,,,0,0,-1001,-1,3,2,,,,,
1790036421.2160106,ATTITUDE,,,,,,,,,,,,,,,0.0016102419467642903,0.002457838039845228,-2.3516738414764404,,
1790036421.2169974,RAW_IMU,,,,,,,,,0,0,-1000,-1,3,2,,,,,
1790036421.2362,ATTITUDE,,,,,,,,,,,,,,,0.0015161215560510755,0.0024660041090101004,-2.3516733646392822,,
1790036421.237145,RAW_IMU,,,,,,,,,0,0,-1000,-1,3,2,,,,,
1790036421.2504466,GLOBAL_POSITION_INT,-35.3609108,149.168039,585.62,4.419,0.03,0.0,0.49,225.26,,,,,,,,,,,
1790036421.25136,GPS_RAW_INT,,,,,,,,,,,,,,,,,,6,10
1790036421.256611,ATTITUDE,,,,,,,,,,,,,,,0.0014268230879679322,0.0024766097776591778,-2.351670026779175,,
1790036421.2584107,RAW_IMU,,,,,,,,,0,0,-1000,-1,3,2,,,,,
1790036421.2764688,ATTITUDE,,,,,,,,,,,,,,,0.0013418897287920117,0.002479832386597991,-2.3516674041748047,,
1790036421.278278,RAW_IMU,,,,,,,,,0,0,-1001,-1,3,2,,,,,
1790036421.2964709,ATTITUDE,,,,,,,,,,,,,,,0.0012596319429576397,0.002485481556504965,-2.3516674041748047,,
1790036421.2979105,RAW_IMU,,,,,,,,,0,0,-1001,-1,3,2,,,,,
1790036421.3164837,ATTITUDE,,,,,,,,,,,,,,,0.0011748208198696375,0.002455075504258275,-2.3516688346862793,,
1790036421.317962,RAW_IMU,,,,,,,,,0,0,-1001,0,1,2,,,,,
1790036421.3313105,ATTITUDE,,,,,,,,,,,,,,,0.0011191829107701778,0.002470611594617367,-2.351672649383545,,
1790036421.3323107,RAW_IMU,,,,,,,,,0,0,-1001,0,4,2,,,,,
1790036421.3518999,GLOBAL_POSITION_INT,-35.3609108,149.168039,585.57,4.369,0.03,0.0,0.49,225.26,,,,,,,,,,,
1790036421.3527255,GPS_RAW_INT,,,,,,,,,,,,,,,,,,6,10
1790036421.3549504,ATTITUDE,,,,,,,,,,,,,,,0.0010356848360970616,0.002428922802209854,-2.351679801940918,,
1790036421.3562675,RAW_IMU,,,,,,,,,0,0,-1000,0,1,2,,,,,
1790036421.3716214,ATTITUDE,,,,,,,,,,,,,,,0.0010079399216920137,0.00244727311655879,-2.3516931533813477,,
1790036421.3733432,RAW_IMU,,,,,,,,,0,0,-1000,1,4,2,,,,,
1790036421.408758,ATTITUDE,,,,,,,,,,,,,,,0.0009426972246728837,0.0024098113644868135,-2.3517138957977295,,
1790036421.410348,RAW_IMU,,,,,,,,,0,0,-1001,0,1,1,,,,,
1790036421.4162855,ATTITUDE,,,,,,,,,,,,,,,0.0009279143414460123,0.0024431515485048294,-2.351736545562744,,
1790036421.4175816,RAW_IMU,,,,,,,,,0,0,-1001,1,4,1,,,,,
1790036421.4366891,ATTITUDE,,,,,,,,,,,,,,,0.0009139775647781789,0.0023935241624712944,-2.3517637252807617,,
1790036421.4375815,RAW_IMU,,,,,,,,,0,0,-1000,3,0,1,,,,,
1790036421.4514961,GLOBAL_POSITION_INT,-35.3609108,149.168039,585.53,4.32,0.03,0.0,0.49,225.26,,,,,,,,,,,
1790036421.4523668,GPS_RAW_INT,,,,,,,,,,,,,,,,,,6,10
1790036421.4543405,ATTITUDE,,,,,,,,,,,,,,,0.0008711020927876234,0.0024278517812490463,-2.351792812347412,,
1790036421.455111,RAW_IMU,,,,,,,,,0,0,-1000,0,4,1,,,,,
1790036421.471519,ATTITUDE,,,,,,,,,,,,,,,0.0008702310733497143,0.0024079608265310526,-2.351825714111328,,
1790036421.4731562,RAW_IMU,,,,,,,,,0,0,-1000,3,2,1,,,,,
1790036421.4917886,ATTITUDE,,,,,,,,,,,,,,,0.0008188274805434048,0.0023845231626182795,-2.351860523223877,,
1790036421.4929187,RAW_IMU,,,,,,,,,0,0,-1000,0,1,1,,,,,
1790036421.5127585,ATTITUDE,,,,,,,,,,,,,,,0.0008250682149082422,0.002356484066694975,-2.3518948554992676,,
1790036421.5137923,RAW_IMU,,,,,,,,,0,0,-1000,3,1,1,,,,,
1790036421.532518,ATTITUDE,,,,,,,,,,,,,,,0.0008303048089146614,0.0023292473051697016,-2.3519272804260254,,
1790036421.5341456,RAW_IMU,,,,,,,,,0,0,-1001,3,1,1,,,,,
1790036421.552017,GLOBAL_POSITION_INT,-35.3609108,149.168039,585.48,4.27,0.03,0.0,0.49,225.25,,,,,,,,,,,
1790036421.552362,GPS_RAW_INT,,,,,,,,,,,,,,,,,,6,10
1790036421.5533586,ATTITUDE,,,,,,,,,,,,,,,0.000836744555272162,0.0023046943824738264,-2.351956605911255,,
1790036421.5548897,RAW_IMU,,,,,,,,,0,0,-1001,3,2,1,,,,,
1790036421.5723045,ATTITUDE,,,,,,,,,,,,,,,0.0008437461801804602,0.0022802851162850857,-2.3519856929779053,,
1790036421.5735722,RAW_IMU,,,,,,,,,0,0,-1001,3,2,1,,,,,
1790036421.5914764,ATTITUDE,,,,,,,,,,,,,,,0.0008515508379787207,0.0022576062474399805,-2.3520150184631348,,
1790036421.5926275,RAW_IMU,,,,,,,,,0,0,-1001,3,2,1,,,,,
1790036421.6117973,ATTITUDE,,,,,,,,,,,,,,,0.0008590843062847853,0.0022342498414218426,-2.352041721343994,,
1790036421.6123414,RAW_IMU,,,,,,,,,0,0,-1001,3,2,1,,,,,
1790036421.6320727,ATTITUDE,,,,,,,,,,,,,,,0.0008660624735057354,0.0022140983492136,-2.352067470550537,,
1790036421.632938,RAW_IMU,,,,,,,,,0,0,-1001,3,2,1,,,,,
1790036421.657894,GLOBAL_POSITION_INT,-35.3609108,149.168039,585.43,4.22,0.03,0.0,0.49,225.24,,,,,,,,,,,
1790036421.6591618,GPS_RAW_INT,,,,,,,,,,,,,,,,,,6,10
1790036421.6595018,ATTITUDE,,,,,,,,,,,,,,,0.0008743450162000954,0.002195719163864851,-2.3520894050598145,,
1790036421.6606703,RAW_IMU,,,,,,,,,0,0,-1001,3,2,1,,,,,
1790036421.6738691,ATTITUDE,,,,,,,,,,,,,,,0.0008835908374749124,0.0021789672318845987,-2.3521101474761963,,
1790036421.6748848,RAW_IMU,,,,,,,,,0,0,-1001,3,2,1,,,,,
1790036421.6940022,ATTITUDE,,,,,,,,,,,,,,,0.0008935686782933772,0.0021629733964800835,-2.3521318435668945,,
1790036421.6953318,RAW_IMU,,,,,,,,,0,0,-1001,3,2,1,,,,,
1790036421.714404,ATTITUDE,,,,,,,,,,,,,,,0.0008972336654551327,0.0021422721911221743,-2.3521523475646973,,
1790036421.716559,RAW_IMU,,,,,,,,,0,0,-1001,3,2,1,,,,,
1790036421.7354178,ATTITUDE,,,,,,,,,,,,,,,0.0009006838081404567,0.0021236015018075705,-2.3521716594696045,,
1790036421.7371678,RAW_IMU,,,,,,,,,0,0,-1001,3,2,1,,,,,
1790036421.7500718,GLOBAL_POSITION_INT,-35.3609108,149.168039,585.38,4.17,0.03,0.0,0.49,225.23,,,,,,,,,,,
1790036421.7519383,GPS_RAW_INT,,,,,,,,,,,,,,,,,,6,10
1790036421.7551234,ATTITUDE,,,,,,,,,,,,,,,0.0009044682956300676,0.0021052814554423094,-2.3521878719329834,,
1790036421.7561855,RAW_IMU,,,,,,,,,0,0,-1000,3,2,1,,,,,
1790036421.7750106,ATTITUDE,,,,,,,,,,,,,,,0.000908626476302743,0.0020884089171886444,-2.352205276489258,,
1790036421.7765336,RAW_IMU,,,,,,,,,0,0,-1000,3,2,1,,,,,
1790036421.7951138,ATTITUDE,,,,,,,,,,,,,,,0.0009119585156440735,0.0020714898128062487,-2.352224588394165,,
1790036421.7967231,RAW_IMU,,,,,,,,,0,0,-1001,3,2,1,,,,,
1790036421.8151422,ATTITUDE,,,,,,,,,,,,,,,0.0009162477217614651,0.0020564633887261152,-2.3522400856018066,,
1790036421.8164892,RAW_IMU,,,,,,,,,0,0,-1001,3,2,2,,,,,
1790036421.8351934,ATTITUDE,,,,,,,,,,,,,,,0.0009228225098922849,0.002043804619461298,-2.3522534370422363,,
1790036421.8365843,RAW_IMU,,,,,,,,,0,0,-1001,3,2,2,,,,,
1790036421.8497431,GLOBAL_POSITION_INT,-35.3609108,149.168039,585.33,4.12,0.03,0.0,0.49,225.23,,,,,,,,,,,
1790036421.8506098,GPS_RAW_INT,,,,,,,,,,,,,,,,,,6,10
1790036421.8560174,ATTITUDE,,,,,,,,,,,,,,,0.0009286940330639482,0.002030335133895278,-2.352266311645508,,
1790036421.856926,RAW_IMU,,,,,,,,,0,0,-1000,3,2,2,,,,,
1790036421.8763545,ATTITUDE,,,,,,,,,,,,,,,0.0009361653355881572,0.0020189289934933186,-2.352278232574463,,
1790036421.8771358,RAW_IMU,,,,,,,,,0,0,-1001,3,2,2,,,,,
1790036421.9089484,ATTITUDE,,,,,,,,,,,,,,,0.0009444048628211021,0.0020085410214960575,-2.3522908687591553,,
1790036421.91002,RAW_IMU,,,,,,,,,0,0,-1000,3,2,2,,,,,
1790036421.9115431,ATTITUDE,,,,,,,,,,,,,,,0.0009455849649384618,0.00199316767975688,-2.3523027896881104,,
1790036421.9132462,RAW_IMU,,,,,,,,,0,0,-1001,3,2,2,,,,,
1790036421.9326458,ATTITUDE,,,,,,,,,,,,,,,0.0009466389310546219,0.001978739397600293,-2.3523128032684326,,
1790036421.9335835,RAW_IMU,,,,,,,,,0,0,-1001,3,2,2,,,,,
1790036421.9530656,GLOBAL_POSITION_INT,-35.3609108,149.168039,585.28,4.07,0.03,0.0,0.49,225.23,,,,,,,,,,,
1790036421.9545918,GPS_RAW_INT,,,,,,,,,,,,,,,,,,6,10
1790036421.9559667,ATTITUDE,,,,,,,,,,,,,,,0.0009486401686444879,0.0019676994998008013,-2.3523221015930176,,
1790036421.9574184,RAW_IMU,,,,,,,,,0,0,-1001,3,2,2,,,,,
1790036421.9728978,ATTITUDE,,,,,,,,,,,,,,,0.0009503270848654211,0.0019603236578404903,-2.352330207824707,,
1790036421.9738092,RAW_IMU,,,,,,,,,0,0,-1001,3,2,2,,,,,
1790036421.9929113,ATTITUDE,,,,,,,,,,,,,,,0.0009530637762509286,0.0019853715784847736,-2.3523404598236084,,
1790036421.994303,RAW_IMU,,,,,,,,,0,0,-1001,3,4,2,,,,,
1790036422.012137,ATTITUDE,,,,,,,,,,,,,,,0.0009567432571202517,0.002008856274187565,-2.3523502349853516,,
1790036422.013863,RAW_IMU,,,,,,,,,0,0,-1001,3,4,2,,,,,
1790036422.0323033,ATTITUDE,,,,,,,,,,,,,,,0.0009607977699488401,0.002032684860751033,-2.3523569107055664,,
1790036422.0340414,RAW_IMU,,,,,,,,,0,0,-1001,3,4,2,,,,,
1790036422.0520062,GLOBAL_POSITION_INT,-35.3609108,149.168039,585.23,4.02,0.03,0.0,0.49,225.22,,,,,,,,,,,
1790036422.0532315,GPS_RAW_INT,,,,,,,,,,,,,,,,,,6,10
1790036422.0560317,ATTITUDE,,,,,,,,,,,,,,,0.000965696235653013,0.0020583849400281906,-2.352363348007202,,
1790036422.0570507,RAW_IMU,,,,,,,,,0,0,-1001,3,4,2,,,,,
1790036422.0720742,ATTITUDE,,,,,,,,,,,,,,,0.0009710810845717788,0.0020825257524847984,-2.3523683547973633,,
1790036422.0735383,RAW_IMU,,,,,,,,,0,0,-1001,3,4,2,,,,,
1790036422.0914676,ATTITUDE,,,,,,,,,,,,,,,0.0009775640210136771,0.0021062095183879137,-2.3523752689361572,,
1790036422.093535,RAW_IMU,,,,,,,,,0,0,-1001,3,4,2,,,,,
1790036422.1113148,ATTITUDE,,,,,,,,,,,,,,,0.0009766083676367998,0.0021225104574114084,-2.3523833751678467,,
1790036422.1126232,RAW_IMU,,,,,,,,,0,0,-1001,3,4,2,,,,,
1790036422.136526,ATTITUDE,,,,,,,,,,,,,,,0.0009773181518539786,0.002139685209840536,-2.352388858795166,,
1790036422.1383505,RAW_IMU,,,,,,,,,0,0,-1001,3,4,2,,,,,
1790036422.1629703,GLOBAL_POSITION_INT,-35.3609108,149.168039,585.18,3.97,0.03,0.0,0.49,225.22,,,,,,,,,,,
1790036422.1644957,GPS_RAW_INT,,,,,,,,,,,,,,,,,,6,10
1790036422.166505,ATTITUDE,,,,,,,,,,,,,,,0.0009786902228370309,0.002156259957700968,-2.352393388748169,,
1790036422.168483,RAW_IMU,,,,,,,,,0,0,-1001,3,4,2,,,,,
1790036422.172123,ATTITUDE,,,,,,,,,,,,,,,0.0009791326010599732,0.0021738451905548573,-2.3523967266082764,,
1790036422.1734226,RAW_IMU,,,,,,,,,0,0,-1001,3,4,2,,,,,
1790036422.1914012,ATTITUDE,,,,,,,,,,,,,,,0.000979692442342639,0.0021909973584115505,-2.3524017333984375,,
1790036422.1929493,RAW_IMU,,,,,,,,,0,0,-1001,3,4,2,,,,,
1790036422.2116473,ATTITUDE,,,,,,,,,,,,,,,0.0009815542725846171,0.0022076645400375128,-2.352405071258545,,
1790036422.2122433,RAW_IMU,,,,,,,,,0,0,-1001,3,4,2,,,,,
1790036422.232217,ATTITUDE,,,,,,,,,,,,,,,0.0009837510297074914,0.0022432671394199133,-2.352407455444336,,
1790036422.2335367,RAW_IMU,,,,,,,,,0,0,-1001,3,4,2,,,,,
1790036422.253406,GLOBAL_POSITION_INT,-35.3609108,149.168039,585.13,3.92,0.03,0.0,0.49,225.22,,,,,,,,,,,
1790036422.2549746,GPS_RAW_INT,,,,,,,,,,,,,,,,,,6,10
1790036422.2561393,ATTITUDE,,,,,,,,,,,,,,,0.0009882634039968252,0.002277524210512638,-2.352409839630127,,
1790036422.2580698,RAW_IMU,,,,,,,,,0,0,-1001,3,4,2,,,,,
1790036422.2744033,ATTITUDE,,,,,,,,,,,,,,,0.0009934689151123166,0.0023121361155062914,-2.3524117469787598,,
1790036422.275906,RAW_IMU,,,,,,,,,0,0,-1001,3,4,2,,,,,
1790036422.2950273,ATTITUDE,,,,,,,,,,,,,,,0.00099853309802711,0.002345078159123659,-2.352414131164551,,
1790036422.2963605,RAW_IMU,,,,,,,,,0,0,-1001,3,4,2,,,,,
1790036422.3149173,ATTITUDE,,,,,,,,,,,,,,,0.0009974687127396464,0.0023722746409475803,-2.352417469024658,,
1790036422.3163886,RAW_IMU,,,,,,,,,0,0,-1001,3,4,2,,,,,
1790036422.3344684,ATTITUDE,,,,,,,,,,,,,,,0.0009972729021683335,0.0023986489977687597,-2.3524179458618164,,
1790036422.3360555,RAW_IMU,,,,,,,,,0,0,-1001,3,4,2,,,,,
1790036422.3542871,GLOBAL_POSITION_INT,-35.3609108,149.168039,585.08,3.87,0.03,0.0,0.49,225.22,,,,,,,,,,,
1790036422.3561265,GPS_RAW_INT,,,,,,,,,,,,,,,,,,6,10
1790036422.3577592,ATTITUDE,,,,,,,,,,,,,,,0.000996715622022748,0.002424399135634303,-2.352419376373291,,
1790036422.3587987,RAW_IMU,,,,,,,,,0,0,-1001,3,4,2,,,,,
1790036422.3742526,ATTITUDE,,,,,,,,,,,,,,,0.001034848508425057,0.002449359279125929,-2.3524203300476074,,
1790036422.3756242,RAW_IMU,,,,,,,,,0,0,-1000,4,4,2,,,,,
1790036422.4155385,ATTITUDE,,,,,,,,,,,,,,,0.0010889050317928195,0.0024732686579227448,-2.352423667907715,,
1790036422.4165425,RAW_IMU,,,,,,,,,0,0,-1001,6,4,2,,,,,
1790036422.4180605,ATTITUDE,,,,,,,,,,,,,,,0.0011411320883780718,0.002496853470802307,-2.3524253368377686,,
1790036422.419037,RAW_IMU,,,,,,,,,0,0,-1001,5,4,2,,,,,
1790036422.435159,ATTITUDE,,,,,,,,,,,,,,,0.001192560768686235,0.002520716516301036,-2.3524253368377686,,
1790036422.436457,RAW_IMU,,,,,,,,,0,0,-1001,5,4,2,,,,,
1790036422.4492457,GLOBAL_POSITION_INT,-35.3609108,149.168039,585.03,3.82,0.03,0.0,0.49,225.22,,,,,,,,,,,
1790036422.4501383,GPS_RAW_INT,,,,,,,,,,,,,,,,,,6,10
1790036422.4548767,ATTITUDE,,,,,,,,,,,,,,,0.0012424725573509932,0.002543314825743437,-2.352424383163452,,
1790036422.4560728,RAW_IMU,,,,,,,,,0,0,-1001,5,4,2,,,,,
1790036422.4749293,ATTITUDE,,,,,,,,,,,,,,,0.0012908581411466002,0.0025660416577011347,-2.352421998977661,,
1790036422.4764905,RAW_IMU,,,,,,,,,0,0,-1001,5,4,2,,,,,
1790036422.4950995,ATTITUDE,,,,,,,,,,,,,,,0.001338608912192285,0.0025882089976221323,-2.3524224758148193,,
1790036422.496244,RAW_IMU,,,,,,,,,0,0,-1000,5,4,2,,,,,
1790036422.5149956,ATTITUDE,,,,,,,,,,,,,,,0.0013788302894681692,0.0026041839737445116,-2.352424144744873,,
1790036422.5161798,RAW_IMU,,,,,,,,,0,0,-1001,5,4,2,,,,,
1790036422.534244,ATTITUDE,,,,,,,,,,,,,,,0.0014183538733050227,0.002621488645672798,-2.3524250984191895,,
1790036422.5356562,RAW_IMU,,,,,,,,,0,0,-1001,5,4,2,,,,,
1790036422.5540729,GLOBAL_POSITION_INT,-35.3609108,149.168039,584.98,3.77,0.03,0.0,0.49,225.22,,,,,,,,,,,
1790036422.5556479,GPS_RAW_INT,,,,,,,,,,,,,,,,,,6,10
1790036422.5569248,ATTITUDE,,,,,,,,,,,,,,,0.0014556816313415766,0.0026390361599624157,-2.3524234294891357,,
1790036422.558362,RAW_IMU,,,,,,,,,0,0,-1001,5,4,2,,,,,
1790036422.5740774,ATTITUDE,,,,,,,,,,,,,,,0.0014929315075278282,0.002655260730534792,-2.352421998977661,,
1790036422.575959,RAW_IMU,,,,,,,,,0,0,-1001,5,4,2,,,,,
1790036422.5943232,ATTITUDE,,,,,,,,,,,,,,,0.0015295558841899037,0.002671636873856187,-2.3524231910705566,,
1790036422.5956118,RAW_IMU,,,,,,,,,0,0,-1001,5,4,2,,,,,
1790036422.6147363,ATTITUDE,,,,,,,,,,,,,,,0.0015753651969134808,0.0026861471123993397,-2.352421760559082,,
1790036422.616579,RAW_IMU,,,,,,,,,0,0,-1001,5,3,2,,,,,
1790036422.6351612,ATTITUDE,,,,,,,,,,,,,,,0.001629140693694353,0.0027026101015508175,-2.3524200916290283,,
1790036422.6361861,RAW_IMU,,,,,,,,,0,0,-1001,5,3,2,,,,,
1790036422.660904,GLOBAL_POSITION_INT,-35.3609108,149.168039,584.93,3.72,0.03,0.0,0.49,225.22,,,,,,,,,,,
1790036422.6620193,GPS_RAW_INT,,,,,,,,,,,,,,,,,,6,10
1790036422.6631281,ATTITUDE,,,,,,,,,,,,,,,0.0016811597160995007,0.002718716859817505,-2.352417230606079,,
1790036422.6641912,RAW_IMU,,,,,,,,,0,0,-1001,5,3,2,,,,,
1790036422.676214,ATTITUDE,,,,,,,,,,,,,,,0.0017304058419540524,0.0027363013941794634,-2.3524138927459717,,
1790036422.677182,RAW_IMU,,,,,,,,,0,0,-1001,5,3,2,,,,,
1790036422.696398,ATTITUDE,,,,,,,,,,,,,,,0.001776020391844213,0.0027515387628227472,-2.352412223815918,,
1790036422.6974845,RAW_IMU,,,,,,,,,0,0,-1001,5,3,2,,,,,
1790036422.7164268,ATTITUDE,,,,,,,,,,,,,,,0.0017663472099229693,0.002762558637186885,-2.3524131774902344,,
1790036422.7178621,RAW_IMU,,,,,,,,,0,0,-1000,2,3,2,,,,,
1790036422.7314856,ATTITUDE,,,,,,,,,,,,,,,0.0018116177525371313,0.0027744986582547426,-2.3524160385131836,,
1790036422.7335787,RAW_IMU,,,,,,,,,0,0,-1000,5,3,2,,,,,
1790036422.7520423,GLOBAL_POSITION_INT,-35.3609108,149.168039,584.88,3.67,0.03,0.0,0.49,225.22,,,,,,,,,,,
1790036422.7531617,GPS_RAW_INT,,,,,,,,,,,,,,,,,,6,10
1790036422.755413,ATTITUDE,,,,,,,,,,,,,,,0.001790950889699161,0.00275787222199142,-2.352419853210449,,
1790036422.7569406,RAW_IMU,,,,,,,,,0,0,-1001,2,2,2,,,,,
1790036422.7714562,ATTITUDE,,,,,,,,,,,,,,,0.0018498681019991636,0.002796547021716833,-2.3524296283721924,,
1790036422.77247,RAW_IMU,,,,,,,,,0,0,-1001,5,5,2,,,,,
1790036422.7917356,ATTITUDE,,,,,,,,,,,,,,,0.0018318344373255968,0.002762624528259039,-2.3524482250213623,,
1790036422.7931092,RAW_IMU,,,,,,,,,0,0,-1001,2,1,2,,,,,
1790036422.8118765,ATTITUDE,,,,,,,,,,,,,,,0.0018909696955233812,0.002802088623866439,-2.352468967437744,,
1790036422.8131437,RAW_IMU,,,,,,,,,0,0,-1001,5,4,1,,,,,
1790036422.8325355,ATTITUDE,,,,,,,,,,,,,,,0.001885929610580206,0.002760752569884062,-2.352491855621338,,
1790036422.8341625,RAW_IMU,,,,,,,,,0,0,-1001,3,1,1,,,,,
1790036422.8526652,GLOBAL_POSITION_INT,-35.3609108,149.168039,584.83,3.62,0.03,0.0,0.49,225.22,,,,,,,,,,,
1790036422.8536286,GPS_RAW_INT,,,,,,,,,,,,,,,,,,6,10
1790036422.8557239,ATTITUDE,,,,,,,,,,,,,,,0.0019236779771745205,0.0027970827650278807,-2.3525171279907227,,
1790036422.8565166,RAW_IMU,,,,,,,,,0,0,-1000,4,4,1,,,,,
1790036422.8721406,ATTITUDE,,,,,,,,,,,,,,,0.0019491715356707573,0.002764482982456684,-2.3525450229644775,,
1790036422.873274,RAW_IMU,,,,,,,,,0,0,-1000,4,1,1,,,,,
1790036422.9093964,ATTITUDE,,,,,,,,,,,,,,,0.0019358416320756078,0.0027613751590251923,-2.352576494216919,,
1790036422.9099126,RAW_IMU,,,,,,,,,0,0,-1001,2,2,1,,,,,
1790036422.911944,ATTITUDE,,,,,,,,,,,,,,,0.0019155051559209824,0.002771476749330759,-2.352606773376465,,
1790036422.9128225,RAW_IMU,,,,,,,,,0,0,-1001,2,3,1,,,,,
1790036422.9317067,ATTITUDE,,,,,,,,,,,,,,,0.0018969187512993813,0.002781533868983388,-2.352635622024536,,
1790036422.9332292,RAW_IMU,,,,,,,,,0,0,-1001,2,3,1,,,,,
1790036422.9525247,GLOBAL_POSITION_INT,-35.3609108,149.168039,584.78,3.57,0.03,0.0,0.49,225.21,,,,,,,,,,,
1790036422.9538581,GPS_RAW_INT,,,,,,,,,,,,,,,,,,6,10
1790036422.9551735,ATTITUDE,,,,,,,,,,,,,,,0.0018796457443386316,0.0027918308041989803,-2.352660894393921,,
1790036422.9560719,RAW_IMU,,,,,,,,,0,0,-1001,2,3,1,,,,,
1790036422.9714556,ATTITUDE,,,,,,,,,,,,,,,0.0018636973109096289,0.0028020713943988085,-2.3526856899261475,,
1790036422.972712,RAW_IMU,,,,,,,,,0,0,-1001,2,3,1,,,,,
1790036422.9957297,ATTITUDE,,,,,,,,,,,,,,,0.0018484292086213827,0.0028112109284847975,-2.3527116775512695,,
1790036422.996652,RAW_IMU,,,,,,,,,0,0,-1001,2,3,1,,,,,
1790036423.0157108,ATTITUDE,,,,,,,,,,,,,,,0.0018340778769925237,0.0028212463948875666,-2.3527355194091797,,
1790036423.016794,RAW_IMU,,,,,,,,,0,0,-1001,2,3,1,,,,,
1790036423.036541,ATTITUDE,,,,,,,,,,,,,,,0.0018217196920886636,0.0028319559060037136,-2.3527562618255615,,
1790036423.0380926,RAW_IMU,,,,,,,,,0,0,-1001,2,3,1,,,,,
1790036423.0505764,GLOBAL_POSITION_INT,-35.3609108,149.168039,584.73,3.52,0.03,0.0,0.49,225.2,,,,,,,,,,,
1790036423.0511458,GPS_RAW_INT,,,,,,,,,,,,,,,,,,6,10
1790036423.0536456,ATTITUDE,,,,,,,,,,,,,,,0.0018099984154105186,0.0028427857905626297,-2.3527750968933105,,
1790036423.0549877,RAW_IMU,,,,,,,,,0,0,-1001,2,3,1,,,,,
1790036423.071114,ATTITUDE,,,,,,,,,,,,,,,0.0018001944990828633,0.0028530731797218323,-2.352792739868164,,
1790036423.072406,RAW_IMU,,,,,,,,,0,0,-1001,2,3,1,,,,,
1790036423.0956533,ATTITUDE,,,,,,,,,,,,,,,0.001791316899470985,0.0028634946793317795,-2.352810859680176,,
1790036423.096892,RAW_IMU,,,,,,,,,0,0,-1001,2,3,1,,,,,
1790036423.1155112,ATTITUDE,,,,,,,,,,,,,,,0.001777951605618,0.0028692421037703753,-2.352830410003662,,
1790036423.1166315,RAW_IMU,,,,,,,,,0,0,-1001,2,3,1,,,,,
1790036423.1357431,ATTITUDE,,,,,,,,,,,,,,,0.0017649943474680185,0.0028758388943970203,-2.352847099304199,,
1790036423.1373866,RAW_IMU,,,,,,,,,0,0,-1001,2,3,1,,,,,
1790036423.1656704,GLOBAL_POSITION_INT,-35.3609108,149.168039,584.68,3.47,0.03,0.0,0.49,225.2,,,,,,,,,,,
1790036423.1664803,GPS_RAW_INT,,,,,,,,,,,,,,,,,,6,10
1790036423.1668472,ATTITUDE,,,,,,,,,,,,,,,0.0017528921598568559,0.002883046166971326,-2.3528614044189453,,
1790036423.168003,RAW_IMU,,,,,,,,,0,0,-1001,2,3,2,,,,,
1790036423.171863,ATTITUDE,,,,,,,,,,,,,,,0.0017423835815861821,0.0028889020904898643,-2.3528754711151123,,
1790036423.1733634,RAW_IMU,,,,,,,,,0,0,-1001,2,3,2,,,,,
1790036423.1926587,ATTITUDE,,,,,,,,,,,,,,,0.001731893396936357,0.0028954411391168833,-2.352891683578491,,
1790036423.1939538,RAW_IMU,,,,,,,,,0,0,-1001,2,3,2,,,,,
1790036423.2119505,ATTITUDE,,,,,,,,,,,,,,,0.0017232995014637709,0.0029008686542510986,-2.352905511856079,,
1790036423.213426,RAW_IMU,,,,,,,,,0,0,-1001,2,3,2,,,,,
1790036423.2321556,ATTITUDE,,,,,,,,,,,,,,,0.001715631689876318,0.002907872200012207,-2.3529176712036133,,
1790036423.2333877,RAW_IMU,,,,,,,,,0,0,-1001,2,3,2,,,,,
1790036423.252726,GLOBAL_POSITION_INT,-35.3609108,149.168039,584.63,3.42,0.03,0.0,0.49,225.19,,,,,,,,,,,
1790036423.254357,GPS_RAW_INT,,,,,,,,,,,,,,,,,,6,10
1790036423.2558954,ATTITUDE,,,,,,,,,,,,,,,0.0017084818100556731,0.002897774800658226,-2.35292649269104,,
1790036423.2570872,RAW_IMU,,,,,,,,,0,0,-1001,2,2,2,,,,,
1790036423.2734869,ATTITUDE,,,,,,,,,,,,,,,0.0017028468428179622,0.002869313582777977,-2.3529374599456787,,
1790036423.2756057,RAW_IMU,,,,,,,,,0,0,-1001,2,1,2,,,,,
1790036423.2938728,ATTITUDE,,,,,,,,,,,,,,,0.0016975667094811797,0.0028430051170289516,-2.352949380874634,,
1790036423.2949536,RAW_IMU,,,,,,,,,0,0,-1001,2,1,2,,,,,
1790036423.313615,ATTITUDE,,,,,,,,,,,,,,,0.0016873576678335667,0.00281280349008739,-2.352961301803589,,
1790036423.314895,RAW_IMU,,,,,,,,,0,0,-1001,2,1,2,,,,,
1790036423.3338602,ATTITUDE,,,,,,,,,,,,,,,0.0016764641040936112,0.002783591393381357,-2.352970838546753,,
1790036423.3354833,RAW_IMU,,,,,,,,,0,0,-1001,2,1,2,,,,,
1790036423.3544228,GLOBAL_POSITION_INT,-35.3609108,149.168039,584.58,3.37,0.03,0.0,0.49,225.19,,,,,,,,,,,
1790036423.3561509,GPS_RAW_INT,,,,,,,,,,,,,,,,,,6,10
1790036423.357188,ATTITUDE,,,,,,,,,,,,,,,0.001666937954723835,0.0027566617354750633,-2.3529796600341797,,
1790036423.3583994,RAW_IMU,,,,,,,,,0,0,-1001,2,1,2,,,,,
1790036423.3750975,ATTITUDE,,,,,,,,,,,,,,,0.0016587931895628572,0.0027305902913212776,-2.352987766265869,,
1790036423.37632,RAW_IMU,,,,,,,,,0,0,-1001,2,1,2,,,,,
1790036423.415304,ATTITUDE,,,,,,,,,,,,,,,0.0016516952309757471,0.0027061677537858486,-2.352996826171875,,
1790036423.4158368,RAW_IMU,,,,,,,,,0,0,-1001,2,2,2,,,,,
1790036423.4179697,ATTITUDE,,,,,,,,,,,,,,,0.001644855015911162,0.002683620434254408,-2.3530046939849854,,
1790036423.4193904,RAW_IMU,,,,,,,,,0,0,-1001,2,2,2,,,,,
1790036423.4360695,ATTITUDE,,,,,,,,,,,,,,,0.0016410105163231492,0.0026627019979059696,-2.3530123233795166,,
1790036423.4379897,RAW_IMU,,,,,,,,,0,0,-1001,2,2,2,,,,,
1790036423.449879,GLOBAL_POSITION_INT,-35.3609108,149.168039,584.53,3.32,0.03,0.0,0.49,225.19,,,,,,,,,,,
1790036423.4517584,GPS_RAW_INT,,,,,,,,,,,,,,,,,,6,10
1790036423.4556127,ATTITUDE,,,,,,,,,,,,,,,0.0016370355151593685,0.002642447594553232,-2.3530170917510986,,
1790036423.4569592,RAW_IMU,,,,,,,,,0,0,-1001,2,2,2,,,,,
1790036423.4770362,ATTITUDE,,,,,,,,,,,,,,,0.0016344847390428185,0.0026233720127493143,-2.3530213832855225,,
1790036423.4783127,RAW_IMU,,,,,,,,,0,0,-1001,2,2,2,,,,,
1790036423.4929645,ATTITUDE,,,,,,,,,,,,,,,0.0016331684309989214,0.002591699594631791,-2.353027582168579,,
1790036423.4939835,RAW_IMU,,,,,,,,,0,0,-1001,2,1,2,,,,,
1790036423.5150154,ATTITUDE,,,,,,,,,,,,,,,0.0016252993373200297,0.002534931991249323,-2.353034734725952,,
1790036423.5163388,RAW_IMU,,,,,,,,,0,0,-1001,2,0,2,,,,,
1790036423.5362475,ATTITUDE,,,,,,,,,,,,,,,0.0016180961392819881,0.002480362541973591,-2.3530385494232178,,
1790036423.5375195,RAW_IMU,,,,,,,,,0,0,-1001,2,0,2,,,,,
1790036423.5505729,GLOBAL_POSITION_INT,-35.3609108,149.168039,584.48,3.27,0.03,0.0,0.49,225.19,,,,,,,,,,,
1790036423.5531518,GPS_RAW_INT,,,,,,,,,,,,,,,,,,6,10
1790036423.5572634,ATTITUDE,,,,,,,,,,,,,,,0.0016121544176712632,0.0024285742547363043,-2.353040933609009,,
1790036423.5584898,RAW_IMU,,,,,,,,,0,0,-1001,2,0,2,,,,,
1790036423.5721223,ATTITUDE,,,,,,,,,,,,,,,0.0016065266681835055,0.0023785310331732035,-2.353045701980591,,
1790036423.5738354,RAW_IMU,,,,,,,,,0,0,-1001,2,0,2,,,,,
1790036423.592216,ATTITUDE,,,,,,,,,,,,,,,0.001601291005499661,0.0023297579027712345,-2.353050708770752,,
1790036423.5934348,RAW_IMU,,,,,,,,,0,0,-1001,2,0,2,,,,,
1790036423.6121774,ATTITUDE,,,,,,,,,,,,,,,0.001595909590832889,0.00228402903303504,-2.353055000305176,,
1790036423.6141195,RAW_IMU,,,,,,,,,0,0,-1001,2,0,2,,,,,
1790036423.6331553,ATTITUDE,,,,,,,,,,,,,,,0.0015928744105622172,0.002240083646029234,-2.353058338165283,,
1790036423.6352267,RAW_IMU,,,,,,,,,0,0,-1001,2,0,2,,,,,
1790036423.6668158,GLOBAL_POSITION_INT,-35.3609108,149.168039,584.43,3.22,0.03,0.0,0.49,225.18,,,,,,,,,,,
1790036423.669813,GPS_RAW_INT,,,,,,,,,,,,,,,,,,6,10
1790036423.6701772,ATTITUDE,,,,,,,,,,,,,,,0.0015912267845124006,0.002200428629294038,-2.3530595302581787,,
1790036423.6723373,RAW_IMU,,,,,,,,,0,0,-1001,3,1,2,,,,,
1790036423.6769912,ATTITUDE,,,,,,,,,,,,,,,0.001593857305124402,0.0021613917779177427,-2.353060007095337,,
1790036423.679167,RAW_IMU,,,,,,,,,0,0,-1001,3,1,2,,,,,
1790036423.6924124,ATTITUDE,,,,,,,,,,,,,,,0.0016261987620964646,0.0021236171014606953,-2.3530640602111816,,
1790036423.693408,RAW_IMU,,,,,,,,,0,0,-1000,4,1,2,,,,,
1790036423.713044,ATTITUDE,,,,,,,,,,,,,,,0.0016196221113204956,0.002084865001961589,-2.3530685901641846,,
1790036423.7146795,RAW_IMU,,,,,,,,,0,0,-1000,2,1,2,,,,,
1790036423.7327695,ATTITUDE,,,,,,,,,,,,,,,0.0016557996859773993,0.0020487457513809204,-2.3530752658843994,,
1790036423.7342622,RAW_IMU,,,,,,,,,0,0,-1000,5,1,2,,,,,
1790036423.7539482,GLOBAL_POSITION_INT,-35.3609108,149.168039,584.38,3.17,0.03,0.0,0.49,225.18,,,,,,,,,,,
1790036423.7551913,GPS_RAW_INT,,,,,,,,,,,,,,,,,,6,10
1790036423.7565594,ATTITUDE,,,,,,,,,,,,,,,0.0016403287881985307,0.002010829048231244,-2.353081226348877,,
1790036423.7584195,RAW_IMU,,,,,,,,,0,0,-1000,2,1,2,,,,,
1790036423.7748387,ATTITUDE,,,,,,,,,,,,,,,0.0016951083671301603,0.0019585781265050173,-2.3530900478363037,,
1790036423.7763677,RAW_IMU,,,,,,,,,0,0,-1000,5,0,2,,,,,
1790036423.795209,ATTITUDE,,,,,,,,,,,,,,,0.0016874223947525024,0.0019082516664639115,-2.3531031608581543,,
1790036423.7964487,RAW_IMU,,,,,,,,,0,0,-1001,3,0,2,,,,,
1790036423.8158064,ATTITUDE,,,,,,,,,,,,,,,0.0016986140981316566,0.0018609167309477925,-2.3531148433685303,,
1790036423.8167522,RAW_IMU,,,,,,,,,0,0,-1001,3,0,2,,,,,
1790036423.8372257,ATTITUDE,,,,,,,,,,,,,,,0.0017093875212594867,0.0018173352582380176,-2.353125810623169,,
1790036423.8379242,RAW_IMU,,,,,,,,,0,0,-1001,3,0,2,,,,,
1790036423.8526306,GLOBAL_POSITION_INT,-35.3609107,149.168039,584.33,3.12,0.03,0.0,0.49,225.18,,,,,,,,,,,
1790036423.853838,GPS_RAW_INT,,,,,,,,,,,,,,,,,,6,10
1790036423.8562284,ATTITUDE,,,,,,,,,,,,,,,0.001720330212265253,0.0017761961789801717,-2.3531339168548584,,
1790036423.857535,RAW_IMU,,,,,,,,,0,0,-1001,3,1,2,,,,,
1790036423.872471,ATTITUDE,,,,,,,,,,,,,,,0.0017317854799330235,0.001737177837640047,-2.3531413078308105,,
1790036423.8741298,RAW_IMU,,,,,,,,,0,0,-1001,3,1,2,,,,,
1790036423.9144108,ATTITUDE,,,,,,,,,,,,,,,0.0017428066348657012,0.001698942738585174,-2.3531525135040283,,
1790036423.9154332,RAW_IMU,,,,,,,,,0,0,-1001,3,1,2,,,,,
1790036423.9164276,ATTITUDE,,,,,,,,,,,,,,,0.0017486846772953868,0.001657887827605009,-2.3531627655029297,,
1790036423.917625,RAW_IMU,,,,,,,,,0,0,-1001,3,1,2,,,,,
1790036423.932897,ATTITUDE,,,,,,,,,,,,,,,0.001754556898958981,0.0016194885829463601,-2.353170871734619,,
1790036423.9339185,RAW_IMU,,,,,,,,,0,0,-1001,3,1,2,,,,,
1790036423.952983,GLOBAL_POSITION_INT,-35.3609107,149.168039,584.28,3.07,0.03,0.0,0.49,225.18,,,,,,,,,,,
1790036423.9541163,GPS_RAW_INT,,,,,,,,,,,,,,,,,,6,10
1790036423.9551911,ATTITUDE,,,,,,,,,,,,,,,0.0017604510067030787,0.0015837990213185549,-2.353177309036255,,
1790036423.9563453,RAW_IMU,,,,,,,,,0,0,-1001,3,1,2,,,,,
1790036423.9732847,ATTITUDE,,,,,,,,,,,,,,,0.001766370376572013,0.001549291075207293,-2.353182554244995,,
1790036423.9746718,RAW_IMU,,,,,,,,,0,0,-1001,3,1,2,,,,,
1790036423.9933844,ATTITUDE,,,,,,,,,,,,,,,0.0017734157154336572,0.0015155852306634188,-2.3531899452209473,,
1790036423.9944031,RAW_IMU,,,,,,,,,0,0,-1001,3,1,2,,,,,
1790036424.0134475,ATTITUDE,,,,,,,,,,,,,,,0.0017793168080970645,0.001483093947172165,-2.3531970977783203,,
1790036424.0143614,RAW_IMU,,,,,,,,,0,0,-1001,3,1,2,,,,,
1790036424.0334063,ATTITUDE,,,,,,,,,,,,,,,0.001786745386198163,0.0014540109550580382,-2.3532018661499023,,
1790036424.03434,RAW_IMU,,,,,,,,,0,0,-1001,3,1,2,,,,,
1790036424.054322,GLOBAL_POSITION_INT,-35.3609107,149.168039,584.23,3.02,0.03,0.0,0.49,225.18,,,,,,,,,,,
1790036424.055229,GPS_RAW_INT,,,,,,,,,,,,,,,,,,6,10
1790036424.0579622,ATTITUDE,,,,,,,,,,,,,,,0.001794524840079248,0.001427060691639781,-2.3532052040100098,,
1790036424.0590944,RAW_IMU,,,,,,,,,0,0,-1001,3,1,2,,,,,
1790036424.074216,ATTITUDE,,,,,,,,,,,,,,,0.0018043650779873133,0.0014008395373821259,-2.353206157684326,,
1790036424.0752244,RAW_IMU,,,,,,,,,0,0,-1001,3,1,2,,,,,
1790036424.094378,ATTITUDE,,,,,,,,,,,,,,,0.0018147596856579185,0.0013760144356638193,-2.3532097339630127,,
1790036424.0955362,RAW_IMU,,,,,,,,,0,0,-1001,3,1,2,,,,,
1790036424.1142673,ATTITUDE,,,,,,,,,,,,,,,0.0018183442298322916,0.0013476319145411253,-2.353214979171753,,
1790036424.1153638,RAW_IMU,,,,,,,,,0,0,-1001,3,1,2,,,,,
1790036424.134595,ATTITUDE,,,,,,,,,,,,,,,0.001821414683945477,0.0013212263584136963,-2.3532187938690186,,
1790036424.136021,RAW_IMU,,,,,,,,,0,0,-1001,3,1,2,,,,,
1790036424.1664433,GLOBAL_POSITION_INT,-35.3609107,149.168039,584.18,2.97,0.03,0.0,0.49,225.18,,,,,,,,,,,
1790036424.1673617,GPS_RAW_INT,,,,,,,,,,,,,,,,,,6,10
1790036424.1686783,ATTITUDE,,,,,,,,,,,,,,,0.0018255619797855616,0.0012968520168215036,-2.3532214164733887,,
1790036424.169792,RAW_IMU,,,,,,,,,0,0,-1001,3,2,2,,,,,
1790036424.1745944,ATTITUDE,,,,,,,,,,,,,,,0.0018305385019630194,0.0012737748911604285,-2.353222608566284,,
1790036424.175859,RAW_IMU,,,,,,,,,0,0,-1001,3,2,2,,,,,
1790036424.1947446,ATTITUDE,,,,,,,,,,,,,,,0.0018369817407801747,0.001252210815437138,-2.353226900100708,,
1790036424.1962106,RAW_IMU,,,,,,,,,0,0,-1001,3,2,2,,,,,
1790036424.2148142,ATTITUDE,,,,,,,,,,,,,,,0.0018423591973260045,0.0012315524509176612,-2.3532297611236572,,
1790036424.2156284,RAW_IMU,,,,,,,,,0,0,-1001,3,2,2,,,,,
1790036424.2350943,ATTITUDE,,,,,,,,,,,,,,,0.0018475023098289967,0.0012120513711124659,-2.353231906890869,,
1790036424.2366126,RAW_IMU,,,,,,,,,0,0,-1001,3,2,2,,,,,
1790036424.2547054,GLOBAL_POSITION_INT,-35.3609107,149.168039,584.13,2.92,0.03,0.0,0.49,225.17,,,,,,,,,,,
1790036424.256184,GPS_RAW_INT,,,,,,,,,,,,,,,,,,6,10
1790036424.2574124,ATTITUDE,,,,,,,,,,,,,,,0.0018544504418969154,0.0011942681157961488,-2.353231191635132,,
1790036424.2587771,RAW_IMU,,,,,,,,,0,0,-1001,3,2,2,,,,,
1790036424.275047,ATTITUDE,,,,,,,,,,,,,,,0.0018621596973389387,0.0011779569322243333,-2.353228807449341,,
1790036424.2761755,RAW_IMU,,,,,,,,,0,0,-1001,3,2,2,,,,,
1790036424.2950516,ATTITUDE,,,,,,,,,,,,,,,0.0018658277112990618,0.0011625357437878847,-2.3532299995422363,,
1790036424.2970686,RAW_IMU,,,,,,,,,0,0,-1001,3,2,2,,,,,
1790036424.3147092,ATTITUDE,,,,,,,,,,,,,,,0.0018536151619628072,0.0011438330402597785,-2.3532345294952393,,
1790036424.316589,RAW_IMU,,,,,,,,,0,0,-1000,2,2,2,,,,,
1790036424.3354986,ATTITUDE,,,,,,,,,,,,,,,0.0018091481178998947,0.0011262551415711641,-2.353240489959717,,
1790036424.3363826,RAW_IMU,,,,,,,,,0,0,-1000,1,2,2,,,,,
1790036424.3499851,GLOBAL_POSITION_INT,-35.3609107,149.168039,584.08,2.87,0.03,0.0,0.49,225.17,,,,,,,,,,,
1790036424.3510346,GPS_RAW_INT,,,,,,,,,,,,,,,,,,6,10
1790036424.3559582,ATTITUDE,,,,,,,,,,,,,,,0.00180960597936064,0.0011097303358837962,-2.353248119354248,,
1790036424.357119,RAW_IMU,,,,,,,,,0,0,-1000,2,2,2,,,,,
1790036424.3762934,ATTITUDE,,,,,,,,,,,,,,,0.0017567322356626391,0.0010938032064586878,-2.353256940841675,,
1790036424.378112,RAW_IMU,,,,,,,,,0,0,-1000,0,2,2,,,,,
1790036424.41846,ATTITUDE,,,,,,,,,,,,,,,0.0017717579612508416,0.0010787510545924306,-2.353269577026367,,
1790036424.419051,RAW_IMU,,,,,,,,,0,0,-1000,3,2,2,,,,,
1790036424.420455,ATTITUDE,,,,,,,,,,,,,,,0.0017345634987577796,0.0010642118286341429,-2.3532824516296387,,
1790036424.4223528,RAW_IMU,,,,,,,,,0,0,-1000,1,2,2,,,,,
1790036424.4354799,ATTITUDE,,,,,,,,,,,,,,,0.0017450685845687985,0.001050652121193707,-2.3532955646514893,,
1790036424.436796,RAW_IMU,,,,,,,,,0,0,-1000,3,2,2,,,,,
1790036424.4501054,GLOBAL_POSITION_INT,-35.3609107,149.168039,584.03,2.82,0.03,0.0,0.49,225.17,,,,,,,,,,,
1790036424.4512396,GPS_RAW_INT,,,,,,,,,,,,,,,,,,6,10
1790036424.455693,ATTITUDE,,,,,,,,,,,,,,,0.0017357284668833017,0.0010397423757240176,-2.3533084392547607,,
1790036424.4576862,RAW_IMU,,,,,,,,,0,0,-1000,2,2,2,,,,,
1790036424.4756496,ATTITUDE,,,,,,,,,,,,,,,0.0017107923049479723,0.0010296946857124567,-2.3533196449279785,,
1790036424.476803,RAW_IMU,,,,,,,,,0,0,-1001,1,2,2,,,,,
1790036424.4957945,ATTITUDE,,,,,,,,,,,,,,,0.0016885065706446767,0.0010197984520345926,-2.353334426879883,,
1790036424.4992418,RAW_IMU,,,,,,,,,0,0,-1001,1,2,2,,,,,
1790036424.5156963,ATTITUDE,,,,,,,,,,,,,,,0.0016595835331827402,0.0010058431653305888,-2.3533475399017334,,
1790036424.5170496,RAW_IMU,,,,,,,,,0,0,-1001,1,2,2,,,,,
1790036424.5356822,ATTITUDE,,,,,,,,,,,,,,,0.001633451203815639,0.0009933199035003781,-2.353358745574951,,
1790036424.5369666,RAW_IMU,,,,,,,,,0,0,-1001,1,2,2,,,,,
1790036424.5498064,GLOBAL_POSITION_INT,-35.3609107,149.168039,583.98,2.77,0.02,0.0,0.49,225.17,,,,,,,,,,,
1790036424.5506456,GPS_RAW_INT,,,,,,,,,,,,,,,,,,6,10
1790036424.555459,ATTITUDE,,,,,,,,,,,,,,,0.0016090949065983295,0.0009823349537327886,-2.353369951248169,,
1790036424.557271,RAW_IMU,,,,,,,,,0,0,-1001,2,2,2,,,,,
1790036424.575546,ATTITUDE,,,,,,,,,,,,,,,0.0015874226810410619,0.0009720886591821909,-2.353379249572754,,
1790036424.5772426,RAW_IMU,,,,,,,,,0,0,-1001,2,2,2,,,,,
1790036424.595609,ATTITUDE,,,,,,,,,,,,,,,0.0015653284499421716,0.0009624974336475134,-2.3533904552459717,,
1790036424.5964339,RAW_IMU,,,,,,,,,0,0,-1001,2,2,2,,,,,
1790036424.6147509,ATTITUDE,,,,,,,,,,,,,,,0.0015456478577107191,0.0009531747782602906,-2.3533995151519775,,
1790036424.615493,RAW_IMU,,,,,,,,,0,0,-1001,2,2,2,,,,,
1790036424.6346724,ATTITUDE,,,,,,,,,,,,,,,0.0015255239559337497,0.0009439385030418634,-2.353407382965088,,
1790036424.6356373,RAW_IMU,,,,,,,,,0,0,-1001,2,2,2,,,,,
1790036424.6664624,GLOBAL_POSITION_INT,-35.3609107,149.168039,583.93,2.72,0.02,0.0,0.49,225.16,,,,,,,,,,,
1790036424.66752,GPS_RAW_INT,,,,,,,,,,,,,,,,,,6,10
1790036424.6686282,ATTITUDE,,,,,,,,,,,,,,,0.001507656998001039,0.000936505850404501,-2.3534133434295654,,
1790036424.6695895,RAW_IMU,,,,,,,,,0,0,-1001,2,2,2,,,,,
1790036424.6761675,ATTITUDE,,,,,,,,,,,,,,,0.0014909988967701793,0.0009307122090831399,-2.353419780731201,,
1790036424.677464,RAW_IMU,,,,,,,,,0,0,-1001,2,2,2,,,,,
1790036424.6967547,ATTITUDE,,,,,,,,,,,,,,,0.001476031495258212,0.0009255235199816525,-2.353426694869995,,
1790036424.6983414,RAW_IMU,,,,,,,,,0,0,-1001,2,2,2,,,,,
1790036424.716639,ATTITUDE,,,,,,,,,,,,,,,0.0014561021234840155,0.0009148525423370302,-2.3534345626831055,,
1790036424.717911,RAW_IMU,,,,,,,,,0,0,-1001,2,2,2,,,,,
1790036424.7368374,ATTITUDE,,,,,,,,,,,,,,,0.0014376529725268483,0.0009074059198610485,-2.353440761566162,,
1790036424.738053,RAW_IMU,,,,,,,,,0,0,-1001,2,2,2,,,,,
1790036424.751095,GLOBAL_POSITION_INT,-35.3609107,149.168039,583.88,2.67,0.02,0.0,0.49,225.16,,,,,,,,,,,
1790036424.752363,GPS_RAW_INT,,,,,,,,,,,,,,,,,,6,10
1790036424.7537217,ATTITUDE,,,,,,,,,,,,,,,0.0014198835706338286,0.0008990081842057407,-2.3534462451934814,,
1790036424.754494,RAW_IMU,,,,,,,,,0,0,-1001,2,2,2,,,,,
1790036424.772188,ATTITUDE,,,,,,,,,,,,,,,0.0014031004393473268,0.0008926995215006173,-2.353450059890747,,
1790036424.7742934,RAW_IMU,,,,,,,,,0,0,-1001,2,2,2,,,,,
1790036424.793078,ATTITUDE,,,,,,,,,,,,,,,0.00138833187520504,0.0008851811289787292,-2.3534560203552246,,
1790036424.795144,RAW_IMU,,,,,,,,,0,0,-1001,2,2,2,,,,,
1790036424.812701,ATTITUDE,,,,,,,,,,,,,,,0.0013739204732701182,0.0008788278209976852,-2.3534607887268066,,
1790036424.8141987,RAW_IMU,,,,,,,,,0,0,-1001,2,2,2,,,,,
1790036424.8328736,ATTITUDE,,,,,,,,,,,,,,,0.001360280904918909,0.0008733007707633078,-2.353464365005493,,
1790036424.8339355,RAW_IMU,,,,,,,,,0,0,-1001,2,2,2,,,,,
1790036424.8521035,GLOBAL_POSITION_INT,-35.3609107,149.168039,583.83,2.62,0.02,0.0,0.49,225.16,,,,,,,,,,,
1790036424.853523,GPS_RAW_INT,,,,,,,,,,,,,,,,,,6,10
1790036424.8558893,ATTITUDE,,,,,,,,,,,,,,,0.0013488491531461477,0.0008692320552654564,-2.3534669876098633,,
1790036424.8570378,RAW_IMU,,,,,,,,,0,0,-1001,2,2,2,,,,,
1790036424.872597,ATTITUDE,,,,,,,,,,,,,,,0.0013389467494562268,0.000865817884914577,-2.353466033935547,,
1790036424.87464,RAW_IMU,,,,,,,,,0,0,-1001,2,2,2,,,,,
1790036424.9130054,ATTITUDE,,,,,,,,,,,,,,,0.0013294877717271447,0.000861678970977664,-2.353468179702759,,
1790036424.9139154,RAW_IMU,,,,,,,,,0,0,-1001,2,2,2,,,,,
1790036424.9153385,ATTITUDE,,,,,,,,,,,,,,,0.0013152178144082427,0.0008731913403607905,-2.3534727096557617,,
1790036424.9159892,RAW_IMU,,,,,,,,,0,0,-1001,2,3,2,,,,,
1790036424.9343839,ATTITUDE,,,,,,,,,,,,,,,0.0013019390171393752,0.0009037992567755282,-2.3534767627716064,,
1790036424.9363103,RAW_IMU,,,,,,,,,0,0,-1001,2,4,2,,,,,
1790036424.954617,GLOBAL_POSITION_INT,-35.3609107,149.168039,583.78,2.57,0.02,0.0,0.49,225.16,,,,,,,,,,,
1790036424.9564545,GPS_RAW_INT,,,,,,,,,,,,,,,,,,6,10
1790036424.9579678,ATTITUDE,,,,,,,,,,,,,,,0.0012890747748315334,0.0009335314389318228,-2.3534789085388184,,
1790036424.959191,RAW_IMU,,,,,,,,,0,0,-1001,2,4,2,,,,,
1790036424.9747584,ATTITUDE,,,,,,,,,,,,,,,0.001278237788937986,0.0009620756609365344,-2.3534791469573975,,
1790036424.9761064,RAW_IMU,,,,,,,,,0,0,-1001,2,4,2,,,,,
1790036424.9947488,ATTITUDE,,,,,,,,,,,,,,,0.0012679494684562087,0.000990058179013431,-2.353482723236084,,
1790036424.99582,RAW_IMU,,,,,,,,,0,0,-1001,2,4,2,,,,,
1790036425.0145776,ATTITUDE,,,,,,,,,,,,,,,0.0012586420634761453,0.0010403995402157307,-2.353485584259033,,
1790036425.0155816,RAW_IMU,,,,,,,,,0,0,-1001,2,5,2,,,,,
1790036425.03469,ATTITUDE,,,,,,,,,,,,,,,0.0012505578342825174,0.001102200010791421,-2.353487968444824,,
1790036425.035807,RAW_IMU,,,,,,,,,0,0,-1001,2,6,2,,,,,
1790036425.0545685,GLOBAL_POSITION_INT,-35.3609107,149.168039,583.73,2.52,0.02,0.0,0.49,225.16,,,,,,,,,,,
1790036425.0556376,GPS_RAW_INT,,,,,,,,,,,,,,,,,,6,10
1790036425.0585039,ATTITUDE,,,,,,,,,,,,,,,0.0012429689522832632,0.0011617130367085338,-2.3534884452819824,,
1790036425.0597372,RAW_IMU,,,,,,,,,0,0,-1001,2,6,2,,,,,
1790036425.0739336,ATTITUDE,,,,,,,,,,,,,,,0.0012376686790958047,0.0012200989294797182,-2.353487730026245,,
1790036425.0750408,RAW_IMU,,,,,,,,,0,0,-1001,2,6,2,,,,,
1790036425.0947094,ATTITUDE,,,,,,,,,,,,,,,0.0012222642544656992,0.0012759702512994409,-2.3534913063049316,,
1790036425.095916,RAW_IMU,,,,,,,,,0,0,-1001,2,5,2,,,,,
1790036425.1148357,ATTITUDE,,,,,,,,,,,,,,,0.0012138462625443935,0.0013259047409519553,-2.353496551513672,,
1790036425.1165018,RAW_IMU,,,,,,,,,0,0,-1000,2,5,2,,,,,
1790036425.1350813,ATTITUDE,,,,,,,,,,,,,,,0.0011731083504855633,0.0013757366687059402,-2.353503704071045,,
1790036425.136176,RAW_IMU,,,,,,,,,0,0,-1000,1,5,2,,,,,
1790036425.1662402,GLOBAL_POSITION_INT,-35.3609107,149.168039,583.68,2.47,0.02,0.0,0.49,225.16,,,,,,,,,,,
1790036425.1675973,GPS_RAW_INT,,,,,,,,,,,,,,,,,,6,10
1790036425.16821,ATTITUDE,,,,,,,,,,,,,,,0.0011778236366808414,0.001423590467311442,-2.35351300239563,,
1790036425.1698394,RAW_IMU,,,,,,,,,0,0,-1000,3,5,2,,,,,
1790036425.1729708,ATTITUDE,,,,,,,,,,,,,,,0.0011441761162132025,0.0015205465024337173,-2.353523015975952,,
1790036425.1741817,RAW_IMU,,,,,,,,,0,0,-1000,1,7,2,,,,,
1790036425.1929688,ATTITUDE,,,,,,,,,,,,,,,0.001176062156446278,0.0016184271080419421,-2.3535382747650146,,
1790036425.1950142,RAW_IMU,,,,,,,,,0,0,-1000,4,8,2,,,,,
1790036425.2125835,ATTITUDE,,,,,,,,,,,,,,,0.0011453396873548627,0.0017125449376180768,-2.353553533554077,,
1790036425.2145963,RAW_IMU,,,,,,,,,0,0,-1000,1,7,2,,,,,
1790036425.2326508,ATTITUDE,,,,,,,,,,,,,,,0.0011777753243222833,0.0018026074394583702,-2.3535683155059814,,
1790036425.234549,RAW_IMU,,,,,,,,,0,0,-1001,4,7,2,,,,,
1790036425.2530575,GLOBAL_POSITION_INT,-35.3609107,149.168039,583.62,2.419,0.02,0.0,0.49,225.15,,,,,,,,,,,
1790036425.254692,GPS_RAW_INT,,,,,,,,,,,,,,,,,,6,10
1790036425.2567098,ATTITUDE,,,,,,,,,,,,,,,0.0012097941944375634,0.0018907762132585049,-2.353581666946411,,
1790036425.2600021,RAW_IMU,,,,,,,,,0,0,-1001,4,7,2,,,,,
1790036425.2733414,ATTITUDE,,,,,,,,,,,,,,,0.0012423557927832007,0.0019766094628721476,-2.353593111038208,,
1790036425.2746367,RAW_IMU,,,,,,,,,0,0,-1001,4,7,2,,,,,
1790036425.2938428,ATTITUDE,,,,,,,,,,,,,,,0.0012733925832435489,0.002058284590020776,-2.353606939315796,,
1790036425.2956188,RAW_IMU,,,,,,,,,0,0,-1001,4,7,2,,,,,
1790036425.3137743,ATTITUDE,,,,,,,,,,,,,,,0.0012984768254682422,0.0021330933086574078,-2.353621006011963,,
1790036425.3156621,RAW_IMU,,,,,,,,,0,0,-1001,4,7,2,,,,,
1790036425.3342514,ATTITUDE,,,,,,,,,,,,,,,0.0013220839900895953,0.002205796539783478,-2.353633165359497,,
1790036425.3353336,RAW_IMU,,,,,,,,,0,0,-1001,4,6,2,,,,,
1790036425.3542607,GLOBAL_POSITION_INT,-35.3609107,149.168039,583.57,2.369,0.02,0.0,0.49,225.15,,,,,,,,,,,
1790036425.3549578,GPS_RAW_INT,,,,,,,,,,,,,,,,,,6,10
1790036425.3571117,ATTITUDE,,,,,,,,,,,,,,,0.001345863682217896,0.0022762601729482412,-2.3536434173583984,,
1790036425.358993,RAW_IMU,,,,,,,,,0,0,-1001,4,6,2,,,,,
1790036425.374788,ATTITUDE,,,,,,,,,,,,,,,0.0013674173969775438,0.002331436611711979,-2.353652000427246,,
1790036425.3753405,RAW_IMU,,,,,,,,,0,0,-1001,4,6,2,,,,,
1790036425.4126067,ATTITUDE,,,,,,,,,,,,,,,0.0013900388730689883,0.002378890523687005,-2.353663682937622,,
1790036425.413817,RAW_IMU,,,,,,,,,0,0,-1001,4,5,2,,,,,
1790036425.4154718,ATTITUDE,,,,,,,,,,,,,,,0.0014136984245851636,0.0024244822561740875,-2.35367488861084,,
1790036425.4171305,RAW_IMU,,,,,,,,,0,0,-1001,4,5,2,,,,,
1790036425.4340198,ATTITUDE,,,,,,,,,,,,,,,0.0014364748494699597,0.0024711822625249624,-2.3536839485168457,,
1790036425.4353797,RAW_IMU,,,,,,,,,0,0,-1001,4,5,2,,,,,
1790036425.4543278,GLOBAL_POSITION_INT,-35.3609107,149.168039,583.52,2.319,0.02,0.0,0.49,225.15,,,,,,,,,,,
1790036425.455799,GPS_RAW_INT,,,,,,,,,,,,,,,,,,6,10
1790036425.458332,ATTITUDE,,,,,,,,,,,,,,,0.0014579533599317074,0.0025163684040308,-2.353691816329956,,
1790036425.4600377,RAW_IMU,,,,,,,,,0,0,-1001,4,5,2,,,,,
1790036425.4747581,ATTITUDE,,,,,,,,,,,,,,,0.0014807074330747128,0.00255958316847682,-2.353698253631592,,
1790036425.4756918,RAW_IMU,,,,,,,,,0,0,-1001,4,5,2,,,,,
1790036425.4950628,ATTITUDE,,,,,,,,,,,,,,,0.0015021732542663813,0.002600456587970257,-2.3537063598632812,,
1790036425.496015,RAW_IMU,,,,,,,,,0,0,-1001,4,5,2,,,,,
1790036425.515016,ATTITUDE,,,,,,,,,,,,,,,0.0015011344803497195,0.002636323682963848,-2.353715419769287,,
1790036425.516794,RAW_IMU,,,,,,,,,0,0,-1001,3,5,2,,,,,
1790036425.5350325,ATTITUDE,,,,,,,,,,,,,,,0.001498736091889441,0.002645730273798108,-2.3537240028381348,,
1790036425.535972,RAW_IMU,,,,,,,,,0,0,-1001,3,3,2,,,,,
1790036425.5547607,GLOBAL_POSITION_INT,-35.3609107,149.168039,583.47,2.269,0.02,0.0,0.49,225.15,,,,,,,,,,,
1790036425.5562003,GPS_RAW_INT,,,,,,,,,,,,,,,,,,6,10
1790036425.5582254,ATTITUDE,,,,,,,,,,,,,,,0.0014974382938817143,0.002643817802891135,-2.353731155395508,,
1790036425.5598574,RAW_IMU,,,,,,,,,0,0,-1001,3,3,2,,,,,
1790036425.5752907,ATTITUDE,,,,,,,,,,,,,,,0.0014961659908294678,0.00264333956874907,-2.353736400604248,,
1790036425.5760305,RAW_IMU,,,,,,,,,0,0,-1001,3,3,2,,,,,
1790036425.5947084,ATTITUDE,,,,,,,,,,,,,,,0.0014946635346859694,0.0026422180235385895,-2.353743076324463,,
1790036425.5957837,RAW_IMU,,,,,,,,,0,0,-1001,3,3,2,,,,,
1790036425.614247,ATTITUDE,,,,,,,,,,,,,,,0.0014945835573598742,0.002641662722453475,-2.353750705718994,,
1790036425.6150737,RAW_IMU,,,,,,,,,0,0,-1001,3,3,2,,,,,
1790036425.6349998,ATTITUDE,,,,,,,,,,,,,,,0.0014951883349567652,0.002642090665176511,-2.353756904602051,,
1790036425.6363196,RAW_IMU,,,,,,,,,0,0,-1001,3,3,2,,,,,
1790036425.6642842,GLOBAL_POSITION_INT,-35.3609107,149.168039,583.42,2.219,0.02,0.0,0.49,225.14,,,,,,,,,,,
1790036425.6652842,GPS_RAW_INT,,,,,,,,,,,,,,,,,,6,10
1790036425.6667488,ATTITUDE,,,,,,,,,,,,,,,0.001496428158134222,0.0026425058022141457,-2.353760004043579,,
1790036425.6680686,RAW_IMU,,,,,,,,,0,0,-1001,3,3,2,,,,,
1790036425.6759052,ATTITUDE,,,,,,,,,,,,,,,0.0014979965053498745,0.0026442045345902443,-2.353762149810791,,
1790036425.6769567,RAW_IMU,,,,,,,,,0,0,-1001,3,3,2,,,,,
1790036425.6965346,ATTITUDE,,,,,,,,,,,,,,,0.0015001597348600626,0.0026370862033218145,-2.3537678718566895,,
1790036425.6983466,RAW_IMU,,,,,,,,,0,0,-1001,3,2,2,,,,,
1790036425.7169225,ATTITUDE,,,,,,,,,,,,,,,0.00149843143299222,0.002597631188109517,-2.3537745475769043,,
1790036425.7176497,RAW_IMU,,,,,,,,,0,0,-1001,3,1,2,,,,,
1790036425.7361958,ATTITUDE,,,,,,,,,,,,,,,0.0014962920686230063,0.002560004824772477,-2.3537800312042236,,
1790036425.7378454,RAW_IMU,,,,,,,,,0,0,-1001,3,1,2,,,,,
1790036425.7524745,GLOBAL_POSITION_INT,-35.3609107,149.168039,583.37,2.169,0.02,0.0,0.49,225.14,,,,,,,,,,,
1790036425.7537587,GPS_RAW_INT,,,,,,,,,,,,,,,,,,6,10
1790036425.7551064,ATTITUDE,,,,,,,,,,,,,,,0.0014957700623199344,0.002524656243622303,-2.3537840843200684,,
1790036425.7570899,RAW_IMU,,,,,,,,,0,0,-1001,3,1,2,,,,,
1790036425.777497,ATTITUDE,,,,,,,,,,,,,,,0.0014947297750040889,0.0024917086120694876,-2.3537871837615967,,
1790036425.7788136,RAW_IMU,,,,,,,,,0,0,-1001,3,1,2,,,,,
1790036425.7967021,ATTITUDE,,,,,,,,,,,,,,,0.0014943592250347137,0.002459572162479162,-2.353793144226074,,
1790036425.7979045,RAW_IMU,,,,,,,,,0,0,-1001,3,1,2,,,,,
1790036425.8168368,ATTITUDE,,,,,,,,,,,,,,,0.0014949803007766604,0.0024285377003252506,-2.35379695892334,,
1790036425.81798,RAW_IMU,,,,,,,,,0,0,-1001,3,1,2,,,,,
1790036425.8369389,ATTITUDE,,,,,,,,,,,,,,,0.001495477044954896,0.0024001041892915964,-2.3538007736206055,,
1790036425.838594,RAW_IMU,,,,,,,,,0,0,-1001,3,1,2,,,,,
1790036425.8512156,GLOBAL_POSITION_INT,-35.3609107,149.168039,583.32,2.119,0.02,0.0,0.49,225.14,,,,,,,,,,,
1790036425.8519578,GPS_RAW_INT,,,,,,,,,,,,,,,,,,6,10
1790036425.856793,ATTITUDE,,,,,,,,,,,,,,,0.001496924669481814,0.002373719122260809,-2.3538029193878174,,
1790036425.8585835,RAW_IMU,,,,,,,,,0,0,-1001,3,1,2,,,,,
1790036425.8771017,ATTITUDE,,,,,,,,,,,,,,,0.0015000001294538379,0.0023500286042690277,-2.3538026809692383,,
1790036425.8785908,RAW_IMU,,,,,,,,,0,0,-1001,3,1,2,,,,,
1790036425.9119797,ATTITUDE,,,,,,,,,,,,,,,0.0015039333375170827,0.0023253688123077154,-2.3538053035736084,,
1790036425.9130585,RAW_IMU,,,,,,,,,0,0,-1001,3,1,2,,,,,
1790036425.9152694,ATTITUDE,,,,,,,,,,,,,,,0.0015015150420367718,0.002298783278092742,-2.3538081645965576,,
1790036425.9174697,RAW_IMU,,,,,,,,,0,0,-1001,3,1,2,,,,,
1790036425.9328878,ATTITUDE,,,,,,,,,,,,,,,0.001495201257057488,0.002274316968396306,-2.353811502456665,,
1790036425.9338279,RAW_IMU,,,,,,,,,0,0,-1001,3,2,2,,,,,
1790036425.9531696,GLOBAL_POSITION_INT,-35.3609107,149.168039,583.27,2.069,0.02,0.0,0.49,225.14,,,,,,,,,,,
1790036425.9545155,GPS_RAW_INT,,,,,,,,,,,,,,,,,,6,10
1790036425.9562345,ATTITUDE,,,,,,,,,,,,,,,0.0014582868898287416,0.0022507573012262583,-2.353813409805298,,
1790036425.9579859,RAW_IMU,,,,,,,,,0,0,-1001,1,2,2,,,,,
1790036425.9740853,ATTITUDE,,,,,,,,,,,,,,,0.0014232774265110493,0.0022289722692221403,-2.353813409805298,,
1790036425.975066,RAW_IMU,,,,,,,,,0,0,-1001,1,2,2,,,,,
1790036425.9947462,ATTITUDE,,,,,,,,,,,,,,,0.0013908694963902235,0.0022078142501413822,-2.3538167476654053,,
1790036425.9965487,RAW_IMU,,,,,,,,,0,0,-1001,1,2,2,,,,,
1790036426.0145924,ATTITUDE,,,,,,,,,,,,,,,0.00135921745095402,0.002187626203522086,-2.3538193702697754,,
1790036426.0157628,RAW_IMU,,,,,,,,,0,0,-1001,1,2,2,,,,,
1790036426.034783,ATTITUDE,,,,,,,,,,,,,,,0.001329852151684463,0.002169958548620343,-2.353820323944092,,
1790036426.0361733,RAW_IMU,,,,,,,,,0,0,-1001,1,2,2,,,,,
1790036426.0546143,GLOBAL_POSITION_INT,-35.3609107,149.168039,583.22,2.019,0.02,0.0,0.49,225.14,,,,,,,,,,,
1790036426.0562317,GPS_RAW_INT,,,,,,,,,,,,,,,,,,6,10
1790036426.058128,ATTITUDE,,,,,,,,,,,,,,,0.0013029526453465223,0.0021519202273339033,-2.353820562362671,,
1790036426.0597508,RAW_IMU,,,,,,,,,0,0,-1001,1,2,2,,,,,
1790036426.07462,ATTITUDE,,,,,,,,,,,,,,,0.0012775685172528028,0.002123934216797352,-2.3538193702697754,,
1790036426.0755591,RAW_IMU,,,,,,,,,0,0,-1001,1,1,2,,,,,
1790036426.094701,ATTITUDE,,,,,,,,,,,,,,,0.00125311769079417,0.002090844325721264,-2.353821277618408,,
1790036426.0965626,RAW_IMU,,,,,,,,,0,0,-1001,1,1,2,,,,,
1790036426.1148152,ATTITUDE,,,,,,,,,,,,,,,0.00122505659237504,0.002054861281067133,-2.3538219928741455,,
1790036426.1158211,RAW_IMU,,,,,,,,,0,0,-1001,1,1,3,,,,,
1790036426.1347904,ATTITUDE,,,,,,,,,,,,,,,0.0011982013238593936,0.0020206535700708628,-2.3538239002227783,,
1790036426.1363049,RAW_IMU,,,,,,,,,0,0,-1001,1,1,2,,,,,
1790036426.1679342,GLOBAL_POSITION_INT,-35.3609107,149.168039,583.17,1.969,0.02,0.0,0.49,225.14,,,,,,,,,,,
1790036426.1690958,GPS_RAW_INT,,,,,,,,,,,,,,,,,,6,10
1790036426.1699367,ATTITUDE,,,,,,,,,,,,,,,0.0011725772637873888,0.00198937114328146,-2.3538224697113037,,
1790036426.1707065,RAW_IMU,,,,,,,,,0,0,-1001,1,1,3,,,,,
1790036426.1751933,ATTITUDE,,,,,,,,,,,,,,,0.0011324348160997033,0.0019592398311942816,-2.3538198471069336,,
1790036426.1761622,RAW_IMU,,,,,,,,,0,0,-1001,1,1,3,,,,,
1790036426.1954973,ATTITUDE,,,,,,,,,,,,,,,0.0010915141319856048,0.0019293343648314476,-2.3538224697113037,,
1790036426.1968813,RAW_IMU,,,,,,,,,0,0,-1001,1,1,2,,,,,
1790036426.215355,ATTITUDE,,,,,,,,,,,,,,,0.001053485320881009,0.0019024217035621405,-2.3538248538970947,,
1790036426.2171454,RAW_IMU,,,,,,,,,0,0,-1001,1,1,2,,,,,
1790036426.235408,ATTITUDE,,,,,,,,,,,,,,,0.0010177969234064221,0.0018760530510917306,-2.353825092315674,,
1790036426.236812,RAW_IMU,,,,,,,,,0,0,-1001,1,1,2,,,,,
1790036426.2505662,GLOBAL_POSITION_INT,-35.3609107,149.168039,583.12,1.919,0.02,0.0,0.49,225.14,,,,,,,,,,,
1790036426.252573,GPS_RAW_INT,,,,,,,,,,,,,,,,,,6,10
1790036426.2567728,ATTITUDE,,,,,,,,,,,,,,,0.0009839084232226014,0.0018582975026220083,-2.3538241386413574,,
1790036426.2581534,RAW_IMU,,,,,,,,,0,0,-1001,1,2,2,,,,,
1790036426.2765002,ATTITUDE,,,,,,,,,,,,,,,0.0009519176091998816,0.0018097267020493746,-2.353822708129883,,
1790036426.2775383,RAW_IMU,,,,,,,,,0,0,-1001,1,0,2,,,,,
1790036426.2959452,ATTITUDE,,,,,,,,,,,,,,,0.000931832124479115,0.0018070293590426445,-2.353825807571411,,
1790036426.2974453,RAW_IMU,,,,,,,,,0,0,-1001,1,2,2,,,,,
1790036426.316237,ATTITUDE,,,,,,,,,,,,,,,0.0009127354715019464,0.0017509604804217815,-2.353837013244629,,
1790036426.3172364,RAW_IMU,,,,,,,,,0,0,-1001,2,1,2,,,,,
1790036426.3368719,ATTITUDE,,,,,,,,,,,,,,,0.0008651996031403542,0.0017377849435433745,-2.353851079940796,,
1790036426.3383179,RAW_IMU,,,,,,,,,0,0,-1001,0,1,2,,,,,
1790036426.3509176,GLOBAL_POSITION_INT,-35.3609107,149.168039,583.07,1.869,0.02,0.0,0.49,225.14,,,,,,,,,,,
1790036426.3517985,GPS_RAW_INT,,,,,,,,,,,,,,,,,,6,10
1790036426.3568625,ATTITUDE,,,,,,,,,,,,,,,0.0008804748067632318,0.0016904199728742242,-2.3538691997528076,,
1790036426.359068,RAW_IMU,,,,,,,,,0,0,-1000,4,1,2,,,,,
1790036426.376067,ATTITUDE,,,,,,,,,,,,,,,0.0008276227163150907,0.0016688080504536629,-2.3538901805877686,,
1790036426.377973,RAW_IMU,,,,,,,,,0,0,-1001,0,1,1,,,,,
1790036426.4148366,ATTITUDE,,,,,,,,,,,,,,,0.0008489264291711152,0.0016366360941901803,-2.3539175987243652,,
1790036426.4159255,RAW_IMU,,,,,,,,,0,0,-1001,4,2,1,,,,,
1790036426.4175394,ATTITUDE,,,,,,,,,,,,,,,0.0008053505443967879,0.0016203311970457435,-2.3539490699768066,,
1790036426.4186494,RAW_IMU,,,,,,,,,0,0,-1001,1,1,1,,,,,
1790036426.4368336,ATTITUDE,,,,,,,,,,,,,,,0.0008295404841192067,0.0016199159435927868,-2.353983163833618,,
1790036426.4381158,RAW_IMU,,,,,,,,,0,0,-1001,4,3,1,,,,,
1790036426.4506493,GLOBAL_POSITION_INT,-35.3609107,149.168039,583.02,1.819,0.02,0.0,0.49,225.13,,,,,,,,,,,
1790036426.4513946,GPS_RAW_INT,,,,,,,,,,,,,,,,,,6,10
1790036426.4571083,ATTITUDE,,,,,,,,,,,,,,,0.0007813663687556982,0.0015787609154358506,-2.354017734527588,,
1790036426.45889,RAW_IMU,,,,,,,,,0,0,-1001,0,0,1,,,,,
1790036426.8490865,GLOBAL_POSITION_INT,-35.3609107,149.168039,582.93,1.722,0.02,0.0,0.49,225.11,,,,,,,,,,,
1790036426.8514967,RAW_IMU,,,,,,,,,0,0,-1001,2,3,1,,,,,
1790036426.8527565,GPS_RAW_INT,,,,,,,,,,,,,,,,,,6,10
1790036426.917076,ATTITUDE,,,,,,,,,,,,,,,0.000758842215873301,0.0016529889544472098,-2.3545916080474854,,
1790036426.917954,RAW_IMU,,,,,,,,,0,0,-1001,4,3,2,,,,,
1790036426.9189796,GLOBAL_POSITION_INT,-35.3609107,149.168039,582.8,1.598,0.02,0.0,0.49,225.1,,,,,,,,,,,
1790036426.9197836,GPS_RAW_INT,,,,,,,,,,,,,,,,,,6,10
1790036426.9209597,ATTITUDE,,,,,,,,,,,,,,,0.0007884625229053199,0.0016531598521396518,-2.3546106815338135,,
1790036426.9220536,RAW_IMU,,,,,,,,,0,0,-1001,4,3,2,,,,,
1790036426.932843,ATTITUDE,,,,,,,,,,,,,,,0.0008158496930263937,0.0016539859352633357,-2.3546266555786133,,
1790036426.933925,RAW_IMU,,,,,,,,,0,0,-1001,4,3,2,,,,,
1790036426.9536517,GLOBAL_POSITION_INT,-35.3609107,149.168039,582.77,1.569,0.02,0.0,0.49,225.09,,,,,,,,,,,
1790036426.957365,GPS_RAW_INT,,,,,,,,,,,,,,,,,,6,10
1790036426.9594266,ATTITUDE,,,,,,,,,,,,,,,0.000865286507178098,0.0016556649934500456,-2.3546414375305176,,
1790036426.961235,RAW_IMU,,,,,,,,,0,0,-1001,5,3,2,,,,,
1790036426.9736114,ATTITUDE,,,,,,,,,,,,,,,0.0009273863397538662,0.0016564392717555165,-2.3546528816223145,,
1790036426.9743617,RAW_IMU,,,,,,,,,0,0,-1001,6,3,2,,,,,
1790036426.993706,ATTITUDE,,,,,,,,,,,,,,,0.0009876767871901393,0.0016570431180298328,-2.3546674251556396,,
1790036426.9947672,RAW_IMU,,,,,,,,,0,0,-1001,6,3,2,,,,,
1790036427.0136354,ATTITUDE,,,,,,,,,,,,,,,0.0010453424183651805,0.0016574274050071836,-2.3546814918518066,,
1790036427.014467,RAW_IMU,,,,,,,,,0,0,-1001,6,3,2,,,,,
1790036427.0336242,ATTITUDE,,,,,,,,,,,,,,,0.0011014117626473308,0.0016590423183515668,-2.3546926975250244,,
1790036427.0348055,RAW_IMU,,,,,,,,,0,0,-1001,6,3,2,,,,,
1790036427.0539563,GLOBAL_POSITION_INT,-35.3609107,149.168039,582.72,1.519,0.02,0.0,0.49,225.09,,,,,,,,,,,
1790036427.0558655,GPS_RAW_INT,,,,,,,,,,,,,,,,,,6,10
1790036427.057604,ATTITUDE,,,,,,,,,,,,,,,0.0011563969310373068,0.0016610515303909779,-2.3547027111053467,,
1790036427.0588603,RAW_IMU,,,,,,,,,0,0,-1001,5,3,2,,,,,
1790036427.0743856,ATTITUDE,,,,,,,,,,,,,,,0.0012097082799300551,0.001663375529460609,-2.354710817337036,,
1790036427.0753458,RAW_IMU,,,,,,,,,0,0,-1001,5,3,2,,,,,
1790036427.0947077,ATTITUDE,,,,,,,,,,,,,,,0.0012624913360923529,0.0016661533154547215,-2.354722738265991,,
1790036427.0965598,RAW_IMU,,,,,,,,,0,0,-1001,5,3,2,,,,,
1790036427.1144428,ATTITUDE,,,,,,,,,,,,,,,0.0013105223188176751,0.001665974035859108,-2.3547351360321045,,
1790036427.1153855,RAW_IMU,,,,,,,,,0,0,-1000,5,3,2,,,,,
1790036427.1344545,ATTITUDE,,,,,,,,,,,,,,,0.001366949756629765,0.0016660902183502913,-2.354748010635376,,
1790036427.1355531,RAW_IMU,,,,,,,,,0,0,-1000,6,3,2,,,,,
1790036427.169984,GLOBAL_POSITION_INT,-35.3609107,149.168039,582.67,1.469,0.02,0.0,0.49,225.09,,,,,,,,,,,
1790036427.1715884,GPS_RAW_INT,,,,,,,,,,,,,,,,,,6,10
1790036427.1721663,ATTITUDE,,,,,,,,,,,,,,,0.0013932539150118828,0.0016666920855641365,-2.3547611236572266,,
1790036427.1729198,RAW_IMU,,,,,,,,,0,0,-1000,4,3,2,,,,,
1790036427.1755497,ATTITUDE,,,,,,,,,,,,,,,0.0014304521027952433,0.0016669763717800379,-2.3547747135162354,,
1790036427.1773686,RAW_IMU,,,,,,,,,0,0,-1000,5,3,2,,,,,
1790036427.1956573,ATTITUDE,,,,,,,,,,,,,,,0.0014327374519780278,0.0016671604244038463,-2.3547940254211426,,
1790036427.1972857,RAW_IMU,,,,,,,,,0,0,-1000,3,3,2,,,,,
1790036427.2156844,ATTITUDE,,,,,,,,,,,,,,,0.0014680797467008233,0.0016675543738529086,-2.3548123836517334,,
1790036427.2165685,RAW_IMU,,,,,,,,,0,0,-1001,5,3,2,,,,,
1790036427.2358599,ATTITUDE,,,,,,,,,,,,,,,0.0014545742888003588,0.001669167773798108,-2.3548290729522705,,
1790036427.237424,RAW_IMU,,,,,,,,,0,0,-1001,2,3,2,,,,,
1790036427.249842,GLOBAL_POSITION_INT,-35.3609107,149.168039,582.62,1.419,0.02,0.0,0.49,225.08,,,,,,,,,,,
1790036427.2514172,GPS_RAW_INT,,,,,,,,,,,,,,,,,,6,10
1790036427.2558203,ATTITUDE,,,,,,,,,,,,,,,0.0014739676844328642,0.0016712548676878214,-2.354844331741333,,
1790036427.2572281,RAW_IMU,,,,,,,,,0,0,-1001,3,3,2,,,,,
1790036427.2761624,ATTITUDE,,,,,,,,,,,,,,,0.0014973788056522608,0.0016750486101955175,-2.3548591136932373,,
1790036427.2786303,RAW_IMU,,,,,,,,,0,0,-1001,4,3,2,,,,,
1790036427.296743,ATTITUDE,,,,,,,,,,,,,,,0.001520336139947176,0.001677900436334312,-2.3548765182495117,,
1790036427.298453,RAW_IMU,,,,,,,,,0,0,-1001,4,3,2,,,,,
1790036427.3172557,ATTITUDE,,,,,,,,,,,,,,,0.0015402243006974459,0.0016786587657406926,-2.354891777038574,,
1790036427.318586,RAW_IMU,,,,,,,,,0,0,-1001,4,3,2,,,,,
1790036427.3375483,ATTITUDE,,,,,,,,,,,,,,,0.0015566105721518397,0.0016778690041974187,-2.3549067974090576,,
1790036427.3394907,RAW_IMU,,,,,,,,,0,0,-1001,4,3,2,,,,,
1790036427.3523734,GLOBAL_POSITION_INT,-35.3609107,149.168039,582.57,1.369,0.02,0.0,0.49,225.08,,,,,,,,,,,
1790036427.3542676,GPS_RAW_INT,,,,,,,,,,,,,,,,,,6,10
1790036427.3575811,ATTITUDE,,,,,,,,,,,,,,,0.0015732106985524297,0.0016590866725891829,-2.3549182415008545,,
1790036427.3588948,RAW_IMU,,,,,,,,,0,0,-1000,4,2,2,,,,,
1790036427.3781848,ATTITUDE,,,,,,,,,,,,,,,0.0015890939394012094,0.0016446076333522797,-2.3549253940582275,,
1790036427.379193,RAW_IMU,,,,,,,,,0,0,-1000,4,2,2,,,,,
1790036427.4128575,ATTITUDE,,,,,,,,,,,,,,,0.0016058457549661398,0.001622907817363739,-2.354933261871338,,
1790036427.4146297,RAW_IMU,,,,,,,,,0,0,-1000,4,1,2,,,,,
1790036427.4169362,ATTITUDE,,,,,,,,,,,,,,,0.001620844122953713,0.0016114760655909777,-2.3549368381500244,,
1790036427.4185853,RAW_IMU,,,,,,,,,0,0,-1000,4,3,2,,,,,
1790036427.4331026,ATTITUDE,,,,,,,,,,,,,,,0.001636913395486772,0.0015920255100354552,-2.3549365997314453,,
1790036427.434279,RAW_IMU,,,,,,,,,0,0,-1000,3,1,3,,,,,
1790036427.4532375,GLOBAL_POSITION_INT,-35.3609107,149.168039,582.52,1.319,0.02,0.0,0.49,225.08,,,,,,,,,,,
1790036427.454463,GPS_RAW_INT,,,,,,,,,,,,,,,,,,6,10
1790036427.4556866,ATTITUDE,,,,,,,,,,,,,,,0.001652014092542231,0.0015827668830752373,-2.354933261871338,,
1790036427.4565275,RAW_IMU,,,,,,,,,0,0,-1000,3,3,3,,,,,
1790036427.4744482,ATTITUDE,,,,,,,,,,,,,,,0.0016686503076925874,0.0015524940099567175,-2.354926824569702,,
1790036427.4762795,RAW_IMU,,,,,,,,,0,0,-1000,3,1,3,,,,,
1790036427.4947536,ATTITUDE,,,,,,,,,,,,,,,0.0016857446171343327,0.0015527182258665562,-2.35492205619812,,
1790036427.4963326,RAW_IMU,,,,,,,,,0,0,-1000,3,3,3,,,,,
1790036427.5160308,ATTITUDE,,,,,,,,,,,,,,,0.0016747757326811552,0.0015099139418452978,-2.3549163341522217,,
1790036427.5174377,RAW_IMU,,,,,,,,,0,0,-1000,2,1,3,,,,,
1790036427.5375838,ATTITUDE,,,,,,,,,,,,,,,0.0016634701751172543,0.0014980745036154985,-2.3549110889434814,,
1790036427.5388088,RAW_IMU,,,,,,,,,0,0,-1000,2,2,3,,,,,
1790036427.551275,GLOBAL_POSITION_INT,-35.3609107,149.168039,582.47,1.269,0.02,0.0,0.49,225.08,,,,,,,,,,,
1790036427.5523329,GPS_RAW_INT,,,,,,,,,,,,,,,,,,6,10
1790036427.5576024,ATTITUDE,,,,,,,,,,,,,,,0.0016598040238022804,0.0014858123613521457,-2.354907751083374,,
1790036427.5590124,RAW_IMU,,,,,,,,,0,0,-1000,3,2,3,,,,,
1790036427.5775483,ATTITUDE,,,,,,,,,,,,,,,0.001618236885406077,0.0014745937660336494,-2.3549065589904785,,
1790036427.5784051,RAW_IMU,,,,,,,,,0,0,-1000,0,2,3,,,,,
1790036427.5979273,ATTITUDE,,,,,,,,,,,,,,,0.0016435174038633704,0.0014628475764766335,-2.354912281036377,,
1790036427.5989356,RAW_IMU,,,,,,,,,0,0,-1000,4,2,2,,,,,
1790036427.617877,ATTITUDE,,,,,,,,,,,,,,,0.0015883796149864793,0.0014532445929944515,-2.354918956756592,,
1790036427.6188571,RAW_IMU,,,,,,,,,0,0,-1000,0,2,2,,,,,
1790036427.6381233,ATTITUDE,,,,,,,,,,,,,,,0.001622502924874425,0.0014442262472584844,-2.3549253940582275,,
1790036427.6397722,RAW_IMU,,,,,,,,,0,0,-1000,4,2,2,,,,,
1790036427.668724,GLOBAL_POSITION_INT,-35.3609107,149.168039,582.42,1.219,0.02,0.0,0.49,225.08,,,,,,,,,,,
1790036427.669738,GPS_RAW_INT,,,,,,,,,,,,,,,,,,6,10
1790036427.6716726,ATTITUDE,,,,,,,,,,,,,,,0.0015764187555760145,0.0014369689160957932,-2.3549327850341797,,
1790036427.6728742,RAW_IMU,,,,,,,,,0,0,-1000,1,2,2,,,,,
1790036427.676079,ATTITUDE,,,,,,,,,,,,,,,0.0015857139369472861,0.001429760828614235,-2.354940176010132,,
1790036427.6771717,RAW_IMU,,,,,,,,,0,0,-1001,3,2,2,,,,,
1790036427.6959527,ATTITUDE,,,,,,,,,,,,,,,0.0016069201519712806,0.001423659618012607,-2.354951858520508,,
1790036427.6969628,RAW_IMU,,,,,,,,,0,0,-1001,4,2,2,,,,,
1790036427.7168448,ATTITUDE,,,,,,,,,,,,,,,0.0016235345974564552,0.0014146356843411922,-2.3549633026123047,,
1790036427.718452,RAW_IMU,,,,,,,,,0,0,-1001,4,2,2,,,,,
1790036427.7367334,ATTITUDE,,,,,,,,,,,,,,,0.0016276991227641702,0.0014039207017049193,-2.354973793029785,,
1790036427.738342,RAW_IMU,,,,,,,,,0,0,-1001,3,2,2,,,,,
1790036427.7516954,GLOBAL_POSITION_INT,-35.3609107,149.168039,582.37,1.169,0.02,0.0,0.49,225.07,,,,,,,,,,,
1790036427.75272,GPS_RAW_INT,,,,,,,,,,,,,,,,,,6,10
1790036427.757441,ATTITUDE,,,,,,,,,,,,,,,0.0016037042951211333,0.0013963159872218966,-2.354983329772949,,
1790036427.7584634,RAW_IMU,,,,,,,,,0,0,-1001,2,2,2,,,,,
1790036427.7774515,ATTITUDE,,,,,,,,,,,,,,,0.0015834721270948648,0.0013900758931413293,-2.3549904823303223,,
1790036427.7792103,RAW_IMU,,,,,,,,,0,0,-1001,2,2,2,,,,,
1790036427.797702,ATTITUDE,,,,,,,,,,,,,,,0.0015630802372470498,0.0013822029577568173,-2.355001449584961,,
1790036427.7994099,RAW_IMU,,,,,,,,,0,0,-1001,2,2,2,,,,,
1790036427.81786,ATTITUDE,,,,,,,,,,,,,,,0.0015450858045369387,0.0013741335133090615,-2.355010986328125,,
1790036427.8190978,RAW_IMU,,,,,,,,,0,0,-1001,2,2,2,,,,,
1790036427.8380978,ATTITUDE,,,,,,,,,,,,,,,0.0015271787997335196,0.0013680324191227555,-2.3550188541412354,,
1790036427.8395739,RAW_IMU,,,,,,,,,0,0,-1001,2,2,2,,,,,
1790036427.8523943,GLOBAL_POSITION_INT,-35.3609107,149.168039,582.32,1.119,0.02,0.0,0.49,225.07,,,,,,,,,,,
1790036427.8535647,GPS_RAW_INT,,,,,,,,,,,,,,,,,,6,10
1790036427.8581092,ATTITUDE,,,,,,,,,,,,,,,0.00151060929056257,0.0013805817579850554,-2.3550240993499756,,
1790036427.8595185,RAW_IMU,,,,,,,,,0,0,-1001,2,3,2,,,,,
1790036427.878001,ATTITUDE,,,,,,,,,,,,,,,0.00149613490793854,0.0014312872663140297,-2.355027198791504,,
1790036427.8794565,RAW_IMU,,,,,,,,,0,0,-1001,2,5,2,,,,,
1790036427.9100125,ATTITUDE,,,,,,,,,,,,,,,0.001484289183281362,0.001480508828535676,-2.3550336360931396,,
1790036427.9117265,RAW_IMU,,,,,,,,,0,0,-1001,2,5,2,,,,,
1790036427.9177167,ATTITUDE,,,,,,,,,,,,,,,0.0014683414483442903,0.0015255161561071873,-2.3550403118133545,,
1790036427.9194615,RAW_IMU,,,,,,,,,0,0,-1001,2,5,2,,,,,
1790036427.9378352,ATTITUDE,,,,,,,,,,,,,,,0.0014515577349811792,0.0015671405708417296,-2.3550453186035156,,
1790036427.9398215,RAW_IMU,,,,,,,,,0,0,-1001,2,5,2,,,,,
1790036427.9524226,GLOBAL_POSITION_INT,-35.3609107,149.168039,582.27,1.069,0.02,0.0,0.49,225.07,,,,,,,,,,,
1790036427.9531717,GPS_RAW_INT,,,,,,,,,,,,,,,,,,6,10
1790036427.9551022,ATTITUDE,,,,,,,,,,,,,,,0.0014366599498316646,0.0016075617168098688,-2.355048179626465,,
1790036427.9560742,RAW_IMU,,,,,,,,,0,0,-1001,2,5,2,,,,,
1790036427.9738426,ATTITUDE,,,,,,,,,,,,,,,0.0014214727561920881,0.0016462545609101653,-2.3550498485565186,,
1790036427.9743962,RAW_IMU,,,,,,,,,0,0,-1001,2,5,2,,,,,
1790036427.993506,ATTITUDE,,,,,,,,,,,,,,,0.0013990498846396804,0.0016831282991915941,-2.355056047439575,,
1790036427.9949424,RAW_IMU,,,,,,,,,0,0,-1000,2,5,2,,,,,
1790036428.0135653,ATTITUDE,,,,,,,,,,,,,,,0.0013928388943895698,0.0017188566271215677,-2.3550636768341064,,
1790036428.015219,RAW_IMU,,,,,,,,,0,0,-1000,3,5,2,,,,,
1790036428.0334368,ATTITUDE,,,,,,,,,,,,,,,0.0013685822486877441,0.0017548843752592802,-2.3550705909729004,,
1790036428.0348434,RAW_IMU,,,,,,,,,0,0,-1000,1,5,2,,,,,
1790036428.0537353,GLOBAL_POSITION_INT,-35.3609107,149.168039,582.22,1.019,0.02,0.0,0.49,225.07,,,,,,,,,,,
1790036428.0549414,GPS_RAW_INT,,,,,,,,,,,,,,,,,,6,10
1790036428.0567207,ATTITUDE,,,,,,,,,,,,,,,0.0013722109142690897,0.001790903857909143,-2.3550784587860107,,
1790036428.0582476,RAW_IMU,,,,,,,,,0,0,-1000,3,4,2,,,,,
1790036428.0746098,ATTITUDE,,,,,,,,,,,,,,,0.0013364388141781092,0.0018247755942866206,-2.3550872802734375,,
1790036428.0754237,RAW_IMU,,,,,,,,,0,0,-1000,1,4,2,,,,,
1790036428.0949466,ATTITUDE,,,,,,,,,,,,,,,0.001355513813905418,0.001858849311247468,-2.3551025390625,,
1790036428.0965855,RAW_IMU,,,,,,,,,0,0,-1000,4,4,2,,,,,
1790036428.1154342,ATTITUDE,,,,,,,,,,,,,,,0.0013099884381517768,0.0018887637415900826,-2.3551206588745117,,
1790036428.1168597,RAW_IMU,,,,,,,,,0,0,-1000,0,4,2,,,,,
1790036428.1351767,ATTITUDE,,,,,,,,,,,,,,,0.001329338876530528,0.0019155396148562431,-2.355137825012207,,
1790036428.1367247,RAW_IMU,,,,,,,,,0,0,-1001,4,4,2,,,,,
1790036428.165444,GLOBAL_POSITION_INT,-35.3609107,149.168039,582.17,0.969,0.02,0.0,0.49,225.06,,,,,,,,,,,
1790036428.166597,GPS_RAW_INT,,,,,,,,,,,,,,,,,,6,10
1790036428.1682312,ATTITUDE,,,,,,,,,,,,,,,0.0012859050184488297,0.0019405658822506666,-2.355154275894165,,
1790036428.1696002,RAW_IMU,,,,,,,,,0,0,-1001,1,4,2,,,,,
1790036428.1763768,ATTITUDE,,,,,,,,,,,,,,,0.001239255303516984,0.0019667749293148518,-2.3551676273345947,,
1790036428.1776161,RAW_IMU,,,,,,,,,0,0,-1001,0,4,2,,,,,
1790036428.1955924,ATTITUDE,,,,,,,,,,,,,,,0.0011966802412644029,0.0019913180731236935,-2.3551857471466064,,
1790036428.1966217,RAW_IMU,,,,,,,,,0,0,-1001,1,4,2,,,,,
1790036428.2156203,ATTITUDE,,,,,,,,,,,,,,,0.001154584577307105,0.0020157822873443365,-2.3552024364471436,,
1790036428.21649,RAW_IMU,,,,,,,,,0,0,-1001,1,4,2,,,,,
1790036428.2357745,ATTITUDE,,,,,,,,,,,,,,,0.0011160214198753238,0.002038992941379547,-2.3552165031433105,,
1790036428.2370522,RAW_IMU,,,,,,,,,0,0,-1001,1,4,2,,,,,
1790036428.2554665,GLOBAL_POSITION_INT,-35.3609107,149.168039,582.12,0.919,0.02,0.0,0.49,225.06,,,,,,,,,,,
1790036428.2566159,GPS_RAW_INT,,,,,,,,,,,,,,,,,,6,10
1790036428.258658,ATTITUDE,,,,,,,,,,,,,,,0.001079775858670473,0.0020632336381822824,-2.3552281856536865,,
1790036428.2598014,RAW_IMU,,,,,,,,,0,0,-1001,1,4,2,,,,,
1790036428.2765167,ATTITUDE,,,,,,,,,,,,,,,0.0010699386475607753,0.002087714383378625,-2.355239152908325,,
1790036428.2775812,RAW_IMU,,,,,,,,,0,0,-1001,2,4,2,,,,,
1790036428.2971358,ATTITUDE,,,,,,,,,,,,,,,0.001083309412933886,0.002110694535076618,-2.355254888534546,,
1790036428.2984507,RAW_IMU,,,,,,,,,0,0,-1001,3,4,2,,,,,
1790036428.3174233,ATTITUDE,,,,,,,,,,,,,,,0.0010827453806996346,0.002130701206624508,-2.3552701473236084,,
1790036428.3188498,RAW_IMU,,,,,,,,,0,0,-1001,3,4,2,,,,,
1790036428.3371234,ATTITUDE,,,,,,,,,,,,,,,0.0010802235919982195,0.0021495784167200327,-2.3552846908569336,,
1790036428.3391714,RAW_IMU,,,,,,,,,0,0,-1001,3,4,2,,,,,
1790036428.351688,GLOBAL_POSITION_INT,-35.3609107,149.168039,582.07,0.869,0.02,0.0,0.49,225.06,,,,,,,,,,,
1790036428.352687,GPS_RAW_INT,,,,,,,,,,,,,,,,,,6,10
1790036428.3571973,ATTITUDE,,,,,,,,,,,,,,,0.0010783703764900565,0.0021672616712749004,-2.3552956581115723,,
1790036428.358425,RAW_IMU,,,,,,,,,0,0,-1001,3,4,2,,,,,
1790036428.3733375,ATTITUDE,,,,,,,,,,,,,,,0.0010772250825539231,0.0021839395631104708,-2.355304718017578,,
1790036428.3750346,RAW_IMU,,,,,,,,,0,0,-1001,3,4,2,,,,,
1790036428.4114945,ATTITUDE,,,,,,,,,,,,,,,0.001076361513696611,0.0022000616881996393,-2.355318784713745,,
1790036428.4124804,RAW_IMU,,,,,,,,,0,0,-1001,3,4,2,,,,,
1790036428.4139698,ATTITUDE,,,,,,,,,,,,,,,0.001080856192857027,0.0022164047695696354,-2.355329751968384,,
1790036428.4153123,RAW_IMU,,,,,,,,,0,0,-1001,3,4,2,,,,,
1790036428.4334629,ATTITUDE,,,,,,,,,,,,,,,0.0011195407714694738,0.002209069672971964,-2.355339288711548,,
1790036428.434443,RAW_IMU,,,,,,,,,0,0,-1000,5,2,2,,,,,
1790036428.4534328,GLOBAL_POSITION_INT,-35.3609107,149.168039,582.02,0.819,0.02,0.0,0.49,225.05,,,,,,,,,,,
1790036428.4545226,GPS_RAW_INT,,,,,,,,,,,,,,,,,,6,10
1790036428.4564073,ATTITUDE,,,,,,,,,,,,,,,0.0011208836222067475,0.0022398869041353464,-2.355346202850342,,
1790036428.4577117,RAW_IMU,,,,,,,,,0,0,-1000,3,4,2,,,,,
1790036428.473566,ATTITUDE,,,,,,,,,,,,,,,0.0011405120603740215,0.0022064936347305775,-2.355349063873291,,
1790036428.47485,RAW_IMU,,,,,,,,,0,0,-1000,3,1,2,,,,,
1790036428.4935913,ATTITUDE,,,,,,,,,,,,,,,0.0011606626212596893,0.0022389069199562073,-2.3553521633148193,,
1790036428.494523,RAW_IMU,,,,,,,,,0,0,-1000,4,4,3,,,,,
1790036428.51468,ATTITUDE,,,,,,,,,,,,,,,0.0011768664699047804,0.0021889060735702515,-2.3553545475006104,,
1790036428.5158768,RAW_IMU,,,,,,,,,0,0,-1000,4,1,3,,,,,
1790036428.5353749,ATTITUDE,,,,,,,,,,,,,,,0.0011901799589395523,0.002200230723246932,-2.355353593826294,,
1790036428.536645,RAW_IMU,,,,,,,,,0,0,-1001,4,3,3,,,,,
1790036428.5551717,GLOBAL_POSITION_INT,-35.3609107,149.168039,581.97,0.769,0.02,0.0,0.49,225.05,,,,,,,,,,,
1790036428.5563526,GPS_RAW_INT,,,,,,,,,,,,,,,,,,6,10
1790036428.5583365,ATTITUDE,,,,,,,,,,,,,,,0.0012038401328027248,0.002216204535216093,-2.355351686477661,,
1790036428.5594215,RAW_IMU,,,,,,,,,0,0,-1001,4,4,3,,,,,
1790036428.5756614,ATTITUDE,,,,,,,,,,,,,,,0.0012158523313701153,0.0022313424851745367,-2.3553483486175537,,
1790036428.57695,RAW_IMU,,,,,,,,,0,0,-1001,3,4,3,,,,,
1790036428.5955174,ATTITUDE,,,,,,,,,,,,,,,0.0012271014275029302,0.0022459574975073338,-2.3553497791290283,,
1790036428.5963678,RAW_IMU,,,,,,,,,0,0,-1001,3,4,3,,,,,
1790036428.6157465,ATTITUDE,,,,,,,,,,,,,,,0.001272654510103166,0.002260296605527401,-2.3553504943847656,,
1790036428.6163223,RAW_IMU,,,,,,,,,0,0,-1001,5,3,3,,,,,
1790036428.6357017,ATTITUDE,,,,,,,,,,,,,,,0.0012893554521724582,0.002274812664836645,-2.355349063873291,,
1790036428.6364684,RAW_IMU,,,,,,,,,0,0,-1001,4,3,3,,,,,
1790036428.665957,GLOBAL_POSITION_INT,-35.3609107,149.168039,581.92,0.719,0.02,0.0,0.49,225.05,,,,,,,,,,,
1790036428.6694732,GPS_RAW_INT,,,,,,,,,,,,,,,,,,6,10
1790036428.6708384,ATTITUDE,,,,,,,,,,,,,,,0.0013094309251755476,0.002289071911945939,-2.3553466796875,,
1790036428.6721783,RAW_IMU,,,,,,,,,0,0,-1001,4,3,3,,,,,
1790036428.6755955,ATTITUDE,,,,,,,,,,,,,,,0.0013297315454110503,0.0023039199877530336,-2.355344533920288,,
1790036428.6773527,RAW_IMU,,,,,,,,,0,0,-1001,4,3,3,,,,,
1790036428.6956515,ATTITUDE,,,,,,,,,,,,,,,0.0013410593383014202,0.0023167659528553486,-2.355346918106079,,
1790036428.697693,RAW_IMU,,,,,,,,,0,0,-1000,3,3,3,,,,,
1790036428.716675,ATTITUDE,,,,,,,,,,,,,,,0.0013567885616794229,0.0023156474344432354,-2.3553521633148193,,
1790036428.7178867,RAW_IMU,,,,,,,,,0,0,-1000,4,3,2,,,,,
1790036428.7371018,ATTITUDE,,,,,,,,,,,,,,,0.001348437275737524,0.0023068503942340612,-2.355358123779297,,
1790036428.7384086,RAW_IMU,,,,,,,,,0,0,-1000,2,2,2,,,,,
1790036428.7515833,GLOBAL_POSITION_INT,-35.3609107,149.168039,581.87,0.669,0.02,0.0,0.49,225.05,,,,,,,,,,,
1790036428.7530432,GPS_RAW_INT,,,,,,,,,,,,,,,,,,6,10
1790036428.7573578,ATTITUDE,,,,,,,,,,,,,,,0.0013993008760735393,0.0022989849094301462,-2.3553645610809326,,
1790036428.7583632,RAW_IMU,,,,,,,,,0,0,-1000,6,2,2,,,,,
1790036428.7774212,ATTITUDE,,,,,,,,,,,,,,,0.001373745733872056,0.0022928244434297085,-2.3553709983825684,,
1790036428.778841,RAW_IMU,,,,,,,,,0,0,-1001,2,2,2,,,,,
1790036428.7976363,ATTITUDE,,,,,,,,,,,,,,,0.0014137758407741785,0.002286468166857958,-2.3553831577301025,,
1790036428.7987175,RAW_IMU,,,,,,,,,0,0,-1001,4,3,2,,,,,
1790036428.817755,ATTITUDE,,,,,,,,,,,,,,,0.0014397400664165616,0.0022794874384999275,-2.355395555496216,,
1790036428.8194444,RAW_IMU,,,,,,,,,0,0,-1001,4,2,2,,,,,
1790036428.837689,ATTITUDE,,,,,,,,,,,,,,,0.001463904045522213,0.0022743972949683666,-2.3554046154022217,,
1790036428.83814,RAW_IMU,,,,,,,,,0,0,-1001,4,3,2,,,,,
1790036428.8526309,GLOBAL_POSITION_INT,-35.3609107,149.168039,581.82,0.619,0.02,0.0,0.49,225.05,,,,,,,,,,,
1790036428.8538263,GPS_RAW_INT,,,,,,,,,,,,,,,,,,6,10
1790036428.8550293,ATTITUDE,,,,,,,,,,,,,,,0.0014871802413836122,0.0022663543932139874,-2.3554115295410156,,
1790036428.8560176,RAW_IMU,,,,,,,,,0,0,-1001,4,2,2,,,,,
1790036428.8733532,ATTITUDE,,,,,,,,,,,,,,,0.0015106444479897618,0.0021986914798617363,-2.3554153442382812,,
1790036428.8744473,RAW_IMU,,,,,,,,,0,0,-1001,4,0,2,,,,,
1790036428.917091,ATTITUDE,,,,,,,,,,,,,,,0.00153534475248307,0.002202292438596487,-2.355421304702759,,
1790036428.9181862,RAW_IMU,,,,,,,,,0,0,-1000,4,3,2,,,,,
1790036428.9199753,ATTITUDE,,,,,,,,,,,,,,,0.0015541245229542255,0.002135570626705885,-2.3554251194000244,,
1790036428.9214573,RAW_IMU,,,,,,,,,0,0,-1001,4,0,3,,,,,
1790036428.9330845,ATTITUDE,,,,,,,,,,,,,,,0.0015713648172095418,0.00206077191978693,-2.3554277420043945,,
1790036428.934045,RAW_IMU,,,,,,,,,0,0,-1001,4,0,3,,,,,
1790036428.9548337,GLOBAL_POSITION_INT,-35.3609107,149.168039,581.77,0.569,0.02,0.0,0.49,225.05,,,,,,,,,,,
1790036428.956628,GPS_RAW_INT,,,,,,,,,,,,,,,,,,6,10
1790036428.959901,ATTITUDE,,,,,,,,,,,,,,,0.0015883052255958319,0.001988787669688463,-2.355428457260132,,
1790036428.9606915,RAW_IMU,,,,,,,,,0,0,-1001,4,0,3,,,,,
1790036428.976821,ATTITUDE,,,,,,,,,,,,,,,0.0016049600671976805,0.0019204092677682638,-2.3554275035858154,,
1790036428.978823,RAW_IMU,,,,,,,,,0,0,-1001,4,0,3,,,,,
1790036428.9975946,ATTITUDE,,,,,,,,,,,,,,,0.001621808740310371,0.0018533129477873445,-2.3554325103759766,,
1790036428.9988225,RAW_IMU,,,,,,,,,0,0,-1001,4,0,3,,,,,
1790036429.0179307,ATTITUDE,,,,,,,,,,,,,,,0.001637725392356515,0.0017905870918184519,-2.355435609817505,,
1790036429.019128,RAW_IMU,,,,,,,,,0,0,-1001,4,0,3,,,,,
1790036429.0378606,ATTITUDE,,,,,,,,,,,,,,,0.00165371794719249,0.0017295217840000987,-2.355436325073242,,
1790036429.039622,RAW_IMU,,,,,,,,,0,0,-1001,4,0,3,,,,,
1790036429.0529475,GLOBAL_POSITION_INT,-35.3609107,149.168039,581.72,0.519,0.02,0.0,0.49,225.05,,,,,,,,,,,
1790036429.054207,GPS_RAW_INT,,,,,,,,,,,,,,,,,,6,10
1790036429.0557244,ATTITUDE,,,,,,,,,,,,,,,0.0016619260422885418,0.0016911213751882315,-2.3554344177246094,,
1790036429.0569801,RAW_IMU,,,,,,,,,0,0,-1000,3,1,3,,,,,
1790036429.0729582,ATTITUDE,,,,,,,,,,,,,,,0.0016608650330454111,0.0016730290371924639,-2.3554327487945557,,
1790036429.074934,RAW_IMU,,,,,,,,,0,0,-1001,3,2,3,,,,,
1790036429.093479,ATTITUDE,,,,,,,,,,,,,,,0.00166058330796659,0.0016564774559810758,-2.3554346561431885,,
1790036429.0945668,RAW_IMU,,,,,,,,,0,0,-1001,3,2,3,,,,,
1790036429.1141098,ATTITUDE,,,,,,,,,,,,,,,0.0016473856521770358,0.0016379024600610137,-2.3554365634918213,,
1790036429.1156557,RAW_IMU,,,,,,,,,0,0,-1001,2,2,3,,,,,
1790036429.1351757,ATTITUDE,,,,,,,,,,,,,,,0.0016251361230388284,0.0016198760131374002,-2.355438232421875,,
1790036429.1365948,RAW_IMU,,,,,,,,,0,0,-1001,2,2,3,,,,,
1790036429.1688733,GLOBAL_POSITION_INT,-35.3609107,149.168039,581.67,0.469,0.02,0.0,0.49,225.05,,,,,,,,,,,
1790036429.1716824,GPS_RAW_INT,,,,,,,,,,,,,,,,,,6,10
1790036429.1727097,ATTITUDE,,,,,,,,,,,,,,,0.001602743286639452,0.001602406962774694,-2.3554370403289795,,
1790036429.1738842,RAW_IMU,,,,,,,,,0,0,-1001,2,2,3,,,,,
1790036429.176478,ATTITUDE,,,,,,,,,,,,,,,0.001580489450134337,0.0015851471107453108,-2.355436325073242,,
1790036429.1778748,RAW_IMU,,,,,,,,,0,0,-1001,2,2,3,,,,,
1790036429.1943243,ATTITUDE,,,,,,,,,,,,,,,0.0015612287679687142,0.0015682780649513006,-2.3554399013519287,,
1790036429.1956947,RAW_IMU,,,,,,,,,0,0,-1001,2,2,3,,,,,
1790036429.2141533,ATTITUDE,,,,,,,,,,,,,,,0.0015418133698403835,0.0015637003816664219,-2.355440855026245,,
1790036429.215976,RAW_IMU,,,,,,,,,0,0,-1001,2,2,3,,,,,
1790036429.2351384,ATTITUDE,,,,,,,,,,,,,,,0.001526047009974718,0.0016049797413870692,-2.3554399013519287,,
1790036429.2361126,RAW_IMU,,,,,,,,,0,0,-1001,2,5,3,,,,,
1790036429.255108,GLOBAL_POSITION_INT,-35.3609107,149.168039,581.62,0.419,0.02,0.0,0.49,225.05,,,,,,,,,,,
1790036429.2561173,GPS_RAW_INT,,,,,,,,,,,,,,,,,,6,10
1790036429.2574384,ATTITUDE,,,,,,,,,,,,,,,0.001510201022028923,0.0015928432112559676,-2.3554351329803467,,
1790036429.25886,RAW_IMU,,,,,,,,,0,0,-1000,2,2,3,,,,,
1790036429.2756019,ATTITUDE,,,,,,,,,,,,,,,0.0014817235060036182,0.0016341798473149538,-2.3554272651672363,,
1790036429.2768102,RAW_IMU,,,,,,,,,0,0,-1000,1,4,3,,,,,
1790036429.2956555,ATTITUDE,,,,,,,,,,,,,,,0.001484788954257965,0.0016871470725163817,-2.3554258346557617,,
1790036429.2969646,RAW_IMU,,,,,,,,,0,0,-1000,3,6,3,,,,,
1790036429.3163362,ATTITUDE,,,,,,,,,,,,,,,0.0014177985722199082,0.0017228234792128205,-2.3554275035858154,,
1790036429.3175673,RAW_IMU,,,,,,,,,0,0,-1000,0,5,3,,,,,
1790036429.336453,ATTITUDE,,,,,,,,,,,,,,,0.001417185878381133,0.0017558162799105048,-2.3554294109344482,,
1790036429.3373256,RAW_IMU,,,,,,,,,0,0,-1000,2,5,3,,,,,
1790036429.3504143,GLOBAL_POSITION_INT,-35.3609107,149.168039,581.57,0.369,0.02,0.0,0.49,225.05,,,,,,,,,,,
1790036429.3515244,GPS_RAW_INT,,,,,,,,,,,,,,,,,,6,10
1790036429.3564594,ATTITUDE,,,,,,,,,,,,,,,0.0013527716509997845,0.001788003952242434,-2.3554327487945557,,
1790036429.3576512,RAW_IMU,,,,,,,,,0,0,-1000,0,4,2,,,,,
1790036429.3767343,ATTITUDE,,,,,,,,,,,,,,,0.0013554244069382548,0.0018200259655714035,-2.3554372787475586,,
1790036429.3776832,RAW_IMU,,,,,,,,,0,0,-1000,3,4,2,,,,,
1790036429.4154162,ATTITUDE,,,,,,,,,,,,,,,0.0012932809768244624,0.0018504009349271655,-2.355449914932251,,
1790036429.4165642,RAW_IMU,,,,,,,,,0,0,-1000,0,4,2,,,,,
1790036429.4182932,ATTITUDE,,,,,,,,,,,,,,,0.0013070390559732914,0.0018794009229168296,-2.355462074279785,,
1790036429.4191773,RAW_IMU,,,,,,,,,0,0,-1000,3,4,2,,,,,
1790036429.4371026,ATTITUDE,,,,,,,,,,,,,,,0.0012648518895730376,0.00190832931548357,-2.355473518371582,,
1790036429.4382255,RAW_IMU,,,,,,,,,0,0,-1000,1,4,2,,,,,
1790036429.4517305,GLOBAL_POSITION_INT,-35.3609107,149.168039,581.52,0.319,0.02,0.0,0.49,225.05,,,,,,,,,,,
1790036429.452597,GPS_RAW_INT,,,,,,,,,,,,,,,,,,6,10
1790036429.4579558,ATTITUDE,,,,,,,,,,,,,,,0.0012703414540737867,0.0019353788811713457,-2.355485439300537,,
1790036429.459021,RAW_IMU,,,,,,,,,0,0,-1000,2,4,2,,,,,
1790036429.4781072,ATTITUDE,,,,,,,,,,,,,,,0.0012492293026298285,0.001963341375812888,-2.3554983139038086,,
1790036429.4790378,RAW_IMU,,,,,,,,,0,0,-1000,2,4,2,,,,,
1790036429.4989097,ATTITUDE,,,,,,,,,,,,,,,0.0012414628872647882,0.0019902188796550035,-2.3555173873901367,,
1790036429.4997902,RAW_IMU,,,,,,,,,0,0,-1000,2,4,2,,,,,
1790036429.5138943,ATTITUDE,,,,,,,,,,,,,,,0.0012381639098748565,0.0020131783094257116,-2.355536460876465,,
1790036429.515309,RAW_IMU,,,,,,,,,0,0,-1001,3,4,2,,,,,
1790036429.5342171,ATTITUDE,,,,,,,,,,,,,,,0.0012078903382644057,0.002034335397183895,-2.35555362701416,,
1790036429.5355399,RAW_IMU,,,,,,,,,0,0,-1001,1,4,2,,,,,
1790036429.5544784,GLOBAL_POSITION_INT,-35.3609107,149.168039,581.48,0.27,0.02,0.0,0.49,225.04,,,,,,,,,,,
1790036429.555469,GPS_RAW_INT,,,,,,,,,,,,,,,,,,6,10
1790036429.5566883,ATTITUDE,,,,,,,,,,,,,,,0.001217226730659604,0.0020563160069286823,-2.3555703163146973,,
1790036429.559156,RAW_IMU,,,,,,,,,0,0,-1001,3,4,2,,,,,
1790036429.575109,ATTITUDE,,,,,,,,,,,,,,,0.0011723877396434546,0.0020562242716550827,-2.355586290359497,,
1790036429.575897,RAW_IMU,,,,,,,,,0,0,-1000,1,3,2,,,,,
1790036429.5951004,ATTITUDE,,,,,,,,,,,,,,,0.0011975531233474612,0.0020579316187649965,-2.355607271194458,,
1790036429.5957139,RAW_IMU,,,,,,,,,0,0,-1000,4,3,2,,,,,
1790036429.6149325,ATTITUDE,,,,,,,,,,,,,,,0.0011544149601832032,0.002035213401541114,-2.355628490447998,,
1790036429.6156,RAW_IMU,,,,,,,,,0,0,-1000,1,2,2,,,,,
1790036429.635088,ATTITUDE,,,,,,,,,,,,,,,0.001170959323644638,0.0020435028709471226,-2.3556463718414307,,
1790036429.6363318,RAW_IMU,,,,,,,,,0,0,-1000,3,3,2,,,,,
1790036429.6652231,GLOBAL_POSITION_INT,-35.3609107,149.168039,581.43,0.22,0.02,0.0,0.49,225.04,,,,,,,,,,,
1790036429.667057,GPS_RAW_INT,,,,,,,,,,,,,,,,,,6,10
1790036429.6678016,ATTITUDE,,,,,,,,,,,,,,,0.0011792967561632395,0.0020067207515239716,-2.355659008026123,,
1790036429.66878,RAW_IMU,,,,,,,,,0,0,-1000,3,1,2,,,,,
1790036429.676246,ATTITUDE,,,,,,,,,,,,,,,0.0011844562832266092,0.0020176945254206657,-2.355668783187866,,
1790036429.678206,RAW_IMU,,,,,,,,,0,0,-1000,3,3,2,,,,,
1790036429.69813,ATTITUDE,,,,,,,,,,,,,,,0.00119129684753716,0.0019829347729682922,-2.355679988861084,,
1790036429.7014558,RAW_IMU,,,,,,,,,0,0,-1000,3,2,2,,,,,
1790036429.7181082,ATTITUDE,,,,,,,,,,,,,,,0.0011941716074943542,0.0019932989962399006,-2.3556857109069824,,
1790036429.7199364,RAW_IMU,,,,,,,,,0,0,-1000,3,3,2,,,,,
1790036429.737779,ATTITUDE,,,,,,,,,,,,,,,0.0011948050232604146,0.001953632803633809,-2.3556883335113525,,
1790036429.7386508,RAW_IMU,,,,,,,,,0,0,-1000,3,2,3,,,,,
1790036429.7519479,GLOBAL_POSITION_INT,-35.3609107,149.168039,581.38,0.17,0.02,0.0,0.49,225.03,,,,,,,,,,,
1790036429.7528093,GPS_RAW_INT,,,,,,,,,,,,,,,,,,6,10
1790036429.757913,ATTITUDE,,,,,,,,,,,,,,,0.0011962676653638482,0.0019661823753267527,-2.355687141418457,,
1790036429.7596853,RAW_IMU,,,,,,,,,0,0,-1000,3,3,3,,,,,
1790036429.7738054,ATTITUDE,,,,,,,,,,,,,,,0.0011976227397099137,0.0019270721822977066,-2.3556833267211914,,
1790036429.7748103,RAW_IMU,,,,,,,,,0,0,-1000,3,2,3,,,,,
1790036429.7944,ATTITUDE,,,,,,,,,,,,,,,0.0011992998188361526,0.0019232297781854868,-2.355681896209717,,
1790036429.7955892,RAW_IMU,,,,,,,,,0,0,-1001,3,2,3,,,,,
1790036429.8138862,ATTITUDE,,,,,,,,,,,,,,,0.0012014234671369195,0.0018978622974827886,-2.3556768894195557,,
1790036429.8156583,RAW_IMU,,,,,,,,,0,0,-1000,3,2,3,,,,,
1790036429.834052,ATTITUDE,,,,,,,,,,,,,,,0.0012044719187542796,0.0018857289105653763,-2.3556675910949707,,
1790036429.8357313,RAW_IMU,,,,,,,,,0,0,-1000,3,2,3,,,,,
1790036429.8538055,GLOBAL_POSITION_INT,-35.3609107,149.168039,581.33,0.12,0.02,0.0,0.49,225.04,,,,,,,,,,,
1790036429.8552365,GPS_RAW_INT,,,,,,,,,,,,,,,,,,6,10
1790036429.8569329,ATTITUDE,,,,,,,,,,,,,,,0.0012088656658306718,0.0018740656087175012,-2.355656147003174,,
1790036429.858147,RAW_IMU,,,,,,,,,0,0,-1000,3,3,3,,,,,
1790036429.8753798,ATTITUDE,,,,,,,,,,,,,,,0.00121255440171808,0.0018406877061352134,-2.355642080307007,,
1790036429.8769531,RAW_IMU,,,,,,,,,0,0,-1000,3,1,3,,,,,
1790036429.9155338,ATTITUDE,,,,,,,,,,,,,,,0.0011997491819784045,0.0018540198216214776,-2.3556315898895264,,
1790036429.91695,RAW_IMU,,,,,,,,,0,0,-1000,2,4,3,,,,,
1790036429.9182758,ATTITUDE,,,,,,,,,,,,,,,0.0012287895660847425,0.001808529021218419,-2.355621576309204,,
1790036429.9199035,RAW_IMU,,,,,,,,,0,0,-1000,4,1,3,,,,,
1790036429.9360733,ATTITUDE,,,,,,,,,,,,,,,0.0011826237896457314,0.0017640446312725544,-2.355614185333252,,
1790036429.9371283,RAW_IMU,,,,,,,,,0,0,-1000,1,1,3,,,,,
1790036429.9510474,GLOBAL_POSITION_INT,-35.3609107,149.168039,581.28,0.071,0.02,0.0,0.49,225.04,,,,,,,,,,,
1790036429.9520442,GPS_RAW_INT,,,,,,,,,,,,,,,,,,6,10
1790036429.9570656,ATTITUDE,,,,,,,,,,,,,,,0.001218831050209701,0.0017213713144883513,-2.3556087017059326,,
1790036429.958603,RAW_IMU,,,,,,,,,0,0,-1000,4,1,3,,,,,
1790036429.9772482,ATTITUDE,,,,,,,,,,,,,,,0.0011789940763264894,0.0016811343375593424,-2.3556063175201416,,
1790036429.9790988,RAW_IMU,,,,,,,,,0,0,-1000,2,1,3,,,,,
1790036429.9968953,ATTITUDE,,,,,,,,,,,,,,,0.0012092128163203597,0.0016426962101832032,-2.355612277984619,,
1790036429.997898,RAW_IMU,,,,,,,,,0,0,-1000,4,1,3,,,,,
1790036430.0169625,ATTITUDE,,,,,,,,,,,,,,,0.0011792482109740376,0.0016066302778199315,-2.3556177616119385,,
1790036430.0188649,RAW_IMU,,,,,,,,,0,0,-1000,2,1,3,,,,,
1790036430.0369122,ATTITUDE,,,,,,,,,,,,,,,0.0012016064720228314,0.0015708766877651215,-2.3556251525878906,,
1790036430.0383308,RAW_IMU,,,,,,,,,0,0,-1000,3,1,2,,,,,
1790036430.056054,GLOBAL_POSITION_INT,-35.3609107,149.168039,581.23,0.021,0.02,0.0,0.49,225.04,,,,,,,,,,,
1790036430.0567825,GPS_RAW_INT,,,,,,,,,,,,,,,,,,6,10
1790036430.0582423,ATTITUDE,,,,,,,,,,,,,,,0.0012226547114551067,0.0015380489639937878,-2.3556339740753174,,
1790036430.0605845,RAW_IMU,,,,,,,,,0,0,-1000,4,1,2,,,,,
1790036430.0771065,ATTITUDE,,,,,,,,,,,,,,,0.0012273642932996154,0.0015071615343913436,-2.3556437492370605,,
1790036430.0785642,RAW_IMU,,,,,,,,,0,0,-1000,2,1,2,,,,,
1790036430.0977755,ATTITUDE,,,,,,,,,,,,,,,0.0012643537484109402,0.0014773214934393764,-2.3556606769561768,,
1790036430.09927,RAW_IMU,,,,,,,,,0,0,-1000,5,1,2,,,,,
1790036430.1182528,ATTITUDE,,,,,,,,,,,,,,,0.0012555981520563364,0.0014465083368122578,-2.3556785583496094,,
1790036430.119378,RAW_IMU,,,,,,,,,0,0,-1000,2,1,2,,,,,
1790036430.133166,ATTITUDE,,,,,,,,,,,,,,,0.0012909668730571866,0.00142039661295712,-2.3556950092315674,,
1790036430.1344745,RAW_IMU,,,,,,,,,0,0,-1000,5,1,2,,,,,
1790036430.1675115,GLOBAL_POSITION_INT,-35.3609107,149.168039,581.18,-0.028,0.02,0.0,0.49,225.03,,,,,,,,,,,
1790036430.1693413,GPS_RAW_INT,,,,,,,,,,,,,,,,,,6,10
1790036430.170505,ATTITUDE,,,,,,,,,,,,,,,0.0012627681717276573,0.0014102383283898234,-2.3557116985321045,,
1790036430.171822,RAW_IMU,,,,,,,,,0,0,-1001,2,2,2,,,,,
1790036430.174408,ATTITUDE,,,,,,,,,,,,,,,0.0013069967972114682,0.0014148406917229295,-2.3557279109954834,,
1790036430.1767042,RAW_IMU,,,,,,,,,0,0,-1001,5,3,2,,,,,
1790036430.1935196,ATTITUDE,,,,,,,,,,,,,,,0.0012917298590764403,0.0014237827854231,-2.355750799179077,,
1790036430.1946945,RAW_IMU,,,,,,,,,0,0,-1001,2,3,2,,,,,
1790036430.213777,ATTITUDE,,,,,,,,,,,,,,,0.0013350807130336761,0.0014884525444358587,-2.3557724952697754,,
1790036430.2153273,RAW_IMU,,,,,,,,,0,0,-1000,4,6,2,,,,,
1790036430.2340302,ATTITUDE,,,,,,,,,,,,,,,0.001342357019893825,0.0015232795849442482,-2.35578989982605,,
1790036430.235874,RAW_IMU,,,,,,,,,0,0,-1001,4,5,2,,,,,
1790036430.2545207,GLOBAL_POSITION_INT,-35.3609107,149.168039,581.13,-0.078,0.02,0.0,0.49,225.03,,,,,,,,,,,
1790036430.2556133,GPS_RAW_INT,,,,,,,,,,,,,,,,,,6,10
1790036430.257447,ATTITUDE,,,,,,,,,,,,,,,0.0013409366365522146,0.0016024434007704258,-2.3558030128479004,,
1790036430.2591946,RAW_IMU,,,,,,,,,0,0,-1001,3,6,2,,,,,
1790036430.2747462,ATTITUDE,,,,,,,,,,,,,,,0.0013405687641352415,0.0016532085137441754,-2.3558125495910645,,
1790036430.275552,RAW_IMU,,,,,,,,,0,0,-1001,3,6,2,,,,,
1790036430.2956436,ATTITUDE,,,,,,,,,,,,,,,0.001341397874057293,0.0017358598997816443,-2.3558244705200195,,
1790036430.296542,RAW_IMU,,,,,,,,,0,0,-1000,3,6,2,,,,,
1790036430.3156357,ATTITUDE,,,,,,,,,,,,,,,0.0013370431261137128,0.0017614129465073347,-2.355834484100342,,
1790036430.316663,RAW_IMU,,,,,,,,,0,0,-1000,3,5,2,,,,,
1790036430.335496,ATTITUDE,,,,,,,,,,,,,,,0.0013315321411937475,0.0018358458764851093,-2.3558404445648193,,
1790036430.3367984,RAW_IMU,,,,,,,,,0,0,-1000,3,6,2,,,,,
1790036430.3561826,GLOBAL_POSITION_INT,-35.3609107,149.168039,581.08,-0.128,0.02,0.0,0.49,225.03,,,,,,,,,,,
1790036430.358151,GPS_RAW_INT,,,,,,,,,,,,,,,,,,6,10
1790036430.359833,ATTITUDE,,,,,,,,,,,,,,,0.0013272843789309263,0.001855362905189395,-2.355842113494873,,
1790036430.3616097,RAW_IMU,,,,,,,,,0,0,-1001,3,5,3,,,,,
1790036430.3764238,ATTITUDE,,,,,,,,,,,,,,,0.0013232812052592635,0.001917125890031457,-2.355839490890503,,
1790036430.3773985,RAW_IMU,,,,,,,,,0,0,-1000,3,5,3,,,,,
1790036430.4188654,ATTITUDE,,,,,,,,,,,,,,,0.0013207161100581288,0.00196057534776628,-2.355839490890503,,
1790036430.4198816,RAW_IMU,,,,,,,,,0,0,-1000,3,6,3,,,,,
1790036430.4214003,ATTITUDE,,,,,,,,,,,,,,,0.001318315858952701,0.0020014592446386814,-2.3558349609375,,
1790036430.4225838,RAW_IMU,,,,,,,,,0,0,-1000,3,4,3,,,,,
1790036430.4368057,ATTITUDE,,,,,,,,,,,,,,,0.001316739129833877,0.0020523101557046175,-2.3558266162872314,,
1790036430.4380398,RAW_IMU,,,,,,,,,0,0,-1001,3,6,3,,,,,
1790036430.4512494,GLOBAL_POSITION_INT,-35.3609107,149.168039,581.03,-0.178,0.02,0.0,0.49,225.03,,,,,,,,,,,
1790036430.4526107,GPS_RAW_INT,,,,,,,,,,,,,,,,,,6,10
1790036430.4564433,ATTITUDE,,,,,,,,,,,,,,,0.001315933302976191,0.0020740595646202564,-2.3558173179626465,,
1790036430.456973,RAW_IMU,,,,,,,,,0,0,-1001,3,4,3,,,,,
1790036430.4751706,ATTITUDE,,,,,,,,,,,,,,,0.0013246663147583604,0.002141800010576844,-2.355804443359375,,
1790036430.4755435,RAW_IMU,,,,,,,,,0,0,-1001,3,6,3,,,,,
1790036430.4941082,ATTITUDE,,,,,,,,,,,,,,,0.001306929043494165,0.002143305726349354,-2.3557984828948975,,
1790036430.4947126,RAW_IMU,,,,,,,,,0,0,-1000,2,3,3,,,,,
1790036430.5134308,ATTITUDE,,,,,,,,,,,,,,,0.001303945085965097,0.0021687974222004414,-2.3557956218719482,,
1790036430.514766,RAW_IMU,,,,,,,,,0,0,-1000,2,4,3,,,,,
1790036430.5331454,ATTITUDE,,,,,,,,,,,,,,,0.001315854024142027,0.0022025892976671457,-2.3557932376861572,,
1790036430.5349243,RAW_IMU,,,,,,,,,0,0,-1000,4,5,3,,,,,
1790036430.5528731,GLOBAL_POSITION_INT,-35.3609107,149.168039,580.98,-0.227,0.02,0.0,0.49,225.03,,,,,,,,,,,
1790036430.5545573,GPS_RAW_INT,,,,,,,,,,,,,,,,,,6,10
1790036430.558348,ATTITUDE,,,,,,,,,,,,,,,0.001281633274629712,0.0022330947685986757,-2.355792999267578,,
1790036430.5602884,RAW_IMU,,,,,,,,,0,0,-1000,1,4,3,,,,,
1790036430.5736709,ATTITUDE,,,,,,,,,,,,,,,0.0013191153993830085,0.002263967413455248,-2.3557944297790527,,
1790036430.5750492,RAW_IMU,,,,,,,,,0,0,-1000,5,4,3,,,,,
1790036430.5935853,ATTITUDE,,,,,,,,,,,,,,,0.001294558634981513,0.0022940384224057198,-2.355804443359375,,
1790036430.5949898,RAW_IMU,,,,,,,,,0,0,-1000,2,4,2,,,,,
1790036430.61361,ATTITUDE,,,,,,,,,,,,,,,0.0013513657031580806,0.002323346445336938,-2.3558151721954346,,
1790036430.61551,RAW_IMU,,,,,,,,,0,0,-1000,5,4,2,,,,,
1790036430.6382105,ATTITUDE,,,,,,,,,,,,,,,0.0013345248298719525,0.0023523655254393816,-2.355825901031494,,
1790036430.6394324,RAW_IMU,,,,,,,,,0,0,-1001,2,4,2,,,,,
1790036430.667978,GLOBAL_POSITION_INT,-35.3609107,149.168039,580.93,-0.277,0.02,0.0,0.49,225.03,,,,,,,,,,,
1790036430.6697986,GPS_RAW_INT,,,,,,,,,,,,,,,,,,6,10
1790036430.671077,ATTITUDE,,,,,,,,,,,,,,,0.0013695701491087675,0.0023815962485969067,-2.3558356761932373,,
1790036430.6735227,RAW_IMU,,,,,,,,,0,0,-1001,4,4,2,,,,,
1790036430.6748292,ATTITUDE,,,,,,,,,,,,,,,0.0013484243536368012,0.0024111615493893623,-2.3558454513549805,,
1790036430.676267,RAW_IMU,,,,,,,,,0,0,-1001,2,4,2,,,,,
1790036430.693748,ATTITUDE,,,,,,,,,,,,,,,0.0013739531859755516,0.002437877468764782,-2.355860948562622,,
1790036430.6950505,RAW_IMU,,,,,,,,,0,0,-1001,3,4,2,,,,,
1790036430.7149389,ATTITUDE,,,,,,,,,,,,,,,0.0013690441846847534,0.002460455521941185,-2.3558788299560547,,
1790036430.7161653,RAW_IMU,,,,,,,,,0,0,-1001,3,4,2,,,,,
1790036430.7348828,ATTITUDE,,,,,,,,,,,,,,,0.0013754261890426278,0.0024826908484101295,-2.3558950424194336,,
1790036430.7366827,RAW_IMU,,,,,,,,,0,0,-1001,3,4,2,,,,,
1790036430.7552834,GLOBAL_POSITION_INT,-35.3609107,149.168039,580.88,-0.327,0.02,0.0,0.49,225.02,,,,,,,,,,,
1790036430.7559936,GPS_RAW_INT,,,,,,,,,,,,,,,,,,6,10
1790036430.7590961,ATTITUDE,,,,,,,,,,,,,,,0.0013684220612049103,0.002488985424861312,-2.355909824371338,,
1790036430.7612178,RAW_IMU,,,,,,,,,0,0,-1001,3,3,2,,,,,
1790036430.776305,ATTITUDE,,,,,,,,,,,,,,,0.0013781980378553271,0.0024909123312681913,-2.3559255599975586,,
1790036430.778292,RAW_IMU,,,,,,,,,0,0,-1000,3,3,2,,,,,
1790036430.7960215,ATTITUDE,,,,,,,,,,,,,,,0.0013726979959756136,0.0024933021049946547,-2.3559465408325195,,
1790036430.7977648,RAW_IMU,,,,,,,,,0,0,-1000,3,3,2,,,,,
1790036430.8156345,ATTITUDE,,,,,,,,,,,,,,,0.001354315667413175,0.002473484491929412,-2.3559675216674805,,
1790036430.8171134,RAW_IMU,,,,,,,,,0,0,-1000,1,2,2,,,,,
1790036430.8374414,ATTITUDE,,,,,,,,,,,,,,,0.0013768724165856838,0.0025011193938553333,-2.3559861183166504,,
1790036430.8386838,RAW_IMU,,,,,,,,,0,0,-1000,4,4,2,,,,,
1790036430.8527806,GLOBAL_POSITION_INT,-35.3609107,149.168039,580.83,-0.377,0.02,0.0,0.49,225.02,,,,,,,,,,,
1790036430.8538582,GPS_RAW_INT,,,,,,,,,,,,,,,,,,6,10
1790036430.8550174,ATTITUDE,,,,,,,,,,,,,,,0.0013480139896273613,0.002454957691952586,-2.3560028076171875,,
1790036430.8563952,RAW_IMU,,,,,,,,,0,0,-1000,1,1,2,,,,,
1790036430.8739443,ATTITUDE,,,,,,,,,,,,,,,0.0013649942120537162,0.002439533593133092,-2.3560149669647217,,
1790036430.8752298,RAW_IMU,,,,,,,,,0,0,-1000,3,1,2,,,,,
1790036430.912231,ATTITUDE,,,,,,,,,,,,,,,0.0013843957567587495,0.002393558621406555,-2.3560304641723633,,
1790036430.9127598,RAW_IMU,,,,,,,,,0,0,-1000,4,1,2,,,,,
1790036430.9141734,ATTITUDE,,,,,,,,,,,,,,,0.0013971342705190182,0.0023446225095540285,-2.3560407161712646,,
1790036430.9156885,RAW_IMU,,,,,,,,,0,0,-1000,4,0,2,,,,,
1790036430.9340572,ATTITUDE,,,,,,,,,,,,,,,0.001408417709171772,0.0023103111889213324,-2.356046676635742,,
1790036430.9358807,RAW_IMU,,,,,,,,,0,0,-1000,3,2,2,,,,,
1790036430.9537337,GLOBAL_POSITION_INT,-35.3609107,149.168039,580.78,-0.427,0.02,0.0,0.5,225.01,,,,,,,,,,,
1790036430.9548562,GPS_RAW_INT,,,,,,,,,,,,,,,,,,6,10
1790036430.9568238,ATTITUDE,,,,,,,,,,,,,,,0.0014211502857506275,0.0022394834086298943,-2.3560492992401123,,
1790036430.9577997,RAW_IMU,,,,,,,,,0,0,-1001,4,0,3,,,,,
1790036430.9739144,ATTITUDE,,,,,,,,,,,,,,,0.001433623256161809,0.0022332770749926567,-2.3560476303100586,,
1790036430.974521,RAW_IMU,,,,,,,,,0,0,-1001,3,3,3,,,,,
1790036430.993935,ATTITUDE,,,,,,,,,,,,,,,0.001445290050469339,0.0021498186979442835,-2.356048345565796,,
1790036430.9951491,RAW_IMU,,,,,,,,,0,0,-1001,3,0,3,,,,,
1790036431.0140195,ATTITUDE,,,,,,,,,,,,,,,0.0014564405428245664,0.0021507011260837317,-2.356045722961426,,
1790036431.015747,RAW_IMU,,,,,,,,,0,0,-1001,3,3,3,,,,,
1790036431.0337682,ATTITUDE,,,,,,,,,,,,,,,0.0014687072252854705,0.002075332449749112,-2.3560404777526855,,
1790036431.0349736,RAW_IMU,,,,,,,,,0,0,-1001,3,0,3,,,,,
1790036431.0531244,GLOBAL_POSITION_INT,-35.3609107,149.168039,580.73,-0.477,0.02,0.0,0.5,225.01,,,,,,,,,,,
1790036431.0547626,GPS_RAW_INT,,,,,,,,,,,,,,,,,,6,10
1790036431.0567408,ATTITUDE,,,,,,,,,,,,,,,0.001480892184190452,0.002059826161712408,-2.3560309410095215,,
1790036431.0583165,RAW_IMU,,,,,,,,,0,0,-1001,3,1,3,,,,,
1790036431.0739074,ATTITUDE,,,,,,,,,,,,,,,0.0014936084626242518,0.0020246824715286493,-2.3560187816619873,,
1790036431.0756788,RAW_IMU,,,,,,,,,0,0,-1001,3,1,3,,,,,
1790036431.094858,ATTITUDE,,,,,,,,,,,,,,,0.0015073013491928577,0.0019747265614569187,-2.356011390686035,,
1790036431.0959306,RAW_IMU,,,,,,,,,0,0,-1001,3,0,3,,,,,
1790036431.1150613,ATTITUDE,,,,,,,,,,,,,,,0.0015014121308922768,0.0019679786637425423,-2.3560123443603516,,
1790036431.1162803,RAW_IMU,,,,,,,,,0,3,-1429,3,2,3,,,,,
1790036431.1345518,ATTITUDE,,,,,,,,,,,,,,,0.001495177741162479,0.0019628542941063643,-2.3560121059417725,,
1790036431.1357434,RAW_IMU,,,,,,,,,0,3,-1507,3,3,3,,,,,
1790036431.1731904,GLOBAL_POSITION_INT,-35.3609107,149.168039,580.69,-0.519,0.02,0.0,0.22,225.02,,,,,,,,,,,
1790036431.1752865,GPS_RAW_INT,,,,,,,,,,,,,,,,,,6,10
1790036431.1764164,ATTITUDE,,,,,,,,,,,,,,,0.0014904179843142629,0.0019580551888793707,-2.3560097217559814,,
1790036431.1773849,RAW_IMU,,,,,,,,,0,3,-1458,3,3,3,,,,,
1790036431.1788354,ATTITUDE,,,,,,,,,,,,,,,0.0014870153972879052,0.0019535087049007416,-2.356005907058716,,
1790036431.1799443,RAW_IMU,,,,,,,,,0,2,-1415,3,3,3,,,,,
1790036431.197595,ATTITUDE,,,,,,,,,,,,,,,0.0014835397014394403,0.0019508885452523828,-2.356008291244507,,
1790036431.1995037,RAW_IMU,,,,,,,,,0,2,-1367,3,3,3,,,,,
1790036431.2176192,ATTITUDE,,,,,,,,,,,,,,,0.0014808836858719587,0.0019494318403303623,-2.3560092449188232,,
1790036431.219341,RAW_IMU,,,,,,,,,0,2,-1314,3,3,3,,,,,
1790036431.237554,ATTITUDE,,,,,,,,,,,,,,,0.0014798318734392524,0.0019485439406707883,-2.356008529663086,,
1790036431.2383683,RAW_IMU,,,,,,,,,0,1,-1259,3,3,3,,,,,
1790036431.2521996,GLOBAL_POSITION_INT,-35.3609107,149.168039,580.68,-0.525,0.03,0.0,-0.07,225.02,,,,,,,,,,,
1790036431.2526228,GPS_RAW_INT,,,,,,,,,,,,,,,,,,6,10
1790036431.2581985,ATTITUDE,,,,,,,,,,,,,,,0.0014814655296504498,0.001947379787452519,-2.356006622314453,,
1790036431.2597346,RAW_IMU,,,,,,,,,0,1,-1205,3,3,3,,,,,
1790036431.2783327,ATTITUDE,,,,,,,,,,,,,,,0.0014817401533946395,0.0019493679283186793,-2.3560025691986084,,
1790036431.2793646,RAW_IMU,,,,,,,,,0,0,-1153,3,3,3,,,,,
1790036431.2980661,ATTITUDE,,,,,,,,,,,,,,,0.0014852125896140933,0.001950508332811296,-2.3560047149658203,,
1790036431.2996807,RAW_IMU,,,,,,,,,0,0,-1105,3,3,3,,,,,
1790036431.3179111,ATTITUDE,,,,,,,,,,,,,,,0.0014823888195678592,0.0019480152986943722,-2.3560068607330322,,
1790036431.3191133,RAW_IMU,,,,,,,,,0,0,-1062,3,3,3,,,,,
1790036431.3380795,ATTITUDE,,,,,,,,,,,,,,,0.0014782336074858904,0.0019452022388577461,-2.356006622314453,,
1790036431.3392801,RAW_IMU,,,,,,,,,0,0,-1024,3,3,3,,,,,
1790036431.3529012,GLOBAL_POSITION_INT,-35.3609107,149.168039,580.69,-0.516,0.03,0.0,-0.14,225.02,,,,,,,,,,,
1790036431.3533828,GPS_RAW_INT,,,,,,,,,,,,,,,,,,6,10
1790036431.3542144,ATTITUDE,,,,,,,,,,,,,,,0.001475358265452087,0.0019426203798502684,-2.356006383895874,,
1790036431.3547926,RAW_IMU,,,,,,,,,0,0,-993,3,3,3,,,,,
1790036431.3738236,ATTITUDE,,,,,,,,,,,,,,,0.0014722105115652084,0.001940567628480494,-2.3560030460357666,,
1790036431.374984,RAW_IMU,,,,,,,,,0,0,-967,3,3,3,,,,,
1790036431.4147546,ATTITUDE,,,,,,,,,,,,,,,0.001470394665375352,0.0019390290835872293,-2.356006622314453,,
1790036431.4156651,RAW_IMU,,,,,,,,,0,0,-948,3,3,3,,,,,
1790036431.4170206,ATTITUDE,,,,,,,,,,,,,,,0.0014685846399515867,0.0019368539797142148,-2.3560075759887695,,
1790036431.4182937,RAW_IMU,,,,,,,,,0,0,-934,3,3,3,,,,,
1790036431.434453,ATTITUDE,,,,,,,,,,,,,,,0.0014681871980428696,0.0019372315146028996,-2.356006145477295,,
1790036431.4357939,RAW_IMU,,,,,,,,,0,0,-925,3,3,3,,,,,
1790036431.4546301,GLOBAL_POSITION_INT,-35.3609107,149.168039,580.7,-0.508,0.02,0.0,-0.08,225.02,,,,,,,,,,,
1790036431.4556031,GPS_RAW_INT,,,,,,,,,,,,,,,,,,6,10
1790036431.457117,ATTITUDE,,,,,,,,,,,,,,,0.0014690760290250182,0.0019373157992959023,-2.356004238128662,,
1790036431.4581196,RAW_IMU,,,,,,,,,0,0,-920,3,3,3,,,,,
1790036431.4747162,ATTITUDE,,,,,,,,,,,,,,,0.0014708922244608402,0.0019380272133275867,-2.3560009002685547,,
1790036431.4763386,RAW_IMU,,,,,,,,,0,0,-919,3,3,3,,,,,
1790036431.4945996,ATTITUDE,,,,,,,,,,,,,,,0.001473772805184126,0.0019397191936150193,-2.356001853942871,,
1790036431.495869,RAW_IMU,,,,,,,,,0,0,-921,3,3,3,,,,,
1790036431.5154388,ATTITUDE,,,,,,,,,,,,,,,0.0014724110951647162,0.0019380382727831602,-2.356003761291504,,
1790036431.5168188,RAW_IMU,,,,,,,,,0,0,-926,3,3,3,,,,,
1790036431.5354414,ATTITUDE,,,,,,,,,,,,,,,0.0014687947696074843,0.0019358093850314617,-2.3560032844543457,,
1790036431.5365884,RAW_IMU,,,,,,,,,0,0,-932,3,3,3,,,,,
1790036431.5553555,GLOBAL_POSITION_INT,-35.3609107,149.168039,580.7,-0.508,0.02,0.0,-0.01,225.02,,,,,,,,,,,
1790036431.5566065,GPS_RAW_INT,,,,,,,,,,,,,,,,,,6,10
1790036431.5583308,ATTITUDE,,,,,,,,,,,,,,,0.0014647869393229485,0.001934316591359675,-2.356001615524292,,
1790036431.560006,RAW_IMU,,,,,,,,,0,0,-940,3,3,3,,,,,
1790036431.5764687,ATTITUDE,,,,,,,,,,,,,,,0.0014622720191255212,0.0019318481208756566,-2.3559987545013428,,
1790036431.5776312,RAW_IMU,,,,,,,,,0,0,-949,3,3,3,,,,,
1790036431.5967512,ATTITUDE,,,,,,,,,,,,,,,0.001460828585550189,0.0019292834913358092,-2.3560006618499756,,
1790036431.5983574,RAW_IMU,,,,,,,,,0,0,-958,3,3,3,,,,,
1790036431.616759,ATTITUDE,,,,,,,,,,,,,,,0.0014593472005799413,0.001927470788359642,-2.356001138687134,,
1790036431.6183765,RAW_IMU,,,,,,,,,0,0,-966,3,3,3,,,,,
1790036431.6367683,ATTITUDE,,,,,,,,,,,,,,,0.001458955928683281,0.001927764154970646,-2.3560006618499756,,
1790036431.638118,RAW_IMU,,,,,,,,,0,0,-975,3,3,3,,,,,
1790036431.6658044,GLOBAL_POSITION_INT,-35.3609107,149.168039,580.69,-0.512,0.02,0.0,0.02,225.02,,,,,,,,,,,
1790036431.6672463,GPS_RAW_INT,,,,,,,,,,,,,,,,,,6,10
1790036431.66842,ATTITUDE,,,,,,,,,,,,,,,0.0014598567504435778,0.001928136800415814,-2.3559975624084473,,
1790036431.6697989,RAW_IMU,,,,,,,,,0,0,-983,3,3,3,,,,,
1790036431.677483,ATTITUDE,,,,,,,,,,,,,,,0.001461793901398778,0.0019305369351059198,-2.3559935092926025,,
1790036431.6785748,RAW_IMU,,,,,,,,,0,0,-990,3,3,3,,,,,
1790036431.697859,ATTITUDE,,,,,,,,,,,,,,,0.0014648950891569257,0.001931274076923728,-2.355994462966919,,
1790036431.6998718,RAW_IMU,,,,,,,,,0,0,-996,3,3,3,,,,,
1790036431.7183712,ATTITUDE,,,,,,,,,,,,,,,0.0014618337154388428,0.001929295132867992,-2.3559961318969727,,
1790036431.7194724,RAW_IMU,,,,,,,,,0,0,-1001,3,3,3,,,,,
1790036431.7337523,ATTITUDE,,,,,,,,,,,,,,,0.0014582483563572168,0.0019273259676992893,-2.3559954166412354,,
1790036431.7346842,RAW_IMU,,,,,,,,,0,0,-1006,3,3,3,,,,,
1790036431.7545779,GLOBAL_POSITION_INT,-35.3609107,149.168039,580.69,-0.516,0.02,0.0,0.02,225.02,,,,,,,,,,,
1790036431.7557626,GPS_RAW_INT,,,,,,,,,,,,,,,,,,6,10
1790036431.7578526,ATTITUDE,,,,,,,,,,,,,,,0.001455332967452705,0.0019256861414760351,-2.3559937477111816,,
1790036431.7589989,RAW_IMU,,,,,,,,,0,0,-1009,3,3,3,,,,,
1790036431.775305,ATTITUDE,,,,,,,,,,,,,,,0.001453092903830111,0.0019236940424889326,-2.3559908866882324,,
1790036431.7763412,RAW_IMU,,,,,,,,,0,0,-1011,3,3,3,,,,,
1790036431.7954378,ATTITUDE,,,,,,,,,,,,,,,0.0014519898686558008,0.001922519295476377,-2.3559932708740234,,
1790036431.7965465,RAW_IMU,,,,,,,,,0,0,-1013,3,3,3,,,,,
1790036431.8151727,ATTITUDE,,,,,,,,,,,,,,,0.001450858311727643,0.0019224340794607997,-2.3559939861297607,,
1790036431.816462,RAW_IMU,,,,,,,,,0,0,-1014,3,3,3,,,,,
1790036431.8362124,ATTITUDE,,,,,,,,,,,,,,,0.0014502605190500617,0.0019229855388402939,-2.3559937477111816,,
1790036431.837339,RAW_IMU,,,,,,,,,0,0,-1014,3,3,3,,,,,
1790036431.8565588,GLOBAL_POSITION_INT,-35.3609107,149.168039,580.69,-0.518,0.02,0.0,0.01,225.02,,,,,,,,,,,
1790036431.8577178,GPS_RAW_INT,,,,,,,,,,,,,,,,,,6,10
1790036431.8603356,ATTITUDE,,,,,,,,,,,,,,,0.0014512304915115237,0.0019247146556153893,-2.3559916019439697,,
1790036431.861632,RAW_IMU,,,,,,,,,0,0,-1013,3,3,3,,,,,
1790036431.876699,ATTITUDE,,,,,,,,,,,,,,,0.0014519940596073866,0.0019255571532994509,-2.355988025665283,,
1790036431.8780258,RAW_IMU,,,,,,,,,0,0,-1013,3,3,3,,,,,
1790036431.9141128,ATTITUDE,,,,,,,,,,,,,,,0.001455887802876532,0.0019270717166364193,-2.355989456176758,,
1790036431.9151511,RAW_IMU,,,,,,,,,0,0,-1012,3,3,3,,,,,
1790036431.9186847,ATTITUDE,,,,,,,,,,,,,,,0.0014539986150339246,0.0019250442273914814,-2.3559908866882324,,
1790036431.920743,RAW_IMU,,,,,,,,,0,0,-1011,3,3,3,,,,,
1790036431.9382155,ATTITUDE,,,,,,,,,,,,,,,0.0014504896244034171,0.0019232068443670869,-2.3559916019439697,,
1790036431.9396396,RAW_IMU,,,,,,,,,0,0,-1009,3,3,3,,,,,
1790036431.952491,GLOBAL_POSITION_INT,-35.3609107,149.168039,580.69,-0.519,0.02,0.0,0.0,225.02,,,,,,,,,,,
1790036431.95319,GPS_RAW_INT,,,,,,,,,,,,,,,,,,6,10
1790036431.9583092,ATTITUDE,,,,,,,,,,,,,,,0.001447083312086761,0.001921954331919551,-2.3559885025024414,,
1790036431.959975,RAW_IMU,,,,,,,,,0,0,-1008,3,3,3,,,,,
1790036431.978809,ATTITUDE,,,,,,,,,,,,,,,0.001446040696464479,0.0019206784199923277,-2.355985164642334,,
1790036431.9806328,RAW_IMU,,,,,,,,,0,0,-1006,3,3,3,,,,,
1790036431.9986835,ATTITUDE,,,,,,,,,,,,,,,0.001445320900529623,0.0019187803845852613,-2.3559889793395996,,
1790036431.9998348,RAW_IMU,,,,,,,,,0,0,-1005,3,3,3,,,,,
1790036432.0186815,ATTITUDE,,,,,,,,,,,,,,,0.0014442105311900377,0.0019173827022314072,-2.355989456176758,,
1790036432.0198777,RAW_IMU,,,,,,,,,0,0,-1004,3,3,3,,,,,
1790036432.0386906,ATTITUDE,,,,,,,,,,,,,,,0.0014443648979067802,0.0019173873588442802,-2.355988025665283,,
1790036432.0399396,RAW_IMU,,,,,,,,,0,0,-1003,3,3,3,,,,,
1790036432.0529966,GLOBAL_POSITION_INT,-35.3609107,149.168039,580.69,-0.518,0.02,0.0,0.0,225.02,,,,,,,,,,,
1790036432.0543237,GPS_RAW_INT,,,,,,,,,,,,,,,,,,6,10
1790036432.0587814,ATTITUDE,,,,,,,,,,,,,,,0.00144575082231313,0.0019183544209226966,-2.3559861183166504,,
1790036432.0604386,RAW_IMU,,,,,,,,,0,0,-1001,3,3,3,,,,,
1790036432.073814,ATTITUDE,,,,,,,,,,,,,,,0.0014478800585493445,0.001919197617098689,-2.3559820652008057,,
1790036432.075311,RAW_IMU,,,,,,,,,0,0,-1001,3,3,3,,,,,
1790036432.09866,ATTITUDE,,,,,,,,,,,,,,,0.0014512089546769857,0.0019198446534574032,-2.3559839725494385,,
1790036432.09989,RAW_IMU,,,,,,,,,0,0,-1000,3,3,3,,,,,
1790036432.1189826,ATTITUDE,,,,,,,,,,,,,,,0.0014497844967991114,0.0019186506979167461,-2.355985641479492,,
1790036432.1200874,RAW_IMU,,,,,,,,,0,0,-999,3,3,3,,,,,
1790036432.1387477,ATTITUDE,,,,,,,,,,,,,,,0.001444775378331542,0.0019160935189574957,-2.3559865951538086,,
1790036432.140183,RAW_IMU,,,,,,,,,0,0,-999,3,3,3,,,,,
1790036432.16991,GLOBAL_POSITION_INT,-35.3609107,149.168039,580.69,-0.518,0.02,0.0,0.0,225.02,,,,,,,,,,,
1790036432.1705992,GPS_RAW_INT,,,,,,,,,,,,,,,,,,6,10
1790036432.1722157,ATTITUDE,,,,,,,,,,,,,,,0.0014413688331842422,0.001913781394250691,-2.355984926223755,,
1790036432.1733649,RAW_IMU,,,,,,,,,0,0,-999,3,3,3,,,,,
1790036432.1759157,ATTITUDE,,,,,,,,,,,,,,,0.0014391368022188544,0.0019129229476675391,-2.355983257293701,,
1790036432.1780338,RAW_IMU,,,,,,,,,0,0,-998,3,3,3,,,,,
1790036432.1949794,ATTITUDE,,,,,,,,,,,,,,,0.001437992206774652,0.0019111427245661616,-2.355985641479492,,
1790036432.1960533,RAW_IMU,,,,,,,,,0,0,-998,3,3,3,,,,,
1790036432.2149422,ATTITUDE,,,,,,,,,,,,,,,0.0014378353953361511,0.0019095934694632888,-2.3559868335723877,,
1790036432.2155402,RAW_IMU,,,,,,,,,0,0,-999,3,3,3,,,,,
1790036432.2351067,ATTITUDE,,,,,,,,,,,,,,,0.001438070205040276,0.0019089950947090983,-2.3559863567352295,,
1790036432.2363286,RAW_IMU,,,,,,,,,0,0,-999,3,3,3,,,,,
1790036432.2552474,GLOBAL_POSITION_INT,-35.3609107,149.168039,580.69,-0.518,0.02,0.0,0.0,225.02,,,,,,,,,,,
1790036432.2569718,GPS_RAW_INT,,,,,,,,,,,,,,,,,,6,10
1790036432.258505,ATTITUDE,,,,,,,,,,,,,,,0.0014393544988706708,0.0019097243202850223,-2.3559834957122803,,
1790036432.260194,RAW_IMU,,,,,,,,,0,0,-999,3,3,3,,,,,
1790036432.2763488,ATTITUDE,,,,,,,,,,,,,,,0.0014406644040718675,0.0019105180399492383,-2.3559796810150146,,
1790036432.2777784,RAW_IMU,,,,,,,,,0,0,-999,3,3,3,,,,,
1790036432.2974868,ATTITUDE,,,,,,,,,,,,,,,0.0014428412541747093,0.001911496976390481,-2.3559811115264893,,
1790036432.2983263,RAW_IMU,,,,,,,,,0,0,-999,3,3,3,,,,,
1790036432.3181486,ATTITUDE,,,,,,,,,,,,,,,0.0014417009660974145,0.0019095921888947487,-2.3559820652008057,,
1790036432.3194509,RAW_IMU,,,,,,,,,0,0,-999,3,3,3,,,,,
1790036432.3384242,ATTITUDE,,,,,,,,,,,,,,,0.0014379112981259823,0.0019079262856394053,-2.355982542037964,,
1790036432.3403077,RAW_IMU,,,,,,,,,0,0,-1000,3,3,3,,,,,
1790036432.3529418,GLOBAL_POSITION_INT,-35.3609107,149.168039,580.69,-0.517,0.02,0.0,0.0,225.02,,,,,,,,,,,
1790036432.3548093,GPS_RAW_INT,,,,,,,,,,,,,,,,,,6,10
1790036432.358757,ATTITUDE,,,,,,,,,,,,,,,0.0014352967264130712,0.0019056147430092096,-2.3559813499450684,,
1790036432.3604732,RAW_IMU,,,,,,,,,0,0,-1000,3,3,3,,,,,
1790036432.378797,ATTITUDE,,,,,,,,,,,,,,,0.0014329119585454464,0.0019041640916839242,-2.3559772968292236,,
1790036432.3800406,RAW_IMU,,,,,,,,,0,0,-1000,3,3,3,,,,,
1790036432.4196658,ATTITUDE,,,,,,,,,,,,,,,0.0014319123001769185,0.0019024732755497098,-2.3559799194335938,,
1790036432.4207573,RAW_IMU,,,,,,,,,0,0,-1000,3,3,3,,,,,
1790036432.422527,ATTITUDE,,,,,,,,,,,,,,,0.0014313458232209086,0.0019018492894247174,-2.3559818267822266,,
1790036432.4244905,RAW_IMU,,,,,,,,,0,0,-1000,3,3,3,,,,,
1790036432.438507,ATTITUDE,,,,,,,,,,,,,,,0.0014313752762973309,0.001901473617181182,-2.3559813499450684,,
1790036432.4396002,RAW_IMU,,,,,,,,,0,0,-1001,3,3,3,,,,,
1790036432.4528008,GLOBAL_POSITION_INT,-35.3609107,149.168039,580.69,-0.517,0.02,0.0,0.0,225.02,,,,,,,,,,,
1790036432.453956,GPS_RAW_INT,,,,,,,,,,,,,,,,,,6,10
1790036432.4586973,ATTITUDE,,,,,,,,,,,,,,,0.0014320237096399069,0.0019014449790120125,-2.3559775352478027,,
1790036432.4600887,RAW_IMU,,,,,,,,,0,0,-1001,3,3,3,,,,,
1790036432.4786594,ATTITUDE,,,,,,,,,,,,,,,0.0014339885674417019,0.0019029679242521524,-2.355973720550537,,
1790036432.4795392,RAW_IMU,,,,,,,,,0,0,-1001,3,3,3,,,,,
1790036432.4984381,ATTITUDE,,,,,,,,,,,,,,,0.0014371317811310291,0.0019038394093513489,-2.3559749126434326,,
1790036432.4996142,RAW_IMU,,,,,,,,,0,0,-1001,3,3,3,,,,,
1790036432.513589,ATTITUDE,,,,,,,,,,,,,,,0.0014362831134349108,0.0019025770016014576,-2.3559775352478027,,
1790036432.514387,RAW_IMU,,,,,,,,,0,0,-1001,3,3,3,,,,,
1790036432.534049,ATTITUDE,,,,,,,,,,,,,,,0.001433430821634829,0.0019008840899914503,-2.3559787273406982,,
1790036432.5356088,RAW_IMU,,,,,,,,,0,0,-1001,3,3,3,,,,,
1790036432.5540078,GLOBAL_POSITION_INT,-35.3609107,149.168039,580.69,-0.517,0.02,0.0,0.0,225.02,,,,,,,,,,,
1790036432.5552273,GPS_RAW_INT,,,,,,,,,,,,,,,,,,6,10
1790036432.557212,ATTITUDE,,,,,,,,,,,,,,,0.0014310571132227778,0.0018991224933415651,-2.3559768199920654,,
1790036432.5586612,RAW_IMU,,,,,,,,,0,0,-1001,3,3,3,,,,,
1790036432.575266,ATTITUDE,,,,,,,,,,,,,,,0.0014289460377767682,0.0018974244594573975,-2.3559751510620117,,
1790036432.5764186,RAW_IMU,,,,,,,,,0,0,-1001,3,3,3,,,,,
1790036432.5951247,ATTITUDE,,,,,,,,,,,,,,,0.0014273487031459808,0.0018964470364153385,-2.3559787273406982,,
1790036432.5960732,RAW_IMU,,,,,,,,,0,0,-1001,3,3,3,,,,,
1790036432.6150954,ATTITUDE,,,,,,,,,,,,,,,0.001427030423656106,0.0018955046543851495,-2.35598087310791,,
1790036432.6160903,RAW_IMU,,,,,,,,,0,0,-1001,3,3,3,,,,,
1790036432.634272,ATTITUDE,,,,,,,,,,,,,,,0.001427216804586351,0.0018963025650009513,-2.35598087310791,,
1790036432.635658,RAW_IMU,,,,,,,,,0,0,-1001,3,3,3,,,,,
1790036432.6696794,GLOBAL_POSITION_INT,-35.3609107,149.168039,580.69,-0.516,0.02,0.0,0.0,225.02,,,,,,,,,,,
1790036432.670747,GPS_RAW_INT,,,,,,,,,,,,,,,,,,6,10
1790036432.672569,ATTITUDE,,,,,,,,,,,,,,,0.0014273935230448842,0.0018976429710164666,-2.3559789657592773,,
1790036432.6740243,RAW_IMU,,,,,,,,,0,0,-1001,3,3,3,,,,,
1790036432.6765494,ATTITUDE,,,,,,,,,,,,,,,0.0014296656008809805,0.0018987621879205108,-2.355976104736328,,
1790036432.6775732,RAW_IMU,,,,,,,,,0,0,-1001,3,3,3,,,,,
1790036432.6976595,ATTITUDE,,,,,,,,,,,,,,,0.0014336267486214638,0.0018993851263076067,-2.35597825050354,,
1790036432.6986766,RAW_IMU,,,,,,,,,0,0,-1001,3,3,3,,,,,
1790036432.7204404,ATTITUDE,,,,,,,,,,,,,,,0.0014317277818918228,0.001898780232295394,-2.3559796810150146,,
1790036432.7215788,RAW_IMU,,,,,,,,,0,0,-1001,3,3,3,,,,,
1790036432.7337012,ATTITUDE,,,,,,,,,,,,,,,0.0014291960978880525,0.0018965662457048893,-2.355980157852173,,
1790036432.7349012,RAW_IMU,,,,,,,,,0,0,-1001,3,3,3,,,,,
1790036432.7527785,GLOBAL_POSITION_INT,-35.3609107,149.168039,580.69,-0.516,0.02,0.0,0.0,225.02,,,,,,,,,,,
1790036432.7535307,GPS_RAW_INT,,,,,,,,,,,,,,,,,,6,10
1790036432.7584295,ATTITUDE,,,,,,,,,,,,,,,0.0014256512513384223,0.0018938037101179361,-2.3559796810150146,,
1790036432.7598238,RAW_IMU,,,,,,,,,0,0,-1001,3,3,3,,,,,
1790036432.779464,ATTITUDE,,,,,,,,,,,,,,,0.0014250476378947496,0.0018923315219581127,-2.3559775352478027,,
1790036432.7809448,RAW_IMU,,,,,,,,,0,0,-1001,3,3,3,,,,,
1790036432.7935152,ATTITUDE,,,,,,,,,,,,,,,0.0014234640402719378,0.0018905895994976163,-2.3559818267822266,,
1790036432.79439,RAW_IMU,,,,,,,,,0,0,-1001,3,3,3,,,,,
1790036432.8135407,ATTITUDE,,,,,,,,,,,,,,,0.0014234246918931603,0.0018902175361290574,-2.3559837341308594,,
1790036432.8143227,RAW_IMU,,,,,,,,,0,0,-1001,3,3,3,,,,,
1790036432.833671,ATTITUDE,,,,,,,,,,,,,,,0.0014228882500901818,0.0018896237015724182,-2.355983257293701,,
1790036432.834679,RAW_IMU,,,,,,,,,0,0,-1001,3,3,3,,,,,
1790036432.8536763,GLOBAL_POSITION_INT,-35.3609107,149.168039,580.69,-0.515,0.02,0.0,0.0,225.02,,,,,,,,,,,
1790036432.8541746,GPS_RAW_INT,,,,,,,,,,,,,,,,,,6,10
1790036432.8554032,ATTITUDE,,,,,,,,,,,,,,,0.001424937741830945,0.0018909876234829426,-2.3559796810150146,,
1790036432.8560057,RAW_IMU,,,,,,,,,0,0,-1001,3,3,3,,,,,
1790036432.8751252,ATTITUDE,,,,,,,,,,,,,,,0.0014262847835198045,0.0018915205728262663,-2.3559765815734863,,
1790036432.8771377,RAW_IMU,,,,,,,,,0,0,-1001,3,3,3,,,,,
1790036432.914958,ATTITUDE,,,,,,,,,,,,,,,0.0014297434827312827,0.0018932879902422428,-2.355980157852173,,
1790036432.9161515,RAW_IMU,,,,,,,,,0,0,-1001,3,3,3,,,,,
1790036432.9178405,ATTITUDE,,,,,,,,,,,,,,,0.0014289019163697958,0.0018912896048277617,-2.355983018875122,,
1790036432.9188805,RAW_IMU,,,,,,,,,0,0,-1001,3,3,3,,,,,
1790036432.9342558,ATTITUDE,,,,,,,,,,,,,,,0.0014257103903219104,0.0018887249752879143,-2.355982542037964,,
1790036432.935134,RAW_IMU,,,,,,,,,0,0,-1001,3,3,3,,,,,
1790036432.9537873,GLOBAL_POSITION_INT,-35.3609107,149.168039,580.69,-0.515,0.02,0.0,0.0,225.02,,,,,,,,,,,
1790036432.9548833,GPS_RAW_INT,,,,,,,,,,,,,,,,,,6,10
1790036432.9560142,ATTITUDE,,,,,,,,,,,,,,,0.0014240434393286705,0.0018867439357563853,-2.3559815883636475,,
1790036432.9568267,RAW_IMU,,,,,,,,,0,0,-1001,3,3,3,,,,,
1790036432.9747522,ATTITUDE,,,,,,,,,,,,,,,0.0014227076899260283,0.0018846053862944245,-2.3559787273406982,,
1790036432.9764874,RAW_IMU,,,,,,,,,0,0,-1001,3,3,3,,,,,
1790036432.994244,ATTITUDE,,,,,,,,,,,,,,,0.0014200217556208372,0.0018836191156879067,-2.3559820652008057,,
1790036432.995517,RAW_IMU,,,,,,,,,0,0,-1001,3,3,3,,,,,
1790036433.0145862,ATTITUDE,,,,,,,,,,,,,,,0.0014192567905411124,0.0018829361069947481,-2.355983257293701,,
1790036433.0154176,RAW_IMU,,,,,,,,,0,0,-1001,3,3,3,,,,,
1790036433.0342166,ATTITUDE,,,,,,,,,,,,,,,0.0014183674938976765,0.001883470336906612,-2.3559837341308594,,
1790036433.0355985,RAW_IMU,,,,,,,,,0,0,-1001,3,3,3,,,,,
1790036433.054055,GLOBAL_POSITION_INT,-35.3609107,149.168039,580.69,-0.515,0.02,0.0,0.0,225.02,,,,,,,,,,,
1790036433.0552163,GPS_RAW_INT,,,,,,,,,,,,,,,,,,6,10
1790036433.0567143,ATTITUDE,,,,,,,,,,,,,,,0.0014198928838595748,0.0018834127113223076,-2.3559820652008057,,
1790036433.0577645,RAW_IMU,,,,,,,,,0,0,-1001,3,3,3,,,,,
1790036433.074994,ATTITUDE,,,,,,,,,,,,,,,0.0014220575103536248,0.0018847858300432563,-2.355980157852173,,
1790036433.0761273,RAW_IMU,,,,,,,,,0,0,-1000,3,3,3,,,,,
1790036433.094023,ATTITUDE,,,,,,,,,,,,,,,0.0014242450706660748,0.0018853317014873028,-2.355983257293701,,
1790036433.0954099,RAW_IMU,,,,,,,,,0,0,-1000,3,3,3,,,,,
1790036433.1146722,ATTITUDE,,,,,,,,,,,,,,,0.0014204663457348943,0.0018826965242624283,-2.3559861183166504,,
1790036433.1168263,RAW_IMU,,,,,,,,,0,0,-1001,3,3,3,,,,,
1790036433.1345835,ATTITUDE,,,,,,,,,,,,,,,0.0014165843604132533,0.0018801765982061625,-2.3559882640838623,,
1790036433.135942,RAW_IMU,,,,,,,,,0,0,-1001,3,3,3,,,,,
1790036433.1696146,GLOBAL_POSITION_INT,-35.3609107,149.168039,580.69,-0.514,0.02,0.0,0.0,225.02,,,,,,,,,,,
1790036433.1709714,GPS_RAW_INT,,,,,,,,,,,,,,,,,,6,10
1790036433.1717703,ATTITUDE,,,,,,,,,,,,,,,0.0014141435967758298,0.0018771275645121932,-2.3559882640838623,,
1790036433.175457,RAW_IMU,,,,,,,,,0,0,-1001,3,3,3,,,,,
1790036433.1779184,ATTITUDE,,,,,,,,,,,,,,,0.0014118235558271408,0.0018754524644464254,-2.355988025665283,,
1790036433.1797347,RAW_IMU,,,,,,,,,0,0,-1001,3,3,3,,,,,
1790036433.1957154,ATTITUDE,,,,,,,,,,,,,,,0.0014100292464718223,0.0018738026265054941,-2.355992078781128,,
1790036433.1966755,RAW_IMU,,,,,,,,,0,0,-1001,3,3,3,,,,,
1790036433.2159748,ATTITUDE,,,,,,,,,,,,,,,0.0014085398288443685,0.001872856286354363,-2.355994701385498,,
1790036433.217239,RAW_IMU,,,,,,,,,0,0,-1001,3,3,3,,,,,
1790036433.236485,ATTITUDE,,,,,,,,,,,,,,,0.001408116309903562,0.0018721711821854115,-2.3559939861297607,,
1790036433.2381322,RAW_IMU,,,,,,,,,0,0,-1001,3,3,3,,,,,
1790036433.2515476,GLOBAL_POSITION_INT,-35.3609107,149.168039,580.69,-0.514,0.02,0.0,0.0,225.02,,,,,,,,,,,
1790036433.2530715,GPS_RAW_INT,,,,,,,,,,,,,,,,,,6,10
1790036433.2573512,ATTITUDE,,,,,,,,,,,,,,,0.0014075870858505368,0.0018736711936071515,-2.3559906482696533,,
1790036433.258928,RAW_IMU,,,,,,,,,0,0,-1001,3,3,3,,,,,
1790036433.2785037,ATTITUDE,,,,,,,,,,,,,,,0.0014100607950240374,0.001875764806754887,-2.3559889793395996,,
1790036433.280516,RAW_IMU,,,,,,,,,0,0,-1001,3,3,3,,,,,
1790036433.2984366,ATTITUDE,,,,,,,,,,,,,,,0.0014124196022748947,0.0018780865939334035,-2.355989694595337,,
1790036433.2993248,RAW_IMU,,,,,,,,,0,0,-1001,3,3,3,,,,,
1790036433.318524,ATTITUDE,,,,,,,,,,,,,,,0.0014089562464505434,0.001876497408375144,-2.3559882640838623,,
1790036433.3199294,RAW_IMU,,,,,,,,,0,0,-1000,3,3,3,,,,,
1790036433.3338695,ATTITUDE,,,,,,,,,,,,,,,0.0014064426068216562,0.001875389483757317,-2.3559882640838623,,
1790036433.3348327,RAW_IMU,,,,,,,,,0,0,-1001,3,3,3,,,,,
1790036433.3538702,GLOBAL_POSITION_INT,-35.3609107,149.168039,580.69,-0.513,0.02,0.0,0.0,225.02,,,,,,,,,,,
1790036433.3550217,GPS_RAW_INT,,,,,,,,,,,,,,,,,,6,10
1790036433.3565824,ATTITUDE,,,,,,,,,,,,,,,0.0014038956724107265,0.0018743056571111083,-2.3559839725494385,,
1790036433.3579452,RAW_IMU,,,,,,,,,0,0,-1000,3,3,3,,,,,
1790036433.374552,ATTITUDE,,,,,,,,,,,,,,,0.0014013845939189196,0.0018752472242340446,-2.35598087310791,,
1790036433.376206,RAW_IMU,,,,,,,,,0,0,-1001,3,3,3,,,,,
1790036433.417812,ATTITUDE,,,,,,,,,,,,,,,0.001398904132656753,0.0018752387259155512,-2.355980157852173,,
1790036433.4190907,RAW_IMU,,,,,,,,,0,0,-1001,3,3,3,,,,,
1790036433.4203491,ATTITUDE,,,,,,,,,,,,,,,0.0013974598841741681,0.0018769502639770508,-2.3559789657592773,,
1790036433.4219167,RAW_IMU,,,,,,,,,0,0,-1001,3,3,3,,,,,
1790036433.43594,ATTITUDE,,,,,,,,,,,,,,,0.0013963840901851654,0.0018784361891448498,-2.3559744358062744,,
1790036433.436522,RAW_IMU,,,,,,,,,0,0,-1001,3,3,3,,,,,
1790036433.4556465,GLOBAL_POSITION_INT,-35.3609107,149.168039,580.69,-0.512,0.02,0.0,0.0,225.02,,,,,,,,,,,
1790036433.4569273,GPS_RAW_INT,,,,,,,,,,,,,,,,,,6,10
1790036433.458213,ATTITUDE,,,,,,,,,,,,,,,0.0013960273936390877,0.001882430980913341,-2.3559696674346924,,
1790036433.460163,RAW_IMU,,,,,,,,,0,0,-1001,3,3,3,,,,,
1790036433.476314,ATTITUDE,,,,,,,,,,,,,,,0.0013984603574499488,0.001886023790575564,-2.355963945388794,,
1790036433.47791,RAW_IMU,,,,,,,,,0,0,-1001,3,3,3,,,,,
1790036433.4973102,ATTITUDE,,,,,,,,,,,,,,,0.0014001147355884314,0.0018904531607404351,-2.3559603691101074,,
1790036433.4997845,RAW_IMU,,,,,,,,,0,0,-1001,3,3,3,,,,,
1790036433.5173378,ATTITUDE,,,,,,,,,,,,,,,0.0013966202968731523,0.001889907056465745,-2.3559560775756836,,
1790036433.5190365,RAW_IMU,,,,,,,,,0,0,-1001,3,3,3,,,,,
1790036433.5369563,ATTITUDE,,,,,,,,,,,,,,,0.0013929788256064057,0.0018898762064054608,-2.3559510707855225,,
1790036433.5382867,RAW_IMU,,,,,,,,,0,0,-1001,3,3,3,,,,,
1790036433.5513272,GLOBAL_POSITION_INT,-35.3609107,149.168039,580.69,-0.511,0.02,0.0,0.0,225.02,,,,,,,,,,,
1790036433.5523646,GPS_RAW_INT,,,,,,,,,,,,,,,,,,6,10
1790036433.5571027,ATTITUDE,,,,,,,,,,,,,,,0.0013891237322241068,0.001888353144749999,-2.3559458255767822,,
1790036433.5582793,RAW_IMU,,,,,,,,,0,0,-1001,3,3,3,,,,,
1790036433.5771856,ATTITUDE,,,,,,,,,,,,,,,0.0013862998457625508,0.0018902578158304095,-2.3559398651123047,,
1790036433.5784976,RAW_IMU,,,,,,,,,0,0,-1001,3,3,3,,,,,
1790036433.5970123,ATTITUDE,,,,,,,,,,,,,,,0.0013825598871335387,0.0018920100992545485,-2.3559367656707764,,
1790036433.5979197,RAW_IMU,,,,,,,,,0,0,-1001,3,3,3,,,,,
1790036433.6171658,ATTITUDE,,,,,,,,,,,,,,,0.0013808566145598888,0.001893037580884993,-2.355933427810669,,
1790036433.618658,RAW_IMU,,,,,,,,,0,0,-1001,3,3,3,,,,,
1790036433.63708,ATTITUDE,,,,,,,,,,,,,,,0.001380228903144598,0.0018936849664896727,-2.355928897857666,,
1790036433.638059,RAW_IMU,,,,,,,,,0,0,-1001,3,3,3,,,,,
1790036433.661088,GLOBAL_POSITION_INT,-35.3609107,149.168039,580.69,-0.51,0.02,0.0,0.0,225.02,,,,,,,,,,,
1790036433.6615448,GPS_RAW_INT,,,,,,,,,,,,,,,,,,6,10
1790036433.661966,ATTITUDE,,,,,,,,,,,,,,,0.001379936235025525,0.0018954414408653975,-2.355921745300293,,
1790036433.6634326,RAW_IMU,,,,,,,,,0,0,-1001,3,3,3,,,,,
1790036433.680613,ATTITUDE,,,,,,,,,,,,,,,0.0013787689385935664,0.0018982603214681149,-2.3559153079986572,,
1790036433.6812344,RAW_IMU,,,,,,,,,0,0,-1001,3,3,3,,,,,
1790036433.6996555,ATTITUDE,,,,,,,,,,,,,,,0.001381786074489355,0.0019006001530215144,-2.3559134006500244,,
1790036433.7010794,RAW_IMU,,,,,,,,,0,0,-1001,3,3,3,,,,,
1790036433.7152636,ATTITUDE,,,,,,,,,,,,,,,0.0013774584513157606,0.0018988834926858544,-2.355910301208496,,
1790036433.7168565,RAW_IMU,,,,,,,,,0,0,-1001,3,3,3,,,,,
1790036433.7368662,ATTITUDE,,,,,,,,,,,,,,,0.0013721233699470758,0.0018973753321915865,-2.355905771255493,,
1790036433.7381492,RAW_IMU,,,,,,,,,0,0,-1000,3,3,3,,,,,
1790036433.7572558,GLOBAL_POSITION_INT,-35.3609107,149.168039,580.7,-0.508,0.02,0.0,0.0,225.02,,,,,,,,,,,
1790036433.7578702,GPS_RAW_INT,,,,,,,,,,,,,,,,,,6,10
1790036433.758338,ATTITUDE,,,,,,,,,,,,,,,0.0013672998175024986,0.0018960792804136872,-2.3559000492095947,,
1790036433.7594516,RAW_IMU,,,,,,,,,0,0,-1001,3,3,3,,,,,
1790036433.778368,ATTITUDE,,,,,,,,,,,,,,,0.0013659915421158075,0.0018972145626321435,-2.355894088745117,,
1790036433.779817,RAW_IMU,,,,,,,,,0,0,-1001,3,3,3,,,,,
1790036433.7990448,ATTITUDE,,,,,,,,,,,,,,,0.001363950315862894,0.0018973489059135318,-2.3558919429779053,,
1790036433.8005242,RAW_IMU,,,,,,,,,0,0,-1001,3,3,3,,,,,
1790036433.8192923,ATTITUDE,,,,,,,,,,,,,,,0.0013621061807498336,0.0018982270266860723,-2.3558881282806396,,
1790036433.8203683,RAW_IMU,,,,,,,,,0,0,-1001,3,3,3,,,,,
1790036433.8342464,ATTITUDE,,,,,,,,,,,,,,,0.0013616228243336082,0.001898562186397612,-2.3558833599090576,,
1790036433.835324,RAW_IMU,,,,,,,,,0,0,-1001,3,3,3,,,,,
1790036433.8536704,GLOBAL_POSITION_INT,-35.3609107,149.168039,580.7,-0.507,0.02,0.0,0.0,225.02,,,,,,,,,,,
1790036433.8548193,GPS_RAW_INT,,,,,,,,,,,,,,,,,,6,10
1790036433.859362,ATTITUDE,,,,,,,,,,,,,,,0.0013616629876196384,0.0019006337970495224,-2.35587739944458,,
1790036433.8612437,RAW_IMU,,,,,,,,,0,0,-1001,3,3,3,,,,,
1790036433.8744366,ATTITUDE,,,,,,,,,,,,,,,0.001363203045912087,0.0019033703720197082,-2.3558695316314697,,
1790036433.876484,RAW_IMU,,,,,,,,,0,0,-1000,3,3,3,,,,,
1790036433.9208536,ATTITUDE,,,,,,,,,,,,,,,0.0013670552289113402,0.0019076433964073658,-2.355865001678467,,
1790036433.9221494,RAW_IMU,,,,,,,,,0,0,-1001,3,3,3,,,,,
1790036433.9233766,ATTITUDE,,,,,,,,,,,,,,,0.0013628320302814245,0.0019085624953731894,-2.355861186981201,,
1790036433.9260125,RAW_IMU,,,,,,,,,0,0,-1001,3,3,3,,,,,
1790036433.9379852,ATTITUDE,,,,,,,,,,,,,,,0.001360227819532156,0.0019070170819759369,-2.355854034423828,,
1790036433.9398575,RAW_IMU,,,,,,,,,0,0,-1001,3,3,3,,,,,
1790036433.9519978,GLOBAL_POSITION_INT,-35.3609107,149.168039,580.7,-0.506,0.02,0.0,0.0,225.02,,,,,,,,,,,
1790036433.9536314,GPS_RAW_INT,,,,,,,,,,,,,,,,,,6,10
1790036433.9579084,ATTITUDE,,,,,,,,,,,,,,,0.0013560769148170948,0.0019063218496739864,-2.355848789215088,,
1790036433.959582,RAW_IMU,,,,,,,,,0,0,-1001,3,3,3,,,,,
1790036433.9794824,ATTITUDE,,,,,,,,,,,,,,,0.001351413200609386,0.001906396821141243,-2.355842113494873,,
1790036433.980901,RAW_IMU,,,,,,,,,0,0,-1001,3,3,3,,,,,
1790036433.9991472,ATTITUDE,,,,,,,,,,,,,,,0.0013502482324838638,0.0019047620007768273,-2.355839490890503,,
1790036434.000422,RAW_IMU,,,,,,,,,0,0,-1001,3,3,3,,,,,
1790036434.0191925,ATTITUDE,,,,,,,,,,,,,,,0.0013472407590597868,0.0019043157808482647,-2.3558349609375,,
1790036434.0203414,RAW_IMU,,,,,,,,,0,0,-1000,3,3,3,,,,,
1790036434.0341182,ATTITUDE,,,,,,,,,,,,,,,0.0013472147984430194,0.001905157696455717,-2.3558313846588135,,
1790036434.0346425,RAW_IMU,,,,,,,,,0,0,-1000,3,3,3,,,,,
1790036434.0542474,GLOBAL_POSITION_INT,-35.3609107,149.168039,580.7,-0.505,0.02,0.0,0.0,225.03,,,,,,,,,,,
1790036434.0557284,GPS_RAW_INT,,,,,,,,,,,,,,,,,,6,10
1790036434.0574327,ATTITUDE,,,,,,,,,,,,,,,0.0013482392532750964,0.0019077770411968231,-2.355825185775757,,
1790036434.058965,RAW_IMU,,,,,,,,,0,0,-1001,3,3,3,,,,,
1790036434.075398,ATTITUDE,,,,,,,,,,,,,,,0.0013475430896505713,0.0019110438879579306,-2.3558175563812256,,
1790036434.0763633,RAW_IMU,,,,,,,,,0,0,-1001,3,3,3,,,,,
1790036434.0948741,ATTITUDE,,,,,,,,,,,,,,,0.0013492235448211432,0.001911792904138565,-2.3558151721954346,,
1790036434.095805,RAW_IMU,,,,,,,,,0,0,-1001,3,3,3,,,,,
1790036434.1150992,ATTITUDE,,,,,,,,,,,,,,,0.001344255288131535,0.0019110890571027994,-2.3558108806610107,,
1790036434.1174688,RAW_IMU,,,,,,,,,0,0,-1001,3,3,3,,,,,
1790036434.1352804,ATTITUDE,,,,,,,,,,,,,,,0.0013396134600043297,0.0019087315304204822,-2.3558051586151123,,
1790036434.1368957,RAW_IMU,,,,,,,,,0,0,-1001,3,3,3,,,,,
1790036434.159617,GLOBAL_POSITION_INT,-35.3609107,149.168039,580.7,-0.504,0.02,0.0,0.0,225.03,,,,,,,,,,,
1790036434.1602764,GPS_RAW_INT,,,,,,,,,,,,,,,,,,6,10
1790036434.1608815,ATTITUDE,,,,,,,,,,,,,,,0.0013359435833990574,0.0019070020643994212,-2.3557980060577393,,
1790036434.161736,RAW_IMU,,,,,,,,,0,0,-1001,3,3,3,,,,,
1790036434.1755283,ATTITUDE,,,,,,,,,,,,,,,0.0013331692898645997,0.0019059516489505768,-2.355792284011841,,
1790036434.1772766,RAW_IMU,,,,,,,,,0,0,-1001,3,3,3,,,,,
1790036434.1948593,ATTITUDE,,,,,,,,,,,,,,,0.0013299703132361174,0.0019061446655541658,-2.3557889461517334,,
1790036434.1958327,RAW_IMU,,,,,,,,,0,0,-1001,3,3,3,,,,,
1790036434.214853,ATTITUDE,,,,,,,,,,,,,,,0.0013280357234179974,0.001905629993416369,-2.3557848930358887,,
1790036434.2157433,RAW_IMU,,,,,,,,,0,0,-1001,3,3,3,,,,,
1790036434.2348702,ATTITUDE,,,,,,,,,,,,,,,0.0013263465370982885,0.0019073798321187496,-2.355778217315674,,
1790036434.235602,RAW_IMU,,,,,,,,,0,0,-1001,3,3,3,,,,,
1790036434.2547536,GLOBAL_POSITION_INT,-35.3609107,149.168039,580.7,-0.503,0.02,0.0,0.0,225.03,,,,,,,,,,,
1790036434.255832,GPS_RAW_INT,,,,,,,,,,,,,,,,,,6,10
1790036434.257356,ATTITUDE,,,,,,,,,,,,,,,0.0013271044008433819,0.0019079823978245258,-2.355771064758301,,
1790036434.258945,RAW_IMU,,,,,,,,,0,0,-1001,3,3,3,,,,,
1790036434.275323,ATTITUDE,,,,,,,,,,,,,,,0.001328175887465477,0.0019097559852525592,-2.355764389038086,,
1790036434.27663,RAW_IMU,,,,,,,,,0,0,-1001,3,3,3,,,,,
1790036434.2950974,ATTITUDE,,,,,,,,,,,,,,,0.0013302599545568228,0.0019107324769720435,-2.355761766433716,,
1790036434.2967708,RAW_IMU,,,,,,,,,0,0,-1001,3,3,3,,,,,
1790036434.3148797,ATTITUDE,,,,,,,,,,,,,,,0.0013261192943900824,0.0019088132539764047,-2.355757474899292,,
1790036434.316466,RAW_IMU,,,,,,,,,0,0,-1001,3,3,3,,,,,
1790036434.3356261,ATTITUDE,,,,,,,,,,,,,,,0.0013221506960690022,0.0019068795954808593,-2.355753183364868,,
1790036434.3372846,RAW_IMU,,,,,,,,,0,0,-1001,3,3,3,,,,,
1790036434.3554678,GLOBAL_POSITION_INT,-35.3609107,149.168039,580.7,-0.503,0.02,0.0,0.0,225.03,,,,,,,,,,,
1790036434.3564677,GPS_RAW_INT,,,,,,,,,,,,,,,,,,6,10
1790036434.3576918,ATTITUDE,,,,,,,,,,,,,,,0.0013190674362704158,0.0019062950741499662,-2.3557450771331787,,
1790036434.3596592,RAW_IMU,,,,,,,,,0,0,-1001,3,3,3,,,,,
1790036434.3772206,ATTITUDE,,,,,,,,,,,,,,,0.0013169137528166175,0.0019056632881984115,-2.3557381629943848,,
1790036434.3786626,RAW_IMU,,,,,,,,,0,0,-1001,3,3,3,,,,,
1790036434.410266,ATTITUDE,,,,,,,,,,,,,,,0.0013137286296114326,0.0019053893629461527,-2.355733871459961,,
1790036434.4110293,RAW_IMU,,,,,,,,,0,0,-1001,3,3,3,,,,,
1790036434.4176369,ATTITUDE,,,,,,,,,,,,,,,0.0013123494572937489,0.0019061887869611382,-2.3557300567626953,,
1790036434.41909,RAW_IMU,,,,,,,,,0,0,-1001,3,3,3,,,,,
1790036434.437974,ATTITUDE,,,,,,,,,,,,,,,0.0013139276998117566,0.0019058379111811519,-2.3557238578796387,,
1790036434.4392543,RAW_IMU,,,,,,,,,0,0,-1001,3,3,3,,,,,
1790036434.4523923,GLOBAL_POSITION_INT,-35.3609107,149.168039,580.7,-0.502,0.02,0.0,0.0,225.03,,,,,,,,,,,
1790036434.4540825,GPS_RAW_INT,,,,,,,,,,,,,,,,,,6,10
1790036434.4585004,ATTITUDE,,,,,,,,,,,,,,,0.0013137685600668192,0.0019072906579822302,-2.355717658996582,,
1790036434.459586,RAW_IMU,,,,,,,,,0,0,-1001,3,3,3,,,,,
1790036434.478713,ATTITUDE,,,,,,,,,,,,,,,0.001314302091486752,0.0019100252538919449,-2.3557116985321045,,
1790036434.4799478,RAW_IMU,,,,,,,,,0,0,-1001,3,3,3,,,,,
1790036434.4980762,ATTITUDE,,,,,,,,,,,,,,,0.0013137032510712743,0.0019125776598230004,-2.3557095527648926,,
1790036434.4991329,RAW_IMU,,,,,,,,,0,0,-1001,3,3,3,,,,,
1790036434.5185323,ATTITUDE,,,,,,,,,,,,,,,0.0013093050802126527,0.0019116157200187445,-2.355705738067627,,
1790036434.5197902,RAW_IMU,,,,,,,,,0,0,-1001,3,3,3,,,,,
1790036434.5385125,ATTITUDE,,,,,,,,,,,,,,,0.0013037621974945068,0.0019093595910817385,-2.355698585510254,,
1790036434.5398283,RAW_IMU,,,,,,,,,0,0,-1001,3,3,3,,,,,
1790036434.5514987,GLOBAL_POSITION_INT,-35.3609107,149.168039,580.7,-0.501,0.02,0.0,0.0,225.03,,,,,,,,,,,
1790036434.5523157,GPS_RAW_INT,,,,,,,,,,,,,,,,,,6,10
1790036434.5581064,ATTITUDE,,,,,,,,,,,,,,,0.0012997586745768785,0.0019084039377048612,-2.355691432952881,,
1790036434.5594213,RAW_IMU,,,,,,,,,0,0,-1001,3,3,3,,,,,
1790036434.5793586,ATTITUDE,,,,,,,,,,,,,,,0.0012989409733563662,0.0019083539955317974,-2.355684995651245,,
1790036434.5806327,RAW_IMU,,,,,,,,,0,0,-1001,3,3,3,,,,,
1790036434.5991054,ATTITUDE,,,,,,,,,,,,,,,0.0012976628495380282,0.0019075310556218028,-2.355682134628296,,
1790036434.6005332,RAW_IMU,,,,,,,,,0,0,-1001,3,3,3,,,,,
1790036434.6190083,ATTITUDE,,,,,,,,,,,,,,,0.0012948286021128297,0.001906522549688816,-2.3556790351867676,,
1790036434.6198802,RAW_IMU,,,,,,,,,0,0,-1001,3,3,3,,,,,
1790036434.634321,ATTITUDE,,,,,,,,,,,,,,,0.0012940183514729142,0.0019082104554399848,-2.3556745052337646,,
1790036434.6351314,RAW_IMU,,,,,,,,,0,0,-1001,3,3,3,,,,,
1790036434.6707757,GLOBAL_POSITION_INT,-35.3609107,149.168039,580.7,-0.5,0.02,0.0,0.0,225.04,,,,,,,,,,,
1790036434.6726136,GPS_RAW_INT,,,,,,,,,,,,,,,,,,6,10
1790036434.6738307,ATTITUDE,,,,,,,,,,,,,,,0.0012946254573762417,0.0019096616888418794,-2.355668067932129,,
1790036434.6752481,RAW_IMU,,,,,,,,,0,0,-1001,3,3,3,,,,,
1790036434.678042,ATTITUDE,,,,,,,,,,,,,,,0.0012948410585522652,0.0019112894078716636,-2.355660915374756,,
1790036434.680151,RAW_IMU,,,,,,,,,0,0,-1001,3,3,3,,,,,
1790036434.6964536,ATTITUDE,,,,,,,,,,,,,,,0.0012982537737116218,0.0019131937297061086,-2.3556575775146484,,
1790036434.6969693,RAW_IMU,,,,,,,,,0,0,-1001,3,3,3,,,,,
1790036434.717039,ATTITUDE,,,,,,,,,,,,,,,0.0012947708601132035,0.0019117244519293308,-2.3556525707244873,,
1790036434.7189107,RAW_IMU,,,,,,,,,0,0,-1001,3,3,3,,,,,
1790036434.7370322,ATTITUDE,,,,,,,,,,,,,,,0.0012913030805066228,0.0019086335087195039,-2.355647325515747,,
1790036434.7390676,RAW_IMU,,,,,,,,,0,0,-1001,3,3,3,,,,,
1790036434.756835,GLOBAL_POSITION_INT,-35.3609107,149.168039,580.7,-0.5,0.02,0.0,0.0,225.04,,,,,,,,,,,
1790036434.7583425,GPS_RAW_INT,,,,,,,,,,,,,,,,,,6,10
1790036434.7602086,ATTITUDE,,,,,,,,,,,,,,,0.0012870634673163295,0.0019061665516346693,-2.3556416034698486,,
1790036434.7618697,RAW_IMU,,,,,,,,,0,0,-1001,3,3,3,,,,,
1790036434.7786636,ATTITUDE,,,,,,,,,,,,,,,0.0012848279438912868,0.0019039647886529565,-2.355633497238159,,
1790036434.780856,RAW_IMU,,,,,,,,,0,0,-1001,3,3,3,,,,,
1790036434.7985194,ATTITUDE,,,,,,,,,,,,,,,0.001281718839891255,0.001901852199807763,-2.3556299209594727,,
1790036434.799815,RAW_IMU,,,,,,,,,0,0,-1001,3,3,3,,,,,
1790036434.8183682,ATTITUDE,,,,,,,,,,,,,,,0.0012803858844563365,0.0019008588278666139,-2.3556249141693115,,
1790036434.8188698,RAW_IMU,,,,,,,,,0,0,-1001,3,3,3,,,,,
1790036434.8383815,ATTITUDE,,,,,,,,,,,,,,,0.0012797709787264466,0.0019002676708623767,-2.355618715286255,,
1790036434.839286,RAW_IMU,,,,,,,,,0,0,-1001,3,3,3,,,,,
1790036434.852109,GLOBAL_POSITION_INT,-35.3609107,149.168039,580.71,-0.499,0.02,0.0,0.0,225.04,,,,,,,,,,,
1790036434.8528862,GPS_RAW_INT,,,,,,,,,,,,,,,,,,6,10
1790036434.8587751,ATTITUDE,,,,,,,,,,,,,,,0.001279901247471571,0.0019012272823601961,-2.3556113243103027,,
1790036434.8599901,RAW_IMU,,,,,,,,,0,0,-1000,3,3,3,,,,,
1790036434.8746228,ATTITUDE,,,,,,,,,,,,,,,0.0012813468929380178,0.001903916010633111,-2.3556058406829834,,
1790036434.8763962,RAW_IMU,,,,,,,,,0,0,-1001,3,3,3,,,,,
1790036434.9162288,ATTITUDE,,,,,,,,,,,,,,,0.0012832049978896976,0.001905919285491109,-2.3556041717529297,,
1790036434.9170895,RAW_IMU,,,,,,,,,0,0,-1001,3,3,3,,,,,
1790036434.918509,ATTITUDE,,,,,,,,,,,,,,,0.001279484829865396,0.0019050119444727898,-2.3555989265441895,,
1790036434.9201252,RAW_IMU,,,,,,,,,0,0,-1001,3,3,3,,,,,
1790036434.935689,ATTITUDE,,,,,,,,,,,,,,,0.001276025315746665,0.0019041369669139385,-2.355593681335449,,
1790036434.9375615,RAW_IMU,,,,,,,,,0,0,-1000,3,3,3,,,,,
1790036434.9551961,GLOBAL_POSITION_INT,-35.3609107,149.168039,580.71,-0.499,0.02,0.0,0.0,225.04,,,,,,,,,,,
1790036434.9561856,GPS_RAW_INT,,,,,,,,,,,,,,,,,,6,10
1790036434.9583466,ATTITUDE,,,,,,,,,,,,,,,0.0012735091149806976,0.001901252893730998,-2.3555867671966553,,
1790036434.9597192,RAW_IMU,,,,,,,,,0,0,-1000,3,3,3,,,,,
1790036434.9768298,ATTITUDE,,,,,,,,,,,,,,,0.0012702180538326502,0.001899413182400167,-2.3555784225463867,,
1790036434.9782157,RAW_IMU,,,,,,,,,0,0,-1001,3,3,3,,,,,
1790036434.996776,ATTITUDE,,,,,,,,,,,,,,,0.001266290433704853,0.0018989045638591051,-2.3555760383605957,,
1790036434.9979596,RAW_IMU,,,,,,,,,0,0,-1001,3,3,3,,,,,
1790036435.0169206,ATTITUDE,,,,,,,,,,,,,,,0.0012646055547520518,0.0019005166832357645,-2.355572462081909,,
1790036435.017927,RAW_IMU,,,,,,,,,0,0,-1000,3,3,3,,,,,
1790036435.0367396,ATTITUDE,,,,,,,,,,,,,,,0.0012628231197595596,0.0019003018969669938,-2.3555662631988525,,
1790036435.0379374,RAW_IMU,,,,,,,,,0,0,-1001,3,3,3,,,,,
1790036435.0566764,GLOBAL_POSITION_INT,-35.3609107,149.168039,580.71,-0.498,0.02,0.0,0.0,225.04,,,,,,,,,,,
1790036435.0580866,GPS_RAW_INT,,,,,,,,,,,,,,,,,,6,10
1790036435.0596914,ATTITUDE,,,,,,,,,,,,,,,0.0012620729394257069,0.0019019907340407372,-2.355559825897217,,
1790036435.0615332,RAW_IMU,,,,,,,,,0,0,-1001,3,3,3,,,,,
1790036435.0780575,ATTITUDE,,,,,,,,,,,,,,,0.001264144666492939,0.0019038367317989469,-2.355552911758423,,
1790036435.0793483,RAW_IMU,,,,,,,,,0,0,-1001,3,3,3,,,,,
1790036435.0977445,ATTITUDE,,,,,,,,,,,,,,,0.0012669084826484323,0.0019047557143494487,-2.355548620223999,,
1790036435.0996788,RAW_IMU,,,,,,,,,0,0,-1001,3,3,3,,,,,
1790036435.118794,ATTITUDE,,,,,,,,,,,,,,,0.0012641438515856862,0.0019018662860617042,-2.355544328689575,,
1790036435.1196635,RAW_IMU,,,,,,,,,0,0,-1000,3,3,3,,,,,
1790036435.1384716,ATTITUDE,,,,,,,,,,,,,,,0.0012606638483703136,0.001899542985484004,-2.355539321899414,,
1790036435.140117,RAW_IMU,,,,,,,,,0,0,-1001,3,3,3,,,,,
1790036435.1686513,GLOBAL_POSITION_INT,-35.3609107,149.168039,580.71,-0.498,0.02,0.0,0.0,225.04,,,,,,,,,,,
1790036435.1694007,GPS_RAW_INT,,,,,,,,,,,,,,,,,,6,10
1790036435.171193,ATTITUDE,,,,,,,,,,,,,,,0.0012582518393173814,0.001895726891234517,-2.3555328845977783,,
1790036435.172613,RAW_IMU,,,,,,,,,0,0,-1001,3,3,3,,,,,
1790036435.174592,ATTITUDE,,,,,,,,,,,,,,,0.0012553477426990867,0.0018948784563690424,-2.355527877807617,,
1790036435.1757126,RAW_IMU,,,,,,,,,0,0,-1001,3,3,3,,,,,
1790036435.1940727,ATTITUDE,,,,,,,,,,,,,,,0.0012518925359472632,0.0018920570146292448,-2.3555245399475098,,
1790036435.1949065,RAW_IMU,,,,,,,,,0,0,-1000,3,3,3,,,,,
1790036435.2145612,ATTITUDE,,,,,,,,,,,,,,,0.0012496828567236662,0.001890833373181522,-2.3555195331573486,,
1790036435.215412,RAW_IMU,,,,,,,,,0,0,-1001,3,3,3,,,,,
1790036435.2354612,ATTITUDE,,,,,,,,,,,,,,,0.0012502464232966304,0.0018926053307950497,-2.3555145263671875,,
1790036435.236366,RAW_IMU,,,,,,,,,0,0,-1001,3,3,3,,,,,
1790036435.2553291,GLOBAL_POSITION_INT,-35.3609107,149.168039,580.71,-0.497,0.02,0.0,0.0,225.04,,,,,,,,,,,
1790036435.2562091,GPS_RAW_INT,,,,,,,,,,,,,,,,,,6,10
1790036435.2585843,ATTITUDE,,,,,,,,,,,,,,,0.0012517140712589025,0.001893303357064724,-2.3555068969726562,,
1790036435.2604618,RAW_IMU,,,,,,,,,0,0,-1001,3,3,3,,,,,
1790036435.2770555,ATTITUDE,,,,,,,,,,,,,,,0.0012525570346042514,0.0018948052311316133,-2.3555009365081787,,
1790036435.2784004,RAW_IMU,,,,,,,,,0,0,-1001,3,3,3,,,,,
1790036435.2972844,ATTITUDE,,,,,,,,,,,,,,,0.0012553209671750665,0.0018965514609590173,-2.3554980754852295,,
1790036435.2983294,RAW_IMU,,,,,,,,,0,0,-1001,3,3,3,,,,,
1790036435.317622,ATTITUDE,,,,,,,,,,,,,,,0.0012513230321928859,0.0018923981115221977,-2.355491876602173,,
1790036435.3186283,RAW_IMU,,,,,,,,,0,0,-1001,3,3,3,,,,,
1790036435.3381999,ATTITUDE,,,,,,,,,,,,,,,0.0012475894764065742,0.0018910160288214684,-2.3554859161376953,,
1790036435.339356,RAW_IMU,,,,,,,,,0,0,-1001,3,3,3,,,,,
1790036435.3523307,GLOBAL_POSITION_INT,-35.3609107,149.168039,580.71,-0.497,0.02,0.0,0.0,225.05,,,,,,,,,,,
1790036435.3532784,GPS_RAW_INT,,,,,,,,,,,,,,,,,,6,10
1790036435.3586342,ATTITUDE,,,,,,,,,,,,,,,0.0012451621005311608,0.0018897511763498187,-2.355480194091797,,
1790036435.3604665,RAW_IMU,,,,,,,,,0,0,-1001,3,3,3,,,,,
1790036435.3802173,ATTITUDE,,,,,,,,,,,,,,,0.0012431781506165862,0.00188707176130265,-2.3554739952087402,,
1790036435.382178,RAW_IMU,,,,,,,,,0,0,-1001,3,3,3,,,,,
1790036435.414418,ATTITUDE,,,,,,,,,,,,,,,0.001240796409547329,0.001885774778202176,-2.355473518371582,,
1790036435.4151857,RAW_IMU,,,,,,,,,0,0,-1001,3,3,3,,,,,
1790036435.4165292,ATTITUDE,,,,,,,,,,,,,,,0.0012391379568725824,0.0018859953852370381,-2.3554680347442627,,
1790036435.4179192,RAW_IMU,,,,,,,,,0,0,-1001,3,3,3,,,,,
1790036435.4340796,ATTITUDE,,,,,,,,,,,,,,,0.001238264492712915,0.0018874399829655886,-2.3554646968841553,,
1790036435.435851,RAW_IMU,,,,,,,,,0,0,-1001,3,3,3,,,,,
1790036435.4542418,GLOBAL_POSITION_INT,-35.3609107,149.168039,580.71,-0.496,0.02,0.0,0.0,225.05,,,,,,,,,,,
1790036435.4552336,GPS_RAW_INT,,,,,,,,,,,,,,,,,,6,10
1790036435.4576316,ATTITUDE,,,,,,,,,,,,,,,0.0012398125836625695,0.0018877111142501235,-2.3554577827453613,,
1790036435.4593377,RAW_IMU,,,,,,,,,0,0,-1001,3,3,3,,,,,
1790036435.4772549,ATTITUDE,,,,,,,,,,,,,,,0.0012402570573613048,0.0018886718899011612,-2.3554506301879883,,
1790036435.4799826,RAW_IMU,,,,,,,,,0,0,-1001,3,3,3,,,,,
1790036435.498188,ATTITUDE,,,,,,,,,,,,,,,0.001241322373971343,0.0018922820454463363,-2.35544753074646,,
1790036435.49938,RAW_IMU,,,,,,,,,0,0,-1001,3,3,3,,,,,
1790036435.518742,ATTITUDE,,,,,,,,,,,,,,,0.0012368762400001287,0.0018884945893660188,-2.355440855026245,,
1790036435.5203304,RAW_IMU,,,,,,,,,0,0,-1001,3,3,3,,,,,
1790036435.5339873,ATTITUDE,,,,,,,,,,,,,,,0.0012329915771260858,0.0018861605785787106,-2.3554344177246094,,
1790036435.5351396,RAW_IMU,,,,,,,,,0,0,-1001,3,3,3,,,,,
1790036435.5540516,GLOBAL_POSITION_INT,-35.3609107,149.168039,580.71,-0.496,0.02,0.0,0.0,225.05,,,,,,,,,,,
1790036435.5551596,GPS_RAW_INT,,,,,,,,,,,,,,,,,,6,10
1790036435.5577717,ATTITUDE,,,,,,,,,,,,,,,0.0012301945826038718,0.0018846577731892467,-2.3554282188415527,,
1790036435.559161,RAW_IMU,,,,,,,,,0,0,-1001,3,3,3,,,,,
1790036435.5827658,ATTITUDE,,,,,,,,,,,,,,,0.0012266968842595816,0.0018837538082152605,-2.355419874191284,,
1790036435.5843458,RAW_IMU,,,,,,,,,0,0,-1001,3,3,3,,,,,
1790036435.597722,ATTITUDE,,,,,,,,,,,,,,,0.0012249458814039826,0.0018826042069122195,-2.3554182052612305,,
1790036435.598136,RAW_IMU,,,,,,,,,0,0,-1000,3,3,3,,,,,
1790036435.615264,ATTITUDE,,,,,,,,,,,,,,,0.0012242766097187996,0.0018828355241566896,-2.355414390563965,,
1790036435.615857,RAW_IMU,,,,,,,,,0,0,-1001,3,3,3,,,,,
1790036435.6382926,ATTITUDE,,,,,,,,,,,,,,,0.0012230166466906667,0.001882783486507833,-2.3554084300994873,,
1790036435.638801,RAW_IMU,,,,,,,,,0,0,-1001,3,3,3,,,,,
1790036435.6559598,GLOBAL_POSITION_INT,-35.3609107,149.168039,580.71,-0.496,0.02,0.0,0.0,225.05,,,,,,,,,,,
1790036435.6566012,GPS_RAW_INT,,,,,,,,,,,,,,,,,,6,10
1790036435.657984,ATTITUDE,,,,,,,,,,,,,,,0.001224203617312014,0.0018841323908418417,-2.3554024696350098,,
1790036435.6585808,RAW_IMU,,,,,,,,,0,0,-1001,3,3,3,,,,,
1790036435.675618,ATTITUDE,,,,,,,,,,,,,,,0.0012254960602149367,0.0018877177499234676,-2.3553965091705322,,
1790036435.6771245,RAW_IMU,,,,,,,,,0,0,-1001,3,3,3,,,,,
1790036435.6965845,ATTITUDE,,,,,,,,,,,,,,,0.001224667765200138,0.0018884342862293124,-2.3553926944732666,,
1790036435.6985354,RAW_IMU,,,,,,,,,0,0,-1001,3,3,3,,,,,
1790036435.7171106,ATTITUDE,,,,,,,,,,,,,,,0.001220960053615272,0.001885823323391378,-2.355386972427368,,
1790036435.7188606,RAW_IMU,,,,,,,,,0,0,-1001,3,3,3,,,,,
1790036435.7370062,ATTITUDE,,,,,,,,,,,,,,,0.0012183579383417964,0.0018853526562452316,-2.3553807735443115,,
1790036435.739079,RAW_IMU,,,,,,,,,0,0,-1001,3,3,3,,,,,
1790036435.7570531,GLOBAL_POSITION_INT,-35.3609107,149.168039,580.71,-0.495,0.02,0.0,0.0,225.05,,,,,,,,,,,
1790036435.7589993,GPS_RAW_INT,,,,,,,,,,,,,,,,,,6,10
1790036435.763904,ATTITUDE,,,,,,,,,,,,,,,0.0012165342923253775,0.001884469180367887,-2.3553736209869385,,
1790036435.764426,RAW_IMU,,,,,,,,,0,0,-1001,3,3,3,,,,,
1790036435.7778125,ATTITUDE,,,,,,,,,,,,,,,0.0012144397478550673,0.0018835164373740554,-2.3553659915924072,,
1790036435.779119,RAW_IMU,,,,,,,,,0,0,-1000,3,3,3,,,,,
1790036435.7971432,ATTITUDE,,,,,,,,,,,,,,,0.0012143587227910757,0.0018837508978322148,-2.3553645610809326,,
1790036435.7987962,RAW_IMU,,,,,,,,,0,0,-1001,3,3,3,,,,,
1790036435.8160517,ATTITUDE,,,,,,,,,,,,,,,0.001213687239214778,0.0018859603442251682,-2.355358123779297,,
1790036435.8173306,RAW_IMU,,,,,,,,,0,0,-1001,3,3,3,,,,,
1790036435.8361466,ATTITUDE,,,,,,,,,,,,,,,0.0012148130917921662,0.0018863355508074164,-2.355353355407715,,
1790036435.8372083,RAW_IMU,,,,,,,,,0,0,-1000,3,3,3,,,,,
1790036435.8560207,GLOBAL_POSITION_INT,-35.3609107,149.168039,580.71,-0.495,0.02,0.0,0.0,225.05,,,,,,,,,,,
1790036435.857175,GPS_RAW_INT,,,,,,,,,,,,,,,,,,6,10
1790036435.8584557,ATTITUDE,,,,,,,,,,,,,,,0.0012181545607745647,0.001888783648610115,-2.3553454875946045,,
1790036435.859642,RAW_IMU,,,,,,,,,0,0,-1001,3,3,3,,,,,
1790036435.8765705,ATTITUDE,,,,,,,,,,,,,,,0.001220047939568758,0.0018922877497971058,-2.3553388118743896,,
1790036435.8781466,RAW_IMU,,,,,,,,,0,0,-1001,3,3,3,,,,,
1790036435.914836,ATTITUDE,,,,,,,,,,,,,,,0.0012217988260090351,0.0018968918593600392,-2.355335235595703,,
1790036435.9162452,RAW_IMU,,,,,,,,,0,0,-1001,3,3,3,,,,,
1790036435.9177752,ATTITUDE,,,,,,,,,,,,,,,0.0012197874020785093,0.001893911394290626,-2.355330228805542,,
1790036435.919512,RAW_IMU,,,,,,,,,0,0,-1001,3,3,3,,,,,
1790036435.9370615,ATTITUDE,,,,,,,,,,,,,,,0.0012177772587165236,0.0018908741185441613,-2.3553247451782227,,
1790036435.9380276,RAW_IMU,,,,,,,,,0,0,-1001,3,3,3,,,,,
1790036435.956035,GLOBAL_POSITION_INT,-35.3609107,149.168039,580.71,-0.495,0.02,0.0,0.0,225.06,,,,,,,,,,,
1790036435.9567206,GPS_RAW_INT,,,,,,,,,,,,,,,,,,6,10
1790036435.9587607,ATTITUDE,,,,,,,,,,,,,,,0.001216135104186833,0.0018897277768701315,-2.355318069458008,,
1790036435.9599223,RAW_IMU,,,,,,,,,0,0,-1001,3,3,3,,,,,
1790036435.9765697,ATTITUDE,,,,,,,,,,,,,,,0.0012155647855252028,0.0018895018147304654,-2.3553125858306885,,
1790036435.9784558,RAW_IMU,,,,,,,,,0,0,-1001,3,3,3,,,,,
1790036435.9961972,ATTITUDE,,,,,,,,,,,,,,,0.0012140074977651238,0.0018898005364462733,-2.3553099632263184,,
1790036435.99766,RAW_IMU,,,,,,,,,0,0,-1001,3,3,3,,,,,
1790036436.0163212,ATTITUDE,,,,,,,,,,,,,,,0.0012128293747082353,0.0018904454773291945,-2.3553051948547363,,
1790036436.0182517,RAW_IMU,,,,,,,,,0,0,-1001,3,3,3,,,,,
1790036436.0361614,ATTITUDE,,,,,,,,,,,,,,,0.0012145149521529675,0.001891353284008801,-2.3552982807159424,,
1790036436.0381887,RAW_IMU,,,,,,,,,0,0,-1001,3,3,3,,,,,
1790036436.0557637,GLOBAL_POSITION_INT,-35.3609107,149.168039,580.71,-0.494,0.02,0.0,0.0,225.06,,,,,,,,,,,
1790036436.057464,GPS_RAW_INT,,,,,,,,,,,,,,,,,,6,10
1790036436.0593188,ATTITUDE,,,,,,,,,,,,,,,0.0012158207828179002,0.0018941861344501376,-2.355290651321411,,
1790036436.0602965,RAW_IMU,,,,,,,,,0,0,-1001,3,3,3,,,,,
1790036436.0763268,ATTITUDE,,,,,,,,,,,,,,,0.001217363285832107,0.0018957852153107524,-2.3552842140197754,,
1790036436.077603,RAW_IMU,,,,,,,,,0,0,-1001,3,3,3,,,,,
1790036436.0961552,ATTITUDE,,,,,,,,,,,,,,,0.0012202429352328181,0.001900367671623826,-2.3552825450897217,,
1790036436.097454,RAW_IMU,,,,,,,,,0,0,-1001,3,3,3,,,,,
1790036436.1165047,ATTITUDE,,,,,,,,,,,,,,,0.0012180517660453916,0.001898809801787138,-2.355278253555298,,
1790036436.1179154,RAW_IMU,,,,,,,,,0,0,-1001,3,3,3,,,,,
1790036436.1361508,ATTITUDE,,,,,,,,,,,,,,,0.0012148214736953378,0.0018975259736180305,-2.3552703857421875,,
1790036436.1370943,RAW_IMU,,,,,,,,,0,0,-1001,3,3,3,,,,,
1790036436.1612315,GLOBAL_POSITION_INT,-35.3609107,149.168039,580.71,-0.494,0.02,0.0,0.0,225.06,,,,,,,,,,,
1790036436.1628747,GPS_RAW_INT,,,,,,,,,,,,,,,,,,6,10
1790036436.1636786,ATTITUDE,,,,,,,,,,,,,,,0.0012123077176511288,0.001895681256428361,-2.3552627563476562,,
1790036436.164571,RAW_IMU,,,,,,,,,0,0,-1001,3,3,3,,,,,
1790036436.1769364,ATTITUDE,,,,,,,,,,,,,,,0.0012119219172745943,0.0018947012722492218,-2.3552565574645996,,
1790036436.178289,RAW_IMU,,,,,,,,,0,0,-1001,3,3,3,,,,,
1790036436.196983,ATTITUDE,,,,,,,,,,,,,,,0.0012106060748919845,0.0018933572573587298,-2.355255365371704,,
1790036436.1987247,RAW_IMU,,,,,,,,,0,0,-1001,3,3,3,,,,,
1790036436.2167706,ATTITUDE,,,,,,,,,,,,,,,0.0012099134037271142,0.0018951595993712544,-2.355250120162964,,
1790036436.217546,RAW_IMU,,,,,,,,,0,0,-1001,3,3,3,,,,,
1790036436.2368488,ATTITUDE,,,,,,,,,,,,,,,0.0012089511146768928,0.0018959521548822522,-2.3552451133728027,,
1790036436.2381418,RAW_IMU,,,,,,,,,0,0,-1000,3,3,3,,,,,
1790036436.2566588,GLOBAL_POSITION_INT,-35.3609107,149.168039,580.71,-0.494,0.02,0.0,0.0,225.06,,,,,,,,,,,
1790036436.258057,GPS_RAW_INT,,,,,,,,,,,,,,,,,,6,10
1790036436.2598636,ATTITUDE,,,,,,,,,,,,,,,0.0012102746404707432,0.001897698501124978,-2.3552379608154297,,
1790036436.2611856,RAW_IMU,,,,,,,,,0,0,-1000,3,3,3,,,,,
1790036436.2775536,ATTITUDE,,,,,,,,,,,,,,,0.0012126355431973934,0.0019007177324965596,-2.3552334308624268,,
1790036436.2792163,RAW_IMU,,,,,,,,,0,0,-1001,3,3,3,,,,,
1790036436.2985027,ATTITUDE,,,,,,,,,,,,,,,0.001215419266372919,0.0019046015804633498,-2.355229616165161,,
1790036436.3000128,RAW_IMU,,,,,,,,,0,0,-1001,3,3,3,,,,,
1790036436.3182027,ATTITUDE,,,,,,,,,,,,,,,0.0012122365878894925,0.001902104588225484,-2.3552229404449463,,
1790036436.3193235,RAW_IMU,,,,,,,,,0,0,-1001,3,3,3,,,,,
1790036436.3389106,ATTITUDE,,,,,,,,,,,,,,,0.0012095023412257433,0.0019016028381884098,-2.3552167415618896,,
1790036436.3404787,RAW_IMU,,,,,,,,,0,0,-1001,3,3,3,,,,,
1790036436.352799,GLOBAL_POSITION_INT,-35.3609107,149.168039,580.71,-0.493,0.02,0.0,0.0,225.06,,,,,,,,,,,
1790036436.3541532,GPS_RAW_INT,,,,,,,,,,,,,,,,,,6,10
1790036436.3590846,ATTITUDE,,,,,,,,,,,,,,,0.001207843772135675,0.0019006980583071709,-2.355210304260254,,
1790036436.3603714,RAW_IMU,,,,,,,,,0,0,-1001,3,3,3,,,,,
1790036436.3796864,ATTITUDE,,,,,,,,,,,,,,,0.001206167391501367,0.001898411544971168,-2.3552041053771973,,
1790036436.3811815,RAW_IMU,,,,,,,,,0,0,-1001,3,3,3,,,,,
1790036436.41494,ATTITUDE,,,,,,,,,,,,,,,0.0012052598176524043,0.0018974007107317448,-2.3551998138427734,,
1790036436.4161136,RAW_IMU,,,,,,,,,0,0,-1001,3,3,3,,,,,
1790036436.4181068,ATTITUDE,,,,,,,,,,,,,,,0.001205078442580998,0.001896873814985156,-2.3551948070526123,,
1790036436.4204977,RAW_IMU,,,,,,,,,0,0,-1001,3,3,3,,,,,
1790036436.4346256,ATTITUDE,,,,,,,,,,,,,,,0.001204815460368991,0.0018971890676766634,-2.3551900386810303,,
1790036436.4358869,RAW_IMU,,,,,,,,,0,0,-1001,3,3,3,,,,,
1790036436.4546096,GLOBAL_POSITION_INT,-35.3609107,149.168039,580.71,-0.493,0.02,0.0,0.0,225.06,,,,,,,,,,,
1790036436.4564145,GPS_RAW_INT,,,,,,,,,,,,,,,,,,6,10
1790036436.4579444,ATTITUDE,,,,,,,,,,,,,,,0.0012055565603077412,0.0018998431041836739,-2.3551833629608154,,
1790036436.4591997,RAW_IMU,,,,,,,,,0,0,-1001,3,3,3,,,,,
1790036436.475329,ATTITUDE,,,,,,,,,,,,,,,0.0012081241002306342,0.0019020093604922295,-2.355177879333496,,
1790036436.4766293,RAW_IMU,,,,,,,,,0,0,-1001,3,3,3,,,,,
1790036436.4957745,ATTITUDE,,,,,,,,,,,,,,,0.0012106860522180796,0.0019066242966800928,-2.3551762104034424,,
1790036436.496902,RAW_IMU,,,,,,,,,0,0,-1001,3,3,3,,,,,
1790036436.515191,ATTITUDE,,,,,,,,,,,,,,,0.001207316992804408,0.0019051629351451993,-2.3551714420318604,,
1790036436.5164275,RAW_IMU,,,,,,,,,0,0,-1001,3,3,3,,,,,
1790036436.5351083,ATTITUDE,,,,,,,,,,,,,,,0.0012040312867611647,0.001904294709675014,-2.3551666736602783,,
1790036436.5359461,RAW_IMU,,,,,,,,,0,0,-1001,3,3,3,,,,,
1790036436.554144,GLOBAL_POSITION_INT,-35.3609107,149.168039,580.71,-0.493,0.02,0.0,0.0,225.06,,,,,,,,,,,
1790036436.5551224,GPS_RAW_INT,,,,,,,,,,,,,,,,,,6,10
1790036436.5570295,ATTITUDE,,,,,,,,,,,,,,,0.0012028692290186882,0.0019041354535147548,-2.355161428451538,,
1790036436.5588906,RAW_IMU,,,,,,,,,0,0,-1001,3,3,3,,,,,
1790036436.5753653,ATTITUDE,,,,,,,,,,,,,,,0.001202598912641406,0.0019022594206035137,-2.3551554679870605,,
1790036436.5775232,RAW_IMU,,,,,,,,,0,0,-1001,3,3,3,,,,,
1790036436.5963461,ATTITUDE,,,,,,,,,,,,,,,0.0012007285840809345,0.0018999818712472916,-2.355151414871216,,
1790036436.5977533,RAW_IMU,,,,,,,,,0,0,-1001,3,3,3,,,,,
1790036436.6160522,ATTITUDE,,,,,,,,,,,,,,,0.0012004856253042817,0.001896754140034318,-2.35514760017395,,
1790036436.617053,RAW_IMU,,,,,,,,,0,0,-1001,3,3,3,,,,,
1790036436.63623,ATTITUDE,,,,,,,,,,,,,,,0.0012014438398182392,0.0018971683457493782,-2.355142116546631,,
1790036436.6374018,RAW_IMU,,,,,,,,,0,0,-1001,3,3,3,,,,,
1790036436.6706734,GLOBAL_POSITION_INT,-35.3609107,149.168039,580.71,-0.493,0.02,0.0,0.0,225.07,,,,,,,,,,,
1790036436.6720817,GPS_RAW_INT,,,,,,,,,,,,,,,,,,6,10
1790036436.6736107,ATTITUDE,,,,,,,,,,,,,,,0.0012047820491716266,0.0018998801242560148,-2.355135440826416,,
1790036436.6756368,RAW_IMU,,,,,,,,,0,0,-1001,3,3,3,,,,,
1790036436.6781673,ATTITUDE,,,,,,,,,,,,,,,0.0012064912589266896,0.0019016130827367306,-2.355128765106201,,
1790036436.6794343,RAW_IMU,,,,,,,,,0,0,-1001,3,3,3,,,,,
1790036436.6985905,ATTITUDE,,,,,,,,,,,,,,,0.001210100599564612,0.0019051949493587017,-2.35512638092041,,
1790036436.7002687,RAW_IMU,,,,,,,,,0,0,-1001,3,3,3,,,,,
1790036436.719025,ATTITUDE,,,,,,,,,,,,,,,0.00120769371278584,0.0019022311316803098,-2.3551218509674072,,
1790036436.72065,RAW_IMU,,,,,,,,,0,0,-1001,3,3,3,,,,,
1790036436.7394564,ATTITUDE,,,,,,,,,,,,,,,0.0012064669281244278,0.0019014381105080247,-2.3551177978515625,,
1790036436.740763,RAW_IMU,,,,,,,,,0,0,-1001,3,3,3,,,,,
1790036436.7538111,GLOBAL_POSITION_INT,-35.3609107,149.168039,580.71,-0.493,0.02,0.0,0.0,225.07,,,,,,,,,,,
1790036436.7545266,GPS_RAW_INT,,,,,,,,,,,,,,,,,,6,10
1790036436.7594132,ATTITUDE,,,,,,,,,,,,,,,0.001206293934956193,0.001898924121633172,-2.3551113605499268,,
1790036436.7602468,RAW_IMU,,,,,,,,,0,0,-1001,3,3,3,,,,,
1790036436.7744656,ATTITUDE,,,,,,,,,,,,,,,0.0012030319776386023,0.001897613052278757,-2.355104446411133,,
1790036436.7760608,RAW_IMU,,,,,,,,,0,0,-1001,3,3,3,,,,,
1790036436.7945027,ATTITUDE,,,,,,,,,,,,,,,0.001202438143081963,0.001896813279017806,-2.355102300643921,,
1790036436.795091,RAW_IMU,,,,,,,,,0,0,-1001,3,3,3,,,,,
1790036436.8148384,ATTITUDE,,,,,,,,,,,,,,,0.0012014445383101702,0.0018973663682118058,-2.355098009109497,,
1790036436.8157456,RAW_IMU,,,,,,,,,0,0,-1001,3,3,3,,,,,
1790036436.8351517,ATTITUDE,,,,,,,,,,,,,,,0.001201055245473981,0.001898955786600709,-2.3550920486450195,,
1790036436.8365169,RAW_IMU,,,,,,,,,0,0,-1001,3,3,3,,,,,
1790036436.855381,GLOBAL_POSITION_INT,-35.3609107,149.168039,580.71,-0.492,0.02,0.0,0.0,225.07,,,,,,,,,,,
1790036436.8570747,GPS_RAW_INT,,,,,,,,,,,,,,,,,,6,10
1790036436.8587055,ATTITUDE,,,,,,,,,,,,,,,0.0012030439684167504,0.0018993220292031765,-2.3550870418548584,,
1790036436.8601987,RAW_IMU,,,,,,,,,0,0,-1001,3,3,3,,,,,
1790036436.877118,ATTITUDE,,,,,,,,,,,,,,,0.0012065245537087321,0.0019007233204320073,-2.355081558227539,,
1790036436.8783011,RAW_IMU,,,,,,,,,0,0,-1001,3,3,3,,,,,
1790036436.9204028,ATTITUDE,,,,,,,,,,,,,,,0.0012105711502954364,0.0019028577953577042,-2.355078935623169,,
1790036436.9216025,RAW_IMU,,,,,,,,,0,0,-1001,3,3,3,,,,,
1790036436.9229324,ATTITUDE,,,,,,,,,,,,,,,0.0012074693804606795,0.0018992469413205981,-2.3550760746002197,,
1790036436.9255855,RAW_IMU,,,,,,,,,0,0,-1001,3,3,3,,,,,
1790036436.9382718,ATTITUDE,,,,,,,,,,,,,,,0.0012031515361741185,0.0018964008195325732,-2.3550705909729004,,
1790036436.939279,RAW_IMU,,,,,,,,,0,0,-1001,3,3,3,,,,,
1790036436.9524746,GLOBAL_POSITION_INT,-35.3609107,149.168039,580.71,-0.492,0.02,0.0,0.0,225.07,,,,,,,,,,,
1790036436.9531782,GPS_RAW_INT,,,,,,,,,,,,,,,,,,6,10
1790036436.958346,ATTITUDE,,,,,,,,,,,,,,,0.0012027310440316796,0.0018961104797199368,-2.355064630508423,,
1790036436.9601066,RAW_IMU,,,,,,,,,0,0,-1001,3,3,3,,,,,
1790036436.9782522,ATTITUDE,,,,,,,,,,,,,,,0.0012012611841782928,0.0018947060452774167,-2.3550593852996826,,
1790036436.9801323,RAW_IMU,,,,,,,,,0,0,-1000,3,3,3,,,,,
1790036436.9989245,ATTITUDE,,,,,,,,,,,,,,,0.00119851715862751,0.001893852255307138,-2.3550586700439453,,
1790036437.0010164,RAW_IMU,,,,,,,,,0,0,-1001,3,3,3,,,,,
1790036437.0188806,ATTITUDE,,,,,,,,,,,,,,,0.0011975753586739302,0.0018939974252134562,-2.355055093765259,,
1790036437.0203915,RAW_IMU,,,,,,,,,0,0,-1001,3,3,3,,,,,
1790036437.0391583,ATTITUDE,,,,,,,,,,,,,,,0.0011995245004072785,0.0018932222155854106,-2.3550500869750977,,
1790036437.0411413,RAW_IMU,,,,,,,,,0,0,-1001,3,3,3,,,,,
1790036437.0534346,GLOBAL_POSITION_INT,-35.3609107,149.168039,580.71,-0.492,0.02,0.0,0.0,225.07,,,,,,,,,,,
1790036437.054836,GPS_RAW_INT,,,,,,,,,,,,,,,,,,6,10
1790036437.0592418,ATTITUDE,,,,,,,,,,,,,,,0.0012023872695863247,0.0018953988328576088,-2.3550446033477783,,
1790036437.0604086,RAW_IMU,,,,,,,,,0,0,-1001,3,3,3,,,,,
1790036437.0744128,ATTITUDE,,,,,,,,,,,,,,,0.0012042700545862317,0.001899314229376614,-2.355039358139038,,
1790036437.0759635,RAW_IMU,,,,,,,,,0,0,-1001,3,3,3,,,,,
1790036437.0947373,ATTITUDE,,,,,,,,,,,,,,,0.001206731190904975,0.001903610653243959,-2.355036973953247,,
1790036437.095851,RAW_IMU,,,,,,,,,0,0,-1001,3,3,3,,,,,
1790036437.1151228,ATTITUDE,,,,,,,,,,,,,,,0.0012041032314300537,0.0019013761775568128,-2.355034351348877,,
1790036437.1164615,RAW_IMU,,,,,,,,,0,0,-1001,3,3,3,,,,,
1790036437.13526,ATTITUDE,,,,,,,,,,,,,,,0.0012033168459311128,0.0018992722034454346,-2.355029582977295,,
1790036437.1364498,RAW_IMU,,,,,,,,,0,0,-1001,3,3,3,,,,,
1790036437.1699483,GLOBAL_POSITION_INT,-35.3609107,149.168039,580.71,-0.492,0.02,0.0,0.0,225.07,,,,,,,,,,,
1790036437.1709042,GPS_RAW_INT,,,,,,,,,,,,,,,,,,6,10
1790036437.1720157,ATTITUDE,,,,,,,,,,,,,,,0.0012016415130347013,0.0018985705683007836,-2.355022668838501,,
1790036437.1737404,RAW_IMU,,,,,,,,,0,0,-1001,3,3,3,,,,,
1790036437.1755888,ATTITUDE,,,,,,,,,,,,,,,0.0011994153028354049,0.0018992092227563262,-2.3550169467926025,,
1790036437.1767933,RAW_IMU,,,,,,,,,0,0,-1001,3,3,3,,,,,
1790036437.195188,ATTITUDE,,,,,,,,,,,,,,,0.0011983795557171106,0.0018992121331393719,-2.3550164699554443,,
1790036437.1966345,RAW_IMU,,,,,,,,,0,0,-1001,3,3,3,,,,,
1790036437.2149522,ATTITUDE,,,,,,,,,,,,,,,0.0011984939919784665,0.0018990618409588933,-2.355011224746704,,
1790036437.2163703,RAW_IMU,,,,,,,,,0,0,-1001,3,3,3,,,,,
1790036437.2350507,ATTITUDE,,,,,,,,,,,,,,,0.0012010562932118773,0.0018989542732015252,-2.3550071716308594,,
1790036437.2358289,RAW_IMU,,,,,,,,,0,0,-1001,3,3,3,,,,,
1790036437.254978,GLOBAL_POSITION_INT,-35.3609107,149.168039,580.71,-0.491,0.02,0.0,0.0,225.07,,,,,,,,,,,
1790036437.2558963,GPS_RAW_INT,,,,,,,,,,,,,,,,,,6,10
1790036437.2578661,ATTITUDE,,,,,,,,,,,,,,,0.0012025512987747788,0.0019003133056685328,-2.35500168800354,,
1790036437.25899,RAW_IMU,,,,,,,,,0,0,-1000,3,3,3,,,,,
1790036437.275271,ATTITUDE,,,,,,,,,,,,,,,0.0012029324425384402,0.0019010333344340324,-2.3549954891204834,,
1790036437.2771876,RAW_IMU,,,,,,,,,0,0,-1001,3,3,3,,,,,
1790036437.2953537,ATTITUDE,,,,,,,,,,,,,,,0.0012048599310219288,0.0019031899282708764,-2.3549909591674805,,
1790036437.2967277,RAW_IMU,,,,,,,,,0,0,-1001,3,3,3,,,,,
1790036437.314985,ATTITUDE,,,,,,,,,,,,,,,0.0012012760853394866,0.0018996637081727386,-2.3549888134002686,,
1790036437.3162942,RAW_IMU,,,,,,,,,0,0,-1001,3,3,3,,,,,
1790036437.335024,ATTITUDE,,,,,,,,,,,,,,,0.0011988725746050477,0.0018985113129019737,-2.3549835681915283,,
1790036437.336041,RAW_IMU,,,,,,,,,0,0,-1001,3,3,3,,,,,
1790036437.3549898,GLOBAL_POSITION_INT,-35.3609107,149.168039,580.71,-0.491,0.02,0.0,0.0,225.07,,,,,,,,,,,
1790036437.3562498,GPS_RAW_INT,,,,,,,,,,,,,,,,,,6,10
1790036437.3574712,ATTITUDE,,,,,,,,,,,,,,,0.0011979812989011407,0.0018972766119986773,-2.35497784614563,,
1790036437.358286,RAW_IMU,,,,,,,,,0,0,-1001,3,3,3,,,,,
1790036437.3749735,ATTITUDE,,,,,,,,,,,,,,,0.0011965009616687894,0.001896030968055129,-2.354970932006836,,
1790036437.376329,RAW_IMU,,,,,,,,,0,0,-1001,3,3,3,,,,,
1790036437.4146464,ATTITUDE,,,,,,,,,,,,,,,0.0011950441403314471,0.0018952955724671483,-2.3549675941467285,,
1790036437.4154549,RAW_IMU,,,,,,,,,0,0,-1001,3,3,3,,,,,
1790036437.4166055,ATTITUDE,,,,,,,,,,,,,,,0.0011939395917579532,0.0018954023253172636,-2.3549654483795166,,
1790036437.4175117,RAW_IMU,,,,,,,,,0,0,-1001,3,3,3,,,,,
1790036437.4344537,ATTITUDE,,,,,,,,,,,,,,,0.0011963510187342763,0.0018991152755916119,-2.354961395263672,,
1790036437.4353843,RAW_IMU,,,,,,,,,0,0,-1001,3,3,3,,,,,
1790036437.45445,GLOBAL_POSITION_INT,-35.3609107,149.168039,580.71,-0.491,0.02,0.0,0.0,225.08,,,,,,,,,,,
1790036437.4555163,GPS_RAW_INT,,,,,,,,,,,,,,,,,,6,10
1790036437.4574094,ATTITUDE,,,,,,,,,,,,,,,0.0011966638267040253,0.0019018294988200068,-2.3549561500549316,,
1790036437.4584224,RAW_IMU,,,,,,,,,0,0,-1001,3,3,3,,,,,
1790036437.4748025,ATTITUDE,,,,,,,,,,,,,,,0.001197848585434258,0.0019042802741751075,-2.3549492359161377,,
1790036437.476397,RAW_IMU,,,,,,,,,0,0,-1000,3,3,3,,,,,
1790036437.4954953,ATTITUDE,,,,,,,,,,,,,,,0.0011990644270554185,0.001905251294374466,-2.3549468517303467,,
1790036437.497497,RAW_IMU,,,,,,,,,0,0,-1001,3,3,3,,,,,
1790036437.515843,ATTITUDE,,,,,,,,,,,,,,,0.001195920747704804,0.0019035304430872202,-2.3549444675445557,,
1790036437.517461,RAW_IMU,,,,,,,,,0,0,-1001,3,3,3,,,,,
1790036437.5359344,ATTITUDE,,,,,,,,,,,,,,,0.0011935819638893008,0.001901808544062078,-2.35494065284729,,
1790036437.5369978,RAW_IMU,,,,,,,,,0,0,-1001,3,3,3,,,,,
1790036437.555721,GLOBAL_POSITION_INT,-35.3609107,149.168039,580.71,-0.491,0.02,0.0,0.0,225.08,,,,,,,,,,,
1790036437.5565312,GPS_RAW_INT,,,,,,,,,,,,,,,,,,6,10
1790036437.5577264,ATTITUDE,,,,,,,,,,,,,,,0.0011925639118999243,0.0018988874508067966,-2.3549344539642334,,
1790036437.5588074,RAW_IMU,,,,,,,,,0,0,-1001,3,3,3,,,,,
1790036437.576397,ATTITUDE,,,,,,,,,,,,,,,0.001191030372865498,0.0018985107308253646,-2.354928493499756,,
1790036437.5778496,RAW_IMU,,,,,,,,,0,0,-1001,3,3,3,,,,,
1790036437.5955958,ATTITUDE,,,,,,,,,,,,,,,0.0011913975467905402,0.0018978748703375459,-2.354926824569702,,
1790036437.5963442,RAW_IMU,,,,,,,,,0,0,-1001,3,3,3,,,,,
1790036437.6159387,ATTITUDE,,,,,,,,,,,,,,,0.0011921650730073452,0.0018971734680235386,-2.354923963546753,,
1790036437.6171806,RAW_IMU,,,,,,,,,0,0,-1001,3,3,3,,,,,
1790036437.6365707,ATTITUDE,,,,,,,,,,,,,,,0.0011925501748919487,0.0018992708064615726,-2.354921817779541,,
1790036437.637928,RAW_IMU,,,,,,,,,0,0,-1001,3,3,3,,,,,
1790036437.66811,GLOBAL_POSITION_INT,-35.3609107,149.168039,580.71,-0.491,0.02,0.0,0.0,225.08,,,,,,,,,,,
1790036437.6697242,GPS_RAW_INT,,,,,,,,,,,,,,,,,,6,10
1790036437.670766,ATTITUDE,,,,,,,,,,,,,,,0.0011953153880313039,0.001900656963698566,-2.35491681098938,,
1790036437.6723206,RAW_IMU,,,,,,,,,0,0,-1001,3,3,3,,,,,
1790036437.6772768,ATTITUDE,,,,,,,,,,,,,,,0.0011978615075349808,0.0019029382383450866,-2.354909896850586,,
1790036437.6782215,RAW_IMU,,,,,,,,,0,0,-1001,3,3,3,,,,,
1790036437.6976657,ATTITUDE,,,,,,,,,,,,,,,0.0012010597856715322,0.0019062412902712822,-2.3549067974090576,,
1790036437.699009,RAW_IMU,,,,,,,,,0,0,-1001,3,3,3,,,,,
1790036437.7180417,ATTITUDE,,,,,,,,,,,,,,,0.0011990111088380218,0.0019033949356526136,-2.354905128479004,,
1790036437.718849,RAW_IMU,,,,,,,,,0,0,-1001,3,3,3,,,,,
1790036437.7385428,ATTITUDE,,,,,,,,,,,,,,,0.0011971545172855258,0.0019001956097781658,-2.3549013137817383,,
1790036437.7399316,RAW_IMU,,,,,,,,,0,0,-1001,3,3,3,,,,,
1790036437.7531705,GLOBAL_POSITION_INT,-35.3609107,149.168039,580.71,-0.491,0.02,0.0,0.0,225.08,,,,,,,,,,,
1790036437.7541716,GPS_RAW_INT,,,,,,,,,,,,,,,,,,6,10
1790036437.7588978,ATTITUDE,,,,,,,,,,,,,,,0.001196082797832787,0.001899556489661336,-2.354896306991577,,
1790036437.7605498,RAW_IMU,,,,,,,,,0,0,-1001,3,3,3,,,,,
1790036437.7789276,ATTITUDE,,,,,,,,,,,,,,,0.0011943927966058254,0.0018986769719049335,-2.3548898696899414,,
1790036437.7804391,RAW_IMU,,,,,,,,,0,0,-1001,3,3,3,,,,,
1790036437.7990334,ATTITUDE,,,,,,,,,,,,,,,0.0011935190996155143,0.0018986385548487306,-2.354886531829834,,
1790036437.8007116,RAW_IMU,,,,,,,,,0,0,-1001,3,3,3,,,,,
1790036437.818675,ATTITUDE,,,,,,,,,,,,,,,0.0011920514516532421,0.0018998037558048964,-2.3548836708068848,,
1790036437.8199272,RAW_IMU,,,,,,,,,0,0,-1001,3,3,3,,,,,
1790036437.839718,ATTITUDE,,,,,,,,,,,,,,,0.0011925487779080868,0.0018998703453689814,-2.354879856109619,,
1790036437.8413835,RAW_IMU,,,,,,,,,0,0,-1001,3,3,3,,,,,
1790036437.8530984,GLOBAL_POSITION_INT,-35.3609107,149.168039,580.71,-0.49,0.02,0.0,0.0,225.08,,,,,,,,,,,
1790036437.8545945,GPS_RAW_INT,,,,,,,,,,,,,,,,,,6,10
1790036437.8595324,ATTITUDE,,,,,,,,,,,,,,,0.001194441574625671,0.0019025658257305622,-2.354875087738037,,
1790036437.8608747,RAW_IMU,,,,,,,,,0,0,-1001,3,3,3,,,,,
1790036437.8803673,ATTITUDE,,,,,,,,,,,,,,,0.0011973206419497728,0.0019060673657804728,-2.3548693656921387,,
1790036437.8817945,RAW_IMU,,,,,,,,,0,0,-1001,3,3,3,,,,,
1790036437.916847,ATTITUDE,,,,,,,,,,,,,,,0.0011980666313320398,0.0019087581895291805,-2.3548669815063477,,
1790036437.917773,RAW_IMU,,,,,,,,,0,0,-1001,3,3,3,,,,,
1790036437.9202244,ATTITUDE,,,,,,,,,,,,,,,0.0011959029361605644,0.001906922785565257,-2.354863166809082,,
1790036437.9216354,RAW_IMU,,,,,,,,,0,0,-1001,3,3,3,,,,,
1790036437.940014,ATTITUDE,,,,,,,,,,,,,,,0.0011937301605939865,0.0019057013560086489,-2.3548583984375,,
1790036437.941179,RAW_IMU,,,,,,,,,0,0,-1001,3,3,3,,,,,
1790036437.9543142,GLOBAL_POSITION_INT,-35.3609107,149.168039,580.71,-0.49,0.02,0.0,0.0,225.08,,,,,,,,,,,
1790036437.9553518,GPS_RAW_INT,,,,,,,,,,,,,,,,,,6,10
1790036437.9598885,ATTITUDE,,,,,,,,,,,,,,,0.0011923782294616103,0.0019050659611821175,-2.354851007461548,,
1790036437.9609997,RAW_IMU,,,,,,,,,0,0,-1001,3,3,3,,,,,
1790036437.9803712,ATTITUDE,,,,,,,,,,,,,,,0.0011926718289032578,0.0019028483657166362,-2.3548450469970703,,
1790036437.981779,RAW_IMU,,,,,,,,,0,0,-1001,3,3,3,,,,,
1790036438.0001643,ATTITUDE,,,,,,,,,,,,,,,0.0011916662333533168,0.001902819611132145,-2.3548426628112793,,
1790036438.002129,RAW_IMU,,,,,,,,,0,0,-1001,3,3,3,,,,,
1790036438.019899,ATTITUDE,,,,,,,,,,,,,,,0.0011934794019907713,0.0019031403353437781,-2.354839563369751,,
1790036438.021641,RAW_IMU,,,,,,,,,0,0,-1001,3,3,3,,,,,
1790036438.039944,ATTITUDE,,,,,,,,,,,,,,,0.0011926485458388925,0.0019028238020837307,-2.3548364639282227,,
1790036438.0418022,RAW_IMU,,,,,,,,,0,0,-1001,3,3,3,,,,,
1790036438.0541205,GLOBAL_POSITION_INT,-35.3609107,149.168039,580.71,-0.49,0.02,0.0,0.0,225.08,,,,,,,,,,,
1790036438.0546331,GPS_RAW_INT,,,,,,,,,,,,,,,,,,6,10
1790036438.0598633,ATTITUDE,,,,,,,,,,,,,,,0.0011943959398195148,0.001905327197164297,-2.3548295497894287,,
1790036438.061523,RAW_IMU,,,,,,,,,0,0,-1001,3,3,3,,,,,
1790036438.0803142,ATTITUDE,,,,,,,,,,,,,,,0.0011988476617261767,0.0019078919431194663,-2.3548226356506348,,
1790036438.0822685,RAW_IMU,,,,,,,,,0,0,-1001,3,3,3,,,,,
1790036438.100114,ATTITUDE,,,,,,,,,,,,,,,0.0012015887768939137,0.0019091428257524967,-2.354820489883423,,
1790036438.1014194,RAW_IMU,,,,,,,,,0,0,-1001,3,3,3,,,,,
1790036438.115156,ATTITUDE,,,,,,,,,,,,,,,0.0012002697912976146,0.001907293451949954,-2.354818344116211,,
1790036438.1167207,RAW_IMU,,,,,,,,,0,0,-1001,3,3,3,,,,,
1790036438.1356838,ATTITUDE,,,,,,,,,,,,,,,0.0011994250817224383,0.0019074709853157401,-2.354815721511841,,
1790036438.13652,RAW_IMU,,,,,,,,,0,0,-1001,3,3,3,,,,,
1790036438.1624591,GLOBAL_POSITION_INT,-35.3609107,149.168039,580.71,-0.49,0.02,0.0,0.0,225.08,,,,,,,,,,,
1790036438.163877,GPS_RAW_INT,,,,,,,,,,,,,,,,,,6,10
1790036438.164783,ATTITUDE,,,,,,,,,,,,,,,0.001197827747091651,0.0019057231256738305,-2.3548099994659424,,
1790036438.166308,RAW_IMU,,,,,,,,,0,0,-1001,3,3,3,,,,,
1790036438.1760137,ATTITUDE,,,,,,,,,,,,,,,0.0011983056319877505,0.0019060000777244568,-2.3548030853271484,,
1790036438.177155,RAW_IMU,,,,,,,,,0,0,-1001,3,3,3,,,,,
1790036438.1961625,ATTITUDE,,,,,,,,,,,,,,,0.0011991523206233978,0.0019071606220677495,-2.3548007011413574,,
1790036438.1973698,RAW_IMU,,,,,,,,,0,0,-1001,3,3,3,,,,,
1790036438.2158406,ATTITUDE,,,,,,,,,,,,,,,0.001200518338009715,0.0019072929862886667,-2.354797840118408,,
1790036438.2172425,RAW_IMU,,,,,,,,,0,0,-1001,3,3,3,,,,,
1790036438.2355642,ATTITUDE,,,,,,,,,,,,,,,0.0012000513961538672,0.0019097713520750403,-2.35479474067688,,
1790036438.236277,RAW_IMU,,,,,,,,,0,0,-1001,3,3,3,,,,,
1790036438.2548609,GLOBAL_POSITION_INT,-35.3609107,149.168039,580.71,-0.49,0.02,0.0,0.0,225.09,,,,,,,,,,,
1790036438.255711,GPS_RAW_INT,,,,,,,,,,,,,,,,,,6,10
1790036438.2576656,ATTITUDE,,,,,,,,,,,,,,,0.0012015594402328134,0.0019136989722028375,-2.3547916412353516,,
1790036438.2588267,RAW_IMU,,,,,,,,,0,0,-1001,3,3,3,,,,,
1790036438.2754555,ATTITUDE,,,,,,,,,,,,,,,0.0012030851794406772,0.0019167530117556453,-2.3547861576080322,,
1790036438.2775767,RAW_IMU,,,,,,,,,0,0,-1001,3,3,3,,,,,
1790036438.2959146,ATTITUDE,,,,,,,,,,,,,,,0.0012069455115124583,0.0019197132205590606,-2.3547825813293457,,
1790036438.2977679,RAW_IMU,,,,,,,,,0,0,-1001,3,3,3,,,,,
1790036438.3155565,ATTITUDE,,,,,,,,,,,,,,,0.001204027095809579,0.0019162441603839397,-2.3547801971435547,,
1790036438.3165793,RAW_IMU,,,,,,,,,0,0,-1001,3,3,3,,,,,
1790036438.336632,ATTITUDE,,,,,,,,,,,,,,,0.0012038701679557562,0.0019155644113197923,-2.3547775745391846,,
1790036438.3382907,RAW_IMU,,,,,,,,,0,0,-1001,3,3,3,,,,,
1790036438.3563619,GLOBAL_POSITION_INT,-35.3609107,149.168039,580.71,-0.49,0.02,0.0,0.0,225.09,,,,,,,,,,,
1790036438.3569698,GPS_RAW_INT,,,,,,,,,,,,,,,,,,6,10
1790036438.3584092,ATTITUDE,,,,,,,,,,,,,,,0.0012041154550388455,0.001915201311931014,-2.3547730445861816,,
1790036438.360032,RAW_IMU,,,,,,,,,0,0,-1001,3,3,3,,,,,
1790036438.3767552,ATTITUDE,,,,,,,,,,,,,,,0.0012038853019475937,0.0019164079567417502,-2.354766607284546,,
1790036438.377769,RAW_IMU,,,,,,,,,0,0,-1001,3,3,3,,,,,
1790036438.4184148,ATTITUDE,,,,,,,,,,,,,,,0.0012031237129122019,0.0019166526617482305,-2.3547635078430176,,
1790036438.4191957,RAW_IMU,,,,,,,,,0,0,-1001,3,3,3,,,,,
1790036438.4207664,ATTITUDE,,,,,,,,,,,,,,,0.0012061409652233124,0.0019174139015376568,-2.354762315750122,,
1790036438.421975,RAW_IMU,,,,,,,,,0,0,-1001,3,3,3,,,,,
1790036438.4369664,ATTITUDE,,,,,,,,,,,,,,,0.0012070327065885067,0.0019175580237060785,-2.35475754737854,,
1790036438.4384825,RAW_IMU,,,,,,,,,0,0,-1001,3,3,3,,,,,
1790036438.4569669,GLOBAL_POSITION_INT,-35.3609107,149.168039,580.71,-0.49,0.02,0.0,0.0,225.09,,,,,,,,,,,
1790036438.4578784,GPS_RAW_INT,,,,,,,,,,,,,,,,,,6,10
1790036438.4591033,ATTITUDE,,,,,,,,,,,,,,,0.0012092763790860772,0.0019189431332051754,-2.3547534942626953,,
1790036438.4602768,RAW_IMU,,,,,,,,,0,0,-1001,3,3,3,,,,,
1790036438.4775877,ATTITUDE,,,,,,,,,,,,,,,0.0012112550903111696,0.0019206465221941471,-2.3547470569610596,,
1790036438.479845,RAW_IMU,,,,,,,,,0,0,-1001,3,3,3,,,,,
1790036438.49801,ATTITUDE,,,,,,,,,,,,,,,0.0012135643046349287,0.0019235600484535098,-2.3547449111938477,,
1790036438.4992979,RAW_IMU,,,,,,,,,0,0,-1001,3,3,3,,,,,
1790036438.5181391,ATTITUDE,,,,,,,,,,,,,,,0.001209842972457409,0.0019224107963964343,-2.354741096496582,,
1790036438.5198152,RAW_IMU,,,,,,,,,0,0,-1001,3,3,3,,,,,
1790036438.538046,ATTITUDE,,,,,,,,,,,,,,,0.0012073384132236242,0.0019186318386346102,-2.3547353744506836,,
1790036438.5389998,RAW_IMU,,,,,,,,,0,0,-1001,3,3,3,,,,,
1790036438.55768,GLOBAL_POSITION_INT,-35.3609107,149.168039,580.72,-0.489,0.02,0.0,0.0,225.09,,,,,,,,,,,
1790036438.5589244,GPS_RAW_INT,,,,,,,,,,,,,,,,,,6,10
1790036438.5603836,ATTITUDE,,,,,,,,,,,,,,,0.0012078969739377499,0.001918397843837738,-2.354731798171997,,
1790036438.5614383,RAW_IMU,,,,,,,,,0,0,-1001,3,3,3,,,,,
1790036438.5781264,ATTITUDE,,,,,,,,,,,,,,,0.001208585686981678,0.0019186876015737653,-2.3547263145446777,,
1790036438.5795226,RAW_IMU,,,,,,,,,0,0,-1001,3,3,3,,,,,
1790036438.59875,ATTITUDE,,,,,,,,,,,,,,,0.0012089817319065332,0.0019185481360182166,-2.3547236919403076,,
1790036438.5997221,RAW_IMU,,,,,,,,,0,0,-1001,3,3,3,,,,,
1790036438.617162,ATTITUDE,,,,,,,,,,,,,,,0.0012077210703864694,0.0019175257766619325,-2.354722023010254,,
1790036438.6184099,RAW_IMU,,,,,,,,,0,0,-1001,3,3,3,,,,,
1790036438.6372674,ATTITUDE,,,,,,,,,,,,,,,0.0012101175962015986,0.0019198852824047208,-2.3547186851501465,,
1790036438.6391244,RAW_IMU,,,,,,,,,0,0,-1001,3,3,3,,,,,
1790036438.664444,GLOBAL_POSITION_INT,-35.3609107,149.168039,580.72,-0.489,0.02,0.0,0.0,225.09,,,,,,,,,,,
1790036438.6660728,GPS_RAW_INT,,,,,,,,,,,,,,,,,,6,10
1790036438.6670053,ATTITUDE,,,,,,,,,,,,,,,0.0012121348408982158,0.0019218743545934558,-2.3547139167785645,,
1790036438.6684833,RAW_IMU,,,,,,,,,0,0,-1001,3,3,3,,,,,
1790036438.6779714,ATTITUDE,,,,,,,,,,,,,,,0.0012145182117819786,0.001924313954077661,-2.354707956314087,,
1790036438.6801114,RAW_IMU,,,,,,,,,0,0,-1001,3,3,3,,,,,
1790036438.7000356,ATTITUDE,,,,,,,,,,,,,,,0.001218483317643404,0.0019283699803054333,-2.354705810546875,,
1790036438.7011213,RAW_IMU,,,,,,,,,0,0,-1001,3,3,3,,,,,
1790036438.7198102,ATTITUDE,,,,,,,,,,,,,,,0.0012167392997071147,0.0019258244428783655,-2.3547024726867676,,
1790036438.7207372,RAW_IMU,,,,,,,,,0,0,-1001,3,3,3,,,,,
1790036438.7400222,ATTITUDE,,,,,,,,,,,,,,,0.0012162296334281564,0.0019237850792706013,-2.3546996116638184,,
1790036438.7414052,RAW_IMU,,,,,,,,,0,0,-1000,3,3,3,,,,,
1790036438.7539308,GLOBAL_POSITION_INT,-35.3609107,149.168039,580.72,-0.489,0.02,0.0,0.0,225.09,,,,,,,,,,,
1790036438.7553806,GPS_RAW_INT,,,,,,,,,,,,,,,,,,6,10
1790036438.7597547,ATTITUDE,,,,,,,,,,,,,,,0.0012149765389040112,0.001923892879858613,-2.3546946048736572,,
1790036438.7616947,RAW_IMU,,,,,,,,,0,0,-1001,3,3,3,,,,,
1790036438.7748098,ATTITUDE,,,,,,,,,,,,,,,0.0012149568647146225,0.0019234606297686696,-2.3546881675720215,,
1790036438.7767289,RAW_IMU,,,,,,,,,0,0,-1001,3,3,3,,,,,
1790036438.795555,ATTITUDE,,,,,,,,,,,,,,,0.0012162976199761033,0.0019232440972700715,-2.3546864986419678,,
1790036438.7972777,RAW_IMU,,,,,,,,,0,0,-1000,3,3,3,,,,,
1790036438.8148577,ATTITUDE,,,,,,,,,,,,,,,0.0012171497801318765,0.0019253598293289542,-2.354684591293335,,
1790036438.815425,RAW_IMU,,,,,,,,,0,0,-1001,3,3,3,,,,,
1790036438.836172,ATTITUDE,,,,,,,,,,,,,,,0.0012199896154925227,0.0019260935951024294,-2.354680061340332,,
1790036438.83791,RAW_IMU,,,,,,,,,0,0,-1000,3,3,3,,,,,
1790036438.856222,GLOBAL_POSITION_INT,-35.3609107,149.168039,580.72,-0.489,0.02,0.0,0.0,225.09,,,,,,,,,,,
1790036438.856673,GPS_RAW_INT,,,,,,,,,,,,,,,,,,6,10
1790036438.8579586,ATTITUDE,,,,,,,,,,,,,,,0.0012218126794323325,0.0019278753316029906,-2.35467529296875,,
1790036438.859304,RAW_IMU,,,,,,,,,0,0,-1001,3,3,3,,,,,
1790036438.8772728,ATTITUDE,,,,,,,,,,,,,,,0.0012238775379955769,0.0019292907090857625,-2.3546690940856934,,
1790036438.8783095,RAW_IMU,,,,,,,,,0,0,-1001,3,3,3,,,,,
1790036438.9193556,ATTITUDE,,,,,,,,,,,,,,,0.0012262111995369196,0.0019318576669320464,-2.3546674251556396,,
1790036438.9203646,RAW_IMU,,,,,,,,,0,0,-1001,3,3,3,,,,,
1790036438.9216237,ATTITUDE,,,,,,,,,,,,,,,0.0012236920883879066,0.0019301422871649265,-2.3546643257141113,,
1790036438.9230003,RAW_IMU,,,,,,,,,0,0,-1001,3,3,3,,,,,
1790036438.937143,ATTITUDE,,,,,,,,,,,,,,,0.0012219191994518042,0.0019279381958767772,-2.3546619415283203,,
1790036438.9383287,RAW_IMU,,,,,,,,,0,0,-1001,3,3,3,,,,,
1790036438.9569554,GLOBAL_POSITION_INT,-35.3609107,149.1680391,580.72,-0.489,0.02,0.0,0.0,225.09,,,,,,,,,,,
1790036438.9582138,GPS_RAW_INT,,,,,,,,,,,,,,,,,,6,10
1790036438.9598317,ATTITUDE,,,,,,,,,,,,,,,0.001220873324200511,0.0019275365630164742,-2.354659080505371,,
1790036438.9616694,RAW_IMU,,,,,,,,,0,0,-1001,3,3,3,,,,,
1790036438.9776285,ATTITUDE,,,,,,,,,,,,,,,0.0012202488724142313,0.0019276723032817245,-2.354651927947998,,
1790036438.979047,RAW_IMU,,,,,,,,,0,0,-1001,3,3,3,,,,,
1790036438.9987657,ATTITUDE,,,,,,,,,,,,,,,0.001220326405018568,0.0019264612346887589,-2.3546509742736816,,
1790036439.0001109,RAW_IMU,,,,,,,,,0,0,-1000,3,3,3,,,,,
1790036439.0185218,ATTITUDE,,,,,,,,,,,,,,,0.0012210400309413671,0.001927997567690909,-2.3546483516693115,,
1790036439.01943,RAW_IMU,,,,,,,,,0,0,-1001,3,3,3,,,,,
1790036439.0385838,ATTITUDE,,,,,,,,,,,,,,,0.0012228142004460096,0.0019274745136499405,-2.3546454906463623,,
1790036439.039684,RAW_IMU,,,,,,,,,0,0,-1001,3,3,3,,,,,
1790036439.0523689,GLOBAL_POSITION_INT,-35.3609107,149.1680391,580.72,-0.489,0.02,0.0,0.0,225.09,,,,,,,,,,,
1790036439.0527656,GPS_RAW_INT,,,,,,,,,,,,,,,,,,6,10
1790036439.0586467,ATTITUDE,,,,,,,,,,,,,,,0.0012248296989127994,0.001929007121361792,-2.354640483856201,,
1790036439.0595162,RAW_IMU,,,,,,,,,0,0,-1001,3,3,3,,,,,
1790036439.079621,ATTITUDE,,,,,,,,,,,,,,,0.0012276432244107127,0.0019311858341097832,-2.3546342849731445,,
1790036439.0807683,RAW_IMU,,,,,,,,,0,0,-1001,3,3,3,,,,,
1790036439.0948677,ATTITUDE,,,,,,,,,,,,,,,0.0012300872476771474,0.0019346310291439295,-2.3546314239501953,,
1790036439.0959048,RAW_IMU,,,,,,,,,0,0,-1001,3,3,3,,,,,
1790036439.1200705,ATTITUDE,,,,,,,,,,,,,,,0.0012273062020540237,0.001933462917804718,-2.354628801345825,,
1790036439.1217747,RAW_IMU,,,,,,,,,0,0,-1001,3,3,3,,,,,
1790036439.134745,ATTITUDE,,,,,,,,,,,,,,,0.0012269503204151988,0.0019333205418661237,-2.354626178741455,,
1790036439.136324,RAW_IMU,,,,,,,,,0,0,-1001,3,3,3,,,,,
1790036439.1725686,GLOBAL_POSITION_INT,-35.3609107,149.1680391,580.72,-0.489,0.02,0.0,0.0,225.1,,,,,,,,,,,
1790036439.174382,GPS_RAW_INT,,,,,,,,,,,,,,,,,,6,10
1790036439.176489,ATTITUDE,,,,,,,,,,,,,,,0.0012263397220522165,0.0019329639617353678,-2.3546226024627686,,
1790036439.177889,RAW_IMU,,,,,,,,,0,0,-1001,3,3,3,,,,,
1790036439.179696,ATTITUDE,,,,,,,,,,,,,,,0.0012261433294042945,0.0019318516133353114,-2.3546173572540283,,
1790036439.1817908,RAW_IMU,,,,,,,,,0,0,-1000,3,3,3,,,,,
1790036439.1983461,ATTITUDE,,,,,,,,,,,,,,,0.0012267144629731774,0.0019318917766213417,-2.354614734649658,,
1790036439.1997201,RAW_IMU,,,,,,,,,0,0,-1001,3,3,3,,,,,
1790036439.2198904,ATTITUDE,,,,,,,,,,,,,,,0.0012283945688977838,0.0019326991168782115,-2.354611396789551,,
1790036439.2217555,RAW_IMU,,,,,,,,,0,0,-1001,3,3,3,,,,,
1790036439.2357872,ATTITUDE,,,,,,,,,,,,,,,0.001230946509167552,0.0019327622139826417,-2.3546087741851807,,
1790036439.2373986,RAW_IMU,,,,,,,,,0,0,-1001,3,3,3,,,,,
1790036439.255448,GLOBAL_POSITION_INT,-35.3609107,149.1680391,580.72,-0.489,0.02,0.0,0.0,225.1,,,,,,,,,,,
1790036439.2564704,GPS_RAW_INT,,,,,,,,,,,,,,,,,,6,10
1790036439.2592683,ATTITUDE,,,,,,,,,,,,,,,0.0012349962489679456,0.0019345582695677876,-2.3546032905578613,,
1790036439.2608912,RAW_IMU,,,,,,,,,0,0,-1001,3,3,3,,,,,
1790036439.277721,ATTITUDE,,,,,,,,,,,,,,,0.0012389002367854118,0.001938026980496943,-2.354597806930542,,
1790036439.2799084,RAW_IMU,,,,,,,,,0,0,-1001,3,3,3,,,,,
1790036439.2994752,ATTITUDE,,,,,,,,,,,,,,,0.0012411641655489802,0.0019414174603298306,-2.3545966148376465,,
1790036439.3007088,RAW_IMU,,,,,,,,,0,0,-1001,3,3,3,,,,,
1790036439.3197868,ATTITUDE,,,,,,,,,,,,,,,0.001239895704202354,0.0019402148900553584,-2.354595899581909,,
1790036439.3207831,RAW_IMU,,,,,,,,,0,0,-1001,3,3,3,,,,,
1790036439.3347676,ATTITUDE,,,,,,,,,,,,,,,0.00123896065633744,0.0019395849667489529,-2.3545916080474854,,
1790036439.3360834,RAW_IMU,,,,,,,,,0,0,-1001,3,3,3,,,,,
1790036439.3551838,GLOBAL_POSITION_INT,-35.3609107,149.1680391,580.72,-0.489,0.02,0.0,0.0,225.1,,,,,,,,,,,
1790036439.3562667,GPS_RAW_INT,,,,,,,,,,,,,,,,,,6,10
1790036439.3587525,ATTITUDE,,,,,,,,,,,,,,,0.0012395044323056936,0.0019373090472072363,-2.3545892238616943,,
1790036439.3607407,RAW_IMU,,,,,,,,,0,0,-1001,3,3,3,,,,,
1790036439.3800106,ATTITUDE,,,,,,,,,,,,,,,0.0012398778926581144,0.001938442699611187,-2.354584217071533,,
1790036439.3811772,RAW_IMU,,,,,,,,,0,0,-1001,3,3,3,,,,,
1790036439.4253654,ATTITUDE,,,,,,,,,,,,,,,0.0012404194567352533,0.0019378477009013295,-2.3545827865600586,,
1790036439.426218,RAW_IMU,,,,,,,,,0,0,-1001,3,3,3,,,,,
1790036439.427401,ATTITUDE,,,,,,,,,,,,,,,0.0012414908269420266,0.0019383284961804748,-2.354580879211426,,
1790036439.429129,RAW_IMU,,,,,,,,,0,0,-1001,3,3,3,,,,,
1790036439.438475,ATTITUDE,,,,,,,,,,,,,,,0.001243298640474677,0.001939348760060966,-2.3545773029327393,,
1790036439.4398158,RAW_IMU,,,,,,,,,0,0,-1001,3,3,3,,,,,
1790036439.452429,GLOBAL_POSITION_INT,-35.3609107,149.1680391,580.72,-0.488,0.02,0.0,0.0,225.1,,,,,,,,,,,
1790036439.4528759,GPS_RAW_INT,,,,,,,,,,,,,,,,,,6,10
1790036439.4583797,ATTITUDE,,,,,,,,,,,,,,,0.0012439134297892451,0.001940942252986133,-2.3545730113983154,,
1790036439.459668,RAW_IMU,,,,,,,,,0,0,-1001,3,3,3,,,,,
1790036439.478934,ATTITUDE,,,,,,,,,,,,,,,0.0012462150771170855,0.0019445568323135376,-2.3545665740966797,,
1790036439.479928,RAW_IMU,,,,,,,,,0,0,-1001,3,3,3,,,,,
1790036439.5005386,ATTITUDE,,,,,,,,,,,,,,,0.0012484650360420346,0.0019497678149491549,-2.354565143585205,,
1790036439.5008893,RAW_IMU,,,,,,,,,0,0,-1001,3,3,3,,,,,
1790036439.5149734,ATTITUDE,,,,,,,,,,,,,,,0.001248180982656777,0.0019484160002321005,-2.3545637130737305,,
1790036439.5158033,RAW_IMU,,,,,,,,,0,0,-1001,3,3,3,,,,,
1790036439.5355146,ATTITUDE,,,,,,,,,,,,,,,0.0012480540899559855,0.0019494580337777734,-2.354562282562256,,
1790036439.5364656,RAW_IMU,,,,,,,,,0,0,-1001,3,3,3,,,,,
1790036439.554448,GLOBAL_POSITION_INT,-35.3609107,149.1680391,580.72,-0.488,0.02,0.0,0.0,225.1,,,,,,,,,,,
1790036439.5551243,GPS_RAW_INT,,,,,,,,,,,,,,,,,,6,10
1790036439.5565298,ATTITUDE,,,,,,,,,,,,,,,0.0012472061207517982,0.0019493114668875933,-2.3545589447021484,,
1790036439.5574446,RAW_IMU,,,,,,,,,0,0,-1001,3,3,3,,,,,
1790036439.5751565,ATTITUDE,,,,,,,,,,,,,,,0.0012467418564483523,0.001950396690517664,-2.354555368423462,,
1790036439.5763686,RAW_IMU,,,,,,,,,0,0,-1001,3,3,3,,,,,
1790036439.595205,ATTITUDE,,,,,,,,,,,,,,,0.0012473169481381774,0.0019519197521731257,-2.3545541763305664,,
1790036439.5971725,RAW_IMU,,,,,,,,,0,0,-1001,3,3,3,,,,,
1790036439.6153507,ATTITUDE,,,,,,,,,,,,,,,0.0012482343008741736,0.0019535108003765345,-2.354553461074829,,
1790036439.6167834,RAW_IMU,,,,,,,,,0,0,-1001,3,3,3,,,,,
1790036439.6356425,ATTITUDE,,,,,,,,,,,,,,,0.0012481461744755507,0.0019548649434000254,-2.3545520305633545,,
1790036439.636782,RAW_IMU,,,,,,,,,0,0,-1001,3,3,3,,,,,
1790036439.6724339,GLOBAL_POSITION_INT,-35.3609107,149.1680391,580.72,-0.488,0.02,0.0,0.0,225.1,,,,,,,,,,,
1790036439.6737812,GPS_RAW_INT,,,,,,,,,,,,,,,,,,6,10
1790036439.6751533,ATTITUDE,,,,,,,,,,,,,,,0.0012486960040405393,0.001957555068656802,-2.3545467853546143,,
1790036439.6768339,RAW_IMU,,,,,,,,,0,0,-1001,3,3,3,,,,,
1790036439.678367,ATTITUDE,,,,,,,,,,,,,,,0.0012521950993686914,0.0019595699850469828,-2.354541301727295,,
1790036439.6799533,RAW_IMU,,,,,,,,,0,0,-1001,3,3,3,,,,,
1790036439.6965888,ATTITUDE,,,,,,,,,,,,,,,0.0012544005876407027,0.001962688285857439,-2.354539155960083,,
1790036439.6976397,RAW_IMU,,,,,,,,,0,0,-1001,3,3,3,,,,,
1790036439.7166846,ATTITUDE,,,,,,,,,,,,,,,0.0012520721647888422,0.0019620356615632772,-2.354537010192871,,
1790036439.718814,RAW_IMU,,,,,,,,,0,0,-1001,3,3,3,,,,,
1790036439.7362413,ATTITUDE,,,,,,,,,,,,,,,0.0012507172068580985,0.0019608428701758385,-2.3545339107513428,,
1790036439.7384505,RAW_IMU,,,,,,,,,0,0,-1001,3,3,3,,,,,
1790036439.756086,GLOBAL_POSITION_INT,-35.3609107,149.1680391,580.72,-0.488,0.02,0.0,0.0,225.1,,,,,,,,,,,
1790036439.757487,GPS_RAW_INT,,,,,,,,,,,,,,,,,,6,10
1790036439.7593706,ATTITUDE,,,,,,,,,,,,,,,0.0012518371222540736,0.0019610701128840446,-2.3545303344726562,,
1790036439.7605572,RAW_IMU,,,,,,,,,0,0,-1001,3,3,3,,,,,
1790036439.7772787,ATTITUDE,,,,,,,,,,,,,,,0.0012521439930424094,0.001962305512279272,-2.3545236587524414,,
1790036439.7783825,RAW_IMU,,,,,,,,,0,0,-1001,3,3,3,,,,,
1790036439.7974918,ATTITUDE,,,,,,,,,,,,,,,0.0012515286216512322,0.0019618235528469086,-2.354522705078125,,
1790036439.798407,RAW_IMU,,,,,,,,,0,0,-1001,3,3,3,,,,,
1790036439.8175352,ATTITUDE,,,,,,,,,,,,,,,0.0012509218649938703,0.0019621136598289013,-2.3545215129852295,,
1790036439.8185797,RAW_IMU,,,,,,,,,0,0,-1001,3,3,3,,,,,
1790036439.837085,ATTITUDE,,,,,,,,,,,,,,,0.0012508162762969732,0.0019630747847259045,-2.354520320892334,,
1790036439.8381093,RAW_IMU,,,,,,,,,0,0,-1001,3,3,3,,,,,
1790036439.856758,GLOBAL_POSITION_INT,-35.3609107,149.1680391,580.72,-0.488,0.02,0.0,0.0,225.1,,,,,,,,,,,
1790036439.8578007,GPS_RAW_INT,,,,,,,,,,,,,,,,,,6,10
1790036439.859006,ATTITUDE,,,,,,,,,,,,,,,0.0012544440105557442,0.001965865958482027,-2.3545165061950684,,
1790036439.8607306,RAW_IMU,,,,,,,,,0,0,-1001,3,3,3,,,,,
1790036439.8770921,ATTITUDE,,,,,,,,,,,,,,,0.0012566335499286652,0.0019678324460983276,-2.3545095920562744,,
1790036439.8784335,RAW_IMU,,,,,,,,,0,0,-1001,3,3,3,,,,,
1790036439.9170878,ATTITUDE,,,,,,,,,,,,,,,0.0012566348304972053,0.0019678371027112007,-2.354508399963379,,
1790036439.918349,RAW_IMU,,,,,,,,,0,0,-1000,3,3,3,,,,,
1790036439.9199119,ATTITUDE,,,,,,,,,,,,,,,0.0012551079271361232,0.0019653968047350645,-2.3545069694519043,,
1790036439.9216392,RAW_IMU,,,,,,,,,0,0,-1000,3,3,3,,,,,
1790036439.939176,ATTITUDE,,,,,,,,,,,,,,,0.0012545420322567225,0.0019650417380034924,-2.3545033931732178,,
1790036439.9404445,RAW_IMU,,,,,,,,,0,0,-1000,3,3,3,,,,,
1790036439.9532566,GLOBAL_POSITION_INT,-35.3609107,149.1680391,580.72,-0.488,0.02,0.0,0.0,225.1,,,,,,,,,,,
1790036439.9540064,GPS_RAW_INT,,,,,,,,,,,,,,,,,,6,10
1790036439.9591014,ATTITUDE,,,,,,,,,,,,,,,0.0012539079179987311,0.0019645108841359615,-2.3545002937316895,,
1790036439.9604125,RAW_IMU,,,,,,,,,0,0,-1001,3,3,3,,,,,
1790036439.9793966,ATTITUDE,,,,,,,,,,,,,,,0.001252011046744883,0.0019655993673950434,-2.3544952869415283,,
1790036439.9808633,RAW_IMU,,,,,,,,,0,0,-1001,3,3,3,,,,,
1790036440.0000024,ATTITUDE,,,,,,,,,,,,,,,0.0012517654104158282,0.001966700656339526,-2.354494094848633,,
1790036440.0015028,RAW_IMU,,,,,,,,,0,0,-1001,3,3,3,,,,,
1790036440.0201478,ATTITUDE,,,,,,,,,,,,,,,0.00125235749874264,0.0019677693489938974,-2.354492425918579,,
1790036440.0219998,RAW_IMU,,,,,,,,,0,0,-1001,3,3,3,,,,,
1790036440.0398579,ATTITUDE,,,,,,,,,,,,,,,0.001253459951840341,0.0019696434028446674,-2.3544905185699463,,
1790036440.040997,RAW_IMU,,,,,,,,,0,0,-1001,3,3,3,,,,,
1790036440.0543277,GLOBAL_POSITION_INT,-35.3609107,149.1680391,580.72,-0.488,0.02,0.0,0.0,225.1,,,,,,,,,,,
1790036440.0553737,GPS_RAW_INT,,,,,,,,,,,,,,,,,,6,10
1790036440.0599024,ATTITUDE,,,,,,,,,,,,,,,0.0012555780122056603,0.0019716948736459017,-2.3544869422912598,,
1790036440.0610015,RAW_IMU,,,,,,,,,0,0,-1001,3,3,3,,,,,
1790036440.080028,ATTITUDE,,,,,,,,,,,,,,,0.0012584157520905137,0.0019742848817259073,-2.3544816970825195,,
1790036440.081436,RAW_IMU,,,,,,,,,0,0,-1001,3,3,3,,,,,
1790036440.1007307,ATTITUDE,,,,,,,,,,,,,,,0.0012624746887013316,0.0019758439157158136,-2.354478597640991,,
1790036440.101903,RAW_IMU,,,,,,,,,0,0,-1001,3,3,3,,,,,
1790036440.1209655,ATTITUDE,,,,,,,,,,,,,,,0.0012611639685928822,0.0019737191032618284,-2.3544764518737793,,
1790036440.1221576,RAW_IMU,,,,,,,,,0,0,-1001,3,3,3,,,,,
1790036440.1404433,ATTITUDE,,,,,,,,,,,,,,,0.0012595871230587363,0.0019727847538888454,-2.35447096824646,,
1790036440.1419392,RAW_IMU,,,,,,,,,0,0,-1001,3,3,3,,,,,
1790036440.1690972,GLOBAL_POSITION_INT,-35.3609107,149.1680391,580.72,-0.488,0.02,0.0,0.0,225.1,,,,,,,,,,,
1790036440.1703913,GPS_RAW_INT,,,,,,,,,,,,,,,,,,6,10
1790036440.1716044,ATTITUDE,,,,,,,,,,,,,,,0.001260186079889536,0.0019717866089195013,-2.3544671535491943,,
1790036440.1732216,RAW_IMU,,,,,,,,,0,0,-1001,3,3,3,,,,,
1790036440.1804965,ATTITUDE,,,,,,,,,,,,,,,0.0012615398736670613,0.0019727544859051704,-2.354463577270508,,
1790036440.1820114,RAW_IMU,,,,,,,,,0,0,-1001,3,3,3,,,,,
1790036440.2006419,ATTITUDE,,,,,,,,,,,,,,,0.0012626928510144353,0.0019733954686671495,-2.354461908340454,,
1790036440.2023304,RAW_IMU,,,,,,,,,0,0,-1000,3,3,3,,,,,
1790036440.2205622,ATTITUDE,,,,,,,,,,,,,,,0.0012642492074519396,0.0019735966343432665,-2.354459762573242,,
1790036440.2218087,RAW_IMU,,,,,,,,,0,0,-1001,3,3,3,,,,,
1790036440.240436,ATTITUDE,,,,,,,,,,,,,,,0.0012664549285545945,0.001975084189325571,-2.3544557094573975,,
1790036440.24177,RAW_IMU,,,,,,,,,0,0,-1001,3,3,3,,,,,
1790036440.2547474,GLOBAL_POSITION_INT,-35.3609107,149.1680391,580.72,-0.488,0.02,0.0,0.0,225.1,,,,,,,,,,,
1790036440.2554958,GPS_RAW_INT,,,,,,,,,,,,,,,,,,6,10
1790036440.2604454,ATTITUDE,,,,,,,,,,,,,,,0.0012690492440015078,0.0019770164508372545,-2.3544511795043945,,
1790036440.2618418,RAW_IMU,,,,,,,,,0,0,-1001,3,3,3,,,,,
1790036440.2806056,ATTITUDE,,,,,,,,,,,,,,,0.0012719425139948726,0.0019803151953965425,-2.354445695877075,,
1790036440.2825167,RAW_IMU,,,,,,,,,0,0,-1000,3,3,3,,,,,
1790036440.2952862,ATTITUDE,,,,,,,,,,,,,,,0.0012753675691783428,0.001982390182092786,-2.354445695877075,,
1790036440.2965088,RAW_IMU,,,,,,,,,0,0,-1001,3,3,3,,,,,
1790036440.3160417,ATTITUDE,,,,,,,,,,,,,,,0.0012736535863950849,0.001980946632102132,-2.3544459342956543,,
1790036440.3170416,RAW_IMU,,,,,,,,,0,0,-1001,3,3,3,,,,,
1790036440.3377025,ATTITUDE,,,,,,,,,,,,,,,0.001271925400942564,0.001980141969397664,-2.3544435501098633,,
1790036440.3386557,RAW_IMU,,,,,,,,,0,0,-1001,3,3,3,,,,,
1790036440.3566415,GLOBAL_POSITION_INT,-35.3609107,149.1680391,580.72,-0.488,0.02,0.0,0.0,225.11,,,,,,,,,,,
1790036440.3582697,GPS_RAW_INT,,,,,,,,,,,,,,,,,,6,10
1790036440.3598936,ATTITUDE,,,,,,,,,,,,,,,0.0012708134017884731,0.0019784020259976387,-2.3544399738311768,,
1790036440.3608851,RAW_IMU,,,,,,,,,0,0,-1001,3,3,3,,,,,
1790036440.3774498,ATTITUDE,,,,,,,,,,,,,,,0.001270596287213266,0.001976993400603533,-2.3544342517852783,,
1790036440.3790534,RAW_IMU,,,,,,,,,0,0,-1001,3,3,3,,,,,
1790036440.4127362,ATTITUDE,,,,,,,,,,,,,,,0.0012705852277576923,0.001976724248379469,-2.3544325828552246,,
1790036440.4133923,RAW_IMU,,,,,,,,,0,0,-1001,3,3,3,,,,,
1790036440.4177616,ATTITUDE,,,,,,,,,,,,,,,0.0012693897588178515,0.0019777766428887844,-2.3544304370880127,,
1790036440.4188855,RAW_IMU,,,,,,,,,0,0,-1001,3,3,3,,,,,
1790036440.4378283,ATTITUDE,,,,,,,,,,,,,,,0.001271241926588118,0.001980060478672385,-2.354428291320801,,
1790036440.439028,RAW_IMU,,,,,,,,,0,0,-1001,3,3,3,,,,,
1790036440.4573402,GLOBAL_POSITION_INT,-35.3609107,149.1680391,580.72,-0.488,0.02,0.0,0.0,225.11,,,,,,,,,,,
1790036440.4588826,GPS_RAW_INT,,,,,,,,,,,,,,,,,,6,10
1790036440.4605198,ATTITUDE,,,,,,,,,,,,,,,0.0012726442655548453,0.0019833792466670275,-2.354424238204956,,
1790036440.4615257,RAW_IMU,,,,,,,,,0,0,-1000,3,3,3,,,,,
1790036440.4780972,ATTITUDE,,,,,,,,,,,,,,,0.0012772594345733523,0.0019859671592712402,-2.354419469833374,,
1790036440.4794116,RAW_IMU,,,,,,,,,0,0,-1001,3,3,3,,,,,
1790036440.4982252,ATTITUDE,,,,,,,,,,,,,,,0.0012787486193701625,0.001987750642001629,-2.3544204235076904,,
1790036440.5005093,RAW_IMU,,,,,,,,,0,0,-1001,3,3,3,,,,,
1790036440.5184214,ATTITUDE,,,,,,,,,,,,,,,0.0012766607105731964,0.0019881827756762505,-2.3544201850891113,,
1790036440.5204551,RAW_IMU,,,,,,,,,0,0,-1001,3,3,3,,,,,
1790036440.5390677,ATTITUDE,,,,,,,,,,,,,,,0.0012765764258801937,0.0019869389943778515,-2.3544178009033203,,
1790036440.5400271,RAW_IMU,,,,,,,,,0,0,-1001,3,3,3,,,,,
1790036440.5534692,GLOBAL_POSITION_INT,-35.3609107,149.1680391,580.72,-0.488,0.02,0.0,0.0,225.11,,,,,,,,,,,
1790036440.5539064,GPS_RAW_INT,,,,,,,,,,,,,,,,,,6,10
1790036440.5590549,ATTITUDE,,,,,,,,,,,,,,,0.0012752559268847108,0.0019873580895364285,-2.354414224624634,,
1790036440.560633,RAW_IMU,,,,,,,,,0,0,-1001,3,3,3,,,,,
1790036440.5792518,ATTITUDE,,,,,,,,,,,,,,,0.00127695151604712,0.001988656586036086,-2.3544082641601562,,
1790036440.5805163,RAW_IMU,,,,,,,,,0,0,-1001,3,3,3,,,,,
1790036440.5992448,ATTITUDE,,,,,,,,,,,,,,,0.0012783785350620747,0.001988017000257969,-2.3544087409973145,,
1790036440.600463,RAW_IMU,,,,,,,,,0,0,-1000,3,3,3,,,,,
1790036440.6202648,ATTITUDE,,,,,,,,,,,,,,,0.0012798814568668604,0.001986459596082568,-2.354407548904419,,
1790036440.6220438,RAW_IMU,,,,,,,,,0,0,-1001,3,3,3,,,,,
1790036440.6404872,ATTITUDE,,,,,,,,,,,,,,,0.0012799446703866124,0.0019874167628586292,-2.3544046878814697,,
1790036440.642102,RAW_IMU,,,,,,,,,0,0,-1001,3,3,3,,,,,
1790036440.6702812,GLOBAL_POSITION_INT,-35.3609107,149.1680391,580.72,-0.488,0.02,0.0,0.0,225.11,,,,,,,,,,,
1790036440.6712468,GPS_RAW_INT,,,,,,,,,,,,,,,,,,6,10
1790036440.6720781,ATTITUDE,,,,,,,,,,,,,,,0.0012820756528526545,0.001989005133509636,-2.354400634765625,,
1790036440.6731586,RAW_IMU,,,,,,,,,0,0,-1000,3,3,3,,,,,
1790036440.6761913,ATTITUDE,,,,,,,,,,,,,,,0.0012847260804846883,0.001991509459912777,-2.354396104812622,,
1790036440.6776774,RAW_IMU,,,,,,,,,0,0,-1000,3,3,3,,,,,
1790036440.6982598,ATTITUDE,,,,,,,,,,,,,,,0.0012876956025138497,0.0019936389289796352,-2.3543946743011475,,
1790036440.6995578,RAW_IMU,,,,,,,,,0,0,-1001,3,3,3,,,,,
1790036440.7187867,ATTITUDE,,,,,,,,,,,,,,,0.0012854571687057614,0.0019913404248654842,-2.3543944358825684,,
1790036440.7204416,RAW_IMU,,,,,,,,,0,0,-1001,3,3,3,,,,,
1790036440.7387905,ATTITUDE,,,,,,,,,,,,,,,0.001283385674469173,0.001991786528378725,-2.354391574859619,,
1790036440.7401605,RAW_IMU,,,,,,,,,0,0,-1001,3,3,3,,,,,
1790036440.7579098,GLOBAL_POSITION_INT,-35.3609107,149.1680391,580.72,-0.488,0.02,0.0,0.0,225.11,,,,,,,,,,,
1790036440.7587366,GPS_RAW_INT,,,,,,,,,,,,,,,,,,6,10
1790036440.7610803,ATTITUDE,,,,,,,,,,,,,,,0.0012828257167711854,0.0019896826706826687,-2.3543896675109863,,
1790036440.7634175,RAW_IMU,,,,,,,,,0,0,-1001,3,3,3,,,,,
1790036440.778722,ATTITUDE,,,,,,,,,,,,,,,0.0012821545824408531,0.0019896093290299177,-2.3543848991394043,,
1790036440.7802746,RAW_IMU,,,,,,,,,0,0,-1001,3,3,3,,,,,
1790036440.7984364,ATTITUDE,,,,,,,,,,,,,,,0.0012819892726838589,0.001989129465073347,-2.354386806488037,,
1790036440.799173,RAW_IMU,,,,,,,,,0,0,-1001,3,3,3,,,,,
1790036440.8182242,ATTITUDE,,,,,,,,,,,,,,,0.0012810352491214871,0.0019891883712261915,-2.3543875217437744,,
1790036440.8194034,RAW_IMU,,,,,,,,,0,0,-1001,3,3,3,,,,,
1790036440.8391547,ATTITUDE,,,,,,,,,,,,,,,0.001282858313061297,0.001989767188206315,-2.3543853759765625,,
1790036440.8404813,RAW_IMU,,,,,,,,,0,0,-1001,3,3,3,,,,,
1790036440.853638,GLOBAL_POSITION_INT,-35.3609107,149.1680391,580.72,-0.487,0.02,0.0,0.0,225.11,,,,,,,,,,,
1790036440.8553047,GPS_RAW_INT,,,,,,,,,,,,,,,,,,6,10
1790036440.8591015,ATTITUDE,,,,,,,,,,,,,,,0.0012851777719333768,0.0019917984027415514,-2.3543808460235596,,
1790036440.8605323,RAW_IMU,,,,,,,,,0,0,-1001,3,3,3,,,,,
1790036440.879294,ATTITUDE,,,,,,,,,,,,,,,0.0012882982846349478,0.001993797719478607,-2.354377269744873,,
1790036440.8810248,RAW_IMU,,,,,,,,,0,0,-1001,3,3,3,,,,,
1790036440.9207926,ATTITUDE,,,,,,,,,,,,,,,0.0012923161266371608,0.00199426943436265,-2.354377269744873,,
1790036440.9217477,RAW_IMU,,,,,,,,,0,0,-1001,3,3,3,,,,,
1790036440.9229352,ATTITUDE,,,,,,,,,,,,,,,0.0012920537265017629,0.0019930340349674225,-2.3543763160705566,,
1790036440.9238377,RAW_IMU,,,,,,,,,0,0,-1001,3,3,3,,,,,
1790036440.9403985,ATTITUDE,,,,,,,,,,,,,,,0.0012902250746265054,0.00199235905893147,-2.354375123977661,,
1790036440.9417608,RAW_IMU,,,,,,,,,0,0,-1001,3,3,3,,,,,
1790036440.9554243,GLOBAL_POSITION_INT,-35.3609107,149.1680391,580.72,-0.487,0.02,0.0,0.0,225.11,,,,,,,,,,,
1790036440.9562416,GPS_RAW_INT,,,,,,,,,,,,,,,,,,6,10
1790036440.9587893,ATTITUDE,,,,,,,,,,,,,,,0.0012887880438938737,0.001990637509152293,-2.3543710708618164,,
1790036440.9602633,RAW_IMU,,,,,,,,,0,0,-1001,3,3,3,,,,,
1790036440.9779065,ATTITUDE,,,,,,,,,,,,,,,0.0012887319317087531,0.0019900042098015547,-2.354365825653076,,
1790036440.9803898,RAW_IMU,,,,,,,,,0,0,-1001,3,3,3,,,,,
1790036440.9978504,ATTITUDE,,,,,,,,,,,,,,,0.0012892609229311347,0.0019897802267223597,-2.3543646335601807,,
1790036440.9995525,RAW_IMU,,,,,,,,,0,0,-1001,3,3,3,,,,,
1790036441.0177093,ATTITUDE,,,,,,,,,,,,,,,0.0012896691914647818,0.0019877091981470585,-2.3543622493743896,,
1790036441.0188951,RAW_IMU,,,,,,,,,0,0,-1001,3,3,3,,,,,
1790036441.0376847,ATTITUDE,,,,,,,,,,,,,,,0.0012897177366539836,0.0019899276085197926,-2.3543593883514404,,
1790036441.0387235,RAW_IMU,,,,,,,,,0,0,-1001,3,3,3,,,,,
1790036441.0574594,GLOBAL_POSITION_INT,-35.3609107,149.1680391,580.72,-0.487,0.02,0.0,0.0,225.11,,,,,,,,,,,
1790036441.0583045,GPS_RAW_INT,,,,,,,,,,,,,,,,,,6,10
1790036441.0590916,ATTITUDE,,,,,,,,,,,,,,,0.0012915903935208917,0.0019909320399165154,-2.3543550968170166,,
1790036441.0597422,RAW_IMU,,,,,,,,,0,0,-1001,3,3,3,,,,,
1790036441.0785372,ATTITUDE,,,,,,,,,,,,,,,0.0012929675867781043,0.001993162091821432,-2.3543503284454346,,
1790036441.0796738,RAW_IMU,,,,,,,,,0,0,-1001,3,3,3,,,,,
1790036441.098479,ATTITUDE,,,,,,,,,,,,,,,0.0012965266359969974,0.0019968373235315084,-2.3543496131896973,,
1790036441.1001742,RAW_IMU,,,,,,,,,0,0,-1001,3,3,3,,,,,
1790036441.1183748,ATTITUDE,,,,,,,,,,,,,,,0.0012921113520860672,0.0019939676858484745,-2.3543496131896973,,
1790036441.119777,RAW_IMU,,,,,,,,,0,0,-1001,3,3,3,,,,,
1790036441.1383643,ATTITUDE,,,,,,,,,,,,,,,0.0012907595373690128,0.0019935742020606995,-2.3543484210968018,,
1790036441.140052,RAW_IMU,,,,,,,,,0,0,-1001,3,3,3,,,,,
1790036441.1687906,GLOBAL_POSITION_INT,-35.3609107,149.1680391,580.72,-0.487,0.02,0.0,0.0,225.11,,,,,,,,,,,
1790036441.1704443,GPS_RAW_INT,,,,,,,,,,,,,,,,,,6,10
1790036441.1719396,ATTITUDE,,,,,,,,,,,,,,,0.0012900083092972636,0.001990899909287691,-2.354343891143799,,
1790036441.1733832,RAW_IMU,,,,,,,,,0,0,-1001,3,3,3,,,,,
1790036441.1798923,ATTITUDE,,,,,,,,,,,,,,,0.0012891670921817422,0.001990336226299405,-2.3543381690979004,,
1790036441.1812189,RAW_IMU,,,,,,,,,0,0,-1000,3,3,3,,,,,
1790036441.1997833,ATTITUDE,,,,,,,,,,,,,,,0.001290490385144949,0.001990117598325014,-2.354336738586426,,
1790036441.2010098,RAW_IMU,,,,,,,,,0,0,-1001,3,3,3,,,,,
1790036441.219947,ATTITUDE,,,,,,,,,,,,,,,0.0012904061004519463,0.0019893746357411146,-2.3543360233306885,,
1790036441.221456,RAW_IMU,,,,,,,,,0,0,-1001,3,3,3,,,,,
1790036441.239748,ATTITUDE,,,,,,,,,,,,,,,0.001290679327212274,0.0019913725554943085,-2.354335308074951,,
1790036441.2413611,RAW_IMU,,,,,,,,,0,0,-1001,3,3,3,,,,,
1790036441.2537637,GLOBAL_POSITION_INT,-35.3609107,149.1680391,580.72,-0.487,0.02,0.0,0.0,225.11,,,,,,,,,,,
1790036441.2550817,GPS_RAW_INT,,,,,,,,,,,,,,,,,,6,10
1790036441.259563,ATTITUDE,,,,,,,,,,,,,,,0.0012915730476379395,0.001992317847907543,-2.354332685470581,,
1790036441.2609854,RAW_IMU,,,,,,,,,0,0,-1001,3,3,3,,,,,
1790036441.2800298,ATTITUDE,,,,,,,,,,,,,,,0.0012949563097208738,0.0019951891154050827,-2.354328155517578,,
1790036441.2817044,RAW_IMU,,,,,,,,,0,0,-1001,3,3,3,,,,,
1790036441.3004305,ATTITUDE,,,,,,,,,,,,,,,0.0012946219649165869,0.0019973115995526314,-2.354326009750366,,
1790036441.302088,RAW_IMU,,,,,,,,,0,0,-1001,3,3,3,,,,,
1790036441.3203638,ATTITUDE,,,,,,,,,,,,,,,0.0012935319682583213,0.001996103208512068,-2.354325294494629,,
1790036441.3220122,RAW_IMU,,,,,,,,,0,0,-1001,3,3,3,,,,,
1790036441.3401294,ATTITUDE,,,,,,,,,,,,,,,0.0012914786348119378,0.0019949490670114756,-2.354322671890259,,
1790036441.3414743,RAW_IMU,,,,,,,,,0,0,-1001,3,3,3,,,,,
1790036441.3543074,GLOBAL_POSITION_INT,-35.3609107,149.1680391,580.72,-0.487,0.02,0.0,0.0,225.11,,,,,,,,,,,
1790036441.3550417,GPS_RAW_INT,,,,,,,,,,,,,,,,,,6,10
1790036441.359956,ATTITUDE,,,,,,,,,,,,,,,0.0012902342714369297,0.001993528800085187,-2.3543195724487305,,
1790036441.360576,RAW_IMU,,,,,,,,,0,0,-1001,3,3,3,,,,,
1790036441.3804398,ATTITUDE,,,,,,,,,,,,,,,0.0012897354317829013,0.001995025435462594,-2.354314088821411,,
1790036441.3814523,RAW_IMU,,,,,,,,,0,0,-1001,3,3,3,,,,,
1790036441.4154596,ATTITUDE,,,,,,,,,,,,,,,0.0012899540597572923,0.0019945655949413776,-2.354316234588623,,
1790036441.4163918,RAW_IMU,,,,,,,,,0,0,-1001,3,3,3,,,,,
1790036441.4176414,ATTITUDE,,,,,,,,,,,,,,,0.0012900542933493853,0.0019930603448301554,-2.3543167114257812,,
1790036441.4196577,RAW_IMU,,,,,,,,,0,0,-1001,3,3,3,,,,,
1790036441.4370437,ATTITUDE,,,,,,,,,,,,,,,0.0012925760820508003,0.0019937390461564064,-2.354316234588623,,
1790036441.4384181,RAW_IMU,,,,,,,,,0,0,-1001,3,3,3,,,,,
1790036441.4565923,GLOBAL_POSITION_INT,-35.3609107,149.1680391,580.72,-0.487,0.02,0.0,0.0,225.11,,,,,,,,,,,
1790036441.4582071,GPS_RAW_INT,,,,,,,,,,,,,,,,,,6,10
1790036441.459169,ATTITUDE,,,,,,,,,,,,,,,0.001294663641601801,0.0019944936502724886,-2.354314088821411,,
1790036441.4608212,RAW_IMU,,,,,,,,,0,0,-1001,3,3,3,,,,,
1790036441.8484495,GLOBAL_POSITION_INT,-35.3609107,149.1680391,580.72,-0.487,0.02,0.0,0.0,225.11,,,,,,,,,,,
1790036441.8498826,RAW_IMU,,,,,,,,,0,0,-1001,3,3,3,,,,,
1790036441.8505127,GPS_RAW_INT,,,,,,,,,,,,,,,,,,6,10
1790036441.9167936,ATTITUDE,,,,,,,,,,,,,,,0.001302981865592301,0.002000382635742426,-2.354276418685913,,
1790036441.9176333,RAW_IMU,,,,,,,,,0,0,-1001,3,3,3,,,,,
1790036441.9183807,GLOBAL_POSITION_INT,-35.3609107,149.1680391,580.72,-0.487,0.02,0.0,0.0,225.11,,,,,,,,,,,
1790036441.9190955,GPS_RAW_INT,,,,,,,,,,,,,,,,,,6,10
1790036441.9208248,ATTITUDE,,,,,,,,,,,,,,,0.0013021337799727917,0.0019986163824796677,-2.3542754650115967,,
1790036441.9224322,RAW_IMU,,,,,,,,,0,0,-1001,3,3,3,,,,,
1790036441.9386272,ATTITUDE,,,,,,,,,,,,,,,0.001300683943554759,0.0019968559499830008,-2.3542730808258057,,
1790036441.9394941,RAW_IMU,,,,,,,,,0,0,-1001,3,3,3,,,,,
1790036441.9516926,GLOBAL_POSITION_INT,-35.3609107,149.1680391,580.72,-0.487,0.02,0.0,0.0,225.12,,,,,,,,,,,
1790036441.9530072,GPS_RAW_INT,,,,,,,,,,,,,,,,,,6,10
1790036441.9583268,ATTITUDE,,,,,,,,,,,,,,,0.001301066018640995,0.0019962163642048836,-2.354269504547119,,
1790036441.9593155,RAW_IMU,,,,,,,,,0,0,-1001,3,3,3,,,,,
1790036441.9785757,ATTITUDE,,,,,,,,,,,,,,,0.001300747157074511,0.0019960589706897736,-2.3542654514312744,,
1790036441.980004,RAW_IMU,,,,,,,,,0,0,-1001,3,3,3,,,,,
1790036441.99958,ATTITUDE,,,,,,,,,,,,,,,0.0013014262076467276,0.0019960226491093636,-2.35426664352417,,
1790036442.001653,RAW_IMU,,,,,,,,,0,0,-1001,3,3,3,,,,,
1790036442.0190728,ATTITUDE,,,,,,,,,,,,,,,0.0013014760334044695,0.0019978175405412912,-2.3542654514312744,,
