t,gps_x,gps_y,dr_x,dr_y,fused_x,fused_y,trust_weight,is_spoofed
1790037607.4491773,0.0,0.0,0.0,0.0,0.0,0.0,1.0,0
1790037607.4594023,0.0,0.0,0.0,0.0,0.0,0.0,1.0,0
1790037607.5471673,0.0,0.0,0.0,0.0,0.0,0.0,1.0,0
1790037607.6479075,0.0,0.0,0.0,0.0,0.0,0.0,1.0,0
1790037607.7471902,0.0,0.0,0.0,0.0,0.0,0.0,1.0,0
1790037607.8518603,0.0,0.0,0.0,0.0,0.0,0.0,1.0,0
1790037607.9499006,0.0,0.0,0.0,0.0,0.0,0.0,1.0,0
1790037608.0496235,0.0,0.0,0.0,0.0,0.0,0.0,1.0,0
1790037608.1504066,0.0,0.0,0.0,0.0,0.0,0.0,1.0,0
1790037608.252325,0.0,0.0,0.0,0.0,0.0,0.0,1.0,0
1790037608.3489523,0.0,0.0,0.0,0.0,0.0,0.0,1.0,0
1790037608.4495203,0.0,0.0,0.0,0.0,0.0,0.0,1.0,0
1790037608.553158,0.0,0.0,0.0,0.0,0.0,0.0,1.0,0
1790037608.6510737,0.0,0.0,0.0,0.0,0.0,0.0,1.0,0
1790037608.7499433,0.0,0.0,0.0,0.0,0.0,0.0,1.0,0
1790037608.8519225,0.0,0.0,0.0,0.0,0.0,0.0,1.0,0
1790037608.9518416,0.0,0.0,0.0,0.0,0.0,0.0,1.0,0
1790037609.0515063,0.0,0.0,0.0,0.0,0.0,0.0,1.0,0
1790037609.1472387,0.0,0.0,0.0,0.0,0.0,0.0,1.0,0
1790037609.2490942,0.0,0.0,0.0,0.0,0.0,0.0,1.0,0
1790037609.3469622,0.0,0.0,0.0,0.0,0.0,0.0,1.0,0
1790037609.4479263,0.0,0.0,0.0,0.0,0.0,0.0,1.0,0
1790037609.548047,0.0,0.0,0.0,0.0,0.0,0.0,1.0,0
1790037609.647911,0.0,0.0,0.0,0.0,0.0,0.0,1.0,0
1790037609.7492208,0.0,0.0,0.0,0.0,0.0,0.0,1.0,0
1790037609.8477075,0.0,0.0,0.0,0.0,0.0,0.0,1.0,0
1790037609.953655,0.0,0.0,0.0,0.0,0.0,0.0,1.0,0
1790037610.053488,0.0,0.0,0.0,0.0,0.0,0.0,1.0,0
1790037610.1526458,0.0,0.0,0.0,0.0,0.0,0.0,1.0,0
1790037610.253287,0.0,0.0,0.0,0.0,0.0,0.0,1.0,0
1790037610.353537,0.0,0.0,0.0,0.0,0.0,0.0,1.0,0
1790037610.4536612,0.0,0.0,0.0,0.0,0.0,0.0,1.0,0
1790037610.5531204,0.0,0.0,0.0,0.0,0.0,0.0,1.0,0
1790037610.6485713,0.0,0.0,0.0,0.0,0.0,0.0,1.0,0
1790037610.7491264,0.0,0.0,0.0,0.0,0.0,0.0,1.0,0
1790037610.8485131,0.0,0.0,0.0,0.0,0.0,0.0,1.0,0
1790037610.9486034,0.0,0.0,0.0,0.0,0.0,0.0,1.0,0
1790037611.0512786,0.0,0.0,0.0,0.0,0.0,0.0,1.0,0
1790037611.146843,0.0,0.0,0.0,0.0,0.0,0.0,1.0,0
1790037611.2466023,0.0,0.0,0.0,0.0,0.0,0.0,1.0,0
1790037611.3510628,0.0,0.0,0.0,0.0,0.0,0.0,1.0,0
1790037611.4502258,0.0,0.0,0.0,0.0,0.0,0.0,1.0,0
1790037611.551584,0.0,0.0,0.0,0.0,0.0,0.0,1.0,0
1790037611.6476028,0.0,0.0,0.0,0.0,0.0,0.0,1.0,0
1790037611.747096,0.0,0.0,0.0,0.0,0.0,0.0,1.0,0
1790037611.8516865,0.0,0.0,0.0,0.0,0.0,0.0,1.0,0
1790037612.2674837,0.0,0.0,0.0,0.0,0.0,0.0,1.0,0
1790037612.3416846,0.0,0.0,0.0,0.0,0.0,0.0,1.0,0
1790037612.3728752,0.0,0.0,0.0,0.0,0.0,0.0,1.0,0
1790037612.4726129,0.0,0.0,0.0,0.0,0.0,0.0,1.0,0
1790037612.5837617,0.0,0.0,0.0,0.0,0.0,0.0,1.0,0
1790037612.6737452,0.0,0.0,0.0,0.0,0.0,0.0,1.0,0
1790037612.7692242,0.0,0.0,0.0,0.0,0.0,0.0,1.0,0
1790037612.8690162,0.0,0.0,0.0,0.0,0.0,0.0,1.0,0
1790037612.9691317,0.0,0.0,0.0,0.0,0.0,0.0,1.0,0
1790037613.0909762,0.0,0.0,0.0,0.0,0.0,0.0,1.0,0
1790037613.1691003,0.0,0.0,0.0,0.0,0.0,0.0,1.0,0
1790037613.2726738,0.0,0.0,0.0,0.0,0.0,0.0,1.0,0
1790037613.3725438,0.0,0.0,0.0,0.0,0.0,0.0,1.0,0
1790037613.4725883,0.0,0.0,0.0,0.0,0.0,0.0,1.0,0
1790037613.5908518,0.0,0.0,0.0,0.0,0.0,0.0,1.0,0
1790037613.6744213,0.0,0.0,0.0,0.0,0.0,0.0,1.0,0
1790037613.7713757,0.0,0.0,0.0,0.0,0.0,0.0,1.0,0
1790037613.870935,0.0,0.0,0.0,0.0,0.0,0.0,1.0,0
1790037613.9710753,0.0,0.0,0.0,0.0,0.0,0.0,1.0,0
1790037614.0856264,0.0,0.0,0.0,0.0,0.0,0.0,1.0,0
1790037614.172655,0.0,0.0,0.0,0.0,0.0,0.0,1.0,0
1790037614.2728355,0.0,0.0,0.0,0.0,0.0,0.0,1.0,0
1790037614.3741722,0.0,0.0,0.0,0.0,0.0,0.0,1.0,0
1790037614.4744327,0.0,0.0,0.0,0.0,0.0,0.0,1.0,0
1790037614.587655,0.0,0.0,0.0,0.0,0.0,0.0,1.0,0
1790037614.670094,0.0,0.0,0.0,0.0,0.0,0.0,1.0,0
1790037614.7702768,0.0,0.0,0.0,0.0,0.0,0.0,1.0,0
1790037614.870869,0.0,0.0,0.0,0.0,0.0,0.0,1.0,0
1790037614.9733777,0.0,0.0,0.0,0.0,0.0,0.0,1.0,0
1790037615.0858586,0.0,0.0,0.0,0.0,0.0,0.0,1.0,0
1790037615.174258,0.0,0.0,0.0,0.0,0.0,0.0,1.0,0
1790037615.2711728,0.0,0.0,0.0,0.0,0.0,0.0,1.0,0
1790037615.3717408,0.0,0.0,0.0,0.0,0.0,0.0,1.0,0
1790037615.471777,0.0,0.0,0.0,0.0,0.0,0.0,1.0,0
1790037615.5866609,0.0,0.0,0.0,0.0,0.0,0.0,1.0,0
1790037615.6727812,0.0,0.0,0.0,0.0,0.0,0.0,1.0,0
1790037615.7735484,0.0,0.0,0.0,0.0,0.0,0.0,1.0,0
1790037615.873671,0.0,0.0,0.0,0.0,0.0,0.0,1.0,0
1790037615.974248,0.0,0.0,0.0,0.0,0.0,0.0,1.0,0
1790037616.0814965,0.0,0.0,0.0,0.0,0.0,0.0,1.0,0
1790037616.1750093,0.0,0.0,0.0,0.0,0.0,0.0,1.0,0
1790037616.2702498,0.0,0.0,0.0,0.0,0.0,0.0,1.0,0
1790037616.3705652,0.0,0.0,0.0,0.0,0.0,0.0,1.0,0
1790037616.4709735,0.0,0.0,0.0,0.0,0.0,0.0,1.0,0
1790037616.5858347,0.0,0.0,0.0,0.0,0.0,0.0,1.0,0
1790037616.674775,0.0,0.0,0.0,0.0,0.0,0.0,1.0,0
1790037616.7704942,0.0,0.0,0.0,0.0,0.0,0.0,1.0,0
1790037616.8706727,0.0,0.0,0.0,0.0,0.0,0.0,1.0,0
1790037616.9712937,0.0,0.0,0.0,0.0,0.0,0.0,1.0,0
1790037617.0848756,0.0,0.0,0.0,0.0,0.0,0.0,1.0,0
1790037617.1713316,0.0,0.0,0.0,0.0,0.0,0.0,1.0,0
1790037617.2713556,0.0,0.0,0.0,0.0,0.0,0.0,1.0,0
1790037617.371354,0.0,0.0,0.0,0.0,0.0,0.0,1.0,0
1790037617.4711652,0.0,0.0,0.0,0.0,0.0,0.0,1.0,0
1790037617.5842855,0.0,0.0,0.0,0.0,0.0,0.0,1.0,0
1790037617.6733656,0.0,0.0,0.0,0.0,0.0,0.0,1.0,0
1790037617.7713518,0.0,0.0,0.0,0.0,0.0,0.0,1.0,0
1790037617.8724935,0.0,0.0,0.0,0.0,0.0,0.0,1.0,0
1790037617.9712372,0.0,0.0,0.0,0.0,0.0,0.0,1.0,0
1790037618.082672,0.0,0.0,0.0,0.0,0.0,0.0,1.0,0
1790037618.1716518,0.0,0.0,0.0,0.0,0.0,0.0,1.0,0
1790037618.2731094,0.0,0.0,0.0,0.0,0.0,0.0,1.0,0
1790037618.3753364,0.0,0.0,0.0,0.0,0.0,0.0,1.0,0
1790037618.4752443,0.0,0.0,0.0,0.0,0.0,0.0,1.0,0
1790037618.5886872,0.0,0.0,0.0,0.0,0.0,0.0,1.0,0
1790037618.6719878,0.0,0.0,0.0,0.0,0.0,0.0,1.0,0
1790037618.7715435,0.0,0.0,0.0,0.0,0.0,0.0,1.0,0
1790037618.8747537,0.0,0.0,0.0,0.0,0.0,0.0,1.0,0
1790037618.9721415,0.0,0.0,0.0,0.0,0.0,0.0,1.0,0
1790037619.089369,0.0,0.0,0.0,0.0,0.0,0.0,1.0,0
1790037619.1724498,0.0,0.0,0.0,0.0,0.0,0.0,1.0,0
1790037619.2729695,0.0,0.0,0.0,0.0,0.0,0.0,1.0,0
1790037619.3729093,0.0,0.0,0.0,0.0,0.0,0.0,1.0,0
1790037619.473756,0.0,0.0,0.0,0.0,0.0,0.0,1.0,0
1790037619.5892804,0.0,0.0,0.0,0.0,0.0,0.0,1.0,0
1790037619.6760433,0.0,0.0,0.0,0.0,0.0,0.0,1.0,0
1790037619.7712724,0.0,0.0111320001300896,0.0,0.0111320001300896,0.0,0.0111320001300896,1.0,0
1790037619.8748553,0.0,0.0111320001300896,0.0,0.0111320001300896,0.0,0.0111320001300896,1.0,0
1790037619.9748392,0.0,0.0111320001300896,0.0,0.0111320001300896,0.0,0.0111320001300896,1.0,0
1790037620.0895658,0.0,0.0111320001300896,0.0,0.0111320001300896,0.0,0.0111320001300896,1.0,0
1790037620.1739829,0.0,0.0111320001300896,0.0,0.0111320001300896,0.0,0.0111320001300896,1.0,0
1790037620.272859,0.0,0.0111320001300896,0.0,0.0111320001300896,0.0,0.0111320001300896,1.0,0
1790037620.3725789,0.0,0.0111320001300896,0.0,0.0111320001300896,0.0,0.0111320001300896,1.0,0
1790037620.4715743,0.0,0.0111320001300896,0.0,0.0111320001300896,0.0,0.0111320001300896,1.0,0
1790037620.5871804,0.0,0.0111320001300896,0.0,0.0111320001300896,0.0,0.0111320001300896,1.0,0
1790037620.6737466,0.0,0.0111320001300896,0.0,0.0111320001300896,0.0,0.0111320001300896,1.0,0
1790037620.7737925,0.0,0.0111320001300896,0.0,0.0111320001300896,0.0,0.0111320001300896,1.0,0
1790037620.874286,0.0,0.0111320001300896,0.0,0.0111320001300896,0.0,0.0111320001300896,1.0,0
1790037620.9739065,0.0,0.0111320001300896,0.0,0.0111320001300896,0.0,0.0111320001300896,1.0,0
1790037621.0873525,0.0,0.0111320001300896,0.0,0.0111320001300896,0.0,0.0111320001300896,1.0,0
1790037621.1756358,0.0,0.0111320001300896,0.0,0.0111320001300896,0.0,0.0111320001300896,1.0,0
1790037621.2756264,0.0,0.0111320001300896,0.0,0.0111320001300896,0.0,0.0111320001300896,1.0,0
1790037621.370495,0.0,0.0111320001300896,0.0,0.0111320001300896,0.0,0.0111320001300896,1.0,0
1790037621.4715898,0.0,0.0111320001300896,0.0,0.0111320001300896,0.0,0.0111320001300896,1.0,0
1790037621.5888107,0.0,0.0111320001300896,0.0,0.0111320001300896,0.0,0.0111320001300896,1.0,0
1790037621.6759732,0.0,0.0111320001300896,0.0,0.0111320001300896,0.0,0.0111320001300896,1.0,0
1790037621.7763157,0.0,0.0111320001300896,0.0,0.0111320001300896,0.0,0.0111320001300896,1.0,0
1790037621.872328,0.0,0.0111320001300896,0.0,0.0111320001300896,0.0,0.0111320001300896,1.0,0
1790037621.9715743,0.0,0.0111320001300896,0.0,0.0111320001300896,0.0,0.0111320001300896,1.0,0
1790037622.0876544,0.0,0.0111320001300896,0.0,0.0111320001300896,0.0,0.0111320001300896,1.0,0
1790037622.175286,0.0,0.0111320001300896,0.0,0.0111320001300896,0.0,0.0111320001300896,1.0,0
1790037622.2758117,0.0,0.0111320001300896,0.0,0.0111320001300896,0.0,0.0111320001300896,1.0,0
1790037622.3751366,0.0,0.0111320001300896,0.0,0.0111320001300896,0.0,0.0111320001300896,1.0,0
1790037622.474785,0.0,0.0111320001300896,0.0,0.0111320001300896,0.0,0.0111320001300896,1.0,0
1790037622.5896983,0.0,0.0111320001300896,0.0,0.0111320001300896,0.0,0.0111320001300896,1.0,0
1790037622.6748142,0.0,0.0111320001300896,0.0,0.0111320001300896,0.0,0.0111320001300896,1.0,0
1790037622.7748885,0.0,0.0111320001300896,0.0,0.0111320001300896,0.0,0.0111320001300896,1.0,0
1790037622.8724325,0.0,0.0111320001300896,0.0,0.0111320001300896,0.0,0.0111320001300896,1.0,0
1790037622.971669,0.0,0.0111320001300896,0.0,0.0111320001300896,0.0,0.0111320001300896,1.0,0
1790037623.0893958,0.0,0.0111320001300896,0.0,0.0111320001300896,0.0,0.0111320001300896,1.0,0
1790037623.175962,0.0,0.0111320001300896,0.0,0.0111320001300896,0.0,0.0111320001300896,1.0,0
1790037623.2748327,0.0,0.0111320001300896,0.0,0.0111320001300896,0.0,0.0111320001300896,1.0,0
1790037623.3747308,0.0,0.0111320001300896,0.0,0.0111320001300896,0.0,0.0111320001300896,1.0,0
1790037623.4723592,0.0,0.0111320001300896,0.0,0.0111320001300896,0.0,0.0111320001300896,1.0,0
1790037623.5832903,0.0,0.0111320001300896,0.0,0.0111320001300896,0.0,0.0111320001300896,1.0,0
1790037623.6734695,0.0,0.0111320001300896,0.0,0.0111320001300896,0.0,0.0111320001300896,1.0,0
1790037623.7739477,0.0,0.0111320001300896,0.0,0.0111320001300896,0.0,0.0111320001300896,1.0,0
1790037623.8725908,0.0,0.0111320001300896,0.0,0.0111320001300896,0.0,0.0111320001300896,1.0,0
1790037623.9744768,0.0,0.0111320001300896,0.0,0.0111320001300896,0.0,0.0111320001300896,1.0,0
1790037624.076264,0.0,0.0111320001300896,0.0,0.0111320001300896,0.0,0.0111320001300896,1.0,0
1790037624.1756532,0.0,0.0111320001300896,0.0,0.0111320001300896,0.0,0.0111320001300896,1.0,0
1790037624.2755125,0.0,0.0111320001300896,0.0,0.0111320001300896,0.0,0.0111320001300896,1.0,0
1790037624.3755128,0.0,0.0111320001300896,0.0,0.0111320001300896,0.0,0.0111320001300896,1.0,0
1790037624.474743,0.0,0.0111320001300896,0.0,0.0111320001300896,0.0,0.0111320001300896,1.0,0
1790037624.591221,0.0,0.0111320001300896,0.0,0.0111320001300896,0.0,0.0111320001300896,1.0,0
1790037624.6765225,0.0,0.0111320001300896,0.0,0.0111320001300896,0.0,0.0111320001300896,1.0,0
1790037624.7762244,0.0,0.0111320001300896,0.0,0.0111320001300896,0.0,0.0111320001300896,1.0,0
1790037624.8756664,0.0,0.0111320001300896,0.0,0.0111320001300896,0.0,0.0111320001300896,1.0,0
1790037624.976377,0.0,0.0111320001300896,0.0,0.0111320001300896,0.0,0.0111320001300896,1.0,0
1790037625.0905943,0.0,0.0111320001300896,0.0,0.0111320001300896,0.0,0.0111320001300896,1.0,0
1790037625.173061,0.0,0.0111320001300896,0.0,0.0111320001300896,0.0,0.0111320001300896,1.0,0
1790037625.2756026,0.0,0.0111320001300896,0.0,0.0111320001300896,0.0,0.0111320001300896,1.0,0
1790037625.3759885,0.0,0.0111320001300896,0.0,0.0111320001300896,0.0,0.0111320001300896,1.0,0
1790037625.4764872,0.0,0.0111320001300896,0.0,0.0111320001300896,0.0,0.0111320001300896,1.0,0
1790037625.5875604,0.0,0.0111320001300896,0.0,0.0111320001300896,0.0,0.0111320001300896,1.0,0
1790037625.6759143,0.0,0.0111320001300896,0.0,0.0111320001300896,0.0,0.0111320001300896,1.0,0
1790037625.7758763,0.0,0.0111320001300896,0.0,0.0111320001300896,0.0,0.0111320001300896,1.0,0
1790037625.8758712,0.0,0.0111320001300896,0.0,0.0111320001300896,0.0,0.0111320001300896,1.0,0
1790037625.9757917,0.0,0.0111320001300896,0.0,0.0111320001300896,0.0,0.0111320001300896,1.0,0
1790037626.0911396,0.0,0.0111320001300896,0.0,0.0111320001300896,0.0,0.0111320001300896,1.0,0
1790037626.1749918,0.0,0.0111320001300896,0.0,0.0111320001300896,0.0,0.0111320001300896,1.0,0
1790037626.2754908,0.0,0.0111320001300896,0.0,0.0111320001300896,0.0,0.0111320001300896,1.0,0
1790037626.376623,0.0,0.0111320001300896,0.0,0.0111320001300896,0.0,0.0111320001300896,1.0,0
1790037626.4771829,0.0,0.0111320001300896,0.0,0.0111320001300896,0.0,0.0111320001300896,1.0,0
1790037626.5872605,0.0,0.0111320001300896,0.0,0.0111320001300896,0.0,0.0111320001300896,1.0,0
1790037626.6750364,0.0,0.0111320001300896,0.0,0.0111320001300896,0.0,0.0111320001300896,1.0,0
1790037626.7757611,0.0,0.0111320001300896,0.0,0.0111320001300896,0.0,0.0111320001300896,1.0,0
1790037626.8757615,0.0,0.0111320001300896,0.0,0.0111320001300896,0.0,0.0111320001300896,1.0,0
1790037627.2711718,0.0,0.0111320001300896,0.0,0.0111320001300896,0.0,0.0111320001300896,1.0,0
1790037627.342977,0.0,0.0111320001300896,0.0,0.0111320001300896,0.0,0.0111320001300896,1.0,0
1790037627.375064,0.0,0.0111320001300896,0.0,0.0111320001300896,0.0,0.0111320001300896,1.0,0
1790037627.4756098,0.0,0.0111320001300896,0.0,0.0111320001300896,0.0,0.0111320001300896,1.0,0
1790037627.5888188,0.0,0.0111320001300896,0.0,0.0111320001300896,0.0,0.0111320001300896,1.0,0
1790037627.675577,0.0,0.0111320001300896,0.0,0.0111320001300896,0.0,0.0111320001300896,1.0,0
1790037627.7727194,0.0,0.0111320001300896,0.0,0.0111320001300896,0.0,0.0111320001300896,1.0,0
1790037627.872763,0.0,0.0111320001300896,0.0,0.0111320001300896,0.0,0.0111320001300896,1.0,0
1790037627.9730709,0.0,0.0111320001300896,0.0,0.0111320001300896,0.0,0.0111320001300896,1.0,0
1790037628.090495,0.0,0.0111320001300896,0.0,0.0111320001300896,0.0,0.0111320001300896,1.0,0
1790037628.17602,0.0,0.0111320001300896,0.0,0.0111320001300896,0.0,0.0111320001300896,1.0,0
1790037628.2754345,0.0,0.0111320001300896,0.0,0.0111320001300896,0.0,0.0111320001300896,1.0,0
1790037628.3746104,0.0,0.0111320001300896,0.0,0.0111320001300896,0.0,0.0111320001300896,1.0,0
1790037628.4753575,0.0,0.0111320001300896,0.0,0.0111320001300896,0.0,0.0111320001300896,1.0,0
1790037628.589658,0.0,0.0111320001300896,0.0,0.0111320001300896,0.0,0.0111320001300896,1.0,0
1790037628.6772895,0.0,0.0111320001300896,0.0,0.0111320001300896,0.0,0.0111320001300896,1.0,0
1790037628.7760456,0.0,0.0111320001300896,0.0,0.0111320001300896,0.0,0.0111320001300896,1.0,0
1790037628.8759477,0.0,0.0111320001300896,0.0,0.0111320001300896,0.0,0.0111320001300896,1.0,0
1790037628.975708,0.0,0.0111320001300896,0.0,0.0111320001300896,0.0,0.0111320001300896,1.0,0
1790037629.0928123,0.0,0.0111320001300896,0.0,0.0111320001300896,0.0,0.0111320001300896,1.0,0
1790037629.1731424,0.0,0.0111320001300896,0.0,0.0111320001300896,0.0,0.0111320001300896,1.0,0
1790037629.277228,0.0,0.0111320001300896,0.0,0.0111320001300896,0.0,0.0111320001300896,1.0,0
1790037629.3770523,0.0,0.0111320001300896,0.0,0.0111320001300896,0.0,0.0111320001300896,1.0,0
1790037629.4760098,0.0,0.0111320001300896,0.0,0.0111320001300896,0.0,0.0111320001300896,1.0,0
1790037629.5899332,0.0,0.0111320001300896,0.0,0.0111320001300896,0.0,0.0111320001300896,1.0,0
1790037629.6773703,0.0,0.0111320001300896,0.0,0.0111320001300896,0.0,0.0111320001300896,1.0,0
1790037629.7768393,0.0,0.0111320001300896,0.0,0.0111320001300896,0.0,0.0111320001300896,1.0,0
1790037629.8766968,0.0,0.0111320001300896,0.0,0.0111320001300896,0.0,0.0111320001300896,1.0,0
1790037629.9765904,0.0,0.0111320001300896,0.0,0.0111320001300896,0.0,0.0111320001300896,1.0,0
1790037630.0940762,0.0,0.0111320001300896,0.0,0.0111320001300896,0.0,0.0111320001300896,1.0,0
1790037630.1765597,0.0,0.0111320001300896,0.0,0.0111320001300896,0.0,0.0111320001300896,1.0,0
1790037630.2766464,0.0,0.0111320001300896,0.0,0.0111320001300896,0.0,0.0111320001300896,1.0,0
1790037630.3765357,0.0,0.0111320001300896,0.0,0.0111320001300896,0.0,0.0111320001300896,1.0,0
1790037630.4751797,0.0,0.0111320001300896,0.0,0.0111320001300896,0.0,0.0111320001300896,1.0,0
1790037630.5848615,0.0,0.0111320001300896,0.0,0.0111320001300896,0.0,0.0111320001300896,1.0,0
1790037630.672819,0.0,0.0111320001300896,0.0,0.0111320001300896,0.0,0.0111320001300896,1.0,0
1790037630.772815,0.0,0.0111320001300896,0.0,0.0111320001300896,0.0,0.0111320001300896,1.0,0
1790037630.8729618,0.0,0.0111320001300896,0.0,0.0111320001300896,0.0,0.0111320001300896,1.0,0
1790037630.972922,0.0,0.0111320001300896,0.0,0.0111320001300896,0.0,0.0111320001300896,1.0,0
1790037631.0931647,0.0,0.0111320001300896,0.0,0.0111320001300896,0.0,0.0111320001300896,1.0,0
1790037631.1732397,0.0,0.0111320001300896,0.0,0.0111320001300896,0.0,0.0111320001300896,1.0,0
1790037631.2776413,0.0,0.0111320001300896,0.0,0.0111320001300896,0.0,0.0111320001300896,1.0,0
1790037631.3775983,0.0,0.0111320001300896,0.0,0.0111320001300896,0.0,0.0111320001300896,1.0,0
1790037631.4776585,0.0,0.0111320001300896,0.0,0.0111320001300896,0.0,0.0111320001300896,1.0,0
1790037631.5917315,0.0,0.0111320001300896,0.0,0.0111320001300896,0.0,0.0111320001300896,1.0,0
1790037631.6730063,0.0,0.0111320001300896,0.0,0.0111320001300896,0.0,0.0111320001300896,1.0,0
1790037631.7725017,0.0,0.0111320001300896,0.0,0.0111320001300896,0.0,0.0111320001300896,1.0,0
1790037631.87253,0.0,0.0111320001300896,0.0,0.0111320001300896,0.0,0.0111320001300896,1.0,0
1790037631.9778678,0.0,0.0111320001300896,0.0,0.0111320001300896,0.0,0.0111320001300896,1.0,0
1790037632.0897253,0.0,0.0111320001300896,0.0,0.0111320001300896,0.0,0.0111320001300896,1.0,0
1790037632.1771476,0.0,0.0111320001300896,0.0,0.0111320001300896,0.0,0.0111320001300896,1.0,0
1790037632.27755,0.0,0.0111320001300896,0.0,0.0111320001300896,0.0,0.0111320001300896,1.0,0
1790037632.3769317,0.0,0.0111320001300896,0.0,0.0111320001300896,0.0,0.0111320001300896,1.0,0
1790037632.4761176,0.0,0.0111320001300896,0.0,0.0111320001300896,0.0,0.0111320001300896,1.0,0
1790037632.584507,0.0,0.0111320001300896,0.0,0.0111320001300896,0.0,0.0111320001300896,1.0,0
1790037632.6760385,0.0,0.0111320001300896,0.0,0.0111320001300896,0.0,0.0111320001300896,1.0,0
1790037632.7768338,0.0,0.0111320001300896,0.0,0.0111320001300896,0.0,0.0111320001300896,1.0,0
1790037632.87695,0.0,0.0111320001300896,0.0,0.0111320001300896,0.0,0.0111320001300896,1.0,0
1790037632.9769738,0.0,0.0111320001300896,0.0,0.0111320001300896,0.0,0.0111320001300896,1.0,0
1790037633.0930843,0.0,0.0111320001300896,0.0,0.0111320001300896,0.0,0.0111320001300896,1.0,0
1790037633.1769423,0.0,0.0111320001300896,0.0,0.0111320001300896,0.0,0.0111320001300896,1.0,0
1790037633.27686,0.0,0.0111320001300896,0.0,0.0111320001300896,0.0,0.0111320001300896,1.0,0
1790037633.376904,0.0,0.0111320001300896,0.0,0.0111320001300896,0.0,0.0111320001300896,1.0,0
1790037633.4777775,0.0,0.0111320001300896,0.0,0.0111320001300896,0.0,0.0111320001300896,1.0,0
1790037633.5897217,0.0,0.0111320001300896,0.0,0.0111320001300896,0.0,0.0111320001300896,1.0,0
1790037633.678203,0.0,0.0111320001300896,0.0,0.0111320001300896,0.0,0.0111320001300896,1.0,0
1790037633.7736406,0.0,0.0111320001300896,0.0,0.0111320001300896,0.0,0.0111320001300896,1.0,0
1790037633.8781571,0.0,0.0111320001300896,0.0,0.0111320001300896,0.0,0.0111320001300896,1.0,0
1790037633.9781902,0.0,0.0111320001300896,0.0,0.0111320001300896,0.0,0.0111320001300896,1.0,0
1790037634.0882945,0.0,0.0111320001300896,0.0,0.0111320001300896,0.0,0.0111320001300896,1.0,0
1790037634.174246,0.0,0.0111320001300896,0.0,0.0111320001300896,0.0,0.0111320001300896,1.0,0
1790037634.2765825,0.0,0.0111320001300896,0.0,0.0111320001300896,0.0,0.0111320001300896,1.0,0
1790037634.376768,0.0,0.0111320001300896,0.0,0.0111320001300896,0.0,0.0111320001300896,1.0,0
1790037634.4753623,0.0,0.0111320001300896,0.0,0.0111320001300896,0.0,0.0111320001300896,1.0,0
1790037634.5899172,0.0,0.0111320001300896,0.0,0.0111320001300896,0.0,0.0111320001300896,1.0,0
1790037634.675122,0.0,0.0111320001300896,0.0,0.0111320001300896,0.0,0.0111320001300896,1.0,0
1790037634.7741828,0.0,0.0111320001300896,0.0,0.0111320001300896,0.0,0.0111320001300896,1.0,0
1790037634.8774154,0.0,0.0111320001300896,0.0,0.0111320001300896,0.0,0.0111320001300896,1.0,0
1790037634.9774644,0.0,0.0111320001300896,0.0,0.0111320001300896,0.0,0.0111320001300896,1.0,0
1790037635.0938404,0.0,0.0111320001300896,0.0,0.0111320001300896,0.0,0.0111320001300896,1.0,0
1790037635.1777463,0.0,0.0111320001300896,0.0,0.0111320001300896,0.0,0.0111320001300896,1.0,0
1790037635.2773218,0.0,0.0111320001300896,0.0,0.0111320001300896,0.0,0.0111320001300896,1.0,0
1790037635.3771691,0.0,0.0111320001300896,0.0,0.0111320001300896,0.0,0.0111320001300896,1.0,0
1790037635.4783883,0.0,0.0111320001300896,0.0,0.0111320001300896,0.0,0.0111320001300896,1.0,0
1790037635.5902865,0.0,0.0111320001300896,0.0,0.0111320001300896,0.0,0.0111320001300896,1.0,0
1790037635.6774364,0.0,0.0111320001300896,0.0,0.0111320001300896,0.0,0.0111320001300896,1.0,0
1790037635.7779765,0.0,0.0111320001300896,0.0,0.0111320001300896,0.0,0.0111320001300896,1.0,0
1790037635.8783538,0.0,0.0111320001300896,0.0,0.0111320001300896,0.0,0.0111320001300896,1.0,0
1790037635.9772537,0.0,0.0111320001300896,0.0,0.0111320001300896,0.0,0.0111320001300896,1.0,0
1790037636.0949912,0.0,0.0111320001300896,0.0,0.0111320001300896,0.0,0.0111320001300896,1.0,0
1790037636.178717,0.0,0.0111320001300896,0.0,0.0111320001300896,0.0,0.0111320001300896,1.0,0
1790037636.2753932,0.0,0.0111320001300896,0.0,0.0111320001300896,0.0,0.0111320001300896,1.0,0
1790037636.3742027,0.0,0.0111320001300896,0.0,0.0111320001300896,0.0,0.0111320001300896,1.0,0
1790037636.474813,0.0,0.0111320001300896,0.0,0.0111320001300896,0.0,0.0111320001300896,1.0,0
1790037636.591712,0.0,0.0111320001300896,0.0,0.0111320001300896,0.0,0.0111320001300896,1.0,0
1790037636.6773417,0.0,0.0111320001300896,0.0,0.0111320001300896,0.0,0.0111320001300896,1.0,0
1790037636.7763994,0.0,0.0111320001300896,0.0,0.0111320001300896,0.0,0.0111320001300896,1.0,0
1790037636.8764558,0.0,0.0111320001300896,0.0,0.0111320001300896,0.0,0.0111320001300896,1.0,0
1790037636.976406,0.0090784760712475,0.0222640002601792,0.0090784760712475,0.0222640002601792,0.0090784760712475,0.0222640002601792,1.0,0
1790037637.0902464,0.0090784760712475,0.055659999859472,0.0090784760712475,0.055659999859472,0.0090784760712475,0.055659999859472,1.0,0
1790037637.1778169,0.0090784760712475,0.1113200005099201,0.0090784760712475,0.1113200005099201,0.0090784760712475,0.1113200005099201,1.0,0
1790037637.2776227,0.0090784760712475,0.1781120004994818,0.0090784760712475,0.1781120004994818,0.0090784760712475,0.1781120004994818,1.0,0
1790037637.377552,0.0090784760712475,0.2894320002184258,0.0090784760712475,0.2894320002184258,0.0090784760712475,0.2894320002184258,1.0,0
1790037637.4790494,0.0090784760712475,0.4230160001975491,0.0090784760712475,0.4230160001975491,0.0090784760712475,0.4230160001975491,1.0,0
1790037637.5914876,0.0090784760712475,0.5899959997759652,0.0090784760712475,0.5899959997759652,0.0090784760712475,0.5899959997759652,1.0,0
1790037637.6744847,0.0090784760712475,0.7792400004055366,0.0090784760712475,0.7792400004055366,0.0090784760712475,0.7792400004055366,1.0,0
1790037637.7742274,0.0090784760712475,0.9907480005043112,0.0090784760712475,0.9907480005043112,0.0090784760712475,0.9907480005043112,1.0,0
1790037637.8755574,0.0090784760712475,1.2356520002023783,0.0090784760712475,1.2356520002023783,0.0090784760712475,1.2356520002023783,1.0,0
1790037637.9751444,0.0,1.4805559999004458,0.0,1.4805559999004458,0.0,1.4805559999004458,1.0,0
1790037638.0924706,0.0,1.7477239998586924,0.0,1.7477239998586924,0.0,1.7477239998586924,1.0,0
1790037638.1749065,0.0,2.0260239999470286,0.0,2.0260239999470286,0.0,2.0260239999470286,1.0,0
1790037638.2767265,0.0,2.304324000035365,0.0,2.304324000035365,0.0,2.304324000035365,1.0,0
1790037638.3783305,0.0,2.5937560002537907,0.0,2.5937560002537907,0.0,2.5937560002537907,1.0,0
1790037638.4777615,0.0,2.872056000342127,0.0,2.872056000342127,0.0,2.872056000342127,1.0,0
1790037638.585322,0.0,3.1726199998996663,0.0,3.1726199998996663,0.0,3.1726199998996663,1.0,0
1790037638.67562,0.0,3.462052000118092,0.0,3.462052000118092,0.0,3.462052000118092,1.0,0
1790037638.7755082,0.0,3.751484000336518,0.0,3.751484000336518,0.0,3.751484000336518,1.0,0
1790037638.876149,0.0,4.040916000554944,0.0,4.040916000554944,0.0,4.040916000554944,1.0,0
1790037638.9761434,0.0,4.3303479999823935,0.0,4.3303479999823935,0.0,4.3303479999823935,1.0,0
1790037639.087184,0.0,4.619780000200819,0.0,4.619780000200819,0.0,4.619780000200819,1.0,0
1790037639.17614,0.0,4.909212000419245,0.0,4.909212000419245,0.0,4.909212000419245,1.0,0
1790037639.274598,0.0,5.2097759999767845,0.0,5.2097759999767845,0.0,5.2097759999767845,1.0,0
1790037639.376433,0.0,5.49920800019521,0.0,5.49920800019521,0.0,5.49920800019521,1.0,0
1790037639.4794023,0.0,5.799772000543726,0.0,5.799772000543726,0.0,5.799772000543726,1.0,0
1790037639.592135,0.0,6.089203999971176,0.0,6.089203999971176,0.0,6.089203999971176,1.0,0
1790037639.6762366,0.0,6.389768000319691,0.0,6.389768000319691,0.0,6.389768000319691,1.0,0
1790037639.77594,0.0,6.69033199987723,0.0,6.69033199987723,0.0,6.69033199987723,1.0,0
1790037639.8760717,0.0,6.979764000095656,0.0,6.979764000095656,0.0,6.979764000095656,1.0,0
1790037639.9758692,0.0,7.280328000444172,0.0,7.280328000444172,0.0,7.280328000444172,1.0,0
1790037640.0875137,0.0090784760712475,7.580892000001711,0.0090784760712475,7.580892000001711,0.0090784760712475,7.580892000001711,1.0,0
1790037640.1757407,0.0090784760712475,7.881456000350226,0.0090784760712475,7.881456000350226,0.0090784760712475,7.881456000350226,1.0,0
1790037640.2753437,0.0090784760712475,8.182019999907766,0.0090784760712475,8.182019999907766,0.0090784760712475,8.182019999907766,1.0,0
1790037640.3759222,0.0090784760712475,8.482584000256281,0.0090784760712475,8.482584000256281,0.0090784760712475,8.482584000256281,1.0,0
1790037640.4752464,0.0090784760712475,8.79427999994391,0.0090784760712475,8.79427999994391,0.0090784760712475,8.79427999994391,1.0,0
1790037640.584782,0.0090784760712475,9.094844000292426,0.0090784760712475,9.094844000292426,0.0090784760712475,9.094844000292426,1.0,0
1790037640.675055,0.0090784760712475,9.395407999849963,0.0090784760712475,9.395407999849963,0.0090784760712475,9.395407999849963,1.0,0
1790037640.776092,0.0090784760712475,9.70710400032857,0.0090784760712475,9.70710400032857,0.0090784760712475,9.70710400032857,1.0,0
1790037640.8793626,0.0181569495622375,10.00766799988611,0.0181569495622375,10.00766799988611,0.0181569495622375,10.00766799988611,1.0,0
1790037640.978456,0.0272354230532275,10.308232000234623,0.0272354230532275,10.308232000234623,0.0272354230532275,10.308232000234623,1.0,0
1790037641.087951,0.054470846106455,10.597664000453053,0.054470846106455,10.597664000453053,0.054470846106455,10.597664000453053,1.0,0
1790037641.178584,0.090784740070415,10.875964000541387,0.090784740070415,10.875964000541387,0.090784740070415,10.875964000541387,1.0,0
1790037641.2794316,0.15433405966786,11.143132000499634,0.15433405966786,11.143132000499634,0.15433405966786,11.143132000499634,1.0,0
1790037641.3757432,0.2451187997382751,11.39916800032779,0.2451187997382751,11.39916800032779,0.2451187997382751,11.39916800032779,1.0,0
1790037641.476349,0.3540604893709276,11.644072000025858,0.3540604893709276,11.644072000025858,0.3540604893709276,11.644072000025858,1.0,0
1790037641.5919,0.4993160729675402,11.877844000384812,0.4993160729675402,11.877844000384812,0.4993160729675402,11.877844000384812,1.0,0
1790037641.6785226,0.6536501300551428,12.12274800008288,0.6536501300551428,12.12274800008288,0.6536501300551428,12.12274800008288,1.0,0
1790037641.7786725,0.8261411367049829,12.345388000311743,0.8261411367049829,12.345388000311743,0.8261411367049829,12.345388000311743,1.0,0
1790037641.8797877,1.0077106194260703,12.57915999987972,1.0077106194260703,12.57915999987972,1.0077106194260703,12.57915999987972,1.0,0
1790037642.2751074,1.3890065266897107,13.01330800020736,1.3890065266897107,13.01330800020736,1.3890065266897107,13.01330800020736,1.0,0
1790037642.3425176,1.897401073148241,13.569908000384032,1.897401073148241,13.569908000384032,1.897401073148241,13.569908000384032,1.0,0
1790037642.3805313,2.0063427627808936,13.692360000233066,2.0063427627808936,13.692360000233066,2.0063427627808936,13.692360000233066,1.0,0
1790037642.4804888,2.2151476633946934,13.91500000046193,2.2151476633946934,13.91500000046193,2.2151476633946934,13.91500000046193,1.0,0
1790037642.5861726,2.414874093097761,14.126508000560705,2.414874093097761,14.126508000560705,2.414874093097761,14.126508000560705,1.0,0
1790037642.6754804,2.632757469782809,14.349147999998593,2.632757469782809,14.349147999998593,2.632757469782809,14.349147999998593,1.0,0
1790037642.7754073,2.8324838994858763,14.571788000227455,2.8324838994858763,14.571788000227455,2.8324838994858763,14.571788000227455,1.0,0
1790037642.8752651,3.0412888000996765,14.783296000326231,3.0412888000996765,14.783296000326231,3.0412888000996765,14.783296000326231,1.0,0
1790037642.9765394,3.250093703293734,15.005936000555096,3.250093703293734,15.005936000555096,3.250093703293734,15.005936000555096,1.0,0
1790037643.0916595,3.458898606487792,15.217443999862894,3.458898606487792,15.217443999862894,3.458898606487792,15.217443999862894,1.0,0
1790037643.1781569,3.667703509681849,15.440084000091758,3.667703509681849,15.440084000091758,3.667703509681849,15.440084000091758,1.0,0
1790037643.2754872,3.876508412875907,15.651592000190533,3.876508412875907,15.651592000190533,3.876508412875907,15.651592000190533,1.0,0
1790037643.3763504,4.085313313489707,15.863100000289307,4.085313313489707,15.863100000289307,4.085313313489707,15.863100000289307,1.0,0
1790037643.4789102,4.294118216683764,16.074608000388082,4.294118216683764,16.074608000388082,4.294118216683764,16.074608000388082,1.0,0
1790037643.58011,4.502923119877822,16.29724799982597,4.502923119877822,16.29724799982597,4.502923119877822,16.29724799982597,1.0,0
1790037643.6772535,4.711728023071879,16.508755999924745,4.711728023071879,16.508755999924745,4.711728023071879,16.508755999924745,1.0,0
1790037643.776467,4.920532926265937,16.72026400002352,4.920532926265937,16.72026400002352,4.920532926265937,16.72026400002352,1.0,0
1790037643.8756227,5.129337826879738,16.931772000122294,5.129337826879738,16.931772000122294,5.129337826879738,16.931772000122294,1.0,0
1790037643.9747548,5.338142730073795,17.14328000022107,5.338142730073795,17.14328000022107,5.338142730073795,17.14328000022107,1.0,0
1790037644.0814135,5.546947633267853,17.354788000319843,5.546947633267853,17.354788000319843,5.546947633267853,17.354788000319843,1.0,0
1790037644.1788692,5.7648310099529,17.566296000418617,5.7648310099529,17.566296000418617,5.7648310099529,17.566296000418617,1.0,0
1790037644.2778444,5.973635913146958,17.777804000517392,5.973635913146958,17.777804000517392,5.973635913146958,17.777804000517392,1.0,0
1790037644.3756795,6.191519289832006,17.98931199982519,6.191519289832006,17.98931199982519,6.191519289832006,17.98931199982519,1.0,0
1790037644.4795034,6.400324193026063,18.200819999923965,6.400324193026063,18.200819999923965,6.400324193026063,18.200819999923965,1.0,0
1790037644.6197708,6.618207569711111,18.41232800002274,6.618207569711111,18.41232800002274,6.618207569711111,18.41232800002274,1.0,0
1790037644.6802726,6.836090946396158,18.612703999991425,6.836090946396158,18.612703999991425,6.836090946396158,18.612703999991425,1.0,0
1790037644.7797856,7.0539743230812055,18.8242120000902,7.0539743230812055,18.8242120000902,7.0539743230812055,18.8242120000902,1.0,0
1790037644.880977,7.262779223695006,19.035720000188974,7.262779223695006,19.035720000188974,7.262779223695006,19.035720000188974,1.0,0
1790037644.9809277,7.480662602960311,19.23609600015766,7.480662602960311,19.23609600015766,7.480662602960311,19.23609600015766,1.0,0
1790037645.0885866,7.707624453136349,19.414207999866164,7.481981085366282,19.2299919950609,7.625709501903607,19.347332358011315,0.6369715979588946,0
1790037645.1804347,7.934586303312386,19.58118800023556,7.4875362216712285,19.20721835650855,7.609563382455832,19.30929742039354,0.27296082876583394,0
1790037645.2792962,8.161548153488424,19.72590400034477,7.5022636016506645,19.15598643447908,7.601156284426328,19.241474069358933,0.15,0
1790037645.3794494,8.406666953226699,19.83722400006372,7.527937483542845,19.07813968675743,7.659746903995424,19.192002333753372,0.15,0
1790037645.480291,8.660864226455963,19.92628000031345,7.564408771098451,18.977548234198746,7.7288770894020775,19.11985799911595,0.15,0
1790037645.594083,8.924139973176219,19.993072000303016,7.620573749500837,18.834136889105327,7.816108683052144,19.00797715578498,0.15,0
1790037645.676345,9.205572666878457,20.048732000162488,7.6732019713578365,18.7061402714734,7.90305757568593,18.907529030776765,0.15,0
1790037645.776302,9.487005363160948,20.08212800055276,7.739300836695376,18.550436904391926,8.001456515665211,18.78019056881605,0.15,0
1790037645.87674,9.777516530354172,20.10439200002196,7.812581305296879,18.38179967007311,8.107321589055474,18.640188519565438,0.15,0
1790037645.9802392,10.068027700127654,20.12665600028214,7.888854157561686,18.20854023039936,8.21573018894658,18.49625759588178,0.15,0
1790037646.0901425,10.367617343392128,20.13778800041223,7.974503814357932,18.015329818859332,8.33347084371306,18.333698546092265,0.15,0
1790037646.176469,10.6672069866566,20.14892000054232,8.046841573864317,17.852534331773573,8.43989638578316,18.196992182088884,0.15,0
1790037646.2760217,10.966796629921072,20.160051999881432,8.12697983181125,17.672080820486272,8.552952351527722,18.045276497395548,0.15,0
1790037646.3785083,11.266386273185546,20.17118400001152,8.210013912793318,17.484696806609396,8.668469766852152,17.887669885619715,0.15,0
1790037646.4794807,11.565975916450018,20.18231600014161,8.29064666506799,17.302174691537925,8.781946052775295,17.734195887828477,0.15,0
1790037646.5931213,11.865565557134234,20.18231600014161,8.377979108666658,17.103677052140892,8.901117075936794,17.565472894341,0.15,0
1790037646.681254,12.165155200398706,20.1934480002717,8.449747786059348,16.93987344305501,9.007058898210252,17.427909626637515,0.15,0
1790037646.7813668,12.464744843663178,20.1934480002717,8.530206968506059,16.7554060743839,9.120387649779627,17.27111236326707,0.15,0
1790037646.8812826,12.764334486927652,20.20458000040179,8.60996228256196,16.571585566934292,9.233118113216815,17.116534731954417,0.15,0
1790037646.9811633,13.073002603683111,20.20458000040179,8.687731774317534,16.39142141413391,9.34552239872237,16.96339520207409,0.15,0
1790037647.0847423,13.372592246947589,20.21571200053188,8.76873935169675,16.20266394629686,9.459317285984376,16.804621154432112,0.15,0
1790037647.1811607,13.67218189021206,20.21571200053188,8.84575276095673,16.022176112402537,9.56971713034503,16.65120649562194,0.15,0
1790037647.2812495,13.971771533476533,20.226843999871,8.92478998484043,15.835988082646772,9.681837217135845,16.494616470230405,0.15,0
1790037647.3813217,14.271361176741005,20.226843999871,9.001584589454321,15.654320309241335,9.792051077547324,16.340198862835784,0.15,0
1790037647.4812186,14.570950820005477,20.226843999871,9.080746893040555,15.466426440097324,9.904277482085293,16.180489074063374,0.15,0
1790037647.5924246,14.87054046326995,20.237976000001083,9.166745887700284,15.261656965398338,10.022315074035733,16.00810482058875,0.15,0
1790037647.6805725,15.170130103954165,20.237976000001083,9.23756396547776,15.092570119432411,10.12744888624922,15.864381001517712,0.15,0
1790037647.780002,15.469719747218637,20.237976000001083,9.314384287592524,14.908653736454124,10.23768460653644,15.708052075986167,0.15,0
1790037647.8812516,15.76930939048311,20.237976000001083,9.394614059126056,14.715904514394715,10.350818358829613,15.54421523723567,0.15,0
1790037647.9806032,16.068899033747584,20.237976000001083,9.472610208614311,14.528034717444651,10.462053532384301,15.384525909828115,0.15,0
1790037648.0946453,16.368488677012056,20.237976000001083,9.561461846410385,14.31338105092649,10.582515871000634,15.202070293287678,0.15,0
1790037648.181085,16.66807832027653,20.237976000001083,9.630454837496353,14.146325262700257,10.68609835991338,15.06007287329538,0.15,0
1790037648.2810383,16.967667963541,20.237976000001083,9.70969070149536,13.95409126541074,10.798387290802205,14.896673975599292,0.15,0
1790037648.3803911,17.267257606805472,20.237976000001083,9.789405754704006,13.760318295643621,10.911083532519225,14.73196695129724,0.15,0
1790037648.4809957,17.566847250069944,20.237976000001083,9.868771500913475,13.567140883696629,11.023482863286945,14.567766151142298,0.15,0
1790037648.5896645,17.875515366825407,20.226843999871,9.953052838863295,13.361812205498888,11.141422218057613,14.391566974654705,0.15,0
1790037648.6785164,18.175105010089883,20.226843999871,10.028125853650693,13.178666943812585,11.25017272711657,14.235893502221348,0.15,0
1790037648.7772582,18.474694650774097,20.226843999871,10.106406083700156,12.985208111302548,11.361649368761247,14.071453494587814,0.15,0
1790037648.878419,18.77428429403857,20.21571200053188,10.18390496306808,12.783915244262337,11.472461862713653,13.898684757702767,0.15,0
1790037648.9783418,19.07387393730304,20.20458000040179,10.255280829117403,12.578102088886263,11.578069795345247,13.722073775613591,0.15,0
1790037649.0935876,19.35530663358553,20.17118400001152,10.324684353579986,12.333694850411929,11.679277695580819,13.509318222851867,0.15,0
1790037649.179067,19.63673932728777,20.13778800041223,10.370844816465805,12.122103284457744,11.7607289930891,13.324455991850916,0.15,0
1790037649.278563,19.900015074008024,20.070996000422667,10.411130502712215,11.864872141805245,11.834463188406588,13.095790720597858,0.15,0
1790037649.3782475,20.15421234723729,19.981940000172926,10.439895307639944,11.5784045718733,11.897042863579546,12.838934886118244,0.15,0
1790037649.4779952,20.39933114697557,19.870620000453982,10.459072878293705,11.263171438460063,11.950111618595985,12.55428872275915,0.15,0
1790037649.595716,20.6353714706426,19.73703600047486,10.470843582939876,10.87762568674921,11.995522766095284,12.206537233808058,0.15,0
1790037649.677218,20.86233332081863,19.570056000105467,10.474881781035446,10.566758435778294,12.032999512002924,11.91725307042737,0.15,0
1790037649.7779963,21.089295173574925,19.40307600052705,10.475816238082361,10.190485041077949,12.067838078406247,11.572373684995314,0.15,0
1790037649.8815114,21.316257023750964,19.21383199989748,10.473859927453375,9.801470313452558,12.100219491898013,11.213324566419296,0.15,0
1790037649.9796453,21.543218873927,19.013455999928794,10.47022726596188,9.411363316039678,12.131176007156647,10.851677218623045,0.15,0
1790037650.0795531,21.761102250612048,18.81307999996011,10.4653854981842,9.018809838386087,12.159743011048377,10.48795036262219,0.15,0
1790037650.1762922,21.978985627297096,18.612703999991425,10.459591647108374,8.618502911556558,12.187500744136681,10.117633074821788,0.15,0
1790037650.2761862,22.196869003982144,18.41232800002274,10.453128907417767,8.218360646561305,12.214689921902425,9.74745574958052,0.15,0
1790037650.376444,22.414752380667192,18.200819999923965,10.44605485976837,7.815379964099162,12.241359487903194,9.373195969472881,0.15,0
1790037650.4768813,22.63263575735224,18.00044399995528,10.438561545281532,7.413077410029481,12.267672677092136,9.00118239851835,0.15,0
1790037650.5933304,22.850519134037285,17.788935999856506,10.429593287791148,6.956794194166664,12.292732164728069,8.581615465020139,0.15,0
1790037650.6808865,23.068402510722333,17.577428000548707,10.422007325396162,6.587840689125227,12.318966603195088,8.23627878583875,0.15,0
1790037650.7808433,23.28628588740738,17.377051999789046,10.413607152576736,6.195546237781767,12.344508962801333,7.872772102082859,0.15,0
1790037650.8776524,23.50416926409243,17.165544000481248,10.40462635394495,5.793105652147522,12.369557790467072,7.498971404397581,0.15,0
1790037650.977208,23.72205264077748,16.965168000512563,10.395362455555341,5.391043057057576,12.394365983338663,7.127161798575824,0.15,0
1790037651.090288,23.939936017462525,16.753660000413788,10.384854120553612,4.950598551708348,12.418116405089949,6.7210577690141635,0.15,0
1790037651.1820426,24.148740920656586,16.542152000315014,10.375657567713278,4.578298990994014,12.441620070654773,6.372876942392164,0.15,0
1790037651.2816286,24.36662429734163,16.33064400021624,10.365364648504832,4.175805090392884,12.465553595830352,5.9990309268663875,0.15,0
1790037651.3824315,24.58450767402668,16.119136000117464,10.35444038975765,3.7642764865714575,12.488950482398005,5.617505413603359,0.15,0
1790037651.4819376,24.79331257722073,15.91876000014878,10.343526832858311,3.3666341346296242,12.510994694512672,5.249453014457497,0.15,0
1790037651.5987115,25.011195953905784,15.707252000050005,10.329997015996634,2.8915517538186277,12.532176856683005,4.813906790753334,0.15,0
1790037651.6772623,25.22000085709984,15.49574399995123,10.320160816475086,2.556878943291532,12.555136822568798,4.497708701790486,0.15,0
1790037651.7769654,25.43788423378489,15.284235999852456,10.307863902520577,2.1507583166183317,12.577366952210223,4.120779969103451,0.15,0
1790037651.8770237,25.646689134398688,15.072728000544656,10.294978267115988,1.740383221733247,12.597734897208394,3.7402349385549583,0.15,0
1790037651.9811804,25.855494037592745,14.850088000315791,10.281572976818916,1.3284975984951861,12.617661135934991,3.3567361587682765,0.15,0
1790037652.0962248,26.0733774142778,14.63858000021702,10.265715957338008,0.8603505351102096,12.636865175878976,2.927084954876231,0.15,0
1790037652.1818168,26.28218231747185,14.427072000118244,10.253463360173924,0.5105174500041059,12.657771203768613,2.5980006325212264,0.15,0
1790037652.2811668,26.5000656941569,14.20443199988938,10.238993344763873,0.10936636840591793,12.678154197172827,2.223626213128437,0.15,0
1790037652.3813982,26.708870597350955,13.992923999790603,10.223373113411053,-0.31173927594391226,12.696197736002038,1.8339602154162649,0.15,0
1790037652.4771025,26.917675500545013,13.781416000482809,10.207972597301518,-0.7171466168883184,12.714428032788042,1.4576377757173504,0.15,0
1790037652.5959997,27.12648040373907,13.558776000253944,10.189532615835343,-1.1906580699090228,12.730074784020902,1.021757040615422,0.15,0
1790037652.677773,27.34436378042412,13.347268000155168,10.175356966769707,-1.546155550740998,12.750707988817869,0.687857981893427,0.15,0
1790037652.7823682,27.55316868103792,13.124627999926304,10.157446455901175,-1.9646790429495384,12.766804789671685,0.298717013481838,0.15,0
1790037652.881852,27.761973584231978,12.901988000488416,10.135568860191267,-2.380163402175074,12.779529568797374,-0.08784069177555054,0.15,0
1790037652.981938,27.961700013935044,12.69048000038964,10.105266505021396,-2.794522357709621,12.783731531358441,-0.4717720039947322,0.15,0
1790037653.0945024,28.152347967566865,12.467840000160775,10.054345713989992,-3.2594092965894474,12.769046052026523,-0.900321902076914,0.15,0
1790037653.181841,28.315760500725712,12.234067999801823,9.996450845833394,-3.6332810491026524,12.744347294067241,-1.2531786917669812,0.15,0
1790037653.2821229,28.461016084322328,12.000296000233844,9.907864501211797,-4.062488284216888,12.690837238678377,-1.6530706415492786,0.15,0
1790037653.3818593,28.57903624744597,11.766523999874892,9.789321751853379,-4.509306726537914,12.607778926192267,-2.067932117575993,0.15,0
1790037653.4810593,28.67889946100737,11.510488000046736,9.643836331074061,-4.969321244364302,12.499095800564056,-2.4973498577026465,0.15,0
1790037653.5966003,28.75152725409581,11.243320000088488,9.454673074365173,-5.491305866369641,12.349201201324767,-2.9811119864009212,0.15,0
1790037653.6818554,28.805998097622005,10.965020000000152,9.296476805152714,-5.893614668648856,12.222904999023108,-3.364819468351505,0.15,0
1790037653.777947,28.842311994166224,10.686719999911816,9.093807093467241,-6.382959245538904,12.056082828572087,-3.822507358721296,0.15,0
1790037653.8782306,28.86954741721945,10.397288000484366,8.883346943810208,-6.871943685806038,11.881277014821594,-4.281558932862477,0.15,0
1790037653.9782536,28.88770436420144,10.09672400013585,8.66622034524056,-7.364992298278621,11.699442948084691,-4.74573485351645,0.15,0
1790037654.0974572,28.90586131118341,9.807291999917425,8.41327095823823,-7.930004652415948,11.487159511180007,-5.269410154565942,0.15,0
1790037654.1776378,28.91493978725466,9.506728000359884,8.221247555161298,-8.354782662494472,11.325301389975301,-5.675556063066318,0.15,0
1790037654.277443,28.924018260745648,9.20616400001137,7.994714149309115,-8.852836004056668,11.134109766024595,-6.143986003446462,0.15,0
1790037654.3790689,28.93309673423664,8.90560000045383,7.765609066337763,-9.354199572962246,10.940732216522594,-6.6152296369498345,0.15,0
1790037654.478985,28.94217520772763,8.605036000105315,7.536660402452002,-9.853700933494533,10.747487623243346,-7.084890393454556,0.15,0
1790037654.5897005,28.951253683798875,8.293340000417686,7.292628355257618,-10.384818631120519,10.541422154538806,-7.5830948363897885,0.15,0
1790037654.678777,28.951253683798875,7.99277600006917,7.07798923609326,-10.85113190580566,10.358978903249103,-8.024545719924436,0.15,0
1790037654.7787974,28.960332157289866,7.692212000511631,6.848891626735649,-11.34808768183912,10.16560770631878,-8.492042729486506,0.15,0
1790037654.8792186,28.960332157289866,7.391648000163116,6.6186828478935125,-11.846548314028528,9.969930244302965,-8.960818866899782,0.15,0
1790037654.9788332,28.969410630780857,7.0910839998146,6.391807589642649,-12.336949059884413,9.77844804581338,-9.42274410092956,0.15,0
1790037655.0891972,28.969410630780857,6.790520000257061,6.147365908131936,-12.86424795111938,9.570672616529272,-9.916032758412912,0.15,0
1790037655.1805053,28.978489104271848,6.489955999908545,5.927600917682849,-13.337320459656855,9.385234145671198,-10.363228990722044,0.15,0
1790037655.2800405,28.978489104271848,6.189392000351006,5.696025454670832,-13.834716026815427,9.188395002110983,-10.83109982274046,0.15,0
1790037655.3801863,28.978489104271848,5.888828000002491,5.465636614406036,-14.328294573162816,8.992564487885907,-11.29572618718802,0.15,0
1790037655.480307,28.987567577762835,5.588264000444951,5.232455211942778,-14.82651661228453,8.795722066815785,-11.764299520375108,0.15,0
1790037655.5921044,28.987567577762835,5.287700000096436,4.982153077004539,-15.359666547196355,8.582965252118282,-12.262561565102436,0.15,0
1790037655.6807735,28.987567577762835,4.9871360005388965,4.764914426290042,-15.820995621407278,8.39831239901096,-12.699775878115352,0.15,0
1790037655.7799594,28.987567577762835,4.686572000190381,4.532810224266728,-16.31237901571777,8.201023827291143,-13.162536363331547,0.15,0
1790037655.8798935,28.987567577762835,4.3860079998418655,4.298050267215772,-16.80765339507467,8.001477863797831,-13.628604185837188,0.15,0
1790037655.978872,28.987567577762835,4.085444000284326,4.066247674116791,-17.2950926827296,7.804445659663697,-14.08801218027751,0.15,0
1790037656.0952158,28.987567577762835,3.78487999993581,3.8001595761072187,-17.852633849489486,7.578270776355561,-14.60700677207569,0.15,0
1790037656.1801667,28.987567577762835,3.495448000508361,3.5890974006727823,-18.293631674317446,7.39886792723629,-15.025269723093574,0.15,0
1790037656.2814598,28.987567577762835,3.194884000159845,3.347942435820968,-18.79632072538675,7.193886207112247,-15.49764001655476,0.15,0
1790037656.3814354,28.987567577762835,2.89431999981133,3.111018170609609,-19.28905392646875,6.9925005816825925,-15.961547837526737,0.15,0
1790037656.4814138,28.987567577762835,2.582624000123701,2.8701125612730904,-19.78913642528705,6.787730813746552,-16.43337236147544,0.15,0
1790037656.5954218,28.978489104271848,2.2820599997751856,2.6085987463174787,-20.33104376662917,6.564082300010634,-16.939078201668515,0.15,0
1790037656.6775336,28.978489104271848,1.9814960002176465,2.3976568024638603,-20.76752709014334,6.384781647735059,-17.355173626589192,0.15,0
1790037656.77775,28.969410630780857,1.6809319998691308,2.157850847406246,-21.261902467292003,6.179584814912437,-17.82047729721783,0.15,0
1790037656.8824728,28.960332157289866,1.3803680003115917,1.9114698114957347,-21.762574976711935,5.968799163364854,-18.291133530158405,0.15,0
1790037657.2779758,28.93309673423664,0.823768000134919,0.5729992802591848,-23.53759975777964,4.827013898355803,-19.883394594092454,0.15,0
1790037657.345019,28.805998097622005,0.1335839999791233,0.3428950426988635,-23.818469219259352,4.612360500937335,-20.22566123637358,0.15,0
1790037657.383109,28.7606057275868,-0.0111320001300896,0.1824609009368645,-24.008222627892707,4.469182624934354,-20.408659033728313,0.15,0
1790037657.4811797,28.651664040534403,-0.2560359998281569,-0.1978258668320602,-24.428049787986513,4.129597619272909,-20.802247719762757,0.15,0
1790037657.5930626,28.52456540391977,-0.5009399995262243,-0.6622265083210981,-24.896494674633782,3.7157922785150315,-21.23716147336765,0.15,0
1790037657.6811385,28.37023134425192,-0.7347119998851781,-1.0536478743598992,-25.26626254784539,3.3599340084318734,-21.58652996565136,0.15,0
1790037657.7812934,28.19774033760207,-0.9573520001140424,-1.5066456316410557,-25.674962064193235,2.9490122637454137,-21.967320554581356,0.15,0
1790037657.881131,28.01617085746124,-1.19112399968202,-1.9898970679486443,-26.096014333042735,2.511013120862838,-22.360280783038625,0.15,0
1790037657.9803634,27.82552290382942,-1.4137639999108842,-2.457076845811658,-26.493797647188966,2.085313116634503,-22.731792600097254,0.15,0
1790037658.0929384,27.62579647412636,-1.6364040001397484,-2.977080564300986,-26.929775682620427,1.6133509914631161,-23.135769930248326,0.15,0
1790037658.1806376,27.426070044423287,-1.8590439995776364,-3.423901819381856,-27.30083165303021,1.2035939601889156,-23.484563505012325,0.15,0
1790037658.2812183,27.217265143809485,-2.070551999676411,-3.913118976987378,-27.70469097409286,0.7564386411321511,-23.85957012793039,0.15,0
1790037658.380717,27.008460240615427,-2.2931919999052752,-4.396220553876188,-28.101963392850465,0.3144815652975539,-24.230647683908686,0.15,0
1790037658.4804108,26.79965533742137,-2.5158320001341394,-4.884134350829971,-28.50222435862537,-0.1315658975922691,-24.604265504851686,0.15,0
1790037658.6019254,26.59085043422732,-2.727339999441938,-5.462905264514116,-28.976231206696987,-0.6548419097028999,-25.03889752560873,0.15,0
1790037658.6809804,26.382045531033256,-2.949979999670802,-5.863645844590425,-29.304135080738405,-1.026792138246873,-25.351011818578264,0.15,0
1790037658.7781937,26.173240630419457,-3.1614879997695766,-6.339998104228349,-29.69368284588258,-1.463012294031178,-25.71385361896563,0.15,0
1790037658.8790064,25.9644357272254,-3.384127999998441,-6.825349301526255,-30.09028878305642,-1.9068815472135068,-26.08436466559772,0.15,0
1790037658.9788496,25.75563082403134,-3.5956360000972154,-7.314597988555813,-30.48970937727193,-2.3540636666677406,-26.45559837069572,0.15,0
1790037659.0909054,25.54682592083728,-3.818275999535104,-7.839137399182324,-30.91745179864541,-2.8312429011793836,-26.852575428778863,0.15,0
1790037659.1795578,25.338021017643225,-4.029783999633878,-8.29318366942822,-31.287237466637887,-3.2485029663675036,-27.198619446587283,0.15,0
1790037659.2806635,25.129216117029426,-4.241291999732653,-8.7841065791768,-31.686485568969776,-3.6971081747458667,-27.569706533584206,0.15,0
1790037659.382016,24.911332740344378,-4.463931999961517,-9.268939070323164,-32.08011623826622,-4.141898298723033,-27.937688602520513,0.15,0
1790037659.4818091,24.70252783715032,-4.675440000060291,-9.753775475649807,-32.47298286213134,-4.5853299787297885,-28.30335143282068,0.15,0
1790037659.5976572,24.493722933956263,-4.886948000159066,-10.31587187337016,-32.927348421519355,-5.0944326522711965,-28.72128835831531,0.15,0
1790037659.6790888,24.284918030762203,-5.098455999466864,-10.732234792103391,-33.26312483610366,-5.479661868673553,-29.038424510608138,0.15,0
1790037659.7791064,24.06703465407716,-5.309963999565639,-11.215802892957905,-33.65217611429283,-5.9233772609026465,-29.40084429708375,0.15,0
1790037659.878182,23.858229750883098,-5.5214719996644135,-11.701349301481512,-34.04177483392621,-6.3674124436268205,-29.76372940878694,0.15,0
1790037659.9827986,23.6494248502693,-5.732979999763188,-12.191103604709227,-34.43366496800296,-6.815024336462448,-30.12856222276699,0.15,0
1790037660.0945415,23.43154147358425,-5.944487999861963,-12.755648639916146,-34.88411480460206,-7.3275701228910854,-30.543170783891046,0.15,0
1790037660.178652,23.2136580968992,-6.155995999960737,-13.18754630143734,-35.22796116174677,-7.727365641686859,-30.867166387478864,0.15,0
1790037660.2792864,23.065081023097548,-6.387999485034232,-13.681180091577057,-35.62019992748794,-8.169240924375865,-31.23536986111988,0.15,1
1790037660.3840797,22.920989344764983,-6.46441585996256,-14.18773456709043,-36.02197141702977,-8.621425980312118,-31.588338083469687,0.15,1
1790037660.4793558,22.614859024624053,-6.755272188926311,-14.67181877089638,-36.40532085669931,-9.078817101568315,-31.95781355653336,0.15,1
1790037660.5931392,22.56592142395891,-6.878325270974818,-15.208972737179778,-36.830088103487284,-9.542738613008975,-32.33732367861042,0.15,1
1790037660.680205,22.38359811249249,-7.086709956553748,-15.663377234449763,-37.18897950930077,-9.956330932408425,-32.67363907638872,0.15,1
1790037660.7798023,22.259475850110125,-7.17126819375765,-16.157808814784474,-37.57852480967481,-10.395216115050284,-33.017436317287235,0.15,1
1790037660.8802865,22.050311179224675,-7.3307225318101725,-16.657446817290513,-37.96876503652213,-10.851283117813233,-33.37305866081533,0.15,1
1790037660.9806762,21.90184240090545,-7.595876508906005,-17.154498202057475,-38.34898982706738,-11.296047111613035,-33.73602282934317,0.15,1
1790037661.0840752,21.72984081647979,-7.754515664490644,-17.645823287690785,-38.71098983912657,-11.739473672065198,-34.067518712931175,0.15,1
1790037661.1843078,21.58670585974559,-7.852685195588274,-18.166830895721787,-39.07249282450884,-12.203800382401681,-34.38952168017075,0.15,1
1790037661.284218,21.346604916120164,-8.005699674435263,-18.672243310286024,-39.39536980629602,-12.669416076325096,-34.686919286516904,0.15,1
1790037661.383118,21.22954318187678,-8.067795700838436,-19.18928760041965,-39.693363934720544,-13.126462983075186,-34.94952869963823,0.15,1
1790037661.4832745,20.94202851407114,-8.14339544313334,-19.720847319252915,-39.966118156736975,-13.621415944254306,-35.19270974969643,0.15,1
1790037661.593172,20.78987680409678,-8.147619753592746,-20.31309550805251,-40.234699047350894,-14.147649661230114,-35.42163715328717,0.15,1
1790037661.6837544,20.54698572220648,-8.168837358470647,-20.83575022190675,-40.448111364124095,-14.628339830289766,-35.60622026327608,0.15,1
1790037661.783039,20.400796309253156,-8.209926758771916,-21.38851197244429,-40.656165011072154,-15.120115730189672,-35.78922927322712,0.15,1
1790037661.884396,20.02740669355011,-8.228809057635708,-21.971962373601446,-40.86217677887396,-15.672057013528711,-35.96717162068822,0.15,1
1790037661.979448,19.840023857324624,-8.12122405306206,-22.537938449541755,-41.053250839936936,-16.181244103511798,-36.113446821905704,0.15,1
1790037662.0924828,19.55949344577727,-8.20304405889164,-23.169347883889795,-41.25990616050643,-16.760021684439735,-36.301376845264215,0.15,1
1790037662.181614,19.26818427656583,-8.108964489963034,-23.71521713152448,-41.43520619774464,-17.267706920310932,-36.4362699415774,0.15,1
1790037662.281954,19.09629769520428,-8.090936776263296,-24.29811741725117,-41.62034173650647,-17.78895515038285,-36.59093099246999,0.15,1
1790037662.384126,18.776486449429598,-8.082456387803754,-24.865553409089294,-41.799415133183665,-18.31924743031146,-36.74187132137668,0.15,1
1790037662.482649,18.56442984088826,-8.049223693213015,-25.464838597472774,-41.9879119256832,-18.860448331718615,-36.89710869081267,0.15,1
1790037662.598826,18.350598771954783,-8.020128565762796,-26.111609861020753,-42.191030216015584,-19.44227856607442,-37.06539496847766,0.15,1
1790037662.679248,18.080910155487796,-8.011384435259547,-26.611767620341908,-42.348013751927695,-19.907865953967452,-37.19751935442747,0.15,1
1790037662.780486,17.811588401432463,-7.948358334446322,-27.1932139779963,-42.53045898272785,-20.442493621081987,-37.34314388548562,0.15,1
1790037662.8840563,17.475588853108,-7.971395043083984,-27.776509544709384,-42.713397206797694,-20.988694785036778,-37.502096882240636,0.15,1
1790037662.9839668,17.274443501166804,-7.96410358969441,-28.365228485186,-42.897893817279716,-21.51927768723308,-37.65782528314192,0.15,1
1790037663.0979886,17.04065608163337,-7.818172508628816,-29.011797535190883,-43.100221378387786,-22.103929492667245,-37.80791404792394,0.15,1
1790037663.1804993,16.752085285092218,-7.827241937271204,-29.52017780805074,-43.25900154135037,-22.579338344079297,-37.9442376007385,0.15,1
1790037663.2807362,16.46090926237274,-7.85790399467654,-30.09917145358651,-43.439377135148995,-23.115159346192623,-38.102156164078124,0.15,1
1790037663.380752,16.302757687832266,-7.777428575847116,-30.681104697589642,-43.62005509508246,-23.633525339776355,-38.24366111719716,0.15,1
1790037663.481037,16.07988082695193,-7.743691726757403,-31.2655049087123,-43.8007660981956,-24.163697048362664,-38.39220494247987,0.15,1
1790037663.592173,15.781916067378653,-7.768229615496479,-31.886333895644885,-43.99181861471298,-24.736096401191354,-38.5582802648305,0.15,1
1790037663.6824906,15.587051727188612,-7.723594852460506,-32.41564421643147,-44.1539118411765,-25.215239824888453,-38.6893642928691,0.15,1
1790037663.782327,15.229847663560513,-7.736335730382263,-32.988019323660104,-44.32829641215816,-25.75533927557701,-38.83950230989177,0.15,1
1790037663.8824842,15.00637461066125,-7.620344625612177,-33.568814854154276,-44.50424500434281,-26.282536434431947,-38.97165994753322,0.15,1
1790037663.9819846,14.80878245084492,-7.5764357381083745,-34.151409186879405,-44.67968546925553,-26.807380441220754,-39.11419800958346,0.15,1
1790037664.0977168,14.537590245948332,-7.563204265961061,-34.82448762278274,-44.88103190082745,-27.42017594247308,-39.28335775559749,0.15,1
1790037664.1810238,14.331587427982903,-7.557928808618024,-35.33061482166386,-45.03159913576297,-27.88128448421684,-39.41054858669123,0.15,1
1790037664.280836,14.07261388151943,-7.541207799278514,-35.91403351501154,-45.2043283067659,-28.416036405531894,-39.55486023064279,0.15,1
1790037664.3813431,13.781431103054942,-7.492609321582132,-36.50009526855292,-45.37700678962766,-28.95786631281174,-39.69434716942083,0.15,1
1790037664.4827938,13.480985816327038,-7.414259970562695,-37.09299205457137,-45.550903821671994,-29.506895373936608,-39.8304072440056,0.15,1
1790037664.5956478,13.273184791135485,-7.399145650232493,-37.728493387249415,-45.73646957069158,-30.078241660491678,-39.98587098262272,0.15,1
1790037664.6837988,13.064428032751,-7.335975002913615,-38.2388337516984,-45.884950298764295,-30.54334448403099,-40.10260400438669,0.15,1
1790037664.784335,12.823482927034046,-7.328626750403998,-38.833536555050685,-46.05714584267657,-31.084983632737973,-40.24786797883568,0.15,1
1790037664.8837268,12.518309377872116,-7.282351062689812,-39.40626361157201,-46.220963636266426,-31.61757766315539,-40.380171750229934,0.15,1
1790037664.9798162,12.202745007441711,-7.306520019752288,-39.98575755040008,-46.38215753979133,-32.15748216672381,-40.52081191178547,0.15,1
1790037665.0969532,11.988037364566823,-7.232582538962869,-40.643337312102275,-46.55436589783584,-32.74863111060191,-40.656098394004886,0.15,1
1790037665.180721,11.833899546279223,-7.165769776944304,-41.12619949772782,-46.66988965977868,-33.18218464112676,-40.744271677353524,0.15,1
1790037665.2814603,11.57216093739893,-6.965205416637135,-41.68296291704355,-46.78550662540471,-33.69469433887717,-40.812461444089564,0.15,1
1790037665.3834307,11.36009769360127,-6.88027435003031,-42.211595636978366,-46.872832680004436,-34.175841637391414,-40.87394893050832,0.15,1
1790037665.4828804,11.134989833864068,-6.79300882656854,-42.73769658332254,-46.934299302388254,-34.656793620744544,-40.9131057310153,0.15,1
1790037665.59496,10.944136965466027,-6.627532864950407,-43.31507539102499,-46.97163446487942,-35.17619353755134,-40.92001922489007,0.15,1
1790037665.6850471,10.841890207738173,-6.521228103600243,-43.78489039574448,-46.98188540516976,-35.59087330522209,-40.91278680993434,0.15,1
1790037665.7849286,10.643724967293362,-6.21048952769516,-44.292362667922916,-46.97632074201676,-36.05194952264047,-40.86144605986852,0.15,1
1790037665.879815,10.411970339756758,-6.083912390269861,-44.78652112410751,-46.958511570831575,-36.506747404527864,-40.827321693747315,0.15,1
1790037665.9799037,10.267515129734372,-5.814395056918813,-45.293637246308506,-46.93127865508419,-36.959464389902074,-40.76374611535938,0.15,1
1790037666.094513,10.104910051414778,-5.547009518038243,-45.85288517003491,-46.894292456086745,-37.459215886817454,-40.69220001537947,0.15,1
1790037666.180306,9.997648324543926,-5.330168594485061,-46.295812840764924,-46.86179875506783,-37.85179366596859,-40.63205423098041,0.15,1
1790037666.2850938,9.700003426056904,-5.072798734523697,-46.797739498944196,-46.82292208912013,-38.32307806019403,-40.560403585930665,0.15,1
1790037666.3850403,9.584339112032294,-4.767898963421852,-47.30743642001939,-46.782168282793165,-38.77367009021164,-40.48002788488746,0.15,1
1790037666.4805987,9.444177581089138,-4.573620759512327,-47.78937543725994,-46.743058164196455,-39.204342484507585,-40.417642553493835,0.15,1
1790037666.5943656,9.313619224143045,-4.40024205426579,-48.336451678090995,-46.69844809815761,-39.688941042755886,-40.353717191573836,0.15,1
1790037666.6811285,9.03322633291845,-4.156897603895229,-48.78627413433584,-46.66181319028839,-40.11334906424769,-40.28607585232941,0.15,1
1790037666.780738,8.876797293790698,-3.9336148778494335,-49.28193812499182,-46.621639228911306,-40.55812781217444,-40.21843557625203,0.15,1
1790037666.8809464,8.7594134462685,-3.629897439496339,-49.777798636602924,-46.58167534672366,-40.99721682417221,-40.13890866063956,0.15,1
1790037666.980643,8.485232226948497,-3.42374707381835,-50.27181503614199,-46.5420807074759,-41.45825794667841,-40.074330662427265,0.15,1
1790037667.092887,8.41173174490724,-3.080925521536076,-50.808157934668436,-46.49926689495246,-41.92517448273208,-39.98651568894,0.15,1
1790037667.181312,8.330547886585682,-2.735199573825496,-51.261140574779404,-46.46315220557734,-42.322387305574644,-39.903959310814564,0.15,1
1790037667.2818966,8.082984839693918,-2.6842458611863176,-51.76062800773755,-46.42326773864625,-42.784086080622835,-39.86241445702726,0.15,1
1790037667.3822312,7.78709227471198,-2.3753456293306057,-52.24947189779249,-46.38409125861371,-43.24398727191682,-39.78277941422124,0.15,1
1790037667.4832094,7.693872498739484,-2.1632398576987057,-52.72728647368833,-46.3455874798527,-43.66411262782416,-39.7182353365296,0.15,1
1790037667.5970814,7.541998451002854,-1.898814943701972,-53.292974090300966,-46.29961941737418,-44.16772820910539,-39.63949874632335,0.15,1
1790037667.6826785,7.450089119140081,-1.6429571044065736,-53.70803250669863,-46.265580770359485,-44.53431426282282,-39.57218722046655,0.15,1
1790037667.782937,7.22932967933406,-1.4565806418779974,-54.2040418371962,-46.224468511056465,-44.98903610971666,-39.509285330679695,0.15,1
1790037667.881912,6.993367686970957,-1.172411533140681,-54.707207925122326,-46.18222799969651,-45.45212158330833,-39.43075552971313,0.15,1
1790037667.981899,6.905672078010741,-0.813781519289928,-55.191843598538185,-46.14100190379805,-45.87721624705584,-39.34191884612183,0.15,1
1790037668.0940957,6.761213714210694,-0.6029210148515559,-55.72427353782441,-46.09505148706065,-46.35145045001914,-39.27123191622928,0.15,1
1790037668.181957,6.56411336546314,-0.4695600759834731,-56.15675523783812,-46.05723585926853,-46.74862494734293,-39.219084491775774,0.15,1
1790037668.2826977,2.4511879896419786,-2.949979999670802,-56.67079009010244,-46.01170740473643,-47.802493378140774,-39.55244829397658,0.15,0
1790037668.3839352,2.242383086447921,-2.727339999441938,-57.16246585550708,-45.96757704312714,-48.251738514213834,-39.481541486574365,0.15,0
1790037668.4839764,2.0335781832538635,-2.5158320001341394,-57.650131920803446,-45.9232585921193,-48.69757540519485,-39.41214460332153,0.15,0
1790037668.5980265,1.824773280059806,-2.304324000035365,-58.19228371859214,-45.87339745785018,-49.18972516879434,-39.338036439177955,0.15,0
1790037668.6851673,1.6159683794460058,-2.0928159999365903,-58.61850160503509,-45.83381099430223,-49.58333110736293,-39.27266174514739,0.15,0
1790037668.7810054,1.4071634762519485,-1.870175999707726,1.4071634762519485,-1.870175999707726,1.4071634762519483,-1.870175999707726,0.92,0
1790037668.8855531,1.1983585730578905,-1.6586679996089515,1.1983585730578905,-1.6586679996089515,1.1983585730578905,-1.6586679996089515,0.92,0
1790037668.9855125,0.989553669863833,-1.4360280001710637,0.989553669863833,-1.4360280001710637,0.989553669863833,-1.4360280001710637,0.92,0
1790037669.101087,0.7989057162320129,-1.224520000072289,0.7989057162320129,-1.224520000072289,0.7989057162320129,-1.224520000072289,0.92,0
1790037669.181772,0.6264147095821728,-1.001879999843425,0.6264147095821728,-1.001879999843425,0.6264147095821728,-1.001879999843425,0.92,0
1790037669.2818725,0.4630021764233227,-0.7681079994844708,0.4630021764233227,-0.7681079994844708,0.4630021764233227,-0.7681079994844708,0.92,0
1790037669.3830752,0.3359035398086901,-0.5343359999164932,0.3359035398086901,-0.5343359999164932,0.3359035398086901,-0.5343359999164932,0.92,0
1790037669.4837632,0.2269618527562951,-0.2894320002184258,0.2269618527562951,-0.2894320002184258,0.2269618527562951,-0.2894320002184258,0.92,0
1790037669.59943,0.14525558617687,-0.0333959995992927,0.14525558617687,-0.0333959995992927,0.14525558617687,-0.0333959995992927,0.92,0
1790037669.6836476,0.081706266579425,0.2337720003589538,0.081706266579425,0.2337720003589538,0.081706266579425,0.2337720003589538,0.92,0
1790037669.7829492,0.0363138965442175,0.5232039997864035,0.0363138965442175,0.5232039997864035,0.0363138965442175,0.5232039997864035,0.92,0
1790037669.883792,0.0090784760712475,0.8126360000048294,0.0090784760712475,0.8126360000048294,0.0090784760712475,0.8126360000048294,0.92,0
1790037669.9832504,-0.01815694698198,1.1020680002232552,-0.01815694698198,1.1020680002232552,-0.01815694698198,1.1020680002232552,0.92,0
1790037670.08736,-0.03631389396396,1.4026319997807946,-0.03631389396396,1.4026319997807946,-0.03631389396396,1.4026319997807946,0.92,0
1790037670.1816528,-0.0544708435261975,1.6920639999992204,-0.0544708435261975,1.6920639999992204,-0.0544708435261975,1.6920639999992204,0.92,0
1790037670.2815354,-0.0635493170171875,1.992628000347736,-0.0635493170171875,1.992628000347736,-0.0635493170171875,1.992628000347736,0.92,0
1790037670.381992,-0.0726277905081775,2.304324000035365,-0.0726277905081775,2.304324000035365,-0.0726277905081775,2.304324000035365,0.92,0
1790037670.4810896,-0.0817062639991675,2.6048880003838804,-0.0817062639991675,2.6048880003838804,-0.0817062639991675,2.6048880003838804,0.92,0
1790037670.5946183,-0.090784740070415,2.90545199994142,-0.090784740070415,2.90545199994142,-0.090784740070415,2.90545199994142,0.92,0
1790037670.682798,-0.099863213561405,3.206016000289935,-0.099863213561405,3.206016000289935,-0.099863213561405,3.206016000289935,0.92,0
1790037670.7822423,-0.099863213561405,3.5065799998474745,-0.099863213561405,3.5065799998474745,-0.099863213561405,3.5065799998474745,0.92,0
1790037670.8825629,-0.108941687052395,3.80714400019599,-0.108941687052395,3.80714400019599,-0.108941687052395,3.80714400019599,0.92,0
1790037670.9821465,-0.118020160543385,4.1077080005445055,-0.118020160543385,4.1077080005445055,-0.118020160543385,4.1077080005445055,0.92,0
1790037671.0958164,-0.118020160543385,4.408272000102045,-0.118020160543385,4.408272000102045,-0.118020160543385,4.408272000102045,0.92,0
1790037671.1820962,-0.1270986366146325,4.70883600045056,-0.1270986366146325,4.70883600045056,-0.1270986366146325,4.70883600045056,0.92,0
1790037671.2831247,-0.1270986366146325,5.0094000000081,-0.1270986366146325,5.0094000000081,-0.1270986366146325,5.0094000000081,0.92,0
1790037671.3828983,-0.1270986366146325,5.309964000356615,-0.1270986366146325,5.309964000356615,-0.1270986366146325,5.309964000356615,0.92,0
1790037671.4844365,-0.1361771101056225,5.610527999914154,-0.1361771101056225,5.610527999914154,-0.1361771101056225,5.610527999914154,0.92,0
1790037671.5998158,-0.1361771101056225,5.91109200026267,-0.1361771101056225,5.91109200026267,-0.1361771101056225,5.91109200026267,0.92,0
1790037671.6843617,-0.1361771101056225,6.211655999820209,-0.1361771101056225,6.211655999820209,-0.1361771101056225,6.211655999820209,0.92,0
1790037671.7841637,-0.1361771101056225,6.512220000168725,-0.1361771101056225,6.512220000168725,-0.1361771101056225,6.512220000168725,0.92,0
1790037671.884398,-0.1361771101056225,6.81278400051724,-0.1361771101056225,6.81278400051724,-0.1361771101056225,6.81278400051724,0.92,0
1790037672.2794263,5.758522531103792,11.516688922801611,-0.1259928097595617,6.816739205622877,0.7566844913699413,7.521731663199687,0.15,1
1790037672.350635,5.948200314730922,12.282231076825578,-0.12381618778032649,6.817603487637485,0.7869862875963608,7.637297626015699,0.15,1
1790037672.3815014,5.898871845476831,12.455756590748711,-0.12253292625515932,6.818115438357342,0.7806777895046393,7.663761611216048,0.15,1
1790037672.4825325,5.953181917986293,12.866615920575644,-0.1187597173088497,6.819638928743385,0.7920315279854216,7.726685477518223,0.15,1
1790037672.5955803,5.963411866614492,13.17366719188898,-0.11410149344141732,6.821556536919749,0.7975255105669691,7.774373135165133,0.15,1
1790037672.6816018,5.980783151594816,13.528176844696862,-0.10997146427492734,6.823309085461267,0.8036417281055342,7.8290392493466054,0.15,1
1790037672.781895,6.0491450463926295,13.779672422587538,-0.10515621450008128,6.825385654832313,0.8179889746338252,7.868528669995596,0.15,1
1790037672.8817067,6.057053961953905,14.184495921524842,-0.10138454849963,6.826658889741556,0.8223812280684002,7.9303344445090485,0.15,1
1790037672.9819558,6.249176933044167,14.518930403078588,-0.10154106008167584,6.824974645472205,0.8510666388872005,7.979068009113162,0.15,1
1790037673.0990665,6.212770873794931,14.854957302432307,-0.11206079393823833,6.815664403409,0.8366639562217371,8.021558338262496,0.15,1
1790037673.1816926,6.315534409071128,15.16950255183908,-0.1317904144338005,6.8008306459601,0.8353083090919386,8.056131431841948,0.15,1
1790037673.2824745,6.2429074921837735,15.51569954210988,-0.17293605964511863,6.7731949503111455,0.7894404731292152,8.084570639080955,0.15,1
1790037673.3827372,6.279699040972576,15.838845879471336,-0.23836440652352273,6.733956218143552,0.739345110600892,8.09968966734272,0.15,1
1790037673.4827063,6.225772160322714,15.98014259758632,-0.33064012498992995,6.683989618660371,0.6528217178069666,8.078412565499264,0.15,1
1790037673.593813,6.093868727340858,16.407053333840967,-0.46039149358601794,6.619632807428637,0.5227475395530135,8.087745886390486,0.15,1
1790037673.6818516,6.155553100919343,16.579601125336467,-0.5948587770590654,6.557160507661144,0.41770300463769583,8.060526600312443,0.15,1
1790037673.7834945,5.945832959310277,16.919269265249344,-0.7549903828478386,6.486345523758817,0.2501331184758787,8.051284084982395,0.15,1
1790037673.8835268,5.78631404696717,17.06965841231352,-0.9314741504044827,6.41119553970161,0.07619407920126509,8.009964970593396,0.15,1
1790037673.98287,5.741089550965818,17.340361092764507,-1.1251254718257464,6.330970470242954,-0.09519321840701167,7.982379063621186,0.15,1
1790037674.0950594,5.582237690934148,17.613168685103776,-1.3336493150598656,6.2462437324877484,-0.2962662641607636,7.951282475380152,0.15,1
1790037674.179387,5.441092405610207,17.943375950751594,-1.5116130326421249,6.174792128589565,-0.4687072169042751,7.940079701913869,0.15,1
1790037674.2792528,5.287178072968359,18.15107515622725,-1.7137738406450502,6.094254744614485,-0.6636310536030388,7.9027778063564,0.15,1
1790037674.3792517,5.0295623999311765,18.36236452172336,-1.9168689273128956,6.013845937084251,-0.8749042282262848,7.866123724780117,0.15,1
1790037674.4864433,4.942866774371457,18.563389321735453,-2.125293659226253,5.9317271369696485,-1.0650695941865962,7.826476464684519,0.15,1
1790037674.601645,4.788936399490368,18.869909994498936,-2.360852626724336,5.83939255209847,-1.2883842727921304,7.793970168458539,0.15,1
1790037674.6829245,4.718860884373844,19.05977653990289,-2.5378327254576827,5.770291714286506,-1.4493286839829538,7.7637144381289644,0.15,1
1790037674.7830913,4.524102004415696,19.347867693119884,-2.743315876756166,5.690317774675767,-1.6532031945803864,7.738950262442385,0.15,1
1790037674.8828454,4.3554886104904345,19.679184015300244,-2.949717467906584,5.610260112994156,-1.8539365561470311,7.720598698340069,0.15,1
1790037674.983228,4.239310284576763,19.94197027434832,-3.1537229735924925,5.531402772153544,-2.0447679848671045,7.692987897482761,0.15,1
1790037675.0973833,4.051980650306082,20.091097310012863,-3.380297316087169,5.444108328624479,-2.265455621128181,7.641156675832736,0.15,1
1790037675.182923,3.890828636278072,20.39009745391721,-3.567013247872303,5.372365608892326,-2.448336965249746,7.625025385646058,0.15,1
1790037675.2836416,3.7515476000844097,20.569923065214383,-3.7727119324455036,5.2934720907468655,-2.6440730025660164,7.5849397369169935,0.15,1
1790037675.3847666,3.58814056927374,20.881863636363786,-3.9812037915525327,5.213618281086798,-2.8458021374285916,7.563855084378346,0.15,1
1790037675.484177,3.549544284118283,21.22114617451358,-4.188153936021283,5.134421937109393,-3.0274992030003482,7.547430572720021,0.15,1
1790037675.5970852,3.2276968643284434,21.36329963992811,-4.414545132871234,5.047817197652276,-3.2682088332912826,7.495139563993651,0.15,1
1790037675.6847825,3.040562942228333,21.589822109119524,-4.597535827520069,4.9777770926685445,-3.451821012057809,7.469583845136192,0.15,1
1790037675.7833393,2.9691501706775285,21.925076040235734,-4.811989106273035,4.895571272202037,-3.6448182147304506,7.449996987407092,0.15,1
1790037675.883304,2.7481642021568056,22.089118529314742,-5.020655154347192,4.81545912968707,-3.8553322508715917,7.406508039631221,0.15,1
1790037675.9833913,2.517641003262275,22.35964513933128,-5.231726188496603,4.7342956252427,-4.069321109732772,7.378098052355987,0.15,1
1790037676.0918877,2.4073263997196888,22.59015306064676,-5.4495350386733525,4.650393061804811,-4.271005822914396,7.341357061631103,0.15,1
1790037676.1832106,2.2526835817875,22.85484830213406,-5.650887907689607,4.57266011140141,-4.465352184268041,7.314988340011308,0.15,1
1790037676.2829614,2.0397834464594093,23.043177978114848,-5.861700659227541,4.491070357531445,-4.676478043374498,7.273886500618955,0.15,1
1790037676.3846917,2.0753268938841933,23.298677188458868,-6.0751861413153945,4.408206336381243,-4.852609186035456,7.241776964192886,0.15,1
1790037676.4827526,1.7443379283159328,23.70014922850709,-6.284345814096773,4.326742600017211,-5.080043252734867,7.232753594290693,0.15,1
1790037676.604518,1.786393802596053,23.814270270843952,-6.535903182279179,4.228336207181069,-5.287558634547893,7.166226316730501,0.15,1
1790037676.6843686,1.4440905225768292,24.12891465883925,-6.71148393039229,4.159349310441201,-5.488147762446922,7.1547841127009075,0.15,1
1790037676.7841268,1.380084730567705,24.30833338135222,-6.924223843999152,4.0753019018944485,-5.6785775578141235,7.110256623813114,0.15,1
1790037676.8840451,1.112611579371518,24.642437606173807,-7.136262319204802,3.989879677528306,-5.898931234418354,7.087763366825131,0.15,1
1790037676.984342,0.978025481569282,24.81965571239481,-7.348057408443337,3.8999270158439625,-6.099144974941444,7.037886320326589,0.15,1
1790037677.0995245,0.788323791867777,25.0097342717338,-7.58536646086944,3.7879958562851583,-6.329312922958858,6.971256618602455,0.15,1
1790037677.1854882,0.6074732933638354,25.283987748074207,-7.782670005771814,3.68188431075628,-6.524148510901465,6.922199826353968,0.15,1
1790037677.2855055,0.4531862548396381,25.470941304278888,-8.003810341842476,3.5454635697834616,-6.735260852340159,6.834285229957775,0.15,1
1790037677.3859837,0.2784985029672384,25.717506603290065,-8.227973632775495,3.3876862242140544,-6.952002812414084,6.7371592810754555,0.15,1
1790037677.485698,0.0665829368636367,25.841226890000485,-8.473968220686514,3.19423243482439,-7.19288554705399,6.5912816031008035,0.15,1
1790037677.6031055,-0.1350232495254784,25.95310461473308,-8.767132786749611,2.941917787671885,-7.472316356165991,6.393595811731064,0.15,1
1790037677.682441,-0.3980419871170503,26.063020075351663,-8.983384632278227,2.745731573719666,-7.69558323550405,6.243324848964465,0.15,1
1790037677.7829156,-0.589800253132741,26.23095969467349,-9.26067641754182,2.4856502247917804,-7.960044992880458,6.047446645274037,0.15,1
1790037677.8821747,-0.738915878833823,26.224281228210685,-9.538925836328632,2.218413970665173,-8.21892434270441,5.8192940592969995,0.15,1
1790037677.980908,-1.0886426830991582,26.205610944877552,-9.817870008941632,1.9465590146037512,-8.50848591006526,5.585416804144821,0.15,1
1790037678.093817,-1.2259500232020475,26.335490171363645,-10.132478077165278,1.6369273980153267,-8.796498869070792,5.341711814017574,0.15,1
1790037678.1836798,-1.5169228546127391,26.277181329721103,-10.403987045565282,1.3680485082148701,-9.070927416922402,5.104418431440805,0.15,1
1790037678.285041,-1.735251090658834,26.4331467093531,-10.701144637147678,1.072541916281137,-9.356260605174352,4.876632635241931,0.15,1
1790037678.381108,-2.089518128272323,26.431042496102084,-10.99323226248916,0.7812403582903725,-9.657675142356634,4.628710678962129,0.15,1
1790037678.4814494,-2.271083498636853,26.491774126452032,-11.289577668470136,0.4851689902638369,-9.936803542995143,4.386159760692066,0.15,1
1790037678.5932374,-2.5344462497556464,26.533579762713167,-11.600385919716633,0.17427144985943488,-10.240494969222485,4.128167696787495,0.15,1
1790037678.6822047,-2.7973780172760234,26.577000037872764,-11.88143451119131,-0.10702635913164543,-10.518826037104017,3.895577600419016,0.15,1
1790037678.7830243,-2.9612422501555,26.475735634120078,-12.177705617891638,-0.40363344709667504,-10.795236112731217,3.6282719150858376,0.15,1
1790037678.8860707,-3.2956025952936363,26.659489175431645,-12.481797899444294,-0.7080729745270682,-11.103868603821695,3.3970613479667384,0.15,1
1790037678.9860642,-3.5103256378692187,26.66648016328699,-12.776830287560909,-1.003375896034983,-11.386854590107156,3.147102512863313,0.15,1
1790037679.1055963,-3.8538020872153176,26.742612146966074,-13.119961170877668,-1.3466585118734267,-11.730037308328315,2.8667320869524984,0.15,1
1790037679.1872983,-3.939032317431481,26.688768704990583,-13.36005299341897,-1.5867498629605905,-11.946899892020845,2.654577922232085,0.15,1
1790037679.284678,-4.2339368101664565,26.78254832950753,-13.657213322371021,-1.8838708652284986,-12.243721845540337,2.4160920139819053,0.15,1
1790037679.3854072,-4.539355013535795,26.78099521178664,-13.954623056530819,-2.1813035589778957,-12.542332850081564,2.163041256636784,0.15,1
1790037679.4872336,-4.80255445145941,26.93368551134641,-14.242591933969749,-2.4694758585084275,-12.826586311593196,1.9409983469697978,0.15,1
1790037679.5980592,-5.001818744087204,27.00457101251631,-14.5675153051705,-2.7950283304765797,-13.132660821008006,1.6749115709723532,0.15,1
1790037679.682454,-5.230191186458554,26.968953932726716,-14.83019521790979,-3.05858773569532,-13.390194613192104,1.4455435145679854,0.15,1
1790037679.7822216,-5.45241987320232,27.003283810579717,-15.126740767797072,-3.3566112220340414,-13.675592633607858,1.1973730328580223,0.15,1
1790037679.8808067,-5.749353108067297,27.00043326907321,-15.415306288679696,-3.6471593187183324,-13.965413311587836,0.9499795694503992,0.15,1
1790037679.9808185,-6.037859931981327,27.01480928148405,-15.709842059060252,-3.9442721565290224,-14.259044739998412,0.6995900591729387,0.15,1
1790037680.0995517,-6.232941359106603,27.03162681979916,-16.055686936728833,-4.293884716643411,-14.582275100085498,0.40494201382297534,0.15,1
1790037680.183605,-6.510659706784252,27.10993603586442,-16.311104958539246,-4.552576718755595,-14.841038170775997,0.1968001944374067,0.15,1
1790037680.2853224,-16.67715679118726,20.237976000001083,-16.599336761708276,-4.845037342372428,-16.611009766130124,-1.0825853410164008,0.15,0
1790037680.3813217,-16.976746434451734,20.237976000001083,-16.89074853876789,-5.141312722909078,-16.903648223120467,-1.3344194144725536,0.15,0
1790037680.483147,-17.285414551207197,20.237976000001083,-17.193419035066455,-5.449666096817467,-17.207218362487566,-1.596519782294684,0.15,0
1790037680.5967062,-17.58500419447167,20.237976000001083,-17.510199659231965,-5.7730660490450365,-17.52142033951792,-1.8714097416881188,0.15,0
1790037680.6819768,-17.89367231122713,20.237976000001083,-17.780285862946485,-6.049303635436008,-17.79729383018858,-2.1062116901204444,0.15,0
1790037680.7876055,-18.202340427982595,20.226843999871,-18.076290139482378,-6.35265792039133,-18.09519768275741,-2.36573263235198,0.15,0
1790037680.8877575,-18.501930071247067,20.226843999871,-18.369856158816436,-6.655459465334104,-18.389667245681032,-2.6231139455533388,0.15,0
1790037680.9875417,-18.80151971451154,20.21571200053188,-18.657986312164123,-6.958654447609432,-18.679516322516236,-2.882499480388235,0.15,0
1790037681.0988212,-19.10110935777601,20.20458000040179,-18.977148429440838,-7.310541459612994,-18.995742568691114,-3.1832732406107755,0.15,0
1790037681.1837063,-19.39162052754949,20.18231600014161,-19.22152656619337,-7.59870050419098,-19.247040660396788,-3.4315480285410906,0.15,0
1790037681.283399,-19.66397474776074,20.14892000054232,-19.489526185376572,-7.944251475594428,-19.515693469734195,-3.730275754173916,0.15,0
1790037681.384287,-19.936328967971985,20.08212800055276,-19.742436379006406,-8.308779713065123,-19.771520267351242,-4.050143556022441,0.15,0
1790037681.4848669,-20.19052624120125,19.993072000303016,-20.19052624120125,19.993072000303016,-20.19052624120125,19.993072000303016,0.92,0
1790037681.6010969,-20.435645040939526,19.881751999793096,-20.435645040939526,19.881751999793096,-20.435645040939526,19.881751999793096,0.92,0
1790037681.6863434,-20.67168536460656,19.748167999813973,-20.67168536460656,19.748167999813973,-20.67168536460656,19.748167999813973,0.92,0
1790037681.786332,-20.89864721478259,19.59232000036565,-20.89864721478259,19.59232000036565,-20.89864721478259,19.59232000036565,0.92,0
1790037681.886306,-21.125609067538885,19.414207999866164,-21.125609067538885,19.414207999866164,-21.125609067538885,19.414207999866164,0.92,0
1790037681.9859269,-21.343492444223934,19.23609600015766,-21.343492444223934,19.23609600015766,-21.343492444223934,19.23609600015766,0.92,0
1790037682.095866,-21.57045429439997,19.046852000319063,-21.57045429439997,19.046852000319063,-21.57045429439997,19.046852000319063,0.92,0
1790037682.1857748,-21.788337671085017,18.84647600035038,-21.788337671085017,18.84647600035038,-21.788337671085017,18.84647600035038,0.92,0
1790037682.2851954,-21.997142574279074,18.646100000381693,-21.997142574279074,18.646100000381693,-21.997142574279074,18.646100000381693,0.92,0
1790037682.3858929,-22.21502595096412,18.43459200028292,-22.21502595096412,18.43459200028292,-22.21502595096412,18.43459200028292,0.92,0
1790037682.4815986,-22.43290932764917,18.23421600031424,-22.43290932764917,18.23421600031424,-22.43290932764917,18.23421600031424,0.92,0
1790037682.5934348,-22.641714230843228,18.02270800021546,-22.641714230843228,18.02270800021546,-22.641714230843228,18.02270800021546,0.92,0
1790037682.6831996,-22.85959760752828,17.811200000116685,-22.85959760752828,17.811200000116685,-22.85959760752828,17.811200000116685,0.92,0
1790037682.7828195,-23.077480984213324,17.610824000148,-23.077480984213324,17.610824000148,-23.077480984213324,17.610824000148,0.92,0
1790037682.884305,-23.29536436089837,17.388183999919136,-23.29536436089837,17.388183999919136,-23.29536436089837,17.388183999919136,0.92,0
1790037682.984085,-23.50416926151217,17.17667599982036,-23.50416926151217,17.17667599982036,-23.50416926151217,17.17667599982036,0.92,0
1790037683.1027348,-23.72205263819722,16.976299999851676,-23.72205263819722,16.976299999851676,-23.72205263819722,16.976299999851676,0.92,0
1790037683.186944,-23.93085754139128,16.764792000543878,-23.93085754139128,16.764792000543878,-23.93085754139128,16.764792000543878,0.92,0
1790037683.28716,-24.148740918076324,16.553284000445103,-24.148740918076324,16.553284000445103,-24.148740918076324,16.553284000445103,0.92,0
1790037683.3878484,-24.35754582127038,16.34177600034633,-24.35754582127038,16.34177600034633,-24.35754582127038,16.34177600034633,0.92,0
1790037683.4878426,-24.57542919795543,16.130268000247554,-24.57542919795543,16.130268000247554,-24.57542919795543,16.130268000247554,0.92,0
1790037683.598978,-24.784234101149487,15.91876000014878,-24.784234101149487,15.91876000014878,-24.784234101149487,15.91876000014878,0.92,0
1790037683.6879065,-25.00211747783453,15.696119999919915,-25.00211747783453,15.696119999919915,-25.00211747783453,15.696119999919915,0.92,0
1790037683.783352,-25.210922381028592,15.48461199982114,-25.210922381028592,15.48461199982114,-25.210922381028592,15.48461199982114,0.92,0
1790037683.8836193,-25.42880575771364,15.273104000513342,-25.42880575771364,15.273104000513342,-25.42880575771364,15.273104000513342,0.92,0
1790037683.9838178,-25.63761065832744,15.061596000414568,-25.63761065832744,15.061596000414568,-25.63761065832744,15.061596000414568,0.92,0
1790037684.0974417,-25.855494037592745,14.850088000315791,-25.855494037592745,14.850088000315791,-25.85549403759274,14.850088000315791,0.92,0
1790037684.1850488,-26.064298938206544,14.627448000086927,-26.064298938206544,14.627448000086927,-26.064298938206544,14.627448000086927,0.92,0
1790037684.2857504,-14.379661545543623,22.7467124136222,-26.064225980673683,14.627402422947473,-24.311541315404174,15.84529892154868,0.15,1
1790037684.3843417,-14.507539722964037,22.568129496070885,-26.06384610022785,14.627189593214764,-24.330400143638276,15.818330578643181,0.15,1
1790037684.4850037,-14.836504460401065,22.34024551177292,-26.063151490613965,14.626850957125484,-24.37915443608203,15.783860140322599,0.15,1
1790037684.5969183,-14.979381122850718,22.14468613661037,-26.06201439776675,14.62637827000427,-24.399619406529343,15.754124449995185,0.15,1
1790037684.686197,-15.010144547980255,22.01056171349807,-26.060807492676542,14.625957834407602,-24.403208050972097,15.733648416271173,0.15,1
1790037684.786274,-15.280270469135331,21.75093221029101,-26.059153885423058,14.625488360202429,-24.442321372979897,15.694304937715716,0.15,1
1790037684.8857963,-15.412653856784226,21.552400276588813,-26.056503883165263,14.624967678174604,-24.459926379208106,15.664082567936735,0.15,1
1790037684.9850547,-15.607870231916612,21.44034813367176,-26.04998156643556,14.624081964817156,-24.483664866257715,15.646521890145348,0.15,1
1790037685.094741,-15.66236415512236,21.281425845544376,-26.034362196512987,14.622056803552496,-24.47856249030439,15.620962159851278,0.15,1
1790037685.186489,-15.980248849331248,21.07514080240689,-26.006962812224156,14.618054859368362,-24.50295571779022,15.58661775082414,0.15,1
1790037685.2874138,-15.984970082402372,20.892709808282557,-25.960591214752146,14.609856097145286,-24.46424804489968,15.552284153815876,0.15,1
1790037685.3883464,-16.00340937671001,20.56981691656844,-25.888412413703378,14.593975540678809,-24.405661958154372,15.490351747062254,0.15,1
1790037685.4838595,-16.19392981534359,20.490490586819767,-25.792187713797627,14.568556283720397,-24.352449029029522,15.456846429185303,0.15,1
1790037685.600627,-16.276848948300547,20.330023742322552,-25.650402041704936,14.525257997809671,-24.244369077694277,15.395972859486603,0.15,1
1790037685.685844,-16.210095780811063,20.060714566834136,-25.513502095112464,14.479348919995637,-24.117991147967253,15.316553767021412,0.15,1
1790037685.787253,-16.261690027261864,19.826805025477984,-25.343251969890748,14.418514780875789,-23.981017678496414,15.229758317566118,0.15,1
1790037685.8878372,-16.166596874816854,19.542944401559694,-25.163968867041945,14.351530722948871,-23.81436306820818,15.130242774740495,0.15,1
1790037685.9878707,-16.18637023277929,19.289811785608432,-24.970161624702484,14.277008528116664,-23.652592915914006,15.028929016740427,0.15,1
1790037686.1031296,-16.211844209786346,19.019152073937526,-24.740120875579716,14.18683572821578,-23.46087937571071,14.911683180074041,0.15,1
1790037686.181774,-16.146728575153276,18.78333130297409,-24.56805444124041,14.118716056654968,-23.30485556132734,14.818408343602835,0.15,1
1790037686.286687,-16.046625892445032,18.45790817896316,-24.358564647752488,14.035368262467397,-23.11177383445637,14.698749249941763,0.15,1
1790037686.386774,-16.062754065898236,18.318788344829105,-24.14762898144547,13.951240522389176,-22.934897744113385,14.606372695755166,0.15,1
1790037686.4866967,-16.05365039263637,17.93742703514525,-23.933691808179955,13.865907854860001,-22.751685595848414,14.476635731902789,0.15,1
1790037686.5938156,-15.962786172583897,17.757059303200347,-23.712028561390824,13.7775911573656,-22.549642203069784,14.374511379240811,0.15,1
1790037686.6863086,-15.92687065323962,17.512555175748552,-23.50933742976791,13.69695423668963,-22.371967413288665,14.269294377548466,0.15,1
1790037686.7824478,-15.846429160696816,17.231852054637407,-23.303430879629524,13.61519834910903,-22.184880621789617,14.157696404938285,0.15,1
1790037686.8865204,-15.810412279283412,17.041395851321752,-23.089772341475573,13.53056289715503,-21.997868332146748,14.057187840280037,0.15,1
1790037687.2855473,-15.66133645615429,16.36103252810719,-22.251227546570536,13.199733436705928,-21.2627438830081,13.673928300416117,0.15,1
1790037687.3567245,-15.544961136076832,15.716975025189244,-22.105028367407222,13.142092112106324,-21.121018282707663,13.528324549068762,0.15,1
1790037687.3891068,-15.603864240246326,15.649501747886571,-22.02587236081634,13.110889463184861,-21.06257114273084,13.491681305890118,0.15,1
1790037687.4885826,-15.649558202849049,15.255112059154762,-21.819156939028563,13.029439585994163,-20.893717128601637,13.363290456968253,0.15,1
1790037687.6033833,-15.593085589923817,15.016931787959008,-21.57325334160877,12.932610158603243,-20.676228178856025,13.24525840300661,0.15,1
1790037687.6864934,-15.450191980691711,14.81088598999241,-21.387362828096997,12.859452304383836,-20.496787200986205,13.152167357225121,0.15,1
1790037687.78678,-15.409070057931276,14.447987563742547,-21.174474874313443,12.775722559168598,-20.30966415185612,13.02656230985469,0.15,1
1790037687.887714,-15.48878086637784,14.25551548307474,-20.95810124845005,12.690776894657162,-20.137703191139217,12.925487682919798,0.15,1
1790037687.987292,-15.347922712994992,13.998340498256688,-20.743384026823193,12.606681007683953,-19.934064829748962,12.815429931269863,0.15,1
1790037688.101355,-15.233175254173576,13.720973599590716,-20.509802084312785,12.515447052755865,-19.7183080597919,12.696276034781093,0.15,1
1790037688.187399,-15.187976491366806,13.45456972598662,-20.314319986467343,12.439291294292728,-19.545368462202262,12.59158305904681,0.15,1
1790037688.2880635,-15.150004134946457,13.14195480468906,-20.095272019919793,12.354175703095553,-19.353481837173792,12.472342568334579,0.15,1
1790037688.3898485,-15.135461533682234,12.921492140563966,-19.883350907938187,12.272050735649836,-19.171167501799793,12.369466946386956,0.15,1
1790037688.491871,-15.03531130288596,12.615380948712462,-19.661792080463794,12.186400606236013,-18.967819963827118,12.25074765760748,0.15,1
1790037688.5983384,-14.997951646047742,12.357852330646995,-19.42989188107268,12.09700665111173,-18.76510084581894,12.13613350304202,0.15,1
1790037688.6921668,-14.983771262278978,12.144346891242668,-19.226725749461533,12.01892923187876,-18.59028257638415,12.037741880783345,0.15,1
1790037688.7915423,-15.0196265167048,11.771682985581185,-19.009554108999122,11.935771656792832,-18.41106497015497,11.911158356111086,0.15,1
1790037688.8871093,-14.947112431876445,11.441018778956824,-18.79435823747466,11.854222894996358,-18.21727136663493,11.792242277590427,0.15,1
1790037688.9886923,-14.84791075528718,11.329566650834222,-18.57043057685244,11.772467911607457,-18.01205260361765,11.706032722491472,0.15,1
1790037689.103734,-14.762621260752416,11.052143596001043,-18.315549360770902,11.688245111009431,-17.78261014576813,11.592829883758172,0.15,1
1790037689.1920776,-14.632339121314445,10.849609489642628,-18.104400327845617,11.628470296929185,-17.583591146865942,11.511641175836202,0.15,1
1790037689.2894242,-14.59701954782697,10.594973888450884,-17.854498503766827,11.571718630715202,-17.365876660375847,11.425206919375553,0.15,1
1790037689.387511,-14.486276656312082,10.252012860826122,-17.57534751283987,11.526091078289618,-17.1119868843607,11.334979345670092,0.15,1
1790037689.4902356,-14.388408524126662,9.999172175300446,-17.27675619607798,11.492579900925744,-16.84350404528528,11.26856874208195,0.15,1
1790037689.6015306,-14.239453003551583,9.848695875292128,-16.91039678925435,11.467841505704655,-16.509755221398933,11.224969661142776,0.15,1
1790037689.689968,-13.975223666316916,9.749298620241255,-16.59475290709401,11.455714206688338,-16.201823520977445,11.199751868721275,0.15,1
1790037689.789821,-13.881101158056556,9.483493430565265,-16.220228659192895,11.448293641110743,-15.869359534022443,11.153573609528921,0.15,1
1790037689.890529,-13.642031170310217,9.288473155356336,-15.822220639383662,11.44566970498554,-15.495192219022645,11.122090222541159,0.15,1
1790037689.9905272,-13.365840570225291,8.984966989208294,-15.417913504334061,11.446159446063257,-15.110102564217744,11.076980577535013,0.15,1
1790037690.1028676,-13.067009088775356,8.862283745711538,-14.957533827705552,11.44922134249849,-14.673955116866022,11.061180702980446,0.15,1
1790037690.186818,-12.899131693919148,8.656429302541984,-14.58788784463003,11.452879642724069,-14.334574422023397,11.033412091696757,0.15,1
1790037690.288102,-12.655644205420302,8.543527923706193,-14.163953585601433,11.457964103380545,-13.937707178574263,11.020798676429392,0.15,1
1790037690.388152,-12.374413674299486,8.361490285708703,-13.737756248400538,11.463717152021568,-13.53325486228538,10.998383122074637,0.15,1
1790037690.489118,-12.088426452443644,8.223197374054033,-13.31594952563669,11.469795258936957,-13.131821064657732,10.982805576204518,0.15,1
1790037690.5977476,-11.870544993934685,7.909197781222514,-12.864849493416724,11.476594459052029,-12.715703818494418,10.941484957377602,0.15,1
1790037690.6919746,-11.544927881417149,7.776254121361339,-12.469167007821195,11.48271116654392,-12.33053113886059,10.926742609766533,0.15,1
1790037690.7921002,-11.284543649420778,7.634947179641714,-12.04610284134189,11.48937472652542,-11.931868962553722,10.911210594492863,0.15,1
1790037690.8918877,-11.088980577130808,7.456050564713156,-11.62473589849093,11.49612772530048,-11.544372600286911,10.890116151212382,0.15,1
1790037690.9919422,-10.726892259268649,7.354254140012124,-11.197806810068005,11.503098639048844,-11.127169627448103,10.880771964193334,0.15,1
1790037691.1026073,-10.557778009975406,7.084991573464329,-10.740538342065033,11.510692561107106,-10.713124292251589,10.84683741296069,0.15,1
1790037691.191919,-10.254734170784792,6.853927291571363,-10.354100404492812,11.51721131007383,-10.339195469436607,10.817718707298459,0.15,1
1790037691.291736,-10.034028678359745,6.717760739084675,-9.933957865725024,11.524418122531062,-9.948968487620231,10.803419515014102,0.15,1
1790037691.3919988,-9.776903557192847,6.489250496313205,-9.510610736340126,11.531854570788816,-9.550554659468034,10.775463959617475,0.15,1
1790037691.487739,-9.616216912764138,6.24871039985412,-9.09037966381441,11.539474241727572,-9.16925525115687,10.745859665446554,0.15,1
1790037691.596358,-9.33041756745671,6.155298577960128,-8.648821928313408,11.547786326235686,-8.751061274184902,10.73891316399435,0.15,1
1790037691.6881175,-9.035304076616717,6.095164532917715,-8.239609853899898,11.5557929333467,-8.35896398730742,10.736698673282351,0.15,1
1790037691.7873733,-8.698678097095847,5.772848891796157,-7.8218202689187075,11.564269889571001,-7.953348943145278,10.695556739904774,0.15,1
1790037691.8890903,-8.477794431601362,5.612965018554259,-7.387368016328197,11.573423580314376,-7.550931978619172,10.679354796050358,0.15,1
1790037691.9897068,-8.25114103801204,5.465703949388963,-6.975480764924263,11.582431393099997,-7.166829805887429,10.664922276543342,0.15,1
1790037692.0997937,-7.933974159279071,5.265852699852142,-6.514060159192584,11.59295654330783,-6.727047259205557,10.643890966789476,0.15,1
1790037692.1899796,-23.440619944494983,-5.911091999471694,-6.118550646826928,11.602323341438728,-8.716861041477136,8.975311040302165,0.15,0
1790037692.2909143,-23.22273656780993,-6.122599999570468,-5.694577691493533,11.612710154424255,-8.323801522940993,8.952413631325046,0.15,0
1790037692.3911338,-23.004853191124887,-6.334107999669243,-5.2636522781241215,11.62362271088156,-7.924832415074237,8.92996310429894,0.15,0
1790037692.4904356,-22.79604828793083,-6.5456159997680174,-4.840924225007876,11.63460466682448,-7.534192834446319,8.907571566835605,0.15,0
1790037692.5957692,-22.578164911245786,-6.757123999866792,-4.38923520602957,11.646579308655967,-7.117574661812002,8.886023812377553,0.15,0
1790037692.6895678,-22.360281534560738,-6.968631999965567,-3.9771302239404935,11.657711461629356,-6.73460292053353,8.863759942390118,0.15,0
1790037692.7904162,-22.14239815787569,-7.180140000064341,-3.5672787745670225,11.668989713259585,-6.353546682063323,8.841620256260995,0.15,0
1790037692.8902297,-21.92451478119064,-7.391648000163116,-3.1313918810534944,11.681648970587274,-5.950360316074066,8.820654424974714,0.15,0
1790037692.990554,-21.7066314045056,-7.592024000131801,-2.703961376588016,11.696811784592702,-5.554361880775653,8.803486416884027,0.15,0
1790037693.0968325,-21.488748027820545,-7.803531999439599,-2.247370196703849,11.720741162112107,-5.133576871371353,8.79210018787935,0.15,0
1790037693.19313,-21.270864651135497,-7.99277600006917,-1.8262194928274806,11.754907537096582,-4.742916266573683,8.792755006521718,0.15,0
1790037693.28798,-21.04390280095946,-8.170887999777676,-1.404861727974244,11.805798206739555,-4.350717888922026,8.80929527576197,0.15,0
1790037693.3882382,-20.807862474712174,-8.326736000016979,-0.9631319554907816,11.88174888291095,-3.9398415333739902,8.85047615047176,0.15,0
1790037693.4927506,-20.571822151045147,-8.449187999866012,-0.4978984350383701,11.987341789626047,-3.508986992439387,8.921862321202237,0.15,0
1790037693.6021535,-20.326703351306872,-8.560507999584956,0.002123184437280712,12.129264351785272,-3.047200795924342,9.025798499079738,0.15,0
1790037693.6921594,-20.06342760458661,-8.638431999704608,-20.06342760458661,-8.638431999704608,-20.06342760458661,-8.638431999704608,0.92,0
1790037693.7922227,-19.791073384375373,-8.69409199956408,-19.791073384375373,-8.69409199956408,-19.791073384375373,-8.69409199956408,0.92,0
1790037693.8921402,-19.50964068809288,-8.738620000084438,-19.50964068809288,-8.738620000084438,-19.50964068809288,-8.738620000084438,0.92,0
1790037693.9913614,-19.219129520899653,-8.772015999683731,-19.219129520899653,-8.772015999683731,-19.219129520899653,-8.772015999683731,0.92,0
1790037694.1028695,-18.92861835112617,-8.79427999994391,-18.92861835112617,-8.79427999994391,-18.92861835112617,-8.79427999994391,0.92,0
1790037694.1927068,-18.638107181352687,-8.805412000074,-18.638107181352687,-8.805412000074,-18.638107181352687,-8.805412000074,0.92,0
1790037694.2876406,-18.33851754066848,-8.827675999543203,-18.33851754066848,-8.827675999543203,-18.33851754066848,-8.827675999543203,0.92,0
1790037694.3923285,-18.038927897404,-8.827675999543203,-18.038927897404,-8.827675999543203,-18.038927897404,-8.827675999543203,0.92,0
1790037694.4930322,-17.73933825413953,-8.838807999673293,-17.73933825413953,-8.838807999673293,-17.73933825413953,-8.838807999673293,0.92,0
1790037694.5920436,-17.439748610875057,-8.849939999803382,-17.439748610875057,-8.849939999803382,-17.439748610875057,-8.849939999803382,0.92,0
1790037694.6921036,-17.140158967610585,-8.849939999803382,-17.140158967610585,-8.849939999803382,-17.140158967610585,-8.849939999803382,0.92,0
1790037694.7928245,-16.84056932434611,-8.861071999933472,-16.84056932434611,-8.861071999933472,-16.84056932434611,-8.861071999933472,0.92,0
1790037694.8913145,-16.531901207590646,-8.861071999933472,-16.531901207590646,-8.861071999933472,-16.531901207590646,-8.861071999933472,0.92,0
1790037694.9907868,-16.232311564326174,-8.861071999933472,-16.232311564326174,-8.861071999933472,-16.232311564326174,-8.861071999933472,0.92,0
1790037695.0987778,-15.932721921061702,-8.861071999933472,-15.932721921061702,-8.861071999933472,-15.932721921061702,-8.861071999933472,0.92,0
1790037695.192109,-15.63313227779723,-8.872204000063562,-15.93279676916823,-8.861061931771236,-15.887847095462579,-8.862733242015084,0.15,0
1790037695.291976,-15.333542634532757,-8.872204000063562,-15.333542634532757,-8.872204000063562,-15.333542634532757,-8.872204000063562,0.92,0
1790037695.3921738,-15.033952993848542,-8.872204000063562,-15.033952993848542,-8.872204000063562,-15.033952993848542,-8.872204000063562,0.92,0
1790037695.492857,-14.73436335058407,-8.872204000063562,-14.73436335058407,-8.872204000063562,-14.73436335058407,-8.872204000063562,0.92,0
1790037695.6015446,-14.434773707319597,-8.883336000193651,-14.434773707319597,-8.883336000193651,-14.434773707319597,-8.883336000193651,0.92,0
1790037695.689722,-14.135184064055125,-8.883336000193651,-14.135184064055125,-8.883336000193651,-14.135184064055125,-8.883336000193651,0.92,0
1790037695.7905262,-13.835594420790652,-8.883336000193651,-13.835594420790652,-8.883336000193651,-13.835594420790652,-8.883336000193651,0.92,0
1790037695.8898964,-13.53600477752618,-8.883336000193651,-13.53600477752618,-8.883336000193651,-13.53600477752618,-8.883336000193651,0.92,0
1790037695.9896696,-13.227336660770716,-8.883336000193651,-13.227336660770716,-8.883336000193651,-13.227336660770716,-8.883336000193651,0.92,0
1790037696.1046271,-12.927747017506244,-8.883336000193651,-12.927747017506244,-8.883336000193651,-12.927747017506244,-8.883336000193651,0.92,0
1790037696.189765,5.119712347779517,3.4495134118845723,-12.927773698784847,-8.883205951334851,-10.220650791800193,-7.033298046851938,0.15,1
1790037696.2902484,5.415813085648147,3.671074961838479,-12.927904341516907,-8.88259206682319,-10.17634672744215,-6.999542012523939,0.15,1
1790037696.3898993,5.784295759745056,3.658278432006403,-12.928174097844291,-8.881389212514327,-10.121303619205888,-7.0004390658362174,0.15,1
1790037696.4904318,6.1267182821215,3.6502544162176576,-12.928586368248498,-8.879651381432312,-10.070290670692998,-7.000165511784816,0.15,1
1790037696.602624,6.483112689595963,3.651305647895817,-12.929233711061691,-8.877105661357161,-10.017381750963041,-6.997843964969214,0.15,1
1790037696.6940808,6.791517631840688,3.712815605166025,-12.92991453848993,-8.874635852070295,-9.971699712940337,-6.9865181334848465,0.15,1
1790037696.7892914,7.134299686573304,3.757346116579512,-12.930818365151994,-8.871640263831662,-9.9210506573932,-6.977292306769986,0.15,1
1790037696.891456,7.590021971824909,3.777552917403471,-12.932096572610835,-8.868107808855575,-9.853778790945473,-6.971258699916717,0.15,1
1790037696.9917686,7.870337644973907,3.8164468299745975,-12.93487993362436,-8.862714066156117,-9.81409729683462,-6.96083993173651,0.15,1
1790037697.099296,8.221654889686619,3.888663049651647,-12.942252733557066,-8.851393491104577,-9.767666590070512,-6.940385009991143,0.15,1
1790037697.1905262,8.480868228335025,3.8787658052169807,-12.955430595165675,-8.832484651739609,-9.73998577164057,-6.92579708319612,0.15,1
1790037697.289883,8.812242024981751,3.888382312101218,-12.978682108622797,-8.798720639166783,-9.710043488582114,-6.895655196476583,0.15,1
1790037697.3912034,9.302128095789271,4.087291635792775,-13.013419519285799,-8.7452902323458,-9.666087377024539,-6.820402952125014,0.15,1
1790037697.4915967,9.50150066970449,4.079881150347749,-13.060828734675185,-8.666066247018858,-9.676479324018233,-6.754174137413867,0.15,1
1790037697.6070995,9.700214142418586,4.267769370591643,-13.12886052478113,-8.541382418787387,-9.704499324701173,-6.620009650380533,0.15,1
1790037697.6903613,10.246424067552336,4.467794538647574,-13.188690616434636,-8.42402137124719,-9.67342341383659,-6.4902489847629745,0.15,1
1790037697.7909322,10.382894752302375,4.648631400607242,-13.262424646091896,-8.271779055273601,-9.715626736332755,-6.333717486891475,0.15,1
1790037697.8901558,10.608554834752796,4.811638618428914,-13.345595261729082,-8.092346480981414,-9.7524727472568,-6.156748716069864,0.15,1
1790037697.9903233,10.967769930004264,5.034783988731473,-13.430496257464895,-7.903889424576309,-9.770756329344522,-5.9630884125801416,0.15,1
1790037698.1033618,11.275777189741898,5.295599028330058,-13.527201651948404,-7.6849400801956556,-9.806754825694858,-5.737859213916798,0.15,1
1790037698.1900346,11.539213947115874,5.463020232311254,-13.60632974943771,-7.503939324795007,-9.834498194954673,-5.5588953912290675,0.15,1
1790037698.2901795,11.81779211493018,5.813726133999996,-13.696744751812135,-7.296116934720027,-9.869564221800788,-5.329640474412023,0.15,1
1790037698.3904583,11.991563422345871,5.933913056690429,-13.785968394688235,-7.090664575015589,-9.919338622133118,-5.136977930259686,0.15,1
1790037698.496437,12.367752633029884,6.205578780564347,-13.881238060310745,-6.871490605585492,-9.94388945630965,-4.909930197663016,0.15,1
1790037698.6013677,12.640610351100696,6.440638639684136,-13.978340017870478,-6.648600793093462,-9.985497462524801,-4.685214878176822,0.15,1
1790037698.6963556,12.907740641369466,6.702405398216668,-14.072945541154553,-6.432014270938865,-10.02584261377595,-4.461851320565534,0.15,1
1790037698.7902372,13.111925166611584,7.017883975127003,-14.156275549699005,-6.241761294851719,-10.066045442252417,-4.2528145043549115,0.15,1
1790037698.8906386,13.348154986240928,7.138652696199054,-14.248526364229537,-6.031804369551309,-10.109024161658969,-4.056235809688754,0.15,1
1790037698.990541,13.60172135180915,7.454214493223131,-14.340761436675283,-5.822608534675173,-10.149389018402617,-3.8310850804904275,0.15,1
1790037699.0911608,13.81319873073536,7.70960722627824,-14.433109670897109,-5.613884600874229,-10.19616341065224,-3.6153608268013584,0.15,1
1790037699.1944396,14.13319215627391,7.971043311715534,-14.528155896732128,-5.399749150453605,-10.228953688781221,-3.394130281128234,0.15,1
1790037699.289447,14.295917923289815,8.118528799523336,-14.620626906474332,-5.192006571219272,-10.28314518200971,-3.1954262656078805,0.15,1
1790037699.394276,14.600713360123407,8.364130024662321,-14.71664273656142,-4.976843659395956,-10.319039322058696,-2.9756976067872145,0.15,1
1790037699.491223,14.953873660806668,8.641352142142074,-14.809808367528762,-4.768561311975052,-10.345256063278446,-2.757074293857483,0.15,1
1790037699.6208036,15.210392541763929,8.8984568220135,-14.927518707110695,-4.50611337643539,-10.4068320197795,-2.495427846668056,0.15,1
1790037699.6909995,15.476536410971924,9.091654896667434,-14.998626581542414,-4.347897139613421,-10.427352132665263,-2.3319643341712926,0.15,1
1790037699.7927043,15.760501416140547,9.421724295780905,-15.091132657899676,-4.1423925748877295,-10.46338754679364,-2.1077750442874343,0.15,1
1790037699.8932102,16.011691940766358,9.662514334587096,-15.188495615854945,-3.9263995459211887,-10.508467482361748,-1.8880624638449461,0.15,1
1790037699.993956,16.265581581125318,9.98262061789674,-15.285760001808153,-3.7108469011212875,-10.553058764368133,-1.6568267732685833,0.15,1
1790037700.1071165,16.519906679143148,10.115964465611404,-15.393623735498478,-3.4722487552706625,-10.606594173302234,-1.4340167721383525,0.15,1
1790037700.1941829,16.73818228948545,10.321177037689916,-15.477958319042552,-3.286064422877254,-10.645537227763352,-1.2449782037921786,0.15,1
1790037700.294243,16.980697178295287,10.585425617991032,-15.574862313903703,-3.0725738281522728,-10.691528390073854,-1.0238739112307769,0.15,1
1790037700.393762,17.297104374221238,10.892337297139196,-15.670820834805442,-2.861701873197324,-10.725632053451438,-0.7985959976468457,0.15,1
1790037700.489741,17.568251697209995,11.08188454411055,-15.768211823129944,-2.6482407766947675,-10.767742295078952,-0.5887219785739701,0.15,1
1790037700.6048126,17.87606537561258,11.41937333444641,-15.876861983047565,-2.4108279296937694,-10.813922879248544,-0.3362977400727425,0.15,1
1790037700.691615,18.07454129129941,11.59113760808932,-15.966800521045053,-2.2148560255814145,-10.860599249193385,-0.1439569805308043,0.15,1
1790037700.7913527,18.376848656478263,11.890146392442366,-16.064414567920657,-2.0027114963233794,-10.898225084260819,0.08121718699148239,0.15,1
1790037700.8948698,18.536703525244683,12.12448166664871,-16.16447659016184,-1.786319701988445,-10.95929957285086,0.30030050330712843,0.15,1
1790037700.9947066,18.88008550624062,12.339894370988276,-16.265463194024314,-1.5721597291060538,-10.993630888984573,0.5146483859080957,0.15,1
1790037701.1039157,19.138956083653937,12.561229832449994,-16.37891842192126,-1.3457965048875122,-11.051237246084979,0.7402574457131137,0.15,1
1790037701.191175,19.438886822886637,12.93790637972734,-16.48060949374846,-1.1627822921880322,-11.092685046253196,0.9523210085992735,0.15,1
1790037701.292486,19.599893059506737,13.128923348656542,-16.603381263403627,-0.9731201355250626,-11.172890114967071,1.142186387102178,0.15,1
1790037701.392839,19.713836454894484,13.265581319007069,-16.743477807842112,-0.7994265259378863,-11.274880668431623,1.310324650803857,0.15,1
1790037701.4925492,20.03206284164335,13.471086912205802,-16.90226001130999,-0.6439745988443695,-11.362111583366989,1.4732846278131562,0.15,1
1790037701.6063929,20.27460189152785,13.808453221092234,-17.107424348190904,-0.4943230673930676,-11.500120412233091,1.6510933758797275,0.15,1
1790037701.6938765,20.34106893570152,13.819274358425396,-17.2848654208571,-0.39685821754066647,-11.640975267373305,1.735561668854243,0.15,1
1790037701.7929945,20.560250930828307,14.076002384006696,-17.500967755288972,-0.30763903132487075,-11.79178495237138,1.849907180974864,0.15,1
1790037701.8924162,20.608852500027364,14.12003796306658,-17.74326997309448,-0.2361264971093751,-11.990451602126203,1.9172981719170181,0.15,1
1790037702.2864869,21.06366010281545,14.27193597422112,-18.834937202244607,-0.08685124142489425,-12.8501476064856,2.066966840922008,0.15,1
1790037702.3566058,21.015632319209804,14.44653073224223,-19.02332268528909,-0.0648479820538202,-13.017479434614257,2.111858825090587,0.15,1
1790037702.3904755,21.079381514101737,14.53112925909656,-19.142289490249162,-0.05163148708246887,-13.109038839596526,2.1357826248443854,0.15,1
1790037702.4909637,21.1759614559621,14.447465685189202,-19.42893123717319,-0.022967383706397358,-13.3381973332029,2.1475975766279425,0.15,1
1790037702.6065495,21.26461534567343,14.558247219268338,-19.755107416350942,0.005883320065524295,-13.602149002047287,2.1887379049459463,0.15,1
1790037702.6882994,21.351825028971493,14.595010682265514,-20.001864626483286,0.026093845152893116,-13.798811178165067,2.211431370719786,0.15,1
1790037702.7884817,21.30551062294391,14.699055961955477,-20.29651914511757,0.04902117667769061,-14.056214679908349,2.2465263944693583,0.15,1
1790037702.88739,21.43317869034193,14.739575192639084,-20.583188309979434,0.07048416537472471,-14.28073325993123,2.270847819464379,0.15,1
1790037702.991819,21.362078440887984,14.79114275703509,-20.87613363585274,0.09190392304747498,-14.540401824341629,2.296789748145617,0.15,1
1790037703.1074913,21.46057332281212,14.815813001172344,-21.226260144994107,0.11703146068715427,-14.823235124823174,2.3218486917599326,0.15,1
1790037703.191209,21.48224857915225,14.866308445455248,-21.48173991141564,0.1351519630122014,-15.037141637830457,2.344825435378658,0.15,1
1790037703.2911642,21.562232401531624,14.814259733381558,-21.778318473111312,0.15599403491635966,-15.27723584191487,2.354733889686139,0.15,1
1790037703.3913355,21.69656515572726,14.936079239180032,-22.0735992630371,0.1765522696730428,-15.508074600222447,2.390481315099091,0.15,1
1790037703.4918687,21.679586517709996,15.031154056474628,-22.365933952759946,0.19665746042669208,-15.759105882189452,2.4218319498338823,0.15,1
1790037703.599617,21.74121006610171,15.00841361910194,-22.68168677531665,0.2179882397698502,-16.018252249103895,2.4365520466696635,0.15,1
1790037703.6875782,21.819920516119083,15.006096420609802,-22.954647817264327,0.23603629945438948,-16.238462567256814,2.4515453176277013,0.15,1
1790037703.792022,21.88136486413697,15.046350997571883,-23.25901833428848,0.25564323016068435,-16.487960854524662,2.474249395272364,0.15,1
1790037703.8924303,21.88657593957736,15.17571085324556,-23.55516048548945,0.2741233863569322,-16.738900021729428,2.5093615063902264,0.15,1
1790037703.9921904,21.90415974512391,15.032403715127783,-23.85680688580927,0.29233739893515237,-16.992661891169295,2.503347346364047,0.15,1
1790037704.1075456,22.09343199239672,15.320208162338254,-24.20061982757365,0.31226371540245895,-17.256512054578096,2.563455382442828,0.15,1
1790037704.1918552,0.4176098063881152,0.0779240001196512,-24.45736800638402,0.3265734124262082,-20.7261213344682,0.2892760005802246,0.15,0
1790037704.2920797,0.4176098063881152,0.0779240001196512,-24.76041222033749,0.3428156980822282,-20.98370891632865,0.30308194338784167,0.15,0
1790037704.3887186,0.4176098063881152,0.0779240001196512,-25.0611182303868,0.35821186707131314,-21.239309024870565,0.3161686870285639,0.15,0
1790037704.4918618,0.4176098063881152,0.0779240001196512,-25.368409718073007,0.37327153814974634,-21.50050678940384,0.32896940744523206,0.15,0
1790037704.610083,0.4176098063881152,0.0779240001196512,-25.71970474199482,0.3896165552966414,-21.799107559737383,0.3428626720200929,0.15,0
1790037704.690759,0.4176098063881152,0.0779240001196512,-25.974828833660613,0.40095947582651476,-22.015963037653304,0.3525041544704852,0.15,0
1790037704.7913072,0.4085313328971252,0.0779240001196512,-26.277269322668392,0.4138406479398749,-22.274399224333564,0.36345315076684137,0.15,0
1790037704.8908775,0.4085313328971252,0.0779240001196512,-26.57965675628274,0.4261764463198844,-22.53142854290576,0.3739385793898494,0.15,0
1790037704.9899075,0.3994528594061352,0.0779240001196512,-26.882419419316992,0.438058263662612,-22.79013857750852,0.3840381241311679,0.15,0
1790037705.0888746,0.3994528594061352,0.0779240001196512,-27.184335997477998,0.44950668570936464,-23.046767668945378,0.3937692828709076,0.15,0
1790037705.1882763,0.3903743833348876,0.0779240001196512,-27.48775032976936,0.46065249980886236,-23.30603162280372,0.4032432248554807,0.15,0
1790037705.2872975,0.3903743833348876,0.0779240001196512,-27.790847715141936,0.47146078061674596,-23.56366440037041,0.41243026354218176,0.15,0
1790037705.3920684,0.3812959098438976,0.0667919999895616,-28.09633995992493,0.48205302135501094,-23.824694579459603,0.4197638681501935,0.15,0
1790037705.491339,0.3812959098438976,0.0667919999895616,-28.414253716383946,0.49277422248449715,-24.09492127244977,0.4288768891102568,0.15,0
1790037705.5911264,0.3722174363529076,0.0667919999895616,-28.71915329884699,0.5027910795742014,-24.355447688567004,0.43739121763650546,0.15,0
1790037705.6905837,0.3722174363529076,0.0667919999895616,-29.02472224075411,0.5125878330698722,-24.615181289188058,0.4457184581078256,0.15,0
1790037705.7897012,0.3631389628619176,0.0667919999895616,-29.328206266764987,0.5220949259655752,-24.874504482320948,0.4537994870691731,0.15,0
1790037705.891978,0.3540604893709276,0.055659999859472,-29.633280319191687,0.5314382090372864,-25.135179197907295,0.4600714776606143,0.15,0
1790037705.989075,0.3540604893709276,0.055659999859472,-29.941883552163258,0.5406938475990267,-25.39749194593313,0.4679387704380935,0.15,0
1790037706.103804,0.3449820132996801,0.055659999859472,-30.28052021109466,0.5506341860101658,-25.68669487743551,0.4763880580875617,0.15,0
1790037706.1881938,0.3449820132996801,0.055659999859472,-30.55258292122732,0.5584668556875809,-25.91794818104827,0.4830458273133646,0.15,0
1790037706.291751,0.3449820132996801,0.055659999859472,0.3449820132996801,0.055659999859472,0.3449820132996801,0.055659999859472,0.92,0
1790037706.3903823,0.3359035398086901,0.0445280005203585,0.3359035398086901,0.0445280005203585,0.3359035398086901,0.0445280005203585,0.92,0
1790037706.4908752,0.3359035398086901,0.0445280005203585,0.3359035398086901,0.0445280005203585,0.3359035398086901,0.0445280005203585,0.92,0
1790037706.6037683,0.3268250663177001,0.0445280005203585,0.3268250663177001,0.0445280005203585,0.3268250663177001,0.0445280005203585,0.92,0
1790037706.6910398,0.3268250663177001,0.0445280005203585,0.3268250663177001,0.0445280005203585,0.3268250663177001,0.0445280005203585,0.92,0
1790037706.7910953,0.3268250663177001,0.0445280005203585,0.3268250663177001,0.0445280005203585,0.3268250663177001,0.0445280005203585,0.92,0
1790037706.8920028,0.3177465928267101,0.0445280005203585,0.3177465928267101,0.0445280005203585,0.3177465928267101,0.0445280005203585,0.92,0
1790037706.9916766,0.3177465928267101,0.0445280005203585,0.3177465928267101,0.0445280005203585,0.3177465928267101,0.0445280005203585,0.92,0
1790037707.109405,0.3177465928267101,0.0333960003902689,0.3177465928267101,0.0333960003902689,0.3177465928267101,0.0333960003902689,0.92,0
1790037707.188716,0.3086681167554626,0.0333960003902689,0.3086681167554626,0.0333960003902689,0.3086681167554626,0.0333960003902689,0.92,0
1790037707.2921093,0.3086681167554626,0.0333960003902689,0.3086681167554626,0.0333960003902689,0.3086681167554626,0.0333960003902689,0.92,0
1790037707.3919983,0.3086681167554626,0.0333960003902689,0.3086681167554626,0.0333960003902689,0.3086681167554626,0.0333960003902689,0.92,0
1790037707.4918272,0.3086681167554626,0.0333960003902689,0.3086681167554626,0.0333960003902689,0.3086681167554626,0.0333960003902689,0.92,0
1790037707.6038811,0.3086681167554626,0.0333960003902689,0.3086681167554626,0.0333960003902689,0.3086681167554626,0.0333960003902689,0.92,0
1790037707.6902072,0.2995896432644726,0.0333960003902689,0.2995896432644726,0.0333960003902689,0.2995896432644726,0.0333960003902689,0.92,0
1790037707.7908585,0.2995896432644726,0.0333960003902689,0.2995896432644726,0.0333960003902689,0.2995896432644726,0.0333960003902689,0.92,0
1790037707.8928092,0.2995896432644726,0.0333960003902689,0.2995896432644726,0.0333960003902689,0.2995896432644726,0.0333960003902689,0.92,0
1790037707.9929633,0.2995896432644726,0.0333960003902689,0.2995896432644726,0.0333960003902689,0.2995896432644726,0.0333960003902689,0.92,0
1790037708.110223,0.2995896432644726,0.0333960003902689,0.2995896432644726,0.0333960003902689,0.2995896432644726,0.0333960003902689,0.92,0
1790037708.188787,23.871417369272525,16.444782191094266,0.29958429371862966,0.033341500857162115,3.8353592550517135,2.495057604392728,0.15,1
1790037708.288798,23.925311217010357,16.561731355380065,0.2995556113577647,0.0330712819088142,3.843418952205653,2.5123702929295018,0.15,1
1790037708.388373,23.980279366473216,16.55464135761853,0.2994890738168124,0.03256651735785888,3.8516076177152727,2.510877743396959,0.15,1
1790037708.4882903,24.067862146931837,16.670922292274167,0.29935224084837747,0.031823345217058444,3.864628726760896,2.5276881872756247,0.15,1
1790037708.6041408,24.021103287902665,16.71952621257209,0.29904349310110473,0.03066425030800918,3.8573524623213387,2.5339935446476214,0.15,1
1790037708.691528,24.241407920745694,16.72323837832497,0.298653263069296,0.029536674752816662,3.8900664617207554,2.53359193028864,0.15,1
1790037708.7923107,24.17144119337078,16.742224127012793,0.2980554580819776,0.028111744490526638,3.8790633183752976,2.535228601868867,0.15,1
1790037708.8927846,24.2684523207198,16.69736837774411,0.29721989390942505,0.02643463291550579,3.8929047579309812,2.527074694639796,0.15,1
1790037708.9922264,24.29478377342736,16.79860123306066,0.2961984452575089,0.024622173011861863,3.895986244482986,2.5407190320191813,0.15,1
1790037709.1032016,24.43349885828764,16.83647547209963,0.2947434590250896,0.02232825123591064,3.9155567689144717,2.5444503343654685,0.15,1
1790037709.193433,24.46884993880372,16.821049843220578,0.2933435452685924,0.020318336252460087,3.919669504298861,2.5404280622976776,0.15,1
1790037709.2886114,24.46159784829266,16.924962131991343,0.29158140833514673,0.01798094695179963,3.9170838743287733,2.554028124707731,0.15,1
1790037709.3887532,24.43800132582509,16.952325298100973,0.2895603282368754,0.015492470979891584,3.9118264778751075,2.5560173950480536,0.15,1
1790037709.4888022,24.59125284505681,16.96169736297363,0.28734243391506203,0.01292800904088171,3.932928995586324,2.555243412130794,0.15,1
1790037709.5986643,24.500025023710485,17.014817390217374,0.28469297170669383,0.010047435818292958,3.9169927795072623,2.5607629289781553,0.15,1
1790037709.6894324,24.584113725657616,17.02981595020522,0.2821506585053504,0.0074162679152476405,3.92744511857819,2.560776220258743,0.15,1
1790037709.7937958,24.66737073427817,16.997566632842922,0.27920314539650226,0.0044826191109542095,3.937428283728752,2.5534452211707492,0.15,1
1790037709.8903108,24.638103452168345,17.140167802713982,0.27614061189371814,0.0015182260393817029,3.930435037934912,2.572315662540572,0.15,1
1790037709.9903483,24.74191802465208,17.02225476122868,0.2729408922035104,-0.0015428540739324806,3.9432874620707956,2.5520267882214593,0.15,1
1790037710.1075258,24.864887867818165,17.204436613132124,0.26903538653722253,-0.005274453689115189,3.958413258729364,2.5761822063340705,0.15,1
1790037710.1892438,24.830115589104977,17.153099515333825,0.2660322351388986,-0.008161784965661343,3.9506447382338106,2.5660274100792613,0.15,1
1790037710.2886186,24.95644155326984,17.270607973263452,0.26241260466979166,-0.011693318696121845,3.966516946959799,2.5806518750978142,0.15,1
1790037710.3887565,25.0829981959639,17.308611932826743,0.2586116834878151,-0.01550568243706526,3.982269660359228,2.583111959852506,0.15,1
1790037710.4912145,25.03361044707505,17.31451660315748,0.25465748149191747,-0.01961386877415879,3.9715004263293867,2.5805057020155866,0.15,1
1790037710.6071138,25.11202758448878,17.394003532610107,0.2501616914909806,-0.024502951837748737,3.9794415754406502,2.5882730208294293,0.15,1
1790037710.6886384,25.173843672377103,17.364739483961817,0.2468402948831617,-0.028270005620352884,3.985890801507253,2.5806814178169724,0.15,1
1790037710.791257,25.139923119054536,17.40216618828693,0.24270841065470222,-0.03315988483780558,3.977290616914677,2.5821390261309047,0.15,1
1790037710.8905883,25.250054080031543,17.5352245518564,0.2385598700005926,-0.03830338387662188,3.990284001505235,2.597725806483331,0.15,1
1790037710.989737,25.23630271021584,17.47318877557313,0.2343622830064249,-0.043736143054097516,3.9846533470878365,2.5838025947399865,0.15,1
1790037711.1028,25.33051799911093,17.52104950186746,0.2296646810499153,-0.05006154092790148,3.9947926787590675,2.585605115491403,0.15,1
1790037711.1904476,25.40549488458795,17.450912297490895,0.22561696849539342,-0.05566807814409924,4.002598655909276,2.5703189782011497,0.15,1
1790037711.2906003,25.365781138160354,17.558847493226416,0.22110718371348065,-0.062044732795543886,3.9928082768805115,2.58108910110775,0.15,1
1790037711.3913405,25.340611511558805,17.584455708699508,0.21638584626286458,-0.06882491919805647,3.9850196960572557,2.579167174986578,0.15,1
1790037711.4918172,25.46025494345066,17.646029052957427,0.2115946308245479,-0.07575521927044786,3.9988936777184643,2.582512421563733,0.15,1
1790037711.601343,25.61549195489684,17.681524062844353,0.2063897155741419,-0.08328238590348641,4.017755051472546,2.581438581408689,0.15,1
1790037711.6926515,25.55318034703915,17.722352843030023,0.20145480830138202,-0.09037334494208397,4.004213639112047,2.581535583253732,0.15,1
1790037711.7909226,25.705479113090085,17.710222232531464,0.19624157393944838,-0.09777587880525565,4.022627204812044,2.5734238378952523,0.15,1
1790037711.891256,25.656804699322223,17.821476963685235,0.19074732053785554,-0.10545076143673894,4.0106559273555105,2.583588397331557,0.15,1
1790037711.991742,25.740644527660912,17.860505523081667,0.18506605850680682,-0.11324539906235846,4.018402828879923,2.5828172392592452,0.15,1
1790037712.106002,25.807196878075302,17.902536644809754,0.17864927528765856,-0.1218892506385854,4.022931415705806,2.5817746336786653,0.15,1
1790037712.1903234,25.79756847168894,17.895868042713168,0.17335372667292182,-0.12891631908454151,4.016985938425324,2.5748013351851147,0.15,1
1790037712.2906122,25.888078975393437,17.87019172793819,0.16728593693256688,-0.13687136476510955,4.025404892701697,2.564188099140386,0.15,1
1790037712.3906488,25.869606700321786,17.999700915086066,0.16113467014692462,-0.14485882865475785,4.017405474673153,2.576825132906366,0.15,1
1790037712.4900668,25.97909601644745,17.948513716677553,0.15495775571637901,-0.15283968697735012,4.028578494826039,2.5623633235708856,0.15,1
1790037712.6120422,26.051784538436333,18.098006010318773,0.147604205567694,-0.1623202325957879,4.03323125549799,2.5767287038413964,0.15,1
1790037712.6887558,25.980260635701857,17.993173787867228,0.14241119780571387,-0.16901534708552113,4.018088613490135,2.5553130231573915,0.15,1
1790037712.792349,26.099068428265053,18.176715888225065,0.13582257615536103,-0.17752160428459707,4.030309453971815,2.575614019591852,0.15,1
1790037712.8932304,26.208924392116504,18.176740701959854,0.12948704798461727,-0.18572052633125632,4.0414026496044,2.56864865791241,0.15,1
1790037712.988727,26.184722764873246,18.115262824639814,0.12300282419676178,-0.1941340312506374,4.032260815298234,2.5522754971329302,0.15,1
1790037713.109213,26.32333931893251,18.215618100497704,0.11530878046797077,-0.20414541562002686,4.046513361237651,2.5588191117976327,0.15,1
1790037713.1944125,26.370260310062164,18.23264184022806,0.10953099285160389,-0.21167397257857487,4.048640390433188,2.55497339934242,0.15,1
1790037713.2930632,26.40521650598569,18.283881572087918,0.1024212637352805,-0.22094141370968004,4.047840550072841,2.5547820341599596,0.15,1
1790037713.3932145,26.47942117460861,18.35079268753792,0.0953468065796217,-0.23015586943845842,4.05295796178397,2.556986414107998,0.15,1
1790037713.4930928,26.40862851909352,18.232451553143047,0.08816411876838093,-0.23949506197652015,4.036233778817151,2.531296930291415,0.15,1
1790037713.6027694,26.58453600162061,18.43081398329936,0.08033744992726993,-0.24962424263688104,4.055967232681271,2.552441491253555,0.15,1
1790037713.693081,26.527804904065267,18.30951629668663,0.07309598463183851,-0.2589287280601585,4.041302322546852,2.5263380256518597,0.15,1
1790037713.793776,26.633278570622267,18.483703791729862,0.06546414139640502,-0.2686502397541592,4.0506363057802846,2.544202864968444,0.15,1
1790037713.8938866,26.767410003295613,18.497429383934225,0.05746651905610243,-0.2787352623772377,4.063958041692029,2.5376894345694816,0.15,1
1790037713.9929936,26.707654676633343,18.46106524748684,0.048960612463948,-0.28934542167256905,4.047764722089357,2.5232161787013423,0.15,1
1790037714.111848,26.785229031194277,18.53166183551825,0.03926481693843409,-0.3012875307069529,4.05115944907681,2.5236548742268274,0.15,1
1790037714.193662,26.77411384226058,18.67721873818249,0.03210328199130013,-0.3100107827661715,4.0434048660316915,2.538073645376128,0.15,1
1790037714.2937813,26.96333344093629,18.666039050612305,0.023320441351933525,-0.3205915137991678,4.064322391289586,2.5274030708625532,0.15,1
1790037714.3933363,26.876962917653294,18.68624902927823,0.014108393702863795,-0.33155101802034326,4.0435365722954275,2.5211189890744423,0.15,1
1790037714.4929392,27.00394072803833,18.69990328310664,0.005021882175328788,-0.3422309456532054,4.054859709054779,2.5140891886607712,0.15,1
1790037714.6116185,27.092772498293424,18.75038754387191,-0.005536245051269314,-0.3544872120579164,4.059210066450435,2.5112440013315576,0.15,1
1790037714.6899428,27.10578566184744,18.77741929079293,-0.013504280733632239,-0.3636599785220924,4.054389210653529,2.5075019118751607,0.15,1
1790037714.7941542,27.137043475040254,18.692257318254317,-0.023099647975390245,-0.37464581301016153,4.050921820476956,2.48538965667951,0.15,1
1790037714.8935232,27.173023974322643,18.787825723827844,-0.03275833415873128,-0.3856599966186962,4.048109012113475,2.4903628614482844,0.15,1
1790037714.993786,27.15412919860099,18.93423120809252,-0.042457290615630784,-0.3967041519173329,4.037030682766862,2.502936152084145,0.15,1
1790037715.1100726,27.361724816003235,18.95812093047327,-0.053766793565395196,-0.4096096084433246,4.058556947869899,2.4955499723941648,0.15,1
1790037715.1942208,27.329393806383088,18.986650400496316,-0.062193093111877415,-0.4192677386968083,4.046544941812367,2.49161998218216,0.15,1
1790037715.29518,27.36685640525035,18.96400373394225,-0.0721800400925601,-0.4307855445092969,4.043675426708876,2.4784328472584347,0.15,1
1790037715.3951356,27.360707457883223,19.008112727240324,-0.08216732426362532,-0.4424017061103915,4.034263893058402,2.475175458892216,0.15,1
1790037715.4945138,27.46724379150382,18.95733112113309,-0.09217431409526905,-0.45414325187387683,4.0417384017445945,2.4575779040771684,0.15,1
1790037715.6095722,27.518214844491705,19.05807412861024,-0.10366244805751353,-0.46776747953017306,4.039619145824869,2.4611087616908884,0.15,1
1790037715.693715,27.65200826702204,19.13572871210206,-0.11285287563219634,-0.4787800453835214,4.051876295765939,2.463396268239316,0.15,1
1790037715.794402,27.612189153852963,19.13810835278801,-0.12279546586984984,-0.4908151045150124,4.037452227088572,2.4535234140804407,0.15,1
1790037715.8923569,27.66197151824042,19.149234091987143,-0.133369231450516,-0.5037613267105091,4.035931881003124,2.4441879860941387,0.15,1
1790037715.989813,27.653538415004004,19.18536635107019,-0.1434783293400103,-0.5162547409160542,4.026074182311592,2.4389884228818826,0.15,1
1790037716.1046443,27.72679339389092,19.16992185345133,-0.15530611409005649,-0.5309964979184388,4.0270088121070895,2.4241412547870267,0.15,1
1790037716.1911733,0.2814326962824926,-0.0111320001300896,-0.16494592827914067,-0.5430748355806271,-0.0979891345948957,-0.4632834102630464,0.15,0
1790037716.2913144,0.2814326962824926,-0.0111320001300896,-0.17567838263566884,-0.5565558727951309,-0.10711172079794462,-0.47474229189537465,0.15,0
1790037716.3912656,0.2814326962824926,-0.0111320001300896,-0.18656070205160077,-0.5702287220391116,-0.11636169230148677,-0.4863642137527583,0.15,0
1790037716.4919486,0.2814326962824926,-0.0111320001300896,-0.19767510798990082,-0.584151442876989,-0.1258089373490418,-0.49819852646495405,0.15,0
1790037716.6096373,0.2814326962824926,-0.0111320001300896,-0.21029069921919868,-0.5998532435038423,-0.136532189893945,-0.5115450569977794,0.15,0
1790037716.6934752,0.2814326962824926,-0.0111320001300896,-0.22024822131104896,-0.6121408754287291,-0.14499608367201772,-0.5219895441339332,0.15,0
1790037716.7942195,0.2814326962824926,-0.0111320001300896,-0.2314036916715829,-0.6257451894894441,-0.15447823347847156,-0.533553211085541,0.15,0
1790037716.894111,0.2814326962824926,-0.0111320001300896,-0.24310838181944522,-0.6397869741802027,-0.16442722010415456,-0.5454887280726857,0.15,0
1790037717.2895243,0.2814326962824926,-0.0222639994692031,-0.2919614211503948,-0.6943194831379568,-0.2059523035354617,-0.5935111605876437,0.15,0
1790037717.3591695,0.2814326962824926,-0.0222639994692031,-0.30035122554068744,-0.7035478060437725,-0.21308363726721044,-0.6013552350575871,0.15,0
1790037717.3953292,0.2814326962824926,-0.0222639994692031,-0.3059212014797465,-0.7096439540572929,-0.2178181168154106,-0.6065369608690794,0.15,0
1790037717.4926512,0.2814326962824926,-0.0222639994692031,-0.3181781332014975,-0.7229204974729667,-0.22823650877889898,-0.6178220227724022,0.15,0
1790037717.6048532,0.2814326962824926,-0.0222639994692031,-0.332275808047159,-0.7380074453860974,-0.24021953239771124,-0.6306459284985633,0.15,0
1790037717.6948445,0.2814326962824926,-0.0222639994692031,-0.34436308449200514,-0.7508398773948869,-0.2504937173758304,-0.6415534957060343,0.15,0
1790037717.7941496,0.2814326962824926,-0.0222639994692031,-0.35726706976107714,-0.7644655954629546,-0.26146210485454163,-0.6531353560638918,0.15,0
1790037717.893998,0.2814326962824926,-0.0222639994692031,-0.3706606697898887,-0.7785380237678344,-0.2728466648790315,-0.6650969201230397,0.15,0
1790037717.991873,0.2814326962824926,-0.0222639994692031,-0.3841707436977025,-0.7926593513407401,-0.2843302277006732,-0.6771000485600095,0.15,0
1790037718.1061387,0.2814326962824926,-0.0222639994692031,-0.39918586707147896,-0.8082626374516402,-0.2970930825683832,-0.6903628417542746,0.15,0
1790037718.193236,0.2814326962824926,-0.0222639994692031,-0.4110445148731456,-0.8205195678146782,-0.3071729331997998,-0.7007812325628568,0.15,0
1790037718.2928207,0.2814326962824926,-0.0222639994692031,-0.42498226430395314,-0.834846915348283,-0.31902002021598624,-0.712959477966421,0.15,0
1790037718.393365,0.2814326962824926,-0.0222639994692031,-0.43878256713797786,-0.8489492761574908,-0.3307502776249073,-0.7249464846542476,0.15,0
1790037718.4957843,0.2814326962824926,-0.0222639994692031,-0.4524602063173908,-0.8628432351906037,-0.34237627092740824,-0.7367563498323936,0.15,0
1790037718.6071002,0.2814326962824926,-0.0222639994692031,-0.4680797649811592,-0.8786029436073042,-0.3556528957916114,-0.750152101986589,0.15,0
1790037718.6933186,0.2814326962824926,-0.0222639994692031,0.2814326962824926,-0.0222639994692031,0.2814326962824926,-0.0222639994692031,0.92,0
1790037718.793825,0.2814326962824926,-0.0222639994692031,0.2814326962824926,-0.0222639994692031,0.2814326962824926,-0.0222639994692031,0.92,0
1790037718.8926094,0.2814326962824926,-0.0222639994692031,0.2814326962824926,-0.0222639994692031,0.2814326962824926,-0.0222639994692031,0.92,0
1790037718.992862,0.2814326962824926,-0.0222639994692031,0.2814326962824926,-0.0222639994692031,0.2814326962824926,-0.0222639994692031,0.92,0
1790037719.1108673,0.2814326962824926,-0.0222639994692031,0.2814326962824926,-0.0222639994692031,0.2814326962824926,-0.0222639994692031,0.92,0
1790037719.1936812,0.2814326962824926,-0.0222639994692031,0.2814326962824926,-0.0222639994692031,0.2814326962824926,-0.0222639994692031,0.92,0
1790037719.2938764,0.2814326962824926,-0.0222639994692031,0.2814326962824926,-0.0222639994692031,0.2814326962824926,-0.0222639994692031,0.92,0
1790037719.3918233,0.2814326962824926,-0.0222639994692031,0.2814326962824926,-0.0222639994692031,0.2814326962824926,-0.0222639994692031,0.92,0
1790037719.4926736,0.2814326962824926,-0.0222639994692031,0.2814326962824926,-0.0222639994692031,0.2814326962824926,-0.0222639994692031,0.92,0
1790037719.6080697,0.2814326962824926,-0.0222639994692031,0.2814326962824926,-0.0222639994692031,0.2814326962824926,-0.0222639994692031,0.92,0
1790037719.6943398,0.2814326962824926,-0.0222639994692031,0.2814326962824926,-0.0222639994692031,0.2814326962824926,-0.0222639994692031,0.92,0
1790037719.7928965,0.2814326962824926,-0.0222639994692031,0.2814326962824926,-0.0222639994692031,0.2814326962824926,-0.0222639994692031,0.92,0
1790037719.8921654,0.2814326962824926,-0.0222639994692031,0.2814326962824926,-0.0222639994692031,0.2814326962824926,-0.0222639994692031,0.92,0
1790037719.9911375,0.2814326962824926,-0.0222639994692031,0.2814326962824926,-0.0222639994692031,0.2814326962824926,-0.0222639994692031,0.92,0
1790037720.1046443,0.2814326962824926,-0.0222639994692031,0.2814326962824926,-0.0222639994692031,0.2814326962824926,-0.0222639994692031,0.92,0
1790037720.1957943,29.80042375135785,20.64882122222405,0.2814077359128047,-0.02228295014751436,4.709260138229561,3.0783826757082204,0.15,1
1790037720.2957318,29.734645659519515,20.657516813412336,0.2812924776895815,-0.02236759322360231,4.699295454964071,3.079615067771788,0.15,1
1790037720.3911169,29.92064703170247,20.749438610939325,0.2810772465806292,-0.022511354149292184,4.727012714348905,3.093281140614,0.15,1
1790037720.4907212,29.97110847765526,20.732701515477256,0.2807341049622888,-0.022715962993705287,4.734290260866234,3.0905966587769385,0.15,1
1790037720.6131136,29.93771916777584,20.71869175724781,0.28014383114444386,-0.023029705270096783,4.7287801316391525,3.088228514107589,0.15,1
1790037720.692919,30.03642532063774,20.8193053895964,0.27961181863929224,-0.023293252119527926,4.7431338439390585,3.1030965441378613,0.15,1
1790037720.793198,30.132847925294858,20.8898510052046,0.27884965307271,-0.023657330333823515,4.756949393906032,3.1133689199969403,0.15,1
1790037720.8951156,30.11196149655969,20.80771621642722,0.27797705091136027,-0.024067536995156832,4.75307471775861,3.1007000260182,0.15,1
1790037720.995327,30.15187061454836,20.915275402502207,0.2769567711881152,-0.024546788522405445,4.758193847692152,3.1164265401312865,0.15,1
1790037721.0950968,30.206757778597037,20.909854511728035,0.27584572669537594,-0.02507168106723131,4.7654825344806255,3.115167247852059,0.15,1
1790037721.1956902,30.278946920012743,20.948170107782143,0.2745332612020666,-0.02569243149073586,4.775195310023667,3.120386949400196,0.15,1
1790037721.2954674,30.283939004145417,21.02327855451187,0.27313152496377946,-0.026343799597252998,4.7747526468410255,3.1310995535191153,0.15,1
1790037721.394235,30.343786048382764,21.053901565189804,0.2715281876939484,-0.02706296745131751,4.782366866797271,3.1350817124448507,0.15,1
1790037721.494601,30.42687494377977,21.01926547902575,0.2698300735352623,-0.027789146045870357,4.793386804071939,3.129269047714873,0.15,1
1790037721.6089206,30.445339748640848,21.18746838057632,0.2677332599700312,-0.028632639404694328,4.794374233270654,3.153782513592458,0.15,1
1790037721.6942542,30.453238537920235,21.039114011537556,0.2659957891065505,-0.02929638199906958,4.794082201428603,3.1309651770314244,0.15,1
1790037721.792514,30.46654414737006,21.180217978175357,0.26389796969398294,-0.030070984445084978,4.794294896345394,3.1514723599479812,0.15,1
1790037721.8915837,30.60987410586209,21.20697632934172,0.2616597637740208,-0.03088210807690133,4.813891915087231,3.154796657535892,0.15,1
1790037721.9921255,30.718453160786407,21.113816205212828,0.2593034218626556,-0.03173403026357231,4.828175882701218,3.1400985050578876,0.15,1
1790037722.105071,30.733052113230844,21.36439958288592,0.25666332530061203,-0.03269983475375924,4.828121643490147,3.1768650778921925,0.15,1
1790037722.192736,30.699952882284297,21.29750684001524,0.2543062963005815,-0.03357750094362311,4.821153284198139,3.1660851502002063,0.15,1
1790037722.292654,30.767806207493063,21.306166273248408,0.2516487058166354,-0.03458835521230483,4.829072331068099,3.166524839056802,0.15,1
1790037722.3927803,30.83834888462756,21.456715880003976,0.2488710792084048,-0.03566559770837952,4.837292750021278,3.1881916239484736,0.15,1
1790037722.492831,30.995705353914463,21.402976684741944,0.24599903986179872,-0.036796284813314234,4.858454986969698,3.179169660619974,0.15,1
1790037722.6076713,31.055532015557755,21.461074273219296,0.24265614456110615,-0.03811823476252539,4.864587525210603,3.186760641434748,0.15,1
1790037722.6943913,31.09058567033333,21.484474842505268,0.23979688256187157,-0.039233355348129155,4.8674152007275895,3.1893228743298803,0.15,1
1790037722.7954798,31.05913813288736,21.542202695784688,0.23656473514856163,-0.04046121400607456,4.859950744809381,3.1969383724625398,0.15,1
1790037722.896005,31.26093515028817,21.60108856209607,0.23314400760377574,-0.041720801632315625,4.887312679006435,3.2047006029269425,0.15,1
1790037722.99581,31.11568257902452,21.64132169475144,0.22963736499690826,-0.042970116783108164,4.862544147101049,3.209673654947074,0.15,1
1790037723.113731,31.190911254430212,21.60896627343396,0.2253812028056811,-0.044428599684492275,4.870210710549361,3.2035806312832755,0.15,1
1790037723.1953866,31.29456602945108,21.663109547235617,0.22224737787117205,-0.04546281666989041,4.883095175608158,3.2108230379159357,0.15,1
1790037723.291321,31.3102156686959,21.69526995261577,0.2183935485230268,-0.0466902879465502,4.882166866548958,3.2146037481377983,0.15,1
1790037723.3959663,31.3645482526731,21.740700216776546,0.21433754374119096,-0.04794900051769514,4.886869150080977,3.2203483820764407,0.15,1
1790037723.4958827,31.299978812268684,21.78716639092739,0.21023368026663516,-0.04920339665024012,4.8736954500669425,3.2262520714864045,0.15,1
1790037723.6117089,31.40465371457279,21.721583884018155,0.20532906979292756,-0.05068789024991043,4.8852277665099075,3.215152875890299,0.15,1
1790037723.696048,31.492286071645264,21.826922857616708,0.2015430768359587,-0.05182941987192853,4.895154526057354,3.2299834217513665,0.15,1
1790037723.7953367,31.5093308515459,21.89844519625605,0.1971991250724876,-0.05313879877605737,4.8940188840435,3.2395988004787584,0.15,1
1790037723.8953116,31.526034173273864,21.87095235396421,0.19259977834162725,-0.0545247254241761,4.892614937581462,3.2342968364840816,0.15,1
1790037723.9959223,31.61334851743022,21.923594945312647,0.18778877996984594,-0.055979507344374,4.901622740588903,3.240956660554179,0.15,1
1790037724.106859,31.711059824506915,21.913708047510287,0.18248078351292332,-0.057595129324788316,4.911767639662022,3.2381003472004726,0.15,1
1790037724.1967075,31.77749050264762,21.9981738091956,0.17799424220613377,-0.0589654291510395,4.917918681272356,3.2496054566009565,0.15,1
1790037724.2965684,31.695759815581244,21.931460836522387,0.17288273426891254,-0.06052474756915671,4.901314296465762,3.2382730900445744,0.15,1
1790037724.3966298,31.83892047199055,22.05277776511166,0.1675534421979895,-0.06214550436488946,4.918258496666874,3.2550929860565927,0.15,1
1790037724.495412,31.88291606521549,22.096422528266228,0.16213885077378606,-0.06378710873295862,4.920255432940041,3.2602443368169194,0.15,1
1790037724.6113155,31.95633055605741,22.185091799333,0.15602226105756142,-0.06563495756997008,4.926068505307538,3.2719740559654755,0.15,1
1790037724.6952646,31.93075755978307,22.10800147079497,0.15121558499869212,-0.06708190046043118,4.918146881216349,3.2591806052278787,0.15,1
1790037724.7950823,31.98070616171079,22.21539775037293,0.1453000110697434,-0.06885542587906024,4.9206109336659,3.2737825505587383,0.15,1
1790037724.8951252,32.14678989183775,22.2138142676014,0.139417178857074,-0.07061003092471003,4.940523085804175,3.2720536138542062,0.15,1
1790037724.9951737,32.00863051133306,22.18461288810016,0.13337239559382796,-0.07239515058220707,4.914661112954712,3.2661560552201476,0.15,1
1790037725.1141632,32.150545946791524,22.28287581973668,0.12624659255528906,-0.07445307902073217,4.9298914956907245,3.2791462557928797,0.15,1
1790037725.195886,32.21194435950043,22.340815861794155,0.12101163767168852,-0.0759262515511969,4.934651545945999,3.286585065450606,0.15,1
1790037725.2949944,32.265487411694615,22.425461551713816,0.11449167026674689,-0.0776069775212723,4.937141031480927,3.2978533018639906,0.15,1
1790037725.394868,32.296360832997614,22.364249739666917,0.10819453658847461,-0.07889339222235656,4.936419481049845,3.2875780775610344,0.15,1
1790037725.4948618,32.4032516214768,22.364996036235954,0.10183367810675703,-0.0800719699629859,4.947046369612264,3.2866882309668553,0.15,1
1790037725.6083784,32.4545848276186,22.48597205643421,0.0946760783224661,-0.08137104976186844,4.948662390716886,3.3037304161675434,0.15,1
1790037725.6949716,32.47028789190002,22.590058877215,0.08883845640611418,-0.0824415375912885,4.9460558717302,3.318433524629655,0.15,1
1790037725.7972908,32.48776017969005,22.648872723609536,0.0819052505469254,-0.08368798195351611,4.942783489918393,3.3261961238809414,0.15,1
1790037725.8968709,32.55654170017164,22.516277054794223,0.07496754580578985,-0.08490369034906725,4.947203668960667,3.305273421422426,0.15,1
1790037725.995628,32.619847581972806,22.56030252178799,0.06816317466523039,-0.0860663607110413,4.950915835761366,3.310888971663813,0.15,1
1790037726.1152303,32.637547244167166,22.675127050157624,0.05941186068666427,-0.08751840510608555,4.94613216820874,3.3268784131834708,0.15,1
1790037726.1956162,32.74242311707438,22.651831483025124,0.05384514804489063,-0.08841997622257962,4.9571318433993135,3.3226177426645758,0.15,1
1790037726.2946465,32.81268677201688,22.774896108828724,0.046389181275691485,-0.08959989686549222,4.96133381988687,3.34007450398864,0.15,1
1790037726.3942685,32.8840949470636,22.77777589417842,0.03881286109912804,-0.09076811995101351,4.965605173993799,3.339513482168401,0.15,1
1790037726.493591,32.92926746042691,22.691446749554068,0.03107519886935065,-0.09193015813823366,4.965804038102983,3.3255763780156116,0.15,1
1790037726.6100218,32.902425394154285,22.78220557218188,0.022266920792606983,-0.09321562596007806,4.954290691796858,3.3380975537612154,0.15,1
1790037726.6965106,32.96679046356513,22.826748110411742,0.015436643564249567,-0.09418699151855313,4.958139716564382,3.343953273770991,0.15,1
1790037726.793232,33.000059003217366,22.982715588640342,0.007388723016239945,-0.095302986029141,4.956289265046409,3.3663998001712816,0.15,1
1790037726.8947718,33.049786851031904,22.94424097975689,-0.0009280200556163059,-0.09642459806242144,4.956679210607511,3.3596752386104756,0.15,1
1790037726.9954166,33.09612542377267,22.96197352898173,-0.009137385727445758,-0.09750138353548604,4.956652035697571,3.3614198533420963,0.15,1
1790037727.1065943,33.162682580015286,23.01886540737022,-0.01825388833539244,-0.09866250290976686,4.958886581917209,3.368966683632231,0.15,1
1790037727.196998,33.265079677800735,23.10993091392558,-0.02585090340118264,-0.09960373673971447,4.967788683779105,3.3818264608600797,0.15,1
1790037727.2968764,33.27138473595822,23.091411347867357,-0.03455284063773365,-0.10065256814496883,4.96133779585166,3.37815701925688,0.15,1
1790037727.3962405,33.24719706142201,23.091735890408952,-0.04311129846881775,-0.10165447182440321,4.950434955514806,3.3773540825106,0.15,1
1790037727.4923153,33.38989621496495,23.172491911028025,-0.052050083694200826,-0.10266999253777495,4.9642418611046715,3.388604292997095,0.15,1
1790037727.6080573,33.41034839025499,23.213345296463896,-0.06206793690595437,-0.10377084616176781,4.958794512168186,3.3937965752320816,0.15,1
1790037727.6952689,33.4671699796881,23.259054425698675,-0.07039570315443776,-0.1046575529667439,4.960239149271943,3.399899243833069,0.15,1
1790037727.7956045,33.506413668212296,23.21578427784838,-0.07923547914138704,-0.10557077350855747,4.958611892961665,3.3926324841949826,0.15,1
1790037727.8947022,33.55744343745487,23.121143548091293,-0.08860543532081623,-0.10650786865776621,4.958301895595536,3.3776398438545927,0.15,1
1790037727.994685,33.60893630020649,23.119661271328702,-0.0979531311073347,-0.10741191106301325,4.958080283589738,3.376649066295744,0.15,1
1790037728.110254,33.56042004894752,23.364442975208465,-0.1090427703220695,-0.10844424100220658,4.941376652568368,3.412488841429394,0.15,1
1790037728.1951506,0.2632757467202551,-0.0333959995992927,-0.11729381806072833,-0.10918596503898816,-0.06020838334358082,-0.09781747022303384,0.15,0
1790037728.2951803,0.2632757467202551,-0.0333959995992927,-0.12707269410829666,-0.1100355328528385,-0.06852042798401389,-0.09853960286480663,0.15,0
1790037728.3953855,0.2632757467202551,-0.0333959995992927,-0.13699737998907427,-0.11086611948512395,-0.07695641098267486,-0.09924560150224927,0.15,0
1790037728.4937897,0.2632757467202551,-0.0333959995992927,-0.14722909710047577,-0.11168961790340944,-0.08565337052736613,-0.09994557515779193,0.15,0
1790037728.6087265,0.2632757467202551,-0.0333959995992927,-0.1585558900431446,-0.11256315587388041,-0.09528114452863465,-0.10068808243269226,0.15,0
1790037728.6951122,0.2632757467202551,-0.0333959995992927,-0.16788795732009232,-0.11325458854301255,-0.1032134017140402,-0.10127580020145457,0.15,0
1790037728.7959745,0.2632757467202551,-0.0333959995992927,-0.17804369734663722,-0.11397845595434117,-0.11184578073660337,-0.1018910875010839,0.15,0
1790037728.8958828,0.2632757467202551,-0.0333959995992927,-0.18883293337647641,-0.11471508447300141,-0.12101663136196669,-0.10251722174194511,0.15,0
1790037728.9966316,0.2632757467202551,-0.0333959995992927,-0.19914398458675373,-0.11538908802393416,-0.1297810248907024,-0.10309012476023795,0.15,0
1790037729.1119692,0.2632757467202551,-0.0333959995992927,-0.211583954744119,-0.11616278991552709,-0.1403549995244629,-0.10374777136809193,0.15,0
1790037729.1929488,0.2632757467202551,-0.0333959995992927,-0.2208028722321366,-0.11671037152195239,-0.14819107938927784,-0.10421321573355344,0.15,0
1790037729.2930014,0.2632757467202551,-0.0333959995992927,-0.23170362542822198,-0.1173293994616552,-0.15745671960595042,-0.10473938948230083,0.15,0
1790037729.3934937,0.2632757467202551,-0.0333959995992927,-0.24294045234523873,-0.1179361680643052,-0.16700802248541466,-0.10525514279455332,0.15,0
1790037729.4950216,0.2632757467202551,-0.0333959995992927,-0.25430541067704887,-0.11851780956169626,-0.17666823706745327,-0.10574953806733572,0.15,0
1790037729.6073103,0.2632757467202551,-0.0333959995992927,-0.2665000030364121,-0.1191063791779759,-0.187033640572912,-0.10624982224117342,0.15,0
1790037729.6958442,0.2632757467202551,-0.0333959995992927,-0.2770593331595384,-0.11958722429413976,-0.19600907117756936,-0.1066585405899127,0.15,0
1790037729.79586,0.2632757467202551,-0.0333959995992927,-0.28860104641686546,-0.12008205246603566,-0.20581952744629736,-0.10707914453602423,0.15,0
1790037729.8964772,0.2632757467202551,-0.0333959995992927,-0.29989726285794155,-0.12053569165739533,-0.21542131142121207,-0.10746473784867994,0.15,0
1790037729.997866,0.2632757467202551,-0.0333959995992927,-0.31174135218473986,-0.12097939829584115,-0.22548878734899058,-0.10784188849135888,0.15,0
1790037730.115055,0.2632757467202551,-0.0333959995992927,-0.32589767601492386,-0.12146578773347787,-0.23752166260464702,-0.1082553195133501,0.15,0
1790037730.1952024,0.2632757467202551,-0.0333959995992927,-0.3354081026786317,-0.12176798448206996,-0.24560552526879864,-0.10851218674965338,0.15,0
1790037730.297745,0.2632757467202551,-0.0333959995992927,-0.34762892828296577,-0.1221261667783491,-0.2559932270324826,-0.10881664170149065,0.15,0
1790037730.397599,0.2632757467202551,-0.0333959995992927,-0.3598061003962457,-0.12245033785368672,-0.2663438233287706,-0.10909218711552762,0.15,0
1790037730.4971309,0.2632757467202551,-0.0333959995992927,-0.37191132787757375,-0.12274058055078393,-0.2766332666878994,-0.10933889340806026,0.15,0
1790037730.6016903,0.2632757467202551,-0.0333959995992927,-0.38505709402657196,-0.12301990796594736,-0.2878071679145479,-0.10957632171094916,0.15,0
1790037730.6976335,0.2632757467202551,-0.0333959995992927,0.2632757467202551,-0.0333959995992927,0.2632757467202551,-0.0333959995992927,0.92,0
1790037730.797686,0.2632757467202551,-0.0333959995992927,0.2632757467202551,-0.0333959995992927,0.2632757467202551,-0.0333959995992927,0.92,0
1790037730.8976068,0.2632757467202551,-0.0333959995992927,0.2632757467202551,-0.0333959995992927,0.2632757467202551,-0.0333959995992927,0.92,0
1790037730.9975193,0.2632757467202551,-0.0333959995992927,0.2632757467202551,-0.0333959995992927,0.2632757467202551,-0.0333959995992927,0.92,0
1790037731.1129537,0.2632757467202551,-0.0333959995992927,0.2632757467202551,-0.0333959995992927,0.2632757467202551,-0.0333959995992927,0.92,0
1790037731.1931434,0.2632757467202551,-0.0333959995992927,0.2632757467202551,-0.0333959995992927,0.2632757467202551,-0.0333959995992927,0.92,0
1790037731.2936027,0.2632757467202551,-0.0333959995992927,0.2632757467202551,-0.0333959995992927,0.2632757467202551,-0.0333959995992927,0.92,0
1790037731.396968,0.2632757467202551,-0.0333959995992927,0.2632757467202551,-0.0333959995992927,0.2632757467202551,-0.0333959995992927,0.92,0
1790037731.497557,0.2632757467202551,-0.0333959995992927,0.2632757467202551,-0.0333959995992927,0.2632757467202551,-0.0333959995992927,0.92,0
1790037731.608534,0.2632757467202551,-0.0333959995992927,0.2632757467202551,-0.0333959995992927,0.2632757467202551,-0.0333959995992927,0.92,0
1790037731.6952877,0.2632757467202551,-0.0333959995992927,0.2632757467202551,-0.0333959995992927,0.2632757467202551,-0.0333959995992927,0.92,0
1790037731.7960982,0.2632757467202551,-0.0333959995992927,0.2632757467202551,-0.0333959995992927,0.2632757467202551,-0.0333959995992927,0.92,0
1790037731.8975084,0.2632757467202551,-0.0333959995992927,0.2632757467202551,-0.0333959995992927,0.2632757467202551,-0.0333959995992927,0.92,0
1790037732.2921386,35.72582924184612,24.722911360762403,0.26178192610836004,-0.03285394984766089,5.581389023469024,3.6805108467438488,0.15,1
1790037732.3558877,35.697679783922005,24.87149882953356,0.26149544989793855,-0.032749998705555276,5.576923100001548,3.702887325530312,0.15,1
1790037732.397766,35.72966627601296,24.929530095063463,0.26126151251544155,-0.03266503316820149,5.58152222704007,3.711664236066548,0.15,1
1790037732.4975574,35.80281833265798,24.87212864722668,0.26069751224136806,-0.03245940739307721,5.592015635303859,3.7032288007998866,0.15,1
1790037732.6072,35.93764637482613,24.89601120878882,0.259944979976062,-0.032183601031171606,5.611600189203572,3.7070456204418267,0.15,1
1790037732.6941414,35.84941643082485,24.91389403117521,0.2592250726157338,-0.03191835821051913,5.597753776347101,3.70995350019734,0.15,1
1790037732.7980783,35.948837172741314,24.886912778832286,0.2583267722524502,-0.031585735168512624,5.611903332325779,3.7061890419316073,0.15,1
1790037732.898017,35.98694506634442,24.95243372305604,0.25731815955306364,-0.0312100519405544,5.616762195571766,3.7163365143089346,0.15,1
1790037732.9934263,36.09284743751565,25.024108669350856,0.25623266430416874,-0.03080348812054181,5.6317248802858915,3.7274333355001676,0.15,1
1790037733.1110706,36.09031090841898,25.05755578156169,0.25483339182480386,-0.03027575000760707,5.630155019313929,3.7328989797277874,0.15,1
1790037733.193038,36.15589303206503,25.12191431369831,0.25370575623449315,-0.029847902182200854,5.639033847609073,3.7429164301998754,0.15,1
1790037733.294053,36.14439935066094,25.073758147611,0.2522784567109755,-0.029303169467587813,5.63609659080347,3.7361560280942,0.15,1
1790037733.3931425,36.29832048578592,25.13932188711197,0.2507631708039434,-0.028721217262269057,5.65789676805124,3.7464852483938667,0.15,1
1790037733.4944756,36.22204877030924,25.21700274744329,0.2491150191365308,-0.028084210497175324,5.645055081812438,3.758678833193894,0.15,1
1790037733.6102576,36.3729652134827,25.158122253018547,0.24715377248452952,-0.027321145311786647,5.666025488634255,3.7504953644377634,0.15,1
1790037733.696629,36.40372160500248,25.30116153789877,0.24548361569461435,-0.026666982973133937,5.669219314090794,3.7725072951576517,0.15,1
1790037733.7973742,36.46048222427997,25.330652501525,0.24358498027731695,-0.025918503400955372,5.676119566877715,3.777567147337938,0.15,1
1790037733.897905,36.42095948386021,25.350202715506445,0.24151722917197815,-0.025097799536341787,5.668433567375213,3.781197277720076,0.15,1
1790037733.9973,36.52489362211229,25.343717508333555,0.2393851028216049,-0.024245830075425096,5.682211380715207,3.780948670685922,0.15,1
1790037734.1080794,36.6379995546128,25.479945056509656,0.23686637581293343,-0.02323249530306354,5.697036352632913,3.8022441374688443,0.15,1
1790037734.1974332,36.72810688554433,25.502472464996327,0.2347260470984352,-0.02236667621368059,5.708733172865319,3.80635919496782,0.15,1
1790037734.298561,36.682605131125165,25.489170815113567,0.23219569665598322,-0.02133740525299654,5.69975711182636,3.8052388278019875,0.15,1
1790037734.3936377,36.77316227936744,25.510313909441653,0.22967311385736844,-0.020305418776736424,5.711196488683879,3.8092874804560215,0.15,1
1790037734.495019,36.79118736558635,25.58033262407742,0.22695248594817083,-0.01918578419413919,5.711587717893898,3.8207419770465947,0.15,1
1790037734.6091309,36.83777002174909,25.541951758946706,0.2238260938610949,-0.01789067636000452,5.715917683044293,3.8160856889360018,0.15,1
1790037734.6965196,36.86296130659719,25.640186102672445,0.22130585159861357,-0.01684060090596991,5.717554169848401,3.831713404630792,0.15,1
1790037734.7971702,36.9333034862003,25.6601395525341,0.218260338080292,-0.015564728799744087,5.725516810298293,3.8357909134003325,0.15,1
1790037734.8971386,37.01579139169104,25.658790703205263,0.2150601988630155,-0.014216317283041038,5.735169877787219,3.836734735790204,0.15,1
1790037734.997758,37.0695533488499,25.731102627777467,0.21191926085469517,-0.012885884932707188,5.740564374053975,3.8487123919738186,0.15,1
1790037735.1103227,37.02532489901027,25.82301444801613,0.20825642136205563,-0.011326051647994058,5.730816693009288,3.8638250233016245,0.15,1
1790037735.1944635,37.10338277014951,25.69710114171396,0.20514277407942788,-0.009993850975558211,5.73987877348994,3.8460703979278694,0.15,1
1790037735.2934752,37.12483118389082,25.76287810376928,0.20162814980731325,-0.008483121447100644,5.740108604919839,3.857221062335356,0.15,1
1790037735.3949587,37.22957032621007,25.83516299181203,0.197950576594217,-0.006894544780855512,5.752693539036596,3.869414085708077,0.15,1
1790037735.4947343,37.25915887069812,25.914177958952116,0.19419557531182388,-0.005264349971907403,5.753940069619768,3.882651996366696,0.15,1
1790037735.6142354,37.351727986183256,25.94012106803776,0.18973780088229295,-0.0033186056476932875,5.764036328677437,3.888197345405125,0.15,1
1790037735.6964471,37.39563198641429,25.983418235563214,0.18631527197715156,-0.0018173298747274442,5.767712779142721,3.8959680049409635,0.15,1
1790037735.796454,37.31889537048263,25.968806522382888,0.18222041315737214,-1.2702406674727057e-05,5.75272165675616,3.8953101813117597,0.15,1
1790037735.8963225,37.364367043599536,26.023200774723936,0.17803841024105455,0.0018396123904170186,5.755987705244826,3.905043786740445,0.15,1
1790037735.997434,37.522841270140994,26.10847146616179,0.17375559944294627,0.0037462166611142702,5.776118450047654,3.9194550040862155,0.15,1
1790037736.1057758,37.63570374758213,26.103619032495423,0.16912576952371325,0.005818399285077434,5.789112466232475,3.920488494266629,0.15,1
1790037736.196895,37.59608818820641,26.14909658003684,0.16498388736938432,0.00768122260717712,5.779649532494938,3.9288935262216262,0.15,1
1790037736.298443,37.644620407070505,26.159716282881483,0.16034511293719306,0.009777442808677409,5.782986407057189,3.932268268819598,0.15,1
1790037736.3952484,37.76790207717608,26.165212503282856,0.1556162466710347,0.011924483596857265,5.797459121246791,3.934917686549757,0.15,1
1790037736.497671,37.80921894155708,26.26221941022501,0.15080673608212325,0.014118382695924133,5.799568566903366,3.951333536825287,0.15,1
1790037736.6103132,37.7765581151338,26.31580942555293,0.14529212838999073,0.01664623821489699,5.789982026401563,3.9615207163156017,0.15,1
1790037736.697546,37.90210019295904,26.302231830329205,0.14084050862496586,0.018695705173093866,5.805029461275076,3.9612261239465103,0.15,1
1790037736.7976663,37.878263954797305,26.288631224030077,0.13578818092568357,0.02103108390678981,5.7971595470064265,3.961171104925283,0.15,1
1790037736.898834,37.93922002541276,26.393537686142817,0.1304182433833059,0.02352439261601111,5.8017385106877235,3.979026386645032,0.15,1
1790037736.9987576,37.96743347386816,26.422671872524408,0.12496193751951819,0.02606926437973465,5.801332667971814,3.985559655601435,0.15,1
1790037737.1135385,38.00954076252943,26.430094203606505,0.11880117590850765,0.028956544206886235,5.802412113901646,3.989127193116829,0.15,1
1790037737.197576,38.11841464146649,26.59147531251552,0.11389710349010858,0.03126476664239399,5.814574734186565,4.015296348523363,0.15,1
1790037737.2983153,38.09357892391112,26.577488526377472,0.108319605000301,0.033900527456116054,5.806108502836923,4.0154387272943195,0.15,1
1790037737.3983858,38.21912058864099,26.558885234341663,0.10253506603145171,0.03664557134313055,5.820022894422882,4.014981520792911,0.15,1
1790037737.498275,38.26664056757921,26.59493946115532,0.09663044661116062,0.03945942305133825,5.822131964756368,4.022781428766936,0.15,1
1790037737.607168,38.30655883034433,26.68288067630233,0.090145279391671,0.042563349220617906,5.822607312034569,4.038610948282874,0.15,1
1790037737.6935787,38.333889659205006,26.696527801611012,0.08458854403337153,0.04523378188403441,5.821983711309116,4.042927884843081,0.15,1
1790037737.7985537,38.37608914460306,26.67303018740559,0.07817297422895778,0.04832903648709298,5.822860399785072,4.042034209124868,0.15,1
1790037737.8954878,38.40235162293606,26.73215342828609,0.07191814519264947,0.05135898861725269,5.821483166854161,4.053478154567578,0.15,1
1790037737.9981515,38.57866438347138,26.74086573986233,0.06554297843232347,0.05445943134481833,5.842511189188182,4.057420377622445,0.15,1
1790037738.1115851,38.552315419629,26.728040404548565,0.05814223119260337,0.05807461988423137,5.832268209458062,4.058569487583881,0.15,1
1790037738.1981845,38.59325789262654,26.733934347645476,0.052355824887080175,0.060912230235633254,5.833491135047998,4.06186554784711,0.15,1
1790037738.2989774,38.60861744456154,26.859600817150056,0.04560922640324552,0.06423278910376909,5.830060459126989,4.083537993310712,0.15,1
1790037738.3989997,38.76937209454979,27.023144324038963,0.038718616564618794,0.06763691553142967,5.848316638262395,4.11096302680756,0.15,1
1790037738.4992604,38.723369451814285,26.988953105710028,0.03168316174444353,0.07112576143336873,5.835436105254919,4.108799863074867,0.15,1
1790037738.6085677,38.818609903692646,26.947243366758038,0.02391446519758478,0.07499349754178367,5.843118780971844,4.105830977924222,0.15,1
1790037738.6946783,38.87037460268708,26.98753617713582,0.017484012542745828,0.07820652997529219,5.845417601064396,4.11460597704937,0.15,1
1790037738.7942164,38.903186763267016,26.99827931583484,0.010197042586834444,0.08185971176420187,5.844145500688861,4.119322652374797,0.15,1
1790037738.8959055,38.8777407946151,26.97651059689769,0.0027043734252897465,0.08562911105229401,5.833959836603761,4.119261333929103,0.15,1
1790037738.995426,39.02922194728738,27.07410640178706,-0.004878125191668945,0.08945670342141125,5.8502368856801885,4.1371541581762585,0.15,1
1790037739.1090903,39.02262030793907,27.127483816618916,-0.013424438657743258,0.09378658429542792,5.841982273331778,4.148841169143951,0.15,1
1790037739.1956985,39.134738521991295,27.16588257624206,-0.020237518605720227,0.09724953622571025,5.853008887483832,4.157544492228162,0.15,1
1790037739.295596,39.111287850623405,27.25255829840397,-0.026532340712033413,0.10045807138235821,5.844140687988282,4.1732731054356,0.15,1
