t,true_x_m,true_y_m,spoofed_x_m,spoofed_y_m,is_spoofed
1790037171.3663208,0.0,0.0,0.0,0.0,0
1790037171.3723722,0.0,0.0,0.0,0.0,0
1790037171.4678607,0.0,0.0,0.0,0.0,0
1790037171.5702798,0.0,0.0,0.0,0.0,0
1790037171.6711164,0.0,0.0,0.0,0.0,0
1790037171.7723887,0.0,0.0,0.0,0.0,0
1790037171.8682916,0.0,0.0,0.0,0.0,0
1790037171.9704237,0.0,0.0,0.0,0.0,0
1790037172.070588,0.0,0.0,0.0,0.0,0
1790037172.1717975,0.0,0.0,0.0,0.0,0
1790037172.27171,0.0,0.0,0.0,0.0,0
1790037172.3721745,0.0,0.0,0.0,0.0,0
1790037172.4723756,0.0,0.0,0.0,0.0,0
1790037172.5683994,0.0,0.0,0.0,0.0,0
1790037172.670184,0.0,0.0,0.0,0.0,0
1790037172.767121,0.0,0.0,0.0,0.0,0
1790037172.869455,0.0,0.0,0.0,0.0,0
1790037172.9698236,0.0,0.0,0.0,0.0,0
1790037173.0704455,0.0,0.0,0.0,0.0,0
1790037173.170092,0.0,0.0,0.0,0.0,0
1790037173.2698944,0.0,0.0,0.0,0.0,0
1790037173.3700378,0.0,0.0,0.0,0.0,0
1790037173.4716308,0.0,0.0,0.0,0.0,0
1790037173.5680146,0.0,0.0,0.0,0.0,0
1790037173.669691,0.0,0.0,0.0,0.0,0
1790037173.7709527,0.0,0.0,0.0,0.0,0
1790037173.8711114,0.0,0.0,0.0,0.0,0
1790037173.971554,0.0,0.0,0.0,0.0,0
1790037174.0728333,0.0,0.0,0.0,0.0,0
1790037174.172732,-0.0090784735809409,0.0,-0.0090784735809409,0.0,0
1790037174.2679248,-0.0090784735809409,0.0,-0.0090784735809409,0.0,0
1790037174.3693402,-0.0090784735809409,0.0,-0.0090784735809409,0.0,0
1790037174.4713314,-0.0090784735809409,0.0,-0.0090784735809409,0.0,0
1790037174.5687048,-0.0090784735809409,0.0,-0.0090784735809409,0.0,0
1790037174.6687672,-0.0090784735809409,0.0,-0.0090784735809409,0.0,0
1790037174.770887,-0.0090784735809409,0.0,-0.0090784735809409,0.0,0
1790037174.8708224,-0.0090784735809409,0.0,-0.0090784735809409,0.0,0
1790037174.9708743,0.0,0.0,0.0,0.0,0
1790037175.072106,0.0,0.0,0.0,0.0,0
1790037175.1709645,0.0,0.0,0.0,0.0,0
1790037175.2694366,0.0,0.0,0.0,0.0,0
1790037175.368963,0.0,0.0,0.0,0.0,0
1790037175.4689772,0.0,0.0,0.0,0.0,0
1790037175.5694084,0.0,0.0,0.0,0.0,0
1790037175.669458,0.0,0.0,0.0,0.0,0
1790037175.7684803,0.0,0.0,0.0,0.0,0
1790037175.8701425,0.0,0.0,0.0,0.0,0
1790037175.9712343,0.0,0.0,0.0,0.0,0
1790037176.0712535,0.0,0.0,0.0,0.0,0
1790037176.1721413,0.0,0.0,0.0,0.0,0
1790037176.2725928,0.0,0.0,0.0,0.0,0
1790037176.3732395,0.0,0.0,0.0,0.0,0
1790037176.4682353,-0.0090784735809409,0.0,-0.0090784735809409,0.0,0
1790037176.569259,-0.0090784735809409,0.0,-0.0090784735809409,0.0,0
1790037176.6697557,-0.0090784735809409,0.0,-0.0090784735809409,0.0,0
1790037177.1606011,0.0,0.0,0.0,0.0,0
1790037177.1689017,-0.0090784735809409,0.0,-0.0090784735809409,0.0,0
1790037177.262283,-0.0090784735809409,0.0,-0.0090784735809409,0.0,0
1790037177.3600073,-0.0090784735809409,0.0,-0.0090784735809409,0.0,0
1790037177.4620936,-0.0090784735809409,0.0,-0.0090784735809409,0.0,0
1790037177.5625243,-0.0090784735809409,0.0,-0.0090784735809409,0.0,0
1790037177.6636934,-0.0090784735809409,0.0,-0.0090784735809409,0.0,0
1790037177.762714,-0.0090784735809409,0.0,-0.0090784735809409,0.0,0
1790037177.8641543,-0.0090784735809409,0.0,-0.0090784735809409,0.0,0
1790037177.9653108,-0.0090784735809409,0.0,-0.0090784735809409,0.0,0
1790037178.0618637,-0.0090784735809409,0.0,-0.0090784735809409,0.0,0
1790037178.1608565,-0.0090784735809409,0.0,-0.0090784735809409,0.0,0
1790037178.2636137,-0.0090784735809409,0.0,-0.0090784735809409,0.0,0
1790037178.3646345,-0.0090784735809409,0.0,-0.0090784735809409,0.0,0
1790037178.4660137,-0.0090784735809409,0.0,-0.0090784735809409,0.0,0
1790037178.5623145,-0.0090784735809409,0.0,-0.0090784735809409,0.0,0
1790037178.663504,-0.0090784735809409,0.0,-0.0090784735809409,0.0,0
1790037178.7661786,-0.0090784735809409,0.0,-0.0090784735809409,0.0,0
1790037178.861245,-0.0090784735809409,0.0,-0.0090784735809409,0.0,0
1790037178.9670649,-0.0090784735809409,0.0,-0.0090784735809409,0.0,0
1790037179.0659013,-0.0090784735809409,0.0,-0.0090784735809409,0.0,0
1790037179.1651423,-0.0090784735809409,0.0,-0.0090784735809409,0.0,0
1790037179.2600195,-0.0090784735809409,0.0,-0.0090784735809409,0.0,0
1790037179.3596437,-0.0090784735809409,0.0,-0.0090784735809409,0.0,0
1790037179.4588912,0.0,0.0,0.0,0.0,0
1790037179.5588973,-0.0090784735809409,0.0,-0.0090784735809409,0.0,0
1790037179.6637754,0.0,0.0,0.0,0.0,0
1790037179.765085,0.0,0.0,0.0,0.0,0
1790037179.8611689,0.0,0.0,0.0,0.0,0
1790037179.9641688,0.0,0.0,0.0,0.0,0
1790037180.0633156,0.0,0.0,0.0,0.0,0
1790037180.1648738,0.0,0.0,0.0,0.0,0
1790037180.2625153,0.0,0.0,0.0,0.0,0
1790037180.3631785,0.0,0.0,0.0,0.0,0
1790037180.461691,0.0,0.0,0.0,0.0,0
1790037180.5666757,0.0,0.0,0.0,0.0,0
1790037180.6621506,0.0,0.0,0.0,0.0,0
1790037180.7635758,0.0,0.0,0.0,0.0,0
1790037180.865202,0.0,0.0,0.0,0.0,0
1790037180.9613478,0.0,0.0,0.0,0.0,0
1790037181.0633175,0.0,0.0,0.0,0.0,0
1790037181.1633575,0.0,0.0,0.0,0.0,0
1790037181.2644377,0.0,0.0,0.0,0.0,0
1790037181.3663228,0.0,0.0,0.0,0.0,0
1790037181.465855,0.0,0.0,0.0,0.0,0
1790037181.5638523,0.0,0.0,0.0,0.0,0
1790037181.6656098,0.0,0.0,0.0,0.0,0
1790037181.764145,0.0,0.0,0.0,0.0,0
1790037181.865648,0.0,0.0,0.0,0.0,0
1790037181.9607117,0.0,0.0,0.0,0.0,0
1790037182.0627997,0.0,0.0,0.0,0.0,0
1790037182.163066,0.0,0.0,0.0,0.0,0
1790037182.2659023,0.0,0.0,0.0,0.0,0
1790037182.366784,0.0,0.0,0.0,0.0,0
1790037182.4625566,0.0,0.0,0.0,0.0,0
1790037182.5631137,0.0,0.0,0.0,0.0,0
1790037182.6666903,0.0,0.0,0.0,0.0,0
1790037182.7638807,0.0,0.0,0.0,0.0,0
1790037182.8630598,0.0,0.0,0.0,0.0,0
1790037182.9650934,0.0,0.0,0.0,0.0,0
1790037183.0642369,0.0,0.0,0.0,0.0,0
1790037183.164435,0.0,0.0,0.0,0.0,0
1790037183.2682323,0.0,0.0,0.0,0.0,0
1790037183.3662918,0.0,0.0,0.0,0.0,0
1790037183.46155,0.0,0.0,0.0,0.0,0
1790037183.5632975,0.0,0.0,0.0,0.0,0
1790037183.6611412,0.0,0.0,0.0,0.0,0
1790037183.7632914,0.0,0.0,0.0,0.0,0
1790037183.866524,0.0,0.0,0.0,0.0,0
1790037183.9644785,0.0,0.0,0.0,0.0,0
1790037184.0661397,0.0,0.0,0.0,0.0,0
1790037184.1656628,0.0,0.0,0.0,0.0,0
1790037184.2643704,0.0090784735809409,0.0,0.0090784735809409,0.0,0
1790037184.3658934,0.0090784735809409,0.0,0.0090784735809409,0.0,0
1790037184.4657185,0.0090784735809409,0.0,0.0090784735809409,0.0,0
1790037184.566027,0.0090784735809409,0.0,0.0090784735809409,0.0,0
1790037184.6672466,0.0090784735809409,0.0,0.0090784735809409,0.0,0
1790037184.7623253,0.0090784735809409,0.0,0.0090784735809409,0.0,0
1790037184.8665564,0.0090784735809409,0.0,0.0090784735809409,0.0,0
1790037184.9646568,0.0090784735809409,0.0,0.0090784735809409,0.0,0
1790037185.0626652,0.0090784735809409,0.0,0.0090784735809409,0.0,0
1790037185.1628432,0.0090784735809409,0.0,0.0090784735809409,0.0,0
1790037185.2667797,0.0090784735809409,0.0,0.0090784735809409,0.0,0
1790037185.362829,0.0090784735809409,0.0,0.0090784735809409,0.0,0
1790037185.463305,0.0090784735809409,0.0,0.0090784735809409,0.0,0
1790037185.5644994,0.0090784735809409,0.0,0.0090784735809409,0.0,0
1790037185.6634386,0.0090784735809409,0.0,0.0090784735809409,0.0,0
1790037185.77175,0.0090784735809409,0.0,0.0090784735809409,0.0,0
1790037185.8651946,0.0090784735809409,0.0,0.0090784735809409,0.0,0
1790037185.9638443,0.0090784735809409,0.0,0.0090784735809409,0.0,0
1790037186.0614655,0.0090784735809409,0.0,0.0090784735809409,0.0,0
1790037186.1656482,0.0090784735809409,0.0,0.0090784735809409,0.0,0
1790037186.2663226,0.0090784735809409,0.0,0.0090784735809409,0.0,0
1790037186.366402,0.0090784735809409,0.0,0.0090784735809409,0.0,0
1790037186.4636562,0.0090784735809409,0.0,0.0090784735809409,0.0,0
1790037186.5629282,0.0090784735809409,0.0,0.0090784735809409,0.0,0
1790037186.662903,0.0090784735809409,0.0,0.0090784735809409,0.0,0
1790037186.764572,0.0090784735809409,0.0,0.0090784735809409,0.0,0
1790037186.8681233,0.0090784735809409,0.0,0.0090784735809409,0.0,0
1790037186.9625456,0.0090784735809409,0.0,0.0090784735809409,0.0,0
1790037187.063087,0.0090784735809409,0.0,0.0090784735809409,0.0,0
1790037187.1685927,0.0090784735809409,0.0,0.0090784735809409,0.0,0
1790037187.266208,0.0090784735809409,0.0,0.0090784735809409,0.0,0
1790037187.36508,0.0090784735809409,0.0,0.0090784735809409,0.0,0
1790037187.4665432,0.0090784735809409,0.0,0.0090784735809409,0.0,0
1790037187.5677538,0.0090784735809409,0.0,0.0090784735809409,0.0,0
1790037187.665849,0.0090784735809409,0.0,0.0090784735809409,0.0,0
1790037187.7668338,0.0090784735809409,0.0,0.0090784735809409,0.0,0
1790037187.8675268,0.0090784735809409,0.0,0.0090784735809409,0.0,0
1790037187.967528,0.0090784735809409,0.0,0.0090784735809409,0.0,0
1790037188.068122,0.0090784735809409,0.0,0.0090784735809409,0.0,0
1790037188.1633372,0.0090784735809409,0.0,0.0090784735809409,0.0,0
1790037188.2678032,0.0090784735809409,0.0,0.0090784735809409,0.0,0
1790037188.3648689,0.0090784735809409,0.0,0.0090784735809409,0.0,0
1790037188.467636,0.0090784735809409,0.0,0.0090784735809409,0.0,0
1790037188.5675948,0.0090784735809409,0.0,0.0090784735809409,0.0,0
1790037188.6691115,0.0090784735809409,0.0,0.0090784735809409,0.0,0
1790037188.7679117,0.0090784735809409,0.0,0.0090784735809409,0.0,0
1790037188.8680544,0.0090784735809409,0.0,0.0090784735809409,0.0,0
1790037188.966859,0.0090784735809409,0.0,0.0090784735809409,0.0,0
1790037189.0685349,0.0090784735809409,0.0,0.0090784735809409,0.0,0
1790037189.1675255,0.0090784735809409,0.0,0.0090784735809409,0.0,0
1790037189.2645617,0.0090784735809409,0.0,0.0090784735809409,0.0,0
1790037189.368744,0.0090784735809409,0.0,0.0090784735809409,0.0,0
1790037189.4683876,0.0090784735809409,0.0,0.0090784735809409,0.0,0
1790037189.568448,0.0090784735809409,0.0,0.0090784735809409,0.0,0
1790037189.66742,0.0090784735809409,0.0,0.0090784735809409,0.0,0
1790037189.7655766,0.0090784735809409,0.0,0.0090784735809409,0.0,0
1790037189.8639672,0.0090784735809409,0.0,0.0090784735809409,0.0,0
1790037189.9629135,0.0090784735809409,0.0,0.0090784735809409,0.0,0
1790037190.0659585,0.0090784735809409,0.0,0.0090784735809409,0.0,0
1790037190.1639023,0.0090784735809409,0.0,0.0090784735809409,0.0,0
1790037190.2647204,0.0090784735809409,0.0,0.0090784735809409,0.0,0
1790037190.3654735,0.0090784735809409,0.0,0.0090784735809409,0.0,0
1790037190.466179,0.0090784735809409,0.0,0.0090784735809409,0.0,0
1790037190.5672247,0.0090784735809409,0.0,0.0090784735809409,0.0,0
1790037190.6670337,0.0090784735809409,0.0,0.0090784735809409,0.0,0
1790037190.7676258,0.0090784735809409,0.0,0.0090784735809409,0.0,0
1790037190.867777,0.0090784735809409,0.0,0.0090784735809409,0.0,0
1790037190.9677267,0.0090784735809409,0.0,0.0090784735809409,0.0,0
1790037191.06505,0.0090784735809409,0.0,0.0090784735809409,0.0,0
1790037191.1646218,0.0090784735809409,0.0,0.0090784735809409,0.0,0
1790037191.2654822,0.0090784735809409,0.0,0.0090784735809409,0.0,0
1790037191.3683455,0.0090784735809409,0.0,0.0090784735809409,0.0,0
1790037191.4678488,0.0090784735809409,0.0,0.0090784735809409,0.0,0
1790037191.5682883,0.0090784735809409,0.0,0.0090784735809409,0.0,0
1790037191.6682367,0.0090784735809409,0.0,0.0090784735809409,0.0,0
1790037191.7691746,0.0090784735809409,0.0,0.0090784735809409,0.0,0
1790037192.1741314,0.0090784735809409,0.0,0.0090784735809409,0.0,0
1790037192.181702,0.0090784735809409,0.0,0.0090784735809409,0.0,0
1790037192.2742112,0.0090784735809409,0.0,0.0090784735809409,0.0,0
1790037192.3742776,0.0090784735809409,0.0,0.0090784735809409,0.0,0
1790037192.479296,0.0090784735809409,0.0,0.0090784735809409,0.0,0
1790037192.573912,0.0090784735809409,0.0,0.0090784735809409,0.0,0
1790037192.674164,0.0090784735809409,0.0,0.0090784735809409,0.0,0
1790037192.779441,0.0090784735809409,0.0,0.0090784735809409,0.0,0
1790037192.8883843,0.0090784735809409,0.0,0.0090784735809409,0.0,0
1790037192.9798484,0.0090784735809409,0.0,0.0090784735809409,0.0,0
1790037193.0785964,0.0090784735809409,0.0,0.0090784735809409,0.0,0
1790037193.1787584,0.0090784735809409,0.0,0.0090784735809409,0.0,0
1790037193.2786942,0.0090784735809409,0.0,0.0090784735809409,0.0,0
1790037193.3746097,0.0090784735809409,0.0,0.0090784735809409,0.0,0
1790037193.4753785,0.0090784735809409,0.0,0.0090784735809409,0.0,0
1790037193.5776117,0.0090784735809409,0.0,0.0090784735809409,0.0,0
1790037193.6764035,0.0090784735809409,0.0,0.0090784735809409,0.0,0
1790037193.7776752,0.0090784735809409,0.0,0.0090784735809409,0.0,0
1790037193.8786075,0.0090784735809409,0.0,0.0090784735809409,0.0,0
1790037193.979892,0.0090784735809409,0.0,0.0090784735809409,0.0,0
1790037194.075338,0.0090784735809409,0.0,0.0090784735809409,0.0,0
1790037194.175733,0.0090784735809409,0.0,0.0090784735809409,0.0,0
1790037194.274366,0.0090784735809409,0.0,0.0090784735809409,0.0,0
1790037194.3747847,0.0090784735809409,0.0,0.0090784735809409,0.0,0
1790037194.4764175,0.0090784735809409,0.0,0.0090784735809409,0.0,0
1790037194.5774956,0.0090784735809409,0.0,0.0090784735809409,0.0,0
1790037194.679578,0.0090784735809409,0.0,0.0090784735809409,0.0,0
1790037194.7800388,0.0090784735809409,0.0,0.0090784735809409,0.0,0
1790037194.8788712,0.0090784735809409,0.0,0.0090784735809409,0.0,0
1790037194.9759514,0.0090784735809409,0.0,0.0090784735809409,0.0,0
1790037195.0785544,0.0090784735809409,0.0,0.0090784735809409,0.0,0
1790037195.1740773,0.0090784735809409,0.0,0.0090784735809409,0.0,0
1790037195.2750173,0.0090784735809409,0.0,0.0090784735809409,0.0,0
1790037195.3804271,0.0090784735809409,0.0,0.0090784735809409,0.0,0
1790037195.4799223,0.0090784735809409,0.0,0.0090784735809409,0.0,0
1790037195.5758216,0.0090784735809409,0.0,0.0090784735809409,0.0,0
1790037195.6748765,0.0090784735809409,0.0,0.0090784735809409,0.0,0
1790037195.7764928,0.0090784735809409,0.0,0.0090784735809409,0.0,0
1790037195.8759594,0.0090784735809409,0.0,0.0090784735809409,0.0,0
1790037195.980921,0.0090784735809409,0.0,0.0090784735809409,0.0,0
1790037196.0777905,0.0090784735809409,0.0,0.0090784735809409,0.0,0
1790037196.1784332,0.0090784735809409,0.0,0.0090784735809409,0.0,0
1790037196.2759852,0.0090784735809409,0.0,0.0090784735809409,0.0,0
1790037196.3762178,0.0090784735809409,0.0,0.0090784735809409,0.0,0
1790037196.4794097,0.0090784735809409,0.0,0.0090784735809409,0.0,0
1790037196.5798326,0.0090784735809409,0.0,0.0090784735809409,0.0,0
1790037196.6789565,0.0090784735809409,0.0,0.0090784735809409,0.0,0
1790037196.780362,0.0090784735809409,0.0,0.0090784735809409,0.0,0
1790037196.881192,0.0090784735809409,0.0,0.0090784735809409,0.0,0
1790037196.9805856,0.0090784735809409,0.0,0.0090784735809409,0.0,0
1790037197.0763144,0.0090784735809409,0.0,0.0090784735809409,0.0,0
1790037197.1774714,0.0090784735809409,0.0,0.0090784735809409,0.0,0
1790037197.2755027,0.0090784735809409,0.0,0.0090784735809409,0.0,0
1790037197.3781638,0.0090784735809409,0.0,0.0090784735809409,0.0,0
1790037197.479272,0.0090784735809409,0.0,0.0090784735809409,0.0,0
1790037197.5797803,0.0090784735809409,0.0,0.0090784735809409,0.0,0
1790037197.6757178,0.0090784735809409,0.0,0.0090784735809409,0.0,0
1790037197.777111,0.0090784735809409,0.0,0.0090784735809409,0.0,0
1790037197.8784869,0.0090784735809409,0.0,0.0090784735809409,0.0,0
1790037197.9761114,0.0090784735809409,0.0,0.0090784735809409,0.0,0
1790037198.0777843,0.0090784735809409,0.0,0.0090784735809409,0.0,0
1790037198.1790087,0.0090784735809409,0.0,0.0090784735809409,0.0,0
1790037198.2795444,0.0090784735809409,0.0,0.0090784735809409,0.0,0
1790037198.3799632,0.0090784735809409,0.0,0.0090784735809409,0.0,0
1790037198.4799397,0.0090784735809409,0.0,0.0090784735809409,0.0,0
1790037198.5764997,0.0090784735809409,0.0,0.0090784735809409,0.0,0
1790037198.680524,0.0090784735809409,0.0,0.0090784735809409,0.0,0
1790037198.7815194,0.0090784735809409,0.0,0.0090784735809409,0.0,0
1790037198.8768957,0.0090784735809409,0.0,0.0090784735809409,0.0,0
1790037198.97841,0.0090784735809409,0.0,0.0090784735809409,0.0,0
1790037199.0800605,0.0090784735809409,0.0,0.0090784735809409,0.0,0
1790037199.17519,0.0090784735809409,0.0,0.0090784735809409,0.0,0
1790037199.276189,0.0090784735809409,0.0,0.0090784735809409,0.0,0
1790037199.3801568,0.0090784735809409,0.0,0.0090784735809409,0.0,0
1790037199.479607,0.0090784735809409,0.0,0.0090784735809409,0.0,0
1790037199.5769796,0.0090784735809409,0.0,0.0090784735809409,0.0,0
1790037199.6780615,0.0090784735809409,0.0,0.0090784735809409,0.0,0
1790037199.7802205,0.0090784735809409,0.0,0.0090784735809409,0.0,0
1790037199.8815296,0.0090784735809409,0.0,0.0090784735809409,0.0,0
1790037199.9803271,0.0090784735809409,0.0,0.0090784735809409,0.0,0
1790037200.0772977,0.0090784735809409,0.0111320001300896,0.0090784735809409,0.0111320001300896,0
1790037200.1771636,0.0090784735809409,0.0333959995992927,0.0090784735809409,0.0333959995992927,0
1790037200.2798927,0.0090784735809409,0.0890560002497409,0.0090784735809409,0.0890560002497409,0
1790037200.380928,0.0181569471618818,0.1558480002393025,0.0181569471618818,0.1558480002393025,0
1790037200.4766195,0.0181569471618818,0.2449039996980673,0.0181569471618818,0.2449039996980673,0
1790037200.5774093,0.0272354233230803,0.3784879996771906,0.0272354233230803,0.3784879996771906,0
1790037200.676647,0.0272354233230803,0.5343359999164932,0.0272354233230803,0.5343359999164932,0
1790037200.7790723,0.0272354233230803,0.7235799997550885,0.0272354233230803,0.7235799997550885,0
1790037200.879813,0.0363138969040212,0.935087999853863,0.0363138969040212,0.935087999853863,0
1790037200.9812086,0.0363138969040212,1.1688600002128169,0.0363138969040212,1.1688600002128169,0
1790037201.0807831,0.0453923704849622,1.4137639999108842,0.0453923704849622,1.4137639999108842,0
1790037201.1766095,0.0453923704849622,1.6809319998691308,0.0453923704849622,1.6809319998691308,0
1790037201.277546,0.0453923704849622,1.9480999998273771,0.0453923704849622,1.9480999998273771,0
1790037201.3784668,0.0453923704849622,2.2263999999157136,0.0453923704849622,2.2263999999157136,0
1790037201.47959,0.0453923704849622,2.50470000000405,0.0453923704849622,2.50470000000405,0
1790037201.580644,0.0453923704849622,2.794132000222476,0.0453923704849622,2.794132000222476,0
1790037201.6810071,0.0453923704849622,3.0835639996499253,0.0453923704849622,3.0835639996499253,0
1790037201.7807777,0.0363138969040212,3.372995999868351,0.0363138969040212,3.372995999868351,0
1790037201.881152,0.0363138969040212,3.662428000086777,0.0363138969040212,3.662428000086777,0
1790037201.9806912,0.0363138969040212,3.940728000175113,0.0363138969040212,3.940728000175113,0
1790037202.0756063,0.0272354233230803,4.241291999732653,0.0272354233230803,4.241291999732653,0
1790037202.1769652,0.0272354233230803,4.530723999951078,0.0272354233230803,4.530723999951078,0
1790037202.277303,0.0272354233230803,4.820156000169504,0.0272354233230803,4.820156000169504,0
1790037202.3784375,0.0272354233230803,5.109587999596954,0.0272354233230803,5.109587999596954,0
1790037202.4794784,0.0272354233230803,5.4101519999454695,0.0272354233230803,5.4101519999454695,0
1790037202.5752635,0.0272354233230803,5.699584000163895,0.0272354233230803,5.699584000163895,0
1790037202.67774,0.0181569471618818,6.000147999721435,0.0181569471618818,6.000147999721435,0
1790037202.7797818,0.0181569471618818,6.2895799999398605,0.0181569471618818,6.2895799999398605,0
1790037202.8784735,0.0181569471618818,6.590144000288376,0.0181569471618818,6.590144000288376,0
1790037202.9802198,0.0181569471618818,6.890707999845915,0.0181569471618818,6.890707999845915,0
1790037203.0808249,0.0181569471618818,7.191272000194431,0.0181569471618818,7.191272000194431,0
1790037203.180761,0.0181569471618818,7.49183599975197,0.0181569471618818,7.49183599975197,0
1790037203.276551,0.0272354233230803,7.792400000100486,0.0272354233230803,7.792400000100486,0
1790037203.3778896,0.0272354233230803,8.092963999658025,0.0272354233230803,8.092963999658025,0
1790037203.4808152,0.0272354233230803,8.39352800000654,0.0272354233230803,8.39352800000654,0
1790037203.576806,0.0272354233230803,8.69409199956408,0.0272354233230803,8.69409199956408,0
1790037203.678734,0.0272354233230803,9.005788000042685,0.0272354233230803,9.005788000042685,0
1790037203.778426,0.0272354233230803,9.306351999600224,0.0272354233230803,9.306351999600224,0
1790037203.8796155,0.0272354233230803,9.60691599994874,0.0272354233230803,9.60691599994874,0
1790037203.9798205,0.0272354233230803,9.907480000297255,0.0272354233230803,9.907480000297255,0
1790037204.081202,0.0363138969040212,10.208043999854794,0.0363138969040212,10.208043999854794,0
1790037204.1780214,0.0544708440659031,10.49747600007322,0.0544708440659031,10.49747600007322,0
1790037204.278134,0.0907847409699244,10.775776000161557,0.0907847409699244,10.775776000161557,0
1790037204.378968,0.154334061197026,11.042944000119803,0.154334061197026,11.042944000119803,0
1790037204.479657,0.2451188021669504,11.31011200007805,0.2451188021669504,11.31011200007805,0
1790037204.5778942,0.3540604902987567,11.555015999776115,0.3540604902987567,11.555015999776115,0
1790037204.6772988,0.4902376017536434,11.78878800013507,0.4902376017536434,11.78878800013507,0
1790037204.779678,0.6445716629506695,12.022559999703049,0.6445716629506695,12.022559999703049,0
1790037204.881552,0.8170626713095773,12.256332000062002,0.8170626713095773,12.256332000062002,0
1790037204.9805856,0.9986321532494262,12.478972000290868,0.9986321532494262,12.478972000290868,0
1790037205.0812447,1.189280108770216,12.701611999728756,1.189280108770216,12.701611999728756,0
1790037205.1814318,1.3799280668712632,12.92425199995762,1.3799280668712632,12.92425199995762,0
1790037205.276503,1.579654495972994,13.146892000186485,1.579654495972994,13.146892000186485,0
1790037205.3778324,1.7793809276549823,13.369531999624373,1.7793809276549823,13.369531999624373,0
1790037205.4794457,1.9881858329179116,13.592171999853235,1.9881858329179116,13.592171999853235,0
1790037205.5774598,2.1879122620196423,13.80367999995201,2.1879122620196423,13.80367999995201,0
1790037205.6790764,2.396717167282571,14.026320000180874,2.396717167282571,14.026320000180874,0
1790037205.7797225,2.6055220725455004,14.248959999618762,2.6055220725455004,14.248959999618762,0
1790037205.8821228,2.8143269778084297,14.460467999717537,2.8143269778084297,14.460467999717537,0
1790037205.976735,3.023131883071359,14.6831079999464,3.023131883071359,14.6831079999464,0
1790037206.0777986,3.2319367857540304,14.894616000045175,3.2319367857540304,14.894616000045175,0
1790037206.1800692,3.44074169101696,15.10612400014395,3.44074169101696,15.10612400014395,0
1790037206.277935,3.649546596279889,15.328763999581838,3.649546596279889,15.328763999581838,0
1790037206.3800871,3.858351501542818,15.540271999680613,3.858351501542818,15.540271999680613,0
1790037206.4793816,4.067156406805747,15.751779999779387,4.067156406805747,15.751779999779387,0
1790037206.5804088,4.275961309488419,15.974420000008251,4.275961309488419,15.974420000008251,0
1790037206.6811495,4.484766214751348,16.185928000107026,4.484766214751348,16.185928000107026,0
1790037206.7771358,4.702649593595218,16.3974360002058,4.702649593595218,16.3974360002058,0
1790037207.1811967,5.147494824863899,16.853848000002642,5.147494824863899,16.853848000002642,0
1790037207.1894872,5.5651046353897575,17.265732000070102,5.5651046353897575,17.265732000070102,0
1790037207.2897496,5.782988014233628,17.477240000168877,5.782988014233628,17.477240000168877,0
1790037207.3848853,5.991792919496557,17.68874800026765,5.991792919496557,17.68874800026765,0
1790037207.4874685,6.209676298340427,17.90025599957545,6.209676298340427,17.90025599957545,0
1790037207.5884993,6.4275596771842975,18.111763999674224,6.4275596771842975,18.111763999674224,0
1790037207.6891117,6.636364582447227,18.323271999773,6.636364582447227,18.323271999773,0
1790037207.7848969,6.8542479612910965,18.534779999871773,6.8542479612910965,18.534779999871773,0
1790037207.8867238,7.072131340134967,18.746287999970548,7.072131340134967,18.746287999970548,0
1790037207.9855485,7.2809362428176385,18.95779600006932,7.2809362428176385,18.95779600006932,0
1790037208.085157,7.498819624241766,19.14703999990792,7.498819624241766,19.14703999990792,0
1790037208.1851249,7.725781476666577,19.336283999746517,7.725781476666577,19.336283999746517,0
1790037208.2848396,7.943664855510447,19.503264000115905,7.943664855510447,19.503264000115905,0
1790037208.3848617,8.1797051815162,19.64798000022512,8.1797051815162,19.64798000022512,0
1790037208.4856706,8.415745510102209,19.759299999944066,8.415745510102209,19.759299999944066,0
1790037208.589198,8.669942783269843,19.85948799953292,8.669942783269843,19.85948799953292,0
1790037208.685796,8.933218535178932,19.92628000031345,8.933218535178932,19.92628000031345,0
1790037208.7872767,9.214651231669649,19.981940000172926,9.214651231669649,19.981940000172926,0
1790037208.8888104,9.496083928160362,20.01533599977222,9.496083928160362,20.01533599977222,0
1790037208.988423,9.777516627231332,20.0376000000324,9.777516627231332,20.0376000000324,0
1790037209.0846334,10.068027799883245,20.059864000292578,10.068027799883245,20.059864000292578,0
1790037209.184996,10.3676174461161,20.07099599963169,10.3676174461161,20.07099599963169,0
1790037209.2854717,10.667207089768697,20.08212799976178,10.667207089768697,20.08212799976178,0
1790037209.3863597,10.966796736001548,20.09325999989187,10.966796736001548,20.09325999989187,0
1790037209.485999,11.266386382234405,20.10439200002196,11.266386382234405,20.10439200002196,0
1790037209.5902543,11.565976028467256,20.10439200002196,11.565976028467256,20.10439200002196,0
1790037209.6859,11.86556567470011,20.11552400015205,11.86556567470011,20.11552400015205,0
1790037209.790213,12.165155320932962,20.11552400015205,12.165155320932962,20.11552400015205,0
1790037209.885802,12.464744967165815,20.12665600028214,12.464744967165815,20.12665600028214,0
1790037209.9860618,12.755256137237472,20.12665600028214,12.755256137237472,20.12665600028214,0
1790037210.0872416,13.054845783470324,20.12665600028214,13.054845783470324,20.12665600028214,0
1790037210.1877046,13.354435429703178,20.137787999621253,13.354435429703178,20.137787999621253,0
1790037210.2880647,13.654025075936032,20.137787999621253,13.654025075936032,20.137787999621253,0
1790037210.3885326,13.953614722168886,20.137787999621253,13.953614722168886,20.137787999621253,0
1790037210.4905832,14.25320436840174,20.137787999621253,14.28854613517048,20.099867106001085,1
1790037210.587737,14.552794014634593,20.148919999751342,14.63429763244935,20.22674410393805,1
1790037210.687553,14.852383660867448,20.148919999751342,14.823342265624737,20.131782497859543,1
1790037210.7841043,15.1519733071003,20.148919999751342,15.25060277895357,20.197693229116194,1
1790037210.8857698,15.451562950752896,20.148919999751342,15.567944194440233,20.188347042365514,1
1790037210.9891713,15.75115259698575,20.148919999751342,15.937754243278572,20.287681421345102,1
1790037211.0851672,16.050742243218604,20.148919999751342,16.220266097705814,20.321672181308774,1
1790037211.1854458,16.350331889451457,20.148919999751342,16.564572706149757,20.239600733170118,1
1790037211.287671,16.64992153568431,20.137787999621253,16.884345844412998,20.241079433754464,1
1790037211.3894455,16.949511181917163,20.137787999621253,17.23443109215095,20.30403989685777,1
1790037211.4896622,17.24910082815002,20.137787999621253,17.505482901634544,20.289734283941037,1
1790037211.5852132,17.55776894796381,20.137787999621253,17.908002449081756,20.33249603007855,1
1790037211.6859145,17.857358594196665,20.137787999621253,18.14979554788656,20.339943800016766,1
1790037211.7858975,18.15694824042952,20.137787999621253,18.521987422485065,20.393027044637517,1
1790037211.887604,18.465616360243317,20.137787999621253,18.849670641003662,20.413796827946527,1
1790037211.986734,18.76520600647617,20.12665600028214,19.26006677851532,20.377860602693087,1
1790037212.0875998,19.055717176547823,20.11552400015205,19.44267077002444,20.363716997843767,1
1790037212.1876798,19.346228349199738,20.09325999989187,19.81418727449875,20.455811309841323,1
1790037212.2891269,19.627661048270703,20.059864000292578,20.084053810692776,20.341415172517227,1
1790037212.3841343,19.89093679759954,19.993072000303016,20.335150528712788,20.365508840912973,1
1790037212.4873326,20.14513407076717,19.915148000183365,20.69309509825969,20.299970547019903,1
1790037212.5883255,20.390252872934123,19.803827999673445,20.89259427307713,20.190479046651497,1
1790037212.6879375,20.62629320152013,19.67024399969432,21.19222358892661,20.073361938736607,1
1790037212.7910173,20.862333527525887,19.514396000245995,21.491332471018268,19.935496529477426,1
1790037212.8905478,21.0892953799507,19.336283999746517,21.733127736251845,19.766710202713554,1
1790037212.9887743,21.307178758794567,19.158172000038007,21.955660149969443,19.633685790699033,1
1790037213.0909665,21.52506213763844,18.96892800019941,22.11134304377042,19.414478323834032,1
1790037213.190675,21.752023990063247,18.768552000230727,22.41214699499495,19.21529913593256,1
1790037213.2919958,21.96990736890712,18.56817600026204,22.66469102225714,19.13904865124377,1
1790037213.3881245,22.17871227417005,18.356668000163268,22.867584691164414,18.91774865083828,1
1790037213.488207,22.39659565301392,18.156292000194583,23.069211005945718,18.669435994129252,1
1790037213.587389,22.614479031857787,17.944784000095808,23.40374904113045,18.521049880686675,1
1790037213.6866596,22.83236241070166,17.733275999997034,23.67345140581256,18.336979905811607,1
1790037213.7870705,23.050245789545528,17.53290000002835,23.86301274965848,18.09109695889156,1
1790037213.8867874,23.259050694808455,17.321391999929574,24.15665769377946,17.91029991173187,1
1790037213.9863477,23.476934073652327,17.1098839998308,24.292324459736154,17.668824393049857,1
1790037214.086103,23.685738978915257,16.898375999732025,24.54345549109018,17.556003975490658,1
1790037214.1858008,23.90362235775913,16.68686799963325,24.838933074994838,17.37131750341183,1
1790037214.2867925,24.121505736603,16.486491999664565,25.05315080834185,17.161722162570115,1
1790037214.3866713,24.330310641865925,16.27498399956579,25.339142639629976,16.944006286716956,1
1790037214.489162,24.5481940207098,16.063476000257992,25.573771891618318,16.732505186205604,1
1790037214.5905018,24.756998925972724,15.851968000159218,25.76648915816572,16.552444427796953,1
1790037214.6858115,24.9658038286554,15.640460000060443,25.957076720015873,16.400772171769837,1
1790037214.788103,25.18368720749927,15.428951999961669,26.23641967217687,16.183141866236557,1
1790037214.888235,25.392492112762195,15.217443999862894,26.517339024325015,16.010565723745838,1
1790037214.9898064,25.610375491606067,15.00593599976412,26.7694150323635,15.78928456560436,1
1790037215.0887482,25.819180396868997,14.794427999665343,26.94810028062823,15.595740135213305,1
1790037215.1898663,26.027985302131924,14.58291999956657,27.118552706288522,15.333262107768572,1
1790037215.2907426,26.2458686809758,14.371412000258772,27.379457742121225,15.161605476692671,1
1790037215.390656,26.454673586238723,14.148772000029908,27.69893960894444,14.960746249541977,1
1790037215.486767,26.663478488921395,13.937263999931131,27.89246654377297,14.876011728747546,1
1790037215.5892658,26.881361867765264,13.72575599983236,28.13663347480157,14.654055355909641,1
1790037215.6911,27.090166773028194,13.503115999603494,28.34159596784092,14.401790584321128,1
1790037215.7863076,27.308050151872067,13.291608000295696,28.5820560004015,14.199985475579929,1
1790037215.8872397,27.516855057134997,13.08010000019692,28.905181041326337,13.936430794047162,1
1790037215.9880462,27.725659962397923,12.857459999968055,29.118464470838585,13.829389660647925,1
1790037216.0892608,27.925386391499654,12.634819999739191,29.29163527555082,13.539976288593293,1
1790037216.189701,28.116034349600703,12.423311999640418,29.54027996103588,13.391579596324803,1
1790037216.2901983,28.279446884378668,12.20067200020253,29.736416588295818,13.21379969524703,1
1790037216.3908525,28.42470246941449,11.966899999843577,29.974862617060413,12.98428715657147,1
1790037216.490131,28.55180110728844,11.72199600014551,29.995094679321625,12.777397853864208,1
1790037216.5893946,28.642585848258367,11.477091999656466,30.1724477401058,12.608570040684917,1
1790037216.6861658,28.71521364206641,11.20992399969822,30.299612369790893,12.307937925856598,1
1790037216.7887206,28.769684486132316,10.931623999609885,30.410695187883068,11.970003124786626,1
1790037216.8900075,28.80599838303633,10.653324000312525,30.366747172028195,11.722241212836659,1
1790037216.9906378,28.833233803779155,10.363892000094095,30.431209129949185,11.42761945010554,1
1790037217.0879688,28.86046922710224,10.074459999875671,30.53361126862191,11.212658660945364,1
1790037217.1882222,28.869547700683174,9.773895999527156,30.46202869953963,10.88967772805465,1
1790037217.288202,28.87862617426412,9.484464000099706,30.584892796523885,10.710134841630444,1
1790037217.3891785,28.88770465042532,9.18389999975119,30.70294664874018,10.530732952839541,1
1790037217.4897034,28.89678312400626,8.883336000193651,30.65761260317738,10.0522965385553,1
1790037217.590507,28.9058615975872,8.582771999845136,30.564140336919017,9.831940590574362,1
1790037217.691314,28.91494007116814,8.282208000287596,30.663946935896547,9.51456930249481,1
1790037217.786912,28.91494007116814,7.981643999939081,30.697481935524557,9.2441834458558,1
1790037217.891637,28.92401854474908,7.681079999590565,30.81620000004131,8.976531776960066,1
1790037217.987111,28.92401854474908,7.391648000163116,30.778431564499108,8.643893153340882,1
1790037218.0870695,28.93309702091028,7.0910839998146,30.736271978453892,8.387996583443607,1
1790037218.187168,28.93309702091028,6.790520000257061,30.841915733842875,8.21736869518257,1
1790037218.2877946,28.94217549449122,6.489955999908545,30.88492563288204,7.8948603071203065,1
1790037218.3895686,28.94217549449122,6.18939199956003,30.878457635344652,7.503424689460189,1
1790037218.4915895,28.95125396807216,5.888828000002491,30.889316258775608,7.243401623854618,1
1790037218.5876143,28.95125396807216,5.588263999653975,31.06759324499716,6.954552853229814,1
1790037218.6895711,28.95125396807216,5.287700000096436,31.028149665800832,6.667455841758834,1
1790037218.7913518,28.95125396807216,4.98713599974792,31.057816005249904,6.448799443891108,1
1790037218.887918,28.95125396807216,4.686572000190381,31.027136179828048,6.143566198826003,1
1790037218.98846,28.9603324416531,4.3860079998418655,31.03601493580051,5.884644503261249,1
1790037219.0886962,28.9603324416531,4.085444000284326,31.070637747454544,5.517744538276856,1
1790037219.1889248,28.95125396807216,3.7848799999358103,31.045042295184025,5.304336842026143,1
1790037219.2894194,28.95125396807216,3.484315999587295,31.212589849526942,5.020435430821726,1
1790037219.389863,28.95125396807216,3.183752000029756,31.152386944878877,4.743446782485062,1
1790037219.4903178,28.95125396807216,2.8831879996812404,31.2483052764927,4.456846153337068,1
1790037219.5910025,28.95125396807216,2.582624000123701,31.187201637157084,4.2179525657966614,1
1790037219.6876504,28.95125396807216,2.2820599997751856,31.252936637206354,3.9554924303560557,1
1790037219.7912228,28.95125396807216,1.9814960002176465,31.266112992390894,3.5347391806422546,1
1790037219.8890207,28.95125396807216,1.6809319998691308,31.21257670826509,3.3947733947279595,1
1790037219.990906,28.94217549449122,1.3803680003115917,31.38312735082823,3.0202187433093126,1
1790037220.087736,28.93309702091028,1.0909360000931656,31.29250174614994,2.8294967215459854,1
1790037220.1914413,28.9058615975872,0.8015039998747397,31.25455855342654,2.4401010489613193,1
1790037220.2880456,28.869547700683174,0.5120719996563139,31.32950337491509,2.1922981367135947,1
1790037220.3870282,28.815076856617274,0.2449039996980673,31.266934630776095,1.9537204693402819,1
1790037220.489733,28.73337058922829,-0.0111320001300896,31.227602429235326,1.7939034171623578,1
1790037220.5903172,28.633507374677425,-0.2560359998281569,31.140107875356314,1.5281300939582454,1
1790037220.6896334,28.497330263222537,-0.5009400003172004,30.92129941435974,1.2656828495888133,1
1790037220.7877295,28.342996202025518,-0.7347119998851781,30.85141913888745,0.990285806087787,1
1790037220.8891687,28.179583667247545,-0.9573520001140424,30.711188746931704,0.8293352337667674,1
1790037220.989506,27.998014185307696,-1.1799920003429063,30.643979453651347,0.5743470972842628,1
1790037221.089044,27.807366229786908,-1.4026319997807946,30.433528994085297,0.4109460725788475,1
1790037221.1907978,27.60763979810492,-1.6252720000096588,30.240892861341514,0.2801614946846814,1
1790037221.2866766,27.40791336900319,-1.8367800001084331,30.10801766302045,0.1018836616161399,1
1790037221.3870394,27.19910846374026,-2.0594200003372976,29.889245414304323,-0.2051536572540454,1
1790037221.4888947,26.99938203205827,-2.270928000436072,29.71108181350312,-0.3522131509894835,1
1790037221.5908406,26.79057712679534,-2.49356799987396,29.547351269090797,-0.6236552677405593,1
1790037221.6926694,26.58177222411267,-2.7050759999727347,29.359266171803636,-0.7520104653220696,1
1790037222.1717875,25.94627903474294,-3.3618639997382616,28.96286336870059,-1.2439243938081395,1
1790037222.1798167,25.564983121121102,-3.751484000336518,28.415004731878742,-1.7403741812014681,1
1790037222.2753308,25.347099742277237,-3.974123999774406,28.190083581493834,-1.9617449791737889,1
1790037222.3756487,25.138294837014303,-4.185631999873181,28.09488372388161,-2.0661629429877597,1
1790037222.4746754,24.929489934331635,-4.397139999971955,27.85817975133879,-2.3536311350701733,1
1790037222.574653,24.720685029068704,-4.60864800007073,27.603033616878573,-2.523361688898492,1
1790037222.675246,24.50280165022484,-4.831288000299594,27.464114279537217,-2.74703101663342,1
1790037222.7780042,24.293996744961905,-5.0427960003983685,27.289839425262812,-2.919098273732251,1
1790037222.876976,24.08519183969897,-5.254303999706167,27.061313035773388,-3.182215032371057,1
1790037222.9720042,23.867308460855103,-5.4658119998049415,27.061131186049593,-3.3683901249096575,1
1790037223.073059,23.658503555592176,-5.677319999903716,26.715858446320794,-3.4062925055254665,1
1790037223.174502,23.440620176748308,-5.888828000002491,26.7229968313705,-3.7507689511791145,1
1790037223.2765846,23.231815271485377,-6.111468000231355,26.375612502733684,-3.8801871679874074,1
1790037223.3759086,23.013931892641505,-6.322976000330129,26.286984888285005,-4.141024829836998,1
1790037223.477023,22.79604851379764,-6.534484000428904,25.9952511239717,-4.246924067887536,1
1790037223.57728,22.578165134953768,-6.745991999736702,25.83600769799602,-4.498855206490549,1
1790037223.6721976,22.36936023227109,-6.957499999835477,25.622098911406585,-4.743967454870024,1
1790037223.7758012,22.151476853427223,-7.169007999934252,25.424458124168225,-4.882222663695921,1
1790037223.8758783,21.933593474583358,-7.380516000033026,25.254685448160608,-5.090957081330505,1
1790037223.9784462,21.715710095739485,-7.580892000001711,25.0739761151913,-5.195281768379163,1
1790037224.0785038,21.497826716895613,-7.792400000100486,24.86487599335356,-5.422620534125738,1
1790037224.1775367,21.270864861890544,-7.981643999939081,24.657137334898824,-5.612407257005585,1
1790037224.2729087,21.052981483046675,-8.159756000438563,24.4239555281911,-5.758287831118368,1
1790037224.3735795,20.826019630621865,-8.31560399988689,24.252946658575613,-5.807979406093754,1
1790037224.474712,20.58997930461611,-8.449187999866012,24.125291249526555,-6.009527346638683,1
1790037224.5750942,20.34486050244916,-8.560508000375933,23.788020358516825,-6.178487166979786,1
1790037224.6738834,20.081584753120328,-8.638431999704608,23.646731633575065,-6.170654181669924,1
1790037224.7787423,19.818309003791494,-8.694092000355056,23.37367451537429,-6.308637568926494,1
1790037224.8731346,19.53687630472053,-8.738620000084438,23.137803063779202,-6.226972892740419,1
1790037224.9740474,19.25544360822981,-8.772016000474707,22.779275789217444,-6.289301787539383,1
1790037225.073362,18.9649324355779,-8.79427999994391,22.581878160317117,-6.268276836990619,1
1790037225.1738944,18.674421265506243,-8.81654400020409,22.288277940814424,-6.281039704209754,1
1790037225.2782838,18.37483161927339,-8.82767600033418,22.016351229234363,-6.26140657031196,1
1790037225.377856,18.075241973040537,-8.838808000464269,21.82740447742008,-6.3913659409516965,1
1790037225.4727943,17.784730800388623,-8.838808000464269,21.47480685829324,-6.237871090051835,1
1790037225.5754328,17.48514115415577,-8.849939999803382,21.227082381733545,-6.258763134923978,1
1790037225.6750276,17.185551507922916,-8.849939999803382,20.84933193983137,-6.2066300571187165,1
1790037225.775417,16.885961861690063,-8.861071999933472,20.748616167905983,-6.2935805895229935,1
1790037225.8768504,16.586372218037468,-8.861071999933472,20.430777197126105,-6.21585985914622,1
1790037225.9786549,16.286782571804615,-8.872204000063562,20.10994794094107,-6.245692725845848,1
1790037226.0744734,15.98719292557176,-8.872204000063562,19.820248684243296,-6.1115577970744495,1
1790037226.1742454,15.687603279338909,-8.872204000063562,19.5910331342743,-6.072776390125328,1
1790037226.2752528,15.388013633106052,-8.883336000193651,19.346003460975552,-6.131188986627592,1
1790037226.375221,15.0884239868732,-8.883336000193651,19.099306691982196,-6.113991842332808,1
1790037226.4757695,14.788834340640346,-8.883336000193651,18.77862908249953,-6.133468371858214,1
1790037226.5757327,14.489244694407493,-8.883336000193651,18.465532833203053,-6.136310056575202,1
1790037226.675759,14.189655048174638,-8.883336000193651,18.236676134325037,-6.1431422160679645,1
1790037226.7786958,13.890065404522042,-8.89446800032374,17.952021064517147,-6.087178960560919,1
1790037226.8788145,13.59047575828919,-8.89446800032374,17.69647997170865,-6.022875250927643,1
1790037226.9767518,13.281807638475394,-8.89446800032374,17.444349478138566,-6.007027599721184,1
1790037227.0773966,12.98221799224254,-8.89446800032374,16.999858535948693,-6.029595742579771,1
1790037227.1777437,12.682628346009686,-8.89446800032374,16.744930388267136,-6.034895066414146,1
1790037227.2728713,12.383038699776831,-8.89446800032374,16.6028797094421,-5.960735501811624,1
1790037227.3736794,12.08344905354398,-8.89446800032374,16.21755527919361,-6.025951707947447,1
1790037227.4735007,11.774780933730185,-8.883336000193651,15.970003439195475,-6.007785298296398,1
1790037227.574499,11.475191287497331,-8.883336000193651,15.66003753001111,-5.9139777672879,1
1790037227.6738265,11.166523167683536,-8.883336000193651,15.467101339062788,-5.882048582155862,1
1790037227.7772045,10.866933521450685,-8.883336000193651,15.020586319730475,-5.8794797539737145,1
1790037227.876675,10.56734387521783,-8.883336000193651,14.863607236381108,-5.856887416853387,1
1790037227.977143,10.258675755404036,-8.883336000193651,14.656837531269149,-5.963455994428317,1
1790037228.0764997,9.959086109171182,-8.872204000063562,14.27129869090352,-5.802520174123135,1
1790037228.1782303,9.668574936519269,-8.861071999933472,13.956262814563456,-5.729630957789467,1
1790037228.2778935,9.387142240028554,-8.82767600033418,13.796819477041256,-5.71055386246207,1
1790037228.3784893,9.105709540957584,-8.78314799981382,13.493142719361238,-5.650357077621356,1
1790037228.4778855,8.85151226778995,-8.70522399969417,13.345342394271597,-5.584373960584277,1
1790037228.575142,8.597314992042058,-8.616168000235405,13.073341924440177,-5.476709502578008,1
1790037228.6751325,8.352196189875107,-8.493716000386371,12.797908067271388,-5.357945422014663,1
1790037228.7759752,8.125234337450296,-8.349000000277158,12.631269006134456,-5.169330993264042,1
1790037228.8755622,7.889194008864287,-8.182019999907766,12.477319075974986,-5.057311269495416,1
1790037228.9796746,7.671310630020416,-8.00390800019926,12.228779195590814,-4.734284764781425,1
1790037229.0754304,7.444348777595605,-7.814664000360665,11.99441995484864,-4.64374905936495,1
1790037229.1776876,7.226465398751735,-7.61428800039198,11.848960568078693,-4.342445593994345,1
1790037229.2782147,7.008582019907865,-7.425043999762408,11.646237263511226,-4.111674839563477,1
1790037229.379454,6.799777114644936,-7.21353600045461,11.504579844974181,-3.907103339808236,1
1790037229.479705,6.581893735801065,-7.013159999694949,11.296198884157947,-3.615185169940988,1
1790037229.574804,6.364010356957196,-6.801652000387151,11.06372175108042,-3.603871981360538,1
1790037229.674374,6.146126978113325,-6.601276000418466,10.9607780743014,-3.309071530422781,1
1790037229.7760882,5.937322075430654,-6.389768000319691,10.702150278052935,-2.9916987753440423,1
1790037229.8743749,5.719438696586784,-6.1782600002209165,10.422913407792418,-2.8913382019204064,1
1790037229.9763694,5.5015553177429135,-5.966752000122142,10.230143813654712,-2.6394041605772824,1
1790037230.080554,5.292750412479984,-5.766376000153457,10.14898755073671,-2.355184599751813,1
1790037230.1782022,5.074867033636115,-5.554868000054682,9.946932653535068,-2.2237216836926184,1
1790037230.27977,4.856983654792244,-5.343359999955908,9.624690221729608,-1.9213806505261941,1
1790037230.3756812,4.648178749529315,-5.131851999857133,9.531371459112279,-1.673117308735601,1
1790037230.4779105,4.430295370685445,-4.920343999758359,9.397296979235692,-1.4600756205764762,1
1790037230.579462,4.212411991841575,-4.70883600045056,9.207278417044266,-1.2265448542884367,1
1790037230.67932,4.003607086578645,-4.497328000351786,9.011509769444794,-1.0445482194618263,1
1790037230.7769864,3.785723707734776,-4.285820000253011,8.782143640470244,-0.7711620311618729,1
1790037230.8782637,3.5769188024718463,-4.074312000154237,8.64823419449654,-0.5717528038209948,1
1790037230.977195,3.359035423627976,-3.862804000055462,8.439694690746974,-0.3368262837960741,1
1790037231.0785203,3.150230518365047,-3.651295999956688,8.223854555812121,-0.05311505521202624,1
1790037231.1775155,2.932347139521177,-3.439787999857913,7.936522905066266,0.06912777209532257,1
1790037231.2797732,2.7235422368385054,-3.2282799997591383,7.778391139286537,0.24637436966932602,1
1790037231.3749702,2.5056588579946357,-3.01677200045134,7.624098044204394,0.6284156902819044,1
1790037231.4783192,2.296853952731706,-2.794132000222476,7.460359713746838,0.8412570598665211,1
1790037231.5788045,2.0880490474687767,-2.582624000123701,7.344953714422516,1.1265506668431549,1
1790037231.6745896,1.8701656686249064,-2.3711160000249265,7.0926913422234374,1.3558356847545514,1
1790037231.7750244,1.6613607633619776,-2.1484759997960623,6.916631073254633,1.4862085862937975,1
1790037231.8755734,1.4525558580990483,-1.936967999697288,6.6982092888594265,1.682861430094707,1
1790037231.9775784,1.2437509554163766,-1.7143280002593997,6.499784993583249,1.9791797209143207,1
1790037232.0772378,1.0349460501534475,-1.5028200001606251,6.400056902891599,2.3117757394075866,1
1790037232.1755204,0.8442980920524001,-1.280179999931761,6.124273129870781,2.484930392332819,1
1790037232.2750278,0.6536501365316104,-1.0575399997028967,5.975160543452513,2.728786391809525,1
1790037232.3765175,0.4902376017536434,-0.8349000002650087,5.882161541899884,2.8536098898349227,1
1790037232.4772613,0.3540604902987567,-0.6011279999060548,5.823710952248563,3.166012421723302,1
1790037232.5753503,0.2451188021669504,-0.3562240002079875,5.665764339097875,3.4045572947274376,1
1790037232.6752932,0.154334061197026,-0.1001880003798305,5.593520981018327,3.7526729087685013,1
1790037232.775519,0.0907847409699244,0.166979999578416,5.5778536305043085,4.0321256145248565,1
1790037232.8796551,0.0453923704849622,0.4452799996667522,5.5856105911157945,4.377944623337463,1
1790037232.9789166,0.0090784735809409,0.7347119998851781,5.538454377643799,4.544580871004289,1
1790037233.0785067,-0.0090784735809409,1.024144000103604,5.615271679986299,4.908418107505956,1
1790037233.1767125,-0.0272354233230803,1.3135759995310536,5.62361687737942,5.2504919318655165,1
1790037233.2776904,-0.0453923704849622,1.6141399998795691,5.567988306863439,5.566701434061491,1
1790037233.3795147,-0.0544708440659031,1.903572000097995,5.6880402088197055,5.960064868946649,1
1790037233.481061,-0.063549317646844,2.2041359996555343,5.609834718696763,6.182262739036336,1
1790037233.575798,-0.0726277938080425,2.50470000000405,5.674380408822426,6.448835840441472,1
1790037233.6778958,-0.0726277938080425,2.805263999561589,5.662311993697715,6.807958008271137,1
1790037233.7794282,-0.0817062673889834,3.1058279999101046,5.677226568527856,7.085617698566602,1
1790037233.8754132,-0.0817062673889834,3.3952600001285305,5.605640660194277,7.329585376502,1
1790037233.979038,-0.0907847409699244,3.69582399968607,5.645636700746219,7.728695810226113,1
1790037234.0789402,-0.0998632145508653,3.996388000034585,5.702318369343687,8.166245589216137,1
1790037234.17933,-0.0998632145508653,4.296951999592125,5.796948008827453,8.339117869043209,1
1790037234.28045,-0.1089416907120638,4.5863839998105504,5.774805082009059,8.673700527194146,1
1790037234.380016,-0.1089416907120638,4.886948000159066,5.767669370994756,9.021017332313011,1
1790037234.4798205,-0.1089416907120638,5.187511999716605,5.837372612575722,9.312525761071335,1
1790037234.5770862,-0.1180201642930047,5.488076000065121,5.874430783886196,9.589692571887172,1
1790037234.6768286,-0.1180201642930047,5.78863999962266,5.846066420714598,10.094400138347616,1
1790037234.7778382,-0.1270986378739457,6.089203999971176,5.872647649044296,10.354122196876949,1
1790037234.8780391,-0.1270986378739457,6.389767999528715,5.890693600353944,10.629306186949496,1
1790037234.9794145,-0.1270986378739457,6.69033199987723,5.908190977173926,10.909754905592187,1
1790037235.0793636,-0.1270986378739457,6.990896000225746,5.896618075211683,11.257552891220442,1
1790037235.1801927,-0.1270986378739457,7.291459999783285,5.9177936506139615,11.587231047610622,1
1790037235.2799385,-0.1270986378739457,7.592024000131801,6.03914694090703,11.890005900126692,1
1790037235.3783517,-0.1270986378739457,7.89258799968934,5.994754773320289,12.211875861039738,1
1790037235.4788227,-0.1270986378739457,8.193152000037855,6.018323869585497,12.55380728153462,1
1790037235.5782552,-0.1270986378739457,8.493715999595395,5.966622311083146,12.807923192680171,1
1790037235.677545,-0.1270986378739457,8.79427999994391,5.983052071457461,13.067599623011013,1
1790037235.7780998,-0.1270986378739457,9.094844000292426,6.1754966602714,13.504978656717695,1
1790037235.878649,-0.1180201642930047,9.406539999980057,6.10511754068709,13.714092033669091,1
1790037235.980832,-0.1180201642930047,9.707103999537594,6.017976159911482,14.080189376750855,1
1790037236.080361,-0.1180201642930047,10.00766799988611,6.311682115836274,14.446798576591393,1
1790037236.178676,-0.1180201642930047,10.308232000234623,6.186843231022953,14.765789724135592,1
1790037236.2790866,-0.1270986378739457,10.597663999662077,6.152370943108563,15.034379508369621,1
1790037236.3783326,-0.154334061197026,10.875963999750413,6.232546586386883,15.340318198418942,1
1790037236.4803889,-0.2088049052629292,11.143131999708658,6.237722054156723,15.646584612894731,1
1790037236.5773022,-0.2814326990709717,11.399167999536814,6.182786282780172,15.867645899362698,1
1790037236.677698,-0.390374387202778,11.655204000155948,6.109990861987136,16.25682274029187,1
1790037236.7773843,-0.5174730250767238,11.888975999723923,5.913991469331912,16.381916437993745,1
1790037237.1827714,-0.8533765682135986,12.389916000041126,5.793006736023476,16.987430179078636,1
1790037237.1910088,-1.1983585849314145,12.812932000238677,5.453450867646914,17.399304020022765,1
1790037237.2815373,-1.3890065404522045,13.035571999676565,5.2876111001789265,17.66622259818351,1
1790037237.3828623,-1.5887329721341923,13.258211999905429,5.052944013740308,17.977959504418514,1
1790037237.4837909,-1.7884594012359232,13.480852000134291,4.847020366788942,18.092674569317477,1
1790037237.5855434,-1.9881858329179116,13.692360000233066,4.667959483912166,18.391364226020528,1
1790037237.6809185,-2.1879122620196423,13.914999999670954,4.435811314469169,18.639672539346407,1
1790037237.7828486,-2.3876386937016303,14.137639999899818,4.3124831556380965,18.90536904566611,1
1790037237.8855882,-2.59644359896456,14.349147999998593,4.036151600270006,19.03783682333734,1
1790037237.9804547,-2.7961700280662902,14.571788000227455,3.895127808565502,19.274817598147397,1
1790037238.0808554,-3.0049749333292195,14.783295999535255,3.807702634140088,19.535951979851266,1
1790037238.182752,-3.2137798385921488,14.99480399963403,3.5988861792619775,19.76599570126114,1
1790037238.281729,-3.422584743855078,15.217443999862894,3.4372427498974436,19.963199420746207,1
1790037238.381871,-3.6223111729568087,15.428951999961669,3.2872988485328936,20.27549924927047,1
1790037238.4821887,-3.8311160782197375,15.651592000190533,3.0870559968968396,20.51009458663446,1
1790037238.5837076,-4.039920983482667,15.863100000289307,2.89876791161242,20.812998229132077,1
1790037238.6837327,-4.2487258887455965,16.074607999597106,2.6953681462228865,20.924610027757645,1
1790037238.7848,-4.457530794008525,16.28611599969588,2.4780784172496295,21.117250002567406,1
1790037238.8863187,-4.666335696691197,16.497623999794655,2.2696740624353335,21.353399878908,1
1790037238.982296,-4.884219075535067,16.70913199989343,2.134066255903424,21.642577597499994,1
1790037239.0830872,-5.093023980797996,16.920639999992204,1.9561214718151305,21.816437517231236,1
1790037239.1832457,-5.3018288860609255,17.13214800009098,1.814382192280893,22.120427473377077,1
1790037239.2858322,-5.510633791323855,17.343656000189753,1.5777958277194375,22.279971393695575,1
1790037239.3830612,-5.728517170167724,17.555164000288528,1.4192098614823563,22.550254360073044,1
1790037239.4815838,-5.937322075430654,17.766671999596326,1.1347887094773756,22.765917750610363,1
1790037239.5809731,-6.146126978113325,17.9781799996951,1.0359164484523509,22.952942234856724,1
1790037239.6855867,-6.364010356957196,18.178555999663786,0.8401317678203386,23.143563008767035,1
1790037239.7863576,-6.572815262220125,18.39006399976256,0.7134080169033746,23.507549585152898,1
1790037239.8817215,-6.790698641063995,18.60157199986133,0.4395247154650514,23.691242340985212,1
1790037239.9812932,-7.008582019907865,18.81307999996011,0.13824041472426385,23.84389383627004,1
1790037240.0823202,-7.226465398751735,19.013455999928794,0.050991133153627036,24.06586458221396,1
1790037240.1830614,-7.435270304014664,19.21383199989748,-0.08264830677292792,24.43704688438965,1
1790037240.283723,-7.662232156439475,19.403075999736075,-0.3794235346800395,24.501874050632086,1
1790037240.38668,-7.880115535283346,19.570056000105467,-0.5014025840965087,24.808999102119596,1
1790037240.482101,-8.116155863869356,19.70364000008459,-0.7868847359269214,24.89089848497573,1
1790037240.583011,-8.352196189875107,19.826091999933624,-0.8459432266212686,24.935674591870367,1
1790037240.6835828,-8.606393465622999,19.915148000183365,-1.2305438091820278,25.103443915781877,1
1790037240.7845724,-8.86966921495183,19.981940000172926,-1.4309777725007258,25.24942388353023,1
1790037240.886278,-9.151101914022805,20.0376000000324,-1.6493043718964924,25.1932064882952,1
1790037240.9865878,-9.432534610513516,20.07099599963169,-1.8923988289247404,25.30373425618799,1
1790037241.0825543,-9.72304578316543,20.10439200002196,-2.121374795424522,25.351141074388714,1
1790037241.1842146,-10.013556953237083,20.11552400015205,-2.4824565296177425,25.43820200933326,1
1790037241.2853022,-10.304068125888998,20.137787999621253,-2.6781487870655902,25.47320883093981,1
1790037241.3857727,-10.603657772121853,20.148919999751342,-3.0754744281004274,25.506125845657284,1
1790037241.486344,-10.903247418354704,20.160051999881432,-3.31778463215832,25.51942554389545,1
1790037241.5834243,-11.202837064587555,20.160051999881432,-3.6129885567428515,25.546682725524924,1
1790037241.6852455,-11.502426710820412,20.17118400001152,-3.856699317074558,25.488887555351205,1
1790037241.7850144,-11.802016357053263,20.18231600014161,-4.055750247395402,25.593401037161744,1
1790037241.8816595,-12.10160600070586,20.18231600014161,-4.397979624441101,25.67050776203546,1
1790037241.9830515,-12.410274123099914,20.1934480002717,-4.673064881073322,25.628133027308778,1
1790037242.0859237,-12.709863766752507,20.1934480002717,-4.911895855786638,25.613245856381468,1
1790037242.1863265,-13.009453412985364,20.20457999961081,-5.176700804200188,25.645965144647583,1
1790037242.285926,-13.309043059218215,20.20457999961081,-5.495953016468483,25.757908289057156,1
1790037242.3863184,-13.60863270545107,20.20457999961081,-5.802319071656986,25.58641194498244,1
1790037242.4829028,-13.908222351683923,20.215711999740904,-5.945597392544545,25.862268906323017,1
1790037242.5888474,-14.207811997916778,20.215711999740904,-6.3199619228705295,25.65619081025892,1
1790037242.6818128,-14.507401644149631,20.215711999740904,-6.591966474138008,25.75471838753255,1
1790037242.7836828,-14.806991290382484,20.215711999740904,-6.8604939932500235,25.73088921271852,1
1790037242.885038,-15.10658093661534,20.226843999870997,-7.096701825036859,25.841356448670272,1
1790037242.9865892,-15.406170582848192,20.226843999870997,-7.47503402428011,25.86756514534275,1
1790037243.082905,-15.705760226500788,20.226843999870997,-7.573599937575618,25.857776677831488,1
1790037243.185745,-16.005349872733643,20.226843999870997,-7.967417625225524,25.859774471540128,1
1790037243.2858624,-16.304939518966496,20.226843999870997,-8.19477475208625,25.79756855417968,1
1790037243.385732,-16.60452916519935,20.215711999740904,-8.492365212531134,25.870631772647307,1
1790037243.483132,-16.904118811432202,20.215711999740904,-8.683847532811455,25.898206228301458,1
1790037243.5863268,-17.203708457665055,20.215711999740904,-8.967074342366073,25.86948488794979,1
1790037243.682127,-17.503298103897908,20.215711999740904,-9.297152941407969,25.95712655057516,1
1790037243.7848368,-17.802887750130765,20.215711999740904,-9.644317432905222,25.967699914308827,1
1790037243.8854318,-18.102477396363614,20.215711999740904,-9.81510799557214,25.959950199400712,1
1790037243.9863992,-18.402067040016213,20.215711999740904,-10.235109416113948,25.992635400978553,1
1790037244.0837286,-18.701656686249063,20.20457999961081,-10.471303816909042,25.982012246596824,1
1790037244.184548,-19.00124633248192,20.1934480002717,-10.705075784064352,25.920062964314248,1
1790037244.2846477,-19.28267903155289,20.17118400001152,-11.038612924380509,26.024409382947262,1
1790037244.3841035,-19.564111728043606,20.12665600028214,-11.240957803931236,25.844654481105376,1
1790037244.4839723,-19.82738747737244,20.07099599963169,-11.414313103404604,25.948034898029018,1
1790037244.585508,-20.09066322670127,19.981940000172926,-11.727572819032066,25.796990462455728,1
1790037244.685505,-20.33578202886822,19.87061999966301,-11.870633708963092,25.786186246977138,1
1790037244.786231,-20.571822354873973,19.737035999683883,-12.004581311643278,25.673476385805326,1
1790037244.8876345,-20.79878420987904,19.58118800023556,-12.306368664613421,25.505721353029482,1
1790037244.982558,-21.025746062303853,19.403075999736075,-12.48854984794092,25.383543773308716,1
1790037245.084275,-21.252707914728663,19.21383199989748,-12.66876773792076,25.15448210896955,1
1790037245.1841245,-21.479669767153474,19.024588000058884,-12.955548647020368,24.98453048618049,1
1790037245.2853515,-21.697553145997347,18.8242120000902,-13.087245463888818,24.90044680110246,1
1790037245.3850431,-21.915436524841216,18.623836000121518,-13.343112172840243,24.62106762358856,1
1790037245.4853773,-22.133319903685084,18.42346000015283,-13.497692984312058,24.44690702927719,1
1790037245.5859897,-22.35120328252896,18.21195200005405,-13.65895248526796,24.152410910539178,1
1790037245.6869867,-22.569086661372825,18.01157600008537,-13.940954236504131,24.042881803238338,1
1790037245.7832067,-22.78697004021669,17.800067999986595,-14.209874516661252,23.83886955786658,1
1790037245.886958,-23.004853419060566,17.58855999988782,-14.332001502691636,23.68334101732763,1
1790037245.9833815,-23.222736797904435,17.388183999919136,-14.424783098066756,23.497359113450408,1
1790037246.0859325,-23.440620176748308,17.17667599982036,-14.724654003191297,23.312902667136335,1
1790037246.187157,-23.658503555592176,16.965167999721587,-14.813662557173785,23.07286243634349,1
1790037246.2836075,-23.876386934436045,16.753659999622812,-15.105831057486204,22.954676356807585,1
1790037246.3851438,-24.08519183969897,16.553283999654127,-15.255231930425362,22.776218787663527,1
1790037246.482214,-24.303075218542844,16.341775999555352,-15.438866263031342,22.584122892199375,1
1790037246.583979,-24.51188012380577,16.130268000247554,-15.673734452375477,22.354438465543506,1
1790037246.6836843,-24.729763502649647,15.91876000014878,-15.825896247388062,22.099896762110465,1
1790037246.7829614,-24.938568407912573,15.718384000180096,-16.077943657283782,22.011685647827754,1
1790037246.8829975,-25.147373313175503,15.50687600008132,-16.201538840643003,21.73198969442158,1
1790037246.9847324,-25.36525669201937,15.295367999982544,-16.38168264757139,21.64550246967011,1
1790037247.087488,-25.574061594702044,15.08385999988377,-16.674463770866087,21.32044304027375,1
1790037247.1851568,-25.78286649996497,14.872351999784996,-16.791374405620694,21.273632089510215,1
1790037247.2862277,-26.000749878808843,14.660843999686222,-16.924146387614126,21.044822570802392,1
1790037247.3846428,-26.209554784071774,14.438204000248334,-17.179903599943433,20.74477449653292,1
1790037247.4873776,-26.418359689334704,14.22669600014956,-17.28406314596134,20.60983488560111,1
1790037247.5825438,-26.62716459459763,14.015188000050784,-17.464435118371117,20.40240514746062,1
1790037247.6834412,-26.845047973441503,13.80367999995201,-17.67105317997867,20.225548347378105,1
1790037247.7863495,-27.053852878704436,13.581039999723146,-17.8295876209046,20.0530605523372,1
1790037247.8877392,-27.2626577813871,13.369531999624373,-18.133358431893623,19.70628512401606,1
1790037247.9835072,-27.47146268665003,13.146892000186485,-18.187547907840788,19.67187388312822,1
1790037248.0837817,-27.68026759191296,12.935384000087709,-18.472829200020847,19.325242395961453,1
1790037248.1864092,-27.87999402359495,12.712743999858844,-18.591352477868206,19.259795494811403,1
1790037248.286158,-28.070641979115734,12.49010399962998,-18.67255960603199,19.033592538821438,1
1790037248.3862364,-28.24313298747465,12.267464000192092,-18.928922361234104,18.757701903730844,1
1790037248.486232,-28.39746704609141,12.044823999963228,-19.039524537171264,18.581961737610435,1
1790037248.5876594,-28.51548721038442,11.79992000026516,-19.183945343196225,18.471911651302314,1
1790037248.687834,-28.624428901096483,11.543883999646027,-19.128257733921178,18.18747765060441,1
1790037248.7879417,-28.69705669232427,11.27671599968778,-19.311585444425873,17.92348400283706,1
1790037248.8884635,-28.75152753897043,11.009547999729534,-19.26332965860379,17.652989399119424,1
1790037248.9885027,-28.787841433294197,10.720116000302085,-19.244557404754932,17.390412721493522,1
1790037249.0884843,-28.824155330198217,10.43068400008366,-19.281783826758016,17.11826159602648,1
1790037249.1849194,-28.842312279940355,10.141251999865233,-19.296203422486474,16.7243975902972,1
1790037249.285968,-28.86046922710224,9.840688000307694,-19.302386609467977,16.502592296626137,1
1790037249.3870244,-28.87862617426412,9.540123999959178,-19.363882506782186,16.331317785340623,1
1790037249.4883788,-28.88770465042532,9.239559999610664,-19.19761177851698,16.03206432592696,1
1790037249.5834005,-28.89678312400626,8.938996000053123,-19.25702817628722,15.747421219071235,1
1790037249.6850958,-28.9058615975872,8.638431999704608,-19.25327348802323,15.406964834703762,1
1790037249.7859356,-28.91494007116814,8.337868000147068,-19.292847237567667,15.133462345633387,1
1790037249.884793,-28.91494007116814,8.037303999798553,-19.210860599543956,14.76492685725995,1
1790037249.9847188,-28.92401854732934,7.736740000241014,-19.200961911414165,14.542703503137345,1
1790037250.085468,-28.92401854732934,7.436175999892498,-19.083765310222994,14.30817286686865,1
1790037250.1859412,-28.93309702091028,7.135611999543983,-19.15745873050397,13.992626277651517,1
1790037250.2859862,-28.94217549449122,6.835047999986443,-19.140313245671265,13.68669224384204,1
1790037250.385059,-28.94217549449122,6.534483999637928,-19.17229848571727,13.405769118841555,1
1790037250.4861047,-28.94217549449122,6.2339200000803885,-19.130650523644682,13.06762915023144,1
1790037250.5886755,-28.95125396807216,5.933355999731873,-19.051656676353165,12.86679381321843,1
1790037250.6865344,-28.95125396807216,5.632792000174334,-19.142504745829463,12.55737121752433,1
1790037250.7883484,-28.95125396807216,5.332227999825818,-18.9783639493291,12.33342207482025,1
1790037250.8835208,-28.95125396807216,5.031664000268279,-18.95346897538544,11.998219143374426,1
1790037250.985868,-28.95125396807216,4.731099999919763,-19.021861724335807,11.659135712895722,1
1790037251.0876293,-28.95125396807216,4.4416679997013375,-18.937371809523572,11.460363027978525,1
1790037251.183991,-28.95125396807216,4.141104000143798,-18.866555049570582,11.212415238545125,1
1790037251.2846172,-28.95125396807216,3.8405399997952823,-18.91280458331437,10.81195701209979,1
1790037251.3848886,-28.95125396807216,3.5399760002377434,-18.8975072080714,10.60171887081822,1
1790037251.4863038,-28.95125396807216,3.239411999889228,-18.866733710458618,10.278849408683246,1
1790037251.5868185,-28.95125396807216,2.9388479995407124,-18.819284273047362,9.999278077151844,1
1790037251.6865132,-28.95125396807216,2.6271519998530835,-18.838832275699108,9.745507370439176,1
1790037251.7880237,-28.95125396807216,2.326588000295544,-18.802582834359615,9.459043162126807,1
1790037252.1950784,-28.94217549449122,1.6920639999992204,-18.659712632902092,8.825385581177219,1
1790037252.2069204,-28.92401854732934,1.1020680002232552,-18.676367820474976,8.366287568234068,1
1790037252.2971275,-28.89678312400626,0.8126360000048294,-18.66100631750402,7.914656198642059,1
1790037252.3984256,-28.869547700683174,0.5343359999164932,-18.64386561402173,7.761075078225644,1
1790037252.496397,-28.80599838303633,0.2671679999582466,-18.461602123360635,7.503429270883265,1
1790037252.5971062,-28.73337058922829,0.0111320001300896,-18.305061857913444,7.136961419368068,1
1790037252.6970727,-28.624428901096483,-0.2449039996980673,-18.21246663225877,7.109840584411898,1
1790037252.798202,-28.4882517896416,-0.4786760000570211,-18.127623172531916,6.796407962296181,1
1790037252.898636,-28.33391772844457,-0.712448000415975,-17.929863438086574,6.554190969126919,1
1790037252.998755,-28.161426720085664,-0.9462199999839528,-17.711437159655205,6.453738284393881,1
1790037253.0987666,-27.97985723814581,-1.1688600002128169,-17.3971078348716,6.160136345652964,1
1790037253.1992047,-27.78920928004477,-1.391500000441681,-17.178393972941116,5.9733548118609345,1
1790037253.2991552,-27.589482850943035,-1.6141399998795691,-16.96167359351124,5.761469840517096,1
1790037253.396736,-27.389756419261047,-1.8367800001084331,-16.81909879994589,5.57855948851514,1
1790037253.498126,-27.19002999015932,-2.048288000207208,-16.44206640012998,5.408788539219128,1
1790037253.5997858,-26.981225084896387,-2.270928000436072,-16.402584961633032,5.209527049163433,1
1790037253.6988122,-26.77242017963346,-2.4824359997438705,-16.152173143110527,4.942121417235559,1
1790037253.7994215,-26.56361527437053,-2.7050759999727347,-15.855122248248462,4.762835343101399,1
1790037253.8982606,-26.3548103691076,-2.927716000201599,-15.653529353629795,4.556347848664441,1
1790037253.9990587,-26.146005466424928,-3.139224000300373,-15.41705339205874,4.3827335120091755,1
1790037254.0980496,-25.937200561162,-3.350732000399148,-15.2975994061028,4.20033950772568,1
1790037254.198879,-25.72839565589907,-3.573371999837036,-15.016268751580501,3.889605922069573,1
1790037254.2991383,-25.51959075063614,-3.7848799999358103,-14.736645153358353,3.771663841212323,1
1790037254.3996482,-25.31078584537321,-3.996388000034585,-14.534895131544209,3.614803413807312,1
1790037254.4985833,-25.101980942690545,-4.2190280002634495,-14.334210805427785,3.347288690573247,1
1790037254.5988808,-24.89317603742761,-4.430536000362224,-14.062893189981128,3.1710569907553547,1
1790037254.698742,-24.68437113216468,-4.642044000460999,-13.78636092541285,2.92866710659944,1
1790037254.7977118,-24.466487753320813,-4.864683999898887,-13.521885199218133,2.7766019200823093,1
1790037254.8990238,-24.257682848057883,-5.076191999997661,-13.418994780070436,2.4814472689137625,1
1790037254.9983137,-24.04887794279496,-5.287700000096436,-13.091808470868624,2.373905578033276,1
1790037255.0995903,-23.830994563951084,-5.49920800019521,-12.853591844001192,2.189473788607337,1
1790037255.1994247,-23.62218966126841,-5.710716000293985,-12.603804067453776,2.043926196891586,1
1790037255.2999153,-23.404306282424542,-5.92222400039276,-12.428058808860316,1.7437288435753648,1
1790037255.3995228,-23.19550137716161,-6.133731999700558,-12.193886753219953,1.6224050061698692,1
1790037255.4992616,-22.977617998317744,-6.3452399997993325,-11.83457943105719,1.3920465546859229,1
1790037255.5982974,-22.768813093054813,-6.556747999898107,-11.788769288295859,1.1339472533973476,1
1790037255.7026117,-22.550929714210945,-6.768255999996882,-11.461817965061629,0.9977021240779321,1
1790037255.7985718,-22.333046335367072,-6.979764000095656,-11.199120397929219,0.8325217670821273,1
1790037255.8991246,-22.124241430104146,-7.191272000194431,-10.960772969000194,0.6888541059066292,1
1790037255.998055,-21.906358051260277,-7.391648000163116,-10.73679143718198,0.4099184642461495,1
1790037256.0988543,-21.688474672416405,-7.60315600026189,-10.436392424892716,0.18208909341673019,1
1790037256.2005608,-21.470591293572536,-7.803532000230575,-10.197974310306197,0.0811237925074834,1
1790037256.298024,-21.252707914728663,-7.99277600006917,-9.982996504335855,-0.017063294562027487,1
1790037256.3996902,-21.034824535884795,-8.170887999777676,-9.76386734762221,-0.1540801880148171,1
1790037256.4988282,-20.79878420987904,-8.326736000016979,-9.483625487927167,-0.4597349491104898,1
1790037256.597662,-20.56274388129303,-8.449187999866012,-9.208529635192296,-0.5551417651981928,1
1790037256.700534,-20.31762508170634,-8.549376000245843,-8.97921423156916,-0.56396433108364,1
1790037256.796175,-20.05434932979725,-8.627300000365494,-8.627068251763816,-0.6763911716263733,1
1790037256.898116,-19.781995106887475,-8.682960000224966,-8.30807129575673,-0.6255260932177076,1
1790037256.9984531,-19.50056241039676,-8.727487999954349,-7.979536384085235,-0.6841935239189475,1
1790037257.09854,-19.21005123774485,-8.760884000344618,-7.668072940297884,-0.8208778651187825,1
1790037257.198767,-18.91954006509293,-8.78314799981382,-7.436998214804548,-0.7752058731598042,1
1790037257.2993128,-18.61995041886008,-8.805412000074,-7.090843238358698,-0.7653908467546245,1
1790037257.399717,-18.32943924878843,-8.81654400020409,-6.789927346365745,-0.6365647861835615,1
1790037257.4988456,-18.020771128974637,-8.82767600033418,-6.457076934002324,-0.7040585855613462,1
1790037257.5997417,-17.72118148274178,-8.838808000464269,-6.135819985539464,-0.7147330460554416,1
1790037257.6989777,-17.421591836508927,-8.838808000464269,-5.799929224281142,-0.6790266758035856,1
1790037257.7997596,-17.122002190276074,-8.849939999803382,-5.417608321150788,-0.6128633386223147,1
1790037257.89869,-16.822412544043218,-8.861071999933472,-5.136491345882541,-0.6598644575216389,1
1790037257.999303,-16.522822897810364,-8.861071999933472,-4.885200697008997,-0.6764228449769751,1
1790037258.0982745,-16.22323325157751,-8.872204000063562,-4.456731572820366,-0.6228322828902796,1
1790037258.198196,-15.923643605344658,-8.872204000063562,-4.169020651514658,-0.6046172375035955,1
1790037258.2998328,-15.624053961692065,-8.883336000193651,-3.8304963400228758,-0.5825646657343353,1
1790037258.397677,-15.324464315459208,-8.883336000193651,-3.5169323071722123,-0.6435285692647839,1
1790037258.498646,-15.024874669226357,-8.89446800032374,-3.1902058483974667,-0.7660313275438905,1
1790037258.5999525,-14.71620654941256,-8.89446800032374,-2.854289891765254,-0.784490154229001,1
1790037258.6990538,-14.416616903179706,-8.89446800032374,-2.6356639917452376,-0.5624284309119557,1
1790037258.798669,-14.117027256946852,-8.90560000045383,-2.2015446765722944,-0.6371291973596028,1
1790037258.9001772,-13.817437610714,-8.90560000045383,-1.9364914190402436,-0.49301390566430886,1
1790037258.999722,-13.517847964481144,-8.90560000045383,-1.6010354883202984,-0.4322659802519504,1
1790037259.1006913,-13.218258318248292,-8.90560000045383,-1.2525275620342136,-0.5066361011375822,1
1790037259.1998763,-12.91866867201544,-8.90560000045383,-0.8476239270386257,-0.5034195022530423,1
1790037259.2983005,-12.619079025782584,-8.90560000045383,-0.6548078852971829,-0.498521090727845,1
1790037259.3999734,-12.319489379549733,-8.90560000045383,-0.281895910671735,-0.5437766489554909,1
1790037259.5025716,-12.019899735897136,-8.90560000045383,0.03189572142257597,-0.494994799733471,1
1790037259.5998275,-11.720310089664284,-8.89446800032374,0.4143950809821901,-0.4282874856547375,1
1790037259.7003932,-11.411641969850487,-8.89446800032374,0.6874190982009969,-0.4180225459792592,1
1790037259.7983005,-11.112052323617634,-8.89446800032374,1.0363649234659622,-0.36502554257589587,1
1790037259.9001086,-10.81246267738478,-8.89446800032374,1.2998317442240093,-0.43042722100117814,1
1790037259.999787,-10.512873031151926,-8.89446800032374,1.7291365208017209,-0.38181270851718474,1
1790037260.0983322,-10.213283384919071,-8.89446800032374,1.9268671213948703,-0.32204828964868204,1
1790037260.1989486,-9.91369373868622,-8.883336000193651,2.3451934150191076,-0.3923293195279877,1
1790037260.3007178,-9.623182566034307,-8.861071999933472,2.649019519799385,-0.2392386757308247,1
1790037260.4004557,-9.341749869543593,-8.838808000464269,2.9622076002331594,-0.2049925669112663,1
1790037260.500318,-9.06939564663382,-8.78314799981382,3.1701697769310173,-0.1471960276650879,1
1790037260.600331,-8.815198370885927,-8.716355999824259,3.5040272799700642,-0.10388601028508818,1
1790037260.699075,-8.561001095138037,-8.616168000235405,3.841149208249559,0.11139637773281769,1
1790037260.7988167,-8.315882292971086,-8.493716000386371,4.156969817251588,0.24278789181327942,1
1790037260.8986554,-8.088920440546275,-8.349000000277158,4.313261388701136,0.35657905001951895,1
1790037260.9994197,-7.861958588121464,-8.182019999907766,4.608813472254937,0.5293207437630498,1
1790037261.0986352,-7.634996735696653,-8.00390800019926,4.8283541662260525,0.7596338057684339,1
1790037261.1980803,-7.408034880691584,-7.814664000360665,5.070251877752287,0.8883376128070722,1
1790037261.299551,-7.190151501847714,-7.61428800039198,5.2953117171819155,1.1743338407534798,1
1790037261.3997858,-6.972268123003844,-7.425043999762408,5.558700663235259,1.3661405080230924,1
1790037261.4997687,-6.745306270579033,-7.21353600045461,5.8435871911900055,1.5591002992207286,1
1790037261.5994158,-6.527422891735163,-7.013159999694949,6.090266840324288,1.8143070624107083,1
1790037261.7007842,-6.309539512891292,-6.801652000387151,6.233508002970093,2.096430933487647,1
1790037261.8009045,-6.091656134047423,-6.601276000418466,6.512698924975802,2.1591649212369015,1
1790037261.9006498,-5.873772755203552,-6.389768000319691,6.727879318959049,2.419538892031618,1
1790037261.9999256,-5.664967849940624,-6.1782600002209165,7.015941674725051,2.685489307477113,1
1790037262.0993862,-5.447084471096753,-5.966752000122142,7.238816795842855,2.958789408389799,1
1790037262.1999846,-5.229201092252883,-5.766376000153457,7.515257140723981,3.1612929540100105,1
1790037262.2993867,-5.011317713409013,-5.554868000054682,7.761065826335103,3.4049097200201532,1
1790037262.3994143,-4.793434334565142,-5.343359999955908,7.877641449593321,3.5846011097304795,1
1790037262.5003233,-4.584629431882471,-5.131851999857133,8.107631458922864,3.8334977252507474,1
1790037262.5991154,-4.366746053038601,-4.920343999758359,8.458571411711715,4.112478784835729,1
1790037262.699321,-4.148862671614474,-4.70883600045056,8.760693262721766,4.299091604403164,1
1790037262.8008022,-3.9400577689318017,-4.497328000351786,8.910036951448868,4.542181075105839,1
1790037262.8993604,-3.722174390087932,-4.285820000253011,9.15076274452423,4.746320583190374,1
1790037263.000624,-3.504291011244061,-4.074312000154237,9.46923388767058,4.947434359775772,1
1790037263.0991883,-3.295486105981132,-3.862804000055462,9.693237674623777,5.237661258453823,1
1790037263.199739,-3.086681200718203,-3.651295999956688,9.838728938599644,5.48129594184555,1
1790037263.300504,-2.868797821874333,-3.428655999727823,10.16404277979786,5.677676457168811,1
1790037263.401791,-2.659992916611404,-3.217148000420025,10.324694061920729,5.858556633906109,1
1790037263.5008247,-2.442109537767533,-3.0056400003212502,10.578147556146655,6.157195658898549,1
1790037263.5997174,-2.233304632504604,-2.794132000222476,10.790356776331407,6.38046630306225,1
1790037263.7000065,-2.0244997298219327,-2.5714919999936114,11.009500768890858,6.5882843021089705,1
1790037263.8005793,-1.8156948245590037,-2.359983999894837,11.310591168757764,6.949558099360013,1
1790037263.9020934,-1.5978114457151331,-2.1484759997960623,11.479073022111399,7.12987814942253,1
1790037263.999817,-1.3890065404522045,-1.9258360003581745,11.788250948367464,7.3162915827536334,1
1790037264.1007397,-1.180201635189275,-1.7143280002593997,12.020282469621469,7.546843413802006,1
1790037264.1991403,-0.9713967299263458,-1.5028200001606251,12.23966723802327,7.825749660470488,1
1790037264.2992013,-0.7716703008246151,-1.2913120000618503,12.44884390214631,8.038384659283953,1
1790037264.401771,-0.5810223427235678,-1.0909360000931656,12.65530314439912,8.196785827614766,1
1790037264.5011995,-0.4085313343646599,-0.91282400038466,12.830848478049814,8.41777054449639,1
1790037264.6012414,-0.2451188021669504,-0.7458440000152677,13.144700285497212,8.57534604700527,1
1790037264.70122,-0.1089416907120638,-0.6011279999060548,13.223346137524645,8.685402633373359,1
1790037264.798879,0.0090784735809409,-0.4786760000570211,13.363745193616275,8.800750216827655,1
1790037264.8994882,0.1089416881318063,-0.3784880004681668,13.454153436259126,9.009229369269129,1
1790037265.000631,0.1906479555207897,-0.2894320002184258,13.672309682757454,9.244810562644666,1
1790037265.101802,0.2541972757478914,-0.2226400002288642,13.665441422388032,9.260315820770082,1
1790037265.2010436,0.2995896462328536,-0.1669800003693922,13.776738833231432,9.253725205394828,1
1790037265.3009727,0.3268250669756764,-0.1335839999791233,13.837973489107998,9.314974504447834,1
1790037265.401358,0.3540604902987567,-0.1001880003798305,13.873768195974948,9.342131595422213,1
1790037265.5012796,0.3722174400408962,-0.0779240001196512,13.841055196714137,9.324824814052153,1
1790037265.60163,0.381295913621837,-0.055659999859472,13.977362063111936,9.427702653928549,1
1790037265.701637,0.390374387202778,-0.0333960003902689,13.948550143148147,9.481435446680084,1
1790037265.7989323,0.3994528607837189,-0.0222640002601792,14.051089563660815,9.517902247353154,1
1790037265.9021108,0.3994528607837189,-0.0111320001300896,14.003895868220969,9.59908492521008,1
1790037266.0018735,0.4085313343646599,-0.0111320001300896,14.149252604307243,9.579664566617383,1
1790037266.1002886,0.4085313343646599,0.0,14.143161592761265,9.645101314777023,1
1790037266.2012427,0.4085313343646599,0.0111320001300896,14.175792399367229,9.642211734187951,1
1790037266.3001945,0.4176098105258584,0.0111320001300896,14.18260023690803,9.65451673309333,1
1790037266.4018495,0.4176098105258584,0.0222640002601792,14.122797272720504,9.692193937293018,1
1790037266.501174,0.4176098105258584,0.0222640002601792,14.134282009407677,9.634518858462174,1
1790037266.601079,0.4176098105258584,0.0222640002601792,14.291802180299614,9.733450787930805,1
1790037266.7009375,0.4176098105258584,0.0222640002601792,14.325533635226321,9.695039009239583,1
1790037267.1992135,0.4266882841067993,0.0222640002601792,14.32507889229899,9.782340679473636,1
1790037267.2096803,0.4266882841067993,0.0222640002601792,14.390365072860554,9.800113030513453,1
1790037267.2964756,0.4266882841067993,0.0222640002601792,14.46327710354933,9.793035200276467,1
1790037267.3999848,0.4266882841067993,0.0222640002601792,14.449631732013385,9.779478493357793,1
1790037267.4978552,0.4266882841067993,0.0222640002601792,14.478597081480265,9.845906116292081,1
1790037267.6014998,0.4266882841067993,0.0111320001300896,14.444060758777317,9.840661652264785,1
1790037267.7012568,0.4266882841067993,0.0111320001300896,14.496857472722303,9.856110835721074,1
1790037267.8024406,0.4266882841067993,0.0111320001300896,14.619498819582816,9.88210730080831,1
1790037267.899261,0.4266882841067993,0.0111320001300896,14.54253012934638,9.798817215206705,1
1790037268.0003097,0.4266882841067993,0.0111320001300896,14.534846843966234,9.90792383920762,1
1790037268.1021483,0.4266882841067993,0.0111320001300896,14.570290964196298,10.00768655453871,1
1790037268.1977687,0.4266882841067993,0.0111320001300896,14.619835001540878,10.01947706874314,1
1790037268.2994578,0.4266882841067993,0.0,14.656156772322527,9.963282189492025,1
1790037268.4009168,0.4176098105258584,0.0,14.664486355304017,9.97906896228057,1
1790037268.501633,0.4176098105258584,0.0,14.779616471055778,9.880229130294914,1
1790037268.5971482,0.4176098105258584,-0.0111320001300896,14.617071887655818,9.97435471416278,1
1790037268.7015078,0.4176098105258584,-0.0111320001300896,14.743521489457597,10.053975943800289,1
1790037268.7976315,0.4085313343646599,-0.0111320001300896,14.780992955571847,10.016798712910433,1
1790037268.8980796,0.4085313343646599,-0.0222640002601792,14.832975468026593,10.09367318298372,1
1790037268.9986413,0.4085313343646599,-0.0222640002601792,14.815938751614402,10.107600223934773,1
1790037269.0980892,0.4085313343646599,-0.0222640002601792,14.844807024524311,10.048505496888426,1
1790037269.197832,0.3994528607837189,-0.0333960003902689,14.88149850724941,10.088141355543177,1
1790037269.3000553,0.3994528607837189,-0.0333960003902689,14.87179555026312,10.173848216406993,1
1790037269.399887,0.3994528607837189,-0.0333960003902689,14.773718183215374,10.046494683074414,1
1790037269.5007005,0.3994528607837189,-0.0333960003902689,14.861682716387838,10.116563114493474,1
1790037269.6021888,0.390374387202778,-0.0445279997293823,14.924167672897243,10.065691263294893,1
1790037269.6978507,0.390374387202778,-0.0445279997293823,14.911148666791231,10.114476281581537,1
1790037269.7984607,0.390374387202778,-0.0445279997293823,15.108002243531837,10.264917723532308,1
1790037269.899583,0.390374387202778,-0.0445279997293823,14.98939394916263,10.174051885816393,1
1790037270.0005164,0.381295913621837,-0.0445279997293823,14.968246665601614,10.114192420727987,1
1790037270.1014936,0.381295913621837,-0.055659999859472,15.04467755575458,10.165949781825077,1
1790037270.202012,0.381295913621837,-0.055659999859472,15.070981010330318,10.153128595425002,1
1790037270.3026965,0.381295913621837,-0.055659999859472,15.061867564698996,10.257895303199266,1
1790037270.4005582,0.381295913621837,-0.055659999859472,15.142325867407024,10.288176907410687,1
1790037270.5026112,0.3722174400408962,-0.055659999859472,15.073991523866582,10.327598142239681,1
1790037270.6018858,0.3722174400408962,-0.055659999859472,15.124401694383621,10.333589228926467,1
1790037270.702018,0.3722174400408962,-0.0667919999895616,15.188487400902915,10.239225003880438,1
1790037270.802478,0.3722174400408962,-0.0667919999895616,15.19789706671479,10.343599021608421,1
1790037270.9015057,0.3722174400408962,-0.0667919999895616,15.268690827535407,10.33532141479871,1
1790037271.0028045,0.3631389638796977,-0.0667919999895616,15.330446764836106,10.410177131190968,1
1790037271.1012828,0.3631389638796977,-0.0667919999895616,15.26522572895675,10.414253135930167,1
1790037271.2024145,0.3631389638796977,-0.0667919999895616,15.399600775177442,10.492173299539218,1
1790037271.302522,0.3631389638796977,-0.0667919999895616,15.266112069003746,10.365048193070631,1
1790037271.4024944,0.3631389638796977,-0.0667919999895616,15.426325802387312,10.37566335484786,1
1790037271.4980707,0.3631389638796977,-0.0667919999895616,15.309440259482406,10.420713792566216,1
1790037271.6028252,0.3631389638796977,-0.0667919999895616,15.422321597673507,10.4579290686525,1
1790037271.7031596,0.3631389638796977,-0.0667919999895616,15.39343882129092,10.446603116190525,1
1790037271.7998805,0.3631389638796977,-0.0667919999895616,15.414118894312965,10.452981312422315,1
1790037271.900782,0.3631389638796977,-0.0667919999895616,15.588613517879962,10.52919478209603,1
1790037272.0000854,0.3631389638796977,-0.0667919999895616,15.543273163714069,10.506952755640043,1
1790037272.1012356,0.3631389638796977,-0.0667919999895616,15.514494613320784,10.513134154134145,1
1790037272.1985972,0.3631389638796977,-0.0667919999895616,15.41513320784621,10.496664679144754,1
1790037272.3006144,0.3540604902987567,-0.0667919999895616,15.473179487601765,10.47063034654133,1
1790037272.402613,0.3540604902987567,-0.0667919999895616,15.529008173430482,10.666918511879832,1
1790037272.503219,0.3540604902987567,-0.0667919999895616,15.611277788245998,10.682510479232521,1
1790037272.5976093,0.3540604902987567,-0.0667919999895616,15.657244750321247,10.67335226385518,1
1790037272.7004354,0.3540604902987567,-0.0667919999895616,15.616919839256086,10.678115461857674,1
1790037272.8029268,0.3540604902987567,-0.0667919999895616,15.72358720746095,10.640721541476276,1
1790037272.8984053,0.3540604902987567,-0.0667919999895616,15.738591945353239,10.714292565320818,1
1790037273.0000174,0.3540604902987567,-0.0667919999895616,15.708108021401902,10.647329446103402,1
1790037273.1003408,0.3540604902987567,-0.0667919999895616,15.701033280820193,10.725056092939068,1
1790037273.2015877,0.3540604902987567,-0.0667919999895616,15.801471156120401,10.698526363757168,1
1790037273.3027651,0.3540604902987567,-0.0667919999895616,15.811313845229968,10.784089408137403,1
1790037273.4029326,0.3540604902987567,-0.0667919999895616,15.865509840784389,10.850392679861713,1
1790037273.4977791,0.3540604902987567,-0.0667919999895616,15.92175745478806,10.739054615229717,1
1790037273.5995855,0.3449820167178158,-0.0667919999895616,15.958027726820847,10.78008848765234,1
1790037273.6992958,0.3449820167178158,-0.0667919999895616,15.950595407620481,10.827194075021879,1
1790037273.8026342,0.3449820167178158,-0.0667919999895616,15.903139276217576,10.751191655858742,1
1790037273.903546,0.3449820167178158,-0.0667919999895616,15.939967165495922,10.780971535855196,1
1790037274.0003183,0.3449820167178158,-0.0667919999895616,16.020691694940066,10.951432205513443,1
1790037274.100845,0.3449820167178158,-0.0667919999895616,15.957185206182704,10.907989052560772,1
1790037274.2019184,0.3449820167178158,-0.0667919999895616,15.985599491060054,10.878858251885713,1
1790037274.3027213,0.3449820167178158,-0.0667919999895616,16.08536567244382,10.925701025473023,1
1790037274.4044647,0.3449820167178158,-0.0667919999895616,16.158626348249364,10.921023609941336,1
1790037274.5041802,0.3449820167178158,-0.0667919999895616,16.14611540241739,10.96716423792201,1
1790037274.601943,0.3449820167178158,-0.0667919999895616,16.159962271201426,10.956758019912854,1
1790037274.7027893,0.3449820167178158,-0.0667919999895616,16.142477962364964,10.990693875606878,1
1790037274.8025684,0.3449820167178158,-0.0667919999895616,16.127673331756526,11.046742183475992,1
1790037274.8989832,0.3449820167178158,-0.0667919999895616,16.225682153029336,11.05990621947804,1
1790037274.9982753,0.3449820167178158,-0.0667919999895616,16.29441856867894,11.119781197110784,1
1790037275.098053,0.3449820167178158,-0.0667919999895616,16.22334298320496,11.083135613993461,1
1790037275.198016,0.3449820167178158,-0.0667919999895616,16.235475639627456,11.082851681623385,1
1790037275.2981038,0.3449820167178158,-0.0667919999895616,16.261264359355025,11.17990984632142,1
1790037275.397817,0.3449820167178158,-0.0667919999895616,16.333940793065768,11.105162797603194,1
1790037275.4979253,0.3449820167178158,-0.0667919999895616,16.40003801062955,11.024759426748602,1
1790037275.5979774,0.3449820167178158,-0.0667919999895616,16.26423932146608,11.190298391238768,1
1790037275.6979804,0.3449820167178158,-0.0667919999895616,16.39254317318191,11.180236583501182,1
1790037275.8033924,0.3449820167178158,-0.0667919999895616,16.3491044837653,11.184691135835727,1
1790037275.8986433,0.3449820167178158,-0.0667919999895616,16.53900723676095,11.24345289443073,1
1790037276.0027502,0.3449820167178158,-0.0667919999895616,16.472900908241854,11.198204197875484,1
1790037276.100812,0.3449820167178158,-0.0667919999895616,16.468785195572988,11.130570780257106,1
1790037276.2006052,0.3359035431368748,-0.0667919999895616,16.516841125716734,11.296476537813918,1
1790037276.301441,0.3359035431368748,-0.0667919999895616,16.4499580938664,11.238482649450074,1
1790037276.4027474,0.3359035431368748,-0.0667919999895616,16.49576144145907,11.240718030107967,1
1790037276.5035255,0.3359035431368748,-0.0667919999895616,16.581074531108666,11.202106665631717,1
1790037276.6035714,0.3359035431368748,-0.0667919999895616,16.63369981750971,11.361234721457253,1
1790037276.6996064,0.3359035431368748,-0.0667919999895616,16.614031347061946,11.216031567010983,1
1790037276.802559,0.3359035431368748,-0.0667919999895616,16.60206566557836,11.41942742424732,1
1790037276.9028242,0.3359035431368748,-0.0667919999895616,16.53762663176068,11.357659094864934,1
1790037277.002741,0.3359035431368748,-0.0667919999895616,16.642080455334952,11.432456780400706,1
1790037277.104212,0.3359035431368748,-0.0667919999895616,16.692260836817713,11.429886369655978,1
1790037277.1995564,0.3359035431368748,-0.0667919999895616,16.777720000098412,11.517906134618796,1
1790037277.3033822,0.3268250669756764,-0.0667919999895616,16.75573614255161,11.46276267212585,1
1790037277.399125,0.3268250669756764,-0.0667919999895616,16.715158873509015,11.51995590026403,1
1790037277.5038776,0.3359035431368748,-0.0667919999895616,16.78620715855325,11.450422590573776,1
1790037277.6003091,0.3359035431368748,-0.0667919999895616,16.846817827788353,11.416909331273885,1
1790037277.7003646,0.3268250669756764,-0.0667919999895616,16.874878432253148,11.560643697781904,1
1790037277.802357,0.3268250669756764,-0.0667919999895616,16.903150799177848,11.450375631738579,1
1790037277.9065533,0.3268250669756764,-0.0667919999895616,16.907919429400312,11.584851319555167,1
1790037278.002941,0.3268250669756764,-0.0667919999895616,16.843897291773626,11.51059727480742,1
1790037278.1027126,0.3268250669756764,-0.0667919999895616,17.006142377232354,11.595008362596362,1
1790037278.203522,0.3268250669756764,-0.0667919999895616,17.007687228163356,11.691824889125662,1
1790037278.3049598,0.3268250669756764,-0.0667919999895616,17.03544418409443,11.649199250035556,1
1790037278.4049506,0.3268250669756764,-0.0667919999895616,17.172126132990424,11.622820339325171,1
1790037278.504759,0.3268250669756764,-0.0667919999895616,17.02122220831421,11.672074720439328,1
1790037278.6028528,0.3268250669756764,-0.0667919999895616,17.107172006249197,11.641228409667452,1
1790037278.7038803,0.3268250669756764,-0.0667919999895616,17.058429665973495,11.800440496453339,1
1790037278.8050342,0.3268250669756764,-0.0667919999895616,17.151249805511693,11.665739845816162,1
1790037278.9049463,0.3268250669756764,-0.0667919999895616,17.205257123761076,11.714089036647378,1
1790037279.000729,0.3268250669756764,-0.0667919999895616,17.170354728644643,11.76414155751487,1
1790037279.1028843,0.3268250669756764,-0.0667919999895616,17.14350888193375,11.771237420263924,1
1790037279.2033207,0.3268250669756764,-0.0667919999895616,17.328432552500274,11.794197337335843,1
1790037279.3000338,0.3268250669756764,-0.0667919999895616,17.23774101866636,11.762174890945415,1
1790037279.3999562,0.3268250669756764,-0.0667919999895616,17.26059012122684,11.792025964495117,1
1790037279.5030613,0.3268250669756764,-0.0667919999895616,17.287554411475625,11.86828126172877,1
1790037279.6031451,0.3268250669756764,-0.0667919999895616,17.24437944463825,11.882787409811083,1
1790037279.7039645,0.3268250669756764,-0.0667919999895616,17.336831486363742,11.87588307749936,1
1790037279.800029,0.3268250669756764,-0.0667919999895616,17.32307386318244,11.939997353254283,1
1790037279.900457,0.3268250669756764,-0.0667919999895616,17.46638471421791,11.938826243443414,1
1790037280.0017867,0.3268250669756764,-0.0667919999895616,17.35326658211681,11.949738886979803,1
1790037280.1019492,0.3268250669756764,-0.0667919999895616,17.47386157177901,11.845254527061924,1
1790037280.202675,0.3268250669756764,-0.0667919999895616,17.477156893625445,11.961077012843925,1
1790037280.303804,0.3268250669756764,-0.0667919999895616,17.5310274895626,11.969114888611847,1
1790037280.404808,0.3268250669756764,-0.0667919999895616,17.542606617033943,12.051312465473533,1
1790037280.5011566,0.3268250669756764,-0.0667919999895616,17.613023968829765,11.850858121100933,1
1790037280.6007855,0.3268250669756764,-0.0667919999895616,17.560333716947063,12.00312175859623,1
1790037280.7016356,0.3268250669756764,-0.0667919999895616,17.51338418702605,12.033417036083655,1
1790037280.8024292,0.3268250669756764,-0.0667919999895616,17.688196589350543,11.991723340375184,1
1790037280.9032726,0.3268250669756764,-0.0667919999895616,17.667360578109005,12.01761298397776,1
1790037281.0038974,0.3268250669756764,-0.0667919999895616,17.64167303311163,12.154588643762107,1
1790037281.1004505,0.3268250669756764,-0.0667919999895616,17.67186824092719,12.120443759212534,1
1790037281.2005742,0.3268250669756764,-0.0667919999895616,17.630040172398324,12.20767758168626,1
1790037281.301972,0.3268250669756764,-0.0667919999895616,17.778651753455044,12.122884519988943,1
1790037281.404748,0.3268250669756764,-0.0667919999895616,17.802553220217643,12.07920351692211,1
1790037281.5017138,0.3268250669756764,-0.0667919999895616,17.856731349286264,12.150180437242243,1
1790037281.603572,0.3268250669756764,-0.0667919999895616,17.812432527292366,12.159323923789634,1
1790037281.700739,0.3268250669756764,-0.0667919999895616,17.81748180061852,12.23536004819072,1
1790037282.1913557,0.3268250669756764,-0.0667919999895616,17.97987663927279,12.317635795131672,1
1790037282.2033489,0.3268250669756764,-0.0667919999895616,17.969588831157257,12.31277207849105,1
1790037282.2967644,0.3268250669756764,-0.0667919999895616,17.972042577462034,12.41467295866673,1
1790037282.3977976,0.3268250669756764,-0.0667919999895616,17.939416962175923,12.383618313467684,1
1790037282.4980445,0.3268250669756764,-0.0667919999895616,18.110844092997496,12.295213285969133,1
1790037282.5974147,0.3268250669756764,-0.0667919999895616,18.178332201846825,12.404694669056736,1
1790037282.6984258,0.3268250669756764,-0.0667919999895616,18.14024849109958,12.373702529593364,1
1790037282.797254,0.3268250669756764,-0.0667919999895616,18.10511685790786,12.378836656835023,1
1790037282.897493,0.3268250669756764,-0.0667919999895616,18.160137941027887,12.476614796053532,1
1790037282.9972482,0.3268250669756764,-0.0667919999895616,18.17419154632927,12.378148485781688,1
1790037283.0957034,0.3268250669756764,-0.0667919999895616,18.23054211976509,12.486719677477753,1
1790037283.1950178,0.3268250669756764,-0.0667919999895616,18.246459833790944,12.495026414186537,1
1790037283.2958255,0.3268250669756764,-0.0667919999895616,18.224953492757166,12.428648281184072,1
1790037283.3975372,0.3268250669756764,-0.0667919999895616,18.22008544412273,12.410826416052968,1
1790037283.4959805,0.3268250669756764,-0.0667919999895616,18.29953454792572,12.505366561264808,1
1790037283.595541,0.3268250669756764,-0.0667919999895616,18.290154288054826,12.378889726107126,1
1790037283.6969073,0.3268250669756764,-0.0667919999895616,18.274698118812726,12.600155093048832,1
1790037283.797345,0.3268250669756764,-0.0667919999895616,18.32851480201423,12.579425243646346,1
1790037283.8986557,0.3268250669756764,-0.0667919999895616,18.317108497990194,12.65076376812136,1
1790037283.9958618,0.3268250669756764,-0.0667919999895616,18.403329363009707,12.610057055061894,1
1790037284.095801,0.3268250669756764,-0.0667919999895616,18.551379391557802,12.68857389650011,1
1790037284.196052,0.3268250669756764,-0.0667919999895616,18.444398354398803,12.600341358636523,1
1790037284.296827,0.3268250669756764,-0.0667919999895616,18.468214399909847,12.672837930506617,1
1790037284.398336,0.3268250669756764,-0.0667919999895616,18.504175799800727,12.645047737166356,1
1790037284.497769,0.3268250669756764,-0.0667919999895616,18.60723133775076,12.67620920917099,1
1790037284.595365,0.3268250669756764,-0.0667919999895616,18.672835501563764,12.70325044968414,1
1790037284.6954498,0.3268250669756764,-0.0667919999895616,18.671717362669575,12.733801174349033,1
1790037284.7965484,0.3268250669756764,-0.0667919999895616,18.65544399370763,12.697100972286027,1
1790037284.897025,0.3268250669756764,-0.0667919999895616,18.589299722448214,12.773606150060417,1
1790037284.9954777,0.3268250669756764,-0.0667919999895616,18.705609632416976,12.769574699349931,1
1790037285.097472,0.3268250669756764,-0.0667919999895616,18.61692694945837,12.717099409950373,1
1790037285.1983876,0.3268250669756764,-0.0667919999895616,18.634689379414677,12.714096077796997,1
1790037285.297568,0.3268250669756764,-0.0667919999895616,18.73589363045925,12.875795651966007,1
1790037285.3987138,0.3268250669756764,-0.0667919999895616,18.754604696110828,12.723927162688096,1
1790037285.4983714,0.3268250669756764,-0.0667919999895616,18.77022786463345,12.845956314952762,1
1790037285.5955312,0.3268250669756764,-0.0667919999895616,18.90844243516286,12.797957951448296,1
1790037285.6963584,0.3268250669756764,-0.0667919999895616,18.80888646382437,12.97345711588328,1
1790037285.7967618,0.3268250669756764,-0.0667919999895616,18.875592933735533,12.93360682716145,1
1790037285.8971677,0.3268250669756764,-0.0667919999895616,18.8834975557268,12.939215493327291,1
1790037285.9967985,0.3268250669756764,-0.0667919999895616,18.94113265046681,12.899387769836217,1
1790037286.097567,0.3268250669756764,-0.0667919999895616,18.97091853598232,12.888551477453968,1
1790037286.1966078,0.3268250669756764,-0.0667919999895616,18.96777283471391,12.983180908024362,1
1790037286.2981875,0.3268250669756764,-0.0667919999895616,18.94550253901519,12.990588706966461,1
1790037286.3989766,0.3268250669756764,-0.0667919999895616,18.969958657643065,12.955480975090042,1
1790037286.4980185,0.3268250669756764,-0.0667919999895616,19.007744050182684,12.970909046353263,1
1790037286.598191,0.3268250669756764,-0.0667919999895616,19.066181617752203,12.985841182472397,1
1790037286.6975508,0.3268250669756764,-0.0667919999895616,19.110057818580596,13.00136862730875,1
1790037286.7979014,0.3268250669756764,-0.0667919999895616,19.07080494590517,13.046480035314215,1
1790037286.8975396,0.3268250669756764,-0.0667919999895616,19.18986268450515,13.111369744179125,1
1790037286.9991264,0.3268250669756764,-0.0667919999895616,19.137983172996258,13.13727156058599,1
1790037287.0980303,0.3268250669756764,-0.0667919999895616,19.067515443948764,13.12719759204202,1
1790037287.1956785,0.3268250669756764,-0.0667919999895616,19.296747373182143,13.152774199139877,1
1790037287.2973812,0.3268250669756764,-0.0667919999895616,19.225260312707924,13.191063572772533,1
1790037287.399199,0.3268250669756764,-0.0667919999895616,19.29166620549726,13.081303914376932,1
1790037287.4982288,0.3268250669756764,-0.0667919999895616,19.187105753122697,13.208732157969882,1
1790037287.5983884,0.3268250669756764,-0.0667919999895616,19.260092042524274,13.281053620214017,1
1790037287.6970494,0.3268250669756764,-0.0667919999895616,19.304322645780648,13.135702698442952,1
1790037287.797085,0.3268250669756764,-0.0667919999895616,19.28126399587324,13.112158864735008,1
1790037287.8971014,0.3268250669756764,-0.0667919999895616,19.35753699547591,13.257433566785172,1
1790037287.9982443,0.3268250669756764,-0.0667919999895616,19.3728755567373,13.338200677469658,1
1790037288.0988336,0.3268250669756764,-0.0667919999895616,19.478744057215664,13.29304599577922,1
1790037288.1980815,0.3268250669756764,-0.0667919999895616,19.336473126039433,13.349507378591865,1
1790037288.299266,0.3268250669756764,-0.0667919999895616,19.495841494031033,13.351524009887022,1
1790037288.3968842,0.3268250669756764,-0.0667919999895616,19.541136690667347,13.294610459653455,1
1790037288.4995117,0.3268250669756764,-0.0667919999895616,19.6177207343198,13.32253989425342,1
1790037288.5989647,0.3268250669756764,-0.0667919999895616,19.579184243069186,13.303257061640043,1
1790037288.6990738,0.3268250669756764,-0.0667919999895616,19.519811234604717,13.480668945003085,1
1790037288.7968717,0.3268250669756764,-0.0667919999895616,19.577312875515748,13.463675009160092,1
1790037288.8973062,0.3268250669756764,-0.0667919999895616,19.626886984147546,13.433713037058284,1
1790037288.9992645,0.3268250669756764,-0.0667919999895616,19.708287529738747,13.444672262807691,1
1790037289.0975437,0.3268250669756764,-0.0667919999895616,19.575209799667476,13.433254395929001,1
1790037289.1982796,0.3268250669756764,-0.0667919999895616,19.71656169769093,13.510525777884535,1
1790037289.2977982,0.3268250669756764,-0.0667919999895616,19.635105442780656,13.47165764302671,1
1790037289.3985467,0.3268250669756764,-0.0667919999895616,19.70913079932947,13.506937385676569,1
1790037289.4975448,0.3268250669756764,-0.0667919999895616,19.693749528727658,13.510827197994425,1
1790037289.597676,0.3268250669756764,-0.0667919999895616,19.750721505053587,13.598052298055284,1
1790037289.699036,0.3268250669756764,-0.0667919999895616,19.852516831943557,13.569626397631685,1
1790037289.7986414,0.3268250669756764,-0.0667919999895616,19.81693640610387,13.601052556833837,1
1790037289.899473,0.3268250669756764,-0.0667919999895616,19.82048854145312,13.554065110342195,1
1790037289.9981697,0.3268250669756764,-0.0667919999895616,19.83856051958336,13.596649088185131,1
1790037290.0970886,0.3268250669756764,-0.0667919999895616,19.851706779421967,13.653513991927582,1
1790037290.1961532,0.3268250669756764,-0.0667919999895616,19.97071094116818,13.583102433034695,1
1790037290.2986252,0.3268250669756764,-0.0667919999895616,19.9606636539598,13.669093227195132,1
1790037290.3976562,0.3268250669756764,-0.0667919999895616,20.000819079508144,13.696483628074338,1
1790037290.4998257,0.3268250669756764,-0.0667919999895616,19.93617139103872,13.651591709208601,1
1790037290.599025,0.3268250669756764,-0.0667919999895616,20.034700325412732,13.783219733580687,1
1790037290.698761,0.3268250669756764,-0.0667919999895616,19.9470294564897,13.766228878164124,1
1790037290.7988596,0.3268250669756764,-0.0667919999895616,20.141818719591228,13.758515516552961,1
1790037290.8991137,0.3268250669756764,-0.0667919999895616,20.134484739301765,13.748264366057771,1
1790037290.9989064,0.3268250669756764,-0.0667919999895616,20.125529927441114,13.719543769809206,1
1790037291.098858,0.3268250669756764,-0.0667919999895616,20.038843774631932,13.864926725338751,1
1790037291.197793,0.3268250669756764,-0.0667919999895616,20.131124008600022,13.812036059318757,1
1790037291.2988615,0.3268250669756764,-0.0667919999895616,20.135888782029248,13.781705118864805,1
1790037291.3996234,0.3268250669756764,-0.0667919999895616,20.221280802243097,13.833063138118861,1
1790037291.4987144,0.3268250669756764,-0.0667919999895616,20.273222428740493,13.909219806692382,1
1790037291.599558,0.3268250669756764,-0.0667919999895616,20.295148250191797,13.915875390803077,1
1790037291.6972425,0.3268250669756764,-0.0667919999895616,20.381999686827445,13.867374500958405,1
1790037291.798114,0.3268250669756764,-0.0667919999895616,20.325153277372948,13.994745945919771,1
1790037291.8992243,0.3268250669756764,-0.0667919999895616,20.415974404162498,13.884421604318778,1
1790037291.9994652,0.3268250669756764,-0.0667919999895616,20.3617634143188,14.040664594922657,1
1790037292.0992458,0.3268250669756764,-0.0667919999895616,20.427305776459747,13.999691225030666,1
1790037292.1996467,0.3268250669756764,-0.0667919999895616,20.415690673338744,13.988014308547031,1
1790037292.2986414,0.3268250669756764,-0.0667919999895616,20.465313382268665,14.011619962245943,1
1790037292.3985603,0.3268250669756764,-0.0667919999895616,20.47332811524569,14.045361931850843,1
1790037292.498928,0.3268250669756764,-0.0667919999895616,20.46621841262945,14.085309044086571,1
1790037292.601014,0.3268250669756764,-0.0667919999895616,20.67092136607659,13.987419451188465,1
1790037292.6993537,0.3268250669756764,-0.0667919999895616,20.565576333360116,14.055180895657578,1
1790037292.7980614,0.3268250669756764,-0.0667919999895616,20.602502814385044,14.112503192855705,1
1790037292.8979418,0.3268250669756764,-0.0667919999895616,20.63627060835346,14.1861373709779,1
1790037292.9983325,0.3268250669756764,-0.0667919999895616,20.63246949296667,14.201239173857415,1
1790037293.0990062,0.3268250669756764,-0.0667919999895616,20.53037365652552,14.241482388747187,1
1790037293.1976895,0.3268250669756764,-0.0667919999895616,20.6905926609554,14.232832676150295,1
1790037293.2986794,0.3268250669756764,-0.0667919999895616,20.63566357101964,14.154779628356222,1
1790037293.399339,0.3268250669756764,-0.0667919999895616,20.728690930276773,14.212787021886658,1
1790037293.5005898,0.3268250669756764,-0.0667919999895616,20.760429406271303,14.28528721126862,1
1790037293.599172,0.3268250669756764,-0.0667919999895616,20.682241120955837,14.296715746556954,1
1790037293.7007792,0.3268250669756764,-0.0667919999895616,20.795885727458135,14.255319528706682,1
1790037293.7981985,0.3268250669756764,-0.0667919999895616,20.7458562265105,14.307424273109088,1
1790037293.9012,0.3268250669756764,-0.0667919999895616,20.724018785698785,14.332415326513196,1
1790037293.99908,0.3268250669756764,-0.0667919999895616,20.794172439244317,14.319511000550753,1
1790037294.0983531,0.3268250669756764,-0.0667919999895616,20.887215243748937,14.392397243595472,1
1790037294.1982124,0.3268250669756764,-0.0667919999895616,20.908780896768416,14.316396479877497,1
1790037294.2984035,0.3268250669756764,-0.0667919999895616,20.917005047749686,14.431987725410606,1
1790037294.396715,0.3268250669756764,-0.0667919999895616,20.993309632254014,14.365978822809815,1
1790037294.4969292,0.3268250669756764,-0.0667919999895616,20.979299673386915,14.324145625857014,1
1790037294.6009178,0.3268250669756764,-0.0667919999895616,21.036100458372857,14.332407326350996,1
1790037294.701345,0.3268250669756764,-0.0667919999895616,21.078946103367926,14.44410998552828,1
1790037294.8004897,0.3268250669756764,-0.0667919999895616,21.185068244469765,14.39973224684659,1
1790037294.8992655,0.3268250669756764,-0.0667919999895616,21.08486128512901,14.56165006193948,1
1790037294.999818,0.3268250669756764,-0.0667919999895616,21.17427422194977,14.454227447834098,1
1790037295.1005054,0.3268250669756764,-0.0667919999895616,21.150646565138803,14.506463571095399,1
1790037295.197696,0.3268250669756764,-0.0667919999895616,21.177430155242522,14.48815345605978,1
1790037295.2982922,0.3268250669756764,-0.0667919999895616,21.183587414020494,14.460494740260172,1
1790037295.3982866,0.3268250669756764,-0.0667919999895616,21.219382797064117,14.58010472579165,1
1790037295.4985583,0.3268250669756764,-0.0667919999895616,21.225896984695794,14.494105193209101,1
1790037295.6015048,0.3268250669756764,-0.0667919999895616,21.311993204127244,14.610798299035364,1
1790037295.7007031,0.3268250669756764,-0.0667919999895616,21.250643413336523,14.595611374134238,1
1790037295.7996728,0.3268250669756764,-0.0667919999895616,21.236232067202558,14.575400896084705,1
1790037295.89985,0.3268250669756764,-0.0667919999895616,21.308993040524054,14.705330201628067,1
1790037295.9990923,0.3268250669756764,-0.0667919999895616,21.328296834743625,14.692996783016898,1
1790037296.0996656,0.3268250669756764,-0.0667919999895616,21.35807164175692,14.690689420821203,1
1790037296.1973648,0.3268250669756764,-0.0667919999895616,21.401926818097927,14.738756254511031,1
1790037296.298638,0.3268250669756764,-0.0667919999895616,21.407143495085535,14.633903405260929,1
1790037296.4000146,0.3268250669756764,-0.0667919999895616,21.389699448828154,14.703380100309706,1
1790037296.4996698,0.3268250669756764,-0.0667919999895616,21.42083371815234,14.767632529766386,1
1790037296.5995388,0.3268250669756764,-0.0667919999895616,21.484540680250234,14.883037010228463,1
1790037296.7003727,0.3268250669756764,-0.0667919999895616,21.445722845567975,14.791839125135153,1
1790037296.8001924,0.3268250669756764,-0.0667919999895616,21.500741167760214,14.774163660670839,1
1790037297.2050314,0.3268250669756764,-0.0667919999895616,21.66369721048684,14.752226998905872,1
1790037297.216432,0.3268250669756764,-0.0667919999895616,21.671269214578118,14.965602692560502,1
1790037297.3094902,0.3268250669756764,-0.0667919999895616,21.659624615957448,14.899460493895981,1
1790037297.40909,0.3268250669756764,-0.0667919999895616,21.75801883886783,14.895410862140903,1
1790037297.5083957,0.3268250669756764,-0.0667919999895616,21.702128667665864,14.806909527719245,1
1790037297.6102307,0.3268250669756764,-0.0667919999895616,21.788251720647306,14.932560976477513,1
1790037297.7107148,0.3268250669756764,-0.0667919999895616,21.730261526940488,14.96183983171249,1
1790037297.8128452,0.3268250669756764,-0.0667919999895616,21.77680980266112,14.946662569151849,1
1790037297.91339,0.3268250669756764,-0.0667919999895616,21.86101679508047,14.923465774823537,1
1790037298.0083485,0.3268250669756764,-0.0667919999895616,21.906403647156125,14.936840382176099,1
1790037298.109204,0.3268250669756764,-0.0667919999895616,21.84568763098548,15.12022651681778,1
1790037298.2090063,0.3268250669756764,-0.0667919999895616,21.959716406002677,15.046132673376526,1
1790037298.3117623,0.3268250669756764,-0.0667919999895616,21.881573999136545,15.032470388532573,1
1790037298.4105823,0.3268250669756764,-0.0667919999895616,21.95654885004005,15.077814407541053,1
1790037298.5132203,0.3268250669756764,-0.0667919999895616,21.97356437761215,15.092057842770751,1
1790037298.6128433,0.3268250669756764,-0.0667919999895616,21.991871075204905,15.03864294724173,1
1790037298.7064793,0.3268250669756764,-0.0667919999895616,21.999774938654816,15.17258531386204,1
1790037298.8069508,0.3268250669756764,-0.0667919999895616,21.981874190430684,15.134664760475049,1
1790037298.9087436,0.3268250669756764,-0.0667919999895616,22.03431834596819,15.16722584508763,1
1790037299.0109472,0.3268250669756764,-0.0667919999895616,22.080990471573138,15.253114481168268,1
1790037299.1110835,0.3268250669756764,-0.0667919999895616,22.150359339891544,15.13088538283052,1
1790037299.2102327,0.3268250669756764,-0.0667919999895616,22.18295707039371,15.174803846417657,1
1790037299.306588,0.3268250669756764,-0.0667919999895616,22.144224718915765,15.24580751187605,1
1790037299.4098015,0.3268250669756764,-0.0667919999895616,22.173851443313154,15.292519609513956,1
1790037299.506776,0.3268250669756764,-0.0667919999895616,22.183544396546807,15.233616196654998,1
1790037299.606665,0.3268250669756764,-0.0667919999895616,22.213998589748524,15.253469745718393,1
1790037299.7063527,0.3268250669756764,-0.0667919999895616,22.32627455536706,15.33034507226979,1
1790037299.809189,0.3268250669756764,-0.0667919999895616,22.382083762219143,15.429982823454354,1
1790037299.9109323,0.3268250669756764,-0.0667919999895616,22.270053663233867,15.337628823911663,1
1790037300.0134845,0.3268250669756764,-0.0667919999895616,22.287981246265815,15.312874024570647,1
1790037300.1100788,0.3268250669756764,-0.0667919999895616,22.33902477034772,15.31551784735092,1
1790037300.2094238,0.3268250669756764,-0.0667919999895616,22.342348122499242,15.378255952083206,1
1790037300.3101594,0.3268250669756764,-0.0667919999895616,22.358861912844723,15.444910399980541,1
1790037300.4102943,0.3268250669756764,-0.0667919999895616,22.398417856906796,15.560512997576025,1
1790037300.5113094,0.3268250669756764,-0.0667919999895616,22.446560326704297,15.44101739393118,1
1790037300.6103215,0.3268250669756764,-0.0667919999895616,22.428694288226247,15.539758408257468,1
1790037300.7108598,0.3268250669756764,-0.0667919999895616,22.574143216324657,15.486599525884635,1
1790037300.8112817,0.3268250669756764,-0.0667919999895616,22.475506297604372,15.499566967843567,1
1790037300.9067156,0.3268250669756764,-0.0667919999895616,22.510227347417853,15.578572986688368,1
1790037301.0066423,0.3268250669756764,-0.0667919999895616,22.631315186975698,15.527421857326672,1
1790037301.1079292,0.3268250669756764,-0.0667919999895616,22.49392747566025,15.49090783817086,1
1790037301.208531,0.3268250669756764,-0.0667919999895616,22.67485673526268,15.618033646438779,1
1790037301.3096168,0.3268250669756764,-0.0667919999895616,22.720768586057165,15.495182959043625,1
1790037301.406751,0.3268250669756764,-0.0667919999895616,22.704257993070062,15.64227352154829,1
1790037301.507809,0.3268250669756764,-0.0667919999895616,22.63109816118274,15.608491882288668,1
